Executable      : /home/users/felipegc/woltsoft/SIESTA/siesta-5.2.2/build/bin/siesta
Version         : 5.2.2
Architecture    : x86_64
Compiler version: GNU-9.3.0
Compiler flags  : -O3 -march=native
Parallelisations: MPI
Lua support
Native ELPA support
ELSI support. Solvers:
   ELPA (internal) 
   NTPoly
   OMM
DFT-D3 support
Wannier90 wrapper support

Runtime information:
* Directory : /home/users/felipegc/MnNiGa/optimizations_afm/top/structure_calc_12
* Running on 48 nodes in parallel.
>> Start of run:  29-JUL-2025  19:55:58

                           *********************** 
                           *  WELCOME TO SIESTA  * 
                           *********************** 

 NOTE: Siesta V5 introduces some new defaults for basis-set generation
 NOTE: which might lead to slightly different numerical results.
 NOTE: Please see the manual for full details and compatibility measures.


reinit: Reading from standard input
reinit: Dumping input in INPUT_TMP.43217
************************** Dump of input data file ****************************
SystemName          hea
SystemLabel         hea
Reparametrize.Pseudos T
Restricted.Radial.Grid F
%include atoms.fdf
MaxSCFIterations     20000
SCF.Mix              Hamiltonian
SCF.Mixer.Method     Broyden
#SCF.Mixer.Variant    original #Pulay original
SCF.Mixer.History    8
SCF.Mixer.Weight     0.07
SCF.H.Converge       False
SCF.DM.Converge      True
SCF.DM.Tolerance     5.d-4
SCF.H.Tolerance      5.d-3 eV
MeshCutoff 300.0 Ry
MD.UseSaveCG         False
DM.UseSaveDM         False
NumberOfEigenStates -20
ElectronicTemperature 300 K
WriteCoorXmol        True
XC.Functional     GGA
XC.authors        PBEsol
Spin polarized
DM.InitSpin.AF true
SolutionMethod       diagon
#Diag.Algorithm        MRRR
###################################
###################################
# Full template for Basis param.
###################################
###################################
Basis.Pressure 0.3 GPa
PAO.SoftDefault T
PAO.SoftPotential 50.0 Ry
PAO.SoftInnerRadius 0.70
PAO.BasisType split
PAO.EnergyShift 0.0019 eV
PAO.BasisSize TZP
PAO.SplitTailNorm T
            %block kgrid_Monkhorst_Pack
            3  0  0  0.
            0  6  0  0.
            0  0  2  0.
            %endblock kgrid_Monkhorst_Pack
            MD.TypeOfRun CG
            MD.Steps         500
            MD.VariableCell true
            MD.MaxForceTol 0.05 eV/Ang
            WriteMDHistory true
            WriteForces true
            Write.OrbitalIndex true
            Charge.Mulliken end
            COOP.Write true
            %block ProjectedDensityOfStates
            -20.00 20.00 0.1 1000 eV
            %endblock ProjectedDensityOfStates
************************** End of input data file *****************************

reinit: -----------------------------------------------------------------------
reinit: System Name: hea
reinit: -----------------------------------------------------------------------
reinit: System Label: hea
reinit: -----------------------------------------------------------------------

NOTE on units for spin output: 
{S} is the spin magnetic moment, in units of the Bohr magneton,
assuming a g-factor for the electron spin of exactly 2.
The spin magnetic moment is then numerically equal to the charge inbalance,
in units of electrons, between the spin-up and -down channels.


initatom: Reading input for the pseudopotentials and atomic orbitals ----------
Species number:   1 Atomic number:   31 Label: Ga
Species number:   2 Atomic number:   25 Label: Mn

Ground state valence configuration (from tables):   4s02  4p01  4d00  4f00
Ground state valence configuration (from tables):   4s02  4p00  3d05  4f00

---- Processing specs for species: Ga
Reading pseudopotential information in PSML from:
  Ga.psml
PSML file version: 1.1
Using libxc ids:  101 130
GGA--PBE XC_GGA_X_PBE--XC_GGA_C_PBE pb
PSML uuid: 206972b0-be42-11e7-579b-1282fffb1a56
Semicore shell(s) with 10 electrons included in the valence for Ga

---- Processing specs for species: Mn
Reading pseudopotential information in PSML from:
  Mn.psml
PSML file version: 1.1
Using libxc ids:  101 130
GGA--PBE XC_GGA_X_PBE--XC_GGA_C_PBE pb
PSML uuid: e5ebd880-be41-11e7-659b-074ddfc7bd15
Semicore shell(s) with  8 electrons included in the valence for Mn

---- Pseudopotential check for Ga

Pseudized shells:
4s( 2.00) rc: 1.67
4p( 1.00) rc: 1.75
3d(10.00) rc: 1.90
Valence configuration for ps generation: 3d:4s:4p: Total charge:  13.000000
Semicore shell(s): 3d
Fallback to non-perturbative polarization scheme for Ga
Please see the manual if this is not desired in principle

---- Pseudopotential check for Mn

Pseudized shells:
3s( 2.00) rc: 1.41
3p( 6.00) rc: 1.21
3d( 5.00) rc: 1.61
Valence configuration for ps generation: 3s:3p:3d:4s: Total charge:  15.000000
Semicore shell(s): 3s 3p
Fallback to non-perturbative polarization scheme for Mn
Please see the manual if this is not desired in principle
For Ga, standard SIESTA heuristics set lmxkb to 3
 (one more than the basis l, including polarization orbitals).
Use PS.lmax or PS.KBprojectors blocks to override.
For Mn, standard SIESTA heuristics set lmxkb to 3
 (one more than the basis l, including polarization orbitals).
Use PS.lmax or PS.KBprojectors blocks to override.
Ga pseudopotential only contains V_ls up to l=2 -- lmxkb reset.
Mn pseudopotential only contains V_ls up to l=2 -- lmxkb reset.

<basis_specs>
===============================================================================
Ga                   Z=  31    Mass=  69.723        Charge= 0.17977+309
Lmxo=2 Lmxkb= 2    BasisType=split      Semic=T
L=0  Nsemic=0  Cnfigmx=4
          i=1  nzeta=3  polorb=0  (4s)
            splnorm:   0.15000    
               vcte:    50.000    
               rinn:  -0.70000    
               qcoe:    0.0000    
               qyuk:    0.0000    
               qwid:   0.10000E-01
                rcs:    0.0000      0.0000      0.0000    
            lambdas:    1.0000      1.0000      1.0000    
L=1  Nsemic=0  Cnfigmx=4
          i=1  nzeta=3  polorb=0  (4p)  (to be polarized non-perturbatively)
            splnorm:   0.15000    
               vcte:    50.000    
               rinn:  -0.70000    
               qcoe:    0.0000    
               qyuk:    0.0000    
               qwid:   0.10000E-01
                rcs:    0.0000      0.0000      0.0000    
            lambdas:    1.0000      1.0000      1.0000    
L=2  Nsemic=1  Cnfigmx=4
          i=1  nzeta=1  polorb=0  (3d)  (semicore shell)
            splnorm:   0.15000    
               vcte:    50.000    
               rinn:  -0.70000    
               qcoe:    0.0000    
               qyuk:    0.0000    
               qwid:   0.10000E-01
                rcs:    0.0000    
            lambdas:    1.0000    
          i=2  nzeta=1  polorb=0  (4d)  (non-perturbative polarization shell)
            splnorm:   0.15000    
               vcte:    50.000    
               rinn:  -0.70000    
               qcoe:   0.38489-315
               qyuk:    0.0000    
               qwid:   0.69528-309
                rcs:    0.0000    
            lambdas:    1.0000    
-------------------------------------------------------------------------------
L=0  Nkbl=1  erefs: 0.17977+309
L=1  Nkbl=1  erefs: 0.17977+309
L=2  Nkbl=2  erefs: 0.17977+309 0.17977+309
===============================================================================
</basis_specs>

Using PAO.SplitTailNorm
atom: Called for Ga                    (Z =  31)
Maximum radius (at nrval) set to   50.00000 8518

read_vps: Pseudopotential generation method:
read_vps: ONCVPSP-3.Hamann's oncvpsp                        
Valence charge in pseudo generation:   13.00000

read_vps: Pseudopotential includes a core correction:
read_vps: Pseudo-core for xc-correction

xc_check: Exchange-correlation functional:
xc_check: GGA PBEsol
xc_check: WARNING: Pseudopotential generated with GGA PBE functional
Got Vlocal (oncv-fit) from psml data
Choosing vlocal chloc cutoff:  4.295227
qtot up to nchloc:   13.00023270
atom: Maximum radius for chlocal:    4.29523
atom: Maximum radius for r*vlocal+2*Zval:    4.29523
Reading KB projs from Ga psml data
Using scalar-relativistic projectors in PSML file

PSML: Kleinman-Bylander projectors: 
   l= 0   rc=  1.688643   Ekb= 14.059564
   l= 0   rc=  1.688643   Ekb=  2.289351
   l= 1   rc=  1.772167   Ekb= 13.610457
   l= 1   rc=  1.772167   Ekb=  2.576326
   l= 2   rc=  1.926399   Ekb=-16.756509
   l= 2   rc=  1.926399   Ekb= -5.641527

PSML: Total number of  Kleinman-Bylander projectors:  18
atom: -------------------------------------------------------------------------

atom: SANKEY-TYPE ORBITALS:
atom: Selected multiple-zeta basis: split     

SPLIT: Orbitals with angular momentum L= 0

SPLIT: Basis orbitals for state 4s

SPLIT: PAO cut-off radius determined from an
SPLIT: energy shift=  0.000140 Ry
Split based on tail norm

   izeta = 1
                 lambda =    1.000000
                     rc =    8.573397
                 energy =   -0.660225
                kinetic =    0.501561
    potential(screened) =   -1.161786
       potential(ionic) =  -12.246649

   izeta = 2
                 rmatch =    4.547753
              splitnorm =    0.150000
                 energy =   -0.462291
                kinetic =    0.981430
    potential(screened) =   -1.443721
       potential(ionic) =  -13.770808

   izeta = 3
                 rmatch =    5.338573
              splitnorm =    0.075000
                 energy =   -0.599358
                kinetic =    0.744548
    potential(screened) =   -1.343906
       potential(ionic) =  -13.255962

SPLIT: Orbitals with angular momentum L= 1

SPLIT: Basis orbitals for state 4p

SPLIT: PAO cut-off radius determined from an
SPLIT: energy shift=  0.000140 Ry
Split based on tail norm

   izeta = 1
                 lambda =    1.000000
                     rc =   12.949509
                 energy =   -0.190428
                kinetic =    0.541974
    potential(screened) =   -0.732402
       potential(ionic) =   -9.174065

   izeta = 2
                 rmatch =    6.968471
              splitnorm =    0.150000
                 energy =   -0.153132
                kinetic =    0.764207
    potential(screened) =   -0.917338
       potential(ionic) =  -10.565779

   izeta = 3
                 rmatch =    8.212134
              splitnorm =    0.075000
                 energy =   -0.175794
                kinetic =    0.665884
    potential(screened) =   -0.841678
       potential(ionic) =  -10.014829

SPLIT: Orbitals with angular momentum L= 2

SPLIT: Basis orbitals for state 3d

SPLIT: PAO cut-off radius determined from an
SPLIT: energy shift=  0.000140 Ry
Split based on tail norm

   izeta = 1
                 lambda =    1.000000
                     rc =    4.873342
                 energy =   -1.390864
                kinetic =   12.335179
    potential(screened) =  -13.726043
       potential(ionic) =  -32.471836

SPLIT: Basis orbitals for state 4d
SPLIT: Non-perturbative polarization orbs for state 4p
SPLIT: rc(1st zeta) (re)set to: 12.9495 (expansion factor: 1.0000)
Split based on tail norm

   izeta = 1
                 lambda =    1.000000
                     rc =   12.949509
                 energy =    0.135451
                kinetic =    0.341434
    potential(screened) =   -0.205982
       potential(ionic) =   -4.584821
atom: Total number of Sankey-type orbitals: 22

atm_pop: Valence configuration (for local Pseudopot. screening):
 4s( 2.00)                                                            
 4p( 1.00)                                                            
 3d(10.00) 4d( 0.00)                                                  
Vna: chval, zval:   13.00000  13.00000

Vna:  Cut-off radius for the neutral-atom potential:  12.949509
comcore: Pseudo-core radius Rcore=  2.359857

atom: _________________________________________________________________________

<basis_specs>
===============================================================================
Mn                   Z=  25    Mass=  54.938        Charge= 0.17977+309
Lmxo=2 Lmxkb= 2    BasisType=split      Semic=T
L=0  Nsemic=1  Cnfigmx=4
          i=1  nzeta=1  polorb=0  (3s)  (semicore shell)
            splnorm:   0.15000    
               vcte:    50.000    
               rinn:  -0.70000    
               qcoe:    0.0000    
               qyuk:    0.0000    
               qwid:   0.10000E-01
                rcs:    0.0000    
            lambdas:    1.0000    
          i=2  nzeta=3  polorb=0  (4s)  (to be polarized non-perturbatively)
            splnorm:   0.15000    
               vcte:    50.000    
               rinn:  -0.70000    
               qcoe:    0.0000    
               qyuk:    0.0000    
               qwid:   0.10000E-01
                rcs:    0.0000      0.0000      0.0000    
            lambdas:    1.0000      1.0000      1.0000    
L=1  Nsemic=1  Cnfigmx=4
          i=1  nzeta=1  polorb=0  (3p)  (semicore shell)
            splnorm:   0.15000    
               vcte:    50.000    
               rinn:  -0.70000    
               qcoe:    0.0000    
               qyuk:    0.0000    
               qwid:   0.10000E-01
                rcs:    0.0000    
            lambdas:    1.0000    
          i=2  nzeta=1  polorb=0  (4p)  (non-perturbative polarization shell)
            splnorm:   0.15000    
               vcte:    50.000    
               rinn:  -0.70000    
               qcoe:   0.38489-315
               qyuk:    0.0000    
               qwid:   0.69528-309
                rcs:    0.0000    
            lambdas:    1.0000    
L=2  Nsemic=0  Cnfigmx=3
          i=1  nzeta=3  polorb=0  (3d)
            splnorm:   0.15000    
               vcte:    50.000    
               rinn:  -0.70000    
               qcoe:    0.0000    
               qyuk:    0.0000    
               qwid:   0.10000E-01
                rcs:    0.0000      0.0000      0.0000    
            lambdas:    1.0000      1.0000      1.0000    
-------------------------------------------------------------------------------
L=0  Nkbl=2  erefs: 0.17977+309 0.17977+309
L=1  Nkbl=2  erefs: 0.17977+309 0.17977+309
L=2  Nkbl=1  erefs: 0.17977+309
===============================================================================
</basis_specs>

Using PAO.SplitTailNorm
atom: Called for Mn                    (Z =  25)
Maximum radius (at nrval) set to   50.00000 8518

read_vps: Pseudopotential generation method:
read_vps: ONCVPSP-3.Hamann's oncvpsp                        
Valence charge in pseudo generation:   15.00000

read_vps: Pseudopotential includes a core correction:
read_vps: Pseudo-core for xc-correction

xc_check: Exchange-correlation functional:
xc_check: GGA PBEsol
xc_check: WARNING: Pseudopotential generated with GGA PBE functional
Got Vlocal (oncv-fit) from psml data
Choosing vlocal chloc cutoff:  3.504263
qtot up to nchloc:   15.00032895
atom: Maximum radius for chlocal:    3.50426
atom: Maximum radius for r*vlocal+2*Zval:    3.50426
Reading KB projs from Mn psml data
Using scalar-relativistic projectors in PSML file

PSML: Kleinman-Bylander projectors: 
   l= 0   rc=  1.427391   Ekb= 18.471374
   l= 0   rc=  1.430269   Ekb=  3.121111
   l= 1   rc=  1.224702   Ekb=  3.156115
   l= 1   rc=  1.224702   Ekb= -1.424352
   l= 2   rc=  1.630219   Ekb=-13.224142
   l= 2   rc=  1.630219   Ekb= -4.330632

PSML: Total number of  Kleinman-Bylander projectors:  18
atom: -------------------------------------------------------------------------

atom: SANKEY-TYPE ORBITALS:
atom: Selected multiple-zeta basis: split     

SPLIT: Orbitals with angular momentum L= 0

SPLIT: Basis orbitals for state 3s

SPLIT: PAO cut-off radius determined from an
SPLIT: energy shift=  0.000140 Ry
Split based on tail norm

   izeta = 1
                 lambda =    1.000000
                     rc =    3.380000
                 energy =   -6.293298
                kinetic =    2.848567
    potential(screened) =   -9.141865
       potential(ionic) =  -33.519753

SPLIT: Basis orbitals for state 4s

SPLIT: PAO cut-off radius determined from an
SPLIT: energy shift=  0.000140 Ry
Split based on tail norm

   izeta = 1
                 lambda =    1.000000
                     rc =   10.002455
                 energy =   -0.450676
                kinetic =    1.112603
    potential(screened) =   -1.563278
       potential(ionic) =  -13.199632

   izeta = 2
                 rmatch =    5.430276
              splitnorm =    0.150000
                 energy =   -0.360834
                kinetic =    1.875764
    potential(screened) =   -2.236598
       potential(ionic) =  -15.982656

   izeta = 3
                 rmatch =    6.342382
              splitnorm =    0.075000
                 energy =   -0.415048
                kinetic =    1.529261
    potential(screened) =   -1.944310
       potential(ionic) =  -14.865309

SPLIT: Orbitals with angular momentum L= 1

SPLIT: Basis orbitals for state 3p

SPLIT: PAO cut-off radius determined from an
SPLIT: energy shift=  0.000140 Ry
Split based on tail norm

   izeta = 1
                 lambda =    1.000000
                     rc =    3.873861
                 energy =   -3.996757
                kinetic =    6.976018
    potential(screened) =  -10.972775
       potential(ionic) =  -34.563053

SPLIT: Basis orbitals for state 4p
SPLIT: Non-perturbative polarization orbs for state 4s
SPLIT: rc(1st zeta) (re)set to: 10.0025 (expansion factor: 1.0000)
Split based on tail norm

   izeta = 1
                 lambda =    1.000000
                     rc =   10.002455
                 energy =   -0.085879
                kinetic =    0.770317
    potential(screened) =   -0.856196
       potential(ionic) =   -9.409918

SPLIT: Orbitals with angular momentum L= 2

SPLIT: Basis orbitals for state 3d

SPLIT: PAO cut-off radius determined from an
SPLIT: energy shift=  0.000140 Ry
Split based on tail norm

   izeta = 1
                 lambda =    1.000000
                     rc =    7.238756
                 energy =   -0.490123
                kinetic =    9.261574
    potential(screened) =   -9.751697
       potential(ionic) =  -30.334327

   izeta = 2
                 rmatch =    3.144499
              splitnorm =    0.150000
                 energy =   -0.401801
                kinetic =   11.021778
    potential(screened) =  -11.423579
       potential(ionic) =  -33.555539

   izeta = 3
                 rmatch =    3.972182
              splitnorm =    0.075000
                 energy =   -0.464167
                kinetic =   10.072383
    potential(screened) =  -10.536551
       potential(ionic) =  -31.940836
atom: Total number of Sankey-type orbitals: 25

atm_pop: Valence configuration (for local Pseudopot. screening):
 3s( 2.00) 4s( 2.00)                                                  
 3p( 6.00) 4p( 0.00)                                                  
 3d( 5.00)                                                            
Vna: chval, zval:   15.00000  15.00000

Vna:  Cut-off radius for the neutral-atom potential:  10.002455
comcore: Pseudo-core radius Rcore=  2.115123

atom: _________________________________________________________________________

prinput: Basis input 

PAO.BasisType split     

%block ChemicalSpeciesLabel
    1   31 Ga                      # Species index, atomic number, species label
    2   25 Mn                      # Species index, atomic number, species label
%endblock ChemicalSpeciesLabel

%block PAO.Basis                 # Define Basis set
# WARNING: This information might be incomplete!
Ga                    4                    # Species label, number of l-shells
 n=4   0   3                         # n, l, Nzeta 
   8.573      4.548      5.339   
   1.000      1.000      1.000   
 n=4   1   3                         # n, l, Nzeta 
  12.950      6.968      8.212   
   1.000      1.000      1.000   
 n=3   2   1                         # n, l, Nzeta 
   4.873   
   1.000   
 n=4   2   1                         # n, l, Nzeta 
  12.950   
   1.000   
Mn                    5                    # Species label, number of l-shells
 n=3   0   1                         # n, l, Nzeta 
   3.380   
   1.000   
 n=4   0   3                         # n, l, Nzeta 
  10.002      5.430      6.342   
   1.000      1.000      1.000   
 n=3   1   1                         # n, l, Nzeta 
   3.874   
   1.000   
 n=4   1   1                         # n, l, Nzeta 
  10.002   
   1.000   
 n=3   2   3                         # n, l, Nzeta 
   7.239      3.144      3.972   
   1.000      1.000      1.000   
%endblock PAO.Basis

prinput: ----------------------------------------------------------------------

coor:   Atomic-coordinates input format  =     Fractional

siesta: Atomic coordinates (Bohr) and species
siesta:      7.05534   2.35178   3.32592  1        1
siesta:      0.00000   0.00000   6.65184  1        2
siesta:      4.70356   0.00000   6.65184  1        3
siesta:      2.35178   2.35178   9.97775  1        4
siesta:      0.00000   0.00000   0.00000  2        5
siesta:      4.70356   0.00000   0.00000  2        6
siesta:      2.35178   2.35178   3.32592  2        7
siesta:      7.05534   2.35178   9.97775  2        8

siesta: System type = bulk      

initatomlists: Number of atoms, orbitals, and projectors:      8   188   144

coxmol: Writing XMOL coordinates into file hea.xyz                                                                                                                                                                                                                             

siesta: ******************** Simulation parameters ****************************
siesta:
siesta: The following are some of the parameters of the simulation.
siesta: A complete list of the parameters used, including default values,
siesta: can be found in file out.fdf
siesta:
redata: Spin configuration                          = collinear
redata: Number of spin components                   = 2
redata: Time-Reversal Symmetry                      = T
redata: Spin spiral                                 = F
redata: Long output                                 =   F
redata: Number of Atomic Species                    =        2
redata: Charge density info will appear in .RHO file
redata: Write Mulliken charges (when)               = end
redata: Write Mulliken Pop.                         = Atomic and Orbital charges
redata: Write Hirshfeld charges (when)              = none
redata: Write Voronoi charges (when)                = none
redata: Write spin charge (when)                    = scf
redata: Matel table size (NRTAB)                    =     1024
redata: Mesh Cutoff                                 =   300.0000 Ry
redata: Net charge of the system                    =     0.0000 |e|
redata: Min. number of SCF Iter                     =        0
redata: Max. number of SCF Iter                     =    20000
redata: SCF convergence failure will abort job
redata: SCF mix quantity                            = Hamiltonian
redata: Mix DM or H after convergence               =   F
redata: Recompute H after scf cycle                 =   F
redata: Mix DM in first SCF step                    =   T
redata: Write Pulay info on disk                    =   F
redata: New DM Occupancy tolerance                  = 0.000000000001
redata: No kicks to SCF
redata: DM Mixing Weight for Kicks                  =     0.5000
redata: Require Harris convergence for SCF          =   F
redata: Harris energy tolerance for SCF             =     0.000100 eV
redata: Require DM convergence for SCF              =   T
redata: DM tolerance for SCF                        =     0.000500
redata: Require EDM convergence for SCF             =   F
redata: EDM tolerance for SCF                       =     0.001000 eV
redata: Require H convergence for SCF               =   F
redata: Hamiltonian tolerance for SCF               =     0.005000 eV
redata: Require (free) Energy convergence for SCF   =   F
redata: (free) Energy tolerance for SCF             =     0.000100 eV
redata: Antiferro initial spin density              =   T
redata: Using DFT-D3 dispersion                     =   F
redata: Using Saved Data (generic)                  =   F
redata: Use continuation files for DM               =   F
redata: Neglect nonoverlap interactions             =   F
redata: Method of Calculation                       = Diagonalization
redata: Electronic Temperature                      =   300.0000 K
redata: Fix the spin of the system                  =   F
redata: Max. number of TDED Iter                    =        1
redata: Number of TDED substeps                     =        3
redata: Dynamics option                             = CG coord. optimization
redata: Variable cell                               =   T
redata: Use continuation files for CG               =   F
redata: Max atomic displ per move                   =     0.1058 Ang
redata: Maximum number of optimization moves        =      500
redata: Force tolerance                             =     0.0500 eV/Ang
redata: Stress tolerance                            =     1.0000 GPa
mix.SCF: Broyden mixing                          = Broyden
mix.SCF:    History steps                        = 8
mix.SCF:    Linear mixing weight                 =     0.070000
mix.SCF:    Inverse Jacobian weight              =     0.070000
mix.SCF:    Weight prime                         =     0.070000
mix.SCF:    SVD condition                        = 0.1000E-07
mix.SCF: Spin-component mixing                   all
redata: ***********************************************************************

%block SCF.Mixers
  Broyden
%endblock SCF.Mixers

%block SCF.Mixer.Broyden
  # Mixing method
  method broyden

  # Mixing options
  weight 0.0700
  weight.linear 0.0700
  weight.prime 0.0700
  history 8
%endblock SCF.Mixer.Broyden

DM_history_depth set to one: no extrapolation allowed by default for geometry relaxation
Size of DM history Fstack: 1
Total number of electrons:   112.000000
Total ionic charge:   112.000000

* ProcessorY, Blocksize:    4   3


* Orbital distribution balance (max,min):     6     3

k-point displ. along   2 input, could be:     0.00    0.50
k-point displ. along   3 input, could be:     0.00    0.50
 Kpoints in:           24 . Kpoints trimmed:           23

siesta: k-grid: Number of k-points = 23
siesta: k-points from Monkhorst-Pack grid
siesta: k-cutoff (effective) =     7.040 Ang
siesta: k-point supercell and displacements
siesta: k-grid:     3     0     0      0.000
siesta: k-grid:     0     6     0      0.000
siesta: k-grid:     0     0     2      0.000
k-point displ. along   2 input, could be:     0.00    0.50
k-point displ. along   3 input, could be:     0.00    0.50
 Kpoints in:           24 . Kpoints trimmed:           23

siesta: PDOS k-grid: Number of k-points = 23
siesta: PDOS k-points from Monkhorst-Pack grid
siesta: PDOS k-cutoff (effective) =     0.000 Ang
siesta: PDOS k-point supercell and displacements
siesta: k-grid:     3     0     0      0.000
siesta: k-grid:     0     6     0      0.000
siesta: k-grid:     0     0     2      0.000

diag: Algorithm                                     = D&C
diag: Parallel over k                               =   F
diag: Use parallel 2D distribution                  =   T
diag: Parallel block-size                           = 3
diag: Parallel distribution                         =     6 x     8
diag: Used triangular part                          = Lower
diag: Absolute tolerance                            =  0.100E-15
diag: Orthogonalization factor                      =  0.100E-05
diag: Memory factor                                 =  1.0000
diag: The diagonalization method chosen cannot compute a reduced number of eigenvectors.
diag: Resetting neigwanted 78 to 188

superc: Internal auxiliary supercell:     7 x    13 x     5  =     455
superc: Number of atoms, orbitals, and projectors:   3640  85540  65520


ts: **************************************************************
ts: Save H and S matrices                           =    F
ts: Save DM and EDM matrices                        =    F
ts: Only save the overlap matrix S                  =    F
ts: **************************************************************

************************ Begin: TS CHECKS AND WARNINGS ************************
************************ End: TS CHECKS AND WARNINGS **************************


                     ====================================
                        Begin CG opt. move =      0
                     ====================================

superc: Internal auxiliary supercell:     7 x    13 x     5  =     455
superc: Number of atoms, orbitals, and projectors:   3640  85540  65520

outcell: Unit cell vectors (Ang):
        4.978032    0.000000    0.000000
        0.000000    2.489016    0.000000
        0.000000    0.000000    7.040000

outcell: Cell vector modules (Ang)   :    4.978032    2.489016    7.040000
outcell: Cell angles (23,13,12) (deg):     90.0000     90.0000     90.0000
outcell: Cell volume (Ang**3)        :     87.2284
<dSpData1D:S at geom step 0
  <sparsity:sparsity for geom step 0
    nrows_g=188 nrows=6 sparsity=1.0957 nnzs=38725, refcount: 7>
  <dData1D:(new from dSpData1D) n=38725, refcount: 1>
refcount: 1>
new_DM -- step:     1
Initializing Density Matrix...
DM filled with atomic data:
<dSpData2D:DM initialized from atoms
  <sparsity:sparsity for geom step 0
    nrows_g=188 nrows=6 sparsity=1.0957 nnzs=38725, refcount: 8>
  <dData2D:DM n=38725 m=2, refcount: 1>
refcount: 1>
No. of atoms with KB's overlaping orbs in proc 0. Max # of overlaps:      96    1452

InitMesh: MESH = 54 x 30 x 80 = 129600
InitMesh: Mesh cutoff (required, used) =   300.000   325.218 Ry
New grid distribution [1]: sub = 2
New grid distribution [2]: sub = 2
New grid distribution [3]: sub = 2
Setting up quadratic distribution...

stepf: Fermi-Dirac step function

siesta: Program's energy decomposition (eV):
siesta: Ebs     =     -3464.161123
siesta: Eions   =     25058.181730
siesta: Ena     =      1930.023879
siesta: Ekin    =     11929.118551
siesta: Enl     =     -4835.422414
siesta: Eso     =         0.000000
siesta: Edftu   =         0.000000
siesta: DEna    =       133.139543
siesta: DUscf   =         3.836893
siesta: DUext   =         0.000000
siesta: Ex      =     -3983.587080
siesta: Ec      =      -247.949734
siesta: Exc     =     -4231.536814
siesta: EbV     =         0.000000
siesta: eta*DQ  =         0.000000
siesta: Emadel  =         0.000000
siesta: Emeta   =         0.000000
siesta: Emolmec =         0.000000
siesta: Ekinion =         0.000000
siesta: Eharris =    -20024.627966
siesta: Etot    =    -20129.022092
siesta: FreeEng =    -20129.028106

        iscf     Eharris(eV)        E_KS(eV)     FreeEng(eV)     dDmax    Ef(eV) dHmax(eV)
   scf:    1   -20024.627966   -20129.022092   -20129.028106 11.194709 -6.426961  7.210522
     spin moment: {S} , |S| = {        0.0        0.0    0.00000 }     0.00000
timer: Routine,Calls,Time,% = IterSCF        1       8.330  25.04
   scf:    2   -20130.585786   -20130.112431   -20130.119761  0.768200 -6.567549  3.210787
     spin moment: {S} , |S| = {        0.0        0.0    0.00000 }     0.00000
   scf:    3   -20130.749318   -20130.439415   -20130.447204  0.432938 -6.638305  2.639066
     spin moment: {S} , |S| = {        0.0        0.0    0.00000 }     0.00000
   scf:    4   -20131.952116   -20131.293643   -20131.302255  1.349907 -6.912153  1.364189
     spin moment: {S} , |S| = {        0.0        0.0    0.00000 }     0.00000
   scf:    5   -20132.134971   -20131.727232   -20131.734050  0.593216 -7.008086  0.673465
     spin moment: {S} , |S| = {        0.0        0.0    0.00000 }     0.00000
   scf:    6   -20132.138620   -20131.978001   -20131.989814  0.692414 -7.277474  1.776451
     spin moment: {S} , |S| = {        0.0        0.0   -0.00000 }    -0.00000
   scf:    7   -20132.376801   -20132.216666   -20132.229827  0.183074 -7.205345  0.801196
     spin moment: {S} , |S| = {        0.0        0.0    0.00000 }     0.00000
   scf:    8   -20126.676155   -20130.320623   -20130.337345  0.493870 -7.515844  7.387537
     spin moment: {S} , |S| = {        0.0        0.0   -0.00000 }    -0.00000
   scf:    9   -20132.991439   -20132.484511   -20132.502618  0.386078 -7.317324  0.973655
     spin moment: {S} , |S| = {        0.0        0.0    0.00000 }     0.00000
   scf:   10   -20132.555344   -20132.536788   -20132.557503  0.098345 -7.281879  0.694595
     spin moment: {S} , |S| = {        0.0        0.0    0.00000 }     0.00000
   scf:   11   -20132.607473   -20132.570681   -20132.593223  0.059147 -7.290655  0.462656
     spin moment: {S} , |S| = {        0.0        0.0    0.00000 }     0.00000
   scf:   12   -20132.560903   -20132.576694   -20132.600189  0.127156 -7.240275  0.429951
     spin moment: {S} , |S| = {        0.0        0.0    0.00001 }     0.00001
   scf:   13   -20132.656689   -20132.603308   -20132.624459  0.204496 -7.257267  0.812867
     spin moment: {S} , |S| = {        0.0        0.0   -0.00002 }    -0.00002
   scf:   14   -20132.660623   -20132.635980   -20132.656809  0.026874 -7.259430  0.477298
     spin moment: {S} , |S| = {        0.0        0.0    0.00004 }     0.00004
   scf:   15   -20132.672507   -20132.654559   -20132.674821  0.059878 -7.274747  0.101005
     spin moment: {S} , |S| = {        0.0        0.0   -0.00011 }    -0.00011
   scf:   16   -20132.656520   -20132.655604   -20132.675782  0.006474 -7.276279  0.058896
     spin moment: {S} , |S| = {        0.0        0.0    0.00007 }     0.00007
   scf:   17   -20132.657575   -20132.656575   -20132.676521  0.005985 -7.275816  0.066663
     spin moment: {S} , |S| = {        0.0        0.0   -0.00002 }    -0.00002
   scf:   18   -20132.665563   -20132.660294   -20132.679514  0.025450 -7.277787  0.037395
     spin moment: {S} , |S| = {        0.0        0.0   -0.00005 }    -0.00005
   scf:   19   -20132.661494   -20132.660837   -20132.679970  0.005794 -7.279562  0.038999
     spin moment: {S} , |S| = {        0.0        0.0    0.00000 }     0.00000
   scf:   20   -20132.662859   -20132.661867   -20132.680677  0.007438 -7.279634  0.056996
     spin moment: {S} , |S| = {        0.0        0.0   -0.00005 }    -0.00005
   scf:   21   -20132.663920   -20132.662814   -20132.681494  0.011136 -7.282462  0.028068
     spin moment: {S} , |S| = {        0.0        0.0    0.00004 }     0.00004
   scf:   22   -20132.663388   -20132.663093   -20132.681706  0.002383 -7.282738  0.024551
     spin moment: {S} , |S| = {        0.0        0.0    0.00003 }     0.00003
   scf:   23   -20132.664579   -20132.663779   -20132.682237  0.007055 -7.283286  0.021976
     spin moment: {S} , |S| = {        0.0        0.0    0.00001 }     0.00001
   scf:   24   -20132.664863   -20132.664285   -20132.682604  0.005695 -7.283286  0.017927
     spin moment: {S} , |S| = {        0.0        0.0   -0.00001 }    -0.00001
   scf:   25   -20132.669323   -20132.666115   -20132.683908  0.028184 -7.284523  0.015280
     spin moment: {S} , |S| = {        0.0        0.0    0.00000 }     0.00000
   scf:   26   -20132.667683   -20132.666758   -20132.684321  0.012759 -7.284846  0.015212
     spin moment: {S} , |S| = {        0.0        0.0    0.00002 }     0.00002
   scf:   27   -20132.668767   -20132.667479   -20132.684728  0.017967 -7.285200  0.010461
     spin moment: {S} , |S| = {        0.0        0.0   -0.00002 }    -0.00002
   scf:   28   -20132.668012   -20132.667708   -20132.684831  0.006610 -7.285412  0.008321
     spin moment: {S} , |S| = {        0.0        0.0    0.00002 }     0.00002
   scf:   29   -20132.668958   -20132.668154   -20132.684990  0.014826 -7.285399  0.006180
     spin moment: {S} , |S| = {        0.0        0.0   -0.00000 }    -0.00000
   scf:   30   -20132.668702   -20132.668369   -20132.685029  0.008607 -7.285426  0.003940
     spin moment: {S} , |S| = {        0.0        0.0    0.00001 }     0.00001
   scf:   31   -20132.668426   -20132.668397   -20132.685033  0.001211 -7.285392  0.002895
     spin moment: {S} , |S| = {        0.0        0.0    0.00001 }     0.00001
   scf:   32   -20132.668401   -20132.668399   -20132.685036  0.000476 -7.285363  0.002881
     spin moment: {S} , |S| = {        0.0        0.0    0.00001 }     0.00001

SCF Convergence by DM criterion
max |DM_out - DM_in|         :     0.0004764336
max |H_out - H_in|      (eV) :     0.0028813218
SCF cycle converged after 32 iterations

Using DM_out to compute the final energy and forces
No. of atoms with KB's overlaping orbs in proc 0. Max # of overlaps:      96    1452

siesta: E_KS(eV) =           -20132.6684

siesta: E_KS - E_eggbox =    -20132.6684

siesta: Atomic forces (eV/Ang):
     1    0.064552   -0.000000   -2.585889
     2    0.005189    0.000000   -0.022347
     3    0.005211   -0.000000    0.022315
     4    0.064548   -0.000000    2.585896
     5   -0.022028    0.000000    0.026252
     6   -0.022029   -0.000000   -0.026217
     7   -0.047774    0.000000   -0.781425
     8   -0.047763   -0.000000    0.781414
----------------------------------------
   Tot   -0.000094   -0.000000   -0.000000
----------------------------------------
   Max    2.585896
   Res    0.780257    sqrt( Sum f_i^2 / 3N )
----------------------------------------
   Max    2.585896    constrained

Stress tensor Voigt[x,y,z,yz,xz,xy] (kbar):     -314.30     -433.63     -372.86       -0.00        0.00        0.00
(Free)E + p*V (eV/cell)   -20112.3451
Target enthalpy (eV/cell)   -20132.6850

siesta: Stress tensor (static) (eV/Ang**3):
        -0.196170   -0.000000   -0.000000
         0.000000   -0.270651   -0.000000
         0.000000   -0.000000   -0.232719

siesta: Pressure (static):        373.59550586  kBar

siesta: Stress tensor (total) (eV/Ang**3):
        -0.196170   -0.000000   -0.000000
         0.000000   -0.270651   -0.000000
         0.000000   -0.000000   -0.232719

siesta: Pressure (total):        373.59550586  kBar

cgvc: No target stress found, assuming hydrostatic MD.TargetPressure.

cgvc: Target stress (kBar)
cgvc:        -0.000       0.000       0.000
cgvc:         0.000      -0.000       0.000
cgvc:         0.000       0.000      -0.000

                     ====================================
                        Begin CG opt. move =      1
                     ====================================
k-point displ. along   2 input, could be:     0.00    0.50
k-point displ. along   3 input, could be:     0.00    0.50
 Kpoints in:           24 . Kpoints trimmed:           23

siesta: k-grid: Number of k-points = 23
siesta: k-points from Monkhorst-Pack grid
siesta: k-cutoff (effective) =     7.115 Ang
siesta: k-point supercell and displacements
siesta: k-grid:     3     0     0      0.000
siesta: k-grid:     0     6     0      0.000
siesta: k-grid:     0     0     2      0.000

superc: Internal auxiliary supercell:     7 x    13 x     5  =     455
superc: Number of atoms, orbitals, and projectors:   3640  85540  65520

outcell: Unit cell vectors (Ang):
        5.022725   -0.000000    0.000000
       -0.000000    2.519847    0.000000
        0.000000    0.000000    7.114982

outcell: Cell vector modules (Ang)   :    5.022725    2.519847    7.114982
outcell: Cell angles (23,13,12) (deg):     90.0000     90.0000     90.0000
outcell: Cell volume (Ang**3)        :     90.0508
<dSpData1D:S at geom step 1
  <sparsity:sparsity for geom step 1
    nrows_g=188 nrows=6 sparsity=1.0915 nnzs=38577, refcount: 7>
  <dData1D:(new from dSpData1D) n=38577, refcount: 1>
refcount: 1>
new_DM -- step:     2
Re-using DM from previous geometries...
Number of DMs in history: 1
 DM extrapolation coefficients: 
1   1.00000
New DM after history re-use:
<dSpData2D:SpM extrapolated using coords
  <sparsity:sparsity for geom step 1
    nrows_g=188 nrows=6 sparsity=1.0915 nnzs=38577, refcount: 9>
  <dData2D:(temp array for extrapolation) n=38577 m=2, refcount: 1>
refcount: 1>
Note: For starting DM, Qtot, Tr[D*S] =        112.00000000        112.18638536
No. of atoms with KB's overlaping orbs in proc 0. Max # of overlaps:      96    1372

InitMesh: MESH = 54 x 30 x 80 = 129600
InitMesh: Mesh cutoff (required, used) =   300.000   319.456 Ry
New grid distribution [1]: sub = 2
New grid distribution [2]: sub = 2
New grid distribution [3]: sub = 2
Setting up quadratic distribution...

        iscf     Eharris(eV)        E_KS(eV)     FreeEng(eV)     dDmax    Ef(eV) dHmax(eV)
   scf:    1   -20130.310750   -20130.681478   -20130.703652  1.351757 -7.321402  7.575586
     spin moment: {S} , |S| = {        0.0        0.0    0.00000 }     0.00000
   scf:    2   -17849.826138   -19389.106813   -19389.118508 10.189539 -5.475472116.950396
     spin moment: {S} , |S| = {        0.0        0.0    0.00020 }     0.00020
   scf:    3   -20209.308056   -20132.603668   -20132.623004  9.918863 -7.212773  3.242186
     spin moment: {S} , |S| = {        0.0        0.0    0.00003 }     0.00003
   scf:    4   -20131.719747   -20132.183037   -20132.202579  0.021745 -7.213118  4.063240
     spin moment: {S} , |S| = {        0.0        0.0    0.00004 }     0.00004
   scf:    5   -20133.405951   -20133.411256   -20133.430016  0.117198 -7.195422  0.286332
     spin moment: {S} , |S| = {        0.0        0.0    0.00004 }     0.00004
   scf:    6   -20133.406124   -20133.410083   -20133.428683  0.045181 -7.183839  0.268404
     spin moment: {S} , |S| = {        0.0        0.0   -0.00013 }    -0.00013
   scf:    7   -20133.405083   -20133.408364   -20133.426808  0.074915 -7.169721  0.402294
     spin moment: {S} , |S| = {        0.0        0.0    0.00015 }     0.00015
   scf:    8   -20133.420104   -20133.417327   -20133.435967  0.031180 -7.178809  0.125276
     spin moment: {S} , |S| = {        0.0        0.0    0.00001 }     0.00001
   scf:    9   -20133.419036   -20133.418220   -20133.436842  0.018021 -7.176424  0.072019
     spin moment: {S} , |S| = {        0.0        0.0   -0.00002 }    -0.00002
   scf:   10   -20133.417555   -20133.418349   -20133.436920  0.013592 -7.173139  0.090726
     spin moment: {S} , |S| = {        0.0        0.0    0.00002 }     0.00002
   scf:   11   -20133.418724   -20133.418656   -20133.437225  0.001668 -7.173008  0.031654
     spin moment: {S} , |S| = {        0.0        0.0   -0.00000 }    -0.00000
   scf:   12   -20133.419433   -20133.419023   -20133.437627  0.006677 -7.174095  0.017113
     spin moment: {S} , |S| = {        0.0        0.0    0.00000 }     0.00000
   scf:   13   -20133.419356   -20133.419180   -20133.437788  0.003232 -7.173805  0.016582
     spin moment: {S} , |S| = {        0.0        0.0    0.00000 }     0.00000
   scf:   14   -20133.420486   -20133.419686   -20133.438330  0.012594 -7.172702  0.014037
     spin moment: {S} , |S| = {        0.0        0.0    0.00001 }     0.00001
   scf:   15   -20133.421297   -20133.420169   -20133.438858  0.018804 -7.170811  0.011480
     spin moment: {S} , |S| = {        0.0        0.0    0.00001 }     0.00001
   scf:   16   -20133.420273   -20133.420214   -20133.438911  0.002887 -7.170491  0.009555
     spin moment: {S} , |S| = {        0.0        0.0   -0.00001 }    -0.00001
   scf:   17   -20133.420281   -20133.420244   -20133.438951  0.002055 -7.170246  0.007598
     spin moment: {S} , |S| = {        0.0        0.0    0.00001 }     0.00001
   scf:   18   -20133.420432   -20133.420306   -20133.439053  0.005635 -7.169664  0.005052
     spin moment: {S} , |S| = {        0.0        0.0   -0.00000 }    -0.00000
   scf:   19   -20133.420353   -20133.420322   -20133.439091  0.002730 -7.169468  0.004222
     spin moment: {S} , |S| = {        0.0        0.0   -0.00000 }    -0.00000
   scf:   20   -20133.420325   -20133.420322   -20133.439108  0.000939 -7.169419  0.004024
     spin moment: {S} , |S| = {        0.0        0.0   -0.00000 }    -0.00000
   scf:   21   -20133.420320   -20133.420314   -20133.439147  0.002016 -7.169380  0.003590
     spin moment: {S} , |S| = {        0.0        0.0    0.00000 }     0.00000
   scf:   22   -20133.420304   -20133.420295   -20133.439189  0.003452 -7.169246  0.003212
     spin moment: {S} , |S| = {        0.0        0.0    0.00000 }     0.00000
   scf:   23   -20133.420244   -20133.420254   -20133.439224  0.003213 -7.169130  0.002330
     spin moment: {S} , |S| = {        0.0        0.0    0.00000 }     0.00000
   scf:   24   -20133.420193   -20133.420219   -20133.439238  0.001660 -7.169107  0.002162
     spin moment: {S} , |S| = {        0.0        0.0    0.00000 }     0.00000
   scf:   25   -20133.420182   -20133.420200   -20133.439242  0.000618 -7.169161  0.002127
     spin moment: {S} , |S| = {        0.0        0.0   -0.00000 }    -0.00000
   scf:   26   -20133.420179   -20133.420189   -20133.439243  0.000322 -7.169200  0.002407
     spin moment: {S} , |S| = {        0.0        0.0   -0.00000 }    -0.00000

SCF Convergence by DM criterion
max |DM_out - DM_in|         :     0.0003215711
max |H_out - H_in|      (eV) :     0.0024069188
SCF cycle converged after 26 iterations

Using DM_out to compute the final energy and forces
No. of atoms with KB's overlaping orbs in proc 0. Max # of overlaps:      96    1372

siesta: E_KS(eV) =           -20133.4202

siesta: Atomic forces (eV/Ang):
     1    0.051185    0.000000   -2.031245
     2    0.001021    0.000000    0.000162
     3    0.000995   -0.000000   -0.000104
     4    0.051180   -0.000000    2.031245
     5    0.006858    0.000000    0.006446
     6    0.006858    0.000000   -0.006507
     7   -0.058126    0.000000   -0.507952
     8   -0.058120    0.000000    0.507953
----------------------------------------
   Tot    0.001851    0.000000   -0.000002
----------------------------------------
   Max    2.031245
   Res    0.604846    sqrt( Sum f_i^2 / 3N )
----------------------------------------
   Max    2.031245    constrained

Stress tensor Voigt[x,y,z,yz,xz,xy] (kbar):     -237.88     -324.86     -279.76       -0.00       -0.00       -0.00
(Free)E + p*V (eV/cell)   -20117.6550
Target enthalpy (eV/cell)   -20133.4392

siesta: Stress tensor (static) (eV/Ang**3):
        -0.148470   -0.000000   -0.000000
        -0.000000   -0.202763   -0.000000
        -0.000000   -0.000000   -0.174612

siesta: Pressure (static):        280.83203436  kBar

siesta: Stress tensor (total) (eV/Ang**3):
        -0.148470   -0.000000   -0.000000
        -0.000000   -0.202763   -0.000000
        -0.000000   -0.000000   -0.174612

siesta: Pressure (total):        280.83203436  kBar

                     ====================================
                        Begin CG opt. move =      2
                     ====================================
k-point displ. along   2 input, could be:     0.00    0.50
k-point displ. along   3 input, could be:     0.00    0.50
 Kpoints in:           24 . Kpoints trimmed:           23

siesta: k-grid: Number of k-points = 23
siesta: k-points from Monkhorst-Pack grid
siesta: k-cutoff (effective) =     7.235 Ang
siesta: k-point supercell and displacements
siesta: k-grid:     3     0     0      0.000
siesta: k-grid:     0     6     0      0.000
siesta: k-grid:     0     0     2      0.000

superc: Internal auxiliary supercell:     7 x    13 x     5  =     455
superc: Number of atoms, orbitals, and projectors:   3640  85540  65520

outcell: Unit cell vectors (Ang):
        5.094235   -0.000000    0.000000
       -0.000000    2.569178    0.000000
        0.000000    0.000000    7.234954

outcell: Cell vector modules (Ang)   :    5.094235    2.569178    7.234954
outcell: Cell angles (23,13,12) (deg):     90.0000     90.0000     90.0000
outcell: Cell volume (Ang**3)        :     94.6910
<dSpData1D:S at geom step 2
  <sparsity:sparsity for geom step 2
    nrows_g=188 nrows=6 sparsity=1.0324 nnzs=36488, refcount: 7>
  <dData1D:(new from dSpData1D) n=36488, refcount: 1>
refcount: 1>
new_DM -- step:     3
Re-using DM from previous geometries...
Number of DMs in history: 1
 DM extrapolation coefficients: 
1   1.00000
New DM after history re-use:
<dSpData2D:SpM extrapolated using coords
  <sparsity:sparsity for geom step 2
    nrows_g=188 nrows=6 sparsity=1.0324 nnzs=36488, refcount: 9>
  <dData2D:(temp array for extrapolation) n=36488 m=2, refcount: 1>
refcount: 1>
Note: For starting DM, Qtot, Tr[D*S] =        112.00000000        112.24846941
No. of atoms with KB's overlaping orbs in proc 0. Max # of overlaps:      93    1348

InitMesh: MESH = 54 x 30 x 80 = 129600
InitMesh: Mesh cutoff (required, used) =   300.000   310.550 Ry
New grid distribution [1]: sub = 2
New grid distribution [2]: sub = 2
New grid distribution [3]: sub = 2
Setting up quadratic distribution...

        iscf     Eharris(eV)        E_KS(eV)     FreeEng(eV)     dDmax    Ef(eV) dHmax(eV)
   scf:    1   -20117.871000   -20126.414231   -20126.435812  1.428160 -7.246717 12.791717
     spin moment: {S} , |S| = {        0.0        0.0    0.00017 }     0.00017
   scf:    2   -16546.414777   -18977.438973   -18977.448006 23.532092 -5.488220147.575527
     spin moment: {S} , |S| = {        0.0        0.0   -0.00036 }    -0.00036
   scf:    3   -20352.583591   -20124.975543   -20124.997033 23.079563 -7.043057 11.677805
     spin moment: {S} , |S| = {        0.0        0.0    0.00054 }     0.00054
   scf:    4   -20124.292088   -20124.635300   -20124.656607  0.006821 -7.042650 11.896894
     spin moment: {S} , |S| = {        0.0        0.0    0.00057 }     0.00057
   scf:    5   -20133.068261   -20129.204377   -20129.227085  0.104746 -7.039530  8.623679
     spin moment: {S} , |S| = {        0.0        0.0    0.00029 }     0.00029
   scf:    6   -20135.594903   -20134.106664   -20134.127922  0.211607 -7.021790  1.373414
     spin moment: {S} , |S| = {        0.0        0.0    0.00017 }     0.00017
   scf:    7   -20134.194800   -20134.237051   -20134.257780  0.048489 -7.014898  0.313797
     spin moment: {S} , |S| = {        0.0        0.0   -0.00106 }    -0.00106
   scf:    8   -20133.919696   -20134.119835   -20134.140180  0.054907 -7.009422  1.378940
     spin moment: {S} , |S| = {        0.0        0.0    0.00005 }     0.00005
   scf:    9   -20134.253119   -20134.194082   -20134.214715  0.042510 -7.006152  0.913993
     spin moment: {S} , |S| = {        0.0        0.0   -0.00009 }    -0.00009
   scf:   10   -20134.247204   -20134.247522   -20134.268527  0.033951 -7.006133  0.102610
     spin moment: {S} , |S| = {        0.0        0.0   -0.00011 }    -0.00011
   scf:   11   -20134.244540   -20134.247034   -20134.267933  0.038440 -6.995522  0.233231
     spin moment: {S} , |S| = {        0.0        0.0   -0.00009 }    -0.00009
   scf:   12   -20134.250369   -20134.249126   -20134.270017  0.005959 -6.996893  0.097082
     spin moment: {S} , |S| = {        0.0        0.0   -0.00008 }    -0.00008
   scf:   13   -20134.248391   -20134.248836   -20134.269750  0.004756 -6.996029  0.156877
     spin moment: {S} , |S| = {        0.0        0.0   -0.00011 }    -0.00011
   scf:   14   -20134.253438   -20134.251321   -20134.272269  0.016635 -6.997867  0.034047
     spin moment: {S} , |S| = {        0.0        0.0   -0.00011 }    -0.00011
   scf:   15   -20134.252296   -20134.251782   -20134.272729  0.005456 -6.997351  0.033193
     spin moment: {S} , |S| = {        0.0        0.0   -0.00012 }    -0.00012
   scf:   16   -20134.265199   -20134.255898   -20134.276524  0.058669 -6.994036  0.034787
     spin moment: {S} , |S| = {        0.0        0.0   -0.00001 }    -0.00001
   scf:   17   -20134.258594   -20134.256998   -20134.277421  0.019344 -6.993049  0.032526
     spin moment: {S} , |S| = {        0.0        0.0   -0.00033 }    -0.00033
   scf:   18   -20134.258649   -20134.257704   -20134.277968  0.013503 -6.992487  0.023390
     spin moment: {S} , |S| = {        0.0        0.0   -0.00013 }    -0.00013
   scf:   19   -20134.259600   -20134.258495   -20134.278639  0.016035 -6.992400  0.014755
     spin moment: {S} , |S| = {        0.0        0.0   -0.00012 }    -0.00012
   scf:   20   -20134.261618   -20134.259622   -20134.279470  0.026217 -6.991612  0.012718
     spin moment: {S} , |S| = {        0.0        0.0   -0.00014 }    -0.00014
   scf:   21   -20134.260415   -20134.259971   -20134.279718  0.009178 -6.991534  0.010989
     spin moment: {S} , |S| = {        0.0        0.0   -0.00020 }    -0.00020
   scf:   22   -20134.260577   -20134.260243   -20134.279899  0.007387 -6.991451  0.011007
     spin moment: {S} , |S| = {        0.0        0.0   -0.00016 }    -0.00016
   scf:   23   -20134.262889   -20134.261168   -20134.280437  0.027563 -6.991805  0.008002
     spin moment: {S} , |S| = {        0.0        0.0   -0.00019 }    -0.00019
   scf:   24   -20134.262164   -20134.261543   -20134.280559  0.013162 -6.990725  0.015563
     spin moment: {S} , |S| = {        0.0        0.0   -0.00021 }    -0.00021
   scf:   25   -20134.261568   -20134.261555   -20134.280577  0.001551 -6.991298  0.007203
     spin moment: {S} , |S| = {        0.0        0.0   -0.00020 }    -0.00020
   scf:   26   -20134.261612   -20134.261584   -20134.280589  0.001329 -6.991640  0.006032
     spin moment: {S} , |S| = {        0.0        0.0   -0.00021 }    -0.00021
   scf:   27   -20134.261905   -20134.261725   -20134.280620  0.005450 -6.991303  0.003861
     spin moment: {S} , |S| = {        0.0        0.0   -0.00021 }    -0.00021
   scf:   28   -20134.261856   -20134.261787   -20134.280629  0.002668 -6.991176  0.003917
     spin moment: {S} , |S| = {        0.0        0.0   -0.00022 }    -0.00022
   scf:   29   -20134.261723   -20134.261753   -20134.280625  0.001113 -6.991535  0.005959
     spin moment: {S} , |S| = {        0.0        0.0   -0.00022 }    -0.00022
   scf:   30   -20134.261948   -20134.261841   -20134.280635  0.003656 -6.991125  0.002096
     spin moment: {S} , |S| = {        0.0        0.0   -0.00022 }    -0.00022
   scf:   31   -20134.261819   -20134.261830   -20134.280635  0.000347 -6.991179  0.001497
     spin moment: {S} , |S| = {        0.0        0.0   -0.00022 }    -0.00022

SCF Convergence by DM criterion
max |DM_out - DM_in|         :     0.0003470018
max |H_out - H_in|      (eV) :     0.0014974152
SCF cycle converged after 31 iterations

Using DM_out to compute the final energy and forces
No. of atoms with KB's overlaping orbs in proc 0. Max # of overlaps:      93    1348

siesta: E_KS(eV) =           -20134.2618

siesta: Atomic forces (eV/Ang):
     1    0.036932    0.000000   -1.280091
     2   -0.018554   -0.000000    0.049708
     3   -0.018597    0.000000   -0.049708
     4    0.036937    0.000000    1.280085
     5   -0.159250   -0.000000   -0.235846
     6   -0.159282   -0.000000    0.235993
     7    0.144180    0.000000   -0.036896
     8    0.144187   -0.000000    0.036746
----------------------------------------
   Tot    0.006552    0.000000   -0.000008
----------------------------------------
   Max    1.280091
   Res    0.381442    sqrt( Sum f_i^2 / 3N )
----------------------------------------
   Max    1.280091    constrained

Stress tensor Voigt[x,y,z,yz,xz,xy] (kbar):     -142.53     -203.05     -164.89        0.00        0.00        0.00
(Free)E + p*V (eV/cell)   -20124.2242
Target enthalpy (eV/cell)   -20134.2806

siesta: Stress tensor (static) (eV/Ang**3):
        -0.088960    0.000000    0.000000
         0.000000   -0.126731   -0.000000
         0.000000    0.000000   -0.102916

siesta: Pressure (static):        170.15493466  kBar

siesta: Stress tensor (total) (eV/Ang**3):
        -0.088960    0.000000    0.000000
         0.000000   -0.126731   -0.000000
         0.000000    0.000000   -0.102916

siesta: Pressure (total):        170.15493466  kBar

                     ====================================
                        Begin CG opt. move =      3
                     ====================================
k-point displ. along   2 input, could be:     0.00    0.50
k-point displ. along   3 input, could be:     0.00    0.50
 Kpoints in:           24 . Kpoints trimmed:           23

siesta: k-grid: Number of k-points = 23
siesta: k-points from Monkhorst-Pack grid
siesta: k-cutoff (effective) =     7.363 Ang
siesta: k-point supercell and displacements
siesta: k-grid:     3     0     0      0.000
siesta: k-grid:     0     6     0      0.000
siesta: k-grid:     0     0     2      0.000

superc: Internal auxiliary supercell:     7 x    13 x     5  =     455
superc: Number of atoms, orbitals, and projectors:   3640  85540  65520

outcell: Unit cell vectors (Ang):
        5.170608   -0.000000    0.000000
       -0.000000    2.621863    0.000000
        0.000000    0.000000    7.363085

outcell: Cell vector modules (Ang)   :    5.170608    2.621863    7.363085
outcell: Cell angles (23,13,12) (deg):     90.0000     90.0000     90.0000
outcell: Cell volume (Ang**3)        :     99.8186
<dSpData1D:S at geom step 3
  <sparsity:sparsity for geom step 3
    nrows_g=188 nrows=6 sparsity=.9960 nnzs=35203, refcount: 7>
  <dData1D:(new from dSpData1D) n=35203, refcount: 1>
refcount: 1>
new_DM -- step:     4
Re-using DM from previous geometries...
Number of DMs in history: 1
 DM extrapolation coefficients: 
1   1.00000
New DM after history re-use:
<dSpData2D:SpM extrapolated using coords
  <sparsity:sparsity for geom step 3
    nrows_g=188 nrows=6 sparsity=.9960 nnzs=35203, refcount: 9>
  <dData2D:(temp array for extrapolation) n=35203 m=2, refcount: 1>
refcount: 1>
Note: For starting DM, Qtot, Tr[D*S] =        112.00000000        112.18951018
No. of atoms with KB's overlaping orbs in proc 0. Max # of overlaps:      93    1314

InitMesh: MESH = 54 x 30 x 80 = 129600
InitMesh: Mesh cutoff (required, used) =   300.000   301.444 Ry
New grid distribution [1]: sub = 2
New grid distribution [2]: sub = 2
New grid distribution [3]: sub = 2
Setting up quadratic distribution...

        iscf     Eharris(eV)        E_KS(eV)     FreeEng(eV)     dDmax    Ef(eV) dHmax(eV)
   scf:    1   -20117.083468   -20126.736654   -20126.767114  1.213784 -7.069953 12.797585
     spin moment: {S} , |S| = {        0.0        0.0   -0.00040 }    -0.00040
   scf:    2   -16476.944996   -18955.627856   -18955.640139 23.821091 -5.392862148.786364
     spin moment: {S} , |S| = {        0.0        0.0   -0.00012 }    -0.00012
   scf:    3   -20336.059736   -20127.981838   -20127.996996 23.356066 -6.799407 10.311212
     spin moment: {S} , |S| = {        0.0        0.0   -0.00021 }    -0.00021
   scf:    4   -20127.586430   -20127.784814   -20127.800044  0.003845 -6.798546 10.464858
     spin moment: {S} , |S| = {        0.0        0.0   -0.00021 }    -0.00021
   scf:    5   -20131.664876   -20129.807547   -20129.822123  0.043261 -6.802328  8.835532
     spin moment: {S} , |S| = {        0.0        0.0   -0.00020 }    -0.00020
   scf:    6   -20136.191425   -20134.603803   -20134.619163  0.184149 -6.825822  1.616193
     spin moment: {S} , |S| = {        0.0        0.0   -0.00016 }    -0.00016
   scf:    7   -20134.815837   -20134.734414   -20134.750381  0.022748 -6.827767  0.708194
     spin moment: {S} , |S| = {        0.0        0.0   -0.00022 }    -0.00022
   scf:    8   -20134.353129   -20134.661950   -20134.679613  0.082651 -6.831677  1.371235
     spin moment: {S} , |S| = {        0.0        0.0    0.00011 }     0.00011
   scf:    9   -20134.688757   -20134.675571   -20134.693169  0.004362 -6.830326  1.282508
     spin moment: {S} , |S| = {        0.0        0.0   -0.00030 }    -0.00030
   scf:   10   -20134.702210   -20134.763774   -20134.780361  0.048359 -6.812791  0.400716
     spin moment: {S} , |S| = {        0.0        0.0    0.00016 }     0.00016
   scf:   11   -20134.776628   -20134.773040   -20134.789991  0.024636 -6.809352  0.082907
     spin moment: {S} , |S| = {        0.0        0.0   -0.00022 }    -0.00022
   scf:   12   -20134.773647   -20134.773339   -20134.790325  0.001403 -6.808765  0.079537
     spin moment: {S} , |S| = {        0.0        0.0   -0.00015 }    -0.00015
   scf:   13   -20134.780330   -20134.776339   -20134.793680  0.016552 -6.803924  0.033104
     spin moment: {S} , |S| = {        0.0        0.0   -0.00018 }    -0.00018
   scf:   14   -20134.780035   -20134.777943   -20134.795451  0.010797 -6.799697  0.029597
     spin moment: {S} , |S| = {        0.0        0.0   -0.00014 }    -0.00014
   scf:   15   -20134.780161   -20134.778938   -20134.796498  0.006923 -6.796827  0.026334
     spin moment: {S} , |S| = {        0.0        0.0   -0.00014 }    -0.00014
   scf:   16   -20134.785087   -20134.781200   -20134.798698  0.018901 -6.789911  0.022189
     spin moment: {S} , |S| = {        0.0        0.0   -0.00010 }    -0.00010
   scf:   17   -20134.785864   -20134.782785   -20134.799961  0.018582 -6.783219  0.013695
     spin moment: {S} , |S| = {        0.0        0.0   -0.00014 }    -0.00014
   scf:   18   -20134.784411   -20134.783382   -20134.800270  0.010590 -6.780011  0.010041
     spin moment: {S} , |S| = {        0.0        0.0   -0.00006 }    -0.00006
   scf:   19   -20134.783520   -20134.783447   -20134.800292  0.001972 -6.779427  0.005715
     spin moment: {S} , |S| = {        0.0        0.0   -0.00011 }    -0.00011
   scf:   20   -20134.783474   -20134.783461   -20134.800307  0.000891 -6.779562  0.006815
     spin moment: {S} , |S| = {        0.0        0.0   -0.00012 }    -0.00012
   scf:   21   -20134.783702   -20134.783566   -20134.800337  0.003263 -6.778877  0.004372
     spin moment: {S} , |S| = {        0.0        0.0   -0.00008 }    -0.00008
   scf:   22   -20134.783583   -20134.783575   -20134.800346  0.000930 -6.778943  0.002596
     spin moment: {S} , |S| = {        0.0        0.0   -0.00010 }    -0.00010
   scf:   23   -20134.783596   -20134.783585   -20134.800349  0.000606 -6.778859  0.001883
     spin moment: {S} , |S| = {        0.0        0.0   -0.00009 }    -0.00009
   scf:   24   -20134.783598   -20134.783591   -20134.800352  0.000578 -6.778809  0.001471
     spin moment: {S} , |S| = {        0.0        0.0   -0.00009 }    -0.00009
   scf:   25   -20134.783591   -20134.783591   -20134.800354  0.000486 -6.778824  0.000982
     spin moment: {S} , |S| = {        0.0        0.0   -0.00009 }    -0.00009

SCF Convergence by DM criterion
max |DM_out - DM_in|         :     0.0004859881
max |H_out - H_in|      (eV) :     0.0009820208
SCF cycle converged after 25 iterations

Using DM_out to compute the final energy and forces
No. of atoms with KB's overlaping orbs in proc 0. Max # of overlaps:      93    1314

siesta: E_KS(eV) =           -20134.7836

siesta: Atomic forces (eV/Ang):
     1    0.054401   -0.000000   -0.579845
     2   -0.007269    0.000000    0.026219
     3   -0.007315    0.000000   -0.026208
     4    0.054395   -0.000000    0.579856
     5   -0.167405    0.000000   -0.295461
     6   -0.167394    0.000000    0.295448
     7    0.122861   -0.000000    0.251483
     8    0.122839    0.000000   -0.251490
----------------------------------------
   Tot    0.005115    0.000000    0.000001
----------------------------------------
   Max    0.579856
   Res    0.210867    sqrt( Sum f_i^2 / 3N )
----------------------------------------
   Max    0.579856    constrained

Stress tensor Voigt[x,y,z,yz,xz,xy] (kbar):      -74.16     -107.88      -83.00        0.00       -0.00       -0.00
(Free)E + p*V (eV/cell)   -20129.2961
Target enthalpy (eV/cell)   -20134.8004

siesta: Stress tensor (static) (eV/Ang**3):
        -0.046287   -0.000000   -0.000000
        -0.000000   -0.067333    0.000000
        -0.000000    0.000000   -0.051806

siesta: Pressure (static):         88.34739742  kBar

siesta: Stress tensor (total) (eV/Ang**3):
        -0.046287   -0.000000   -0.000000
        -0.000000   -0.067333    0.000000
        -0.000000    0.000000   -0.051806

siesta: Pressure (total):         88.34739742  kBar

                     ====================================
                        Begin CG opt. move =      4
                     ====================================
k-point displ. along   2 input, could be:     0.00    0.50
k-point displ. along   3 input, could be:     0.00    0.50
 Kpoints in:           24 . Kpoints trimmed:           23

siesta: k-grid: Number of k-points = 23
siesta: k-points from Monkhorst-Pack grid
siesta: k-cutoff (effective) =     7.491 Ang
siesta: k-point supercell and displacements
siesta: k-grid:     3     0     0      0.000
siesta: k-grid:     0     6     0      0.000
siesta: k-grid:     0     0     2      0.000

superc: Internal auxiliary supercell:     7 x    11 x     5  =     385
superc: Number of atoms, orbitals, and projectors:   3080  72380  55440

outcell: Unit cell vectors (Ang):
        5.246981   -0.000000    0.000000
       -0.000000    2.674548    0.000000
        0.000000    0.000000    7.491216

outcell: Cell vector modules (Ang)   :    5.246981    2.674548    7.491216
outcell: Cell angles (23,13,12) (deg):     90.0000     90.0000     90.0000
outcell: Cell volume (Ang**3)        :    105.1265
<dSpData1D:S at geom step 4
  <sparsity:sparsity for geom step 4
    nrows_g=188 nrows=6 sparsity=.9157 nnzs=32363, refcount: 7>
  <dData1D:(new from dSpData1D) n=32363, refcount: 1>
refcount: 1>
new_DM -- step:     5
Re-using DM from previous geometries...
Number of DMs in history: 1
 DM extrapolation coefficients: 
1   1.00000
New DM after history re-use:
<dSpData2D:SpM extrapolated using coords
  <sparsity:sparsity for geom step 4
    nrows_g=188 nrows=6 sparsity=.9157 nnzs=32363, refcount: 9>
  <dData2D:(temp array for extrapolation) n=32363 m=2, refcount: 1>
refcount: 1>
No. of atoms with KB's overlaping orbs in proc 0. Max # of overlaps:      89    1193

InitMesh: MESH = 60 x 30 x 80 = 144000
InitMesh: Mesh cutoff (required, used) =   300.000   315.194 Ry
New grid distribution [1]: sub = 2
New grid distribution [2]: sub = 2
New grid distribution [3]: sub = 2
Setting up quadratic distribution...

        iscf     Eharris(eV)        E_KS(eV)     FreeEng(eV)     dDmax    Ef(eV) dHmax(eV)
   scf:    1   -20126.463699   -20130.524363   -20130.541688  1.232828 -6.779842  9.298483
     spin moment: {S} , |S| = {        0.0        0.0   -0.00009 }    -0.00009
   scf:    2   -17108.927869   -19152.270450   -19152.279727 18.386449 -5.160195134.466127
     spin moment: {S} , |S| = {        0.0        0.0   -0.00006 }    -0.00006
   scf:    3   -20246.693947   -20133.463340   -20133.479295 18.086573 -6.608550  4.984734
     spin moment: {S} , |S| = {        0.0        0.0   -0.00005 }    -0.00005
   scf:    4   -20132.256062   -20132.882520   -20132.898933  0.019188 -6.603791  5.880937
     spin moment: {S} , |S| = {        0.0        0.0   -0.00005 }    -0.00005
   scf:    5   -20135.711019   -20134.745462   -20134.760131  0.083266 -6.614870  2.015872
     spin moment: {S} , |S| = {        0.0        0.0   -0.00004 }    -0.00004
   scf:    6   -20135.039999   -20134.919258   -20134.933714  0.020220 -6.619431  1.039588
     spin moment: {S} , |S| = {        0.0        0.0   -0.00008 }    -0.00008
   scf:    7   -20134.830908   -20134.955557   -20134.969998  0.035841 -6.629153  0.752378
     spin moment: {S} , |S| = {        0.0        0.0    0.00010 }     0.00010
   scf:    8   -20134.972198   -20134.964170   -20134.978516  0.008747 -6.626344  0.644614
     spin moment: {S} , |S| = {        0.0        0.0   -0.00027 }    -0.00027
   scf:    9   -20134.953750   -20134.983282   -20134.996963  0.069877 -6.602999  0.400022
     spin moment: {S} , |S| = {        0.0        0.0   -0.00010 }    -0.00010
   scf:   10   -20134.973829   -20134.978880   -20134.992466  0.006227 -6.600967  0.501126
     spin moment: {S} , |S| = {        0.0        0.0   -0.00003 }    -0.00003
   scf:   11   -20134.995295   -20134.992798   -20135.006383  0.015817 -6.604075  0.048028
     spin moment: {S} , |S| = {        0.0        0.0   -0.00021 }    -0.00021
   scf:   12   -20135.005929   -20134.997802   -20135.011080  0.035526 -6.589261  0.035722
     spin moment: {S} , |S| = {        0.0        0.0    0.00004 }     0.00004
   scf:   13   -20134.999188   -20134.998436   -20135.011716  0.006850 -6.585585  0.034949
     spin moment: {S} , |S| = {        0.0        0.0   -0.00007 }    -0.00007
   scf:   14   -20135.002673   -20134.999726   -20135.013232  0.024949 -6.573652  0.012021
     spin moment: {S} , |S| = {        0.0        0.0   -0.00004 }    -0.00004
   scf:   15   -20134.999817   -20134.999731   -20135.013346  0.005620 -6.570693  0.008153
     spin moment: {S} , |S| = {        0.0        0.0   -0.00005 }    -0.00005
   scf:   16   -20134.999699   -20134.999711   -20135.013373  0.001776 -6.570036  0.004262
     spin moment: {S} , |S| = {        0.0        0.0    0.00001 }     0.00001
   scf:   17   -20134.999672   -20134.999690   -20135.013383  0.001321 -6.569406  0.004102
     spin moment: {S} , |S| = {        0.0        0.0   -0.00004 }    -0.00004
   scf:   18   -20134.999656   -20134.999672   -20135.013388  0.000819 -6.569065  0.003582
     spin moment: {S} , |S| = {        0.0        0.0    0.00001 }     0.00001
   scf:   19   -20134.999675   -20134.999674   -20135.013389  0.000179 -6.569125  0.003010
     spin moment: {S} , |S| = {        0.0        0.0   -0.00002 }    -0.00002

SCF Convergence by DM criterion
max |DM_out - DM_in|         :     0.0001787568
max |H_out - H_in|      (eV) :     0.0030103083
SCF cycle converged after 19 iterations

Using DM_out to compute the final energy and forces
No. of atoms with KB's overlaping orbs in proc 0. Max # of overlaps:      89    1193

siesta: E_KS(eV) =           -20134.9997

siesta: Atomic forces (eV/Ang):
     1    0.034961   -0.000000   -0.037898
     2    0.000352   -0.000000    0.029807
     3    0.000368    0.000000   -0.029806
     4    0.034938   -0.000000    0.037884
     5   -0.041148   -0.000000   -0.242672
     6   -0.041128    0.000000    0.242691
     7    0.008664    0.000000    0.328461
     8    0.008683   -0.000000   -0.328469
----------------------------------------
   Tot    0.005689   -0.000000   -0.000001
----------------------------------------
   Max    0.328469
   Res    0.119756    sqrt( Sum f_i^2 / 3N )
----------------------------------------
   Max    0.328469    constrained

Stress tensor Voigt[x,y,z,yz,xz,xy] (kbar):      -24.29      -46.38      -17.80        0.00       -0.00       -0.00
(Free)E + p*V (eV/cell)   -20133.0784
Target enthalpy (eV/cell)   -20135.0134

siesta: Stress tensor (static) (eV/Ang**3):
        -0.015159   -0.000000   -0.000001
        -0.000000   -0.028946   -0.000000
        -0.000001    0.000000   -0.011112

siesta: Pressure (static):         29.48941789  kBar

siesta: Stress tensor (total) (eV/Ang**3):
        -0.015159   -0.000000   -0.000001
        -0.000000   -0.028946   -0.000000
        -0.000001    0.000000   -0.011112

siesta: Pressure (total):         29.48941789  kBar

                     ====================================
                        Begin CG opt. move =      5
                     ====================================
k-point displ. along   2 input, could be:     0.00    0.50
k-point displ. along   3 input, could be:     0.00    0.50
 Kpoints in:           24 . Kpoints trimmed:           23

siesta: k-grid: Number of k-points = 23
siesta: k-points from Monkhorst-Pack grid
siesta: k-cutoff (effective) =     7.619 Ang
siesta: k-point supercell and displacements
siesta: k-grid:     3     0     0      0.000
siesta: k-grid:     0     6     0      0.000
siesta: k-grid:     0     0     2      0.000

superc: Internal auxiliary supercell:     7 x    11 x     5  =     385
superc: Number of atoms, orbitals, and projectors:   3080  72380  55440

outcell: Unit cell vectors (Ang):
        5.323354   -0.000000    0.000000
       -0.000000    2.727233    0.000000
        0.000000    0.000000    7.619347

outcell: Cell vector modules (Ang)   :    5.323354    2.727233    7.619347
outcell: Cell angles (23,13,12) (deg):     90.0000     90.0000     90.0000
outcell: Cell volume (Ang**3)        :    110.6179
<dSpData1D:S at geom step 5
  <sparsity:sparsity for geom step 5
    nrows_g=188 nrows=6 sparsity=.8901 nnzs=31459, refcount: 7>
  <dData1D:(new from dSpData1D) n=31459, refcount: 1>
refcount: 1>
new_DM -- step:     6
Re-using DM from previous geometries...
Number of DMs in history: 1
 DM extrapolation coefficients: 
1   1.00000
New DM after history re-use:
<dSpData2D:SpM extrapolated using coords
  <sparsity:sparsity for geom step 5
    nrows_g=188 nrows=6 sparsity=.8901 nnzs=31459, refcount: 9>
  <dData2D:(temp array for extrapolation) n=31459 m=2, refcount: 1>
refcount: 1>
No. of atoms with KB's overlaping orbs in proc 0. Max # of overlaps:      88    1151

InitMesh: MESH = 60 x 30 x 80 = 144000
InitMesh: Mesh cutoff (required, used) =   300.000   304.682 Ry
New grid distribution [1]: sub = 2
New grid distribution [2]: sub = 2
New grid distribution [3]: sub = 2
Setting up quadratic distribution...

        iscf     Eharris(eV)        E_KS(eV)     FreeEng(eV)     dDmax    Ef(eV) dHmax(eV)
   scf:    1   -20135.342902   -20134.196924   -20134.213030  0.878586 -6.380608  3.198686
     spin moment: {S} , |S| = {        0.0        0.0    0.00024 }     0.00024
   scf:    2   -18985.031907   -19757.062381   -19757.080045  2.671678 -6.368360 74.816132
     spin moment: {S} , |S| = {        0.0        0.0    0.00836 }     0.00836
   scf:    3   -20154.052683   -20134.951545   -20134.968390  2.640441 -6.395326  0.723076
     spin moment: {S} , |S| = {        0.0        0.0    0.00003 }     0.00003
   scf:    4   -20134.938740   -20134.965694   -20134.983069  0.031310 -6.414761  0.346444
     spin moment: {S} , |S| = {        0.0        0.0   -0.00000 }    -0.00000
   scf:    5   -20134.943307   -20134.970549   -20134.987484  0.032052 -6.412370  0.427171
     spin moment: {S} , |S| = {        0.0        0.0    0.00006 }     0.00006
   scf:    6   -20134.985588   -20134.981759   -20134.998834  0.018783 -6.414991  0.124984
     spin moment: {S} , |S| = {        0.0        0.0    0.00007 }     0.00007
   scf:    7   -20134.982677   -20134.982395   -20134.999465  0.005160 -6.414925  0.096468
     spin moment: {S} , |S| = {        0.0        0.0   -0.00004 }    -0.00004
   scf:    8   -20134.991554   -20134.986857   -20135.003366  0.026305 -6.406105  0.075414
     spin moment: {S} , |S| = {        0.0        0.0    0.00047 }     0.00047
   scf:    9   -20134.991180   -20134.988986   -20135.004894  0.023594 -6.398787  0.154048
     spin moment: {S} , |S| = {        0.0        0.0    0.00001 }     0.00001
   scf:   10   -20134.989389   -20134.989188   -20135.005076  0.000741 -6.398717  0.148847
     spin moment: {S} , |S| = {        0.0        0.0    0.00003 }     0.00003
   scf:   11   -20134.996132   -20134.992657   -20135.007977  0.019056 -6.397409  0.019172
     spin moment: {S} , |S| = {        0.0        0.0    0.00002 }     0.00002
   scf:   12   -20134.995660   -20134.993902   -20135.008671  0.013007 -6.394383  0.019071
     spin moment: {S} , |S| = {        0.0        0.0   -0.00001 }    -0.00001
   scf:   13   -20134.993724   -20134.993855   -20135.008632  0.005090 -6.395255  0.030424
     spin moment: {S} , |S| = {        0.0        0.0   -0.00001 }    -0.00001
   scf:   14   -20134.994375   -20134.994121   -20135.008754  0.004548 -6.394230  0.009906
     spin moment: {S} , |S| = {        0.0        0.0   -0.00001 }    -0.00001
   scf:   15   -20134.994258   -20134.994190   -20135.008780  0.003851 -6.394355  0.004748
     spin moment: {S} , |S| = {        0.0        0.0   -0.00001 }    -0.00001
   scf:   16   -20134.994227   -20134.994208   -20135.008784  0.000761 -6.394344  0.002646
     spin moment: {S} , |S| = {        0.0        0.0   -0.00000 }    -0.00000
   scf:   17   -20134.994243   -20134.994226   -20135.008786  0.000437 -6.394325  0.001973
     spin moment: {S} , |S| = {        0.0        0.0   -0.00001 }    -0.00001

SCF Convergence by DM criterion
max |DM_out - DM_in|         :     0.0004373042
max |H_out - H_in|      (eV) :     0.0019731710
SCF cycle converged after 17 iterations

Using DM_out to compute the final energy and forces
No. of atoms with KB's overlaping orbs in proc 0. Max # of overlaps:      88    1151

siesta: E_KS(eV) =           -20134.9942

siesta: Atomic forces (eV/Ang):
     1   -0.009680   -0.000000    0.343111
     2   -0.005661    0.000000    0.048057
     3   -0.005676    0.000000   -0.048048
     4   -0.009670    0.000000   -0.343108
     5    0.022775   -0.000000   -0.208766
     6    0.022779    0.000000    0.208749
     7   -0.006034    0.000000    0.343357
     8   -0.006040    0.000000   -0.343347
----------------------------------------
   Tot    0.002794    0.000000    0.000006
----------------------------------------
   Max    0.343357
   Res    0.153347    sqrt( Sum f_i^2 / 3N )
----------------------------------------
   Max    0.343357    constrained

Stress tensor Voigt[x,y,z,yz,xz,xy] (kbar):       15.04       -5.16       34.41       -0.00       -0.00        0.00
(Free)E + p*V (eV/cell)   -20136.0280
Target enthalpy (eV/cell)   -20135.0088

siesta: Stress tensor (static) (eV/Ang**3):
         0.009390    0.000000   -0.000000
         0.000000   -0.003223   -0.000000
        -0.000000   -0.000000    0.021475

siesta: Pressure (static):        -14.76250185  kBar

siesta: Stress tensor (total) (eV/Ang**3):
         0.009390    0.000000   -0.000000
         0.000000   -0.003223   -0.000000
        -0.000000   -0.000000    0.021475

siesta: Pressure (total):        -14.76250185  kBar

                     ====================================
                        Begin CG opt. move =      6
                     ====================================
k-point displ. along   2 input, could be:     0.00    0.50
k-point displ. along   3 input, could be:     0.00    0.50
 Kpoints in:           24 . Kpoints trimmed:           23

siesta: k-grid: Number of k-points = 23
siesta: k-points from Monkhorst-Pack grid
siesta: k-cutoff (effective) =     7.554 Ang
siesta: k-point supercell and displacements
siesta: k-grid:     3     0     0      0.000
siesta: k-grid:     0     6     0      0.000
siesta: k-grid:     0     0     2      0.000

superc: Internal auxiliary supercell:     7 x    11 x     5  =     385
superc: Number of atoms, orbitals, and projectors:   3080  72380  55440

outcell: Unit cell vectors (Ang):
        5.284133   -0.000000    0.000000
       -0.000000    2.700177    0.000000
        0.000000    0.000000    7.553546

outcell: Cell vector modules (Ang)   :    5.284133    2.700177    7.553546
outcell: Cell angles (23,13,12) (deg):     90.0000     90.0000     90.0000
outcell: Cell volume (Ang**3)        :    107.7747
<dSpData1D:S at geom step 6
  <sparsity:sparsity for geom step 6
    nrows_g=188 nrows=6 sparsity=.9048 nnzs=31978, refcount: 7>
  <dData1D:(new from dSpData1D) n=31978, refcount: 1>
refcount: 1>
new_DM -- step:     7
Re-using DM from previous geometries...
Number of DMs in history: 1
 DM extrapolation coefficients: 
1   1.00000
New DM after history re-use:
<dSpData2D:SpM extrapolated using coords
  <sparsity:sparsity for geom step 6
    nrows_g=188 nrows=6 sparsity=.9048 nnzs=31978, refcount: 9>
  <dData2D:(temp array for extrapolation) n=31978 m=2, refcount: 1>
refcount: 1>
No. of atoms with KB's overlaping orbs in proc 0. Max # of overlaps:      89    1171

InitMesh: MESH = 60 x 30 x 80 = 144000
InitMesh: Mesh cutoff (required, used) =   300.000   310.013 Ry
New grid distribution [1]: sub = 2
New grid distribution [2]: sub = 2
New grid distribution [3]: sub = 2
Setting up quadratic distribution...

        iscf     Eharris(eV)        E_KS(eV)     FreeEng(eV)     dDmax    Ef(eV) dHmax(eV)
   scf:    1   -20133.060254   -20134.483815   -20134.499389  0.463814 -6.593928  2.964376
     spin moment: {S} , |S| = {        0.0        0.0    0.00006 }     0.00006
   scf:    2   -19869.765076   -20048.422369   -20048.436011  4.122697 -5.362762 43.960354
     spin moment: {S} , |S| = {        0.0        0.0    0.00006 }     0.00006
   scf:    3   -20138.829530   -20135.002060   -20135.017280  4.017588 -6.487013  0.511850
     spin moment: {S} , |S| = {        0.0        0.0    0.00001 }     0.00001
   scf:    4   -20135.019367   -20135.017290   -20135.032386  0.029207 -6.465644  0.076285
     spin moment: {S} , |S| = {        0.0        0.0   -0.00000 }    -0.00000
   scf:    5   -20135.018768   -20135.018217   -20135.033336  0.017002 -6.463894  0.051019
     spin moment: {S} , |S| = {        0.0        0.0    0.00002 }     0.00002
   scf:    6   -20135.017892   -20135.018238   -20135.033478  0.003701 -6.464297  0.061106
     spin moment: {S} , |S| = {        0.0        0.0   -0.00003 }    -0.00003
   scf:    7   -20135.018501   -20135.018358   -20135.033844  0.011875 -6.467069  0.079678
     spin moment: {S} , |S| = {        0.0        0.0    0.00002 }     0.00002
   scf:    8   -20135.019168   -20135.018846   -20135.034337  0.003115 -6.467935  0.033626
     spin moment: {S} , |S| = {        0.0        0.0   -0.00001 }    -0.00001
   scf:    9   -20135.018985   -20135.018908   -20135.034486  0.002936 -6.468678  0.038154
     spin moment: {S} , |S| = {        0.0        0.0   -0.00002 }    -0.00002
   scf:   10   -20135.019615   -20135.019163   -20135.034954  0.011536 -6.471205  0.011910
     spin moment: {S} , |S| = {        0.0        0.0    0.00003 }     0.00003
   scf:   11   -20135.019157   -20135.019157   -20135.034983  0.001575 -6.471574  0.011586
     spin moment: {S} , |S| = {        0.0        0.0   -0.00002 }    -0.00002
   scf:   12   -20135.019149   -20135.019152   -20135.035002  0.001262 -6.471864  0.010014
     spin moment: {S} , |S| = {        0.0        0.0    0.00002 }     0.00002
   scf:   13   -20135.019106   -20135.019117   -20135.035034  0.003515 -6.472699  0.002194
     spin moment: {S} , |S| = {        0.0        0.0   -0.00000 }    -0.00000
   scf:   14   -20135.019102   -20135.019109   -20135.035036  0.000647 -6.472815  0.001229
     spin moment: {S} , |S| = {        0.0        0.0   -0.00000 }    -0.00000
   scf:   15   -20135.019105   -20135.019107   -20135.035037  0.000229 -6.472838  0.000999
     spin moment: {S} , |S| = {        0.0        0.0   -0.00000 }    -0.00000

SCF Convergence by DM criterion
max |DM_out - DM_in|         :     0.0002293329
max |H_out - H_in|      (eV) :     0.0009987765
SCF cycle converged after 15 iterations

Using DM_out to compute the final energy and forces
No. of atoms with KB's overlaping orbs in proc 0. Max # of overlaps:      89    1171

siesta: E_KS(eV) =           -20135.0191

siesta: Atomic forces (eV/Ang):
     1    0.019300   -0.000000    0.157639
     2   -0.005117    0.000000    0.036217
     3   -0.005174    0.000000   -0.036202
     4    0.019308    0.000000   -0.157620
     5    0.009437   -0.000000   -0.205600
     6    0.009424    0.000000    0.205544
     7   -0.022263   -0.000000    0.323384
     8   -0.022272    0.000000   -0.323363
----------------------------------------
   Tot    0.002643    0.000000   -0.000001
----------------------------------------
   Max    0.323384
   Res    0.120406    sqrt( Sum f_i^2 / 3N )
----------------------------------------
   Max    0.323384    constrained

Stress tensor Voigt[x,y,z,yz,xz,xy] (kbar):       -5.50      -28.82        7.50        0.00        0.00        0.00
(Free)E + p*V (eV/cell)   -20134.4337
Target enthalpy (eV/cell)   -20135.0350

siesta: Stress tensor (static) (eV/Ang**3):
        -0.003430   -0.000000   -0.000000
         0.000000   -0.017990    0.000000
         0.000000    0.000000    0.004680

siesta: Pressure (static):          8.93991854  kBar

siesta: Stress tensor (total) (eV/Ang**3):
        -0.003430   -0.000000   -0.000000
         0.000000   -0.017990    0.000000
         0.000000    0.000000    0.004680

siesta: Pressure (total):          8.93991854  kBar

cgvc: Finished line minimization    1.  Mean atomic displacement =    0.1300

                     ====================================
                        Begin CG opt. move =      7
                     ====================================
k-point displ. along   2 input, could be:     0.00    0.50
k-point displ. along   3 input, could be:     0.00    0.50
 Kpoints in:           24 . Kpoints trimmed:           23

siesta: k-grid: Number of k-points = 23
siesta: k-points from Monkhorst-Pack grid
siesta: k-cutoff (effective) =     7.524 Ang
siesta: k-point supercell and displacements
siesta: k-grid:     3     0     0      0.000
siesta: k-grid:     0     6     0      0.000
siesta: k-grid:     0     0     2      0.000

superc: Internal auxiliary supercell:     7 x    11 x     5  =     385
superc: Number of atoms, orbitals, and projectors:   3080  72380  55440

outcell: Unit cell vectors (Ang):
        5.307382   -0.000000    0.000000
       -0.000000    2.752862   -0.000000
        0.000000   -0.000000    7.524146

outcell: Cell vector modules (Ang)   :    5.307382    2.752862    7.524146
outcell: Cell angles (23,13,12) (deg):     90.0000     90.0000     90.0000
outcell: Cell volume (Ang**3)        :    109.9315
<dSpData1D:S at geom step 7
  <sparsity:sparsity for geom step 7
    nrows_g=188 nrows=6 sparsity=.8911 nnzs=31496, refcount: 7>
  <dData1D:(new from dSpData1D) n=31496, refcount: 1>
refcount: 1>
new_DM -- step:     8
Re-using DM from previous geometries...
Number of DMs in history: 1
 DM extrapolation coefficients: 
1   1.00000
New DM after history re-use:
<dSpData2D:SpM extrapolated using coords
  <sparsity:sparsity for geom step 7
    nrows_g=188 nrows=6 sparsity=.8911 nnzs=31496, refcount: 9>
  <dData2D:(temp array for extrapolation) n=31496 m=2, refcount: 1>
refcount: 1>
No. of atoms with KB's overlaping orbs in proc 0. Max # of overlaps:      88    1134

InitMesh: MESH = 60 x 30 x 80 = 144000
InitMesh: Mesh cutoff (required, used) =   300.000   312.441 Ry
New grid distribution [1]: sub = 2
New grid distribution [2]: sub = 2
New grid distribution [3]: sub = 2
Setting up quadratic distribution...

        iscf     Eharris(eV)        E_KS(eV)     FreeEng(eV)     dDmax    Ef(eV) dHmax(eV)
   scf:    1   -20136.227935   -20134.839575   -20134.855707  0.508199 -6.500165  1.582786
     spin moment: {S} , |S| = {        0.0        0.0   -0.00012 }    -0.00012
   scf:    2   -20061.433243   -20111.005092   -20111.018722  1.432594 -5.882155 22.861099
     spin moment: {S} , |S| = {        0.0        0.0    0.00161 }     0.00161
   scf:    3   -20135.728855   -20134.997759   -20135.013128  1.384905 -6.438907  0.446312
     spin moment: {S} , |S| = {        0.0        0.0   -0.00007 }    -0.00007
   scf:    4   -20135.013874   -20135.009316   -20135.024503  0.014911 -6.424958  0.160537
     spin moment: {S} , |S| = {        0.0        0.0   -0.00002 }    -0.00002
   scf:    5   -20135.026068   -20135.018706   -20135.033710  0.028955 -6.421959  0.130444
     spin moment: {S} , |S| = {        0.0        0.0   -0.00016 }    -0.00016
   scf:    6   -20135.015422   -20135.018842   -20135.033605  0.009583 -6.417203  0.228824
     spin moment: {S} , |S| = {        0.0        0.0    0.00057 }     0.00057
   scf:    7   -20135.022013   -20135.020391   -20135.034899  0.009031 -6.412705  0.253922
     spin moment: {S} , |S| = {        0.0        0.0   -0.00003 }    -0.00003
   scf:    8   -20135.023963   -20135.022372   -20135.036843  0.002264 -6.412390  0.166898
     spin moment: {S} , |S| = {        0.0        0.0    0.00001 }     0.00001
   scf:    9   -20135.028187   -20135.025187   -20135.039332  0.009641 -6.408431  0.088973
     spin moment: {S} , |S| = {        0.0        0.0    0.00008 }     0.00008
   scf:   10   -20135.026811   -20135.025952   -20135.039963  0.005035 -6.406332  0.079739
     spin moment: {S} , |S| = {        0.0        0.0   -0.00005 }    -0.00005
   scf:   11   -20135.027698   -20135.026850   -20135.040737  0.005950 -6.404069  0.024407
     spin moment: {S} , |S| = {        0.0        0.0    0.00007 }     0.00007
   scf:   12   -20135.029045   -20135.027704   -20135.041368  0.011497 -6.398928  0.013882
     spin moment: {S} , |S| = {        0.0        0.0   -0.00006 }    -0.00006
   scf:   13   -20135.027829   -20135.027763   -20135.041404  0.001885 -6.398130  0.007548
     spin moment: {S} , |S| = {        0.0        0.0   -0.00004 }    -0.00004
   scf:   14   -20135.027816   -20135.027788   -20135.041423  0.001173 -6.397749  0.005381
     spin moment: {S} , |S| = {        0.0        0.0   -0.00006 }    -0.00006
   scf:   15   -20135.027809   -20135.027799   -20135.041437  0.001717 -6.397696  0.005094
     spin moment: {S} , |S| = {        0.0        0.0   -0.00001 }    -0.00001
   scf:   16   -20135.027828   -20135.027812   -20135.041448  0.001518 -6.397498  0.004008
     spin moment: {S} , |S| = {        0.0        0.0   -0.00005 }    -0.00005
   scf:   17   -20135.027833   -20135.027822   -20135.041453  0.000752 -6.397357  0.002579
     spin moment: {S} , |S| = {        0.0        0.0   -0.00004 }    -0.00004
   scf:   18   -20135.027834   -20135.027828   -20135.041455  0.000418 -6.397257  0.002089
     spin moment: {S} , |S| = {        0.0        0.0   -0.00004 }    -0.00004

SCF Convergence by DM criterion
max |DM_out - DM_in|         :     0.0004181263
max |H_out - H_in|      (eV) :     0.0020894685
SCF cycle converged after 18 iterations

Using DM_out to compute the final energy and forces
No. of atoms with KB's overlaping orbs in proc 0. Max # of overlaps:      88    1134

siesta: E_KS(eV) =           -20135.0278

siesta: Atomic forces (eV/Ang):
     1    0.297303   -0.000000   -0.197486
     2   -0.017546    0.000000   -0.012543
     3   -0.017360   -0.000000    0.012564
     4    0.297286    0.000000    0.197383
     5   -0.205423    0.000000    0.454258
     6   -0.205315   -0.000000   -0.454100
     7   -0.074787    0.000000   -0.253221
     8   -0.074782   -0.000000    0.253147
----------------------------------------
   Tot   -0.000625   -0.000000    0.000003
----------------------------------------
   Max    0.454258
   Res    0.192781    sqrt( Sum f_i^2 / 3N )
----------------------------------------
   Max    0.454258    constrained

Stress tensor Voigt[x,y,z,yz,xz,xy] (kbar):        9.76        8.08       27.50       -0.00       -0.00       -0.00
(Free)E + p*V (eV/cell)   -20136.0784
Target enthalpy (eV/cell)   -20135.0415

siesta: Stress tensor (static) (eV/Ang**3):
         0.006093    0.000000   -0.000000
        -0.000000    0.005042   -0.000000
        -0.000000   -0.000000    0.017164

siesta: Pressure (static):        -15.11325691  kBar

siesta: Stress tensor (total) (eV/Ang**3):
         0.006093    0.000000   -0.000000
        -0.000000    0.005042   -0.000000
        -0.000000   -0.000000    0.017164

siesta: Pressure (total):        -15.11325691  kBar

                     ====================================
                        Begin CG opt. move =      8
                     ====================================
k-point displ. along   2 input, could be:     0.00    0.50
k-point displ. along   3 input, could be:     0.00    0.50
 Kpoints in:           24 . Kpoints trimmed:           23

siesta: k-grid: Number of k-points = 23
siesta: k-points from Monkhorst-Pack grid
siesta: k-cutoff (effective) =     7.538 Ang
siesta: k-point supercell and displacements
siesta: k-grid:     3     0     0      0.000
siesta: k-grid:     0     6     0      0.000
siesta: k-grid:     0     0     2      0.000

superc: Internal auxiliary supercell:     7 x    11 x     5  =     385
superc: Number of atoms, orbitals, and projectors:   3080  72380  55440

outcell: Unit cell vectors (Ang):
        5.296718   -0.000000    0.000000
       -0.000000    2.728697   -0.000000
        0.000000   -0.000000    7.537631

outcell: Cell vector modules (Ang)   :    5.296718    2.728697    7.537631
outcell: Cell angles (23,13,12) (deg):     90.0000     90.0000     90.0000
outcell: Cell volume (Ang**3)        :    108.9424
<dSpData1D:S at geom step 8
  <sparsity:sparsity for geom step 8
    nrows_g=188 nrows=6 sparsity=.8940 nnzs=31598, refcount: 7>
  <dData1D:(new from dSpData1D) n=31598, refcount: 1>
refcount: 1>
new_DM -- step:     9
Re-using DM from previous geometries...
Number of DMs in history: 1
 DM extrapolation coefficients: 
1   1.00000
New DM after history re-use:
<dSpData2D:SpM extrapolated using coords
  <sparsity:sparsity for geom step 8
    nrows_g=188 nrows=6 sparsity=.8940 nnzs=31598, refcount: 9>
  <dData2D:(temp array for extrapolation) n=31598 m=2, refcount: 1>
refcount: 1>
No. of atoms with KB's overlaping orbs in proc 0. Max # of overlaps:      88    1145

InitMesh: MESH = 60 x 30 x 80 = 144000
InitMesh: Mesh cutoff (required, used) =   300.000   311.324 Ry
New grid distribution [1]: sub = 2
New grid distribution [2]: sub = 2
New grid distribution [3]: sub = 2
Setting up quadratic distribution...

        iscf     Eharris(eV)        E_KS(eV)     FreeEng(eV)     dDmax    Ef(eV) dHmax(eV)
   scf:    1   -20134.183899   -20135.038150   -20135.052043  0.402106 -6.400103  0.426198
     spin moment: {S} , |S| = {        0.0        0.0   -0.00001 }    -0.00001
   scf:    2   -20132.612688   -20134.270589   -20134.285411  0.252096 -6.584460  3.448293
     spin moment: {S} , |S| = {        0.0        0.0   -0.00065 }    -0.00065
   scf:    3   -20135.143412   -20135.053934   -20135.067877  0.218015 -6.421731  0.069363
     spin moment: {S} , |S| = {        0.0        0.0   -0.00001 }    -0.00001
   scf:    4   -20135.054736   -20135.054376   -20135.068317  0.001919 -6.421255  0.063484
     spin moment: {S} , |S| = {        0.0        0.0   -0.00004 }    -0.00004
   scf:    5   -20135.057408   -20135.056078   -20135.070104  0.012815 -6.421974  0.026543
     spin moment: {S} , |S| = {        0.0        0.0   -0.00003 }    -0.00003
   scf:    6   -20135.056626   -20135.056356   -20135.070466  0.003777 -6.423437  0.036319
     spin moment: {S} , |S| = {        0.0        0.0   -0.00001 }    -0.00001
   scf:    7   -20135.056668   -20135.056511   -20135.070677  0.002524 -6.424383  0.024028
     spin moment: {S} , |S| = {        0.0        0.0    0.00001 }     0.00001
   scf:    8   -20135.056668   -20135.056590   -20135.070791  0.001278 -6.424934  0.017961
     spin moment: {S} , |S| = {        0.0        0.0   -0.00006 }    -0.00006
   scf:    9   -20135.056846   -20135.056705   -20135.070970  0.002790 -6.425890  0.015053
     spin moment: {S} , |S| = {        0.0        0.0    0.00002 }     0.00002
   scf:   10   -20135.056878   -20135.056778   -20135.071113  0.002894 -6.426920  0.010402
     spin moment: {S} , |S| = {        0.0        0.0   -0.00004 }    -0.00004
   scf:   11   -20135.056835   -20135.056802   -20135.071178  0.001549 -6.427550  0.009157
     spin moment: {S} , |S| = {        0.0        0.0    0.00000 }     0.00000
   scf:   12   -20135.056867   -20135.056794   -20135.071292  0.004262 -6.429543  0.004662
     spin moment: {S} , |S| = {        0.0        0.0   -0.00002 }    -0.00002
   scf:   13   -20135.056767   -20135.056779   -20135.071303  0.000973 -6.430002  0.002874
     spin moment: {S} , |S| = {        0.0        0.0   -0.00002 }    -0.00002
   scf:   14   -20135.056774   -20135.056776   -20135.071307  0.000455 -6.430120  0.002534
     spin moment: {S} , |S| = {        0.0        0.0   -0.00002 }    -0.00002

SCF Convergence by DM criterion
max |DM_out - DM_in|         :     0.0004548064
max |H_out - H_in|      (eV) :     0.0025341858
SCF cycle converged after 14 iterations

Using DM_out to compute the final energy and forces
No. of atoms with KB's overlaping orbs in proc 0. Max # of overlaps:      88    1145

siesta: E_KS(eV) =           -20135.0568

siesta: Atomic forces (eV/Ang):
     1    0.178765   -0.000000   -0.033298
     2   -0.013921   -0.000000    0.011561
     3   -0.013840   -0.000000   -0.011548
     4    0.178755   -0.000000    0.033233
     5   -0.110446   -0.000000    0.187094
     6   -0.110388    0.000000   -0.187004
     7   -0.055580    0.000000    0.024174
     8   -0.055582    0.000000   -0.024208
----------------------------------------
   Tot   -0.002236   -0.000000    0.000003
----------------------------------------
   Max    0.187094
   Res    0.083786    sqrt( Sum f_i^2 / 3N )
----------------------------------------
   Max    0.187094    constrained

Stress tensor Voigt[x,y,z,yz,xz,xy] (kbar):        4.37       -8.06       19.13        0.00       -0.00        0.00
(Free)E + p*V (eV/cell)   -20135.4212
Target enthalpy (eV/cell)   -20135.0713

siesta: Stress tensor (static) (eV/Ang**3):
         0.002730    0.000000   -0.000000
         0.000000   -0.005031    0.000000
        -0.000000    0.000000    0.011938

siesta: Pressure (static):         -5.14631842  kBar

siesta: Stress tensor (total) (eV/Ang**3):
         0.002730    0.000000   -0.000000
         0.000000   -0.005031    0.000000
        -0.000000    0.000000    0.011938

siesta: Pressure (total):         -5.14631842  kBar

cgvc: Finished line minimization    2.  Mean atomic displacement =    0.0704

                     ====================================
                        Begin CG opt. move =      9
                     ====================================
k-point displ. along   2 input, could be:     0.00    0.50
k-point displ. along   3 input, could be:     0.00    0.50
 Kpoints in:           24 . Kpoints trimmed:           23

siesta: k-grid: Number of k-points = 23
siesta: k-points from Monkhorst-Pack grid
siesta: k-cutoff (effective) =     7.468 Ang
siesta: k-point supercell and displacements
siesta: k-grid:     3     0     0      0.000
siesta: k-grid:     0     6     0      0.000
siesta: k-grid:     0     0     2      0.000

superc: Internal auxiliary supercell:     7 x    11 x     5  =     385
superc: Number of atoms, orbitals, and projectors:   3080  72380  55440

outcell: Unit cell vectors (Ang):
        5.294403   -0.000000    0.000002
       -0.000000    2.754628   -0.000000
        0.000002   -0.000000    7.467698

outcell: Cell vector modules (Ang)   :    5.294403    2.754628    7.467698
outcell: Cell angles (23,13,12) (deg):     90.0000     90.0000     90.0000
outcell: Cell volume (Ang**3)        :    108.9097
<dSpData1D:S at geom step 9
  <sparsity:sparsity for geom step 9
    nrows_g=188 nrows=6 sparsity=.9014 nnzs=31860, refcount: 7>
  <dData1D:(new from dSpData1D) n=31860, refcount: 1>
refcount: 1>
new_DM -- step:    10
Re-using DM from previous geometries...
Number of DMs in history: 1
 DM extrapolation coefficients: 
1   1.00000
New DM after history re-use:
<dSpData2D:SpM extrapolated using coords
  <sparsity:sparsity for geom step 9
    nrows_g=188 nrows=6 sparsity=.9014 nnzs=31860, refcount: 9>
  <dData2D:(temp array for extrapolation) n=31860 m=2, refcount: 1>
refcount: 1>
No. of atoms with KB's overlaping orbs in proc 0. Max # of overlaps:      89    1154

InitMesh: MESH = 60 x 30 x 80 = 144000
InitMesh: Mesh cutoff (required, used) =   300.000   317.182 Ry
New grid distribution [1]: sub = 2
New grid distribution [2]: sub = 2
New grid distribution [3]: sub = 2
Setting up quadratic distribution...

        iscf     Eharris(eV)        E_KS(eV)     FreeEng(eV)     dDmax    Ef(eV) dHmax(eV)
   scf:    1   -20134.895760   -20134.807262   -20134.820685  0.447846 -6.499335  2.185215
     spin moment: {S} , |S| = {        0.0        0.0   -0.00003 }    -0.00003
   scf:    2   -19957.449764   -20076.911939   -20076.928931  1.958869 -5.831842 35.190430
     spin moment: {S} , |S| = {        0.0        0.0    0.00245 }     0.00245
   scf:    3   -20137.424491   -20135.041594   -20135.054806  1.894843 -6.438913  0.275403
     spin moment: {S} , |S| = {        0.0        0.0   -0.00002 }    -0.00002
   scf:    4   -20135.051175   -20135.048630   -20135.061823  0.018185 -6.425338  0.085056
     spin moment: {S} , |S| = {        0.0        0.0    0.00002 }     0.00002
   scf:    5   -20135.044928   -20135.048809   -20135.061970  0.012550 -6.422665  0.211725
     spin moment: {S} , |S| = {        0.0        0.0   -0.00017 }    -0.00017
   scf:    6   -20135.051985   -20135.050986   -20135.064129  0.003483 -6.423845  0.060367
     spin moment: {S} , |S| = {        0.0        0.0    0.00003 }     0.00003
   scf:    7   -20135.051286   -20135.051203   -20135.064333  0.001169 -6.424048  0.016433
     spin moment: {S} , |S| = {        0.0        0.0   -0.00003 }    -0.00003
   scf:    8   -20135.051476   -20135.051409   -20135.064442  0.006026 -6.421492  0.065738
     spin moment: {S} , |S| = {        0.0        0.0   -0.00001 }    -0.00001
   scf:    9   -20135.051555   -20135.051483   -20135.064499  0.000647 -6.421443  0.058268
     spin moment: {S} , |S| = {        0.0        0.0    0.00000 }     0.00000
   scf:   10   -20135.051781   -20135.051636   -20135.064618  0.001299 -6.421195  0.041535
     spin moment: {S} , |S| = {        0.0        0.0   -0.00001 }    -0.00001
   scf:   11   -20135.051908   -20135.051794   -20135.064730  0.001985 -6.421038  0.008807
     spin moment: {S} , |S| = {        0.0        0.0    0.00002 }     0.00002
   scf:   12   -20135.051963   -20135.051875   -20135.064771  0.001699 -6.420507  0.007427
     spin moment: {S} , |S| = {        0.0        0.0   -0.00001 }    -0.00001
   scf:   13   -20135.052207   -20135.052023   -20135.064831  0.003800 -6.419267  0.003037
     spin moment: {S} , |S| = {        0.0        0.0    0.00002 }     0.00002
   scf:   14   -20135.052081   -20135.052051   -20135.064838  0.000999 -6.418950  0.002007
     spin moment: {S} , |S| = {        0.0        0.0    0.00001 }     0.00001
   scf:   15   -20135.052062   -20135.052056   -20135.064841  0.000369 -6.418877  0.001562
     spin moment: {S} , |S| = {        0.0        0.0    0.00001 }     0.00001

SCF Convergence by DM criterion
max |DM_out - DM_in|         :     0.0003686425
max |H_out - H_in|      (eV) :     0.0015622442
SCF cycle converged after 15 iterations

Using DM_out to compute the final energy and forces
No. of atoms with KB's overlaping orbs in proc 0. Max # of overlaps:      89    1154

siesta: E_KS(eV) =           -20135.0521

siesta: Atomic forces (eV/Ang):
     1   -0.366256   -0.000000   -0.098090
     2    0.013737   -0.000000    0.104452
     3    0.013756   -0.000000   -0.104508
     4   -0.366260   -0.000000    0.098218
     5    0.189504    0.000001   -0.307770
     6    0.189396    0.000001    0.307689
     7    0.162387   -0.000000   -0.208699
     8    0.162404    0.000002    0.208709
----------------------------------------
   Tot   -0.001333    0.000003   -0.000000
----------------------------------------
   Max    0.366260
   Res    0.172096    sqrt( Sum f_i^2 / 3N )
----------------------------------------
   Max    0.366260    constrained

Stress tensor Voigt[x,y,z,yz,xz,xy] (kbar):       -2.45        1.05       10.18        0.00        0.00        0.00
(Free)E + p*V (eV/cell)   -20135.2637
Target enthalpy (eV/cell)   -20135.0648

siesta: Stress tensor (static) (eV/Ang**3):
        -0.001532    0.000000    0.000001
         0.000000    0.000654    0.000000
         0.000000    0.000000    0.006356

siesta: Pressure (static):         -2.92505085  kBar

siesta: Stress tensor (total) (eV/Ang**3):
        -0.001532    0.000000    0.000001
         0.000000    0.000654    0.000000
         0.000000    0.000000    0.006356

siesta: Pressure (total):         -2.92505085  kBar

                     ====================================
                        Begin CG opt. move =     10
                     ====================================
k-point displ. along   2 input, could be:     0.00    0.50
k-point displ. along   3 input, could be:     0.00    0.50
 Kpoints in:           24 . Kpoints trimmed:           23

siesta: k-grid: Number of k-points = 23
siesta: k-points from Monkhorst-Pack grid
siesta: k-cutoff (effective) =     7.507 Ang
siesta: k-point supercell and displacements
siesta: k-grid:     3     0     0      0.000
siesta: k-grid:     0     6     0      0.000
siesta: k-grid:     0     0     2      0.000

superc: Internal auxiliary supercell:     7 x    11 x     5  =     385
superc: Number of atoms, orbitals, and projectors:   3080  72380  55440

outcell: Unit cell vectors (Ang):
        5.295692   -0.000000    0.000001
       -0.000000    2.740193   -0.000000
        0.000001   -0.000000    7.506628

outcell: Cell vector modules (Ang)   :    5.295692    2.740193    7.506628
outcell: Cell angles (23,13,12) (deg):     90.0000     90.0000     90.0000
outcell: Cell volume (Ang**3)        :    108.9303
<dSpData1D:S at geom step 10
  <sparsity:sparsity for geom step 10
    nrows_g=188 nrows=6 sparsity=.8967 nnzs=31692, refcount: 7>
  <dData1D:(new from dSpData1D) n=31692, refcount: 1>
refcount: 1>
new_DM -- step:    11
Re-using DM from previous geometries...
Number of DMs in history: 1
 DM extrapolation coefficients: 
1   1.00000
New DM after history re-use:
<dSpData2D:SpM extrapolated using coords
  <sparsity:sparsity for geom step 10
    nrows_g=188 nrows=6 sparsity=.8967 nnzs=31692, refcount: 9>
  <dData2D:(temp array for extrapolation) n=31692 m=2, refcount: 1>
refcount: 1>
No. of atoms with KB's overlaping orbs in proc 0. Max # of overlaps:      88    1150

InitMesh: MESH = 60 x 30 x 80 = 144000
InitMesh: Mesh cutoff (required, used) =   300.000   313.901 Ry
New grid distribution [1]: sub = 2
New grid distribution [2]: sub = 2
New grid distribution [3]: sub = 2
Setting up quadratic distribution...

        iscf     Eharris(eV)        E_KS(eV)     FreeEng(eV)     dDmax    Ef(eV) dHmax(eV)
   scf:    1   -20134.582973   -20135.006012   -20135.019705  0.129378 -6.387780  1.090092
     spin moment: {S} , |S| = {        0.0        0.0    0.00009 }     0.00009
   scf:    2   -20077.563492   -20116.198340   -20116.208047  0.660156 -6.785248 20.131352
     spin moment: {S} , |S| = {        0.0        0.0   -0.00061 }    -0.00061
   scf:    3   -20135.477797   -20135.061899   -20135.075654  0.644384 -6.414021  0.272376
     spin moment: {S} , |S| = {        0.0        0.0    0.00004 }     0.00004
   scf:    4   -20135.066659   -20135.065862   -20135.079657  0.011617 -6.421532  0.043744
     spin moment: {S} , |S| = {        0.0        0.0    0.00000 }     0.00000
   scf:    5   -20135.066990   -20135.066611   -20135.080445  0.007462 -6.421380  0.016476
     spin moment: {S} , |S| = {        0.0        0.0    0.00005 }     0.00005
   scf:    6   -20135.066642   -20135.066629   -20135.080466  0.000400 -6.421477  0.010064
     spin moment: {S} , |S| = {        0.0        0.0   -0.00001 }    -0.00001

SCF Convergence by DM criterion
max |DM_out - DM_in|         :     0.0003996194
max |H_out - H_in|      (eV) :     0.0100640080
SCF cycle converged after 6 iterations

Using DM_out to compute the final energy and forces
No. of atoms with KB's overlaping orbs in proc 0. Max # of overlaps:      88    1150

siesta: E_KS(eV) =           -20135.0666

siesta: Atomic forces (eV/Ang):
     1   -0.059098   -0.000000   -0.048554
     2   -0.006750   -0.000000    0.046825
     3   -0.006336    0.000000   -0.046914
     4   -0.059080   -0.000000    0.048478
     5    0.020029    0.000001   -0.039812
     6    0.020172   -0.000000    0.040092
     7    0.043909    0.000001   -0.081100
     8    0.043916    0.000000    0.080984
----------------------------------------
   Tot   -0.003238    0.000001   -0.000001
----------------------------------------
   Max    0.081100
   Res    0.039350    sqrt( Sum f_i^2 / 3N )
----------------------------------------
   Max    0.081100    constrained

Stress tensor Voigt[x,y,z,yz,xz,xy] (kbar):        1.71       -4.41       15.27        0.00        0.00       -0.00
(Free)E + p*V (eV/cell)   -20135.3654
Target enthalpy (eV/cell)   -20135.0805

siesta: Stress tensor (static) (eV/Ang**3):
         0.001067   -0.000000    0.000002
        -0.000000   -0.002753    0.000000
         0.000001    0.000000    0.009532

siesta: Pressure (static):         -4.19028305  kBar

siesta: Stress tensor (total) (eV/Ang**3):
         0.001067   -0.000000    0.000002
        -0.000000   -0.002753    0.000000
         0.000001    0.000000    0.009532

siesta: Pressure (total):         -4.19028305  kBar

cgvc: Finished line minimization    3.  Mean atomic displacement =    0.0312

                     ====================================
                        Begin CG opt. move =     11
                     ====================================
k-point displ. along   2 input, could be:     0.00    0.50
k-point displ. along   3 input, could be:     0.00    0.50
 Kpoints in:           24 . Kpoints trimmed:           23

siesta: k-grid: Number of k-points = 23
siesta: k-points from Monkhorst-Pack grid
siesta: k-cutoff (effective) =     7.452 Ang
siesta: k-point supercell and displacements
siesta: k-grid:     3     0     0      0.000
siesta: k-grid:     0     6     0      0.000
siesta: k-grid:     0     0     2      0.000

superc: Internal auxiliary supercell:     7 x    11 x     5  =     385
superc: Number of atoms, orbitals, and projectors:   3080  72380  55440

outcell: Unit cell vectors (Ang):
        5.292090    0.000000   -0.000003
        0.000000    2.750095   -0.000000
       -0.000004   -0.000000    7.451791

outcell: Cell vector modules (Ang)   :    5.292090    2.750095    7.451791
outcell: Cell angles (23,13,12) (deg):     90.0000     90.0001     90.0000
outcell: Cell volume (Ang**3)        :    108.4515
<dSpData1D:S at geom step 11
  <sparsity:sparsity for geom step 11
    nrows_g=188 nrows=6 sparsity=.9068 nnzs=32049, refcount: 7>
  <dData1D:(new from dSpData1D) n=32049, refcount: 1>
refcount: 1>
new_DM -- step:    12
Re-using DM from previous geometries...
Number of DMs in history: 1
 DM extrapolation coefficients: 
1   1.00000
New DM after history re-use:
<dSpData2D:SpM extrapolated using coords
  <sparsity:sparsity for geom step 11
    nrows_g=188 nrows=6 sparsity=.9068 nnzs=32049, refcount: 9>
  <dData2D:(temp array for extrapolation) n=32049 m=2, refcount: 1>
refcount: 1>
No. of atoms with KB's overlaping orbs in proc 0. Max # of overlaps:      89    1170

InitMesh: MESH = 60 x 30 x 80 = 144000
InitMesh: Mesh cutoff (required, used) =   300.000   318.538 Ry
New grid distribution [1]: sub = 2
New grid distribution [2]: sub = 2
New grid distribution [3]: sub = 2
Setting up quadratic distribution...

        iscf     Eharris(eV)        E_KS(eV)     FreeEng(eV)     dDmax    Ef(eV) dHmax(eV)
   scf:    1   -20134.647126   -20134.905854   -20134.919268  0.433076 -6.483498  1.938503
     spin moment: {S} , |S| = {        0.0        0.0    0.00034 }     0.00034
   scf:    2   -19968.949461   -20080.617763   -20080.634022  1.581204 -6.017055 33.235905
     spin moment: {S} , |S| = {        0.0        0.0   -0.03575 }    -0.03575
   scf:    3   -20137.468227   -20135.074546   -20135.087548  1.520054 -6.441338  0.157051
     spin moment: {S} , |S| = {        0.0        0.0    0.00027 }     0.00027
   scf:    4   -20135.076758   -20135.076470   -20135.089492  0.012571 -6.433761  0.068575
     spin moment: {S} , |S| = {        0.0        0.0   -0.00030 }    -0.00030
   scf:    5   -20135.076805   -20135.076681   -20135.089700  0.002398 -6.433306  0.037730
     spin moment: {S} , |S| = {        0.0        0.0   -0.00001 }    -0.00001
   scf:    6   -20135.076133   -20135.076606   -20135.089629  0.007660 -6.432668  0.073754
     spin moment: {S} , |S| = {        0.0        0.0    0.00010 }     0.00010
   scf:    7   -20135.076687   -20135.076817   -20135.089869  0.002669 -6.433976  0.029229
     spin moment: {S} , |S| = {        0.0        0.0   -0.00006 }    -0.00006
   scf:    8   -20135.076700   -20135.076769   -20135.089831  0.000969 -6.434301  0.046653
     spin moment: {S} , |S| = {        0.0        0.0   -0.00001 }    -0.00001
   scf:    9   -20135.076897   -20135.076838   -20135.089905  0.001205 -6.434206  0.029265
     spin moment: {S} , |S| = {        0.0        0.0    0.00000 }     0.00000
   scf:   10   -20135.076896   -20135.076868   -20135.089941  0.000639 -6.434354  0.020569
     spin moment: {S} , |S| = {        0.0        0.0    0.00001 }     0.00001
   scf:   11   -20135.076946   -20135.076904   -20135.090002  0.002181 -6.435145  0.003042
     spin moment: {S} , |S| = {        0.0        0.0    0.00005 }     0.00005
   scf:   12   -20135.076901   -20135.076901   -20135.090013  0.000834 -6.435618  0.002738
     spin moment: {S} , |S| = {        0.0        0.0    0.00006 }     0.00006
   scf:   13   -20135.076892   -20135.076896   -20135.090016  0.000314 -6.435781  0.002223
     spin moment: {S} , |S| = {        0.0        0.0    0.00006 }     0.00006

SCF Convergence by DM criterion
max |DM_out - DM_in|         :     0.0003137114
max |H_out - H_in|      (eV) :     0.0022229417
SCF cycle converged after 13 iterations

Using DM_out to compute the final energy and forces
No. of atoms with KB's overlaping orbs in proc 0. Max # of overlaps:      89    1170

siesta: E_KS(eV) =           -20135.0769

siesta: Atomic forces (eV/Ang):
     1   -0.033472    0.000001   -0.010616
     2    0.017713    0.000000    0.000687
     3    0.016913    0.000000   -0.000727
     4   -0.033493    0.000000    0.011010
     5    0.038672   -0.000001   -0.017630
     6    0.038156   -0.000000    0.016965
     7   -0.024588    0.000001   -0.080564
     8   -0.024538   -0.000002    0.080874
----------------------------------------
   Tot   -0.004637   -0.000001    0.000000
----------------------------------------
   Max    0.080874
   Res    0.029485    sqrt( Sum f_i^2 / 3N )
----------------------------------------
   Max    0.080874    constrained

Stress tensor Voigt[x,y,z,yz,xz,xy] (kbar):       -4.39       -5.43        9.94       -0.00        0.00        0.00
(Free)E + p*V (eV/cell)   -20135.0928
Target enthalpy (eV/cell)   -20135.0900

siesta: Stress tensor (static) (eV/Ang**3):
        -0.002740    0.000000    0.000000
         0.000000   -0.003388   -0.000000
         0.000000   -0.000000    0.006204

siesta: Pressure (static):         -0.04057425  kBar

siesta: Stress tensor (total) (eV/Ang**3):
        -0.002740    0.000000    0.000000
         0.000000   -0.003388   -0.000000
         0.000000   -0.000000    0.006204

siesta: Pressure (total):         -0.04057425  kBar

                     ====================================
                        Begin CG opt. move =     12
                     ====================================
k-point displ. along   2 input, could be:     0.00    0.50
k-point displ. along   3 input, could be:     0.00    0.50
 Kpoints in:           24 . Kpoints trimmed:           23

siesta: k-grid: Number of k-points = 23
siesta: k-points from Monkhorst-Pack grid
siesta: k-cutoff (effective) =     7.364 Ang
siesta: k-point supercell and displacements
siesta: k-grid:     3     0     0      0.000
siesta: k-grid:     0     6     0      0.000
siesta: k-grid:     0     0     2      0.000

superc: Internal auxiliary supercell:     7 x    11 x     5  =     385
superc: Number of atoms, orbitals, and projectors:   3080  72380  55440

outcell: Unit cell vectors (Ang):
        5.286327    0.000000   -0.000008
        0.000000    2.765939   -0.000000
       -0.000012   -0.000000    7.364051

outcell: Cell vector modules (Ang)   :    5.286327    2.765939    7.364051
outcell: Cell angles (23,13,12) (deg):     90.0000     90.0002     90.0000
outcell: Cell volume (Ang**3)        :    107.6747
<dSpData1D:S at geom step 12
  <sparsity:sparsity for geom step 12
    nrows_g=188 nrows=6 sparsity=.9194 nnzs=32496, refcount: 7>
  <dData1D:(new from dSpData1D) n=32496, refcount: 1>
refcount: 1>
new_DM -- step:    13
Re-using DM from previous geometries...
Number of DMs in history: 1
 DM extrapolation coefficients: 
1   1.00000
New DM after history re-use:
<dSpData2D:SpM extrapolated using coords
  <sparsity:sparsity for geom step 12
    nrows_g=188 nrows=6 sparsity=.9194 nnzs=32496, refcount: 9>
  <dData2D:(temp array for extrapolation) n=32496 m=2, refcount: 1>
refcount: 1>
No. of atoms with KB's overlaping orbs in proc 0. Max # of overlaps:      89    1207

InitMesh: MESH = 60 x 30 x 80 = 144000
InitMesh: Mesh cutoff (required, used) =   300.000   325.132 Ry
New grid distribution [1]: sub = 2
New grid distribution [2]: sub = 2
New grid distribution [3]: sub = 2
Setting up quadratic distribution...

        iscf     Eharris(eV)        E_KS(eV)     FreeEng(eV)     dDmax    Ef(eV) dHmax(eV)
   scf:    1   -20133.661182   -20134.570318   -20134.583727  1.261562 -6.548246  3.311780
     spin moment: {S} , |S| = {        0.0        0.0   -0.00002 }    -0.00002
   scf:    2   -19516.410322   -19931.661469   -19931.678892  3.603906 -5.681835 62.828903
     spin moment: {S} , |S| = {        0.0        0.0    0.01893 }     0.01893
   scf:    3   -20142.039648   -20135.066390   -20135.078610  3.510641 -6.477293  0.497229
     spin moment: {S} , |S| = {        0.0        0.0   -0.00000 }    -0.00000
   scf:    4   -20135.082166   -20135.079685   -20135.091700  0.025546 -6.461217  0.062682
     spin moment: {S} , |S| = {        0.0        0.0    0.00016 }     0.00016
   scf:    5   -20135.080075   -20135.079916   -20135.091931  0.005292 -6.461223  0.047131
     spin moment: {S} , |S| = {        0.0        0.0   -0.00000 }    -0.00000
   scf:    6   -20135.080221   -20135.080096   -20135.092120  0.006178 -6.462066  0.023357
     spin moment: {S} , |S| = {        0.0        0.0    0.00009 }     0.00009
   scf:    7   -20135.080179   -20135.080153   -20135.092198  0.002474 -6.463513  0.020056
     spin moment: {S} , |S| = {        0.0        0.0    0.00014 }     0.00014
   scf:    8   -20135.080246   -20135.080200   -20135.092254  0.002059 -6.463525  0.015468
     spin moment: {S} , |S| = {        0.0        0.0    0.00009 }     0.00009
   scf:    9   -20135.080257   -20135.080228   -20135.092291  0.001474 -6.463493  0.009764
     spin moment: {S} , |S| = {        0.0        0.0    0.00011 }     0.00011
   scf:   10   -20135.080278   -20135.080252   -20135.092328  0.001131 -6.463712  0.006015
     spin moment: {S} , |S| = {        0.0        0.0    0.00011 }     0.00011
   scf:   11   -20135.080285   -20135.080262   -20135.092369  0.002013 -6.464758  0.002762
     spin moment: {S} , |S| = {        0.0        0.0    0.00011 }     0.00011
   scf:   12   -20135.080256   -20135.080259   -20135.092375  0.000461 -6.464994  0.002881
     spin moment: {S} , |S| = {        0.0        0.0    0.00011 }     0.00011

SCF Convergence by DM criterion
max |DM_out - DM_in|         :     0.0004607485
max |H_out - H_in|      (eV) :     0.0028805313
SCF cycle converged after 12 iterations

Using DM_out to compute the final energy and forces
No. of atoms with KB's overlaping orbs in proc 0. Max # of overlaps:      89    1207

siesta: E_KS(eV) =           -20135.0803

siesta: Atomic forces (eV/Ang):
     1    0.024399    0.000001    0.052803
     2    0.043925    0.000000   -0.085237
     3    0.041857   -0.000000    0.085294
     4    0.024307    0.000001   -0.051843
     5    0.061938   -0.000001    0.018543
     6    0.060552   -0.000000   -0.020321
     7   -0.131446    0.000000   -0.077362
     8   -0.131387   -0.000001    0.078124
----------------------------------------
   Tot   -0.005856    0.000000   -0.000001
----------------------------------------
   Max    0.131446
   Res    0.057653    sqrt( Sum f_i^2 / 3N )
----------------------------------------
   Max    0.131446    constrained

Stress tensor Voigt[x,y,z,yz,xz,xy] (kbar):      -16.64       -6.54       -3.49       -0.00       -0.00        0.00
(Free)E + p*V (eV/cell)   -20134.4949
Target enthalpy (eV/cell)   -20135.0924

siesta: Stress tensor (static) (eV/Ang**3):
        -0.010387    0.000000   -0.000001
         0.000000   -0.004083   -0.000000
        -0.000001   -0.000000   -0.002176

siesta: Pressure (static):          8.88984170  kBar

siesta: Stress tensor (total) (eV/Ang**3):
        -0.010387    0.000000   -0.000001
         0.000000   -0.004083   -0.000000
        -0.000001   -0.000000   -0.002176

siesta: Pressure (total):          8.88984170  kBar

                     ====================================
                        Begin CG opt. move =     13
                     ====================================
k-point displ. along   2 input, could be:     0.00    0.50
k-point displ. along   3 input, could be:     0.00    0.50
 Kpoints in:           24 . Kpoints trimmed:           23

siesta: k-grid: Number of k-points = 23
siesta: k-points from Monkhorst-Pack grid
siesta: k-cutoff (effective) =     7.394 Ang
siesta: k-point supercell and displacements
siesta: k-grid:     3     0     0      0.000
siesta: k-grid:     0     6     0      0.000
siesta: k-grid:     0     0     2      0.000

superc: Internal auxiliary supercell:     7 x    11 x     5  =     385
superc: Number of atoms, orbitals, and projectors:   3080  72380  55440

outcell: Unit cell vectors (Ang):
        5.288287    0.000000   -0.000006
        0.000000    2.760552   -0.000000
       -0.000009   -0.000000    7.393888

outcell: Cell vector modules (Ang)   :    5.288287    2.760552    7.393888
outcell: Cell angles (23,13,12) (deg):     90.0000     90.0001     90.0000
outcell: Cell volume (Ang**3)        :    107.9403
<dSpData1D:S at geom step 13
  <sparsity:sparsity for geom step 13
    nrows_g=188 nrows=6 sparsity=.9125 nnzs=32251, refcount: 7>
  <dData1D:(new from dSpData1D) n=32251, refcount: 1>
refcount: 1>
new_DM -- step:    14
Re-using DM from previous geometries...
Number of DMs in history: 1
 DM extrapolation coefficients: 
1   1.00000
New DM after history re-use:
<dSpData2D:SpM extrapolated using coords
  <sparsity:sparsity for geom step 13
    nrows_g=188 nrows=6 sparsity=.9125 nnzs=32251, refcount: 9>
  <dData2D:(temp array for extrapolation) n=32251 m=2, refcount: 1>
refcount: 1>
No. of atoms with KB's overlaping orbs in proc 0. Max # of overlaps:      89    1175

InitMesh: MESH = 60 x 30 x 80 = 144000
InitMesh: Mesh cutoff (required, used) =   300.000   323.546 Ry
New grid distribution [1]: sub = 2
New grid distribution [2]: sub = 2
New grid distribution [3]: sub = 2
Setting up quadratic distribution...

        iscf     Eharris(eV)        E_KS(eV)     FreeEng(eV)     dDmax    Ef(eV) dHmax(eV)
   scf:    1   -20134.869180   -20135.021118   -20135.033303  0.063441 -6.428097  1.135554
     spin moment: {S} , |S| = {        0.0        0.0    0.00011 }     0.00011
   scf:    2   -20055.463015   -20108.921803   -20108.934753  0.773308 -6.771697 22.837578
     spin moment: {S} , |S| = {        0.0        0.0   -0.00012 }    -0.00012
   scf:    3   -20135.779476   -20135.078505   -20135.091010  0.753324 -6.449858  0.216396
     spin moment: {S} , |S| = {        0.0        0.0    0.00011 }     0.00011
   scf:    4   -20135.080825   -20135.080737   -20135.093325  0.010328 -6.456134  0.019966
     spin moment: {S} , |S| = {        0.0        0.0    0.00011 }     0.00011
   scf:    5   -20135.080733   -20135.080763   -20135.093336  0.003879 -6.455456  0.026783
     spin moment: {S} , |S| = {        0.0        0.0    0.00011 }     0.00011
   scf:    6   -20135.080799   -20135.080785   -20135.093362  0.000306 -6.455509  0.015526
     spin moment: {S} , |S| = {        0.0        0.0    0.00011 }     0.00011

SCF Convergence by DM criterion
max |DM_out - DM_in|         :     0.0003062589
max |H_out - H_in|      (eV) :     0.0155264276
SCF cycle converged after 6 iterations

Using DM_out to compute the final energy and forces
No. of atoms with KB's overlaping orbs in proc 0. Max # of overlaps:      89    1175

siesta: E_KS(eV) =           -20135.0808

siesta: Atomic forces (eV/Ang):
     1    0.001325    0.000002    0.034860
     2    0.037943    0.000001   -0.056059
     3    0.036314    0.000000    0.056056
     4    0.001255    0.000001   -0.034114
     5    0.056797   -0.000000    0.010689
     6    0.055779   -0.000001   -0.012029
     7   -0.097427   -0.000001   -0.081413
     8   -0.097371   -0.000000    0.082006
----------------------------------------
   Tot   -0.005385    0.000001   -0.000005
----------------------------------------
   Max    0.097427
   Res    0.045802    sqrt( Sum f_i^2 / 3N )
----------------------------------------
   Max    0.097427    constrained

Stress tensor Voigt[x,y,z,yz,xz,xy] (kbar):      -11.59       -5.75        1.52       -0.00        0.00        0.00
(Free)E + p*V (eV/cell)   -20134.7380
Target enthalpy (eV/cell)   -20135.0934

siesta: Stress tensor (static) (eV/Ang**3):
        -0.007236    0.000000    0.000000
         0.000000   -0.003588   -0.000000
         0.000000   -0.000000    0.000947

siesta: Pressure (static):          5.27490586  kBar

siesta: Stress tensor (total) (eV/Ang**3):
        -0.007236    0.000000    0.000000
         0.000000   -0.003588   -0.000000
         0.000000   -0.000000    0.000947

siesta: Pressure (total):          5.27490586  kBar

cgvc: Finished line minimization    4.  Mean atomic displacement =    0.0641

                     ====================================
                        Begin CG opt. move =     14
                     ====================================
k-point displ. along   2 input, could be:     0.00    0.50
k-point displ. along   3 input, could be:     0.00    0.50
 Kpoints in:           24 . Kpoints trimmed:           23

siesta: k-grid: Number of k-points = 23
siesta: k-points from Monkhorst-Pack grid
siesta: k-cutoff (effective) =     7.303 Ang
siesta: k-point supercell and displacements
siesta: k-grid:     3     0     0      0.000
siesta: k-grid:     0     6     0      0.000
siesta: k-grid:     0     0     2      0.000

superc: Internal auxiliary supercell:     7 x    11 x     5  =     385
superc: Number of atoms, orbitals, and projectors:   3080  72380  55440

outcell: Unit cell vectors (Ang):
        5.316037    0.000000   -0.000012
        0.000000    2.784061    0.000000
       -0.000017    0.000000    7.303244

outcell: Cell vector modules (Ang)   :    5.316037    2.784061    7.303244
outcell: Cell angles (23,13,12) (deg):     90.0000     90.0003     90.0000
outcell: Cell volume (Ang**3)        :    108.0893
<dSpData1D:S at geom step 14
  <sparsity:sparsity for geom step 14
    nrows_g=188 nrows=6 sparsity=.9144 nnzs=32318, refcount: 7>
  <dData1D:(new from dSpData1D) n=32318, refcount: 1>
refcount: 1>
new_DM -- step:    15
Re-using DM from previous geometries...
Number of DMs in history: 1
 DM extrapolation coefficients: 
1   1.00000
New DM after history re-use:
<dSpData2D:SpM extrapolated using coords
  <sparsity:sparsity for geom step 14
    nrows_g=188 nrows=6 sparsity=.9144 nnzs=32318, refcount: 9>
  <dData2D:(temp array for extrapolation) n=32318 m=2, refcount: 1>
refcount: 1>
No. of atoms with KB's overlaping orbs in proc 0. Max # of overlaps:      89    1200

InitMesh: MESH = 60 x 30 x 80 = 144000
InitMesh: Mesh cutoff (required, used) =   300.000   320.913 Ry
New grid distribution [1]: sub = 2
New grid distribution [2]: sub = 2
New grid distribution [3]: sub = 2
Setting up quadratic distribution...

        iscf     Eharris(eV)        E_KS(eV)     FreeEng(eV)     dDmax    Ef(eV) dHmax(eV)
   scf:    1   -20132.510112   -20134.004311   -20134.017263  1.249151 -6.573492  4.776972
     spin moment: {S} , |S| = {        0.0        0.0    0.00018 }     0.00018
   scf:    2   -18821.021730   -19703.448244   -19703.461540  7.011498 -5.329268 90.034002
     spin moment: {S} , |S| = {        0.0        0.0   -0.01359 }    -0.01359
   scf:    3   -20151.166613   -20135.068519   -20135.080287  6.876717 -6.476768  0.476901
     spin moment: {S} , |S| = {        0.0        0.0   -0.00009 }    -0.00009
   scf:    4   -20135.090090   -20135.084960   -20135.096569  0.035040 -6.458654  0.121085
     spin moment: {S} , |S| = {        0.0        0.0   -0.00009 }    -0.00009
   scf:    5   -20135.087004   -20135.086319   -20135.097865  0.014642 -6.457846  0.079076
     spin moment: {S} , |S| = {        0.0        0.0   -0.00020 }    -0.00020
   scf:    6   -20135.087341   -20135.086911   -20135.098441  0.009524 -6.459055  0.047349
     spin moment: {S} , |S| = {        0.0        0.0   -0.00014 }    -0.00014
   scf:    7   -20135.087298   -20135.087188   -20135.098722  0.008583 -6.460901  0.027775
     spin moment: {S} , |S| = {        0.0        0.0   -0.00016 }    -0.00016
   scf:    8   -20135.087452   -20135.087338   -20135.098858  0.010587 -6.458871  0.012051
     spin moment: {S} , |S| = {        0.0        0.0   -0.00017 }    -0.00017
   scf:    9   -20135.087368   -20135.087356   -20135.098869  0.001125 -6.458770  0.007173
     spin moment: {S} , |S| = {        0.0        0.0   -0.00015 }    -0.00015
   scf:   10   -20135.087385   -20135.087371   -20135.098885  0.001161 -6.459004  0.005813
     spin moment: {S} , |S| = {        0.0        0.0   -0.00020 }    -0.00020
   scf:   11   -20135.087395   -20135.087383   -20135.098894  0.001595 -6.458942  0.004275
     spin moment: {S} , |S| = {        0.0        0.0   -0.00019 }    -0.00019
   scf:   12   -20135.087387   -20135.087385   -20135.098896  0.000214 -6.458947  0.003960
     spin moment: {S} , |S| = {        0.0        0.0   -0.00019 }    -0.00019

SCF Convergence by DM criterion
max |DM_out - DM_in|         :     0.0002140504
max |H_out - H_in|      (eV) :     0.0039602215
SCF cycle converged after 12 iterations

Using DM_out to compute the final energy and forces
No. of atoms with KB's overlaping orbs in proc 0. Max # of overlaps:      89    1200

siesta: E_KS(eV) =           -20135.0874

siesta: Atomic forces (eV/Ang):
     1    0.000233   -0.000002   -0.009989
     2   -0.022635    0.000000   -0.003918
     3   -0.020383   -0.000000    0.004593
     4    0.000470   -0.000001    0.007254
     5   -0.060103   -0.000001   -0.015199
     6   -0.057336    0.000003    0.018266
     7    0.080756    0.000001    0.087884
     8    0.080600   -0.000001   -0.088913
----------------------------------------
   Tot    0.001604   -0.000000   -0.000023
----------------------------------------
   Max    0.088913
   Res    0.039385    sqrt( Sum f_i^2 / 3N )
----------------------------------------
   Max    0.088913    constrained

Stress tensor Voigt[x,y,z,yz,xz,xy] (kbar):      -14.87        3.24       -4.60       -0.00       -0.00        0.00
(Free)E + p*V (eV/cell)   -20134.7338
Target enthalpy (eV/cell)   -20135.0989

siesta: Stress tensor (static) (eV/Ang**3):
        -0.009281    0.000000   -0.000002
         0.000000    0.002022   -0.000000
        -0.000002   -0.000000   -0.002873

siesta: Pressure (static):          5.41098897  kBar

siesta: Stress tensor (total) (eV/Ang**3):
        -0.009281    0.000000   -0.000002
         0.000000    0.002022   -0.000000
        -0.000002   -0.000000   -0.002873

siesta: Pressure (total):          5.41098897  kBar

                     ====================================
                        Begin CG opt. move =     15
                     ====================================
k-point displ. along   2 input, could be:     0.00    0.50
k-point displ. along   3 input, could be:     0.00    0.50
 Kpoints in:           24 . Kpoints trimmed:           23

siesta: k-grid: Number of k-points = 23
siesta: k-points from Monkhorst-Pack grid
siesta: k-cutoff (effective) =     7.334 Ang
siesta: k-point supercell and displacements
siesta: k-grid:     3     0     0      0.000
siesta: k-grid:     0     6     0      0.000
siesta: k-grid:     0     0     2      0.000

superc: Internal auxiliary supercell:     7 x    11 x     5  =     385
superc: Number of atoms, orbitals, and projectors:   3080  72380  55440

outcell: Unit cell vectors (Ang):
        5.306760    0.000000   -0.000010
        0.000000    2.776202   -0.000000
       -0.000015   -0.000000    7.333546

outcell: Cell vector modules (Ang)   :    5.306760    2.776202    7.333546
outcell: Cell angles (23,13,12) (deg):     90.0000     90.0002     90.0000
outcell: Cell volume (Ang**3)        :    108.0425
<dSpData1D:S at geom step 15
  <sparsity:sparsity for geom step 15
    nrows_g=188 nrows=6 sparsity=.9211 nnzs=32554, refcount: 7>
  <dData1D:(new from dSpData1D) n=32554, refcount: 1>
refcount: 1>
new_DM -- step:    16
Re-using DM from previous geometries...
Number of DMs in history: 1
 DM extrapolation coefficients: 
1   1.00000
New DM after history re-use:
<dSpData2D:SpM extrapolated using coords
  <sparsity:sparsity for geom step 15
    nrows_g=188 nrows=6 sparsity=.9211 nnzs=32554, refcount: 9>
  <dData2D:(temp array for extrapolation) n=32554 m=2, refcount: 1>
refcount: 1>
No. of atoms with KB's overlaping orbs in proc 0. Max # of overlaps:      89    1202

InitMesh: MESH = 60 x 30 x 80 = 144000
InitMesh: Mesh cutoff (required, used) =   300.000   322.732 Ry
New grid distribution [1]: sub = 2
New grid distribution [2]: sub = 2
New grid distribution [3]: sub = 2
Setting up quadratic distribution...

        iscf     Eharris(eV)        E_KS(eV)     FreeEng(eV)     dDmax    Ef(eV) dHmax(eV)
   scf:    1   -20134.468456   -20134.971821   -20134.982609  0.464194 -6.419626  1.570840
     spin moment: {S} , |S| = {        0.0        0.0   -0.00017 }    -0.00017
   scf:    2   -19984.154435   -20085.524242   -20085.534362  1.005826 -6.942416 31.272919
     spin moment: {S} , |S| = {        0.0        0.0   -0.00127 }    -0.00127
   scf:    3   -20136.546577   -20135.084983   -20135.096379  0.975138 -6.448788  0.259385
     spin moment: {S} , |S| = {        0.0        0.0   -0.00015 }    -0.00015
   scf:    4   -20135.088692   -20135.088528   -20135.100063  0.015294 -6.456723  0.037700
     spin moment: {S} , |S| = {        0.0        0.0   -0.00015 }    -0.00015
   scf:    5   -20135.088388   -20135.088595   -20135.100125  0.010504 -6.455518  0.052877
     spin moment: {S} , |S| = {        0.0        0.0   -0.00013 }    -0.00013
   scf:    6   -20135.088749   -20135.088695   -20135.100240  0.000688 -6.455755  0.024169
     spin moment: {S} , |S| = {        0.0        0.0   -0.00014 }    -0.00014
   scf:    7   -20135.088718   -20135.088708   -20135.100257  0.000512 -6.455886  0.016620
     spin moment: {S} , |S| = {        0.0        0.0   -0.00014 }    -0.00014
   scf:    8   -20135.088731   -20135.088722   -20135.100277  0.002781 -6.456294  0.006536
     spin moment: {S} , |S| = {        0.0        0.0   -0.00013 }    -0.00013
   scf:    9   -20135.088725   -20135.088724   -20135.100280  0.000603 -6.456352  0.004103
     spin moment: {S} , |S| = {        0.0        0.0   -0.00014 }    -0.00014
   scf:   10   -20135.088730   -20135.088727   -20135.100282  0.000521 -6.456352  0.002590
     spin moment: {S} , |S| = {        0.0        0.0   -0.00013 }    -0.00013
   scf:   11   -20135.088735   -20135.088731   -20135.100284  0.000641 -6.456329  0.001224
     spin moment: {S} , |S| = {        0.0        0.0   -0.00014 }    -0.00014
   scf:   12   -20135.088735   -20135.088733   -20135.100284  0.000173 -6.456306  0.001040
     spin moment: {S} , |S| = {        0.0        0.0   -0.00013 }    -0.00013

SCF Convergence by DM criterion
max |DM_out - DM_in|         :     0.0001733185
max |H_out - H_in|      (eV) :     0.0010404549
SCF cycle converged after 12 iterations

Using DM_out to compute the final energy and forces
No. of atoms with KB's overlaping orbs in proc 0. Max # of overlaps:      89    1202

siesta: E_KS(eV) =           -20135.0887

siesta: Atomic forces (eV/Ang):
     1   -0.002249   -0.000000    0.004964
     2   -0.003133    0.000000   -0.017862
     3   -0.002379   -0.000000    0.018332
     4   -0.002130   -0.000001   -0.006541
     5   -0.014167   -0.000001   -0.003355
     6   -0.012700    0.000003    0.004885
     7    0.018056    0.000000    0.020077
     8    0.017931   -0.000001   -0.020511
----------------------------------------
   Tot   -0.000770    0.000001   -0.000010
----------------------------------------
   Max    0.020511
   Res    0.010440    sqrt( Sum f_i^2 / 3N )
----------------------------------------
   Max    0.020511    constrained

Stress tensor Voigt[x,y,z,yz,xz,xy] (kbar):      -13.76       -0.22       -2.20       -0.00       -0.00        0.00
(Free)E + p*V (eV/cell)   -20134.7365
Target enthalpy (eV/cell)   -20135.1003

siesta: Stress tensor (static) (eV/Ang**3):
        -0.008590    0.000000   -0.000002
         0.000000   -0.000138   -0.000000
        -0.000002   -0.000000   -0.001374

siesta: Pressure (static):          5.39505339  kBar

siesta: Stress tensor (total) (eV/Ang**3):
        -0.008590    0.000000   -0.000002
         0.000000   -0.000138   -0.000000
        -0.000002   -0.000000   -0.001374

siesta: Pressure (total):          5.39505339  kBar

cgvc: Finished line minimization    5.  Mean atomic displacement =    0.0427

                     ====================================
                        Begin CG opt. move =     16
                     ====================================
k-point displ. along   2 input, could be:     0.00    0.50
k-point displ. along   3 input, could be:     0.00    0.50
 Kpoints in:           24 . Kpoints trimmed:           23

siesta: k-grid: Number of k-points = 23
siesta: k-points from Monkhorst-Pack grid
siesta: k-cutoff (effective) =     7.322 Ang
siesta: k-point supercell and displacements
siesta: k-grid:     3     0     0      0.000
siesta: k-grid:     0     6     0      0.000
siesta: k-grid:     0     0     2      0.000

superc: Internal auxiliary supercell:     7 x    11 x     5  =     385
superc: Number of atoms, orbitals, and projectors:   3080  72380  55440

outcell: Unit cell vectors (Ang):
        5.367836    0.000000   -0.000000
        0.000000    2.782743    0.000000
       -0.000001    0.000000    7.322182

outcell: Cell vector modules (Ang)   :    5.367836    2.782743    7.322182
outcell: Cell angles (23,13,12) (deg):     90.0000     90.0000     90.0000
outcell: Cell volume (Ang**3)        :    109.3737
<dSpData1D:S at geom step 16
  <sparsity:sparsity for geom step 16
    nrows_g=188 nrows=6 sparsity=.9068 nnzs=32051, refcount: 7>
  <dData1D:(new from dSpData1D) n=32051, refcount: 1>
refcount: 1>
new_DM -- step:    17
Re-using DM from previous geometries...
Number of DMs in history: 1
 DM extrapolation coefficients: 
1   1.00000
New DM after history re-use:
<dSpData2D:SpM extrapolated using coords
  <sparsity:sparsity for geom step 16
    nrows_g=188 nrows=6 sparsity=.9068 nnzs=32051, refcount: 9>
  <dData2D:(temp array for extrapolation) n=32051 m=2, refcount: 1>
refcount: 1>
No. of atoms with KB's overlaping orbs in proc 0. Max # of overlaps:      88    1188

InitMesh: MESH = 60 x 30 x 80 = 144000
InitMesh: Mesh cutoff (required, used) =   300.000   321.217 Ry
New grid distribution [1]: sub = 2
New grid distribution [2]: sub = 2
New grid distribution [3]: sub = 2
Setting up quadratic distribution...

        iscf     Eharris(eV)        E_KS(eV)     FreeEng(eV)     dDmax    Ef(eV) dHmax(eV)
   scf:    1   -20135.216619   -20134.824124   -20134.836657  0.226393 -6.445656  2.162324
     spin moment: {S} , |S| = {        0.0        0.0    0.00003 }     0.00003
   scf:    2   -19756.186917   -20010.515745   -20010.539232  1.806412 -6.123195 45.951450
     spin moment: {S} , |S| = {        0.0        0.0    0.04711 }     0.04711
   scf:    3   -20140.223152   -20135.088626   -20135.100596  1.746268 -6.414430  0.165146
     spin moment: {S} , |S| = {        0.0        0.0    0.00014 }     0.00014
   scf:    4   -20135.091705   -20135.090413   -20135.102326  0.010338 -6.412950  0.120328
     spin moment: {S} , |S| = {        0.0        0.0    0.00036 }     0.00036
   scf:    5   -20135.091958   -20135.091345   -20135.103195  0.010601 -6.413184  0.074960
     spin moment: {S} , |S| = {        0.0        0.0    0.00018 }     0.00018
   scf:    6   -20135.091989   -20135.091730   -20135.103532  0.007593 -6.413701  0.032336
     spin moment: {S} , |S| = {        0.0        0.0    0.00026 }     0.00026
   scf:    7   -20135.091981   -20135.091863   -20135.103643  0.002228 -6.413950  0.023318
     spin moment: {S} , |S| = {        0.0        0.0    0.00036 }     0.00036
   scf:    8   -20135.092229   -20135.092044   -20135.103785  0.004192 -6.413105  0.024886
     spin moment: {S} , |S| = {        0.0        0.0    0.00026 }     0.00026
   scf:    9   -20135.092739   -20135.092386   -20135.104031  0.010564 -6.408906  0.026354
     spin moment: {S} , |S| = {        0.0        0.0    0.00028 }     0.00028
   scf:   10   -20135.092678   -20135.092530   -20135.104147  0.002452 -6.408943  0.009083
     spin moment: {S} , |S| = {        0.0        0.0    0.00034 }     0.00034
   scf:   11   -20135.092814   -20135.092655   -20135.104231  0.002748 -6.407953  0.005717
     spin moment: {S} , |S| = {        0.0        0.0    0.00036 }     0.00036
   scf:   12   -20135.092708   -20135.092680   -20135.104245  0.000835 -6.407647  0.005579
     spin moment: {S} , |S| = {        0.0        0.0    0.00035 }     0.00035
   scf:   13   -20135.092724   -20135.092701   -20135.104254  0.000861 -6.407355  0.003236
     spin moment: {S} , |S| = {        0.0        0.0    0.00033 }     0.00033
   scf:   14   -20135.092713   -20135.092707   -20135.104257  0.000331 -6.407261  0.002204
     spin moment: {S} , |S| = {        0.0        0.0    0.00033 }     0.00033

SCF Convergence by DM criterion
max |DM_out - DM_in|         :     0.0003308352
max |H_out - H_in|      (eV) :     0.0022042150
SCF cycle converged after 14 iterations

Using DM_out to compute the final energy and forces
No. of atoms with KB's overlaping orbs in proc 0. Max # of overlaps:      88    1188

siesta: E_KS(eV) =           -20135.0927

siesta: Atomic forces (eV/Ang):
     1    0.015750    0.000001   -0.036219
     2    0.001117   -0.000001    0.006714
     3    0.000107    0.000000   -0.008278
     4    0.015332    0.000002    0.043211
     5   -0.000318    0.000001   -0.007184
     6   -0.005958   -0.000006    0.001021
     7   -0.010233    0.000000    0.020528
     8   -0.009800    0.000003   -0.019786
----------------------------------------
   Tot    0.005997    0.000001    0.000007
----------------------------------------
   Max    0.043211
   Res    0.014258    sqrt( Sum f_i^2 / 3N )
----------------------------------------
   Max    0.043211    constrained

Stress tensor Voigt[x,y,z,yz,xz,xy] (kbar):        2.65        9.06        9.89        0.00       -0.00       -0.00
(Free)E + p*V (eV/cell)   -20135.5958
Target enthalpy (eV/cell)   -20135.1043

siesta: Stress tensor (static) (eV/Ang**3):
         0.001655   -0.000000    0.000000
        -0.000000    0.005653    0.000000
        -0.000000    0.000000    0.006175

siesta: Pressure (static):         -7.20061977  kBar

siesta: Stress tensor (total) (eV/Ang**3):
         0.001655   -0.000000    0.000000
        -0.000000    0.005653    0.000000
        -0.000000    0.000000    0.006175

siesta: Pressure (total):         -7.20061977  kBar

outcoor: Relaxed atomic coordinates (fractional):           
    0.75408473    0.50000006    0.21919062   1       1  Ga
   -0.00003695    0.00000010    0.50225848   1       2  Ga
    0.49998314    0.00000003    0.49775602   1       3  Ga
    0.25409086    0.49999997    0.78075690   1       4  Ga
   -0.00125758   -0.00000005   -0.00403113   2       5  Mn
    0.49880692    0.00000036    0.00407824   2       6  Mn
    0.24688755    0.50000006    0.24536299   2       7  Mn
    0.74688253    0.49999997    0.75462729   2       8  Mn

outcell: Unit cell vectors (Ang):
        5.367836    0.000000   -0.000000
        0.000000    2.782743    0.000000
       -0.000001    0.000000    7.322182

outcell: Cell vector modules (Ang)   :    5.367836    2.782743    7.322182
outcell: Cell angles (23,13,12) (deg):     90.0000     90.0000     90.0000
outcell: Cell volume (Ang**3)        :    109.3737

coxmol: Writing XMOL coordinates into file hea.xyz                                                                                                                                                                                                                             
Writing WFSX for COOP/COHP in hea.fullBZ.WFSX

diag: Algorithm                                     = D&C
diag: Parallel over k                               =   F
diag: Use parallel 2D distribution                  =   T
diag: Parallel block-size                           = 3
diag: Parallel distribution                         =     6 x     8
diag: Used triangular part                          = Lower
diag: Absolute tolerance                            =  0.100E-15
diag: Orthogonalization factor                      =  0.100E-05
diag: Memory factor                                 =  1.0000

diag: Algorithm                                     = D&C
diag: Parallel over k                               =   F
diag: Use parallel 2D distribution                  =   T
diag: Parallel block-size                           = 3
diag: Parallel distribution                         =     6 x     8
diag: Used triangular part                          = Lower
diag: Absolute tolerance                            =  0.100E-15
diag: Orthogonalization factor                      =  0.100E-05
diag: Memory factor                                 =  1.0000

siesta: PDOS info
siesta: E1 -- E2, sigma [eV], nhist:  -20.000 --   20.000    0.100 1000

diag: Algorithm                                     = D&C
diag: Parallel over k                               =   F
diag: Use parallel 2D distribution                  =   T
diag: Parallel block-size                           = 3
diag: Parallel distribution                         =     6 x     8
diag: Used triangular part                          = Lower
diag: Absolute tolerance                            =  0.100E-15
diag: Orthogonalization factor                      =  0.100E-05
diag: Memory factor                                 =  1.0000

siesta: Program's energy decomposition (eV):
siesta: Ebs     =     -3229.207943
siesta: Eions   =     25058.181730
siesta: Ena     =      1959.648176
siesta: Ekin    =     12040.059114
siesta: Enl     =     -4911.158731
siesta: Eso     =         0.000000
siesta: Edftu   =         0.000000
siesta: DEna    =        62.604378
siesta: DUscf   =         0.980922
siesta: DUext   =         0.000000
siesta: Ex      =     -3983.490811
siesta: Ec      =      -245.554025
siesta: Exc     =     -4229.044836
siesta: EbV     =         0.000000
siesta: eta*DQ  =         0.000000
siesta: Emadel  =         0.000000
siesta: Emeta   =         0.000000
siesta: Emolmec =         0.000000
siesta: Ekinion =         0.000000
siesta: Eharris =    -20135.092713
siesta: Etot    =    -20135.092707
siesta: FreeEng =    -20135.104257

siesta: Final energy (eV):
siesta:  Band Struct. =   -3229.207943
siesta:       Kinetic =   12040.059114
siesta:       Hartree =    4901.677170
siesta:         Edftu =       0.000000
siesta:       Eso     =       0.000000
siesta:    Ext. field =       0.000000
siesta:         Exch. =   -3983.490811
siesta:         Corr. =    -245.554025
siesta:     Bulk bias =       0.000000
siesta:   Exch.-corr. =   -4229.044836
siesta:  Ion-electron =  -21856.360477
siesta:       Ion-ion =  -10991.423678
siesta:       Ekinion =       0.000000
siesta: D3 dispersion =       0.000000
siesta:         Total =  -20135.092707
siesta:         Fermi =      -6.407261

siesta: Stress tensor (static) (eV/Ang**3):
siesta:     0.001655   -0.000000    0.000000
siesta:    -0.000000    0.005653    0.000000
siesta:    -0.000000    0.000000    0.006175

siesta: Constrained stress tensor (static) (eV/Ang**3):
siesta:     0.001655   -0.000000   -0.000000
siesta:    -0.000000    0.005653    0.000000
siesta:    -0.000000    0.000000    0.006175

siesta: Cell volume =        109.373684 Ang**3

siesta: Pressure (static):
siesta:                Solid            Molecule  Units
siesta:          -0.00004895         -0.00005278  Ry/Bohr**3
siesta:          -0.00449427         -0.00484562  eV/Ang**3
siesta:          -7.20061977         -7.76353880  kBar
(Free)E+ p_basis*V_orbitals  =      -20092.268618
(Free)Eharris+ p_basis*V_orbitals  =      -20092.268625

mulliken: Atomic and Orbital Populations:

mulliken: Spin UP 

Species: Ga                  
Atom  Qatom  Qorb
               4s      4s      4s      4py     4pz     4px     4py     4pz     
               4px     4py     4pz     4px     3dxy    3dyz    3dz2    3dxz    
               3dx2-y2 4dxy    4dyz    4dz2    4dxz    4dx2-y2 
   1  6.976   0.708  -0.208   0.278  -0.053   0.178   0.358   0.342   0.185
              0.119  -0.071  -0.084  -0.093   0.999   0.997   0.999   0.998

              0.999   0.098   0.048   0.090   0.063   0.025
   2  6.431   0.691  -0.282   0.346  -0.549   0.020  -0.102   0.371   0.249
              0.207   0.228  -0.046   0.041   0.998   0.998   0.999   0.997

              0.999   0.047   0.042   0.102   0.042   0.034
   3  6.417   0.712  -0.290   0.341  -0.486  -0.096  -0.098   0.344   0.252
              0.203   0.199   0.031   0.023   0.998   0.998   0.999   0.997

              0.999   0.053   0.048   0.100   0.055   0.035
   4  6.994   0.762  -0.227   0.274  -0.120   0.285   0.276   0.344   0.167
              0.137  -0.046  -0.160  -0.004   0.999   0.997   0.999   0.998

              0.998   0.118   0.045   0.082   0.064   0.007

Species: Mn                  
Atom  Qatom  Qorb
               3s      4s      4s      4s      3py     3pz     3px     4py     
               4pz     4px     3dxy    3dyz    3dz2    3dxz    3dx2-y2 3dxy    
               3dyz    3dz2    3dxz    3dx2-y2 3dxy    3dyz    3dz2    3dxz    
               3dx2-y2 
   5  8.708   0.986  -0.985   0.248   0.540   0.996   0.996   0.996   0.229
              0.219   0.242   1.265   1.346   1.241   1.285   1.240  -0.078

             -0.110  -0.056  -0.106  -0.061  -0.312  -0.383  -0.301  -0.358

             -0.370
   6  5.853   0.958  -0.921   0.269   0.432   0.994   0.994   0.994   0.179
              0.158   0.160   0.359   0.570   0.403   0.588   0.690  -0.042

             -0.062  -0.032  -0.067  -0.050  -0.067  -0.158  -0.098  -0.165

             -0.234
   7  8.833   0.983  -0.986   0.203   0.638   0.995   0.995   0.995   0.227
              0.227   0.238   1.244   1.273   1.242   1.257   1.244  -0.056

             -0.069  -0.053  -0.077  -0.055  -0.302  -0.348  -0.291  -0.353

             -0.340
   8  5.788   0.955  -0.989   0.221   0.590   0.994   0.993   0.993   0.177
              0.163   0.168   0.392   0.460   0.288   0.712   0.493  -0.036

             -0.040  -0.025  -0.063  -0.042  -0.088  -0.119  -0.051  -0.220

             -0.136

mulliken: Qtot =       56.000

mulliken: Spin DOWN 

Species: Ga                  
Atom  Qatom  Qorb
               4s      4s      4s      4py     4pz     4px     4py     4pz     
               4px     4py     4pz     4px     3dxy    3dyz    3dz2    3dxz    
               3dx2-y2 4dxy    4dyz    4dz2    4dxz    4dx2-y2 
   1  6.993   0.762  -0.227   0.274  -0.120   0.284   0.275   0.343   0.167
              0.137  -0.046  -0.159  -0.003   0.999   0.997   0.999   0.998

              0.998   0.118   0.045   0.082   0.064   0.007
   2  6.417   0.712  -0.289   0.341  -0.486  -0.096  -0.098   0.344   0.252
              0.203   0.199   0.031   0.023   0.998   0.998   0.999   0.997

              0.999   0.053   0.048   0.100   0.055   0.035
   3  6.431   0.691  -0.282   0.346  -0.549   0.020  -0.102   0.371   0.249
              0.207   0.228  -0.046   0.041   0.998   0.998   0.999   0.997

              0.999   0.047   0.042   0.102   0.042   0.034
   4  6.977   0.708  -0.208   0.278  -0.053   0.179   0.358   0.342   0.185
              0.119  -0.071  -0.084  -0.093   0.999   0.997   0.999   0.998

              0.999   0.098   0.048   0.090   0.063   0.025

Species: Mn                  
Atom  Qatom  Qorb
               3s      4s      4s      4s      3py     3pz     3px     4py     
               4pz     4px     3dxy    3dyz    3dz2    3dxz    3dx2-y2 3dxy    
               3dyz    3dz2    3dxz    3dx2-y2 3dxy    3dyz    3dz2    3dxz    
               3dx2-y2 
   5  5.853   0.958  -0.921   0.269   0.432   0.994   0.994   0.994   0.179
              0.158   0.160   0.359   0.570   0.403   0.588   0.690  -0.042

             -0.062  -0.032  -0.067  -0.050  -0.067  -0.158  -0.098  -0.165

             -0.234
   6  8.708   0.986  -0.985   0.248   0.540   0.996   0.996   0.996   0.229
              0.219   0.242   1.265   1.346   1.241   1.285   1.240  -0.078

             -0.110  -0.056  -0.106  -0.061  -0.312  -0.383  -0.301  -0.358

             -0.370
   7  5.788   0.955  -0.989   0.221   0.589   0.994   0.993   0.993   0.177
              0.163   0.168   0.392   0.460   0.287   0.712   0.492  -0.036

             -0.040  -0.025  -0.063  -0.042  -0.088  -0.119  -0.051  -0.220

             -0.136
   8  8.833   0.983  -0.986   0.203   0.638   0.995   0.995   0.995   0.227
              0.227   0.238   1.244   1.273   1.242   1.257   1.244  -0.056

             -0.069  -0.053  -0.077  -0.055  -0.302  -0.348  -0.291  -0.353

             -0.340

mulliken: Qtot =       56.000

Mulliken Atomic Populations:
Atom #   charge [q] valence [e]      Sz [e]  Species
     1    -0.969587   13.969587   -0.017024  Ga
     2     0.151138   12.848862    0.014125  Ga
     3     0.151277   12.848723   -0.014137  Ga
     4    -0.970205   13.970205    0.017066  Ga
     5     0.439507   14.560493    2.855126  Mn
     6     0.439447   14.560553   -2.855006  Mn
     7     0.379311   14.620689    3.044669  Mn
     8     0.379113   14.620887   -3.044491  Mn
-------------------------------------------
 Total    -0.000000                0.000327

cite: Please indicate the Siesta version in published work: 5.2.2
cite: This calculation has made use of features in the following articles
cite: which we encourage you to cite in published work.
cite: (Please see "hea.bib" for a BibTeX file.)
        Primary SIESTA paper
          DOI: www.doi.org/10.1088/0953-8984/14/11/302
        PSML pseudopotential format
          DOI: www.doi.org/10.1016/j.cpc.2018.02.011


>> End of run:  29-JUL-2025  20:33:16
Job completed
