Executable      : /home/users/felipegc/woltsoft/SIESTA/siesta-5.2.2/build/bin/siesta
Version         : 5.2.2
Architecture    : x86_64
Compiler version: GNU-9.3.0
Compiler flags  : -O3 -march=native
Parallelisations: MPI
Lua support
Native ELPA support
ELSI support. Solvers:
   ELPA (internal) 
   NTPoly
   OMM
DFT-D3 support
Wannier90 wrapper support

Runtime information:
* Directory : /home/users/felipegc/MnNiGa/optimizations_afm/top/structure_calc_143
* Running on 36 nodes in parallel.
>> Start of run:  30-JUL-2025  10:21:25

                           *********************** 
                           *  WELCOME TO SIESTA  * 
                           *********************** 

 NOTE: Siesta V5 introduces some new defaults for basis-set generation
 NOTE: which might lead to slightly different numerical results.
 NOTE: Please see the manual for full details and compatibility measures.


reinit: Reading from standard input
reinit: Dumping input in INPUT_TMP.72056
************************** Dump of input data file ****************************
SystemName          hea
SystemLabel         hea
Reparametrize.Pseudos T
Restricted.Radial.Grid F
%include atoms.fdf
MaxSCFIterations     20000
SCF.Mix              Hamiltonian
SCF.Mixer.Method     Broyden
#SCF.Mixer.Variant    original #Pulay original
SCF.Mixer.History    8
SCF.Mixer.Weight     0.07
SCF.H.Converge       False
SCF.DM.Converge      True
SCF.DM.Tolerance     5.d-4
SCF.H.Tolerance      5.d-3 eV
MeshCutoff 300.0 Ry
MD.UseSaveCG         False
DM.UseSaveDM         False
NumberOfEigenStates -20
ElectronicTemperature 300 K
WriteCoorXmol        True
XC.Functional     GGA
XC.authors        PBEsol
Spin polarized
DM.InitSpin.AF true
SolutionMethod       diagon
#Diag.Algorithm        MRRR
###################################
###################################
# Full template for Basis param.
###################################
###################################
Basis.Pressure 0.3 GPa
PAO.SoftDefault T
PAO.SoftPotential 50.0 Ry
PAO.SoftInnerRadius 0.70
PAO.BasisType split
PAO.EnergyShift 0.0019 eV
PAO.BasisSize TZP
PAO.SplitTailNorm T
            %block kgrid_Monkhorst_Pack
            6  0  0  0.
            0  2  0  0.
            0  0  4  0.
            %endblock kgrid_Monkhorst_Pack
            MD.TypeOfRun CG
            MD.Steps         500
            MD.VariableCell true
            MD.MaxForceTol 0.05 eV/Ang
            WriteMDHistory true
            WriteForces true
            Write.OrbitalIndex true
            Charge.Mulliken end
            COOP.Write true
            %block ProjectedDensityOfStates
            -20.00 20.00 0.1 1000 eV
            %endblock ProjectedDensityOfStates
************************** End of input data file *****************************

reinit: -----------------------------------------------------------------------
reinit: System Name: hea
reinit: -----------------------------------------------------------------------
reinit: System Label: hea
reinit: -----------------------------------------------------------------------

NOTE on units for spin output: 
{S} is the spin magnetic moment, in units of the Bohr magneton,
assuming a g-factor for the electron spin of exactly 2.
The spin magnetic moment is then numerically equal to the charge inbalance,
in units of electrons, between the spin-up and -down channels.


initatom: Reading input for the pseudopotentials and atomic orbitals ----------
Species number:   1 Atomic number:   28 Label: Ni
Species number:   2 Atomic number:   25 Label: Mn

Ground state valence configuration (from tables):   4s02  4p00  3d08  4f00
Ground state valence configuration (from tables):   4s02  4p00  3d05  4f00

---- Processing specs for species: Ni
Reading pseudopotential information in PSML from:
  Ni.psml
PSML file version: 1.1
Using libxc ids:  101 130
GGA--PBE XC_GGA_X_PBE--XC_GGA_C_PBE pb
PSML uuid: 020bdba0-be42-11e7-6ded-a592ddfb3399
Semicore shell(s) with  8 electrons included in the valence for Ni

---- Processing specs for species: Mn
Reading pseudopotential information in PSML from:
  Mn.psml
PSML file version: 1.1
Using libxc ids:  101 130
GGA--PBE XC_GGA_X_PBE--XC_GGA_C_PBE pb
PSML uuid: e5ebd880-be41-11e7-659b-074ddfc7bd15
Semicore shell(s) with  8 electrons included in the valence for Mn

---- Pseudopotential check for Ni

Pseudized shells:
3s( 2.00) rc: 1.26
3p( 6.00) rc: 1.35
3d( 8.00) rc: 1.66
Valence configuration for ps generation: 3s:3p:3d:4s: Total charge:  18.000000
Semicore shell(s): 3s 3p
Fallback to non-perturbative polarization scheme for Ni
Please see the manual if this is not desired in principle

---- Pseudopotential check for Mn

Pseudized shells:
3s( 2.00) rc: 1.41
3p( 6.00) rc: 1.21
3d( 5.00) rc: 1.61
Valence configuration for ps generation: 3s:3p:3d:4s: Total charge:  15.000000
Semicore shell(s): 3s 3p
Fallback to non-perturbative polarization scheme for Mn
Please see the manual if this is not desired in principle
For Ni, standard SIESTA heuristics set lmxkb to 3
 (one more than the basis l, including polarization orbitals).
Use PS.lmax or PS.KBprojectors blocks to override.
For Mn, standard SIESTA heuristics set lmxkb to 3
 (one more than the basis l, including polarization orbitals).
Use PS.lmax or PS.KBprojectors blocks to override.
Ni pseudopotential only contains V_ls up to l=2 -- lmxkb reset.
Mn pseudopotential only contains V_ls up to l=2 -- lmxkb reset.

<basis_specs>
===============================================================================
Ni                   Z=  28    Mass=  58.693        Charge= 0.17977+309
Lmxo=2 Lmxkb= 2    BasisType=split      Semic=T
L=0  Nsemic=1  Cnfigmx=4
          i=1  nzeta=1  polorb=0  (3s)  (semicore shell)
            splnorm:   0.15000    
               vcte:    50.000    
               rinn:  -0.70000    
               qcoe:    0.0000    
               qyuk:    0.0000    
               qwid:   0.10000E-01
                rcs:    0.0000    
            lambdas:    1.0000    
          i=2  nzeta=3  polorb=0  (4s)  (to be polarized non-perturbatively)
            splnorm:   0.15000    
               vcte:    50.000    
               rinn:  -0.70000    
               qcoe:    0.0000    
               qyuk:    0.0000    
               qwid:   0.10000E-01
                rcs:    0.0000      0.0000      0.0000    
            lambdas:    1.0000      1.0000      1.0000    
L=1  Nsemic=1  Cnfigmx=4
          i=1  nzeta=1  polorb=0  (3p)  (semicore shell)
            splnorm:   0.15000    
               vcte:    50.000    
               rinn:  -0.70000    
               qcoe:    0.0000    
               qyuk:    0.0000    
               qwid:   0.10000E-01
                rcs:    0.0000    
            lambdas:    1.0000    
          i=2  nzeta=1  polorb=0  (4p)  (non-perturbative polarization shell)
            splnorm:   0.15000    
               vcte:    50.000    
               rinn:  -0.70000    
               qcoe:   0.36540-315
               qyuk:    0.0000    
               qwid:   0.69533-309
                rcs:    0.0000    
            lambdas:    1.0000    
L=2  Nsemic=0  Cnfigmx=3
          i=1  nzeta=3  polorb=0  (3d)
            splnorm:   0.15000    
               vcte:    50.000    
               rinn:  -0.70000    
               qcoe:    0.0000    
               qyuk:    0.0000    
               qwid:   0.10000E-01
                rcs:    0.0000      0.0000      0.0000    
            lambdas:    1.0000      1.0000      1.0000    
-------------------------------------------------------------------------------
L=0  Nkbl=2  erefs: 0.17977+309 0.17977+309
L=1  Nkbl=2  erefs: 0.17977+309 0.17977+309
L=2  Nkbl=1  erefs: 0.17977+309
===============================================================================
</basis_specs>

Using PAO.SplitTailNorm
atom: Called for Ni                    (Z =  28)
Maximum radius (at nrval) set to   50.00000 8518

read_vps: Pseudopotential generation method:
read_vps: ONCVPSP-3.Hamann's oncvpsp                        
Valence charge in pseudo generation:   18.00000

read_vps: Pseudopotential includes a core correction:
read_vps: Pseudo-core for xc-correction

xc_check: Exchange-correlation functional:
xc_check: GGA PBEsol
xc_check: WARNING: Pseudopotential generated with GGA PBE functional
Got Vlocal (oncv-fit) from psml data
Choosing vlocal chloc cutoff:  3.188973
qtot up to nchloc:   17.99992641
atom: Maximum radius for chlocal:    3.18897
atom: Maximum radius for r*vlocal+2*Zval:    3.18897
Reading KB projs from Ni psml data
Using scalar-relativistic projectors in PSML file

PSML: Kleinman-Bylander projectors: 
   l= 0   rc=  1.276377   Ekb= 12.509070
   l= 0   rc=  1.276377   Ekb= -0.503495
   l= 1   rc=  1.371030   Ekb= -5.680418
   l= 1   rc=  1.371030   Ekb= -0.775211
   l= 2   rc=  1.680171   Ekb=-14.446879
   l= 2   rc=  1.680171   Ekb= -5.088878

PSML: Total number of  Kleinman-Bylander projectors:  18
atom: -------------------------------------------------------------------------

atom: SANKEY-TYPE ORBITALS:
atom: Selected multiple-zeta basis: split     

SPLIT: Orbitals with angular momentum L= 0

SPLIT: Basis orbitals for state 3s

SPLIT: PAO cut-off radius determined from an
SPLIT: energy shift=  0.000140 Ry
Split based on tail norm

   izeta = 1
                 lambda =    1.000000
                     rc =    2.999668
                 energy =   -8.139209
                kinetic =    3.776111
    potential(screened) =  -11.915319
       potential(ionic) =  -45.801861

SPLIT: Basis orbitals for state 4s

SPLIT: PAO cut-off radius determined from an
SPLIT: energy shift=  0.000140 Ry
Split based on tail norm

   izeta = 1
                 lambda =    1.000000
                     rc =    9.316220
                 energy =   -0.512978
                kinetic =    1.389681
    potential(screened) =   -1.902658
       potential(ionic) =  -17.770111

   izeta = 2
                 rmatch =    4.957068
              splitnorm =    0.150000
                 energy =   -0.410487
                kinetic =    2.329090
    potential(screened) =   -2.739576
       potential(ionic) =  -21.501560

   izeta = 3
                 rmatch =    5.824741
              splitnorm =    0.075000
                 energy =   -0.473172
                kinetic =    1.899833
    potential(screened) =   -2.373005
       potential(ionic) =  -19.995099

SPLIT: Orbitals with angular momentum L= 1

SPLIT: Basis orbitals for state 3p

SPLIT: PAO cut-off radius determined from an
SPLIT: energy shift=  0.000140 Ry
Split based on tail norm

   izeta = 1
                 lambda =    1.000000
                     rc =    3.414070
                 energy =   -5.225411
                kinetic =    9.244220
    potential(screened) =  -14.469631
       potential(ionic) =  -47.296381

SPLIT: Basis orbitals for state 4p
SPLIT: Non-perturbative polarization orbs for state 4s
SPLIT: rc(1st zeta) (re)set to: 9.3162 (expansion factor: 1.0000)
Split based on tail norm

   izeta = 1
                 lambda =    1.000000
                     rc =    9.316220
                 energy =   -0.065208
                kinetic =    0.825147
    potential(screened) =   -0.890355
       potential(ionic) =  -12.014212

SPLIT: Orbitals with angular momentum L= 2

SPLIT: Basis orbitals for state 3d

SPLIT: PAO cut-off radius determined from an
SPLIT: energy shift=  0.000140 Ry
Split based on tail norm

   izeta = 1
                 lambda =    1.000000
                     rc =    6.323353
                 energy =   -0.639566
                kinetic =   11.441999
    potential(screened) =  -12.081565
       potential(ionic) =  -40.678115

   izeta = 2
                 rmatch =    2.624859
              splitnorm =    0.150000
                 energy =   -0.513226
                kinetic =   13.528651
    potential(screened) =  -14.041878
       potential(ionic) =  -44.582092

   izeta = 3
                 rmatch =    3.356353
              splitnorm =    0.075000
                 energy =   -0.605538
                kinetic =   12.372939
    potential(screened) =  -12.978477
       potential(ionic) =  -42.595740
atom: Total number of Sankey-type orbitals: 25

atm_pop: Valence configuration (for local Pseudopot. screening):
 3s( 2.00) 4s( 2.00)                                                  
 3p( 6.00) 4p( 0.00)                                                  
 3d( 8.00)                                                            
Vna: chval, zval:   18.00000  18.00000

Vna:  Cut-off radius for the neutral-atom potential:   9.316220
comcore: Pseudo-core radius Rcore=  1.817282

atom: _________________________________________________________________________

<basis_specs>
===============================================================================
Mn                   Z=  25    Mass=  54.938        Charge= 0.17977+309
Lmxo=2 Lmxkb= 2    BasisType=split      Semic=T
L=0  Nsemic=1  Cnfigmx=4
          i=1  nzeta=1  polorb=0  (3s)  (semicore shell)
            splnorm:   0.15000    
               vcte:    50.000    
               rinn:  -0.70000    
               qcoe:    0.0000    
               qyuk:    0.0000    
               qwid:   0.10000E-01
                rcs:    0.0000    
            lambdas:    1.0000    
          i=2  nzeta=3  polorb=0  (4s)  (to be polarized non-perturbatively)
            splnorm:   0.15000    
               vcte:    50.000    
               rinn:  -0.70000    
               qcoe:    0.0000    
               qyuk:    0.0000    
               qwid:   0.10000E-01
                rcs:    0.0000      0.0000      0.0000    
            lambdas:    1.0000      1.0000      1.0000    
L=1  Nsemic=1  Cnfigmx=4
          i=1  nzeta=1  polorb=0  (3p)  (semicore shell)
            splnorm:   0.15000    
               vcte:    50.000    
               rinn:  -0.70000    
               qcoe:    0.0000    
               qyuk:    0.0000    
               qwid:   0.10000E-01
                rcs:    0.0000    
            lambdas:    1.0000    
          i=2  nzeta=1  polorb=0  (4p)  (non-perturbative polarization shell)
            splnorm:   0.15000    
               vcte:    50.000    
               rinn:  -0.70000    
               qcoe:   0.36540-315
               qyuk:    0.0000    
               qwid:   0.69533-309
                rcs:    0.0000    
            lambdas:    1.0000    
L=2  Nsemic=0  Cnfigmx=3
          i=1  nzeta=3  polorb=0  (3d)
            splnorm:   0.15000    
               vcte:    50.000    
               rinn:  -0.70000    
               qcoe:    0.0000    
               qyuk:    0.0000    
               qwid:   0.10000E-01
                rcs:    0.0000      0.0000      0.0000    
            lambdas:    1.0000      1.0000      1.0000    
-------------------------------------------------------------------------------
L=0  Nkbl=2  erefs: 0.17977+309 0.17977+309
L=1  Nkbl=2  erefs: 0.17977+309 0.17977+309
L=2  Nkbl=1  erefs: 0.17977+309
===============================================================================
</basis_specs>

Using PAO.SplitTailNorm
atom: Called for Mn                    (Z =  25)
Maximum radius (at nrval) set to   50.00000 8518

read_vps: Pseudopotential generation method:
read_vps: ONCVPSP-3.Hamann's oncvpsp                        
Valence charge in pseudo generation:   15.00000

read_vps: Pseudopotential includes a core correction:
read_vps: Pseudo-core for xc-correction

xc_check: Exchange-correlation functional:
xc_check: GGA PBEsol
xc_check: WARNING: Pseudopotential generated with GGA PBE functional
Got Vlocal (oncv-fit) from psml data
Choosing vlocal chloc cutoff:  3.504263
qtot up to nchloc:   15.00032895
atom: Maximum radius for chlocal:    3.50426
atom: Maximum radius for r*vlocal+2*Zval:    3.50426
Reading KB projs from Mn psml data
Using scalar-relativistic projectors in PSML file

PSML: Kleinman-Bylander projectors: 
   l= 0   rc=  1.427391   Ekb= 18.471374
   l= 0   rc=  1.430269   Ekb=  3.121111
   l= 1   rc=  1.224702   Ekb=  3.156115
   l= 1   rc=  1.224702   Ekb= -1.424352
   l= 2   rc=  1.630219   Ekb=-13.224142
   l= 2   rc=  1.630219   Ekb= -4.330632

PSML: Total number of  Kleinman-Bylander projectors:  18
atom: -------------------------------------------------------------------------

atom: SANKEY-TYPE ORBITALS:
atom: Selected multiple-zeta basis: split     

SPLIT: Orbitals with angular momentum L= 0

SPLIT: Basis orbitals for state 3s

SPLIT: PAO cut-off radius determined from an
SPLIT: energy shift=  0.000140 Ry
Split based on tail norm

   izeta = 1
                 lambda =    1.000000
                     rc =    3.380000
                 energy =   -6.293298
                kinetic =    2.848567
    potential(screened) =   -9.141865
       potential(ionic) =  -33.519753

SPLIT: Basis orbitals for state 4s

SPLIT: PAO cut-off radius determined from an
SPLIT: energy shift=  0.000140 Ry
Split based on tail norm

   izeta = 1
                 lambda =    1.000000
                     rc =   10.002455
                 energy =   -0.450676
                kinetic =    1.112603
    potential(screened) =   -1.563278
       potential(ionic) =  -13.199632

   izeta = 2
                 rmatch =    5.430276
              splitnorm =    0.150000
                 energy =   -0.360834
                kinetic =    1.875764
    potential(screened) =   -2.236598
       potential(ionic) =  -15.982656

   izeta = 3
                 rmatch =    6.342382
              splitnorm =    0.075000
                 energy =   -0.415048
                kinetic =    1.529261
    potential(screened) =   -1.944310
       potential(ionic) =  -14.865309

SPLIT: Orbitals with angular momentum L= 1

SPLIT: Basis orbitals for state 3p

SPLIT: PAO cut-off radius determined from an
SPLIT: energy shift=  0.000140 Ry
Split based on tail norm

   izeta = 1
                 lambda =    1.000000
                     rc =    3.873861
                 energy =   -3.996757
                kinetic =    6.976018
    potential(screened) =  -10.972775
       potential(ionic) =  -34.563053

SPLIT: Basis orbitals for state 4p
SPLIT: Non-perturbative polarization orbs for state 4s
SPLIT: rc(1st zeta) (re)set to: 10.0025 (expansion factor: 1.0000)
Split based on tail norm

   izeta = 1
                 lambda =    1.000000
                     rc =   10.002455
                 energy =   -0.085879
                kinetic =    0.770317
    potential(screened) =   -0.856196
       potential(ionic) =   -9.409918

SPLIT: Orbitals with angular momentum L= 2

SPLIT: Basis orbitals for state 3d

SPLIT: PAO cut-off radius determined from an
SPLIT: energy shift=  0.000140 Ry
Split based on tail norm

   izeta = 1
                 lambda =    1.000000
                     rc =    7.238756
                 energy =   -0.490123
                kinetic =    9.261574
    potential(screened) =   -9.751697
       potential(ionic) =  -30.334327

   izeta = 2
                 rmatch =    3.144499
              splitnorm =    0.150000
                 energy =   -0.401801
                kinetic =   11.021778
    potential(screened) =  -11.423579
       potential(ionic) =  -33.555539

   izeta = 3
                 rmatch =    3.972182
              splitnorm =    0.075000
                 energy =   -0.464167
                kinetic =   10.072383
    potential(screened) =  -10.536551
       potential(ionic) =  -31.940836
atom: Total number of Sankey-type orbitals: 25

atm_pop: Valence configuration (for local Pseudopot. screening):
 3s( 2.00) 4s( 2.00)                                                  
 3p( 6.00) 4p( 0.00)                                                  
 3d( 5.00)                                                            
Vna: chval, zval:   15.00000  15.00000

Vna:  Cut-off radius for the neutral-atom potential:  10.002455
comcore: Pseudo-core radius Rcore=  2.115123

atom: _________________________________________________________________________

prinput: Basis input 

PAO.BasisType split     

%block ChemicalSpeciesLabel
    1   28 Ni                      # Species index, atomic number, species label
    2   25 Mn                      # Species index, atomic number, species label
%endblock ChemicalSpeciesLabel

%block PAO.Basis                 # Define Basis set
# WARNING: This information might be incomplete!
Ni                    5                    # Species label, number of l-shells
 n=3   0   1                         # n, l, Nzeta 
   3.000   
   1.000   
 n=4   0   3                         # n, l, Nzeta 
   9.316      4.957      5.825   
   1.000      1.000      1.000   
 n=3   1   1                         # n, l, Nzeta 
   3.414   
   1.000   
 n=4   1   1                         # n, l, Nzeta 
   9.316   
   1.000   
 n=3   2   3                         # n, l, Nzeta 
   6.323      2.625      3.356   
   1.000      1.000      1.000   
Mn                    5                    # Species label, number of l-shells
 n=3   0   1                         # n, l, Nzeta 
   3.380   
   1.000   
 n=4   0   3                         # n, l, Nzeta 
  10.002      5.430      6.342   
   1.000      1.000      1.000   
 n=3   1   1                         # n, l, Nzeta 
   3.874   
   1.000   
 n=4   1   1                         # n, l, Nzeta 
  10.002   
   1.000   
 n=3   2   3                         # n, l, Nzeta 
   7.239      3.144      3.972   
   1.000      1.000      1.000   
%endblock PAO.Basis

prinput: ----------------------------------------------------------------------

coor:   Atomic-coordinates input format  =     Fractional

siesta: Atomic coordinates (Bohr) and species
siesta:      0.00000   4.70356   0.00000  1        1
siesta:      0.00000  14.11067   0.00000  1        2
siesta:      0.00000  18.81423   0.00000  1        3
siesta:      2.35178   2.35178   3.32592  1        4
siesta:      2.35178  21.16601   3.32592  1        5
siesta:      0.00000   0.00000   0.00000  2        6
siesta:      0.00000   9.40712   0.00000  2        7
siesta:      2.35178   7.05534   3.32592  2        8
siesta:      2.35178  11.75890   3.32592  2        9
siesta:      2.35178  16.46245   3.32592  2       10

siesta: System type = bulk      

initatomlists: Number of atoms, orbitals, and projectors:     10   250   180

coxmol: Writing XMOL coordinates into file hea.xyz                                                                                                                                                                                                                             

siesta: ******************** Simulation parameters ****************************
siesta:
siesta: The following are some of the parameters of the simulation.
siesta: A complete list of the parameters used, including default values,
siesta: can be found in file out.fdf
siesta:
redata: Spin configuration                          = collinear
redata: Number of spin components                   = 2
redata: Time-Reversal Symmetry                      = T
redata: Spin spiral                                 = F
redata: Long output                                 =   F
redata: Number of Atomic Species                    =        2
redata: Charge density info will appear in .RHO file
redata: Write Mulliken charges (when)               = end
redata: Write Mulliken Pop.                         = Atomic and Orbital charges
redata: Write Hirshfeld charges (when)              = none
redata: Write Voronoi charges (when)                = none
redata: Write spin charge (when)                    = scf
redata: Matel table size (NRTAB)                    =     1024
redata: Mesh Cutoff                                 =   300.0000 Ry
redata: Net charge of the system                    =     0.0000 |e|
redata: Min. number of SCF Iter                     =        0
redata: Max. number of SCF Iter                     =    20000
redata: SCF convergence failure will abort job
redata: SCF mix quantity                            = Hamiltonian
redata: Mix DM or H after convergence               =   F
redata: Recompute H after scf cycle                 =   F
redata: Mix DM in first SCF step                    =   T
redata: Write Pulay info on disk                    =   F
redata: New DM Occupancy tolerance                  = 0.000000000001
redata: No kicks to SCF
redata: DM Mixing Weight for Kicks                  =     0.5000
redata: Require Harris convergence for SCF          =   F
redata: Harris energy tolerance for SCF             =     0.000100 eV
redata: Require DM convergence for SCF              =   T
redata: DM tolerance for SCF                        =     0.000500
redata: Require EDM convergence for SCF             =   F
redata: EDM tolerance for SCF                       =     0.001000 eV
redata: Require H convergence for SCF               =   F
redata: Hamiltonian tolerance for SCF               =     0.005000 eV
redata: Require (free) Energy convergence for SCF   =   F
redata: (free) Energy tolerance for SCF             =     0.000100 eV
redata: Antiferro initial spin density              =   T
redata: Using DFT-D3 dispersion                     =   F
redata: Using Saved Data (generic)                  =   F
redata: Use continuation files for DM               =   F
redata: Neglect nonoverlap interactions             =   F
redata: Method of Calculation                       = Diagonalization
redata: Electronic Temperature                      =   300.0000 K
redata: Fix the spin of the system                  =   F
redata: Max. number of TDED Iter                    =        1
redata: Number of TDED substeps                     =        3
redata: Dynamics option                             = CG coord. optimization
redata: Variable cell                               =   T
redata: Use continuation files for CG               =   F
redata: Max atomic displ per move                   =     0.1058 Ang
redata: Maximum number of optimization moves        =      500
redata: Force tolerance                             =     0.0500 eV/Ang
redata: Stress tolerance                            =     1.0000 GPa
mix.SCF: Broyden mixing                          = Broyden
mix.SCF:    History steps                        = 8
mix.SCF:    Linear mixing weight                 =     0.070000
mix.SCF:    Inverse Jacobian weight              =     0.070000
mix.SCF:    Weight prime                         =     0.070000
mix.SCF:    SVD condition                        = 0.1000E-07
mix.SCF: Spin-component mixing                   all
redata: ***********************************************************************

%block SCF.Mixers
  Broyden
%endblock SCF.Mixers

%block SCF.Mixer.Broyden
  # Mixing method
  method broyden

  # Mixing options
  weight 0.0700
  weight.linear 0.0700
  weight.prime 0.0700
  history 8
%endblock SCF.Mixer.Broyden

DM_history_depth set to one: no extrapolation allowed by default for geometry relaxation
Size of DM history Fstack: 1
Total number of electrons:   165.000000
Total ionic charge:   165.000000

* ProcessorY, Blocksize:    9   7


* Orbital distribution balance (max,min):     7     5

k-point displ. along   1 input, could be:     0.00    0.50
k-point displ. along   2 input, could be:     0.00    0.50
k-point displ. along   3 input, could be:     0.00    0.50
 Kpoints in:           32 . Kpoints trimmed:           31

siesta: k-grid: Number of k-points = 31
siesta: k-points from Monkhorst-Pack grid
siesta: k-cutoff (effective) =     7.040 Ang
siesta: k-point supercell and displacements
siesta: k-grid:     6     0     0      0.000
siesta: k-grid:     0     2     0      0.000
siesta: k-grid:     0     0     4      0.000
k-point displ. along   1 input, could be:     0.00    0.50
k-point displ. along   2 input, could be:     0.00    0.50
k-point displ. along   3 input, could be:     0.00    0.50
 Kpoints in:           32 . Kpoints trimmed:           31

siesta: PDOS k-grid: Number of k-points = 31
siesta: PDOS k-points from Monkhorst-Pack grid
siesta: PDOS k-cutoff (effective) =     0.000 Ang
siesta: PDOS k-point supercell and displacements
siesta: k-grid:     6     0     0      0.000
siesta: k-grid:     0     2     0      0.000
siesta: k-grid:     0     0     4      0.000

diag: Algorithm                                     = D&C
diag: Parallel over k                               =   F
diag: Use parallel 2D distribution                  =   T
diag: Parallel block-size                           = 7
diag: Parallel distribution                         =     6 x     6
diag: Used triangular part                          = Lower
diag: Absolute tolerance                            =  0.100E-15
diag: Orthogonalization factor                      =  0.100E-05
diag: Memory factor                                 =  1.0000
diag: The diagonalization method chosen cannot compute a reduced number of eigenvectors.
diag: Resetting neigwanted 105 to 250

superc: Internal auxiliary supercell:     9 x     3 x     7  =     189
superc: Number of atoms, orbitals, and projectors:   1890  47250  34020


ts: **************************************************************
ts: Save H and S matrices                           =    F
ts: Save DM and EDM matrices                        =    F
ts: Only save the overlap matrix S                  =    F
ts: **************************************************************

************************ Begin: TS CHECKS AND WARNINGS ************************
************************ End: TS CHECKS AND WARNINGS **************************


                     ====================================
                        Begin CG opt. move =      0
                     ====================================

superc: Internal auxiliary supercell:     9 x     3 x     7  =     189
superc: Number of atoms, orbitals, and projectors:   1890  47250  34020

outcell: Unit cell vectors (Ang):
        2.489016    0.000000    0.000000
        0.000000   12.445079    0.000000
        0.000000    0.000000    3.520000

outcell: Cell vector modules (Ang)   :    2.489016   12.445079    3.520000
outcell: Cell angles (23,13,12) (deg):     90.0000     90.0000     90.0000
outcell: Cell volume (Ang**3)        :    109.0355
<dSpData1D:S at geom step 0
  <sparsity:sparsity for geom step 0
    nrows_g=250 nrows=7 sparsity=.3064 nnzs=19147, refcount: 7>
  <dData1D:(new from dSpData1D) n=19147, refcount: 1>
refcount: 1>
new_DM -- step:     1
Initializing Density Matrix...
DM filled with atomic data:
<dSpData2D:DM initialized from atoms
  <sparsity:sparsity for geom step 0
    nrows_g=250 nrows=7 sparsity=.3064 nnzs=19147, refcount: 8>
  <dData2D:DM n=19147 m=2, refcount: 1>
refcount: 1>
No. of atoms with KB's overlaping orbs in proc 0. Max # of overlaps:      79     719

InitMesh: MESH = 30 x 144 x 40 = 172800
InitMesh: Mesh cutoff (required, used) =   300.000   356.892 Ry
New grid distribution [1]: sub = 2
New grid distribution [2]: sub = 2
New grid distribution [3]: sub = 2
Setting up quadratic distribution...

stepf: Fermi-Dirac step function

siesta: Program's energy decomposition (eV):
siesta: Ebs     =     -6862.647196
siesta: Eions   =     48996.677569
siesta: Ena     =      3927.771036
siesta: Ekin    =     16905.761731
siesta: Enl     =     -4420.421508
siesta: Eso     =         0.000000
siesta: Edftu   =         0.000000
siesta: DEna    =       295.106262
siesta: DUscf   =        25.277995
siesta: DUext   =         0.000000
siesta: Ex      =     -5001.464640
siesta: Ec      =      -306.863893
siesta: Exc     =     -5308.328533
siesta: EbV     =         0.000000
siesta: eta*DQ  =         0.000000
siesta: Emadel  =         0.000000
siesta: Emeta   =         0.000000
siesta: Emolmec =         0.000000
siesta: Ekinion =         0.000000
siesta: Eharris =    -37429.130865
siesta: Etot    =    -37571.510585
siesta: FreeEng =    -37571.534272

        iscf     Eharris(eV)        E_KS(eV)     FreeEng(eV)     dDmax    Ef(eV) dHmax(eV)
   scf:    1   -37429.130865   -37571.510585   -37571.534272  4.441989 -5.503948 28.149369
     spin moment: {S} , |S| = {        0.0        0.0   -2.33280 }    -2.33280
timer: Routine,Calls,Time,% = IterSCF        1       3.768  24.00
   scf:    2   -36898.221084   -37394.799436   -37394.822614  1.088712 -5.527157 77.546342
     spin moment: {S} , |S| = {        0.0        0.0   -3.40876 }    -3.40876
   scf:    3   -37634.923853   -37584.538721   -37584.572196  1.149088 -5.793862 14.438667
     spin moment: {S} , |S| = {        0.0        0.0   -3.24360 }    -3.24360
   scf:    4   -37588.359125   -37589.129583   -37589.160406  0.176236 -5.820503 10.817528
     spin moment: {S} , |S| = {        0.0        0.0   -3.01965 }    -3.01965
   scf:    5   -37590.631274   -37591.084008   -37591.116320  0.188683 -5.870824  5.669217
     spin moment: {S} , |S| = {        0.0        0.0   -2.81759 }    -2.81759
   scf:    6   -37592.935559   -37592.762271   -37592.793177  0.658574 -6.291912  4.527719
     spin moment: {S} , |S| = {        0.0        0.0   -3.09051 }    -3.09051
   scf:    7   -37593.167348   -37593.311712   -37593.340977  0.203236 -6.444197  2.301854
     spin moment: {S} , |S| = {        0.0        0.0   -3.11208 }    -3.11208
   scf:    8   -37593.582002   -37593.526564   -37593.556312  0.114028 -6.519731  1.263669
     spin moment: {S} , |S| = {        0.0        0.0   -3.16429 }    -3.16429
   scf:    9   -37593.704356   -37593.625593   -37593.655609  0.047962 -6.544271  0.703701
     spin moment: {S} , |S| = {        0.0        0.0   -3.18209 }    -3.18209
   scf:   10   -37586.578599   -37591.533556   -37591.569467  0.355399 -6.679774 11.439403
     spin moment: {S} , |S| = {        0.0        0.0   -3.81214 }    -3.81214
   scf:   11   -37595.552672   -37594.553903   -37594.589520  0.114626 -6.702694  2.376513
     spin moment: {S} , |S| = {        0.0        0.0   -3.69734 }    -3.69734
   scf:   12   -37595.066304   -37594.812227   -37594.845350  0.106998 -6.748752  1.378387
     spin moment: {S} , |S| = {        0.0        0.0   -3.80021 }    -3.80021
   scf:   13   -37595.063568   -37594.933673   -37594.966194  0.079183 -6.766578  1.172912
     spin moment: {S} , |S| = {        0.0        0.0   -3.87404 }    -3.87404
   scf:   14   -37594.966312   -37594.963358   -37594.995716  0.023528 -6.779906  0.937822
     spin moment: {S} , |S| = {        0.0        0.0   -3.89172 }    -3.89172
   scf:   15   -37595.099113   -37595.044114   -37595.078494  0.077606 -6.794819  1.121699
     spin moment: {S} , |S| = {        0.0        0.0   -4.05425 }    -4.05425
   scf:   16   -37595.052068   -37595.051900   -37595.085824  0.019518 -6.797109  0.651859
     spin moment: {S} , |S| = {        0.0        0.0   -4.02653 }    -4.02653
   scf:   17   -37595.131705   -37595.090534   -37595.125350  0.047196 -6.807219  0.463350
     spin moment: {S} , |S| = {        0.0        0.0   -4.11173 }    -4.11173
   scf:   18   -37595.131633   -37595.110763   -37595.145647  0.032143 -6.813019  0.458070
     spin moment: {S} , |S| = {        0.0        0.0   -4.18197 }    -4.18197
   scf:   19   -37595.165237   -37595.134581   -37595.169423  0.040978 -6.821327  0.464872
     spin moment: {S} , |S| = {        0.0        0.0   -4.24459 }    -4.24459
   scf:   20   -37595.107473   -37595.122140   -37595.156936  0.016042 -6.818071  0.577977
     spin moment: {S} , |S| = {        0.0        0.0   -4.23344 }    -4.23344
   scf:   21   -37595.143534   -37595.132443   -37595.167125  0.013501 -6.820603  0.591153
     spin moment: {S} , |S| = {        0.0        0.0   -4.26382 }    -4.26382
   scf:   22   -37595.207960   -37595.167758   -37595.202564  0.053489 -6.828161  0.250993
     spin moment: {S} , |S| = {        0.0        0.0   -4.35938 }    -4.35938
   scf:   23   -37595.134340   -37595.153157   -37595.187431  0.026783 -6.819484  0.566949
     spin moment: {S} , |S| = {        0.0        0.0   -4.34085 }    -4.34085
   scf:   24   -37595.244452   -37595.187483   -37595.222214  0.090541 -6.825301  0.203044
     spin moment: {S} , |S| = {        0.0        0.0   -4.48239 }    -4.48239
   scf:   25   -37595.198626   -37595.192966   -37595.227650  0.021172 -6.824623  0.240892
     spin moment: {S} , |S| = {        0.0        0.0   -4.52460 }    -4.52460
   scf:   26   -37595.192489   -37595.193588   -37595.228123  0.012321 -6.824027  0.471605
     spin moment: {S} , |S| = {        0.0        0.0   -4.55535 }    -4.55535
   scf:   27   -37595.208876   -37595.200426   -37595.235438  0.030715 -6.826930  0.264577
     spin moment: {S} , |S| = {        0.0        0.0   -4.60015 }    -4.60015
   scf:   28   -37595.219173   -37595.207490   -37595.243035  0.049043 -6.830851  0.216843
     spin moment: {S} , |S| = {        0.0        0.0   -4.69077 }    -4.69077
   scf:   29   -37595.205206   -37595.206432   -37595.242035  0.005062 -6.831416  0.152764
     spin moment: {S} , |S| = {        0.0        0.0   -4.68046 }    -4.68046
   scf:   30   -37595.202472   -37595.204440   -37595.239996  0.012173 -6.830951  0.158329
     spin moment: {S} , |S| = {        0.0        0.0   -4.65848 }    -4.65848
   scf:   31   -37595.196608   -37595.198953   -37595.233965  0.042571 -6.826557  0.150135
     spin moment: {S} , |S| = {        0.0        0.0   -4.58019 }    -4.58019
   scf:   32   -37595.218848   -37595.207519   -37595.242921  0.050032 -6.830322  0.250468
     spin moment: {S} , |S| = {        0.0        0.0   -4.67944 }    -4.67944
   scf:   33   -37595.208061   -37595.207914   -37595.243335  0.006591 -6.830199  0.166763
     spin moment: {S} , |S| = {        0.0        0.0   -4.68085 }    -4.68085
   scf:   34   -37595.214405   -37595.211052   -37595.246554  0.013240 -6.830049  0.182004
     spin moment: {S} , |S| = {        0.0        0.0   -4.71378 }    -4.71378
   scf:   35   -37595.217336   -37595.214159   -37595.249615  0.006043 -6.829139  0.185576
     spin moment: {S} , |S| = {        0.0        0.0   -4.73598 }    -4.73598
   scf:   36   -37595.229242   -37595.221319   -37595.256780  0.025188 -6.830170  0.120934
     spin moment: {S} , |S| = {        0.0        0.0   -4.80732 }    -4.80732
   scf:   37   -37595.239503   -37595.229291   -37595.263506  0.091439 -6.836754  0.820897
     spin moment: {S} , |S| = {        0.0        0.0   -5.00150 }    -5.00150
   scf:   38   -37595.232254   -37595.232003   -37595.266638  0.019452 -6.836325  0.441058
     spin moment: {S} , |S| = {        0.0        0.0   -4.95535 }    -4.95535
   scf:   39   -37595.236049   -37595.234129   -37595.268892  0.019713 -6.833788  0.275804
     spin moment: {S} , |S| = {        0.0        0.0   -4.94781 }    -4.94781
   scf:   40   -37595.227819   -37595.231686   -37595.265098  0.058132 -6.841647  0.895622
     spin moment: {S} , |S| = {        0.0        0.0   -5.07825 }    -5.07825
   scf:   41   -37595.243961   -37595.238086   -37595.271403  0.006721 -6.844106  0.733609
     spin moment: {S} , |S| = {        0.0        0.0   -5.09345 }    -5.09345
   scf:   42   -37595.245532   -37595.241926   -37595.275224  0.005290 -6.845377  0.645001
     spin moment: {S} , |S| = {        0.0        0.0   -5.10832 }    -5.10832
   scf:   43   -37595.245193   -37595.245741   -37595.279225  0.024149 -6.842940  0.169436
     spin moment: {S} , |S| = {        0.0        0.0   -5.06980 }    -5.06980
   scf:   44   -37595.248401   -37595.247116   -37595.280382  0.012913 -6.844322  0.262418
     spin moment: {S} , |S| = {        0.0        0.0   -5.09605 }    -5.09605
   scf:   45   -37595.249927   -37595.248760   -37595.281953  0.003719 -6.844322  0.137031
     spin moment: {S} , |S| = {        0.0        0.0   -5.10429 }    -5.10429
   scf:   46   -37595.249166   -37595.248983   -37595.282136  0.001492 -6.843896  0.142230
     spin moment: {S} , |S| = {        0.0        0.0   -5.10636 }    -5.10636
   scf:   47   -37595.254477   -37595.251432   -37595.284415  0.017355 -6.845630  0.172125
     spin moment: {S} , |S| = {        0.0        0.0   -5.14200 }    -5.14200
   scf:   48   -37595.255734   -37595.253699   -37595.286527  0.012033 -6.846594  0.068624
     spin moment: {S} , |S| = {        0.0        0.0   -5.15708 }    -5.15708
   scf:   49   -37595.260858   -37595.256838   -37595.289552  0.023982 -6.848960  0.059631
     spin moment: {S} , |S| = {        0.0        0.0   -5.18443 }    -5.18443
   scf:   50   -37595.259423   -37595.258055   -37595.290779  0.010241 -6.850128  0.058051
     spin moment: {S} , |S| = {        0.0        0.0   -5.19395 }    -5.19395
   scf:   51   -37595.258335   -37595.258190   -37595.290845  0.003633 -6.849589  0.060403
     spin moment: {S} , |S| = {        0.0        0.0   -5.18218 }    -5.18218
   scf:   52   -37595.266004   -37595.261148   -37595.294033  0.033625 -6.850757  0.053181
     spin moment: {S} , |S| = {        0.0        0.0   -5.21384 }    -5.21384
   scf:   53   -37595.261729   -37595.261428   -37595.294355  0.004476 -6.851313  0.045795
     spin moment: {S} , |S| = {        0.0        0.0   -5.21760 }    -5.21760
   scf:   54   -37595.260761   -37595.260986   -37595.293719  0.011980 -6.850638  0.032056
     spin moment: {S} , |S| = {        0.0        0.0   -5.19626 }    -5.19626
   scf:   55   -37595.263232   -37595.261941   -37595.294817  0.013787 -6.851203  0.026779
     spin moment: {S} , |S| = {        0.0        0.0   -5.20939 }    -5.20939
   scf:   56   -37595.265129   -37595.263090   -37595.296183  0.025332 -6.852532  0.052416
     spin moment: {S} , |S| = {        0.0        0.0   -5.23063 }    -5.23063
   scf:   57   -37595.262757   -37595.262873   -37595.295837  0.011537 -6.851777  0.030001
     spin moment: {S} , |S| = {        0.0        0.0   -5.21619 }    -5.21619
   scf:   58   -37595.264597   -37595.263626   -37595.296622  0.010863 -6.852181  0.038762
     spin moment: {S} , |S| = {        0.0        0.0   -5.21723 }    -5.21723
   scf:   59   -37595.264654   -37595.264104   -37595.297075  0.005931 -6.852244  0.042457
     spin moment: {S} , |S| = {        0.0        0.0   -5.21437 }    -5.21437
   scf:   60   -37595.264880   -37595.264476   -37595.297393  0.003556 -6.852163  0.038002
     spin moment: {S} , |S| = {        0.0        0.0   -5.20896 }    -5.20896
   scf:   61   -37595.265515   -37595.264956   -37595.297845  0.006941 -6.852085  0.028224
     spin moment: {S} , |S| = {        0.0        0.0   -5.20594 }    -5.20594
   scf:   62   -37595.266011   -37595.265444   -37595.298272  0.006031 -6.851809  0.029104
     spin moment: {S} , |S| = {        0.0        0.0   -5.20000 }    -5.20000
   scf:   63   -37595.266116   -37595.265761   -37595.298557  0.003848 -6.851545  0.025577
     spin moment: {S} , |S| = {        0.0        0.0   -5.19604 }    -5.19604
   scf:   64   -37595.265859   -37595.265808   -37595.298569  0.000996 -6.851432  0.025390
     spin moment: {S} , |S| = {        0.0        0.0   -5.19282 }    -5.19282
   scf:   65   -37595.266098   -37595.265949   -37595.298704  0.002241 -6.851397  0.025806
     spin moment: {S} , |S| = {        0.0        0.0   -5.19199 }    -5.19199
   scf:   66   -37595.266176   -37595.266060   -37595.298809  0.001662 -6.851389  0.025922
     spin moment: {S} , |S| = {        0.0        0.0   -5.19130 }    -5.19130
   scf:   67   -37595.266618   -37595.266324   -37595.299069  0.004263 -6.851401  0.027170
     spin moment: {S} , |S| = {        0.0        0.0   -5.19051 }    -5.19051
   scf:   68   -37595.266593   -37595.266455   -37595.299194  0.001975 -6.851381  0.027057
     spin moment: {S} , |S| = {        0.0        0.0   -5.18984 }    -5.18984
   scf:   69   -37595.266414   -37595.266434   -37595.299182  0.000173 -6.851429  0.027730
     spin moment: {S} , |S| = {        0.0        0.0   -5.19063 }    -5.19063

SCF Convergence by DM criterion
max |DM_out - DM_in|         :     0.0001732055
max |H_out - H_in|      (eV) :     0.0277298130
SCF cycle converged after 69 iterations

Using DM_out to compute the final energy and forces
No. of atoms with KB's overlaping orbs in proc 0. Max # of overlaps:      79     719

siesta: E_KS(eV) =           -37595.2664

siesta: E_KS - E_eggbox =    -37595.2664

siesta: Atomic forces (eV/Ang):
     1    0.000000   -0.022250   -0.000000
     2    0.000000   -0.355926   -0.000000
     3    0.000000    0.005712    0.000000
     4   -0.000000    0.117074   -0.000000
     5    0.000000    0.083594   -0.000000
     6   -0.000000   -0.108549    0.000000
     7   -0.000000    0.244922    0.000000
     8   -0.000000    0.247848    0.000000
     9    0.000000   -0.238665   -0.000000
    10    0.000000    0.030228    0.000000
----------------------------------------
   Tot    0.000000    0.003989    0.000000
----------------------------------------
   Max    0.355926
   Res    0.106298    sqrt( Sum f_i^2 / 3N )
----------------------------------------
   Max    0.355926    constrained

Stress tensor Voigt[x,y,z,yz,xz,xy] (kbar):       69.70       56.95       83.90        0.00       -0.00        0.00
(Free)E + p*V (eV/cell)   -37600.0754
Target enthalpy (eV/cell)   -37595.2992

siesta: Stress tensor (static) (eV/Ang**3):
         0.043503   -0.000000   -0.000000
         0.000000    0.035544    0.000000
        -0.000000    0.000000    0.052366

siesta: Pressure (static):        -70.18179847  kBar

siesta: Stress tensor (total) (eV/Ang**3):
         0.043503   -0.000000   -0.000000
         0.000000    0.035544    0.000000
        -0.000000    0.000000    0.052366

siesta: Pressure (total):        -70.18179847  kBar

cgvc: No target stress found, assuming hydrostatic MD.TargetPressure.

cgvc: Target stress (kBar)
cgvc:        -0.000       0.000       0.000
cgvc:         0.000      -0.000       0.000
cgvc:         0.000       0.000      -0.000

                     ====================================
                        Begin CG opt. move =      1
                     ====================================
k-point displ. along   1 input, could be:     0.00    0.50
k-point displ. along   2 input, could be:     0.00    0.50
k-point displ. along   3 input, could be:     0.00    0.50
 Kpoints in:           32 . Kpoints trimmed:           31

siesta: k-grid: Number of k-points = 31
siesta: k-points from Monkhorst-Pack grid
siesta: k-cutoff (effective) =     6.944 Ang
siesta: k-point supercell and displacements
siesta: k-grid:     6     0     0      0.000
siesta: k-grid:     0     2     0      0.000
siesta: k-grid:     0     0     4      0.000

superc: Internal auxiliary supercell:     9 x     3 x     7  =     189
superc: Number of atoms, orbitals, and projectors:   1890  47250  34020

outcell: Unit cell vectors (Ang):
        2.460827   -0.000000    0.000000
       -0.000000   12.329922   -0.000000
        0.000000   -0.000000    3.472013

outcell: Cell vector modules (Ang)   :    2.460827   12.329922    3.472013
outcell: Cell angles (23,13,12) (deg):     90.0000     90.0000     90.0000
outcell: Cell volume (Ang**3)        :    105.3471
<dSpData1D:S at geom step 1
  <sparsity:sparsity for geom step 1
    nrows_g=250 nrows=7 sparsity=.3243 nnzs=20270, refcount: 7>
  <dData1D:(new from dSpData1D) n=20270, refcount: 1>
refcount: 1>
new_DM -- step:     2
Re-using DM from previous geometries...
Number of DMs in history: 1
 DM extrapolation coefficients: 
1   1.00000
New DM after history re-use:
<dSpData2D:SpM extrapolated using coords
  <sparsity:sparsity for geom step 1
    nrows_g=250 nrows=7 sparsity=.3243 nnzs=20270, refcount: 9>
  <dData2D:(temp array for extrapolation) n=20270 m=2, refcount: 1>
refcount: 1>
No. of atoms with KB's overlaping orbs in proc 0. Max # of overlaps:      79     722

InitMesh: MESH = 30 x 144 x 40 = 172800
InitMesh: Mesh cutoff (required, used) =   300.000   366.825 Ry
New grid distribution [1]: sub = 2
New grid distribution [2]: sub = 2
New grid distribution [3]: sub = 2
Setting up quadratic distribution...

        iscf     Eharris(eV)        E_KS(eV)     FreeEng(eV)     dDmax    Ef(eV) dHmax(eV)
   scf:    1   -37473.594005   -37556.692465   -37556.726922  0.472797 -6.826722 35.839643
     spin moment: {S} , |S| = {        0.0        0.0   -4.54274 }    -4.54274
   scf:    2    14020.738395   -20749.182920   -20749.191441371.253222 -7.269118723.969283
     spin moment: {S} , |S| = {        0.0        0.0   -2.58633 }    -2.58633
   scf:    3   -41341.544219   -37259.904244   -37259.928034371.007044 -6.730858105.185148
     spin moment: {S} , |S| = {        0.0        0.0   -5.20148 }    -5.20148
   scf:    4   -37659.907965   -37500.536693   -37500.562221  0.509796 -6.856341 57.583994
     spin moment: {S} , |S| = {        0.0        0.0   -5.39453 }    -5.39453
   scf:    5   -37608.024582   -37594.670784   -37594.700145  0.488272 -6.885045  5.119545
     spin moment: {S} , |S| = {        0.0        0.0   -5.12149 }    -5.12149
   scf:    6   -37589.716201   -37593.992739   -37594.022294  0.130584 -6.877736  7.285464
     spin moment: {S} , |S| = {        0.0        0.0   -4.97779 }    -4.97779
   scf:    7   -37592.662218   -37594.929934   -37594.960287  0.108461 -6.893800  3.606376
     spin moment: {S} , |S| = {        0.0        0.0   -5.11904 }    -5.11904
   scf:    8   -37595.476435   -37595.268109   -37595.298528  0.023993 -6.894711  1.754818
     spin moment: {S} , |S| = {        0.0        0.0   -5.08997 }    -5.08997
   scf:    9   -37593.440212   -37594.851530   -37594.882047  0.063062 -6.913672  4.213614
     spin moment: {S} , |S| = {        0.0        0.0   -5.00955 }    -5.00955
   scf:   10   -37595.235869   -37595.072050   -37595.102508  0.023842 -6.916136  3.244526
     spin moment: {S} , |S| = {        0.0        0.0   -5.01437 }    -5.01437
   scf:   11   -37595.347226   -37595.359529   -37595.390417  0.035952 -6.921724  0.137465
     spin moment: {S} , |S| = {        0.0        0.0   -5.05838 }    -5.05838
   scf:   12   -37595.360318   -37595.360216   -37595.391159  0.003591 -6.921786  0.091163
     spin moment: {S} , |S| = {        0.0        0.0   -5.05403 }    -5.05403
   scf:   13   -37595.360907   -37595.360567   -37595.391546  0.002384 -6.921820  0.077045
     spin moment: {S} , |S| = {        0.0        0.0   -5.05235 }    -5.05235
   scf:   14   -37595.362433   -37595.361471   -37595.392532  0.005954 -6.921655  0.062652
     spin moment: {S} , |S| = {        0.0        0.0   -5.04780 }    -5.04780
   scf:   15   -37595.367004   -37595.363891   -37595.395211  0.018570 -6.921394  0.041981
     spin moment: {S} , |S| = {        0.0        0.0   -5.03260 }    -5.03260
   scf:   16   -37595.367097   -37595.365334   -37595.396816  0.013123 -6.920978  0.046945
     spin moment: {S} , |S| = {        0.0        0.0   -5.02247 }    -5.02247
   scf:   17   -37595.370298   -37595.367390   -37595.399127  0.021464 -6.920264  0.035853
     spin moment: {S} , |S| = {        0.0        0.0   -5.00653 }    -5.00653
   scf:   18   -37595.376107   -37595.370274   -37595.402480  0.040253 -6.919105  0.035887
     spin moment: {S} , |S| = {        0.0        0.0   -4.97372 }    -4.97372
   scf:   19   -37595.371589   -37595.370835   -37595.403166  0.010255 -6.919051  0.031476
     spin moment: {S} , |S| = {        0.0        0.0   -4.96431 }    -4.96431
   scf:   20   -37595.372812   -37595.371624   -37595.404105  0.015698 -6.918739  0.034134
     spin moment: {S} , |S| = {        0.0        0.0   -4.95176 }    -4.95176
   scf:   21   -37595.373991   -37595.372508   -37595.405157  0.019743 -6.918552  0.031885
     spin moment: {S} , |S| = {        0.0        0.0   -4.93661 }    -4.93661
   scf:   22   -37595.373510   -37595.372933   -37595.405660  0.010250 -6.918338  0.024989
     spin moment: {S} , |S| = {        0.0        0.0   -4.92891 }    -4.92891
   scf:   23   -37595.373122   -37595.373022   -37595.405774  0.002458 -6.918284  0.024528
     spin moment: {S} , |S| = {        0.0        0.0   -4.92630 }    -4.92630
   scf:   24   -37595.373245   -37595.373133   -37595.405890  0.002427 -6.918129  0.025292
     spin moment: {S} , |S| = {        0.0        0.0   -4.92533 }    -4.92533
   scf:   25   -37595.373426   -37595.373276   -37595.406031  0.002538 -6.917887  0.027603
     spin moment: {S} , |S| = {        0.0        0.0   -4.92519 }    -4.92519
   scf:   26   -37595.374805   -37595.373908   -37595.406719  0.014263 -6.917116  0.023865
     spin moment: {S} , |S| = {        0.0        0.0   -4.91724 }    -4.91724
   scf:   27   -37595.374836   -37595.374310   -37595.407160  0.009412 -6.916701  0.023515
     spin moment: {S} , |S| = {        0.0        0.0   -4.91116 }    -4.91116
   scf:   28   -37595.374741   -37595.374514   -37595.407370  0.004366 -6.916564  0.023074
     spin moment: {S} , |S| = {        0.0        0.0   -4.90934 }    -4.90934
   scf:   29   -37595.374712   -37595.374609   -37595.407476  0.002338 -6.916530  0.022978
     spin moment: {S} , |S| = {        0.0        0.0   -4.90757 }    -4.90757
   scf:   30   -37595.374679   -37595.374643   -37595.407515  0.000871 -6.916520  0.022989
     spin moment: {S} , |S| = {        0.0        0.0   -4.90689 }    -4.90689
   scf:   31   -37595.374795   -37595.374717   -37595.407594  0.001702 -6.916490  0.023734
     spin moment: {S} , |S| = {        0.0        0.0   -4.90581 }    -4.90581
   scf:   32   -37595.374692   -37595.374704   -37595.407581  0.000223 -6.916534  0.023488
     spin moment: {S} , |S| = {        0.0        0.0   -4.90588 }    -4.90588

SCF Convergence by DM criterion
max |DM_out - DM_in|         :     0.0002232009
max |H_out - H_in|      (eV) :     0.0234880715
SCF cycle converged after 32 iterations

Using DM_out to compute the final energy and forces
No. of atoms with KB's overlaping orbs in proc 0. Max # of overlaps:      79     722

siesta: E_KS(eV) =           -37595.3747

siesta: Atomic forces (eV/Ang):
     1    0.000000    0.103474    0.000000
     2   -0.000000   -0.001794    0.000000
     3    0.000000   -0.117992   -0.000000
     4    0.000000   -0.000607   -0.000000
     5    0.000000    0.072047   -0.000000
     6    0.000000    0.033669    0.000000
     7    0.000000    0.038440   -0.000000
     8   -0.000000    0.190266    0.000000
     9    0.000000   -0.205046    0.000000
    10   -0.000000   -0.109755   -0.000000
----------------------------------------
   Tot   -0.000000    0.002702   -0.000000
----------------------------------------
   Max    0.205046
   Res    0.063960    sqrt( Sum f_i^2 / 3N )
----------------------------------------
   Max    0.205046    constrained

Stress tensor Voigt[x,y,z,yz,xz,xy] (kbar):        2.08       -4.27        1.81       -0.00        0.00        0.00
(Free)E + p*V (eV/cell)   -37595.3991
Target enthalpy (eV/cell)   -37595.4076

siesta: Stress tensor (static) (eV/Ang**3):
         0.001296    0.000000    0.000000
         0.000000   -0.002665    0.000000
         0.000000   -0.000000    0.001128

siesta: Pressure (static):          0.12882618  kBar

siesta: Stress tensor (total) (eV/Ang**3):
         0.001296    0.000000    0.000000
         0.000000   -0.002665    0.000000
         0.000000   -0.000000    0.001128

siesta: Pressure (total):          0.12882618  kBar

                     ====================================
                        Begin CG opt. move =      2
                     ====================================
k-point displ. along   1 input, could be:     0.00    0.50
k-point displ. along   2 input, could be:     0.00    0.50
k-point displ. along   3 input, could be:     0.00    0.50
 Kpoints in:           32 . Kpoints trimmed:           31

siesta: k-grid: Number of k-points = 31
siesta: k-points from Monkhorst-Pack grid
siesta: k-cutoff (effective) =     6.795 Ang
siesta: k-point supercell and displacements
siesta: k-grid:     6     0     0      0.000
siesta: k-grid:     0     2     0      0.000
siesta: k-grid:     0     0     4      0.000

superc: Internal auxiliary supercell:     9 x     3 x     7  =     189
superc: Number of atoms, orbitals, and projectors:   1890  47250  34020

outcell: Unit cell vectors (Ang):
        2.417059   -0.000000    0.000000
       -0.000000   12.151121   -0.000000
        0.000000   -0.000000    3.397505

outcell: Cell vector modules (Ang)   :    2.417059   12.151121    3.397505
outcell: Cell angles (23,13,12) (deg):     90.0000     90.0000     90.0000
outcell: Cell volume (Ang**3)        :     99.7846
<dSpData1D:S at geom step 2
  <sparsity:sparsity for geom step 2
    nrows_g=250 nrows=7 sparsity=.3596 nnzs=22476, refcount: 7>
  <dData1D:(new from dSpData1D) n=22476, refcount: 1>
refcount: 1>
new_DM -- step:     3
Re-using DM from previous geometries...
Number of DMs in history: 1
 DM extrapolation coefficients: 
1   1.00000
New DM after history re-use:
<dSpData2D:SpM extrapolated using coords
  <sparsity:sparsity for geom step 2
    nrows_g=250 nrows=7 sparsity=.3596 nnzs=22476, refcount: 9>
  <dData2D:(temp array for extrapolation) n=22476 m=2, refcount: 1>
refcount: 1>
Note: For starting DM, Qtot, Tr[D*S] =        165.00000000        164.79705860
No. of atoms with KB's overlaping orbs in proc 0. Max # of overlaps:      79     760

InitMesh: MESH = 30 x 128 x 36 = 138240
InitMesh: Mesh cutoff (required, used) =   300.000   306.683 Ry
New grid distribution [1]: sub = 2
New grid distribution [2]: sub = 2
New grid distribution [3]: sub = 2
Setting up quadratic distribution...

        iscf     Eharris(eV)        E_KS(eV)     FreeEng(eV)     dDmax    Ef(eV) dHmax(eV)
   scf:    1   -37039.506344   -37414.035044   -37414.066923  0.939771 -6.898216 79.170169
     spin moment: {S} , |S| = {        0.0        0.0   -3.66846 }    -3.66846
   scf:    2   112261.143604    11207.077727    11207.064137**********-12.934069**********
     spin moment: {S} , |S| = {        0.0        0.0   -3.04835 }    -3.04835
   scf:    3   -51868.407697   -35759.600351   -35759.619590********** -6.381501242.833317
     spin moment: {S} , |S| = {        0.0        0.0   -2.57287 }    -2.57287
   scf:    4   -38137.641244   -37250.100193   -37250.127868  1.624555 -6.838450111.581905
     spin moment: {S} , |S| = {        0.0        0.0   -4.67740 }    -4.67740
   scf:    5   -37706.734889   -37558.851860   -37558.883201  0.504388 -6.978665 35.172636
     spin moment: {S} , |S| = {        0.0        0.0   -4.70438 }    -4.70438
   scf:    6   -37447.739574   -37565.915083   -37565.938391  0.598651 -6.911227 33.465176
     spin moment: {S} , |S| = {        0.0        0.0   -4.15095 }    -4.15095
   scf:    7   -37573.562410   -37592.600551   -37592.628776  0.394824 -6.974119  9.604063
     spin moment: {S} , |S| = {        0.0        0.0   -4.54507 }    -4.54507
   scf:    8   -37593.674192   -37593.208517   -37593.236963  0.027782 -6.984992  8.145183
     spin moment: {S} , |S| = {        0.0        0.0   -4.54096 }    -4.54096
   scf:    9   -37587.597741   -37593.614507   -37593.643619  0.151990 -6.973779  7.607671
     spin moment: {S} , |S| = {        0.0        0.0   -4.36573 }    -4.36573
   scf:   10   -37593.212633   -37593.428332   -37593.457520  0.017121 -6.984752  7.762990
     spin moment: {S} , |S| = {        0.0        0.0   -4.34600 }    -4.34600
   scf:   11   -37594.996063   -37595.128552   -37595.156878  0.087166 -7.009850  0.455576
     spin moment: {S} , |S| = {        0.0        0.0   -4.39746 }    -4.39746
   scf:   12   -37595.145598   -37595.142051   -37595.169954  0.024493 -7.026804  0.262727
     spin moment: {S} , |S| = {        0.0        0.0   -4.35289 }    -4.35289
   scf:   13   -37595.145413   -37595.144192   -37595.171773  0.012407 -7.034497  0.331578
     spin moment: {S} , |S| = {        0.0        0.0   -4.32699 }    -4.32699
   scf:   14   -37595.147295   -37595.145922   -37595.173431  0.001433 -7.033828  0.234990
     spin moment: {S} , |S| = {        0.0        0.0   -4.32382 }    -4.32382
   scf:   15   -37595.151598   -37595.148883   -37595.176100  0.006616 -7.035115  0.131095
     spin moment: {S} , |S| = {        0.0        0.0   -4.30392 }    -4.30392
   scf:   16   -37595.154272   -37595.151498   -37595.178416  0.008473 -7.033302  0.133146
     spin moment: {S} , |S| = {        0.0        0.0   -4.27967 }    -4.27967
   scf:   17   -37595.160455   -37595.155689   -37595.182280  0.015283 -7.030817  0.133126
     spin moment: {S} , |S| = {        0.0        0.0   -4.24003 }    -4.24003
   scf:   18   -37595.167544   -37595.160823   -37595.187407  0.023645 -7.025434  0.100127
     spin moment: {S} , |S| = {        0.0        0.0   -4.17570 }    -4.17570
   scf:   19   -37595.163204   -37595.161953   -37595.188602  0.006521 -7.024350  0.084115
     spin moment: {S} , |S| = {        0.0        0.0   -4.15731 }    -4.15731
   scf:   20   -37595.165294   -37595.163530   -37595.190300  0.008735 -7.022871  0.052105
     spin moment: {S} , |S| = {        0.0        0.0   -4.13138 }    -4.13138
   scf:   21   -37595.164406   -37595.163970   -37595.190794  0.003577 -7.021685  0.053687
     spin moment: {S} , |S| = {        0.0        0.0   -4.12617 }    -4.12617
   scf:   22   -37595.166423   -37595.165108   -37595.192022  0.008415 -7.019921  0.057972
     spin moment: {S} , |S| = {        0.0        0.0   -4.10074 }    -4.10074
   scf:   23   -37595.168254   -37595.166483   -37595.193533  0.008821 -7.018150  0.046349
     spin moment: {S} , |S| = {        0.0        0.0   -4.07122 }    -4.07122
   scf:   24   -37595.170421   -37595.168026   -37595.195122  0.015750 -7.016550  0.043194
     spin moment: {S} , |S| = {        0.0        0.0   -4.02010 }    -4.02010
   scf:   25   -37595.168527   -37595.168333   -37595.195507  0.004617 -7.016902  0.057489
     spin moment: {S} , |S| = {        0.0        0.0   -4.01650 }    -4.01650
   scf:   26   -37595.170081   -37595.169067   -37595.196200  0.009420 -7.015740  0.025272
     spin moment: {S} , |S| = {        0.0        0.0   -3.98323 }    -3.98323
   scf:   27   -37595.169263   -37595.169164   -37595.196318  0.001471 -7.015434  0.017257
     spin moment: {S} , |S| = {        0.0        0.0   -3.98103 }    -3.98103
   scf:   28   -37595.169718   -37595.169408   -37595.196647  0.005708 -7.014479  0.040795
     spin moment: {S} , |S| = {        0.0        0.0   -3.97424 }    -3.97424
   scf:   29   -37595.171018   -37595.169885   -37595.197149  0.012804 -7.011829  0.046051
     spin moment: {S} , |S| = {        0.0        0.0   -3.93615 }    -3.93615
   scf:   30   -37595.169933   -37595.169908   -37595.197183  0.000659 -7.011610  0.041506
     spin moment: {S} , |S| = {        0.0        0.0   -3.93514 }    -3.93514
   scf:   31   -37595.170036   -37595.169973   -37595.197294  0.002283 -7.011148  0.022237
     spin moment: {S} , |S| = {        0.0        0.0   -3.93417 }    -3.93417
   scf:   32   -37595.170153   -37595.170030   -37595.197430  0.004872 -7.010585  0.019016
     spin moment: {S} , |S| = {        0.0        0.0   -3.93000 }    -3.93000
   scf:   33   -37595.170125   -37595.170044   -37595.197592  0.005631 -7.010336  0.015575
     spin moment: {S} , |S| = {        0.0        0.0   -3.93329 }    -3.93329
   scf:   34   -37595.170092   -37595.170023   -37595.197690  0.006149 -7.009859  0.015439
     spin moment: {S} , |S| = {        0.0        0.0   -3.93173 }    -3.93173
   scf:   35   -37595.170010   -37595.170015   -37595.197707  0.000964 -7.009830  0.014607
     spin moment: {S} , |S| = {        0.0        0.0   -3.93248 }    -3.93248
   scf:   36   -37595.170014   -37595.170014   -37595.197723  0.000972 -7.009809  0.014109
     spin moment: {S} , |S| = {        0.0        0.0   -3.93299 }    -3.93299
   scf:   37   -37595.170008   -37595.170010   -37595.197733  0.000638 -7.009801  0.013976
     spin moment: {S} , |S| = {        0.0        0.0   -3.93334 }    -3.93334
   scf:   38   -37595.170017   -37595.170013   -37595.197745  0.000847 -7.009803  0.013604
     spin moment: {S} , |S| = {        0.0        0.0   -3.93356 }    -3.93356
   scf:   39   -37595.170009   -37595.169989   -37595.197787  0.004488 -7.009523  0.011340
     spin moment: {S} , |S| = {        0.0        0.0   -3.93268 }    -3.93268
   scf:   40   -37595.169995   -37595.169989   -37595.197816  0.002085 -7.009594  0.011578
     spin moment: {S} , |S| = {        0.0        0.0   -3.93497 }    -3.93497
   scf:   41   -37595.169975   -37595.169961   -37595.197848  0.004563 -7.009425  0.010253
     spin moment: {S} , |S| = {        0.0        0.0   -3.93616 }    -3.93616
   scf:   42   -37595.169875   -37595.169873   -37595.197866  0.006616 -7.009160  0.012001
     spin moment: {S} , |S| = {        0.0        0.0   -3.93908 }    -3.93908
   scf:   43   -37595.169841   -37595.169854   -37595.197890  0.001203 -7.009288  0.006380
     spin moment: {S} , |S| = {        0.0        0.0   -3.94540 }    -3.94540
   scf:   44   -37595.169868   -37595.169861   -37595.197898  0.000451 -7.009330  0.009008
     spin moment: {S} , |S| = {        0.0        0.0   -3.94715 }    -3.94715

SCF Convergence by DM criterion
max |DM_out - DM_in|         :     0.0004510728
max |H_out - H_in|      (eV) :     0.0090083201
SCF cycle converged after 44 iterations

Using DM_out to compute the final energy and forces
No. of atoms with KB's overlaping orbs in proc 0. Max # of overlaps:      79     760

siesta: E_KS(eV) =           -37595.1699

siesta: Atomic forces (eV/Ang):
     1    0.000000    0.275990    0.000000
     2   -0.000000    0.797892    0.000000
     3   -0.000000   -0.158117   -0.000000
     4    0.000000   -0.347384    0.000000
     5   -0.000000    0.056835    0.000000
     6    0.000000    0.333858    0.000000
     7    0.000000   -0.571368   -0.000000
     8   -0.000000   -0.052257   -0.000000
     9   -0.000000   -0.011841   -0.000000
    10   -0.000000   -0.308585    0.000000
----------------------------------------
   Tot   -0.000000    0.015023    0.000000
----------------------------------------
   Max    0.797892
   Res    0.215849    sqrt( Sum f_i^2 / 3N )
----------------------------------------
   Max    0.797892    constrained

Stress tensor Voigt[x,y,z,yz,xz,xy] (kbar):     -120.88     -126.90     -153.94       -0.00       -0.00        0.00
(Free)E + p*V (eV/cell)   -37586.8582
Target enthalpy (eV/cell)   -37595.1979

siesta: Stress tensor (static) (eV/Ang**3):
        -0.075446    0.000000   -0.000000
         0.000000   -0.079207   -0.000000
        -0.000000   -0.000000   -0.096079

siesta: Pressure (static):        133.90549686  kBar

siesta: Stress tensor (total) (eV/Ang**3):
        -0.075446    0.000000   -0.000000
         0.000000   -0.079207   -0.000000
        -0.000000   -0.000000   -0.096079

siesta: Pressure (total):        133.90549686  kBar

                     ====================================
                        Begin CG opt. move =      3
                     ====================================
k-point displ. along   1 input, could be:     0.00    0.50
k-point displ. along   2 input, could be:     0.00    0.50
k-point displ. along   3 input, could be:     0.00    0.50
 Kpoints in:           32 . Kpoints trimmed:           31

siesta: k-grid: Number of k-points = 31
siesta: k-points from Monkhorst-Pack grid
siesta: k-cutoff (effective) =     6.941 Ang
siesta: k-point supercell and displacements
siesta: k-grid:     6     0     0      0.000
siesta: k-grid:     0     2     0      0.000
siesta: k-grid:     0     0     4      0.000

superc: Internal auxiliary supercell:     9 x     3 x     7  =     189
superc: Number of atoms, orbitals, and projectors:   1890  47250  34020

outcell: Unit cell vectors (Ang):
        2.459940   -0.000000    0.000000
       -0.000000   12.326299   -0.000000
        0.000000   -0.000000    3.470503

outcell: Cell vector modules (Ang)   :    2.459940   12.326299    3.470503
outcell: Cell angles (23,13,12) (deg):     90.0000     90.0000     90.0000
outcell: Cell volume (Ang**3)        :    105.2325
<dSpData1D:S at geom step 3
  <sparsity:sparsity for geom step 3
    nrows_g=250 nrows=7 sparsity=.3243 nnzs=20270, refcount: 7>
  <dData1D:(new from dSpData1D) n=20270, refcount: 1>
refcount: 1>
new_DM -- step:     4
Re-using DM from previous geometries...
Number of DMs in history: 1
 DM extrapolation coefficients: 
1   1.00000
New DM after history re-use:
<dSpData2D:SpM extrapolated using coords
  <sparsity:sparsity for geom step 3
    nrows_g=250 nrows=7 sparsity=.3243 nnzs=20270, refcount: 9>
  <dData2D:(temp array for extrapolation) n=20270 m=2, refcount: 1>
refcount: 1>
Note: For starting DM, Qtot, Tr[D*S] =        165.00000000        165.24108858
No. of atoms with KB's overlaping orbs in proc 0. Max # of overlaps:      79     722

InitMesh: MESH = 30 x 144 x 40 = 172800
InitMesh: Mesh cutoff (required, used) =   300.000   367.145 Ry
New grid distribution [1]: sub = 2
New grid distribution [2]: sub = 2
New grid distribution [3]: sub = 2
Setting up quadratic distribution...

        iscf     Eharris(eV)        E_KS(eV)     FreeEng(eV)     dDmax    Ef(eV) dHmax(eV)
   scf:    1   -36812.713851   -37331.928414   -37331.960987  0.808930 -6.950397 90.986854
     spin moment: {S} , |S| = {        0.0        0.0   -4.67740 }    -4.67740
   scf:    2   163506.119439    27658.275980    27658.271409**********-14.200540**********
     spin moment: {S} , |S| = {        0.0        0.0   -0.08211 }    -0.08211
   scf:    3   -58744.788747   -33566.892085   -33566.918579********** -6.216469364.354130
     spin moment: {S} , |S| = {        0.0        0.0   -2.59988 }    -2.59988
   scf:    4   -34604.883407   -34097.374626   -34097.402293  0.350834 -6.447566330.052056
     spin moment: {S} , |S| = {        0.0        0.0   -2.66361 }    -2.66361
   scf:    5   -38329.615524   -36628.440026   -36628.465744  1.505410 -6.956784172.751441
     spin moment: {S} , |S| = {        0.0        0.0   -3.33917 }    -3.33917
   scf:    6   -37912.210508   -37494.237056   -37494.268878  0.977716 -6.935243 60.483516
     spin moment: {S} , |S| = {        0.0        0.0   -3.70098 }    -3.70098
   scf:    7   -37460.714767   -37477.790527   -37477.822786  0.057813 -6.938387 65.566247
     spin moment: {S} , |S| = {        0.0        0.0   -3.64430 }    -3.64430
   scf:    8   -37095.852223   -37306.933933   -37306.965443  0.427641 -6.978948 94.689706
     spin moment: {S} , |S| = {        0.0        0.0   -3.22868 }    -3.22868
   scf:    9   -37323.039174   -37315.047668   -37315.079871  0.026970 -6.976198 92.647244
     spin moment: {S} , |S| = {        0.0        0.0   -3.26645 }    -3.26645
   scf:   10   -37501.102593   -37584.835113   -37584.865846  1.049743 -6.997410 19.144297
     spin moment: {S} , |S| = {        0.0        0.0   -4.49158 }    -4.49158
   scf:   11   -37589.951315   -37587.766878   -37587.797317  0.065924 -6.983816 17.111488
     spin moment: {S} , |S| = {        0.0        0.0   -4.49958 }    -4.49958
   scf:   12   -37595.171098   -37591.988462   -37592.018330  0.097277 -6.960904 11.315744
     spin moment: {S} , |S| = {        0.0        0.0   -4.42865 }    -4.42865
   scf:   13   -37595.617666   -37595.276540   -37595.307136  0.142893 -6.932837  1.397274
     spin moment: {S} , |S| = {        0.0        0.0   -4.19895 }    -4.19895
   scf:   14   -37595.300843   -37595.338594   -37595.369556  0.037845 -6.913834  0.807980
     spin moment: {S} , |S| = {        0.0        0.0   -4.21964 }    -4.21964
   scf:   15   -37595.338083   -37595.345329   -37595.376140  0.022076 -6.912746  0.879558
     spin moment: {S} , |S| = {        0.0        0.0   -4.20920 }    -4.20920
   scf:   16   -37595.364241   -37595.360688   -37595.391172  0.008780 -6.905668  0.189469
     spin moment: {S} , |S| = {        0.0        0.0   -4.21596 }    -4.21596
   scf:   17   -37595.365428   -37595.363551   -37595.393837  0.008304 -6.899455  0.120821
     spin moment: {S} , |S| = {        0.0        0.0   -4.22492 }    -4.22492
   scf:   18   -37595.367466   -37595.365637   -37595.395763  0.006599 -6.895168  0.068279
     spin moment: {S} , |S| = {        0.0        0.0   -4.23726 }    -4.23726
   scf:   19   -37595.367245   -37595.366487   -37595.396523  0.003713 -6.895084  0.093115
     spin moment: {S} , |S| = {        0.0        0.0   -4.24473 }    -4.24473
   scf:   20   -37595.367822   -37595.367147   -37595.397108  0.002879 -6.895292  0.088190
     spin moment: {S} , |S| = {        0.0        0.0   -4.24964 }    -4.24964
   scf:   21   -37595.368313   -37595.367731   -37595.397623  0.002860 -6.895542  0.071443
     spin moment: {S} , |S| = {        0.0        0.0   -4.25370 }    -4.25370
   scf:   22   -37595.376898   -37595.371885   -37595.401303  0.019657 -6.898869  0.071514
     spin moment: {S} , |S| = {        0.0        0.0   -4.28545 }    -4.28545
   scf:   23   -37595.380344   -37595.375650   -37595.404712  0.019548 -6.902253  0.061317
     spin moment: {S} , |S| = {        0.0        0.0   -4.31495 }    -4.31495
   scf:   24   -37595.375968   -37595.375853   -37595.404884  0.001631 -6.902794  0.051034
     spin moment: {S} , |S| = {        0.0        0.0   -4.31404 }    -4.31404
   scf:   25   -37595.385445   -37595.379893   -37595.408749  0.023674 -6.906552  0.051161
     spin moment: {S} , |S| = {        0.0        0.0   -4.34813 }    -4.34813
   scf:   26   -37595.391155   -37595.383994   -37595.413116  0.029537 -6.910571  0.048073
     spin moment: {S} , |S| = {        0.0        0.0   -4.39923 }    -4.39923
   scf:   27   -37595.385481   -37595.384686   -37595.413874  0.005849 -6.911047  0.035465
     spin moment: {S} , |S| = {        0.0        0.0   -4.40726 }    -4.40726
   scf:   28   -37595.390085   -37595.386561   -37595.416170  0.019518 -6.913141  0.033774
     spin moment: {S} , |S| = {        0.0        0.0   -4.45112 }    -4.45112
   scf:   29   -37595.386758   -37595.386673   -37595.416193  0.002308 -6.912556  0.033660
     spin moment: {S} , |S| = {        0.0        0.0   -4.44176 }    -4.44176
   scf:   30   -37595.387824   -37595.387188   -37595.416787  0.005752 -6.912454  0.027307
     spin moment: {S} , |S| = {        0.0        0.0   -4.45023 }    -4.45023
   scf:   31   -37595.389035   -37595.387915   -37595.417691  0.009702 -6.912818  0.034211
     spin moment: {S} , |S| = {        0.0        0.0   -4.46973 }    -4.46973
   scf:   32   -37595.388155   -37595.388036   -37595.417777  0.001395 -6.912538  0.022141
     spin moment: {S} , |S| = {        0.0        0.0   -4.46560 }    -4.46560
   scf:   33   -37595.389471   -37595.388589   -37595.418482  0.008586 -6.913029  0.022328
     spin moment: {S} , |S| = {        0.0        0.0   -4.48301 }    -4.48301
   scf:   34   -37595.389391   -37595.388939   -37595.418883  0.005220 -6.913458  0.020677
     spin moment: {S} , |S| = {        0.0        0.0   -4.48898 }    -4.48898
   scf:   35   -37595.390414   -37595.389509   -37595.419519  0.009239 -6.913859  0.020757
     spin moment: {S} , |S| = {        0.0        0.0   -4.49653 }    -4.49653
   scf:   36   -37595.389743   -37595.389616   -37595.419652  0.002113 -6.913977  0.021360
     spin moment: {S} , |S| = {        0.0        0.0   -4.49993 }    -4.49993
   scf:   37   -37595.390358   -37595.389951   -37595.419915  0.003649 -6.913616  0.019209
     spin moment: {S} , |S| = {        0.0        0.0   -4.49126 }    -4.49126
   scf:   38   -37595.391246   -37595.390413   -37595.420428  0.009201 -6.913383  0.022694
     spin moment: {S} , |S| = {        0.0        0.0   -4.49868 }    -4.49868
   scf:   39   -37595.391237   -37595.390748   -37595.420720  0.005334 -6.912949  0.017886
     spin moment: {S} , |S| = {        0.0        0.0   -4.49399 }    -4.49399
   scf:   40   -37595.390895   -37595.390807   -37595.420810  0.002578 -6.912977  0.017481
     spin moment: {S} , |S| = {        0.0        0.0   -4.49896 }    -4.49896
   scf:   41   -37595.391420   -37595.391039   -37595.421041  0.005891 -6.912764  0.012838
     spin moment: {S} , |S| = {        0.0        0.0   -4.50208 }    -4.50208
   scf:   42   -37595.391222   -37595.391127   -37595.421095  0.001434 -6.912893  0.012743
     spin moment: {S} , |S| = {        0.0        0.0   -4.49950 }    -4.49950
   scf:   43   -37595.391499   -37595.391288   -37595.421231  0.003780 -6.912822  0.011057
     spin moment: {S} , |S| = {        0.0        0.0   -4.49992 }    -4.49992
   scf:   44   -37595.391730   -37595.391483   -37595.421354  0.003636 -6.912960  0.012357
     spin moment: {S} , |S| = {        0.0        0.0   -4.49385 }    -4.49385
   scf:   45   -37595.391777   -37595.391615   -37595.421438  0.002470 -6.912986  0.009882
     spin moment: {S} , |S| = {        0.0        0.0   -4.48970 }    -4.48970
   scf:   46   -37595.392004   -37595.391765   -37595.421569  0.004461 -6.913339  0.011824
     spin moment: {S} , |S| = {        0.0        0.0   -4.49087 }    -4.49087
   scf:   47   -37595.392140   -37595.391925   -37595.421662  0.003356 -6.913373  0.009362
     spin moment: {S} , |S| = {        0.0        0.0   -4.48508 }    -4.48508
   scf:   48   -37595.392286   -37595.392082   -37595.421750  0.003836 -6.913530  0.006429
     spin moment: {S} , |S| = {        0.0        0.0   -4.48179 }    -4.48179
   scf:   49   -37595.392398   -37595.392221   -37595.421818  0.003421 -6.913554  0.007416
     spin moment: {S} , |S| = {        0.0        0.0   -4.47779 }    -4.47779
   scf:   50   -37595.392432   -37595.392320   -37595.421853  0.001968 -6.913554  0.006653
     spin moment: {S} , |S| = {        0.0        0.0   -4.47328 }    -4.47328
   scf:   51   -37595.392458   -37595.392386   -37595.421875  0.001197 -6.913509  0.005803
     spin moment: {S} , |S| = {        0.0        0.0   -4.46976 }    -4.46976
   scf:   52   -37595.392491   -37595.392437   -37595.421887  0.000903 -6.913463  0.005335
     spin moment: {S} , |S| = {        0.0        0.0   -4.46688 }    -4.46688
   scf:   53   -37595.392533   -37595.392484   -37595.421902  0.000878 -6.913452  0.005251
     spin moment: {S} , |S| = {        0.0        0.0   -4.46468 }    -4.46468
   scf:   54   -37595.392594   -37595.392538   -37595.421913  0.000816 -6.913388  0.004836
     spin moment: {S} , |S| = {        0.0        0.0   -4.46161 }    -4.46161
   scf:   55   -37595.392728   -37595.392629   -37595.421934  0.001436 -6.913309  0.004385
     spin moment: {S} , |S| = {        0.0        0.0   -4.45684 }    -4.45684
   scf:   56   -37595.392853   -37595.392737   -37595.421953  0.001506 -6.913143  0.004008
     spin moment: {S} , |S| = {        0.0        0.0   -4.45068 }    -4.45068
   scf:   57   -37595.392994   -37595.392860   -37595.421975  0.001739 -6.912946  0.003787
     spin moment: {S} , |S| = {        0.0        0.0   -4.44384 }    -4.44384
   scf:   58   -37595.393028   -37595.392942   -37595.421986  0.001095 -6.912781  0.003651
     spin moment: {S} , |S| = {        0.0        0.0   -4.43912 }    -4.43912
   scf:   59   -37595.392935   -37595.392938   -37595.421984  0.000466 -6.912701  0.003567
     spin moment: {S} , |S| = {        0.0        0.0   -4.43906 }    -4.43906

SCF Convergence by DM criterion
max |DM_out - DM_in|         :     0.0004664501
max |H_out - H_in|      (eV) :     0.0035666002
SCF cycle converged after 59 iterations

Using DM_out to compute the final energy and forces
No. of atoms with KB's overlaping orbs in proc 0. Max # of overlaps:      79     722

siesta: E_KS(eV) =           -37595.3929

siesta: Atomic forces (eV/Ang):
     1   -0.000000    0.064661    0.000000
     2   -0.000000    0.129953   -0.000000
     3   -0.000000   -0.119589   -0.000000
     4    0.000000   -0.088614    0.000000
     5   -0.000000    0.088696    0.000000
     6   -0.000000    0.054901   -0.000000
     7    0.000000    0.002917   -0.000000
     8    0.000000    0.110492    0.000000
     9   -0.000000   -0.092264    0.000000
    10   -0.000000   -0.148931   -0.000000
----------------------------------------
   Tot   -0.000000    0.002220    0.000000
----------------------------------------
   Max    0.148931
   Res    0.056866    sqrt( Sum f_i^2 / 3N )
----------------------------------------
   Max    0.148931    constrained

Stress tensor Voigt[x,y,z,yz,xz,xy] (kbar):       13.61        0.68       -2.06        0.00       -0.00        0.00
(Free)E + p*V (eV/cell)   -37595.6898
Target enthalpy (eV/cell)   -37595.4220

siesta: Stress tensor (static) (eV/Ang**3):
         0.008497    0.000000   -0.000000
         0.000000    0.000426    0.000000
        -0.000000    0.000000   -0.001288

siesta: Pressure (static):         -4.07743636  kBar

siesta: Stress tensor (total) (eV/Ang**3):
         0.008497    0.000000   -0.000000
         0.000000    0.000426    0.000000
        -0.000000    0.000000   -0.001288

siesta: Pressure (total):         -4.07743636  kBar

cgvc: Finished line minimization    1.  Mean atomic displacement =    0.0652

                     ====================================
                        Begin CG opt. move =      4
                     ====================================
k-point displ. along   1 input, could be:     0.00    0.50
k-point displ. along   2 input, could be:     0.00    0.50
k-point displ. along   3 input, could be:     0.00    0.50
 Kpoints in:           32 . Kpoints trimmed:           31

siesta: k-grid: Number of k-points = 31
siesta: k-points from Monkhorst-Pack grid
siesta: k-cutoff (effective) =     6.954 Ang
siesta: k-point supercell and displacements
siesta: k-grid:     6     0     0      0.000
siesta: k-grid:     0     2     0      0.000
siesta: k-grid:     0     0     4      0.000

superc: Internal auxiliary supercell:     9 x     3 x     7  =     189
superc: Number of atoms, orbitals, and projectors:   1890  47250  34020

outcell: Unit cell vectors (Ang):
        2.432999   -0.000000    0.000000
       -0.000000   12.320623   -0.000000
        0.000000   -0.000000    3.476818

outcell: Cell vector modules (Ang)   :    2.432999   12.320623    3.476818
outcell: Cell angles (23,13,12) (deg):     90.0000     90.0000     90.0000
outcell: Cell volume (Ang**3)        :    104.2213
<dSpData1D:S at geom step 4
  <sparsity:sparsity for geom step 4
    nrows_g=250 nrows=7 sparsity=.3355 nnzs=20968, refcount: 7>
  <dData1D:(new from dSpData1D) n=20968, refcount: 1>
refcount: 1>
new_DM -- step:     5
Re-using DM from previous geometries...
Number of DMs in history: 1
 DM extrapolation coefficients: 
1   1.00000
New DM after history re-use:
<dSpData2D:SpM extrapolated using coords
  <sparsity:sparsity for geom step 4
    nrows_g=250 nrows=7 sparsity=.3355 nnzs=20968, refcount: 9>
  <dData2D:(temp array for extrapolation) n=20968 m=2, refcount: 1>
refcount: 1>
No. of atoms with KB's overlaping orbs in proc 0. Max # of overlaps:      79     735

InitMesh: MESH = 30 x 144 x 40 = 172800
InitMesh: Mesh cutoff (required, used) =   300.000   365.812 Ry
New grid distribution [1]: sub = 2
New grid distribution [2]: sub = 2
New grid distribution [3]: sub = 2
Setting up quadratic distribution...

        iscf     Eharris(eV)        E_KS(eV)     FreeEng(eV)     dDmax    Ef(eV) dHmax(eV)
   scf:    1   -37528.139130   -37573.997964   -37574.028348  0.336567 -6.882478 25.730178
     spin moment: {S} , |S| = {        0.0        0.0   -4.26474 }    -4.26474
   scf:    2    11037.365952   -21622.580149   -21622.587953296.871632 -2.887914700.156072
     spin moment: {S} , |S| = {        0.0        0.0   -2.07656 }    -2.07656
   scf:    3   -40121.888385   -37490.103141   -37490.133188296.744279 -6.928353 58.189468
     spin moment: {S} , |S| = {        0.0        0.0   -4.89287 }    -4.89287
   scf:    4   -37613.666333   -37563.460440   -37563.493660  0.299529 -6.951519 33.511748
     spin moment: {S} , |S| = {        0.0        0.0   -4.61198 }    -4.61198
   scf:    5   -37601.642524   -37594.261349   -37594.288398  0.319717 -6.913725  6.501475
     spin moment: {S} , |S| = {        0.0        0.0   -4.34122 }    -4.34122
   scf:    6   -37593.383627   -37593.994477   -37594.022011  0.048614 -6.921736  6.353000
     spin moment: {S} , |S| = {        0.0        0.0   -4.36141 }    -4.36141
   scf:    7   -37595.755347   -37595.238142   -37595.265400  0.049057 -6.914912  1.905870
     spin moment: {S} , |S| = {        0.0        0.0   -4.33297 }    -4.33297
   scf:    8   -37595.343849   -37595.298073   -37595.325297  0.007436 -6.914214  1.180559
     spin moment: {S} , |S| = {        0.0        0.0   -4.32828 }    -4.32828
   scf:    9   -37595.349850   -37595.342209   -37595.369402  0.013640 -6.915097  0.126737
     spin moment: {S} , |S| = {        0.0        0.0   -4.32012 }    -4.32012
   scf:   10   -37595.331428   -37595.339416   -37595.366613  0.009369 -6.918207  0.483266
     spin moment: {S} , |S| = {        0.0        0.0   -4.31890 }    -4.31890
   scf:   11   -37595.351938   -37595.350542   -37595.377674  0.025669 -6.924005  0.114974
     spin moment: {S} , |S| = {        0.0        0.0   -4.30635 }    -4.30635
   scf:   12   -37595.351387   -37595.351132   -37595.378237  0.002010 -6.923972  0.041691
     spin moment: {S} , |S| = {        0.0        0.0   -4.30450 }    -4.30450
   scf:   13   -37595.352327   -37595.351723   -37595.378735  0.002545 -6.922840  0.045462
     spin moment: {S} , |S| = {        0.0        0.0   -4.29847 }    -4.29847
   scf:   14   -37595.353399   -37595.352532   -37595.379412  0.003816 -6.921071  0.041128
     spin moment: {S} , |S| = {        0.0        0.0   -4.28936 }    -4.28936
   scf:   15   -37595.353601   -37595.353045   -37595.379843  0.003007 -6.920459  0.043587
     spin moment: {S} , |S| = {        0.0        0.0   -4.28317 }    -4.28317
   scf:   16   -37595.356484   -37595.354480   -37595.381083  0.009515 -6.918054  0.021359
     spin moment: {S} , |S| = {        0.0        0.0   -4.26255 }    -4.26255
   scf:   17   -37595.355347   -37595.354871   -37595.381431  0.003750 -6.917364  0.018278
     spin moment: {S} , |S| = {        0.0        0.0   -4.25518 }    -4.25518
   scf:   18   -37595.355338   -37595.355086   -37595.381625  0.002258 -6.916557  0.018927
     spin moment: {S} , |S| = {        0.0        0.0   -4.25063 }    -4.25063
   scf:   19   -37595.355529   -37595.355291   -37595.381803  0.002155 -6.915999  0.011442
     spin moment: {S} , |S| = {        0.0        0.0   -4.24710 }    -4.24710
   scf:   20   -37595.356241   -37595.355637   -37595.382123  0.005729 -6.913873  0.010763
     spin moment: {S} , |S| = {        0.0        0.0   -4.23624 }    -4.23624
   scf:   21   -37595.355772   -37595.355699   -37595.382177  0.001315 -6.913535  0.011243
     spin moment: {S} , |S| = {        0.0        0.0   -4.23468 }    -4.23468
   scf:   22   -37595.355793   -37595.355737   -37595.382222  0.001667 -6.913203  0.011005
     spin moment: {S} , |S| = {        0.0        0.0   -4.23200 }    -4.23200
   scf:   23   -37595.355724   -37595.355727   -37595.382207  0.001210 -6.913636  0.009171
     spin moment: {S} , |S| = {        0.0        0.0   -4.23491 }    -4.23491
   scf:   24   -37595.355810   -37595.355766   -37595.382242  0.001099 -6.913680  0.010225
     spin moment: {S} , |S| = {        0.0        0.0   -4.23470 }    -4.23470
   scf:   25   -37595.355860   -37595.355806   -37595.382280  0.001652 -6.913353  0.008683
     spin moment: {S} , |S| = {        0.0        0.0   -4.23283 }    -4.23283
   scf:   26   -37595.355872   -37595.355837   -37595.382299  0.001522 -6.913706  0.006833
     spin moment: {S} , |S| = {        0.0        0.0   -4.23618 }    -4.23618
   scf:   27   -37595.355895   -37595.355864   -37595.382321  0.001060 -6.913590  0.006198
     spin moment: {S} , |S| = {        0.0        0.0   -4.23647 }    -4.23647
   scf:   28   -37595.355881   -37595.355872   -37595.382326  0.000511 -6.913704  0.005369
     spin moment: {S} , |S| = {        0.0        0.0   -4.23749 }    -4.23749
   scf:   29   -37595.355877   -37595.355875   -37595.382327  0.000278 -6.913771  0.005042
     spin moment: {S} , |S| = {        0.0        0.0   -4.23792 }    -4.23792

SCF Convergence by DM criterion
max |DM_out - DM_in|         :     0.0002784439
max |H_out - H_in|      (eV) :     0.0050424501
SCF cycle converged after 29 iterations

Using DM_out to compute the final energy and forces
No. of atoms with KB's overlaping orbs in proc 0. Max # of overlaps:      79     735

siesta: E_KS(eV) =           -37595.3559

siesta: Atomic forces (eV/Ang):
     1    0.000000   -0.111399   -0.000001
     2    0.000000   -0.648380   -0.000000
     3   -0.000000    0.402003   -0.000000
     4   -0.000000    0.428954   -0.000000
     5   -0.000000   -0.460281    0.000000
     6    0.000000   -0.167625    0.000001
     7   -0.000000    0.214399    0.000001
     8    0.000000   -0.385022    0.000000
     9    0.000000    0.286636   -0.000000
    10   -0.000000    0.446569   -0.000000
----------------------------------------
   Tot    0.000001    0.005854   -0.000000
----------------------------------------
   Max    0.648380
   Res    0.223171    sqrt( Sum f_i^2 / 3N )
----------------------------------------
   Max    0.648380    constrained

Stress tensor Voigt[x,y,z,yz,xz,xy] (kbar):      -22.81       -7.15      -12.22        0.00        0.00        0.00
(Free)E + p*V (eV/cell)   -37594.4676
Target enthalpy (eV/cell)   -37595.3823

siesta: Stress tensor (static) (eV/Ang**3):
        -0.014237    0.000000    0.000000
         0.000000   -0.004465    0.000000
         0.000000    0.000000   -0.007628

siesta: Pressure (static):         14.06199686  kBar

siesta: Stress tensor (total) (eV/Ang**3):
        -0.014237    0.000000    0.000000
         0.000000   -0.004465    0.000000
         0.000000    0.000000   -0.007628

siesta: Pressure (total):         14.06199686  kBar

                     ====================================
                        Begin CG opt. move =      5
                     ====================================
k-point displ. along   1 input, could be:     0.00    0.50
k-point displ. along   2 input, could be:     0.00    0.50
k-point displ. along   3 input, could be:     0.00    0.50
 Kpoints in:           32 . Kpoints trimmed:           31

siesta: k-grid: Number of k-points = 31
siesta: k-points from Monkhorst-Pack grid
siesta: k-cutoff (effective) =     6.944 Ang
siesta: k-point supercell and displacements
siesta: k-grid:     6     0     0      0.000
siesta: k-grid:     0     2     0      0.000
siesta: k-grid:     0     0     4      0.000

superc: Internal auxiliary supercell:     9 x     3 x     7  =     189
superc: Number of atoms, orbitals, and projectors:   1890  47250  34020

outcell: Unit cell vectors (Ang):
        2.453473   -0.000000    0.000000
       -0.000000   12.324936   -0.000000
        0.000000   -0.000000    3.472019

outcell: Cell vector modules (Ang)   :    2.453473   12.324936    3.472019
outcell: Cell angles (23,13,12) (deg):     90.0000     90.0000     90.0000
outcell: Cell volume (Ang**3)        :    104.9900
<dSpData1D:S at geom step 5
  <sparsity:sparsity for geom step 5
    nrows_g=250 nrows=7 sparsity=.3271 nnzs=20441, refcount: 7>
  <dData1D:(new from dSpData1D) n=20441, refcount: 1>
refcount: 1>
new_DM -- step:     6
Re-using DM from previous geometries...
Number of DMs in history: 1
 DM extrapolation coefficients: 
1   1.00000
New DM after history re-use:
<dSpData2D:SpM extrapolated using coords
  <sparsity:sparsity for geom step 5
    nrows_g=250 nrows=7 sparsity=.3271 nnzs=20441, refcount: 9>
  <dData2D:(temp array for extrapolation) n=20441 m=2, refcount: 1>
refcount: 1>
No. of atoms with KB's overlaping orbs in proc 0. Max # of overlaps:      79     722

InitMesh: MESH = 30 x 144 x 40 = 172800
InitMesh: Mesh cutoff (required, used) =   300.000   366.824 Ry
New grid distribution [1]: sub = 2
New grid distribution [2]: sub = 2
New grid distribution [3]: sub = 2
Setting up quadratic distribution...

        iscf     Eharris(eV)        E_KS(eV)     FreeEng(eV)     dDmax    Ef(eV) dHmax(eV)
   scf:    1   -37553.638088   -37580.882396   -37580.914709  0.200063 -6.951302 20.786642
     spin moment: {S} , |S| = {        0.0        0.0   -4.44046 }    -4.44046
   scf:    2    20583.155740   -18428.005457   -18428.008275147.048011 -2.527154743.004052
     spin moment: {S} , |S| = {        0.0        0.0   -0.14270 }    -0.14270
   scf:    3   -39436.017329   -37552.126332   -37552.156388146.937029 -6.895405 43.263971
     spin moment: {S} , |S| = {        0.0        0.0   -4.19392 }    -4.19392
   scf:    4   -37596.228186   -37577.223706   -37577.251333  0.149032 -6.892616 27.253698
     spin moment: {S} , |S| = {        0.0        0.0   -4.22495 }    -4.22495
   scf:    5   -37594.904110   -37587.037098   -37587.063610  0.088867 -6.896612 18.726625
     spin moment: {S} , |S| = {        0.0        0.0   -4.22926 }    -4.22926
   scf:    6   -37597.133158   -37593.026850   -37593.052871  0.112939 -6.902974  9.514899
     spin moment: {S} , |S| = {        0.0        0.0   -4.23860 }    -4.23860
   scf:    7   -37596.187522   -37595.106907   -37595.133285  0.068754 -6.911417  3.261665
     spin moment: {S} , |S| = {        0.0        0.0   -4.25589 }    -4.25589
   scf:    8   -37595.487338   -37595.370668   -37595.397331  0.023647 -6.913752  0.933324
     spin moment: {S} , |S| = {        0.0        0.0   -4.26541 }    -4.26541
   scf:    9   -37595.391626   -37595.394970   -37595.421683  0.010798 -6.912730  0.118302
     spin moment: {S} , |S| = {        0.0        0.0   -4.27184 }    -4.27184
   scf:   10   -37595.394502   -37595.395812   -37595.422491  0.003666 -6.911666  0.183823
     spin moment: {S} , |S| = {        0.0        0.0   -4.27071 }    -4.27071
   scf:   11   -37595.400744   -37595.399199   -37595.425717  0.016928 -6.906276  0.054625
     spin moment: {S} , |S| = {        0.0        0.0   -4.27482 }    -4.27482
   scf:   12   -37595.399390   -37595.399323   -37595.425851  0.001084 -6.906636  0.025547
     spin moment: {S} , |S| = {        0.0        0.0   -4.27575 }    -4.27575
   scf:   13   -37595.399479   -37595.399406   -37595.425926  0.000727 -6.906732  0.025824
     spin moment: {S} , |S| = {        0.0        0.0   -4.27642 }    -4.27642
   scf:   14   -37595.399591   -37595.399498   -37595.426016  0.000651 -6.907067  0.022589
     spin moment: {S} , |S| = {        0.0        0.0   -4.27745 }    -4.27745
   scf:   15   -37595.400146   -37595.399809   -37595.426329  0.002744 -6.908395  0.028528
     spin moment: {S} , |S| = {        0.0        0.0   -4.28179 }    -4.28179
   scf:   16   -37595.399962   -37595.399884   -37595.426410  0.000837 -6.908564  0.024827
     spin moment: {S} , |S| = {        0.0        0.0   -4.28305 }    -4.28305
   scf:   17   -37595.400288   -37595.400070   -37595.426620  0.002316 -6.909084  0.019900
     spin moment: {S} , |S| = {        0.0        0.0   -4.28657 }    -4.28657
   scf:   18   -37595.400898   -37595.400374   -37595.427033  0.005979 -6.910105  0.011842
     spin moment: {S} , |S| = {        0.0        0.0   -4.29621 }    -4.29621
   scf:   19   -37595.400443   -37595.400405   -37595.427091  0.001091 -6.910344  0.011131
     spin moment: {S} , |S| = {        0.0        0.0   -4.29809 }    -4.29809
   scf:   20   -37595.400541   -37595.400449   -37595.427212  0.002717 -6.910781  0.008899
     spin moment: {S} , |S| = {        0.0        0.0   -4.30293 }    -4.30293
   scf:   21   -37595.400429   -37595.400435   -37595.427171  0.001234 -6.910734  0.009865
     spin moment: {S} , |S| = {        0.0        0.0   -4.30065 }    -4.30065
   scf:   22   -37595.400565   -37595.400442   -37595.427316  0.004147 -6.911565  0.011423
     spin moment: {S} , |S| = {        0.0        0.0   -4.30834 }    -4.30834
   scf:   23   -37595.400406   -37595.400415   -37595.427354  0.001631 -6.911911  0.007556
     spin moment: {S} , |S| = {        0.0        0.0   -4.31137 }    -4.31137
   scf:   24   -37595.400371   -37595.400389   -37595.427371  0.001042 -6.912219  0.007824
     spin moment: {S} , |S| = {        0.0        0.0   -4.31346 }    -4.31346
   scf:   25   -37595.400353   -37595.400370   -37595.427381  0.000658 -6.912337  0.007656
     spin moment: {S} , |S| = {        0.0        0.0   -4.31472 }    -4.31472
   scf:   26   -37595.400315   -37595.400340   -37595.427394  0.000870 -6.912452  0.005983
     spin moment: {S} , |S| = {        0.0        0.0   -4.31626 }    -4.31626
   scf:   27   -37595.400303   -37595.400321   -37595.427403  0.000792 -6.912393  0.005222
     spin moment: {S} , |S| = {        0.0        0.0   -4.31669 }    -4.31669
   scf:   28   -37595.400323   -37595.400322   -37595.427404  0.000245 -6.912336  0.004006
     spin moment: {S} , |S| = {        0.0        0.0   -4.31635 }    -4.31635

SCF Convergence by DM criterion
max |DM_out - DM_in|         :     0.0002449528
max |H_out - H_in|      (eV) :     0.0040058540
SCF cycle converged after 28 iterations

Using DM_out to compute the final energy and forces
No. of atoms with KB's overlaping orbs in proc 0. Max # of overlaps:      79     722

siesta: E_KS(eV) =           -37595.4003

siesta: Atomic forces (eV/Ang):
     1   -0.000000    0.036361   -0.000000
     2    0.000000   -0.041625   -0.000000
     3    0.000000    0.002687    0.000000
     4    0.000000    0.031995   -0.000000
     5    0.000000   -0.049865    0.000000
     6    0.000000    0.002113   -0.000000
     7   -0.000000    0.041778   -0.000000
     8    0.000000   -0.008495   -0.000000
     9   -0.000000   -0.008285   -0.000000
    10   -0.000000    0.003055   -0.000000
----------------------------------------
   Tot    0.000000    0.009719   -0.000001
----------------------------------------
   Max    0.049865
   Res    0.016805    sqrt( Sum f_i^2 / 3N )
----------------------------------------
   Max    0.049865    constrained

Stress tensor Voigt[x,y,z,yz,xz,xy] (kbar):        7.19        0.67       -4.38        0.00       -0.00        0.00
(Free)E + p*V (eV/cell)   -37595.5033
Target enthalpy (eV/cell)   -37595.4274

siesta: Stress tensor (static) (eV/Ang**3):
         0.004486    0.000000   -0.000000
         0.000000    0.000421    0.000000
        -0.000000    0.000000   -0.002737

siesta: Pressure (static):         -1.15880530  kBar

siesta: Stress tensor (total) (eV/Ang**3):
         0.004486    0.000000   -0.000000
         0.000000    0.000421    0.000000
        -0.000000    0.000000   -0.002737

siesta: Pressure (total):         -1.15880530  kBar

outcoor: Relaxed atomic coordinates (fractional):           
   -0.00000000    0.20026792    0.00000000   1       1  Ni
   -0.00000000    0.59900241   -0.00000000   1       2  Ni
   -0.00000000    0.79932956   -0.00000000   1       3  Ni
    0.50000000    0.10006017    0.50000000   1       4  Ni
    0.50000000    0.90093076    0.50000000   1       5  Ni
   -0.00000000   -0.00021504   -0.00000000   2       6  Mn
    0.00000000    0.40122592   -0.00000000   2       7  Mn
    0.50000000    0.30186881    0.50000000   2       8  Mn
    0.50000000    0.49828300    0.50000000   2       9  Mn
    0.50000000    0.69927915    0.50000000   2      10  Mn

outcell: Unit cell vectors (Ang):
        2.453473   -0.000000    0.000000
       -0.000000   12.324936   -0.000000
        0.000000   -0.000000    3.472019

outcell: Cell vector modules (Ang)   :    2.453473   12.324936    3.472019
outcell: Cell angles (23,13,12) (deg):     90.0000     90.0000     90.0000
outcell: Cell volume (Ang**3)        :    104.9900

coxmol: Writing XMOL coordinates into file hea.xyz                                                                                                                                                                                                                             
Writing WFSX for COOP/COHP in hea.fullBZ.WFSX

diag: Algorithm                                     = D&C
diag: Parallel over k                               =   F
diag: Use parallel 2D distribution                  =   T
diag: Parallel block-size                           = 7
diag: Parallel distribution                         =     6 x     6
diag: Used triangular part                          = Lower
diag: Absolute tolerance                            =  0.100E-15
diag: Orthogonalization factor                      =  0.100E-05
diag: Memory factor                                 =  1.0000

diag: Algorithm                                     = D&C
diag: Parallel over k                               =   F
diag: Use parallel 2D distribution                  =   T
diag: Parallel block-size                           = 7
diag: Parallel distribution                         =     6 x     6
diag: Used triangular part                          = Lower
diag: Absolute tolerance                            =  0.100E-15
diag: Orthogonalization factor                      =  0.100E-05
diag: Memory factor                                 =  1.0000

siesta: PDOS info
siesta: E1 -- E2, sigma [eV], nhist:  -20.000 --   20.000    0.100 1000

diag: Algorithm                                     = D&C
diag: Parallel over k                               =   F
diag: Use parallel 2D distribution                  =   T
diag: Parallel block-size                           = 7
diag: Parallel distribution                         =     6 x     6
diag: Used triangular part                          = Lower
diag: Absolute tolerance                            =  0.100E-15
diag: Orthogonalization factor                      =  0.100E-05
diag: Memory factor                                 =  1.0000

siesta: Program's energy decomposition (eV):
siesta: Ebs     =     -6531.349676
siesta: Eions   =     48996.677569
siesta: Ena     =      3920.185015
siesta: Ekin    =     17236.463542
siesta: Enl     =     -4539.638103
siesta: Eso     =         0.000000
siesta: Edftu   =         0.000000
siesta: DEna    =       129.980544
siesta: DUscf   =         1.859991
siesta: DUext   =         0.000000
siesta: Ex      =     -5038.300650
siesta: Ec      =      -309.273092
siesta: Exc     =     -5347.573742
siesta: EbV     =         0.000000
siesta: eta*DQ  =         0.000000
siesta: Emadel  =         0.000000
siesta: Emeta   =         0.000000
siesta: Emolmec =         0.000000
siesta: Ekinion =         0.000000
siesta: Eharris =    -37595.400323
siesta: Etot    =    -37595.400322
siesta: FreeEng =    -37595.427404

siesta: Final energy (eV):
siesta:  Band Struct. =   -6531.349676
siesta:       Kinetic =   17236.463542
siesta:       Hartree =    9518.599398
siesta:         Edftu =       0.000000
siesta:       Eso     =       0.000000
siesta:    Ext. field =       0.000000
siesta:         Exch. =   -5038.300650
siesta:         Corr. =    -309.273092
siesta:     Bulk bias =       0.000000
siesta:   Exch.-corr. =   -5347.573742
siesta:  Ion-electron =  -37616.191333
siesta:       Ion-ion =  -21386.698188
siesta:       Ekinion =       0.000000
siesta: D3 dispersion =       0.000000
siesta:         Total =  -37595.400322
siesta:         Fermi =      -6.912336

siesta: Stress tensor (static) (eV/Ang**3):
siesta:     0.004486    0.000000   -0.000000
siesta:     0.000000    0.000421    0.000000
siesta:    -0.000000    0.000000   -0.002737

siesta: Constrained stress tensor (static) (eV/Ang**3):
siesta:     0.004486    0.000000   -0.000000
siesta:     0.000000    0.000421    0.000000
siesta:    -0.000000    0.000000   -0.002737

siesta: Cell volume =        104.990014 Ang**3

siesta: Pressure (static):
siesta:                Solid            Molecule  Units
siesta:          -0.00000788          0.00001317  Ry/Bohr**3
siesta:          -0.00072327          0.00120960  eV/Ang**3
siesta:          -1.15880530          1.93799120  kBar
(Free)E+ p_basis*V_orbitals  =      -37564.635436
(Free)Eharris+ p_basis*V_orbitals  =      -37564.635438

mulliken: Atomic and Orbital Populations:

mulliken: Spin UP 

Species: Ni                  
Atom  Qatom  Qorb
               3s      4s      4s      4s      3py     3pz     3px     4py     
               4pz     4px     3dxy    3dyz    3dz2    3dxz    3dx2-y2 3dxy    
               3dyz    3dz2    3dxz    3dx2-y2 3dxy    3dyz    3dz2    3dxz    
               3dx2-y2 
   1  9.023   0.986  -0.069   0.052   0.143   0.997   0.998   0.998   0.207
              0.195   0.199   1.163   1.163   1.114   1.186   1.146  -0.063

             -0.064  -0.063  -0.068  -0.063  -0.204  -0.248  -0.186  -0.251

             -0.244
   2  8.877   0.984  -0.319   0.117   0.225   0.997   0.997   0.997   0.216
              0.214   0.211   1.170   1.180   1.083   1.167   1.062  -0.065

             -0.066  -0.062  -0.067  -0.056  -0.202  -0.253  -0.186  -0.245

             -0.223
   3  8.941   0.985  -0.196   0.086   0.194   0.998   0.998   0.998   0.209
              0.201   0.203   1.147   1.159   1.091   1.192   1.144  -0.067

             -0.069  -0.066  -0.070  -0.066  -0.195  -0.249  -0.182  -0.254

             -0.248
   4  8.947   0.985  -0.209   0.085   0.201   0.998   0.998   0.998   0.207
              0.199   0.199   1.154   1.171   1.099   1.193   1.136  -0.066

             -0.067  -0.065  -0.068  -0.064  -0.197  -0.253  -0.185  -0.256

             -0.246
   5  8.949   0.985  -0.173   0.087   0.179   0.998   0.998   0.998   0.210
              0.201   0.203   1.149   1.169   1.095   1.188   1.144  -0.068

             -0.070  -0.066  -0.070  -0.066  -0.196  -0.253  -0.185  -0.255

             -0.251

Species: Mn                  
Atom  Qatom  Qorb
               3s      4s      4s      4s      3py     3pz     3px     4py     
               4pz     4px     3dxy    3dyz    3dz2    3dxz    3dx2-y2 3dxy    
               3dyz    3dz2    3dxz    3dx2-y2 3dxy    3dyz    3dz2    3dxz    
               3dx2-y2 
   6  6.587   0.981   0.200   0.066  -0.115   0.992   0.992   0.990   0.131
              0.146   0.138   0.402   0.801   0.481   0.863   0.923  -0.037

             -0.079  -0.054  -0.077  -0.108  -0.085  -0.275  -0.090  -0.318

             -0.279
   7  8.238   0.993  -0.074   0.118   0.003   0.992   0.991   0.991   0.190
              0.192   0.194   1.130   1.227   1.041   1.226   1.110  -0.102

             -0.131  -0.082  -0.133  -0.094  -0.258  -0.332  -0.267  -0.344

             -0.343
   8  6.860   0.980   0.158   0.057  -0.069   0.991   0.990   0.990   0.139
              0.146   0.148   0.510   0.864   0.523   0.885   0.949  -0.043

             -0.082  -0.048  -0.081  -0.105  -0.106  -0.273  -0.100  -0.285

             -0.279
   9  7.318   0.984   0.230   0.042  -0.093   0.990   0.991   0.990   0.166
              0.149   0.163   0.628   0.920   0.657   0.985   1.128  -0.051

             -0.085  -0.059  -0.095  -0.134  -0.145  -0.289  -0.133  -0.308

             -0.314
  10  6.601   0.979   0.258   0.047  -0.122   0.991   0.992   0.991   0.137
              0.138   0.139   0.415   0.812   0.431   0.822   0.929  -0.038

             -0.077  -0.048  -0.072  -0.111  -0.087  -0.278  -0.073  -0.301

             -0.272

mulliken: Qtot =       80.342

mulliken: Spin DOWN 

Species: Ni                  
Atom  Qatom  Qorb
               3s      4s      4s      4s      3py     3pz     3px     4py     
               4pz     4px     3dxy    3dyz    3dz2    3dxz    3dx2-y2 3dxy    
               3dyz    3dz2    3dxz    3dx2-y2 3dxy    3dyz    3dz2    3dxz    
               3dx2-y2 
   1  9.004   0.986  -0.010   0.037   0.116   0.997   0.998   0.998   0.187
              0.177   0.181   1.149   1.130   1.173   1.153   1.168  -0.060

             -0.059  -0.058  -0.063  -0.058  -0.203  -0.238  -0.207  -0.241

             -0.251
   2  8.988   0.985  -0.212   0.080   0.194   0.997   0.997   0.998   0.196
              0.190   0.190   1.132   1.125   1.200   1.128   1.209  -0.056

             -0.056  -0.052  -0.057  -0.050  -0.193  -0.233  -0.226  -0.232

             -0.267
   3  9.011   0.986  -0.113   0.060   0.156   0.998   0.998   0.998   0.180
              0.178   0.179   1.151   1.144   1.191   1.140   1.209  -0.058

             -0.058  -0.055  -0.059  -0.058  -0.200  -0.242  -0.213  -0.238

             -0.264
   4  8.987   0.986  -0.122   0.062   0.161   0.998   0.998   0.998   0.182
              0.177   0.179   1.141   1.138   1.184   1.137   1.205  -0.059

             -0.059  -0.055  -0.059  -0.058  -0.195  -0.240  -0.211  -0.239

             -0.262
   5  9.031   0.986  -0.077   0.059   0.137   0.998   0.998   0.998   0.180
              0.179   0.179   1.153   1.132   1.195   1.151   1.217  -0.059

             -0.058  -0.055  -0.060  -0.057  -0.199  -0.240  -0.215  -0.243

             -0.268

Species: Mn                  
Atom  Qatom  Qorb
               3s      4s      4s      4s      3py     3pz     3px     4py     
               4pz     4px     3dxy    3dyz    3dz2    3dxz    3dx2-y2 3dxy    
               3dyz    3dz2    3dxz    3dx2-y2 3dxy    3dyz    3dz2    3dxz    
               3dx2-y2 
   6  8.427   1.002   0.039   0.073  -0.013   0.993   0.993   0.992   0.160
              0.167   0.161   1.175   1.243   1.156   1.166   1.175  -0.073

             -0.097  -0.075  -0.084  -0.103  -0.281  -0.375  -0.253  -0.381

             -0.334
   7  6.692   0.977   0.032   0.090  -0.052   0.990   0.988   0.990   0.138
              0.148   0.150   0.534   0.861   0.520   0.812   0.869  -0.050

             -0.097  -0.046  -0.086  -0.084  -0.100  -0.238  -0.127  -0.237

             -0.290
   8  8.179   0.995   0.037   0.076  -0.007   0.992   0.992   0.991   0.167
              0.174   0.177   1.069   1.176   1.040   1.214   1.098  -0.079

             -0.104  -0.076  -0.109  -0.101  -0.273  -0.355  -0.236  -0.370

             -0.310
   9  7.866   0.991   0.158   0.057  -0.069   0.991   0.992   0.991   0.168
              0.164   0.176   0.907   1.140   0.956   1.141   1.017  -0.072

             -0.110  -0.083  -0.111  -0.106  -0.237  -0.351  -0.215  -0.353

             -0.277
  10  8.474   1.001   0.095   0.051  -0.011   0.993   0.993   0.993   0.165
              0.161   0.162   1.173   1.204   1.190   1.183   1.189  -0.075

             -0.093  -0.080  -0.086  -0.109  -0.294  -0.367  -0.263  -0.379

             -0.323

mulliken: Qtot =       84.658

Mulliken Atomic Populations:
Atom #   charge [q] valence [e]      Sz [e]  Species
     1    -0.027084   18.027084    0.019200  Ni
     2     0.135848   17.864152   -0.110915  Ni
     3     0.047625   17.952375   -0.069667  Ni
     4     0.065890   17.934110   -0.039479  Ni
     5     0.020263   17.979737   -0.081778  Ni
     6    -0.014550   15.014550   -1.839819  Mn
     7     0.070892   14.929108    1.546043  Mn
     8    -0.038936   15.038936   -1.319555  Mn
     9    -0.184308   15.184308   -0.547713  Mn
    10    -0.075641   15.075641   -1.872667  Mn
-------------------------------------------
 Total    -0.000000               -4.316352

cite: Please indicate the Siesta version in published work: 5.2.2
cite: This calculation has made use of features in the following articles
cite: which we encourage you to cite in published work.
cite: (Please see "hea.bib" for a BibTeX file.)
        Primary SIESTA paper
          DOI: www.doi.org/10.1088/0953-8984/14/11/302
        PSML pseudopotential format
          DOI: www.doi.org/10.1016/j.cpc.2018.02.011


>> End of run:  30-JUL-2025  10:40:07
Job completed
