Executable      : /home/users/felipegc/woltsoft/SIESTA/siesta-5.2.2/build/bin/siesta
Version         : 5.2.2
Architecture    : x86_64
Compiler version: GNU-9.3.0
Compiler flags  : -O3 -march=native
Parallelisations: MPI
Lua support
Native ELPA support
ELSI support. Solvers:
   ELPA (internal) 
   NTPoly
   OMM
DFT-D3 support
Wannier90 wrapper support

Runtime information:
* Directory : /home/users/felipegc/MnNiGa/optimizations_afm/top/structure_calc_380
* Running on 36 nodes in parallel.
>> Start of run:   1-AUG-2025  12:31:03

                           *********************** 
                           *  WELCOME TO SIESTA  * 
                           *********************** 

 NOTE: Siesta V5 introduces some new defaults for basis-set generation
 NOTE: which might lead to slightly different numerical results.
 NOTE: Please see the manual for full details and compatibility measures.


reinit: Reading from standard input
reinit: Dumping input in INPUT_TMP.45861
************************** Dump of input data file ****************************
SystemName          hea
SystemLabel         hea
Reparametrize.Pseudos T
Restricted.Radial.Grid F
%include atoms.fdf
MaxSCFIterations     20000
SCF.Mix              Hamiltonian
SCF.Mixer.Method     Broyden
#SCF.Mixer.Variant    original #Pulay original
SCF.Mixer.History    8
SCF.Mixer.Weight     0.07
SCF.H.Converge       False
SCF.DM.Converge      True
SCF.DM.Tolerance     5.d-4
SCF.H.Tolerance      5.d-3 eV
MeshCutoff 300.0 Ry
MD.UseSaveCG         False
DM.UseSaveDM         False
NumberOfEigenStates -20
ElectronicTemperature 300 K
WriteCoorXmol        True
XC.Functional     GGA
XC.authors        PBEsol
Spin polarized
DM.InitSpin.AF true
SolutionMethod       diagon
#Diag.Algorithm        MRRR
###################################
###################################
# Full template for Basis param.
###################################
###################################
Basis.Pressure 0.3 GPa
PAO.SoftDefault T
PAO.SoftPotential 50.0 Ry
PAO.SoftInnerRadius 0.70
PAO.BasisType split
PAO.EnergyShift 0.0019 eV
PAO.BasisSize TZP
PAO.SplitTailNorm T
            %block kgrid_Monkhorst_Pack
            6  0  0  0.
            0  2  0  0.
            0  0  4  0.
            %endblock kgrid_Monkhorst_Pack
            MD.TypeOfRun CG
            MD.Steps         500
            MD.VariableCell true
            MD.MaxForceTol 0.05 eV/Ang
            WriteMDHistory true
            WriteForces true
            Write.OrbitalIndex true
            Charge.Mulliken end
            COOP.Write true
            %block ProjectedDensityOfStates
            -20.00 20.00 0.1 1000 eV
            %endblock ProjectedDensityOfStates
************************** End of input data file *****************************

reinit: -----------------------------------------------------------------------
reinit: System Name: hea
reinit: -----------------------------------------------------------------------
reinit: System Label: hea
reinit: -----------------------------------------------------------------------

NOTE on units for spin output: 
{S} is the spin magnetic moment, in units of the Bohr magneton,
assuming a g-factor for the electron spin of exactly 2.
The spin magnetic moment is then numerically equal to the charge inbalance,
in units of electrons, between the spin-up and -down channels.


initatom: Reading input for the pseudopotentials and atomic orbitals ----------
Species number:   1 Atomic number:   28 Label: Ni
Species number:   2 Atomic number:   25 Label: Mn

Ground state valence configuration (from tables):   4s02  4p00  3d08  4f00
Ground state valence configuration (from tables):   4s02  4p00  3d05  4f00

---- Processing specs for species: Ni
Reading pseudopotential information in PSML from:
  Ni.psml
PSML file version: 1.1
Using libxc ids:  101 130
GGA--PBE XC_GGA_X_PBE--XC_GGA_C_PBE pb
PSML uuid: 020bdba0-be42-11e7-6ded-a592ddfb3399
Semicore shell(s) with  8 electrons included in the valence for Ni

---- Processing specs for species: Mn
Reading pseudopotential information in PSML from:
  Mn.psml
PSML file version: 1.1
Using libxc ids:  101 130
GGA--PBE XC_GGA_X_PBE--XC_GGA_C_PBE pb
PSML uuid: e5ebd880-be41-11e7-659b-074ddfc7bd15
Semicore shell(s) with  8 electrons included in the valence for Mn

---- Pseudopotential check for Ni

Pseudized shells:
3s( 2.00) rc: 1.26
3p( 6.00) rc: 1.35
3d( 8.00) rc: 1.66
Valence configuration for ps generation: 3s:3p:3d:4s: Total charge:  18.000000
Semicore shell(s): 3s 3p
Fallback to non-perturbative polarization scheme for Ni
Please see the manual if this is not desired in principle

---- Pseudopotential check for Mn

Pseudized shells:
3s( 2.00) rc: 1.41
3p( 6.00) rc: 1.21
3d( 5.00) rc: 1.61
Valence configuration for ps generation: 3s:3p:3d:4s: Total charge:  15.000000
Semicore shell(s): 3s 3p
Fallback to non-perturbative polarization scheme for Mn
Please see the manual if this is not desired in principle
For Ni, standard SIESTA heuristics set lmxkb to 3
 (one more than the basis l, including polarization orbitals).
Use PS.lmax or PS.KBprojectors blocks to override.
For Mn, standard SIESTA heuristics set lmxkb to 3
 (one more than the basis l, including polarization orbitals).
Use PS.lmax or PS.KBprojectors blocks to override.
Ni pseudopotential only contains V_ls up to l=2 -- lmxkb reset.
Mn pseudopotential only contains V_ls up to l=2 -- lmxkb reset.

<basis_specs>
===============================================================================
Ni                   Z=  28    Mass=  58.693        Charge= 0.17977+309
Lmxo=2 Lmxkb= 2    BasisType=split      Semic=T
L=0  Nsemic=1  Cnfigmx=4
          i=1  nzeta=1  polorb=0  (3s)  (semicore shell)
            splnorm:   0.15000    
               vcte:    50.000    
               rinn:  -0.70000    
               qcoe:    0.0000    
               qyuk:    0.0000    
               qwid:   0.10000E-01
                rcs:    0.0000    
            lambdas:    1.0000    
          i=2  nzeta=3  polorb=0  (4s)  (to be polarized non-perturbatively)
            splnorm:   0.15000    
               vcte:    50.000    
               rinn:  -0.70000    
               qcoe:    0.0000    
               qyuk:    0.0000    
               qwid:   0.10000E-01
                rcs:    0.0000      0.0000      0.0000    
            lambdas:    1.0000      1.0000      1.0000    
L=1  Nsemic=1  Cnfigmx=4
          i=1  nzeta=1  polorb=0  (3p)  (semicore shell)
            splnorm:   0.15000    
               vcte:    50.000    
               rinn:  -0.70000    
               qcoe:    0.0000    
               qyuk:    0.0000    
               qwid:   0.10000E-01
                rcs:    0.0000    
            lambdas:    1.0000    
          i=2  nzeta=1  polorb=0  (4p)  (non-perturbative polarization shell)
            splnorm:   0.15000    
               vcte:    50.000    
               rinn:  -0.70000    
               qcoe:   0.41705-315
               qyuk:    0.0000    
               qwid:   0.69527-309
                rcs:    0.0000    
            lambdas:    1.0000    
L=2  Nsemic=0  Cnfigmx=3
          i=1  nzeta=3  polorb=0  (3d)
            splnorm:   0.15000    
               vcte:    50.000    
               rinn:  -0.70000    
               qcoe:    0.0000    
               qyuk:    0.0000    
               qwid:   0.10000E-01
                rcs:    0.0000      0.0000      0.0000    
            lambdas:    1.0000      1.0000      1.0000    
-------------------------------------------------------------------------------
L=0  Nkbl=2  erefs: 0.17977+309 0.17977+309
L=1  Nkbl=2  erefs: 0.17977+309 0.17977+309
L=2  Nkbl=1  erefs: 0.17977+309
===============================================================================
</basis_specs>

Using PAO.SplitTailNorm
atom: Called for Ni                    (Z =  28)
Maximum radius (at nrval) set to   50.00000 8518

read_vps: Pseudopotential generation method:
read_vps: ONCVPSP-3.Hamann's oncvpsp                        
Valence charge in pseudo generation:   18.00000

read_vps: Pseudopotential includes a core correction:
read_vps: Pseudo-core for xc-correction

xc_check: Exchange-correlation functional:
xc_check: GGA PBEsol
xc_check: WARNING: Pseudopotential generated with GGA PBE functional
Got Vlocal (oncv-fit) from psml data
Choosing vlocal chloc cutoff:  3.188973
qtot up to nchloc:   17.99992641
atom: Maximum radius for chlocal:    3.18897
atom: Maximum radius for r*vlocal+2*Zval:    3.18897
Reading KB projs from Ni psml data
Using scalar-relativistic projectors in PSML file

PSML: Kleinman-Bylander projectors: 
   l= 0   rc=  1.276377   Ekb= 12.509070
   l= 0   rc=  1.276377   Ekb= -0.503495
   l= 1   rc=  1.371030   Ekb= -5.680418
   l= 1   rc=  1.371030   Ekb= -0.775211
   l= 2   rc=  1.680171   Ekb=-14.446879
   l= 2   rc=  1.680171   Ekb= -5.088878

PSML: Total number of  Kleinman-Bylander projectors:  18
atom: -------------------------------------------------------------------------

atom: SANKEY-TYPE ORBITALS:
atom: Selected multiple-zeta basis: split     

SPLIT: Orbitals with angular momentum L= 0

SPLIT: Basis orbitals for state 3s

SPLIT: PAO cut-off radius determined from an
SPLIT: energy shift=  0.000140 Ry
Split based on tail norm

   izeta = 1
                 lambda =    1.000000
                     rc =    2.999668
                 energy =   -8.139209
                kinetic =    3.776111
    potential(screened) =  -11.915319
       potential(ionic) =  -45.801861

SPLIT: Basis orbitals for state 4s

SPLIT: PAO cut-off radius determined from an
SPLIT: energy shift=  0.000140 Ry
Split based on tail norm

   izeta = 1
                 lambda =    1.000000
                     rc =    9.316220
                 energy =   -0.512978
                kinetic =    1.389681
    potential(screened) =   -1.902658
       potential(ionic) =  -17.770111

   izeta = 2
                 rmatch =    4.957068
              splitnorm =    0.150000
                 energy =   -0.410487
                kinetic =    2.329090
    potential(screened) =   -2.739576
       potential(ionic) =  -21.501560

   izeta = 3
                 rmatch =    5.824741
              splitnorm =    0.075000
                 energy =   -0.473172
                kinetic =    1.899833
    potential(screened) =   -2.373005
       potential(ionic) =  -19.995099

SPLIT: Orbitals with angular momentum L= 1

SPLIT: Basis orbitals for state 3p

SPLIT: PAO cut-off radius determined from an
SPLIT: energy shift=  0.000140 Ry
Split based on tail norm

   izeta = 1
                 lambda =    1.000000
                     rc =    3.414070
                 energy =   -5.225411
                kinetic =    9.244220
    potential(screened) =  -14.469631
       potential(ionic) =  -47.296381

SPLIT: Basis orbitals for state 4p
SPLIT: Non-perturbative polarization orbs for state 4s
SPLIT: rc(1st zeta) (re)set to: 9.3162 (expansion factor: 1.0000)
Split based on tail norm

   izeta = 1
                 lambda =    1.000000
                     rc =    9.316220
                 energy =   -0.065208
                kinetic =    0.825147
    potential(screened) =   -0.890355
       potential(ionic) =  -12.014212

SPLIT: Orbitals with angular momentum L= 2

SPLIT: Basis orbitals for state 3d

SPLIT: PAO cut-off radius determined from an
SPLIT: energy shift=  0.000140 Ry
Split based on tail norm

   izeta = 1
                 lambda =    1.000000
                     rc =    6.323353
                 energy =   -0.639566
                kinetic =   11.441999
    potential(screened) =  -12.081565
       potential(ionic) =  -40.678115

   izeta = 2
                 rmatch =    2.624859
              splitnorm =    0.150000
                 energy =   -0.513226
                kinetic =   13.528651
    potential(screened) =  -14.041878
       potential(ionic) =  -44.582092

   izeta = 3
                 rmatch =    3.356353
              splitnorm =    0.075000
                 energy =   -0.605538
                kinetic =   12.372939
    potential(screened) =  -12.978477
       potential(ionic) =  -42.595740
atom: Total number of Sankey-type orbitals: 25

atm_pop: Valence configuration (for local Pseudopot. screening):
 3s( 2.00) 4s( 2.00)                                                  
 3p( 6.00) 4p( 0.00)                                                  
 3d( 8.00)                                                            
Vna: chval, zval:   18.00000  18.00000

Vna:  Cut-off radius for the neutral-atom potential:   9.316220
comcore: Pseudo-core radius Rcore=  1.817282

atom: _________________________________________________________________________

<basis_specs>
===============================================================================
Mn                   Z=  25    Mass=  54.938        Charge= 0.17977+309
Lmxo=2 Lmxkb= 2    BasisType=split      Semic=T
L=0  Nsemic=1  Cnfigmx=4
          i=1  nzeta=1  polorb=0  (3s)  (semicore shell)
            splnorm:   0.15000    
               vcte:    50.000    
               rinn:  -0.70000    
               qcoe:    0.0000    
               qyuk:    0.0000    
               qwid:   0.10000E-01
                rcs:    0.0000    
            lambdas:    1.0000    
          i=2  nzeta=3  polorb=0  (4s)  (to be polarized non-perturbatively)
            splnorm:   0.15000    
               vcte:    50.000    
               rinn:  -0.70000    
               qcoe:    0.0000    
               qyuk:    0.0000    
               qwid:   0.10000E-01
                rcs:    0.0000      0.0000      0.0000    
            lambdas:    1.0000      1.0000      1.0000    
L=1  Nsemic=1  Cnfigmx=4
          i=1  nzeta=1  polorb=0  (3p)  (semicore shell)
            splnorm:   0.15000    
               vcte:    50.000    
               rinn:  -0.70000    
               qcoe:    0.0000    
               qyuk:    0.0000    
               qwid:   0.10000E-01
                rcs:    0.0000    
            lambdas:    1.0000    
          i=2  nzeta=1  polorb=0  (4p)  (non-perturbative polarization shell)
            splnorm:   0.15000    
               vcte:    50.000    
               rinn:  -0.70000    
               qcoe:   0.41705-315
               qyuk:    0.0000    
               qwid:   0.69527-309
                rcs:    0.0000    
            lambdas:    1.0000    
L=2  Nsemic=0  Cnfigmx=3
          i=1  nzeta=3  polorb=0  (3d)
            splnorm:   0.15000    
               vcte:    50.000    
               rinn:  -0.70000    
               qcoe:    0.0000    
               qyuk:    0.0000    
               qwid:   0.10000E-01
                rcs:    0.0000      0.0000      0.0000    
            lambdas:    1.0000      1.0000      1.0000    
-------------------------------------------------------------------------------
L=0  Nkbl=2  erefs: 0.17977+309 0.17977+309
L=1  Nkbl=2  erefs: 0.17977+309 0.17977+309
L=2  Nkbl=1  erefs: 0.17977+309
===============================================================================
</basis_specs>

Using PAO.SplitTailNorm
atom: Called for Mn                    (Z =  25)
Maximum radius (at nrval) set to   50.00000 8518

read_vps: Pseudopotential generation method:
read_vps: ONCVPSP-3.Hamann's oncvpsp                        
Valence charge in pseudo generation:   15.00000

read_vps: Pseudopotential includes a core correction:
read_vps: Pseudo-core for xc-correction

xc_check: Exchange-correlation functional:
xc_check: GGA PBEsol
xc_check: WARNING: Pseudopotential generated with GGA PBE functional
Got Vlocal (oncv-fit) from psml data
Choosing vlocal chloc cutoff:  3.504263
qtot up to nchloc:   15.00032895
atom: Maximum radius for chlocal:    3.50426
atom: Maximum radius for r*vlocal+2*Zval:    3.50426
Reading KB projs from Mn psml data
Using scalar-relativistic projectors in PSML file

PSML: Kleinman-Bylander projectors: 
   l= 0   rc=  1.427391   Ekb= 18.471374
   l= 0   rc=  1.430269   Ekb=  3.121111
   l= 1   rc=  1.224702   Ekb=  3.156115
   l= 1   rc=  1.224702   Ekb= -1.424352
   l= 2   rc=  1.630219   Ekb=-13.224142
   l= 2   rc=  1.630219   Ekb= -4.330632

PSML: Total number of  Kleinman-Bylander projectors:  18
atom: -------------------------------------------------------------------------

atom: SANKEY-TYPE ORBITALS:
atom: Selected multiple-zeta basis: split     

SPLIT: Orbitals with angular momentum L= 0

SPLIT: Basis orbitals for state 3s

SPLIT: PAO cut-off radius determined from an
SPLIT: energy shift=  0.000140 Ry
Split based on tail norm

   izeta = 1
                 lambda =    1.000000
                     rc =    3.380000
                 energy =   -6.293298
                kinetic =    2.848567
    potential(screened) =   -9.141865
       potential(ionic) =  -33.519753

SPLIT: Basis orbitals for state 4s

SPLIT: PAO cut-off radius determined from an
SPLIT: energy shift=  0.000140 Ry
Split based on tail norm

   izeta = 1
                 lambda =    1.000000
                     rc =   10.002455
                 energy =   -0.450676
                kinetic =    1.112603
    potential(screened) =   -1.563278
       potential(ionic) =  -13.199632

   izeta = 2
                 rmatch =    5.430276
              splitnorm =    0.150000
                 energy =   -0.360834
                kinetic =    1.875764
    potential(screened) =   -2.236598
       potential(ionic) =  -15.982656

   izeta = 3
                 rmatch =    6.342382
              splitnorm =    0.075000
                 energy =   -0.415048
                kinetic =    1.529261
    potential(screened) =   -1.944310
       potential(ionic) =  -14.865309

SPLIT: Orbitals with angular momentum L= 1

SPLIT: Basis orbitals for state 3p

SPLIT: PAO cut-off radius determined from an
SPLIT: energy shift=  0.000140 Ry
Split based on tail norm

   izeta = 1
                 lambda =    1.000000
                     rc =    3.873861
                 energy =   -3.996757
                kinetic =    6.976018
    potential(screened) =  -10.972775
       potential(ionic) =  -34.563053

SPLIT: Basis orbitals for state 4p
SPLIT: Non-perturbative polarization orbs for state 4s
SPLIT: rc(1st zeta) (re)set to: 10.0025 (expansion factor: 1.0000)
Split based on tail norm

   izeta = 1
                 lambda =    1.000000
                     rc =   10.002455
                 energy =   -0.085879
                kinetic =    0.770317
    potential(screened) =   -0.856196
       potential(ionic) =   -9.409918

SPLIT: Orbitals with angular momentum L= 2

SPLIT: Basis orbitals for state 3d

SPLIT: PAO cut-off radius determined from an
SPLIT: energy shift=  0.000140 Ry
Split based on tail norm

   izeta = 1
                 lambda =    1.000000
                     rc =    7.238756
                 energy =   -0.490123
                kinetic =    9.261574
    potential(screened) =   -9.751697
       potential(ionic) =  -30.334327

   izeta = 2
                 rmatch =    3.144499
              splitnorm =    0.150000
                 energy =   -0.401801
                kinetic =   11.021778
    potential(screened) =  -11.423579
       potential(ionic) =  -33.555539

   izeta = 3
                 rmatch =    3.972182
              splitnorm =    0.075000
                 energy =   -0.464167
                kinetic =   10.072383
    potential(screened) =  -10.536551
       potential(ionic) =  -31.940836
atom: Total number of Sankey-type orbitals: 25

atm_pop: Valence configuration (for local Pseudopot. screening):
 3s( 2.00) 4s( 2.00)                                                  
 3p( 6.00) 4p( 0.00)                                                  
 3d( 5.00)                                                            
Vna: chval, zval:   15.00000  15.00000

Vna:  Cut-off radius for the neutral-atom potential:  10.002455
comcore: Pseudo-core radius Rcore=  2.115123

atom: _________________________________________________________________________

prinput: Basis input 

PAO.BasisType split     

%block ChemicalSpeciesLabel
    1   28 Ni                      # Species index, atomic number, species label
    2   25 Mn                      # Species index, atomic number, species label
%endblock ChemicalSpeciesLabel

%block PAO.Basis                 # Define Basis set
# WARNING: This information might be incomplete!
Ni                    5                    # Species label, number of l-shells
 n=3   0   1                         # n, l, Nzeta 
   3.000   
   1.000   
 n=4   0   3                         # n, l, Nzeta 
   9.316      4.957      5.825   
   1.000      1.000      1.000   
 n=3   1   1                         # n, l, Nzeta 
   3.414   
   1.000   
 n=4   1   1                         # n, l, Nzeta 
   9.316   
   1.000   
 n=3   2   3                         # n, l, Nzeta 
   6.323      2.625      3.356   
   1.000      1.000      1.000   
Mn                    5                    # Species label, number of l-shells
 n=3   0   1                         # n, l, Nzeta 
   3.380   
   1.000   
 n=4   0   3                         # n, l, Nzeta 
  10.002      5.430      6.342   
   1.000      1.000      1.000   
 n=3   1   1                         # n, l, Nzeta 
   3.874   
   1.000   
 n=4   1   1                         # n, l, Nzeta 
  10.002   
   1.000   
 n=3   2   3                         # n, l, Nzeta 
   7.239      3.144      3.972   
   1.000      1.000      1.000   
%endblock PAO.Basis

prinput: ----------------------------------------------------------------------

coor:   Atomic-coordinates input format  =     Fractional

siesta: Atomic coordinates (Bohr) and species
siesta:      0.00000   0.00000   0.00000  1        1
siesta:      0.00000   4.70356   0.00000  1        2
siesta:      2.35178   7.05534   3.32592  1        3
siesta:      0.00000   9.40712   0.00000  2        4
siesta:      0.00000  14.11067   0.00000  2        5
siesta:      2.35178   2.35178   3.32592  2        6
siesta:      2.35178  11.75890   3.32592  2        7
siesta:      2.35178  16.46245   3.32592  2        8

siesta: System type = bulk      

initatomlists: Number of atoms, orbitals, and projectors:      8   200   144

coxmol: Writing XMOL coordinates into file hea.xyz                                                                                                                                                                                                                             

siesta: ******************** Simulation parameters ****************************
siesta:
siesta: The following are some of the parameters of the simulation.
siesta: A complete list of the parameters used, including default values,
siesta: can be found in file out.fdf
siesta:
redata: Spin configuration                          = collinear
redata: Number of spin components                   = 2
redata: Time-Reversal Symmetry                      = T
redata: Spin spiral                                 = F
redata: Long output                                 =   F
redata: Number of Atomic Species                    =        2
redata: Charge density info will appear in .RHO file
redata: Write Mulliken charges (when)               = end
redata: Write Mulliken Pop.                         = Atomic and Orbital charges
redata: Write Hirshfeld charges (when)              = none
redata: Write Voronoi charges (when)                = none
redata: Write spin charge (when)                    = scf
redata: Matel table size (NRTAB)                    =     1024
redata: Mesh Cutoff                                 =   300.0000 Ry
redata: Net charge of the system                    =     0.0000 |e|
redata: Min. number of SCF Iter                     =        0
redata: Max. number of SCF Iter                     =    20000
redata: SCF convergence failure will abort job
redata: SCF mix quantity                            = Hamiltonian
redata: Mix DM or H after convergence               =   F
redata: Recompute H after scf cycle                 =   F
redata: Mix DM in first SCF step                    =   T
redata: Write Pulay info on disk                    =   F
redata: New DM Occupancy tolerance                  = 0.000000000001
redata: No kicks to SCF
redata: DM Mixing Weight for Kicks                  =     0.5000
redata: Require Harris convergence for SCF          =   F
redata: Harris energy tolerance for SCF             =     0.000100 eV
redata: Require DM convergence for SCF              =   T
redata: DM tolerance for SCF                        =     0.000500
redata: Require EDM convergence for SCF             =   F
redata: EDM tolerance for SCF                       =     0.001000 eV
redata: Require H convergence for SCF               =   F
redata: Hamiltonian tolerance for SCF               =     0.005000 eV
redata: Require (free) Energy convergence for SCF   =   F
redata: (free) Energy tolerance for SCF             =     0.000100 eV
redata: Antiferro initial spin density              =   T
redata: Using DFT-D3 dispersion                     =   F
redata: Using Saved Data (generic)                  =   F
redata: Use continuation files for DM               =   F
redata: Neglect nonoverlap interactions             =   F
redata: Method of Calculation                       = Diagonalization
redata: Electronic Temperature                      =   300.0000 K
redata: Fix the spin of the system                  =   F
redata: Max. number of TDED Iter                    =        1
redata: Number of TDED substeps                     =        3
redata: Dynamics option                             = CG coord. optimization
redata: Variable cell                               =   T
redata: Use continuation files for CG               =   F
redata: Max atomic displ per move                   =     0.1058 Ang
redata: Maximum number of optimization moves        =      500
redata: Force tolerance                             =     0.0500 eV/Ang
redata: Stress tolerance                            =     1.0000 GPa
mix.SCF: Broyden mixing                          = Broyden
mix.SCF:    History steps                        = 8
mix.SCF:    Linear mixing weight                 =     0.070000
mix.SCF:    Inverse Jacobian weight              =     0.070000
mix.SCF:    Weight prime                         =     0.070000
mix.SCF:    SVD condition                        = 0.1000E-07
mix.SCF: Spin-component mixing                   all
redata: ***********************************************************************

%block SCF.Mixers
  Broyden
%endblock SCF.Mixers

%block SCF.Mixer.Broyden
  # Mixing method
  method broyden

  # Mixing options
  weight 0.0700
  weight.linear 0.0700
  weight.prime 0.0700
  history 8
%endblock SCF.Mixer.Broyden

DM_history_depth set to one: no extrapolation allowed by default for geometry relaxation
Size of DM history Fstack: 1
Total number of electrons:   129.000000
Total ionic charge:   129.000000

* ProcessorY, Blocksize:    9   5


* Orbital distribution balance (max,min):    10     5

k-point displ. along   1 input, could be:     0.00    0.50
k-point displ. along   2 input, could be:     0.00    0.50
k-point displ. along   3 input, could be:     0.00    0.50
 Kpoints in:           32 . Kpoints trimmed:           31

siesta: k-grid: Number of k-points = 31
siesta: k-points from Monkhorst-Pack grid
siesta: k-cutoff (effective) =     7.040 Ang
siesta: k-point supercell and displacements
siesta: k-grid:     6     0     0      0.000
siesta: k-grid:     0     2     0      0.000
siesta: k-grid:     0     0     4      0.000
k-point displ. along   1 input, could be:     0.00    0.50
k-point displ. along   2 input, could be:     0.00    0.50
k-point displ. along   3 input, could be:     0.00    0.50
 Kpoints in:           32 . Kpoints trimmed:           31

siesta: PDOS k-grid: Number of k-points = 31
siesta: PDOS k-points from Monkhorst-Pack grid
siesta: PDOS k-cutoff (effective) =     0.000 Ang
siesta: PDOS k-point supercell and displacements
siesta: k-grid:     6     0     0      0.000
siesta: k-grid:     0     2     0      0.000
siesta: k-grid:     0     0     4      0.000

diag: Algorithm                                     = D&C
diag: Parallel over k                               =   F
diag: Use parallel 2D distribution                  =   T
diag: Parallel block-size                           = 5
diag: Parallel distribution                         =     6 x     6
diag: Used triangular part                          = Lower
diag: Absolute tolerance                            =  0.100E-15
diag: Orthogonalization factor                      =  0.100E-05
diag: Memory factor                                 =  1.0000
diag: The diagonalization method chosen cannot compute a reduced number of eigenvectors.
diag: Resetting neigwanted 87 to 200

superc: Internal auxiliary supercell:     9 x     3 x     7  =     189
superc: Number of atoms, orbitals, and projectors:   1512  37800  27216


ts: **************************************************************
ts: Save H and S matrices                           =    F
ts: Save DM and EDM matrices                        =    F
ts: Only save the overlap matrix S                  =    F
ts: **************************************************************

************************ Begin: TS CHECKS AND WARNINGS ************************
************************ End: TS CHECKS AND WARNINGS **************************


                     ====================================
                        Begin CG opt. move =      0
                     ====================================

superc: Internal auxiliary supercell:     9 x     3 x     7  =     189
superc: Number of atoms, orbitals, and projectors:   1512  37800  27216

outcell: Unit cell vectors (Ang):
        2.489016    0.000000    0.000000
        0.000000    9.956064    0.000000
        0.000000    0.000000    3.520000

outcell: Cell vector modules (Ang)   :    2.489016    9.956064    3.520000
outcell: Cell angles (23,13,12) (deg):     90.0000     90.0000     90.0000
outcell: Cell volume (Ang**3)        :     87.2284
<dSpData1D:S at geom step 0
  <sparsity:sparsity for geom step 0
    nrows_g=200 nrows=10 sparsity=1.0496 nnzs=41982, refcount: 7>
  <dData1D:(new from dSpData1D) n=41982, refcount: 1>
refcount: 1>
new_DM -- step:     1
Initializing Density Matrix...
DM filled with atomic data:
<dSpData2D:DM initialized from atoms
  <sparsity:sparsity for geom step 0
    nrows_g=200 nrows=10 sparsity=1.0496 nnzs=41982, refcount: 8>
  <dData2D:DM n=41982 m=2, refcount: 1>
refcount: 1>
No. of atoms with KB's overlaping orbs in proc 0. Max # of overlaps:     159     729

InitMesh: MESH = 30 x 108 x 40 = 129600
InitMesh: Mesh cutoff (required, used) =   300.000   325.218 Ry
New grid distribution [1]: sub = 2
New grid distribution [2]: sub = 2
New grid distribution [3]: sub = 2
Setting up quadratic distribution...

stepf: Fermi-Dirac step function

siesta: Program's energy decomposition (eV):
siesta: Ebs     =     -5304.026738
siesta: Eions   =     37421.336963
siesta: Ena     =      3188.682121
siesta: Ekin    =     12698.068781
siesta: Enl     =     -3016.943212
siesta: Eso     =         0.000000
siesta: Edftu   =         0.000000
siesta: DEna    =       240.817375
siesta: DUscf   =         9.951204
siesta: DUext   =         0.000000
siesta: Ex      =     -3923.338771
siesta: Ec      =      -241.804130
siesta: Exc     =     -4165.142901
siesta: EbV     =         0.000000
siesta: eta*DQ  =         0.000000
siesta: Emadel  =         0.000000
siesta: Emeta   =         0.000000
siesta: Emolmec =         0.000000
siesta: Ekinion =         0.000000
siesta: Eharris =    -28363.047156
siesta: Etot    =    -28465.903596
siesta: FreeEng =    -28465.934689

        iscf     Eharris(eV)        E_KS(eV)     FreeEng(eV)     dDmax    Ef(eV) dHmax(eV)
   scf:    1   -28363.047156   -28465.903596   -28465.934689  3.987603 -5.612511 10.957031
     spin moment: {S} , |S| = {        0.0        0.0   -2.74810 }    -2.74810
timer: Routine,Calls,Time,% = IterSCF        1       3.123  19.71
   scf:    2   -28426.926718   -28459.131445   -28459.149330  0.675430 -5.856662 20.873583
     spin moment: {S} , |S| = {        0.0        0.0   -3.21329 }    -3.21329
   scf:    3   -28472.552077   -28470.801218   -28470.824917  0.369174 -5.887987  5.029856
     spin moment: {S} , |S| = {        0.0        0.0   -3.08129 }    -3.08129
   scf:    4   -28472.179115   -28471.770842   -28471.795229  0.413104 -6.104132  5.613248
     spin moment: {S} , |S| = {        0.0        0.0   -3.06354 }    -3.06354
   scf:    5   -28471.380421   -28472.038735   -28472.064243  0.160540 -6.189833  5.549361
     spin moment: {S} , |S| = {        0.0        0.0   -3.10950 }    -3.10950
   scf:    6   -28473.814032   -28473.179075   -28473.202632  0.462601 -6.543899  1.483451
     spin moment: {S} , |S| = {        0.0        0.0   -3.31657 }    -3.31657
   scf:    7   -28473.516548   -28473.374909   -28473.399177  0.143299 -6.655603  0.888129
     spin moment: {S} , |S| = {        0.0        0.0   -3.34077 }    -3.34077
   scf:    8   -28473.909397   -28473.645318   -28473.669177  0.109312 -6.710043  0.806799
     spin moment: {S} , |S| = {        0.0        0.0   -3.37419 }    -3.37419
   scf:    9   -28474.832782   -28474.210676   -28474.233892  0.259335 -6.836388  1.733325
     spin moment: {S} , |S| = {        0.0        0.0   -3.36187 }    -3.36187
   scf:   10   -28474.409375   -28474.315378   -28474.338088  0.035602 -6.853592  1.282035
     spin moment: {S} , |S| = {        0.0        0.0   -3.37136 }    -3.37136
   scf:   11   -28474.564643   -28474.444209   -28474.467198  0.054129 -6.879068  0.564981
     spin moment: {S} , |S| = {        0.0        0.0   -3.39022 }    -3.39022
   scf:   12   -28474.862107   -28474.619063   -28474.642720  0.207204 -6.921789  1.534313
     spin moment: {S} , |S| = {        0.0        0.0   -3.50187 }    -3.50187
   scf:   13   -28474.610245   -28474.614693   -28474.638282  0.004112 -6.918173  1.552880
     spin moment: {S} , |S| = {        0.0        0.0   -3.49910 }    -3.49910
   scf:   14   -28474.668371   -28474.642981   -28474.666793  0.006131 -6.924104  1.257491
     spin moment: {S} , |S| = {        0.0        0.0   -3.49867 }    -3.49867
   scf:   15   -28474.504162   -28474.683647   -28474.709774  0.112659 -6.949213  1.786136
     spin moment: {S} , |S| = {        0.0        0.0   -3.52948 }    -3.52948
   scf:   16   -28474.819661   -28474.779959   -28474.805462  0.039174 -6.944644  0.473177
     spin moment: {S} , |S| = {        0.0        0.0   -3.55712 }    -3.55712
   scf:   17   -28474.858305   -28474.815015   -28474.839543  0.051268 -6.959789  0.440934
     spin moment: {S} , |S| = {        0.0        0.0   -3.58849 }    -3.58849
   scf:   18   -28474.861086   -28474.837681   -28474.861979  0.023641 -6.963704  0.144296
     spin moment: {S} , |S| = {        0.0        0.0   -3.60537 }    -3.60537
   scf:   19   -28474.850073   -28474.844233   -28474.868736  0.011845 -6.968349  0.347330
     spin moment: {S} , |S| = {        0.0        0.0   -3.61300 }    -3.61300
   scf:   20   -28474.852288   -28474.849599   -28474.874141  0.006994 -6.966805  0.136590
     spin moment: {S} , |S| = {        0.0        0.0   -3.62068 }    -3.62068
   scf:   21   -28474.878441   -28474.863391   -28474.888664  0.022750 -6.968934  0.335476
     spin moment: {S} , |S| = {        0.0        0.0   -3.64535 }    -3.64535
   scf:   22   -28474.874922   -28474.870230   -28474.895851  0.015237 -6.967164  0.115481
     spin moment: {S} , |S| = {        0.0        0.0   -3.66271 }    -3.66271
   scf:   23   -28474.884453   -28474.876710   -28474.902932  0.018563 -6.969319  0.081649
     spin moment: {S} , |S| = {        0.0        0.0   -3.68179 }    -3.68179
   scf:   24   -28474.913324   -28474.890275   -28474.918411  0.074612 -6.974214  0.290224
     spin moment: {S} , |S| = {        0.0        0.0   -3.76861 }    -3.76861
   scf:   25   -28474.895486   -28474.892754   -28474.921113  0.010499 -6.974659  0.265624
     spin moment: {S} , |S| = {        0.0        0.0   -3.78005 }    -3.78005
   scf:   26   -28474.893325   -28474.894362   -28474.922753  0.003072 -6.975404  0.134275
     spin moment: {S} , |S| = {        0.0        0.0   -3.78023 }    -3.78023
   scf:   27   -28474.901987   -28474.898694   -28474.927401  0.042203 -6.975817  0.257711
     spin moment: {S} , |S| = {        0.0        0.0   -3.82866 }    -3.82866
   scf:   28   -28474.902253   -28474.900412   -28474.929159  0.008941 -6.976131  0.236751
     spin moment: {S} , |S| = {        0.0        0.0   -3.83878 }    -3.83878
   scf:   29   -28474.906424   -28474.903367   -28474.932134  0.012589 -6.976042  0.165981
     spin moment: {S} , |S| = {        0.0        0.0   -3.85426 }    -3.85426
   scf:   30   -28474.909778   -28474.906341   -28474.935065  0.017496 -6.976294  0.129896
     spin moment: {S} , |S| = {        0.0        0.0   -3.87516 }    -3.87516
   scf:   31   -28474.929241   -28474.914920   -28474.943279  0.055947 -6.977384  0.122691
     spin moment: {S} , |S| = {        0.0        0.0   -3.93778 }    -3.93778
   scf:   32   -28474.925031   -28474.919249   -28474.947330  0.027753 -6.977877  0.064044
     spin moment: {S} , |S| = {        0.0        0.0   -3.97036 }    -3.97036
   scf:   33   -28474.945811   -28474.924144   -28474.952449  0.088098 -6.983647  0.371538
     spin moment: {S} , |S| = {        0.0        0.0   -4.04387 }    -4.04387
   scf:   34   -28474.926981   -28474.925528   -28474.953850  0.010030 -6.984549  0.323518
     spin moment: {S} , |S| = {        0.0        0.0   -4.05034 }    -4.05034
   scf:   35   -28474.929815   -28474.928803   -28474.956967  0.006761 -6.983668  0.072528
     spin moment: {S} , |S| = {        0.0        0.0   -4.06176 }    -4.06176
   scf:   36   -28474.932553   -28474.929037   -28474.957161  0.043882 -6.987428  0.262738
     spin moment: {S} , |S| = {        0.0        0.0   -4.08587 }    -4.08587
   scf:   37   -28474.930612   -28474.929861   -28474.957949  0.001391 -6.987199  0.207322
     spin moment: {S} , |S| = {        0.0        0.0   -4.08816 }    -4.08816
   scf:   38   -28474.932796   -28474.931153   -28474.959067  0.016531 -6.987147  0.181527
     spin moment: {S} , |S| = {        0.0        0.0   -4.10150 }    -4.10150
   scf:   39   -28474.931142   -28474.931889   -28474.959763  0.008751 -6.985358  0.093232
     spin moment: {S} , |S| = {        0.0        0.0   -4.10416 }    -4.10416
   scf:   40   -28474.933394   -28474.932596   -28474.960399  0.011218 -6.986301  0.044103
     spin moment: {S} , |S| = {        0.0        0.0   -4.11041 }    -4.11041
   scf:   41   -28474.933224   -28474.932926   -28474.960680  0.005014 -6.986192  0.037014
     spin moment: {S} , |S| = {        0.0        0.0   -4.11419 }    -4.11419
   scf:   42   -28474.933781   -28474.933308   -28474.961002  0.007244 -6.986566  0.019918
     spin moment: {S} , |S| = {        0.0        0.0   -4.11849 }    -4.11849
   scf:   43   -28474.933785   -28474.933534   -28474.961201  0.004109 -6.986703  0.020924
     spin moment: {S} , |S| = {        0.0        0.0   -4.11994 }    -4.11994
   scf:   44   -28474.933734   -28474.933629   -28474.961303  0.002174 -6.986681  0.023123
     spin moment: {S} , |S| = {        0.0        0.0   -4.11938 }    -4.11938
   scf:   45   -28474.934999   -28474.934218   -28474.961810  0.010916 -6.986905  0.019092
     spin moment: {S} , |S| = {        0.0        0.0   -4.12315 }    -4.12315
   scf:   46   -28474.933326   -28474.933691   -28474.961356  0.009808 -6.986713  0.022418
     spin moment: {S} , |S| = {        0.0        0.0   -4.11984 }    -4.11984
   scf:   47   -28474.935738   -28474.934524   -28474.962067  0.015391 -6.986974  0.023338
     spin moment: {S} , |S| = {        0.0        0.0   -4.12557 }    -4.12557
   scf:   48   -28474.936169   -28474.935203   -28474.962601  0.013277 -6.987380  0.018885
     spin moment: {S} , |S| = {        0.0        0.0   -4.13314 }    -4.13314
   scf:   49   -28474.935337   -28474.935269   -28474.962654  0.001187 -6.987433  0.018442
     spin moment: {S} , |S| = {        0.0        0.0   -4.13395 }    -4.13395
   scf:   50   -28474.935297   -28474.935277   -28474.962674  0.002602 -6.987389  0.021214
     spin moment: {S} , |S| = {        0.0        0.0   -4.13322 }    -4.13322
   scf:   51   -28474.935452   -28474.935363   -28474.962746  0.001477 -6.987471  0.021016
     spin moment: {S} , |S| = {        0.0        0.0   -4.13406 }    -4.13406
   scf:   52   -28474.935325   -28474.935343   -28474.962721  0.001272 -6.987501  0.018383
     spin moment: {S} , |S| = {        0.0        0.0   -4.13454 }    -4.13454
   scf:   53   -28474.934965   -28474.935141   -28474.962538  0.003567 -6.987482  0.019298
     spin moment: {S} , |S| = {        0.0        0.0   -4.13427 }    -4.13427
   scf:   54   -28474.935374   -28474.935253   -28474.962645  0.001921 -6.987430  0.022109
     spin moment: {S} , |S| = {        0.0        0.0   -4.13390 }    -4.13390
   scf:   55   -28474.935180   -28474.935205   -28474.962568  0.003707 -6.987589  0.017848
     spin moment: {S} , |S| = {        0.0        0.0   -4.13606 }    -4.13606
   scf:   56   -28474.936174   -28474.935634   -28474.962935  0.007804 -6.987734  0.017593
     spin moment: {S} , |S| = {        0.0        0.0   -4.13823 }    -4.13823
   scf:   57   -28474.934888   -28474.935208   -28474.962595  0.008216 -6.987460  0.017561
     spin moment: {S} , |S| = {        0.0        0.0   -4.13433 }    -4.13433
   scf:   58   -28474.934983   -28474.935091   -28474.962509  0.002345 -6.987345  0.016837
     spin moment: {S} , |S| = {        0.0        0.0   -4.13272 }    -4.13272
   scf:   59   -28474.935219   -28474.935154   -28474.962564  0.001218 -6.987362  0.019008
     spin moment: {S} , |S| = {        0.0        0.0   -4.13296 }    -4.13296
   scf:   60   -28474.935192   -28474.935173   -28474.962576  0.000517 -6.987377  0.018460
     spin moment: {S} , |S| = {        0.0        0.0   -4.13332 }    -4.13332
   scf:   61   -28474.935078   -28474.935124   -28474.962527  0.000941 -6.987407  0.017941
     spin moment: {S} , |S| = {        0.0        0.0   -4.13350 }    -4.13350
   scf:   62   -28474.935054   -28474.935088   -28474.962486  0.001144 -6.987500  0.017001
     spin moment: {S} , |S| = {        0.0        0.0   -4.13429 }    -4.13429
   scf:   63   -28474.934958   -28474.935021   -28474.962439  0.001194 -6.987357  0.017475
     spin moment: {S} , |S| = {        0.0        0.0   -4.13300 }    -4.13300
   scf:   64   -28474.935750   -28474.935350   -28474.962690  0.006452 -6.987716  0.018506
     spin moment: {S} , |S| = {        0.0        0.0   -4.13704 }    -4.13704
   scf:   65   -28474.936216   -28474.935739   -28474.963018  0.006967 -6.987892  0.017806
     spin moment: {S} , |S| = {        0.0        0.0   -4.13919 }    -4.13919
   scf:   66   -28474.935981   -28474.935856   -28474.963115  0.001933 -6.988001  0.018744
     spin moment: {S} , |S| = {        0.0        0.0   -4.13996 }    -4.13996
   scf:   67   -28474.936293   -28474.936062   -28474.963290  0.003231 -6.988150  0.018043
     spin moment: {S} , |S| = {        0.0        0.0   -4.14100 }    -4.14100
   scf:   68   -28474.937048   -28474.936501   -28474.963661  0.007065 -6.988360  0.015969
     spin moment: {S} , |S| = {        0.0        0.0   -4.14286 }    -4.14286
   scf:   69   -28474.937402   -28474.936906   -28474.963995  0.006691 -6.988602  0.016470
     spin moment: {S} , |S| = {        0.0        0.0   -4.14512 }    -4.14512
   scf:   70   -28474.938639   -28474.937624   -28474.964583  0.012231 -6.988902  0.016472
     spin moment: {S} , |S| = {        0.0        0.0   -4.14865 }    -4.14865
   scf:   71   -28474.939997   -28474.938556   -28474.965328  0.016277 -6.989348  0.018832
     spin moment: {S} , |S| = {        0.0        0.0   -4.15422 }    -4.15422
   scf:   72   -28474.938879   -28474.938711   -28474.965451  0.002666 -6.989427  0.018688
     spin moment: {S} , |S| = {        0.0        0.0   -4.15510 }    -4.15510
   scf:   73   -28474.939282   -28474.938975   -28474.965666  0.004523 -6.989570  0.016785
     spin moment: {S} , |S| = {        0.0        0.0   -4.15649 }    -4.15649
   scf:   74   -28474.939114   -28474.939043   -28474.965716  0.001530 -6.989583  0.018634
     spin moment: {S} , |S| = {        0.0        0.0   -4.15705 }    -4.15705
   scf:   75   -28474.940125   -28474.939517   -28474.966097  0.008218 -6.989868  0.017622
     spin moment: {S} , |S| = {        0.0        0.0   -4.15992 }    -4.15992
   scf:   76   -28474.941469   -28474.940303   -28474.966731  0.013384 -6.990373  0.018172
     spin moment: {S} , |S| = {        0.0        0.0   -4.16474 }    -4.16474
   scf:   77   -28474.940431   -28474.940366   -28474.966773  0.001461 -6.990422  0.018957
     spin moment: {S} , |S| = {        0.0        0.0   -4.16580 }    -4.16580
   scf:   78   -28474.941396   -28474.940817   -28474.967142  0.007436 -6.990702  0.016500
     spin moment: {S} , |S| = {        0.0        0.0   -4.16841 }    -4.16841
   scf:   79   -28474.940974   -28474.940894   -28474.967204  0.001342 -6.990742  0.016350
     spin moment: {S} , |S| = {        0.0        0.0   -4.16900 }    -4.16900
   scf:   80   -28474.941084   -28474.940986   -28474.967280  0.001538 -6.990784  0.015950
     spin moment: {S} , |S| = {        0.0        0.0   -4.16951 }    -4.16951
   scf:   81   -28474.941015   -28474.941000   -28474.967293  0.000376 -6.990777  0.016396
     spin moment: {S} , |S| = {        0.0        0.0   -4.16956 }    -4.16956

SCF Convergence by DM criterion
max |DM_out - DM_in|         :     0.0003762835
max |H_out - H_in|      (eV) :     0.0163955668
SCF cycle converged after 81 iterations

Using DM_out to compute the final energy and forces
No. of atoms with KB's overlaping orbs in proc 0. Max # of overlaps:     159     729

siesta: E_KS(eV) =           -28474.9410

siesta: E_KS - E_eggbox =    -28474.9410

siesta: Atomic forces (eV/Ang):
     1   -0.000000   -0.036336   -0.000000
     2   -0.000000    0.036342   -0.000000
     3    0.000000    0.036356   -0.000000
     4    0.000000    0.389575    0.000000
     5   -0.000000    0.148424    0.000000
     6   -0.000000    0.276173    0.000000
     7   -0.000000    0.042025    0.000000
     8   -0.000000   -0.893337   -0.000000
----------------------------------------
   Tot   -0.000000   -0.000778    0.000000
----------------------------------------
   Max    0.893337
   Res    0.209548    sqrt( Sum f_i^2 / 3N )
----------------------------------------
   Max    0.893337    constrained

Stress tensor Voigt[x,y,z,yz,xz,xy] (kbar):       91.76       58.32       89.79        0.00       -0.00       -0.00
(Free)E + p*V (eV/cell)   -28479.3204
Target enthalpy (eV/cell)   -28474.9673

siesta: Stress tensor (static) (eV/Ang**3):
         0.057273    0.000000   -0.000000
        -0.000000    0.036399    0.000000
        -0.000000    0.000000    0.056040

siesta: Pressure (static):        -79.95536156  kBar

siesta: Stress tensor (total) (eV/Ang**3):
         0.057273    0.000000   -0.000000
        -0.000000    0.036399    0.000000
        -0.000000    0.000000    0.056040

siesta: Pressure (total):        -79.95536156  kBar

cgvc: No target stress found, assuming hydrostatic MD.TargetPressure.

cgvc: Target stress (kBar)
cgvc:        -0.000       0.000       0.000
cgvc:         0.000      -0.000       0.000
cgvc:         0.000       0.000      -0.000

                     ====================================
                        Begin CG opt. move =      1
                     ====================================
k-point displ. along   1 input, could be:     0.00    0.50
k-point displ. along   2 input, could be:     0.00    0.50
k-point displ. along   3 input, could be:     0.00    0.50
 Kpoints in:           32 . Kpoints trimmed:           31

siesta: k-grid: Number of k-points = 31
siesta: k-points from Monkhorst-Pack grid
siesta: k-cutoff (effective) =     6.961 Ang
siesta: k-point supercell and displacements
siesta: k-grid:     6     0     0      0.000
siesta: k-grid:     0     2     0      0.000
siesta: k-grid:     0     0     4      0.000

superc: Internal auxiliary supercell:     9 x     3 x     7  =     189
superc: Number of atoms, orbitals, and projectors:   1512  37800  27216

outcell: Unit cell vectors (Ang):
        2.460514   -0.000000    0.000000
       -0.000000    9.883607   -0.000000
        0.000000   -0.000000    3.480560

outcell: Cell vector modules (Ang)   :    2.460514    9.883607    3.480560
outcell: Cell angles (23,13,12) (deg):     90.0000     90.0000     90.0000
outcell: Cell volume (Ang**3)        :     84.6429
<dSpData1D:S at geom step 1
  <sparsity:sparsity for geom step 1
    nrows_g=200 nrows=10 sparsity=1.0822 nnzs=43287, refcount: 7>
  <dData1D:(new from dSpData1D) n=43287, refcount: 1>
refcount: 1>
new_DM -- step:     2
Re-using DM from previous geometries...
Number of DMs in history: 1
 DM extrapolation coefficients: 
1   1.00000
New DM after history re-use:
<dSpData2D:SpM extrapolated using coords
  <sparsity:sparsity for geom step 1
    nrows_g=200 nrows=10 sparsity=1.0822 nnzs=43287, refcount: 9>
  <dData2D:(temp array for extrapolation) n=43287 m=2, refcount: 1>
refcount: 1>
No. of atoms with KB's overlaping orbs in proc 0. Max # of overlaps:     159     731

InitMesh: MESH = 30 x 108 x 40 = 129600
InitMesh: Mesh cutoff (required, used) =   300.000   330.004 Ry
New grid distribution [1]: sub = 2
New grid distribution [2]: sub = 2
New grid distribution [3]: sub = 2
Setting up quadratic distribution...

        iscf     Eharris(eV)        E_KS(eV)     FreeEng(eV)     dDmax    Ef(eV) dHmax(eV)
   scf:    1   -28415.128131   -28456.640720   -28456.665736  0.376638 -6.994001 21.689896
     spin moment: {S} , |S| = {        0.0        0.0   -3.53144 }    -3.53144
   scf:    2    -8983.064442   -22118.117736   -22118.121797218.303157 -3.628579384.151421
     spin moment: {S} , |S| = {        0.0        0.0   -1.50729 }    -1.50729
   scf:    3   -29797.444536   -28399.158230   -28399.180157218.070217 -6.989835 44.593359
     spin moment: {S} , |S| = {        0.0        0.0   -3.90674 }    -3.90674
   scf:    4   -28499.858624   -28464.244331   -28464.265105  0.273093 -7.045590 16.487429
     spin moment: {S} , |S| = {        0.0        0.0   -4.07722 }    -4.07722
   scf:    5   -28472.901039   -28474.899403   -28474.922372  0.287986 -7.033877  2.773316
     spin moment: {S} , |S| = {        0.0        0.0   -3.94545 }    -3.94545
   scf:    6   -28465.023163   -28472.046020   -28472.068297  0.180522 -7.053566  8.878266
     spin moment: {S} , |S| = {        0.0        0.0   -4.06131 }    -4.06131
   scf:    7   -28472.836592   -28472.457011   -28472.479792  0.012982 -7.056895  8.263096
     spin moment: {S} , |S| = {        0.0        0.0   -4.06123 }    -4.06123
   scf:    8   -28474.018267   -28474.983598   -28475.007399  0.154367 -7.047164  1.571152
     spin moment: {S} , |S| = {        0.0        0.0   -3.96124 }    -3.96124
   scf:    9   -28474.826629   -28474.912207   -28474.935951  0.010812 -7.048992  2.124515
     spin moment: {S} , |S| = {        0.0        0.0   -3.94758 }    -3.94758
   scf:   10   -28475.071908   -28475.057225   -28475.080994  0.025024 -7.065515  0.337111
     spin moment: {S} , |S| = {        0.0        0.0   -3.96126 }    -3.96126
   scf:   11   -28475.037094   -28475.053991   -28475.077855  0.008908 -7.070764  0.533257
     spin moment: {S} , |S| = {        0.0        0.0   -3.96465 }    -3.96465
   scf:   12   -28475.066138   -28475.062542   -28475.086402  0.006469 -7.068304  0.165877
     spin moment: {S} , |S| = {        0.0        0.0   -3.95758 }    -3.95758
   scf:   13   -28475.064094   -28475.063723   -28475.087610  0.003251 -7.069360  0.050049
     spin moment: {S} , |S| = {        0.0        0.0   -3.94860 }    -3.94860
   scf:   14   -28475.064634   -28475.064173   -28475.088048  0.001995 -7.069335  0.043678
     spin moment: {S} , |S| = {        0.0        0.0   -3.94242 }    -3.94242
   scf:   15   -28475.067872   -28475.065875   -28475.089719  0.007820 -7.069198  0.031441
     spin moment: {S} , |S| = {        0.0        0.0   -3.91568 }    -3.91568
   scf:   16   -28475.067629   -28475.066708   -28475.090542  0.004047 -7.069039  0.030808
     spin moment: {S} , |S| = {        0.0        0.0   -3.90137 }    -3.90137
   scf:   17   -28475.069858   -28475.068135   -28475.091958  0.007794 -7.068948  0.036996
     spin moment: {S} , |S| = {        0.0        0.0   -3.87540 }    -3.87540
   scf:   18   -28475.073024   -28475.070211   -28475.094018  0.012214 -7.068546  0.029507
     spin moment: {S} , |S| = {        0.0        0.0   -3.83385 }    -3.83385
   scf:   19   -28475.075890   -28475.072461   -28475.096257  0.015981 -7.068769  0.031269
     spin moment: {S} , |S| = {        0.0        0.0   -3.78100 }    -3.78100
   scf:   20   -28475.076051   -28475.073951   -28475.097709  0.011675 -7.069011  0.031740
     spin moment: {S} , |S| = {        0.0        0.0   -3.74276 }    -3.74276
   scf:   21   -28475.078422   -28475.075674   -28475.099331  0.015011 -7.069486  0.023902
     spin moment: {S} , |S| = {        0.0        0.0   -3.69315 }    -3.69315
   scf:   22   -28475.078040   -28475.076672   -28475.100223  0.009557 -7.069667  0.020706
     spin moment: {S} , |S| = {        0.0        0.0   -3.66404 }    -3.66404
   scf:   23   -28475.083850   -28475.078948   -28475.102146  0.025095 -7.069427  0.038344
     spin moment: {S} , |S| = {        0.0        0.0   -3.58724 }    -3.58724
   scf:   24   -28475.080143   -28475.079492   -28475.102570  0.005365 -7.069167  0.019991
     spin moment: {S} , |S| = {        0.0        0.0   -3.57228 }    -3.57228
   scf:   25   -28475.083175   -28475.080739   -28475.103512  0.016684 -7.068508  0.016603
     spin moment: {S} , |S| = {        0.0        0.0   -3.52501 }    -3.52501
   scf:   26   -28475.081299   -28475.081000   -28475.103697  0.003859 -7.067947  0.019189
     spin moment: {S} , |S| = {        0.0        0.0   -3.51772 }    -3.51772
   scf:   27   -28475.082457   -28475.081546   -28475.104081  0.009007 -7.067779  0.013920
     spin moment: {S} , |S| = {        0.0        0.0   -3.49287 }    -3.49287
   scf:   28   -28475.082377   -28475.081900   -28475.104325  0.006046 -7.067418  0.015304
     spin moment: {S} , |S| = {        0.0        0.0   -3.48130 }    -3.48130
   scf:   29   -28475.082142   -28475.082016   -28475.104407  0.002150 -7.067177  0.013397
     spin moment: {S} , |S| = {        0.0        0.0   -3.47911 }    -3.47911
   scf:   30   -28475.082736   -28475.082312   -28475.104609  0.005711 -7.067018  0.014890
     spin moment: {S} , |S| = {        0.0        0.0   -3.46697 }    -3.46697
   scf:   31   -28475.082379   -28475.082344   -28475.104637  0.001040 -7.066967  0.013811
     spin moment: {S} , |S| = {        0.0        0.0   -3.46921 }    -3.46921
   scf:   32   -28475.082762   -28475.082534   -28475.104767  0.003933 -7.066784  0.012342
     spin moment: {S} , |S| = {        0.0        0.0   -3.46543 }    -3.46543
   scf:   33   -28475.083183   -28475.082819   -28475.104973  0.006078 -7.066567  0.011657
     spin moment: {S} , |S| = {        0.0        0.0   -3.46629 }    -3.46629
   scf:   34   -28475.083188   -28475.082986   -28475.105093  0.003777 -7.066517  0.011322
     spin moment: {S} , |S| = {        0.0        0.0   -3.46507 }    -3.46507
   scf:   35   -28475.083092   -28475.083036   -28475.105139  0.001643 -7.066537  0.012033
     spin moment: {S} , |S| = {        0.0        0.0   -3.46873 }    -3.46873
   scf:   36   -28475.083165   -28475.083098   -28475.105188  0.001478 -7.066482  0.011362
     spin moment: {S} , |S| = {        0.0        0.0   -3.46972 }    -3.46972
   scf:   37   -28475.083213   -28475.083149   -28475.105243  0.002387 -7.066511  0.012179
     spin moment: {S} , |S| = {        0.0        0.0   -3.47538 }    -3.47538
   scf:   38   -28475.083455   -28475.083285   -28475.105360  0.003613 -7.066409  0.011592
     spin moment: {S} , |S| = {        0.0        0.0   -3.48004 }    -3.48004
   scf:   39   -28475.083528   -28475.083390   -28475.105459  0.003388 -7.066351  0.012175
     spin moment: {S} , |S| = {        0.0        0.0   -3.48660 }    -3.48660
   scf:   40   -28475.083516   -28475.083450   -28475.105509  0.001722 -7.066295  0.011317
     spin moment: {S} , |S| = {        0.0        0.0   -3.48855 }    -3.48855
   scf:   41   -28475.083615   -28475.083525   -28475.105577  0.002399 -7.066279  0.011510
     spin moment: {S} , |S| = {        0.0        0.0   -3.49194 }    -3.49194
   scf:   42   -28475.083843   -28475.083662   -28475.105696  0.004290 -7.066236  0.010118
     spin moment: {S} , |S| = {        0.0        0.0   -3.49648 }    -3.49648
   scf:   43   -28475.084287   -28475.083895   -28475.105906  0.008240 -7.066222  0.010048
     spin moment: {S} , |S| = {        0.0        0.0   -3.50556 }    -3.50556
   scf:   44   -28475.084476   -28475.084100   -28475.106101  0.008608 -7.066212  0.009825
     spin moment: {S} , |S| = {        0.0        0.0   -3.51517 }    -3.51517
   scf:   45   -28475.084392   -28475.084220   -28475.106208  0.004898 -7.066207  0.008326
     spin moment: {S} , |S| = {        0.0        0.0   -3.51876 }    -3.51876
   scf:   46   -28475.084449   -28475.084308   -28475.106300  0.004899 -7.066203  0.009277
     spin moment: {S} , |S| = {        0.0        0.0   -3.52401 }    -3.52401
   scf:   47   -28475.084488   -28475.084380   -28475.106372  0.003919 -7.066148  0.006893
     spin moment: {S} , |S| = {        0.0        0.0   -3.52749 }    -3.52749
   scf:   48   -28475.084640   -28475.084477   -28475.106468  0.005595 -7.066046  0.008026
     spin moment: {S} , |S| = {        0.0        0.0   -3.53159 }    -3.53159
   scf:   49   -28475.084579   -28475.084517   -28475.106514  0.003085 -7.065996  0.007963
     spin moment: {S} , |S| = {        0.0        0.0   -3.53450 }    -3.53450
   scf:   50   -28475.084554   -28475.084535   -28475.106528  0.000693 -7.065933  0.007518
     spin moment: {S} , |S| = {        0.0        0.0   -3.53444 }    -3.53444
   scf:   51   -28475.084626   -28475.084572   -28475.106569  0.002818 -7.065877  0.008191
     spin moment: {S} , |S| = {        0.0        0.0   -3.53681 }    -3.53681
   scf:   52   -28475.084596   -28475.084583   -28475.106582  0.000829 -7.065853  0.007920
     spin moment: {S} , |S| = {        0.0        0.0   -3.53751 }    -3.53751
   scf:   53   -28475.084640   -28475.084607   -28475.106611  0.002098 -7.065837  0.008093
     spin moment: {S} , |S| = {        0.0        0.0   -3.53934 }    -3.53934
   scf:   54   -28475.084624   -28475.084615   -28475.106619  0.000465 -7.065819  0.007710
     spin moment: {S} , |S| = {        0.0        0.0   -3.53961 }    -3.53961

SCF Convergence by DM criterion
max |DM_out - DM_in|         :     0.0004649117
max |H_out - H_in|      (eV) :     0.0077098899
SCF cycle converged after 54 iterations

Using DM_out to compute the final energy and forces
No. of atoms with KB's overlaping orbs in proc 0. Max # of overlaps:     159     731

siesta: E_KS(eV) =           -28475.0846

siesta: Atomic forces (eV/Ang):
     1    0.000000   -0.076082    0.000000
     2   -0.000000    0.024837    0.000000
     3   -0.000000    0.223805    0.000000
     4   -0.000000    0.235018   -0.000000
     5    0.000000   -0.086659   -0.000000
     6    0.000000   -0.163807   -0.000000
     7    0.000000    0.006819    0.000000
     8   -0.000000   -0.157507    0.000000
----------------------------------------
   Tot    0.000000    0.006424   -0.000000
----------------------------------------
   Max    0.235018
   Res    0.084391    sqrt( Sum f_i^2 / 3N )
----------------------------------------
   Max    0.235018    constrained

Stress tensor Voigt[x,y,z,yz,xz,xy] (kbar):       41.02       19.16       18.01       -0.00       -0.00       -0.00
(Free)E + p*V (eV/cell)   -28476.4836
Target enthalpy (eV/cell)   -28475.1066

siesta: Stress tensor (static) (eV/Ang**3):
         0.025601   -0.000000   -0.000000
        -0.000000    0.011962   -0.000000
        -0.000000   -0.000000    0.011242

siesta: Pressure (static):        -26.06439586  kBar

siesta: Stress tensor (total) (eV/Ang**3):
         0.025601   -0.000000   -0.000000
        -0.000000    0.011962   -0.000000
        -0.000000   -0.000000    0.011242

siesta: Pressure (total):        -26.06439586  kBar

                     ====================================
                        Begin CG opt. move =      2
                     ====================================
k-point displ. along   1 input, could be:     0.00    0.50
k-point displ. along   2 input, could be:     0.00    0.50
k-point displ. along   3 input, could be:     0.00    0.50
 Kpoints in:           32 . Kpoints trimmed:           31

siesta: k-grid: Number of k-points = 31
siesta: k-points from Monkhorst-Pack grid
siesta: k-cutoff (effective) =     6.835 Ang
siesta: k-point supercell and displacements
siesta: k-grid:     6     0     0      0.000
siesta: k-grid:     0     2     0      0.000
siesta: k-grid:     0     0     4      0.000

superc: Internal auxiliary supercell:     9 x     3 x     7  =     189
superc: Number of atoms, orbitals, and projectors:   1512  37800  27216

outcell: Unit cell vectors (Ang):
        2.414912   -0.000000    0.000000
       -0.000000    9.767678   -0.000000
        0.000000   -0.000000    3.417456

outcell: Cell vector modules (Ang)   :    2.414912    9.767678    3.417456
outcell: Cell angles (23,13,12) (deg):     90.0000     90.0000     90.0000
outcell: Cell volume (Ang**3)        :     80.6112
<dSpData1D:S at geom step 2
  <sparsity:sparsity for geom step 2
    nrows_g=200 nrows=10 sparsity=1.1427 nnzs=45706, refcount: 7>
  <dData1D:(new from dSpData1D) n=45706, refcount: 1>
refcount: 1>
new_DM -- step:     3
Re-using DM from previous geometries...
Number of DMs in history: 1
 DM extrapolation coefficients: 
1   1.00000
New DM after history re-use:
<dSpData2D:SpM extrapolated using coords
  <sparsity:sparsity for geom step 2
    nrows_g=200 nrows=10 sparsity=1.1427 nnzs=45706, refcount: 9>
  <dData2D:(temp array for extrapolation) n=45706 m=2, refcount: 1>
refcount: 1>
Note: For starting DM, Qtot, Tr[D*S] =        129.00000000        128.82025194
No. of atoms with KB's overlaping orbs in proc 0. Max # of overlaps:     159     772

InitMesh: MESH = 30 x 108 x 36 = 116640
InitMesh: Mesh cutoff (required, used) =   300.000   306.691 Ry
New grid distribution [1]: sub = 2
New grid distribution [2]: sub = 2
New grid distribution [3]: sub = 2
Setting up quadratic distribution...

        iscf     Eharris(eV)        E_KS(eV)     FreeEng(eV)     dDmax    Ef(eV) dHmax(eV)
   scf:    1   -28180.916409   -28380.389083   -28380.414850  0.745786 -7.078827 50.488658
     spin moment: {S} , |S| = {        0.0        0.0   -2.62616 }    -2.62616
   scf:    2    16536.302987   -13933.808450   -13933.818389612.859994 -9.397434639.817985
     spin moment: {S} , |S| = {        0.0        0.0    0.75994 }     0.75994
   scf:    3   -33153.392194   -27679.329672   -27679.353084612.118633 -6.748272142.720572
     spin moment: {S} , |S| = {        0.0        0.0   -1.68663 }    -1.68663
   scf:    4   -28677.091513   -28280.658283   -28280.677724  1.385106 -7.001761 68.957106
     spin moment: {S} , |S| = {        0.0        0.0   -2.73000 }    -2.73000
   scf:    5   -28492.254970   -28473.975812   -28473.996014  0.627538 -7.119490  6.581687
     spin moment: {S} , |S| = {        0.0        0.0   -3.30187 }    -3.30187
   scf:    6   -28439.315867   -28461.343561   -28461.364893  0.257109 -7.137936 19.256056
     spin moment: {S} , |S| = {        0.0        0.0   -3.45039 }    -3.45039
   scf:    7   -28464.281367   -28473.662098   -28473.682397  0.337729 -7.120963  7.438555
     spin moment: {S} , |S| = {        0.0        0.0   -3.22457 }    -3.22457
   scf:    8   -28471.225560   -28474.172545   -28474.193268  0.154009 -7.143422  4.724954
     spin moment: {S} , |S| = {        0.0        0.0   -3.33756 }    -3.33756
   scf:    9   -28472.180801   -28474.394822   -28474.415461  0.093401 -7.147379  3.959060
     spin moment: {S} , |S| = {        0.0        0.0   -3.25909 }    -3.25909
   scf:   10   -28473.595629   -28474.030800   -28474.051642  0.018777 -7.152525  5.198963
     spin moment: {S} , |S| = {        0.0        0.0   -3.23257 }    -3.23257
   scf:   11   -28473.117090   -28474.631402   -28474.652113  0.102046 -7.192149  3.208528
     spin moment: {S} , |S| = {        0.0        0.0   -3.30635 }    -3.30635
   scf:   12   -28475.027900   -28474.913380   -28474.933762  0.027429 -7.183251  0.759048
     spin moment: {S} , |S| = {        0.0        0.0   -3.28878 }    -3.28878
   scf:   13   -28474.930609   -28474.932574   -28474.952930  0.011652 -7.184252  0.091689
     spin moment: {S} , |S| = {        0.0        0.0   -3.27635 }    -3.27635
   scf:   14   -28474.934005   -28474.933348   -28474.953706  0.003422 -7.186855  0.073042
     spin moment: {S} , |S| = {        0.0        0.0   -3.27033 }    -3.27033
   scf:   15   -28474.934794   -28474.934075   -28474.954426  0.003558 -7.186973  0.056803
     spin moment: {S} , |S| = {        0.0        0.0   -3.26298 }    -3.26298
   scf:   16   -28474.935688   -28474.934862   -28474.955221  0.004797 -7.186916  0.042530
     spin moment: {S} , |S| = {        0.0        0.0   -3.25377 }    -3.25377
   scf:   17   -28474.937913   -28474.936296   -28474.956683  0.009657 -7.186429  0.047165
     spin moment: {S} , |S| = {        0.0        0.0   -3.23553 }    -3.23553
   scf:   18   -28474.937961   -28474.937092   -28474.957513  0.006212 -7.186325  0.042788
     spin moment: {S} , |S| = {        0.0        0.0   -3.22497 }    -3.22497
   scf:   19   -28474.940207   -28474.938498   -28474.959002  0.012869 -7.186667  0.040136
     spin moment: {S} , |S| = {        0.0        0.0   -3.20583 }    -3.20583
   scf:   20   -28474.946329   -28474.941320   -28474.962270  0.039562 -7.186380  0.052645
     spin moment: {S} , |S| = {        0.0        0.0   -3.16015 }    -3.16015
   scf:   21   -28474.941268   -28474.941295   -28474.962237  0.000853 -7.186379  0.043963
     spin moment: {S} , |S| = {        0.0        0.0   -3.16079 }    -3.16079
   scf:   22   -28474.942859   -28474.941976   -28474.963094  0.013678 -7.185825  0.031443
     spin moment: {S} , |S| = {        0.0        0.0   -3.14907 }    -3.14907
   scf:   23   -28474.944538   -28474.942919   -28474.964408  0.026477 -7.184538  0.050386
     spin moment: {S} , |S| = {        0.0        0.0   -3.12821 }    -3.12821
   scf:   24   -28474.945347   -28474.943806   -28474.965589  0.027144 -7.182888  0.035479
     spin moment: {S} , |S| = {        0.0        0.0   -3.11206 }    -3.11206
   scf:   25   -28474.945114   -28474.944279   -28474.966302  0.020356 -7.182067  0.037171
     spin moment: {S} , |S| = {        0.0        0.0   -3.09786 }    -3.09786
   scf:   26   -28474.946467   -28474.945020   -28474.967215  0.028559 -7.181255  0.046435
     spin moment: {S} , |S| = {        0.0        0.0   -3.08427 }    -3.08427
   scf:   27   -28474.945490   -28474.945231   -28474.967448  0.007531 -7.181178  0.035340
     spin moment: {S} , |S| = {        0.0        0.0   -3.08144 }    -3.08144
   scf:   28   -28474.946187   -28474.945600   -28474.967862  0.014210 -7.180852  0.035321
     spin moment: {S} , |S| = {        0.0        0.0   -3.07458 }    -3.07458
   scf:   29   -28474.945851   -28474.945713   -28474.967997  0.005446 -7.180849  0.024223
     spin moment: {S} , |S| = {        0.0        0.0   -3.07197 }    -3.07197
   scf:   30   -28474.946901   -28474.946027   -28474.968452  0.020566 -7.180645  0.026728
     spin moment: {S} , |S| = {        0.0        0.0   -3.05709 }    -3.05709
   scf:   31   -28474.945977   -28474.945989   -28474.968369  0.004717 -7.180599  0.034848
     spin moment: {S} , |S| = {        0.0        0.0   -3.06104 }    -3.06104
   scf:   32   -28474.946262   -28474.946159   -28474.968431  0.004978 -7.180821  0.058140
     spin moment: {S} , |S| = {        0.0        0.0   -3.06824 }    -3.06824
   scf:   33   -28474.946663   -28474.946382   -28474.968624  0.007347 -7.180781  0.043550
     spin moment: {S} , |S| = {        0.0        0.0   -3.06909 }    -3.06909
   scf:   34   -28474.947085   -28474.946688   -28474.968864  0.010939 -7.180674  0.014470
     spin moment: {S} , |S| = {        0.0        0.0   -3.07289 }    -3.07289
   scf:   35   -28474.947132   -28474.946898   -28474.968962  0.004259 -7.180736  0.015727
     spin moment: {S} , |S| = {        0.0        0.0   -3.08180 }    -3.08180
   scf:   36   -28474.947219   -28474.947030   -28474.969071  0.006810 -7.180842  0.018455
     spin moment: {S} , |S| = {        0.0        0.0   -3.08470 }    -3.08470
   scf:   37   -28474.947121   -28474.947071   -28474.969115  0.002396 -7.180944  0.011735
     spin moment: {S} , |S| = {        0.0        0.0   -3.08563 }    -3.08563
   scf:   38   -28474.947105   -28474.947081   -28474.969158  0.002829 -7.181041  0.007857
     spin moment: {S} , |S| = {        0.0        0.0   -3.08458 }    -3.08458
   scf:   39   -28474.947148   -28474.947107   -28474.969214  0.002707 -7.181165  0.011499
     spin moment: {S} , |S| = {        0.0        0.0   -3.08541 }    -3.08541
   scf:   40   -28474.947302   -28474.947188   -28474.969292  0.003842 -7.181303  0.008455
     spin moment: {S} , |S| = {        0.0        0.0   -3.08967 }    -3.08967
   scf:   41   -28474.947181   -28474.947185   -28474.969300  0.000398 -7.181325  0.007612
     spin moment: {S} , |S| = {        0.0        0.0   -3.08952 }    -3.08952

SCF Convergence by DM criterion
max |DM_out - DM_in|         :     0.0003976903
max |H_out - H_in|      (eV) :     0.0076118654
SCF cycle converged after 41 iterations

Using DM_out to compute the final energy and forces
No. of atoms with KB's overlaping orbs in proc 0. Max # of overlaps:     159     772

siesta: E_KS(eV) =           -28474.9472

siesta: Atomic forces (eV/Ang):
     1    0.000000   -0.058637    0.000000
     2    0.000000    0.125786   -0.000000
     3   -0.000000    0.240654    0.000000
     4   -0.000000   -0.286534    0.000000
     5   -0.000000   -0.342868   -0.000000
     6   -0.000000   -0.604027   -0.000000
     7   -0.000000   -0.240389    0.000000
     8    0.000000    1.166990   -0.000000
----------------------------------------
   Tot   -0.000000    0.000975   -0.000000
----------------------------------------
   Max    1.166990
   Res    0.293068    sqrt( Sum f_i^2 / 3N )
----------------------------------------
   Max    1.166990    constrained

Stress tensor Voigt[x,y,z,yz,xz,xy] (kbar):      -92.70     -108.68     -133.14        0.00       -0.00       -0.00
(Free)E + p*V (eV/cell)   -28469.3590
Target enthalpy (eV/cell)   -28474.9693

siesta: Stress tensor (static) (eV/Ang**3):
        -0.057859   -0.000000   -0.000000
        -0.000000   -0.067835    0.000000
        -0.000000    0.000000   -0.083097

siesta: Pressure (static):        111.50640250  kBar

siesta: Stress tensor (total) (eV/Ang**3):
        -0.057859   -0.000000   -0.000000
        -0.000000   -0.067835    0.000000
        -0.000000    0.000000   -0.083097

siesta: Pressure (total):        111.50640250  kBar

                     ====================================
                        Begin CG opt. move =      3
                     ====================================
k-point displ. along   1 input, could be:     0.00    0.50
k-point displ. along   2 input, could be:     0.00    0.50
k-point displ. along   3 input, could be:     0.00    0.50
 Kpoints in:           32 . Kpoints trimmed:           31

siesta: k-grid: Number of k-points = 31
siesta: k-points from Monkhorst-Pack grid
siesta: k-cutoff (effective) =     6.939 Ang
siesta: k-point supercell and displacements
siesta: k-grid:     6     0     0      0.000
siesta: k-grid:     0     2     0      0.000
siesta: k-grid:     0     0     4      0.000

superc: Internal auxiliary supercell:     9 x     3 x     7  =     189
superc: Number of atoms, orbitals, and projectors:   1512  37800  27216

outcell: Unit cell vectors (Ang):
        2.452351   -0.000000    0.000000
       -0.000000    9.862855   -0.000000
        0.000000   -0.000000    3.469264

outcell: Cell vector modules (Ang)   :    2.452351    9.862855    3.469264
outcell: Cell angles (23,13,12) (deg):     90.0000     90.0000     90.0000
outcell: Cell volume (Ang**3)        :     83.9117
<dSpData1D:S at geom step 3
  <sparsity:sparsity for geom step 3
    nrows_g=200 nrows=10 sparsity=1.0849 nnzs=43395, refcount: 7>
  <dData1D:(new from dSpData1D) n=43395, refcount: 1>
refcount: 1>
new_DM -- step:     4
Re-using DM from previous geometries...
Number of DMs in history: 1
 DM extrapolation coefficients: 
1   1.00000
New DM after history re-use:
<dSpData2D:SpM extrapolated using coords
  <sparsity:sparsity for geom step 3
    nrows_g=200 nrows=10 sparsity=1.0849 nnzs=43395, refcount: 9>
  <dData2D:(temp array for extrapolation) n=43395 m=2, refcount: 1>
refcount: 1>
Note: For starting DM, Qtot, Tr[D*S] =        129.00000000        129.17930268
No. of atoms with KB's overlaping orbs in proc 0. Max # of overlaps:     159     731

InitMesh: MESH = 30 x 108 x 40 = 129600
InitMesh: Mesh cutoff (required, used) =   300.000   331.394 Ry
New grid distribution [1]: sub = 2
New grid distribution [2]: sub = 2
New grid distribution [3]: sub = 2
Setting up quadratic distribution...

        iscf     Eharris(eV)        E_KS(eV)     FreeEng(eV)     dDmax    Ef(eV) dHmax(eV)
   scf:    1   -28244.281005   -28396.095710   -28396.115698  0.575673 -7.127066 44.827737
     spin moment: {S} , |S| = {        0.0        0.0   -3.22207 }    -3.22207
   scf:    2    19940.573683   -12867.962939   -12867.965266473.896943 -9.641084620.954017
     spin moment: {S} , |S| = {        0.0        0.0   -0.07163 }    -0.07163
   scf:    3   -33361.837019   -27472.114620   -27472.143807473.392758 -7.101954162.074849
     spin moment: {S} , |S| = {        0.0        0.0   -2.48514 }    -2.48514
   scf:    4   -28714.699968   -28244.055863   -28244.081130  0.743254 -7.163659 83.891017
     spin moment: {S} , |S| = {        0.0        0.0   -2.05486 }    -2.05486
   scf:    5   -28507.432406   -28395.697534   -28395.722072  0.422989 -7.141852 49.365174
     spin moment: {S} , |S| = {        0.0        0.0   -2.43702 }    -2.43702
   scf:    6   -28353.037453   -28375.297203   -28375.322259  0.093216 -7.146200 52.356190
     spin moment: {S} , |S| = {        0.0        0.0   -2.38032 }    -2.38032
   scf:    7   -28494.705920   -28445.658933   -28445.685242  0.412699 -7.132725 27.248870
     spin moment: {S} , |S| = {        0.0        0.0   -2.67099 }    -2.67099
   scf:    8   -28483.681165   -28472.776321   -28472.801010  0.284282 -7.132396  9.028889
     spin moment: {S} , |S| = {        0.0        0.0   -3.01560 }    -3.01560
   scf:    9   -28468.078599   -28470.607779   -28470.633105  0.040591 -7.135036 12.368365
     spin moment: {S} , |S| = {        0.0        0.0   -2.94211 }    -2.94211
   scf:   10   -28473.906179   -28474.450498   -28474.473340  0.133686 -7.139165  4.536720
     spin moment: {S} , |S| = {        0.0        0.0   -3.15478 }    -3.15478
   scf:   11   -28474.277647   -28474.385322   -28474.408122  0.011741 -7.140006  5.449528
     spin moment: {S} , |S| = {        0.0        0.0   -3.16784 }    -3.16784
   scf:   12   -28474.387345   -28474.923896   -28474.946054  0.124244 -7.107221  2.054884
     spin moment: {S} , |S| = {        0.0        0.0   -3.11979 }    -3.11979
   scf:   13   -28475.053037   -28475.083234   -28475.104689  0.034236 -7.096172  0.408128
     spin moment: {S} , |S| = {        0.0        0.0   -3.15198 }    -3.15198
   scf:   14   -28475.086111   -28475.085856   -28475.107211  0.007521 -7.088630  0.206502
     spin moment: {S} , |S| = {        0.0        0.0   -3.15415 }    -3.15415
   scf:   15   -28475.088102   -28475.087525   -28475.108846  0.004856 -7.089577  0.153219
     spin moment: {S} , |S| = {        0.0        0.0   -3.15866 }    -3.15866
   scf:   16   -28475.089243   -28475.088530   -28475.109762  0.004512 -7.085450  0.050581
     spin moment: {S} , |S| = {        0.0        0.0   -3.16715 }    -3.16715
   scf:   17   -28475.089183   -28475.088878   -28475.110065  0.001873 -7.084230  0.045833
     spin moment: {S} , |S| = {        0.0        0.0   -3.17193 }    -3.17193
   scf:   18   -28475.089331   -28475.089104   -28475.110255  0.001815 -7.084147  0.054646
     spin moment: {S} , |S| = {        0.0        0.0   -3.17699 }    -3.17699
   scf:   19   -28475.091543   -28475.090217   -28475.111218  0.009545 -7.084980  0.042473
     spin moment: {S} , |S| = {        0.0        0.0   -3.20515 }    -3.20515
   scf:   20   -28475.090823   -28475.090510   -28475.111478  0.003022 -7.085173  0.040183
     spin moment: {S} , |S| = {        0.0        0.0   -3.21362 }    -3.21362
   scf:   21   -28475.091259   -28475.090867   -28475.111801  0.003965 -7.085486  0.038848
     spin moment: {S} , |S| = {        0.0        0.0   -3.22482 }    -3.22482
   scf:   22   -28475.094639   -28475.092280   -28475.113167  0.018944 -7.085825  0.021083
     spin moment: {S} , |S| = {        0.0        0.0   -3.27992 }    -3.27992
   scf:   23   -28475.092805   -28475.092518   -28475.113424  0.004251 -7.085937  0.028488
     spin moment: {S} , |S| = {        0.0        0.0   -3.29260 }    -3.29260
   scf:   24   -28475.093423   -28475.092882   -28475.113849  0.007160 -7.085981  0.022732
     spin moment: {S} , |S| = {        0.0        0.0   -3.31604 }    -3.31604
   scf:   25   -28475.094955   -28475.093364   -28475.114619  0.018312 -7.086446  0.013684
     spin moment: {S} , |S| = {        0.0        0.0   -3.37447 }    -3.37447
   scf:   26   -28475.093508   -28475.093396   -28475.114753  0.005096 -7.086492  0.013222
     spin moment: {S} , |S| = {        0.0        0.0   -3.38990 }    -3.38990
   scf:   27   -28475.093477   -28475.093408   -28475.114861  0.004320 -7.086534  0.010952
     spin moment: {S} , |S| = {        0.0        0.0   -3.40232 }    -3.40232
   scf:   28   -28475.093448   -28475.093380   -28475.114963  0.005700 -7.086483  0.016676
     spin moment: {S} , |S| = {        0.0        0.0   -3.41841 }    -3.41841
   scf:   29   -28475.093388   -28475.093379   -28475.115005  0.002210 -7.086344  0.009723
     spin moment: {S} , |S| = {        0.0        0.0   -3.42257 }    -3.42257
   scf:   30   -28475.093371   -28475.093375   -28475.115018  0.000781 -7.086349  0.007758
     spin moment: {S} , |S| = {        0.0        0.0   -3.42422 }    -3.42422
   scf:   31   -28475.093332   -28475.093341   -28475.115054  0.003272 -7.086259  0.009806
     spin moment: {S} , |S| = {        0.0        0.0   -3.43205 }    -3.43205
   scf:   32   -28475.093326   -28475.093332   -28475.115070  0.001369 -7.086199  0.008316
     spin moment: {S} , |S| = {        0.0        0.0   -3.43457 }    -3.43457
   scf:   33   -28475.093291   -28475.093300   -28475.115103  0.003585 -7.086097  0.006418
     spin moment: {S} , |S| = {        0.0        0.0   -3.44083 }    -3.44083
   scf:   34   -28475.093264   -28475.093278   -28475.115119  0.002296 -7.086088  0.007652
     spin moment: {S} , |S| = {        0.0        0.0   -3.44442 }    -3.44442
   scf:   35   -28475.093272   -28475.093271   -28475.115142  0.002609 -7.086044  0.005928
     spin moment: {S} , |S| = {        0.0        0.0   -3.44589 }    -3.44589
   scf:   36   -28475.093260   -28475.093262   -28475.115163  0.002940 -7.086032  0.006823
     spin moment: {S} , |S| = {        0.0        0.0   -3.44734 }    -3.44734
   scf:   37   -28475.093299   -28475.093280   -28475.115171  0.000835 -7.086022  0.005172
     spin moment: {S} , |S| = {        0.0        0.0   -3.44505 }    -3.44505
   scf:   38   -28475.093275   -28475.093275   -28475.115187  0.002294 -7.086000  0.006802
     spin moment: {S} , |S| = {        0.0        0.0   -3.44550 }    -3.44550
   scf:   39   -28475.093287   -28475.093281   -28475.115191  0.000464 -7.085963  0.006086
     spin moment: {S} , |S| = {        0.0        0.0   -3.44489 }    -3.44489

SCF Convergence by DM criterion
max |DM_out - DM_in|         :     0.0004642747
max |H_out - H_in|      (eV) :     0.0060855653
SCF cycle converged after 39 iterations

Using DM_out to compute the final energy and forces
No. of atoms with KB's overlaping orbs in proc 0. Max # of overlaps:     159     731

siesta: E_KS(eV) =           -28475.0933

siesta: Atomic forces (eV/Ang):
     1    0.000000   -0.132231    0.000000
     2    0.000000    0.057477    0.000000
     3   -0.000000    0.234826    0.000000
     4   -0.000000    0.135968    0.000000
     5   -0.000000   -0.079508    0.000000
     6   -0.000000   -0.243173    0.000000
     7    0.000000    0.056516   -0.000000
     8    0.000000   -0.027965   -0.000000
----------------------------------------
   Tot   -0.000000    0.001908    0.000000
----------------------------------------
   Max    0.243173
   Res    0.082626    sqrt( Sum f_i^2 / 3N )
----------------------------------------
   Max    0.243173    constrained

Stress tensor Voigt[x,y,z,yz,xz,xy] (kbar):       25.34        2.43       -5.83        0.00        0.00        0.00
(Free)E + p*V (eV/cell)   -28475.4982
Target enthalpy (eV/cell)   -28475.1152

siesta: Stress tensor (static) (eV/Ang**3):
         0.015816    0.000000    0.000000
         0.000000    0.001514    0.000000
         0.000000    0.000000   -0.003636

siesta: Pressure (static):         -7.31377032  kBar

siesta: Stress tensor (total) (eV/Ang**3):
         0.015816    0.000000    0.000000
         0.000000    0.001514    0.000000
         0.000000    0.000000   -0.003636

siesta: Pressure (total):         -7.31377032  kBar

cgvc: Finished line minimization    1.  Mean atomic displacement =    0.0910

                     ====================================
                        Begin CG opt. move =      4
                     ====================================
k-point displ. along   1 input, could be:     0.00    0.50
k-point displ. along   2 input, could be:     0.00    0.50
k-point displ. along   3 input, could be:     0.00    0.50
 Kpoints in:           32 . Kpoints trimmed:           31

siesta: k-grid: Number of k-points = 31
siesta: k-points from Monkhorst-Pack grid
siesta: k-cutoff (effective) =     6.963 Ang
siesta: k-point supercell and displacements
siesta: k-grid:     6     0     0      0.000
siesta: k-grid:     0     2     0      0.000
siesta: k-grid:     0     0     4      0.000

superc: Internal auxiliary supercell:     9 x     3 x     7  =     189
superc: Number of atoms, orbitals, and projectors:   1512  37800  27216

outcell: Unit cell vectors (Ang):
        2.415371   -0.000000   -0.000000
       -0.000000    9.848930   -0.000000
       -0.000000   -0.000000    3.481476

outcell: Cell vector modules (Ang)   :    2.415371    9.848930    3.481476
outcell: Cell angles (23,13,12) (deg):     90.0000     90.0000     90.0000
outcell: Cell volume (Ang**3)        :     82.8202
<dSpData1D:S at geom step 4
  <sparsity:sparsity for geom step 4
    nrows_g=200 nrows=10 sparsity=1.1154 nnzs=44617, refcount: 7>
  <dData1D:(new from dSpData1D) n=44617, refcount: 1>
refcount: 1>
new_DM -- step:     5
Re-using DM from previous geometries...
Number of DMs in history: 1
 DM extrapolation coefficients: 
1   1.00000
New DM after history re-use:
<dSpData2D:SpM extrapolated using coords
  <sparsity:sparsity for geom step 4
    nrows_g=200 nrows=10 sparsity=1.1154 nnzs=44617, refcount: 9>
  <dData2D:(temp array for extrapolation) n=44617 m=2, refcount: 1>
refcount: 1>
No. of atoms with KB's overlaping orbs in proc 0. Max # of overlaps:     159     760

InitMesh: MESH = 30 x 108 x 40 = 129600
InitMesh: Mesh cutoff (required, used) =   300.000   332.331 Ry
New grid distribution [1]: sub = 2
New grid distribution [2]: sub = 2
New grid distribution [3]: sub = 2
Setting up quadratic distribution...

        iscf     Eharris(eV)        E_KS(eV)     FreeEng(eV)     dDmax    Ef(eV) dHmax(eV)
   scf:    1   -28339.795661   -28431.221093   -28431.246903  0.426077 -7.077511 35.555341
     spin moment: {S} , |S| = {        0.0        0.0   -2.88346 }    -2.88346
   scf:    2     -613.868141   -19461.249936   -19461.253291318.508248 -5.956079465.651336
     spin moment: {S} , |S| = {        0.0        0.0   -0.07070 }    -0.07070
   scf:    3   -30979.182991   -28179.517193   -28179.541209317.792528 -6.920759 88.217383
     spin moment: {S} , |S| = {        0.0        0.0   -2.57896 }    -2.57896
   scf:    4   -28542.750792   -28396.392406   -28396.414273  0.556812 -7.048865 44.326547
     spin moment: {S} , |S| = {        0.0        0.0   -3.23035 }    -3.23035
   scf:    5   -28436.985996   -28471.834008   -28471.854332  0.619956 -7.094552 10.593711
     spin moment: {S} , |S| = {        0.0        0.0   -3.15150 }    -3.15150
   scf:    6   -28441.092362   -28466.887372   -28466.906424  0.343391 -7.116243 14.732194
     spin moment: {S} , |S| = {        0.0        0.0   -3.35598 }    -3.35598
   scf:    7   -28465.021915   -28465.966894   -28465.985530  0.018855 -7.115650 15.583387
     spin moment: {S} , |S| = {        0.0        0.0   -3.35414 }    -3.35414
   scf:    8   -28474.094209   -28470.391334   -28470.411746  0.086613 -7.117685 11.066297
     spin moment: {S} , |S| = {        0.0        0.0   -3.35265 }    -3.35265
   scf:    9   -28476.283708   -28474.900051   -28474.920270  0.154684 -7.115291  2.221435
     spin moment: {S} , |S| = {        0.0        0.0   -3.31257 }    -3.31257
   scf:   10   -28474.820200   -28474.862520   -28474.882904  0.011019 -7.116611  2.346070
     spin moment: {S} , |S| = {        0.0        0.0   -3.31148 }    -3.31148
   scf:   11   -28475.050130   -28474.984362   -28475.004760  0.019304 -7.119390  1.708570
     spin moment: {S} , |S| = {        0.0        0.0   -3.28530 }    -3.28530
   scf:   12   -28475.062062   -28475.027449   -28475.047898  0.008172 -7.122902  1.103408
     spin moment: {S} , |S| = {        0.0        0.0   -3.27824 }    -3.27824
   scf:   13   -28475.033895   -28475.067174   -28475.087454  0.021374 -7.122082  0.525809
     spin moment: {S} , |S| = {        0.0        0.0   -3.27003 }    -3.27003
   scf:   14   -28475.074235   -28475.071613   -28475.091832  0.003037 -7.122361  0.240500
     spin moment: {S} , |S| = {        0.0        0.0   -3.26497 }    -3.26497
   scf:   15   -28475.072060   -28475.072878   -28475.093108  0.005156 -7.122734  0.080546
     spin moment: {S} , |S| = {        0.0        0.0   -3.26151 }    -3.26151
   scf:   16   -28475.073328   -28475.073151   -28475.093380  0.001353 -7.122798  0.028171
     spin moment: {S} , |S| = {        0.0        0.0   -3.25865 }    -3.25865
   scf:   17   -28475.073810   -28475.073470   -28475.093711  0.003952 -7.122794  0.030724
     spin moment: {S} , |S| = {        0.0        0.0   -3.25183 }    -3.25183
   scf:   18   -28475.075182   -28475.074230   -28475.094500  0.011255 -7.122225  0.036352
     spin moment: {S} , |S| = {        0.0        0.0   -3.23324 }    -3.23324
   scf:   19   -28475.074624   -28475.074420   -28475.094701  0.003031 -7.121951  0.034591
     spin moment: {S} , |S| = {        0.0        0.0   -3.22855 }    -3.22855
   scf:   20   -28475.075107   -28475.074738   -28475.095045  0.005474 -7.121763  0.032835
     spin moment: {S} , |S| = {        0.0        0.0   -3.22052 }    -3.22052
   scf:   21   -28475.077234   -28475.075689   -28475.096107  0.019157 -7.120816  0.023049
     spin moment: {S} , |S| = {        0.0        0.0   -3.19441 }    -3.19441
   scf:   22   -28475.076227   -28475.075931   -28475.096390  0.005884 -7.120576  0.021201
     spin moment: {S} , |S| = {        0.0        0.0   -3.18699 }    -3.18699
   scf:   23   -28475.076453   -28475.076165   -28475.096669  0.006212 -7.120190  0.021772
     spin moment: {S} , |S| = {        0.0        0.0   -3.18019 }    -3.18019
   scf:   24   -28475.076958   -28475.076498   -28475.097073  0.009609 -7.119375  0.020139
     spin moment: {S} , |S| = {        0.0        0.0   -3.17003 }    -3.17003
   scf:   25   -28475.079249   -28475.077327   -28475.098110  0.028242 -7.117666  0.014346
     spin moment: {S} , |S| = {        0.0        0.0   -3.14235 }    -3.14235
   scf:   26   -28475.077903   -28475.077559   -28475.098409  0.009602 -7.117007  0.018248
     spin moment: {S} , |S| = {        0.0        0.0   -3.13455 }    -3.13455
   scf:   27   -28475.077669   -28475.077611   -28475.098478  0.002366 -7.116868  0.018338
     spin moment: {S} , |S| = {        0.0        0.0   -3.13253 }    -3.13253
   scf:   28   -28475.077773   -28475.077685   -28475.098577  0.003259 -7.116651  0.018447
     spin moment: {S} , |S| = {        0.0        0.0   -3.13062 }    -3.13062
   scf:   29   -28475.078008   -28475.077823   -28475.098764  0.006483 -7.116284  0.017240
     spin moment: {S} , |S| = {        0.0        0.0   -3.12636 }    -3.12636
   scf:   30   -28475.078918   -28475.078195   -28475.099257  0.017405 -7.115341  0.014833
     spin moment: {S} , |S| = {        0.0        0.0   -3.11764 }    -3.11764
   scf:   31   -28475.078988   -28475.078477   -28475.099626  0.013968 -7.114679  0.012467
     spin moment: {S} , |S| = {        0.0        0.0   -3.11035 }    -3.11035
   scf:   32   -28475.078826   -28475.078622   -28475.099817  0.007541 -7.114326  0.017071
     spin moment: {S} , |S| = {        0.0        0.0   -3.10901 }    -3.10901
   scf:   33   -28475.078818   -28475.078708   -28475.099928  0.004514 -7.114123  0.012355
     spin moment: {S} , |S| = {        0.0        0.0   -3.10561 }    -3.10561
   scf:   34   -28475.078808   -28475.078755   -28475.099991  0.002643 -7.114026  0.015356
     spin moment: {S} , |S| = {        0.0        0.0   -3.10526 }    -3.10526
   scf:   35   -28475.079210   -28475.078931   -28475.100226  0.010235 -7.113622  0.020578
     spin moment: {S} , |S| = {        0.0        0.0   -3.10090 }    -3.10090
   scf:   36   -28475.079687   -28475.079189   -28475.100556  0.014324 -7.113083  0.014102
     spin moment: {S} , |S| = {        0.0        0.0   -3.09105 }    -3.09105
   scf:   37   -28475.079711   -28475.079383   -28475.100810  0.011630 -7.112720  0.016341
     spin moment: {S} , |S| = {        0.0        0.0   -3.08605 }    -3.08605
   scf:   38   -28475.079729   -28475.079520   -28475.100985  0.008197 -7.112478  0.017820
     spin moment: {S} , |S| = {        0.0        0.0   -3.08077 }    -3.08077
   scf:   39   -28475.079854   -28475.079651   -28475.101152  0.007764 -7.112255  0.015476
     spin moment: {S} , |S| = {        0.0        0.0   -3.07531 }    -3.07531
   scf:   40   -28475.079851   -28475.079736   -28475.101260  0.005185 -7.112108  0.015906
     spin moment: {S} , |S| = {        0.0        0.0   -3.07127 }    -3.07127
   scf:   41   -28475.079890   -28475.079803   -28475.101345  0.004120 -7.111984  0.015088
     spin moment: {S} , |S| = {        0.0        0.0   -3.06793 }    -3.06793
   scf:   42   -28475.079972   -28475.079876   -28475.101438  0.004551 -7.111843  0.015213
     spin moment: {S} , |S| = {        0.0        0.0   -3.06410 }    -3.06410
   scf:   43   -28475.080245   -28475.080016   -28475.101616  0.008721 -7.111585  0.012812
     spin moment: {S} , |S| = {        0.0        0.0   -3.05636 }    -3.05636
   scf:   44   -28475.080028   -28475.080022   -28475.101625  0.000770 -7.111520  0.018564
     spin moment: {S} , |S| = {        0.0        0.0   -3.05498 }    -3.05498
   scf:   45   -28475.080482   -28475.080189   -28475.101837  0.010419 -7.111221  0.014659
     spin moment: {S} , |S| = {        0.0        0.0   -3.04549 }    -3.04549
   scf:   46   -28475.080364   -28475.080264   -28475.101933  0.004789 -7.111096  0.014727
     spin moment: {S} , |S| = {        0.0        0.0   -3.04150 }    -3.04150
   scf:   47   -28475.080632   -28475.080403   -28475.102110  0.008913 -7.110866  0.013447
     spin moment: {S} , |S| = {        0.0        0.0   -3.03344 }    -3.03344
   scf:   48   -28475.080938   -28475.080587   -28475.102349  0.012039 -7.110593  0.013036
     spin moment: {S} , |S| = {        0.0        0.0   -3.02306 }    -3.02306
   scf:   49   -28475.081373   -28475.080829   -28475.102668  0.016074 -7.110268  0.011212
     spin moment: {S} , |S| = {        0.0        0.0   -3.00918 }    -3.00918
   scf:   50   -28475.081306   -28475.080993   -28475.102891  0.011371 -7.110042  0.012141
     spin moment: {S} , |S| = {        0.0        0.0   -2.99905 }    -2.99905
   scf:   51   -28475.081621   -28475.081185   -28475.103165  0.013921 -7.109784  0.017191
     spin moment: {S} , |S| = {        0.0        0.0   -2.98580 }    -2.98580
   scf:   52   -28475.081118   -28475.081153   -28475.103119  0.002708 -7.109781  0.031662
     spin moment: {S} , |S| = {        0.0        0.0   -2.98832 }    -2.98832
   scf:   53   -28475.081326   -28475.081224   -28475.103220  0.004700 -7.109709  0.024107
     spin moment: {S} , |S| = {        0.0        0.0   -2.98379 }    -2.98379
   scf:   54   -28475.081464   -28475.081316   -28475.103356  0.006823 -7.109579  0.022285
     spin moment: {S} , |S| = {        0.0        0.0   -2.97713 }    -2.97713
   scf:   55   -28475.081511   -28475.081393   -28475.103472  0.005659 -7.109489  0.016299
     spin moment: {S} , |S| = {        0.0        0.0   -2.97158 }    -2.97158
   scf:   56   -28475.081616   -28475.081478   -28475.103604  0.006636 -7.109371  0.014971
     spin moment: {S} , |S| = {        0.0        0.0   -2.96503 }    -2.96503
   scf:   57   -28475.081816   -28475.081593   -28475.103791  0.009192 -7.109245  0.016234
     spin moment: {S} , |S| = {        0.0        0.0   -2.95585 }    -2.95585
   scf:   58   -28475.081752   -28475.081659   -28475.103896  0.005265 -7.109158  0.013357
     spin moment: {S} , |S| = {        0.0        0.0   -2.95103 }    -2.95103
   scf:   59   -28475.081833   -28475.081727   -28475.104011  0.005538 -7.109088  0.011815
     spin moment: {S} , |S| = {        0.0        0.0   -2.94557 }    -2.94557
   scf:   60   -28475.081828   -28475.081771   -28475.104083  0.003517 -7.109045  0.013907
     spin moment: {S} , |S| = {        0.0        0.0   -2.94229 }    -2.94229
   scf:   61   -28475.081842   -28475.081803   -28475.104136  0.002551 -7.109021  0.012832
     spin moment: {S} , |S| = {        0.0        0.0   -2.93983 }    -2.93983
   scf:   62   -28475.081845   -28475.081823   -28475.104169  0.001581 -7.109007  0.013253
     spin moment: {S} , |S| = {        0.0        0.0   -2.93839 }    -2.93839
   scf:   63   -28475.081870   -28475.081844   -28475.104206  0.001744 -7.108991  0.011894
     spin moment: {S} , |S| = {        0.0        0.0   -2.93666 }    -2.93666
   scf:   64   -28475.081852   -28475.081848   -28475.104211  0.000292 -7.108990  0.013421
     spin moment: {S} , |S| = {        0.0        0.0   -2.93655 }    -2.93655

SCF Convergence by DM criterion
max |DM_out - DM_in|         :     0.0002919188
max |H_out - H_in|      (eV) :     0.0134214493
SCF cycle converged after 64 iterations

Using DM_out to compute the final energy and forces
No. of atoms with KB's overlaping orbs in proc 0. Max # of overlaps:     159     760

siesta: E_KS(eV) =           -28475.0818

siesta: Atomic forces (eV/Ang):
     1   -0.000000   -0.011624    0.000000
     2   -0.000000   -0.104887   -0.000000
     3    0.000000   -0.468682   -0.000001
     4   -0.000000   -0.094288   -0.000001
     5   -0.000000    0.048310   -0.000001
     6   -0.000000    0.550951    0.000000
     7    0.000000   -0.054904   -0.000000
     8   -0.000000    0.119692   -0.000000
----------------------------------------
   Tot   -0.000000   -0.015432   -0.000002
----------------------------------------
   Max    0.550951
   Res    0.153149    sqrt( Sum f_i^2 / 3N )
----------------------------------------
   Max    0.550951    constrained

Stress tensor Voigt[x,y,z,yz,xz,xy] (kbar):      -38.13      -18.38      -37.72        0.00        0.00       -0.00
(Free)E + p*V (eV/cell)   -28473.4807
Target enthalpy (eV/cell)   -28475.1042

siesta: Stress tensor (static) (eV/Ang**3):
        -0.023797   -0.000000    0.000000
        -0.000000   -0.011470    0.000000
         0.000000    0.000000   -0.023543

siesta: Pressure (static):         31.40804862  kBar

siesta: Stress tensor (total) (eV/Ang**3):
        -0.023797   -0.000000    0.000000
        -0.000000   -0.011470    0.000000
         0.000000    0.000000   -0.023543

siesta: Pressure (total):         31.40804862  kBar

                     ====================================
                        Begin CG opt. move =      5
                     ====================================
k-point displ. along   1 input, could be:     0.00    0.50
k-point displ. along   2 input, could be:     0.00    0.50
k-point displ. along   3 input, could be:     0.00    0.50
 Kpoints in:           32 . Kpoints trimmed:           31

siesta: k-grid: Number of k-points = 31
siesta: k-points from Monkhorst-Pack grid
siesta: k-cutoff (effective) =     6.948 Ang
siesta: k-point supercell and displacements
siesta: k-grid:     6     0     0      0.000
siesta: k-grid:     0     2     0      0.000
siesta: k-grid:     0     0     4      0.000

superc: Internal auxiliary supercell:     9 x     3 x     7  =     189
superc: Number of atoms, orbitals, and projectors:   1512  37800  27216

outcell: Unit cell vectors (Ang):
        2.437508   -0.000000   -0.000000
       -0.000000    9.857266   -0.000000
       -0.000000   -0.000000    3.474165

outcell: Cell vector modules (Ang)   :    2.437508    9.857266    3.474165
outcell: Cell angles (23,13,12) (deg):     90.0000     90.0000     90.0000
outcell: Cell volume (Ang**3)        :     83.4744
<dSpData1D:S at geom step 5
  <sparsity:sparsity for geom step 5
    nrows_g=200 nrows=10 sparsity=1.0870 nnzs=43482, refcount: 7>
  <dData1D:(new from dSpData1D) n=43482, refcount: 1>
refcount: 1>
new_DM -- step:     6
Re-using DM from previous geometries...
Number of DMs in history: 1
 DM extrapolation coefficients: 
1   1.00000
New DM after history re-use:
<dSpData2D:SpM extrapolated using coords
  <sparsity:sparsity for geom step 5
    nrows_g=200 nrows=10 sparsity=1.0870 nnzs=43482, refcount: 9>
  <dData2D:(temp array for extrapolation) n=43482 m=2, refcount: 1>
refcount: 1>
No. of atoms with KB's overlaping orbs in proc 0. Max # of overlaps:     159     736

InitMesh: MESH = 30 x 108 x 40 = 129600
InitMesh: Mesh cutoff (required, used) =   300.000   331.770 Ry
New grid distribution [1]: sub = 2
New grid distribution [2]: sub = 2
New grid distribution [3]: sub = 2
Setting up quadratic distribution...

        iscf     Eharris(eV)        E_KS(eV)     FreeEng(eV)     dDmax    Ef(eV) dHmax(eV)
   scf:    1   -28427.584114   -28458.798417   -28458.815093  0.367160 -7.097283 20.023802
     spin moment: {S} , |S| = {        0.0        0.0   -3.12718 }    -3.12718
   scf:    2     1007.950958   -18821.756221   -18821.766135 72.757992 -3.710446516.636306
     spin moment: {S} , |S| = {        0.0        0.0   -0.67632 }    -0.67632
   scf:    3   -29824.643080   -28407.066020   -28407.089914 72.664201 -7.111946 50.237132
     spin moment: {S} , |S| = {        0.0        0.0   -2.10674 }    -2.10674
   scf:    4   -28479.908281   -28449.368920   -28449.394121  0.317229 -7.088845 29.861161
     spin moment: {S} , |S| = {        0.0        0.0   -2.43148 }    -2.43148
   scf:    5   -28476.347039   -28464.528921   -28464.553789  0.148382 -7.084041 19.467103
     spin moment: {S} , |S| = {        0.0        0.0   -2.64832 }    -2.64832
   scf:    6   -28478.657588   -28473.937226   -28473.959730  0.192046 -7.088593  6.215095
     spin moment: {S} , |S| = {        0.0        0.0   -2.87631 }    -2.87631
   scf:    7   -28475.440888   -28474.856879   -28474.879186  0.044193 -7.090917  2.829188
     spin moment: {S} , |S| = {        0.0        0.0   -2.92159 }    -2.92159
   scf:    8   -28475.186520   -28475.089193   -28475.111744  0.025531 -7.091820  0.746705
     spin moment: {S} , |S| = {        0.0        0.0   -2.95101 }    -2.95101
   scf:    9   -28474.987041   -28475.080206   -28475.103060  0.021895 -7.091402  0.892847
     spin moment: {S} , |S| = {        0.0        0.0   -2.97754 }    -2.97754
   scf:   10   -28475.078886   -28475.104159   -28475.126706  0.017784 -7.088288  0.390390
     spin moment: {S} , |S| = {        0.0        0.0   -2.96182 }    -2.96182
   scf:   11   -28475.108751   -28475.107816   -28475.130445  0.005007 -7.088572  0.065839
     spin moment: {S} , |S| = {        0.0        0.0   -2.96704 }    -2.96704
   scf:   12   -28475.107507   -28475.107860   -28475.130515  0.001741 -7.088706  0.071806
     spin moment: {S} , |S| = {        0.0        0.0   -2.96959 }    -2.96959
   scf:   13   -28475.108021   -28475.107966   -28475.130613  0.000592 -7.088682  0.029155
     spin moment: {S} , |S| = {        0.0        0.0   -2.96923 }    -2.96923
   scf:   14   -28475.108274   -28475.108111   -28475.130779  0.003515 -7.088899  0.014624
     spin moment: {S} , |S| = {        0.0        0.0   -2.97265 }    -2.97265
   scf:   15   -28475.108176   -28475.108143   -28475.130815  0.001006 -7.088941  0.010896
     spin moment: {S} , |S| = {        0.0        0.0   -2.97344 }    -2.97344
   scf:   16   -28475.108199   -28475.108170   -28475.130850  0.000968 -7.088990  0.009616
     spin moment: {S} , |S| = {        0.0        0.0   -2.97419 }    -2.97419
   scf:   17   -28475.108329   -28475.108241   -28475.130944  0.002942 -7.089116  0.010538
     spin moment: {S} , |S| = {        0.0        0.0   -2.97599 }    -2.97599
   scf:   18   -28475.108362   -28475.108296   -28475.131019  0.002372 -7.089219  0.009999
     spin moment: {S} , |S| = {        0.0        0.0   -2.97741 }    -2.97741
   scf:   19   -28475.108430   -28475.108355   -28475.131107  0.003014 -7.089300  0.011344
     spin moment: {S} , |S| = {        0.0        0.0   -2.97844 }    -2.97844
   scf:   20   -28475.108428   -28475.108389   -28475.131160  0.001840 -7.089333  0.011322
     spin moment: {S} , |S| = {        0.0        0.0   -2.97882 }    -2.97882
   scf:   21   -28475.108451   -28475.108418   -28475.131205  0.001540 -7.089357  0.010220
     spin moment: {S} , |S| = {        0.0        0.0   -2.97917 }    -2.97917
   scf:   22   -28475.108502   -28475.108456   -28475.131268  0.002236 -7.089372  0.010612
     spin moment: {S} , |S| = {        0.0        0.0   -2.97929 }    -2.97929
   scf:   23   -28475.108586   -28475.108512   -28475.131360  0.003320 -7.089391  0.010547
     spin moment: {S} , |S| = {        0.0        0.0   -2.97930 }    -2.97930
   scf:   24   -28475.108649   -28475.108570   -28475.131460  0.003572 -7.089412  0.010776
     spin moment: {S} , |S| = {        0.0        0.0   -2.97907 }    -2.97907
   scf:   25   -28475.108633   -28475.108599   -28475.131510  0.001814 -7.089424  0.011083
     spin moment: {S} , |S| = {        0.0        0.0   -2.97879 }    -2.97879
   scf:   26   -28475.108610   -28475.108604   -28475.131520  0.000388 -7.089420  0.011145
     spin moment: {S} , |S| = {        0.0        0.0   -2.97856 }    -2.97856

SCF Convergence by DM criterion
max |DM_out - DM_in|         :     0.0003880064
max |H_out - H_in|      (eV) :     0.0111448883
SCF cycle converged after 26 iterations

Using DM_out to compute the final energy and forces
No. of atoms with KB's overlaping orbs in proc 0. Max # of overlaps:     159     736

siesta: E_KS(eV) =           -28475.1086

siesta: Atomic forces (eV/Ang):
     1    0.000000   -0.125181    0.000001
     2   -0.000000    0.025779   -0.000000
     3   -0.000000   -0.006112    0.000000
     4   -0.000000    0.098179   -0.000000
     5    0.000000   -0.110114   -0.000000
     6    0.000000    0.034809    0.000000
     7    0.000000   -0.014608    0.000000
     8   -0.000000    0.093903    0.000000
----------------------------------------
   Tot    0.000000   -0.003345    0.000001
----------------------------------------
   Max    0.125181
   Res    0.044898    sqrt( Sum f_i^2 / 3N )
----------------------------------------
   Max    0.125181    constrained

Stress tensor Voigt[x,y,z,yz,xz,xy] (kbar):        1.03        2.42      -21.82       -0.00        0.00       -0.00
(Free)E + p*V (eV/cell)   -28474.8125
Target enthalpy (eV/cell)   -28475.1315

siesta: Stress tensor (static) (eV/Ang**3):
         0.000641    0.000000    0.000000
        -0.000000    0.001513    0.000000
         0.000000   -0.000000   -0.013619

siesta: Pressure (static):          6.12307992  kBar

siesta: Stress tensor (total) (eV/Ang**3):
         0.000641    0.000000    0.000000
        -0.000000    0.001513    0.000000
         0.000000   -0.000000   -0.013619

siesta: Pressure (total):          6.12307992  kBar

cgvc: Finished line minimization    2.  Mean atomic displacement =    0.0365

                     ====================================
                        Begin CG opt. move =      6
                     ====================================
k-point displ. along   1 input, could be:     0.00    0.50
k-point displ. along   2 input, could be:     0.00    0.50
k-point displ. along   3 input, could be:     0.00    0.50
 Kpoints in:           32 . Kpoints trimmed:           31

siesta: k-grid: Number of k-points = 31
siesta: k-points from Monkhorst-Pack grid
siesta: k-cutoff (effective) =     6.999 Ang
siesta: k-point supercell and displacements
siesta: k-grid:     6     0     0      0.000
siesta: k-grid:     0     2     0      0.000
siesta: k-grid:     0     0     4      0.000

superc: Internal auxiliary supercell:     9 x     3 x     7  =     189
superc: Number of atoms, orbitals, and projectors:   1512  37800  27216

outcell: Unit cell vectors (Ang):
        2.432023   -0.000000   -0.000000
       -0.000000    9.847998    0.000000
       -0.000000    0.000000    3.499592

outcell: Cell vector modules (Ang)   :    2.432023    9.847998    3.499592
outcell: Cell angles (23,13,12) (deg):     90.0000     90.0000     90.0000
outcell: Cell volume (Ang**3)        :     83.8172
<dSpData1D:S at geom step 6
  <sparsity:sparsity for geom step 6
    nrows_g=200 nrows=10 sparsity=1.0868 nnzs=43474, refcount: 7>
  <dData1D:(new from dSpData1D) n=43474, refcount: 1>
refcount: 1>
new_DM -- step:     7
Re-using DM from previous geometries...
Number of DMs in history: 1
 DM extrapolation coefficients: 
1   1.00000
New DM after history re-use:
<dSpData2D:SpM extrapolated using coords
  <sparsity:sparsity for geom step 6
    nrows_g=200 nrows=10 sparsity=1.0868 nnzs=43474, refcount: 9>
  <dData2D:(temp array for extrapolation) n=43474 m=2, refcount: 1>
refcount: 1>
No. of atoms with KB's overlaping orbs in proc 0. Max # of overlaps:     159     736

InitMesh: MESH = 30 x 108 x 40 = 129600
InitMesh: Mesh cutoff (required, used) =   300.000   332.394 Ry
New grid distribution [1]: sub = 2
New grid distribution [2]: sub = 2
New grid distribution [3]: sub = 2
Setting up quadratic distribution...

        iscf     Eharris(eV)        E_KS(eV)     FreeEng(eV)     dDmax    Ef(eV) dHmax(eV)
   scf:    1   -28469.572342   -28473.122457   -28473.144397  0.113710 -7.091260  7.448070
     spin moment: {S} , |S| = {        0.0        0.0   -2.86462 }    -2.86462
   scf:    2   -21041.296310   -26025.922144   -26025.934750  6.676343 -5.796015256.421101
     spin moment: {S} , |S| = {        0.0        0.0   -0.15037 }    -0.15037
   scf:    3   -28642.825833   -28471.572606   -28471.592393  6.628330 -7.094598 11.151818
     spin moment: {S} , |S| = {        0.0        0.0   -3.12607 }    -3.12607
   scf:    4   -28475.403468   -28473.897446   -28473.919540  0.107634 -7.093479  6.255750
     spin moment: {S} , |S| = {        0.0        0.0   -3.08127 }    -3.08127
   scf:    5   -28475.250526   -28474.668046   -28474.690697  0.041683 -7.091612  3.756643
     spin moment: {S} , |S| = {        0.0        0.0   -3.04316 }    -3.04316
   scf:    6   -28475.258319   -28475.079136   -28475.101921  0.042025 -7.089272  1.070702
     spin moment: {S} , |S| = {        0.0        0.0   -2.99791 }    -2.99791
   scf:    7   -28475.109564   -28475.112621   -28475.135271  0.017108 -7.087775  0.084187
     spin moment: {S} , |S| = {        0.0        0.0   -2.97879 }    -2.97879
   scf:    8   -28475.111025   -28475.112120   -28475.134735  0.003727 -7.086452  0.181475
     spin moment: {S} , |S| = {        0.0        0.0   -2.97552 }    -2.97552
   scf:    9   -28475.112467   -28475.113475   -28475.136109  0.007657 -7.084739  0.104917
     spin moment: {S} , |S| = {        0.0        0.0   -2.97848 }    -2.97848
   scf:   10   -28475.113884   -28475.113775   -28475.136403  0.002311 -7.084961  0.030910
     spin moment: {S} , |S| = {        0.0        0.0   -2.97725 }    -2.97725
   scf:   11   -28475.113902   -28475.113841   -28475.136473  0.001109 -7.085103  0.023130
     spin moment: {S} , |S| = {        0.0        0.0   -2.97690 }    -2.97690
   scf:   12   -28475.114142   -28475.113985   -28475.136634  0.003191 -7.085525  0.024716
     spin moment: {S} , |S| = {        0.0        0.0   -2.97660 }    -2.97660
   scf:   13   -28475.114272   -28475.114124   -28475.136789  0.003510 -7.085798  0.022517
     spin moment: {S} , |S| = {        0.0        0.0   -2.97625 }    -2.97625
   scf:   14   -28475.114234   -28475.114178   -28475.136847  0.001320 -7.085820  0.021745
     spin moment: {S} , |S| = {        0.0        0.0   -2.97589 }    -2.97589
   scf:   15   -28475.114578   -28475.114362   -28475.137050  0.004685 -7.085901  0.020222
     spin moment: {S} , |S| = {        0.0        0.0   -2.97456 }    -2.97456
   scf:   16   -28475.114797   -28475.114561   -28475.137267  0.005105 -7.085950  0.019766
     spin moment: {S} , |S| = {        0.0        0.0   -2.97295 }    -2.97295
   scf:   17   -28475.114783   -28475.114667   -28475.137382  0.002784 -7.085986  0.019041
     spin moment: {S} , |S| = {        0.0        0.0   -2.97195 }    -2.97195
   scf:   18   -28475.114873   -28475.114766   -28475.137489  0.002561 -7.086051  0.019509
     spin moment: {S} , |S| = {        0.0        0.0   -2.97096 }    -2.97096
   scf:   19   -28475.115493   -28475.115083   -28475.137831  0.008404 -7.086154  0.021507
     spin moment: {S} , |S| = {        0.0        0.0   -2.96774 }    -2.96774
   scf:   20   -28475.114843   -28475.114956   -28475.137697  0.003270 -7.086111  0.021899
     spin moment: {S} , |S| = {        0.0        0.0   -2.96846 }    -2.96846
   scf:   21   -28475.115065   -28475.115009   -28475.137755  0.001475 -7.086126  0.021798
     spin moment: {S} , |S| = {        0.0        0.0   -2.96767 }    -2.96767
   scf:   22   -28475.115031   -28475.115020   -28475.137767  0.000305 -7.086124  0.022003
     spin moment: {S} , |S| = {        0.0        0.0   -2.96752 }    -2.96752

SCF Convergence by DM criterion
max |DM_out - DM_in|         :     0.0003047385
max |H_out - H_in|      (eV) :     0.0220033086
SCF cycle converged after 22 iterations

Using DM_out to compute the final energy and forces
No. of atoms with KB's overlaping orbs in proc 0. Max # of overlaps:     159     736

siesta: E_KS(eV) =           -28475.1150

siesta: Atomic forces (eV/Ang):
     1   -0.000001    0.099410   -0.000001
     2    0.000001   -0.013007   -0.000001
     3    0.000001   -0.030701   -0.000000
     4    0.000000   -0.167186    0.000002
     5    0.000001    0.096958    0.000000
     6   -0.000001    0.059108    0.000001
     7    0.000000    0.064326   -0.000000
     8    0.000001   -0.124666    0.000001
----------------------------------------
   Tot    0.000001   -0.015758    0.000001
----------------------------------------
   Max    0.167186
   Res    0.054589    sqrt( Sum f_i^2 / 3N )
----------------------------------------
   Max    0.167186    constrained

Stress tensor Voigt[x,y,z,yz,xz,xy] (kbar):        4.73        5.38       -1.26        0.00        0.00        0.00
(Free)E + p*V (eV/cell)   -28475.2923
Target enthalpy (eV/cell)   -28475.1378

siesta: Stress tensor (static) (eV/Ang**3):
         0.002954    0.000000    0.000000
         0.000000    0.003360    0.000000
         0.000000    0.000000   -0.000784

siesta: Pressure (static):         -2.95319430  kBar

siesta: Stress tensor (total) (eV/Ang**3):
         0.002954    0.000000    0.000000
         0.000000    0.003360    0.000000
         0.000000    0.000000   -0.000784

siesta: Pressure (total):         -2.95319430  kBar

                     ====================================
                        Begin CG opt. move =      7
                     ====================================
k-point displ. along   1 input, could be:     0.00    0.50
k-point displ. along   2 input, could be:     0.00    0.50
k-point displ. along   3 input, could be:     0.00    0.50
 Kpoints in:           32 . Kpoints trimmed:           31

siesta: k-grid: Number of k-points = 31
siesta: k-points from Monkhorst-Pack grid
siesta: k-cutoff (effective) =     6.982 Ang
siesta: k-point supercell and displacements
siesta: k-grid:     6     0     0      0.000
siesta: k-grid:     0     2     0      0.000
siesta: k-grid:     0     0     4      0.000

superc: Internal auxiliary supercell:     9 x     3 x     7  =     189
superc: Number of atoms, orbitals, and projectors:   1512  37800  27216

outcell: Unit cell vectors (Ang):
        2.433835   -0.000000   -0.000000
       -0.000000    9.851059    0.000000
       -0.000000    0.000000    3.491195

outcell: Cell vector modules (Ang)   :    2.433835    9.851059    3.491195
outcell: Cell angles (23,13,12) (deg):     90.0000     90.0000     90.0000
outcell: Cell volume (Ang**3)        :     83.7044
<dSpData1D:S at geom step 7
  <sparsity:sparsity for geom step 7
    nrows_g=200 nrows=10 sparsity=1.0868 nnzs=43474, refcount: 7>
  <dData1D:(new from dSpData1D) n=43474, refcount: 1>
refcount: 1>
new_DM -- step:     8
Re-using DM from previous geometries...
Number of DMs in history: 1
 DM extrapolation coefficients: 
1   1.00000
New DM after history re-use:
<dSpData2D:SpM extrapolated using coords
  <sparsity:sparsity for geom step 7
    nrows_g=200 nrows=10 sparsity=1.0868 nnzs=43474, refcount: 9>
  <dData2D:(temp array for extrapolation) n=43474 m=2, refcount: 1>
refcount: 1>
No. of atoms with KB's overlaping orbs in proc 0. Max # of overlaps:     159     736

InitMesh: MESH = 30 x 108 x 40 = 129600
InitMesh: Mesh cutoff (required, used) =   300.000   332.188 Ry
New grid distribution [1]: sub = 2
New grid distribution [2]: sub = 2
New grid distribution [3]: sub = 2
Setting up quadratic distribution...

        iscf     Eharris(eV)        E_KS(eV)     FreeEng(eV)     dDmax    Ef(eV) dHmax(eV)
   scf:    1   -28474.418916   -28474.942240   -28474.965298  0.042580 -7.086754  2.182772
     spin moment: {S} , |S| = {        0.0        0.0   -2.99548 }    -2.99548
   scf:    2   -25940.262716   -27634.231181   -27634.255513  1.456777 -7.099312151.427438
     spin moment: {S} , |S| = {        0.0        0.0   -1.55537 }    -1.55537
   scf:    3   -28488.244398   -28475.110320   -28475.133285  1.440128 -7.084262  0.352061
     spin moment: {S} , |S| = {        0.0        0.0   -2.94354 }    -2.94354
   scf:    4   -28475.117261   -28475.115917   -28475.138956  0.006314 -7.084916  0.114073
     spin moment: {S} , |S| = {        0.0        0.0   -2.94908 }    -2.94908
   scf:    5   -28475.116380   -28475.116226   -28475.139268  0.001802 -7.085386  0.063138
     spin moment: {S} , |S| = {        0.0        0.0   -2.94911 }    -2.94911
   scf:    6   -28475.116415   -28475.116360   -28475.139417  0.000820 -7.085756  0.042737
     spin moment: {S} , |S| = {        0.0        0.0   -2.94859 }    -2.94859
   scf:    7   -28475.116385   -28475.116462   -28475.139547  0.001850 -7.086506  0.037381
     spin moment: {S} , |S| = {        0.0        0.0   -2.94839 }    -2.94839
   scf:    8   -28475.116614   -28475.116580   -28475.139677  0.002760 -7.087014  0.024195
     spin moment: {S} , |S| = {        0.0        0.0   -2.94569 }    -2.94569
   scf:    9   -28475.116800   -28475.116703   -28475.139843  0.004000 -7.088011  0.020651
     spin moment: {S} , |S| = {        0.0        0.0   -2.94311 }    -2.94311
   scf:   10   -28475.116819   -28475.116763   -28475.139908  0.001873 -7.087846  0.022802
     spin moment: {S} , |S| = {        0.0        0.0   -2.94122 }    -2.94122
   scf:   11   -28475.117065   -28475.116903   -28475.140074  0.004875 -7.087793  0.022659
     spin moment: {S} , |S| = {        0.0        0.0   -2.93687 }    -2.93687
   scf:   12   -28475.117084   -28475.116989   -28475.140175  0.003009 -7.087743  0.022826
     spin moment: {S} , |S| = {        0.0        0.0   -2.93416 }    -2.93416
   scf:   13   -28475.116976   -28475.116983   -28475.140167  0.000220 -7.087744  0.022936
     spin moment: {S} , |S| = {        0.0        0.0   -2.93437 }    -2.93437

SCF Convergence by DM criterion
max |DM_out - DM_in|         :     0.0002203001
max |H_out - H_in|      (eV) :     0.0229356846
SCF cycle converged after 13 iterations

Using DM_out to compute the final energy and forces
No. of atoms with KB's overlaping orbs in proc 0. Max # of overlaps:     159     736

siesta: E_KS(eV) =           -28475.1170

siesta: Atomic forces (eV/Ang):
     1    0.000001    0.018493    0.000000
     2    0.000001    0.004972    0.000001
     3   -0.000000   -0.019721   -0.000002
     4    0.000000   -0.079308    0.000003
     5   -0.000000    0.019895    0.000001
     6   -0.000000    0.051443    0.000000
     7   -0.000000    0.038810    0.000001
     8   -0.000000   -0.047094   -0.000001
----------------------------------------
   Tot    0.000001   -0.012510    0.000003
----------------------------------------
   Max    0.079308
   Res    0.023989    sqrt( Sum f_i^2 / 3N )
----------------------------------------
   Max    0.079308    constrained

Stress tensor Voigt[x,y,z,yz,xz,xy] (kbar):        2.00        3.93       -9.89       -0.00       -0.00        0.00
(Free)E + p*V (eV/cell)   -28475.0713
Target enthalpy (eV/cell)   -28475.1402

siesta: Stress tensor (static) (eV/Ang**3):
         0.001251    0.000000   -0.000000
         0.000000    0.002452   -0.000000
        -0.000000   -0.000000   -0.006173

siesta: Pressure (static):          1.31891908  kBar

siesta: Stress tensor (total) (eV/Ang**3):
         0.001251    0.000000   -0.000000
         0.000000    0.002452   -0.000000
        -0.000000   -0.000000   -0.006173

siesta: Pressure (total):          1.31891908  kBar

cgvc: Finished line minimization    3.  Mean atomic displacement =    0.0245

                     ====================================
                        Begin CG opt. move =      8
                     ====================================
k-point displ. along   1 input, could be:     0.00    0.50
k-point displ. along   2 input, could be:     0.00    0.50
k-point displ. along   3 input, could be:     0.00    0.50
 Kpoints in:           32 . Kpoints trimmed:           31

siesta: k-grid: Number of k-points = 31
siesta: k-points from Monkhorst-Pack grid
siesta: k-cutoff (effective) =     7.024 Ang
siesta: k-point supercell and displacements
siesta: k-grid:     6     0     0      0.000
siesta: k-grid:     0     2     0      0.000
siesta: k-grid:     0     0     4      0.000

superc: Internal auxiliary supercell:     9 x     3 x     7  =     189
superc: Number of atoms, orbitals, and projectors:   1512  37800  27216

outcell: Unit cell vectors (Ang):
        2.430463   -0.000000    0.000000
       -0.000000    9.832256    0.000000
        0.000000    0.000000    3.511817

outcell: Cell vector modules (Ang)   :    2.430463    9.832256    3.511817
outcell: Cell angles (23,13,12) (deg):     90.0000     90.0000     90.0000
outcell: Cell volume (Ang**3)        :     83.9216
<dSpData1D:S at geom step 8
  <sparsity:sparsity for geom step 8
    nrows_g=200 nrows=10 sparsity=1.0926 nnzs=43706, refcount: 7>
  <dData1D:(new from dSpData1D) n=43706, refcount: 1>
refcount: 1>
new_DM -- step:     9
Re-using DM from previous geometries...
Number of DMs in history: 1
 DM extrapolation coefficients: 
1   1.00000
New DM after history re-use:
<dSpData2D:SpM extrapolated using coords
  <sparsity:sparsity for geom step 8
    nrows_g=200 nrows=10 sparsity=1.0926 nnzs=43706, refcount: 9>
  <dData2D:(temp array for extrapolation) n=43706 m=2, refcount: 1>
refcount: 1>
No. of atoms with KB's overlaping orbs in proc 0. Max # of overlaps:     159     736

InitMesh: MESH = 30 x 108 x 40 = 129600
InitMesh: Mesh cutoff (required, used) =   300.000   333.460 Ry
New grid distribution [1]: sub = 2
New grid distribution [2]: sub = 2
New grid distribution [3]: sub = 2
Setting up quadratic distribution...

        iscf     Eharris(eV)        E_KS(eV)     FreeEng(eV)     dDmax    Ef(eV) dHmax(eV)
   scf:    1   -28474.198241   -28474.671077   -28474.694051  0.079743 -7.085473  3.338763
     spin moment: {S} , |S| = {        0.0        0.0   -2.95860 }    -2.95860
   scf:    2   -22169.459313   -26383.104105   -26383.124138  1.869553 -6.876126239.091685
     spin moment: {S} , |S| = {        0.0        0.0   -1.46764 }    -1.46764
   scf:    3   -28510.681904   -28474.915978   -28474.939052  1.830225 -7.079886  2.400001
     spin moment: {S} , |S| = {        0.0        0.0   -2.85518 }    -2.85518
   scf:    4   -28475.161079   -28475.095344   -28475.118708  0.029215 -7.080482  0.748785
     spin moment: {S} , |S| = {        0.0        0.0   -2.88227 }    -2.88227
   scf:    5   -28475.117185   -28475.112344   -28475.135818  0.013181 -7.081043  0.381217
     spin moment: {S} , |S| = {        0.0        0.0   -2.89269 }    -2.89269
   scf:    6   -28475.118093   -28475.116740   -28475.140236  0.006722 -7.080537  0.148884
     spin moment: {S} , |S| = {        0.0        0.0   -2.89207 }    -2.89207
   scf:    7   -28475.117527   -28475.117852   -28475.141387  0.005419 -7.080276  0.069980
     spin moment: {S} , |S| = {        0.0        0.0   -2.89339 }    -2.89339
   scf:    8   -28475.118195   -28475.118035   -28475.141556  0.002360 -7.080015  0.056349
     spin moment: {S} , |S| = {        0.0        0.0   -2.89091 }    -2.89091
   scf:    9   -28475.119023   -28475.118568   -28475.142053  0.007901 -7.078999  0.030209
     spin moment: {S} , |S| = {        0.0        0.0   -2.88050 }    -2.88050
   scf:   10   -28475.118687   -28475.118631   -28475.142122  0.001462 -7.079026  0.025790
     spin moment: {S} , |S| = {        0.0        0.0   -2.87906 }    -2.87906
   scf:   11   -28475.118748   -28475.118690   -28475.142181  0.001396 -7.079041  0.027816
     spin moment: {S} , |S| = {        0.0        0.0   -2.87742 }    -2.87742
   scf:   12   -28475.119118   -28475.118893   -28475.142390  0.004996 -7.079127  0.030121
     spin moment: {S} , |S| = {        0.0        0.0   -2.87185 }    -2.87185
   scf:   13   -28475.119311   -28475.119091   -28475.142594  0.004872 -7.079187  0.031740
     spin moment: {S} , |S| = {        0.0        0.0   -2.86647 }    -2.86647
   scf:   14   -28475.118466   -28475.118748   -28475.142242  0.008463 -7.079077  0.025974
     spin moment: {S} , |S| = {        0.0        0.0   -2.87579 }    -2.87579
   scf:   15   -28475.119692   -28475.119172   -28475.142679  0.010439 -7.079188  0.031313
     spin moment: {S} , |S| = {        0.0        0.0   -2.86435 }    -2.86435
   scf:   16   -28475.119265   -28475.119218   -28475.142727  0.001100 -7.079174  0.030631
     spin moment: {S} , |S| = {        0.0        0.0   -2.86318 }    -2.86318
   scf:   17   -28475.119280   -28475.119249   -28475.142759  0.000773 -7.079192  0.031090
     spin moment: {S} , |S| = {        0.0        0.0   -2.86239 }    -2.86239
   scf:   18   -28475.119265   -28475.119257   -28475.142768  0.000201 -7.079192  0.030888
     spin moment: {S} , |S| = {        0.0        0.0   -2.86219 }    -2.86219

SCF Convergence by DM criterion
max |DM_out - DM_in|         :     0.0002011924
max |H_out - H_in|      (eV) :     0.0308877241
SCF cycle converged after 18 iterations

Using DM_out to compute the final energy and forces
No. of atoms with KB's overlaping orbs in proc 0. Max # of overlaps:     159     736

siesta: E_KS(eV) =           -28475.1193

siesta: Atomic forces (eV/Ang):
     1    0.000000    0.042491   -0.000002
     2   -0.000002   -0.001686   -0.000003
     3    0.000002    0.002185    0.000006
     4   -0.000001    0.076410   -0.000005
     5    0.000001   -0.004869   -0.000002
     6    0.000001   -0.081789   -0.000000
     7    0.000000   -0.110790    0.000000
     8    0.000000    0.072086    0.000005
----------------------------------------
   Tot    0.000002   -0.005963   -0.000001
----------------------------------------
   Max    0.110790
   Res    0.036421    sqrt( Sum f_i^2 / 3N )
----------------------------------------
   Max    0.110790    constrained

Stress tensor Voigt[x,y,z,yz,xz,xy] (kbar):        5.38        6.11        7.69        0.00        0.00       -0.00
(Free)E + p*V (eV/cell)   -28475.4777
Target enthalpy (eV/cell)   -28475.1428

siesta: Stress tensor (static) (eV/Ang**3):
         0.003359    0.000000    0.000000
        -0.000000    0.003815    0.000000
         0.000000    0.000000    0.004800

siesta: Pressure (static):         -6.39464603  kBar

siesta: Stress tensor (total) (eV/Ang**3):
         0.003359    0.000000    0.000000
        -0.000000    0.003815    0.000000
         0.000000    0.000000    0.004800

siesta: Pressure (total):         -6.39464603  kBar

                     ====================================
                        Begin CG opt. move =      9
                     ====================================
k-point displ. along   1 input, could be:     0.00    0.50
k-point displ. along   2 input, could be:     0.00    0.50
k-point displ. along   3 input, could be:     0.00    0.50
 Kpoints in:           32 . Kpoints trimmed:           31

siesta: k-grid: Number of k-points = 31
siesta: k-points from Monkhorst-Pack grid
siesta: k-cutoff (effective) =     7.005 Ang
siesta: k-point supercell and displacements
siesta: k-grid:     6     0     0      0.000
siesta: k-grid:     0     2     0      0.000
siesta: k-grid:     0     0     4      0.000

superc: Internal auxiliary supercell:     9 x     3 x     7  =     189
superc: Number of atoms, orbitals, and projectors:   1512  37800  27216

outcell: Unit cell vectors (Ang):
        2.431952   -0.000000    0.000000
       -0.000000    9.840563    0.000000
        0.000000    0.000000    3.502706

outcell: Cell vector modules (Ang)   :    2.431952    9.840563    3.502706
outcell: Cell angles (23,13,12) (deg):     90.0000     90.0000     90.0000
outcell: Cell volume (Ang**3)        :     83.8260
<dSpData1D:S at geom step 9
  <sparsity:sparsity for geom step 9
    nrows_g=200 nrows=10 sparsity=1.0926 nnzs=43706, refcount: 7>
  <dData1D:(new from dSpData1D) n=43706, refcount: 1>
refcount: 1>
new_DM -- step:    10
Re-using DM from previous geometries...
Number of DMs in history: 1
 DM extrapolation coefficients: 
1   1.00000
New DM after history re-use:
<dSpData2D:SpM extrapolated using coords
  <sparsity:sparsity for geom step 9
    nrows_g=200 nrows=10 sparsity=1.0926 nnzs=43706, refcount: 9>
  <dData2D:(temp array for extrapolation) n=43706 m=2, refcount: 1>
refcount: 1>
No. of atoms with KB's overlaping orbs in proc 0. Max # of overlaps:     159     736

InitMesh: MESH = 30 x 108 x 40 = 129600
InitMesh: Mesh cutoff (required, used) =   300.000   332.897 Ry
New grid distribution [1]: sub = 2
New grid distribution [2]: sub = 2
New grid distribution [3]: sub = 2
Setting up quadratic distribution...

        iscf     Eharris(eV)        E_KS(eV)     FreeEng(eV)     dDmax    Ef(eV) dHmax(eV)
   scf:    1   -28474.579203   -28475.007894   -28475.031331  0.049594 -7.079824  1.679032
     spin moment: {S} , |S| = {        0.0        0.0   -2.81713 }    -2.81713
   scf:    2   -27573.523603   -28176.463155   -28176.489512  1.208237 -6.910079 95.360111
     spin moment: {S} , |S| = {        0.0        0.0   -1.54923 }    -1.54923
   scf:    3   -28485.328861   -28475.079254   -28475.102525  1.201949 -7.080977  1.111194
     spin moment: {S} , |S| = {        0.0        0.0   -2.84900 }    -2.84900
   scf:    4   -28475.120137   -28475.112430   -28475.135823  0.019715 -7.081092  0.529018
     spin moment: {S} , |S| = {        0.0        0.0   -2.85021 }    -2.85021
   scf:    5   -28475.122755   -28475.120652   -28475.144075  0.010329 -7.081218  0.138288
     spin moment: {S} , |S| = {        0.0        0.0   -2.84210 }    -2.84210
   scf:    6   -28475.121278   -28475.121138   -28475.144593  0.001870 -7.081499  0.039474
     spin moment: {S} , |S| = {        0.0        0.0   -2.84075 }    -2.84075
   scf:    7   -28475.120763   -28475.121107   -28475.144584  0.003845 -7.082003  0.078813
     spin moment: {S} , |S| = {        0.0        0.0   -2.83729 }    -2.83729
   scf:    8   -28475.120179   -28475.121145   -28475.144632  0.004473 -7.082740  0.109531
     spin moment: {S} , |S| = {        0.0        0.0   -2.83638 }    -2.83638
   scf:    9   -28475.121688   -28475.121593   -28475.145100  0.003843 -7.083012  0.035887
     spin moment: {S} , |S| = {        0.0        0.0   -2.83270 }    -2.83270
   scf:   10   -28475.121744   -28475.121667   -28475.145177  0.001799 -7.082991  0.033796
     spin moment: {S} , |S| = {        0.0        0.0   -2.83120 }    -2.83120
   scf:   11   -28475.122136   -28475.121888   -28475.145403  0.005543 -7.082922  0.033864
     spin moment: {S} , |S| = {        0.0        0.0   -2.82661 }    -2.82661
   scf:   12   -28475.122129   -28475.122004   -28475.145523  0.002896 -7.082894  0.033276
     spin moment: {S} , |S| = {        0.0        0.0   -2.82420 }    -2.82420
   scf:   13   -28475.122266   -28475.122131   -28475.145651  0.003129 -7.082860  0.032672
     spin moment: {S} , |S| = {        0.0        0.0   -2.82162 }    -2.82162
   scf:   14   -28475.122307   -28475.122217   -28475.145740  0.002131 -7.082910  0.032918
     spin moment: {S} , |S| = {        0.0        0.0   -2.81983 }    -2.81983
   scf:   15   -28475.122417   -28475.122314   -28475.145837  0.002336 -7.082915  0.031633
     spin moment: {S} , |S| = {        0.0        0.0   -2.81785 }    -2.81785
   scf:   16   -28475.122413   -28475.122363   -28475.145887  0.001222 -7.082952  0.032262
     spin moment: {S} , |S| = {        0.0        0.0   -2.81684 }    -2.81684
   scf:   17   -28475.122230   -28475.122295   -28475.145818  0.001674 -7.082945  0.032204
     spin moment: {S} , |S| = {        0.0        0.0   -2.81822 }    -2.81822
   scf:   18   -28475.122801   -28475.122533   -28475.146056  0.005760 -7.082931  0.030575
     spin moment: {S} , |S| = {        0.0        0.0   -2.81344 }    -2.81344
   scf:   19   -28475.122682   -28475.122606   -28475.146130  0.001797 -7.082913  0.031605
     spin moment: {S} , |S| = {        0.0        0.0   -2.81193 }    -2.81193
   scf:   20   -28475.122731   -28475.122668   -28475.146191  0.001473 -7.082917  0.031443
     spin moment: {S} , |S| = {        0.0        0.0   -2.81069 }    -2.81069
   scf:   21   -28475.122722   -28475.122695   -28475.146217  0.000631 -7.082931  0.031300
     spin moment: {S} , |S| = {        0.0        0.0   -2.81013 }    -2.81013
   scf:   22   -28475.122709   -28475.122702   -28475.146223  0.000112 -7.082916  0.030285
     spin moment: {S} , |S| = {        0.0        0.0   -2.80995 }    -2.80995

SCF Convergence by DM criterion
max |DM_out - DM_in|         :     0.0001118787
max |H_out - H_in|      (eV) :     0.0302854996
SCF cycle converged after 22 iterations

Using DM_out to compute the final energy and forces
No. of atoms with KB's overlaping orbs in proc 0. Max # of overlaps:     159     736

siesta: E_KS(eV) =           -28475.1227

siesta: Atomic forces (eV/Ang):
     1   -0.000001    0.013159   -0.000003
     2   -0.000002    0.013780   -0.000001
     3   -0.000001   -0.010018    0.000005
     4    0.000000   -0.009311   -0.000003
     5    0.000000    0.024372   -0.000002
     6    0.000001   -0.022033    0.000000
     7   -0.000003   -0.034497   -0.000000
     8   -0.000001    0.015385    0.000001
----------------------------------------
   Tot   -0.000007   -0.009164   -0.000003
----------------------------------------
   Max    0.034497
   Res    0.011285    sqrt( Sum f_i^2 / 3N )
----------------------------------------
   Max    0.034497    constrained

Stress tensor Voigt[x,y,z,yz,xz,xy] (kbar):        1.83        3.85       -1.83        0.00        0.00       -0.00
(Free)E + p*V (eV/cell)   -28475.2134
Target enthalpy (eV/cell)   -28475.1462

siesta: Stress tensor (static) (eV/Ang**3):
         0.001143   -0.000000    0.000000
        -0.000000    0.002404    0.000000
         0.000000    0.000000   -0.001142

siesta: Pressure (static):         -1.28441199  kBar

siesta: Stress tensor (total) (eV/Ang**3):
         0.001143   -0.000000    0.000000
        -0.000000    0.002404    0.000000
         0.000000    0.000000   -0.001142

siesta: Pressure (total):         -1.28441199  kBar

outcoor: Relaxed atomic coordinates (fractional):           
    0.00000005   -0.00339269    0.00000002   1       1  Ni
    0.00000006    0.25143594    0.00000002   1       2  Ni
    0.49999998    0.37826789    0.49999996   1       3  Ni
    0.00000001    0.50504818    0.00000008   2       4  Mn
   -0.00000000    0.74890679    0.00000002   2       5  Mn
    0.49999998    0.12462399    0.50000001   2       6  Mn
    0.50000000    0.62637113    0.50000004   2       7  Mn
    0.50000000    0.86857844    0.49999996   2       8  Mn

outcell: Unit cell vectors (Ang):
        2.431952   -0.000000    0.000000
       -0.000000    9.840563    0.000000
        0.000000    0.000000    3.502706

outcell: Cell vector modules (Ang)   :    2.431952    9.840563    3.502706
outcell: Cell angles (23,13,12) (deg):     90.0000     90.0000     90.0000
outcell: Cell volume (Ang**3)        :     83.8260

coxmol: Writing XMOL coordinates into file hea.xyz                                                                                                                                                                                                                             
Writing WFSX for COOP/COHP in hea.fullBZ.WFSX

diag: Algorithm                                     = D&C
diag: Parallel over k                               =   F
diag: Use parallel 2D distribution                  =   T
diag: Parallel block-size                           = 5
diag: Parallel distribution                         =     6 x     6
diag: Used triangular part                          = Lower
diag: Absolute tolerance                            =  0.100E-15
diag: Orthogonalization factor                      =  0.100E-05
diag: Memory factor                                 =  1.0000

diag: Algorithm                                     = D&C
diag: Parallel over k                               =   F
diag: Use parallel 2D distribution                  =   T
diag: Parallel block-size                           = 5
diag: Parallel distribution                         =     6 x     6
diag: Used triangular part                          = Lower
diag: Absolute tolerance                            =  0.100E-15
diag: Orthogonalization factor                      =  0.100E-05
diag: Memory factor                                 =  1.0000

siesta: PDOS info
siesta: E1 -- E2, sigma [eV], nhist:  -20.000 --   20.000    0.100 1000

diag: Algorithm                                     = D&C
diag: Parallel over k                               =   F
diag: Use parallel 2D distribution                  =   T
diag: Parallel block-size                           = 5
diag: Parallel distribution                         =     6 x     6
diag: Used triangular part                          = Lower
diag: Absolute tolerance                            =  0.100E-15
diag: Orthogonalization factor                      =  0.100E-05
diag: Memory factor                                 =  1.0000

siesta: Program's energy decomposition (eV):
siesta: Ebs     =     -5077.822539
siesta: Eions   =     37421.336963
siesta: Ena     =      3181.661569
siesta: Ekin    =     12942.878786
siesta: Enl     =     -3099.728766
siesta: Eso     =         0.000000
siesta: Edftu   =         0.000000
siesta: DEna    =       112.540020
siesta: DUscf   =         1.708725
siesta: DUext   =         0.000000
siesta: Ex      =     -3948.812743
siesta: Ec      =      -244.033328
siesta: Exc     =     -4192.846072
siesta: EbV     =         0.000000
siesta: eta*DQ  =         0.000000
siesta: Emadel  =         0.000000
siesta: Emeta   =         0.000000
siesta: Emolmec =         0.000000
siesta: Ekinion =         0.000000
siesta: Eharris =    -28475.122709
siesta: Etot    =    -28475.122702
siesta: FreeEng =    -28475.146223

siesta: Final energy (eV):
siesta:  Band Struct. =   -5077.822539
siesta:       Kinetic =   12942.878786
siesta:       Hartree =    6941.610102
siesta:         Edftu =       0.000000
siesta:       Eso     =       0.000000
siesta:    Ext. field =       0.000000
siesta:         Exch. =   -3948.812743
siesta:         Corr. =    -244.033328
siesta:     Bulk bias =       0.000000
siesta:   Exch.-corr. =   -4192.846072
siesta:  Ion-electron =  -27916.852880
siesta:       Ion-ion =  -16249.912638
siesta:       Ekinion =       0.000000
siesta: D3 dispersion =       0.000000
siesta:         Total =  -28475.122702
siesta:         Fermi =      -7.082916

siesta: Stress tensor (static) (eV/Ang**3):
siesta:     0.001143   -0.000000    0.000000
siesta:    -0.000000    0.002404    0.000000
siesta:     0.000000    0.000000   -0.001142

siesta: Constrained stress tensor (static) (eV/Ang**3):
siesta:     0.001143   -0.000000    0.000000
siesta:    -0.000000    0.002404    0.000000
siesta:     0.000000    0.000000   -0.001142

siesta: Cell volume =         83.826000 Ang**3

siesta: Pressure (static):
siesta:                Solid            Molecule  Units
siesta:          -0.00000873         -0.00001137  Ry/Bohr**3
siesta:          -0.00080167         -0.00104427  eV/Ang**3
siesta:          -1.28441199         -1.67310907  kBar
(Free)E+ p_basis*V_orbitals  =      -28449.728751
(Free)Eharris+ p_basis*V_orbitals  =      -28449.728759

mulliken: Atomic and Orbital Populations:

mulliken: Spin UP 

Species: Ni                  
Atom  Qatom  Qorb
               3s      4s      4s      4s      3py     3pz     3px     4py     
               4pz     4px     3dxy    3dyz    3dz2    3dxz    3dx2-y2 3dxy    
               3dyz    3dz2    3dxz    3dx2-y2 3dxy    3dyz    3dz2    3dxz    
               3dx2-y2 
   1  8.857   0.983  -0.295   0.102   0.227   0.997   0.997   0.998   0.216
              0.212   0.211   1.160   1.171   1.074   1.145   1.056  -0.065

             -0.065  -0.063  -0.067  -0.058  -0.197  -0.248  -0.182  -0.234

             -0.219
   2  8.846   0.984  -0.260   0.090   0.225   0.998   0.998   0.998   0.201
              0.196   0.198   1.155   1.150   1.085   1.181   1.087  -0.069

             -0.070  -0.068  -0.071  -0.065  -0.196  -0.244  -0.178  -0.251

             -0.227
   3  8.993   0.986  -0.039   0.044   0.137   0.997   0.998   0.998   0.200
              0.190   0.193   1.136   1.123   1.146   1.148   1.167  -0.063

             -0.061  -0.061  -0.066  -0.065  -0.196  -0.232  -0.199  -0.237

             -0.251

Species: Mn                  
Atom  Qatom  Qorb
               3s      4s      4s      4s      3py     3pz     3px     4py     
               4pz     4px     3dxy    3dyz    3dz2    3dxz    3dx2-y2 3dxy    
               3dyz    3dz2    3dxz    3dx2-y2 3dxy    3dyz    3dz2    3dxz    
               3dx2-y2 
   4  7.726   0.989   0.068   0.074  -0.028   0.990   0.991   0.990   0.167
              0.168   0.170   0.853   1.071   0.885   1.081   1.039  -0.068

             -0.100  -0.074  -0.098  -0.106  -0.201  -0.320  -0.193  -0.338

             -0.283
   5  7.721   0.987  -0.003   0.099  -0.026   0.990   0.990   0.990   0.173
              0.178   0.180   0.873   1.112   0.873   1.124   1.040  -0.079

             -0.122  -0.078  -0.125  -0.108  -0.204  -0.310  -0.217  -0.321

             -0.295
   6  6.289   0.976   0.244   0.051  -0.127   0.992   0.993   0.991   0.129
              0.136   0.131   0.379   0.721   0.336   0.764   0.781  -0.037

             -0.067  -0.040  -0.069  -0.096  -0.081  -0.256  -0.053  -0.283

             -0.226
   7  7.190   0.982   0.059   0.082  -0.054   0.989   0.989   0.990   0.154
              0.164   0.166   0.668   0.998   0.665   0.939   0.978  -0.061

             -0.110  -0.059  -0.100  -0.108  -0.146  -0.282  -0.160  -0.270

             -0.284
   8  7.475   0.986   0.183   0.050  -0.075   0.990   0.991   0.990   0.175
              0.158   0.169   0.674   0.967   0.768   1.004   1.095  -0.055

             -0.090  -0.069  -0.096  -0.129  -0.156  -0.299  -0.160  -0.312

             -0.286

mulliken: Qtot =       63.095

mulliken: Spin DOWN 

Species: Ni                  
Atom  Qatom  Qorb
               3s      4s      4s      4s      3py     3pz     3px     4py     
               4pz     4px     3dxy    3dyz    3dz2    3dxz    3dx2-y2 3dxy    
               3dyz    3dz2    3dxz    3dx2-y2 3dxy    3dyz    3dz2    3dxz    
               3dx2-y2 
   1  9.027   0.985  -0.181   0.064   0.190   0.997   0.997   0.998   0.192
              0.187   0.188   1.139   1.129   1.189   1.145   1.208  -0.054

             -0.053  -0.050  -0.055  -0.050  -0.193  -0.232  -0.219  -0.232

             -0.263
   2  9.050   0.986  -0.155   0.055   0.190   0.998   0.998   0.998   0.179
              0.174   0.179   1.154   1.179   1.193   1.160   1.206  -0.057

             -0.059  -0.055  -0.058  -0.056  -0.197  -0.247  -0.213  -0.243

             -0.260
   3  9.029   0.987  -0.053   0.045   0.136   0.997   0.998   0.998   0.191
              0.186   0.184   1.168   1.150   1.129   1.189   1.153  -0.058

             -0.058  -0.058  -0.064  -0.061  -0.207  -0.242  -0.190  -0.247

             -0.245

Species: Mn                  
Atom  Qatom  Qorb
               3s      4s      4s      4s      3py     3pz     3px     4py     
               4pz     4px     3dxy    3dyz    3dz2    3dxz    3dx2-y2 3dxy    
               3dyz    3dz2    3dxz    3dx2-y2 3dxy    3dyz    3dz2    3dxz    
               3dx2-y2 
   4  7.321   0.985   0.093   0.064  -0.042   0.990   0.990   0.990   0.153
              0.154   0.161   0.648   0.937   0.752   0.995   1.047  -0.052

             -0.086  -0.066  -0.091  -0.115  -0.140  -0.285  -0.158  -0.315

             -0.287
   5  7.260   0.982   0.017   0.088  -0.034   0.990   0.989   0.990   0.155
              0.161   0.167   0.701   0.989   0.733   0.955   1.008  -0.064

             -0.109  -0.068  -0.102  -0.112  -0.151  -0.276  -0.180  -0.277

             -0.290
   6  8.729   1.005   0.052   0.054   0.013   0.994   0.994   0.994   0.171
              0.168   0.164   1.253   1.293   1.208   1.261   1.233  -0.080

             -0.095  -0.076  -0.091  -0.115  -0.315  -0.386  -0.261  -0.390

             -0.320
   7  7.805   0.989   0.008   0.092  -0.027   0.990   0.989   0.990   0.172
              0.177   0.179   0.948   1.142   0.900   1.121   1.054  -0.086

             -0.124  -0.077  -0.121  -0.108  -0.229  -0.324  -0.228  -0.320

             -0.300
   8  7.684   0.989   0.158   0.049  -0.062   0.990   0.991   0.990   0.165
              0.161   0.169   0.840   1.053   0.858   1.094   1.009  -0.068

             -0.099  -0.076  -0.104  -0.110  -0.211  -0.322  -0.183  -0.338

             -0.262

mulliken: Qtot =       65.905

Mulliken Atomic Populations:
Atom #   charge [q] valence [e]      Sz [e]  Species
     1     0.116349   17.883651   -0.169410  Ni
     2     0.104436   17.895564   -0.204065  Ni
     3    -0.022042   18.022042   -0.036053  Ni
     4    -0.046498   15.046498    0.404634  Mn
     5     0.019484   14.980516    0.460703  Mn
     6    -0.018354   15.018354   -2.440586  Mn
     7     0.005410   14.994590   -0.615507  Mn
     8    -0.158785   15.158785   -0.209667  Mn
-------------------------------------------
 Total    -0.000000               -2.809951

cite: Please indicate the Siesta version in published work: 5.2.2
cite: This calculation has made use of features in the following articles
cite: which we encourage you to cite in published work.
cite: (Please see "hea.bib" for a BibTeX file.)
        Primary SIESTA paper
          DOI: www.doi.org/10.1088/0953-8984/14/11/302
        PSML pseudopotential format
          DOI: www.doi.org/10.1016/j.cpc.2018.02.011


>> End of run:   1-AUG-2025  12:54:45
Job completed
