Executable      : /home/users/felipegc/woltsoft/SIESTA/siesta-5.2.2/build/bin/siesta
Version         : 5.2.2
Architecture    : x86_64
Compiler version: GNU-9.3.0
Compiler flags  : -O3 -march=native
Parallelisations: MPI
Lua support
Native ELPA support
ELSI support. Solvers:
   ELPA (internal) 
   NTPoly
   OMM
DFT-D3 support
Wannier90 wrapper support

Runtime information:
* Directory : /home/users/felipegc/MnNiGa/optimizations_afm/top/structure_calc_365
* Running on 36 nodes in parallel.
>> Start of run:   1-AUG-2025   2:12:04

                           *********************** 
                           *  WELCOME TO SIESTA  * 
                           *********************** 

 NOTE: Siesta V5 introduces some new defaults for basis-set generation
 NOTE: which might lead to slightly different numerical results.
 NOTE: Please see the manual for full details and compatibility measures.


reinit: Reading from standard input
reinit: Dumping input in INPUT_TMP.07191
************************** Dump of input data file ****************************
SystemName          hea
SystemLabel         hea
Reparametrize.Pseudos T
Restricted.Radial.Grid F
%include atoms.fdf
MaxSCFIterations     20000
SCF.Mix              Hamiltonian
SCF.Mixer.Method     Broyden
#SCF.Mixer.Variant    original #Pulay original
SCF.Mixer.History    8
SCF.Mixer.Weight     0.07
SCF.H.Converge       False
SCF.DM.Converge      True
SCF.DM.Tolerance     5.d-4
SCF.H.Tolerance      5.d-3 eV
MeshCutoff 300.0 Ry
MD.UseSaveCG         False
DM.UseSaveDM         False
NumberOfEigenStates -20
ElectronicTemperature 300 K
WriteCoorXmol        True
XC.Functional     GGA
XC.authors        PBEsol
Spin polarized
DM.InitSpin.AF true
SolutionMethod       diagon
#Diag.Algorithm        MRRR
###################################
###################################
# Full template for Basis param.
###################################
###################################
Basis.Pressure 0.3 GPa
PAO.SoftDefault T
PAO.SoftPotential 50.0 Ry
PAO.SoftInnerRadius 0.70
PAO.BasisType split
PAO.EnergyShift 0.0019 eV
PAO.BasisSize TZP
PAO.SplitTailNorm T
            %block kgrid_Monkhorst_Pack
            6  0  0  0.
            0  3  0  0.
            0  0  4  0.
            %endblock kgrid_Monkhorst_Pack
            MD.TypeOfRun CG
            MD.Steps         500
            MD.VariableCell true
            MD.MaxForceTol 0.05 eV/Ang
            WriteMDHistory true
            WriteForces true
            Write.OrbitalIndex true
            Charge.Mulliken end
            COOP.Write true
            %block ProjectedDensityOfStates
            -20.00 20.00 0.1 1000 eV
            %endblock ProjectedDensityOfStates
************************** End of input data file *****************************

reinit: -----------------------------------------------------------------------
reinit: System Name: hea
reinit: -----------------------------------------------------------------------
reinit: System Label: hea
reinit: -----------------------------------------------------------------------

NOTE on units for spin output: 
{S} is the spin magnetic moment, in units of the Bohr magneton,
assuming a g-factor for the electron spin of exactly 2.
The spin magnetic moment is then numerically equal to the charge inbalance,
in units of electrons, between the spin-up and -down channels.


initatom: Reading input for the pseudopotentials and atomic orbitals ----------
Species number:   1 Atomic number:   31 Label: Ga
Species number:   2 Atomic number:   28 Label: Ni

Ground state valence configuration (from tables):   4s02  4p01  4d00  4f00
Ground state valence configuration (from tables):   4s02  4p00  3d08  4f00

---- Processing specs for species: Ga
Reading pseudopotential information in PSML from:
  Ga.psml
PSML file version: 1.1
Using libxc ids:  101 130
GGA--PBE XC_GGA_X_PBE--XC_GGA_C_PBE pb
PSML uuid: 206972b0-be42-11e7-579b-1282fffb1a56
Semicore shell(s) with 10 electrons included in the valence for Ga

---- Processing specs for species: Ni
Reading pseudopotential information in PSML from:
  Ni.psml
PSML file version: 1.1
Using libxc ids:  101 130
GGA--PBE XC_GGA_X_PBE--XC_GGA_C_PBE pb
PSML uuid: 020bdba0-be42-11e7-6ded-a592ddfb3399
Semicore shell(s) with  8 electrons included in the valence for Ni

---- Pseudopotential check for Ga

Pseudized shells:
4s( 2.00) rc: 1.67
4p( 1.00) rc: 1.75
3d(10.00) rc: 1.90
Valence configuration for ps generation: 3d:4s:4p: Total charge:  13.000000
Semicore shell(s): 3d
Fallback to non-perturbative polarization scheme for Ga
Please see the manual if this is not desired in principle

---- Pseudopotential check for Ni

Pseudized shells:
3s( 2.00) rc: 1.26
3p( 6.00) rc: 1.35
3d( 8.00) rc: 1.66
Valence configuration for ps generation: 3s:3p:3d:4s: Total charge:  18.000000
Semicore shell(s): 3s 3p
Fallback to non-perturbative polarization scheme for Ni
Please see the manual if this is not desired in principle
For Ga, standard SIESTA heuristics set lmxkb to 3
 (one more than the basis l, including polarization orbitals).
Use PS.lmax or PS.KBprojectors blocks to override.
For Ni, standard SIESTA heuristics set lmxkb to 3
 (one more than the basis l, including polarization orbitals).
Use PS.lmax or PS.KBprojectors blocks to override.
Ga pseudopotential only contains V_ls up to l=2 -- lmxkb reset.
Ni pseudopotential only contains V_ls up to l=2 -- lmxkb reset.

<basis_specs>
===============================================================================
Ga                   Z=  31    Mass=  69.723        Charge= 0.17977+309
Lmxo=2 Lmxkb= 2    BasisType=split      Semic=T
L=0  Nsemic=0  Cnfigmx=4
          i=1  nzeta=3  polorb=0  (4s)
            splnorm:   0.15000    
               vcte:    50.000    
               rinn:  -0.70000    
               qcoe:    0.0000    
               qyuk:    0.0000    
               qwid:   0.10000E-01
                rcs:    0.0000      0.0000      0.0000    
            lambdas:    1.0000      1.0000      1.0000    
L=1  Nsemic=0  Cnfigmx=4
          i=1  nzeta=3  polorb=0  (4p)  (to be polarized non-perturbatively)
            splnorm:   0.15000    
               vcte:    50.000    
               rinn:  -0.70000    
               qcoe:    0.0000    
               qyuk:    0.0000    
               qwid:   0.10000E-01
                rcs:    0.0000      0.0000      0.0000    
            lambdas:    1.0000      1.0000      1.0000    
L=2  Nsemic=1  Cnfigmx=4
          i=1  nzeta=1  polorb=0  (3d)  (semicore shell)
            splnorm:   0.15000    
               vcte:    50.000    
               rinn:  -0.70000    
               qcoe:    0.0000    
               qyuk:    0.0000    
               qwid:   0.10000E-01
                rcs:    0.0000    
            lambdas:    1.0000    
          i=2  nzeta=1  polorb=0  (4d)  (non-perturbative polarization shell)
            splnorm:   0.15000    
               vcte:    50.000    
               rinn:  -0.70000    
               qcoe:   0.43335-315
               qyuk:    0.0000    
               qwid:   0.69533-309
                rcs:    0.0000    
            lambdas:    1.0000    
-------------------------------------------------------------------------------
L=0  Nkbl=1  erefs: 0.17977+309
L=1  Nkbl=1  erefs: 0.17977+309
L=2  Nkbl=2  erefs: 0.17977+309 0.17977+309
===============================================================================
</basis_specs>

Using PAO.SplitTailNorm
atom: Called for Ga                    (Z =  31)
Maximum radius (at nrval) set to   50.00000 8518

read_vps: Pseudopotential generation method:
read_vps: ONCVPSP-3.Hamann's oncvpsp                        
Valence charge in pseudo generation:   13.00000

read_vps: Pseudopotential includes a core correction:
read_vps: Pseudo-core for xc-correction

xc_check: Exchange-correlation functional:
xc_check: GGA PBEsol
xc_check: WARNING: Pseudopotential generated with GGA PBE functional
Got Vlocal (oncv-fit) from psml data
Choosing vlocal chloc cutoff:  4.295227
qtot up to nchloc:   13.00023270
atom: Maximum radius for chlocal:    4.29523
atom: Maximum radius for r*vlocal+2*Zval:    4.29523
Reading KB projs from Ga psml data
Using scalar-relativistic projectors in PSML file

PSML: Kleinman-Bylander projectors: 
   l= 0   rc=  1.688643   Ekb= 14.059564
   l= 0   rc=  1.688643   Ekb=  2.289351
   l= 1   rc=  1.772167   Ekb= 13.610457
   l= 1   rc=  1.772167   Ekb=  2.576326
   l= 2   rc=  1.926399   Ekb=-16.756509
   l= 2   rc=  1.926399   Ekb= -5.641527

PSML: Total number of  Kleinman-Bylander projectors:  18
atom: -------------------------------------------------------------------------

atom: SANKEY-TYPE ORBITALS:
atom: Selected multiple-zeta basis: split     

SPLIT: Orbitals with angular momentum L= 0

SPLIT: Basis orbitals for state 4s

SPLIT: PAO cut-off radius determined from an
SPLIT: energy shift=  0.000140 Ry
Split based on tail norm

   izeta = 1
                 lambda =    1.000000
                     rc =    8.573397
                 energy =   -0.660225
                kinetic =    0.501561
    potential(screened) =   -1.161786
       potential(ionic) =  -12.246649

   izeta = 2
                 rmatch =    4.547753
              splitnorm =    0.150000
                 energy =   -0.462291
                kinetic =    0.981430
    potential(screened) =   -1.443721
       potential(ionic) =  -13.770808

   izeta = 3
                 rmatch =    5.338573
              splitnorm =    0.075000
                 energy =   -0.599358
                kinetic =    0.744548
    potential(screened) =   -1.343906
       potential(ionic) =  -13.255962

SPLIT: Orbitals with angular momentum L= 1

SPLIT: Basis orbitals for state 4p

SPLIT: PAO cut-off radius determined from an
SPLIT: energy shift=  0.000140 Ry
Split based on tail norm

   izeta = 1
                 lambda =    1.000000
                     rc =   12.949509
                 energy =   -0.190428
                kinetic =    0.541974
    potential(screened) =   -0.732402
       potential(ionic) =   -9.174065

   izeta = 2
                 rmatch =    6.968471
              splitnorm =    0.150000
                 energy =   -0.153132
                kinetic =    0.764207
    potential(screened) =   -0.917338
       potential(ionic) =  -10.565779

   izeta = 3
                 rmatch =    8.212134
              splitnorm =    0.075000
                 energy =   -0.175794
                kinetic =    0.665884
    potential(screened) =   -0.841678
       potential(ionic) =  -10.014829

SPLIT: Orbitals with angular momentum L= 2

SPLIT: Basis orbitals for state 3d

SPLIT: PAO cut-off radius determined from an
SPLIT: energy shift=  0.000140 Ry
Split based on tail norm

   izeta = 1
                 lambda =    1.000000
                     rc =    4.873342
                 energy =   -1.390864
                kinetic =   12.335179
    potential(screened) =  -13.726043
       potential(ionic) =  -32.471836

SPLIT: Basis orbitals for state 4d
SPLIT: Non-perturbative polarization orbs for state 4p
SPLIT: rc(1st zeta) (re)set to: 12.9495 (expansion factor: 1.0000)
Split based on tail norm

   izeta = 1
                 lambda =    1.000000
                     rc =   12.949509
                 energy =    0.135451
                kinetic =    0.341434
    potential(screened) =   -0.205982
       potential(ionic) =   -4.584821
atom: Total number of Sankey-type orbitals: 22

atm_pop: Valence configuration (for local Pseudopot. screening):
 4s( 2.00)                                                            
 4p( 1.00)                                                            
 3d(10.00) 4d( 0.00)                                                  
Vna: chval, zval:   13.00000  13.00000

Vna:  Cut-off radius for the neutral-atom potential:  12.949509
comcore: Pseudo-core radius Rcore=  2.359857

atom: _________________________________________________________________________

<basis_specs>
===============================================================================
Ni                   Z=  28    Mass=  58.693        Charge= 0.17977+309
Lmxo=2 Lmxkb= 2    BasisType=split      Semic=T
L=0  Nsemic=1  Cnfigmx=4
          i=1  nzeta=1  polorb=0  (3s)  (semicore shell)
            splnorm:   0.15000    
               vcte:    50.000    
               rinn:  -0.70000    
               qcoe:    0.0000    
               qyuk:    0.0000    
               qwid:   0.10000E-01
                rcs:    0.0000    
            lambdas:    1.0000    
          i=2  nzeta=3  polorb=0  (4s)  (to be polarized non-perturbatively)
            splnorm:   0.15000    
               vcte:    50.000    
               rinn:  -0.70000    
               qcoe:    0.0000    
               qyuk:    0.0000    
               qwid:   0.10000E-01
                rcs:    0.0000      0.0000      0.0000    
            lambdas:    1.0000      1.0000      1.0000    
L=1  Nsemic=1  Cnfigmx=4
          i=1  nzeta=1  polorb=0  (3p)  (semicore shell)
            splnorm:   0.15000    
               vcte:    50.000    
               rinn:  -0.70000    
               qcoe:    0.0000    
               qyuk:    0.0000    
               qwid:   0.10000E-01
                rcs:    0.0000    
            lambdas:    1.0000    
          i=2  nzeta=1  polorb=0  (4p)  (non-perturbative polarization shell)
            splnorm:   0.15000    
               vcte:    50.000    
               rinn:  -0.70000    
               qcoe:   0.43335-315
               qyuk:    0.0000    
               qwid:   0.69533-309
                rcs:    0.0000    
            lambdas:    1.0000    
L=2  Nsemic=0  Cnfigmx=3
          i=1  nzeta=3  polorb=0  (3d)
            splnorm:   0.15000    
               vcte:    50.000    
               rinn:  -0.70000    
               qcoe:    0.0000    
               qyuk:    0.0000    
               qwid:   0.10000E-01
                rcs:    0.0000      0.0000      0.0000    
            lambdas:    1.0000      1.0000      1.0000    
-------------------------------------------------------------------------------
L=0  Nkbl=2  erefs: 0.17977+309 0.17977+309
L=1  Nkbl=2  erefs: 0.17977+309 0.17977+309
L=2  Nkbl=1  erefs: 0.17977+309
===============================================================================
</basis_specs>

Using PAO.SplitTailNorm
atom: Called for Ni                    (Z =  28)
Maximum radius (at nrval) set to   50.00000 8518

read_vps: Pseudopotential generation method:
read_vps: ONCVPSP-3.Hamann's oncvpsp                        
Valence charge in pseudo generation:   18.00000

read_vps: Pseudopotential includes a core correction:
read_vps: Pseudo-core for xc-correction

xc_check: Exchange-correlation functional:
xc_check: GGA PBEsol
xc_check: WARNING: Pseudopotential generated with GGA PBE functional
Got Vlocal (oncv-fit) from psml data
Choosing vlocal chloc cutoff:  3.188973
qtot up to nchloc:   17.99992641
atom: Maximum radius for chlocal:    3.18897
atom: Maximum radius for r*vlocal+2*Zval:    3.18897
Reading KB projs from Ni psml data
Using scalar-relativistic projectors in PSML file

PSML: Kleinman-Bylander projectors: 
   l= 0   rc=  1.276377   Ekb= 12.509070
   l= 0   rc=  1.276377   Ekb= -0.503495
   l= 1   rc=  1.371030   Ekb= -5.680418
   l= 1   rc=  1.371030   Ekb= -0.775211
   l= 2   rc=  1.680171   Ekb=-14.446879
   l= 2   rc=  1.680171   Ekb= -5.088878

PSML: Total number of  Kleinman-Bylander projectors:  18
atom: -------------------------------------------------------------------------

atom: SANKEY-TYPE ORBITALS:
atom: Selected multiple-zeta basis: split     

SPLIT: Orbitals with angular momentum L= 0

SPLIT: Basis orbitals for state 3s

SPLIT: PAO cut-off radius determined from an
SPLIT: energy shift=  0.000140 Ry
Split based on tail norm

   izeta = 1
                 lambda =    1.000000
                     rc =    2.999668
                 energy =   -8.139209
                kinetic =    3.776111
    potential(screened) =  -11.915319
       potential(ionic) =  -45.801861

SPLIT: Basis orbitals for state 4s

SPLIT: PAO cut-off radius determined from an
SPLIT: energy shift=  0.000140 Ry
Split based on tail norm

   izeta = 1
                 lambda =    1.000000
                     rc =    9.316220
                 energy =   -0.512978
                kinetic =    1.389681
    potential(screened) =   -1.902658
       potential(ionic) =  -17.770111

   izeta = 2
                 rmatch =    4.957068
              splitnorm =    0.150000
                 energy =   -0.410487
                kinetic =    2.329090
    potential(screened) =   -2.739576
       potential(ionic) =  -21.501560

   izeta = 3
                 rmatch =    5.824741
              splitnorm =    0.075000
                 energy =   -0.473172
                kinetic =    1.899833
    potential(screened) =   -2.373005
       potential(ionic) =  -19.995099

SPLIT: Orbitals with angular momentum L= 1

SPLIT: Basis orbitals for state 3p

SPLIT: PAO cut-off radius determined from an
SPLIT: energy shift=  0.000140 Ry
Split based on tail norm

   izeta = 1
                 lambda =    1.000000
                     rc =    3.414070
                 energy =   -5.225411
                kinetic =    9.244220
    potential(screened) =  -14.469631
       potential(ionic) =  -47.296381

SPLIT: Basis orbitals for state 4p
SPLIT: Non-perturbative polarization orbs for state 4s
SPLIT: rc(1st zeta) (re)set to: 9.3162 (expansion factor: 1.0000)
Split based on tail norm

   izeta = 1
                 lambda =    1.000000
                     rc =    9.316220
                 energy =   -0.065208
                kinetic =    0.825147
    potential(screened) =   -0.890355
       potential(ionic) =  -12.014212

SPLIT: Orbitals with angular momentum L= 2

SPLIT: Basis orbitals for state 3d

SPLIT: PAO cut-off radius determined from an
SPLIT: energy shift=  0.000140 Ry
Split based on tail norm

   izeta = 1
                 lambda =    1.000000
                     rc =    6.323353
                 energy =   -0.639566
                kinetic =   11.441999
    potential(screened) =  -12.081565
       potential(ionic) =  -40.678115

   izeta = 2
                 rmatch =    2.624859
              splitnorm =    0.150000
                 energy =   -0.513226
                kinetic =   13.528651
    potential(screened) =  -14.041878
       potential(ionic) =  -44.582092

   izeta = 3
                 rmatch =    3.356353
              splitnorm =    0.075000
                 energy =   -0.605538
                kinetic =   12.372939
    potential(screened) =  -12.978477
       potential(ionic) =  -42.595740
atom: Total number of Sankey-type orbitals: 25

atm_pop: Valence configuration (for local Pseudopot. screening):
 3s( 2.00) 4s( 2.00)                                                  
 3p( 6.00) 4p( 0.00)                                                  
 3d( 8.00)                                                            
Vna: chval, zval:   18.00000  18.00000

Vna:  Cut-off radius for the neutral-atom potential:   9.316220
comcore: Pseudo-core radius Rcore=  1.817282

atom: _________________________________________________________________________

prinput: Basis input 

PAO.BasisType split     

%block ChemicalSpeciesLabel
    1   31 Ga                      # Species index, atomic number, species label
    2   28 Ni                      # Species index, atomic number, species label
%endblock ChemicalSpeciesLabel

%block PAO.Basis                 # Define Basis set
# WARNING: This information might be incomplete!
Ga                    4                    # Species label, number of l-shells
 n=4   0   3                         # n, l, Nzeta 
   8.573      4.548      5.339   
   1.000      1.000      1.000   
 n=4   1   3                         # n, l, Nzeta 
  12.950      6.968      8.212   
   1.000      1.000      1.000   
 n=3   2   1                         # n, l, Nzeta 
   4.873   
   1.000   
 n=4   2   1                         # n, l, Nzeta 
  12.950   
   1.000   
Ni                    5                    # Species label, number of l-shells
 n=3   0   1                         # n, l, Nzeta 
   3.000   
   1.000   
 n=4   0   3                         # n, l, Nzeta 
   9.316      4.957      5.825   
   1.000      1.000      1.000   
 n=3   1   1                         # n, l, Nzeta 
   3.414   
   1.000   
 n=4   1   1                         # n, l, Nzeta 
   9.316   
   1.000   
 n=3   2   3                         # n, l, Nzeta 
   6.323      2.625      3.356   
   1.000      1.000      1.000   
%endblock PAO.Basis

prinput: ----------------------------------------------------------------------

coor:   Atomic-coordinates input format  =     Fractional

siesta: Atomic coordinates (Bohr) and species
siesta:      0.00000   0.00000   0.00000  1        1
siesta:      0.00000   4.70356   0.00000  1        2
siesta:      2.35178   2.35178   3.32592  1        3
siesta:      2.35178   7.05534   3.32592  2        4

siesta: System type = bulk      

initatomlists: Number of atoms, orbitals, and projectors:      4    91    72

coxmol: Writing XMOL coordinates into file hea.xyz                                                                                                                                                                                                                             

siesta: ******************** Simulation parameters ****************************
siesta:
siesta: The following are some of the parameters of the simulation.
siesta: A complete list of the parameters used, including default values,
siesta: can be found in file out.fdf
siesta:
redata: Spin configuration                          = collinear
redata: Number of spin components                   = 2
redata: Time-Reversal Symmetry                      = T
redata: Spin spiral                                 = F
redata: Long output                                 =   F
redata: Number of Atomic Species                    =        2
redata: Charge density info will appear in .RHO file
redata: Write Mulliken charges (when)               = end
redata: Write Mulliken Pop.                         = Atomic and Orbital charges
redata: Write Hirshfeld charges (when)              = none
redata: Write Voronoi charges (when)                = none
redata: Write spin charge (when)                    = scf
redata: Matel table size (NRTAB)                    =     1024
redata: Mesh Cutoff                                 =   300.0000 Ry
redata: Net charge of the system                    =     0.0000 |e|
redata: Min. number of SCF Iter                     =        0
redata: Max. number of SCF Iter                     =    20000
redata: SCF convergence failure will abort job
redata: SCF mix quantity                            = Hamiltonian
redata: Mix DM or H after convergence               =   F
redata: Recompute H after scf cycle                 =   F
redata: Mix DM in first SCF step                    =   T
redata: Write Pulay info on disk                    =   F
redata: New DM Occupancy tolerance                  = 0.000000000001
redata: No kicks to SCF
redata: DM Mixing Weight for Kicks                  =     0.5000
redata: Require Harris convergence for SCF          =   F
redata: Harris energy tolerance for SCF             =     0.000100 eV
redata: Require DM convergence for SCF              =   T
redata: DM tolerance for SCF                        =     0.000500
redata: Require EDM convergence for SCF             =   F
redata: EDM tolerance for SCF                       =     0.001000 eV
redata: Require H convergence for SCF               =   F
redata: Hamiltonian tolerance for SCF               =     0.005000 eV
redata: Require (free) Energy convergence for SCF   =   F
redata: (free) Energy tolerance for SCF             =     0.000100 eV
redata: Antiferro initial spin density              =   T
redata: Using DFT-D3 dispersion                     =   F
redata: Using Saved Data (generic)                  =   F
redata: Use continuation files for DM               =   F
redata: Neglect nonoverlap interactions             =   F
redata: Method of Calculation                       = Diagonalization
redata: Electronic Temperature                      =   300.0000 K
redata: Fix the spin of the system                  =   F
redata: Max. number of TDED Iter                    =        1
redata: Number of TDED substeps                     =        3
redata: Dynamics option                             = CG coord. optimization
redata: Variable cell                               =   T
redata: Use continuation files for CG               =   F
redata: Max atomic displ per move                   =     0.1058 Ang
redata: Maximum number of optimization moves        =      500
redata: Force tolerance                             =     0.0500 eV/Ang
redata: Stress tolerance                            =     1.0000 GPa
mix.SCF: Broyden mixing                          = Broyden
mix.SCF:    History steps                        = 8
mix.SCF:    Linear mixing weight                 =     0.070000
mix.SCF:    Inverse Jacobian weight              =     0.070000
mix.SCF:    Weight prime                         =     0.070000
mix.SCF:    SVD condition                        = 0.1000E-07
mix.SCF: Spin-component mixing                   all
redata: ***********************************************************************

%block SCF.Mixers
  Broyden
%endblock SCF.Mixers

%block SCF.Mixer.Broyden
  # Mixing method
  method broyden

  # Mixing options
  weight 0.0700
  weight.linear 0.0700
  weight.prime 0.0700
  history 8
%endblock SCF.Mixer.Broyden

DM_history_depth set to one: no extrapolation allowed by default for geometry relaxation
Size of DM history Fstack: 1
Total number of electrons:    57.000000
Total ionic charge:    57.000000

* ProcessorY, Blocksize:    6   2


* Orbital distribution balance (max,min):     4     2

k-point displ. along   1 input, could be:     0.00    0.50
k-point displ. along   3 input, could be:     0.00    0.50
 Kpoints in:           48 . Kpoints trimmed:           41

siesta: k-grid: Number of k-points = 41
siesta: k-points from Monkhorst-Pack grid
siesta: k-cutoff (effective) =     7.040 Ang
siesta: k-point supercell and displacements
siesta: k-grid:     6     0     0      0.000
siesta: k-grid:     0     3     0      0.000
siesta: k-grid:     0     0     4      0.000
k-point displ. along   1 input, could be:     0.00    0.50
k-point displ. along   3 input, could be:     0.00    0.50
 Kpoints in:           48 . Kpoints trimmed:           41

siesta: PDOS k-grid: Number of k-points = 41
siesta: PDOS k-points from Monkhorst-Pack grid
siesta: PDOS k-cutoff (effective) =     0.000 Ang
siesta: PDOS k-point supercell and displacements
siesta: k-grid:     6     0     0      0.000
siesta: k-grid:     0     3     0      0.000
siesta: k-grid:     0     0     4      0.000

diag: Algorithm                                     = D&C
diag: Parallel over k                               =   F
diag: Use parallel 2D distribution                  =   T
diag: Parallel block-size                           = 2
diag: Parallel distribution                         =     6 x     6
diag: Used triangular part                          = Lower
diag: Absolute tolerance                            =  0.100E-15
diag: Orthogonalization factor                      =  0.100E-05
diag: Memory factor                                 =  1.0000
diag: The diagonalization method chosen cannot compute a reduced number of eigenvectors.
diag: Resetting neigwanted 51 to 91

superc: Internal auxiliary supercell:    13 x     7 x     9  =     819
superc: Number of atoms, orbitals, and projectors:   3276  74529  58968


ts: **************************************************************
ts: Save H and S matrices                           =    F
ts: Save DM and EDM matrices                        =    F
ts: Only save the overlap matrix S                  =    F
ts: **************************************************************

************************ Begin: TS CHECKS AND WARNINGS ************************
************************ End: TS CHECKS AND WARNINGS **************************


                     ====================================
                        Begin CG opt. move =      0
                     ====================================

superc: Internal auxiliary supercell:    13 x     7 x     9  =     819
superc: Number of atoms, orbitals, and projectors:   3276  74529  58968

outcell: Unit cell vectors (Ang):
        2.489016    0.000000    0.000000
        0.000000    4.978032    0.000000
        0.000000    0.000000    3.520000

outcell: Cell vector modules (Ang)   :    2.489016    4.978032    3.520000
outcell: Cell angles (23,13,12) (deg):     90.0000     90.0000     90.0000
outcell: Cell volume (Ang**3)        :     43.6142
<dSpData1D:S at geom step 0
  <sparsity:sparsity for geom step 0
    nrows_g=91 nrows=4 sparsity=3.1361 nnzs=25970, refcount: 7>
  <dData1D:(new from dSpData1D) n=25970, refcount: 1>
refcount: 1>
new_DM -- step:     1
Initializing Density Matrix...
DM filled with atomic data:
<dSpData2D:DM initialized from atoms
  <sparsity:sparsity for geom step 0
    nrows_g=91 nrows=4 sparsity=3.1361 nnzs=25970, refcount: 8>
  <dData2D:DM n=25970 m=2, refcount: 1>
refcount: 1>
No. of atoms with KB's overlaping orbs in proc 0. Max # of overlaps:     104    1772

InitMesh: MESH = 30 x 54 x 40 = 64800
InitMesh: Mesh cutoff (required, used) =   300.000   325.218 Ry
New grid distribution [1]: sub = 2
New grid distribution [2]: sub = 2
New grid distribution [3]: sub = 2
Setting up quadratic distribution...

stepf: Fermi-Dirac step function

siesta: Program's energy decomposition (eV):
siesta: Ebs     =     -1567.881797
siesta: Eions   =     12546.310968
siesta: Ena     =       568.982312
siesta: Ekin    =      7222.433459
siesta: Enl     =     -3788.820816
siesta: Eso     =         0.000000
siesta: Edftu   =         0.000000
siesta: DEna    =        35.245774
siesta: DUscf   =         0.845653
siesta: DUext   =         0.000000
siesta: Ex      =     -2142.668999
siesta: Ec      =      -132.120492
siesta: Exc     =     -2274.789491
siesta: EbV     =         0.000000
siesta: eta*DQ  =         0.000000
siesta: Emadel  =         0.000000
siesta: Emeta   =         0.000000
siesta: Emolmec =         0.000000
siesta: Ekinion =         0.000000
siesta: Eharris =    -10743.952811
siesta: Etot    =    -10782.414077
siesta: FreeEng =    -10782.417948

        iscf     Eharris(eV)        E_KS(eV)     FreeEng(eV)     dDmax    Ef(eV) dHmax(eV)
   scf:    1   -10743.952811   -10782.414077   -10782.417948 14.794973 -6.204238  2.276316
     spin moment: {S} , |S| = {        0.0        0.0   -0.33378 }    -0.33378
timer: Routine,Calls,Time,% = IterSCF        1       5.203  20.44
   scf:    2   -10782.574854   -10782.498717   -10782.502507  0.510590 -6.253228  1.787843
     spin moment: {S} , |S| = {        0.0        0.0   -0.31668 }    -0.31668
   scf:    3   -10782.667726   -10782.585573   -10782.589434  0.621569 -6.303028  1.535307
     spin moment: {S} , |S| = {        0.0        0.0   -0.29081 }    -0.29081
   scf:    4   -10782.979516   -10782.795591   -10782.797604  2.303419 -6.467574  0.656130
     spin moment: {S} , |S| = {        0.0        0.0   -0.22444 }    -0.22444
   scf:    5   -10782.845587   -10782.823006   -10782.825063  0.357936 -6.515234  0.474473
     spin moment: {S} , |S| = {        0.0        0.0   -0.21831 }    -0.21831
   scf:    6   -10782.869349   -10782.847967   -10782.850484  0.454154 -6.562609  0.521662
     spin moment: {S} , |S| = {        0.0        0.0   -0.16671 }    -0.16671
   scf:    7   -10782.851004   -10782.853640   -10782.857518  0.515677 -6.504323  0.391721
     spin moment: {S} , |S| = {        0.0        0.0   -0.13777 }    -0.13777
   scf:    8   -10782.859923   -10782.857034   -10782.861699  0.111920 -6.501333  0.305966
     spin moment: {S} , |S| = {        0.0        0.0   -0.11909 }    -0.11909
   scf:    9   -10782.859654   -10782.858661   -10782.863603  0.081863 -6.506403  0.133055
     spin moment: {S} , |S| = {        0.0        0.0   -0.11181 }    -0.11181
   scf:   10   -10782.859111   -10782.858914   -10782.864282  0.038238 -6.506826  0.064620
     spin moment: {S} , |S| = {        0.0        0.0   -0.09801 }    -0.09801
   scf:   11   -10782.858797   -10782.858878   -10782.864444  0.021273 -6.508635  0.034902
     spin moment: {S} , |S| = {        0.0        0.0   -0.09103 }    -0.09103
   scf:   12   -10782.858685   -10782.858774   -10782.864570  0.016626 -6.507404  0.033222
     spin moment: {S} , |S| = {        0.0        0.0   -0.08255 }    -0.08255
   scf:   13   -10782.858313   -10782.858555   -10782.864686  0.026589 -6.503646  0.053383
     spin moment: {S} , |S| = {        0.0        0.0   -0.06717 }    -0.06717
   scf:   14   -10782.858574   -10782.858583   -10782.864730  0.013355 -6.505413  0.012225
     spin moment: {S} , |S| = {        0.0        0.0   -0.06666 }    -0.06666
   scf:   15   -10782.858396   -10782.858483   -10782.864783  0.013675 -6.504918  0.009975
     spin moment: {S} , |S| = {        0.0        0.0   -0.05836 }    -0.05836
   scf:   16   -10782.858474   -10782.858479   -10782.864785  0.001080 -6.504941  0.009429
     spin moment: {S} , |S| = {        0.0        0.0   -0.05799 }    -0.05799
   scf:   17   -10782.858416   -10782.858447   -10782.864798  0.005208 -6.504912  0.008722
     spin moment: {S} , |S| = {        0.0        0.0   -0.05517 }    -0.05517
   scf:   18   -10782.858293   -10782.858366   -10782.864829  0.012807 -6.504828  0.007598
     spin moment: {S} , |S| = {        0.0        0.0   -0.04744 }    -0.04744
   scf:   19   -10782.858301   -10782.858333   -10782.864842  0.005571 -6.504756  0.006949
     spin moment: {S} , |S| = {        0.0        0.0   -0.04374 }    -0.04374
   scf:   20   -10782.858209   -10782.858265   -10782.864871  0.013714 -6.504546  0.005261
     spin moment: {S} , |S| = {        0.0        0.0   -0.03485 }    -0.03485
   scf:   21   -10782.858131   -10782.858156   -10782.864912  0.034309 -6.504259  0.002116
     spin moment: {S} , |S| = {        0.0        0.0   -0.01143 }    -0.01143
   scf:   22   -10782.858139   -10782.858144   -10782.864916  0.010121 -6.504240  0.001463
     spin moment: {S} , |S| = {        0.0        0.0   -0.00413 }    -0.00413
   scf:   23   -10782.858142   -10782.858142   -10782.864917  0.002913 -6.504216  0.001313
     spin moment: {S} , |S| = {        0.0        0.0   -0.00201 }    -0.00201
   scf:   24   -10782.858142   -10782.858142   -10782.864917  0.002513 -6.504184  0.000964
     spin moment: {S} , |S| = {        0.0        0.0   -0.00020 }    -0.00020
   scf:   25   -10782.858143   -10782.858142   -10782.864917  0.001395 -6.504159  0.000792
     spin moment: {S} , |S| = {        0.0        0.0    0.00071 }     0.00071
   scf:   26   -10782.858143   -10782.858142   -10782.864917  0.000505 -6.504146  0.000633
     spin moment: {S} , |S| = {        0.0        0.0    0.00077 }     0.00077
   scf:   27   -10782.858143   -10782.858142   -10782.864917  0.000201 -6.504141  0.000477
     spin moment: {S} , |S| = {        0.0        0.0    0.00067 }     0.00067

SCF Convergence by DM criterion
max |DM_out - DM_in|         :     0.0002008718
max |H_out - H_in|      (eV) :     0.0004767886
SCF cycle converged after 27 iterations

Using DM_out to compute the final energy and forces
No. of atoms with KB's overlaping orbs in proc 0. Max # of overlaps:     104    1772

siesta: E_KS(eV) =           -10782.8581

siesta: E_KS - E_eggbox =    -10782.8581

siesta: Atomic forces (eV/Ang):
     1   -0.000000   -2.095033    0.000000
     2    0.000000    2.095041    0.000000
     3   -0.000000    0.000001   -0.000000
     4    0.000000   -0.000008   -0.000000
----------------------------------------
   Tot    0.000000    0.000001    0.000000
----------------------------------------
   Max    2.095041
   Res    0.855295    sqrt( Sum f_i^2 / 3N )
----------------------------------------
   Max    2.095041    constrained

Stress tensor Voigt[x,y,z,yz,xz,xy] (kbar):     -676.32     -595.36     -468.07       -0.00       -0.00       -0.00
(Free)E + p*V (eV/cell)   -10767.0784
Target enthalpy (eV/cell)   -10782.8649

siesta: Stress tensor (static) (eV/Ang**3):
        -0.422127   -0.000000   -0.000000
        -0.000000   -0.371597   -0.000000
        -0.000000   -0.000000   -0.292148

siesta: Pressure (static):        579.91990201  kBar

siesta: Stress tensor (total) (eV/Ang**3):
        -0.422127   -0.000000   -0.000000
        -0.000000   -0.371597   -0.000000
        -0.000000   -0.000000   -0.292148

siesta: Pressure (total):        579.91990201  kBar

cgvc: No target stress found, assuming hydrostatic MD.TargetPressure.

cgvc: Target stress (kBar)
cgvc:        -0.000       0.000       0.000
cgvc:         0.000      -0.000       0.000
cgvc:         0.000       0.000      -0.000

                     ====================================
                        Begin CG opt. move =      1
                     ====================================
k-point displ. along   1 input, could be:     0.00    0.50
k-point displ. along   3 input, could be:     0.00    0.50
 Kpoints in:           48 . Kpoints trimmed:           41

siesta: k-grid: Number of k-points = 41
siesta: k-points from Monkhorst-Pack grid
siesta: k-cutoff (effective) =     7.101 Ang
siesta: k-point supercell and displacements
siesta: k-grid:     6     0     0      0.000
siesta: k-grid:     0     3     0      0.000
siesta: k-grid:     0     0     4      0.000

superc: Internal auxiliary supercell:    13 x     7 x     9  =     819
superc: Number of atoms, orbitals, and projectors:   3276  74529  58968

outcell: Unit cell vectors (Ang):
        2.519946    0.000000    0.000000
        0.000000    5.032488    0.000000
        0.000000    0.000000    3.550274

outcell: Cell vector modules (Ang)   :    2.519946    5.032488    3.550274
outcell: Cell angles (23,13,12) (deg):     90.0000     90.0000     90.0000
outcell: Cell volume (Ang**3)        :     45.0231
<dSpData1D:S at geom step 1
  <sparsity:sparsity for geom step 1
    nrows_g=91 nrows=4 sparsity=3.0438 nnzs=25206, refcount: 7>
  <dData1D:(new from dSpData1D) n=25206, refcount: 1>
refcount: 1>
new_DM -- step:     2
Re-using DM from previous geometries...
Number of DMs in history: 1
 DM extrapolation coefficients: 
1   1.00000
New DM after history re-use:
<dSpData2D:SpM extrapolated using coords
  <sparsity:sparsity for geom step 1
    nrows_g=91 nrows=4 sparsity=3.0438 nnzs=25206, refcount: 9>
  <dData2D:(temp array for extrapolation) n=25206 m=2, refcount: 1>
refcount: 1>
Note: For starting DM, Qtot, Tr[D*S] =         57.00000000         57.14142316
No. of atoms with KB's overlaping orbs in proc 0. Max # of overlaps:     104    1632

InitMesh: MESH = 30 x 54 x 40 = 64800
InitMesh: Mesh cutoff (required, used) =   300.000   318.218 Ry
New grid distribution [1]: sub = 2
New grid distribution [2]: sub = 2
New grid distribution [3]: sub = 2
Setting up quadratic distribution...

        iscf     Eharris(eV)        E_KS(eV)     FreeEng(eV)     dDmax    Ef(eV) dHmax(eV)
   scf:    1   -10786.036206   -10783.104712   -10783.109609  1.766601 -6.657835  4.227154
     spin moment: {S} , |S| = {        0.0        0.0    0.00029 }     0.00029
   scf:    2   -10684.787508   -10751.425542   -10751.433841  8.662831 -5.117236 39.181762
     spin moment: {S} , |S| = {        0.0        0.0    0.00030 }     0.00030
   scf:    3   -10784.788116   -10783.409441   -10783.415394  8.155232 -6.544553  1.250449
     spin moment: {S} , |S| = {        0.0        0.0    0.00044 }     0.00044
   scf:    4   -10783.382722   -10783.427591   -10783.434456  0.411503 -6.461532  0.686429
     spin moment: {S} , |S| = {        0.0        0.0    0.00053 }     0.00053
   scf:    5   -10783.360074   -10783.421375   -10783.427792  0.205400 -6.519067  1.028479
     spin moment: {S} , |S| = {        0.0        0.0    0.00042 }     0.00042
   scf:    6   -10783.449443   -10783.439184   -10783.445885  0.143878 -6.490218  0.357842
     spin moment: {S} , |S| = {        0.0        0.0    0.00044 }     0.00044
   scf:    7   -10783.441120   -10783.441656   -10783.448473  0.065656 -6.473944  0.051423
     spin moment: {S} , |S| = {        0.0        0.0    0.00043 }     0.00043
   scf:    8   -10783.440558   -10783.441203   -10783.448047  0.015472 -6.469660  0.152910
     spin moment: {S} , |S| = {        0.0        0.0    0.00041 }     0.00041
   scf:    9   -10783.441935   -10783.441673   -10783.448486  0.017095 -6.473818  0.045799
     spin moment: {S} , |S| = {        0.0        0.0    0.00039 }     0.00039
   scf:   10   -10783.441753   -10783.441732   -10783.448531  0.006599 -6.475542  0.000916
     spin moment: {S} , |S| = {        0.0        0.0    0.00037 }     0.00037
   scf:   11   -10783.441733   -10783.441732   -10783.448531  0.000200 -6.475547  0.000518
     spin moment: {S} , |S| = {        0.0        0.0    0.00036 }     0.00036

SCF Convergence by DM criterion
max |DM_out - DM_in|         :     0.0001996253
max |H_out - H_in|      (eV) :     0.0005183890
SCF cycle converged after 11 iterations

Using DM_out to compute the final energy and forces
No. of atoms with KB's overlaping orbs in proc 0. Max # of overlaps:     104    1632

siesta: E_KS(eV) =           -10783.4417

siesta: Atomic forces (eV/Ang):
     1    0.000000   -1.057126   -0.000000
     2   -0.000000    1.057123   -0.000000
     3    0.000000    0.000002    0.000000
     4   -0.000000   -0.000001    0.000000
----------------------------------------
   Tot    0.000000   -0.000002   -0.000000
----------------------------------------
   Max    1.057126
   Res    0.431569    sqrt( Sum f_i^2 / 3N )
----------------------------------------
   Max    1.057126    constrained

Stress tensor Voigt[x,y,z,yz,xz,xy] (kbar):     -563.58     -500.41     -363.47        0.00        0.00        0.00
(Free)E + p*V (eV/cell)   -10770.0774
Target enthalpy (eV/cell)   -10783.4485

siesta: Stress tensor (static) (eV/Ang**3):
        -0.351758    0.000000    0.000000
         0.000000   -0.312330    0.000000
         0.000000    0.000000   -0.226860

siesta: Pressure (static):        475.81905613  kBar

siesta: Stress tensor (total) (eV/Ang**3):
        -0.351758    0.000000    0.000000
         0.000000   -0.312330    0.000000
         0.000000    0.000000   -0.226860

siesta: Pressure (total):        475.81905613  kBar

                     ====================================
                        Begin CG opt. move =      2
                     ====================================
k-point displ. along   1 input, could be:     0.00    0.50
k-point displ. along   3 input, could be:     0.00    0.50
 Kpoints in:           48 . Kpoints trimmed:           41

siesta: k-grid: Number of k-points = 41
siesta: k-points from Monkhorst-Pack grid
siesta: k-cutoff (effective) =     7.197 Ang
siesta: k-point supercell and displacements
siesta: k-grid:     6     0     0      0.000
siesta: k-grid:     0     3     0      0.000
siesta: k-grid:     0     0     4      0.000

superc: Internal auxiliary supercell:    13 x     7 x     9  =     819
superc: Number of atoms, orbitals, and projectors:   3276  74529  58968

outcell: Unit cell vectors (Ang):
        2.569435    0.000000    0.000000
        0.000000    5.119617    0.000000
        0.000000    0.000000    3.598711

outcell: Cell vector modules (Ang)   :    2.569435    5.119617    3.598711
outcell: Cell angles (23,13,12) (deg):     90.0000     90.0000     90.0000
outcell: Cell volume (Ang**3)        :     47.3393
<dSpData1D:S at geom step 2
  <sparsity:sparsity for geom step 2
    nrows_g=91 nrows=4 sparsity=2.9685 nnzs=24582, refcount: 7>
  <dData1D:(new from dSpData1D) n=24582, refcount: 1>
refcount: 1>
new_DM -- step:     3
Re-using DM from previous geometries...
Number of DMs in history: 1
 DM extrapolation coefficients: 
1   1.00000
New DM after history re-use:
<dSpData2D:SpM extrapolated using coords
  <sparsity:sparsity for geom step 2
    nrows_g=91 nrows=4 sparsity=2.9685 nnzs=24582, refcount: 9>
  <dData2D:(temp array for extrapolation) n=24582 m=2, refcount: 1>
refcount: 1>
Note: For starting DM, Qtot, Tr[D*S] =         57.00000000         57.23541763
No. of atoms with KB's overlaping orbs in proc 0. Max # of overlaps:     104    1602

InitMesh: MESH = 30 x 54 x 40 = 64800
InitMesh: Mesh cutoff (required, used) =   300.000   307.478 Ry
New grid distribution [1]: sub = 2
New grid distribution [2]: sub = 2
New grid distribution [3]: sub = 2
Setting up quadratic distribution...

        iscf     Eharris(eV)        E_KS(eV)     FreeEng(eV)     dDmax    Ef(eV) dHmax(eV)
   scf:    1   -10785.625383   -10782.721587   -10782.727064  2.113007 -6.658824  8.341775
     spin moment: {S} , |S| = {        0.0        0.0    0.00017 }     0.00017
   scf:    2   -10207.409492   -10595.998996   -10596.010080 21.156071 -3.094453 93.477976
     spin moment: {S} , |S| = {        0.0        0.0    0.00018 }     0.00018
   scf:    3   -10788.643668   -10783.888830   -10783.896339 20.651427 -6.497681  3.059781
     spin moment: {S} , |S| = {        0.0        0.0    0.00020 }     0.00020
   scf:    4   -10783.478962   -10783.948002   -10783.955901  0.805157 -6.347318  2.397467
     spin moment: {S} , |S| = {        0.0        0.0    0.00024 }     0.00024
   scf:    5   -10784.066893   -10784.011973   -10784.019782  0.143860 -6.361343  1.732102
     spin moment: {S} , |S| = {        0.0        0.0    0.00021 }     0.00021
   scf:    6   -10784.067373   -10784.077261   -10784.085340  0.374427 -6.405843  0.249679
     spin moment: {S} , |S| = {        0.0        0.0    0.00017 }     0.00017
   scf:    7   -10784.078219   -10784.077768   -10784.085849  0.012344 -6.403752  0.191446
     spin moment: {S} , |S| = {        0.0        0.0    0.00016 }     0.00016
   scf:    8   -10784.078862   -10784.078486   -10784.086557  0.020227 -6.399807  0.052624
     spin moment: {S} , |S| = {        0.0        0.0    0.00014 }     0.00014
   scf:    9   -10784.078595   -10784.078561   -10784.086623  0.008451 -6.398702  0.009446
     spin moment: {S} , |S| = {        0.0        0.0    0.00013 }     0.00013
   scf:   10   -10784.078580   -10784.078572   -10784.086628  0.003139 -6.398728  0.002120
     spin moment: {S} , |S| = {        0.0        0.0    0.00012 }     0.00012
   scf:   11   -10784.078576   -10784.078574   -10784.086628  0.001082 -6.398789  0.000492
     spin moment: {S} , |S| = {        0.0        0.0    0.00011 }     0.00011
   scf:   12   -10784.078575   -10784.078574   -10784.086628  0.000214 -6.398792  0.000382
     spin moment: {S} , |S| = {        0.0        0.0    0.00011 }     0.00011

SCF Convergence by DM criterion
max |DM_out - DM_in|         :     0.0002142932
max |H_out - H_in|      (eV) :     0.0003821794
SCF cycle converged after 12 iterations

Using DM_out to compute the final energy and forces
No. of atoms with KB's overlaping orbs in proc 0. Max # of overlaps:     104    1602

siesta: E_KS(eV) =           -10784.0786

siesta: Atomic forces (eV/Ang):
     1   -0.000000    0.292305    0.000000
     2    0.000000   -0.292308    0.000000
     3    0.000000   -0.000000   -0.000000
     4    0.000000    0.000003    0.000000
----------------------------------------
   Tot    0.000000   -0.000000    0.000000
----------------------------------------
   Max    0.292308
   Res    0.119334    sqrt( Sum f_i^2 / 3N )
----------------------------------------
   Max    0.292308    constrained

Stress tensor Voigt[x,y,z,yz,xz,xy] (kbar):     -399.80     -391.21     -223.96        0.00       -0.00        0.00
(Free)E + p*V (eV/cell)   -10774.0901
Target enthalpy (eV/cell)   -10784.0866

siesta: Stress tensor (static) (eV/Ang**3):
        -0.249538    0.000000   -0.000000
         0.000000   -0.244177    0.000000
        -0.000000    0.000000   -0.139786

siesta: Pressure (static):        338.32658276  kBar

siesta: Stress tensor (total) (eV/Ang**3):
        -0.249538    0.000000   -0.000000
         0.000000   -0.244177    0.000000
        -0.000000    0.000000   -0.139786

siesta: Pressure (total):        338.32658276  kBar

                     ====================================
                        Begin CG opt. move =      3
                     ====================================
k-point displ. along   1 input, could be:     0.00    0.50
k-point displ. along   3 input, could be:     0.00    0.50
 Kpoints in:           48 . Kpoints trimmed:           41

siesta: k-grid: Number of k-points = 41
siesta: k-points from Monkhorst-Pack grid
siesta: k-cutoff (effective) =     7.301 Ang
siesta: k-point supercell and displacements
siesta: k-grid:     6     0     0      0.000
siesta: k-grid:     0     3     0      0.000
siesta: k-grid:     0     0     4      0.000

superc: Internal auxiliary supercell:    13 x     7 x     9  =     819
superc: Number of atoms, orbitals, and projectors:   3276  74529  58968

outcell: Unit cell vectors (Ang):
        2.622121    0.000000    0.000000
        0.000000    5.212375    0.000000
        0.000000    0.000000    3.650277

outcell: Cell vector modules (Ang)   :    2.622121    5.212375    3.650277
outcell: Cell angles (23,13,12) (deg):     90.0000     90.0000     90.0000
outcell: Cell volume (Ang**3)        :     49.8901
<dSpData1D:S at geom step 3
  <sparsity:sparsity for geom step 3
    nrows_g=91 nrows=4 sparsity=2.8823 nnzs=23868, refcount: 7>
  <dData1D:(new from dSpData1D) n=23868, refcount: 1>
refcount: 1>
new_DM -- step:     4
Re-using DM from previous geometries...
Number of DMs in history: 1
 DM extrapolation coefficients: 
1   1.00000
New DM after history re-use:
<dSpData2D:SpM extrapolated using coords
  <sparsity:sparsity for geom step 3
    nrows_g=91 nrows=4 sparsity=2.8823 nnzs=23868, refcount: 9>
  <dData2D:(temp array for extrapolation) n=23868 m=2, refcount: 1>
refcount: 1>
Note: For starting DM, Qtot, Tr[D*S] =         57.00000000         57.25003862
No. of atoms with KB's overlaping orbs in proc 0. Max # of overlaps:     102    1534

InitMesh: MESH = 30 x 60 x 40 = 72000
InitMesh: Mesh cutoff (required, used) =   300.000   331.872 Ry
New grid distribution [1]: sub = 2
New grid distribution [2]: sub = 2
New grid distribution [3]: sub = 2
Setting up quadratic distribution...

        iscf     Eharris(eV)        E_KS(eV)     FreeEng(eV)     dDmax    Ef(eV) dHmax(eV)
   scf:    1   -10785.041029   -10782.711274   -10782.715780  2.225525 -6.596859  9.440357
     spin moment: {S} , |S| = {        0.0        0.0    0.00004 }     0.00004
   scf:    2    -9976.862666   -10520.857473   -10520.866552 19.820400 -2.527983110.622138
     spin moment: {S} , |S| = {        0.0        0.0    0.00003 }     0.00003
   scf:    3   -10787.103874   -10784.095959   -10784.100707 19.801541 -6.448605  4.076901
     spin moment: {S} , |S| = {        0.0        0.0    0.00004 }     0.00004
   scf:    4   -10784.112512   -10784.377054   -10784.382521  0.531111 -6.260189  1.518903
     spin moment: {S} , |S| = {        0.0        0.0    0.00004 }     0.00004
   scf:    5   -10784.351294   -10784.416754   -10784.422391  0.318785 -6.331533  0.913751
     spin moment: {S} , |S| = {        0.0        0.0    0.00004 }     0.00004
   scf:    6   -10784.164047   -10784.359427   -10784.365290  0.268443 -6.236387  1.898845
     spin moment: {S} , |S| = {        0.0        0.0    0.00003 }     0.00003
   scf:    7   -10784.425204   -10784.433383   -10784.438945  0.233210 -6.298448  0.230173
     spin moment: {S} , |S| = {        0.0        0.0    0.00003 }     0.00003
   scf:    8   -10784.433732   -10784.433571   -10784.439164  0.016712 -6.296745  0.199181
     spin moment: {S} , |S| = {        0.0        0.0    0.00002 }     0.00002
   scf:    9   -10784.433363   -10784.433469   -10784.439094  0.003870 -6.297211  0.210792
     spin moment: {S} , |S| = {        0.0        0.0    0.00002 }     0.00002
   scf:   10   -10784.434383   -10784.434379   -10784.440002  0.022353 -6.290096  0.012804
     spin moment: {S} , |S| = {        0.0        0.0    0.00002 }     0.00002
   scf:   11   -10784.434375   -10784.434378   -10784.440005  0.001284 -6.290462  0.002081
     spin moment: {S} , |S| = {        0.0        0.0    0.00002 }     0.00002
   scf:   12   -10784.434378   -10784.434378   -10784.440005  0.000262 -6.290512  0.000570
     spin moment: {S} , |S| = {        0.0        0.0    0.00002 }     0.00002

SCF Convergence by DM criterion
max |DM_out - DM_in|         :     0.0002619014
max |H_out - H_in|      (eV) :     0.0005701931
SCF cycle converged after 12 iterations

Using DM_out to compute the final energy and forces
No. of atoms with KB's overlaping orbs in proc 0. Max # of overlaps:     102    1534

siesta: E_KS(eV) =           -10784.4344

siesta: Atomic forces (eV/Ang):
     1    0.000000    1.565124   -0.000000
     2   -0.000000   -1.565128   -0.000000
     3    0.000000   -0.000003   -0.000000
     4   -0.000000    0.000017   -0.000000
----------------------------------------
   Tot   -0.000000    0.000009   -0.000000
----------------------------------------
   Max    1.565128
   Res    0.638960    sqrt( Sum f_i^2 / 3N )
----------------------------------------
   Max    1.565128    constrained

Stress tensor Voigt[x,y,z,yz,xz,xy] (kbar):     -259.22     -340.96     -112.43        0.00       -0.00        0.00
(Free)E + p*V (eV/cell)   -10777.0434
Target enthalpy (eV/cell)   -10784.4400

siesta: Stress tensor (static) (eV/Ang**3):
        -0.161790    0.000000   -0.000000
         0.000000   -0.212810    0.000000
        -0.000000    0.000000   -0.070172

siesta: Pressure (static):        237.53439728  kBar

siesta: Stress tensor (total) (eV/Ang**3):
        -0.161790    0.000000   -0.000000
         0.000000   -0.212810    0.000000
        -0.000000    0.000000   -0.070172

siesta: Pressure (total):        237.53439728  kBar

                     ====================================
                        Begin CG opt. move =      4
                     ====================================
k-point displ. along   1 input, could be:     0.00    0.50
k-point displ. along   3 input, could be:     0.00    0.50
 Kpoints in:           48 . Kpoints trimmed:           41

siesta: k-grid: Number of k-points = 41
siesta: k-points from Monkhorst-Pack grid
siesta: k-cutoff (effective) =     7.404 Ang
siesta: k-point supercell and displacements
siesta: k-grid:     6     0     0      0.000
siesta: k-grid:     0     3     0      0.000
siesta: k-grid:     0     0     4      0.000

superc: Internal auxiliary supercell:    11 x     7 x     9  =     693
superc: Number of atoms, orbitals, and projectors:   2772  63063  49896

outcell: Unit cell vectors (Ang):
        2.674806    0.000000    0.000000
        0.000000    5.305132    0.000000
        0.000000    0.000000    3.701843

outcell: Cell vector modules (Ang)   :    2.674806    5.305132    3.701843
outcell: Cell angles (23,13,12) (deg):     90.0000     90.0000     90.0000
outcell: Cell volume (Ang**3)        :     52.5299
<dSpData1D:S at geom step 4
  <sparsity:sparsity for geom step 4
    nrows_g=91 nrows=4 sparsity=2.6190 nnzs=21688, refcount: 7>
  <dData1D:(new from dSpData1D) n=21688, refcount: 1>
refcount: 1>
new_DM -- step:     5
Re-using DM from previous geometries...
Number of DMs in history: 1
 DM extrapolation coefficients: 
1   1.00000
New DM after history re-use:
<dSpData2D:SpM extrapolated using coords
  <sparsity:sparsity for geom step 4
    nrows_g=91 nrows=4 sparsity=2.6190 nnzs=21688, refcount: 9>
  <dData2D:(temp array for extrapolation) n=21688 m=2, refcount: 1>
refcount: 1>
Note: For starting DM, Qtot, Tr[D*S] =         57.00000000         57.19615366
No. of atoms with KB's overlaping orbs in proc 0. Max # of overlaps:      94    1404

InitMesh: MESH = 30 x 60 x 40 = 72000
InitMesh: Mesh cutoff (required, used) =   300.000   322.690 Ry
New grid distribution [1]: sub = 2
New grid distribution [2]: sub = 2
New grid distribution [3]: sub = 2
Setting up quadratic distribution...

        iscf     Eharris(eV)        E_KS(eV)     FreeEng(eV)     dDmax    Ef(eV) dHmax(eV)
   scf:    1   -10786.289852   -10783.453655   -10783.457271  1.500360 -6.398334  7.314838
     spin moment: {S} , |S| = {        0.0        0.0    0.00000 }     0.00000
   scf:    2   -10282.458582   -10620.563438   -10620.572981 12.525330 -3.339295 87.763001
     spin moment: {S} , |S| = {        0.0        0.0    0.00000 }     0.00000
   scf:    3   -10786.988765   -10784.307462   -10784.311105 12.562422 -6.299806  2.992226
     spin moment: {S} , |S| = {        0.0        0.0    0.00000 }     0.00000
   scf:    4   -10783.685438   -10784.303872   -10784.309246  0.325177 -6.134687  2.966684
     spin moment: {S} , |S| = {        0.0        0.0    0.00001 }     0.00001
   scf:    5   -10784.461001   -10784.486210   -10784.489902  0.307877 -6.218483  0.437713
     spin moment: {S} , |S| = {        0.0        0.0    0.00000 }     0.00000
   scf:    6   -10784.443605   -10784.477121   -10784.481110  0.082195 -6.187675  0.749256
     spin moment: {S} , |S| = {        0.0        0.0    0.00000 }     0.00000
   scf:    7   -10784.488819   -10784.489901   -10784.493665  0.101305 -6.205293  0.099398
     spin moment: {S} , |S| = {        0.0        0.0    0.00000 }     0.00000
   scf:    8   -10784.488462   -10784.489282   -10784.493026  0.009835 -6.207724  0.202522
     spin moment: {S} , |S| = {        0.0        0.0    0.00000 }     0.00000
   scf:    9   -10784.489579   -10784.489434   -10784.493183  0.002299 -6.207425  0.184805
     spin moment: {S} , |S| = {        0.0        0.0    0.00000 }     0.00000
   scf:   10   -10784.490189   -10784.490087   -10784.493877  0.012787 -6.203193  0.009413
     spin moment: {S} , |S| = {        0.0        0.0    0.00000 }     0.00000
   scf:   11   -10784.490080   -10784.490085   -10784.493879  0.001069 -6.202881  0.003984
     spin moment: {S} , |S| = {        0.0        0.0    0.00000 }     0.00000
   scf:   12   -10784.490087   -10784.490086   -10784.493879  0.000267 -6.202980  0.000545
     spin moment: {S} , |S| = {        0.0        0.0    0.00000 }     0.00000

SCF Convergence by DM criterion
max |DM_out - DM_in|         :     0.0002669797
max |H_out - H_in|      (eV) :     0.0005452393
SCF cycle converged after 12 iterations

Using DM_out to compute the final energy and forces
No. of atoms with KB's overlaping orbs in proc 0. Max # of overlaps:      94    1404

siesta: E_KS(eV) =           -10784.4901

siesta: Atomic forces (eV/Ang):
     1   -0.000000    3.150785   -0.000000
     2   -0.000000   -3.150790   -0.000000
     3    0.000000    0.000000   -0.000000
     4   -0.000000    0.000015    0.000000
----------------------------------------
   Tot   -0.000000    0.000009    0.000000
----------------------------------------
   Max    3.150790
   Res    1.286304    sqrt( Sum f_i^2 / 3N )
----------------------------------------
   Max    3.150790    constrained

Stress tensor Voigt[x,y,z,yz,xz,xy] (kbar):     -165.76     -306.49      -44.56       -0.00        0.00        0.00
(Free)E + p*V (eV/cell)   -10778.8458
Target enthalpy (eV/cell)   -10784.4939

siesta: Stress tensor (static) (eV/Ang**3):
        -0.103460    0.000000    0.000000
         0.000000   -0.191295   -0.000000
         0.000000   -0.000000   -0.027809

siesta: Pressure (static):        172.26857375  kBar

siesta: Stress tensor (total) (eV/Ang**3):
        -0.103460    0.000000    0.000000
         0.000000   -0.191295   -0.000000
         0.000000   -0.000000   -0.027809

siesta: Pressure (total):        172.26857375  kBar

                     ====================================
                        Begin CG opt. move =      5
                     ====================================
k-point displ. along   1 input, could be:     0.00    0.50
k-point displ. along   3 input, could be:     0.00    0.50
 Kpoints in:           48 . Kpoints trimmed:           41

siesta: k-grid: Number of k-points = 41
siesta: k-points from Monkhorst-Pack grid
siesta: k-cutoff (effective) =     7.376 Ang
siesta: k-point supercell and displacements
siesta: k-grid:     6     0     0      0.000
siesta: k-grid:     0     3     0      0.000
siesta: k-grid:     0     0     4      0.000

superc: Internal auxiliary supercell:    11 x     7 x     9  =     693
superc: Number of atoms, orbitals, and projectors:   2772  63063  49896

outcell: Unit cell vectors (Ang):
        2.660785    0.000000    0.000000
        0.000000    5.280447    0.000000
        0.000000    0.000000    3.688121

outcell: Cell vector modules (Ang)   :    2.660785    5.280447    3.688121
outcell: Cell angles (23,13,12) (deg):     90.0000     90.0000     90.0000
outcell: Cell volume (Ang**3)        :     51.8186
<dSpData1D:S at geom step 5
  <sparsity:sparsity for geom step 5
    nrows_g=91 nrows=4 sparsity=2.7436 nnzs=22720, refcount: 7>
  <dData1D:(new from dSpData1D) n=22720, refcount: 1>
refcount: 1>
new_DM -- step:     6
Re-using DM from previous geometries...
Number of DMs in history: 1
 DM extrapolation coefficients: 
1   1.00000
New DM after history re-use:
<dSpData2D:SpM extrapolated using coords
  <sparsity:sparsity for geom step 5
    nrows_g=91 nrows=4 sparsity=2.7436 nnzs=22720, refcount: 9>
  <dData2D:(temp array for extrapolation) n=22720 m=2, refcount: 1>
refcount: 1>
No. of atoms with KB's overlaping orbs in proc 0. Max # of overlaps:      97    1516

InitMesh: MESH = 30 x 60 x 40 = 72000
InitMesh: Mesh cutoff (required, used) =   300.000   325.096 Ry
New grid distribution [1]: sub = 2
New grid distribution [2]: sub = 2
New grid distribution [3]: sub = 2
Setting up quadratic distribution...

        iscf     Eharris(eV)        E_KS(eV)     FreeEng(eV)     dDmax    Ef(eV) dHmax(eV)
   scf:    1   -10783.668311   -10784.500591   -10784.505069  1.600242 -6.213343  0.413149
     spin moment: {S} , |S| = {        0.0        0.0    0.00000 }     0.00000
   scf:    2   -10783.936578   -10784.322983   -10784.326441  0.210889 -6.313332  3.028051
     spin moment: {S} , |S| = {        0.0        0.0    0.00000 }     0.00000
   scf:    3   -10784.529096   -10784.504732   -10784.508898  0.182366 -6.228313  0.089227
     spin moment: {S} , |S| = {        0.0        0.0    0.00000 }     0.00000
   scf:    4   -10784.504229   -10784.504729   -10784.508956  0.030306 -6.225201  0.122275
     spin moment: {S} , |S| = {        0.0        0.0    0.00000 }     0.00000
   scf:    5   -10784.504110   -10784.504906   -10784.508986  0.016517 -6.233091  0.112134
     spin moment: {S} , |S| = {        0.0        0.0    0.00000 }     0.00000
   scf:    6   -10784.505095   -10784.505149   -10784.509289  0.014538 -6.230458  0.008562
     spin moment: {S} , |S| = {        0.0        0.0    0.00000 }     0.00000
   scf:    7   -10784.505163   -10784.505157   -10784.509291  0.000952 -6.230848  0.004181
     spin moment: {S} , |S| = {        0.0        0.0    0.00000 }     0.00000
   scf:    8   -10784.505157   -10784.505157   -10784.509291  0.000621 -6.230837  0.002884
     spin moment: {S} , |S| = {        0.0        0.0    0.00000 }     0.00000
   scf:    9   -10784.505157   -10784.505157   -10784.509291  0.000881 -6.230828  0.001119
     spin moment: {S} , |S| = {        0.0        0.0    0.00000 }     0.00000
   scf:   10   -10784.505157   -10784.505157   -10784.509291  0.000480 -6.230828  0.000260
     spin moment: {S} , |S| = {        0.0        0.0    0.00000 }     0.00000

SCF Convergence by DM criterion
max |DM_out - DM_in|         :     0.0004795469
max |H_out - H_in|      (eV) :     0.0002597865
SCF cycle converged after 10 iterations

Using DM_out to compute the final energy and forces
No. of atoms with KB's overlaping orbs in proc 0. Max # of overlaps:      97    1516

siesta: E_KS(eV) =           -10784.5052

siesta: Atomic forces (eV/Ang):
     1    0.000000    2.672254   -0.000000
     2    0.000000   -2.672256    0.000000
     3    0.000000   -0.000002   -0.000000
     4   -0.000000    0.000015   -0.000000
----------------------------------------
   Tot    0.000000    0.000010   -0.000000
----------------------------------------
   Max    2.672256
   Res    1.090943    sqrt( Sum f_i^2 / 3N )
----------------------------------------
   Max    2.672256    constrained

Stress tensor Voigt[x,y,z,yz,xz,xy] (kbar):     -194.51     -311.31      -62.78        0.00        0.00        0.00
(Free)E + p*V (eV/cell)   -10778.3793
Target enthalpy (eV/cell)   -10784.5093

siesta: Stress tensor (static) (eV/Ang**3):
        -0.121404    0.000000    0.000000
         0.000000   -0.194303    0.000000
         0.000000    0.000000   -0.039182

siesta: Pressure (static):        189.53154480  kBar

siesta: Stress tensor (total) (eV/Ang**3):
        -0.121404    0.000000    0.000000
         0.000000   -0.194303    0.000000
         0.000000    0.000000   -0.039182

siesta: Pressure (total):        189.53154480  kBar

cgvc: Finished line minimization    1.  Mean atomic displacement =    0.1539

                     ====================================
                        Begin CG opt. move =      6
                     ====================================
k-point displ. along   1 input, could be:     0.00    0.50
k-point displ. along   3 input, could be:     0.00    0.50
 Kpoints in:           48 . Kpoints trimmed:           41

siesta: k-grid: Number of k-points = 41
siesta: k-points from Monkhorst-Pack grid
siesta: k-cutoff (effective) =     7.447 Ang
siesta: k-point supercell and displacements
siesta: k-grid:     6     0     0      0.000
siesta: k-grid:     0     3     0      0.000
siesta: k-grid:     0     0     4      0.000

superc: Internal auxiliary supercell:    11 x     7 x     9  =     693
superc: Number of atoms, orbitals, and projectors:   2772  63063  49896

outcell: Unit cell vectors (Ang):
        2.706325   -0.000000   -0.000000
       -0.000000    5.385818   -0.000000
       -0.000000   -0.000000    3.723557

outcell: Cell vector modules (Ang)   :    2.706325    5.385818    3.723557
outcell: Cell angles (23,13,12) (deg):     90.0000     90.0000     90.0000
outcell: Cell volume (Ang**3)        :     54.2737
<dSpData1D:S at geom step 6
  <sparsity:sparsity for geom step 6
    nrows_g=91 nrows=4 sparsity=2.5543 nnzs=21152, refcount: 7>
  <dData1D:(new from dSpData1D) n=21152, refcount: 1>
refcount: 1>
new_DM -- step:     7
Re-using DM from previous geometries...
Number of DMs in history: 1
 DM extrapolation coefficients: 
1   1.00000
New DM after history re-use:
<dSpData2D:SpM extrapolated using coords
  <sparsity:sparsity for geom step 6
    nrows_g=91 nrows=4 sparsity=2.5543 nnzs=21152, refcount: 9>
  <dData2D:(temp array for extrapolation) n=21152 m=2, refcount: 1>
refcount: 1>
Note: For starting DM, Qtot, Tr[D*S] =         57.00000000         57.22553169
No. of atoms with KB's overlaping orbs in proc 0. Max # of overlaps:      94    1304

InitMesh: MESH = 30 x 60 x 40 = 72000
InitMesh: Mesh cutoff (required, used) =   300.000   318.938 Ry
New grid distribution [1]: sub = 2
New grid distribution [2]: sub = 2
New grid distribution [3]: sub = 2
Setting up quadratic distribution...

        iscf     Eharris(eV)        E_KS(eV)     FreeEng(eV)     dDmax    Ef(eV) dHmax(eV)
   scf:    1   -10784.971610   -10783.320103   -10783.323561  1.893693 -6.358426  9.048491
     spin moment: {S} , |S| = {        0.0        0.0    0.00000 }     0.00000
   scf:    2    -9875.897355   -10487.719681   -10487.732019 18.465118 -2.344222117.547155
     spin moment: {S} , |S| = {        0.0        0.0    0.00000 }     0.00000
   scf:    3   -10787.747644   -10784.609722   -10784.613272 18.286592 -6.238364  3.899418
     spin moment: {S} , |S| = {        0.0        0.0    0.00000 }     0.00000
   scf:    4   -10784.537872   -10784.852956   -10784.856575  0.283350 -6.093963  1.732902
     spin moment: {S} , |S| = {        0.0        0.0    0.00000 }     0.00000
   scf:    5   -10784.838568   -10784.907637   -10784.911060  0.280927 -6.142817  0.867926
     spin moment: {S} , |S| = {        0.0        0.0    0.00000 }     0.00000
   scf:    6   -10784.759105   -10784.879342   -10784.883237  0.129351 -6.089902  1.408816
     spin moment: {S} , |S| = {        0.0        0.0    0.00000 }     0.00000
   scf:    7   -10784.938287   -10784.917536   -10784.920914  0.083787 -6.108693  0.490640
     spin moment: {S} , |S| = {        0.0        0.0    0.00000 }     0.00000
   scf:    8   -10784.901136   -10784.917667   -10784.921109  0.065644 -6.127760  0.472782
     spin moment: {S} , |S| = {        0.0        0.0    0.00000 }     0.00000
   scf:    9   -10784.919668   -10784.918697   -10784.922126  0.003542 -6.126792  0.415764
     spin moment: {S} , |S| = {        0.0        0.0    0.00000 }     0.00000
   scf:   10   -10784.922985   -10784.921133   -10784.924546  0.010397 -6.123238  0.237168
     spin moment: {S} , |S| = {        0.0        0.0    0.00000 }     0.00000
   scf:   11   -10784.922662   -10784.922330   -10784.925750  0.013222 -6.119018  0.024710
     spin moment: {S} , |S| = {        0.0        0.0    0.00000 }     0.00000
   scf:   12   -10784.922342   -10784.922339   -10784.925763  0.001100 -6.118595  0.005781
     spin moment: {S} , |S| = {        0.0        0.0    0.00000 }     0.00000
   scf:   13   -10784.922331   -10784.922336   -10784.925765  0.000825 -6.118420  0.002293
     spin moment: {S} , |S| = {        0.0        0.0    0.00000 }     0.00000
   scf:   14   -10784.922330   -10784.922333   -10784.925765  0.000589 -6.118374  0.000840
     spin moment: {S} , |S| = {        0.0        0.0    0.00000 }     0.00000
   scf:   15   -10784.922329   -10784.922331   -10784.925765  0.000562 -6.118409  0.000515
     spin moment: {S} , |S| = {        0.0        0.0    0.00000 }     0.00000
   scf:   16   -10784.922327   -10784.922329   -10784.925765  0.000425 -6.118430  0.000224
     spin moment: {S} , |S| = {        0.0        0.0    0.00000 }     0.00000

SCF Convergence by DM criterion
max |DM_out - DM_in|         :     0.0004249795
max |H_out - H_in|      (eV) :     0.0002238190
SCF cycle converged after 16 iterations

Using DM_out to compute the final energy and forces
No. of atoms with KB's overlaping orbs in proc 0. Max # of overlaps:      94    1304

siesta: E_KS(eV) =           -10784.9223

siesta: Atomic forces (eV/Ang):
     1   -0.000000    0.948579   -0.000000
     2   -0.000000   -0.948581    0.000000
     3   -0.000000   -0.000000    0.000000
     4    0.000000    0.000007    0.000000
----------------------------------------
   Tot    0.000000    0.000005    0.000000
----------------------------------------
   Max    0.948581
   Res    0.387256    sqrt( Sum f_i^2 / 3N )
----------------------------------------
   Max    0.948581    constrained

Stress tensor Voigt[x,y,z,yz,xz,xy] (kbar):     -114.86     -163.04       -3.64        0.00        0.00       -0.00
(Free)E + p*V (eV/cell)   -10781.7466
Target enthalpy (eV/cell)   -10784.9258

siesta: Stress tensor (static) (eV/Ang**3):
        -0.071692   -0.000000    0.000000
        -0.000000   -0.101761    0.000000
         0.000000    0.000000   -0.002275

siesta: Pressure (static):         93.84871190  kBar

siesta: Stress tensor (total) (eV/Ang**3):
        -0.071692   -0.000000    0.000000
        -0.000000   -0.101761    0.000000
         0.000000    0.000000   -0.002275

siesta: Pressure (total):         93.84871190  kBar

                     ====================================
                        Begin CG opt. move =      7
                     ====================================
k-point displ. along   1 input, could be:     0.00    0.50
k-point displ. along   3 input, could be:     0.00    0.50
 Kpoints in:           48 . Kpoints trimmed:           41

siesta: k-grid: Number of k-points = 41
siesta: k-points from Monkhorst-Pack grid
siesta: k-cutoff (effective) =     7.518 Ang
siesta: k-point supercell and displacements
siesta: k-grid:     6     0     0      0.000
siesta: k-grid:     0     3     0      0.000
siesta: k-grid:     0     0     4      0.000

superc: Internal auxiliary supercell:    11 x     7 x     9  =     693
superc: Number of atoms, orbitals, and projectors:   2772  63063  49896

outcell: Unit cell vectors (Ang):
        2.751865   -0.000000   -0.000000
       -0.000000    5.491188   -0.000000
       -0.000000   -0.000000    3.758993

outcell: Cell vector modules (Ang)   :    2.751865    5.491188    3.758993
outcell: Cell angles (23,13,12) (deg):     90.0000     90.0000     90.0000
outcell: Cell volume (Ang**3)        :     56.8022
<dSpData1D:S at geom step 7
  <sparsity:sparsity for geom step 7
    nrows_g=91 nrows=4 sparsity=2.5217 nnzs=20882, refcount: 7>
  <dData1D:(new from dSpData1D) n=20882, refcount: 1>
refcount: 1>
new_DM -- step:     8
Re-using DM from previous geometries...
Number of DMs in history: 1
 DM extrapolation coefficients: 
1   1.00000
New DM after history re-use:
<dSpData2D:SpM extrapolated using coords
  <sparsity:sparsity for geom step 7
    nrows_g=91 nrows=4 sparsity=2.5217 nnzs=20882, refcount: 9>
  <dData2D:(temp array for extrapolation) n=20882 m=2, refcount: 1>
refcount: 1>
Note: For starting DM, Qtot, Tr[D*S] =         57.00000000         57.18136456
No. of atoms with KB's overlaping orbs in proc 0. Max # of overlaps:      94    1304

InitMesh: MESH = 30 x 60 x 40 = 72000
InitMesh: Mesh cutoff (required, used) =   300.000   312.953 Ry
New grid distribution [1]: sub = 2
New grid distribution [2]: sub = 2
New grid distribution [3]: sub = 2
Setting up quadratic distribution...

        iscf     Eharris(eV)        E_KS(eV)     FreeEng(eV)     dDmax    Ef(eV) dHmax(eV)
   scf:    1   -10785.755816   -10783.924186   -10783.926921  1.462686 -6.220503  7.688421
     spin moment: {S} , |S| = {        0.0        0.0    0.00000 }     0.00000
   scf:    2   -10055.873969   -10546.435194   -10546.447581 14.333866 -2.687797105.698379
     spin moment: {S} , |S| = {        0.0        0.0    0.00000 }     0.00000
   scf:    3   -10787.806512   -10784.863919   -10784.866790 14.198130 -6.126588  3.234088
     spin moment: {S} , |S| = {        0.0        0.0    0.00000 }     0.00000
   scf:    4   -10784.675125   -10784.999021   -10785.003442  0.264848 -6.061470  1.821435
     spin moment: {S} , |S| = {        0.0        0.0    0.00000 }     0.00000
   scf:    5   -10785.091461   -10785.052129   -10785.055942  0.086046 -6.069208  0.987364
     spin moment: {S} , |S| = {        0.0        0.0    0.00000 }     0.00000
   scf:    6   -10785.045814   -10785.049241   -10785.053098  0.059270 -6.060557  1.084515
     spin moment: {S} , |S| = {        0.0        0.0    0.00000 }     0.00000
   scf:    7   -10785.076189   -10785.075001   -10785.077962  0.075948 -6.069811  0.040917
     spin moment: {S} , |S| = {        0.0        0.0    0.00000 }     0.00000
   scf:    8   -10785.066915   -10785.072083   -10785.074853  0.018505 -6.073061  0.387616
     spin moment: {S} , |S| = {        0.0        0.0    0.00000 }     0.00000
   scf:    9   -10785.074021   -10785.073100   -10785.075911  0.004161 -6.072544  0.315731
     spin moment: {S} , |S| = {        0.0        0.0    0.00000 }     0.00000
   scf:   10   -10785.075540   -10785.074530   -10785.077435  0.008776 -6.071572  0.166600
     spin moment: {S} , |S| = {        0.0        0.0    0.00000 }     0.00000
   scf:   11   -10785.075123   -10785.075010   -10785.078023  0.009027 -6.070856  0.029210
     spin moment: {S} , |S| = {        0.0        0.0    0.00000 }     0.00000
   scf:   12   -10785.075011   -10785.075012   -10785.078037  0.000991 -6.070782  0.015673
     spin moment: {S} , |S| = {        0.0        0.0    0.00000 }     0.00000
   scf:   13   -10785.074992   -10785.075005   -10785.078043  0.001072 -6.070731  0.001198
     spin moment: {S} , |S| = {        0.0        0.0    0.00000 }     0.00000
   scf:   14   -10785.075001   -10785.075003   -10785.078043  0.000263 -6.070744  0.000734
     spin moment: {S} , |S| = {        0.0        0.0    0.00000 }     0.00000

SCF Convergence by DM criterion
max |DM_out - DM_in|         :     0.0002630145
max |H_out - H_in|      (eV) :     0.0007338073
SCF cycle converged after 14 iterations

Using DM_out to compute the final energy and forces
No. of atoms with KB's overlaping orbs in proc 0. Max # of overlaps:      94    1304

siesta: E_KS(eV) =           -10785.0750

siesta: Atomic forces (eV/Ang):
     1   -0.000000   -0.097548    0.000001
     2   -0.000000    0.097548   -0.000000
     3   -0.000000    0.000001    0.000000
     4    0.000000    0.000003    0.000001
----------------------------------------
   Tot    0.000000    0.000003    0.000001
----------------------------------------
   Max    0.097548
   Res    0.039824    sqrt( Sum f_i^2 / 3N )
----------------------------------------
   Max    0.097548    constrained

Stress tensor Voigt[x,y,z,yz,xz,xy] (kbar):      -50.17      -61.91       37.76       -0.00        0.00       -0.00
(Free)E + p*V (eV/cell)   -10784.1996
Target enthalpy (eV/cell)   -10785.0780

siesta: Stress tensor (static) (eV/Ang**3):
        -0.031316   -0.000000    0.000000
        -0.000000   -0.038643   -0.000000
         0.000000   -0.000000    0.023566

siesta: Pressure (static):         24.77676960  kBar

siesta: Stress tensor (total) (eV/Ang**3):
        -0.031316   -0.000000    0.000000
        -0.000000   -0.038643   -0.000000
         0.000000   -0.000000    0.023566

siesta: Pressure (total):         24.77676960  kBar

                     ====================================
                        Begin CG opt. move =      8
                     ====================================
k-point displ. along   1 input, could be:     0.00    0.50
k-point displ. along   3 input, could be:     0.00    0.50
 Kpoints in:           48 . Kpoints trimmed:           41

siesta: k-grid: Number of k-points = 41
siesta: k-points from Monkhorst-Pack grid
siesta: k-cutoff (effective) =     7.589 Ang
siesta: k-point supercell and displacements
siesta: k-grid:     6     0     0      0.000
siesta: k-grid:     0     3     0      0.000
siesta: k-grid:     0     0     4      0.000

superc: Internal auxiliary supercell:    11 x     7 x     9  =     693
superc: Number of atoms, orbitals, and projectors:   2772  63063  49896

outcell: Unit cell vectors (Ang):
        2.797405   -0.000000   -0.000000
       -0.000000    5.596559   -0.000000
       -0.000000   -0.000000    3.794430

outcell: Cell vector modules (Ang)   :    2.797405    5.596559    3.794430
outcell: Cell angles (23,13,12) (deg):     90.0000     90.0000     90.0000
outcell: Cell volume (Ang**3)        :     59.4050
<dSpData1D:S at geom step 8
  <sparsity:sparsity for geom step 8
    nrows_g=91 nrows=4 sparsity=2.3089 nnzs=19120, refcount: 7>
  <dData1D:(new from dSpData1D) n=19120, refcount: 1>
refcount: 1>
new_DM -- step:     9
Re-using DM from previous geometries...
Number of DMs in history: 1
 DM extrapolation coefficients: 
1   1.00000
New DM after history re-use:
<dSpData2D:SpM extrapolated using coords
  <sparsity:sparsity for geom step 8
    nrows_g=91 nrows=4 sparsity=2.3089 nnzs=19120, refcount: 9>
  <dData2D:(temp array for extrapolation) n=19120 m=2, refcount: 1>
refcount: 1>
Note: For starting DM, Qtot, Tr[D*S] =         57.00000000         57.12888131
No. of atoms with KB's overlaping orbs in proc 0. Max # of overlaps:      85    1222

InitMesh: MESH = 30 x 60 x 40 = 72000
InitMesh: Mesh cutoff (required, used) =   300.000   307.135 Ry
New grid distribution [1]: sub = 2
New grid distribution [2]: sub = 2
New grid distribution [3]: sub = 2
Setting up quadratic distribution...

        iscf     Eharris(eV)        E_KS(eV)     FreeEng(eV)     dDmax    Ef(eV) dHmax(eV)
   scf:    1   -10786.124502   -10784.317377   -10784.321884  1.256488 -6.170168  6.061762
     spin moment: {S} , |S| = {        0.0        0.0    0.00000 }     0.00000
   scf:    2   -10284.817337   -10621.219288   -10621.231529  8.392312 -3.239336 87.895381
     spin moment: {S} , |S| = {        0.0        0.0    0.00000 }     0.00000
   scf:    3   -10788.096934   -10784.933920   -10784.939966  8.318100 -6.112160  2.261876
     spin moment: {S} , |S| = {        0.0        0.0    0.00000 }     0.00000
   scf:    4   -10784.621469   -10784.946674   -10784.953621  0.214267 -6.016763  2.026462
     spin moment: {S} , |S| = {        0.0        0.0    0.00000 }     0.00000
   scf:    5   -10784.892174   -10784.920360   -10784.927250  0.035010 -6.004234  2.346185
     spin moment: {S} , |S| = {        0.0        0.0    0.00000 }     0.00000
   scf:    6   -10785.039861   -10785.037046   -10785.043802  0.145783 -6.055495  0.084952
     spin moment: {S} , |S| = {        0.0        0.0    0.00000 }     0.00000
   scf:    7   -10785.035494   -10785.036409   -10785.043134  0.013801 -6.055638  0.195930
     spin moment: {S} , |S| = {        0.0        0.0    0.00000 }     0.00000
   scf:    8   -10785.032909   -10785.034872   -10785.041558  0.011867 -6.057805  0.340984
     spin moment: {S} , |S| = {        0.0        0.0    0.00000 }     0.00000
   scf:    9   -10785.037114   -10785.036093   -10785.042807  0.006244 -6.055899  0.238892
     spin moment: {S} , |S| = {        0.0        0.0    0.00000 }     0.00000
   scf:   10   -10785.037378   -10785.037256   -10785.044020  0.014170 -6.051648  0.007413
     spin moment: {S} , |S| = {        0.0        0.0    0.00000 }     0.00000
   scf:   11   -10785.037261   -10785.037259   -10785.044022  0.001128 -6.051542  0.002712
     spin moment: {S} , |S| = {        0.0        0.0    0.00000 }     0.00000
   scf:   12   -10785.037261   -10785.037260   -10785.044022  0.000252 -6.051496  0.001218
     spin moment: {S} , |S| = {        0.0        0.0    0.00000 }     0.00000

SCF Convergence by DM criterion
max |DM_out - DM_in|         :     0.0002523663
max |H_out - H_in|      (eV) :     0.0012176340
SCF cycle converged after 12 iterations

Using DM_out to compute the final energy and forces
No. of atoms with KB's overlaping orbs in proc 0. Max # of overlaps:      85    1222

siesta: E_KS(eV) =           -10785.0373

siesta: Atomic forces (eV/Ang):
     1   -0.000000   -0.761698    0.000000
     2   -0.000000    0.761697   -0.000000
     3   -0.000000    0.000003    0.000000
     4   -0.000000   -0.000003    0.000002
----------------------------------------
   Tot   -0.000000   -0.000002    0.000002
----------------------------------------
   Max    0.761698
   Res    0.310962    sqrt( Sum f_i^2 / 3N )
----------------------------------------
   Max    0.761698    constrained

Stress tensor Voigt[x,y,z,yz,xz,xy] (kbar):       -5.76        7.22       62.62       -0.00       -0.00       -0.00
(Free)E + p*V (eV/cell)   -10785.8360
Target enthalpy (eV/cell)   -10785.0440

siesta: Stress tensor (static) (eV/Ang**3):
        -0.003592   -0.000000   -0.000000
        -0.000000    0.004504   -0.000000
        -0.000000   -0.000000    0.039085

siesta: Pressure (static):        -21.36107792  kBar

siesta: Stress tensor (total) (eV/Ang**3):
        -0.003592   -0.000000   -0.000000
        -0.000000    0.004504   -0.000000
        -0.000000   -0.000000    0.039085

siesta: Pressure (total):        -21.36107792  kBar

                     ====================================
                        Begin CG opt. move =      9
                     ====================================
k-point displ. along   1 input, could be:     0.00    0.50
k-point displ. along   3 input, could be:     0.00    0.50
 Kpoints in:           48 . Kpoints trimmed:           41

siesta: k-grid: Number of k-points = 41
siesta: k-points from Monkhorst-Pack grid
siesta: k-cutoff (effective) =     7.542 Ang
siesta: k-point supercell and displacements
siesta: k-grid:     6     0     0      0.000
siesta: k-grid:     0     3     0      0.000
siesta: k-grid:     0     0     4      0.000

superc: Internal auxiliary supercell:    11 x     7 x     9  =     693
superc: Number of atoms, orbitals, and projectors:   2772  63063  49896

outcell: Unit cell vectors (Ang):
        2.767515   -0.000000   -0.000000
       -0.000000    5.527399   -0.000000
       -0.000000   -0.000000    3.771171

outcell: Cell vector modules (Ang)   :    2.767515    5.527399    3.771171
outcell: Cell angles (23,13,12) (deg):     90.0000     90.0000     90.0000
outcell: Cell volume (Ang**3)        :     57.6882
<dSpData1D:S at geom step 9
  <sparsity:sparsity for geom step 9
    nrows_g=91 nrows=4 sparsity=2.4579 nnzs=20354, refcount: 7>
  <dData1D:(new from dSpData1D) n=20354, refcount: 1>
refcount: 1>
new_DM -- step:    10
Re-using DM from previous geometries...
Number of DMs in history: 1
 DM extrapolation coefficients: 
1   1.00000
New DM after history re-use:
<dSpData2D:SpM extrapolated using coords
  <sparsity:sparsity for geom step 9
    nrows_g=91 nrows=4 sparsity=2.4579 nnzs=20354, refcount: 9>
  <dData2D:(temp array for extrapolation) n=20354 m=2, refcount: 1>
refcount: 1>
No. of atoms with KB's overlaping orbs in proc 0. Max # of overlaps:      88    1304

InitMesh: MESH = 30 x 60 x 40 = 72000
InitMesh: Mesh cutoff (required, used) =   300.000   310.935 Ry
New grid distribution [1]: sub = 2
New grid distribution [2]: sub = 2
New grid distribution [3]: sub = 2
Setting up quadratic distribution...

        iscf     Eharris(eV)        E_KS(eV)     FreeEng(eV)     dDmax    Ef(eV) dHmax(eV)
   scf:    1   -10783.609568   -10785.052251   -10785.056793  0.879458 -6.035890  1.137447
     spin moment: {S} , |S| = {        0.0        0.0    0.00000 }     0.00000
   scf:    2   -10779.747375   -10783.368544   -10783.371226  0.491481 -6.201631  9.354470
     spin moment: {S} , |S| = {        0.0        0.0    0.00000 }     0.00000
   scf:    3   -10785.352447   -10785.077686   -10785.081448  0.403759 -6.061146  0.283671
     spin moment: {S} , |S| = {        0.0        0.0    0.00000 }     0.00000
   scf:    4   -10785.069333   -10785.077131   -10785.081391  0.040307 -6.053354  0.345236
     spin moment: {S} , |S| = {        0.0        0.0    0.00000 }     0.00000
   scf:    5   -10785.069164   -10785.077681   -10785.081518  0.060879 -6.071644  0.360038
     spin moment: {S} , |S| = {        0.0        0.0    0.00000 }     0.00000
   scf:    6   -10785.081002   -10785.079852   -10785.083906  0.013786 -6.069542  0.128926
     spin moment: {S} , |S| = {        0.0        0.0    0.00000 }     0.00000
   scf:    7   -10785.080075   -10785.080094   -10785.084263  0.007700 -6.068772  0.015338
     spin moment: {S} , |S| = {        0.0        0.0    0.00000 }     0.00000
   scf:    8   -10785.079971   -10785.080047   -10785.084254  0.002478 -6.068425  0.024381
     spin moment: {S} , |S| = {        0.0        0.0    0.00000 }     0.00000
   scf:    9   -10785.080079   -10785.080064   -10785.084262  0.001072 -6.068583  0.016110
     spin moment: {S} , |S| = {        0.0        0.0    0.00000 }     0.00000
   scf:   10   -10785.080093   -10785.080080   -10785.084268  0.001066 -6.068759  0.005796
     spin moment: {S} , |S| = {        0.0        0.0    0.00000 }     0.00000
   scf:   11   -10785.080091   -10785.080086   -10785.084269  0.000447 -6.068832  0.000519
     spin moment: {S} , |S| = {        0.0        0.0    0.00000 }     0.00000

SCF Convergence by DM criterion
max |DM_out - DM_in|         :     0.0004468181
max |H_out - H_in|      (eV) :     0.0005186331
SCF cycle converged after 11 iterations

Using DM_out to compute the final energy and forces
No. of atoms with KB's overlaping orbs in proc 0. Max # of overlaps:      88    1304

siesta: E_KS(eV) =           -10785.0801

siesta: Atomic forces (eV/Ang):
     1    0.000000   -0.361587   -0.000000
     2   -0.000000    0.361586    0.000000
     3   -0.000000    0.000003    0.000000
     4   -0.000000   -0.000001   -0.000001
----------------------------------------
   Tot   -0.000000    0.000001   -0.000001
----------------------------------------
   Max    0.361587
   Res    0.147617    sqrt( Sum f_i^2 / 3N )
----------------------------------------
   Max    0.361587    constrained

Stress tensor Voigt[x,y,z,yz,xz,xy] (kbar):      -32.29      -34.14       46.99        0.00        0.00        0.00
(Free)E + p*V (eV/cell)   -10784.8510
Target enthalpy (eV/cell)   -10785.0843

siesta: Stress tensor (static) (eV/Ang**3):
        -0.020154    0.000000    0.000000
         0.000000   -0.021309    0.000000
         0.000000    0.000000    0.029330

siesta: Pressure (static):          6.47986681  kBar

siesta: Stress tensor (total) (eV/Ang**3):
        -0.020154    0.000000    0.000000
         0.000000   -0.021309    0.000000
         0.000000    0.000000    0.029330

siesta: Pressure (total):          6.47986681  kBar

cgvc: Finished line minimization    2.  Mean atomic displacement =    0.1466

                     ====================================
                        Begin CG opt. move =     10
                     ====================================
k-point displ. along   1 input, could be:     0.00    0.50
k-point displ. along   3 input, could be:     0.00    0.50
 Kpoints in:           48 . Kpoints trimmed:           41

siesta: k-grid: Number of k-points = 41
siesta: k-points from Monkhorst-Pack grid
siesta: k-cutoff (effective) =     7.504 Ang
siesta: k-point supercell and displacements
siesta: k-grid:     6     0     0      0.000
siesta: k-grid:     0     3     0      0.000
siesta: k-grid:     0     0     4      0.000

superc: Internal auxiliary supercell:    11 x     7 x     9  =     693
superc: Number of atoms, orbitals, and projectors:   2772  63063  49896

outcell: Unit cell vectors (Ang):
        2.814747   -0.000000   -0.000000
       -0.000000    5.632769   -0.000000
       -0.000000   -0.000000    3.752162

outcell: Cell vector modules (Ang)   :    2.814747    5.632769    3.752162
outcell: Cell angles (23,13,12) (deg):     90.0000     90.0000     90.0000
outcell: Cell volume (Ang**3)        :     59.4899
<dSpData1D:S at geom step 10
  <sparsity:sparsity for geom step 10
    nrows_g=91 nrows=4 sparsity=2.3556 nnzs=19507, refcount: 7>
  <dData1D:(new from dSpData1D) n=19507, refcount: 1>
refcount: 1>
new_DM -- step:    11
Re-using DM from previous geometries...
Number of DMs in history: 1
 DM extrapolation coefficients: 
1   1.00000
New DM after history re-use:
<dSpData2D:SpM extrapolated using coords
  <sparsity:sparsity for geom step 10
    nrows_g=91 nrows=4 sparsity=2.3556 nnzs=19507, refcount: 9>
  <dData2D:(temp array for extrapolation) n=19507 m=2, refcount: 1>
refcount: 1>
No. of atoms with KB's overlaping orbs in proc 0. Max # of overlaps:      90    1234

InitMesh: MESH = 30 x 60 x 40 = 72000
InitMesh: Mesh cutoff (required, used) =   300.000   313.589 Ry
New grid distribution [1]: sub = 2
New grid distribution [2]: sub = 2
New grid distribution [3]: sub = 2
Setting up quadratic distribution...

        iscf     Eharris(eV)        E_KS(eV)     FreeEng(eV)     dDmax    Ef(eV) dHmax(eV)
   scf:    1   -10786.836367   -10785.115791   -10785.121278  0.702161 -5.942318  0.583564
     spin moment: {S} , |S| = {        0.0        0.0    0.00000 }     0.00000
   scf:    2   -10784.092495   -10784.806227   -10784.811832  0.600955 -5.788926  3.854820
     spin moment: {S} , |S| = {        0.0        0.0    0.00000 }     0.00000
   scf:    3   -10785.163005   -10785.136569   -10785.142180  0.495404 -5.916811  0.269450
     spin moment: {S} , |S| = {        0.0        0.0    0.00000 }     0.00000
   scf:    4   -10785.142131   -10785.140378   -10785.145984  0.073277 -5.905283  0.125291
     spin moment: {S} , |S| = {        0.0        0.0    0.00000 }     0.00000
   scf:    5   -10785.140253   -10785.140582   -10785.146242  0.029009 -5.901001  0.114925
     spin moment: {S} , |S| = {        0.0        0.0    0.00000 }     0.00000
   scf:    6   -10785.140476   -10785.140796   -10785.146498  0.010858 -5.897664  0.048842
     spin moment: {S} , |S| = {        0.0        0.0    0.00000 }     0.00000
   scf:    7   -10785.140863   -10785.140831   -10785.146522  0.006974 -5.897402  0.042695
     spin moment: {S} , |S| = {        0.0        0.0    0.00000 }     0.00000
   scf:    8   -10785.140894   -10785.140882   -10785.146561  0.002198 -5.898027  0.001541
     spin moment: {S} , |S| = {        0.0        0.0    0.00000 }     0.00000
   scf:    9   -10785.140882   -10785.140882   -10785.146561  0.000081 -5.898047  0.002964
     spin moment: {S} , |S| = {        0.0        0.0    0.00000 }     0.00000

SCF Convergence by DM criterion
max |DM_out - DM_in|         :     0.0000807245
max |H_out - H_in|      (eV) :     0.0029638376
SCF cycle converged after 9 iterations

Using DM_out to compute the final energy and forces
No. of atoms with KB's overlaping orbs in proc 0. Max # of overlaps:      90    1234

siesta: E_KS(eV) =           -10785.1409

siesta: Atomic forces (eV/Ang):
     1   -0.000000    0.001574   -0.000000
     2    0.000000   -0.001573   -0.000001
     3   -0.000000   -0.000001    0.000000
     4    0.000000   -0.000001    0.000004
----------------------------------------
   Tot   -0.000000   -0.000001    0.000003
----------------------------------------
   Max    0.001574
   Res    0.000642    sqrt( Sum f_i^2 / 3N )
----------------------------------------
   Max    0.001574    constrained

Stress tensor Voigt[x,y,z,yz,xz,xy] (kbar):        1.55      -35.58       72.06       -0.00        0.00        0.00
(Free)E + p*V (eV/cell)   -10785.6173
Target enthalpy (eV/cell)   -10785.1466

siesta: Stress tensor (static) (eV/Ang**3):
         0.000968    0.000000    0.000000
         0.000000   -0.022207   -0.000000
         0.000000   -0.000000    0.044977

siesta: Pressure (static):        -12.67761810  kBar

siesta: Stress tensor (total) (eV/Ang**3):
         0.000968    0.000000    0.000000
         0.000000   -0.022207   -0.000000
         0.000000   -0.000000    0.044977

siesta: Pressure (total):        -12.67761810  kBar

                     ====================================
                        Begin CG opt. move =     11
                     ====================================
k-point displ. along   1 input, could be:     0.00    0.50
k-point displ. along   3 input, could be:     0.00    0.50
 Kpoints in:           48 . Kpoints trimmed:           41

siesta: k-grid: Number of k-points = 41
siesta: k-points from Monkhorst-Pack grid
siesta: k-cutoff (effective) =     7.466 Ang
siesta: k-point supercell and displacements
siesta: k-grid:     6     0     0      0.000
siesta: k-grid:     0     3     0      0.000
siesta: k-grid:     0     0     4      0.000

superc: Internal auxiliary supercell:    11 x     7 x     9  =     693
superc: Number of atoms, orbitals, and projectors:   2772  63063  49896

outcell: Unit cell vectors (Ang):
        2.861979   -0.000000   -0.000000
       -0.000000    5.738140   -0.000000
       -0.000000   -0.000000    3.733153

outcell: Cell vector modules (Ang)   :    2.861979    5.738140    3.733153
outcell: Cell angles (23,13,12) (deg):     90.0000     90.0000     90.0000
outcell: Cell volume (Ang**3)        :     61.3075
<dSpData1D:S at geom step 11
  <sparsity:sparsity for geom step 11
    nrows_g=91 nrows=4 sparsity=2.3388 nnzs=19368, refcount: 7>
  <dData1D:(new from dSpData1D) n=19368, refcount: 1>
refcount: 1>
new_DM -- step:    12
Re-using DM from previous geometries...
Number of DMs in history: 1
 DM extrapolation coefficients: 
1   1.00000
New DM after history re-use:
<dSpData2D:SpM extrapolated using coords
  <sparsity:sparsity for geom step 11
    nrows_g=91 nrows=4 sparsity=2.3388 nnzs=19368, refcount: 9>
  <dData2D:(temp array for extrapolation) n=19368 m=2, refcount: 1>
refcount: 1>
No. of atoms with KB's overlaping orbs in proc 0. Max # of overlaps:      90    1228

InitMesh: MESH = 30 x 60 x 40 = 72000
InitMesh: Mesh cutoff (required, used) =   300.000   302.178 Ry
New grid distribution [1]: sub = 2
New grid distribution [2]: sub = 2
New grid distribution [3]: sub = 2
Setting up quadratic distribution...

        iscf     Eharris(eV)        E_KS(eV)     FreeEng(eV)     dDmax    Ef(eV) dHmax(eV)
   scf:    1   -10786.075319   -10785.091817   -10785.094849  1.765068 -5.861097  1.136387
     spin moment: {S} , |S| = {        0.0        0.0    0.00000 }     0.00000
   scf:    2   -10778.061694   -10782.873496   -10782.876426  0.526786 -6.115337 10.347213
     spin moment: {S} , |S| = {        0.0        0.0    0.00000 }     0.00000
   scf:    3   -10785.463952   -10785.138587   -10785.141656  0.455591 -5.900284  0.354790
     spin moment: {S} , |S| = {        0.0        0.0    0.00000 }     0.00000
   scf:    4   -10785.102677   -10785.132047   -10785.135373  0.073078 -5.864518  0.778167
     spin moment: {S} , |S| = {        0.0        0.0    0.00000 }     0.00000
   scf:    5   -10785.128075   -10785.130103   -10785.133443  0.006344 -5.862349  0.843853
     spin moment: {S} , |S| = {        0.0        0.0    0.00000 }     0.00000
   scf:    6   -10785.135505   -10785.132873   -10785.136210  0.004026 -5.864818  0.755307
     spin moment: {S} , |S| = {        0.0        0.0    0.00000 }     0.00000
   scf:    7   -10785.140314   -10785.136779   -10785.140119  0.007233 -5.868368  0.610697
     spin moment: {S} , |S| = {        0.0        0.0    0.00000 }     0.00000
   scf:    8   -10785.146026   -10785.144105   -10785.147464  0.028110 -5.880950  0.061004
     spin moment: {S} , |S| = {        0.0        0.0    0.00000 }     0.00000
   scf:    9   -10785.144168   -10785.144177   -10785.147536  0.003265 -5.882474  0.007328
     spin moment: {S} , |S| = {        0.0        0.0    0.00000 }     0.00000
   scf:   10   -10785.144184   -10785.144181   -10785.147539  0.001267 -5.882151  0.004342
     spin moment: {S} , |S| = {        0.0        0.0    0.00000 }     0.00000
   scf:   11   -10785.144186   -10785.144184   -10785.147539  0.001340 -5.881988  0.000560
     spin moment: {S} , |S| = {        0.0        0.0    0.00000 }     0.00000
   scf:   12   -10785.144184   -10785.144184   -10785.147539  0.000142 -5.881967  0.000254
     spin moment: {S} , |S| = {        0.0        0.0    0.00000 }     0.00000

SCF Convergence by DM criterion
max |DM_out - DM_in|         :     0.0001416447
max |H_out - H_in|      (eV) :     0.0002540456
SCF cycle converged after 12 iterations

Using DM_out to compute the final energy and forces
No. of atoms with KB's overlaping orbs in proc 0. Max # of overlaps:      90    1228

siesta: E_KS(eV) =           -10785.1442

siesta: Atomic forces (eV/Ang):
     1   -0.000001    0.436214   -0.000001
     2   -0.000001   -0.436209   -0.000001
     3    0.000000   -0.000004    0.000000
     4    0.000002   -0.000001    0.000005
----------------------------------------
   Tot    0.000001   -0.000000    0.000004
----------------------------------------
   Max    0.436214
   Res    0.178083    sqrt( Sum f_i^2 / 3N )
----------------------------------------
   Max    0.436214    constrained

Stress tensor Voigt[x,y,z,yz,xz,xy] (kbar):       37.01      -21.42       77.67       -0.00       -0.00       -0.00
(Free)E + p*V (eV/cell)   -10786.3372
Target enthalpy (eV/cell)   -10785.1475

siesta: Stress tensor (static) (eV/Ang**3):
         0.023098   -0.000000   -0.000000
        -0.000000   -0.013366   -0.000000
        -0.000000   -0.000000    0.048480

siesta: Pressure (static):        -31.08872742  kBar

siesta: Stress tensor (total) (eV/Ang**3):
         0.023098   -0.000000   -0.000000
        -0.000000   -0.013366   -0.000000
        -0.000000   -0.000000    0.048480

siesta: Pressure (total):        -31.08872742  kBar

                     ====================================
                        Begin CG opt. move =     12
                     ====================================
k-point displ. along   1 input, could be:     0.00    0.50
k-point displ. along   3 input, could be:     0.00    0.50
 Kpoints in:           48 . Kpoints trimmed:           41

siesta: k-grid: Number of k-points = 41
siesta: k-points from Monkhorst-Pack grid
siesta: k-cutoff (effective) =     7.483 Ang
siesta: k-point supercell and displacements
siesta: k-grid:     6     0     0      0.000
siesta: k-grid:     0     3     0      0.000
siesta: k-grid:     0     0     4      0.000

superc: Internal auxiliary supercell:    11 x     7 x     9  =     693
superc: Number of atoms, orbitals, and projectors:   2772  63063  49896

outcell: Unit cell vectors (Ang):
        2.840835   -0.000000   -0.000000
       -0.000000    5.690969   -0.000000
       -0.000000   -0.000000    3.741663

outcell: Cell vector modules (Ang)   :    2.840835    5.690969    3.741663
outcell: Cell angles (23,13,12) (deg):     90.0000     90.0000     90.0000
outcell: Cell volume (Ang**3)        :     60.4918
<dSpData1D:S at geom step 12
  <sparsity:sparsity for geom step 12
    nrows_g=91 nrows=4 sparsity=2.3373 nnzs=19355, refcount: 7>
  <dData1D:(new from dSpData1D) n=19355, refcount: 1>
refcount: 1>
new_DM -- step:    13
Re-using DM from previous geometries...
Number of DMs in history: 1
 DM extrapolation coefficients: 
1   1.00000
New DM after history re-use:
<dSpData2D:SpM extrapolated using coords
  <sparsity:sparsity for geom step 12
    nrows_g=91 nrows=4 sparsity=2.3373 nnzs=19355, refcount: 9>
  <dData2D:(temp array for extrapolation) n=19355 m=2, refcount: 1>
refcount: 1>
No. of atoms with KB's overlaping orbs in proc 0. Max # of overlaps:      90    1228

InitMesh: MESH = 30 x 60 x 40 = 72000
InitMesh: Mesh cutoff (required, used) =   300.000   307.208 Ry
New grid distribution [1]: sub = 2
New grid distribution [2]: sub = 2
New grid distribution [3]: sub = 2
Setting up quadratic distribution...

        iscf     Eharris(eV)        E_KS(eV)     FreeEng(eV)     dDmax    Ef(eV) dHmax(eV)
   scf:    1   -10784.826336   -10785.101897   -10785.105865  0.261999 -5.919279  1.518491
     spin moment: {S} , |S| = {        0.0        0.0   -0.00000 }    -0.00000
   scf:    2   -10764.889252   -10778.557019   -10778.562758  0.947509 -5.433427 17.865480
     spin moment: {S} , |S| = {        0.0        0.0    0.00000 }     0.00000
   scf:    3   -10785.475920   -10785.149027   -10785.152967  0.901755 -5.886649  0.287128
     spin moment: {S} , |S| = {        0.0        0.0   -0.00000 }    -0.00000
   scf:    4   -10785.142653   -10785.149602   -10785.153528  0.023759 -5.870138  0.334587
     spin moment: {S} , |S| = {        0.0        0.0    0.00000 }     0.00000
   scf:    5   -10785.152475   -10785.151360   -10785.155284  0.012298 -5.875052  0.145956
     spin moment: {S} , |S| = {        0.0        0.0   -0.00000 }    -0.00000
   scf:    6   -10785.151674   -10785.151526   -10785.155448  0.001816 -5.875880  0.116641
     spin moment: {S} , |S| = {        0.0        0.0   -0.00000 }    -0.00000
   scf:    7   -10785.151915   -10785.151804   -10785.155725  0.005410 -5.878523  0.022176
     spin moment: {S} , |S| = {        0.0        0.0   -0.00000 }    -0.00000
   scf:    8   -10785.151819   -10785.151813   -10785.155734  0.000823 -5.878918  0.008055
     spin moment: {S} , |S| = {        0.0        0.0   -0.00000 }    -0.00000
   scf:    9   -10785.151814   -10785.151813   -10785.155735  0.000217 -5.878966  0.006121
     spin moment: {S} , |S| = {        0.0        0.0   -0.00000 }    -0.00000

SCF Convergence by DM criterion
max |DM_out - DM_in|         :     0.0002167548
max |H_out - H_in|      (eV) :     0.0061214875
SCF cycle converged after 9 iterations

Using DM_out to compute the final energy and forces
No. of atoms with KB's overlaping orbs in proc 0. Max # of overlaps:      90    1228

siesta: E_KS(eV) =           -10785.1518

siesta: Atomic forces (eV/Ang):
     1    0.000000    0.234668    0.000000
     2   -0.000001   -0.234667   -0.000001
     3   -0.000000    0.000002    0.000001
     4    0.000001   -0.000003    0.000005
----------------------------------------
   Tot    0.000000   -0.000000    0.000005
----------------------------------------
   Max    0.234668
   Res    0.095803    sqrt( Sum f_i^2 / 3N )
----------------------------------------
   Max    0.234668    constrained

Stress tensor Voigt[x,y,z,yz,xz,xy] (kbar):       25.88      -27.42       78.62        0.00       -0.00       -0.00
(Free)E + p*V (eV/cell)   -10786.1259
Target enthalpy (eV/cell)   -10785.1557

siesta: Stress tensor (static) (eV/Ang**3):
         0.016155   -0.000000   -0.000000
        -0.000000   -0.017112    0.000000
        -0.000000    0.000000    0.049071

siesta: Pressure (static):        -25.69562390  kBar

siesta: Stress tensor (total) (eV/Ang**3):
         0.016155   -0.000000   -0.000000
        -0.000000   -0.017112    0.000000
        -0.000000    0.000000    0.049071

siesta: Pressure (total):        -25.69562390  kBar

cgvc: Finished line minimization    3.  Mean atomic displacement =    0.1407

                     ====================================
                        Begin CG opt. move =     13
                     ====================================
k-point displ. along   1 input, could be:     0.00    0.50
k-point displ. along   3 input, could be:     0.00    0.50
 Kpoints in:           48 . Kpoints trimmed:           41

siesta: k-grid: Number of k-points = 41
siesta: k-points from Monkhorst-Pack grid
siesta: k-cutoff (effective) =     7.353 Ang
siesta: k-point supercell and displacements
siesta: k-grid:     6     0     0      0.000
siesta: k-grid:     0     3     0      0.000
siesta: k-grid:     0     0     4      0.000

superc: Internal auxiliary supercell:    11 x     7 x     9  =     693
superc: Number of atoms, orbitals, and projectors:   2772  63063  49896

outcell: Unit cell vectors (Ang):
        2.864987    0.000000    0.000000
        0.000000    5.796339   -0.000000
        0.000000   -0.000000    3.676324

outcell: Cell vector modules (Ang)   :    2.864987    5.796339    3.676324
outcell: Cell angles (23,13,12) (deg):     90.0000     90.0000     90.0000
outcell: Cell volume (Ang**3)        :     61.0506
<dSpData1D:S at geom step 13
  <sparsity:sparsity for geom step 13
    nrows_g=91 nrows=4 sparsity=2.3388 nnzs=19368, refcount: 7>
  <dData1D:(new from dSpData1D) n=19368, refcount: 1>
refcount: 1>
new_DM -- step:    14
Re-using DM from previous geometries...
Number of DMs in history: 1
 DM extrapolation coefficients: 
1   1.00000
New DM after history re-use:
<dSpData2D:SpM extrapolated using coords
  <sparsity:sparsity for geom step 13
    nrows_g=91 nrows=4 sparsity=2.3388 nnzs=19368, refcount: 9>
  <dData2D:(temp array for extrapolation) n=19368 m=2, refcount: 1>
refcount: 1>
No. of atoms with KB's overlaping orbs in proc 0. Max # of overlaps:      90    1228

InitMesh: MESH = 30 x 64 x 40 = 76800
InitMesh: Mesh cutoff (required, used) =   300.000   303.040 Ry
New grid distribution [1]: sub = 2
New grid distribution [2]: sub = 2
New grid distribution [3]: sub = 2
Setting up quadratic distribution...

        iscf     Eharris(eV)        E_KS(eV)     FreeEng(eV)     dDmax    Ef(eV) dHmax(eV)
   scf:    1   -10785.561591   -10785.120622   -10785.123748  1.721557 -5.966015  1.945734
     spin moment: {S} , |S| = {        0.0        0.0    0.00000 }     0.00000
   scf:    2   -10752.897303   -10774.672184   -10774.679065  1.458279 -5.257887 22.796751
     spin moment: {S} , |S| = {        0.0        0.0   -0.00000 }    -0.00000
   scf:    3   -10785.676711   -10785.190572   -10785.193742  1.386191 -5.925496  0.434712
     spin moment: {S} , |S| = {        0.0        0.0   -0.00000 }    -0.00000
   scf:    4   -10785.189590   -10785.193741   -10785.196939  0.035960 -5.907838  0.211820
     spin moment: {S} , |S| = {        0.0        0.0   -0.00000 }    -0.00000
   scf:    5   -10785.183851   -10785.191984   -10785.195097  0.022897 -5.926956  0.384278
     spin moment: {S} , |S| = {        0.0        0.0   -0.00000 }    -0.00000
   scf:    6   -10785.196006   -10785.194491   -10785.197606  0.012435 -5.920376  0.148465
     spin moment: {S} , |S| = {        0.0        0.0   -0.00000 }    -0.00000
   scf:    7   -10785.194642   -10785.194908   -10785.198026  0.008105 -5.914624  0.043450
     spin moment: {S} , |S| = {        0.0        0.0   -0.00000 }    -0.00000
   scf:    8   -10785.194895   -10785.194902   -10785.198021  0.000467 -5.914492  0.046534
     spin moment: {S} , |S| = {        0.0        0.0   -0.00000 }    -0.00000

SCF Convergence by DM criterion
max |DM_out - DM_in|         :     0.0004674156
max |H_out - H_in|      (eV) :     0.0465341655
SCF cycle converged after 8 iterations

Using DM_out to compute the final energy and forces
No. of atoms with KB's overlaping orbs in proc 0. Max # of overlaps:      90    1228

siesta: E_KS(eV) =           -10785.1949

siesta: Atomic forces (eV/Ang):
     1   -0.000000    0.046416    0.000002
     2    0.000000   -0.046419    0.000001
     3    0.000000    0.000002   -0.000000
     4   -0.000000    0.000007   -0.000005
----------------------------------------
   Tot   -0.000000    0.000005   -0.000003
----------------------------------------
   Max    0.046419
   Res    0.018950    sqrt( Sum f_i^2 / 3N )
----------------------------------------
   Max    0.046419    constrained

Stress tensor Voigt[x,y,z,yz,xz,xy] (kbar):       40.64        4.45       59.65       -0.00       -0.00       -0.00
(Free)E + p*V (eV/cell)   -10786.5284
Target enthalpy (eV/cell)   -10785.1980

siesta: Stress tensor (static) (eV/Ang**3):
         0.025365   -0.000000   -0.000000
        -0.000000    0.002780   -0.000000
        -0.000000   -0.000000    0.037228

siesta: Pressure (static):        -34.91330161  kBar

siesta: Stress tensor (total) (eV/Ang**3):
         0.025365   -0.000000   -0.000000
        -0.000000    0.002780   -0.000000
        -0.000000   -0.000000    0.037228

siesta: Pressure (total):        -34.91330161  kBar

                     ====================================
                        Begin CG opt. move =     14
                     ====================================
k-point displ. along   1 input, could be:     0.00    0.50
k-point displ. along   3 input, could be:     0.00    0.50
 Kpoints in:           48 . Kpoints trimmed:           41

siesta: k-grid: Number of k-points = 41
siesta: k-points from Monkhorst-Pack grid
siesta: k-cutoff (effective) =     7.222 Ang
siesta: k-point supercell and displacements
siesta: k-grid:     6     0     0      0.000
siesta: k-grid:     0     3     0      0.000
siesta: k-grid:     0     0     4      0.000

superc: Internal auxiliary supercell:    11 x     7 x     9  =     693
superc: Number of atoms, orbitals, and projectors:   2772  63063  49896

outcell: Unit cell vectors (Ang):
        2.889138    0.000000    0.000000
        0.000000    5.901710   -0.000000
        0.000000   -0.000000    3.610985

outcell: Cell vector modules (Ang)   :    2.889138    5.901710    3.610985
outcell: Cell angles (23,13,12) (deg):     90.0000     90.0000     90.0000
outcell: Cell volume (Ang**3)        :     61.5704
<dSpData1D:S at geom step 14
  <sparsity:sparsity for geom step 14
    nrows_g=91 nrows=4 sparsity=2.3164 nnzs=19182, refcount: 7>
  <dData1D:(new from dSpData1D) n=19182, refcount: 1>
refcount: 1>
new_DM -- step:    15
Re-using DM from previous geometries...
Number of DMs in history: 1
 DM extrapolation coefficients: 
1   1.00000
New DM after history re-use:
<dSpData2D:SpM extrapolated using coords
  <sparsity:sparsity for geom step 14
    nrows_g=91 nrows=4 sparsity=2.3164 nnzs=19182, refcount: 9>
  <dData2D:(temp array for extrapolation) n=19182 m=2, refcount: 1>
refcount: 1>
No. of atoms with KB's overlaping orbs in proc 0. Max # of overlaps:      89    1216

InitMesh: MESH = 32 x 64 x 40 = 81920
InitMesh: Mesh cutoff (required, used) =   300.000   325.017 Ry
New grid distribution [1]: sub = 2
New grid distribution [2]: sub = 2
New grid distribution [3]: sub = 2
Setting up quadratic distribution...

        iscf     Eharris(eV)        E_KS(eV)     FreeEng(eV)     dDmax    Ef(eV) dHmax(eV)
   scf:    1   -10785.347406   -10785.090205   -10785.094605  1.091620 -5.956709  2.544816
     spin moment: {S} , |S| = {        0.0        0.0   -0.00000 }    -0.00000
   scf:    2   -10716.300204   -10762.700027   -10762.712191  2.212034 -4.974307 33.148353
     spin moment: {S} , |S| = {        0.0        0.0    0.00000 }     0.00000
   scf:    3   -10785.932445   -10785.204639   -10785.209033  2.137406 -5.902302  0.758117
     spin moment: {S} , |S| = {        0.0        0.0   -0.00000 }    -0.00000
   scf:    4   -10785.218195   -10785.216037   -10785.220469  0.033617 -5.879813  0.052447
     spin moment: {S} , |S| = {        0.0        0.0   -0.00000 }    -0.00000
   scf:    5   -10785.211986   -10785.214622   -10785.219004  0.027231 -5.886171  0.293390
     spin moment: {S} , |S| = {        0.0        0.0   -0.00000 }    -0.00000
   scf:    6   -10785.216908   -10785.216034   -10785.220428  0.008521 -5.880548  0.118987
     spin moment: {S} , |S| = {        0.0        0.0   -0.00000 }    -0.00000
   scf:    7   -10785.216350   -10785.216313   -10785.220717  0.005273 -5.876516  0.004725
     spin moment: {S} , |S| = {        0.0        0.0   -0.00000 }    -0.00000
   scf:    8   -10785.216167   -10785.216264   -10785.220673  0.002146 -5.874721  0.047236
     spin moment: {S} , |S| = {        0.0        0.0   -0.00000 }    -0.00000
   scf:    9   -10785.216300   -10785.216283   -10785.220691  0.000542 -5.875007  0.036396
     spin moment: {S} , |S| = {        0.0        0.0   -0.00000 }    -0.00000
   scf:   10   -10785.216311   -10785.216298   -10785.220705  0.000577 -5.875320  0.024793
     spin moment: {S} , |S| = {        0.0        0.0   -0.00000 }    -0.00000
   scf:   11   -10785.216316   -10785.216313   -10785.220718  0.001119 -5.876067  0.000665
     spin moment: {S} , |S| = {        0.0        0.0   -0.00000 }    -0.00000
   scf:   12   -10785.216313   -10785.216313   -10785.220718  0.000130 -5.876023  0.000452
     spin moment: {S} , |S| = {        0.0        0.0   -0.00000 }    -0.00000

SCF Convergence by DM criterion
max |DM_out - DM_in|         :     0.0001299797
max |H_out - H_in|      (eV) :     0.0004522491
SCF cycle converged after 12 iterations

Using DM_out to compute the final energy and forces
No. of atoms with KB's overlaping orbs in proc 0. Max # of overlaps:      89    1216

siesta: E_KS(eV) =           -10785.2163

siesta: Atomic forces (eV/Ang):
     1    0.000000   -0.177615    0.000001
     2    0.000001    0.177622    0.000002
     3   -0.000000   -0.000005   -0.000001
     4    0.000001    0.000009   -0.000011
----------------------------------------
   Tot    0.000001    0.000011   -0.000009
----------------------------------------
   Max    0.177622
   Res    0.072512    sqrt( Sum f_i^2 / 3N )
----------------------------------------
   Max    0.177622    constrained

Stress tensor Voigt[x,y,z,yz,xz,xy] (kbar):       51.32        1.80       72.07        0.00       -0.00        0.00
(Free)E + p*V (eV/cell)   -10786.8245
Target enthalpy (eV/cell)   -10785.2207

siesta: Stress tensor (static) (eV/Ang**3):
         0.032035    0.000000   -0.000000
         0.000000    0.001124    0.000000
        -0.000000    0.000000    0.044984

siesta: Pressure (static):        -41.73249788  kBar

siesta: Stress tensor (total) (eV/Ang**3):
         0.032035    0.000000   -0.000000
         0.000000    0.001124    0.000000
        -0.000000    0.000000    0.044984

siesta: Pressure (total):        -41.73249788  kBar

                     ====================================
                        Begin CG opt. move =     15
                     ====================================
k-point displ. along   1 input, could be:     0.00    0.50
k-point displ. along   3 input, could be:     0.00    0.50
 Kpoints in:           48 . Kpoints trimmed:           41

siesta: k-grid: Number of k-points = 41
siesta: k-points from Monkhorst-Pack grid
siesta: k-cutoff (effective) =     7.091 Ang
siesta: k-point supercell and displacements
siesta: k-grid:     6     0     0      0.000
siesta: k-grid:     0     3     0      0.000
siesta: k-grid:     0     0     4      0.000

superc: Internal auxiliary supercell:    11 x     7 x     9  =     693
superc: Number of atoms, orbitals, and projectors:   2772  63063  49896

outcell: Unit cell vectors (Ang):
        2.913290    0.000000    0.000000
        0.000000    6.007080   -0.000000
        0.000000   -0.000000    3.545645

outcell: Cell vector modules (Ang)   :    2.913290    6.007080    3.545645
outcell: Cell angles (23,13,12) (deg):     90.0000     90.0000     90.0000
outcell: Cell volume (Ang**3)        :     62.0501
<dSpData1D:S at geom step 15
  <sparsity:sparsity for geom step 15
    nrows_g=91 nrows=4 sparsity=2.3444 nnzs=19414, refcount: 7>
  <dData1D:(new from dSpData1D) n=19414, refcount: 1>
refcount: 1>
new_DM -- step:    16
Re-using DM from previous geometries...
Number of DMs in history: 1
 DM extrapolation coefficients: 
1   1.00000
New DM after history re-use:
<dSpData2D:SpM extrapolated using coords
  <sparsity:sparsity for geom step 15
    nrows_g=91 nrows=4 sparsity=2.3444 nnzs=19414, refcount: 9>
  <dData2D:(temp array for extrapolation) n=19414 m=2, refcount: 1>
refcount: 1>
No. of atoms with KB's overlaping orbs in proc 0. Max # of overlaps:      87    1242

InitMesh: MESH = 32 x 64 x 40 = 81920
InitMesh: Mesh cutoff (required, used) =   300.000   313.715 Ry
New grid distribution [1]: sub = 2
New grid distribution [2]: sub = 2
New grid distribution [3]: sub = 2
Setting up quadratic distribution...

        iscf     Eharris(eV)        E_KS(eV)     FreeEng(eV)     dDmax    Ef(eV) dHmax(eV)
   scf:    1   -10785.639953   -10785.165957   -10785.170702  1.401852 -5.986609  1.850840
     spin moment: {S} , |S| = {        0.0        0.0   -0.00000 }    -0.00000
   scf:    2   -10754.154972   -10775.082482   -10775.091084  1.112995 -5.248523 22.421938
     spin moment: {S} , |S| = {        0.0        0.0   -0.00000 }    -0.00000
   scf:    3   -10785.683165   -10785.227244   -10785.231932  1.068729 -5.942471  0.465675
     spin moment: {S} , |S| = {        0.0        0.0   -0.00000 }    -0.00000
   scf:    4   -10785.224637   -10785.230412   -10785.235083  0.036148 -5.919278  0.255837
     spin moment: {S} , |S| = {        0.0        0.0   -0.00000 }    -0.00000
   scf:    5   -10785.217325   -10785.228175   -10785.232864  0.018374 -5.942420  0.435669
     spin moment: {S} , |S| = {        0.0        0.0   -0.00000 }    -0.00000
   scf:    6   -10785.233258   -10785.231287   -10785.235966  0.012375 -5.934086  0.181284
     spin moment: {S} , |S| = {        0.0        0.0   -0.00000 }    -0.00000
   scf:    7   -10785.231738   -10785.231937   -10785.236605  0.010024 -5.926859  0.035432
     spin moment: {S} , |S| = {        0.0        0.0   -0.00000 }    -0.00000
   scf:    8   -10785.231943   -10785.231940   -10785.236608  0.000203 -5.926887  0.033654
     spin moment: {S} , |S| = {        0.0        0.0   -0.00000 }    -0.00000

SCF Convergence by DM criterion
max |DM_out - DM_in|         :     0.0002025654
max |H_out - H_in|      (eV) :     0.0336541045
SCF cycle converged after 8 iterations

Using DM_out to compute the final energy and forces
No. of atoms with KB's overlaping orbs in proc 0. Max # of overlaps:      87    1242

siesta: E_KS(eV) =           -10785.2319

siesta: Atomic forces (eV/Ang):
     1   -0.000001   -0.313213    0.000002
     2    0.000000    0.313215    0.000002
     3    0.000000    0.000012   -0.000002
     4   -0.000000    0.000020   -0.000017
----------------------------------------
   Tot   -0.000001    0.000034   -0.000015
----------------------------------------
   Max    0.313215
   Res    0.127869    sqrt( Sum f_i^2 / 3N )
----------------------------------------
   Max    0.313215    constrained

Stress tensor Voigt[x,y,z,yz,xz,xy] (kbar):       64.71       22.92       53.71       -0.00       -0.00        0.00
(Free)E + p*V (eV/cell)   -10787.0612
Target enthalpy (eV/cell)   -10785.2366

siesta: Stress tensor (static) (eV/Ang**3):
         0.040387    0.000000   -0.000000
         0.000000    0.014307   -0.000000
        -0.000000   -0.000000    0.033523

siesta: Pressure (static):        -47.11296855  kBar

siesta: Stress tensor (total) (eV/Ang**3):
         0.040387    0.000000   -0.000000
         0.000000    0.014307   -0.000000
        -0.000000   -0.000000    0.033523

siesta: Pressure (total):        -47.11296855  kBar

                     ====================================
                        Begin CG opt. move =     16
                     ====================================
k-point displ. along   1 input, could be:     0.00    0.50
k-point displ. along   3 input, could be:     0.00    0.50
 Kpoints in:           48 . Kpoints trimmed:           41

siesta: k-grid: Number of k-points = 41
siesta: k-points from Monkhorst-Pack grid
siesta: k-cutoff (effective) =     7.114 Ang
siesta: k-point supercell and displacements
siesta: k-grid:     6     0     0      0.000
siesta: k-grid:     0     3     0      0.000
siesta: k-grid:     0     0     4      0.000

superc: Internal auxiliary supercell:    11 x     7 x     9  =     693
superc: Number of atoms, orbitals, and projectors:   2772  63063  49896

outcell: Unit cell vectors (Ang):
        2.909064    0.000000    0.000000
        0.000000    5.988643   -0.000000
        0.000000   -0.000000    3.557078

outcell: Cell vector modules (Ang)   :    2.909064    5.988643    3.557078
outcell: Cell angles (23,13,12) (deg):     90.0000     90.0000     90.0000
outcell: Cell volume (Ang**3)        :     61.9691
<dSpData1D:S at geom step 16
  <sparsity:sparsity for geom step 16
    nrows_g=91 nrows=4 sparsity=2.3620 nnzs=19560, refcount: 7>
  <dData1D:(new from dSpData1D) n=19560, refcount: 1>
refcount: 1>
new_DM -- step:    17
Re-using DM from previous geometries...
Number of DMs in history: 1
 DM extrapolation coefficients: 
1   1.00000
New DM after history re-use:
<dSpData2D:SpM extrapolated using coords
  <sparsity:sparsity for geom step 16
    nrows_g=91 nrows=4 sparsity=2.3620 nnzs=19560, refcount: 9>
  <dData2D:(temp array for extrapolation) n=19560 m=2, refcount: 1>
refcount: 1>
No. of atoms with KB's overlaping orbs in proc 0. Max # of overlaps:      89    1242

InitMesh: MESH = 32 x 64 x 40 = 81920
InitMesh: Mesh cutoff (required, used) =   300.000   315.650 Ry
New grid distribution [1]: sub = 2
New grid distribution [2]: sub = 2
New grid distribution [3]: sub = 2
Setting up quadratic distribution...

        iscf     Eharris(eV)        E_KS(eV)     FreeEng(eV)     dDmax    Ef(eV) dHmax(eV)
   scf:    1   -10785.139207   -10785.231228   -10785.235766  0.378767 -5.921259  0.089817
     spin moment: {S} , |S| = {        0.0        0.0    0.00000 }     0.00000
   scf:    2   -10785.180454   -10785.215035   -10785.219531  0.028151 -5.888190  0.892965
     spin moment: {S} , |S| = {        0.0        0.0   -0.00000 }    -0.00000
   scf:    3   -10785.233091   -10785.231478   -10785.236010  0.025022 -5.917943  0.024233
     spin moment: {S} , |S| = {        0.0        0.0    0.00000 }     0.00000
   scf:    4   -10785.231515   -10785.231503   -10785.236033  0.004474 -5.917987  0.005142
     spin moment: {S} , |S| = {        0.0        0.0    0.00000 }     0.00000
   scf:    5   -10785.231503   -10785.231503   -10785.236034  0.000943 -5.918098  0.004243
     spin moment: {S} , |S| = {        0.0        0.0    0.00000 }     0.00000
   scf:    6   -10785.231503   -10785.231503   -10785.236035  0.002106 -5.918065  0.002086
     spin moment: {S} , |S| = {        0.0        0.0    0.00000 }     0.00000
   scf:    7   -10785.231502   -10785.231503   -10785.236036  0.001361 -5.918039  0.000947
     spin moment: {S} , |S| = {        0.0        0.0    0.00000 }     0.00000
   scf:    8   -10785.231503   -10785.231503   -10785.236036  0.000087 -5.918041  0.000775
     spin moment: {S} , |S| = {        0.0        0.0    0.00000 }     0.00000

SCF Convergence by DM criterion
max |DM_out - DM_in|         :     0.0000873605
max |H_out - H_in|      (eV) :     0.0007745310
SCF cycle converged after 8 iterations

Using DM_out to compute the final energy and forces
No. of atoms with KB's overlaping orbs in proc 0. Max # of overlaps:      89    1242

siesta: E_KS(eV) =           -10785.2315

siesta: Atomic forces (eV/Ang):
     1   -0.000000   -0.287364    0.000002
     2    0.000001    0.287372    0.000001
     3   -0.000000   -0.000007   -0.000001
     4   -0.000002    0.000013   -0.000017
----------------------------------------
   Tot   -0.000002    0.000014   -0.000015
----------------------------------------
   Max    0.287372
   Res    0.117318    sqrt( Sum f_i^2 / 3N )
----------------------------------------
   Max    0.287372    constrained

Stress tensor Voigt[x,y,z,yz,xz,xy] (kbar):       62.46       18.72       57.74       -0.00        0.00        0.00
(Free)E + p*V (eV/cell)   -10787.0270
Target enthalpy (eV/cell)   -10785.2360

siesta: Stress tensor (static) (eV/Ang**3):
         0.038984    0.000000    0.000000
         0.000000    0.011681   -0.000000
         0.000000   -0.000000    0.036039

siesta: Pressure (static):        -46.30512284  kBar

siesta: Stress tensor (total) (eV/Ang**3):
         0.038984    0.000000    0.000000
         0.000000    0.011681   -0.000000
         0.000000   -0.000000    0.036039

siesta: Pressure (total):        -46.30512284  kBar

cgvc: Finished line minimization    4.  Mean atomic displacement =    0.1226

                     ====================================
                        Begin CG opt. move =     17
                     ====================================
k-point displ. along   1 input, could be:     0.00    0.50
k-point displ. along   3 input, could be:     0.00    0.50
 Kpoints in:           48 . Kpoints trimmed:           41

siesta: k-grid: Number of k-points = 41
siesta: k-points from Monkhorst-Pack grid
siesta: k-cutoff (effective) =     6.965 Ang
siesta: k-point supercell and displacements
siesta: k-grid:     6     0     0      0.000
siesta: k-grid:     0     3     0      0.000
siesta: k-grid:     0     0     4      0.000

superc: Internal auxiliary supercell:    11 x     7 x     9  =     693
superc: Number of atoms, orbitals, and projectors:   2772  63063  49896

outcell: Unit cell vectors (Ang):
        2.904377    0.000000    0.000000
        0.000000    6.049969   -0.000000
        0.000000   -0.000000    3.482570

outcell: Cell vector modules (Ang)   :    2.904377    6.049969    3.482570
outcell: Cell angles (23,13,12) (deg):     90.0000     90.0000     90.0000
outcell: Cell volume (Ang**3)        :     61.1936
<dSpData1D:S at geom step 17
  <sparsity:sparsity for geom step 17
    nrows_g=91 nrows=4 sparsity=2.3404 nnzs=19381, refcount: 7>
  <dData1D:(new from dSpData1D) n=19381, refcount: 1>
refcount: 1>
new_DM -- step:    18
Re-using DM from previous geometries...
Number of DMs in history: 1
 DM extrapolation coefficients: 
1   1.00000
New DM after history re-use:
<dSpData2D:SpM extrapolated using coords
  <sparsity:sparsity for geom step 17
    nrows_g=91 nrows=4 sparsity=2.3404 nnzs=19381, refcount: 9>
  <dData2D:(temp array for extrapolation) n=19381 m=2, refcount: 1>
refcount: 1>
No. of atoms with KB's overlaping orbs in proc 0. Max # of overlaps:      89    1241

InitMesh: MESH = 32 x 64 x 40 = 81920
InitMesh: Mesh cutoff (required, used) =   300.000   309.283 Ry
New grid distribution [1]: sub = 2
New grid distribution [2]: sub = 2
New grid distribution [3]: sub = 2
Setting up quadratic distribution...

        iscf     Eharris(eV)        E_KS(eV)     FreeEng(eV)     dDmax    Ef(eV) dHmax(eV)
   scf:    1   -10784.484941   -10785.239190   -10785.244291  0.615978 -5.970340  1.179435
     spin moment: {S} , |S| = {        0.0        0.0   -0.00000 }    -0.00000
   scf:    2   -10778.993349   -10783.260378   -10783.264874  0.312609 -6.344728  9.996542
     spin moment: {S} , |S| = {        0.0        0.0   -0.00000 }    -0.00000
   scf:    3   -10785.549318   -10785.274678   -10785.279628  0.266145 -6.022679  0.221247
     spin moment: {S} , |S| = {        0.0        0.0   -0.00000 }    -0.00000
   scf:    4   -10785.255586   -10785.271026   -10785.275984  0.046627 -5.994352  0.594656
     spin moment: {S} , |S| = {        0.0        0.0   -0.00000 }    -0.00000
   scf:    5   -10785.220040   -10785.249060   -10785.254081  0.026965 -5.971301  1.234549
     spin moment: {S} , |S| = {        0.0        0.0   -0.00000 }    -0.00000
   scf:    6   -10785.278615   -10785.265328   -10785.270277  0.012449 -5.987154  0.814747
     spin moment: {S} , |S| = {        0.0        0.0   -0.00000 }    -0.00000
   scf:    7   -10785.279679   -10785.277933   -10785.282781  0.023270 -6.017422  0.013166
     spin moment: {S} , |S| = {        0.0        0.0   -0.00000 }    -0.00000
   scf:    8   -10785.277939   -10785.277939   -10785.282785  0.000574 -6.018055  0.003672
     spin moment: {S} , |S| = {        0.0        0.0   -0.00000 }    -0.00000
   scf:    9   -10785.277938   -10785.277938   -10785.282785  0.000111 -6.018072  0.003401
     spin moment: {S} , |S| = {        0.0        0.0   -0.00000 }    -0.00000

SCF Convergence by DM criterion
max |DM_out - DM_in|         :     0.0001114998
max |H_out - H_in|      (eV) :     0.0034007517
SCF cycle converged after 9 iterations

Using DM_out to compute the final energy and forces
No. of atoms with KB's overlaping orbs in proc 0. Max # of overlaps:      89    1241

siesta: E_KS(eV) =           -10785.2779

siesta: Atomic forces (eV/Ang):
     1    0.000000    0.029987    0.000001
     2    0.000000   -0.029988    0.000002
     3    0.000000   -0.000003   -0.000000
     4    0.000001    0.000003   -0.000002
----------------------------------------
   Tot    0.000002   -0.000001   -0.000000
----------------------------------------
   Max    0.029988
   Res    0.012242    sqrt( Sum f_i^2 / 3N )
----------------------------------------
   Max    0.029988    constrained

Stress tensor Voigt[x,y,z,yz,xz,xy] (kbar):       54.30        6.51       40.05        0.00        0.00        0.00
(Free)E + p*V (eV/cell)   -10786.5669
Target enthalpy (eV/cell)   -10785.2828

siesta: Stress tensor (static) (eV/Ang**3):
         0.033892    0.000000    0.000000
         0.000000    0.004062    0.000000
         0.000000    0.000000    0.024998

siesta: Pressure (static):        -33.62031994  kBar

siesta: Stress tensor (total) (eV/Ang**3):
         0.033892    0.000000    0.000000
         0.000000    0.004062    0.000000
         0.000000    0.000000    0.024998

siesta: Pressure (total):        -33.62031994  kBar

                     ====================================
                        Begin CG opt. move =     18
                     ====================================
k-point displ. along   1 input, could be:     0.00    0.50
k-point displ. along   3 input, could be:     0.00    0.50
 Kpoints in:           48 . Kpoints trimmed:           41

siesta: k-grid: Number of k-points = 41
siesta: k-points from Monkhorst-Pack grid
siesta: k-cutoff (effective) =     6.816 Ang
siesta: k-point supercell and displacements
siesta: k-grid:     6     0     0      0.000
siesta: k-grid:     0     3     0      0.000
siesta: k-grid:     0     0     4      0.000

superc: Internal auxiliary supercell:    11 x     7 x     9  =     693
superc: Number of atoms, orbitals, and projectors:   2772  63063  49896

outcell: Unit cell vectors (Ang):
        2.899690   -0.000000   -0.000000
       -0.000000    6.111296   -0.000000
       -0.000000   -0.000000    3.408062

outcell: Cell vector modules (Ang)   :    2.899690    6.111296    3.408062
outcell: Cell angles (23,13,12) (deg):     90.0000     90.0000     90.0000
outcell: Cell volume (Ang**3)        :     60.3938
<dSpData1D:S at geom step 18
  <sparsity:sparsity for geom step 18
    nrows_g=91 nrows=4 sparsity=2.3874 nnzs=19770, refcount: 7>
  <dData1D:(new from dSpData1D) n=19770, refcount: 1>
refcount: 1>
new_DM -- step:    19
Re-using DM from previous geometries...
Number of DMs in history: 1
 DM extrapolation coefficients: 
1   1.00000
New DM after history re-use:
<dSpData2D:SpM extrapolated using coords
  <sparsity:sparsity for geom step 18
    nrows_g=91 nrows=4 sparsity=2.3874 nnzs=19770, refcount: 9>
  <dData2D:(temp array for extrapolation) n=19770 m=2, refcount: 1>
refcount: 1>
No. of atoms with KB's overlaping orbs in proc 0. Max # of overlaps:      89    1279

InitMesh: MESH = 32 x 64 x 36 = 73728
InitMesh: Mesh cutoff (required, used) =   300.000   303.107 Ry
New grid distribution [1]: sub = 2
New grid distribution [2]: sub = 2
New grid distribution [3]: sub = 2
Setting up quadratic distribution...

        iscf     Eharris(eV)        E_KS(eV)     FreeEng(eV)     dDmax    Ef(eV) dHmax(eV)
   scf:    1   -10783.716386   -10785.136811   -10785.140292  0.604238 -6.002022  2.689023
     spin moment: {S} , |S| = {        0.0        0.0   -0.00000 }    -0.00000
   scf:    2   -10762.016582   -10777.855010   -10777.860492  0.619324 -6.643360 19.736141
     spin moment: {S} , |S| = {        0.0        0.0   -0.00000 }    -0.00000
   scf:    3   -10786.478652   -10785.275930   -10785.280001  0.532089 -6.140108  0.561457
     spin moment: {S} , |S| = {        0.0        0.0   -0.00000 }    -0.00000
   scf:    4   -10785.220897   -10785.252272   -10785.256468  0.016371 -6.166340  1.232962
     spin moment: {S} , |S| = {        0.0        0.0   -0.00000 }    -0.00000
   scf:    5   -10784.958215   -10785.201047   -10785.205134  0.121142 -6.039720  2.099505
     spin moment: {S} , |S| = {        0.0        0.0   -0.00000 }    -0.00000
   scf:    6   -10785.255483   -10785.229611   -10785.233730  0.010899 -6.056317  1.701801
     spin moment: {S} , |S| = {        0.0        0.0   -0.00000 }    -0.00000
   scf:    7   -10785.299977   -10785.271233   -10785.275438  0.025303 -6.092376  0.829749
     spin moment: {S} , |S| = {        0.0        0.0   -0.00000 }    -0.00000
   scf:    8   -10785.285489   -10785.284125   -10785.288441  0.022962 -6.126285  0.004812
     spin moment: {S} , |S| = {        0.0        0.0   -0.00000 }    -0.00000
   scf:    9   -10785.284086   -10785.284111   -10785.288432  0.000732 -6.127372  0.022993
     spin moment: {S} , |S| = {        0.0        0.0   -0.00000 }    -0.00000
   scf:   10   -10785.284127   -10785.284123   -10785.288441  0.000651 -6.126567  0.002514
     spin moment: {S} , |S| = {        0.0        0.0   -0.00000 }    -0.00000
   scf:   11   -10785.284120   -10785.284122   -10785.288441  0.000366 -6.126580  0.001602
     spin moment: {S} , |S| = {        0.0        0.0   -0.00000 }    -0.00000

SCF Convergence by DM criterion
max |DM_out - DM_in|         :     0.0003664139
max |H_out - H_in|      (eV) :     0.0016018615
SCF cycle converged after 11 iterations

Using DM_out to compute the final energy and forces
No. of atoms with KB's overlaping orbs in proc 0. Max # of overlaps:      89    1279

siesta: E_KS(eV) =           -10785.2841

siesta: Atomic forces (eV/Ang):
     1   -0.000000    0.448881   -0.000001
     2   -0.000000   -0.448876   -0.000000
     3   -0.000000   -0.000004   -0.000000
     4    0.000005   -0.000017    0.000014
----------------------------------------
   Tot    0.000005   -0.000017    0.000012
----------------------------------------
   Max    0.448881
   Res    0.183254    sqrt( Sum f_i^2 / 3N )
----------------------------------------
   Max    0.448881    constrained

Stress tensor Voigt[x,y,z,yz,xz,xy] (kbar):       47.89       -7.75        2.00       -0.00       -0.00        0.00
(Free)E + p*V (eV/cell)   -10785.8179
Target enthalpy (eV/cell)   -10785.2884

siesta: Stress tensor (static) (eV/Ang**3):
         0.029892    0.000000   -0.000000
         0.000000   -0.004838   -0.000000
        -0.000000   -0.000000    0.001248

siesta: Pressure (static):        -14.04685699  kBar

siesta: Stress tensor (total) (eV/Ang**3):
         0.029892    0.000000   -0.000000
         0.000000   -0.004838   -0.000000
        -0.000000   -0.000000    0.001248

siesta: Pressure (total):        -14.04685699  kBar

                     ====================================
                        Begin CG opt. move =     19
                     ====================================
k-point displ. along   1 input, could be:     0.00    0.50
k-point displ. along   3 input, could be:     0.00    0.50
 Kpoints in:           48 . Kpoints trimmed:           41

siesta: k-grid: Number of k-points = 41
siesta: k-points from Monkhorst-Pack grid
siesta: k-cutoff (effective) =     6.881 Ang
siesta: k-point supercell and displacements
siesta: k-grid:     6     0     0      0.000
siesta: k-grid:     0     3     0      0.000
siesta: k-grid:     0     0     4      0.000

superc: Internal auxiliary supercell:    11 x     7 x     9  =     693
superc: Number of atoms, orbitals, and projectors:   2772  63063  49896

outcell: Unit cell vectors (Ang):
        2.901730   -0.000000   -0.000000
       -0.000000    6.084600   -0.000000
       -0.000000   -0.000000    3.440496

outcell: Cell vector modules (Ang)   :    2.901730    6.084600    3.440496
outcell: Cell angles (23,13,12) (deg):     90.0000     90.0000     90.0000
outcell: Cell volume (Ang**3)        :     60.7449
<dSpData1D:S at geom step 19
  <sparsity:sparsity for geom step 19
    nrows_g=91 nrows=4 sparsity=2.3467 nnzs=19433, refcount: 7>
  <dData1D:(new from dSpData1D) n=19433, refcount: 1>
refcount: 1>
new_DM -- step:    20
Re-using DM from previous geometries...
Number of DMs in history: 1
 DM extrapolation coefficients: 
1   1.00000
New DM after history re-use:
<dSpData2D:SpM extrapolated using coords
  <sparsity:sparsity for geom step 19
    nrows_g=91 nrows=4 sparsity=2.3467 nnzs=19433, refcount: 9>
  <dData2D:(temp array for extrapolation) n=19433 m=2, refcount: 1>
refcount: 1>
No. of atoms with KB's overlaping orbs in proc 0. Max # of overlaps:      89    1245

InitMesh: MESH = 32 x 64 x 36 = 73728
InitMesh: Mesh cutoff (required, used) =   300.000   302.597 Ry
New grid distribution [1]: sub = 2
New grid distribution [2]: sub = 2
New grid distribution [3]: sub = 2
Setting up quadratic distribution...

        iscf     Eharris(eV)        E_KS(eV)     FreeEng(eV)     dDmax    Ef(eV) dHmax(eV)
   scf:    1   -10785.800168   -10785.218507   -10785.223616  0.251485 -6.163888  1.923482
     spin moment: {S} , |S| = {        0.0        0.0   -0.00000 }    -0.00000
   scf:    2   -10758.118037   -10776.441886   -10776.450962  0.672236 -5.315358 21.062881
     spin moment: {S} , |S| = {        0.0        0.0   -0.00000 }    -0.00000
   scf:    3   -10785.788341   -10785.285914   -10785.290962  0.649278 -6.102779  0.380612
     spin moment: {S} , |S| = {        0.0        0.0   -0.00000 }    -0.00000
   scf:    4   -10785.287763   -10785.288559   -10785.293571  0.014917 -6.083959  0.096409
     spin moment: {S} , |S| = {        0.0        0.0   -0.00000 }    -0.00000
   scf:    5   -10785.283468   -10785.287368   -10785.292379  0.037458 -6.093664  0.300434
     spin moment: {S} , |S| = {        0.0        0.0   -0.00000 }    -0.00000
   scf:    6   -10785.287020   -10785.287196   -10785.292208  0.001516 -6.094031  0.313897
     spin moment: {S} , |S| = {        0.0        0.0   -0.00000 }    -0.00000
   scf:    7   -10785.289835   -10785.289025   -10785.294014  0.006388 -6.084566  0.071095
     spin moment: {S} , |S| = {        0.0        0.0   -0.00000 }    -0.00000
   scf:    8   -10785.289158   -10785.289102   -10785.294088  0.000961 -6.083170  0.035520
     spin moment: {S} , |S| = {        0.0        0.0    0.00000 }     0.00000
   scf:    9   -10785.289118   -10785.289111   -10785.294096  0.000238 -6.082923  0.029514
     spin moment: {S} , |S| = {        0.0        0.0   -0.00000 }    -0.00000

SCF Convergence by DM criterion
max |DM_out - DM_in|         :     0.0002383659
max |H_out - H_in|      (eV) :     0.0295140062
SCF cycle converged after 9 iterations

Using DM_out to compute the final energy and forces
No. of atoms with KB's overlaping orbs in proc 0. Max # of overlaps:      89    1245

siesta: E_KS(eV) =           -10785.2891

siesta: Atomic forces (eV/Ang):
     1   -0.000001    0.290724   -0.000002
     2   -0.000000   -0.290721   -0.000000
     3    0.000000   -0.000003   -0.000000
     4    0.000002   -0.000012    0.000007
----------------------------------------
   Tot    0.000001   -0.000011    0.000005
----------------------------------------
   Max    0.290724
   Res    0.118687    sqrt( Sum f_i^2 / 3N )
----------------------------------------
   Max    0.290724    constrained

Stress tensor Voigt[x,y,z,yz,xz,xy] (kbar):       49.93       -2.22       17.16       -0.00        0.00        0.00
(Free)E + p*V (eV/cell)   -10786.1140
Target enthalpy (eV/cell)   -10785.2941

siesta: Stress tensor (static) (eV/Ang**3):
         0.031163    0.000000    0.000000
         0.000000   -0.001384   -0.000000
         0.000000   -0.000000    0.010713

siesta: Pressure (static):        -21.62538946  kBar

siesta: Stress tensor (total) (eV/Ang**3):
         0.031163    0.000000    0.000000
         0.000000   -0.001384   -0.000000
         0.000000   -0.000000    0.010713

siesta: Pressure (total):        -21.62538946  kBar

cgvc: Finished line minimization    5.  Mean atomic displacement =    0.1268

                     ====================================
                        Begin CG opt. move =     20
                     ====================================
k-point displ. along   1 input, could be:     0.00    0.50
k-point displ. along   3 input, could be:     0.00    0.50
 Kpoints in:           48 . Kpoints trimmed:           41

siesta: k-grid: Number of k-points = 41
siesta: k-points from Monkhorst-Pack grid
siesta: k-cutoff (effective) =     6.732 Ang
siesta: k-point supercell and displacements
siesta: k-grid:     6     0     0      0.000
siesta: k-grid:     0     3     0      0.000
siesta: k-grid:     0     0     4      0.000

superc: Internal auxiliary supercell:    11 x     5 x     9  =     495
superc: Number of atoms, orbitals, and projectors:   1980  45045  35640

outcell: Unit cell vectors (Ang):
        2.874039   -0.000000   -0.000000
       -0.000000    6.138538   -0.000000
       -0.000000   -0.000000    3.365988

outcell: Cell vector modules (Ang)   :    2.874039    6.138538    3.365988
outcell: Cell angles (23,13,12) (deg):     90.0000     90.0000     90.0000
outcell: Cell volume (Ang**3)        :     59.3841
<dSpData1D:S at geom step 20
  <sparsity:sparsity for geom step 20
    nrows_g=91 nrows=4 sparsity=2.4330 nnzs=20148, refcount: 7>
  <dData1D:(new from dSpData1D) n=20148, refcount: 1>
refcount: 1>
new_DM -- step:    21
Re-using DM from previous geometries...
Number of DMs in history: 1
 DM extrapolation coefficients: 
1   1.00000
New DM after history re-use:
<dSpData2D:SpM extrapolated using coords
  <sparsity:sparsity for geom step 20
    nrows_g=91 nrows=4 sparsity=2.4330 nnzs=20148, refcount: 9>
  <dData2D:(temp array for extrapolation) n=20148 m=2, refcount: 1>
refcount: 1>
No. of atoms with KB's overlaping orbs in proc 0. Max # of overlaps:      95    1283

InitMesh: MESH = 30 x 64 x 36 = 69120
InitMesh: Mesh cutoff (required, used) =   300.000   300.422 Ry
New grid distribution [1]: sub = 2
New grid distribution [2]: sub = 2
New grid distribution [3]: sub = 2
Setting up quadratic distribution...

        iscf     Eharris(eV)        E_KS(eV)     FreeEng(eV)     dDmax    Ef(eV) dHmax(eV)
   scf:    1   -10784.458116   -10785.291545   -10785.294319  0.916636 -6.148442  1.057194
     spin moment: {S} , |S| = {        0.0        0.0   -0.00000 }    -0.00000
   scf:    2   -10778.113346   -10782.982407   -10782.986927  0.302989 -5.702519 10.829886
     spin moment: {S} , |S| = {        0.0        0.0   -0.00000 }    -0.00000
   scf:    3   -10785.498087   -10785.316143   -10785.318947  0.275671 -6.108815  0.095166
     spin moment: {S} , |S| = {        0.0        0.0   -0.00000 }    -0.00000
   scf:    4   -10785.315583   -10785.316379   -10785.319264  0.012720 -6.102113  0.154308
     spin moment: {S} , |S| = {        0.0        0.0   -0.00000 }    -0.00000
   scf:    5   -10785.304644   -10785.313269   -10785.316354  0.026545 -6.131882  0.429604
     spin moment: {S} , |S| = {        0.0        0.0   -0.00000 }    -0.00000
   scf:    6   -10785.318159   -10785.316493   -10785.319583  0.008554 -6.120202  0.128685
     spin moment: {S} , |S| = {        0.0        0.0   -0.00000 }    -0.00000
   scf:    7   -10785.315856   -10785.316621   -10785.319712  0.006112 -6.111269  0.098985
     spin moment: {S} , |S| = {        0.0        0.0   -0.00000 }    -0.00000
   scf:    8   -10785.316781   -10785.316707   -10785.319800  0.000813 -6.112487  0.072447
     spin moment: {S} , |S| = {        0.0        0.0   -0.00000 }    -0.00000
   scf:    9   -10785.316842   -10785.316794   -10785.319889  0.001353 -6.114571  0.025374
     spin moment: {S} , |S| = {        0.0        0.0   -0.00000 }    -0.00000
   scf:   10   -10785.316806   -10785.316805   -10785.319902  0.000689 -6.115649  0.001486
     spin moment: {S} , |S| = {        0.0        0.0    0.00000 }     0.00000
   scf:   11   -10785.316805   -10785.316805   -10785.319902  0.000068 -6.115725  0.000267
     spin moment: {S} , |S| = {        0.0        0.0    0.00000 }     0.00000

SCF Convergence by DM criterion
max |DM_out - DM_in|         :     0.0000682951
max |H_out - H_in|      (eV) :     0.0002674020
SCF cycle converged after 11 iterations

Using DM_out to compute the final energy and forces
No. of atoms with KB's overlaping orbs in proc 0. Max # of overlaps:      95    1283

siesta: E_KS(eV) =           -10785.3168

siesta: Atomic forces (eV/Ang):
     1   -0.000000   -0.006758    0.000000
     2    0.000001    0.006762    0.000001
     3   -0.000000   -0.000004   -0.000001
     4   -0.000000    0.000002    0.000007
----------------------------------------
   Tot   -0.000000    0.000002    0.000007
----------------------------------------
   Max    0.006762
   Res    0.002760    sqrt( Sum f_i^2 / 3N )
----------------------------------------
   Max    0.006762    constrained

Stress tensor Voigt[x,y,z,yz,xz,xy] (kbar):       34.36        0.06      -16.68       -0.00        0.00       -0.00
(Free)E + p*V (eV/cell)   -10785.5391
Target enthalpy (eV/cell)   -10785.3199

siesta: Stress tensor (static) (eV/Ang**3):
         0.021449   -0.000000   -0.000000
        -0.000000    0.000037   -0.000000
         0.000000   -0.000000   -0.010413

siesta: Pressure (static):         -5.91354426  kBar

siesta: Stress tensor (total) (eV/Ang**3):
         0.021449   -0.000000   -0.000000
        -0.000000    0.000037   -0.000000
         0.000000   -0.000000   -0.010413

siesta: Pressure (total):         -5.91354426  kBar

                     ====================================
                        Begin CG opt. move =     21
                     ====================================
k-point displ. along   1 input, could be:     0.00    0.50
k-point displ. along   3 input, could be:     0.00    0.50
 Kpoints in:           48 . Kpoints trimmed:           41

siesta: k-grid: Number of k-points = 41
siesta: k-points from Monkhorst-Pack grid
siesta: k-cutoff (effective) =     6.583 Ang
siesta: k-point supercell and displacements
siesta: k-grid:     6     0     0      0.000
siesta: k-grid:     0     3     0      0.000
siesta: k-grid:     0     0     4      0.000

superc: Internal auxiliary supercell:    11 x     5 x     9  =     495
superc: Number of atoms, orbitals, and projectors:   1980  45045  35640

outcell: Unit cell vectors (Ang):
        2.846347   -0.000000   -0.000000
       -0.000000    6.192477   -0.000000
       -0.000000   -0.000000    3.291480

outcell: Cell vector modules (Ang)   :    2.846347    6.192477    3.291480
outcell: Cell angles (23,13,12) (deg):     90.0000     90.0000     90.0000
outcell: Cell volume (Ang**3)        :     58.0154
<dSpData1D:S at geom step 21
  <sparsity:sparsity for geom step 21
    nrows_g=91 nrows=4 sparsity=2.4330 nnzs=20148, refcount: 7>
  <dData1D:(new from dSpData1D) n=20148, refcount: 1>
refcount: 1>
new_DM -- step:    22
Re-using DM from previous geometries...
Number of DMs in history: 1
 DM extrapolation coefficients: 
1   1.00000
New DM after history re-use:
<dSpData2D:SpM extrapolated using coords
  <sparsity:sparsity for geom step 21
    nrows_g=91 nrows=4 sparsity=2.4330 nnzs=20148, refcount: 9>
  <dData2D:(temp array for extrapolation) n=20148 m=2, refcount: 1>
refcount: 1>
No. of atoms with KB's overlaping orbs in proc 0. Max # of overlaps:      95    1283

InitMesh: MESH = 30 x 72 x 36 = 77760
InitMesh: Mesh cutoff (required, used) =   300.000   307.021 Ry
New grid distribution [1]: sub = 2
New grid distribution [2]: sub = 2
New grid distribution [3]: sub = 2
Setting up quadratic distribution...

        iscf     Eharris(eV)        E_KS(eV)     FreeEng(eV)     dDmax    Ef(eV) dHmax(eV)
   scf:    1   -10783.702348   -10785.245301   -10785.251074  1.019282 -6.016552  1.248103
     spin moment: {S} , |S| = {        0.0        0.0    0.00000 }     0.00000
   scf:    2   -10779.776143   -10783.509114   -10783.514759  0.284775 -6.455405  9.692351
     spin moment: {S} , |S| = {        0.0        0.0    0.00000 }     0.00000
   scf:    3   -10785.511298   -10785.274169   -10785.279281  0.254824 -6.065430  0.186475
     spin moment: {S} , |S| = {        0.0        0.0    0.00000 }     0.00000
   scf:    4   -10785.271112   -10785.273847   -10785.279169  0.014525 -6.053679  0.257007
     spin moment: {S} , |S| = {        0.0        0.0    0.00000 }     0.00000
   scf:    5   -10785.276087   -10785.275630   -10785.280942  0.053752 -6.068777  0.032097
     spin moment: {S} , |S| = {        0.0        0.0    0.00000 }     0.00000
   scf:    6   -10785.275633   -10785.275633   -10785.280939  0.003519 -6.069472  0.030577
     spin moment: {S} , |S| = {        0.0        0.0    0.00000 }     0.00000
   scf:    7   -10785.275646   -10785.275652   -10785.280964  0.006121 -6.068279  0.004991
     spin moment: {S} , |S| = {        0.0        0.0    0.00000 }     0.00000
   scf:    8   -10785.275654   -10785.275653   -10785.280964  0.000292 -6.068285  0.004854
     spin moment: {S} , |S| = {        0.0        0.0    0.00000 }     0.00000

SCF Convergence by DM criterion
max |DM_out - DM_in|         :     0.0002916093
max |H_out - H_in|      (eV) :     0.0048535556
SCF cycle converged after 8 iterations

Using DM_out to compute the final energy and forces
No. of atoms with KB's overlaping orbs in proc 0. Max # of overlaps:      95    1283

siesta: E_KS(eV) =           -10785.2757

siesta: Atomic forces (eV/Ang):
     1   -0.000000   -0.312953   -0.000001
     2    0.000001    0.312920   -0.000000
     3   -0.000000    0.000004   -0.000000
     4   -0.000006    0.000041    0.000007
----------------------------------------
   Tot   -0.000005    0.000013    0.000005
----------------------------------------
   Max    0.312953
   Res    0.127756    sqrt( Sum f_i^2 / 3N )
----------------------------------------
   Max    0.312953    constrained

Stress tensor Voigt[x,y,z,yz,xz,xy] (kbar):        9.32       -1.33      -59.86        0.00       -0.00        0.00
(Free)E + p*V (eV/cell)   -10784.6549
Target enthalpy (eV/cell)   -10785.2810

siesta: Stress tensor (static) (eV/Ang**3):
         0.005814    0.000000   -0.000000
         0.000000   -0.000827    0.000000
        -0.000000    0.000000   -0.037363

siesta: Pressure (static):         17.29082315  kBar

siesta: Stress tensor (total) (eV/Ang**3):
         0.005814    0.000000   -0.000000
         0.000000   -0.000827    0.000000
        -0.000000    0.000000   -0.037363

siesta: Pressure (total):         17.29082315  kBar

                     ====================================
                        Begin CG opt. move =     22
                     ====================================
k-point displ. along   1 input, could be:     0.00    0.50
k-point displ. along   3 input, could be:     0.00    0.50
 Kpoints in:           48 . Kpoints trimmed:           41

siesta: k-grid: Number of k-points = 41
siesta: k-points from Monkhorst-Pack grid
siesta: k-cutoff (effective) =     6.730 Ang
siesta: k-point supercell and displacements
siesta: k-grid:     6     0     0      0.000
siesta: k-grid:     0     3     0      0.000
siesta: k-grid:     0     0     4      0.000

superc: Internal auxiliary supercell:    11 x     5 x     9  =     495
superc: Number of atoms, orbitals, and projectors:   1980  45045  35640

outcell: Unit cell vectors (Ang):
        2.873689   -0.000000   -0.000000
       -0.000000    6.139219   -0.000000
       -0.000000   -0.000000    3.365048

outcell: Cell vector modules (Ang)   :    2.873689    6.139219    3.365048
outcell: Cell angles (23,13,12) (deg):     90.0000     90.0000     90.0000
outcell: Cell volume (Ang**3)        :     59.3669
<dSpData1D:S at geom step 22
  <sparsity:sparsity for geom step 22
    nrows_g=91 nrows=4 sparsity=2.4330 nnzs=20148, refcount: 7>
  <dData1D:(new from dSpData1D) n=20148, refcount: 1>
refcount: 1>
new_DM -- step:    23
Re-using DM from previous geometries...
Number of DMs in history: 1
 DM extrapolation coefficients: 
1   1.00000
New DM after history re-use:
<dSpData2D:SpM extrapolated using coords
  <sparsity:sparsity for geom step 22
    nrows_g=91 nrows=4 sparsity=2.4330 nnzs=20148, refcount: 9>
  <dData2D:(temp array for extrapolation) n=20148 m=2, refcount: 1>
refcount: 1>
Note: For starting DM, Qtot, Tr[D*S] =         57.00000000         57.11436333
No. of atoms with KB's overlaping orbs in proc 0. Max # of overlaps:      95    1283

InitMesh: MESH = 30 x 64 x 36 = 69120
InitMesh: Mesh cutoff (required, used) =   300.000   300.356 Ry
New grid distribution [1]: sub = 2
New grid distribution [2]: sub = 2
New grid distribution [3]: sub = 2
Setting up quadratic distribution...

        iscf     Eharris(eV)        E_KS(eV)     FreeEng(eV)     dDmax    Ef(eV) dHmax(eV)
   scf:    1   -10786.156144   -10784.797458   -10784.801656  1.011692 -6.358231  5.244514
     spin moment: {S} , |S| = {        0.0        0.0   -0.00000 }    -0.00000
   scf:    2   -10387.169778   -10654.636812   -10654.648226  5.160625 -3.957583 79.225045
     spin moment: {S} , |S| = {        0.0        0.0   -0.00000 }    -0.00000
   scf:    3   -10786.928235   -10785.211194   -10785.214764  5.152486 -6.232479  2.348077
     spin moment: {S} , |S| = {        0.0        0.0   -0.00000 }    -0.00000
   scf:    4   -10785.277068   -10785.310179   -10785.313396  0.063015 -6.108759  0.439872
     spin moment: {S} , |S| = {        0.0        0.0    0.00000 }     0.00000
   scf:    5   -10785.318764   -10785.315198   -10785.318292  0.072065 -6.106185  0.259704
     spin moment: {S} , |S| = {        0.0        0.0   -0.00000 }    -0.00000
   scf:    6   -10785.313963   -10785.314607   -10785.317687  0.005518 -6.103007  0.317533
     spin moment: {S} , |S| = {        0.0        0.0   -0.00000 }    -0.00000
   scf:    7   -10785.313150   -10785.316143   -10785.319238  0.019295 -6.123097  0.181467
     spin moment: {S} , |S| = {        0.0        0.0    0.00000 }     0.00000
   scf:    8   -10785.315770   -10785.315967   -10785.319062  0.004569 -6.123816  0.201243
     spin moment: {S} , |S| = {        0.0        0.0    0.00000 }     0.00000
   scf:    9   -10785.316686   -10785.316354   -10785.319449  0.001554 -6.121496  0.145726
     spin moment: {S} , |S| = {        0.0        0.0    0.00000 }     0.00000
   scf:   10   -10785.316899   -10785.316675   -10785.319771  0.002085 -6.118454  0.072824
     spin moment: {S} , |S| = {        0.0        0.0    0.00000 }     0.00000
   scf:   11   -10785.316792   -10785.316781   -10785.319877  0.002027 -6.115419  0.000427
     spin moment: {S} , |S| = {        0.0        0.0    0.00000 }     0.00000
   scf:   12   -10785.316780   -10785.316781   -10785.319877  0.000105 -6.115418  0.000356
     spin moment: {S} , |S| = {        0.0        0.0   -0.00000 }    -0.00000

SCF Convergence by DM criterion
max |DM_out - DM_in|         :     0.0001053532
max |H_out - H_in|      (eV) :     0.0003561546
SCF cycle converged after 12 iterations

Using DM_out to compute the final energy and forces
No. of atoms with KB's overlaping orbs in proc 0. Max # of overlaps:      95    1283

siesta: E_KS(eV) =           -10785.3168

siesta: Atomic forces (eV/Ang):
     1    0.000000   -0.011163    0.000000
     2    0.000001    0.011160    0.000001
     3   -0.000001   -0.000003   -0.000000
     4   -0.000002    0.000008    0.000007
----------------------------------------
   Tot   -0.000003    0.000002    0.000008
----------------------------------------
   Max    0.011163
   Res    0.004557    sqrt( Sum f_i^2 / 3N )
----------------------------------------
   Max    0.011163    constrained

Stress tensor Voigt[x,y,z,yz,xz,xy] (kbar):       34.03        0.06      -17.11       -0.00        0.00       -0.00
(Free)E + p*V (eV/cell)   -10785.5295
Target enthalpy (eV/cell)   -10785.3199

siesta: Stress tensor (static) (eV/Ang**3):
         0.021238   -0.000000    0.000000
        -0.000000    0.000038   -0.000000
         0.000000   -0.000000   -0.010681

siesta: Pressure (static):         -5.65849526  kBar

siesta: Stress tensor (total) (eV/Ang**3):
         0.021238   -0.000000    0.000000
        -0.000000    0.000038   -0.000000
         0.000000   -0.000000   -0.010681

siesta: Pressure (total):         -5.65849526  kBar

cgvc: Finished line minimization    6.  Mean atomic displacement =    0.1078

                     ====================================
                        Begin CG opt. move =     23
                     ====================================
k-point displ. along   1 input, could be:     0.00    0.50
k-point displ. along   3 input, could be:     0.00    0.50
 Kpoints in:           48 . Kpoints trimmed:           41

siesta: k-grid: Number of k-points = 41
siesta: k-points from Monkhorst-Pack grid
siesta: k-cutoff (effective) =     6.789 Ang
siesta: k-point supercell and displacements
siesta: k-grid:     6     0     0      0.000
siesta: k-grid:     0     3     0      0.000
siesta: k-grid:     0     0     4      0.000

superc: Internal auxiliary supercell:    11 x     5 x     9  =     495
superc: Number of atoms, orbitals, and projectors:   1980  45045  35640

outcell: Unit cell vectors (Ang):
        2.821004    0.000000   -0.000000
        0.000000    6.143563   -0.000000
       -0.000000   -0.000000    3.394617

outcell: Cell vector modules (Ang)   :    2.821004    6.143563    3.394617
outcell: Cell angles (23,13,12) (deg):     90.0000     90.0000     90.0000
outcell: Cell volume (Ang**3)        :     58.8322
<dSpData1D:S at geom step 23
  <sparsity:sparsity for geom step 23
    nrows_g=91 nrows=4 sparsity=2.3787 nnzs=19698, refcount: 7>
  <dData1D:(new from dSpData1D) n=19698, refcount: 1>
refcount: 1>
new_DM -- step:    24
Re-using DM from previous geometries...
Number of DMs in history: 1
 DM extrapolation coefficients: 
1   1.00000
New DM after history re-use:
<dSpData2D:SpM extrapolated using coords
  <sparsity:sparsity for geom step 23
    nrows_g=91 nrows=4 sparsity=2.3787 nnzs=19698, refcount: 9>
  <dData2D:(temp array for extrapolation) n=19698 m=2, refcount: 1>
refcount: 1>
No. of atoms with KB's overlaping orbs in proc 0. Max # of overlaps:      89    1279

InitMesh: MESH = 30 x 72 x 36 = 77760
InitMesh: Mesh cutoff (required, used) =   300.000   310.832 Ry
New grid distribution [1]: sub = 2
New grid distribution [2]: sub = 2
New grid distribution [3]: sub = 2
Setting up quadratic distribution...

        iscf     Eharris(eV)        E_KS(eV)     FreeEng(eV)     dDmax    Ef(eV) dHmax(eV)
   scf:    1   -10784.792327   -10785.297367   -10785.299105  0.422329 -6.061442  1.228620
     spin moment: {S} , |S| = {        0.0        0.0    0.00000 }     0.00000
   scf:    2   -10779.113716   -10783.335505   -10783.337671  0.300994 -6.541425 10.093713
     spin moment: {S} , |S| = {        0.0        0.0    0.00000 }     0.00000
   scf:    3   -10785.601605   -10785.330300   -10785.331919  0.262664 -6.120157  0.185413
     spin moment: {S} , |S| = {        0.0        0.0    0.00000 }     0.00000
   scf:    4   -10785.326877   -10785.330054   -10785.331703  0.019960 -6.103295  0.234988
     spin moment: {S} , |S| = {        0.0        0.0    0.00000 }     0.00000
   scf:    5   -10785.331569   -10785.330968   -10785.332615  0.012230 -6.107965  0.137800
     spin moment: {S} , |S| = {        0.0        0.0    0.00000 }     0.00000
   scf:    6   -10785.331475   -10785.331325   -10785.332967  0.010418 -6.114012  0.026412
     spin moment: {S} , |S| = {        0.0        0.0    0.00000 }     0.00000
   scf:    7   -10785.331276   -10785.331326   -10785.332967  0.004879 -6.116982  0.029099
     spin moment: {S} , |S| = {        0.0        0.0   -0.00000 }    -0.00000
   scf:    8   -10785.331332   -10785.331329   -10785.332971  0.000118 -6.116834  0.025303
     spin moment: {S} , |S| = {        0.0        0.0    0.00000 }     0.00000

SCF Convergence by DM criterion
max |DM_out - DM_in|         :     0.0001175480
max |H_out - H_in|      (eV) :     0.0253030784
SCF cycle converged after 8 iterations

Using DM_out to compute the final energy and forces
No. of atoms with KB's overlaping orbs in proc 0. Max # of overlaps:      89    1279

siesta: E_KS(eV) =           -10785.3313

siesta: Atomic forces (eV/Ang):
     1   -0.000002    0.063621    0.000002
     2   -0.000002   -0.063624    0.000002
     3    0.000001    0.000008    0.000001
     4    0.000011   -0.000052   -0.000027
----------------------------------------
   Tot    0.000009   -0.000048   -0.000022
----------------------------------------
   Max    0.063624
   Res    0.025974    sqrt( Sum f_i^2 / 3N )
----------------------------------------
   Max    0.063624    constrained

Stress tensor Voigt[x,y,z,yz,xz,xy] (kbar):        2.88       -1.64       -8.79       -0.00       -0.00        0.00
(Free)E + p*V (eV/cell)   -10785.2406
Target enthalpy (eV/cell)   -10785.3330

siesta: Stress tensor (static) (eV/Ang**3):
         0.001797    0.000000   -0.000000
         0.000000   -0.001027   -0.000000
        -0.000000   -0.000000   -0.005483

siesta: Pressure (static):          2.51680230  kBar

siesta: Stress tensor (total) (eV/Ang**3):
         0.001797    0.000000   -0.000000
         0.000000   -0.001027   -0.000000
        -0.000000   -0.000000   -0.005483

siesta: Pressure (total):          2.51680230  kBar

                     ====================================
                        Begin CG opt. move =     24
                     ====================================
k-point displ. along   1 input, could be:     0.00    0.50
k-point displ. along   3 input, could be:     0.00    0.50
 Kpoints in:           48 . Kpoints trimmed:           41

siesta: k-grid: Number of k-points = 41
siesta: k-points from Monkhorst-Pack grid
siesta: k-cutoff (effective) =     6.848 Ang
siesta: k-point supercell and displacements
siesta: k-grid:     6     0     0      0.000
siesta: k-grid:     0     3     0      0.000
siesta: k-grid:     0     0     4      0.000

superc: Internal auxiliary supercell:    11 x     5 x     9  =     495
superc: Number of atoms, orbitals, and projectors:   1980  45045  35640

outcell: Unit cell vectors (Ang):
        2.768319    0.000000   -0.000000
        0.000000    6.147907   -0.000000
       -0.000000   -0.000000    3.424185

outcell: Cell vector modules (Ang)   :    2.768319    6.147907    3.424185
outcell: Cell angles (23,13,12) (deg):     90.0000     90.0000     90.0000
outcell: Cell volume (Ang**3)        :     58.2775
<dSpData1D:S at geom step 24
  <sparsity:sparsity for geom step 24
    nrows_g=91 nrows=4 sparsity=2.3973 nnzs=19852, refcount: 7>
  <dData1D:(new from dSpData1D) n=19852, refcount: 1>
refcount: 1>
new_DM -- step:    25
Re-using DM from previous geometries...
Number of DMs in history: 1
 DM extrapolation coefficients: 
1   1.00000
New DM after history re-use:
<dSpData2D:SpM extrapolated using coords
  <sparsity:sparsity for geom step 24
    nrows_g=91 nrows=4 sparsity=2.3973 nnzs=19852, refcount: 9>
  <dData2D:(temp array for extrapolation) n=19852 m=2, refcount: 1>
refcount: 1>
No. of atoms with KB's overlaping orbs in proc 0. Max # of overlaps:      91    1283

InitMesh: MESH = 30 x 72 x 36 = 77760
InitMesh: Mesh cutoff (required, used) =   300.000   305.487 Ry
New grid distribution [1]: sub = 2
New grid distribution [2]: sub = 2
New grid distribution [3]: sub = 2
Setting up quadratic distribution...

        iscf     Eharris(eV)        E_KS(eV)     FreeEng(eV)     dDmax    Ef(eV) dHmax(eV)
   scf:    1   -10784.400461   -10785.214902   -10785.217125  0.551108 -6.093192  2.207839
     spin moment: {S} , |S| = {        0.0        0.0   -0.00000 }    -0.00000
   scf:    2   -10767.668986   -10779.667399   -10779.670620  0.545197 -6.681160 17.115432
     spin moment: {S} , |S| = {        0.0        0.0   -0.00000 }    -0.00000
   scf:    3   -10786.194759   -10785.312965   -10785.315216  0.461171 -6.157116  0.470338
     spin moment: {S} , |S| = {        0.0        0.0   -0.00000 }    -0.00000
   scf:    4   -10785.273523   -10785.296201   -10785.298418  0.016289 -6.173484  1.063041
     spin moment: {S} , |S| = {        0.0        0.0   -0.00000 }    -0.00000
   scf:    5   -10785.284220   -10785.311938   -10785.314220  0.081726 -6.131639  0.551406
     spin moment: {S} , |S| = {        0.0        0.0   -0.00000 }    -0.00000
   scf:    6   -10785.313944   -10785.312965   -10785.315250  0.003547 -6.133204  0.498756
     spin moment: {S} , |S| = {        0.0        0.0   -0.00000 }    -0.00000
   scf:    7   -10785.319066   -10785.317468   -10785.319755  0.018668 -6.144918  0.080669
     spin moment: {S} , |S| = {        0.0        0.0   -0.00000 }    -0.00000
   scf:    8   -10785.317457   -10785.317570   -10785.319857  0.005316 -6.148284  0.033376
     spin moment: {S} , |S| = {        0.0        0.0   -0.00000 }    -0.00000
   scf:    9   -10785.317574   -10785.317572   -10785.319859  0.000109 -6.148247  0.031462
     spin moment: {S} , |S| = {        0.0        0.0    0.00000 }     0.00000

SCF Convergence by DM criterion
max |DM_out - DM_in|         :     0.0001087225
max |H_out - H_in|      (eV) :     0.0314623001
SCF cycle converged after 9 iterations

Using DM_out to compute the final energy and forces
No. of atoms with KB's overlaping orbs in proc 0. Max # of overlaps:      91    1283

siesta: E_KS(eV) =           -10785.3176

siesta: Atomic forces (eV/Ang):
     1   -0.000002    0.125408    0.000007
     2   -0.000004   -0.125411    0.000006
     3    0.000002    0.000018    0.000000
     4    0.000029   -0.000115   -0.000064
----------------------------------------
   Tot    0.000025   -0.000100   -0.000050
----------------------------------------
   Max    0.125411
   Res    0.051198    sqrt( Sum f_i^2 / 3N )
----------------------------------------
   Max    0.125411    constrained

Stress tensor Voigt[x,y,z,yz,xz,xy] (kbar):      -35.52       -8.57        5.45       -0.00       -0.00        0.00
(Free)E + p*V (eV/cell)   -10784.8514
Target enthalpy (eV/cell)   -10785.3199

siesta: Stress tensor (static) (eV/Ang**3):
        -0.022168   -0.000000   -0.000000
         0.000000   -0.005347   -0.000000
        -0.000000   -0.000000    0.003400

siesta: Pressure (static):         12.87895086  kBar

siesta: Stress tensor (total) (eV/Ang**3):
        -0.022168   -0.000000   -0.000000
         0.000000   -0.005347   -0.000000
        -0.000000   -0.000000    0.003400

siesta: Pressure (total):         12.87895086  kBar

                     ====================================
                        Begin CG opt. move =     25
                     ====================================
k-point displ. along   1 input, could be:     0.00    0.50
k-point displ. along   3 input, could be:     0.00    0.50
 Kpoints in:           48 . Kpoints trimmed:           41

siesta: k-grid: Number of k-points = 41
siesta: k-points from Monkhorst-Pack grid
siesta: k-cutoff (effective) =     6.797 Ang
siesta: k-point supercell and displacements
siesta: k-grid:     6     0     0      0.000
siesta: k-grid:     0     3     0      0.000
siesta: k-grid:     0     0     4      0.000

superc: Internal auxiliary supercell:    11 x     5 x     9  =     495
superc: Number of atoms, orbitals, and projectors:   1980  45045  35640

outcell: Unit cell vectors (Ang):
        2.814261    0.000000   -0.000000
        0.000000    6.144119   -0.000000
       -0.000000   -0.000000    3.398401

outcell: Cell vector modules (Ang)   :    2.814261    6.144119    3.398401
outcell: Cell angles (23,13,12) (deg):     90.0000     90.0000     90.0000
outcell: Cell volume (Ang**3)        :     58.7623
<dSpData1D:S at geom step 25
  <sparsity:sparsity for geom step 25
    nrows_g=91 nrows=4 sparsity=2.3787 nnzs=19698, refcount: 7>
  <dData1D:(new from dSpData1D) n=19698, refcount: 1>
refcount: 1>
new_DM -- step:    26
Re-using DM from previous geometries...
Number of DMs in history: 1
 DM extrapolation coefficients: 
1   1.00000
New DM after history re-use:
<dSpData2D:SpM extrapolated using coords
  <sparsity:sparsity for geom step 25
    nrows_g=91 nrows=4 sparsity=2.3787 nnzs=19698, refcount: 9>
  <dData2D:(temp array for extrapolation) n=19698 m=2, refcount: 1>
refcount: 1>
No. of atoms with KB's overlaping orbs in proc 0. Max # of overlaps:      89    1279

InitMesh: MESH = 30 x 72 x 36 = 77760
InitMesh: Mesh cutoff (required, used) =   300.000   310.140 Ry
New grid distribution [1]: sub = 2
New grid distribution [2]: sub = 2
New grid distribution [3]: sub = 2
Setting up quadratic distribution...

        iscf     Eharris(eV)        E_KS(eV)     FreeEng(eV)     dDmax    Ef(eV) dHmax(eV)
   scf:    1   -10785.667314   -10785.193256   -10785.194902  0.335361 -6.230176  2.555897
     spin moment: {S} , |S| = {        0.0        0.0    0.00000 }     0.00000
   scf:    2   -10724.334217   -10765.429253   -10765.438566  1.488638 -5.165384 31.254928
     spin moment: {S} , |S| = {        0.0        0.0    0.00000 }     0.00000
   scf:    3   -10786.143235   -10785.320239   -10785.321879  1.471354 -6.150151  0.664582
     spin moment: {S} , |S| = {        0.0        0.0    0.00000 }     0.00000
   scf:    4   -10785.302640   -10785.325445   -10785.327161  0.038864 -6.098111  0.557846
     spin moment: {S} , |S| = {        0.0        0.0    0.00000 }     0.00000
   scf:    5   -10785.328547   -10785.331164   -10785.332814  0.019520 -6.124959  0.144708
     spin moment: {S} , |S| = {        0.0        0.0    0.00000 }     0.00000
   scf:    6   -10785.329984   -10785.330635   -10785.332281  0.005469 -6.126838  0.221663
     spin moment: {S} , |S| = {        0.0        0.0   -0.00000 }    -0.00000
   scf:    7   -10785.331537   -10785.331567   -10785.333231  0.016351 -6.114471  0.016076
     spin moment: {S} , |S| = {        0.0        0.0    0.00000 }     0.00000
   scf:    8   -10785.331566   -10785.331567   -10785.333231  0.000148 -6.114383  0.017282
     spin moment: {S} , |S| = {        0.0        0.0    0.00000 }     0.00000

SCF Convergence by DM criterion
max |DM_out - DM_in|         :     0.0001481567
max |H_out - H_in|      (eV) :     0.0172818988
SCF cycle converged after 8 iterations

Using DM_out to compute the final energy and forces
No. of atoms with KB's overlaping orbs in proc 0. Max # of overlaps:      89    1279

siesta: E_KS(eV) =           -10785.3316

siesta: Atomic forces (eV/Ang):
     1   -0.000001    0.071369    0.000003
     2   -0.000002   -0.071373    0.000002
     3    0.000002    0.000008   -0.000001
     4    0.000014   -0.000059   -0.000030
----------------------------------------
   Tot    0.000012   -0.000055   -0.000026
----------------------------------------
   Max    0.071373
   Res    0.029137    sqrt( Sum f_i^2 / 3N )
----------------------------------------
   Max    0.071373    constrained

Stress tensor Voigt[x,y,z,yz,xz,xy] (kbar):       -3.05       -2.68       -7.33       -0.00       -0.00       -0.00
(Free)E + p*V (eV/cell)   -10785.1736
Target enthalpy (eV/cell)   -10785.3332

siesta: Stress tensor (static) (eV/Ang**3):
        -0.001906   -0.000000   -0.000000
        -0.000000   -0.001670   -0.000000
        -0.000000   -0.000000   -0.004572

siesta: Pressure (static):          4.35149431  kBar

siesta: Stress tensor (total) (eV/Ang**3):
        -0.001906   -0.000000   -0.000000
        -0.000000   -0.001670   -0.000000
        -0.000000   -0.000000   -0.004572

siesta: Pressure (total):          4.35149431  kBar

cgvc: Finished line minimization    7.  Mean atomic displacement =    0.1216

                     ====================================
                        Begin CG opt. move =     26
                     ====================================
k-point displ. along   1 input, could be:     0.00    0.50
k-point displ. along   3 input, could be:     0.00    0.50
 Kpoints in:           48 . Kpoints trimmed:           41

siesta: k-grid: Number of k-points = 41
siesta: k-points from Monkhorst-Pack grid
siesta: k-cutoff (effective) =     6.892 Ang
siesta: k-point supercell and displacements
siesta: k-grid:     6     0     0      0.000
siesta: k-grid:     0     3     0      0.000
siesta: k-grid:     0     0     4      0.000

superc: Internal auxiliary supercell:    11 x     5 x     9  =     495
superc: Number of atoms, orbitals, and projectors:   1980  45045  35640

outcell: Unit cell vectors (Ang):
        2.795396    0.000000    0.000000
        0.000000    6.162766   -0.000000
        0.000000   -0.000000    3.445824

outcell: Cell vector modules (Ang)   :    2.795396    6.162766    3.445824
outcell: Cell angles (23,13,12) (deg):     90.0000     90.0000     90.0000
outcell: Cell volume (Ang**3)        :     59.3625
<dSpData1D:S at geom step 26
  <sparsity:sparsity for geom step 26
    nrows_g=91 nrows=4 sparsity=2.3945 nnzs=19829, refcount: 7>
  <dData1D:(new from dSpData1D) n=19829, refcount: 1>
refcount: 1>
new_DM -- step:    27
Re-using DM from previous geometries...
Number of DMs in history: 1
 DM extrapolation coefficients: 
1   1.00000
New DM after history re-use:
<dSpData2D:SpM extrapolated using coords
  <sparsity:sparsity for geom step 26
    nrows_g=91 nrows=4 sparsity=2.3945 nnzs=19829, refcount: 9>
  <dData2D:(temp array for extrapolation) n=19829 m=2, refcount: 1>
refcount: 1>
Note: For starting DM, Qtot, Tr[D*S] =         57.00000000         57.13336295
No. of atoms with KB's overlaping orbs in proc 0. Max # of overlaps:      90    1246

InitMesh: MESH = 30 x 72 x 36 = 77760
InitMesh: Mesh cutoff (required, used) =   300.000   301.662 Ry
New grid distribution [1]: sub = 2
New grid distribution [2]: sub = 2
New grid distribution [3]: sub = 2
Setting up quadratic distribution...

        iscf     Eharris(eV)        E_KS(eV)     FreeEng(eV)     dDmax    Ef(eV) dHmax(eV)
   scf:    1   -10783.850436   -10784.211687   -10784.213025  0.775572 -6.345501  7.358768
     spin moment: {S} , |S| = {        0.0        0.0   -0.00000 }    -0.00000
   scf:    2    -9924.144256   -10502.875718   -10502.882993  9.243843 -2.755952116.157279
     spin moment: {S} , |S| = {        0.0        0.0   -0.00000 }    -0.00000
   scf:    3   -10786.339018   -10785.015150   -10785.016490  9.192970 -6.174172  3.427570
     spin moment: {S} , |S| = {        0.0        0.0   -0.00000 }    -0.00000
   scf:    4   -10785.327723   -10785.225535   -10785.227248  0.075190 -6.085651  0.922272
     spin moment: {S} , |S| = {        0.0        0.0   -0.00000 }    -0.00000
   scf:    5   -10785.203866   -10785.216298   -10785.217959  0.090497 -6.088785  1.254174
     spin moment: {S} , |S| = {        0.0        0.0   -0.00000 }    -0.00000
   scf:    6   -10785.113333   -10785.217308   -10785.218702  0.075489 -6.033938  1.197715
     spin moment: {S} , |S| = {        0.0        0.0   -0.00000 }    -0.00000
   scf:    7   -10785.256439   -10785.244059   -10785.245629  0.024594 -6.051395  0.304608
     spin moment: {S} , |S| = {        0.0        0.0   -0.00000 }    -0.00000
   scf:    8   -10785.243544   -10785.245608   -10785.247242  0.017685 -6.058800  0.136097
     spin moment: {S} , |S| = {        0.0        0.0    0.00000 }     0.00000
   scf:    9   -10785.244876   -10785.245267   -10785.246907  0.001836 -6.059832  0.189831
     spin moment: {S} , |S| = {        0.0        0.0   -0.00000 }    -0.00000
   scf:   10   -10785.246278   -10785.245920   -10785.247541  0.004026 -6.056928  0.060044
     spin moment: {S} , |S| = {        0.0        0.0   -0.00000 }    -0.00000
   scf:   11   -10785.246020   -10785.246004   -10785.247614  0.002041 -6.055566  0.001580
     spin moment: {S} , |S| = {        0.0        0.0    0.00000 }     0.00000
   scf:   12   -10785.246004   -10785.246004   -10785.247614  0.000129 -6.055610  0.000909
     spin moment: {S} , |S| = {        0.0        0.0   -0.00000 }    -0.00000

SCF Convergence by DM criterion
max |DM_out - DM_in|         :     0.0001285684
max |H_out - H_in|      (eV) :     0.0009093776
SCF cycle converged after 12 iterations

Using DM_out to compute the final energy and forces
No. of atoms with KB's overlaping orbs in proc 0. Max # of overlaps:      90    1246

siesta: E_KS(eV) =           -10785.2460

siesta: Atomic forces (eV/Ang):
     1    0.000009   -0.913033   -0.000026
     2    0.000010    0.913060   -0.000026
     3   -0.000001   -0.000077    0.000017
     4   -0.000158    0.000776    0.000249
----------------------------------------
   Tot   -0.000140    0.000725    0.000214
----------------------------------------
   Max    0.913060
   Res    0.372750    sqrt( Sum f_i^2 / 3N )
----------------------------------------
   Max    0.913060    constrained

Stress tensor Voigt[x,y,z,yz,xz,xy] (kbar):       -4.43       25.45       19.47       -0.00        0.00        0.00
(Free)E + p*V (eV/cell)   -10785.7477
Target enthalpy (eV/cell)   -10785.2476

siesta: Stress tensor (static) (eV/Ang**3):
        -0.002763    0.000000    0.000000
         0.000000    0.015887   -0.000000
         0.000000   -0.000000    0.012150

siesta: Pressure (static):        -13.49754226  kBar

siesta: Stress tensor (total) (eV/Ang**3):
        -0.002763    0.000000    0.000000
         0.000000    0.015887   -0.000000
         0.000000   -0.000000    0.012150

siesta: Pressure (total):        -13.49754226  kBar

                     ====================================
                        Begin CG opt. move =     27
                     ====================================
k-point displ. along   1 input, could be:     0.00    0.50
k-point displ. along   3 input, could be:     0.00    0.50
 Kpoints in:           48 . Kpoints trimmed:           41

siesta: k-grid: Number of k-points = 41
siesta: k-points from Monkhorst-Pack grid
siesta: k-cutoff (effective) =     6.805 Ang
siesta: k-point supercell and displacements
siesta: k-grid:     6     0     0      0.000
siesta: k-grid:     0     3     0      0.000
siesta: k-grid:     0     0     4      0.000

superc: Internal auxiliary supercell:    11 x     5 x     9  =     495
superc: Number of atoms, orbitals, and projectors:   1980  45045  35640

outcell: Unit cell vectors (Ang):
        2.812714    0.000000   -0.000000
        0.000000    6.145648   -0.000000
       -0.000000   -0.000000    3.402290

outcell: Cell vector modules (Ang)   :    2.812714    6.145648    3.402290
outcell: Cell angles (23,13,12) (deg):     90.0000     90.0000     90.0000
outcell: Cell volume (Ang**3)        :     58.8118
<dSpData1D:S at geom step 27
  <sparsity:sparsity for geom step 27
    nrows_g=91 nrows=4 sparsity=2.3787 nnzs=19698, refcount: 7>
  <dData1D:(new from dSpData1D) n=19698, refcount: 1>
refcount: 1>
new_DM -- step:    28
Re-using DM from previous geometries...
Number of DMs in history: 1
 DM extrapolation coefficients: 
1   1.00000
New DM after history re-use:
<dSpData2D:SpM extrapolated using coords
  <sparsity:sparsity for geom step 27
    nrows_g=91 nrows=4 sparsity=2.3787 nnzs=19698, refcount: 9>
  <dData2D:(temp array for extrapolation) n=19698 m=2, refcount: 1>
refcount: 1>
No. of atoms with KB's overlaping orbs in proc 0. Max # of overlaps:      89    1279

InitMesh: MESH = 30 x 72 x 36 = 77760
InitMesh: Mesh cutoff (required, used) =   300.000   309.431 Ry
New grid distribution [1]: sub = 2
New grid distribution [2]: sub = 2
New grid distribution [3]: sub = 2
Setting up quadratic distribution...

        iscf     Eharris(eV)        E_KS(eV)     FreeEng(eV)     dDmax    Ef(eV) dHmax(eV)
   scf:    1   -10784.425844   -10785.216767   -10785.218829  0.725858 -6.028476  2.035616
     spin moment: {S} , |S| = {        0.0        0.0   -0.00000 }    -0.00000
   scf:    2   -10767.949987   -10779.765829   -10779.769095  0.582253 -6.675745 16.555938
     spin moment: {S} , |S| = {        0.0        0.0   -0.00000 }    -0.00000
   scf:    3   -10786.182783   -10785.323194   -10785.324932  0.491563 -6.124374  0.535036
     spin moment: {S} , |S| = {        0.0        0.0   -0.00000 }    -0.00000
   scf:    4   -10785.253346   -10785.309011   -10785.310900  0.073005 -6.061127  1.046716
     spin moment: {S} , |S| = {        0.0        0.0   -0.00000 }    -0.00000
   scf:    5   -10785.311742   -10785.311113   -10785.312989  0.053209 -6.059809  1.054293
     spin moment: {S} , |S| = {        0.0        0.0   -0.00000 }    -0.00000
   scf:    6   -10785.340216   -10785.329871   -10785.331641  0.028124 -6.088619  0.345184
     spin moment: {S} , |S| = {        0.0        0.0   -0.00000 }    -0.00000
   scf:    7   -10785.329963   -10785.331840   -10785.333556  0.019230 -6.108703  0.135114
     spin moment: {S} , |S| = {        0.0        0.0    0.00000 }     0.00000
   scf:    8   -10785.331968   -10785.331906   -10785.333626  0.001151 -6.108165  0.120588
     spin moment: {S} , |S| = {        0.0        0.0    0.00000 }     0.00000
   scf:    9   -10785.332250   -10785.332145   -10785.333878  0.003754 -6.104590  0.031026
     spin moment: {S} , |S| = {        0.0        0.0   -0.00000 }    -0.00000
   scf:   10   -10785.332156   -10785.332158   -10785.333896  0.001183 -6.103405  0.001297
     spin moment: {S} , |S| = {        0.0        0.0   -0.00000 }    -0.00000
   scf:   11   -10785.332157   -10785.332157   -10785.333896  0.000055 -6.103368  0.000501
     spin moment: {S} , |S| = {        0.0        0.0   -0.00000 }    -0.00000

SCF Convergence by DM criterion
max |DM_out - DM_in|         :     0.0000546371
max |H_out - H_in|      (eV) :     0.0005008674
SCF cycle converged after 11 iterations

Using DM_out to compute the final energy and forces
No. of atoms with KB's overlaping orbs in proc 0. Max # of overlaps:      89    1279

siesta: E_KS(eV) =           -10785.3322

siesta: Atomic forces (eV/Ang):
     1   -0.000001   -0.013404   -0.000001
     2   -0.000001    0.013423   -0.000000
     3    0.000001   -0.000008    0.000001
     4   -0.000002   -0.000003   -0.000007
----------------------------------------
   Tot   -0.000002    0.000007   -0.000006
----------------------------------------
   Max    0.013423
   Res    0.005476    sqrt( Sum f_i^2 / 3N )
----------------------------------------
   Max    0.013423    constrained

Stress tensor Voigt[x,y,z,yz,xz,xy] (kbar):       -3.97       -1.01       -5.37       -0.00        0.00        0.00
(Free)E + p*V (eV/cell)   -10785.2071
Target enthalpy (eV/cell)   -10785.3339

siesta: Stress tensor (static) (eV/Ang**3):
        -0.002481    0.000000    0.000000
         0.000000   -0.000630   -0.000000
         0.000000   -0.000000   -0.003355

siesta: Pressure (static):          3.45308437  kBar

siesta: Stress tensor (total) (eV/Ang**3):
        -0.002481    0.000000    0.000000
         0.000000   -0.000630   -0.000000
         0.000000   -0.000000   -0.003355

siesta: Pressure (total):          3.45308437  kBar

outcoor: Relaxed atomic coordinates (fractional):           
   -0.00000003   -0.03322264    0.00000008   1       1  Ga
   -0.00000008    0.53322285    0.00000009   1       2  Ga
    0.49999979    0.25000011    0.49999997   1       3  Ga
    0.50000001    0.74999988    0.50000018   2       4  Ni

outcell: Unit cell vectors (Ang):
        2.812714    0.000000   -0.000000
        0.000000    6.145648   -0.000000
       -0.000000   -0.000000    3.402290

outcell: Cell vector modules (Ang)   :    2.812714    6.145648    3.402290
outcell: Cell angles (23,13,12) (deg):     90.0000     90.0000     90.0000
outcell: Cell volume (Ang**3)        :     58.8118

coxmol: Writing XMOL coordinates into file hea.xyz                                                                                                                                                                                                                             
Writing WFSX for COOP/COHP in hea.fullBZ.WFSX

diag: Algorithm                                     = D&C
diag: Parallel over k                               =   F
diag: Use parallel 2D distribution                  =   T
diag: Parallel block-size                           = 2
diag: Parallel distribution                         =     6 x     6
diag: Used triangular part                          = Lower
diag: Absolute tolerance                            =  0.100E-15
diag: Orthogonalization factor                      =  0.100E-05
diag: Memory factor                                 =  1.0000

diag: Algorithm                                     = D&C
diag: Parallel over k                               =   F
diag: Use parallel 2D distribution                  =   T
diag: Parallel block-size                           = 2
diag: Parallel distribution                         =     6 x     6
diag: Used triangular part                          = Lower
diag: Absolute tolerance                            =  0.100E-15
diag: Orthogonalization factor                      =  0.100E-05
diag: Memory factor                                 =  1.0000

siesta: PDOS info
siesta: E1 -- E2, sigma [eV], nhist:  -20.000 --   20.000    0.100 1000

diag: Algorithm                                     = D&C
diag: Parallel over k                               =   F
diag: Use parallel 2D distribution                  =   T
diag: Parallel block-size                           = 2
diag: Parallel distribution                         =     6 x     6
diag: Used triangular part                          = Lower
diag: Absolute tolerance                            =  0.100E-15
diag: Orthogonalization factor                      =  0.100E-05
diag: Memory factor                                 =  1.0000

siesta: Program's energy decomposition (eV):
siesta: Ebs     =     -1450.498205
siesta: Eions   =     12546.310968
siesta: Ena     =       584.647170
siesta: Ekin    =      7254.802803
siesta: Enl     =     -3825.800765
siesta: Eso     =         0.000000
siesta: Edftu   =         0.000000
siesta: DEna    =        16.609347
siesta: DUscf   =         0.337334
siesta: DUext   =         0.000000
siesta: Ex      =     -2139.176735
siesta: Ec      =      -130.440344
siesta: Exc     =     -2269.617078
siesta: EbV     =         0.000000
siesta: eta*DQ  =         0.000000
siesta: Emadel  =         0.000000
siesta: Emeta   =         0.000000
siesta: Emolmec =         0.000000
siesta: Ekinion =         0.000000
siesta: Eharris =    -10785.332157
siesta: Etot    =    -10785.332157
siesta: FreeEng =    -10785.333896

siesta: Final energy (eV):
siesta:  Band Struct. =   -1450.498205
siesta:       Kinetic =    7254.802803
siesta:       Hartree =    3143.238667
siesta:         Edftu =       0.000000
siesta:       Eso     =       0.000000
siesta:    Ext. field =       0.000000
siesta:         Exch. =   -2139.176735
siesta:         Corr. =    -130.440344
siesta:     Bulk bias =       0.000000
siesta:   Exch.-corr. =   -2269.617078
siesta:  Ion-electron =  -13293.527427
siesta:       Ion-ion =   -5620.229121
siesta:       Ekinion =       0.000000
siesta: D3 dispersion =       0.000000
siesta:         Total =  -10785.332157
siesta:         Fermi =      -6.103368

siesta: Stress tensor (static) (eV/Ang**3):
siesta:    -0.002481    0.000000    0.000000
siesta:     0.000000   -0.000630   -0.000000
siesta:     0.000000   -0.000000   -0.003355

siesta: Constrained stress tensor (static) (eV/Ang**3):
siesta:    -0.002481    0.000000    0.000000
siesta:     0.000000   -0.000630   -0.000000
siesta:     0.000000   -0.000000   -0.003355

siesta: Cell volume =         58.811813 Ang**3

siesta: Pressure (static):
siesta:                Solid            Molecule  Units
siesta:           0.00002347          0.00002059  Ry/Bohr**3
siesta:           0.00215525          0.00189070  eV/Ang**3
siesta:           3.45308437          3.02923429  kBar
(Free)E+ p_basis*V_orbitals  =      -10760.933356
(Free)Eharris+ p_basis*V_orbitals  =      -10760.933355

mulliken: Atomic and Orbital Populations:

mulliken: Spin UP 

Species: Ga                  
Atom  Qatom  Qorb
               4s      4s      4s      4py     4pz     4px     4py     4pz     
               4px     4py     4pz     4px     3dxy    3dyz    3dz2    3dxz    
               3dx2-y2 4dxy    4dyz    4dz2    4dxz    4dx2-y2 
   1  6.598   1.058  -0.335   0.186   0.013  -0.016   0.233   0.247   0.242
              0.163  -0.102  -0.089  -0.227   0.998   0.998   0.998   0.998

              0.998   0.050   0.038   0.033   0.089   0.026
   2  6.598   1.058  -0.335   0.186   0.013  -0.015   0.233   0.247   0.242
              0.163  -0.102  -0.089  -0.227   0.998   0.998   0.998   0.998

              0.998   0.050   0.038   0.033   0.089   0.026
   3  6.617   1.188  -0.423   0.169   0.089  -0.485   0.352   0.433   0.466
              0.290  -0.287   0.013  -0.346   0.997   0.998   0.997   0.998

              0.998   0.048  -0.014   0.048   0.066   0.024

Species: Ni                  
Atom  Qatom  Qorb
               3s      4s      4s      4s      3py     3pz     3px     4py     
               4pz     4px     3dxy    3dyz    3dz2    3dxz    3dx2-y2 3dxy    
               3dyz    3dz2    3dxz    3dx2-y2 3dxy    3dyz    3dz2    3dxz    
               3dx2-y2 
   4  8.687   0.980  -1.145   0.060   0.804   1.000   0.999   0.999   0.163
              0.151   0.237   1.188   1.201   1.185   1.193   1.140  -0.093

             -0.093  -0.088  -0.091  -0.079  -0.195  -0.229  -0.187  -0.244

             -0.170

mulliken: Qtot =       28.500

mulliken: Spin DOWN 

Species: Ga                  
Atom  Qatom  Qorb
               4s      4s      4s      4py     4pz     4px     4py     4pz     
               4px     4py     4pz     4px     3dxy    3dyz    3dz2    3dxz    
               3dx2-y2 4dxy    4dyz    4dz2    4dxz    4dx2-y2 
   1  6.598   1.058  -0.335   0.186   0.013  -0.016   0.233   0.247   0.242
              0.163  -0.102  -0.089  -0.227   0.998   0.998   0.998   0.998

              0.998   0.050   0.038   0.033   0.089   0.026
   2  6.598   1.058  -0.335   0.186   0.013  -0.015   0.233   0.247   0.242
              0.163  -0.102  -0.089  -0.227   0.998   0.998   0.998   0.998

              0.998   0.050   0.038   0.033   0.089   0.026
   3  6.617   1.188  -0.423   0.169   0.089  -0.485   0.352   0.433   0.466
              0.290  -0.287   0.013  -0.346   0.997   0.998   0.997   0.998

              0.998   0.048  -0.014   0.048   0.066   0.024

Species: Ni                  
Atom  Qatom  Qorb
               3s      4s      4s      4s      3py     3pz     3px     4py     
               4pz     4px     3dxy    3dyz    3dz2    3dxz    3dx2-y2 3dxy    
               3dyz    3dz2    3dxz    3dx2-y2 3dxy    3dyz    3dz2    3dxz    
               3dx2-y2 
   4  8.687   0.980  -1.145   0.060   0.804   1.000   0.999   0.999   0.163
              0.151   0.237   1.188   1.201   1.185   1.193   1.140  -0.093

             -0.093  -0.088  -0.091  -0.079  -0.195  -0.229  -0.187  -0.244

             -0.170

mulliken: Qtot =       28.500

Mulliken Atomic Populations:
Atom #   charge [q] valence [e]      Sz [e]  Species
     1    -0.195786   13.195786   -0.000000  Ga
     2    -0.196328   13.196328    0.000000  Ga
     3    -0.234494   13.234494    0.000000  Ga
     4     0.626608   17.373392    0.000000  Ni
-------------------------------------------
 Total     0.000000               -0.000000

cite: Please indicate the Siesta version in published work: 5.2.2
cite: This calculation has made use of features in the following articles
cite: which we encourage you to cite in published work.
cite: (Please see "hea.bib" for a BibTeX file.)
        Primary SIESTA paper
          DOI: www.doi.org/10.1088/0953-8984/14/11/302
        PSML pseudopotential format
          DOI: www.doi.org/10.1016/j.cpc.2018.02.011


>> End of run:   1-AUG-2025   2:42:37
Job completed
