Executable      : /home/users/felipegc/woltsoft/SIESTA/siesta-5.2.2/build/bin/siesta
Version         : 5.2.2
Architecture    : x86_64
Compiler version: GNU-9.3.0
Compiler flags  : -O3 -march=native
Parallelisations: MPI
Lua support
Native ELPA support
ELSI support. Solvers:
   ELPA (internal) 
   NTPoly
   OMM
DFT-D3 support
Wannier90 wrapper support

Runtime information:
* Directory : /home/users/felipegc/MnNiGa/optimizations_afm/top/structure_calc_96
* Running on 24 nodes in parallel.
>> Start of run:  30-JUL-2025  19:12:55

                           *********************** 
                           *  WELCOME TO SIESTA  * 
                           *********************** 

 NOTE: Siesta V5 introduces some new defaults for basis-set generation
 NOTE: which might lead to slightly different numerical results.
 NOTE: Please see the manual for full details and compatibility measures.


reinit: Reading from standard input
reinit: Dumping input in INPUT_TMP.62013
************************** Dump of input data file ****************************
SystemName          hea
SystemLabel         hea
Reparametrize.Pseudos T
Restricted.Radial.Grid F
%include atoms.fdf
MaxSCFIterations     20000
SCF.Mix              Hamiltonian
SCF.Mixer.Method     Broyden
#SCF.Mixer.Variant    original #Pulay original
SCF.Mixer.History    8
SCF.Mixer.Weight     0.07
SCF.H.Converge       False
SCF.DM.Converge      True
SCF.DM.Tolerance     5.d-4
SCF.H.Tolerance      5.d-3 eV
MeshCutoff 300.0 Ry
MD.UseSaveCG         False
DM.UseSaveDM         False
NumberOfEigenStates -20
ElectronicTemperature 300 K
WriteCoorXmol        True
XC.Functional     GGA
XC.authors        PBEsol
Spin polarized
DM.InitSpin.AF true
SolutionMethod       diagon
#Diag.Algorithm        MRRR
###################################
###################################
# Full template for Basis param.
###################################
###################################
Basis.Pressure 0.3 GPa
PAO.SoftDefault T
PAO.SoftPotential 50.0 Ry
PAO.SoftInnerRadius 0.70
PAO.BasisType split
PAO.EnergyShift 0.0019 eV
PAO.BasisSize TZP
PAO.SplitTailNorm T
            %block kgrid_Monkhorst_Pack
            6  0  0  0.
            0  2  0  0.
            0  0  4  0.
            %endblock kgrid_Monkhorst_Pack
            MD.TypeOfRun CG
            MD.Steps         500
            MD.VariableCell true
            MD.MaxForceTol 0.05 eV/Ang
            WriteMDHistory true
            WriteForces true
            Write.OrbitalIndex true
            Charge.Mulliken end
            COOP.Write true
            %block ProjectedDensityOfStates
            -20.00 20.00 0.1 1000 eV
            %endblock ProjectedDensityOfStates
************************** End of input data file *****************************

reinit: -----------------------------------------------------------------------
reinit: System Name: hea
reinit: -----------------------------------------------------------------------
reinit: System Label: hea
reinit: -----------------------------------------------------------------------

NOTE on units for spin output: 
{S} is the spin magnetic moment, in units of the Bohr magneton,
assuming a g-factor for the electron spin of exactly 2.
The spin magnetic moment is then numerically equal to the charge inbalance,
in units of electrons, between the spin-up and -down channels.


initatom: Reading input for the pseudopotentials and atomic orbitals ----------
Species number:   1 Atomic number:   31 Label: Ga
Species number:   2 Atomic number:   28 Label: Ni
Species number:   3 Atomic number:   25 Label: Mn

Ground state valence configuration (from tables):   4s02  4p01  4d00  4f00
Ground state valence configuration (from tables):   4s02  4p00  3d08  4f00
Ground state valence configuration (from tables):   4s02  4p00  3d05  4f00

---- Processing specs for species: Ga
Reading pseudopotential information in PSML from:
  Ga.psml
PSML file version: 1.1
Using libxc ids:  101 130
GGA--PBE XC_GGA_X_PBE--XC_GGA_C_PBE pb
PSML uuid: 206972b0-be42-11e7-579b-1282fffb1a56
Semicore shell(s) with 10 electrons included in the valence for Ga

---- Processing specs for species: Ni
Reading pseudopotential information in PSML from:
  Ni.psml
PSML file version: 1.1
Using libxc ids:  101 130
GGA--PBE XC_GGA_X_PBE--XC_GGA_C_PBE pb
PSML uuid: 020bdba0-be42-11e7-6ded-a592ddfb3399
Semicore shell(s) with  8 electrons included in the valence for Ni

---- Processing specs for species: Mn
Reading pseudopotential information in PSML from:
  Mn.psml
PSML file version: 1.1
Using libxc ids:  101 130
GGA--PBE XC_GGA_X_PBE--XC_GGA_C_PBE pb
PSML uuid: e5ebd880-be41-11e7-659b-074ddfc7bd15
Semicore shell(s) with  8 electrons included in the valence for Mn

---- Pseudopotential check for Ga

Pseudized shells:
4s( 2.00) rc: 1.67
4p( 1.00) rc: 1.75
3d(10.00) rc: 1.90
Valence configuration for ps generation: 3d:4s:4p: Total charge:  13.000000
Semicore shell(s): 3d
Fallback to non-perturbative polarization scheme for Ga
Please see the manual if this is not desired in principle

---- Pseudopotential check for Ni

Pseudized shells:
3s( 2.00) rc: 1.26
3p( 6.00) rc: 1.35
3d( 8.00) rc: 1.66
Valence configuration for ps generation: 3s:3p:3d:4s: Total charge:  18.000000
Semicore shell(s): 3s 3p
Fallback to non-perturbative polarization scheme for Ni
Please see the manual if this is not desired in principle

---- Pseudopotential check for Mn

Pseudized shells:
3s( 2.00) rc: 1.41
3p( 6.00) rc: 1.21
3d( 5.00) rc: 1.61
Valence configuration for ps generation: 3s:3p:3d:4s: Total charge:  15.000000
Semicore shell(s): 3s 3p
Fallback to non-perturbative polarization scheme for Mn
Please see the manual if this is not desired in principle
For Ga, standard SIESTA heuristics set lmxkb to 3
 (one more than the basis l, including polarization orbitals).
Use PS.lmax or PS.KBprojectors blocks to override.
For Ni, standard SIESTA heuristics set lmxkb to 3
 (one more than the basis l, including polarization orbitals).
Use PS.lmax or PS.KBprojectors blocks to override.
For Mn, standard SIESTA heuristics set lmxkb to 3
 (one more than the basis l, including polarization orbitals).
Use PS.lmax or PS.KBprojectors blocks to override.
Ga pseudopotential only contains V_ls up to l=2 -- lmxkb reset.
Ni pseudopotential only contains V_ls up to l=2 -- lmxkb reset.
Mn pseudopotential only contains V_ls up to l=2 -- lmxkb reset.

<basis_specs>
===============================================================================
Ga                   Z=  31    Mass=  69.723        Charge= 0.17977+309
Lmxo=2 Lmxkb= 2    BasisType=split      Semic=T
L=0  Nsemic=0  Cnfigmx=4
          i=1  nzeta=3  polorb=0  (4s)
            splnorm:   0.15000    
               vcte:    50.000    
               rinn:  -0.70000    
               qcoe:    0.0000    
               qyuk:    0.0000    
               qwid:   0.10000E-01
                rcs:    0.0000      0.0000      0.0000    
            lambdas:    1.0000      1.0000      1.0000    
L=1  Nsemic=0  Cnfigmx=4
          i=1  nzeta=3  polorb=0  (4p)  (to be polarized non-perturbatively)
            splnorm:   0.15000    
               vcte:    50.000    
               rinn:  -0.70000    
               qcoe:    0.0000    
               qyuk:    0.0000    
               qwid:   0.10000E-01
                rcs:    0.0000      0.0000      0.0000    
            lambdas:    1.0000      1.0000      1.0000    
L=2  Nsemic=1  Cnfigmx=4
          i=1  nzeta=1  polorb=0  (3d)  (semicore shell)
            splnorm:   0.15000    
               vcte:    50.000    
               rinn:  -0.70000    
               qcoe:    0.0000    
               qyuk:    0.0000    
               qwid:   0.10000E-01
                rcs:    0.0000    
            lambdas:    1.0000    
          i=2  nzeta=1  polorb=0  (4d)  (non-perturbative polarization shell)
            splnorm:   0.15000    
               vcte:    50.000    
               rinn:  -0.70000    
               qcoe:   0.34676-315
               qyuk:    0.0000    
               qwid:   0.69532-309
                rcs:    0.0000    
            lambdas:    1.0000    
-------------------------------------------------------------------------------
L=0  Nkbl=1  erefs: 0.17977+309
L=1  Nkbl=1  erefs: 0.17977+309
L=2  Nkbl=2  erefs: 0.17977+309 0.17977+309
===============================================================================
</basis_specs>

Using PAO.SplitTailNorm
atom: Called for Ga                    (Z =  31)
Maximum radius (at nrval) set to   50.00000 8518

read_vps: Pseudopotential generation method:
read_vps: ONCVPSP-3.Hamann's oncvpsp                        
Valence charge in pseudo generation:   13.00000

read_vps: Pseudopotential includes a core correction:
read_vps: Pseudo-core for xc-correction

xc_check: Exchange-correlation functional:
xc_check: GGA PBEsol
xc_check: WARNING: Pseudopotential generated with GGA PBE functional
Got Vlocal (oncv-fit) from psml data
Choosing vlocal chloc cutoff:  4.295227
qtot up to nchloc:   13.00023270
atom: Maximum radius for chlocal:    4.29523
atom: Maximum radius for r*vlocal+2*Zval:    4.29523
Reading KB projs from Ga psml data
Using scalar-relativistic projectors in PSML file

PSML: Kleinman-Bylander projectors: 
   l= 0   rc=  1.688643   Ekb= 14.059564
   l= 0   rc=  1.688643   Ekb=  2.289351
   l= 1   rc=  1.772167   Ekb= 13.610457
   l= 1   rc=  1.772167   Ekb=  2.576326
   l= 2   rc=  1.926399   Ekb=-16.756509
   l= 2   rc=  1.926399   Ekb= -5.641527

PSML: Total number of  Kleinman-Bylander projectors:  18
atom: -------------------------------------------------------------------------

atom: SANKEY-TYPE ORBITALS:
atom: Selected multiple-zeta basis: split     

SPLIT: Orbitals with angular momentum L= 0

SPLIT: Basis orbitals for state 4s

SPLIT: PAO cut-off radius determined from an
SPLIT: energy shift=  0.000140 Ry
Split based on tail norm

   izeta = 1
                 lambda =    1.000000
                     rc =    8.573397
                 energy =   -0.660225
                kinetic =    0.501561
    potential(screened) =   -1.161786
       potential(ionic) =  -12.246649

   izeta = 2
                 rmatch =    4.547753
              splitnorm =    0.150000
                 energy =   -0.462291
                kinetic =    0.981430
    potential(screened) =   -1.443721
       potential(ionic) =  -13.770808

   izeta = 3
                 rmatch =    5.338573
              splitnorm =    0.075000
                 energy =   -0.599358
                kinetic =    0.744548
    potential(screened) =   -1.343906
       potential(ionic) =  -13.255962

SPLIT: Orbitals with angular momentum L= 1

SPLIT: Basis orbitals for state 4p

SPLIT: PAO cut-off radius determined from an
SPLIT: energy shift=  0.000140 Ry
Split based on tail norm

   izeta = 1
                 lambda =    1.000000
                     rc =   12.949509
                 energy =   -0.190428
                kinetic =    0.541974
    potential(screened) =   -0.732402
       potential(ionic) =   -9.174065

   izeta = 2
                 rmatch =    6.968471
              splitnorm =    0.150000
                 energy =   -0.153132
                kinetic =    0.764207
    potential(screened) =   -0.917338
       potential(ionic) =  -10.565779

   izeta = 3
                 rmatch =    8.212134
              splitnorm =    0.075000
                 energy =   -0.175794
                kinetic =    0.665884
    potential(screened) =   -0.841678
       potential(ionic) =  -10.014829

SPLIT: Orbitals with angular momentum L= 2

SPLIT: Basis orbitals for state 3d

SPLIT: PAO cut-off radius determined from an
SPLIT: energy shift=  0.000140 Ry
Split based on tail norm

   izeta = 1
                 lambda =    1.000000
                     rc =    4.873342
                 energy =   -1.390864
                kinetic =   12.335179
    potential(screened) =  -13.726043
       potential(ionic) =  -32.471836

SPLIT: Basis orbitals for state 4d
SPLIT: Non-perturbative polarization orbs for state 4p
SPLIT: rc(1st zeta) (re)set to: 12.9495 (expansion factor: 1.0000)
Split based on tail norm

   izeta = 1
                 lambda =    1.000000
                     rc =   12.949509
                 energy =    0.135451
                kinetic =    0.341434
    potential(screened) =   -0.205982
       potential(ionic) =   -4.584821
atom: Total number of Sankey-type orbitals: 22

atm_pop: Valence configuration (for local Pseudopot. screening):
 4s( 2.00)                                                            
 4p( 1.00)                                                            
 3d(10.00) 4d( 0.00)                                                  
Vna: chval, zval:   13.00000  13.00000

Vna:  Cut-off radius for the neutral-atom potential:  12.949509
comcore: Pseudo-core radius Rcore=  2.359857

atom: _________________________________________________________________________

<basis_specs>
===============================================================================
Ni                   Z=  28    Mass=  58.693        Charge= 0.17977+309
Lmxo=2 Lmxkb= 2    BasisType=split      Semic=T
L=0  Nsemic=1  Cnfigmx=4
          i=1  nzeta=1  polorb=0  (3s)  (semicore shell)
            splnorm:   0.15000    
               vcte:    50.000    
               rinn:  -0.70000    
               qcoe:    0.0000    
               qyuk:    0.0000    
               qwid:   0.10000E-01
                rcs:    0.0000    
            lambdas:    1.0000    
          i=2  nzeta=3  polorb=0  (4s)  (to be polarized non-perturbatively)
            splnorm:   0.15000    
               vcte:    50.000    
               rinn:  -0.70000    
               qcoe:    0.0000    
               qyuk:    0.0000    
               qwid:   0.10000E-01
                rcs:    0.0000      0.0000      0.0000    
            lambdas:    1.0000      1.0000      1.0000    
L=1  Nsemic=1  Cnfigmx=4
          i=1  nzeta=1  polorb=0  (3p)  (semicore shell)
            splnorm:   0.15000    
               vcte:    50.000    
               rinn:  -0.70000    
               qcoe:    0.0000    
               qyuk:    0.0000    
               qwid:   0.10000E-01
                rcs:    0.0000    
            lambdas:    1.0000    
          i=2  nzeta=1  polorb=0  (4p)  (non-perturbative polarization shell)
            splnorm:   0.15000    
               vcte:    50.000    
               rinn:  -0.70000    
               qcoe:   0.34676-315
               qyuk:    0.0000    
               qwid:   0.69532-309
                rcs:    0.0000    
            lambdas:    1.0000    
L=2  Nsemic=0  Cnfigmx=3
          i=1  nzeta=3  polorb=0  (3d)
            splnorm:   0.15000    
               vcte:    50.000    
               rinn:  -0.70000    
               qcoe:    0.0000    
               qyuk:    0.0000    
               qwid:   0.10000E-01
                rcs:    0.0000      0.0000      0.0000    
            lambdas:    1.0000      1.0000      1.0000    
-------------------------------------------------------------------------------
L=0  Nkbl=2  erefs: 0.17977+309 0.17977+309
L=1  Nkbl=2  erefs: 0.17977+309 0.17977+309
L=2  Nkbl=1  erefs: 0.17977+309
===============================================================================
</basis_specs>

Using PAO.SplitTailNorm
atom: Called for Ni                    (Z =  28)
Maximum radius (at nrval) set to   50.00000 8518

read_vps: Pseudopotential generation method:
read_vps: ONCVPSP-3.Hamann's oncvpsp                        
Valence charge in pseudo generation:   18.00000

read_vps: Pseudopotential includes a core correction:
read_vps: Pseudo-core for xc-correction

xc_check: Exchange-correlation functional:
xc_check: GGA PBEsol
xc_check: WARNING: Pseudopotential generated with GGA PBE functional
Got Vlocal (oncv-fit) from psml data
Choosing vlocal chloc cutoff:  3.188973
qtot up to nchloc:   17.99992641
atom: Maximum radius for chlocal:    3.18897
atom: Maximum radius for r*vlocal+2*Zval:    3.18897
Reading KB projs from Ni psml data
Using scalar-relativistic projectors in PSML file

PSML: Kleinman-Bylander projectors: 
   l= 0   rc=  1.276377   Ekb= 12.509070
   l= 0   rc=  1.276377   Ekb= -0.503495
   l= 1   rc=  1.371030   Ekb= -5.680418
   l= 1   rc=  1.371030   Ekb= -0.775211
   l= 2   rc=  1.680171   Ekb=-14.446879
   l= 2   rc=  1.680171   Ekb= -5.088878

PSML: Total number of  Kleinman-Bylander projectors:  18
atom: -------------------------------------------------------------------------

atom: SANKEY-TYPE ORBITALS:
atom: Selected multiple-zeta basis: split     

SPLIT: Orbitals with angular momentum L= 0

SPLIT: Basis orbitals for state 3s

SPLIT: PAO cut-off radius determined from an
SPLIT: energy shift=  0.000140 Ry
Split based on tail norm

   izeta = 1
                 lambda =    1.000000
                     rc =    2.999668
                 energy =   -8.139209
                kinetic =    3.776111
    potential(screened) =  -11.915319
       potential(ionic) =  -45.801861

SPLIT: Basis orbitals for state 4s

SPLIT: PAO cut-off radius determined from an
SPLIT: energy shift=  0.000140 Ry
Split based on tail norm

   izeta = 1
                 lambda =    1.000000
                     rc =    9.316220
                 energy =   -0.512978
                kinetic =    1.389681
    potential(screened) =   -1.902658
       potential(ionic) =  -17.770111

   izeta = 2
                 rmatch =    4.957068
              splitnorm =    0.150000
                 energy =   -0.410487
                kinetic =    2.329090
    potential(screened) =   -2.739576
       potential(ionic) =  -21.501560

   izeta = 3
                 rmatch =    5.824741
              splitnorm =    0.075000
                 energy =   -0.473172
                kinetic =    1.899833
    potential(screened) =   -2.373005
       potential(ionic) =  -19.995099

SPLIT: Orbitals with angular momentum L= 1

SPLIT: Basis orbitals for state 3p

SPLIT: PAO cut-off radius determined from an
SPLIT: energy shift=  0.000140 Ry
Split based on tail norm

   izeta = 1
                 lambda =    1.000000
                     rc =    3.414070
                 energy =   -5.225411
                kinetic =    9.244220
    potential(screened) =  -14.469631
       potential(ionic) =  -47.296381

SPLIT: Basis orbitals for state 4p
SPLIT: Non-perturbative polarization orbs for state 4s
SPLIT: rc(1st zeta) (re)set to: 9.3162 (expansion factor: 1.0000)
Split based on tail norm

   izeta = 1
                 lambda =    1.000000
                     rc =    9.316220
                 energy =   -0.065208
                kinetic =    0.825147
    potential(screened) =   -0.890355
       potential(ionic) =  -12.014212

SPLIT: Orbitals with angular momentum L= 2

SPLIT: Basis orbitals for state 3d

SPLIT: PAO cut-off radius determined from an
SPLIT: energy shift=  0.000140 Ry
Split based on tail norm

   izeta = 1
                 lambda =    1.000000
                     rc =    6.323353
                 energy =   -0.639566
                kinetic =   11.441999
    potential(screened) =  -12.081565
       potential(ionic) =  -40.678115

   izeta = 2
                 rmatch =    2.624859
              splitnorm =    0.150000
                 energy =   -0.513226
                kinetic =   13.528651
    potential(screened) =  -14.041878
       potential(ionic) =  -44.582092

   izeta = 3
                 rmatch =    3.356353
              splitnorm =    0.075000
                 energy =   -0.605538
                kinetic =   12.372939
    potential(screened) =  -12.978477
       potential(ionic) =  -42.595740
atom: Total number of Sankey-type orbitals: 25

atm_pop: Valence configuration (for local Pseudopot. screening):
 3s( 2.00) 4s( 2.00)                                                  
 3p( 6.00) 4p( 0.00)                                                  
 3d( 8.00)                                                            
Vna: chval, zval:   18.00000  18.00000

Vna:  Cut-off radius for the neutral-atom potential:   9.316220
comcore: Pseudo-core radius Rcore=  1.817282

atom: _________________________________________________________________________

<basis_specs>
===============================================================================
Mn                   Z=  25    Mass=  54.938        Charge= 0.17977+309
Lmxo=2 Lmxkb= 2    BasisType=split      Semic=T
L=0  Nsemic=1  Cnfigmx=4
          i=1  nzeta=1  polorb=0  (3s)  (semicore shell)
            splnorm:   0.15000    
               vcte:    50.000    
               rinn:  -0.70000    
               qcoe:    0.0000    
               qyuk:    0.0000    
               qwid:   0.10000E-01
                rcs:    0.0000    
            lambdas:    1.0000    
          i=2  nzeta=3  polorb=0  (4s)  (to be polarized non-perturbatively)
            splnorm:   0.15000    
               vcte:    50.000    
               rinn:  -0.70000    
               qcoe:    0.0000    
               qyuk:    0.0000    
               qwid:   0.10000E-01
                rcs:    0.0000      0.0000      0.0000    
            lambdas:    1.0000      1.0000      1.0000    
L=1  Nsemic=1  Cnfigmx=4
          i=1  nzeta=1  polorb=0  (3p)  (semicore shell)
            splnorm:   0.15000    
               vcte:    50.000    
               rinn:  -0.70000    
               qcoe:    0.0000    
               qyuk:    0.0000    
               qwid:   0.10000E-01
                rcs:    0.0000    
            lambdas:    1.0000    
          i=2  nzeta=1  polorb=0  (4p)  (non-perturbative polarization shell)
            splnorm:   0.15000    
               vcte:    50.000    
               rinn:  -0.70000    
               qcoe:   0.34676-315
               qyuk:    0.0000    
               qwid:   0.69532-309
                rcs:    0.0000    
            lambdas:    1.0000    
L=2  Nsemic=0  Cnfigmx=3
          i=1  nzeta=3  polorb=0  (3d)
            splnorm:   0.15000    
               vcte:    50.000    
               rinn:  -0.70000    
               qcoe:    0.0000    
               qyuk:    0.0000    
               qwid:   0.10000E-01
                rcs:    0.0000      0.0000      0.0000    
            lambdas:    1.0000      1.0000      1.0000    
-------------------------------------------------------------------------------
L=0  Nkbl=2  erefs: 0.17977+309 0.17977+309
L=1  Nkbl=2  erefs: 0.17977+309 0.17977+309
L=2  Nkbl=1  erefs: 0.17977+309
===============================================================================
</basis_specs>

Using PAO.SplitTailNorm
atom: Called for Mn                    (Z =  25)
Maximum radius (at nrval) set to   50.00000 8518

read_vps: Pseudopotential generation method:
read_vps: ONCVPSP-3.Hamann's oncvpsp                        
Valence charge in pseudo generation:   15.00000

read_vps: Pseudopotential includes a core correction:
read_vps: Pseudo-core for xc-correction

xc_check: Exchange-correlation functional:
xc_check: GGA PBEsol
xc_check: WARNING: Pseudopotential generated with GGA PBE functional
Got Vlocal (oncv-fit) from psml data
Choosing vlocal chloc cutoff:  3.504263
qtot up to nchloc:   15.00032895
atom: Maximum radius for chlocal:    3.50426
atom: Maximum radius for r*vlocal+2*Zval:    3.50426
Reading KB projs from Mn psml data
Using scalar-relativistic projectors in PSML file

PSML: Kleinman-Bylander projectors: 
   l= 0   rc=  1.427391   Ekb= 18.471374
   l= 0   rc=  1.430269   Ekb=  3.121111
   l= 1   rc=  1.224702   Ekb=  3.156115
   l= 1   rc=  1.224702   Ekb= -1.424352
   l= 2   rc=  1.630219   Ekb=-13.224142
   l= 2   rc=  1.630219   Ekb= -4.330632

PSML: Total number of  Kleinman-Bylander projectors:  18
atom: -------------------------------------------------------------------------

atom: SANKEY-TYPE ORBITALS:
atom: Selected multiple-zeta basis: split     

SPLIT: Orbitals with angular momentum L= 0

SPLIT: Basis orbitals for state 3s

SPLIT: PAO cut-off radius determined from an
SPLIT: energy shift=  0.000140 Ry
Split based on tail norm

   izeta = 1
                 lambda =    1.000000
                     rc =    3.380000
                 energy =   -6.293298
                kinetic =    2.848567
    potential(screened) =   -9.141865
       potential(ionic) =  -33.519753

SPLIT: Basis orbitals for state 4s

SPLIT: PAO cut-off radius determined from an
SPLIT: energy shift=  0.000140 Ry
Split based on tail norm

   izeta = 1
                 lambda =    1.000000
                     rc =   10.002455
                 energy =   -0.450676
                kinetic =    1.112603
    potential(screened) =   -1.563278
       potential(ionic) =  -13.199632

   izeta = 2
                 rmatch =    5.430276
              splitnorm =    0.150000
                 energy =   -0.360834
                kinetic =    1.875764
    potential(screened) =   -2.236598
       potential(ionic) =  -15.982656

   izeta = 3
                 rmatch =    6.342382
              splitnorm =    0.075000
                 energy =   -0.415048
                kinetic =    1.529261
    potential(screened) =   -1.944310
       potential(ionic) =  -14.865309

SPLIT: Orbitals with angular momentum L= 1

SPLIT: Basis orbitals for state 3p

SPLIT: PAO cut-off radius determined from an
SPLIT: energy shift=  0.000140 Ry
Split based on tail norm

   izeta = 1
                 lambda =    1.000000
                     rc =    3.873861
                 energy =   -3.996757
                kinetic =    6.976018
    potential(screened) =  -10.972775
       potential(ionic) =  -34.563053

SPLIT: Basis orbitals for state 4p
SPLIT: Non-perturbative polarization orbs for state 4s
SPLIT: rc(1st zeta) (re)set to: 10.0025 (expansion factor: 1.0000)
Split based on tail norm

   izeta = 1
                 lambda =    1.000000
                     rc =   10.002455
                 energy =   -0.085879
                kinetic =    0.770317
    potential(screened) =   -0.856196
       potential(ionic) =   -9.409918

SPLIT: Orbitals with angular momentum L= 2

SPLIT: Basis orbitals for state 3d

SPLIT: PAO cut-off radius determined from an
SPLIT: energy shift=  0.000140 Ry
Split based on tail norm

   izeta = 1
                 lambda =    1.000000
                     rc =    7.238756
                 energy =   -0.490123
                kinetic =    9.261574
    potential(screened) =   -9.751697
       potential(ionic) =  -30.334327

   izeta = 2
                 rmatch =    3.144499
              splitnorm =    0.150000
                 energy =   -0.401801
                kinetic =   11.021778
    potential(screened) =  -11.423579
       potential(ionic) =  -33.555539

   izeta = 3
                 rmatch =    3.972182
              splitnorm =    0.075000
                 energy =   -0.464167
                kinetic =   10.072383
    potential(screened) =  -10.536551
       potential(ionic) =  -31.940836
atom: Total number of Sankey-type orbitals: 25

atm_pop: Valence configuration (for local Pseudopot. screening):
 3s( 2.00) 4s( 2.00)                                                  
 3p( 6.00) 4p( 0.00)                                                  
 3d( 5.00)                                                            
Vna: chval, zval:   15.00000  15.00000

Vna:  Cut-off radius for the neutral-atom potential:  10.002455
comcore: Pseudo-core radius Rcore=  2.115123

atom: _________________________________________________________________________

prinput: Basis input 

PAO.BasisType split     

%block ChemicalSpeciesLabel
    1   31 Ga                      # Species index, atomic number, species label
    2   28 Ni                      # Species index, atomic number, species label
    3   25 Mn                      # Species index, atomic number, species label
%endblock ChemicalSpeciesLabel

%block PAO.Basis                 # Define Basis set
# WARNING: This information might be incomplete!
Ga                    4                    # Species label, number of l-shells
 n=4   0   3                         # n, l, Nzeta 
   8.573      4.548      5.339   
   1.000      1.000      1.000   
 n=4   1   3                         # n, l, Nzeta 
  12.950      6.968      8.212   
   1.000      1.000      1.000   
 n=3   2   1                         # n, l, Nzeta 
   4.873   
   1.000   
 n=4   2   1                         # n, l, Nzeta 
  12.950   
   1.000   
Ni                    5                    # Species label, number of l-shells
 n=3   0   1                         # n, l, Nzeta 
   3.000   
   1.000   
 n=4   0   3                         # n, l, Nzeta 
   9.316      4.957      5.825   
   1.000      1.000      1.000   
 n=3   1   1                         # n, l, Nzeta 
   3.414   
   1.000   
 n=4   1   1                         # n, l, Nzeta 
   9.316   
   1.000   
 n=3   2   3                         # n, l, Nzeta 
   6.323      2.625      3.356   
   1.000      1.000      1.000   
Mn                    5                    # Species label, number of l-shells
 n=3   0   1                         # n, l, Nzeta 
   3.380   
   1.000   
 n=4   0   3                         # n, l, Nzeta 
  10.002      5.430      6.342   
   1.000      1.000      1.000   
 n=3   1   1                         # n, l, Nzeta 
   3.874   
   1.000   
 n=4   1   1                         # n, l, Nzeta 
  10.002   
   1.000   
 n=3   2   3                         # n, l, Nzeta 
   7.239      3.144      3.972   
   1.000      1.000      1.000   
%endblock PAO.Basis

prinput: ----------------------------------------------------------------------

coor:   Atomic-coordinates input format  =     Fractional

siesta: Atomic coordinates (Bohr) and species
siesta:      0.00000   4.70356   0.00000  1        1
siesta:      2.35178   7.05534   3.32592  1        2
siesta:      0.00000  18.81423   0.00000  2        3
siesta:      2.35178  11.75890   3.32592  2        4
siesta:      0.00000   0.00000   0.00000  3        5
siesta:      0.00000   9.40712   0.00000  3        6
siesta:      0.00000  14.11067   0.00000  3        7
siesta:      2.35178   2.35178   3.32592  3        8
siesta:      2.35178  16.46245   3.32592  3        9
siesta:      2.35178  21.16601   3.32592  3       10

siesta: System type = bulk      

initatomlists: Number of atoms, orbitals, and projectors:     10   244   180

coxmol: Writing XMOL coordinates into file hea.xyz                                                                                                                                                                                                                             

siesta: ******************** Simulation parameters ****************************
siesta:
siesta: The following are some of the parameters of the simulation.
siesta: A complete list of the parameters used, including default values,
siesta: can be found in file out.fdf
siesta:
redata: Spin configuration                          = collinear
redata: Number of spin components                   = 2
redata: Time-Reversal Symmetry                      = T
redata: Spin spiral                                 = F
redata: Long output                                 =   F
redata: Number of Atomic Species                    =        3
redata: Charge density info will appear in .RHO file
redata: Write Mulliken charges (when)               = end
redata: Write Mulliken Pop.                         = Atomic and Orbital charges
redata: Write Hirshfeld charges (when)              = none
redata: Write Voronoi charges (when)                = none
redata: Write spin charge (when)                    = scf
redata: Matel table size (NRTAB)                    =     1024
redata: Mesh Cutoff                                 =   300.0000 Ry
redata: Net charge of the system                    =     0.0000 |e|
redata: Min. number of SCF Iter                     =        0
redata: Max. number of SCF Iter                     =    20000
redata: SCF convergence failure will abort job
redata: SCF mix quantity                            = Hamiltonian
redata: Mix DM or H after convergence               =   F
redata: Recompute H after scf cycle                 =   F
redata: Mix DM in first SCF step                    =   T
redata: Write Pulay info on disk                    =   F
redata: New DM Occupancy tolerance                  = 0.000000000001
redata: No kicks to SCF
redata: DM Mixing Weight for Kicks                  =     0.5000
redata: Require Harris convergence for SCF          =   F
redata: Harris energy tolerance for SCF             =     0.000100 eV
redata: Require DM convergence for SCF              =   T
redata: DM tolerance for SCF                        =     0.000500
redata: Require EDM convergence for SCF             =   F
redata: EDM tolerance for SCF                       =     0.001000 eV
redata: Require H convergence for SCF               =   F
redata: Hamiltonian tolerance for SCF               =     0.005000 eV
redata: Require (free) Energy convergence for SCF   =   F
redata: (free) Energy tolerance for SCF             =     0.000100 eV
redata: Antiferro initial spin density              =   T
redata: Using DFT-D3 dispersion                     =   F
redata: Using Saved Data (generic)                  =   F
redata: Use continuation files for DM               =   F
redata: Neglect nonoverlap interactions             =   F
redata: Method of Calculation                       = Diagonalization
redata: Electronic Temperature                      =   300.0000 K
redata: Fix the spin of the system                  =   F
redata: Max. number of TDED Iter                    =        1
redata: Number of TDED substeps                     =        3
redata: Dynamics option                             = CG coord. optimization
redata: Variable cell                               =   T
redata: Use continuation files for CG               =   F
redata: Max atomic displ per move                   =     0.1058 Ang
redata: Maximum number of optimization moves        =      500
redata: Force tolerance                             =     0.0500 eV/Ang
redata: Stress tolerance                            =     1.0000 GPa
mix.SCF: Broyden mixing                          = Broyden
mix.SCF:    History steps                        = 8
mix.SCF:    Linear mixing weight                 =     0.070000
mix.SCF:    Inverse Jacobian weight              =     0.070000
mix.SCF:    Weight prime                         =     0.070000
mix.SCF:    SVD condition                        = 0.1000E-07
mix.SCF: Spin-component mixing                   all
redata: ***********************************************************************

%block SCF.Mixers
  Broyden
%endblock SCF.Mixers

%block SCF.Mixer.Broyden
  # Mixing method
  method broyden

  # Mixing options
  weight 0.0700
  weight.linear 0.0700
  weight.prime 0.0700
  history 8
%endblock SCF.Mixer.Broyden

DM_history_depth set to one: no extrapolation allowed by default for geometry relaxation
Size of DM history Fstack: 1
Total number of electrons:   152.000000
Total ionic charge:   152.000000

* ProcessorY, Blocksize:    8  10


* Orbital distribution balance (max,min):    14    10

k-point displ. along   1 input, could be:     0.00    0.50
k-point displ. along   2 input, could be:     0.00    0.50
k-point displ. along   3 input, could be:     0.00    0.50
 Kpoints in:           32 . Kpoints trimmed:           31

siesta: k-grid: Number of k-points = 31
siesta: k-points from Monkhorst-Pack grid
siesta: k-cutoff (effective) =     7.040 Ang
siesta: k-point supercell and displacements
siesta: k-grid:     6     0     0      0.000
siesta: k-grid:     0     2     0      0.000
siesta: k-grid:     0     0     4      0.000
k-point displ. along   1 input, could be:     0.00    0.50
k-point displ. along   2 input, could be:     0.00    0.50
k-point displ. along   3 input, could be:     0.00    0.50
 Kpoints in:           32 . Kpoints trimmed:           31

siesta: PDOS k-grid: Number of k-points = 31
siesta: PDOS k-points from Monkhorst-Pack grid
siesta: PDOS k-cutoff (effective) =     0.000 Ang
siesta: PDOS k-point supercell and displacements
siesta: k-grid:     6     0     0      0.000
siesta: k-grid:     0     2     0      0.000
siesta: k-grid:     0     0     4      0.000

diag: Algorithm                                     = D&C
diag: Parallel over k                               =   F
diag: Use parallel 2D distribution                  =   T
diag: Parallel block-size                           = 10
diag: Parallel distribution                         =     4 x     6
diag: Used triangular part                          = Lower
diag: Absolute tolerance                            =  0.100E-15
diag: Orthogonalization factor                      =  0.100E-05
diag: Memory factor                                 =  1.0000
diag: The diagonalization method chosen cannot compute a reduced number of eigenvectors.
diag: Resetting neigwanted 98 to 244

superc: Internal auxiliary supercell:    13 x     3 x     9  =     351
superc: Number of atoms, orbitals, and projectors:   3510  85644  63180


ts: **************************************************************
ts: Save H and S matrices                           =    F
ts: Save DM and EDM matrices                        =    F
ts: Only save the overlap matrix S                  =    F
ts: **************************************************************

************************ Begin: TS CHECKS AND WARNINGS ************************
************************ End: TS CHECKS AND WARNINGS **************************


                     ====================================
                        Begin CG opt. move =      0
                     ====================================

superc: Internal auxiliary supercell:    13 x     3 x     9  =     351
superc: Number of atoms, orbitals, and projectors:   3510  85644  63180

outcell: Unit cell vectors (Ang):
        2.489016    0.000000    0.000000
        0.000000   12.445079    0.000000
        0.000000    0.000000    3.520000

outcell: Cell vector modules (Ang)   :    2.489016   12.445079    3.520000
outcell: Cell angles (23,13,12) (deg):     90.0000     90.0000     90.0000
outcell: Cell volume (Ang**3)        :    109.0355
<dSpData1D:S at geom step 0
  <sparsity:sparsity for geom step 0
    nrows_g=244 nrows=14 sparsity=1.4227 nnzs=84701, refcount: 7>
  <dData1D:(new from dSpData1D) n=84701, refcount: 1>
refcount: 1>
new_DM -- step:     1
Initializing Density Matrix...
DM filled with atomic data:
<dSpData2D:DM initialized from atoms
  <sparsity:sparsity for geom step 0
    nrows_g=244 nrows=14 sparsity=1.4227 nnzs=84701, refcount: 8>
  <dData2D:DM n=84701 m=2, refcount: 1>
refcount: 1>
No. of atoms with KB's overlaping orbs in proc 0. Max # of overlaps:     188    1015

InitMesh: MESH = 30 x 144 x 40 = 172800
InitMesh: Mesh cutoff (required, used) =   300.000   356.892 Ry
New grid distribution [1]: sub = 2
New grid distribution [2]: sub = 2
New grid distribution [3]: sub = 2
Setting up quadratic distribution...

stepf: Fermi-Dirac step function

siesta: Program's energy decomposition (eV):
siesta: Ebs     =     -5777.863226
siesta: Eions   =     40151.092314
siesta: Ena     =      3368.285906
siesta: Ekin    =     15254.688444
siesta: Enl     =     -4539.029912
siesta: Eso     =         0.000000
siesta: Edftu   =         0.000000
siesta: DEna    =       259.984727
siesta: DUscf   =        25.777516
siesta: DUext   =         0.000000
siesta: Ex      =     -4912.079119
siesta: Ec      =      -304.277899
siesta: Exc     =     -5216.357019
siesta: EbV     =         0.000000
siesta: eta*DQ  =         0.000000
siesta: Emadel  =         0.000000
siesta: Emeta   =         0.000000
siesta: Emolmec =         0.000000
siesta: Ekinion =         0.000000
siesta: Eharris =    -30833.295507
siesta: Etot    =    -30997.742654
siesta: FreeEng =    -30997.766598

        iscf     Eharris(eV)        E_KS(eV)     FreeEng(eV)     dDmax    Ef(eV) dHmax(eV)
   scf:    1   -30833.295507   -30997.742654   -30997.766598 12.521009 -5.887421 27.089232
     spin moment: {S} , |S| = {        0.0        0.0    0.83923 }     0.83923
timer: Routine,Calls,Time,% = IterSCF        1       6.462  11.60
   scf:    2   -30653.680308   -30921.526274   -30921.545124  3.288981 -6.280978 51.323879
     spin moment: {S} , |S| = {        0.0        0.0   -1.04759 }    -1.04759
   scf:    3   -31011.420270   -31016.300799   -31016.322788  2.111388 -6.160720 10.123545
     spin moment: {S} , |S| = {        0.0        0.0    0.05099 }     0.05099
   scf:    4   -31017.579614   -31018.066446   -31018.088212  0.246696 -6.204314  5.030291
     spin moment: {S} , |S| = {        0.0        0.0    0.03739 }     0.03739
   scf:    5   -31019.434199   -31018.826047   -31018.848771  0.453289 -6.322472  3.299951
     spin moment: {S} , |S| = {        0.0        0.0    0.06886 }     0.06886
   scf:    6   -31020.829750   -31019.984618   -31020.011854  1.000530 -6.646246  2.086818
     spin moment: {S} , |S| = {        0.0        0.0    0.21983 }     0.21983
   scf:    7   -31020.472253   -31020.273918   -31020.300530  0.330247 -6.754144  2.282061
     spin moment: {S} , |S| = {        0.0        0.0    0.29715 }     0.29715
   scf:    8   -31020.805251   -31020.595927   -31020.623588  0.235953 -6.839745  1.024126
     spin moment: {S} , |S| = {        0.0        0.0    0.37253 }     0.37253
   scf:    9   -31021.090965   -31020.842415   -31020.871779  0.207224 -6.906578  1.318313
     spin moment: {S} , |S| = {        0.0        0.0    0.28920 }     0.28920
   scf:   10   -31021.286428   -31021.067545   -31021.099727  0.166068 -6.949443  1.881628
     spin moment: {S} , |S| = {        0.0        0.0    0.16830 }     0.16830
   scf:   11   -31021.718354   -31021.388739   -31021.422255  0.245671 -7.001258  1.260785
     spin moment: {S} , |S| = {        0.0        0.0   -0.04206 }    -0.04206
   scf:   12   -31021.713435   -31021.548733   -31021.579016  0.126722 -7.029291  0.809892
     spin moment: {S} , |S| = {        0.0        0.0   -0.13074 }    -0.13074
   scf:   13   -31021.968768   -31021.758009   -31021.783713  0.163064 -7.070737  1.406032
     spin moment: {S} , |S| = {        0.0        0.0   -0.21723 }    -0.21723
   scf:   14   -31022.251128   -31021.979736   -31022.003201  0.209370 -7.114357  1.783220
     spin moment: {S} , |S| = {        0.0        0.0   -0.37439 }    -0.37439
   scf:   15   -31021.827960   -31021.905454   -31021.929904  0.063973 -7.103918  1.899190
     spin moment: {S} , |S| = {        0.0        0.0   -0.32291 }    -0.32291
   scf:   16   -31022.194778   -31022.070860   -31022.093273  0.103389 -7.133878  1.418935
     spin moment: {S} , |S| = {        0.0        0.0   -0.43363 }    -0.43363
   scf:   17   -31022.002586   -31022.110957   -31022.132346  0.093354 -7.157735  1.934215
     spin moment: {S} , |S| = {        0.0        0.0   -0.52757 }    -0.52757
   scf:   18   -31022.190465   -31022.148385   -31022.170394  0.072847 -7.167246  2.151825
     spin moment: {S} , |S| = {        0.0        0.0   -0.59492 }    -0.59492
   scf:   19   -31022.248728   -31022.202861   -31022.225083  0.017732 -7.163957  1.641542
     spin moment: {S} , |S| = {        0.0        0.0   -0.60163 }    -0.60163
   scf:   20   -31022.284789   -31022.246851   -31022.270472  0.040132 -7.173248  1.526001
     spin moment: {S} , |S| = {        0.0        0.0   -0.64256 }    -0.64256
   scf:   21   -31022.353740   -31022.308296   -31022.333178  0.034794 -7.174867  0.707732
     spin moment: {S} , |S| = {        0.0        0.0   -0.68972 }    -0.68972
   scf:   22   -31022.466856   -31022.376228   -31022.402573  0.101875 -7.192415  0.363965
     spin moment: {S} , |S| = {        0.0        0.0   -0.85058 }    -0.85058
   scf:   23   -31022.372658   -31022.378466   -31022.404511  0.026433 -7.191856  0.263706
     spin moment: {S} , |S| = {        0.0        0.0   -0.87567 }    -0.87567
   scf:   24   -31022.412110   -31022.394879   -31022.420909  0.032804 -7.195058  0.183227
     spin moment: {S} , |S| = {        0.0        0.0   -0.91697 }    -0.91697
   scf:   25   -31022.451494   -31022.418065   -31022.443823  0.075084 -7.203888  0.536949
     spin moment: {S} , |S| = {        0.0        0.0   -1.01555 }    -1.01555
   scf:   26   -31022.410577   -31022.417846   -31022.443537  0.030888 -7.201173  0.277398
     spin moment: {S} , |S| = {        0.0        0.0   -1.00719 }    -1.00719
   scf:   27   -31022.462684   -31022.436247   -31022.461891  0.061711 -7.203556  0.356767
     spin moment: {S} , |S| = {        0.0        0.0   -1.12681 }    -1.12681
   scf:   28   -31022.440370   -31022.438370   -31022.464025  0.009184 -7.201281  0.310074
     spin moment: {S} , |S| = {        0.0        0.0   -1.15341 }    -1.15341
   scf:   29   -31022.441321   -31022.440019   -31022.465721  0.003748 -7.201265  0.202341
     spin moment: {S} , |S| = {        0.0        0.0   -1.15757 }    -1.15757
   scf:   30   -31022.450081   -31022.444935   -31022.470811  0.014721 -7.200782  0.091436
     spin moment: {S} , |S| = {        0.0        0.0   -1.20768 }    -1.20768
   scf:   31   -31022.448352   -31022.446602   -31022.472509  0.005811 -7.200926  0.086771
     spin moment: {S} , |S| = {        0.0        0.0   -1.22688 }    -1.22688
   scf:   32   -31022.472266   -31022.456777   -31022.482399  0.043938 -7.204021  0.113302
     spin moment: {S} , |S| = {        0.0        0.0   -1.36389 }    -1.36389
   scf:   33   -31022.464256   -31022.459961   -31022.485328  0.022898 -7.207089  0.128821
     spin moment: {S} , |S| = {        0.0        0.0   -1.42028 }    -1.42028
   scf:   34   -31022.460315   -31022.460178   -31022.485500  0.002304 -7.206825  0.066990
     spin moment: {S} , |S| = {        0.0        0.0   -1.41987 }    -1.41987
   scf:   35   -31022.463956   -31022.461997   -31022.487016  0.013310 -7.208298  0.111815
     spin moment: {S} , |S| = {        0.0        0.0   -1.44976 }    -1.44976
   scf:   36   -31022.468052   -31022.464518   -31022.489167  0.025276 -7.210164  0.091388
     spin moment: {S} , |S| = {        0.0        0.0   -1.50709 }    -1.50709
   scf:   37   -31022.466614   -31022.465476   -31022.489904  0.010125 -7.209613  0.104657
     spin moment: {S} , |S| = {        0.0        0.0   -1.53355 }    -1.53355
   scf:   38   -31022.466511   -31022.466084   -31022.490375  0.005429 -7.208295  0.048786
     spin moment: {S} , |S| = {        0.0        0.0   -1.53648 }    -1.53648
   scf:   39   -31022.468201   -31022.466986   -31022.491067  0.014903 -7.209527  0.069811
     spin moment: {S} , |S| = {        0.0        0.0   -1.56671 }    -1.56671
   scf:   40   -31022.467771   -31022.467404   -31022.491399  0.008152 -7.208718  0.042863
     spin moment: {S} , |S| = {        0.0        0.0   -1.56331 }    -1.56331
   scf:   41   -31022.468769   -31022.468022   -31022.491866  0.008382 -7.209126  0.026930
     spin moment: {S} , |S| = {        0.0        0.0   -1.57995 }    -1.57995
   scf:   42   -31022.469551   -31022.468723   -31022.492379  0.010024 -7.209059  0.049697
     spin moment: {S} , |S| = {        0.0        0.0   -1.58600 }    -1.58600
   scf:   43   -31022.469407   -31022.469041   -31022.492645  0.005876 -7.209542  0.030457
     spin moment: {S} , |S| = {        0.0        0.0   -1.59668 }    -1.59668
   scf:   44   -31022.469661   -31022.469330   -31022.492869  0.004802 -7.209533  0.020848
     spin moment: {S} , |S| = {        0.0        0.0   -1.60535 }    -1.60535
   scf:   45   -31022.469849   -31022.469578   -31022.493068  0.003008 -7.209344  0.024242
     spin moment: {S} , |S| = {        0.0        0.0   -1.60790 }    -1.60790
   scf:   46   -31022.469849   -31022.469708   -31022.493170  0.002526 -7.209352  0.023601
     spin moment: {S} , |S| = {        0.0        0.0   -1.61213 }    -1.61213
   scf:   47   -31022.469977   -31022.469839   -31022.493279  0.001710 -7.209199  0.023454
     spin moment: {S} , |S| = {        0.0        0.0   -1.61429 }    -1.61429
   scf:   48   -31022.469894   -31022.469866   -31022.493300  0.000508 -7.209138  0.024048
     spin moment: {S} , |S| = {        0.0        0.0   -1.61532 }    -1.61532
   scf:   49   -31022.469885   -31022.469876   -31022.493306  0.000263 -7.209134  0.023957
     spin moment: {S} , |S| = {        0.0        0.0   -1.61586 }    -1.61586

SCF Convergence by DM criterion
max |DM_out - DM_in|         :     0.0002627449
max |H_out - H_in|      (eV) :     0.0239567916
SCF cycle converged after 49 iterations

Using DM_out to compute the final energy and forces
No. of atoms with KB's overlaping orbs in proc 0. Max # of overlaps:     188    1015

siesta: E_KS(eV) =           -31022.4699

siesta: E_KS - E_eggbox =    -31022.4699

siesta: Atomic forces (eV/Ang):
     1    0.000000   -1.459602    0.000000
     2   -0.000000    1.688005    0.000000
     3   -0.000000   -0.164532    0.000000
     4   -0.000000    0.558099   -0.000000
     5    0.000000   -0.546430    0.000000
     6   -0.000000    1.377415   -0.000000
     7    0.000000    0.272516    0.000000
     8    0.000000   -1.470360   -0.000000
     9    0.000000   -0.326683    0.000000
    10   -0.000000    0.080178    0.000000
----------------------------------------
   Tot   -0.000000    0.008606    0.000000
----------------------------------------
   Max    1.688005
   Res    0.573398    sqrt( Sum f_i^2 / 3N )
----------------------------------------
   Max    1.688005    constrained

Stress tensor Voigt[x,y,z,yz,xz,xy] (kbar):     -142.18      -99.38      -79.68        0.00       -0.00        0.00
(Free)E + p*V (eV/cell)   -31015.2060
Target enthalpy (eV/cell)   -31022.4933

siesta: Stress tensor (static) (eV/Ang**3):
        -0.088741   -0.000000   -0.000000
         0.000000   -0.062031    0.000000
        -0.000000    0.000000   -0.049731

siesta: Pressure (static):        107.08062298  kBar

siesta: Stress tensor (total) (eV/Ang**3):
        -0.088741   -0.000000   -0.000000
         0.000000   -0.062031    0.000000
        -0.000000    0.000000   -0.049731

siesta: Pressure (total):        107.08062298  kBar

cgvc: No target stress found, assuming hydrostatic MD.TargetPressure.

cgvc: Target stress (kBar)
cgvc:        -0.000       0.000       0.000
cgvc:         0.000      -0.000       0.000
cgvc:         0.000       0.000      -0.000

                     ====================================
                        Begin CG opt. move =      1
                     ====================================
k-point displ. along   1 input, could be:     0.00    0.50
k-point displ. along   2 input, could be:     0.00    0.50
k-point displ. along   3 input, could be:     0.00    0.50
 Kpoints in:           32 . Kpoints trimmed:           31

siesta: k-grid: Number of k-points = 31
siesta: k-points from Monkhorst-Pack grid
siesta: k-cutoff (effective) =     7.080 Ang
siesta: k-point supercell and displacements
siesta: k-grid:     6     0     0      0.000
siesta: k-grid:     0     2     0      0.000
siesta: k-grid:     0     0     4      0.000

superc: Internal auxiliary supercell:    13 x     3 x     9  =     351
superc: Number of atoms, orbitals, and projectors:   3510  85644  63180

outcell: Unit cell vectors (Ang):
        2.514029    0.000000    0.000000
        0.000000   12.532502   -0.000000
        0.000000   -0.000000    3.539824

outcell: Cell vector modules (Ang)   :    2.514029   12.532502    3.539824
outcell: Cell angles (23,13,12) (deg):     90.0000     90.0000     90.0000
outcell: Cell volume (Ang**3)        :    111.5295
<dSpData1D:S at geom step 1
  <sparsity:sparsity for geom step 1
    nrows_g=244 nrows=14 sparsity=1.4212 nnzs=84611, refcount: 7>
  <dData1D:(new from dSpData1D) n=84611, refcount: 1>
refcount: 1>
new_DM -- step:     2
Re-using DM from previous geometries...
Number of DMs in history: 1
 DM extrapolation coefficients: 
1   1.00000
New DM after history re-use:
<dSpData2D:SpM extrapolated using coords
  <sparsity:sparsity for geom step 1
    nrows_g=244 nrows=14 sparsity=1.4212 nnzs=84611, refcount: 9>
  <dData2D:(temp array for extrapolation) n=84611 m=2, refcount: 1>
refcount: 1>
No. of atoms with KB's overlaping orbs in proc 0. Max # of overlaps:     188    1009

InitMesh: MESH = 30 x 144 x 40 = 172800
InitMesh: Mesh cutoff (required, used) =   300.000   352.906 Ry
New grid distribution [1]: sub = 2
New grid distribution [2]: sub = 2
New grid distribution [3]: sub = 2
Setting up quadratic distribution...

        iscf     Eharris(eV)        E_KS(eV)     FreeEng(eV)     dDmax    Ef(eV) dHmax(eV)
   scf:    1   -30896.631206   -30979.600241   -30979.630358  1.271084 -7.234019 38.253541
     spin moment: {S} , |S| = {        0.0        0.0   -1.82912 }    -1.82912
   scf:    2    28321.746301   -11647.572136   -11647.575354542.973386 -6.707458707.872076
     spin moment: {S} , |S| = {        0.0        0.0   -0.07833 }    -0.07833
   scf:    3   -34732.643939   -30743.863599   -30743.891098542.554117 -6.965788105.489145
     spin moment: {S} , |S| = {        0.0        0.0   -1.62867 }    -1.62867
   scf:    4   -31116.663522   -30994.742165   -30994.765468  0.940882 -7.127193 33.115351
     spin moment: {S} , |S| = {        0.0        0.0   -1.83831 }    -1.83831
   scf:    5   -31028.196417   -31014.291487   -31014.315097  0.227852 -7.149002 17.715575
     spin moment: {S} , |S| = {        0.0        0.0   -1.75342 }    -1.75342
   scf:    6   -31017.685952   -31016.038504   -31016.061740  0.030152 -7.149210 15.756054
     spin moment: {S} , |S| = {        0.0        0.0   -1.75093 }    -1.75093
   scf:    7   -31018.629344   -31017.393592   -31017.416631  0.032972 -7.146011 14.403964
     spin moment: {S} , |S| = {        0.0        0.0   -1.76293 }    -1.76293
   scf:    8   -31023.030579   -31020.545554   -31020.568766  0.070143 -7.140644  9.342652
     spin moment: {S} , |S| = {        0.0        0.0   -1.76474 }    -1.76474
   scf:    9   -31019.279429   -31022.310315   -31022.334044  0.232722 -7.127397  4.282953
     spin moment: {S} , |S| = {        0.0        0.0   -1.75331 }    -1.75331
   scf:   10   -31022.702663   -31022.803022   -31022.826752  0.097456 -7.129671  0.422703
     spin moment: {S} , |S| = {        0.0        0.0   -1.76164 }    -1.76164
   scf:   11   -31022.807656   -31022.808377   -31022.832125  0.010149 -7.128211  0.125476
     spin moment: {S} , |S| = {        0.0        0.0   -1.76492 }    -1.76492
   scf:   12   -31022.809055   -31022.808799   -31022.832554  0.007308 -7.127475  0.123737
     spin moment: {S} , |S| = {        0.0        0.0   -1.76942 }    -1.76942
   scf:   13   -31022.810286   -31022.809563   -31022.833363  0.020195 -7.125433  0.063394
     spin moment: {S} , |S| = {        0.0        0.0   -1.78171 }    -1.78171
   scf:   14   -31022.810957   -31022.810266   -31022.834087  0.021840 -7.123492  0.051153
     spin moment: {S} , |S| = {        0.0        0.0   -1.79661 }    -1.79661
   scf:   15   -31022.810251   -31022.810259   -31022.834081  0.000684 -7.123562  0.047861
     spin moment: {S} , |S| = {        0.0        0.0   -1.79633 }    -1.79633
   scf:   16   -31022.811576   -31022.810886   -31022.834741  0.011171 -7.123291  0.033653
     spin moment: {S} , |S| = {        0.0        0.0   -1.81180 }    -1.81180
   scf:   17   -31022.812132   -31022.811465   -31022.835350  0.009839 -7.122934  0.031390
     spin moment: {S} , |S| = {        0.0        0.0   -1.82737 }    -1.82737
   scf:   18   -31022.812052   -31022.811748   -31022.835648  0.004220 -7.122672  0.029031
     spin moment: {S} , |S| = {        0.0        0.0   -1.83486 }    -1.83486
   scf:   19   -31022.812698   -31022.812192   -31022.836115  0.007127 -7.122244  0.032663
     spin moment: {S} , |S| = {        0.0        0.0   -1.84727 }    -1.84727
   scf:   20   -31022.813606   -31022.812831   -31022.836787  0.009698 -7.121596  0.032140
     spin moment: {S} , |S| = {        0.0        0.0   -1.86480 }    -1.86480
   scf:   21   -31022.815661   -31022.814009   -31022.837996  0.018277 -7.120637  0.030687
     spin moment: {S} , |S| = {        0.0        0.0   -1.89793 }    -1.89793
   scf:   22   -31022.815781   -31022.814789   -31022.838779  0.011678 -7.120061  0.026235
     spin moment: {S} , |S| = {        0.0        0.0   -1.91975 }    -1.91975
   scf:   23   -31022.816161   -31022.815407   -31022.839395  0.009034 -7.119758  0.024886
     spin moment: {S} , |S| = {        0.0        0.0   -1.93655 }    -1.93655
   scf:   24   -31022.815654   -31022.815528   -31022.839517  0.001599 -7.119763  0.026932
     spin moment: {S} , |S| = {        0.0        0.0   -1.93917 }    -1.93917
   scf:   25   -31022.815126   -31022.815319   -31022.839305  0.002745 -7.119796  0.028385
     spin moment: {S} , |S| = {        0.0        0.0   -1.93432 }    -1.93432
   scf:   26   -31022.815838   -31022.815568   -31022.839558  0.003210 -7.119750  0.026525
     spin moment: {S} , |S| = {        0.0        0.0   -1.93985 }    -1.93985
   scf:   27   -31022.815706   -31022.815636   -31022.839624  0.001392 -7.119651  0.026268
     spin moment: {S} , |S| = {        0.0        0.0   -1.94209 }    -1.94209
   scf:   28   -31022.815292   -31022.815458   -31022.839444  0.002370 -7.119759  0.027665
     spin moment: {S} , |S| = {        0.0        0.0   -1.93776 }    -1.93776
   scf:   29   -31022.815765   -31022.815608   -31022.839587  0.002294 -7.119658  0.025978
     spin moment: {S} , |S| = {        0.0        0.0   -1.94237 }    -1.94237
   scf:   30   -31022.815322   -31022.815461   -31022.839442  0.002057 -7.119741  0.026009
     spin moment: {S} , |S| = {        0.0        0.0   -1.93844 }    -1.93844
   scf:   31   -31022.815154   -31022.815303   -31022.839287  0.002297 -7.119887  0.025401
     spin moment: {S} , |S| = {        0.0        0.0   -1.93386 }    -1.93386
   scf:   32   -31022.815741   -31022.815514   -31022.839504  0.002724 -7.119862  0.023760
     spin moment: {S} , |S| = {        0.0        0.0   -1.93836 }    -1.93836
   scf:   33   -31022.815612   -31022.815562   -31022.839553  0.000689 -7.119848  0.024316
     spin moment: {S} , |S| = {        0.0        0.0   -1.93954 }    -1.93954
   scf:   34   -31022.815494   -31022.815528   -31022.839517  0.000451 -7.119857  0.024550
     spin moment: {S} , |S| = {        0.0        0.0   -1.93878 }    -1.93878

SCF Convergence by DM criterion
max |DM_out - DM_in|         :     0.0004511055
max |H_out - H_in|      (eV) :     0.0245501303
SCF cycle converged after 34 iterations

Using DM_out to compute the final energy and forces
No. of atoms with KB's overlaping orbs in proc 0. Max # of overlaps:     188    1009

siesta: E_KS(eV) =           -31022.8155

siesta: Atomic forces (eV/Ang):
     1   -0.000000   -0.808956   -0.000000
     2    0.000000    0.959364   -0.000000
     3    0.000000   -0.165188    0.000000
     4    0.000000    0.637407    0.000000
     5   -0.000000   -0.592443   -0.000000
     6   -0.000000    0.889259    0.000000
     7    0.000000    0.276802    0.000000
     8   -0.000000   -0.874081    0.000000
     9   -0.000000   -0.149341   -0.000000
    10    0.000000   -0.170623   -0.000000
----------------------------------------
   Tot    0.000000    0.002199    0.000000
----------------------------------------
   Max    0.959364
   Res    0.367069    sqrt( Sum f_i^2 / 3N )
----------------------------------------
   Max    0.959364    constrained

Stress tensor Voigt[x,y,z,yz,xz,xy] (kbar):      -83.27      -49.94      -27.51       -0.00       -0.00        0.00
(Free)E + p*V (eV/cell)   -31019.1103
Target enthalpy (eV/cell)   -31022.8395

siesta: Stress tensor (static) (eV/Ang**3):
        -0.051971    0.000000   -0.000000
         0.000000   -0.031171    0.000000
        -0.000000   -0.000000   -0.017168

siesta: Pressure (static):         53.57165672  kBar

siesta: Stress tensor (total) (eV/Ang**3):
        -0.051971    0.000000   -0.000000
         0.000000   -0.031171    0.000000
        -0.000000   -0.000000   -0.017168

siesta: Pressure (total):         53.57165672  kBar

                     ====================================
                        Begin CG opt. move =      2
                     ====================================
k-point displ. along   1 input, could be:     0.00    0.50
k-point displ. along   2 input, could be:     0.00    0.50
k-point displ. along   3 input, could be:     0.00    0.50
 Kpoints in:           32 . Kpoints trimmed:           31

siesta: k-grid: Number of k-points = 31
siesta: k-points from Monkhorst-Pack grid
siesta: k-cutoff (effective) =     7.143 Ang
siesta: k-point supercell and displacements
siesta: k-grid:     6     0     0      0.000
siesta: k-grid:     0     2     0      0.000
siesta: k-grid:     0     0     4      0.000

superc: Internal auxiliary supercell:    13 x     3 x     9  =     351
superc: Number of atoms, orbitals, and projectors:   3510  85644  63180

outcell: Unit cell vectors (Ang):
        2.554050    0.000000    0.000000
        0.000000   12.672378   -0.000000
        0.000000   -0.000000    3.571541

outcell: Cell vector modules (Ang)   :    2.554050   12.672378    3.571541
outcell: Cell angles (23,13,12) (deg):     90.0000     90.0000     90.0000
outcell: Cell volume (Ang**3)        :    115.5961
<dSpData1D:S at geom step 2
  <sparsity:sparsity for geom step 2
    nrows_g=244 nrows=14 sparsity=1.3976 nnzs=83209, refcount: 7>
  <dData1D:(new from dSpData1D) n=83209, refcount: 1>
refcount: 1>
new_DM -- step:     3
Re-using DM from previous geometries...
Number of DMs in history: 1
 DM extrapolation coefficients: 
1   1.00000
New DM after history re-use:
<dSpData2D:SpM extrapolated using coords
  <sparsity:sparsity for geom step 2
    nrows_g=244 nrows=14 sparsity=1.3976 nnzs=83209, refcount: 9>
  <dData2D:(temp array for extrapolation) n=83209 m=2, refcount: 1>
refcount: 1>
No. of atoms with KB's overlaping orbs in proc 0. Max # of overlaps:     188    1000

InitMesh: MESH = 30 x 144 x 40 = 172800
InitMesh: Mesh cutoff (required, used) =   300.000   346.665 Ry
New grid distribution [1]: sub = 2
New grid distribution [2]: sub = 2
New grid distribution [3]: sub = 2
Setting up quadratic distribution...

        iscf     Eharris(eV)        E_KS(eV)     FreeEng(eV)     dDmax    Ef(eV) dHmax(eV)
   scf:    1   -30877.481002   -30972.986847   -30973.020397  1.567562 -7.131777 42.392109
     spin moment: {S} , |S| = {        0.0        0.0   -2.33081 }    -2.33081
   scf:    2    29282.089416   -11369.923090   -11369.933054526.012036 -7.981320710.468739
     spin moment: {S} , |S| = {        0.0        0.0   -0.17817 }    -0.17817
   scf:    3   -35270.720627   -30609.257357   -30609.287088525.027643 -6.815842129.343033
     spin moment: {S} , |S| = {        0.0        0.0   -1.64410 }    -1.64410
   scf:    4   -31152.108976   -30987.285006   -30987.305818  1.083786 -6.989775 38.784079
     spin moment: {S} , |S| = {        0.0        0.0   -2.08524 }    -2.08524
   scf:    5   -30995.727478   -30993.057750   -30993.079429  0.113143 -7.000618 35.068013
     spin moment: {S} , |S| = {        0.0        0.0   -2.15462 }    -2.15462
   scf:    6   -31022.401928   -31009.302004   -31009.324486  0.151486 -7.020631 22.865174
     spin moment: {S} , |S| = {        0.0        0.0   -2.09008 }    -2.09008
   scf:    7   -31024.701434   -31018.088120   -31018.109998  0.136610 -7.023028 13.739161
     spin moment: {S} , |S| = {        0.0        0.0   -2.09492 }    -2.09492
   scf:    8   -31023.701141   -31021.300303   -31021.322421  0.059257 -7.020528  8.120141
     spin moment: {S} , |S| = {        0.0        0.0   -2.10428 }    -2.10428
   scf:    9   -31019.873584   -31022.562263   -31022.587008  0.145789 -7.017802  4.525558
     spin moment: {S} , |S| = {        0.0        0.0   -2.08364 }    -2.08364
   scf:   10   -31022.973650   -31023.034440   -31023.057931  0.081199 -7.012929  0.551893
     spin moment: {S} , |S| = {        0.0        0.0   -2.10649 }    -2.10649
   scf:   11   -31023.039918   -31023.039146   -31023.062736  0.007403 -7.011599  0.268678
     spin moment: {S} , |S| = {        0.0        0.0   -2.10477 }    -2.10477
   scf:   12   -31023.039963   -31023.040862   -31023.064495  0.027659 -7.007499  0.172169
     spin moment: {S} , |S| = {        0.0        0.0   -2.11746 }    -2.11746
   scf:   13   -31023.039193   -31023.040484   -31023.064148  0.027996 -7.003784  0.355070
     spin moment: {S} , |S| = {        0.0        0.0   -2.13293 }    -2.13293
   scf:   14   -31023.045382   -31023.043855   -31023.067368  0.009589 -7.002633  0.074143
     spin moment: {S} , |S| = {        0.0        0.0   -2.14271 }    -2.14271
   scf:   15   -31023.044934   -31023.044469   -31023.067933  0.006113 -7.002250  0.066480
     spin moment: {S} , |S| = {        0.0        0.0   -2.15009 }    -2.15009
   scf:   16   -31023.044372   -31023.044446   -31023.067924  0.001104 -7.002414  0.045548
     spin moment: {S} , |S| = {        0.0        0.0   -2.14969 }    -2.14969
   scf:   17   -31023.048189   -31023.046185   -31023.069599  0.016291 -7.001637  0.043389
     spin moment: {S} , |S| = {        0.0        0.0   -2.17461 }    -2.17461
   scf:   18   -31023.047930   -31023.047020   -31023.070408  0.006766 -7.001298  0.047543
     spin moment: {S} , |S| = {        0.0        0.0   -2.18727 }    -2.18727
   scf:   19   -31023.050346   -31023.048547   -31023.071891  0.009485 -7.000257  0.034160
     spin moment: {S} , |S| = {        0.0        0.0   -2.21112 }    -2.21112
   scf:   20   -31023.049531   -31023.049024   -31023.072363  0.002938 -6.999828  0.035446
     spin moment: {S} , |S| = {        0.0        0.0   -2.21855 }    -2.21855
   scf:   21   -31023.053942   -31023.051167   -31023.074487  0.012138 -6.998433  0.036137
     spin moment: {S} , |S| = {        0.0        0.0   -2.25354 }    -2.25354
   scf:   22   -31023.056380   -31023.053404   -31023.076736  0.014826 -6.997047  0.038941
     spin moment: {S} , |S| = {        0.0        0.0   -2.29037 }    -2.29037
   scf:   23   -31023.054397   -31023.053884   -31023.077224  0.003677 -6.996909  0.040409
     spin moment: {S} , |S| = {        0.0        0.0   -2.29791 }    -2.29791
   scf:   24   -31023.054577   -31023.054222   -31023.077565  0.002166 -6.996621  0.042277
     spin moment: {S} , |S| = {        0.0        0.0   -2.30379 }    -2.30379
   scf:   25   -31023.054567   -31023.054393   -31023.077736  0.001614 -6.996670  0.040951
     spin moment: {S} , |S| = {        0.0        0.0   -2.30596 }    -2.30596
   scf:   26   -31023.054646   -31023.054518   -31023.077862  0.001309 -6.996630  0.041868
     spin moment: {S} , |S| = {        0.0        0.0   -2.30764 }    -2.30764
   scf:   27   -31023.052945   -31023.053679   -31023.077014  0.007123 -6.996973  0.046457
     spin moment: {S} , |S| = {        0.0        0.0   -2.29515 }    -2.29515
   scf:   28   -31023.051579   -31023.052513   -31023.075840  0.012214 -6.997162  0.037919
     spin moment: {S} , |S| = {        0.0        0.0   -2.27931 }    -2.27931
   scf:   29   -31023.050205   -31023.051153   -31023.074457  0.017011 -6.997367  0.035493
     spin moment: {S} , |S| = {        0.0        0.0   -2.26116 }    -2.26116
   scf:   30   -31023.049875   -31023.050301   -31023.073555  0.018337 -6.996698  0.030876
     spin moment: {S} , |S| = {        0.0        0.0   -2.25375 }    -2.25375
   scf:   31   -31023.049668   -31023.049837   -31023.073052  0.014772 -6.995738  0.031198
     spin moment: {S} , |S| = {        0.0        0.0   -2.25319 }    -2.25319
   scf:   32   -31023.048606   -31023.048967   -31023.072115  0.020288 -6.994962  0.043510
     spin moment: {S} , |S| = {        0.0        0.0   -2.24423 }    -2.24423
   scf:   33   -31023.048650   -31023.047953   -31023.070948  0.034018 -6.992248  0.025554
     spin moment: {S} , |S| = {        0.0        0.0   -2.24236 }    -2.24236
   scf:   34   -31023.046687   -31023.046655   -31023.069513  0.028986 -6.992633  0.043150
     spin moment: {S} , |S| = {        0.0        0.0   -2.20931 }    -2.20931
   scf:   35   -31023.045811   -31023.045838   -31023.068570  0.023486 -6.992629  0.064917
     spin moment: {S} , |S| = {        0.0        0.0   -2.18975 }    -2.18975
   scf:   36   -31023.046135   -31023.045988   -31023.068719  0.002093 -6.992322  0.038342
     spin moment: {S} , |S| = {        0.0        0.0   -2.19333 }    -2.19333
   scf:   37   -31023.046112   -31023.046072   -31023.068815  0.007163 -6.992649  0.066829
     spin moment: {S} , |S| = {        0.0        0.0   -2.18690 }    -2.18690
   scf:   38   -31023.045646   -31023.045297   -31023.067902  0.028098 -6.992784  0.032578
     spin moment: {S} , |S| = {        0.0        0.0   -2.16538 }    -2.16538
   scf:   39   -31023.045098   -31023.044389   -31023.066864  0.033138 -6.993234  0.071978
     spin moment: {S} , |S| = {        0.0        0.0   -2.13821 }    -2.13821
   scf:   40   -31023.045256   -31023.044758   -31023.067278  0.014180 -6.993072  0.034492
     spin moment: {S} , |S| = {        0.0        0.0   -2.14457 }    -2.14457
   scf:   41   -31023.044316   -31023.044391   -31023.066895  0.009885 -6.993660  0.026401
     spin moment: {S} , |S| = {        0.0        0.0   -2.12774 }    -2.12774
   scf:   42   -31023.044444   -31023.043551   -31023.066016  0.029910 -6.994257  0.058770
     spin moment: {S} , |S| = {        0.0        0.0   -2.09753 }    -2.09753
   scf:   43   -31023.043745   -31023.043669   -31023.066130  0.004824 -6.993468  0.027313
     spin moment: {S} , |S| = {        0.0        0.0   -2.10180 }    -2.10180
   scf:   44   -31023.043476   -31023.043561   -31023.066060  0.002509 -6.993410  0.032511
     spin moment: {S} , |S| = {        0.0        0.0   -2.09840 }    -2.09840
   scf:   45   -31023.043391   -31023.043321   -31023.065815  0.012050 -6.993241  0.020130
     spin moment: {S} , |S| = {        0.0        0.0   -2.09096 }    -2.09096
   scf:   46   -31023.043583   -31023.042972   -31023.065438  0.020191 -6.992757  0.019945
     spin moment: {S} , |S| = {        0.0        0.0   -2.08156 }    -2.08156
   scf:   47   -31023.043054   -31023.042997   -31023.065450  0.003852 -6.992100  0.018136
     spin moment: {S} , |S| = {        0.0        0.0   -2.08768 }    -2.08768
   scf:   48   -31023.043070   -31023.043029   -31023.065492  0.002296 -6.991790  0.016700
     spin moment: {S} , |S| = {        0.0        0.0   -2.09401 }    -2.09401
   scf:   49   -31023.043432   -31023.043176   -31023.065677  0.008577 -6.991642  0.013329
     spin moment: {S} , |S| = {        0.0        0.0   -2.10707 }    -2.10707
   scf:   50   -31023.043305   -31023.043229   -31023.065734  0.003392 -6.991286  0.011618
     spin moment: {S} , |S| = {        0.0        0.0   -2.11783 }    -2.11783
   scf:   51   -31023.043307   -31023.043261   -31023.065795  0.004177 -6.991226  0.011306
     spin moment: {S} , |S| = {        0.0        0.0   -2.12501 }    -2.12501
   scf:   52   -31023.043311   -31023.043283   -31023.065831  0.002414 -6.991300  0.011349
     spin moment: {S} , |S| = {        0.0        0.0   -2.12779 }    -2.12779
   scf:   53   -31023.043225   -31023.043249   -31023.065807  0.001543 -6.991200  0.010598
     spin moment: {S} , |S| = {        0.0        0.0   -2.13054 }    -2.13054
   scf:   54   -31023.043247   -31023.043248   -31023.065806  0.000438 -6.991153  0.010060
     spin moment: {S} , |S| = {        0.0        0.0   -2.13176 }    -2.13176

SCF Convergence by DM criterion
max |DM_out - DM_in|         :     0.0004383952
max |H_out - H_in|      (eV) :     0.0100600929
SCF cycle converged after 54 iterations

Using DM_out to compute the final energy and forces
No. of atoms with KB's overlaping orbs in proc 0. Max # of overlaps:     188    1000

siesta: E_KS(eV) =           -31023.0432

siesta: Atomic forces (eV/Ang):
     1    0.000000   -0.079391    0.000000
     2   -0.000000    0.196962   -0.000000
     3    0.000000   -0.141248   -0.000000
     4    0.000000    0.759073   -0.000000
     5    0.000000   -0.716567   -0.000000
     6    0.000000    0.400710    0.000000
     7   -0.000000    0.142276   -0.000000
     8    0.000000   -0.077392   -0.000000
     9   -0.000000    0.113511   -0.000000
    10   -0.000000   -0.603292   -0.000000
----------------------------------------
   Tot    0.000000   -0.005357   -0.000000
----------------------------------------
   Max    0.759073
   Res    0.239329    sqrt( Sum f_i^2 / 3N )
----------------------------------------
   Max    0.759073    constrained

Stress tensor Voigt[x,y,z,yz,xz,xy] (kbar):       -9.21       -6.49       37.32       -0.00        0.00       -0.00
(Free)E + p*V (eV/cell)   -31023.5858
Target enthalpy (eV/cell)   -31023.0658

siesta: Stress tensor (static) (eV/Ang**3):
        -0.005747   -0.000000   -0.000000
        -0.000000   -0.004051   -0.000000
         0.000000   -0.000000    0.023293

siesta: Pressure (static):         -7.20766969  kBar

siesta: Stress tensor (total) (eV/Ang**3):
        -0.005747   -0.000000   -0.000000
        -0.000000   -0.004051   -0.000000
         0.000000   -0.000000    0.023293

siesta: Pressure (total):         -7.20766969  kBar

                     ====================================
                        Begin CG opt. move =      3
                     ====================================
k-point displ. along   1 input, could be:     0.00    0.50
k-point displ. along   2 input, could be:     0.00    0.50
k-point displ. along   3 input, could be:     0.00    0.50
 Kpoints in:           32 . Kpoints trimmed:           31

siesta: k-grid: Number of k-points = 31
siesta: k-points from Monkhorst-Pack grid
siesta: k-cutoff (effective) =     7.227 Ang
siesta: k-point supercell and displacements
siesta: k-grid:     6     0     0      0.000
siesta: k-grid:     0     2     0      0.000
siesta: k-grid:     0     0     4      0.000

superc: Internal auxiliary supercell:    13 x     3 x     9  =     351
superc: Number of atoms, orbitals, and projectors:   3510  85644  63180

outcell: Unit cell vectors (Ang):
        2.606735    0.000000    0.000000
        0.000000   12.856515   -0.000000
        0.000000   -0.000000    3.613296

outcell: Cell vector modules (Ang)   :    2.606735   12.856515    3.613296
outcell: Cell angles (23,13,12) (deg):     90.0000     90.0000     90.0000
outcell: Cell volume (Ang**3)        :    121.0943
<dSpData1D:S at geom step 3
  <sparsity:sparsity for geom step 3
    nrows_g=244 nrows=14 sparsity=1.2995 nnzs=77369, refcount: 7>
  <dData1D:(new from dSpData1D) n=77369, refcount: 1>
refcount: 1>
new_DM -- step:     4
Re-using DM from previous geometries...
Number of DMs in history: 1
 DM extrapolation coefficients: 
1   1.00000
New DM after history re-use:
<dSpData2D:SpM extrapolated using coords
  <sparsity:sparsity for geom step 3
    nrows_g=244 nrows=14 sparsity=1.2995 nnzs=77369, refcount: 9>
  <dData2D:(temp array for extrapolation) n=77369 m=2, refcount: 1>
refcount: 1>
No. of atoms with KB's overlaping orbs in proc 0. Max # of overlaps:     174     979

InitMesh: MESH = 30 x 144 x 40 = 172800
InitMesh: Mesh cutoff (required, used) =   300.000   338.700 Ry
New grid distribution [1]: sub = 2
New grid distribution [2]: sub = 2
New grid distribution [3]: sub = 2
Setting up quadratic distribution...

        iscf     Eharris(eV)        E_KS(eV)     FreeEng(eV)     dDmax    Ef(eV) dHmax(eV)
   scf:    1   -30970.098655   -31003.642057   -31003.670468  1.656187 -6.923683 26.694976
     spin moment: {S} , |S| = {        0.0        0.0   -2.19280 }    -2.19280
   scf:    2    12400.821411   -16768.822957   -16768.832526244.956164 -4.358464610.760089
     spin moment: {S} , |S| = {        0.0        0.0   -2.58911 }    -2.58911
   scf:    3   -32703.040878   -30954.329821   -30954.355110244.626896 -6.811990 55.867308
     spin moment: {S} , |S| = {        0.0        0.0   -2.28828 }    -2.28828
   scf:    4   -31040.183148   -31010.506959   -31010.528201  0.338103 -6.860082 22.573910
     spin moment: {S} , |S| = {        0.0        0.0   -2.25363 }    -2.25363
   scf:    5   -31026.290384   -31020.141151   -31020.163238  0.152646 -6.865898 10.039395
     spin moment: {S} , |S| = {        0.0        0.0   -2.23377 }    -2.23377
   scf:    6   -31023.330424   -31022.860401   -31022.883606  0.128473 -6.874111  1.014251
     spin moment: {S} , |S| = {        0.0        0.0   -2.21869 }    -2.21869
   scf:    7   -31022.894317   -31022.894190   -31022.917149  0.016194 -6.868402  0.377847
     spin moment: {S} , |S| = {        0.0        0.0   -2.21153 }    -2.21153
   scf:    8   -31022.884236   -31022.893297   -31022.916078  0.013495 -6.863681  0.567736
     spin moment: {S} , |S| = {        0.0        0.0   -2.21155 }    -2.21155
   scf:    9   -31022.893421   -31022.895760   -31022.918244  0.062840 -6.840252  0.681042
     spin moment: {S} , |S| = {        0.0        0.0   -2.21140 }    -2.21140
   scf:   10   -31022.906744   -31022.901981   -31022.924372  0.008282 -6.838965  0.545417
     spin moment: {S} , |S| = {        0.0        0.0   -2.21297 }    -2.21297
   scf:   11   -31022.907409   -31022.908482   -31022.930843  0.010162 -6.836537  0.134332
     spin moment: {S} , |S| = {        0.0        0.0   -2.21520 }    -2.21520
   scf:   12   -31022.910089   -31022.909431   -31022.931647  0.008322 -6.835921  0.059654
     spin moment: {S} , |S| = {        0.0        0.0   -2.21614 }    -2.21614
   scf:   13   -31022.910516   -31022.909973   -31022.932074  0.003755 -6.835875  0.051028
     spin moment: {S} , |S| = {        0.0        0.0   -2.21638 }    -2.21638
   scf:   14   -31022.911881   -31022.910916   -31022.932810  0.009788 -6.834430  0.055354
     spin moment: {S} , |S| = {        0.0        0.0   -2.21727 }    -2.21727
   scf:   15   -31022.914191   -31022.912493   -31022.933987  0.014835 -6.833163  0.043714
     spin moment: {S} , |S| = {        0.0        0.0   -2.21863 }    -2.21863
   scf:   16   -31022.914317   -31022.913378   -31022.934615  0.006763 -6.831914  0.028515
     spin moment: {S} , |S| = {        0.0        0.0   -2.21905 }    -2.21905
   scf:   17   -31022.914640   -31022.913992   -31022.935045  0.002340 -6.831043  0.023568
     spin moment: {S} , |S| = {        0.0        0.0   -2.21905 }    -2.21905
   scf:   18   -31022.917404   -31022.915560   -31022.936104  0.006682 -6.828441  0.030280
     spin moment: {S} , |S| = {        0.0        0.0   -2.21892 }    -2.21892
   scf:   19   -31022.918223   -31022.916771   -31022.936854  0.007907 -6.826194  0.018195
     spin moment: {S} , |S| = {        0.0        0.0   -2.21922 }    -2.21922
   scf:   20   -31022.918016   -31022.917351   -31022.937185  0.003642 -6.824955  0.019742
     spin moment: {S} , |S| = {        0.0        0.0   -2.21918 }    -2.21918
   scf:   21   -31022.918037   -31022.917689   -31022.937373  0.006546 -6.824673  0.026842
     spin moment: {S} , |S| = {        0.0        0.0   -2.21711 }    -2.21711
   scf:   22   -31022.918732   -31022.918163   -31022.937605  0.004095 -6.823723  0.018729
     spin moment: {S} , |S| = {        0.0        0.0   -2.21612 }    -2.21612
   scf:   23   -31022.918489   -31022.918320   -31022.937668  0.003522 -6.823018  0.012969
     spin moment: {S} , |S| = {        0.0        0.0   -2.21625 }    -2.21625
   scf:   24   -31022.918447   -31022.918383   -31022.937699  0.000729 -6.822874  0.011479
     spin moment: {S} , |S| = {        0.0        0.0   -2.21508 }    -2.21508
   scf:   25   -31022.918957   -31022.918637   -31022.937795  0.003003 -6.821522  0.005801
     spin moment: {S} , |S| = {        0.0        0.0   -2.21182 }    -2.21182
   scf:   26   -31022.918696   -31022.918666   -31022.937808  0.001029 -6.821314  0.005773
     spin moment: {S} , |S| = {        0.0        0.0   -2.21073 }    -2.21073
   scf:   27   -31022.918768   -31022.918715   -31022.937817  0.000734 -6.820955  0.004594
     spin moment: {S} , |S| = {        0.0        0.0   -2.21022 }    -2.21022
   scf:   28   -31022.918720   -31022.918717   -31022.937822  0.000682 -6.820995  0.003591
     spin moment: {S} , |S| = {        0.0        0.0   -2.20957 }    -2.20957
   scf:   29   -31022.918761   -31022.918738   -31022.937829  0.000509 -6.820874  0.003318
     spin moment: {S} , |S| = {        0.0        0.0   -2.20844 }    -2.20844
   scf:   30   -31022.918732   -31022.918735   -31022.937835  0.000402 -6.820956  0.003345
     spin moment: {S} , |S| = {        0.0        0.0   -2.20726 }    -2.20726

SCF Convergence by DM criterion
max |DM_out - DM_in|         :     0.0004018438
max |H_out - H_in|      (eV) :     0.0033448125
SCF cycle converged after 30 iterations

Using DM_out to compute the final energy and forces
No. of atoms with KB's overlaping orbs in proc 0. Max # of overlaps:     174     979

siesta: E_KS(eV) =           -31022.9187

siesta: Atomic forces (eV/Ang):
     1   -0.000000    0.541943   -0.000000
     2   -0.000000   -0.382592    0.000000
     3   -0.000000   -0.124760    0.000000
     4   -0.000000    0.863078    0.000000
     5    0.000000   -0.936706   -0.000000
     6    0.000000    0.003833    0.000000
     7    0.000000    0.080155    0.000000
     8   -0.000000    0.626635    0.000000
     9    0.000000    0.436196    0.000000
    10    0.000000   -1.102254   -0.000000
----------------------------------------
   Tot    0.000000    0.005528    0.000000
----------------------------------------
   Max    1.102254
   Res    0.359736    sqrt( Sum f_i^2 / 3N )
----------------------------------------
   Max    1.102254    constrained

Stress tensor Voigt[x,y,z,yz,xz,xy] (kbar):       77.15       23.68      102.33        0.00        0.00        0.00
(Free)E + p*V (eV/cell)   -31028.0564
Target enthalpy (eV/cell)   -31022.9378

siesta: Stress tensor (static) (eV/Ang**3):
         0.048154   -0.000000    0.000000
         0.000000    0.014782    0.000000
         0.000000    0.000000    0.063872

siesta: Pressure (static):        -67.72274862  kBar

siesta: Stress tensor (total) (eV/Ang**3):
         0.048154   -0.000000    0.000000
         0.000000    0.014782    0.000000
         0.000000    0.000000    0.063872

siesta: Pressure (total):        -67.72274862  kBar

                     ====================================
                        Begin CG opt. move =      4
                     ====================================
k-point displ. along   1 input, could be:     0.00    0.50
k-point displ. along   2 input, could be:     0.00    0.50
k-point displ. along   3 input, could be:     0.00    0.50
 Kpoints in:           32 . Kpoints trimmed:           31

siesta: k-grid: Number of k-points = 31
siesta: k-points from Monkhorst-Pack grid
siesta: k-cutoff (effective) =     7.162 Ang
siesta: k-point supercell and displacements
siesta: k-grid:     6     0     0      0.000
siesta: k-grid:     0     2     0      0.000
siesta: k-grid:     0     0     4      0.000

superc: Internal auxiliary supercell:    13 x     3 x     9  =     351
superc: Number of atoms, orbitals, and projectors:   3510  85644  63180

outcell: Unit cell vectors (Ang):
        2.565869    0.000000    0.000000
        0.000000   12.713685   -0.000000
        0.000000   -0.000000    3.580908

outcell: Cell vector modules (Ang)   :    2.565869   12.713685    3.580908
outcell: Cell angles (23,13,12) (deg):     90.0000     90.0000     90.0000
outcell: Cell volume (Ang**3)        :    116.8151
<dSpData1D:S at geom step 4
  <sparsity:sparsity for geom step 4
    nrows_g=244 nrows=14 sparsity=1.3606 nnzs=81007, refcount: 7>
  <dData1D:(new from dSpData1D) n=81007, refcount: 1>
refcount: 1>
new_DM -- step:     5
Re-using DM from previous geometries...
Number of DMs in history: 1
 DM extrapolation coefficients: 
1   1.00000
New DM after history re-use:
<dSpData2D:SpM extrapolated using coords
  <sparsity:sparsity for geom step 4
    nrows_g=244 nrows=14 sparsity=1.3606 nnzs=81007, refcount: 9>
  <dData2D:(temp array for extrapolation) n=81007 m=2, refcount: 1>
refcount: 1>
No. of atoms with KB's overlaping orbs in proc 0. Max # of overlaps:     180     992

InitMesh: MESH = 30 x 144 x 40 = 172800
InitMesh: Mesh cutoff (required, used) =   300.000   344.854 Ry
New grid distribution [1]: sub = 2
New grid distribution [2]: sub = 2
New grid distribution [3]: sub = 2
Setting up quadratic distribution...

        iscf     Eharris(eV)        E_KS(eV)     FreeEng(eV)     dDmax    Ef(eV) dHmax(eV)
   scf:    1   -30972.313089   -31007.287154   -31007.318498  1.173882 -7.026851 19.160774
     spin moment: {S} , |S| = {        0.0        0.0   -2.41960 }    -2.41960
   scf:    2    11410.028606   -17073.257301   -17073.267685353.935975 -3.348915675.604499
     spin moment: {S} , |S| = {        0.0        0.0    2.05488 }     2.05488
   scf:    3   -32083.030995   -31008.266807   -31008.285109353.639444 -6.915960 21.214545
     spin moment: {S} , |S| = {        0.0        0.0   -2.13739 }    -2.13739
   scf:    4   -31022.845517   -31016.417086   -31016.436222  0.110633 -6.922596 14.226610
     spin moment: {S} , |S| = {        0.0        0.0   -2.14670 }    -2.14670
   scf:    5   -31023.665150   -31020.685221   -31020.704943  0.103920 -6.930566  8.889653
     spin moment: {S} , |S| = {        0.0        0.0   -2.15143 }    -2.15143
   scf:    6   -31021.949652   -31021.472296   -31021.492770  0.055932 -6.923939  7.903412
     spin moment: {S} , |S| = {        0.0        0.0   -2.18343 }    -2.18343
   scf:    7   -31022.678170   -31023.021097   -31023.040862  0.118440 -6.921539  0.859698
     spin moment: {S} , |S| = {        0.0        0.0   -2.17457 }    -2.17457
   scf:    8   -31023.057089   -31023.046253   -31023.065895  0.015204 -6.922017  0.394868
     spin moment: {S} , |S| = {        0.0        0.0   -2.16989 }    -2.16989
   scf:    9   -31023.049447   -31023.050207   -31023.069863  0.013508 -6.925653  0.135432
     spin moment: {S} , |S| = {        0.0        0.0   -2.16535 }    -2.16535
   scf:   10   -31023.028874   -31023.043144   -31023.063127  0.026042 -6.934385  0.574890
     spin moment: {S} , |S| = {        0.0        0.0   -2.16731 }    -2.16731
   scf:   11   -31023.052650   -31023.052252   -31023.072282  0.016074 -6.939788  0.061909
     spin moment: {S} , |S| = {        0.0        0.0   -2.16503 }    -2.16503
   scf:   12   -31023.052543   -31023.052430   -31023.072500  0.003679 -6.940109  0.034115
     spin moment: {S} , |S| = {        0.0        0.0   -2.16400 }    -2.16400
   scf:   13   -31023.052802   -31023.052612   -31023.072786  0.005861 -6.940831  0.032885
     spin moment: {S} , |S| = {        0.0        0.0   -2.16320 }    -2.16320
   scf:   14   -31023.053533   -31023.053010   -31023.073558  0.017840 -6.943059  0.020617
     spin moment: {S} , |S| = {        0.0        0.0   -2.16050 }    -2.16050
   scf:   15   -31023.053171   -31023.053085   -31023.073728  0.002016 -6.943613  0.023637
     spin moment: {S} , |S| = {        0.0        0.0   -2.15968 }    -2.15968
   scf:   16   -31023.053333   -31023.053191   -31023.074002  0.003160 -6.944738  0.021150
     spin moment: {S} , |S| = {        0.0        0.0   -2.15851 }    -2.15851
   scf:   17   -31023.053729   -31023.053328   -31023.074561  0.008326 -6.947276  0.018242
     spin moment: {S} , |S| = {        0.0        0.0   -2.15544 }    -2.15544
   scf:   18   -31023.053350   -31023.053332   -31023.074659  0.002233 -6.947834  0.022934
     spin moment: {S} , |S| = {        0.0        0.0   -2.15509 }    -2.15509
   scf:   19   -31023.053348   -31023.053327   -31023.074787  0.003160 -6.948650  0.013981
     spin moment: {S} , |S| = {        0.0        0.0   -2.15518 }    -2.15518
   scf:   20   -31023.053325   -31023.053310   -31023.074905  0.003457 -6.949233  0.013167
     spin moment: {S} , |S| = {        0.0        0.0   -2.15557 }    -2.15557
   scf:   21   -31023.053263   -31023.053257   -31023.075030  0.004889 -6.949947  0.011840
     spin moment: {S} , |S| = {        0.0        0.0   -2.15623 }    -2.15623
   scf:   22   -31023.053203   -31023.053221   -31023.075089  0.002828 -6.950192  0.010002
     spin moment: {S} , |S| = {        0.0        0.0   -2.15724 }    -2.15724
   scf:   23   -31023.053161   -31023.053182   -31023.075139  0.002803 -6.950322  0.008783
     spin moment: {S} , |S| = {        0.0        0.0   -2.15835 }    -2.15835
   scf:   24   -31023.053206   -31023.053194   -31023.075139  0.000448 -6.950159  0.011033
     spin moment: {S} , |S| = {        0.0        0.0   -2.15884 }    -2.15884

SCF Convergence by DM criterion
max |DM_out - DM_in|         :     0.0004483271
max |H_out - H_in|      (eV) :     0.0110333514
SCF cycle converged after 24 iterations

Using DM_out to compute the final energy and forces
No. of atoms with KB's overlaping orbs in proc 0. Max # of overlaps:     180     992

siesta: E_KS(eV) =           -31023.0532

siesta: Atomic forces (eV/Ang):
     1   -0.000000    0.099610   -0.000000
     2    0.000000    0.029935    0.000000
     3   -0.000000   -0.141263   -0.000000
     4    0.000000    0.774241    0.000000
     5   -0.000000   -0.767994   -0.000000
     6    0.000000    0.282591    0.000000
     7    0.000000    0.114564    0.000000
     8   -0.000000    0.110906    0.000000
     9   -0.000000    0.224314    0.000000
    10    0.000000   -0.742548    0.000000
----------------------------------------
   Tot   -0.000000   -0.015644    0.000000
----------------------------------------
   Max    0.774241
   Res    0.253444    sqrt( Sum f_i^2 / 3N )
----------------------------------------
   Max    0.774241    constrained

Stress tensor Voigt[x,y,z,yz,xz,xy] (kbar):       10.22        1.91       54.20        0.00       -0.00       -0.00
(Free)E + p*V (eV/cell)   -31024.6873
Target enthalpy (eV/cell)   -31023.0751

siesta: Stress tensor (static) (eV/Ang**3):
         0.006379   -0.000000   -0.000000
        -0.000000    0.001193    0.000000
        -0.000000    0.000000    0.033832

siesta: Pressure (static):        -22.11203849  kBar

siesta: Stress tensor (total) (eV/Ang**3):
         0.006379   -0.000000   -0.000000
        -0.000000    0.001193    0.000000
        -0.000000    0.000000    0.033832

siesta: Pressure (total):        -22.11203849  kBar

cgvc: Finished line minimization    1.  Mean atomic displacement =    0.1249

                     ====================================
                        Begin CG opt. move =      5
                     ====================================
k-point displ. along   1 input, could be:     0.00    0.50
k-point displ. along   2 input, could be:     0.00    0.50
k-point displ. along   3 input, could be:     0.00    0.50
 Kpoints in:           32 . Kpoints trimmed:           31

siesta: k-grid: Number of k-points = 31
siesta: k-points from Monkhorst-Pack grid
siesta: k-cutoff (effective) =     7.061 Ang
siesta: k-point supercell and displacements
siesta: k-grid:     6     0     0      0.000
siesta: k-grid:     0     2     0      0.000
siesta: k-grid:     0     0     4      0.000

superc: Internal auxiliary supercell:    13 x     3 x     9  =     351
superc: Number of atoms, orbitals, and projectors:   3510  85644  63180

outcell: Unit cell vectors (Ang):
        2.577179    0.000000    0.000000
        0.000000   12.775825   -0.000000
        0.000000   -0.000000    3.530624

outcell: Cell vector modules (Ang)   :    2.577179   12.775825    3.530624
outcell: Cell angles (23,13,12) (deg):     90.0000     90.0000     90.0000
outcell: Cell volume (Ang**3)        :    116.2479
<dSpData1D:S at geom step 5
  <sparsity:sparsity for geom step 5
    nrows_g=244 nrows=14 sparsity=1.3319 nnzs=79296, refcount: 7>
  <dData1D:(new from dSpData1D) n=79296, refcount: 1>
refcount: 1>
new_DM -- step:     6
Re-using DM from previous geometries...
Number of DMs in history: 1
 DM extrapolation coefficients: 
1   1.00000
New DM after history re-use:
<dSpData2D:SpM extrapolated using coords
  <sparsity:sparsity for geom step 5
    nrows_g=244 nrows=14 sparsity=1.3319 nnzs=79296, refcount: 9>
  <dData2D:(temp array for extrapolation) n=79296 m=2, refcount: 1>
refcount: 1>
No. of atoms with KB's overlaping orbs in proc 0. Max # of overlaps:     176     991

InitMesh: MESH = 30 x 144 x 40 = 172800
InitMesh: Mesh cutoff (required, used) =   300.000   351.115 Ry
New grid distribution [1]: sub = 2
New grid distribution [2]: sub = 2
New grid distribution [3]: sub = 2
Setting up quadratic distribution...

        iscf     Eharris(eV)        E_KS(eV)     FreeEng(eV)     dDmax    Ef(eV) dHmax(eV)
   scf:    1   -30879.207724   -30976.132336   -30976.157658  0.722024 -6.708440 40.191239
     spin moment: {S} , |S| = {        0.0        0.0   -2.14147 }    -2.14147
   scf:    2    64396.459130      347.547065      347.538386463.572958 -6.449266927.147932
     spin moment: {S} , |S| = {        0.0        0.0    0.03183 }     0.03183
   scf:    3   -35085.231532   -30873.719067   -30873.748513463.397788 -6.945736 72.026743
     spin moment: {S} , |S| = {        0.0        0.0   -1.99287 }    -1.99287
   scf:    4   -31051.318229   -30981.900985   -30981.927192  0.431681 -6.907650 36.976534
     spin moment: {S} , |S| = {        0.0        0.0   -1.96182 }    -1.96182
   scf:    5   -30988.376524   -30985.174914   -30985.201058  0.032392 -6.908360 35.625711
     spin moment: {S} , |S| = {        0.0        0.0   -1.97984 }    -1.97984
   scf:    6   -30996.493221   -30991.082707   -30991.108823  0.066193 -6.935593 30.934003
     spin moment: {S} , |S| = {        0.0        0.0   -2.03608 }    -2.03608
   scf:    7   -31026.986101   -31011.866307   -31011.892547  0.309289 -6.963674 19.510357
     spin moment: {S} , |S| = {        0.0        0.0   -2.14135 }    -2.14135
   scf:    8   -31025.916873   -31021.919537   -31021.942021  0.139531 -6.976968  6.924955
     spin moment: {S} , |S| = {        0.0        0.0   -2.18524 }    -2.18524
   scf:    9   -31021.833900   -31021.884118   -31021.906654  0.015249 -6.978083  6.751535
     spin moment: {S} , |S| = {        0.0        0.0   -2.19568 }    -2.19568
   scf:   10   -31023.304742   -31023.004442   -31023.025926  0.072025 -6.973120  3.008292
     spin moment: {S} , |S| = {        0.0        0.0   -2.12946 }    -2.12946
   scf:   11   -31023.290165   -31023.232385   -31023.253554  0.021111 -6.971751  0.524853
     spin moment: {S} , |S| = {        0.0        0.0   -2.13055 }    -2.13055
   scf:   12   -31023.224639   -31023.235954   -31023.257078  0.024300 -6.966779  0.531458
     spin moment: {S} , |S| = {        0.0        0.0   -2.13319 }    -2.13319
   scf:   13   -31023.242099   -31023.242088   -31023.263042  0.027061 -6.961516  0.254761
     spin moment: {S} , |S| = {        0.0        0.0   -2.12625 }    -2.12625
   scf:   14   -31023.244191   -31023.243273   -31023.264188  0.005670 -6.961169  0.139995
     spin moment: {S} , |S| = {        0.0        0.0   -2.12409 }    -2.12409
   scf:   15   -31023.244539   -31023.244017   -31023.264878  0.006637 -6.961084  0.054854
     spin moment: {S} , |S| = {        0.0        0.0   -2.12139 }    -2.12139
   scf:   16   -31023.245040   -31023.244533   -31023.265307  0.008286 -6.960648  0.043545
     spin moment: {S} , |S| = {        0.0        0.0   -2.11805 }    -2.11805
   scf:   17   -31023.245313   -31023.244920   -31023.265614  0.005086 -6.960545  0.036933
     spin moment: {S} , |S| = {        0.0        0.0   -2.11555 }    -2.11555
   scf:   18   -31023.246235   -31023.245548   -31023.266099  0.009391 -6.960421  0.024270
     spin moment: {S} , |S| = {        0.0        0.0   -2.11087 }    -2.11087
   scf:   19   -31023.246747   -31023.246112   -31023.266509  0.007696 -6.960364  0.021319
     spin moment: {S} , |S| = {        0.0        0.0   -2.10637 }    -2.10637
   scf:   20   -31023.246595   -31023.246346   -31023.266672  0.003485 -6.960191  0.018790
     spin moment: {S} , |S| = {        0.0        0.0   -2.10428 }    -2.10428
   scf:   21   -31023.246856   -31023.246591   -31023.266840  0.002988 -6.960006  0.018690
     spin moment: {S} , |S| = {        0.0        0.0   -2.10220 }    -2.10220
   scf:   22   -31023.247990   -31023.247198   -31023.267225  0.006538 -6.959014  0.016221
     spin moment: {S} , |S| = {        0.0        0.0   -2.09690 }    -2.09690
   scf:   23   -31023.247483   -31023.247332   -31023.267296  0.003127 -6.958700  0.011247
     spin moment: {S} , |S| = {        0.0        0.0   -2.09519 }    -2.09519
   scf:   24   -31023.247705   -31023.247499   -31023.267379  0.003197 -6.958100  0.010527
     spin moment: {S} , |S| = {        0.0        0.0   -2.09354 }    -2.09354
   scf:   25   -31023.247528   -31023.247514   -31023.267390  0.000911 -6.957953  0.009500
     spin moment: {S} , |S| = {        0.0        0.0   -2.09367 }    -2.09367
   scf:   26   -31023.247660   -31023.247582   -31023.267417  0.001959 -6.957737  0.009004
     spin moment: {S} , |S| = {        0.0        0.0   -2.09304 }    -2.09304
   scf:   27   -31023.247623   -31023.247602   -31023.267428  0.001115 -6.957667  0.004944
     spin moment: {S} , |S| = {        0.0        0.0   -2.09329 }    -2.09329
   scf:   28   -31023.247636   -31023.247617   -31023.267444  0.002517 -6.957595  0.002986
     spin moment: {S} , |S| = {        0.0        0.0   -2.09457 }    -2.09457
   scf:   29   -31023.247632   -31023.247624   -31023.267448  0.000639 -6.957536  0.003337
     spin moment: {S} , |S| = {        0.0        0.0   -2.09485 }    -2.09485
   scf:   30   -31023.247607   -31023.247616   -31023.267449  0.000215 -6.957528  0.002403
     spin moment: {S} , |S| = {        0.0        0.0   -2.09536 }    -2.09536

SCF Convergence by DM criterion
max |DM_out - DM_in|         :     0.0002147408
max |H_out - H_in|      (eV) :     0.0024034931
SCF cycle converged after 30 iterations

Using DM_out to compute the final energy and forces
No. of atoms with KB's overlaping orbs in proc 0. Max # of overlaps:     176     991

siesta: E_KS(eV) =           -31023.2476

siesta: Atomic forces (eV/Ang):
     1   -0.000000   -0.081805    0.000000
     2    0.000000    0.128532   -0.000001
     3    0.000000   -0.304503   -0.000001
     4   -0.000000   -0.043629    0.000002
     5    0.000000    0.087765    0.000000
     6    0.000000    0.194070    0.000001
     7    0.000000    0.213862    0.000000
     8    0.000000   -0.324789    0.000000
     9   -0.000000    0.271347   -0.000000
    10    0.000000   -0.150840    0.000000
----------------------------------------
   Tot    0.000000   -0.009991    0.000002
----------------------------------------
   Max    0.324789
   Res    0.117020    sqrt( Sum f_i^2 / 3N )
----------------------------------------
   Max    0.324789    constrained

Stress tensor Voigt[x,y,z,yz,xz,xy] (kbar):       11.31      -19.15       29.78       -0.00        0.00        0.00
(Free)E + p*V (eV/cell)   -31023.7981
Target enthalpy (eV/cell)   -31023.2674

siesta: Stress tensor (static) (eV/Ang**3):
         0.007056    0.000000    0.000000
         0.000000   -0.011951   -0.000000
         0.000000   -0.000000    0.018589

siesta: Pressure (static):         -7.31302390  kBar

siesta: Stress tensor (total) (eV/Ang**3):
         0.007056    0.000000    0.000000
         0.000000   -0.011951   -0.000000
         0.000000   -0.000000    0.018589

siesta: Pressure (total):         -7.31302390  kBar

                     ====================================
                        Begin CG opt. move =      6
                     ====================================
k-point displ. along   1 input, could be:     0.00    0.50
k-point displ. along   2 input, could be:     0.00    0.50
k-point displ. along   3 input, could be:     0.00    0.50
 Kpoints in:           32 . Kpoints trimmed:           31

siesta: k-grid: Number of k-points = 31
siesta: k-points from Monkhorst-Pack grid
siesta: k-cutoff (effective) =     6.961 Ang
siesta: k-point supercell and displacements
siesta: k-grid:     6     0     0      0.000
siesta: k-grid:     0     2     0      0.000
siesta: k-grid:     0     0     4      0.000

superc: Internal auxiliary supercell:    13 x     3 x     9  =     351
superc: Number of atoms, orbitals, and projectors:   3510  85644  63180

outcell: Unit cell vectors (Ang):
        2.588488    0.000000    0.000000
        0.000000   12.837965   -0.000000
        0.000000   -0.000000    3.480339

outcell: Cell vector modules (Ang)   :    2.588488   12.837965    3.480339
outcell: Cell angles (23,13,12) (deg):     90.0000     90.0000     90.0000
outcell: Cell volume (Ang**3)        :    115.6549
<dSpData1D:S at geom step 6
  <sparsity:sparsity for geom step 6
    nrows_g=244 nrows=14 sparsity=1.3305 nnzs=79211, refcount: 7>
  <dData1D:(new from dSpData1D) n=79211, refcount: 1>
refcount: 1>
new_DM -- step:     7
Re-using DM from previous geometries...
Number of DMs in history: 1
 DM extrapolation coefficients: 
1   1.00000
New DM after history re-use:
<dSpData2D:SpM extrapolated using coords
  <sparsity:sparsity for geom step 6
    nrows_g=244 nrows=14 sparsity=1.3305 nnzs=79211, refcount: 9>
  <dData2D:(temp array for extrapolation) n=79211 m=2, refcount: 1>
refcount: 1>
No. of atoms with KB's overlaping orbs in proc 0. Max # of overlaps:     172     986

InitMesh: MESH = 30 x 144 x 40 = 172800
InitMesh: Mesh cutoff (required, used) =   300.000   347.724 Ry
New grid distribution [1]: sub = 2
New grid distribution [2]: sub = 2
New grid distribution [3]: sub = 2
Setting up quadratic distribution...

        iscf     Eharris(eV)        E_KS(eV)     FreeEng(eV)     dDmax    Ef(eV) dHmax(eV)
   scf:    1   -30934.992737   -30994.904955   -30994.931670  0.757500 -6.736446 30.060748
     spin moment: {S} , |S| = {        0.0        0.0   -2.22680 }    -2.22680
   scf:    2    44465.743620    -6138.744328    -6138.749754208.583102 -6.576518830.726729
     spin moment: {S} , |S| = {        0.0        0.0    0.10961 }     0.10961
   scf:    3   -33221.027671   -30980.210094   -30980.235509208.504090 -6.905559 36.680614
     spin moment: {S} , |S| = {        0.0        0.0   -2.05323 }    -2.05323
   scf:    4   -31014.223662   -30998.531688   -30998.555613  0.215793 -6.910184 28.484062
     spin moment: {S} , |S| = {        0.0        0.0   -2.10663 }    -2.10663
   scf:    5   -31007.625643   -31003.398516   -31003.422293  0.080266 -6.912291 25.523847
     spin moment: {S} , |S| = {        0.0        0.0   -2.05246 }    -2.05246
   scf:    6   -31010.147397   -31006.968844   -31006.991939  0.041232 -6.930079 22.223300
     spin moment: {S} , |S| = {        0.0        0.0   -2.08899 }    -2.08899
   scf:    7   -31023.772199   -31016.387325   -31016.411236  0.091699 -6.949856 14.853616
     spin moment: {S} , |S| = {        0.0        0.0   -2.10060 }    -2.10060
   scf:    8   -31024.676966   -31021.362332   -31021.385949  0.066347 -6.960277  7.952863
     spin moment: {S} , |S| = {        0.0        0.0   -2.08264 }    -2.08264
   scf:    9   -31020.652207   -31021.025077   -31021.048832  0.016871 -6.958079  8.727235
     spin moment: {S} , |S| = {        0.0        0.0   -2.09110 }    -2.09110
   scf:   10   -31023.735896   -31023.099482   -31023.121654  0.087642 -6.974000  1.867054
     spin moment: {S} , |S| = {        0.0        0.0   -2.05223 }    -2.05223
   scf:   11   -31023.205208   -31023.184769   -31023.206710  0.016309 -6.973726  0.304152
     spin moment: {S} , |S| = {        0.0        0.0   -2.04733 }    -2.04733
   scf:   12   -31023.183904   -31023.186917   -31023.208581  0.017811 -6.971271  0.235269
     spin moment: {S} , |S| = {        0.0        0.0   -2.04453 }    -2.04453
   scf:   13   -31023.189561   -31023.188495   -31023.210204  0.003095 -6.970720  0.171502
     spin moment: {S} , |S| = {        0.0        0.0   -2.04364 }    -2.04364
   scf:   14   -31023.191940   -31023.190429   -31023.212034  0.018719 -6.968225  0.056672
     spin moment: {S} , |S| = {        0.0        0.0   -2.03705 }    -2.03705
   scf:   15   -31023.192043   -31023.191262   -31023.212762  0.013799 -6.966702  0.052728
     spin moment: {S} , |S| = {        0.0        0.0   -2.03198 }    -2.03198
   scf:   16   -31023.192290   -31023.191770   -31023.213165  0.006282 -6.966676  0.057687
     spin moment: {S} , |S| = {        0.0        0.0   -2.02797 }    -2.02797
   scf:   17   -31023.191788   -31023.191782   -31023.213174  0.000651 -6.966787  0.052407
     spin moment: {S} , |S| = {        0.0        0.0   -2.02774 }    -2.02774
   scf:   18   -31023.192603   -31023.192186   -31023.213490  0.004236 -6.966749  0.049346
     spin moment: {S} , |S| = {        0.0        0.0   -2.02426 }    -2.02426
   scf:   19   -31023.195102   -31023.193527   -31023.214491  0.016858 -6.965774  0.026915
     spin moment: {S} , |S| = {        0.0        0.0   -2.01085 }    -2.01085
   scf:   20   -31023.194380   -31023.193938   -31023.214774  0.004815 -6.965615  0.026550
     spin moment: {S} , |S| = {        0.0        0.0   -2.00600 }    -2.00600
   scf:   21   -31023.194667   -31023.194287   -31023.215004  0.003937 -6.965400  0.019937
     spin moment: {S} , |S| = {        0.0        0.0   -2.00155 }    -2.00155
   scf:   22   -31023.196448   -31023.195198   -31023.215530  0.011622 -6.963905  0.020282
     spin moment: {S} , |S| = {        0.0        0.0   -1.98870 }    -1.98870
   scf:   23   -31023.195633   -31023.195401   -31023.215622  0.003205 -6.963648  0.008622
     spin moment: {S} , |S| = {        0.0        0.0   -1.98463 }    -1.98463
   scf:   24   -31023.195663   -31023.195524   -31023.215667  0.002228 -6.963293  0.008715
     spin moment: {S} , |S| = {        0.0        0.0   -1.98232 }    -1.98232
   scf:   25   -31023.195793   -31023.195646   -31023.215698  0.002842 -6.962945  0.005357
     spin moment: {S} , |S| = {        0.0        0.0   -1.97944 }    -1.97944
   scf:   26   -31023.195633   -31023.195640   -31023.215706  0.001439 -6.962953  0.005245
     spin moment: {S} , |S| = {        0.0        0.0   -1.98043 }    -1.98043
   scf:   27   -31023.195680   -31023.195659   -31023.215713  0.000683 -6.962898  0.003431
     spin moment: {S} , |S| = {        0.0        0.0   -1.98015 }    -1.98015
   scf:   28   -31023.195651   -31023.195655   -31023.215716  0.000351 -6.962890  0.004163
     spin moment: {S} , |S| = {        0.0        0.0   -1.98059 }    -1.98059

SCF Convergence by DM criterion
max |DM_out - DM_in|         :     0.0003509498
max |H_out - H_in|      (eV) :     0.0041627304
SCF cycle converged after 28 iterations

Using DM_out to compute the final energy and forces
No. of atoms with KB's overlaping orbs in proc 0. Max # of overlaps:     172     986

siesta: E_KS(eV) =           -31023.1957

siesta: Atomic forces (eV/Ang):
     1    0.000000   -0.166194   -0.000000
     2    0.000000    0.279206    0.000000
     3    0.000000   -0.546522   -0.000000
     4   -0.000000   -1.055663    0.000001
     5   -0.000000    0.885600   -0.000000
     6   -0.000000    0.117853    0.000000
     7    0.000000    0.308660    0.000001
     8    0.000000   -0.722269    0.000000
     9    0.000000    0.374081   -0.000000
    10    0.000000    0.532283   -0.000001
----------------------------------------
   Tot    0.000000    0.007036    0.000002
----------------------------------------
   Max    1.055663
   Res    0.334518    sqrt( Sum f_i^2 / 3N )
----------------------------------------
   Max    1.055663    constrained

Stress tensor Voigt[x,y,z,yz,xz,xy] (kbar):        9.22      -62.17       -2.56        0.00       -0.00        0.00
(Free)E + p*V (eV/cell)   -31021.8800
Target enthalpy (eV/cell)   -31023.2157

siesta: Stress tensor (static) (eV/Ang**3):
         0.005754    0.000000   -0.000000
         0.000000   -0.038806   -0.000000
        -0.000000    0.000000   -0.001596

siesta: Pressure (static):         18.50416096  kBar

siesta: Stress tensor (total) (eV/Ang**3):
         0.005754    0.000000   -0.000000
         0.000000   -0.038806   -0.000000
        -0.000000    0.000000   -0.001596

siesta: Pressure (total):         18.50416096  kBar

                     ====================================
                        Begin CG opt. move =      7
                     ====================================
k-point displ. along   1 input, could be:     0.00    0.50
k-point displ. along   2 input, could be:     0.00    0.50
k-point displ. along   3 input, could be:     0.00    0.50
 Kpoints in:           32 . Kpoints trimmed:           31

siesta: k-grid: Number of k-points = 31
siesta: k-points from Monkhorst-Pack grid
siesta: k-cutoff (effective) =     7.032 Ang
siesta: k-point supercell and displacements
siesta: k-grid:     6     0     0      0.000
siesta: k-grid:     0     2     0      0.000
siesta: k-grid:     0     0     4      0.000

superc: Internal auxiliary supercell:    13 x     3 x     9  =     351
superc: Number of atoms, orbitals, and projectors:   3510  85644  63180

outcell: Unit cell vectors (Ang):
        2.580479    0.000000    0.000000
        0.000000   12.793956   -0.000000
        0.000000   -0.000000    3.515952

outcell: Cell vector modules (Ang)   :    2.580479   12.793956    3.515952
outcell: Cell angles (23,13,12) (deg):     90.0000     90.0000     90.0000
outcell: Cell volume (Ang**3)        :    116.0775
<dSpData1D:S at geom step 7
  <sparsity:sparsity for geom step 7
    nrows_g=244 nrows=14 sparsity=1.3378 nnzs=79645, refcount: 7>
  <dData1D:(new from dSpData1D) n=79645, refcount: 1>
refcount: 1>
new_DM -- step:     8
Re-using DM from previous geometries...
Number of DMs in history: 1
 DM extrapolation coefficients: 
1   1.00000
New DM after history re-use:
<dSpData2D:SpM extrapolated using coords
  <sparsity:sparsity for geom step 7
    nrows_g=244 nrows=14 sparsity=1.3378 nnzs=79645, refcount: 9>
  <dData2D:(temp array for extrapolation) n=79645 m=2, refcount: 1>
refcount: 1>
No. of atoms with KB's overlaping orbs in proc 0. Max # of overlaps:     176     991

InitMesh: MESH = 30 x 144 x 40 = 172800
InitMesh: Mesh cutoff (required, used) =   300.000   350.120 Ry
New grid distribution [1]: sub = 2
New grid distribution [2]: sub = 2
New grid distribution [3]: sub = 2
Setting up quadratic distribution...

        iscf     Eharris(eV)        E_KS(eV)     FreeEng(eV)     dDmax    Ef(eV) dHmax(eV)
   scf:    1   -30998.956221   -31014.629851   -31014.652321  0.515554 -7.112888 14.992699
     spin moment: {S} , |S| = {        0.0        0.0   -2.26129 }    -2.26129
   scf:    2     5229.615333   -19056.515892   -19056.523126245.694829 -2.037074643.502305
     spin moment: {S} , |S| = {        0.0        0.0    1.68426 }     1.68426
   scf:    3   -31416.928818   -31021.796278   -31021.815516245.666005 -6.994149  7.311731
     spin moment: {S} , |S| = {        0.0        0.0   -2.01457 }    -2.01457
   scf:    4   -31022.728029   -31022.794716   -31022.814014  0.075248 -6.990755  4.291582
     spin moment: {S} , |S| = {        0.0        0.0   -1.99878 }    -1.99878
   scf:    5   -31022.511559   -31023.035788   -31023.054279  0.082681 -6.985746  2.587052
     spin moment: {S} , |S| = {        0.0        0.0   -2.08381 }    -2.08381
   scf:    6   -31023.001266   -31023.189618   -31023.209442  0.091017 -6.957221  1.636876
     spin moment: {S} , |S| = {        0.0        0.0   -2.06016 }    -2.06016
   scf:    7   -31023.225298   -31023.249940   -31023.269439  0.041428 -6.948671  0.409857
     spin moment: {S} , |S| = {        0.0        0.0   -2.06716 }    -2.06716
   scf:    8   -31023.253374   -31023.254386   -31023.273918  0.005387 -6.949709  0.122031
     spin moment: {S} , |S| = {        0.0        0.0   -2.06678 }    -2.06678
   scf:    9   -31023.255687   -31023.255429   -31023.274920  0.004329 -6.950720  0.103697
     spin moment: {S} , |S| = {        0.0        0.0   -2.06962 }    -2.06962
   scf:   10   -31023.257993   -31023.256858   -31023.276352  0.010101 -6.953700  0.079614
     spin moment: {S} , |S| = {        0.0        0.0   -2.07375 }    -2.07375
   scf:   11   -31023.257740   -31023.257389   -31023.276895  0.004599 -6.955190  0.046476
     spin moment: {S} , |S| = {        0.0        0.0   -2.07601 }    -2.07601
   scf:   12   -31023.257864   -31023.257624   -31023.277140  0.001996 -6.955559  0.039481
     spin moment: {S} , |S| = {        0.0        0.0   -2.07845 }    -2.07845
   scf:   13   -31023.258674   -31023.258117   -31023.277673  0.006516 -6.956089  0.025589
     spin moment: {S} , |S| = {        0.0        0.0   -2.08548 }    -2.08548
   scf:   14   -31023.258368   -31023.258239   -31023.277807  0.001916 -6.956429  0.020358
     spin moment: {S} , |S| = {        0.0        0.0   -2.08760 }    -2.08760
   scf:   15   -31023.258623   -31023.258417   -31023.278009  0.003465 -6.956818  0.020638
     spin moment: {S} , |S| = {        0.0        0.0   -2.09115 }    -2.09115
   scf:   16   -31023.258802   -31023.258590   -31023.278210  0.004214 -6.957342  0.018074
     spin moment: {S} , |S| = {        0.0        0.0   -2.09504 }    -2.09504
   scf:   17   -31023.259042   -31023.258766   -31023.278437  0.006437 -6.958153  0.014946
     spin moment: {S} , |S| = {        0.0        0.0   -2.10095 }    -2.10095
   scf:   18   -31023.258806   -31023.258786   -31023.278465  0.001070 -6.958357  0.008958
     spin moment: {S} , |S| = {        0.0        0.0   -2.10185 }    -2.10185
   scf:   19   -31023.258846   -31023.258810   -31023.278513  0.002313 -6.958581  0.009318
     spin moment: {S} , |S| = {        0.0        0.0   -2.10363 }    -2.10363
   scf:   20   -31023.258841   -31023.258822   -31023.278540  0.001898 -6.958730  0.006881
     spin moment: {S} , |S| = {        0.0        0.0   -2.10468 }    -2.10468
   scf:   21   -31023.258837   -31023.258824   -31023.278568  0.002826 -6.958808  0.003966
     spin moment: {S} , |S| = {        0.0        0.0   -2.10561 }    -2.10561
   scf:   22   -31023.258820   -31023.258821   -31023.278573  0.000601 -6.958802  0.003871
     spin moment: {S} , |S| = {        0.0        0.0   -2.10564 }    -2.10564
   scf:   23   -31023.258815   -31023.258818   -31023.278579  0.000510 -6.958721  0.002848
     spin moment: {S} , |S| = {        0.0        0.0   -2.10521 }    -2.10521
   scf:   24   -31023.258807   -31023.258811   -31023.278584  0.000542 -6.958661  0.002594
     spin moment: {S} , |S| = {        0.0        0.0   -2.10481 }    -2.10481
   scf:   25   -31023.258804   -31023.258808   -31023.278587  0.000324 -6.958652  0.002199
     spin moment: {S} , |S| = {        0.0        0.0   -2.10470 }    -2.10470

SCF Convergence by DM criterion
max |DM_out - DM_in|         :     0.0003238139
max |H_out - H_in|      (eV) :     0.0021993698
SCF cycle converged after 25 iterations

Using DM_out to compute the final energy and forces
No. of atoms with KB's overlaping orbs in proc 0. Max # of overlaps:     176     991

siesta: E_KS(eV) =           -31023.2588

siesta: Atomic forces (eV/Ang):
     1    0.000000   -0.107515   -0.000000
     2   -0.000000    0.183352    0.000000
     3   -0.000000   -0.370355   -0.000001
     4    0.000000   -0.333842    0.000001
     5    0.000000    0.317718   -0.000001
     6   -0.000000    0.166644    0.000001
     7    0.000000    0.257456   -0.000001
     8    0.000000   -0.441024    0.000001
     9   -0.000000    0.289718    0.000000
    10   -0.000000    0.038671    0.000001
----------------------------------------
   Tot   -0.000000    0.000823    0.000001
----------------------------------------
   Max    0.441024
   Res    0.160075    sqrt( Sum f_i^2 / 3N )
----------------------------------------
   Max    0.441024    constrained

Stress tensor Voigt[x,y,z,yz,xz,xy] (kbar):       11.76      -28.29       20.99        0.00        0.00        0.00
(Free)E + p*V (eV/cell)   -31023.3864
Target enthalpy (eV/cell)   -31023.2786

siesta: Stress tensor (static) (eV/Ang**3):
         0.007343    0.000000    0.000000
         0.000000   -0.017659    0.000000
         0.000000    0.000000    0.013104

siesta: Pressure (static):         -1.48864434  kBar

siesta: Stress tensor (total) (eV/Ang**3):
         0.007343    0.000000    0.000000
         0.000000   -0.017659    0.000000
         0.000000    0.000000    0.013104

siesta: Pressure (total):         -1.48864434  kBar

cgvc: Finished line minimization    2.  Mean atomic displacement =    0.1443

                     ====================================
                        Begin CG opt. move =      8
                     ====================================
k-point displ. along   1 input, could be:     0.00    0.50
k-point displ. along   2 input, could be:     0.00    0.50
k-point displ. along   3 input, could be:     0.00    0.50
 Kpoints in:           32 . Kpoints trimmed:           31

siesta: k-grid: Number of k-points = 31
siesta: k-points from Monkhorst-Pack grid
siesta: k-cutoff (effective) =     6.883 Ang
siesta: k-point supercell and displacements
siesta: k-grid:     6     0     0      0.000
siesta: k-grid:     0     2     0      0.000
siesta: k-grid:     0     0     4      0.000

superc: Internal auxiliary supercell:    13 x     3 x     9  =     351
superc: Number of atoms, orbitals, and projectors:   3510  85644  63180

outcell: Unit cell vectors (Ang):
        2.573303   -0.000000   -0.000000
       -0.000000   13.022003   -0.000000
       -0.000000   -0.000000    3.441444

outcell: Cell vector modules (Ang)   :    2.573303   13.022003    3.441444
outcell: Cell angles (23,13,12) (deg):     90.0000     90.0000     90.0000
outcell: Cell volume (Ang**3)        :    115.3213
<dSpData1D:S at geom step 8
  <sparsity:sparsity for geom step 8
    nrows_g=244 nrows=14 sparsity=1.3362 nnzs=79554, refcount: 7>
  <dData1D:(new from dSpData1D) n=79554, refcount: 1>
refcount: 1>
new_DM -- step:     9
Re-using DM from previous geometries...
Number of DMs in history: 1
 DM extrapolation coefficients: 
1   1.00000
New DM after history re-use:
<dSpData2D:SpM extrapolated using coords
  <sparsity:sparsity for geom step 8
    nrows_g=244 nrows=14 sparsity=1.3362 nnzs=79554, refcount: 9>
  <dData2D:(temp array for extrapolation) n=79554 m=2, refcount: 1>
refcount: 1>
No. of atoms with KB's overlaping orbs in proc 0. Max # of overlaps:     172     966

InitMesh: MESH = 30 x 144 x 36 = 155520
InitMesh: Mesh cutoff (required, used) =   300.000   302.431 Ry
New grid distribution [1]: sub = 2
New grid distribution [2]: sub = 2
New grid distribution [3]: sub = 2
Setting up quadratic distribution...

        iscf     Eharris(eV)        E_KS(eV)     FreeEng(eV)     dDmax    Ef(eV) dHmax(eV)
   scf:    1   -30572.231445   -30875.085935   -30875.118831  1.020298 -6.446172 65.936828
     spin moment: {S} , |S| = {        0.0        0.0   -1.70240 }    -1.70240
   scf:    2   108701.917327    14496.678439    14496.665888**********-17.413613**********
     spin moment: {S} , |S| = {        0.0        0.0   -0.94759 }    -0.94759
   scf:    3   -41869.874426   -30043.322717   -30043.346449********** -7.129909177.419171
     spin moment: {S} , |S| = {        0.0        0.0   -0.26952 }    -0.26952
   scf:    4   -31332.598499   -30858.686084   -30858.714901  1.028030 -6.989182 68.736732
     spin moment: {S} , |S| = {        0.0        0.0   -1.63738 }    -1.63738
   scf:    5   -30777.005586   -30821.152965   -30821.183996  0.165035 -7.065914 80.731283
     spin moment: {S} , |S| = {        0.0        0.0   -1.77553 }    -1.77553
   scf:    6   -30717.869673   -30770.904040   -30770.939111  0.131796 -7.066137 90.854354
     spin moment: {S} , |S| = {        0.0        0.0   -1.71853 }    -1.71853
   scf:    7   -31087.125803   -30961.431039   -30961.458400  0.535468 -7.077908 48.418725
     spin moment: {S} , |S| = {        0.0        0.0   -2.04465 }    -2.04465
   scf:    8   -31035.592805   -31014.713523   -31014.735848  0.474622 -7.062973 17.265231
     spin moment: {S} , |S| = {        0.0        0.0   -2.30604 }    -2.30604
   scf:    9   -31019.779963   -31017.378764   -31017.399059  0.038337 -7.053205 14.206855
     spin moment: {S} , |S| = {        0.0        0.0   -2.27396 }    -2.27396
   scf:   10   -31022.206252   -31020.030978   -31020.050101  0.050644 -7.030539 10.719793
     spin moment: {S} , |S| = {        0.0        0.0   -2.20618 }    -2.20618
   scf:   11   -31024.128903   -31022.504334   -31022.522652  0.077597 -7.001043  5.595720
     spin moment: {S} , |S| = {        0.0        0.0   -2.15043 }    -2.15043
   scf:   12   -31023.520463   -31023.132582   -31023.150973  0.040157 -6.983463  2.458800
     spin moment: {S} , |S| = {        0.0        0.0   -2.12934 }    -2.12934
   scf:   13   -31023.335678   -31023.274792   -31023.293558  0.027299 -6.971218  0.724872
     spin moment: {S} , |S| = {        0.0        0.0   -2.12040 }    -2.12040
   scf:   14   -31023.272549   -31023.286117   -31023.305168  0.032265 -6.957529  0.413683
     spin moment: {S} , |S| = {        0.0        0.0   -2.11703 }    -2.11703
   scf:   15   -31023.287642   -31023.286923   -31023.305989  0.000532 -6.957456  0.352219
     spin moment: {S} , |S| = {        0.0        0.0   -2.11677 }    -2.11677
   scf:   16   -31023.293164   -31023.291764   -31023.310869  0.011880 -6.955711  0.042306
     spin moment: {S} , |S| = {        0.0        0.0   -2.11730 }    -2.11730
   scf:   17   -31023.292327   -31023.292048   -31023.311162  0.002417 -6.955976  0.044499
     spin moment: {S} , |S| = {        0.0        0.0   -2.11742 }    -2.11742
   scf:   18   -31023.293408   -31023.292706   -31023.311825  0.005944 -6.956714  0.039693
     spin moment: {S} , |S| = {        0.0        0.0   -2.11805 }    -2.11805
   scf:   19   -31023.293760   -31023.293214   -31023.312325  0.004971 -6.957368  0.031230
     spin moment: {S} , |S| = {        0.0        0.0   -2.11882 }    -2.11882
   scf:   20   -31023.293938   -31023.293566   -31023.312675  0.003833 -6.957532  0.036840
     spin moment: {S} , |S| = {        0.0        0.0   -2.11958 }    -2.11958
   scf:   21   -31023.294367   -31023.293949   -31023.313049  0.003885 -6.957667  0.037784
     spin moment: {S} , |S| = {        0.0        0.0   -2.12051 }    -2.12051
   scf:   22   -31023.294844   -31023.294373   -31023.313463  0.004336 -6.957669  0.040036
     spin moment: {S} , |S| = {        0.0        0.0   -2.12178 }    -2.12178
   scf:   23   -31023.296338   -31023.295246   -31023.314318  0.008960 -6.957814  0.032903
     spin moment: {S} , |S| = {        0.0        0.0   -2.12476 }    -2.12476
   scf:   24   -31023.296457   -31023.295802   -31023.314866  0.006102 -6.958005  0.032663
     spin moment: {S} , |S| = {        0.0        0.0   -2.12699 }    -2.12699
   scf:   25   -31023.297302   -31023.296475   -31023.315533  0.007171 -6.958336  0.027514
     spin moment: {S} , |S| = {        0.0        0.0   -2.13017 }    -2.13017
   scf:   26   -31023.297108   -31023.296776   -31023.315834  0.003235 -6.958427  0.027257
     spin moment: {S} , |S| = {        0.0        0.0   -2.13181 }    -2.13181
   scf:   27   -31023.297593   -31023.297157   -31023.316218  0.004101 -6.958409  0.025484
     spin moment: {S} , |S| = {        0.0        0.0   -2.13405 }    -2.13405
   scf:   28   -31023.298192   -31023.297631   -31023.316702  0.004844 -6.958267  0.026237
     spin moment: {S} , |S| = {        0.0        0.0   -2.13740 }    -2.13740
   scf:   29   -31023.298394   -31023.297987   -31023.317067  0.003827 -6.958242  0.026344
     spin moment: {S} , |S| = {        0.0        0.0   -2.13998 }    -2.13998
   scf:   30   -31023.300800   -31023.299116   -31023.318249  0.014452 -6.958130  0.027488
     spin moment: {S} , |S| = {        0.0        0.0   -2.14826 }    -2.14826
   scf:   31   -31023.299903   -31023.299480   -31023.318632  0.004679 -6.958097  0.025320
     spin moment: {S} , |S| = {        0.0        0.0   -2.15137 }    -2.15137
   scf:   32   -31023.302062   -31023.300517   -31023.319748  0.014277 -6.957784  0.030410
     spin moment: {S} , |S| = {        0.0        0.0   -2.16127 }    -2.16127
   scf:   33   -31023.302845   -31023.301459   -31023.320775  0.013766 -6.957589  0.029387
     spin moment: {S} , |S| = {        0.0        0.0   -2.17104 }    -2.17104
   scf:   34   -31023.302546   -31023.301942   -31023.321307  0.007627 -6.957497  0.031630
     spin moment: {S} , |S| = {        0.0        0.0   -2.17655 }    -2.17655
   scf:   35   -31023.301083   -31023.301452   -31023.320767  0.007589 -6.957606  0.032486
     spin moment: {S} , |S| = {        0.0        0.0   -2.17055 }    -2.17055
   scf:   36   -31023.301738   -31023.301590   -31023.320919  0.002085 -6.957565  0.032909
     spin moment: {S} , |S| = {        0.0        0.0   -2.17221 }    -2.17221
   scf:   37   -31023.301661   -31023.301625   -31023.320958  0.000538 -6.957534  0.032926
     spin moment: {S} , |S| = {        0.0        0.0   -2.17278 }    -2.17278
   scf:   38   -31023.301394   -31023.301505   -31023.320829  0.001992 -6.957510  0.032428
     spin moment: {S} , |S| = {        0.0        0.0   -2.17199 }    -2.17199
   scf:   39   -31023.301189   -31023.301339   -31023.320652  0.002654 -6.957449  0.032091
     spin moment: {S} , |S| = {        0.0        0.0   -2.17128 }    -2.17128
   scf:   40   -31023.301691   -31023.301507   -31023.320842  0.002568 -6.957367  0.031631
     spin moment: {S} , |S| = {        0.0        0.0   -2.17376 }    -2.17376
   scf:   41   -31023.300974   -31023.301220   -31023.320534  0.004183 -6.957375  0.030822
     spin moment: {S} , |S| = {        0.0        0.0   -2.17156 }    -2.17156
   scf:   42   -31023.303000   -31023.301965   -31023.321370  0.011999 -6.957109  0.026154
     spin moment: {S} , |S| = {        0.0        0.0   -2.18239 }    -2.18239
   scf:   43   -31023.302292   -31023.302122   -31023.321536  0.002585 -6.957133  0.032114
     spin moment: {S} , |S| = {        0.0        0.0   -2.18295 }    -2.18295
   scf:   44   -31023.302364   -31023.302240   -31023.321664  0.001630 -6.957095  0.031993
     spin moment: {S} , |S| = {        0.0        0.0   -2.18426 }    -2.18426
   scf:   45   -31023.302237   -31023.302238   -31023.321662  0.000098 -6.957096  0.032011
     spin moment: {S} , |S| = {        0.0        0.0   -2.18424 }    -2.18424

SCF Convergence by DM criterion
max |DM_out - DM_in|         :     0.0000981926
max |H_out - H_in|      (eV) :     0.0320113541
SCF cycle converged after 45 iterations

Using DM_out to compute the final energy and forces
No. of atoms with KB's overlaping orbs in proc 0. Max # of overlaps:     172     966

siesta: E_KS(eV) =           -31023.3022

siesta: Atomic forces (eV/Ang):
     1   -0.000000   -0.068914    0.000002
     2   -0.000000    0.018035    0.000001
     3   -0.000000    0.901145    0.000003
     4    0.000000    0.250324   -0.000001
     5   -0.000002   -0.330044    0.000003
     6    0.000001   -0.194280   -0.000002
     7   -0.000000   -0.208611    0.000002
     8   -0.000001    0.111272   -0.000005
     9   -0.000000   -0.717545   -0.000000
    10    0.000001    0.262132   -0.000002
----------------------------------------
   Tot   -0.000001    0.023515    0.000000
----------------------------------------
   Max    0.901145
   Res    0.235652    sqrt( Sum f_i^2 / 3N )
----------------------------------------
   Max    0.901145    constrained

Stress tensor Voigt[x,y,z,yz,xz,xy] (kbar):      -19.00      -48.65      -20.13       -0.00       -0.00       -0.00
(Free)E + p*V (eV/cell)   -31021.2153
Target enthalpy (eV/cell)   -31023.3217

siesta: Stress tensor (static) (eV/Ang**3):
        -0.011862    0.000000   -0.000000
        -0.000000   -0.030367   -0.000000
        -0.000000   -0.000000   -0.012566

siesta: Pressure (static):         29.26336455  kBar

siesta: Stress tensor (total) (eV/Ang**3):
        -0.011862    0.000000   -0.000000
        -0.000000   -0.030367   -0.000000
        -0.000000   -0.000000   -0.012566

siesta: Pressure (total):         29.26336455  kBar

                     ====================================
                        Begin CG opt. move =      9
                     ====================================
k-point displ. along   1 input, could be:     0.00    0.50
k-point displ. along   2 input, could be:     0.00    0.50
k-point displ. along   3 input, could be:     0.00    0.50
 Kpoints in:           32 . Kpoints trimmed:           31

siesta: k-grid: Number of k-points = 31
siesta: k-points from Monkhorst-Pack grid
siesta: k-cutoff (effective) =     6.945 Ang
siesta: k-point supercell and displacements
siesta: k-grid:     6     0     0      0.000
siesta: k-grid:     0     2     0      0.000
siesta: k-grid:     0     0     4      0.000

superc: Internal auxiliary supercell:    13 x     3 x     9  =     351
superc: Number of atoms, orbitals, and projectors:   3510  85644  63180

outcell: Unit cell vectors (Ang):
        2.576298   -0.000000   -0.000000
       -0.000000   12.926826   -0.000000
       -0.000000   -0.000000    3.472540

outcell: Cell vector modules (Ang)   :    2.576298   12.926826    3.472540
outcell: Cell angles (23,13,12) (deg):     90.0000     90.0000     90.0000
outcell: Cell volume (Ang**3)        :    115.6472
<dSpData1D:S at geom step 9
  <sparsity:sparsity for geom step 9
    nrows_g=244 nrows=14 sparsity=1.3414 nnzs=79864, refcount: 7>
  <dData1D:(new from dSpData1D) n=79864, refcount: 1>
refcount: 1>
new_DM -- step:    10
Re-using DM from previous geometries...
Number of DMs in history: 1
 DM extrapolation coefficients: 
1   1.00000
New DM after history re-use:
<dSpData2D:SpM extrapolated using coords
  <sparsity:sparsity for geom step 9
    nrows_g=244 nrows=14 sparsity=1.3414 nnzs=79864, refcount: 9>
  <dData2D:(temp array for extrapolation) n=79864 m=2, refcount: 1>
refcount: 1>
No. of atoms with KB's overlaping orbs in proc 0. Max # of overlaps:     176     989

InitMesh: MESH = 30 x 144 x 40 = 172800
InitMesh: Mesh cutoff (required, used) =   300.000   342.960 Ry
New grid distribution [1]: sub = 2
New grid distribution [2]: sub = 2
New grid distribution [3]: sub = 2
Setting up quadratic distribution...

        iscf     Eharris(eV)        E_KS(eV)     FreeEng(eV)     dDmax    Ef(eV) dHmax(eV)
   scf:    1   -30939.377019   -30995.067590   -30995.094501  0.361915 -7.128900 27.433630
     spin moment: {S} , |S| = {        0.0        0.0   -2.53910 }    -2.53910
   scf:    2    21364.578004   -13871.180143   -13871.189706571.484308 -4.709412750.585612
     spin moment: {S} , |S| = {        0.0        0.0    1.45080 }     1.45080
   scf:    3   -33128.901106   -30956.678241   -30956.701151571.068176 -6.894332 50.036079
     spin moment: {S} , |S| = {        0.0        0.0   -1.96437 }    -1.96437
   scf:    4   -31005.001020   -30982.563401   -30982.585823  0.134605 -6.919319 38.152338
     spin moment: {S} , |S| = {        0.0        0.0   -1.97713 }    -1.97713
   scf:    5   -31004.980091   -30994.311897   -30994.334476  0.072225 -6.930817 32.198305
     spin moment: {S} , |S| = {        0.0        0.0   -1.95771 }    -1.95771
   scf:    6   -31026.267851   -31012.492235   -31012.514949  0.141606 -6.947690 20.483155
     spin moment: {S} , |S| = {        0.0        0.0   -2.09132 }    -2.09132
   scf:    7   -31025.768817   -31020.342341   -31020.364500  0.097564 -6.943067 10.649790
     spin moment: {S} , |S| = {        0.0        0.0   -2.19061 }    -2.19061
   scf:    8   -31023.544866   -31022.146848   -31022.168644  0.046877 -6.944605  6.734696
     spin moment: {S} , |S| = {        0.0        0.0   -2.21640 }    -2.21640
   scf:    9   -31023.719504   -31023.188212   -31023.209258  0.065463 -6.952618  2.281714
     spin moment: {S} , |S| = {        0.0        0.0   -2.23248 }    -2.23248
   scf:   10   -31023.290952   -31023.323196   -31023.343766  0.046573 -6.956234  0.354410
     spin moment: {S} , |S| = {        0.0        0.0   -2.23815 }    -2.23815
   scf:   11   -31023.325437   -31023.325873   -31023.346443  0.011527 -6.955959  0.095396
     spin moment: {S} , |S| = {        0.0        0.0   -2.24055 }    -2.24055
   scf:   12   -31023.326699   -31023.326330   -31023.346884  0.004984 -6.956263  0.137795
     spin moment: {S} , |S| = {        0.0        0.0   -2.24412 }    -2.24412
   scf:   13   -31023.327785   -31023.327106   -31023.347663  0.006575 -6.956791  0.091010
     spin moment: {S} , |S| = {        0.0        0.0   -2.24996 }    -2.24996
   scf:   14   -31023.327761   -31023.327444   -31023.348008  0.004054 -6.957232  0.079382
     spin moment: {S} , |S| = {        0.0        0.0   -2.25457 }    -2.25457
   scf:   15   -31023.328025   -31023.327760   -31023.348342  0.005117 -6.957550  0.036392
     spin moment: {S} , |S| = {        0.0        0.0   -2.25986 }    -2.25986
   scf:   16   -31023.328312   -31023.328025   -31023.348626  0.005628 -6.957540  0.034222
     spin moment: {S} , |S| = {        0.0        0.0   -2.26586 }    -2.26586
   scf:   17   -31023.328681   -31023.328334   -31023.348960  0.006439 -6.957395  0.034137
     spin moment: {S} , |S| = {        0.0        0.0   -2.27307 }    -2.27307
   scf:   18   -31023.328908   -31023.328605   -31023.349258  0.005898 -6.957187  0.038995
     spin moment: {S} , |S| = {        0.0        0.0   -2.27948 }    -2.27948
   scf:   19   -31023.328651   -31023.328628   -31023.349283  0.000503 -6.957174  0.039253
     spin moment: {S} , |S| = {        0.0        0.0   -2.28001 }    -2.28001
   scf:   20   -31023.328655   -31023.328642   -31023.349298  0.000297 -6.957169  0.039187
     spin moment: {S} , |S| = {        0.0        0.0   -2.28033 }    -2.28033

SCF Convergence by DM criterion
max |DM_out - DM_in|         :     0.0002965301
max |H_out - H_in|      (eV) :     0.0391867184
SCF cycle converged after 20 iterations

Using DM_out to compute the final energy and forces
No. of atoms with KB's overlaping orbs in proc 0. Max # of overlaps:     176     989

siesta: E_KS(eV) =           -31023.3286

siesta: Atomic forces (eV/Ang):
     1    0.000000   -0.074197    0.000001
     2   -0.000000    0.087986   -0.000001
     3   -0.000000    0.322302    0.000001
     4   -0.000001   -0.024988   -0.000001
     5   -0.000000   -0.059093    0.000001
     6    0.000000   -0.059885    0.000001
     7   -0.000001    0.080333    0.000002
     8    0.000000   -0.158479   -0.000003
     9   -0.000000   -0.273709    0.000000
    10   -0.000001    0.147234   -0.000002
----------------------------------------
   Tot   -0.000002   -0.012496    0.000000
----------------------------------------
   Max    0.322302
   Res    0.091832    sqrt( Sum f_i^2 / 3N )
----------------------------------------
   Max    0.322302    constrained

Stress tensor Voigt[x,y,z,yz,xz,xy] (kbar):       -2.99      -34.99       -3.38       -0.00        0.00       -0.00
(Free)E + p*V (eV/cell)   -31022.3539
Target enthalpy (eV/cell)   -31023.3493

siesta: Stress tensor (static) (eV/Ang**3):
        -0.001869   -0.000000    0.000000
        -0.000000   -0.021842   -0.000000
         0.000000   -0.000000   -0.002111

siesta: Pressure (static):         13.79015316  kBar

siesta: Stress tensor (total) (eV/Ang**3):
        -0.001869   -0.000000    0.000000
        -0.000000   -0.021842   -0.000000
         0.000000   -0.000000   -0.002111

siesta: Pressure (total):         13.79015316  kBar

cgvc: Finished line minimization    3.  Mean atomic displacement =    0.0830

                     ====================================
                        Begin CG opt. move =     10
                     ====================================
k-point displ. along   1 input, could be:     0.00    0.50
k-point displ. along   2 input, could be:     0.00    0.50
k-point displ. along   3 input, could be:     0.00    0.50
 Kpoints in:           32 . Kpoints trimmed:           31

siesta: k-grid: Number of k-points = 31
siesta: k-points from Monkhorst-Pack grid
siesta: k-cutoff (effective) =     6.905 Ang
siesta: k-point supercell and displacements
siesta: k-grid:     6     0     0      0.000
siesta: k-grid:     0     2     0      0.000
siesta: k-grid:     0     0     4      0.000

superc: Internal auxiliary supercell:    13 x     3 x     9  =     351
superc: Number of atoms, orbitals, and projectors:   3510  85644  63180

outcell: Unit cell vectors (Ang):
        2.577058    0.000000   -0.000000
        0.000000   13.190252    0.000000
       -0.000000    0.000000    3.452420

outcell: Cell vector modules (Ang)   :    2.577058   13.190252    3.452420
outcell: Cell angles (23,13,12) (deg):     90.0000     90.0000     90.0000
outcell: Cell volume (Ang**3)        :    117.3548
<dSpData1D:S at geom step 10
  <sparsity:sparsity for geom step 10
    nrows_g=244 nrows=14 sparsity=1.3190 nnzs=78530, refcount: 7>
  <dData1D:(new from dSpData1D) n=78530, refcount: 1>
refcount: 1>
new_DM -- step:    11
Re-using DM from previous geometries...
Number of DMs in history: 1
 DM extrapolation coefficients: 
1   1.00000
New DM after history re-use:
<dSpData2D:SpM extrapolated using coords
  <sparsity:sparsity for geom step 10
    nrows_g=244 nrows=14 sparsity=1.3190 nnzs=78530, refcount: 9>
  <dData2D:(temp array for extrapolation) n=78530 m=2, refcount: 1>
refcount: 1>
No. of atoms with KB's overlaping orbs in proc 0. Max # of overlaps:     172     957

InitMesh: MESH = 30 x 144 x 36 = 155520
InitMesh: Mesh cutoff (required, used) =   300.000   300.511 Ry
New grid distribution [1]: sub = 2
New grid distribution [2]: sub = 2
New grid distribution [3]: sub = 2
Setting up quadratic distribution...

        iscf     Eharris(eV)        E_KS(eV)     FreeEng(eV)     dDmax    Ef(eV) dHmax(eV)
   scf:    1   -30685.004611   -30910.994496   -30911.023459  1.026585 -6.548376 61.610041
     spin moment: {S} , |S| = {        0.0        0.0   -1.95018 }    -1.95018
   scf:    2    92626.464602     9303.562565     9303.554016**********-12.804659**********
     spin moment: {S} , |S| = {        0.0        0.0    0.23827 }     0.23827
   scf:    3   -39806.084024   -30269.249503   -30269.267891********** -6.976428169.537907
     spin moment: {S} , |S| = {        0.0        0.0   -0.93409 }    -0.93409
   scf:    4   -30910.681139   -30623.160473   -30623.189463  0.589115 -6.977422122.370179
     spin moment: {S} , |S| = {        0.0        0.0   -1.62362 }    -1.62362
   scf:    5   -30958.593153   -30804.523782   -30804.552163  0.367130 -6.979820 90.288121
     spin moment: {S} , |S| = {        0.0        0.0   -2.01577 }    -2.01577
   scf:    6   -30832.181242   -30818.545564   -30818.574618  0.053724 -6.995159 87.131054
     spin moment: {S} , |S| = {        0.0        0.0   -2.09437 }    -2.09437
   scf:    7   -31060.392819   -30960.801162   -30960.828045  0.477084 -7.023404 48.060370
     spin moment: {S} , |S| = {        0.0        0.0   -2.46072 }    -2.46072
   scf:    8   -31039.304851   -31018.918479   -31018.941716  0.423209 -6.981426 12.006699
     spin moment: {S} , |S| = {        0.0        0.0   -2.57482 }    -2.57482
   scf:    9   -31019.572614   -31019.368623   -31019.391821  0.057880 -6.976451 11.126655
     spin moment: {S} , |S| = {        0.0        0.0   -2.51047 }    -2.51047
   scf:   10   -31022.398084   -31022.389183   -31022.409427  0.116534 -6.924884  7.823622
     spin moment: {S} , |S| = {        0.0        0.0   -2.39087 }    -2.39087
   scf:   11   -31023.686614   -31023.208990   -31023.230317  0.045154 -6.920745  3.139530
     spin moment: {S} , |S| = {        0.0        0.0   -2.38074 }    -2.38074
   scf:   12   -31023.124661   -31023.329501   -31023.352084  0.062191 -6.914153  1.463774
     spin moment: {S} , |S| = {        0.0        0.0   -2.41359 }    -2.41359
   scf:   13   -31023.375371   -31023.359349   -31023.381774  0.012483 -6.911240  0.694372
     spin moment: {S} , |S| = {        0.0        0.0   -2.41951 }    -2.41951
   scf:   14   -31023.353283   -31023.367310   -31023.389540  0.016217 -6.909555  0.443748
     spin moment: {S} , |S| = {        0.0        0.0   -2.41480 }    -2.41480
   scf:   15   -31023.372982   -31023.371055   -31023.393395  0.007175 -6.906369  0.164381
     spin moment: {S} , |S| = {        0.0        0.0   -2.41919 }    -2.41919
   scf:   16   -31023.372498   -31023.371972   -31023.394409  0.007598 -6.903705  0.060859
     spin moment: {S} , |S| = {        0.0        0.0   -2.42589 }    -2.42589
   scf:   17   -31023.373081   -31023.372538   -31023.395060  0.008341 -6.901639  0.058522
     spin moment: {S} , |S| = {        0.0        0.0   -2.43365 }    -2.43365
   scf:   18   -31023.373345   -31023.372936   -31023.395510  0.004440 -6.901109  0.054725
     spin moment: {S} , |S| = {        0.0        0.0   -2.43904 }    -2.43904
   scf:   19   -31023.374737   -31023.373785   -31023.396480  0.007931 -6.901003  0.044831
     spin moment: {S} , |S| = {        0.0        0.0   -2.45245 }    -2.45245
   scf:   20   -31023.375025   -31023.374375   -31023.397164  0.006077 -6.901145  0.045868
     spin moment: {S} , |S| = {        0.0        0.0   -2.46248 }    -2.46248
   scf:   21   -31023.375350   -31023.374843   -31023.397701  0.004543 -6.900987  0.049406
     spin moment: {S} , |S| = {        0.0        0.0   -2.47055 }    -2.47055
   scf:   22   -31023.374332   -31023.374582   -31023.397401  0.002596 -6.901133  0.048048
     spin moment: {S} , |S| = {        0.0        0.0   -2.46589 }    -2.46589
   scf:   23   -31023.374466   -31023.374524   -31023.397333  0.000632 -6.901176  0.047924
     spin moment: {S} , |S| = {        0.0        0.0   -2.46466 }    -2.46466
   scf:   24   -31023.374591   -31023.374558   -31023.397370  0.000316 -6.901165  0.046370
     spin moment: {S} , |S| = {        0.0        0.0   -2.46516 }    -2.46516

SCF Convergence by DM criterion
max |DM_out - DM_in|         :     0.0003159770
max |H_out - H_in|      (eV) :     0.0463696561
SCF cycle converged after 24 iterations

Using DM_out to compute the final energy and forces
No. of atoms with KB's overlaping orbs in proc 0. Max # of overlaps:     172     957

siesta: E_KS(eV) =           -31023.3746

siesta: Atomic forces (eV/Ang):
     1   -0.000000   -0.198389   -0.000002
     2    0.000001    0.016644    0.000002
     3    0.000001   -0.008642    0.000000
     4   -0.000000    0.185900    0.000002
     5   -0.000001   -0.185550   -0.000001
     6    0.000000    0.057051   -0.000004
     7   -0.000000    0.003569   -0.000002
     8    0.000001    0.192737    0.000002
     9    0.000001    0.023982    0.000000
    10   -0.000000   -0.103477    0.000002
----------------------------------------
   Tot    0.000001   -0.016173   -0.000000
----------------------------------------
   Max    0.198389
   Res    0.073120    sqrt( Sum f_i^2 / 3N )
----------------------------------------
   Max    0.198389    constrained

Stress tensor Voigt[x,y,z,yz,xz,xy] (kbar):        9.59        2.36       13.64        0.00       -0.00       -0.00
(Free)E + p*V (eV/cell)   -31024.0222
Target enthalpy (eV/cell)   -31023.3974

siesta: Stress tensor (static) (eV/Ang**3):
         0.005986   -0.000000   -0.000000
        -0.000000    0.001474    0.000000
        -0.000000    0.000000    0.008514

siesta: Pressure (static):         -8.53094325  kBar

siesta: Stress tensor (total) (eV/Ang**3):
         0.005986   -0.000000   -0.000000
        -0.000000    0.001474    0.000000
        -0.000000    0.000000    0.008514

siesta: Pressure (total):         -8.53094325  kBar

                     ====================================
                        Begin CG opt. move =     11
                     ====================================
k-point displ. along   1 input, could be:     0.00    0.50
k-point displ. along   2 input, could be:     0.00    0.50
k-point displ. along   3 input, could be:     0.00    0.50
 Kpoints in:           32 . Kpoints trimmed:           31

siesta: k-grid: Number of k-points = 31
siesta: k-points from Monkhorst-Pack grid
siesta: k-cutoff (effective) =     6.905 Ang
siesta: k-point supercell and displacements
siesta: k-grid:     6     0     0      0.000
siesta: k-grid:     0     2     0      0.000
siesta: k-grid:     0     0     4      0.000

superc: Internal auxiliary supercell:    13 x     3 x     9  =     351
superc: Number of atoms, orbitals, and projectors:   3510  85644  63180

outcell: Unit cell vectors (Ang):
        2.577047    0.000000   -0.000000
        0.000000   13.186489    0.000000
       -0.000000    0.000000    3.452708

outcell: Cell vector modules (Ang)   :    2.577047   13.186489    3.452708
outcell: Cell angles (23,13,12) (deg):     90.0000     90.0000     90.0000
outcell: Cell volume (Ang**3)        :    117.3306
<dSpData1D:S at geom step 11
  <sparsity:sparsity for geom step 11
    nrows_g=244 nrows=14 sparsity=1.3199 nnzs=78582, refcount: 7>
  <dData1D:(new from dSpData1D) n=78582, refcount: 1>
refcount: 1>
new_DM -- step:    12
Re-using DM from previous geometries...
Number of DMs in history: 1
 DM extrapolation coefficients: 
1   1.00000
New DM after history re-use:
<dSpData2D:SpM extrapolated using coords
  <sparsity:sparsity for geom step 11
    nrows_g=244 nrows=14 sparsity=1.3199 nnzs=78582, refcount: 9>
  <dData2D:(temp array for extrapolation) n=78582 m=2, refcount: 1>
refcount: 1>
No. of atoms with KB's overlaping orbs in proc 0. Max # of overlaps:     172     961

InitMesh: MESH = 30 x 144 x 36 = 155520
InitMesh: Mesh cutoff (required, used) =   300.000   300.461 Ry
New grid distribution [1]: sub = 2
New grid distribution [2]: sub = 2
New grid distribution [3]: sub = 2
Setting up quadratic distribution...

        iscf     Eharris(eV)        E_KS(eV)     FreeEng(eV)     dDmax    Ef(eV) dHmax(eV)
   scf:    1   -31023.306399   -31023.355742   -31023.378985  0.127078 -6.907271  0.959378
     spin moment: {S} , |S| = {        0.0        0.0   -2.54358 }    -2.54358
   scf:    2   -30716.056369   -30921.427219   -30921.450722  0.539966 -6.699474 63.325232
     spin moment: {S} , |S| = {        0.0        0.0   -2.25477 }    -2.25477
   scf:    3   -31024.247998   -31023.375401   -31023.398587  0.532617 -6.903075  0.336587
     spin moment: {S} , |S| = {        0.0        0.0   -2.54234 }    -2.54234
   scf:    4   -31023.377195   -31023.378304   -31023.401625  0.003265 -6.902688  0.198543
     spin moment: {S} , |S| = {        0.0        0.0   -2.54155 }    -2.54155
   scf:    5   -31023.379797   -31023.379350   -31023.402690  0.004578 -6.902043  0.094139
     spin moment: {S} , |S| = {        0.0        0.0   -2.54743 }    -2.54743
   scf:    6   -31023.380554   -31023.379972   -31023.403346  0.004234 -6.901522  0.067309
     spin moment: {S} , |S| = {        0.0        0.0   -2.55573 }    -2.55573
   scf:    7   -31023.380404   -31023.380187   -31023.403572  0.001886 -6.901501  0.059386
     spin moment: {S} , |S| = {        0.0        0.0   -2.55903 }    -2.55903
   scf:    8   -31023.380492   -31023.380338   -31023.403732  0.001185 -6.901509  0.061165
     spin moment: {S} , |S| = {        0.0        0.0   -2.56150 }    -2.56150
   scf:    9   -31023.376030   -31023.377810   -31023.401008  0.022164 -6.901374  0.068465
     spin moment: {S} , |S| = {        0.0        0.0   -2.51822 }    -2.51822
   scf:   10   -31023.372332   -31023.373140   -31023.395532  0.053297 -6.901624  0.121041
     spin moment: {S} , |S| = {        0.0        0.0   -2.42352 }    -2.42352
   scf:   11   -31023.372665   -31023.372895   -31023.395201  0.004192 -6.901518  0.095849
     spin moment: {S} , |S| = {        0.0        0.0   -2.41543 }    -2.41543
   scf:   12   -31023.371056   -31023.363932   -31023.384222  0.130884 -6.904481  0.420990
     spin moment: {S} , |S| = {        0.0        0.0   -2.24094 }    -2.24094
   scf:   13   -31023.364241   -31023.364082   -31023.384414  0.003083 -6.904360  0.418806
     spin moment: {S} , |S| = {        0.0        0.0   -2.24464 }    -2.24464
   scf:   14   -31023.365618   -31023.364818   -31023.385263  0.009557 -6.903982  0.392532
     spin moment: {S} , |S| = {        0.0        0.0   -2.25532 }    -2.25532
   scf:   15   -31023.365175   -31023.364993   -31023.385477  0.002906 -6.903904  0.387021
     spin moment: {S} , |S| = {        0.0        0.0   -2.25871 }    -2.25871
   scf:   16   -31023.366802   -31023.365876   -31023.386466  0.009337 -6.903623  0.343018
     spin moment: {S} , |S| = {        0.0        0.0   -2.26874 }    -2.26874
   scf:   17   -31023.349071   -31023.357559   -31023.377559  0.055209 -6.905925  0.715981
     spin moment: {S} , |S| = {        0.0        0.0   -2.21331 }    -2.21331
   scf:   18   -31023.396347   -31023.371875   -31023.393790  0.144756 -6.901478  0.059654
     spin moment: {S} , |S| = {        0.0        0.0   -2.38296 }    -2.38296
   scf:   19   -31023.369833   -31023.369049   -31023.389956  0.054931 -6.902172  0.033227
     spin moment: {S} , |S| = {        0.0        0.0   -2.30176 }    -2.30176
   scf:   20   -31023.369856   -31023.369427   -31023.390444  0.008280 -6.901910  0.052058
     spin moment: {S} , |S| = {        0.0        0.0   -2.31174 }    -2.31174
   scf:   21   -31023.368380   -31023.363353   -31023.382823  0.118989 -6.905517  0.328166
     spin moment: {S} , |S| = {        0.0        0.0   -2.17651 }    -2.17651
   scf:   22   -31023.363055   -31023.363205   -31023.382695  0.000833 -6.905581  0.342936
     spin moment: {S} , |S| = {        0.0        0.0   -2.17775 }    -2.17775
   scf:   23   -31023.363997   -31023.363614   -31023.383061  0.002547 -6.905427  0.296769
     spin moment: {S} , |S| = {        0.0        0.0   -2.17464 }    -2.17464
   scf:   24   -31023.362720   -31023.363097   -31023.382390  0.011867 -6.905629  0.313922
     spin moment: {S} , |S| = {        0.0        0.0   -2.16244 }    -2.16244
   scf:   25   -31023.364329   -31023.363235   -31023.382133  0.028426 -6.905281  0.185749
     spin moment: {S} , |S| = {        0.0        0.0   -2.13098 }    -2.13098
   scf:   26   -31023.360217   -31023.359560   -31023.377770  0.064549 -6.907113  0.342900
     spin moment: {S} , |S| = {        0.0        0.0   -2.06753 }    -2.06753
   scf:   27   -31023.368671   -31023.363484   -31023.382269  0.059699 -6.904416  0.034933
     spin moment: {S} , |S| = {        0.0        0.0   -2.12296 }    -2.12296
   scf:   28   -31023.362350   -31023.362682   -31023.381258  0.022540 -6.905213  0.070643
     spin moment: {S} , |S| = {        0.0        0.0   -2.10127 }    -2.10127
   scf:   29   -31023.366129   -31023.363841   -31023.382740  0.033922 -6.904037  0.044745
     spin moment: {S} , |S| = {        0.0        0.0   -2.13510 }    -2.13510
   scf:   30   -31023.365601   -31023.364514   -31023.383596  0.019934 -6.903399  0.037518
     spin moment: {S} , |S| = {        0.0        0.0   -2.15674 }    -2.15674
   scf:   31   -31023.365581   -31023.364956   -31023.384166  0.012874 -6.903070  0.034691
     spin moment: {S} , |S| = {        0.0        0.0   -2.17000 }    -2.17000
   scf:   32   -31023.366064   -31023.365413   -31023.384774  0.013182 -6.902835  0.033032
     spin moment: {S} , |S| = {        0.0        0.0   -2.18311 }    -2.18311
   scf:   33   -31023.365896   -31023.365626   -31023.385081  0.007034 -6.902881  0.033602
     spin moment: {S} , |S| = {        0.0        0.0   -2.19003 }    -2.19003
   scf:   34   -31023.364812   -31023.364772   -31023.383890  0.027572 -6.902679  0.028178
     spin moment: {S} , |S| = {        0.0        0.0   -2.16519 }    -2.16519
   scf:   35   -31023.364324   -31023.364508   -31023.383537  0.008389 -6.902690  0.032250
     spin moment: {S} , |S| = {        0.0        0.0   -2.15779 }    -2.15779
   scf:   36   -31023.363673   -31023.363681   -31023.382464  0.025890 -6.902555  0.039316
     spin moment: {S} , |S| = {        0.0        0.0   -2.13861 }    -2.13861
   scf:   37   -31023.364938   -31023.364182   -31023.383118  0.014739 -6.901465  0.045274
     spin moment: {S} , |S| = {        0.0        0.0   -2.15972 }    -2.15972
   scf:   38   -31023.364254   -31023.364217   -31023.383163  0.001075 -6.901436  0.044697
     spin moment: {S} , |S| = {        0.0        0.0   -2.16075 }    -2.16075
   scf:   39   -31023.364826   -31023.364483   -31023.383493  0.007789 -6.901910  0.029285
     spin moment: {S} , |S| = {        0.0        0.0   -2.16305 }    -2.16305
   scf:   40   -31023.363642   -31023.363634   -31023.382403  0.026422 -6.901470  0.036547
     spin moment: {S} , |S| = {        0.0        0.0   -2.14697 }    -2.14697
   scf:   41   -31023.363779   -31023.363703   -31023.382502  0.001853 -6.901188  0.038407
     spin moment: {S} , |S| = {        0.0        0.0   -2.15177 }    -2.15177
   scf:   42   -31023.364382   -31023.363992   -31023.382899  0.008444 -6.900818  0.037367
     spin moment: {S} , |S| = {        0.0        0.0   -2.16312 }    -2.16312
   scf:   43   -31023.364008   -31023.363999   -31023.382934  0.000862 -6.900699  0.032618
     spin moment: {S} , |S| = {        0.0        0.0   -2.16628 }    -2.16628
   scf:   44   -31023.364628   -31023.364269   -31023.383308  0.008028 -6.900540  0.033586
     spin moment: {S} , |S| = {        0.0        0.0   -2.17519 }    -2.17519
   scf:   45   -31023.364201   -31023.364235   -31023.383261  0.000963 -6.900523  0.034184
     spin moment: {S} , |S| = {        0.0        0.0   -2.17439 }    -2.17439
   scf:   46   -31023.364498   -31023.364358   -31023.383425  0.003852 -6.900432  0.034115
     spin moment: {S} , |S| = {        0.0        0.0   -2.17819 }    -2.17819
   scf:   47   -31023.364612   -31023.364475   -31023.383572  0.003384 -6.900754  0.033725
     spin moment: {S} , |S| = {        0.0        0.0   -2.17780 }    -2.17780
   scf:   48   -31023.364519   -31023.364496   -31023.383615  0.000549 -6.900608  0.032276
     spin moment: {S} , |S| = {        0.0        0.0   -2.18052 }    -2.18052
   scf:   49   -31023.363626   -31023.363726   -31023.382585  0.023219 -6.901095  0.035248
     spin moment: {S} , |S| = {        0.0        0.0   -2.15673 }    -2.15673
   scf:   50   -31023.362813   -31023.362855   -31023.381490  0.027198 -6.901343  0.039684
     spin moment: {S} , |S| = {        0.0        0.0   -2.13699 }    -2.13699
   scf:   51   -31023.362818   -31023.362832   -31023.381435  0.001311 -6.901670  0.040508
     spin moment: {S} , |S| = {        0.0        0.0   -2.13144 }    -2.13144
   scf:   52   -31023.373597   -31023.365177   -31023.384485  0.070835 -6.901169  0.026134
     spin moment: {S} , |S| = {        0.0        0.0   -2.19078 }    -2.19078
   scf:   53   -31023.364735   -31023.363571   -31023.382422  0.049418 -6.900969  0.037533
     spin moment: {S} , |S| = {        0.0        0.0   -2.15667 }    -2.15667
   scf:   54   -31023.364016   -31023.363770   -31023.382690  0.006024 -6.900844  0.037343
     spin moment: {S} , |S| = {        0.0        0.0   -2.16278 }    -2.16278
   scf:   55   -31023.363691   -31023.363729   -31023.382632  0.001251 -6.900944  0.037665
     spin moment: {S} , |S| = {        0.0        0.0   -2.16068 }    -2.16068
   scf:   56   -31023.368180   -31023.365053   -31023.384329  0.041112 -6.900422  0.034749
     spin moment: {S} , |S| = {        0.0        0.0   -2.19406 }    -2.19406
   scf:   57   -31023.364320   -31023.363592   -31023.382458  0.045088 -6.901444  0.038653
     spin moment: {S} , |S| = {        0.0        0.0   -2.15385 }    -2.15385
   scf:   58   -31023.364643   -31023.364012   -31023.383025  0.012818 -6.901375  0.034696
     spin moment: {S} , |S| = {        0.0        0.0   -2.16497 }    -2.16497
   scf:   59   -31023.363415   -31023.363650   -31023.382582  0.011330 -6.901776  0.036371
     spin moment: {S} , |S| = {        0.0        0.0   -2.15521 }    -2.15521
   scf:   60   -31023.363019   -31023.362475   -31023.380988  0.034414 -6.902101  0.045605
     spin moment: {S} , |S| = {        0.0        0.0   -2.12014 }    -2.12014
   scf:   61   -31023.371053   -31023.364479   -31023.383621  0.060507 -6.901152  0.034093
     spin moment: {S} , |S| = {        0.0        0.0   -2.17795 }    -2.17795
   scf:   62   -31023.364249   -31023.364357   -31023.383468  0.002112 -6.901539  0.030423
     spin moment: {S} , |S| = {        0.0        0.0   -2.17372 }    -2.17372
   scf:   63   -31023.365914   -31023.361904   -31023.380398  0.071671 -6.902816  0.056233
     spin moment: {S} , |S| = {        0.0        0.0   -2.11413 }    -2.11413
   scf:   64   -31023.362875   -31023.362307   -31023.380827  0.011081 -6.902813  0.047881
     spin moment: {S} , |S| = {        0.0        0.0   -2.11551 }    -2.11551
   scf:   65   -31023.372949   -31023.364641   -31023.383835  0.067454 -6.901090  0.034159
     spin moment: {S} , |S| = {        0.0        0.0   -2.18169 }    -2.18169
   scf:   66   -31023.364099   -31023.364311   -31023.383395  0.009657 -6.901348  0.033818
     spin moment: {S} , |S| = {        0.0        0.0   -2.17169 }    -2.17169
   scf:   67   -31023.364084   -31023.362520   -31023.381191  0.053185 -6.902304  0.042016
     spin moment: {S} , |S| = {        0.0        0.0   -2.13171 }    -2.13171
   scf:   68   -31023.362306   -31023.362405   -31023.381080  0.003089 -6.901942  0.041597
     spin moment: {S} , |S| = {        0.0        0.0   -2.13528 }    -2.13528
   scf:   69   -31023.362484   -31023.362443   -31023.381143  0.001257 -6.902120  0.041623
     spin moment: {S} , |S| = {        0.0        0.0   -2.13590 }    -2.13590
   scf:   70   -31023.362362   -31023.362401   -31023.381080  0.001289 -6.901966  0.041774
     spin moment: {S} , |S| = {        0.0        0.0   -2.13556 }    -2.13556
   scf:   71   -31023.361899   -31023.362084   -31023.380640  0.009165 -6.902181  0.047426
     spin moment: {S} , |S| = {        0.0        0.0   -2.12407 }    -2.12407
   scf:   72   -31023.361820   -31023.361942   -31023.380536  0.002531 -6.902176  0.052268
     spin moment: {S} , |S| = {        0.0        0.0   -2.12811 }    -2.12811
   scf:   73   -31023.361888   -31023.361912   -31023.380467  0.001185 -6.902253  0.054402
     spin moment: {S} , |S| = {        0.0        0.0   -2.12423 }    -2.12423
   scf:   74   -31023.369015   -31023.363656   -31023.382744  0.049904 -6.901460  0.034106
     spin moment: {S} , |S| = {        0.0        0.0   -2.17161 }    -2.17161
   scf:   75   -31023.364392   -31023.363968   -31023.383154  0.008853 -6.901216  0.034490
     spin moment: {S} , |S| = {        0.0        0.0   -2.18095 }    -2.18095
   scf:   76   -31023.363238   -31023.363468   -31023.382514  0.016529 -6.901395  0.031494
     spin moment: {S} , |S| = {        0.0        0.0   -2.16811 }    -2.16811
   scf:   77   -31023.362928   -31023.363134   -31023.382083  0.011667 -6.901319  0.028209
     spin moment: {S} , |S| = {        0.0        0.0   -2.16095 }    -2.16095
   scf:   78   -31023.362812   -31023.362961   -31023.381911  0.003668 -6.901054  0.036766
     spin moment: {S} , |S| = {        0.0        0.0   -2.16344 }    -2.16344
   scf:   79   -31023.363295   -31023.363112   -31023.382100  0.004100 -6.901464  0.034139
     spin moment: {S} , |S| = {        0.0        0.0   -2.16285 }    -2.16285
   scf:   80   -31023.363149   -31023.363128   -31023.382154  0.000913 -6.901334  0.033874
     spin moment: {S} , |S| = {        0.0        0.0   -2.16710 }    -2.16710
   scf:   81   -31023.362790   -31023.362941   -31023.381933  0.005233 -6.901374  0.033497
     spin moment: {S} , |S| = {        0.0        0.0   -2.16466 }    -2.16466
   scf:   82   -31023.362814   -31023.362874   -31023.381832  0.002181 -6.901473  0.033191
     spin moment: {S} , |S| = {        0.0        0.0   -2.16127 }    -2.16127
   scf:   83   -31023.363935   -31023.363306   -31023.382365  0.012349 -6.901231  0.029513
     spin moment: {S} , |S| = {        0.0        0.0   -2.17087 }    -2.17087
   scf:   84   -31023.363256   -31023.363280   -31023.382333  0.000855 -6.901186  0.030941
     spin moment: {S} , |S| = {        0.0        0.0   -2.17088 }    -2.17088
   scf:   85   -31023.363385   -31023.363332   -31023.382386  0.001306 -6.901169  0.031414
     spin moment: {S} , |S| = {        0.0        0.0   -2.17113 }    -2.17113
   scf:   86   -31023.363545   -31023.363415   -31023.382591  0.004481 -6.901486  0.032934
     spin moment: {S} , |S| = {        0.0        0.0   -2.17943 }    -2.17943
   scf:   87   -31023.363326   -31023.363369   -31023.382555  0.000885 -6.901268  0.031202
     spin moment: {S} , |S| = {        0.0        0.0   -2.18228 }    -2.18228
   scf:   88   -31023.362789   -31023.363042   -31023.382246  0.006542 -6.901520  0.031753
     spin moment: {S} , |S| = {        0.0        0.0   -2.18313 }    -2.18313
   scf:   89   -31023.363513   -31023.363260   -31023.382445  0.004352 -6.901523  0.031544
     spin moment: {S} , |S| = {        0.0        0.0   -2.18041 }    -2.18041
   scf:   90   -31023.363637   -31023.363425   -31023.382696  0.005652 -6.901335  0.030116
     spin moment: {S} , |S| = {        0.0        0.0   -2.18883 }    -2.18883
   scf:   91   -31023.363893   -31023.363632   -31023.382971  0.006124 -6.900979  0.030814
     spin moment: {S} , |S| = {        0.0        0.0   -2.19632 }    -2.19632
   scf:   92   -31023.362868   -31023.362949   -31023.382045  0.021038 -6.901660  0.034301
     spin moment: {S} , |S| = {        0.0        0.0   -2.17264 }    -2.17264
   scf:   93   -31023.362909   -31023.362928   -31023.382008  0.000662 -6.901676  0.034886
     spin moment: {S} , |S| = {        0.0        0.0   -2.17143 }    -2.17143
   scf:   94   -31023.363238   -31023.363072   -31023.382183  0.004189 -6.901685  0.035551
     spin moment: {S} , |S| = {        0.0        0.0   -2.17387 }    -2.17387
   scf:   95   -31023.362223   -31023.362324   -31023.381241  0.021259 -6.902052  0.037608
     spin moment: {S} , |S| = {        0.0        0.0   -2.15526 }    -2.15526
   scf:   96   -31023.362029   -31023.362162   -31023.381171  0.002942 -6.901874  0.032840
     spin moment: {S} , |S| = {        0.0        0.0   -2.16568 }    -2.16568
   scf:   97   -31023.361215   -31023.361084   -31023.379895  0.026021 -6.902316  0.053058
     spin moment: {S} , |S| = {        0.0        0.0   -2.14778 }    -2.14778
   scf:   98   -31023.361082   -31023.361035   -31023.379646  0.005745 -6.902504  0.067532
     spin moment: {S} , |S| = {        0.0        0.0   -2.12732 }    -2.12732
   scf:   99   -31023.360118   -31023.360350   -31023.378860  0.015263 -6.902602  0.081590
     spin moment: {S} , |S| = {        0.0        0.0   -2.11964 }    -2.11964
   scf:  100   -31023.363236   -31023.361287   -31023.380047  0.022890 -6.901963  0.052959
     spin moment: {S} , |S| = {        0.0        0.0   -2.14422 }    -2.14422
   scf:  101   -31023.361791   -31023.361500   -31023.380347  0.006223 -6.901631  0.051063
     spin moment: {S} , |S| = {        0.0        0.0   -2.15389 }    -2.15389
   scf:  102   -31023.362615   -31023.361942   -31023.380896  0.011659 -6.901477  0.048171
     spin moment: {S} , |S| = {        0.0        0.0   -2.16424 }    -2.16424
   scf:  103   -31023.363375   -31023.362486   -31023.381578  0.015075 -6.901206  0.047849
     spin moment: {S} , |S| = {        0.0        0.0   -2.17710 }    -2.17710
   scf:  104   -31023.361668   -31023.361541   -31023.380403  0.025424 -6.901835  0.047416
     spin moment: {S} , |S| = {        0.0        0.0   -2.15306 }    -2.15306
   scf:  105   -31023.360951   -31023.361171   -31023.379961  0.008903 -6.902047  0.053506
     spin moment: {S} , |S| = {        0.0        0.0   -2.14559 }    -2.14559
   scf:  106   -31023.363148   -31023.361917   -31023.380720  0.015286 -6.901876  0.050961
     spin moment: {S} , |S| = {        0.0        0.0   -2.14591 }    -2.14591
   scf:  107   -31023.366458   -31023.363282   -31023.382269  0.034042 -6.900929  0.050724
     spin moment: {S} , |S| = {        0.0        0.0   -2.16780 }    -2.16780
   scf:  108   -31023.363022   -31023.363143   -31023.382138  0.003162 -6.900924  0.043914
     spin moment: {S} , |S| = {        0.0        0.0   -2.16942 }    -2.16942
   scf:  109   -31023.364290   -31023.363615   -31023.382663  0.012003 -6.900550  0.048052
     spin moment: {S} , |S| = {        0.0        0.0   -2.17601 }    -2.17601
   scf:  110   -31023.363162   -31023.361860   -31023.380634  0.044840 -6.901690  0.046279
     spin moment: {S} , |S| = {        0.0        0.0   -2.14565 }    -2.14565
   scf:  111   -31023.361128   -31023.361411   -31023.380171  0.008724 -6.901710  0.055190
     spin moment: {S} , |S| = {        0.0        0.0   -2.14563 }    -2.14563
   scf:  112   -31023.360747   -31023.360951   -31023.379596  0.011312 -6.901857  0.060639
     spin moment: {S} , |S| = {        0.0        0.0   -2.13484 }    -2.13484
   scf:  113   -31023.362246   -31023.361445   -31023.380215  0.012092 -6.901799  0.061680
     spin moment: {S} , |S| = {        0.0        0.0   -2.14548 }    -2.14548
   scf:  114   -31023.361144   -31023.361284   -31023.380093  0.002566 -6.901840  0.059054
     spin moment: {S} , |S| = {        0.0        0.0   -2.14911 }    -2.14911
   scf:  115   -31023.363185   -31023.362000   -31023.380895  0.016177 -6.901658  0.044462
     spin moment: {S} , |S| = {        0.0        0.0   -2.15610 }    -2.15610
   scf:  116   -31023.361115   -31023.361227   -31023.379981  0.018915 -6.902105  0.047992
     spin moment: {S} , |S| = {        0.0        0.0   -2.14031 }    -2.14031
   scf:  117   -31023.361081   -31023.361152   -31023.379902  0.001585 -6.902117  0.048889
     spin moment: {S} , |S| = {        0.0        0.0   -2.14014 }    -2.14014
   scf:  118   -31023.364239   -31023.362160   -31023.381099  0.025250 -6.901648  0.031116
     spin moment: {S} , |S| = {        0.0        0.0   -2.15868 }    -2.15868
   scf:  119   -31023.363523   -31023.362699   -31023.381719  0.014480 -6.901344  0.034102
     spin moment: {S} , |S| = {        0.0        0.0   -2.16702 }    -2.16702
   scf:  120   -31023.362710   -31023.362704   -31023.381731  0.000468 -6.901340  0.032728
     spin moment: {S} , |S| = {        0.0        0.0   -2.16754 }    -2.16754

SCF Convergence by DM criterion
max |DM_out - DM_in|         :     0.0004677557
max |H_out - H_in|      (eV) :     0.0327276856
SCF cycle converged after 120 iterations

Using DM_out to compute the final energy and forces
No. of atoms with KB's overlaping orbs in proc 0. Max # of overlaps:     172     961

siesta: E_KS(eV) =           -31023.3627

siesta: Atomic forces (eV/Ang):
     1   -0.000001   -0.191266   -0.000002
     2    0.000000   -0.007124    0.000002
     3    0.000000    0.024550   -0.000000
     4    0.000001    0.247834    0.000002
     5    0.000001   -0.159993   -0.000001
     6   -0.000000    0.084102   -0.000004
     7    0.000001   -0.180235    0.000000
     8    0.000001    0.233635    0.000001
     9    0.000000    0.065288   -0.000001
    10    0.000001   -0.132259    0.000002
----------------------------------------
   Tot    0.000005   -0.015470   -0.000000
----------------------------------------
   Max    0.247834
   Res    0.089471    sqrt( Sum f_i^2 / 3N )
----------------------------------------
   Max    0.247834    constrained

Stress tensor Voigt[x,y,z,yz,xz,xy] (kbar):        5.95       -3.13       14.34       -0.00       -0.00       -0.00
(Free)E + p*V (eV/cell)   -31023.8005
Target enthalpy (eV/cell)   -31023.3817

siesta: Stress tensor (static) (eV/Ang**3):
         0.003712    0.000000   -0.000000
        -0.000000   -0.001955   -0.000000
        -0.000000   -0.000000    0.008952

siesta: Pressure (static):         -5.71876228  kBar

siesta: Stress tensor (total) (eV/Ang**3):
         0.003712    0.000000   -0.000000
        -0.000000   -0.001955   -0.000000
        -0.000000   -0.000000    0.008952

siesta: Pressure (total):         -5.71876228  kBar

cgvc: Finished line minimization    4.  Mean atomic displacement =    0.0818

                     ====================================
                        Begin CG opt. move =     12
                     ====================================
k-point displ. along   1 input, could be:     0.00    0.50
k-point displ. along   2 input, could be:     0.00    0.50
k-point displ. along   3 input, could be:     0.00    0.50
 Kpoints in:           32 . Kpoints trimmed:           31

siesta: k-grid: Number of k-points = 31
siesta: k-points from Monkhorst-Pack grid
siesta: k-cutoff (effective) =     6.828 Ang
siesta: k-point supercell and displacements
siesta: k-grid:     6     0     0      0.000
siesta: k-grid:     0     2     0      0.000
siesta: k-grid:     0     0     4      0.000

superc: Internal auxiliary supercell:    13 x     3 x     9  =     351
superc: Number of atoms, orbitals, and projectors:   3510  85644  63180

outcell: Unit cell vectors (Ang):
        2.570883    0.000000   -0.000000
        0.000000   13.407269    0.000000
       -0.000000    0.000000    3.414179

outcell: Cell vector modules (Ang)   :    2.570883   13.407269    3.414179
outcell: Cell angles (23,13,12) (deg):     90.0000     90.0000     90.0000
outcell: Cell volume (Ang**3)        :    117.6817
<dSpData1D:S at geom step 12
  <sparsity:sparsity for geom step 12
    nrows_g=244 nrows=14 sparsity=1.3229 nnzs=78761, refcount: 7>
  <dData1D:(new from dSpData1D) n=78761, refcount: 1>
refcount: 1>
new_DM -- step:    13
Re-using DM from previous geometries...
Number of DMs in history: 1
 DM extrapolation coefficients: 
1   1.00000
New DM after history re-use:
<dSpData2D:SpM extrapolated using coords
  <sparsity:sparsity for geom step 12
    nrows_g=244 nrows=14 sparsity=1.3229 nnzs=78761, refcount: 9>
  <dData2D:(temp array for extrapolation) n=78761 m=2, refcount: 1>
refcount: 1>
No. of atoms with KB's overlaping orbs in proc 0. Max # of overlaps:     172     948

InitMesh: MESH = 30 x 144 x 36 = 155520
InitMesh: Mesh cutoff (required, used) =   300.000   307.280 Ry
New grid distribution [1]: sub = 2
New grid distribution [2]: sub = 2
New grid distribution [3]: sub = 2
Setting up quadratic distribution...

        iscf     Eharris(eV)        E_KS(eV)     FreeEng(eV)     dDmax    Ef(eV) dHmax(eV)
   scf:    1   -30701.096606   -30916.754988   -30916.781645  0.957042 -6.529146 63.071228
     spin moment: {S} , |S| = {        0.0        0.0   -2.10448 }    -2.10448
   scf:    2   106240.668792    13863.192036    13863.188316**********-13.731989**********
     spin moment: {S} , |S| = {        0.0        0.0   -0.00649 }    -0.00649
   scf:    3   -40670.837294   -30295.902455   -30295.929576********** -6.968679170.200611
     spin moment: {S} , |S| = {        0.0        0.0   -1.89957 }    -1.89957
   scf:    4   -30500.341374   -30400.236991   -30400.260711  0.205289 -6.979885158.547356
     spin moment: {S} , |S| = {        0.0        0.0   -1.84491 }    -1.84491
   scf:    5   -30757.265972   -30587.853361   -30587.873538  0.288383 -6.998535131.250781
     spin moment: {S} , |S| = {        0.0        0.0   -1.99008 }    -1.99008
   scf:    6   -30593.856348   -30590.863720   -30590.884227  0.010181 -7.000483130.682228
     spin moment: {S} , |S| = {        0.0        0.0   -1.98755 }    -1.98755
   scf:    7   -31142.756112   -30931.587569   -30931.618892  0.818131 -7.012975 56.172028
     spin moment: {S} , |S| = {        0.0        0.0   -2.28222 }    -2.28222
   scf:    8   -31035.931508   -30991.734892   -30991.762450  0.356838 -6.993123 32.774604
     spin moment: {S} , |S| = {        0.0        0.0   -2.34402 }    -2.34402
   scf:    9   -31017.621975   -31021.948844   -31021.970032  0.377831 -6.921228  5.278909
     spin moment: {S} , |S| = {        0.0        0.0   -2.17770 }    -2.17770
   scf:   10   -31020.819591   -31022.095963   -31022.116786  0.132367 -6.931065  6.109785
     spin moment: {S} , |S| = {        0.0        0.0   -2.16451 }    -2.16451
   scf:   11   -31023.049478   -31023.020285   -31023.040269  0.085888 -6.911665  3.963612
     spin moment: {S} , |S| = {        0.0        0.0   -2.15584 }    -2.15584
   scf:   12   -31023.395798   -31023.341064   -31023.361152  0.048333 -6.907249  0.879844
     spin moment: {S} , |S| = {        0.0        0.0   -2.16084 }    -2.16084
   scf:   13   -31023.203604   -31023.327618   -31023.347629  0.035891 -6.897108  1.383570
     spin moment: {S} , |S| = {        0.0        0.0   -2.15336 }    -2.15336
   scf:   14   -31023.381971   -31023.367525   -31023.387536  0.020169 -6.897160  0.295148
     spin moment: {S} , |S| = {        0.0        0.0   -2.15406 }    -2.15406
   scf:   15   -31023.370153   -31023.369276   -31023.389277  0.009808 -6.894438  0.281047
     spin moment: {S} , |S| = {        0.0        0.0   -2.15241 }    -2.15241
   scf:   16   -31023.371740   -31023.371601   -31023.391583  0.007145 -6.892820  0.052616
     spin moment: {S} , |S| = {        0.0        0.0   -2.15169 }    -2.15169
   scf:   17   -31023.371910   -31023.371778   -31023.391746  0.003042 -6.892039  0.050997
     spin moment: {S} , |S| = {        0.0        0.0   -2.15103 }    -2.15103
   scf:   18   -31023.372111   -31023.371955   -31023.391904  0.003283 -6.891329  0.026308
     spin moment: {S} , |S| = {        0.0        0.0   -2.15030 }    -2.15030
   scf:   19   -31023.372233   -31023.372099   -31023.392026  0.003149 -6.890965  0.024490
     spin moment: {S} , |S| = {        0.0        0.0   -2.14938 }    -2.14938
   scf:   20   -31023.372246   -31023.372173   -31023.392092  0.001576 -6.891138  0.019682
     spin moment: {S} , |S| = {        0.0        0.0   -2.14855 }    -2.14855
   scf:   21   -31023.372793   -31023.372473   -31023.392334  0.006646 -6.891643  0.013749
     spin moment: {S} , |S| = {        0.0        0.0   -2.14539 }    -2.14539
   scf:   22   -31023.372753   -31023.372609   -31023.392435  0.003067 -6.891921  0.012220
     spin moment: {S} , |S| = {        0.0        0.0   -2.14343 }    -2.14343
   scf:   23   -31023.372726   -31023.372667   -31023.392476  0.000633 -6.892048  0.011969
     spin moment: {S} , |S| = {        0.0        0.0   -2.14259 }    -2.14259
   scf:   24   -31023.372825   -31023.372744   -31023.392529  0.000997 -6.892161  0.011127
     spin moment: {S} , |S| = {        0.0        0.0   -2.14138 }    -2.14138
   scf:   25   -31023.373134   -31023.372927   -31023.392645  0.002302 -6.892129  0.010226
     spin moment: {S} , |S| = {        0.0        0.0   -2.13845 }    -2.13845
   scf:   26   -31023.373314   -31023.373105   -31023.392749  0.002799 -6.892118  0.009281
     spin moment: {S} , |S| = {        0.0        0.0   -2.13535 }    -2.13535
   scf:   27   -31023.373270   -31023.373184   -31023.392791  0.001403 -6.892091  0.006942
     spin moment: {S} , |S| = {        0.0        0.0   -2.13398 }    -2.13398
   scf:   28   -31023.373262   -31023.373223   -31023.392812  0.001120 -6.892180  0.010808
     spin moment: {S} , |S| = {        0.0        0.0   -2.13353 }    -2.13353
   scf:   29   -31023.373492   -31023.373348   -31023.392874  0.002867 -6.892137  0.008027
     spin moment: {S} , |S| = {        0.0        0.0   -2.13148 }    -2.13148
   scf:   30   -31023.373559   -31023.373446   -31023.392923  0.002957 -6.892162  0.009144
     spin moment: {S} , |S| = {        0.0        0.0   -2.13034 }    -2.13034
   scf:   31   -31023.373449   -31023.373448   -31023.392924  0.000260 -6.892180  0.008446
     spin moment: {S} , |S| = {        0.0        0.0   -2.13029 }    -2.13029

SCF Convergence by DM criterion
max |DM_out - DM_in|         :     0.0002597024
max |H_out - H_in|      (eV) :     0.0084456254
SCF cycle converged after 31 iterations

Using DM_out to compute the final energy and forces
No. of atoms with KB's overlaping orbs in proc 0. Max # of overlaps:     172     948

siesta: E_KS(eV) =           -31023.3734

siesta: Atomic forces (eV/Ang):
     1    0.000000    0.022835   -0.000001
     2    0.000000   -0.042070   -0.000002
     3    0.000001   -0.444709   -0.000000
     4   -0.000001   -0.084191   -0.000002
     5    0.000001    0.037366   -0.000001
     6    0.000000    0.198304    0.000004
     7    0.000000    0.210627   -0.000002
     8   -0.000000   -0.181747    0.000002
     9    0.000002    0.190107   -0.000001
    10    0.000000    0.096657    0.000001
----------------------------------------
   Tot    0.000003    0.003178   -0.000001
----------------------------------------
   Max    0.444709
   Res    0.111167    sqrt( Sum f_i^2 / 3N )
----------------------------------------
   Max    0.444709    constrained

Stress tensor Voigt[x,y,z,yz,xz,xy] (kbar):       -5.36       11.56       -0.42        0.00        0.00       -0.00
(Free)E + p*V (eV/cell)   -31023.5343
Target enthalpy (eV/cell)   -31023.3929

siesta: Stress tensor (static) (eV/Ang**3):
        -0.003348   -0.000000    0.000000
        -0.000000    0.007215    0.000000
         0.000000    0.000000   -0.000262

siesta: Pressure (static):         -1.92527229  kBar

siesta: Stress tensor (total) (eV/Ang**3):
        -0.003348   -0.000000    0.000000
        -0.000000    0.007215    0.000000
         0.000000    0.000000   -0.000262

siesta: Pressure (total):         -1.92527229  kBar

                     ====================================
                        Begin CG opt. move =     13
                     ====================================
k-point displ. along   1 input, could be:     0.00    0.50
k-point displ. along   2 input, could be:     0.00    0.50
k-point displ. along   3 input, could be:     0.00    0.50
 Kpoints in:           32 . Kpoints trimmed:           31

siesta: k-grid: Number of k-points = 31
siesta: k-points from Monkhorst-Pack grid
siesta: k-cutoff (effective) =     6.858 Ang
siesta: k-point supercell and displacements
siesta: k-grid:     6     0     0      0.000
siesta: k-grid:     0     2     0      0.000
siesta: k-grid:     0     0     4      0.000

superc: Internal auxiliary supercell:    13 x     3 x     9  =     351
superc: Number of atoms, orbitals, and projectors:   3510  85644  63180

outcell: Unit cell vectors (Ang):
        2.573282    0.000000   -0.000000
        0.000000   13.321324    0.000000
       -0.000000    0.000000    3.429177

outcell: Cell vector modules (Ang)   :    2.573282   13.321324    3.429177
outcell: Cell angles (23,13,12) (deg):     90.0000     90.0000     90.0000
outcell: Cell volume (Ang**3)        :    117.5506
<dSpData1D:S at geom step 13
  <sparsity:sparsity for geom step 13
    nrows_g=244 nrows=14 sparsity=1.3168 nnzs=78396, refcount: 7>
  <dData1D:(new from dSpData1D) n=78396, refcount: 1>
refcount: 1>
new_DM -- step:    14
Re-using DM from previous geometries...
Number of DMs in history: 1
 DM extrapolation coefficients: 
1   1.00000
New DM after history re-use:
<dSpData2D:SpM extrapolated using coords
  <sparsity:sparsity for geom step 13
    nrows_g=244 nrows=14 sparsity=1.3168 nnzs=78396, refcount: 9>
  <dData2D:(temp array for extrapolation) n=78396 m=2, refcount: 1>
refcount: 1>
No. of atoms with KB's overlaping orbs in proc 0. Max # of overlaps:     172     947

InitMesh: MESH = 30 x 144 x 36 = 155520
InitMesh: Mesh cutoff (required, used) =   300.000   304.598 Ry
New grid distribution [1]: sub = 2
New grid distribution [2]: sub = 2
New grid distribution [3]: sub = 2
Setting up quadratic distribution...

        iscf     Eharris(eV)        E_KS(eV)     FreeEng(eV)     dDmax    Ef(eV) dHmax(eV)
   scf:    1   -30974.135368   -31006.961216   -31006.983509  0.332095 -7.035721 25.157231
     spin moment: {S} , |S| = {        0.0        0.0   -2.41828 }    -2.41828
   scf:    2    20621.452738   -14026.284389   -14026.296061446.993755 -2.643637706.427882
     spin moment: {S} , |S| = {        0.0        0.0   -0.48548 }    -0.48548
   scf:    3   -32334.174592   -30998.677766   -30998.695847446.647658 -6.882373 35.277606
     spin moment: {S} , |S| = {        0.0        0.0   -2.12966 }    -2.12966
   scf:    4   -31029.746974   -31017.499327   -31017.517419  0.217712 -6.904376 16.494785
     spin moment: {S} , |S| = {        0.0        0.0   -2.15475 }    -2.15475
   scf:    5   -31018.260115   -31017.883404   -31017.901403  0.005594 -6.904113 15.949468
     spin moment: {S} , |S| = {        0.0        0.0   -2.15701 }    -2.15701
   scf:    6   -31024.268304   -31021.678974   -31021.697993  0.075174 -6.899491  9.069415
     spin moment: {S} , |S| = {        0.0        0.0   -2.15141 }    -2.15141
   scf:    7   -31022.675118   -31023.307575   -31023.326748  0.182582 -6.894973  1.684901
     spin moment: {S} , |S| = {        0.0        0.0   -2.15077 }    -2.15077
   scf:    8   -31023.321691   -31023.340285   -31023.359162  0.018817 -6.888177  1.346480
     spin moment: {S} , |S| = {        0.0        0.0   -2.15717 }    -2.15717
   scf:    9   -31023.385445   -31023.377821   -31023.396767  0.017870 -6.888588  0.264826
     spin moment: {S} , |S| = {        0.0        0.0   -2.15623 }    -2.15623
   scf:   10   -31023.379249   -31023.379481   -31023.398507  0.004902 -6.889875  0.082558
     spin moment: {S} , |S| = {        0.0        0.0   -2.15507 }    -2.15507
   scf:   11   -31023.379486   -31023.379622   -31023.398666  0.004019 -6.891285  0.070691
     spin moment: {S} , |S| = {        0.0        0.0   -2.15566 }    -2.15566
   scf:   12   -31023.380086   -31023.379954   -31023.399033  0.008867 -6.894261  0.033164
     spin moment: {S} , |S| = {        0.0        0.0   -2.15747 }    -2.15747
   scf:   13   -31023.380049   -31023.380014   -31023.399103  0.002159 -6.894425  0.031223
     spin moment: {S} , |S| = {        0.0        0.0   -2.15849 }    -2.15849
   scf:   14   -31023.380055   -31023.380039   -31023.399130  0.000922 -6.894551  0.018353
     spin moment: {S} , |S| = {        0.0        0.0   -2.15876 }    -2.15876
   scf:   15   -31023.380315   -31023.380166   -31023.399272  0.003927 -6.894787  0.019386
     spin moment: {S} , |S| = {        0.0        0.0   -2.16106 }    -2.16106
   scf:   16   -31023.380258   -31023.380211   -31023.399321  0.001442 -6.894857  0.019472
     spin moment: {S} , |S| = {        0.0        0.0   -2.16196 }    -2.16196
   scf:   17   -31023.380310   -31023.380258   -31023.399375  0.001577 -6.894925  0.020624
     spin moment: {S} , |S| = {        0.0        0.0   -2.16299 }    -2.16299
   scf:   18   -31023.380421   -31023.380335   -31023.399461  0.002562 -6.895040  0.020628
     spin moment: {S} , |S| = {        0.0        0.0   -2.16470 }    -2.16470
   scf:   19   -31023.380486   -31023.380407   -31023.399541  0.002390 -6.895146  0.020802
     spin moment: {S} , |S| = {        0.0        0.0   -2.16630 }    -2.16630
   scf:   20   -31023.380497   -31023.380450   -31023.399591  0.001525 -6.895206  0.020596
     spin moment: {S} , |S| = {        0.0        0.0   -2.16740 }    -2.16740
   scf:   21   -31023.380498   -31023.380474   -31023.399618  0.000848 -6.895193  0.020832
     spin moment: {S} , |S| = {        0.0        0.0   -2.16803 }    -2.16803
   scf:   22   -31023.380431   -31023.380452   -31023.399593  0.000779 -6.895156  0.017707
     spin moment: {S} , |S| = {        0.0        0.0   -2.16757 }    -2.16757
   scf:   23   -31023.380488   -31023.380470   -31023.399613  0.000667 -6.895187  0.021074
     spin moment: {S} , |S| = {        0.0        0.0   -2.16795 }    -2.16795
   scf:   24   -31023.380462   -31023.380466   -31023.399609  0.000133 -6.895182  0.020945
     spin moment: {S} , |S| = {        0.0        0.0   -2.16786 }    -2.16786

SCF Convergence by DM criterion
max |DM_out - DM_in|         :     0.0001333586
max |H_out - H_in|      (eV) :     0.0209448442
SCF cycle converged after 24 iterations

Using DM_out to compute the final energy and forces
No. of atoms with KB's overlaping orbs in proc 0. Max # of overlaps:     172     947

siesta: E_KS(eV) =           -31023.3805

siesta: Atomic forces (eV/Ang):
     1    0.000001   -0.037821   -0.000002
     2   -0.000000   -0.065694   -0.000001
     3    0.000000   -0.272856    0.000001
     4    0.000001    0.055160    0.000000
     5   -0.000001   -0.062610    0.000000
     6    0.000001    0.149913    0.000003
     7    0.000001    0.095114   -0.000001
     8   -0.000002   -0.016801    0.000002
     9    0.000001    0.138216    0.000001
    10    0.000001   -0.001898    0.000001
----------------------------------------
   Tot    0.000002   -0.019277    0.000004
----------------------------------------
   Max    0.272856
   Res    0.067840    sqrt( Sum f_i^2 / 3N )
----------------------------------------
   Max    0.272856    constrained

Stress tensor Voigt[x,y,z,yz,xz,xy] (kbar):        0.47        6.37        6.72        0.00       -0.00       -0.00
(Free)E + p*V (eV/cell)   -31023.7313
Target enthalpy (eV/cell)   -31023.3996

siesta: Stress tensor (static) (eV/Ang**3):
         0.000293   -0.000000   -0.000000
        -0.000000    0.003976    0.000000
        -0.000000    0.000000    0.004196

siesta: Pressure (static):         -4.52091915  kBar

siesta: Stress tensor (total) (eV/Ang**3):
         0.000293   -0.000000   -0.000000
        -0.000000    0.003976    0.000000
        -0.000000    0.000000    0.004196

siesta: Pressure (total):         -4.52091915  kBar

cgvc: Finished line minimization    5.  Mean atomic displacement =    0.0500

                     ====================================
                        Begin CG opt. move =     14
                     ====================================
k-point displ. along   1 input, could be:     0.00    0.50
k-point displ. along   2 input, could be:     0.00    0.50
k-point displ. along   3 input, could be:     0.00    0.50
 Kpoints in:           32 . Kpoints trimmed:           31

siesta: k-grid: Number of k-points = 31
siesta: k-points from Monkhorst-Pack grid
siesta: k-cutoff (effective) =     6.807 Ang
siesta: k-point supercell and displacements
siesta: k-grid:     6     0     0      0.000
siesta: k-grid:     0     2     0      0.000
siesta: k-grid:     0     0     4      0.000

superc: Internal auxiliary supercell:    13 x     3 x     9  =     351
superc: Number of atoms, orbitals, and projectors:   3510  85644  63180

outcell: Unit cell vectors (Ang):
        2.570324    0.000000    0.000000
        0.000000   13.373166    0.000000
        0.000000    0.000000    3.403380

outcell: Cell vector modules (Ang)   :    2.570324   13.373166    3.403380
outcell: Cell angles (23,13,12) (deg):     90.0000     90.0000     90.0000
outcell: Cell volume (Ang**3)        :    116.9856
<dSpData1D:S at geom step 14
  <sparsity:sparsity for geom step 14
    nrows_g=244 nrows=14 sparsity=1.3305 nnzs=79210, refcount: 7>
  <dData1D:(new from dSpData1D) n=79210, refcount: 1>
refcount: 1>
new_DM -- step:    15
Re-using DM from previous geometries...
Number of DMs in history: 1
 DM extrapolation coefficients: 
1   1.00000
New DM after history re-use:
<dSpData2D:SpM extrapolated using coords
  <sparsity:sparsity for geom step 14
    nrows_g=244 nrows=14 sparsity=1.3305 nnzs=79210, refcount: 9>
  <dData2D:(temp array for extrapolation) n=79210 m=2, refcount: 1>
refcount: 1>
No. of atoms with KB's overlaping orbs in proc 0. Max # of overlaps:     172     948

InitMesh: MESH = 30 x 144 x 36 = 155520
InitMesh: Mesh cutoff (required, used) =   300.000   309.233 Ry
New grid distribution [1]: sub = 2
New grid distribution [2]: sub = 2
New grid distribution [3]: sub = 2
Setting up quadratic distribution...

        iscf     Eharris(eV)        E_KS(eV)     FreeEng(eV)     dDmax    Ef(eV) dHmax(eV)
   scf:    1   -30978.227468   -31008.872475   -31008.892358  0.354259 -6.776252 22.095112
     spin moment: {S} , |S| = {        0.0        0.0   -2.00615 }    -2.00615
   scf:    2    17579.465389   -14982.152726   -14982.162982133.406324 -6.527846721.649769
     spin moment: {S} , |S| = {        0.0        0.0   -1.93264 }    -1.93264
   scf:    3   -32448.579746   -30997.448105   -30997.470084133.266168 -6.917780 32.242460
     spin moment: {S} , |S| = {        0.0        0.0   -2.42523 }    -2.42523
   scf:    4   -31030.604763   -31022.033583   -31022.052218  0.279399 -6.893342  7.838619
     spin moment: {S} , |S| = {        0.0        0.0   -2.24131 }    -2.24131
   scf:    5   -31022.690520   -31022.763372   -31022.782647  0.081326 -6.901131  4.970715
     spin moment: {S} , |S| = {        0.0        0.0   -2.17738 }    -2.17738
   scf:    6   -31019.339466   -31021.589684   -31021.608660  0.046768 -6.906156  8.172413
     spin moment: {S} , |S| = {        0.0        0.0   -2.21735 }    -2.21735
   scf:    7   -31023.929696   -31023.077735   -31023.096939  0.055237 -6.910377  3.604970
     spin moment: {S} , |S| = {        0.0        0.0   -2.18248 }    -2.18248
   scf:    8   -31023.455894   -31023.303518   -31023.322780  0.019306 -6.910934  1.816576
     spin moment: {S} , |S| = {        0.0        0.0   -2.17621 }    -2.17621
   scf:    9   -31023.367142   -31023.338311   -31023.357512  0.012869 -6.911015  1.324072
     spin moment: {S} , |S| = {        0.0        0.0   -2.17740 }    -2.17740
   scf:   10   -31023.396458   -31023.374658   -31023.393920  0.009163 -6.911172  0.558088
     spin moment: {S} , |S| = {        0.0        0.0   -2.17432 }    -2.17432
   scf:   11   -31023.385698   -31023.383967   -31023.403220  0.023575 -6.910039  0.053498
     spin moment: {S} , |S| = {        0.0        0.0   -2.17452 }    -2.17452
   scf:   12   -31023.384156   -31023.384083   -31023.403337  0.002028 -6.909992  0.032832
     spin moment: {S} , |S| = {        0.0        0.0   -2.17509 }    -2.17509
   scf:   13   -31023.384437   -31023.384258   -31023.403512  0.005309 -6.909979  0.026262
     spin moment: {S} , |S| = {        0.0        0.0   -2.17673 }    -2.17673
   scf:   14   -31023.384737   -31023.384488   -31023.403740  0.007443 -6.910039  0.035157
     spin moment: {S} , |S| = {        0.0        0.0   -2.17931 }    -2.17931
   scf:   15   -31023.384679   -31023.384581   -31023.403837  0.002456 -6.910160  0.029520
     spin moment: {S} , |S| = {        0.0        0.0   -2.18060 }    -2.18060
   scf:   16   -31023.384774   -31023.384674   -31023.403933  0.002781 -6.910224  0.031721
     spin moment: {S} , |S| = {        0.0        0.0   -2.18192 }    -2.18192
   scf:   17   -31023.385067   -31023.384856   -31023.404125  0.005624 -6.910433  0.028564
     spin moment: {S} , |S| = {        0.0        0.0   -2.18465 }    -2.18465
   scf:   18   -31023.385174   -31023.385004   -31023.404286  0.004689 -6.910560  0.027464
     spin moment: {S} , |S| = {        0.0        0.0   -2.18697 }    -2.18697
   scf:   19   -31023.385292   -31023.385139   -31023.404435  0.004278 -6.910618  0.026795
     spin moment: {S} , |S| = {        0.0        0.0   -2.18918 }    -2.18918
   scf:   20   -31023.385448   -31023.385282   -31023.404598  0.004738 -6.910724  0.027116
     spin moment: {S} , |S| = {        0.0        0.0   -2.19155 }    -2.19155
   scf:   21   -31023.385624   -31023.385439   -31023.404779  0.005171 -6.910819  0.024756
     spin moment: {S} , |S| = {        0.0        0.0   -2.19427 }    -2.19427
   scf:   22   -31023.385705   -31023.385562   -31023.404925  0.004100 -6.910838  0.026468
     spin moment: {S} , |S| = {        0.0        0.0   -2.19651 }    -2.19651
   scf:   23   -31023.385433   -31023.385495   -31023.404846  0.002237 -6.910799  0.026962
     spin moment: {S} , |S| = {        0.0        0.0   -2.19531 }    -2.19531
   scf:   24   -31023.385509   -31023.385502   -31023.404854  0.000229 -6.910811  0.026619
     spin moment: {S} , |S| = {        0.0        0.0   -2.19542 }    -2.19542

SCF Convergence by DM criterion
max |DM_out - DM_in|         :     0.0002288079
max |H_out - H_in|      (eV) :     0.0266187168
SCF cycle converged after 24 iterations

Using DM_out to compute the final energy and forces
No. of atoms with KB's overlaping orbs in proc 0. Max # of overlaps:     172     948

siesta: E_KS(eV) =           -31023.3855

siesta: Atomic forces (eV/Ang):
     1   -0.000001    0.052201    0.000002
     2    0.000001    0.074770    0.000001
     3   -0.000001    0.219137   -0.000000
     4   -0.000001   -0.040898   -0.000002
     5    0.000001    0.010852    0.000001
     6   -0.000001   -0.052634   -0.000001
     7   -0.000000    0.085448   -0.000000
     8    0.000001   -0.202659   -0.000004
     9    0.000001   -0.134288    0.000000
    10   -0.000001   -0.009728   -0.000000
----------------------------------------
   Tot   -0.000002    0.002200   -0.000003
----------------------------------------
   Max    0.219137
   Res    0.065166    sqrt( Sum f_i^2 / 3N )
----------------------------------------
   Max    0.219137    constrained

Stress tensor Voigt[x,y,z,yz,xz,xy] (kbar):      -13.89       -4.42      -13.14       -0.00       -0.00        0.00
(Free)E + p*V (eV/cell)   -31022.6395
Target enthalpy (eV/cell)   -31023.4049

siesta: Stress tensor (static) (eV/Ang**3):
        -0.008669    0.000000   -0.000000
         0.000000   -0.002758   -0.000000
        -0.000000   -0.000000   -0.008200

siesta: Pressure (static):         10.48204906  kBar

siesta: Stress tensor (total) (eV/Ang**3):
        -0.008669    0.000000   -0.000000
         0.000000   -0.002758   -0.000000
        -0.000000   -0.000000   -0.008200

siesta: Pressure (total):         10.48204906  kBar

                     ====================================
                        Begin CG opt. move =     15
                     ====================================
k-point displ. along   1 input, could be:     0.00    0.50
k-point displ. along   2 input, could be:     0.00    0.50
k-point displ. along   3 input, could be:     0.00    0.50
 Kpoints in:           32 . Kpoints trimmed:           31

siesta: k-grid: Number of k-points = 31
siesta: k-points from Monkhorst-Pack grid
siesta: k-cutoff (effective) =     6.829 Ang
siesta: k-point supercell and displacements
siesta: k-grid:     6     0     0      0.000
siesta: k-grid:     0     2     0      0.000
siesta: k-grid:     0     0     4      0.000

superc: Internal auxiliary supercell:    13 x     3 x     9  =     351
superc: Number of atoms, orbitals, and projectors:   3510  85644  63180

outcell: Unit cell vectors (Ang):
        2.571623    0.000000   -0.000000
        0.000000   13.350400    0.000000
       -0.000000    0.000000    3.414709

outcell: Cell vector modules (Ang)   :    2.571623   13.350400    3.414709
outcell: Cell angles (23,13,12) (deg):     90.0000     90.0000     90.0000
outcell: Cell volume (Ang**3)        :    117.2345
<dSpData1D:S at geom step 15
  <sparsity:sparsity for geom step 15
    nrows_g=244 nrows=14 sparsity=1.3256 nnzs=78922, refcount: 7>
  <dData1D:(new from dSpData1D) n=78922, refcount: 1>
refcount: 1>
new_DM -- step:    16
Re-using DM from previous geometries...
Number of DMs in history: 1
 DM extrapolation coefficients: 
1   1.00000
New DM after history re-use:
<dSpData2D:SpM extrapolated using coords
  <sparsity:sparsity for geom step 15
    nrows_g=244 nrows=14 sparsity=1.3256 nnzs=78922, refcount: 9>
  <dData2D:(temp array for extrapolation) n=78922 m=2, refcount: 1>
refcount: 1>
No. of atoms with KB's overlaping orbs in proc 0. Max # of overlaps:     172     948

InitMesh: MESH = 30 x 144 x 36 = 155520
InitMesh: Mesh cutoff (required, used) =   300.000   307.185 Ry
New grid distribution [1]: sub = 2
New grid distribution [2]: sub = 2
New grid distribution [3]: sub = 2
Setting up quadratic distribution...

        iscf     Eharris(eV)        E_KS(eV)     FreeEng(eV)     dDmax    Ef(eV) dHmax(eV)
   scf:    1   -31017.275480   -31021.170179   -31021.190554  0.128203 -6.967035  8.596322
     spin moment: {S} , |S| = {        0.0        0.0   -2.28965 }    -2.28965
   scf:    2    -8824.270412   -23669.243567   -23669.258542 51.737802 -4.193722488.047414
     spin moment: {S} , |S| = {        0.0        0.0   -1.28970 }    -1.28970
   scf:    3   -31106.971044   -31020.955789   -31020.973635 51.635035 -6.898993  9.003494
     spin moment: {S} , |S| = {        0.0        0.0   -2.26422 }    -2.26422
   scf:    4   -31023.150077   -31023.289180   -31023.309001  0.091021 -6.917432  2.109887
     spin moment: {S} , |S| = {        0.0        0.0   -2.21193 }    -2.21193
   scf:    5   -31023.406282   -31023.369855   -31023.389500  0.020951 -6.914434  0.753295
     spin moment: {S} , |S| = {        0.0        0.0   -2.21025 }    -2.21025
   scf:    6   -31023.234098   -31023.343001   -31023.362871  0.021548 -6.904924  1.344867
     spin moment: {S} , |S| = {        0.0        0.0   -2.21707 }    -2.21707
   scf:    7   -31023.393730   -31023.389656   -31023.409279  0.020444 -6.904302  0.149856
     spin moment: {S} , |S| = {        0.0        0.0   -2.21542 }    -2.21542
   scf:    8   -31023.389571   -31023.389946   -31023.409601  0.004031 -6.902746  0.157118
     spin moment: {S} , |S| = {        0.0        0.0   -2.21548 }    -2.21548
   scf:    9   -31023.389349   -31023.390251   -31023.409901  0.004504 -6.903480  0.126755
     spin moment: {S} , |S| = {        0.0        0.0   -2.21628 }    -2.21628
   scf:   10   -31023.390590   -31023.390651   -31023.410351  0.004578 -6.904065  0.051899
     spin moment: {S} , |S| = {        0.0        0.0   -2.21873 }    -2.21873
   scf:   11   -31023.390944   -31023.390823   -31023.410555  0.003845 -6.904666  0.029684
     spin moment: {S} , |S| = {        0.0        0.0   -2.22094 }    -2.22094
   scf:   12   -31023.390905   -31023.390863   -31023.410610  0.001066 -6.904677  0.027364
     spin moment: {S} , |S| = {        0.0        0.0   -2.22187 }    -2.22187
   scf:   13   -31023.391206   -31023.391020   -31023.410821  0.004524 -6.904745  0.025370
     spin moment: {S} , |S| = {        0.0        0.0   -2.22549 }    -2.22549
   scf:   14   -31023.391157   -31023.391086   -31023.410912  0.001966 -6.904774  0.025289
     spin moment: {S} , |S| = {        0.0        0.0   -2.22708 }    -2.22708
   scf:   15   -31023.391121   -31023.391103   -31023.410935  0.000504 -6.904759  0.025306
     spin moment: {S} , |S| = {        0.0        0.0   -2.22751 }    -2.22751
   scf:   16   -31023.391106   -31023.391105   -31023.410938  0.000082 -6.904768  0.025534
     spin moment: {S} , |S| = {        0.0        0.0   -2.22755 }    -2.22755

SCF Convergence by DM criterion
max |DM_out - DM_in|         :     0.0000824232
max |H_out - H_in|      (eV) :     0.0255335650
SCF cycle converged after 16 iterations

Using DM_out to compute the final energy and forces
No. of atoms with KB's overlaping orbs in proc 0. Max # of overlaps:     172     948

siesta: E_KS(eV) =           -31023.3911

siesta: Atomic forces (eV/Ang):
     1   -0.000001    0.009767    0.000001
     2    0.000001    0.026558   -0.000001
     3   -0.000001   -0.004878   -0.000000
     4   -0.000001   -0.024465   -0.000002
     5   -0.000000   -0.034993   -0.000000
     6   -0.000000    0.027889    0.000001
     7   -0.000000    0.140052    0.000000
     8    0.000000   -0.132749    0.000000
     9    0.000000   -0.016224    0.000001
    10   -0.000001    0.002742    0.000002
----------------------------------------
   Tot   -0.000003   -0.006300   -0.000001
----------------------------------------
   Max    0.140052
   Res    0.036938    sqrt( Sum f_i^2 / 3N )
----------------------------------------
   Max    0.140052    constrained

Stress tensor Voigt[x,y,z,yz,xz,xy] (kbar):       -6.70        1.87       -4.22       -0.00       -0.00        0.00
(Free)E + p*V (eV/cell)   -31023.1903
Target enthalpy (eV/cell)   -31023.4109

siesta: Stress tensor (static) (eV/Ang**3):
        -0.004181    0.000000   -0.000000
         0.000000    0.001168   -0.000000
        -0.000000   -0.000000   -0.002634

siesta: Pressure (static):          3.01586202  kBar

siesta: Stress tensor (total) (eV/Ang**3):
        -0.004181    0.000000   -0.000000
         0.000000    0.001168   -0.000000
        -0.000000   -0.000000   -0.002634

siesta: Pressure (total):          3.01586202  kBar

cgvc: Finished line minimization    6.  Mean atomic displacement =    0.0280

                     ====================================
                        Begin CG opt. move =     16
                     ====================================
k-point displ. along   1 input, could be:     0.00    0.50
k-point displ. along   2 input, could be:     0.00    0.50
k-point displ. along   3 input, could be:     0.00    0.50
 Kpoints in:           32 . Kpoints trimmed:           31

siesta: k-grid: Number of k-points = 31
siesta: k-points from Monkhorst-Pack grid
siesta: k-cutoff (effective) =     6.829 Ang
siesta: k-point supercell and displacements
siesta: k-grid:     6     0     0      0.000
siesta: k-grid:     0     2     0      0.000
siesta: k-grid:     0     0     4      0.000

superc: Internal auxiliary supercell:    13 x     3 x     9  =     351
superc: Number of atoms, orbitals, and projectors:   3510  85644  63180

outcell: Unit cell vectors (Ang):
        2.578812   -0.000000    0.000000
       -0.000000   13.353557    0.000000
        0.000000    0.000000    3.414707

outcell: Cell vector modules (Ang)   :    2.578812   13.353557    3.414707
outcell: Cell angles (23,13,12) (deg):     90.0000     90.0000     90.0000
outcell: Cell volume (Ang**3)        :    117.5899
<dSpData1D:S at geom step 16
  <sparsity:sparsity for geom step 16
    nrows_g=244 nrows=14 sparsity=1.3172 nnzs=78418, refcount: 7>
  <dData1D:(new from dSpData1D) n=78418, refcount: 1>
refcount: 1>
new_DM -- step:    17
Re-using DM from previous geometries...
Number of DMs in history: 1
 DM extrapolation coefficients: 
1   1.00000
New DM after history re-use:
<dSpData2D:SpM extrapolated using coords
  <sparsity:sparsity for geom step 16
    nrows_g=244 nrows=14 sparsity=1.3172 nnzs=78418, refcount: 9>
  <dData2D:(temp array for extrapolation) n=78418 m=2, refcount: 1>
refcount: 1>
No. of atoms with KB's overlaping orbs in proc 0. Max # of overlaps:     170     948

InitMesh: MESH = 30 x 144 x 36 = 155520
InitMesh: Mesh cutoff (required, used) =   300.000   307.185 Ry
New grid distribution [1]: sub = 2
New grid distribution [2]: sub = 2
New grid distribution [3]: sub = 2
Setting up quadratic distribution...

        iscf     Eharris(eV)        E_KS(eV)     FreeEng(eV)     dDmax    Ef(eV) dHmax(eV)
   scf:    1   -31022.451057   -31023.121458   -31023.141834  0.145120 -6.883365  3.431570
     spin moment: {S} , |S| = {        0.0        0.0   -2.29391 }    -2.29391
   scf:    2   -28717.182579   -30258.587606   -30258.615165  1.671755 -6.548641177.062809
     spin moment: {S} , |S| = {        0.0        0.0   -1.00123 }    -1.00123
   scf:    3   -31049.767924   -31023.170132   -31023.188770  1.664581 -6.886004  2.664987
     spin moment: {S} , |S| = {        0.0        0.0   -2.29600 }    -2.29600
   scf:    4   -31023.322308   -31023.328502   -31023.347875  0.025173 -6.886816  1.863955
     spin moment: {S} , |S| = {        0.0        0.0   -2.28357 }    -2.28357
   scf:    5   -31023.372007   -31023.386874   -31023.406605  0.034537 -6.888775  0.427482
     spin moment: {S} , |S| = {        0.0        0.0   -2.29639 }    -2.29639
   scf:    6   -31023.390167   -31023.390706   -31023.410551  0.005597 -6.890826  0.188745
     spin moment: {S} , |S| = {        0.0        0.0   -2.29626 }    -2.29626
   scf:    7   -31023.392436   -31023.391888   -31023.411822  0.003806 -6.892477  0.116786
     spin moment: {S} , |S| = {        0.0        0.0   -2.30075 }    -2.30075
   scf:    8   -31023.392893   -31023.392523   -31023.412478  0.003311 -6.892815  0.069835
     spin moment: {S} , |S| = {        0.0        0.0   -2.30395 }    -2.30395
   scf:    9   -31023.393289   -31023.393017   -31023.413112  0.006593 -6.893172  0.079710
     spin moment: {S} , |S| = {        0.0        0.0   -2.31280 }    -2.31280
   scf:   10   -31023.394070   -31023.393613   -31023.413941  0.006723 -6.892950  0.043629
     spin moment: {S} , |S| = {        0.0        0.0   -2.32395 }    -2.32395
   scf:   11   -31023.393889   -31023.393748   -31023.414148  0.002177 -6.892998  0.039496
     spin moment: {S} , |S| = {        0.0        0.0   -2.32820 }    -2.32820
   scf:   12   -31023.394070   -31023.393903   -31023.414382  0.002735 -6.893028  0.040389
     spin moment: {S} , |S| = {        0.0        0.0   -2.33297 }    -2.33297
   scf:   13   -31023.394995   -31023.394393   -31023.415120  0.008494 -6.893172  0.040667
     spin moment: {S} , |S| = {        0.0        0.0   -2.34835 }    -2.34835
   scf:   14   -31023.394553   -31023.394472   -31023.415238  0.001399 -6.893185  0.040646
     spin moment: {S} , |S| = {        0.0        0.0   -2.35077 }    -2.35077
   scf:   15   -31023.394534   -31023.394503   -31023.415283  0.000562 -6.893202  0.039896
     spin moment: {S} , |S| = {        0.0        0.0   -2.35172 }    -2.35172
   scf:   16   -31023.394264   -31023.394380   -31023.415098  0.002132 -6.893150  0.042181
     spin moment: {S} , |S| = {        0.0        0.0   -2.34782 }    -2.34782
   scf:   17   -31023.393941   -31023.394148   -31023.414751  0.004318 -6.893077  0.038608
     spin moment: {S} , |S| = {        0.0        0.0   -2.34070 }    -2.34070
   scf:   18   -31023.392324   -31023.392683   -31023.412563  0.028888 -6.892751  0.062407
     spin moment: {S} , |S| = {        0.0        0.0   -2.29622 }    -2.29622
   scf:   19   -31023.392599   -31023.392641   -31023.412493  0.000943 -6.892720  0.054832
     spin moment: {S} , |S| = {        0.0        0.0   -2.29460 }    -2.29460
   scf:   20   -31023.390879   -31023.391324   -31023.410598  0.027502 -6.892689  0.092873
     spin moment: {S} , |S| = {        0.0        0.0   -2.25790 }    -2.25790
   scf:   21   -31023.391934   -31023.391603   -31023.411010  0.006582 -6.892726  0.097156
     spin moment: {S} , |S| = {        0.0        0.0   -2.26627 }    -2.26627
   scf:   22   -31023.389836   -31023.389913   -31023.408655  0.038091 -6.892822  0.114491
     spin moment: {S} , |S| = {        0.0        0.0   -2.22163 }    -2.22163
   scf:   23   -31023.389401   -31023.389624   -31023.408244  0.007632 -6.892836  0.098852
     spin moment: {S} , |S| = {        0.0        0.0   -2.21324 }    -2.21324
   scf:   24   -31023.390154   -31023.389948   -31023.408622  0.006296 -6.892491  0.051524
     spin moment: {S} , |S| = {        0.0        0.0   -2.21974 }    -2.21974
   scf:   25   -31023.388133   -31023.388964   -31023.407403  0.020755 -6.893015  0.116132
     spin moment: {S} , |S| = {        0.0        0.0   -2.19935 }    -2.19935
   scf:   26   -31023.389154   -31023.389084   -31023.407513  0.001252 -6.892799  0.063310
     spin moment: {S} , |S| = {        0.0        0.0   -2.20059 }    -2.20059
   scf:   27   -31023.386859   -31023.387698   -31023.405877  0.027094 -6.893301  0.151609
     spin moment: {S} , |S| = {        0.0        0.0   -2.17917 }    -2.17917
   scf:   28   -31023.390687   -31023.389084   -31023.407544  0.027534 -6.892383  0.049588
     spin moment: {S} , |S| = {        0.0        0.0   -2.20722 }    -2.20722
   scf:   29   -31023.388911   -31023.389003   -31023.407473  0.002240 -6.892439  0.041253
     spin moment: {S} , |S| = {        0.0        0.0   -2.20799 }    -2.20799
   scf:   30   -31023.390872   -31023.389762   -31023.408495  0.018177 -6.892216  0.034410
     spin moment: {S} , |S| = {        0.0        0.0   -2.22824 }    -2.22824
   scf:   31   -31023.390908   -31023.390257   -31023.409190  0.011929 -6.892154  0.039551
     spin moment: {S} , |S| = {        0.0        0.0   -2.24250 }    -2.24250
   scf:   32   -31023.390490   -31023.390369   -31023.409356  0.002662 -6.892157  0.038148
     spin moment: {S} , |S| = {        0.0        0.0   -2.24613 }    -2.24613
   scf:   33   -31023.390430   -31023.390399   -31023.409405  0.000768 -6.892160  0.042285
     spin moment: {S} , |S| = {        0.0        0.0   -2.24742 }    -2.24742
   scf:   34   -31023.390493   -31023.390445   -31023.409486  0.001124 -6.892178  0.043279
     spin moment: {S} , |S| = {        0.0        0.0   -2.24965 }    -2.24965
   scf:   35   -31023.390344   -31023.390394   -31023.409453  0.001277 -6.892262  0.043865
     spin moment: {S} , |S| = {        0.0        0.0   -2.25029 }    -2.25029
   scf:   36   -31023.390378   -31023.390384   -31023.409489  0.000729 -6.892316  0.043519
     spin moment: {S} , |S| = {        0.0        0.0   -2.25299 }    -2.25299
   scf:   37   -31023.390160   -31023.390268   -31023.409390  0.002419 -6.892390  0.040203
     spin moment: {S} , |S| = {        0.0        0.0   -2.25374 }    -2.25374
   scf:   38   -31023.390052   -31023.390154   -31023.409324  0.001761 -6.892461  0.043210
     spin moment: {S} , |S| = {        0.0        0.0   -2.25658 }    -2.25658
   scf:   39   -31023.389087   -31023.389498   -31023.408599  0.012990 -6.892601  0.041324
     spin moment: {S} , |S| = {        0.0        0.0   -2.25182 }    -2.25182
   scf:   40   -31023.389051   -31023.389256   -31023.408418  0.003204 -6.892679  0.040826
     spin moment: {S} , |S| = {        0.0        0.0   -2.25580 }    -2.25580
   scf:   41   -31023.388895   -31023.389066   -31023.408208  0.003466 -6.892770  0.040764
     spin moment: {S} , |S| = {        0.0        0.0   -2.25424 }    -2.25424
   scf:   42   -31023.389189   -31023.389123   -31023.408354  0.002671 -6.892845  0.043535
     spin moment: {S} , |S| = {        0.0        0.0   -2.25974 }    -2.25974
   scf:   43   -31023.389193   -31023.389157   -31023.408417  0.001227 -6.892844  0.043491
     spin moment: {S} , |S| = {        0.0        0.0   -2.26167 }    -2.26167
   scf:   44   -31023.389174   -31023.389164   -31023.408378  0.000896 -6.892830  0.042848
     spin moment: {S} , |S| = {        0.0        0.0   -2.25863 }    -2.25863
   scf:   45   -31023.389085   -31023.389122   -31023.408274  0.001684 -6.892777  0.041426
     spin moment: {S} , |S| = {        0.0        0.0   -2.25484 }    -2.25484
   scf:   46   -31023.388911   -31023.389011   -31023.408095  0.003202 -6.892722  0.036567
     spin moment: {S} , |S| = {        0.0        0.0   -2.25058 }    -2.25058
   scf:   47   -31023.388522   -31023.388746   -31023.407775  0.006362 -6.892868  0.038036
     spin moment: {S} , |S| = {        0.0        0.0   -2.24591 }    -2.24591
   scf:   48   -31023.387295   -31023.387698   -31023.406543  0.023572 -6.893486  0.031320
     spin moment: {S} , |S| = {        0.0        0.0   -2.22875 }    -2.22875
   scf:   49   -31023.386501   -31023.386903   -31023.405587  0.019040 -6.894045  0.035243
     spin moment: {S} , |S| = {        0.0        0.0   -2.21215 }    -2.21215
   scf:   50   -31023.388417   -31023.387538   -31023.406352  0.014986 -6.893617  0.045925
     spin moment: {S} , |S| = {        0.0        0.0   -2.22508 }    -2.22508
   scf:   51   -31023.385979   -31023.385641   -31023.404042  0.045338 -6.894806  0.059668
     spin moment: {S} , |S| = {        0.0        0.0   -2.18200 }    -2.18200
   scf:   52   -31023.386959   -31023.386210   -31023.404722  0.013310 -6.894469  0.039527
     spin moment: {S} , |S| = {        0.0        0.0   -2.19469 }    -2.19469
   scf:   53   -31023.386472   -31023.386331   -31023.404918  0.003780 -6.894412  0.040957
     spin moment: {S} , |S| = {        0.0        0.0   -2.20170 }    -2.20170
   scf:   54   -31023.387163   -31023.386708   -31023.405365  0.008862 -6.894242  0.033518
     spin moment: {S} , |S| = {        0.0        0.0   -2.20768 }    -2.20768
   scf:   55   -31023.386702   -31023.386704   -31023.405328  0.000865 -6.894231  0.042760
     spin moment: {S} , |S| = {        0.0        0.0   -2.20441 }    -2.20441
   scf:   56   -31023.386231   -31023.386449   -31023.405047  0.005622 -6.894405  0.037029
     spin moment: {S} , |S| = {        0.0        0.0   -2.20068 }    -2.20068
   scf:   57   -31023.387561   -31023.386927   -31023.405647  0.012070 -6.894111  0.040078
     spin moment: {S} , |S| = {        0.0        0.0   -2.21274 }    -2.21274
   scf:   58   -31023.387584   -31023.387219   -31023.406054  0.007977 -6.893962  0.039923
     spin moment: {S} , |S| = {        0.0        0.0   -2.22253 }    -2.22253
   scf:   59   -31023.387032   -31023.387121   -31023.405910  0.002741 -6.893989  0.040510
     spin moment: {S} , |S| = {        0.0        0.0   -2.21898 }    -2.21898
   scf:   60   -31023.386982   -31023.387050   -31023.405832  0.001482 -6.894017  0.039476
     spin moment: {S} , |S| = {        0.0        0.0   -2.21829 }    -2.21829
   scf:   61   -31023.386966   -31023.387007   -31023.405810  0.000490 -6.894002  0.039348
     spin moment: {S} , |S| = {        0.0        0.0   -2.22014 }    -2.22014

SCF Convergence by DM criterion
max |DM_out - DM_in|         :     0.0004899246
max |H_out - H_in|      (eV) :     0.0393481220
SCF cycle converged after 61 iterations

Using DM_out to compute the final energy and forces
No. of atoms with KB's overlaping orbs in proc 0. Max # of overlaps:     170     948

siesta: E_KS(eV) =           -31023.3870

siesta: Atomic forces (eV/Ang):
     1   -0.000000   -0.078184    0.000002
     2    0.000000    0.059345    0.000002
     3    0.000000    0.220894   -0.000000
     4    0.000000    0.107318    0.000001
     5   -0.000002   -0.007017    0.000002
     6    0.000000   -0.025950   -0.000003
     7   -0.000001   -0.236539   -0.000001
     8   -0.000000    0.081241   -0.000001
     9   -0.000000   -0.013439   -0.000000
    10    0.000003   -0.096730   -0.000004
----------------------------------------
   Tot   -0.000000    0.010941   -0.000004
----------------------------------------
   Max    0.236539
   Res    0.068982    sqrt( Sum f_i^2 / 3N )
----------------------------------------
   Max    0.236539    constrained

Stress tensor Voigt[x,y,z,yz,xz,xy] (kbar):        3.39       -4.80        2.18        0.00        0.00       -0.00
(Free)E + p*V (eV/cell)   -31023.4246
Target enthalpy (eV/cell)   -31023.4058

siesta: Stress tensor (static) (eV/Ang**3):
         0.002115   -0.000000    0.000000
        -0.000000   -0.002995    0.000000
         0.000000    0.000000    0.001359

siesta: Pressure (static):         -0.25584973  kBar

siesta: Stress tensor (total) (eV/Ang**3):
         0.002115   -0.000000    0.000000
        -0.000000   -0.002995    0.000000
         0.000000    0.000000    0.001359

siesta: Pressure (total):         -0.25584973  kBar

                     ====================================
                        Begin CG opt. move =     17
                     ====================================
k-point displ. along   1 input, could be:     0.00    0.50
k-point displ. along   2 input, could be:     0.00    0.50
k-point displ. along   3 input, could be:     0.00    0.50
 Kpoints in:           32 . Kpoints trimmed:           31

siesta: k-grid: Number of k-points = 31
siesta: k-points from Monkhorst-Pack grid
siesta: k-cutoff (effective) =     6.829 Ang
siesta: k-point supercell and displacements
siesta: k-grid:     6     0     0      0.000
siesta: k-grid:     0     2     0      0.000
siesta: k-grid:     0     0     4      0.000

superc: Internal auxiliary supercell:    13 x     3 x     9  =     351
superc: Number of atoms, orbitals, and projectors:   3510  85644  63180

outcell: Unit cell vectors (Ang):
        2.574950   -0.000000    0.000000
       -0.000000   13.351861    0.000000
        0.000000    0.000000    3.414708

outcell: Cell vector modules (Ang)   :    2.574950   13.351861    3.414708
outcell: Cell angles (23,13,12) (deg):     90.0000     90.0000     90.0000
outcell: Cell volume (Ang**3)        :    117.3990
<dSpData1D:S at geom step 17
  <sparsity:sparsity for geom step 17
    nrows_g=244 nrows=14 sparsity=1.3261 nnzs=78952, refcount: 7>
  <dData1D:(new from dSpData1D) n=78952, refcount: 1>
refcount: 1>
new_DM -- step:    18
Re-using DM from previous geometries...
Number of DMs in history: 1
 DM extrapolation coefficients: 
1   1.00000
New DM after history re-use:
<dSpData2D:SpM extrapolated using coords
  <sparsity:sparsity for geom step 17
    nrows_g=244 nrows=14 sparsity=1.3261 nnzs=78952, refcount: 9>
  <dData2D:(temp array for extrapolation) n=78952 m=2, refcount: 1>
refcount: 1>
No. of atoms with KB's overlaping orbs in proc 0. Max # of overlaps:     172     948

InitMesh: MESH = 30 x 144 x 36 = 155520
InitMesh: Mesh cutoff (required, used) =   300.000   307.185 Ry
New grid distribution [1]: sub = 2
New grid distribution [2]: sub = 2
New grid distribution [3]: sub = 2
Setting up quadratic distribution...

        iscf     Eharris(eV)        E_KS(eV)     FreeEng(eV)     dDmax    Ef(eV) dHmax(eV)
   scf:    1   -31023.289548   -31023.340183   -31023.359507  0.149472 -6.906613  1.296316
     spin moment: {S} , |S| = {        0.0        0.0   -2.23339 }    -2.23339
   scf:    2   -30662.658896   -30903.870343   -30903.894216  1.053640 -6.938171 72.012550
     spin moment: {S} , |S| = {        0.0        0.0   -2.59169 }    -2.59169
   scf:    3   -31027.892945   -31023.369710   -31023.389197  1.036078 -6.903375  0.977144
     spin moment: {S} , |S| = {        0.0        0.0   -2.22424 }    -2.22424
   scf:    4   -31023.362008   -31023.379774   -31023.399311  0.019217 -6.901510  0.629481
     spin moment: {S} , |S| = {        0.0        0.0   -2.22403 }    -2.22403
   scf:    5   -31023.387808   -31023.389417   -31023.408890  0.005297 -6.901757  0.181501
     spin moment: {S} , |S| = {        0.0        0.0   -2.22817 }    -2.22817
   scf:    6   -31023.390644   -31023.390310   -31023.409761  0.003300 -6.900351  0.035946
     spin moment: {S} , |S| = {        0.0        0.0   -2.22896 }    -2.22896
   scf:    7   -31023.390633   -31023.390491   -31023.409940  0.002142 -6.899979  0.051184
     spin moment: {S} , |S| = {        0.0        0.0   -2.22964 }    -2.22964
   scf:    8   -31023.390790   -31023.390646   -31023.410096  0.002516 -6.899960  0.057710
     spin moment: {S} , |S| = {        0.0        0.0   -2.23073 }    -2.23073
   scf:    9   -31023.391094   -31023.390877   -31023.410346  0.003650 -6.899949  0.032852
     spin moment: {S} , |S| = {        0.0        0.0   -2.23293 }    -2.23293
   scf:   10   -31023.391230   -31023.391051   -31023.410541  0.004163 -6.899933  0.034329
     spin moment: {S} , |S| = {        0.0        0.0   -2.23514 }    -2.23514
   scf:   11   -31023.391226   -31023.391136   -31023.410643  0.002055 -6.899917  0.033326
     spin moment: {S} , |S| = {        0.0        0.0   -2.23650 }    -2.23650
   scf:   12   -31023.391398   -31023.391262   -31023.410795  0.003134 -6.899918  0.029974
     spin moment: {S} , |S| = {        0.0        0.0   -2.23852 }    -2.23852
   scf:   13   -31023.391738   -31023.391479   -31023.411066  0.005513 -6.899856  0.031588
     spin moment: {S} , |S| = {        0.0        0.0   -2.24232 }    -2.24232
   scf:   14   -31023.391528   -31023.391503   -31023.411096  0.000609 -6.899848  0.031565
     spin moment: {S} , |S| = {        0.0        0.0   -2.24274 }    -2.24274
   scf:   15   -31023.391627   -31023.391564   -31023.411172  0.001520 -6.899833  0.031406
     spin moment: {S} , |S| = {        0.0        0.0   -2.24384 }    -2.24384
   scf:   16   -31023.391575   -31023.391569   -31023.411179  0.000128 -6.899826  0.031295
     spin moment: {S} , |S| = {        0.0        0.0   -2.24396 }    -2.24396

SCF Convergence by DM criterion
max |DM_out - DM_in|         :     0.0001278976
max |H_out - H_in|      (eV) :     0.0312951664
SCF cycle converged after 16 iterations

Using DM_out to compute the final energy and forces
No. of atoms with KB's overlaping orbs in proc 0. Max # of overlaps:     172     948

siesta: E_KS(eV) =           -31023.3916

siesta: Atomic forces (eV/Ang):
     1   -0.000000   -0.031493    0.000001
     2    0.000000    0.040614    0.000001
     3    0.000001    0.095132    0.000001
     4    0.000001    0.034959   -0.000001
     5   -0.000000   -0.022431    0.000001
     6    0.000000    0.002651   -0.000002
     7   -0.000000   -0.022654   -0.000000
     8   -0.000001   -0.034027    0.000001
     9    0.000000   -0.021319    0.000001
    10    0.000000   -0.042376   -0.000001
----------------------------------------
   Tot    0.000001   -0.000944    0.000000
----------------------------------------
   Max    0.095132
   Res    0.024045    sqrt( Sum f_i^2 / 3N )
----------------------------------------
   Max    0.095132    constrained

Stress tensor Voigt[x,y,z,yz,xz,xy] (kbar):       -1.77       -1.02       -0.91        0.00       -0.00       -0.00
(Free)E + p*V (eV/cell)   -31023.3208
Target enthalpy (eV/cell)   -31023.4112

siesta: Stress tensor (static) (eV/Ang**3):
        -0.001106   -0.000000    0.000000
        -0.000000   -0.000634    0.000000
        -0.000000    0.000000   -0.000570

siesta: Pressure (static):          1.23339186  kBar

siesta: Stress tensor (total) (eV/Ang**3):
        -0.001106   -0.000000    0.000000
        -0.000000   -0.000634    0.000000
        -0.000000    0.000000   -0.000570

siesta: Pressure (total):          1.23339186  kBar

cgvc: Finished line minimization    7.  Mean atomic displacement =    0.0130

                     ====================================
                        Begin CG opt. move =     18
                     ====================================
k-point displ. along   1 input, could be:     0.00    0.50
k-point displ. along   2 input, could be:     0.00    0.50
k-point displ. along   3 input, could be:     0.00    0.50
 Kpoints in:           32 . Kpoints trimmed:           31

siesta: k-grid: Number of k-points = 31
siesta: k-points from Monkhorst-Pack grid
siesta: k-cutoff (effective) =     6.832 Ang
siesta: k-point supercell and displacements
siesta: k-grid:     6     0     0      0.000
siesta: k-grid:     0     2     0      0.000
siesta: k-grid:     0     0     4      0.000

superc: Internal auxiliary supercell:    13 x     3 x     9  =     351
superc: Number of atoms, orbitals, and projectors:   3510  85644  63180

outcell: Unit cell vectors (Ang):
        2.578125    0.000000    0.000000
        0.000000   13.357352    0.000000
        0.000000    0.000000    3.415940

outcell: Cell vector modules (Ang)   :    2.578125   13.357352    3.415940
outcell: Cell angles (23,13,12) (deg):     90.0000     90.0000     90.0000
outcell: Cell volume (Ang**3)        :    117.6345
<dSpData1D:S at geom step 18
  <sparsity:sparsity for geom step 18
    nrows_g=244 nrows=14 sparsity=1.3172 nnzs=78422, refcount: 7>
  <dData1D:(new from dSpData1D) n=78422, refcount: 1>
refcount: 1>
new_DM -- step:    19
Re-using DM from previous geometries...
Number of DMs in history: 1
 DM extrapolation coefficients: 
1   1.00000
New DM after history re-use:
<dSpData2D:SpM extrapolated using coords
  <sparsity:sparsity for geom step 18
    nrows_g=244 nrows=14 sparsity=1.3172 nnzs=78422, refcount: 9>
  <dData2D:(temp array for extrapolation) n=78422 m=2, refcount: 1>
refcount: 1>
No. of atoms with KB's overlaping orbs in proc 0. Max # of overlaps:     170     948

InitMesh: MESH = 30 x 144 x 36 = 155520
InitMesh: Mesh cutoff (required, used) =   300.000   306.963 Ry
New grid distribution [1]: sub = 2
New grid distribution [2]: sub = 2
New grid distribution [3]: sub = 2
Setting up quadratic distribution...

        iscf     Eharris(eV)        E_KS(eV)     FreeEng(eV)     dDmax    Ef(eV) dHmax(eV)
   scf:    1   -31023.131918   -31023.273439   -31023.292888  0.093958 -6.880153  2.298265
     spin moment: {S} , |S| = {        0.0        0.0   -2.25195 }    -2.25195
   scf:    2   -28773.062583   -30276.331718   -30276.363053  1.447418 -7.164316162.259419
     spin moment: {S} , |S| = {        0.0        0.0   -2.75364 }    -2.75364
   scf:    3   -31027.204984   -31023.338008   -31023.358010  1.442398 -6.891292  1.534630
     spin moment: {S} , |S| = {        0.0        0.0   -2.25949 }    -2.25949
   scf:    4   -31023.327817   -31023.376240   -31023.395886  0.020236 -6.889801  0.814276
     spin moment: {S} , |S| = {        0.0        0.0   -2.26638 }    -2.26638
   scf:    5   -31023.390886   -31023.387059   -31023.406717  0.007038 -6.891544  0.550051
     spin moment: {S} , |S| = {        0.0        0.0   -2.26429 }    -2.26429
   scf:    6   -31023.393716   -31023.393033   -31023.412807  0.007189 -6.893765  0.050432
     spin moment: {S} , |S| = {        0.0        0.0   -2.26689 }    -2.26689
   scf:    7   -31023.393248   -31023.393189   -31023.412973  0.002149 -6.894092  0.032252
     spin moment: {S} , |S| = {        0.0        0.0   -2.26876 }    -2.26876
   scf:    8   -31023.393371   -31023.393283   -31023.413079  0.001577 -6.893907  0.032959
     spin moment: {S} , |S| = {        0.0        0.0   -2.27001 }    -2.27001
   scf:    9   -31023.394052   -31023.393654   -31023.413519  0.008006 -6.893157  0.032585
     spin moment: {S} , |S| = {        0.0        0.0   -2.27652 }    -2.27652
   scf:   10   -31023.393808   -31023.393729   -31023.413618  0.001630 -6.893094  0.030147
     spin moment: {S} , |S| = {        0.0        0.0   -2.27824 }    -2.27824
   scf:   11   -31023.393830   -31023.393779   -31023.413682  0.001150 -6.893065  0.031380
     spin moment: {S} , |S| = {        0.0        0.0   -2.27936 }    -2.27936
   scf:   12   -31023.393919   -31023.393847   -31023.413772  0.001537 -6.893041  0.031138
     spin moment: {S} , |S| = {        0.0        0.0   -2.28093 }    -2.28093
   scf:   13   -31023.394010   -31023.393926   -31023.413875  0.001808 -6.892996  0.030683
     spin moment: {S} , |S| = {        0.0        0.0   -2.28277 }    -2.28277
   scf:   14   -31023.393721   -31023.393819   -31023.413736  0.002444 -6.893052  0.029950
     spin moment: {S} , |S| = {        0.0        0.0   -2.28029 }    -2.28029
   scf:   15   -31023.394016   -31023.393914   -31023.413860  0.002168 -6.893022  0.031372
     spin moment: {S} , |S| = {        0.0        0.0   -2.28250 }    -2.28250
   scf:   16   -31023.393955   -31023.393934   -31023.413888  0.000386 -6.893042  0.029073
     spin moment: {S} , |S| = {        0.0        0.0   -2.28297 }    -2.28297

SCF Convergence by DM criterion
max |DM_out - DM_in|         :     0.0003864342
max |H_out - H_in|      (eV) :     0.0290725855
SCF cycle converged after 16 iterations

Using DM_out to compute the final energy and forces
No. of atoms with KB's overlaping orbs in proc 0. Max # of overlaps:     170     948

siesta: E_KS(eV) =           -31023.3939

siesta: Atomic forces (eV/Ang):
     1   -0.000000   -0.048781    0.000001
     2    0.000000    0.034288   -0.000001
     3   -0.000000   -0.094173   -0.000001
     4   -0.000002   -0.020279    0.000001
     5   -0.000000    0.018043   -0.000000
     6   -0.000000    0.020962    0.000000
     7   -0.000001    0.019588    0.000000
     8    0.000001    0.006883   -0.000000
     9   -0.000002    0.055413   -0.000002
    10    0.000000    0.015842    0.000000
----------------------------------------
   Tot   -0.000005    0.007786   -0.000003
----------------------------------------
   Max    0.094173
   Res    0.024050    sqrt( Sum f_i^2 / 3N )
----------------------------------------
   Max    0.094173    constrained

Stress tensor Voigt[x,y,z,yz,xz,xy] (kbar):        4.14       -1.44        1.08        0.00        0.00       -0.00
(Free)E + p*V (eV/cell)   -31023.5064
Target enthalpy (eV/cell)   -31023.4139

siesta: Stress tensor (static) (eV/Ang**3):
         0.002582   -0.000000    0.000000
        -0.000000   -0.000899    0.000000
         0.000000    0.000000    0.000676

siesta: Pressure (static):         -1.26011225  kBar

siesta: Stress tensor (total) (eV/Ang**3):
         0.002582   -0.000000    0.000000
        -0.000000   -0.000899    0.000000
         0.000000    0.000000    0.000676

siesta: Pressure (total):         -1.26011225  kBar

                     ====================================
                        Begin CG opt. move =     19
                     ====================================
k-point displ. along   1 input, could be:     0.00    0.50
k-point displ. along   2 input, could be:     0.00    0.50
k-point displ. along   3 input, could be:     0.00    0.50
 Kpoints in:           32 . Kpoints trimmed:           31

siesta: k-grid: Number of k-points = 31
siesta: k-points from Monkhorst-Pack grid
siesta: k-cutoff (effective) =     6.831 Ang
siesta: k-point supercell and displacements
siesta: k-grid:     6     0     0      0.000
siesta: k-grid:     0     2     0      0.000
siesta: k-grid:     0     0     4      0.000

superc: Internal auxiliary supercell:    13 x     3 x     9  =     351
superc: Number of atoms, orbitals, and projectors:   3510  85644  63180

outcell: Unit cell vectors (Ang):
        2.577083    0.000000    0.000000
        0.000000   13.355550    0.000000
        0.000000    0.000000    3.415535

outcell: Cell vector modules (Ang)   :    2.577083   13.355550    3.415535
outcell: Cell angles (23,13,12) (deg):     90.0000     90.0000     90.0000
outcell: Cell volume (Ang**3)        :    117.5571
<dSpData1D:S at geom step 19
  <sparsity:sparsity for geom step 19
    nrows_g=244 nrows=14 sparsity=1.3261 nnzs=78952, refcount: 7>
  <dData1D:(new from dSpData1D) n=78952, refcount: 1>
refcount: 1>
new_DM -- step:    20
Re-using DM from previous geometries...
Number of DMs in history: 1
 DM extrapolation coefficients: 
1   1.00000
New DM after history re-use:
<dSpData2D:SpM extrapolated using coords
  <sparsity:sparsity for geom step 19
    nrows_g=244 nrows=14 sparsity=1.3261 nnzs=78952, refcount: 9>
  <dData2D:(temp array for extrapolation) n=78952 m=2, refcount: 1>
refcount: 1>
No. of atoms with KB's overlaping orbs in proc 0. Max # of overlaps:     172     948

InitMesh: MESH = 30 x 144 x 36 = 155520
InitMesh: Mesh cutoff (required, used) =   300.000   307.036 Ry
New grid distribution [1]: sub = 2
New grid distribution [2]: sub = 2
New grid distribution [3]: sub = 2
Setting up quadratic distribution...

        iscf     Eharris(eV)        E_KS(eV)     FreeEng(eV)     dDmax    Ef(eV) dHmax(eV)
   scf:    1   -31023.293338   -31023.371194   -31023.391662  0.145209 -6.900006  1.066753
     spin moment: {S} , |S| = {        0.0        0.0   -2.30987 }    -2.30987
   scf:    2   -30661.495569   -30903.263288   -30903.289022  0.634920 -6.689262 67.634738
     spin moment: {S} , |S| = {        0.0        0.0   -2.37466 }    -2.37466
   scf:    3   -31024.757042   -31023.385956   -31023.406119  0.634166 -6.895088  0.627404
     spin moment: {S} , |S| = {        0.0        0.0   -2.30546 }    -2.30546
   scf:    4   -31023.387237   -31023.393560   -31023.413897  0.006987 -6.895728  0.253132
     spin moment: {S} , |S| = {        0.0        0.0   -2.30410 }    -2.30410
   scf:    5   -31023.394866   -31023.394654   -31023.415021  0.002597 -6.895215  0.161826
     spin moment: {S} , |S| = {        0.0        0.0   -2.30620 }    -2.30620
   scf:    6   -31023.395347   -31023.395199   -31023.415581  0.003861 -6.894427  0.033437
     spin moment: {S} , |S| = {        0.0        0.0   -2.30816 }    -2.30816
   scf:    7   -31023.395353   -31023.395278   -31023.415688  0.001381 -6.894319  0.036907
     spin moment: {S} , |S| = {        0.0        0.0   -2.30970 }    -2.30970
   scf:    8   -31023.395532   -31023.395402   -31023.415860  0.002750 -6.894467  0.042538
     spin moment: {S} , |S| = {        0.0        0.0   -2.31255 }    -2.31255
   scf:    9   -31023.395946   -31023.395653   -31023.416216  0.005230 -6.894727  0.036211
     spin moment: {S} , |S| = {        0.0        0.0   -2.31863 }    -2.31863
   scf:   10   -31023.395780   -31023.395715   -31023.416305  0.001420 -6.894713  0.037283
     spin moment: {S} , |S| = {        0.0        0.0   -2.32020 }    -2.32020
   scf:   11   -31023.395755   -31023.395735   -31023.416333  0.000454 -6.894723  0.036980
     spin moment: {S} , |S| = {        0.0        0.0   -2.32071 }    -2.32071

SCF Convergence by DM criterion
max |DM_out - DM_in|         :     0.0004542725
max |H_out - H_in|      (eV) :     0.0369804465
SCF cycle converged after 11 iterations

Using DM_out to compute the final energy and forces
No. of atoms with KB's overlaping orbs in proc 0. Max # of overlaps:     172     948

siesta: E_KS(eV) =           -31023.3957

siesta: Atomic forces (eV/Ang):
     1   -0.000000   -0.043986    0.000001
     2    0.000000    0.041764   -0.000000
     3   -0.000001   -0.037019   -0.000001
     4    0.000000   -0.018291    0.000001
     5   -0.000000   -0.000987    0.000003
     6    0.000001    0.003823    0.000001
     7   -0.000001    0.039293    0.000000
     8    0.000001   -0.015039   -0.000000
     9   -0.000001    0.030770   -0.000001
    10   -0.000001    0.003483    0.000000
----------------------------------------
   Tot   -0.000003    0.003812    0.000003
----------------------------------------
   Max    0.043986
   Res    0.016461    sqrt( Sum f_i^2 / 3N )
----------------------------------------
   Max    0.043986    constrained

Stress tensor Voigt[x,y,z,yz,xz,xy] (kbar):        2.61       -0.99       -0.06       -0.00        0.00       -0.00
(Free)E + p*V (eV/cell)   -31023.4544
Target enthalpy (eV/cell)   -31023.4163

siesta: Stress tensor (static) (eV/Ang**3):
         0.001631   -0.000000    0.000000
        -0.000000   -0.000620   -0.000000
         0.000000   -0.000000   -0.000039

siesta: Pressure (static):         -0.51931304  kBar

siesta: Stress tensor (total) (eV/Ang**3):
         0.001631   -0.000000    0.000000
        -0.000000   -0.000620   -0.000000
         0.000000   -0.000000   -0.000039

siesta: Pressure (total):         -0.51931304  kBar

outcoor: Relaxed atomic coordinates (fractional):           
   -0.00000002    0.18134641   -0.00000004   1       1  Ga
    0.50000004    0.32222000    0.50000001   1       2  Ga
   -0.00000004    0.79416798    0.00000006   2       3  Ni
    0.50000005    0.51886837    0.50000000   2       4  Ni
   -0.00000005   -0.02007926   -0.00000001   3       5  Mn
    0.00000006    0.42385705    0.00000001   3       6  Mn
    0.00000004    0.61093146    0.00000004   3       7  Mn
    0.49999995    0.07804892    0.50000002   3       8  Mn
    0.50000000    0.70245039    0.50000007   3       9  Mn
    0.49999997    0.88727749    0.50000003   3      10  Mn

outcell: Unit cell vectors (Ang):
        2.577083    0.000000    0.000000
        0.000000   13.355550    0.000000
        0.000000    0.000000    3.415535

outcell: Cell vector modules (Ang)   :    2.577083   13.355550    3.415535
outcell: Cell angles (23,13,12) (deg):     90.0000     90.0000     90.0000
outcell: Cell volume (Ang**3)        :    117.5571

coxmol: Writing XMOL coordinates into file hea.xyz                                                                                                                                                                                                                             
Writing WFSX for COOP/COHP in hea.fullBZ.WFSX

diag: Algorithm                                     = D&C
diag: Parallel over k                               =   F
diag: Use parallel 2D distribution                  =   T
diag: Parallel block-size                           = 10
diag: Parallel distribution                         =     4 x     6
diag: Used triangular part                          = Lower
diag: Absolute tolerance                            =  0.100E-15
diag: Orthogonalization factor                      =  0.100E-05
diag: Memory factor                                 =  1.0000

diag: Algorithm                                     = D&C
diag: Parallel over k                               =   F
diag: Use parallel 2D distribution                  =   T
diag: Parallel block-size                           = 10
diag: Parallel distribution                         =     4 x     6
diag: Used triangular part                          = Lower
diag: Absolute tolerance                            =  0.100E-15
diag: Orthogonalization factor                      =  0.100E-05
diag: Memory factor                                 =  1.0000

siesta: PDOS info
siesta: E1 -- E2, sigma [eV], nhist:  -20.000 --   20.000    0.100 1000

diag: Algorithm                                     = D&C
diag: Parallel over k                               =   F
diag: Use parallel 2D distribution                  =   T
diag: Parallel block-size                           = 10
diag: Parallel distribution                         =     4 x     6
diag: Used triangular part                          = Lower
diag: Absolute tolerance                            =  0.100E-15
diag: Orthogonalization factor                      =  0.100E-05
diag: Memory factor                                 =  1.0000

siesta: Program's energy decomposition (eV):
siesta: Ebs     =     -5377.296377
siesta: Eions   =     40151.092314
siesta: Ena     =      3378.953838
siesta: Ekin    =     15516.632380
siesta: Enl     =     -4648.369346
siesta: Eso     =         0.000000
siesta: Edftu   =         0.000000
siesta: DEna    =       116.860528
siesta: DUscf   =         1.778387
siesta: DUext   =         0.000000
siesta: Ex      =     -4933.398075
siesta: Ec      =      -304.761133
siesta: Exc     =     -5238.159207
siesta: EbV     =         0.000000
siesta: eta*DQ  =         0.000000
siesta: Emadel  =         0.000000
siesta: Emeta   =         0.000000
siesta: Emolmec =         0.000000
siesta: Ekinion =         0.000000
siesta: Eharris =    -31023.395755
siesta: Etot    =    -31023.395735
siesta: FreeEng =    -31023.416333

siesta: Final energy (eV):
siesta:  Band Struct. =   -5377.296377
siesta:       Kinetic =   15516.632380
siesta:       Hartree =    9717.104930
siesta:         Edftu =       0.000000
siesta:       Eso     =       0.000000
siesta:    Ext. field =       0.000000
siesta:         Exch. =   -4933.398075
siesta:         Corr. =    -304.761133
siesta:     Bulk bias =       0.000000
siesta:   Exch.-corr. =   -5238.159207
siesta:  Ion-electron =  -35770.305735
siesta:       Ion-ion =  -15248.668102
siesta:       Ekinion =       0.000000
siesta: D3 dispersion =       0.000000
siesta:         Total =  -31023.395735
siesta:         Fermi =      -6.894723

siesta: Stress tensor (static) (eV/Ang**3):
siesta:     0.001631   -0.000000    0.000000
siesta:    -0.000000   -0.000620   -0.000000
siesta:     0.000000   -0.000000   -0.000039

siesta: Constrained stress tensor (static) (eV/Ang**3):
siesta:     0.001631   -0.000000    0.000000
siesta:    -0.000000   -0.000620   -0.000000
siesta:     0.000000   -0.000000   -0.000039

siesta: Cell volume =        117.557146 Ang**3

siesta: Pressure (static):
siesta:                Solid            Molecule  Units
siesta:          -0.00000353         -0.00000933  Ry/Bohr**3
siesta:          -0.00032413         -0.00085629  eV/Ang**3
siesta:          -0.51931304         -1.37193244  kBar
(Free)E+ p_basis*V_orbitals  =      -30982.739436
(Free)Eharris+ p_basis*V_orbitals  =      -30982.739456

mulliken: Atomic and Orbital Populations:

mulliken: Spin UP 

Species: Ga                  
Atom  Qatom  Qorb
               4s      4s      4s      4py     4pz     4px     4py     4pz     
               4px     4py     4pz     4px     3dxy    3dyz    3dz2    3dxz    
               3dx2-y2 4dxy    4dyz    4dz2    4dxz    4dx2-y2 
   1  6.702   0.614  -0.203   0.356  -0.076  -0.625   0.543   0.281   0.357
             -0.034  -0.022   0.297  -0.091   0.998   0.997   0.998   0.997

              0.999   0.112   0.048   0.045   0.071   0.040
   2  6.679   0.600  -0.192   0.366  -0.043  -0.681   0.617   0.213   0.380
             -0.067  -0.001   0.306  -0.125   0.997   0.997   0.998   0.997

              1.000   0.101   0.037   0.037   0.070   0.073

Species: Ni                  
Atom  Qatom  Qorb
               3s      4s      4s      4s      3py     3pz     3px     4py     
               4pz     4px     3dxy    3dyz    3dz2    3dxz    3dx2-y2 3dxy    
               3dyz    3dz2    3dxz    3dx2-y2 3dxy    3dyz    3dz2    3dxz    
               3dx2-y2 
   3  8.922   0.985  -0.230   0.083   0.192   0.998   0.997   0.998   0.196
              0.203   0.195   1.152   1.176   1.129   1.134   1.096  -0.060

             -0.064  -0.060  -0.065  -0.056  -0.194  -0.246  -0.193  -0.228

             -0.216
   4  8.917   0.982  -0.370   0.079   0.339   0.998   0.998   0.998   0.196
              0.201   0.195   1.113   1.102   1.170   1.140   1.164  -0.061

             -0.063  -0.066  -0.065  -0.057  -0.177  -0.210  -0.214  -0.229

             -0.247

Species: Mn                  
Atom  Qatom  Qorb
               3s      4s      4s      4s      3py     3pz     3px     4py     
               4pz     4px     3dxy    3dyz    3dz2    3dxz    3dx2-y2 3dxy    
               3dyz    3dz2    3dxz    3dx2-y2 3dxy    3dyz    3dz2    3dxz    
               3dx2-y2 
   5  8.611   0.992  -0.382   0.170   0.223   0.994   0.992   0.993   0.215
              0.222   0.213   1.214   1.269   1.107   1.294   1.172  -0.083

             -0.113  -0.067  -0.116  -0.074  -0.291  -0.339  -0.268  -0.359

             -0.368
   6  6.101   0.966  -0.512   0.212   0.250   0.994   0.994   0.994   0.153
              0.146   0.174   0.461   0.646   0.403   0.595   0.751  -0.055

             -0.076  -0.046  -0.063  -0.077  -0.111  -0.188  -0.090  -0.198

             -0.221
   7  8.454   0.997   0.108   0.063  -0.012   0.993   0.992   0.992   0.198
              0.173   0.185   1.119   1.122   1.069   1.177   1.219  -0.076

             -0.097  -0.067  -0.095  -0.100  -0.266  -0.301  -0.241  -0.338

             -0.358
   8  6.279   0.967  -0.678   0.215   0.352   0.992   0.992   0.992   0.162
              0.154   0.179   0.490   0.698   0.455   0.670   0.793  -0.054

             -0.077  -0.043  -0.068  -0.069  -0.105  -0.186  -0.106  -0.201

             -0.245
   9  7.710   0.989   0.117   0.055  -0.038   0.992   0.991   0.991   0.160
              0.158   0.164   0.861   0.972   0.863   1.006   1.117  -0.062

             -0.089  -0.062  -0.082  -0.095  -0.195  -0.270  -0.189  -0.305

             -0.337
  10  6.465   0.975   0.295   0.033  -0.109   0.991   0.991   0.991   0.141
              0.135   0.138   0.390   0.629   0.343   0.758   0.865  -0.033

             -0.057  -0.031  -0.069  -0.090  -0.070  -0.182  -0.054  -0.242

             -0.272

mulliken: Qtot =       74.840

mulliken: Spin DOWN 

Species: Ga                  
Atom  Qatom  Qorb
               4s      4s      4s      4py     4pz     4px     4py     4pz     
               4px     4py     4pz     4px     3dxy    3dyz    3dz2    3dxz    
               3dx2-y2 4dxy    4dyz    4dz2    4dxz    4dx2-y2 
   1  6.515   0.650  -0.199   0.315  -0.092  -0.528   0.600   0.271   0.283
             -0.060  -0.030   0.226  -0.179   0.998   0.997   0.998   0.998

              0.999   0.111   0.056   0.025   0.062   0.011
   2  6.520   0.625  -0.188   0.325  -0.024  -0.556   0.647   0.219   0.294
             -0.084  -0.009   0.212  -0.204   0.998   0.998   0.998   0.998

              0.999   0.105   0.033   0.022   0.061   0.051

Species: Ni                  
Atom  Qatom  Qorb
               3s      4s      4s      4s      3py     3pz     3px     4py     
               4pz     4px     3dxy    3dyz    3dz2    3dxz    3dx2-y2 3dxy    
               3dyz    3dz2    3dxz    3dx2-y2 3dxy    3dyz    3dz2    3dxz    
               3dx2-y2 
   3  8.963   0.985  -0.153   0.062   0.177   0.998   0.997   0.998   0.198
              0.194   0.190   1.110   1.146   1.137   1.158   1.155  -0.058

             -0.063  -0.057  -0.063  -0.054  -0.184  -0.235  -0.200  -0.236

             -0.238
   4  8.960   0.982  -0.317   0.075   0.304   0.998   0.998   0.998   0.198
              0.198   0.184   1.100   1.160   1.163   1.159   1.169  -0.058

             -0.065  -0.063  -0.065  -0.056  -0.177  -0.235  -0.212  -0.231

             -0.248

Species: Mn                  
Atom  Qatom  Qorb
               3s      4s      4s      4s      3py     3pz     3px     4py     
               4pz     4px     3dxy    3dyz    3dz2    3dxz    3dx2-y2 3dxy    
               3dyz    3dz2    3dxz    3dx2-y2 3dxy    3dyz    3dz2    3dxz    
               3dx2-y2 
   5  6.275   0.969  -0.115   0.110   0.087   0.992   0.989   0.991   0.143
              0.146   0.139   0.418   0.708   0.322   0.685   0.663  -0.028

             -0.071  -0.028  -0.064  -0.049  -0.076  -0.183  -0.060  -0.189

             -0.223
   6  8.759   0.991  -0.586   0.203   0.333   0.996   0.996   0.995   0.204
              0.194   0.226   1.288   1.308   1.259   1.438   1.157  -0.098

             -0.119  -0.087  -0.130  -0.079  -0.315  -0.375  -0.300  -0.445

             -0.298
   7  6.661   0.978   0.197   0.062  -0.096   0.991   0.990   0.990   0.150
              0.147   0.153   0.492   0.847   0.375   0.871   0.760  -0.042

             -0.087  -0.034  -0.082  -0.068  -0.102  -0.247  -0.065  -0.273

             -0.246
   8  8.471   0.987  -0.770   0.228   0.416   0.994   0.995   0.993   0.215
              0.204   0.228   1.272   1.295   1.140   1.334   1.057  -0.100

             -0.124  -0.078  -0.127  -0.063  -0.310  -0.363  -0.275  -0.394

             -0.285
   9  7.339   0.985   0.080   0.081  -0.053   0.991   0.990   0.990   0.157
              0.163   0.165   0.669   1.081   0.666   1.046   0.934  -0.053

             -0.112  -0.055  -0.094  -0.078  -0.148  -0.314  -0.137  -0.328

             -0.288
  10  8.697   0.998   0.105   0.058  -0.003   0.993   0.993   0.994   0.202
              0.191   0.190   1.239   1.263   1.088   1.325   1.161  -0.086

             -0.110  -0.070  -0.115  -0.095  -0.313  -0.351  -0.244  -0.387

             -0.328

mulliken: Qtot =       77.160

Mulliken Atomic Populations:
Atom #   charge [q] valence [e]      Sz [e]  Species
     1    -0.216509   13.216509    0.186668  Ga
     2    -0.199212   13.199212    0.159052  Ga
     3     0.114810   17.885190   -0.041534  Ni
     4     0.122822   17.877178   -0.043003  Ni
     5     0.114717   14.885283    2.335957  Mn
     6     0.140084   14.859916   -2.657828  Mn
     7    -0.115804   15.115804    1.792981  Mn
     8     0.250200   14.749800   -2.191866  Mn
     9    -0.049145   15.049145    0.371666  Mn
    10    -0.161964   15.161964   -2.232802  Mn
-------------------------------------------
 Total     0.000000               -2.320709

cite: Please indicate the Siesta version in published work: 5.2.2
cite: This calculation has made use of features in the following articles
cite: which we encourage you to cite in published work.
cite: (Please see "hea.bib" for a BibTeX file.)
        Primary SIESTA paper
          DOI: www.doi.org/10.1088/0953-8984/14/11/302
        PSML pseudopotential format
          DOI: www.doi.org/10.1016/j.cpc.2018.02.011


>> End of run:  30-JUL-2025  20:28:14
Job completed
