Executable      : /home/users/felipegc/woltsoft/SIESTA/siesta-5.2.2/build/bin/siesta
Version         : 5.2.2
Architecture    : x86_64
Compiler version: GNU-9.3.0
Compiler flags  : -O3 -march=native
Parallelisations: MPI
Lua support
Native ELPA support
ELSI support. Solvers:
   ELPA (internal) 
   NTPoly
   OMM
DFT-D3 support
Wannier90 wrapper support

Runtime information:
* Directory : /home/users/felipegc/MnNiGa/optimizations_afm/top/structure_calc_129
* Running on 36 nodes in parallel.
>> Start of run:  30-JUL-2025   4:07:56

                           *********************** 
                           *  WELCOME TO SIESTA  * 
                           *********************** 

 NOTE: Siesta V5 introduces some new defaults for basis-set generation
 NOTE: which might lead to slightly different numerical results.
 NOTE: Please see the manual for full details and compatibility measures.


reinit: Reading from standard input
reinit: Dumping input in INPUT_TMP.62557
************************** Dump of input data file ****************************
SystemName          hea
SystemLabel         hea
Reparametrize.Pseudos T
Restricted.Radial.Grid F
%include atoms.fdf
MaxSCFIterations     20000
SCF.Mix              Hamiltonian
SCF.Mixer.Method     Broyden
#SCF.Mixer.Variant    original #Pulay original
SCF.Mixer.History    8
SCF.Mixer.Weight     0.07
SCF.H.Converge       False
SCF.DM.Converge      True
SCF.DM.Tolerance     5.d-4
SCF.H.Tolerance      5.d-3 eV
MeshCutoff 300.0 Ry
MD.UseSaveCG         False
DM.UseSaveDM         False
NumberOfEigenStates -20
ElectronicTemperature 300 K
WriteCoorXmol        True
XC.Functional     GGA
XC.authors        PBEsol
Spin polarized
DM.InitSpin.AF true
SolutionMethod       diagon
#Diag.Algorithm        MRRR
###################################
###################################
# Full template for Basis param.
###################################
###################################
Basis.Pressure 0.3 GPa
PAO.SoftDefault T
PAO.SoftPotential 50.0 Ry
PAO.SoftInnerRadius 0.70
PAO.BasisType split
PAO.EnergyShift 0.0019 eV
PAO.BasisSize TZP
PAO.SplitTailNorm T
            %block kgrid_Monkhorst_Pack
            3  0  0  0.
            0  6  0  0.
            0  0  2  0.
            %endblock kgrid_Monkhorst_Pack
            MD.TypeOfRun CG
            MD.Steps         500
            MD.VariableCell true
            MD.MaxForceTol 0.05 eV/Ang
            WriteMDHistory true
            WriteForces true
            Write.OrbitalIndex true
            Charge.Mulliken end
            COOP.Write true
            %block ProjectedDensityOfStates
            -20.00 20.00 0.1 1000 eV
            %endblock ProjectedDensityOfStates
************************** End of input data file *****************************

reinit: -----------------------------------------------------------------------
reinit: System Name: hea
reinit: -----------------------------------------------------------------------
reinit: System Label: hea
reinit: -----------------------------------------------------------------------

NOTE on units for spin output: 
{S} is the spin magnetic moment, in units of the Bohr magneton,
assuming a g-factor for the electron spin of exactly 2.
The spin magnetic moment is then numerically equal to the charge inbalance,
in units of electrons, between the spin-up and -down channels.


initatom: Reading input for the pseudopotentials and atomic orbitals ----------
Species number:   1 Atomic number:   31 Label: Ga
Species number:   2 Atomic number:   25 Label: Mn

Ground state valence configuration (from tables):   4s02  4p01  4d00  4f00
Ground state valence configuration (from tables):   4s02  4p00  3d05  4f00

---- Processing specs for species: Ga
Reading pseudopotential information in PSML from:
  Ga.psml
PSML file version: 1.1
Using libxc ids:  101 130
GGA--PBE XC_GGA_X_PBE--XC_GGA_C_PBE pb
PSML uuid: 206972b0-be42-11e7-579b-1282fffb1a56
Semicore shell(s) with 10 electrons included in the valence for Ga

---- Processing specs for species: Mn
Reading pseudopotential information in PSML from:
  Mn.psml
PSML file version: 1.1
Using libxc ids:  101 130
GGA--PBE XC_GGA_X_PBE--XC_GGA_C_PBE pb
PSML uuid: e5ebd880-be41-11e7-659b-074ddfc7bd15
Semicore shell(s) with  8 electrons included in the valence for Mn

---- Pseudopotential check for Ga

Pseudized shells:
4s( 2.00) rc: 1.67
4p( 1.00) rc: 1.75
3d(10.00) rc: 1.90
Valence configuration for ps generation: 3d:4s:4p: Total charge:  13.000000
Semicore shell(s): 3d
Fallback to non-perturbative polarization scheme for Ga
Please see the manual if this is not desired in principle

---- Pseudopotential check for Mn

Pseudized shells:
3s( 2.00) rc: 1.41
3p( 6.00) rc: 1.21
3d( 5.00) rc: 1.61
Valence configuration for ps generation: 3s:3p:3d:4s: Total charge:  15.000000
Semicore shell(s): 3s 3p
Fallback to non-perturbative polarization scheme for Mn
Please see the manual if this is not desired in principle
For Ga, standard SIESTA heuristics set lmxkb to 3
 (one more than the basis l, including polarization orbitals).
Use PS.lmax or PS.KBprojectors blocks to override.
For Mn, standard SIESTA heuristics set lmxkb to 3
 (one more than the basis l, including polarization orbitals).
Use PS.lmax or PS.KBprojectors blocks to override.
Ga pseudopotential only contains V_ls up to l=2 -- lmxkb reset.
Mn pseudopotential only contains V_ls up to l=2 -- lmxkb reset.

<basis_specs>
===============================================================================
Ga                   Z=  31    Mass=  69.723        Charge= 0.17977+309
Lmxo=2 Lmxkb= 2    BasisType=split      Semic=T
L=0  Nsemic=0  Cnfigmx=4
          i=1  nzeta=3  polorb=0  (4s)
            splnorm:   0.15000    
               vcte:    50.000    
               rinn:  -0.70000    
               qcoe:    0.0000    
               qyuk:    0.0000    
               qwid:   0.10000E-01
                rcs:    0.0000      0.0000      0.0000    
            lambdas:    1.0000      1.0000      1.0000    
L=1  Nsemic=0  Cnfigmx=4
          i=1  nzeta=3  polorb=0  (4p)  (to be polarized non-perturbatively)
            splnorm:   0.15000    
               vcte:    50.000    
               rinn:  -0.70000    
               qcoe:    0.0000    
               qyuk:    0.0000    
               qwid:   0.10000E-01
                rcs:    0.0000      0.0000      0.0000    
            lambdas:    1.0000      1.0000      1.0000    
L=2  Nsemic=1  Cnfigmx=4
          i=1  nzeta=1  polorb=0  (3d)  (semicore shell)
            splnorm:   0.15000    
               vcte:    50.000    
               rinn:  -0.70000    
               qcoe:    0.0000    
               qyuk:    0.0000    
               qwid:   0.10000E-01
                rcs:    0.0000    
            lambdas:    1.0000    
          i=2  nzeta=1  polorb=0  (4d)  (non-perturbative polarization shell)
            splnorm:   0.15000    
               vcte:    50.000    
               rinn:  -0.70000    
               qcoe:   0.45964-315
               qyuk:    0.0000    
               qwid:   0.69533-309
                rcs:    0.0000    
            lambdas:    1.0000    
-------------------------------------------------------------------------------
L=0  Nkbl=1  erefs: 0.17977+309
L=1  Nkbl=1  erefs: 0.17977+309
L=2  Nkbl=2  erefs: 0.17977+309 0.17977+309
===============================================================================
</basis_specs>

Using PAO.SplitTailNorm
atom: Called for Ga                    (Z =  31)
Maximum radius (at nrval) set to   50.00000 8518

read_vps: Pseudopotential generation method:
read_vps: ONCVPSP-3.Hamann's oncvpsp                        
Valence charge in pseudo generation:   13.00000

read_vps: Pseudopotential includes a core correction:
read_vps: Pseudo-core for xc-correction

xc_check: Exchange-correlation functional:
xc_check: GGA PBEsol
xc_check: WARNING: Pseudopotential generated with GGA PBE functional
Got Vlocal (oncv-fit) from psml data
Choosing vlocal chloc cutoff:  4.295227
qtot up to nchloc:   13.00023270
atom: Maximum radius for chlocal:    4.29523
atom: Maximum radius for r*vlocal+2*Zval:    4.29523
Reading KB projs from Ga psml data
Using scalar-relativistic projectors in PSML file

PSML: Kleinman-Bylander projectors: 
   l= 0   rc=  1.688643   Ekb= 14.059564
   l= 0   rc=  1.688643   Ekb=  2.289351
   l= 1   rc=  1.772167   Ekb= 13.610457
   l= 1   rc=  1.772167   Ekb=  2.576326
   l= 2   rc=  1.926399   Ekb=-16.756509
   l= 2   rc=  1.926399   Ekb= -5.641527

PSML: Total number of  Kleinman-Bylander projectors:  18
atom: -------------------------------------------------------------------------

atom: SANKEY-TYPE ORBITALS:
atom: Selected multiple-zeta basis: split     

SPLIT: Orbitals with angular momentum L= 0

SPLIT: Basis orbitals for state 4s

SPLIT: PAO cut-off radius determined from an
SPLIT: energy shift=  0.000140 Ry
Split based on tail norm

   izeta = 1
                 lambda =    1.000000
                     rc =    8.573397
                 energy =   -0.660225
                kinetic =    0.501561
    potential(screened) =   -1.161786
       potential(ionic) =  -12.246649

   izeta = 2
                 rmatch =    4.547753
              splitnorm =    0.150000
                 energy =   -0.462291
                kinetic =    0.981430
    potential(screened) =   -1.443721
       potential(ionic) =  -13.770808

   izeta = 3
                 rmatch =    5.338573
              splitnorm =    0.075000
                 energy =   -0.599358
                kinetic =    0.744548
    potential(screened) =   -1.343906
       potential(ionic) =  -13.255962

SPLIT: Orbitals with angular momentum L= 1

SPLIT: Basis orbitals for state 4p

SPLIT: PAO cut-off radius determined from an
SPLIT: energy shift=  0.000140 Ry
Split based on tail norm

   izeta = 1
                 lambda =    1.000000
                     rc =   12.949509
                 energy =   -0.190428
                kinetic =    0.541974
    potential(screened) =   -0.732402
       potential(ionic) =   -9.174065

   izeta = 2
                 rmatch =    6.968471
              splitnorm =    0.150000
                 energy =   -0.153132
                kinetic =    0.764207
    potential(screened) =   -0.917338
       potential(ionic) =  -10.565779

   izeta = 3
                 rmatch =    8.212134
              splitnorm =    0.075000
                 energy =   -0.175794
                kinetic =    0.665884
    potential(screened) =   -0.841678
       potential(ionic) =  -10.014829

SPLIT: Orbitals with angular momentum L= 2

SPLIT: Basis orbitals for state 3d

SPLIT: PAO cut-off radius determined from an
SPLIT: energy shift=  0.000140 Ry
Split based on tail norm

   izeta = 1
                 lambda =    1.000000
                     rc =    4.873342
                 energy =   -1.390864
                kinetic =   12.335179
    potential(screened) =  -13.726043
       potential(ionic) =  -32.471836

SPLIT: Basis orbitals for state 4d
SPLIT: Non-perturbative polarization orbs for state 4p
SPLIT: rc(1st zeta) (re)set to: 12.9495 (expansion factor: 1.0000)
Split based on tail norm

   izeta = 1
                 lambda =    1.000000
                     rc =   12.949509
                 energy =    0.135451
                kinetic =    0.341434
    potential(screened) =   -0.205982
       potential(ionic) =   -4.584821
atom: Total number of Sankey-type orbitals: 22

atm_pop: Valence configuration (for local Pseudopot. screening):
 4s( 2.00)                                                            
 4p( 1.00)                                                            
 3d(10.00) 4d( 0.00)                                                  
Vna: chval, zval:   13.00000  13.00000

Vna:  Cut-off radius for the neutral-atom potential:  12.949509
comcore: Pseudo-core radius Rcore=  2.359857

atom: _________________________________________________________________________

<basis_specs>
===============================================================================
Mn                   Z=  25    Mass=  54.938        Charge= 0.17977+309
Lmxo=2 Lmxkb= 2    BasisType=split      Semic=T
L=0  Nsemic=1  Cnfigmx=4
          i=1  nzeta=1  polorb=0  (3s)  (semicore shell)
            splnorm:   0.15000    
               vcte:    50.000    
               rinn:  -0.70000    
               qcoe:    0.0000    
               qyuk:    0.0000    
               qwid:   0.10000E-01
                rcs:    0.0000    
            lambdas:    1.0000    
          i=2  nzeta=3  polorb=0  (4s)  (to be polarized non-perturbatively)
            splnorm:   0.15000    
               vcte:    50.000    
               rinn:  -0.70000    
               qcoe:    0.0000    
               qyuk:    0.0000    
               qwid:   0.10000E-01
                rcs:    0.0000      0.0000      0.0000    
            lambdas:    1.0000      1.0000      1.0000    
L=1  Nsemic=1  Cnfigmx=4
          i=1  nzeta=1  polorb=0  (3p)  (semicore shell)
            splnorm:   0.15000    
               vcte:    50.000    
               rinn:  -0.70000    
               qcoe:    0.0000    
               qyuk:    0.0000    
               qwid:   0.10000E-01
                rcs:    0.0000    
            lambdas:    1.0000    
          i=2  nzeta=1  polorb=0  (4p)  (non-perturbative polarization shell)
            splnorm:   0.15000    
               vcte:    50.000    
               rinn:  -0.70000    
               qcoe:   0.45964-315
               qyuk:    0.0000    
               qwid:   0.69533-309
                rcs:    0.0000    
            lambdas:    1.0000    
L=2  Nsemic=0  Cnfigmx=3
          i=1  nzeta=3  polorb=0  (3d)
            splnorm:   0.15000    
               vcte:    50.000    
               rinn:  -0.70000    
               qcoe:    0.0000    
               qyuk:    0.0000    
               qwid:   0.10000E-01
                rcs:    0.0000      0.0000      0.0000    
            lambdas:    1.0000      1.0000      1.0000    
-------------------------------------------------------------------------------
L=0  Nkbl=2  erefs: 0.17977+309 0.17977+309
L=1  Nkbl=2  erefs: 0.17977+309 0.17977+309
L=2  Nkbl=1  erefs: 0.17977+309
===============================================================================
</basis_specs>

Using PAO.SplitTailNorm
atom: Called for Mn                    (Z =  25)
Maximum radius (at nrval) set to   50.00000 8518

read_vps: Pseudopotential generation method:
read_vps: ONCVPSP-3.Hamann's oncvpsp                        
Valence charge in pseudo generation:   15.00000

read_vps: Pseudopotential includes a core correction:
read_vps: Pseudo-core for xc-correction

xc_check: Exchange-correlation functional:
xc_check: GGA PBEsol
xc_check: WARNING: Pseudopotential generated with GGA PBE functional
Got Vlocal (oncv-fit) from psml data
Choosing vlocal chloc cutoff:  3.504263
qtot up to nchloc:   15.00032895
atom: Maximum radius for chlocal:    3.50426
atom: Maximum radius for r*vlocal+2*Zval:    3.50426
Reading KB projs from Mn psml data
Using scalar-relativistic projectors in PSML file

PSML: Kleinman-Bylander projectors: 
   l= 0   rc=  1.427391   Ekb= 18.471374
   l= 0   rc=  1.430269   Ekb=  3.121111
   l= 1   rc=  1.224702   Ekb=  3.156115
   l= 1   rc=  1.224702   Ekb= -1.424352
   l= 2   rc=  1.630219   Ekb=-13.224142
   l= 2   rc=  1.630219   Ekb= -4.330632

PSML: Total number of  Kleinman-Bylander projectors:  18
atom: -------------------------------------------------------------------------

atom: SANKEY-TYPE ORBITALS:
atom: Selected multiple-zeta basis: split     

SPLIT: Orbitals with angular momentum L= 0

SPLIT: Basis orbitals for state 3s

SPLIT: PAO cut-off radius determined from an
SPLIT: energy shift=  0.000140 Ry
Split based on tail norm

   izeta = 1
                 lambda =    1.000000
                     rc =    3.380000
                 energy =   -6.293298
                kinetic =    2.848567
    potential(screened) =   -9.141865
       potential(ionic) =  -33.519753

SPLIT: Basis orbitals for state 4s

SPLIT: PAO cut-off radius determined from an
SPLIT: energy shift=  0.000140 Ry
Split based on tail norm

   izeta = 1
                 lambda =    1.000000
                     rc =   10.002455
                 energy =   -0.450676
                kinetic =    1.112603
    potential(screened) =   -1.563278
       potential(ionic) =  -13.199632

   izeta = 2
                 rmatch =    5.430276
              splitnorm =    0.150000
                 energy =   -0.360834
                kinetic =    1.875764
    potential(screened) =   -2.236598
       potential(ionic) =  -15.982656

   izeta = 3
                 rmatch =    6.342382
              splitnorm =    0.075000
                 energy =   -0.415048
                kinetic =    1.529261
    potential(screened) =   -1.944310
       potential(ionic) =  -14.865309

SPLIT: Orbitals with angular momentum L= 1

SPLIT: Basis orbitals for state 3p

SPLIT: PAO cut-off radius determined from an
SPLIT: energy shift=  0.000140 Ry
Split based on tail norm

   izeta = 1
                 lambda =    1.000000
                     rc =    3.873861
                 energy =   -3.996757
                kinetic =    6.976018
    potential(screened) =  -10.972775
       potential(ionic) =  -34.563053

SPLIT: Basis orbitals for state 4p
SPLIT: Non-perturbative polarization orbs for state 4s
SPLIT: rc(1st zeta) (re)set to: 10.0025 (expansion factor: 1.0000)
Split based on tail norm

   izeta = 1
                 lambda =    1.000000
                     rc =   10.002455
                 energy =   -0.085879
                kinetic =    0.770317
    potential(screened) =   -0.856196
       potential(ionic) =   -9.409918

SPLIT: Orbitals with angular momentum L= 2

SPLIT: Basis orbitals for state 3d

SPLIT: PAO cut-off radius determined from an
SPLIT: energy shift=  0.000140 Ry
Split based on tail norm

   izeta = 1
                 lambda =    1.000000
                     rc =    7.238756
                 energy =   -0.490123
                kinetic =    9.261574
    potential(screened) =   -9.751697
       potential(ionic) =  -30.334327

   izeta = 2
                 rmatch =    3.144499
              splitnorm =    0.150000
                 energy =   -0.401801
                kinetic =   11.021778
    potential(screened) =  -11.423579
       potential(ionic) =  -33.555539

   izeta = 3
                 rmatch =    3.972182
              splitnorm =    0.075000
                 energy =   -0.464167
                kinetic =   10.072383
    potential(screened) =  -10.536551
       potential(ionic) =  -31.940836
atom: Total number of Sankey-type orbitals: 25

atm_pop: Valence configuration (for local Pseudopot. screening):
 3s( 2.00) 4s( 2.00)                                                  
 3p( 6.00) 4p( 0.00)                                                  
 3d( 5.00)                                                            
Vna: chval, zval:   15.00000  15.00000

Vna:  Cut-off radius for the neutral-atom potential:  10.002455
comcore: Pseudo-core radius Rcore=  2.115123

atom: _________________________________________________________________________

prinput: Basis input 

PAO.BasisType split     

%block ChemicalSpeciesLabel
    1   31 Ga                      # Species index, atomic number, species label
    2   25 Mn                      # Species index, atomic number, species label
%endblock ChemicalSpeciesLabel

%block PAO.Basis                 # Define Basis set
# WARNING: This information might be incomplete!
Ga                    4                    # Species label, number of l-shells
 n=4   0   3                         # n, l, Nzeta 
   8.573      4.548      5.339   
   1.000      1.000      1.000   
 n=4   1   3                         # n, l, Nzeta 
  12.950      6.968      8.212   
   1.000      1.000      1.000   
 n=3   2   1                         # n, l, Nzeta 
   4.873   
   1.000   
 n=4   2   1                         # n, l, Nzeta 
  12.950   
   1.000   
Mn                    5                    # Species label, number of l-shells
 n=3   0   1                         # n, l, Nzeta 
   3.380   
   1.000   
 n=4   0   3                         # n, l, Nzeta 
  10.002      5.430      6.342   
   1.000      1.000      1.000   
 n=3   1   1                         # n, l, Nzeta 
   3.874   
   1.000   
 n=4   1   1                         # n, l, Nzeta 
  10.002   
   1.000   
 n=3   2   3                         # n, l, Nzeta 
   7.239      3.144      3.972   
   1.000      1.000      1.000   
%endblock PAO.Basis

prinput: ----------------------------------------------------------------------

coor:   Atomic-coordinates input format  =     Fractional

siesta: Atomic coordinates (Bohr) and species
siesta:      0.00000   0.00000   0.00000  1        1
siesta:      4.70356   0.00000   0.00000  1        2
siesta:      2.35178   2.35178   3.32592  1        3
siesta:      7.05534   2.35178   3.32592  1        4
siesta:      4.70356   0.00000   6.65184  1        5
siesta:      2.35178   2.35178   9.97775  1        6
siesta:      0.00000   0.00000   6.65184  2        7
siesta:      7.05534   2.35178   9.97775  2        8

siesta: System type = bulk      

initatomlists: Number of atoms, orbitals, and projectors:      8   182   144

coxmol: Writing XMOL coordinates into file hea.xyz                                                                                                                                                                                                                             

siesta: ******************** Simulation parameters ****************************
siesta:
siesta: The following are some of the parameters of the simulation.
siesta: A complete list of the parameters used, including default values,
siesta: can be found in file out.fdf
siesta:
redata: Spin configuration                          = collinear
redata: Number of spin components                   = 2
redata: Time-Reversal Symmetry                      = T
redata: Spin spiral                                 = F
redata: Long output                                 =   F
redata: Number of Atomic Species                    =        2
redata: Charge density info will appear in .RHO file
redata: Write Mulliken charges (when)               = end
redata: Write Mulliken Pop.                         = Atomic and Orbital charges
redata: Write Hirshfeld charges (when)              = none
redata: Write Voronoi charges (when)                = none
redata: Write spin charge (when)                    = scf
redata: Matel table size (NRTAB)                    =     1024
redata: Mesh Cutoff                                 =   300.0000 Ry
redata: Net charge of the system                    =     0.0000 |e|
redata: Min. number of SCF Iter                     =        0
redata: Max. number of SCF Iter                     =    20000
redata: SCF convergence failure will abort job
redata: SCF mix quantity                            = Hamiltonian
redata: Mix DM or H after convergence               =   F
redata: Recompute H after scf cycle                 =   F
redata: Mix DM in first SCF step                    =   T
redata: Write Pulay info on disk                    =   F
redata: New DM Occupancy tolerance                  = 0.000000000001
redata: No kicks to SCF
redata: DM Mixing Weight for Kicks                  =     0.5000
redata: Require Harris convergence for SCF          =   F
redata: Harris energy tolerance for SCF             =     0.000100 eV
redata: Require DM convergence for SCF              =   T
redata: DM tolerance for SCF                        =     0.000500
redata: Require EDM convergence for SCF             =   F
redata: EDM tolerance for SCF                       =     0.001000 eV
redata: Require H convergence for SCF               =   F
redata: Hamiltonian tolerance for SCF               =     0.005000 eV
redata: Require (free) Energy convergence for SCF   =   F
redata: (free) Energy tolerance for SCF             =     0.000100 eV
redata: Antiferro initial spin density              =   T
redata: Using DFT-D3 dispersion                     =   F
redata: Using Saved Data (generic)                  =   F
redata: Use continuation files for DM               =   F
redata: Neglect nonoverlap interactions             =   F
redata: Method of Calculation                       = Diagonalization
redata: Electronic Temperature                      =   300.0000 K
redata: Fix the spin of the system                  =   F
redata: Max. number of TDED Iter                    =        1
redata: Number of TDED substeps                     =        3
redata: Dynamics option                             = CG coord. optimization
redata: Variable cell                               =   T
redata: Use continuation files for CG               =   F
redata: Max atomic displ per move                   =     0.1058 Ang
redata: Maximum number of optimization moves        =      500
redata: Force tolerance                             =     0.0500 eV/Ang
redata: Stress tolerance                            =     1.0000 GPa
mix.SCF: Broyden mixing                          = Broyden
mix.SCF:    History steps                        = 8
mix.SCF:    Linear mixing weight                 =     0.070000
mix.SCF:    Inverse Jacobian weight              =     0.070000
mix.SCF:    Weight prime                         =     0.070000
mix.SCF:    SVD condition                        = 0.1000E-07
mix.SCF: Spin-component mixing                   all
redata: ***********************************************************************

%block SCF.Mixers
  Broyden
%endblock SCF.Mixers

%block SCF.Mixer.Broyden
  # Mixing method
  method broyden

  # Mixing options
  weight 0.0700
  weight.linear 0.0700
  weight.prime 0.0700
  history 8
%endblock SCF.Mixer.Broyden

DM_history_depth set to one: no extrapolation allowed by default for geometry relaxation
Size of DM history Fstack: 1
Total number of electrons:   108.000000
Total ionic charge:   108.000000

* ProcessorY, Blocksize:    3   5


* Orbital distribution balance (max,min):     7     5

k-point displ. along   2 input, could be:     0.00    0.50
k-point displ. along   3 input, could be:     0.00    0.50
 Kpoints in:           24 . Kpoints trimmed:           23

siesta: k-grid: Number of k-points = 23
siesta: k-points from Monkhorst-Pack grid
siesta: k-cutoff (effective) =     7.040 Ang
siesta: k-point supercell and displacements
siesta: k-grid:     3     0     0      0.000
siesta: k-grid:     0     6     0      0.000
siesta: k-grid:     0     0     2      0.000
k-point displ. along   2 input, could be:     0.00    0.50
k-point displ. along   3 input, could be:     0.00    0.50
 Kpoints in:           24 . Kpoints trimmed:           23

siesta: PDOS k-grid: Number of k-points = 23
siesta: PDOS k-points from Monkhorst-Pack grid
siesta: PDOS k-cutoff (effective) =     0.000 Ang
siesta: PDOS k-point supercell and displacements
siesta: k-grid:     3     0     0      0.000
siesta: k-grid:     0     6     0      0.000
siesta: k-grid:     0     0     2      0.000

diag: Algorithm                                     = D&C
diag: Parallel over k                               =   F
diag: Use parallel 2D distribution                  =   T
diag: Parallel block-size                           = 5
diag: Parallel distribution                         =     6 x     6
diag: Used triangular part                          = Lower
diag: Absolute tolerance                            =  0.100E-15
diag: Orthogonalization factor                      =  0.100E-05
diag: Memory factor                                 =  1.0000
diag: The diagonalization method chosen cannot compute a reduced number of eigenvectors.
diag: Resetting neigwanted 76 to 182

superc: Internal auxiliary supercell:     7 x    13 x     5  =     455
superc: Number of atoms, orbitals, and projectors:   3640  82810  65520


ts: **************************************************************
ts: Save H and S matrices                           =    F
ts: Save DM and EDM matrices                        =    F
ts: Only save the overlap matrix S                  =    F
ts: **************************************************************

************************ Begin: TS CHECKS AND WARNINGS ************************
************************ End: TS CHECKS AND WARNINGS **************************


                     ====================================
                        Begin CG opt. move =      0
                     ====================================

superc: Internal auxiliary supercell:     7 x    13 x     5  =     455
superc: Number of atoms, orbitals, and projectors:   3640  82810  65520

outcell: Unit cell vectors (Ang):
        4.978032    0.000000    0.000000
        0.000000    2.489016    0.000000
        0.000000    0.000000    7.040000

outcell: Cell vector modules (Ang)   :    4.978032    2.489016    7.040000
outcell: Cell angles (23,13,12) (deg):     90.0000     90.0000     90.0000
outcell: Cell volume (Ang**3)        :     87.2284
<dSpData1D:S at geom step 0
  <sparsity:sparsity for geom step 0
    nrows_g=182 nrows=7 sparsity=1.7961 nnzs=59494, refcount: 7>
  <dData1D:(new from dSpData1D) n=59494, refcount: 1>
refcount: 1>
new_DM -- step:     1
Initializing Density Matrix...
DM filled with atomic data:
<dSpData2D:DM initialized from atoms
  <sparsity:sparsity for geom step 0
    nrows_g=182 nrows=7 sparsity=1.7961 nnzs=59494, refcount: 8>
  <dData2D:DM n=59494 m=2, refcount: 1>
refcount: 1>
No. of atoms with KB's overlaping orbs in proc 0. Max # of overlaps:     196    1794

InitMesh: MESH = 54 x 30 x 80 = 129600
InitMesh: Mesh cutoff (required, used) =   300.000   325.218 Ry
New grid distribution [1]: sub = 2
New grid distribution [2]: sub = 2
New grid distribution [3]: sub = 2
Setting up quadratic distribution...

stepf: Fermi-Dirac step function

siesta: Program's energy decomposition (eV):
siesta: Ebs     =     -2814.468481
siesta: Eions   =     21540.611752
siesta: Ena     =      1231.706926
siesta: Ekin    =     12767.516868
siesta: Enl     =     -6518.415516
siesta: Eso     =         0.000000
siesta: Edftu   =         0.000000
siesta: DEna    =        81.959140
siesta: DUscf   =         2.159068
siesta: DUext   =         0.000000
siesta: Ex      =     -4127.688833
siesta: Ec      =      -256.637478
siesta: Exc     =     -4384.326311
siesta: EbV     =         0.000000
siesta: eta*DQ  =         0.000000
siesta: Emadel  =         0.000000
siesta: Emeta   =         0.000000
siesta: Emolmec =         0.000000
siesta: Ekinion =         0.000000
siesta: Eharris =    -18267.416784
siesta: Etot    =    -18360.011576
siesta: FreeEng =    -18360.020084

        iscf     Eharris(eV)        E_KS(eV)     FreeEng(eV)     dDmax    Ef(eV) dHmax(eV)
   scf:    1   -18267.416784   -18360.011576   -18360.020084 13.825860 -6.628932  2.607636
     spin moment: {S} , |S| = {        0.0        0.0   -0.00002 }    -0.00002
timer: Routine,Calls,Time,% = IterSCF        1       9.507  25.30
   scf:    2   -18360.512703   -18360.269766   -18360.278171  0.451684 -6.667865  2.178989
     spin moment: {S} , |S| = {        0.0        0.0   -0.00002 }    -0.00002
   scf:    3   -18361.234390   -18360.805285   -18360.813631  1.256596 -6.800668  1.470521
     spin moment: {S} , |S| = {        0.0        0.0   -0.00002 }    -0.00002
   scf:    4   -18361.684944   -18361.248929   -18361.258720  1.479094 -6.967430  0.630068
     spin moment: {S} , |S| = {        0.0        0.0   -0.00004 }    -0.00004
   scf:    5   -18361.388515   -18361.317922   -18361.327753  0.400756 -6.980352  0.533215
     spin moment: {S} , |S| = {        0.0        0.0   -0.00003 }    -0.00003
   scf:    6   -18361.695754   -18361.488618   -18361.499295  0.464801 -7.014516  0.377431
     spin moment: {S} , |S| = {        0.0        0.0   -0.00001 }    -0.00001
   scf:    7   -18361.538478   -18361.519997   -18361.529896  0.145777 -7.010690  0.414361
     spin moment: {S} , |S| = {        0.0        0.0   -0.00004 }    -0.00004
   scf:    8   -18361.607732   -18361.561965   -18361.572603  0.191459 -7.051389  0.687932
     spin moment: {S} , |S| = {        0.0        0.0    0.00002 }     0.00002
   scf:    9   -18361.596034   -18361.583592   -18361.594969  0.121248 -7.036706  0.182699
     spin moment: {S} , |S| = {        0.0        0.0   -0.00005 }    -0.00005
   scf:   10   -18361.556886   -18361.574122   -18361.585343  0.104840 -7.051958  0.599691
     spin moment: {S} , |S| = {        0.0        0.0    0.00027 }     0.00027
   scf:   11   -18361.620312   -18361.598993   -18361.611637  0.162827 -7.045728  0.068694
     spin moment: {S} , |S| = {        0.0        0.0   -0.00037 }    -0.00037
   scf:   12   -18361.601266   -18361.600074   -18361.612805  0.014539 -7.047335  0.048314
     spin moment: {S} , |S| = {        0.0        0.0   -0.00003 }    -0.00003
   scf:   13   -18361.601481   -18361.600761   -18361.613534  0.008703 -7.048771  0.039187
     spin moment: {S} , |S| = {        0.0        0.0   -0.00008 }    -0.00008
   scf:   14   -18361.608247   -18361.603140   -18361.616388  0.068709 -7.058127  0.027673
     spin moment: {S} , |S| = {        0.0        0.0    0.00003 }     0.00003
   scf:   15   -18361.603137   -18361.603140   -18361.616392  0.002140 -7.057888  0.021101
     spin moment: {S} , |S| = {        0.0        0.0   -0.00001 }    -0.00001
   scf:   16   -18361.603131   -18361.603136   -18361.616390  0.004335 -7.058096  0.014526
     spin moment: {S} , |S| = {        0.0        0.0   -0.00000 }    -0.00000
   scf:   17   -18361.603361   -18361.603226   -18361.616523  0.012755 -7.059868  0.008832
     spin moment: {S} , |S| = {        0.0        0.0   -0.00002 }    -0.00002
   scf:   18   -18361.603350   -18361.603261   -18361.616593  0.011059 -7.061670  0.003863
     spin moment: {S} , |S| = {        0.0        0.0   -0.00000 }    -0.00000
   scf:   19   -18361.603264   -18361.603258   -18361.616604  0.004454 -7.062151  0.001834
     spin moment: {S} , |S| = {        0.0        0.0   -0.00001 }    -0.00001
   scf:   20   -18361.603252   -18361.603255   -18361.616605  0.001820 -7.062326  0.001273
     spin moment: {S} , |S| = {        0.0        0.0   -0.00001 }    -0.00001
   scf:   21   -18361.603255   -18361.603255   -18361.616606  0.000171 -7.062348  0.001171
     spin moment: {S} , |S| = {        0.0        0.0   -0.00001 }    -0.00001

SCF Convergence by DM criterion
max |DM_out - DM_in|         :     0.0001713224
max |H_out - H_in|      (eV) :     0.0011707411
SCF cycle converged after 21 iterations

Using DM_out to compute the final energy and forces
No. of atoms with KB's overlaping orbs in proc 0. Max # of overlaps:     196    1794

siesta: E_KS(eV) =           -18361.6033

siesta: E_KS - E_eggbox =    -18361.6033

siesta: Atomic forces (eV/Ang):
     1   -0.764623   -0.000000   -1.423384
     2    0.883882   -0.000000   -1.701376
     3   -0.883674    0.000000    1.700953
     4    0.764512    0.000000    1.423241
     5    0.756973    0.000000    1.888950
     6   -0.760989   -0.000000   -1.889048
     7    0.041852    0.000000    0.405388
     8   -0.043257    0.000000   -0.405263
----------------------------------------
   Tot   -0.005324   -0.000000   -0.000539
----------------------------------------
   Max    1.889048
   Res    0.939676    sqrt( Sum f_i^2 / 3N )
----------------------------------------
   Max    1.889048    constrained

Stress tensor Voigt[x,y,z,yz,xz,xy] (kbar):     -551.87     -738.13     -639.97        0.00       30.82       -0.00
(Free)E + p*V (eV/cell)   -18326.5918
Target enthalpy (eV/cell)   -18361.6166

siesta: Stress tensor (static) (eV/Ang**3):
        -0.344449   -0.000000    0.019228
        -0.000000   -0.460702    0.000000
         0.019235    0.000000   -0.399438

siesta: Pressure (static):        643.32165696  kBar

siesta: Stress tensor (total) (eV/Ang**3):
        -0.344449   -0.000000    0.019228
        -0.000000   -0.460702    0.000000
         0.019235    0.000000   -0.399438

siesta: Pressure (total):        643.32165696  kBar

cgvc: No target stress found, assuming hydrostatic MD.TargetPressure.

cgvc: Target stress (kBar)
cgvc:        -0.000       0.000       0.000
cgvc:         0.000      -0.000       0.000
cgvc:         0.000       0.000      -0.000

                     ====================================
                        Begin CG opt. move =      1
                     ====================================
k-point displ. along   2 input, could be:     0.00    0.50
k-point displ. along   3 input, could be:     0.00    0.50
 Kpoints in:           24 . Kpoints trimmed:           23

siesta: k-grid: Number of k-points = 23
siesta: k-points from Monkhorst-Pack grid
siesta: k-cutoff (effective) =     7.120 Ang
siesta: k-point supercell and displacements
siesta: k-grid:     3     0     0      0.000
siesta: k-grid:     0     6     0      0.000
siesta: k-grid:     0     0     2      0.000

superc: Internal auxiliary supercell:     7 x    13 x     5  =     455
superc: Number of atoms, orbitals, and projectors:   3640  82810  65520

outcell: Unit cell vectors (Ang):
        5.026513    0.000000   -0.002707
        0.000000    2.521438   -0.000000
       -0.003828   -0.000000    7.119509

outcell: Cell vector modules (Ang)   :    5.026514    2.521438    7.119510
outcell: Cell angles (23,13,12) (deg):     90.0000     90.0617     90.0000
outcell: Cell volume (Ang**3)        :     90.2329
<dSpData1D:S at geom step 1
  <sparsity:sparsity for geom step 1
    nrows_g=182 nrows=7 sparsity=1.7264 nnzs=57184, refcount: 7>
  <dData1D:(new from dSpData1D) n=57184, refcount: 1>
refcount: 1>
new_DM -- step:     2
Re-using DM from previous geometries...
Number of DMs in history: 1
 DM extrapolation coefficients: 
1   1.00000
New DM after history re-use:
<dSpData2D:SpM extrapolated using coords
  <sparsity:sparsity for geom step 1
    nrows_g=182 nrows=7 sparsity=1.7264 nnzs=57184, refcount: 9>
  <dData2D:(temp array for extrapolation) n=57184 m=2, refcount: 1>
refcount: 1>
Note: For starting DM, Qtot, Tr[D*S] =        108.00000000        108.34707075
No. of atoms with KB's overlaping orbs in proc 0. Max # of overlaps:     181    1652

InitMesh: MESH = 54 x 30 x 80 = 129600
InitMesh: Mesh cutoff (required, used) =   300.000   318.975 Ry
New grid distribution [1]: sub = 2
New grid distribution [2]: sub = 2
New grid distribution [3]: sub = 2
Setting up quadratic distribution...

        iscf     Eharris(eV)        E_KS(eV)     FreeEng(eV)     dDmax    Ef(eV) dHmax(eV)
   scf:    1   -18364.570110   -18361.207180   -18361.219128  2.400183 -7.196198  5.984763
     spin moment: {S} , |S| = {        0.0        0.0    0.00033 }     0.00033
   scf:    2   -17519.567846   -18088.160658   -18088.168836 14.333428 -4.788609 74.267016
     spin moment: {S} , |S| = {        0.0        0.0    0.00282 }     0.00282
   scf:    3   -18377.520817   -18362.821462   -18362.835243 13.653147 -7.014536  0.791689
     spin moment: {S} , |S| = {        0.0        0.0   -0.00001 }    -0.00001
   scf:    4   -18362.843738   -18362.833207   -18362.847033  0.035864 -7.008688  0.735255
     spin moment: {S} , |S| = {        0.0        0.0    0.00002 }     0.00002
   scf:    5   -18362.857055   -18362.862171   -18362.876621  0.273957 -6.978563  0.304551
     spin moment: {S} , |S| = {        0.0        0.0   -0.00032 }    -0.00032
   scf:    6   -18362.868048   -18362.865259   -18362.879632  0.045998 -6.974983  0.230798
     spin moment: {S} , |S| = {        0.0        0.0    0.00107 }     0.00107
   scf:    7   -18362.870583   -18362.868967   -18362.883101  0.082229 -6.969438  0.033126
     spin moment: {S} , |S| = {        0.0        0.0   -0.00008 }    -0.00008
   scf:    8   -18362.868695   -18362.868914   -18362.882976  0.012166 -6.968903  0.064375
     spin moment: {S} , |S| = {        0.0        0.0    0.00005 }     0.00005
   scf:    9   -18362.869607   -18362.869323   -18362.883407  0.014281 -6.967396  0.028550
     spin moment: {S} , |S| = {        0.0        0.0    0.00006 }     0.00006
   scf:   10   -18362.869518   -18362.869422   -18362.883506  0.003988 -6.966726  0.017145
     spin moment: {S} , |S| = {        0.0        0.0    0.00006 }     0.00006
   scf:   11   -18362.869752   -18362.869579   -18362.883642  0.006241 -6.965710  0.010225
     spin moment: {S} , |S| = {        0.0        0.0    0.00007 }     0.00007
   scf:   12   -18362.869704   -18362.869639   -18362.883688  0.002572 -6.965331  0.009637
     spin moment: {S} , |S| = {        0.0        0.0    0.00007 }     0.00007
   scf:   13   -18362.870337   -18362.869914   -18362.883863  0.015468 -6.963171  0.003615
     spin moment: {S} , |S| = {        0.0        0.0    0.00008 }     0.00008
   scf:   14   -18362.870052   -18362.869974   -18362.883885  0.005279 -6.962423  0.003247
     spin moment: {S} , |S| = {        0.0        0.0    0.00008 }     0.00008
   scf:   15   -18362.870003   -18362.869988   -18362.883888  0.000996 -6.962292  0.002186
     spin moment: {S} , |S| = {        0.0        0.0    0.00008 }     0.00008
   scf:   16   -18362.870020   -18362.870004   -18362.883890  0.001190 -6.962120  0.000543
     spin moment: {S} , |S| = {        0.0        0.0    0.00009 }     0.00009
   scf:   17   -18362.870011   -18362.870007   -18362.883890  0.000243 -6.962085  0.000370
     spin moment: {S} , |S| = {        0.0        0.0    0.00009 }     0.00009

SCF Convergence by DM criterion
max |DM_out - DM_in|         :     0.0002428111
max |H_out - H_in|      (eV) :     0.0003704479
SCF cycle converged after 17 iterations

Using DM_out to compute the final energy and forces
No. of atoms with KB's overlaping orbs in proc 0. Max # of overlaps:     181    1652

siesta: E_KS(eV) =           -18362.8700

siesta: Atomic forces (eV/Ang):
     1   -0.527529    0.000000   -1.159852
     2    0.613731    0.000000   -1.311601
     3   -0.614436    0.000000    1.310673
     4    0.527970   -0.000000    1.159721
     5    0.703732   -0.000000    1.578082
     6   -0.698346    0.000000   -1.577787
     7    0.023859    0.000000    0.356844
     8   -0.025807   -0.000000   -0.360706
----------------------------------------
   Tot    0.003176   -0.000000   -0.004625
----------------------------------------
   Max    1.578082
   Res    0.754458    sqrt( Sum f_i^2 / 3N )
----------------------------------------
   Max    1.578082    constrained

Stress tensor Voigt[x,y,z,yz,xz,xy] (kbar):     -448.25     -611.80     -527.90        0.00       26.81        0.00
(Free)E + p*V (eV/cell)   -18333.0736
Target enthalpy (eV/cell)   -18362.8839

siesta: Stress tensor (static) (eV/Ang**3):
        -0.279773    0.000000    0.016736
         0.000000   -0.381852    0.000000
         0.016735    0.000000   -0.329486

siesta: Pressure (static):        529.31209712  kBar

siesta: Stress tensor (total) (eV/Ang**3):
        -0.279773    0.000000    0.016736
         0.000000   -0.381852    0.000000
         0.016735    0.000000   -0.329486

siesta: Pressure (total):        529.31209712  kBar

                     ====================================
                        Begin CG opt. move =      2
                     ====================================
k-point displ. along   2 input, could be:     0.00    0.50
k-point displ. along   3 input, could be:     0.00    0.50
 Kpoints in:           24 . Kpoints trimmed:           23

siesta: k-grid: Number of k-points = 23
siesta: k-points from Monkhorst-Pack grid
siesta: k-cutoff (effective) =     7.247 Ang
siesta: k-point supercell and displacements
siesta: k-grid:     3     0     0      0.000
siesta: k-grid:     0     6     0      0.000
siesta: k-grid:     0     0     2      0.000

superc: Internal auxiliary supercell:     7 x    13 x     5  =     455
superc: Number of atoms, orbitals, and projectors:   3640  82810  65520

outcell: Unit cell vectors (Ang):
        5.104084    0.000000   -0.007038
        0.000000    2.573314   -0.000000
       -0.009953   -0.000000    7.246724

outcell: Cell vector modules (Ang)   :    5.104089    2.573314    7.246731
outcell: Cell angles (23,13,12) (deg):     90.0000     90.1577     90.0000
outcell: Cell volume (Ang**3)        :     95.1813
<dSpData1D:S at geom step 2
  <sparsity:sparsity for geom step 2
    nrows_g=182 nrows=7 sparsity=1.6953 nnzs=56154, refcount: 7>
  <dData1D:(new from dSpData1D) n=56154, refcount: 1>
refcount: 1>
new_DM -- step:     3
Re-using DM from previous geometries...
Number of DMs in history: 1
 DM extrapolation coefficients: 
1   1.00000
New DM after history re-use:
<dSpData2D:SpM extrapolated using coords
  <sparsity:sparsity for geom step 2
    nrows_g=182 nrows=7 sparsity=1.6953 nnzs=56154, refcount: 9>
  <dData2D:(temp array for extrapolation) n=56154 m=2, refcount: 1>
refcount: 1>
Note: For starting DM, Qtot, Tr[D*S] =        108.00000000        108.54899571
No. of atoms with KB's overlaping orbs in proc 0. Max # of overlaps:     181    1643

InitMesh: MESH = 54 x 30 x 80 = 129600
InitMesh: Mesh cutoff (required, used) =   300.000   309.354 Ry
New grid distribution [1]: sub = 2
New grid distribution [2]: sub = 2
New grid distribution [3]: sub = 2
Setting up quadratic distribution...

        iscf     Eharris(eV)        E_KS(eV)     FreeEng(eV)     dDmax    Ef(eV) dHmax(eV)
   scf:    1   -18355.561905   -18358.096203   -18358.106935  2.623783 -7.253683 11.698416
     spin moment: {S} , |S| = {        0.0        0.0    0.00077 }     0.00077
   scf:    2   -16035.601071   -17611.331645   -17611.344168 28.299651 -2.959723121.500251
     spin moment: {S} , |S| = {        0.0        0.0    0.00505 }     0.00505
   scf:    3   -18423.551259   -18364.375406   -18364.389375 27.530779 -6.833768  1.180857
     spin moment: {S} , |S| = {        0.0        0.0   -0.00087 }    -0.00087
   scf:    4   -18364.411395   -18364.394523   -18364.408472  0.055913 -6.840744  1.077643
     spin moment: {S} , |S| = {        0.0        0.0   -0.00011 }    -0.00011
   scf:    5   -18364.458577   -18364.442288   -18364.456432  0.216897 -6.851560  0.393382
     spin moment: {S} , |S| = {        0.0        0.0   -0.00349 }    -0.00349
   scf:    6   -18364.446490   -18364.444730   -18364.458862  0.030061 -6.850774  0.332496
     spin moment: {S} , |S| = {        0.0        0.0    0.00063 }     0.00063
   scf:    7   -18364.461638   -18364.455411   -18364.469287  0.260778 -6.825794  0.100845
     spin moment: {S} , |S| = {        0.0        0.0    0.00008 }     0.00008
   scf:    8   -18364.456137   -18364.456010   -18364.469943  0.022901 -6.823070  0.045367
     spin moment: {S} , |S| = {        0.0        0.0    0.00001 }     0.00001
   scf:    9   -18364.457264   -18364.456656   -18364.470533  0.014781 -6.822724  0.045763
     spin moment: {S} , |S| = {        0.0        0.0    0.00000 }     0.00000
   scf:   10   -18364.457012   -18364.456856   -18364.470727  0.010323 -6.821546  0.023967
     spin moment: {S} , |S| = {        0.0        0.0    0.00002 }     0.00002
   scf:   11   -18364.458415   -18364.457545   -18364.471275  0.024857 -6.819142  0.014992
     spin moment: {S} , |S| = {        0.0        0.0   -0.00005 }    -0.00005
   scf:   12   -18364.458077   -18364.457792   -18364.471452  0.010880 -6.818063  0.011285
     spin moment: {S} , |S| = {        0.0        0.0   -0.00008 }    -0.00008
   scf:   13   -18364.459055   -18364.458277   -18364.471720  0.030290 -6.814910  0.006030
     spin moment: {S} , |S| = {        0.0        0.0   -0.00012 }    -0.00012
   scf:   14   -18364.458353   -18364.458314   -18364.471730  0.003322 -6.814642  0.004448
     spin moment: {S} , |S| = {        0.0        0.0   -0.00015 }    -0.00015
   scf:   15   -18364.458354   -18364.458334   -18364.471735  0.001999 -6.814547  0.002925
     spin moment: {S} , |S| = {        0.0        0.0   -0.00014 }    -0.00014
   scf:   16   -18364.458352   -18364.458343   -18364.471736  0.000888 -6.814467  0.003021
     spin moment: {S} , |S| = {        0.0        0.0   -0.00016 }    -0.00016
   scf:   17   -18364.458363   -18364.458353   -18364.471738  0.001228 -6.814311  0.001958
     spin moment: {S} , |S| = {        0.0        0.0   -0.00015 }    -0.00015
   scf:   18   -18364.458364   -18364.458359   -18364.471739  0.000911 -6.814205  0.000985
     spin moment: {S} , |S| = {        0.0        0.0   -0.00016 }    -0.00016
   scf:   19   -18364.458364   -18364.458362   -18364.471739  0.000473 -6.814149  0.000747
     spin moment: {S} , |S| = {        0.0        0.0   -0.00016 }    -0.00016

SCF Convergence by DM criterion
max |DM_out - DM_in|         :     0.0004728109
max |H_out - H_in|      (eV) :     0.0007470326
SCF cycle converged after 19 iterations

Using DM_out to compute the final energy and forces
No. of atoms with KB's overlaping orbs in proc 0. Max # of overlaps:     181    1643

siesta: E_KS(eV) =           -18364.4584

siesta: Atomic forces (eV/Ang):
     1   -0.170824    0.000000   -0.797553
     2    0.209543   -0.000000   -0.805051
     3   -0.208523    0.000000    0.805350
     4    0.169760    0.000000    0.797611
     5    0.634847    0.000000    1.063108
     6   -0.639126    0.000000   -1.063272
     7    0.032925   -0.000000    0.286389
     8   -0.032325   -0.000000   -0.284449
----------------------------------------
   Tot   -0.003722    0.000000    0.002133
----------------------------------------
   Max    1.063272
   Res    0.497982    sqrt( Sum f_i^2 / 3N )
----------------------------------------
   Max    1.063272    constrained

Stress tensor Voigt[x,y,z,yz,xz,xy] (kbar):     -315.12     -437.51     -374.79       -0.00       21.67        0.00
(Free)E + p*V (eV/cell)   -18342.1460
Target enthalpy (eV/cell)   -18364.4717

siesta: Stress tensor (static) (eV/Ang**3):
        -0.196683   -0.000000    0.013530
         0.000000   -0.273070   -0.000000
         0.013528   -0.000000   -0.233927

siesta: Pressure (static):        375.80618887  kBar

siesta: Stress tensor (total) (eV/Ang**3):
        -0.196683   -0.000000    0.013530
         0.000000   -0.273070   -0.000000
         0.013528   -0.000000   -0.233927

siesta: Pressure (total):        375.80618887  kBar

                     ====================================
                        Begin CG opt. move =      3
                     ====================================
k-point displ. along   2 input, could be:     0.00    0.50
k-point displ. along   3 input, could be:     0.00    0.50
 Kpoints in:           24 . Kpoints trimmed:           23

siesta: k-grid: Number of k-points = 23
siesta: k-points from Monkhorst-Pack grid
siesta: k-cutoff (effective) =     7.376 Ang
siesta: k-point supercell and displacements
siesta: k-grid:     3     0     0      0.000
siesta: k-grid:     0     6     0      0.000
siesta: k-grid:     0     0     2      0.000

superc: Internal auxiliary supercell:     7 x    11 x     5  =     385
superc: Number of atoms, orbitals, and projectors:   3080  70070  55440

outcell: Unit cell vectors (Ang):
        5.182866    0.000000   -0.011437
        0.000000    2.625999   -0.000000
       -0.016174   -0.000000    7.375924

outcell: Cell vector modules (Ang)   :    5.182878    2.625999    7.375942
outcell: Cell angles (23,13,12) (deg):     90.0000     90.2521     90.0000
outcell: Cell volume (Ang**3)        :    100.3873
<dSpData1D:S at geom step 3
  <sparsity:sparsity for geom step 3
    nrows_g=182 nrows=7 sparsity=1.6224 nnzs=53739, refcount: 7>
  <dData1D:(new from dSpData1D) n=53739, refcount: 1>
refcount: 1>
new_DM -- step:     4
Re-using DM from previous geometries...
Number of DMs in history: 1
 DM extrapolation coefficients: 
1   1.00000
New DM after history re-use:
<dSpData2D:SpM extrapolated using coords
  <sparsity:sparsity for geom step 3
    nrows_g=182 nrows=7 sparsity=1.6224 nnzs=53739, refcount: 9>
  <dData2D:(temp array for extrapolation) n=53739 m=2, refcount: 1>
refcount: 1>
Note: For starting DM, Qtot, Tr[D*S] =        108.00000000        108.51398737
No. of atoms with KB's overlaping orbs in proc 0. Max # of overlaps:     170    1611

InitMesh: MESH = 54 x 30 x 80 = 129600
InitMesh: Mesh cutoff (required, used) =   300.000   300.024 Ry
New grid distribution [1]: sub = 2
New grid distribution [2]: sub = 2
New grid distribution [3]: sub = 2
Setting up quadratic distribution...

        iscf     Eharris(eV)        E_KS(eV)     FreeEng(eV)     dDmax    Ef(eV) dHmax(eV)
   scf:    1   -18346.783193   -18356.123401   -18356.133869  2.203580 -7.183635 14.141865
     spin moment: {S} , |S| = {        0.0        0.0   -0.00031 }    -0.00031
   scf:    2   -15445.356562   -17425.594481   -17425.599396 40.139999 -2.983097134.804626
     spin moment: {S} , |S| = {        0.0        0.0   -0.00023 }    -0.00023
   scf:    3   -18459.067557   -18365.286497   -18365.300025 39.260953 -6.622915  2.435527
     spin moment: {S} , |S| = {        0.0        0.0    0.00048 }     0.00048
   scf:    4   -18365.598217   -18365.465181   -18365.478500  0.158980 -6.657253  1.366249
     spin moment: {S} , |S| = {        0.0        0.0    0.00002 }     0.00002
   scf:    5   -18365.617928   -18365.587663   -18365.601092  0.277606 -6.701130  0.421631
     spin moment: {S} , |S| = {        0.0        0.0    0.00177 }     0.00177
   scf:    6   -18365.584874   -18365.588735   -18365.602055  0.060464 -6.708796  0.381390
     spin moment: {S} , |S| = {        0.0        0.0   -0.00197 }    -0.00197
   scf:    7   -18365.571377   -18365.583429   -18365.596519  0.094996 -6.707402  0.651396
     spin moment: {S} , |S| = {        0.0        0.0    0.00014 }     0.00014
   scf:    8   -18365.589161   -18365.599315   -18365.612534  0.178726 -6.676430  0.198627
     spin moment: {S} , |S| = {        0.0        0.0   -0.00010 }    -0.00010
   scf:    9   -18365.603238   -18365.601628   -18365.614729  0.025735 -6.675302  0.097053
     spin moment: {S} , |S| = {        0.0        0.0   -0.00009 }    -0.00009
   scf:   10   -18365.602491   -18365.602167   -18365.615220  0.011752 -6.676323  0.023983
     spin moment: {S} , |S| = {        0.0        0.0   -0.00011 }    -0.00011
   scf:   11   -18365.603291   -18365.602686   -18365.615672  0.009183 -6.674499  0.017282
     spin moment: {S} , |S| = {        0.0        0.0   -0.00011 }    -0.00011
   scf:   12   -18365.603267   -18365.602958   -18365.615893  0.006656 -6.672857  0.018106
     spin moment: {S} , |S| = {        0.0        0.0   -0.00010 }    -0.00010
   scf:   13   -18365.604409   -18365.603509   -18365.616256  0.015994 -6.668779  0.006158
     spin moment: {S} , |S| = {        0.0        0.0   -0.00010 }    -0.00010
   scf:   14   -18365.603583   -18365.603544   -18365.616271  0.001530 -6.668371  0.005379
     spin moment: {S} , |S| = {        0.0        0.0   -0.00009 }    -0.00009
   scf:   15   -18365.603665   -18365.603600   -18365.616290  0.002995 -6.667506  0.001995
     spin moment: {S} , |S| = {        0.0        0.0   -0.00012 }    -0.00012
   scf:   16   -18365.603621   -18365.603610   -18365.616292  0.000707 -6.667317  0.001751
     spin moment: {S} , |S| = {        0.0        0.0   -0.00008 }    -0.00008
   scf:   17   -18365.603619   -18365.603615   -18365.616292  0.000350 -6.667230  0.001554
     spin moment: {S} , |S| = {        0.0        0.0   -0.00010 }    -0.00010

SCF Convergence by DM criterion
max |DM_out - DM_in|         :     0.0003495343
max |H_out - H_in|      (eV) :     0.0015542783
SCF cycle converged after 17 iterations

Using DM_out to compute the final energy and forces
No. of atoms with KB's overlaping orbs in proc 0. Max # of overlaps:     170    1611

siesta: E_KS(eV) =           -18365.6036

siesta: Atomic forces (eV/Ang):
     1    0.100990   -0.000000   -0.500191
     2   -0.093321    0.000000   -0.457153
     3    0.092280   -0.000000    0.456907
     4   -0.100345   -0.000000    0.500717
     5    0.551226   -0.000000    0.672785
     6   -0.543298   -0.000000   -0.672840
     7    0.031956   -0.000000    0.228312
     8   -0.031777   -0.000000   -0.228376
----------------------------------------
   Tot    0.007711   -0.000000    0.000162
----------------------------------------
   Max    0.672840
   Res    0.327035    sqrt( Sum f_i^2 / 3N )
----------------------------------------
   Max    0.672840    constrained

Stress tensor Voigt[x,y,z,yz,xz,xy] (kbar):     -209.16     -295.85     -250.19       -0.00       18.15       -0.00
(Free)E + p*V (eV/cell)   -18349.8433
Target enthalpy (eV/cell)   -18365.6163

siesta: Stress tensor (static) (eV/Ang**3):
        -0.130550   -0.000000    0.011327
        -0.000000   -0.184657   -0.000000
         0.011327   -0.000000   -0.156158

siesta: Pressure (static):        251.73641621  kBar

siesta: Stress tensor (total) (eV/Ang**3):
        -0.130550   -0.000000    0.011327
        -0.000000   -0.184657   -0.000000
         0.011327   -0.000000   -0.156158

siesta: Pressure (total):        251.73641621  kBar

                     ====================================
                        Begin CG opt. move =      4
                     ====================================
k-point displ. along   2 input, could be:     0.00    0.50
k-point displ. along   3 input, could be:     0.00    0.50
 Kpoints in:           24 . Kpoints trimmed:           23

siesta: k-grid: Number of k-points = 23
siesta: k-points from Monkhorst-Pack grid
siesta: k-cutoff (effective) =     7.505 Ang
siesta: k-point supercell and displacements
siesta: k-grid:     3     0     0      0.000
siesta: k-grid:     0     6     0      0.000
siesta: k-grid:     0     0     2      0.000

superc: Internal auxiliary supercell:     7 x    11 x     5  =     385
superc: Number of atoms, orbitals, and projectors:   3080  70070  55440

outcell: Unit cell vectors (Ang):
        5.261647    0.000000   -0.015835
        0.000000    2.678684   -0.000000
       -0.022394   -0.000000    7.505124

outcell: Cell vector modules (Ang)   :    5.261671    2.678684    7.505158
outcell: Cell angles (23,13,12) (deg):     90.0000     90.3434     90.0000
outcell: Cell volume (Ang**3)        :    105.7785
<dSpData1D:S at geom step 4
  <sparsity:sparsity for geom step 4
    nrows_g=182 nrows=7 sparsity=1.4619 nnzs=48425, refcount: 7>
  <dData1D:(new from dSpData1D) n=48425, refcount: 1>
refcount: 1>
new_DM -- step:     5
Re-using DM from previous geometries...
Number of DMs in history: 1
 DM extrapolation coefficients: 
1   1.00000
New DM after history re-use:
<dSpData2D:SpM extrapolated using coords
  <sparsity:sparsity for geom step 4
    nrows_g=182 nrows=7 sparsity=1.4619 nnzs=48425, refcount: 9>
  <dData2D:(temp array for extrapolation) n=48425 m=2, refcount: 1>
refcount: 1>
Note: For starting DM, Qtot, Tr[D*S] =        108.00000000        108.41651644
No. of atoms with KB's overlaping orbs in proc 0. Max # of overlaps:     150    1429

InitMesh: MESH = 60 x 30 x 80 = 144000
InitMesh: Mesh cutoff (required, used) =   300.000   314.035 Ry
New grid distribution [1]: sub = 2
New grid distribution [2]: sub = 2
New grid distribution [3]: sub = 2
Setting up quadratic distribution...

        iscf     Eharris(eV)        E_KS(eV)     FreeEng(eV)     dDmax    Ef(eV) dHmax(eV)
   scf:    1   -18348.342787   -18357.498219   -18357.509684  2.449806 -7.004110 13.551675
     spin moment: {S} , |S| = {        0.0        0.0    0.00055 }     0.00055
   scf:    2   -15484.007886   -17437.640727   -17437.647095 33.893547 -2.965195134.113384
     spin moment: {S} , |S| = {        0.0        0.0    0.00070 }     0.00070
   scf:    3   -18459.276386   -18366.027134   -18366.040557 33.346299 -6.474674  2.603765
     spin moment: {S} , |S| = {        0.0        0.0   -0.00126 }    -0.00126
   scf:    4   -18366.344227   -18366.206276   -18366.219461  0.097183 -6.505015  1.581465
     spin moment: {S} , |S| = {        0.0        0.0   -0.00050 }    -0.00050
   scf:    5   -18366.390799   -18366.339495   -18366.352763  0.158052 -6.548454  0.443997
     spin moment: {S} , |S| = {        0.0        0.0   -0.00365 }    -0.00365
   scf:    6   -18366.344728   -18366.345922   -18366.359018  0.043862 -6.559992  0.282978
     spin moment: {S} , |S| = {        0.0        0.0    0.00123 }     0.00123
   scf:    7   -18366.307169   -18366.333522   -18366.346247  0.062078 -6.567700  0.702773
     spin moment: {S} , |S| = {        0.0        0.0   -0.00069 }    -0.00069
   scf:    8   -18366.344847   -18366.353129   -18366.366166  0.095679 -6.537304  0.156222
     spin moment: {S} , |S| = {        0.0        0.0   -0.00011 }    -0.00011
   scf:    9   -18366.356866   -18366.355164   -18366.368071  0.041592 -6.532185  0.126126
     spin moment: {S} , |S| = {        0.0        0.0   -0.00008 }    -0.00008
   scf:   10   -18366.356240   -18366.355800   -18366.368643  0.005926 -6.532548  0.069415
     spin moment: {S} , |S| = {        0.0        0.0   -0.00023 }    -0.00023
   scf:   11   -18366.357343   -18366.356605   -18366.369301  0.013692 -6.531523  0.044198
     spin moment: {S} , |S| = {        0.0        0.0   -0.00034 }    -0.00034
   scf:   12   -18366.356867   -18366.356765   -18366.369461  0.003632 -6.530345  0.015807
     spin moment: {S} , |S| = {        0.0        0.0   -0.00023 }    -0.00023
   scf:   13   -18366.358558   -18366.357437   -18366.369925  0.016074 -6.525673  0.007187
     spin moment: {S} , |S| = {        0.0        0.0   -0.00025 }    -0.00025
   scf:   14   -18366.357547   -18366.357488   -18366.369947  0.002158 -6.525098  0.006407
     spin moment: {S} , |S| = {        0.0        0.0   -0.00028 }    -0.00028
   scf:   15   -18366.357557   -18366.357520   -18366.369960  0.001789 -6.524540  0.002917
     spin moment: {S} , |S| = {        0.0        0.0   -0.00024 }    -0.00024
   scf:   16   -18366.357558   -18366.357538   -18366.369965  0.001516 -6.524188  0.001581
     spin moment: {S} , |S| = {        0.0        0.0   -0.00027 }    -0.00027
   scf:   17   -18366.357541   -18366.357540   -18366.369965  0.000314 -6.524115  0.001187
     spin moment: {S} , |S| = {        0.0        0.0   -0.00026 }    -0.00026

SCF Convergence by DM criterion
max |DM_out - DM_in|         :     0.0003137926
max |H_out - H_in|      (eV) :     0.0011868957
SCF cycle converged after 17 iterations

Using DM_out to compute the final energy and forces
No. of atoms with KB's overlaping orbs in proc 0. Max # of overlaps:     150    1429

siesta: E_KS(eV) =           -18366.3575

siesta: Atomic forces (eV/Ang):
     1    0.315718    0.000000   -0.240111
     2   -0.326276    0.000000   -0.158160
     3    0.325864    0.000000    0.158027
     4   -0.315728   -0.000000    0.240620
     5    0.468767   -0.000000    0.382060
     6   -0.467756    0.000000   -0.381863
     7    0.033544   -0.000000    0.189375
     8   -0.034161    0.000000   -0.189935
----------------------------------------
   Tot   -0.000027   -0.000000    0.000013
----------------------------------------
   Max    0.468767
   Res    0.239974    sqrt( Sum f_i^2 / 3N )
----------------------------------------
   Max    0.468767    constrained

Stress tensor Voigt[x,y,z,yz,xz,xy] (kbar):     -130.46     -192.30     -159.38       -0.00       17.84        0.00
(Free)E + p*V (eV/cell)   -18355.7593
Target enthalpy (eV/cell)   -18366.3700

siesta: Stress tensor (static) (eV/Ang**3):
        -0.081429    0.000000    0.011131
         0.000000   -0.120026   -0.000000
         0.011132   -0.000000   -0.099476

siesta: Pressure (static):        160.71489691  kBar

siesta: Stress tensor (total) (eV/Ang**3):
        -0.081429    0.000000    0.011131
         0.000000   -0.120026   -0.000000
         0.011132   -0.000000   -0.099476

siesta: Pressure (total):        160.71489691  kBar

                     ====================================
                        Begin CG opt. move =      5
                     ====================================
k-point displ. along   2 input, could be:     0.00    0.50
k-point displ. along   3 input, could be:     0.00    0.50
 Kpoints in:           24 . Kpoints trimmed:           23

siesta: k-grid: Number of k-points = 23
siesta: k-points from Monkhorst-Pack grid
siesta: k-cutoff (effective) =     7.634 Ang
siesta: k-point supercell and displacements
siesta: k-grid:     3     0     0      0.000
siesta: k-grid:     0     6     0      0.000
siesta: k-grid:     0     0     2      0.000

superc: Internal auxiliary supercell:     7 x    11 x     5  =     385
superc: Number of atoms, orbitals, and projectors:   3080  70070  55440

outcell: Unit cell vectors (Ang):
        5.340428    0.000000   -0.020234
        0.000000    2.731369   -0.000000
       -0.028615   -0.000000    7.634324

outcell: Cell vector modules (Ang)   :    5.340467    2.731369    7.634378
outcell: Cell angles (23,13,12) (deg):     90.0000     90.4318     90.0000
outcell: Cell volume (Ang**3)        :    111.3579
<dSpData1D:S at geom step 5
  <sparsity:sparsity for geom step 5
    nrows_g=182 nrows=7 sparsity=1.4056 nnzs=46558, refcount: 7>
  <dData1D:(new from dSpData1D) n=46558, refcount: 1>
refcount: 1>
new_DM -- step:     6
Re-using DM from previous geometries...
Number of DMs in history: 1
 DM extrapolation coefficients: 
1   1.00000
New DM after history re-use:
<dSpData2D:SpM extrapolated using coords
  <sparsity:sparsity for geom step 5
    nrows_g=182 nrows=7 sparsity=1.4056 nnzs=46558, refcount: 9>
  <dData2D:(temp array for extrapolation) n=46558 m=2, refcount: 1>
refcount: 1>
Note: For starting DM, Qtot, Tr[D*S] =        108.00000000        108.24927152
No. of atoms with KB's overlaping orbs in proc 0. Max # of overlaps:     147    1401

InitMesh: MESH = 60 x 30 x 80 = 144000
InitMesh: Mesh cutoff (required, used) =   300.000   303.500 Ry
New grid distribution [1]: sub = 2
New grid distribution [2]: sub = 2
New grid distribution [3]: sub = 2
Setting up quadratic distribution...

        iscf     Eharris(eV)        E_KS(eV)     FreeEng(eV)     dDmax    Ef(eV) dHmax(eV)
   scf:    1   -18362.603396   -18363.118476   -18363.131313  1.739094 -6.689998  8.646382
     spin moment: {S} , |S| = {        0.0        0.0   -0.00047 }    -0.00047
   scf:    2   -16531.039310   -17769.664624   -17769.676031 14.394694 -3.313115108.832723
     spin moment: {S} , |S| = {        0.0        0.0   -0.00201 }    -0.00201
   scf:    3   -18409.142221   -18366.782482   -18366.795290 14.177795 -6.411424  0.743213
     spin moment: {S} , |S| = {        0.0        0.0   -0.00012 }    -0.00012
   scf:    4   -18366.786999   -18366.784764   -18366.797576  0.003390 -6.412265  0.718513
     spin moment: {S} , |S| = {        0.0        0.0   -0.00016 }    -0.00016
   scf:    5   -18366.816499   -18366.809378   -18366.822279  0.068026 -6.423322  0.225247
     spin moment: {S} , |S| = {        0.0        0.0    0.00024 }     0.00024
   scf:    6   -18366.812630   -18366.811082   -18366.823946  0.010747 -6.421207  0.190038
     spin moment: {S} , |S| = {        0.0        0.0   -0.00137 }    -0.00137
   scf:    7   -18366.817094   -18366.814283   -18366.827038  0.029933 -6.413732  0.079001
     spin moment: {S} , |S| = {        0.0        0.0   -0.00023 }    -0.00023
   scf:    8   -18366.815522   -18366.814915   -18366.827641  0.012071 -6.410782  0.056360
     spin moment: {S} , |S| = {        0.0        0.0   -0.00031 }    -0.00031
   scf:    9   -18366.817328   -18366.816097   -18366.828738  0.033190 -6.404920  0.034854
     spin moment: {S} , |S| = {        0.0        0.0   -0.00030 }    -0.00030
   scf:   10   -18366.816899   -18366.816483   -18366.829079  0.003605 -6.403946  0.037233
     spin moment: {S} , |S| = {        0.0        0.0   -0.00028 }    -0.00028
   scf:   11   -18366.818096   -18366.817204   -18366.829709  0.008532 -6.402719  0.016648
     spin moment: {S} , |S| = {        0.0        0.0   -0.00029 }    -0.00029
   scf:   12   -18366.818536   -18366.817733   -18366.830176  0.010285 -6.400991  0.010149
     spin moment: {S} , |S| = {        0.0        0.0   -0.00029 }    -0.00029
   scf:   13   -18366.818172   -18366.817881   -18366.830318  0.007882 -6.400006  0.006952
     spin moment: {S} , |S| = {        0.0        0.0   -0.00028 }    -0.00028
   scf:   14   -18366.817878   -18366.817880   -18366.830327  0.001055 -6.399708  0.006874
     spin moment: {S} , |S| = {        0.0        0.0   -0.00028 }    -0.00028
   scf:   15   -18366.817874   -18366.817877   -18366.830332  0.000982 -6.399726  0.003718
     spin moment: {S} , |S| = {        0.0        0.0   -0.00028 }    -0.00028
   scf:   16   -18366.817867   -18366.817871   -18366.830338  0.001178 -6.399628  0.002475
     spin moment: {S} , |S| = {        0.0        0.0   -0.00027 }    -0.00027
   scf:   17   -18366.817861   -18366.817866   -18366.830339  0.000603 -6.399561  0.001807
     spin moment: {S} , |S| = {        0.0        0.0   -0.00027 }    -0.00027
   scf:   18   -18366.817855   -18366.817860   -18366.830340  0.000467 -6.399524  0.001472
     spin moment: {S} , |S| = {        0.0        0.0   -0.00027 }    -0.00027

SCF Convergence by DM criterion
max |DM_out - DM_in|         :     0.0004668089
max |H_out - H_in|      (eV) :     0.0014715488
SCF cycle converged after 18 iterations

Using DM_out to compute the final energy and forces
No. of atoms with KB's overlaping orbs in proc 0. Max # of overlaps:     147    1401

siesta: E_KS(eV) =           -18366.8179

siesta: Atomic forces (eV/Ang):
     1    0.461146   -0.000000   -0.054142
     2   -0.496893    0.000000   -0.000675
     3    0.496435   -0.000000    0.000488
     4   -0.461157    0.000000    0.054576
     5    0.408143   -0.000000    0.112019
     6   -0.407072   -0.000000   -0.111627
     7   -0.010645    0.000000    0.157153
     8    0.010033    0.000000   -0.157806
----------------------------------------
   Tot   -0.000011    0.000000   -0.000012
----------------------------------------
   Max    0.496893
   Res    0.235557    sqrt( Sum f_i^2 / 3N )
----------------------------------------
   Max    0.496893    constrained

Stress tensor Voigt[x,y,z,yz,xz,xy] (kbar):      -75.22     -116.15      -89.55       -0.00       16.57        0.00
(Free)E + p*V (eV/cell)   -18360.3219
Target enthalpy (eV/cell)   -18366.8303

siesta: Stress tensor (static) (eV/Ang**3):
        -0.046951    0.000000    0.010343
         0.000000   -0.072493    0.000000
         0.010344   -0.000000   -0.055895

siesta: Pressure (static):         93.64099475  kBar

siesta: Stress tensor (total) (eV/Ang**3):
        -0.046951    0.000000    0.010343
         0.000000   -0.072493    0.000000
         0.010344   -0.000000   -0.055895

siesta: Pressure (total):         93.64099475  kBar

                     ====================================
                        Begin CG opt. move =      6
                     ====================================
k-point displ. along   2 input, could be:     0.00    0.50
k-point displ. along   3 input, could be:     0.00    0.50
 Kpoints in:           24 . Kpoints trimmed:           23

siesta: k-grid: Number of k-points = 23
siesta: k-points from Monkhorst-Pack grid
siesta: k-cutoff (effective) =     7.764 Ang
siesta: k-point supercell and displacements
siesta: k-grid:     3     0     0      0.000
siesta: k-grid:     0     6     0      0.000
siesta: k-grid:     0     0     2      0.000

superc: Internal auxiliary supercell:     7 x    11 x     5  =     385
superc: Number of atoms, orbitals, and projectors:   3080  70070  55440

outcell: Unit cell vectors (Ang):
        5.419210    0.000000   -0.024632
        0.000000    2.784055   -0.000000
       -0.034835   -0.000000    7.763524

outcell: Cell vector modules (Ang)   :    5.419266    2.784055    7.763602
outcell: Cell angles (23,13,12) (deg):     90.0000     90.5175     90.0000
outcell: Cell volume (Ang**3)        :    117.1288
<dSpData1D:S at geom step 6
  <sparsity:sparsity for geom step 6
    nrows_g=182 nrows=7 sparsity=1.3772 nnzs=45619, refcount: 7>
  <dData1D:(new from dSpData1D) n=45619, refcount: 1>
refcount: 1>
new_DM -- step:     7
Re-using DM from previous geometries...
Number of DMs in history: 1
 DM extrapolation coefficients: 
1   1.00000
New DM after history re-use:
<dSpData2D:SpM extrapolated using coords
  <sparsity:sparsity for geom step 6
    nrows_g=182 nrows=7 sparsity=1.3772 nnzs=45619, refcount: 9>
  <dData2D:(temp array for extrapolation) n=45619 m=2, refcount: 1>
refcount: 1>
No. of atoms with KB's overlaping orbs in proc 0. Max # of overlaps:     147    1363

InitMesh: MESH = 60 x 30 x 90 = 162000
InitMesh: Mesh cutoff (required, used) =   300.000   320.914 Ry
New grid distribution [1]: sub = 2
New grid distribution [2]: sub = 2
New grid distribution [3]: sub = 2
Setting up quadratic distribution...

        iscf     Eharris(eV)        E_KS(eV)     FreeEng(eV)     dDmax    Ef(eV) dHmax(eV)
   scf:    1   -18371.241754   -18366.866278   -18366.879386  0.996234 -6.359978  1.843698
     spin moment: {S} , |S| = {        0.0        0.0   -0.00029 }    -0.00029
   scf:    2   -18290.635035   -18342.174068   -18342.192106  1.246263 -5.713053 22.747664
     spin moment: {S} , |S| = {        0.0        0.0    0.00015 }     0.00015
   scf:    3   -18369.167845   -18367.031151   -18367.043517  1.211907 -6.311121  0.210333
     spin moment: {S} , |S| = {        0.0        0.0   -0.00030 }    -0.00030
   scf:    4   -18367.031000   -18367.033003   -18367.045374  0.015768 -6.317429  0.224369
     spin moment: {S} , |S| = {        0.0        0.0   -0.00027 }    -0.00027
   scf:    5   -18367.032345   -18367.035421   -18367.047408  0.016829 -6.305355  0.210343
     spin moment: {S} , |S| = {        0.0        0.0   -0.00036 }    -0.00036
   scf:    6   -18367.040328   -18367.038375   -18367.050370  0.014422 -6.305539  0.079456
     spin moment: {S} , |S| = {        0.0        0.0   -0.00012 }    -0.00012
   scf:    7   -18367.038744   -18367.038854   -18367.050879  0.010155 -6.306147  0.118493
     spin moment: {S} , |S| = {        0.0        0.0   -0.00030 }    -0.00030
   scf:    8   -18367.042909   -18367.040884   -18367.052755  0.016773 -6.300279  0.035762
     spin moment: {S} , |S| = {        0.0        0.0   -0.00029 }    -0.00029
   scf:    9   -18367.039094   -18367.040387   -18367.052147  0.006263 -6.295747  0.166530
     spin moment: {S} , |S| = {        0.0        0.0   -0.00026 }    -0.00026
   scf:   10   -18367.043945   -18367.042434   -18367.054296  0.014641 -6.297981  0.030281
     spin moment: {S} , |S| = {        0.0        0.0   -0.00025 }    -0.00025
   scf:   11   -18367.042819   -18367.042606   -18367.054455  0.003315 -6.297889  0.030129
     spin moment: {S} , |S| = {        0.0        0.0   -0.00026 }    -0.00026
   scf:   12   -18367.043169   -18367.042813   -18367.054626  0.009440 -6.296595  0.004106
     spin moment: {S} , |S| = {        0.0        0.0   -0.00025 }    -0.00025
   scf:   13   -18367.042818   -18367.042815   -18367.054629  0.000487 -6.296580  0.003473
     spin moment: {S} , |S| = {        0.0        0.0   -0.00024 }    -0.00024

SCF Convergence by DM criterion
max |DM_out - DM_in|         :     0.0004867301
max |H_out - H_in|      (eV) :     0.0034725403
SCF cycle converged after 13 iterations

Using DM_out to compute the final energy and forces
No. of atoms with KB's overlaping orbs in proc 0. Max # of overlaps:     147    1363

siesta: E_KS(eV) =           -18367.0428

siesta: Atomic forces (eV/Ang):
     1    0.586742    0.000000    0.069038
     2   -0.659720    0.000000    0.105212
     3    0.659447   -0.000000   -0.105400
     4   -0.586803   -0.000000   -0.069250
     5    0.325576   -0.000000   -0.107515
     6   -0.324139    0.000000    0.108795
     7   -0.088339   -0.000000    0.095871
     8    0.086970   -0.000000   -0.095617
----------------------------------------
   Tot   -0.000266    0.000000    0.001133
----------------------------------------
   Max    0.659720
   Res    0.278284    sqrt( Sum f_i^2 / 3N )
----------------------------------------
   Max    0.659720    constrained

Stress tensor Voigt[x,y,z,yz,xz,xy] (kbar):      -36.11      -63.83      -36.24        0.00       12.08        0.00
(Free)E + p*V (eV/cell)   -18363.7361
Target enthalpy (eV/cell)   -18367.0546

siesta: Stress tensor (static) (eV/Ang**3):
        -0.022536    0.000000    0.007541
         0.000000   -0.039843    0.000000
         0.007543    0.000000   -0.022619

siesta: Pressure (static):         45.39390411  kBar

siesta: Stress tensor (total) (eV/Ang**3):
        -0.022536    0.000000    0.007541
         0.000000   -0.039843    0.000000
         0.007543    0.000000   -0.022619

siesta: Pressure (total):         45.39390411  kBar

                     ====================================
                        Begin CG opt. move =      7
                     ====================================
k-point displ. along   2 input, could be:     0.00    0.50
k-point displ. along   3 input, could be:     0.00    0.50
 Kpoints in:           24 . Kpoints trimmed:           23

siesta: k-grid: Number of k-points = 23
siesta: k-points from Monkhorst-Pack grid
siesta: k-cutoff (effective) =     7.893 Ang
siesta: k-point supercell and displacements
siesta: k-grid:     3     0     0      0.000
siesta: k-grid:     0     6     0      0.000
siesta: k-grid:     0     0     2      0.000

superc: Internal auxiliary supercell:     7 x    11 x     5  =     385
superc: Number of atoms, orbitals, and projectors:   3080  70070  55440

outcell: Unit cell vectors (Ang):
        5.497991    0.000000   -0.029031
        0.000000    2.836740   -0.000000
       -0.041056   -0.000000    7.892724

outcell: Cell vector modules (Ang)   :    5.498068    2.836740    7.892831
outcell: Cell angles (23,13,12) (deg):     90.0000     90.6006     90.0000
outcell: Cell volume (Ang**3)        :    123.0945
<dSpData1D:S at geom step 7
  <sparsity:sparsity for geom step 7
    nrows_g=182 nrows=7 sparsity=1.2909 nnzs=42760, refcount: 7>
  <dData1D:(new from dSpData1D) n=42760, refcount: 1>
refcount: 1>
new_DM -- step:     8
Re-using DM from previous geometries...
Number of DMs in history: 1
 DM extrapolation coefficients: 
1   1.00000
New DM after history re-use:
<dSpData2D:SpM extrapolated using coords
  <sparsity:sparsity for geom step 7
    nrows_g=182 nrows=7 sparsity=1.2909 nnzs=42760, refcount: 9>
  <dData2D:(temp array for extrapolation) n=42760 m=2, refcount: 1>
refcount: 1>
No. of atoms with KB's overlaping orbs in proc 0. Max # of overlaps:     141    1299

InitMesh: MESH = 60 x 30 x 90 = 162000
InitMesh: Mesh cutoff (required, used) =   300.000   309.105 Ry
New grid distribution [1]: sub = 2
New grid distribution [2]: sub = 2
New grid distribution [3]: sub = 2
Setting up quadratic distribution...

        iscf     Eharris(eV)        E_KS(eV)     FreeEng(eV)     dDmax    Ef(eV) dHmax(eV)
   scf:    1   -18366.849825   -18366.181587   -18366.191148  0.674226 -6.078760  4.313281
     spin moment: {S} , |S| = {        0.0        0.0   -0.00000 }    -0.00000
   scf:    2   -17816.196831   -18187.391501   -18187.407942  1.457758 -8.069751 63.447886
     spin moment: {S} , |S| = {        0.0        0.0   -0.05322 }    -0.05322
   scf:    3   -18376.106004   -18367.072960   -18367.083160  1.418681 -6.198428  0.560054
     spin moment: {S} , |S| = {        0.0        0.0   -0.00017 }    -0.00017
   scf:    4   -18367.075057   -18367.085734   -18367.096356  0.026236 -6.217046  0.295124
     spin moment: {S} , |S| = {        0.0        0.0   -0.00051 }    -0.00051
   scf:    5   -18367.089136   -18367.087631   -18367.098160  0.005501 -6.214232  0.175510
     spin moment: {S} , |S| = {        0.0        0.0   -0.00030 }    -0.00030
   scf:    6   -18367.086931   -18367.088814   -18367.099043  0.011636 -6.205509  0.183148
     spin moment: {S} , |S| = {        0.0        0.0   -0.00026 }    -0.00026
   scf:    7   -18367.090581   -18367.090589   -18367.100770  0.015614 -6.211075  0.099859
     spin moment: {S} , |S| = {        0.0        0.0   -0.00026 }    -0.00026
   scf:    8   -18367.091101   -18367.091204   -18367.101223  0.004239 -6.207404  0.087818
     spin moment: {S} , |S| = {        0.0        0.0   -0.00024 }    -0.00024
   scf:    9   -18367.093005   -18367.091928   -18367.101549  0.031037 -6.201065  0.206683
     spin moment: {S} , |S| = {        0.0        0.0   -0.00014 }    -0.00014
   scf:   10   -18367.094225   -18367.093529   -18367.103227  0.003813 -6.205099  0.058870
     spin moment: {S} , |S| = {        0.0        0.0   -0.00015 }    -0.00015
   scf:   11   -18367.094466   -18367.093920   -18367.103615  0.011112 -6.205656  0.004837
     spin moment: {S} , |S| = {        0.0        0.0   -0.00015 }    -0.00015
   scf:   12   -18367.093927   -18367.093923   -18367.103625  0.000734 -6.205584  0.003691
     spin moment: {S} , |S| = {        0.0        0.0   -0.00015 }    -0.00015
   scf:   13   -18367.093929   -18367.093920   -18367.103648  0.003010 -6.205338  0.001780
     spin moment: {S} , |S| = {        0.0        0.0   -0.00016 }    -0.00016
   scf:   14   -18367.093908   -18367.093914   -18367.103650  0.000663 -6.205300  0.001268
     spin moment: {S} , |S| = {        0.0        0.0   -0.00016 }    -0.00016
   scf:   15   -18367.093907   -18367.093911   -18367.103650  0.000331 -6.205286  0.001023
     spin moment: {S} , |S| = {        0.0        0.0   -0.00016 }    -0.00016

SCF Convergence by DM criterion
max |DM_out - DM_in|         :     0.0003308455
max |H_out - H_in|      (eV) :     0.0010228029
SCF cycle converged after 15 iterations

Using DM_out to compute the final energy and forces
No. of atoms with KB's overlaping orbs in proc 0. Max # of overlaps:     141    1299

siesta: E_KS(eV) =           -18367.0939

siesta: Atomic forces (eV/Ang):
     1    0.683369    0.000000    0.129948
     2   -0.751920    0.000000    0.142630
     3    0.751476    0.000000   -0.142502
     4   -0.683484   -0.000000   -0.131466
     5    0.279682   -0.000000   -0.273744
     6   -0.278448   -0.000000    0.275345
     7   -0.148221   -0.000000    0.049136
     8    0.145766   -0.000000   -0.048817
----------------------------------------
   Tot   -0.001779    0.000000    0.000532
----------------------------------------
   Max    0.751920
   Res    0.322334    sqrt( Sum f_i^2 / 3N )
----------------------------------------
   Max    0.751920    constrained

Stress tensor Voigt[x,y,z,yz,xz,xy] (kbar):       -5.03      -16.96        3.08       -0.00       10.23       -0.00
(Free)E + p*V (eV/cell)   -18366.6194
Target enthalpy (eV/cell)   -18367.1037

siesta: Stress tensor (static) (eV/Ang**3):
        -0.003142   -0.000000    0.006388
        -0.000000   -0.010585   -0.000000
         0.006387   -0.000000    0.001925

siesta: Pressure (static):          6.30307707  kBar

siesta: Stress tensor (total) (eV/Ang**3):
        -0.003142   -0.000000    0.006388
        -0.000000   -0.010585   -0.000000
         0.006387   -0.000000    0.001925

siesta: Pressure (total):          6.30307707  kBar

                     ====================================
                        Begin CG opt. move =      8
                     ====================================
k-point displ. along   2 input, could be:     0.00    0.50
k-point displ. along   3 input, could be:     0.00    0.50
 Kpoints in:           24 . Kpoints trimmed:           23

siesta: k-grid: Number of k-points = 23
siesta: k-points from Monkhorst-Pack grid
siesta: k-cutoff (effective) =     7.874 Ang
siesta: k-point supercell and displacements
siesta: k-grid:     3     0     0      0.000
siesta: k-grid:     0     6     0      0.000
siesta: k-grid:     0     0     2      0.000

superc: Internal auxiliary supercell:     7 x    11 x     5  =     385
superc: Number of atoms, orbitals, and projectors:   3080  70070  55440

outcell: Unit cell vectors (Ang):
        5.486647    0.000000   -0.028398
        0.000000    2.829153   -0.000000
       -0.040160   -0.000000    7.874120

outcell: Cell vector modules (Ang)   :    5.486720    2.829153    7.874222
outcell: Cell angles (23,13,12) (deg):     90.0000     90.5888     90.0000
outcell: Cell volume (Ang**3)        :    122.2233
<dSpData1D:S at geom step 8
  <sparsity:sparsity for geom step 8
    nrows_g=182 nrows=7 sparsity=1.2948 nnzs=42889, refcount: 7>
  <dData1D:(new from dSpData1D) n=42889, refcount: 1>
refcount: 1>
new_DM -- step:     9
Re-using DM from previous geometries...
Number of DMs in history: 1
 DM extrapolation coefficients: 
1   1.00000
New DM after history re-use:
<dSpData2D:SpM extrapolated using coords
  <sparsity:sparsity for geom step 8
    nrows_g=182 nrows=7 sparsity=1.2948 nnzs=42889, refcount: 9>
  <dData2D:(temp array for extrapolation) n=42889 m=2, refcount: 1>
refcount: 1>
No. of atoms with KB's overlaping orbs in proc 0. Max # of overlaps:     141    1304

InitMesh: MESH = 60 x 30 x 90 = 162000
InitMesh: Mesh cutoff (required, used) =   300.000   310.765 Ry
New grid distribution [1]: sub = 2
New grid distribution [2]: sub = 2
New grid distribution [3]: sub = 2
Setting up quadratic distribution...

        iscf     Eharris(eV)        E_KS(eV)     FreeEng(eV)     dDmax    Ef(eV) dHmax(eV)
   scf:    1   -18366.669607   -18366.989476   -18367.000672  0.465346 -6.255259  1.470191
     spin moment: {S} , |S| = {        0.0        0.0   -0.00023 }    -0.00023
   scf:    2   -18317.974921   -18351.116077   -18351.127666  0.712176 -5.727635 18.373286
     spin moment: {S} , |S| = {        0.0        0.0    0.00028 }     0.00028
   scf:    3   -18368.429062   -18367.096088   -18367.105780  0.687198 -6.214237  0.098425
     spin moment: {S} , |S| = {        0.0        0.0   -0.00017 }    -0.00017
   scf:    4   -18367.095470   -18367.096245   -18367.106044  0.004898 -6.218964  0.069143
     spin moment: {S} , |S| = {        0.0        0.0   -0.00011 }    -0.00011
   scf:    5   -18367.096651   -18367.096496   -18367.106255  0.003466 -6.218052  0.029767
     spin moment: {S} , |S| = {        0.0        0.0   -0.00017 }    -0.00017
   scf:    6   -18367.096551   -18367.096545   -18367.106281  0.001083 -6.217063  0.018683
     spin moment: {S} , |S| = {        0.0        0.0   -0.00014 }    -0.00014
   scf:    7   -18367.096590   -18367.096569   -18367.106321  0.003427 -6.216877  0.009757
     spin moment: {S} , |S| = {        0.0        0.0   -0.00015 }    -0.00015
   scf:    8   -18367.096565   -18367.096568   -18367.106326  0.000413 -6.217046  0.005541
     spin moment: {S} , |S| = {        0.0        0.0   -0.00015 }    -0.00015

SCF Convergence by DM criterion
max |DM_out - DM_in|         :     0.0004130859
max |H_out - H_in|      (eV) :     0.0055413200
SCF cycle converged after 8 iterations

Using DM_out to compute the final energy and forces
No. of atoms with KB's overlaping orbs in proc 0. Max # of overlaps:     141    1304

siesta: E_KS(eV) =           -18367.0966

siesta: Atomic forces (eV/Ang):
     1    0.680010   -0.000000    0.117490
     2   -0.744204    0.000000    0.147957
     3    0.743711   -0.000000   -0.148242
     4   -0.680114    0.000000   -0.118918
     5    0.291143    0.000000   -0.254436
     6   -0.289712    0.000000    0.255545
     7   -0.145090    0.000000    0.056810
     8    0.142661   -0.000000   -0.056191
----------------------------------------
   Tot   -0.001595   -0.000000    0.000016
----------------------------------------
   Max    0.744204
   Res    0.319521    sqrt( Sum f_i^2 / 3N )
----------------------------------------
   Max    0.744204    constrained

Stress tensor Voigt[x,y,z,yz,xz,xy] (kbar):       -9.35      -22.84       -2.28       -0.00       10.03       -0.00
(Free)E + p*V (eV/cell)   -18366.2298
Target enthalpy (eV/cell)   -18367.1063

siesta: Stress tensor (static) (eV/Ang**3):
        -0.005836   -0.000000    0.006256
        -0.000000   -0.014255   -0.000000
         0.006263   -0.000000   -0.001424

siesta: Pressure (static):         11.49018033  kBar

siesta: Stress tensor (total) (eV/Ang**3):
        -0.005836   -0.000000    0.006256
        -0.000000   -0.014255   -0.000000
         0.006263   -0.000000   -0.001424

siesta: Pressure (total):         11.49018033  kBar

cgvc: Finished line minimization    1.  Mean atomic displacement =    0.1577

                     ====================================
                        Begin CG opt. move =      9
                     ====================================
k-point displ. along   2 input, could be:     0.00    0.50
k-point displ. along   3 input, could be:     0.00    0.50
 Kpoints in:           24 . Kpoints trimmed:           23

siesta: k-grid: Number of k-points = 23
siesta: k-points from Monkhorst-Pack grid
siesta: k-cutoff (effective) =     7.906 Ang
siesta: k-point supercell and displacements
siesta: k-grid:     3     0     0      0.000
siesta: k-grid:     0     6     0      0.000
siesta: k-grid:     0     0     2      0.000

superc: Internal auxiliary supercell:     7 x    11 x     5  =     385
superc: Number of atoms, orbitals, and projectors:   3080  70070  55440

outcell: Unit cell vectors (Ang):
        5.520585    0.000000   -0.049302
        0.000000    2.862181    0.000000
       -0.069723    0.000000    7.905566

outcell: Cell vector modules (Ang)   :    5.520806    2.862181    7.905874
outcell: Cell angles (23,13,12) (deg):     90.0000     91.0170     90.0000
outcell: Cell volume (Ang**3)        :    124.9053
<dSpData1D:S at geom step 9
  <sparsity:sparsity for geom step 9
    nrows_g=182 nrows=7 sparsity=1.2701 nnzs=42070, refcount: 7>
  <dData1D:(new from dSpData1D) n=42070, refcount: 1>
refcount: 1>
new_DM -- step:    10
Re-using DM from previous geometries...
Number of DMs in history: 1
 DM extrapolation coefficients: 
1   1.00000
New DM after history re-use:
<dSpData2D:SpM extrapolated using coords
  <sparsity:sparsity for geom step 9
    nrows_g=182 nrows=7 sparsity=1.2701 nnzs=42070, refcount: 9>
  <dData2D:(temp array for extrapolation) n=42070 m=2, refcount: 1>
refcount: 1>
Note: For starting DM, Qtot, Tr[D*S] =        108.00000000        108.14905896
No. of atoms with KB's overlaping orbs in proc 0. Max # of overlaps:     141    1287

InitMesh: MESH = 60 x 30 x 90 = 162000
InitMesh: Mesh cutoff (required, used) =   300.000   303.634 Ry
New grid distribution [1]: sub = 2
New grid distribution [2]: sub = 2
New grid distribution [3]: sub = 2
Setting up quadratic distribution...

        iscf     Eharris(eV)        E_KS(eV)     FreeEng(eV)     dDmax    Ef(eV) dHmax(eV)
   scf:    1   -18352.412841   -18361.563688   -18361.574679  0.805730 -6.399765 10.261109
     spin moment: {S} , |S| = {        0.0        0.0    0.00074 }     0.00074
   scf:    2   -15879.666620   -17559.943219   -17559.951400 18.876895 -2.814532126.235919
     spin moment: {S} , |S| = {        0.0        0.0    0.00208 }     0.00208
   scf:    3   -18429.017130   -18367.056962   -18367.067204 18.777430 -6.100926  1.035749
     spin moment: {S} , |S| = {        0.0        0.0    0.00003 }     0.00003
   scf:    4   -18367.065184   -18367.061104   -18367.071361  0.003337 -6.102252  0.995002
     spin moment: {S} , |S| = {        0.0        0.0    0.00007 }     0.00007
   scf:    5   -18367.106018   -18367.139371   -18367.149895  0.233728 -6.153291  0.515457
     spin moment: {S} , |S| = {        0.0        0.0    0.00010 }     0.00010
   scf:    6   -18367.154638   -18367.148208   -18367.158698  0.015861 -6.144772  0.297064
     spin moment: {S} , |S| = {        0.0        0.0    0.00124 }     0.00124
   scf:    7   -18367.152837   -18367.152963   -18367.163476  0.029884 -6.132053  0.133753
     spin moment: {S} , |S| = {        0.0        0.0    0.00034 }     0.00034
   scf:    8   -18367.154148   -18367.153653   -18367.164252  0.006315 -6.131527  0.095130
     spin moment: {S} , |S| = {        0.0        0.0    0.00061 }     0.00061
   scf:    9   -18367.156622   -18367.155118   -18367.165854  0.016041 -6.128084  0.066446
     spin moment: {S} , |S| = {        0.0        0.0    0.00068 }     0.00068
   scf:   10   -18367.155837   -18367.155526   -18367.166291  0.005122 -6.128894  0.036452
     spin moment: {S} , |S| = {        0.0        0.0    0.00072 }     0.00072
   scf:   11   -18367.158099   -18367.156625   -18367.167489  0.017400 -6.124943  0.020943
     spin moment: {S} , |S| = {        0.0        0.0    0.00087 }     0.00087
   scf:   12   -18367.157071   -18367.156834   -18367.167712  0.004109 -6.124304  0.017929
     spin moment: {S} , |S| = {        0.0        0.0    0.00092 }     0.00092
   scf:   13   -18367.158375   -18367.157418   -18367.168255  0.013989 -6.122529  0.009433
     spin moment: {S} , |S| = {        0.0        0.0    0.00110 }     0.00110
   scf:   14   -18367.157544   -18367.157477   -18367.168296  0.001652 -6.122411  0.008456
     spin moment: {S} , |S| = {        0.0        0.0    0.00113 }     0.00113
   scf:   15   -18367.157765   -18367.157601   -18367.168365  0.004273 -6.122086  0.005285
     spin moment: {S} , |S| = {        0.0        0.0    0.00121 }     0.00121
   scf:   16   -18367.157649   -18367.157625   -18367.168374  0.000999 -6.122029  0.004605
     spin moment: {S} , |S| = {        0.0        0.0    0.00122 }     0.00122
   scf:   17   -18367.157649   -18367.157637   -18367.168379  0.000670 -6.122002  0.004131
     spin moment: {S} , |S| = {        0.0        0.0    0.00124 }     0.00124
   scf:   18   -18367.157684   -18367.157660   -18367.168387  0.001394 -6.121941  0.002944
     spin moment: {S} , |S| = {        0.0        0.0    0.00126 }     0.00126
   scf:   19   -18367.157700   -18367.157679   -18367.168392  0.001288 -6.121883  0.001635
     spin moment: {S} , |S| = {        0.0        0.0    0.00129 }     0.00129
   scf:   20   -18367.157694   -18367.157687   -18367.168394  0.000528 -6.121873  0.001277
     spin moment: {S} , |S| = {        0.0        0.0    0.00130 }     0.00130
   scf:   21   -18367.157701   -18367.157694   -18367.168395  0.000502 -6.121867  0.000933
     spin moment: {S} , |S| = {        0.0        0.0    0.00132 }     0.00132
   scf:   22   -18367.157708   -18367.157701   -18367.168396  0.000529 -6.121865  0.000584
     spin moment: {S} , |S| = {        0.0        0.0    0.00133 }     0.00133
   scf:   23   -18367.157710   -18367.157705   -18367.168397  0.000351 -6.121867  0.000416
     spin moment: {S} , |S| = {        0.0        0.0    0.00134 }     0.00134

SCF Convergence by DM criterion
max |DM_out - DM_in|         :     0.0003509904
max |H_out - H_in|      (eV) :     0.0004161401
SCF cycle converged after 23 iterations

Using DM_out to compute the final energy and forces
No. of atoms with KB's overlaping orbs in proc 0. Max # of overlaps:     141    1287

siesta: E_KS(eV) =           -18367.1577

siesta: Atomic forces (eV/Ang):
     1   -0.435318    0.000000    0.230233
     2    0.424068   -0.000000   -0.251580
     3   -0.423932   -0.000000    0.252892
     4    0.434698    0.000000   -0.231454
     5   -0.305011    0.000000    0.353916
     6    0.303955    0.000000   -0.356344
     7    0.160642    0.000001   -0.371209
     8   -0.159998    0.000000    0.372323
----------------------------------------
   Tot   -0.000895    0.000001   -0.001224
----------------------------------------
   Max    0.435318
   Res    0.269051    sqrt( Sum f_i^2 / 3N )
----------------------------------------
   Max    0.435318    constrained

Stress tensor Voigt[x,y,z,yz,xz,xy] (kbar):        7.67       -3.73       11.89       -0.00       12.78       -0.00
(Free)E + p*V (eV/cell)   -18367.5798
Target enthalpy (eV/cell)   -18367.1684

siesta: Stress tensor (static) (eV/Ang**3):
         0.004787   -0.000000    0.007973
        -0.000000   -0.002327   -0.000000
         0.007974   -0.000000    0.007421

siesta: Pressure (static):         -5.27714316  kBar

siesta: Stress tensor (total) (eV/Ang**3):
         0.004787   -0.000000    0.007973
        -0.000000   -0.002327   -0.000000
         0.007974   -0.000000    0.007421

siesta: Pressure (total):         -5.27714316  kBar

                     ====================================
                        Begin CG opt. move =     10
                     ====================================
k-point displ. along   2 input, could be:     0.00    0.50
k-point displ. along   3 input, could be:     0.00    0.50
 Kpoints in:           24 . Kpoints trimmed:           23

siesta: k-grid: Number of k-points = 23
siesta: k-points from Monkhorst-Pack grid
siesta: k-cutoff (effective) =     7.893 Ang
siesta: k-point supercell and displacements
siesta: k-grid:     3     0     0      0.000
siesta: k-grid:     0     6     0      0.000
siesta: k-grid:     0     0     2      0.000

superc: Internal auxiliary supercell:     7 x    11 x     5  =     385
superc: Number of atoms, orbitals, and projectors:   3080  70070  55440

outcell: Unit cell vectors (Ang):
        5.507228    0.000000   -0.041074
        0.000000    2.849182    0.000000
       -0.058088    0.000000    7.893189

outcell: Cell vector modules (Ang)   :    5.507381    2.849182    7.893403
outcell: Cell angles (23,13,12) (deg):     90.0000     90.8490     90.0000
outcell: Cell volume (Ang**3)        :    123.8460
<dSpData1D:S at geom step 10
  <sparsity:sparsity for geom step 10
    nrows_g=182 nrows=7 sparsity=1.2739 nnzs=42198, refcount: 7>
  <dData1D:(new from dSpData1D) n=42198, refcount: 1>
refcount: 1>
new_DM -- step:    11
Re-using DM from previous geometries...
Number of DMs in history: 1
 DM extrapolation coefficients: 
1   1.00000
New DM after history re-use:
<dSpData2D:SpM extrapolated using coords
  <sparsity:sparsity for geom step 10
    nrows_g=182 nrows=7 sparsity=1.2739 nnzs=42198, refcount: 9>
  <dData2D:(temp array for extrapolation) n=42198 m=2, refcount: 1>
refcount: 1>
No. of atoms with KB's overlaping orbs in proc 0. Max # of overlaps:     141    1295

InitMesh: MESH = 60 x 30 x 90 = 162000
InitMesh: Mesh cutoff (required, used) =   300.000   306.411 Ry
New grid distribution [1]: sub = 2
New grid distribution [2]: sub = 2
New grid distribution [3]: sub = 2
Setting up quadratic distribution...

        iscf     Eharris(eV)        E_KS(eV)     FreeEng(eV)     dDmax    Ef(eV) dHmax(eV)
   scf:    1   -18366.656509   -18367.036729   -18367.047317  0.424165 -6.116906  1.503007
     spin moment: {S} , |S| = {        0.0        0.0    0.00102 }     0.00102
   scf:    2   -18293.702904   -18343.281855   -18343.296807  1.146376 -6.701346 22.051228
     spin moment: {S} , |S| = {        0.0        0.0    0.00982 }     0.00982
   scf:    3   -18368.923411   -18367.201137   -18367.211715  1.047734 -6.162658  0.152150
     spin moment: {S} , |S| = {        0.0        0.0    0.00107 }     0.00107
   scf:    4   -18367.212367   -18367.209480   -18367.220386  0.082969 -6.153117  0.068233
     spin moment: {S} , |S| = {        0.0        0.0    0.00134 }     0.00134
   scf:    5   -18367.209861   -18367.209676   -18367.220589  0.003661 -6.152822  0.062224
     spin moment: {S} , |S| = {        0.0        0.0    0.00122 }     0.00122
   scf:    6   -18367.210780   -18367.210362   -18367.221257  0.009033 -6.152972  0.035201
     spin moment: {S} , |S| = {        0.0        0.0    0.00130 }     0.00130
   scf:    7   -18367.210515   -18367.210451   -18367.221362  0.006268 -6.152527  0.019142
     spin moment: {S} , |S| = {        0.0        0.0    0.00111 }     0.00111
   scf:    8   -18367.210783   -18367.210617   -18367.221527  0.003110 -6.152709  0.014198
     spin moment: {S} , |S| = {        0.0        0.0    0.00108 }     0.00108
   scf:    9   -18367.210690   -18367.210653   -18367.221567  0.000841 -6.152799  0.014017
     spin moment: {S} , |S| = {        0.0        0.0    0.00107 }     0.00107
   scf:   10   -18367.211139   -18367.210857   -18367.221782  0.007531 -6.153701  0.008629
     spin moment: {S} , |S| = {        0.0        0.0    0.00100 }     0.00100
   scf:   11   -18367.211001   -18367.210921   -18367.221841  0.003389 -6.154104  0.006461
     spin moment: {S} , |S| = {        0.0        0.0    0.00097 }     0.00097
   scf:   12   -18367.211071   -18367.210985   -18367.221889  0.003883 -6.154581  0.004179
     spin moment: {S} , |S| = {        0.0        0.0    0.00092 }     0.00092
   scf:   13   -18367.211035   -18367.211008   -18367.221901  0.001734 -6.154800  0.003165
     spin moment: {S} , |S| = {        0.0        0.0    0.00090 }     0.00090
   scf:   14   -18367.211026   -18367.211017   -18367.221905  0.000504 -6.154846  0.002639
     spin moment: {S} , |S| = {        0.0        0.0    0.00089 }     0.00089
   scf:   15   -18367.211042   -18367.211029   -18367.221909  0.000779 -6.154896  0.001915
     spin moment: {S} , |S| = {        0.0        0.0    0.00087 }     0.00087
   scf:   16   -18367.211051   -18367.211039   -18367.221911  0.000733 -6.154943  0.001425
     spin moment: {S} , |S| = {        0.0        0.0    0.00085 }     0.00085
   scf:   17   -18367.211048   -18367.211044   -18367.221912  0.000337 -6.154957  0.001130
     spin moment: {S} , |S| = {        0.0        0.0    0.00084 }     0.00084

SCF Convergence by DM criterion
max |DM_out - DM_in|         :     0.0003365071
max |H_out - H_in|      (eV) :     0.0011301606
SCF cycle converged after 17 iterations

Using DM_out to compute the final energy and forces
No. of atoms with KB's overlaping orbs in proc 0. Max # of overlaps:     141    1295

siesta: E_KS(eV) =           -18367.2110

siesta: Atomic forces (eV/Ang):
     1   -0.004240   -0.000000    0.182592
     2   -0.012123   -0.000000   -0.099653
     3    0.012128   -0.000000    0.101032
     4    0.003633   -0.000000   -0.184195
     5   -0.083687    0.000000    0.139947
     6    0.083506    0.000000   -0.141386
     7    0.031964    0.000000   -0.230678
     8   -0.030781   -0.000000    0.231098
----------------------------------------
   Tot    0.000401    0.000000   -0.001243
----------------------------------------
   Max    0.231098
   Res    0.102036    sqrt( Sum f_i^2 / 3N )
----------------------------------------
   Max    0.231098    constrained

Stress tensor Voigt[x,y,z,yz,xz,xy] (kbar):        7.34      -11.73        8.21       -0.00       13.46       -0.00
(Free)E + p*V (eV/cell)   -18367.3203
Target enthalpy (eV/cell)   -18367.2219

siesta: Stress tensor (static) (eV/Ang**3):
         0.004580   -0.000000    0.008399
        -0.000000   -0.007321   -0.000000
         0.008400   -0.000000    0.005125

siesta: Pressure (static):         -1.27332800  kBar

siesta: Stress tensor (total) (eV/Ang**3):
         0.004580   -0.000000    0.008399
        -0.000000   -0.007321   -0.000000
         0.008400   -0.000000    0.005125

siesta: Pressure (total):         -1.27332800  kBar

cgvc: Finished line minimization    2.  Mean atomic displacement =    0.0956

                     ====================================
                        Begin CG opt. move =     11
                     ====================================
k-point displ. along   2 input, could be:     0.00    0.50
k-point displ. along   3 input, could be:     0.00    0.50
 Kpoints in:           24 . Kpoints trimmed:           23

siesta: k-grid: Number of k-points = 23
siesta: k-points from Monkhorst-Pack grid
siesta: k-cutoff (effective) =     7.865 Ang
siesta: k-point supercell and displacements
siesta: k-grid:     3     0     0      0.000
siesta: k-grid:     0     6     0      0.000
siesta: k-grid:     0     0     2      0.000

superc: Internal auxiliary supercell:     7 x    11 x     5  =     385
superc: Number of atoms, orbitals, and projectors:   3080  70070  55440

outcell: Unit cell vectors (Ang):
        5.492504    0.000000   -0.089490
        0.000000    2.876441    0.000000
       -0.126557    0.000000    7.864160

outcell: Cell vector modules (Ang)   :    5.493233    2.876441    7.865179
outcell: Cell angles (23,13,12) (deg):     90.0000     91.8554     90.0000
outcell: Cell volume (Ang**3)        :    124.2122
<dSpData1D:S at geom step 11
  <sparsity:sparsity for geom step 11
    nrows_g=182 nrows=7 sparsity=1.2953 nnzs=42907, refcount: 7>
  <dData1D:(new from dSpData1D) n=42907, refcount: 1>
refcount: 1>
new_DM -- step:    12
Re-using DM from previous geometries...
Number of DMs in history: 1
 DM extrapolation coefficients: 
1   1.00000
New DM after history re-use:
<dSpData2D:SpM extrapolated using coords
  <sparsity:sparsity for geom step 11
    nrows_g=182 nrows=7 sparsity=1.2953 nnzs=42907, refcount: 9>
  <dData2D:(temp array for extrapolation) n=42907 m=2, refcount: 1>
refcount: 1>
No. of atoms with KB's overlaping orbs in proc 0. Max # of overlaps:     143    1298

InitMesh: MESH = 60 x 30 x 90 = 162000
InitMesh: Mesh cutoff (required, used) =   300.000   300.631 Ry
New grid distribution [1]: sub = 2
New grid distribution [2]: sub = 2
New grid distribution [3]: sub = 2
Setting up quadratic distribution...

        iscf     Eharris(eV)        E_KS(eV)     FreeEng(eV)     dDmax    Ef(eV) dHmax(eV)
   scf:    1   -18366.615885   -18366.928653   -18366.936657  3.899048 -6.233426  2.551139
     spin moment: {S} , |S| = {        0.0        0.0   -0.00002 }    -0.00002
   scf:    2   -18239.697450   -18325.813987   -18325.827302  1.667525 -5.291802 30.441530
     spin moment: {S} , |S| = {        0.0        0.0   -0.01560 }    -0.01560
   scf:    3   -18370.277012   -18367.245732   -18367.254750  1.621572 -6.150018  0.162719
     spin moment: {S} , |S| = {        0.0        0.0    0.00066 }     0.00066
   scf:    4   -18367.268883   -18367.259055   -18367.268243  0.051181 -6.145303  0.145816
     spin moment: {S} , |S| = {        0.0        0.0    0.00106 }     0.00106
   scf:    5   -18367.267450   -18367.264075   -18367.273270  0.036968 -6.148396  0.063959
     spin moment: {S} , |S| = {        0.0        0.0    0.00028 }     0.00028
   scf:    6   -18367.266370   -18367.265441   -18367.274595  0.023151 -6.149677  0.061477
     spin moment: {S} , |S| = {        0.0        0.0    0.00076 }     0.00076
   scf:    7   -18367.266221   -18367.265933   -18367.275036  0.008869 -6.148260  0.022776
     spin moment: {S} , |S| = {        0.0        0.0    0.00075 }     0.00075
   scf:    8   -18367.266900   -18367.266424   -18367.275360  0.008626 -6.147264  0.039465
     spin moment: {S} , |S| = {        0.0        0.0    0.00069 }     0.00069
   scf:    9   -18367.266679   -18367.266551   -18367.275442  0.001777 -6.146530  0.027164
     spin moment: {S} , |S| = {        0.0        0.0    0.00071 }     0.00071
   scf:   10   -18367.267105   -18367.266824   -18367.275601  0.002730 -6.145450  0.011507
     spin moment: {S} , |S| = {        0.0        0.0    0.00071 }     0.00071
   scf:   11   -18367.267124   -18367.266970   -18367.275669  0.002025 -6.145035  0.007707
     spin moment: {S} , |S| = {        0.0        0.0    0.00069 }     0.00069
   scf:   12   -18367.267335   -18367.267140   -18367.275734  0.005933 -6.144421  0.004258
     spin moment: {S} , |S| = {        0.0        0.0    0.00066 }     0.00066
   scf:   13   -18367.267277   -18367.267205   -18367.275747  0.003261 -6.144037  0.002241
     spin moment: {S} , |S| = {        0.0        0.0    0.00065 }     0.00065
   scf:   14   -18367.267212   -18367.267208   -18367.275748  0.000500 -6.144067  0.001578
     spin moment: {S} , |S| = {        0.0        0.0    0.00065 }     0.00065

SCF Convergence by DM criterion
max |DM_out - DM_in|         :     0.0004995439
max |H_out - H_in|      (eV) :     0.0015784839
SCF cycle converged after 14 iterations

Using DM_out to compute the final energy and forces
No. of atoms with KB's overlaping orbs in proc 0. Max # of overlaps:     143    1298

siesta: E_KS(eV) =           -18367.2672

siesta: Atomic forces (eV/Ang):
     1   -0.076649   -0.000001    0.036505
     2    0.176298   -0.000000   -0.038760
     3   -0.178482    0.000000    0.036765
     4    0.078412    0.000000   -0.033862
     5    0.202364   -0.000000    0.058107
     6   -0.199817    0.000001   -0.055663
     7   -0.098992    0.000001   -0.100743
     8    0.097277    0.000000    0.099162
----------------------------------------
   Tot    0.000412    0.000002    0.001510
----------------------------------------
   Max    0.202364
   Res    0.092846    sqrt( Sum f_i^2 / 3N )
----------------------------------------
   Max    0.202364    constrained

Stress tensor Voigt[x,y,z,yz,xz,xy] (kbar):        6.39       -1.69        4.80        0.00        9.13        0.00
(Free)E + p*V (eV/cell)   -18367.5212
Target enthalpy (eV/cell)   -18367.2757

siesta: Stress tensor (static) (eV/Ang**3):
         0.003989   -0.000000    0.005691
         0.000000   -0.001056    0.000000
         0.005696    0.000000    0.002996

siesta: Pressure (static):         -3.16633800  kBar

siesta: Stress tensor (total) (eV/Ang**3):
         0.003989   -0.000000    0.005691
         0.000000   -0.001056    0.000000
         0.005696    0.000000    0.002996

siesta: Pressure (total):         -3.16633800  kBar

                     ====================================
                        Begin CG opt. move =     12
                     ====================================
k-point displ. along   2 input, could be:     0.00    0.50
k-point displ. along   3 input, could be:     0.00    0.50
 Kpoints in:           24 . Kpoints trimmed:           23

siesta: k-grid: Number of k-points = 23
siesta: k-points from Monkhorst-Pack grid
siesta: k-cutoff (effective) =     7.821 Ang
siesta: k-point supercell and displacements
siesta: k-grid:     3     0     0      0.000
siesta: k-grid:     0     6     0      0.000
siesta: k-grid:     0     0     2      0.000

superc: Internal auxiliary supercell:     7 x    11 x     5  =     385
superc: Number of atoms, orbitals, and projectors:   3080  70070  55440

outcell: Unit cell vectors (Ang):
        5.468945    0.000000   -0.166954
        0.000000    2.920056    0.000000
       -0.236109    0.000000    7.817714

outcell: Cell vector modules (Ang)   :    5.471492    2.920056    7.821278
outcell: Cell angles (23,13,12) (deg):     90.0000     93.4785     90.0000
outcell: Cell volume (Ang**3)        :    124.7309
<dSpData1D:S at geom step 12
  <sparsity:sparsity for geom step 12
    nrows_g=182 nrows=7 sparsity=1.2729 nnzs=42163, refcount: 7>
  <dData1D:(new from dSpData1D) n=42163, refcount: 1>
refcount: 1>
new_DM -- step:    13
Re-using DM from previous geometries...
Number of DMs in history: 1
 DM extrapolation coefficients: 
1   1.00000
New DM after history re-use:
<dSpData2D:SpM extrapolated using coords
  <sparsity:sparsity for geom step 12
    nrows_g=182 nrows=7 sparsity=1.2729 nnzs=42163, refcount: 9>
  <dData2D:(temp array for extrapolation) n=42163 m=2, refcount: 1>
refcount: 1>
No. of atoms with KB's overlaping orbs in proc 0. Max # of overlaps:     143    1268

InitMesh: MESH = 60 x 32 x 90 = 172800
InitMesh: Mesh cutoff (required, used) =   300.000   331.909 Ry
New grid distribution [1]: sub = 2
New grid distribution [2]: sub = 2
New grid distribution [3]: sub = 2
Setting up quadratic distribution...

        iscf     Eharris(eV)        E_KS(eV)     FreeEng(eV)     dDmax    Ef(eV) dHmax(eV)
   scf:    1   -18366.435711   -18366.945027   -18366.953583  0.737922 -6.167003  1.807897
     spin moment: {S} , |S| = {        0.0        0.0    0.00075 }     0.00075
   scf:    2   -18314.169298   -18350.010471   -18350.022133  1.293010 -5.487768 19.206549
     spin moment: {S} , |S| = {        0.0        0.0   -0.00161 }    -0.00161
   scf:    3   -18368.327124   -18367.154619   -18367.162343  1.257483 -6.104369  0.358703
     spin moment: {S} , |S| = {        0.0        0.0    0.00057 }     0.00057
   scf:    4   -18367.205070   -18367.186860   -18367.194545  0.065944 -6.089930  0.213287
     spin moment: {S} , |S| = {        0.0        0.0    0.00052 }     0.00052
   scf:    5   -18367.184447   -18367.192003   -18367.199942  0.052582 -6.105174  0.327896
     spin moment: {S} , |S| = {        0.0        0.0    0.00035 }     0.00035
   scf:    6   -18367.199750   -18367.197550   -18367.205370  0.015329 -6.096176  0.072272
     spin moment: {S} , |S| = {        0.0        0.0    0.00045 }     0.00045
   scf:    7   -18367.197815   -18367.197688   -18367.205501  0.001182 -6.095458  0.056881
     spin moment: {S} , |S| = {        0.0        0.0    0.00038 }     0.00038
   scf:    8   -18367.198490   -18367.198090   -18367.205893  0.006712 -6.093044  0.036490
     spin moment: {S} , |S| = {        0.0        0.0    0.00034 }     0.00034
   scf:    9   -18367.198042   -18367.198072   -18367.205879  0.001975 -6.093272  0.050983
     spin moment: {S} , |S| = {        0.0        0.0    0.00034 }     0.00034
   scf:   10   -18367.198396   -18367.198232   -18367.206024  0.004012 -6.092023  0.035751
     spin moment: {S} , |S| = {        0.0        0.0    0.00031 }     0.00031
   scf:   11   -18367.198428   -18367.198345   -18367.206118  0.003101 -6.090443  0.006197
     spin moment: {S} , |S| = {        0.0        0.0    0.00029 }     0.00029
   scf:   12   -18367.198455   -18367.198393   -18367.206156  0.006253 -6.089950  0.003550
     spin moment: {S} , |S| = {        0.0        0.0    0.00025 }     0.00025
   scf:   13   -18367.198407   -18367.198399   -18367.206160  0.001861 -6.089860  0.001931
     spin moment: {S} , |S| = {        0.0        0.0    0.00024 }     0.00024
   scf:   14   -18367.198400   -18367.198399   -18367.206161  0.000280 -6.089859  0.001566
     spin moment: {S} , |S| = {        0.0        0.0    0.00024 }     0.00024

SCF Convergence by DM criterion
max |DM_out - DM_in|         :     0.0002802316
max |H_out - H_in|      (eV) :     0.0015656908
SCF cycle converged after 14 iterations

Using DM_out to compute the final energy and forces
No. of atoms with KB's overlaping orbs in proc 0. Max # of overlaps:     143    1268

siesta: E_KS(eV) =           -18367.1984

siesta: Atomic forces (eV/Ang):
     1   -0.205106    0.000000   -0.166378
     2    0.458156    0.000000    0.028551
     3   -0.462944    0.000000   -0.035486
     4    0.210835   -0.000000    0.171994
     5    0.647667   -0.000001   -0.080230
     6   -0.642044   -0.000001    0.087248
     7   -0.229468   -0.000000    0.083309
     8    0.223144    0.000001   -0.088743
----------------------------------------
   Tot    0.000241   -0.000000    0.000265
----------------------------------------
   Max    0.647667
   Res    0.252742    sqrt( Sum f_i^2 / 3N )
----------------------------------------
   Max    0.647667    constrained

Stress tensor Voigt[x,y,z,yz,xz,xy] (kbar):       -1.46       12.96       -3.90       -0.00        6.25       -0.00
(Free)E + p*V (eV/cell)   -18367.4035
Target enthalpy (eV/cell)   -18367.2062

siesta: Stress tensor (static) (eV/Ang**3):
        -0.000911   -0.000000    0.003900
        -0.000000    0.008089   -0.000000
         0.003901   -0.000000   -0.002432

siesta: Pressure (static):         -2.53453108  kBar

siesta: Stress tensor (total) (eV/Ang**3):
        -0.000911   -0.000000    0.003900
        -0.000000    0.008089   -0.000000
         0.003901   -0.000000   -0.002432

siesta: Pressure (total):         -2.53453108  kBar

                     ====================================
                        Begin CG opt. move =     13
                     ====================================
k-point displ. along   2 input, could be:     0.00    0.50
k-point displ. along   3 input, could be:     0.00    0.50
 Kpoints in:           24 . Kpoints trimmed:           23

siesta: k-grid: Number of k-points = 23
siesta: k-points from Monkhorst-Pack grid
siesta: k-cutoff (effective) =     7.860 Ang
siesta: k-point supercell and displacements
siesta: k-grid:     3     0     0      0.000
siesta: k-grid:     0     6     0      0.000
siesta: k-grid:     0     0     2      0.000

superc: Internal auxiliary supercell:     7 x    11 x     5  =     385
superc: Number of atoms, orbitals, and projectors:   3080  70070  55440

outcell: Unit cell vectors (Ang):
        5.490027    0.000000   -0.097633
        0.000000    2.881026    0.000000
       -0.138074    0.000000    7.859278

outcell: Cell vector modules (Ang)   :    5.490895    2.881026    7.860490
outcell: Cell angles (23,13,12) (deg):     90.0000     92.0253     90.0000
outcell: Cell volume (Ang**3)        :    124.2707
<dSpData1D:S at geom step 13
  <sparsity:sparsity for geom step 13
    nrows_g=182 nrows=7 sparsity=1.2984 nnzs=43007, refcount: 7>
  <dData1D:(new from dSpData1D) n=43007, refcount: 1>
refcount: 1>
new_DM -- step:    14
Re-using DM from previous geometries...
Number of DMs in history: 1
 DM extrapolation coefficients: 
1   1.00000
New DM after history re-use:
<dSpData2D:SpM extrapolated using coords
  <sparsity:sparsity for geom step 13
    nrows_g=182 nrows=7 sparsity=1.2984 nnzs=43007, refcount: 9>
  <dData2D:(temp array for extrapolation) n=43007 m=2, refcount: 1>
refcount: 1>
No. of atoms with KB's overlaping orbs in proc 0. Max # of overlaps:     143    1298

InitMesh: MESH = 60 x 32 x 90 = 172800
InitMesh: Mesh cutoff (required, used) =   300.000   330.416 Ry
New grid distribution [1]: sub = 2
New grid distribution [2]: sub = 2
New grid distribution [3]: sub = 2
Setting up quadratic distribution...

        iscf     Eharris(eV)        E_KS(eV)     FreeEng(eV)     dDmax    Ef(eV) dHmax(eV)
   scf:    1   -18366.490112   -18367.028843   -18367.037739  0.433095 -6.161304  1.228157
     spin moment: {S} , |S| = {        0.0        0.0    0.00006 }     0.00006
   scf:    2   -18317.555334   -18351.138761   -18351.152864  1.043168 -5.717247 16.279921
     spin moment: {S} , |S| = {        0.0        0.0    0.00032 }     0.00032
   scf:    3   -18368.279275   -18367.229295   -18367.237606  0.999764 -6.131227  0.379517
     spin moment: {S} , |S| = {        0.0        0.0    0.00009 }     0.00009
   scf:    4   -18367.266487   -18367.255678   -18367.263819  0.056980 -6.132737  0.156084
     spin moment: {S} , |S| = {        0.0        0.0    0.00099 }     0.00099
   scf:    5   -18367.260729   -18367.260441   -18367.268579  0.027402 -6.140447  0.202326
     spin moment: {S} , |S| = {        0.0        0.0   -0.00054 }    -0.00054
   scf:    6   -18367.262715   -18367.262375   -18367.270484  0.031374 -6.141503  0.191731
     spin moment: {S} , |S| = {        0.0        0.0    0.00030 }     0.00030
   scf:    7   -18367.260493   -18367.263595   -18367.271700  0.011764 -6.133424  0.119942
     spin moment: {S} , |S| = {        0.0        0.0    0.00060 }     0.00060
   scf:    8   -18367.264724   -18367.264226   -18367.272351  0.003524 -6.136027  0.065893
     spin moment: {S} , |S| = {        0.0        0.0    0.00059 }     0.00059
   scf:    9   -18367.264570   -18367.264425   -18367.272565  0.002306 -6.137391  0.033788
     spin moment: {S} , |S| = {        0.0        0.0    0.00056 }     0.00056
   scf:   10   -18367.264361   -18367.264395   -18367.272567  0.004257 -6.137760  0.047216
     spin moment: {S} , |S| = {        0.0        0.0    0.00061 }     0.00061
   scf:   11   -18367.264525   -18367.264507   -18367.272690  0.001758 -6.139406  0.005593
     spin moment: {S} , |S| = {        0.0        0.0    0.00058 }     0.00058
   scf:   12   -18367.264521   -18367.264510   -18367.272714  0.004219 -6.139996  0.002836
     spin moment: {S} , |S| = {        0.0        0.0    0.00061 }     0.00061
   scf:   13   -18367.264506   -18367.264508   -18367.272717  0.000913 -6.140153  0.002048
     spin moment: {S} , |S| = {        0.0        0.0    0.00062 }     0.00062
   scf:   14   -18367.264504   -18367.264506   -18367.272718  0.000614 -6.140225  0.001797
     spin moment: {S} , |S| = {        0.0        0.0    0.00062 }     0.00062
   scf:   15   -18367.264499   -18367.264502   -18367.272719  0.000720 -6.140295  0.001120
     spin moment: {S} , |S| = {        0.0        0.0    0.00063 }     0.00063
   scf:   16   -18367.264498   -18367.264500   -18367.272720  0.000318 -6.140325  0.000870
     spin moment: {S} , |S| = {        0.0        0.0    0.00063 }     0.00063

SCF Convergence by DM criterion
max |DM_out - DM_in|         :     0.0003176594
max |H_out - H_in|      (eV) :     0.0008699860
SCF cycle converged after 16 iterations

Using DM_out to compute the final energy and forces
No. of atoms with KB's overlaping orbs in proc 0. Max # of overlaps:     143    1298

siesta: E_KS(eV) =           -18367.2645

siesta: Atomic forces (eV/Ang):
     1   -0.085708   -0.000000    0.008213
     2    0.202689    0.000000   -0.030695
     3   -0.205497    0.000000    0.028600
     4    0.087673    0.000000   -0.005892
     5    0.254084   -0.000000    0.048052
     6   -0.251033    0.000000   -0.045848
     7   -0.116628   -0.000001   -0.073254
     8    0.114737    0.000000    0.072568
----------------------------------------
   Tot    0.000317   -0.000000    0.001744
----------------------------------------
   Max    0.254084
   Res    0.105986    sqrt( Sum f_i^2 / 3N )
----------------------------------------
   Max    0.254084    constrained

Stress tensor Voigt[x,y,z,yz,xz,xy] (kbar):        6.03        0.84        3.58       -0.00        8.29        0.00
(Free)E + p*V (eV/cell)   -18367.5428
Target enthalpy (eV/cell)   -18367.2727

siesta: Stress tensor (static) (eV/Ang**3):
         0.003762    0.000000    0.005174
         0.000000    0.000526   -0.000000
         0.005173   -0.000000    0.002232

siesta: Pressure (static):         -3.48205434  kBar

siesta: Stress tensor (total) (eV/Ang**3):
         0.003762    0.000000    0.005174
         0.000000    0.000526   -0.000000
         0.005173   -0.000000    0.002232

siesta: Pressure (total):         -3.48205434  kBar

cgvc: Finished line minimization    3.  Mean atomic displacement =    0.1117

                     ====================================
                        Begin CG opt. move =     14
                     ====================================
k-point displ. along   2 input, could be:     0.00    0.50
k-point displ. along   3 input, could be:     0.00    0.50
 Kpoints in:           24 . Kpoints trimmed:           23

siesta: k-grid: Number of k-points = 23
siesta: k-points from Monkhorst-Pack grid
siesta: k-cutoff (effective) =     7.823 Ang
siesta: k-point supercell and displacements
siesta: k-grid:     3     0     0      0.000
siesta: k-grid:     0     6     0      0.000
siesta: k-grid:     0     0     2      0.000

superc: Internal auxiliary supercell:     7 x    11 x     5  =     385
superc: Number of atoms, orbitals, and projectors:   3080  70070  55440

outcell: Unit cell vectors (Ang):
        5.458564   -0.000000   -0.162550
       -0.000000    2.900576    0.000000
       -0.229880    0.000000    7.820063

outcell: Cell vector modules (Ang)   :    5.460983    2.900576    7.823441
outcell: Cell angles (23,13,12) (deg):     90.0000     93.3895     90.0000
outcell: Cell volume (Ang**3)        :    123.7065
<dSpData1D:S at geom step 14
  <sparsity:sparsity for geom step 14
    nrows_g=182 nrows=7 sparsity=1.2913 nnzs=42774, refcount: 7>
  <dData1D:(new from dSpData1D) n=42774, refcount: 1>
refcount: 1>
new_DM -- step:    15
Re-using DM from previous geometries...
Number of DMs in history: 1
 DM extrapolation coefficients: 
1   1.00000
New DM after history re-use:
<dSpData2D:SpM extrapolated using coords
  <sparsity:sparsity for geom step 14
    nrows_g=182 nrows=7 sparsity=1.2913 nnzs=42774, refcount: 9>
  <dData2D:(temp array for extrapolation) n=42774 m=2, refcount: 1>
refcount: 1>
No. of atoms with KB's overlaping orbs in proc 0. Max # of overlaps:     143    1275

InitMesh: MESH = 60 x 32 x 90 = 172800
InitMesh: Mesh cutoff (required, used) =   300.000   334.799 Ry
New grid distribution [1]: sub = 2
New grid distribution [2]: sub = 2
New grid distribution [3]: sub = 2
Setting up quadratic distribution...

        iscf     Eharris(eV)        E_KS(eV)     FreeEng(eV)     dDmax    Ef(eV) dHmax(eV)
   scf:    1   -18366.480012   -18367.160061   -18367.171181  0.465480 -6.168452  1.014135
     spin moment: {S} , |S| = {        0.0        0.0    0.00023 }     0.00023
   scf:    2   -18354.271826   -18363.099246   -18363.112540  0.477469 -6.302718  6.600169
     spin moment: {S} , |S| = {        0.0        0.0    0.00665 }     0.00665
   scf:    3   -18367.626723   -18367.267437   -18367.279596  0.412918 -6.169748  0.231947
     spin moment: {S} , |S| = {        0.0        0.0    0.00021 }     0.00021
   scf:    4   -18367.287229   -18367.279782   -18367.292093  0.028626 -6.160787  0.104991
     spin moment: {S} , |S| = {        0.0        0.0    0.00048 }     0.00048
   scf:    5   -18367.286542   -18367.283790   -18367.296142  0.021842 -6.159681  0.093141
     spin moment: {S} , |S| = {        0.0        0.0   -0.00035 }    -0.00035
   scf:    6   -18367.284923   -18367.284517   -18367.296905  0.011298 -6.160336  0.036026
     spin moment: {S} , |S| = {        0.0        0.0    0.00024 }     0.00024
   scf:    7   -18367.284210   -18367.284509   -18367.296948  0.008529 -6.163321  0.075238
     spin moment: {S} , |S| = {        0.0        0.0    0.00031 }     0.00031
   scf:    8   -18367.284920   -18367.284795   -18367.297214  0.004749 -6.161577  0.015118
     spin moment: {S} , |S| = {        0.0        0.0    0.00024 }     0.00024
   scf:    9   -18367.284918   -18367.284857   -18367.297302  0.004956 -6.162172  0.026216
     spin moment: {S} , |S| = {        0.0        0.0    0.00020 }     0.00020
   scf:   10   -18367.284952   -18367.284916   -18367.297350  0.002985 -6.161673  0.007594
     spin moment: {S} , |S| = {        0.0        0.0    0.00018 }     0.00018
   scf:   11   -18367.284992   -18367.284950   -18367.297385  0.003372 -6.161831  0.004238
     spin moment: {S} , |S| = {        0.0        0.0    0.00015 }     0.00015
   scf:   12   -18367.284976   -18367.284962   -18367.297395  0.001735 -6.161870  0.002748
     spin moment: {S} , |S| = {        0.0        0.0    0.00014 }     0.00014
   scf:   13   -18367.284978   -18367.284970   -18367.297401  0.001351 -6.161898  0.001996
     spin moment: {S} , |S| = {        0.0        0.0    0.00012 }     0.00012
   scf:   14   -18367.284987   -18367.284978   -18367.297405  0.001826 -6.161942  0.001199
     spin moment: {S} , |S| = {        0.0        0.0    0.00010 }     0.00010
   scf:   15   -18367.284982   -18367.284980   -18367.297406  0.000488 -6.161955  0.000892
     spin moment: {S} , |S| = {        0.0        0.0    0.00010 }     0.00010

SCF Convergence by DM criterion
max |DM_out - DM_in|         :     0.0004879221
max |H_out - H_in|      (eV) :     0.0008924787
SCF cycle converged after 15 iterations

Using DM_out to compute the final energy and forces
No. of atoms with KB's overlaping orbs in proc 0. Max # of overlaps:     143    1275

siesta: E_KS(eV) =           -18367.2850

siesta: Atomic forces (eV/Ang):
     1    0.264778   -0.000000   -0.061658
     2   -0.064483   -0.000000    0.001737
     3    0.070293   -0.000001    0.000294
     4   -0.268967   -0.000000    0.061813
     5   -0.078076    0.000000    0.075911
     6    0.073078   -0.000001   -0.078752
     7    0.033580    0.000001    0.072512
     8   -0.030354   -0.000001   -0.071625
----------------------------------------
   Tot   -0.000152   -0.000003    0.000233
----------------------------------------
   Max    0.268967
   Res    0.090142    sqrt( Sum f_i^2 / 3N )
----------------------------------------
   Max    0.268967    constrained

Stress tensor Voigt[x,y,z,yz,xz,xy] (kbar):       -7.13       11.84        0.53        0.00        3.12        0.00
(Free)E + p*V (eV/cell)   -18367.4323
Target enthalpy (eV/cell)   -18367.2974

siesta: Stress tensor (static) (eV/Ang**3):
        -0.004449    0.000000    0.001952
         0.000000    0.007393    0.000000
         0.001950    0.000000    0.000329

siesta: Pressure (static):         -1.74769716  kBar

siesta: Stress tensor (total) (eV/Ang**3):
        -0.004449    0.000000    0.001952
         0.000000    0.007393    0.000000
         0.001950    0.000000    0.000329

siesta: Pressure (total):         -1.74769716  kBar

                     ====================================
                        Begin CG opt. move =     15
                     ====================================
k-point displ. along   2 input, could be:     0.00    0.50
k-point displ. along   3 input, could be:     0.00    0.50
 Kpoints in:           24 . Kpoints trimmed:           23

siesta: k-grid: Number of k-points = 23
siesta: k-points from Monkhorst-Pack grid
siesta: k-cutoff (effective) =     7.835 Ang
siesta: k-point supercell and displacements
siesta: k-grid:     3     0     0      0.000
siesta: k-grid:     0     6     0      0.000
siesta: k-grid:     0     0     2      0.000

superc: Internal auxiliary supercell:     7 x    11 x     5  =     385
superc: Number of atoms, orbitals, and projectors:   3080  70070  55440

outcell: Unit cell vectors (Ang):
        5.468224   -0.000000   -0.142618
       -0.000000    2.894573    0.000000
       -0.201692    0.000000    7.832104

outcell: Cell vector modules (Ang)   :    5.470084    2.894573    7.834700
outcell: Cell angles (23,13,12) (deg):     90.0000     92.9692     90.0000
outcell: Cell volume (Ang**3)        :    123.8846
<dSpData1D:S at geom step 15
  <sparsity:sparsity for geom step 15
    nrows_g=182 nrows=7 sparsity=1.2910 nnzs=42763, refcount: 7>
  <dData1D:(new from dSpData1D) n=42763, refcount: 1>
refcount: 1>
new_DM -- step:    16
Re-using DM from previous geometries...
Number of DMs in history: 1
 DM extrapolation coefficients: 
1   1.00000
New DM after history re-use:
<dSpData2D:SpM extrapolated using coords
  <sparsity:sparsity for geom step 15
    nrows_g=182 nrows=7 sparsity=1.2910 nnzs=42763, refcount: 9>
  <dData2D:(temp array for extrapolation) n=42763 m=2, refcount: 1>
refcount: 1>
No. of atoms with KB's overlaping orbs in proc 0. Max # of overlaps:     143    1283

InitMesh: MESH = 60 x 32 x 90 = 172800
InitMesh: Mesh cutoff (required, used) =   300.000   333.414 Ry
New grid distribution [1]: sub = 2
New grid distribution [2]: sub = 2
New grid distribution [3]: sub = 2
Setting up quadratic distribution...

        iscf     Eharris(eV)        E_KS(eV)     FreeEng(eV)     dDmax    Ef(eV) dHmax(eV)
   scf:    1   -18367.463193   -18367.262909   -18367.273931  0.225790 -6.174387  0.589887
     spin moment: {S} , |S| = {        0.0        0.0    0.00031 }     0.00031
   scf:    2   -18358.471471   -18364.426794   -18364.437647  0.263844 -5.926470  7.362938
     spin moment: {S} , |S| = {        0.0        0.0    0.00050 }     0.00050
   scf:    3   -18367.513195   -18367.288961   -18367.299481  0.246198 -6.157825  0.081863
     spin moment: {S} , |S| = {        0.0        0.0    0.00035 }     0.00035
   scf:    4   -18367.291589   -18367.290549   -18367.300975  0.010765 -6.159269  0.034212
     spin moment: {S} , |S| = {        0.0        0.0    0.00041 }     0.00041
   scf:    5   -18367.290944   -18367.290921   -18367.301337  0.007758 -6.161312  0.062582
     spin moment: {S} , |S| = {        0.0        0.0    0.00027 }     0.00027
   scf:    6   -18367.291161   -18367.291062   -18367.301457  0.001777 -6.160197  0.026267
     spin moment: {S} , |S| = {        0.0        0.0    0.00042 }     0.00042
   scf:    7   -18367.291116   -18367.291093   -18367.301480  0.000510 -6.159707  0.012939
     spin moment: {S} , |S| = {        0.0        0.0    0.00040 }     0.00040
   scf:    8   -18367.291191   -18367.291142   -18367.301513  0.003077 -6.159404  0.010880
     spin moment: {S} , |S| = {        0.0        0.0    0.00043 }     0.00043
   scf:    9   -18367.291161   -18367.291152   -18367.301519  0.000896 -6.159348  0.011477
     spin moment: {S} , |S| = {        0.0        0.0    0.00044 }     0.00044
   scf:   10   -18367.291200   -18367.291176   -18367.301531  0.001186 -6.158973  0.003794
     spin moment: {S} , |S| = {        0.0        0.0    0.00046 }     0.00046
   scf:   11   -18367.291207   -18367.291191   -18367.301537  0.001097 -6.158813  0.002090
     spin moment: {S} , |S| = {        0.0        0.0    0.00048 }     0.00048
   scf:   12   -18367.291199   -18367.291195   -18367.301538  0.000378 -6.158787  0.001794
     spin moment: {S} , |S| = {        0.0        0.0    0.00049 }     0.00049

SCF Convergence by DM criterion
max |DM_out - DM_in|         :     0.0003780618
max |H_out - H_in|      (eV) :     0.0017936677
SCF cycle converged after 12 iterations

Using DM_out to compute the final energy and forces
No. of atoms with KB's overlaping orbs in proc 0. Max # of overlaps:     143    1283

siesta: E_KS(eV) =           -18367.2912

siesta: Atomic forces (eV/Ang):
     1    0.162540   -0.000000   -0.051303
     2    0.033165   -0.000000   -0.010181
     3   -0.030431   -0.000001    0.011279
     4   -0.164096   -0.000001    0.051989
     5    0.026104    0.000000    0.047717
     6   -0.029262   -0.000001   -0.049581
     7   -0.003270    0.000001    0.022557
     8    0.005158   -0.000001   -0.023030
----------------------------------------
   Tot   -0.000091   -0.000003   -0.000553
----------------------------------------
   Max    0.164096
   Res    0.053342    sqrt( Sum f_i^2 / 3N )
----------------------------------------
   Max    0.164096    constrained

Stress tensor Voigt[x,y,z,yz,xz,xy] (kbar):       -1.54        9.69        2.01        0.00        4.01        0.00
(Free)E + p*V (eV/cell)   -18367.5633
Target enthalpy (eV/cell)   -18367.3015

siesta: Stress tensor (static) (eV/Ang**3):
        -0.000963    0.000000    0.002506
         0.000000    0.006049    0.000000
         0.002503    0.000000    0.001252

siesta: Pressure (static):         -3.38486735  kBar

siesta: Stress tensor (total) (eV/Ang**3):
        -0.000963    0.000000    0.002506
         0.000000    0.006049    0.000000
         0.002503    0.000000    0.001252

siesta: Pressure (total):         -3.38486735  kBar

cgvc: Finished line minimization    4.  Mean atomic displacement =    0.0774

                     ====================================
                        Begin CG opt. move =     16
                     ====================================
k-point displ. along   2 input, could be:     0.00    0.50
k-point displ. along   3 input, could be:     0.00    0.50
 Kpoints in:           24 . Kpoints trimmed:           23

siesta: k-grid: Number of k-points = 23
siesta: k-points from Monkhorst-Pack grid
siesta: k-cutoff (effective) =     7.809 Ang
siesta: k-point supercell and displacements
siesta: k-grid:     3     0     0      0.000
siesta: k-grid:     0     6     0      0.000
siesta: k-grid:     0     0     2      0.000

superc: Internal auxiliary supercell:     7 x    11 x     5  =     385
superc: Number of atoms, orbitals, and projectors:   3080  70070  55440

outcell: Unit cell vectors (Ang):
        5.462794   -0.000000   -0.185906
       -0.000000    2.880614    0.000000
       -0.262911    0.000000    7.804114

outcell: Cell vector modules (Ang)   :    5.465956    2.880614    7.808541
outcell: Cell angles (23,13,12) (deg):     90.0000     93.8786     90.0000
outcell: Cell volume (Ang**3)        :    122.6663
<dSpData1D:S at geom step 16
  <sparsity:sparsity for geom step 16
    nrows_g=182 nrows=7 sparsity=1.3041 nnzs=43196, refcount: 7>
  <dData1D:(new from dSpData1D) n=43196, refcount: 1>
refcount: 1>
new_DM -- step:    17
Re-using DM from previous geometries...
Number of DMs in history: 1
 DM extrapolation coefficients: 
1   1.00000
New DM after history re-use:
<dSpData2D:SpM extrapolated using coords
  <sparsity:sparsity for geom step 16
    nrows_g=182 nrows=7 sparsity=1.3041 nnzs=43196, refcount: 9>
  <dData2D:(temp array for extrapolation) n=43196 m=2, refcount: 1>
refcount: 1>
No. of atoms with KB's overlaping orbs in proc 0. Max # of overlaps:     143    1295

InitMesh: MESH = 60 x 32 x 90 = 172800
InitMesh: Mesh cutoff (required, used) =   300.000   334.552 Ry
New grid distribution [1]: sub = 2
New grid distribution [2]: sub = 2
New grid distribution [3]: sub = 2
Setting up quadratic distribution...

        iscf     Eharris(eV)        E_KS(eV)     FreeEng(eV)     dDmax    Ef(eV) dHmax(eV)
   scf:    1   -18366.220115   -18367.243883   -18367.254204  0.532558 -6.164057  0.801958
     spin moment: {S} , |S| = {        0.0        0.0    0.00040 }     0.00040
   scf:    2   -18348.696572   -18361.282358   -18361.293280  0.327335 -6.482588 10.245622
     spin moment: {S} , |S| = {        0.0        0.0   -0.00978 }    -0.00978
   scf:    3   -18367.829966   -18367.311015   -18367.321154  0.316896 -6.183800  0.199670
     spin moment: {S} , |S| = {        0.0        0.0    0.00030 }     0.00030
   scf:    4   -18367.315475   -18367.314046   -18367.324153  0.011918 -6.179967  0.072715
     spin moment: {S} , |S| = {        0.0        0.0   -0.00020 }    -0.00020
   scf:    5   -18367.314706   -18367.314395   -18367.324475  0.004455 -6.180535  0.070275
     spin moment: {S} , |S| = {        0.0        0.0    0.00030 }     0.00030
   scf:    6   -18367.316084   -18367.315297   -18367.325262  0.017799 -6.183552  0.040467
     spin moment: {S} , |S| = {        0.0        0.0    0.00003 }     0.00003
   scf:    7   -18367.315766   -18367.315553   -18367.325461  0.007175 -6.184897  0.021130
     spin moment: {S} , |S| = {        0.0        0.0    0.00003 }     0.00003
   scf:    8   -18367.316695   -18367.316097   -18367.325801  0.007556 -6.186950  0.012863
     spin moment: {S} , |S| = {        0.0        0.0   -0.00006 }    -0.00006
   scf:    9   -18367.316332   -18367.316212   -18367.325862  0.002691 -6.187546  0.011763
     spin moment: {S} , |S| = {        0.0        0.0   -0.00007 }    -0.00007
   scf:   10   -18367.316793   -18367.316480   -18367.325985  0.008210 -6.188732  0.006964
     spin moment: {S} , |S| = {        0.0        0.0   -0.00011 }    -0.00011
   scf:   11   -18367.316578   -18367.316528   -18367.326002  0.001957 -6.188943  0.005603
     spin moment: {S} , |S| = {        0.0        0.0   -0.00012 }    -0.00012
   scf:   12   -18367.316703   -18367.316610   -18367.326023  0.004552 -6.189291  0.001554
     spin moment: {S} , |S| = {        0.0        0.0   -0.00014 }    -0.00014
   scf:   13   -18367.316635   -18367.316622   -18367.326025  0.000943 -6.189353  0.001145
     spin moment: {S} , |S| = {        0.0        0.0   -0.00014 }    -0.00014
   scf:   14   -18367.316626   -18367.316624   -18367.326025  0.000292 -6.189353  0.000972
     spin moment: {S} , |S| = {        0.0        0.0   -0.00014 }    -0.00014

SCF Convergence by DM criterion
max |DM_out - DM_in|         :     0.0002921752
max |H_out - H_in|      (eV) :     0.0009716758
SCF cycle converged after 14 iterations

Using DM_out to compute the final energy and forces
No. of atoms with KB's overlaping orbs in proc 0. Max # of overlaps:     143    1295

siesta: E_KS(eV) =           -18367.3166

siesta: Atomic forces (eV/Ang):
     1    0.061605   -0.000001   -0.040471
     2    0.102057   -0.000000   -0.065098
     3   -0.104265   -0.000000    0.062327
     4   -0.058570    0.000001    0.040551
     5   -0.181577   -0.000001    0.013745
     6    0.185956    0.000001   -0.008163
     7   -0.048220   -0.000001   -0.111114
     8    0.042973    0.000003    0.107949
----------------------------------------
   Tot   -0.000041    0.000002   -0.000274
----------------------------------------
   Max    0.185956
   Res    0.075248    sqrt( Sum f_i^2 / 3N )
----------------------------------------
   Max    0.185956    constrained

Stress tensor Voigt[x,y,z,yz,xz,xy] (kbar):       -8.03        6.25       -3.85        0.00        6.28       -0.00
(Free)E + p*V (eV/cell)   -18367.1824
Target enthalpy (eV/cell)   -18367.3260

siesta: Stress tensor (static) (eV/Ang**3):
        -0.005011   -0.000000    0.003921
        -0.000000    0.003902    0.000000
         0.003917    0.000000   -0.002404

siesta: Pressure (static):          1.87604860  kBar

siesta: Stress tensor (total) (eV/Ang**3):
        -0.005011   -0.000000    0.003921
        -0.000000    0.003902    0.000000
         0.003917    0.000000   -0.002404

siesta: Pressure (total):          1.87604860  kBar

                     ====================================
                        Begin CG opt. move =     17
                     ====================================
k-point displ. along   2 input, could be:     0.00    0.50
k-point displ. along   3 input, could be:     0.00    0.50
 Kpoints in:           24 . Kpoints trimmed:           23

siesta: k-grid: Number of k-points = 23
siesta: k-points from Monkhorst-Pack grid
siesta: k-cutoff (effective) =     7.768 Ang
siesta: k-point supercell and displacements
siesta: k-grid:     3     0     0      0.000
siesta: k-grid:     0     6     0      0.000
siesta: k-grid:     0     0     2      0.000

superc: Internal auxiliary supercell:     7 x    11 x     5  =     385
superc: Number of atoms, orbitals, and projectors:   3080  70070  55440

outcell: Unit cell vectors (Ang):
        5.454105   -0.000000   -0.255167
       -0.000000    2.858278    0.000000
       -0.360861    0.000000    7.759330

outcell: Cell vector modules (Ang)   :    5.460071    2.858278    7.767716
outcell: Cell angles (23,13,12) (deg):     90.0000     95.3413     90.0000
outcell: Cell volume (Ang**3)        :    120.6997
<dSpData1D:S at geom step 17
  <sparsity:sparsity for geom step 17
    nrows_g=182 nrows=7 sparsity=1.3174 nnzs=43637, refcount: 7>
  <dData1D:(new from dSpData1D) n=43637, refcount: 1>
refcount: 1>
new_DM -- step:    18
Re-using DM from previous geometries...
Number of DMs in history: 1
 DM extrapolation coefficients: 
1   1.00000
New DM after history re-use:
<dSpData2D:SpM extrapolated using coords
  <sparsity:sparsity for geom step 17
    nrows_g=182 nrows=7 sparsity=1.3174 nnzs=43637, refcount: 9>
  <dData2D:(temp array for extrapolation) n=43637 m=2, refcount: 1>
refcount: 1>
Note: For starting DM, Qtot, Tr[D*S] =        108.00000000        107.89079882
No. of atoms with KB's overlaping orbs in proc 0. Max # of overlaps:     143    1302

InitMesh: MESH = 60 x 30 x 90 = 162000
InitMesh: Mesh cutoff (required, used) =   300.000   304.464 Ry
New grid distribution [1]: sub = 2
New grid distribution [2]: sub = 2
New grid distribution [3]: sub = 2
Setting up quadratic distribution...

        iscf     Eharris(eV)        E_KS(eV)     FreeEng(eV)     dDmax    Ef(eV) dHmax(eV)
   scf:    1   -18363.744627   -18366.819695   -18366.830217  0.915234 -6.174683  2.571320
     spin moment: {S} , |S| = {        0.0        0.0   -0.00018 }    -0.00018
   scf:    2   -18182.672707   -18307.218247   -18307.230907  1.000385 -7.258903 33.851534
     spin moment: {S} , |S| = {        0.0        0.0    0.00725 }     0.00725
   scf:    3   -18371.380337   -18367.287324   -18367.296410  0.982035 -6.249706  0.485424
     spin moment: {S} , |S| = {        0.0        0.0   -0.00055 }    -0.00055
   scf:    4   -18367.301778   -18367.301521   -18367.310301  0.034649 -6.258384  0.213799
     spin moment: {S} , |S| = {        0.0        0.0   -0.00048 }    -0.00048
   scf:    5   -18367.299326   -18367.303720   -18367.312517  0.026694 -6.248750  0.262081
     spin moment: {S} , |S| = {        0.0        0.0   -0.00072 }    -0.00072
   scf:    6   -18367.308409   -18367.306387   -18367.315185  0.017383 -6.256131  0.133474
     spin moment: {S} , |S| = {        0.0        0.0   -0.00053 }    -0.00053
   scf:    7   -18367.307349   -18367.307194   -18367.315987  0.008457 -6.262429  0.066257
     spin moment: {S} , |S| = {        0.0        0.0   -0.00079 }    -0.00079
   scf:    8   -18367.308564   -18367.307862   -18367.316686  0.009046 -6.265323  0.069495
     spin moment: {S} , |S| = {        0.0        0.0   -0.00093 }    -0.00093
   scf:    9   -18367.307600   -18367.308008   -18367.316918  0.007399 -6.262879  0.078092
     spin moment: {S} , |S| = {        0.0        0.0   -0.00104 }    -0.00104
   scf:   10   -18367.308631   -18367.308476   -18367.317466  0.010355 -6.267355  0.044680
     spin moment: {S} , |S| = {        0.0        0.0   -0.00122 }    -0.00122
   scf:   11   -18367.308464   -18367.308525   -18367.317564  0.002277 -6.265420  0.026151
     spin moment: {S} , |S| = {        0.0        0.0   -0.00126 }    -0.00126
   scf:   12   -18367.308618   -18367.308512   -18367.317737  0.012326 -6.266541  0.003338
     spin moment: {S} , |S| = {        0.0        0.0   -0.00146 }    -0.00146
   scf:   13   -18367.308488   -18367.308500   -18367.317740  0.000813 -6.266490  0.002621
     spin moment: {S} , |S| = {        0.0        0.0   -0.00148 }    -0.00148
   scf:   14   -18367.308470   -18367.308484   -18367.317744  0.001010 -6.266419  0.002042
     spin moment: {S} , |S| = {        0.0        0.0   -0.00150 }    -0.00150
   scf:   15   -18367.308456   -18367.308470   -18367.317747  0.000850 -6.266343  0.001593
     spin moment: {S} , |S| = {        0.0        0.0   -0.00153 }    -0.00153
   scf:   16   -18367.308460   -18367.308465   -18367.317747  0.000300 -6.266319  0.001496
     spin moment: {S} , |S| = {        0.0        0.0   -0.00154 }    -0.00154

SCF Convergence by DM criterion
max |DM_out - DM_in|         :     0.0002998168
max |H_out - H_in|      (eV) :     0.0014957820
SCF cycle converged after 16 iterations

Using DM_out to compute the final energy and forces
No. of atoms with KB's overlaping orbs in proc 0. Max # of overlaps:     143    1302

siesta: E_KS(eV) =           -18367.3085

siesta: Atomic forces (eV/Ang):
     1   -0.120695   -0.000001   -0.059660
     2    0.257819   -0.000001   -0.120148
     3   -0.266173    0.000001    0.114339
     4    0.130148    0.000000    0.060782
     5   -0.574057   -0.000003   -0.110486
     6    0.590723    0.000002    0.124578
     7   -0.109016   -0.000004   -0.442679
     8    0.090565    0.000008    0.432968
----------------------------------------
   Tot   -0.000686    0.000002   -0.000306
----------------------------------------
   Max    0.590723
   Res    0.233927    sqrt( Sum f_i^2 / 3N )
----------------------------------------
   Max    0.590723    constrained

Stress tensor Voigt[x,y,z,yz,xz,xy] (kbar):      -22.03       -9.03      -18.43       -0.00        3.02       -0.00
(Free)E + p*V (eV/cell)   -18366.0749
Target enthalpy (eV/cell)   -18367.3177

siesta: Stress tensor (static) (eV/Ang**3):
        -0.013749   -0.000000    0.001894
        -0.000000   -0.005639   -0.000000
         0.001883   -0.000000   -0.011503

siesta: Pressure (static):         16.49701114  kBar

siesta: Stress tensor (total) (eV/Ang**3):
        -0.013749   -0.000000    0.001894
        -0.000000   -0.005639   -0.000000
         0.001883   -0.000000   -0.011503

siesta: Pressure (total):         16.49701114  kBar

                     ====================================
                        Begin CG opt. move =     18
                     ====================================
k-point displ. along   2 input, could be:     0.00    0.50
k-point displ. along   3 input, could be:     0.00    0.50
 Kpoints in:           24 . Kpoints trimmed:           23

siesta: k-grid: Number of k-points = 23
siesta: k-points from Monkhorst-Pack grid
siesta: k-cutoff (effective) =     7.797 Ang
siesta: k-point supercell and displacements
siesta: k-grid:     3     0     0      0.000
siesta: k-grid:     0     6     0      0.000
siesta: k-grid:     0     0     2      0.000

superc: Internal auxiliary supercell:     7 x    11 x     5  =     385
superc: Number of atoms, orbitals, and projectors:   3080  70070  55440

outcell: Unit cell vectors (Ang):
        5.460436   -0.000000   -0.204705
       -0.000000    2.874552    0.000000
       -0.289496    0.000000    7.791959

outcell: Cell vector modules (Ang)   :    5.464271    2.874552    7.797335
outcell: Cell angles (23,13,12) (deg):     90.0000     94.2747     90.0000
outcell: Cell volume (Ang**3)        :    122.1346
<dSpData1D:S at geom step 18
  <sparsity:sparsity for geom step 18
    nrows_g=182 nrows=7 sparsity=1.3050 nnzs=43228, refcount: 7>
  <dData1D:(new from dSpData1D) n=43228, refcount: 1>
refcount: 1>
new_DM -- step:    19
Re-using DM from previous geometries...
Number of DMs in history: 1
 DM extrapolation coefficients: 
1   1.00000
New DM after history re-use:
<dSpData2D:SpM extrapolated using coords
  <sparsity:sparsity for geom step 18
    nrows_g=182 nrows=7 sparsity=1.3050 nnzs=43228, refcount: 9>
  <dData2D:(temp array for extrapolation) n=43228 m=2, refcount: 1>
refcount: 1>
Note: For starting DM, Qtot, Tr[D*S] =        108.00000000        108.13713607
No. of atoms with KB's overlaping orbs in proc 0. Max # of overlaps:     143    1295

InitMesh: MESH = 60 x 30 x 90 = 162000
InitMesh: Mesh cutoff (required, used) =   300.000   301.026 Ry
New grid distribution [1]: sub = 2
New grid distribution [2]: sub = 2
New grid distribution [3]: sub = 2
Setting up quadratic distribution...

        iscf     Eharris(eV)        E_KS(eV)     FreeEng(eV)     dDmax    Ef(eV) dHmax(eV)
   scf:    1   -18366.897560   -18366.519098   -18366.526765  0.638919 -6.340603  3.721334
     spin moment: {S} , |S| = {        0.0        0.0   -0.00034 }    -0.00034
   scf:    2   -18003.024414   -18248.672812   -18248.687624  3.523925 -4.882636 47.816343
     spin moment: {S} , |S| = {        0.0        0.0    0.01341 }     0.01341
   scf:    3   -18375.121559   -18367.304024   -18367.312130  3.378366 -6.226545  0.496586
     spin moment: {S} , |S| = {        0.0        0.0   -0.00021 }    -0.00021
   scf:    4   -18367.236955   -18367.299349   -18367.308195  0.057449 -6.202367  0.637699
     spin moment: {S} , |S| = {        0.0        0.0   -0.00055 }    -0.00055
   scf:    5   -18367.331376   -18367.321365   -18367.329852  0.022434 -6.216299  0.207387
     spin moment: {S} , |S| = {        0.0        0.0   -0.00022 }    -0.00022
   scf:    6   -18367.323829   -18367.323385   -18367.331744  0.008124 -6.219901  0.113934
     spin moment: {S} , |S| = {        0.0        0.0   -0.00036 }    -0.00036
   scf:    7   -18367.325659   -18367.324800   -18367.333062  0.024962 -6.216029  0.089553
     spin moment: {S} , |S| = {        0.0        0.0   -0.00017 }    -0.00017
   scf:    8   -18367.325479   -18367.325160   -18367.333390  0.008812 -6.215403  0.122766
     spin moment: {S} , |S| = {        0.0        0.0   -0.00006 }    -0.00006
   scf:    9   -18367.325963   -18367.325587   -18367.333821  0.003125 -6.213311  0.081865
     spin moment: {S} , |S| = {        0.0        0.0   -0.00007 }    -0.00007
   scf:   10   -18367.326398   -18367.326027   -18367.334302  0.005651 -6.210920  0.032669
     spin moment: {S} , |S| = {        0.0        0.0   -0.00006 }    -0.00006
   scf:   11   -18367.326302   -18367.326169   -18367.334477  0.004042 -6.209767  0.012815
     spin moment: {S} , |S| = {        0.0        0.0   -0.00002 }    -0.00002
   scf:   12   -18367.326470   -18367.326281   -18367.334628  0.010085 -6.208704  0.005794
     spin moment: {S} , |S| = {        0.0        0.0    0.00001 }     0.00001
   scf:   13   -18367.326297   -18367.326282   -18367.334651  0.004504 -6.208354  0.001846
     spin moment: {S} , |S| = {        0.0        0.0    0.00002 }     0.00002
   scf:   14   -18367.326282   -18367.326282   -18367.334654  0.000917 -6.208383  0.002242
     spin moment: {S} , |S| = {        0.0        0.0    0.00002 }     0.00002
   scf:   15   -18367.326277   -18367.326279   -18367.334655  0.001143 -6.208317  0.000950
     spin moment: {S} , |S| = {        0.0        0.0    0.00001 }     0.00001
   scf:   16   -18367.326279   -18367.326279   -18367.334656  0.000140 -6.208324  0.000832
     spin moment: {S} , |S| = {        0.0        0.0    0.00001 }     0.00001

SCF Convergence by DM criterion
max |DM_out - DM_in|         :     0.0001395648
max |H_out - H_in|      (eV) :     0.0008324409
SCF cycle converged after 16 iterations

Using DM_out to compute the final energy and forces
No. of atoms with KB's overlaping orbs in proc 0. Max # of overlaps:     143    1295

siesta: E_KS(eV) =           -18367.3263

siesta: Atomic forces (eV/Ang):
     1    0.003430   -0.000001   -0.014981
     2    0.162569   -0.000001   -0.080848
     3   -0.168081    0.000000    0.078121
     4    0.002953    0.000001    0.014900
     5   -0.285692   -0.000002   -0.017301
     6    0.293370    0.000001    0.025416
     7   -0.065867   -0.000002   -0.195864
     8    0.057389    0.000003    0.191181
----------------------------------------
   Tot    0.000072   -0.000000    0.000624
----------------------------------------
   Max    0.293370
   Res    0.115283    sqrt( Sum f_i^2 / 3N )
----------------------------------------
   Max    0.293370    constrained

Stress tensor Voigt[x,y,z,yz,xz,xy] (kbar):      -10.95        2.46       -6.07       -0.00        5.68       -0.00
(Free)E + p*V (eV/cell)   -18366.9649
Target enthalpy (eV/cell)   -18367.3347

siesta: Stress tensor (static) (eV/Ang**3):
        -0.006832   -0.000000    0.003535
        -0.000000    0.001536   -0.000000
         0.003544   -0.000000   -0.003787

siesta: Pressure (static):          4.85049531  kBar

siesta: Stress tensor (total) (eV/Ang**3):
        -0.006832   -0.000000    0.003535
        -0.000000    0.001536   -0.000000
         0.003544   -0.000000   -0.003787

siesta: Pressure (total):          4.85049531  kBar

cgvc: Finished line minimization    5.  Mean atomic displacement =    0.1110

                     ====================================
                        Begin CG opt. move =     19
                     ====================================
k-point displ. along   2 input, could be:     0.00    0.50
k-point displ. along   3 input, could be:     0.00    0.50
 Kpoints in:           24 . Kpoints trimmed:           23

siesta: k-grid: Number of k-points = 23
siesta: k-points from Monkhorst-Pack grid
siesta: k-cutoff (effective) =     7.778 Ang
siesta: k-point supercell and displacements
siesta: k-grid:     3     0     0      0.000
siesta: k-grid:     0     6     0      0.000
siesta: k-grid:     0     0     2      0.000

superc: Internal auxiliary supercell:     7 x    11 x     5  =     385
superc: Number of atoms, orbitals, and projectors:   3080  70070  55440

outcell: Unit cell vectors (Ang):
        5.469872   -0.000000   -0.270224
       -0.000000    2.854330    0.000000
       -0.382154    0.000000    7.768143

outcell: Cell vector modules (Ang)   :    5.476543    2.854330    7.777537
outcell: Cell angles (23,13,12) (deg):     90.0000     95.6446     90.0000
outcell: Cell volume (Ang**3)        :    120.9878
<dSpData1D:S at geom step 19
  <sparsity:sparsity for geom step 19
    nrows_g=182 nrows=7 sparsity=1.3060 nnzs=43259, refcount: 7>
  <dData1D:(new from dSpData1D) n=43259, refcount: 1>
refcount: 1>
new_DM -- step:    20
Re-using DM from previous geometries...
Number of DMs in history: 1
 DM extrapolation coefficients: 
1   1.00000
New DM after history re-use:
<dSpData2D:SpM extrapolated using coords
  <sparsity:sparsity for geom step 19
    nrows_g=182 nrows=7 sparsity=1.3060 nnzs=43259, refcount: 9>
  <dData2D:(temp array for extrapolation) n=43259 m=2, refcount: 1>
refcount: 1>
No. of atoms with KB's overlaping orbs in proc 0. Max # of overlaps:     141    1299

InitMesh: MESH = 60 x 30 x 90 = 162000
InitMesh: Mesh cutoff (required, used) =   300.000   305.307 Ry
New grid distribution [1]: sub = 2
New grid distribution [2]: sub = 2
New grid distribution [3]: sub = 2
Setting up quadratic distribution...

        iscf     Eharris(eV)        E_KS(eV)     FreeEng(eV)     dDmax    Ef(eV) dHmax(eV)
   scf:    1   -18363.016516   -18366.487304   -18366.497466  0.815718 -6.144604  3.362619
     spin moment: {S} , |S| = {        0.0        0.0   -0.00083 }    -0.00083
   scf:    2   -18035.886793   -18259.560647   -18259.569737  1.357119 -7.643744 45.942228
     spin moment: {S} , |S| = {        0.0        0.0    0.04674 }     0.04674
   scf:    3   -18374.460149   -18367.333273   -18367.341963  1.333094 -6.241868  0.581997
     spin moment: {S} , |S| = {        0.0        0.0   -0.00154 }    -0.00154
   scf:    4   -18367.355516   -18367.355525   -18367.364018  0.042255 -6.250797  0.274602
     spin moment: {S} , |S| = {        0.0        0.0    0.00035 }     0.00035
   scf:    5   -18367.360430   -18367.358517   -18367.366992  0.009594 -6.247092  0.166982
     spin moment: {S} , |S| = {        0.0        0.0   -0.00089 }    -0.00089
   scf:    6   -18367.357454   -18367.359348   -18367.367805  0.023251 -6.242108  0.210770
     spin moment: {S} , |S| = {        0.0        0.0   -0.00096 }    -0.00096
   scf:    7   -18367.360744   -18367.361237   -18367.369678  0.021622 -6.254471  0.091412
     spin moment: {S} , |S| = {        0.0        0.0   -0.00078 }    -0.00078
   scf:    8   -18367.361626   -18367.361445   -18367.369878  0.006891 -6.256205  0.094059
     spin moment: {S} , |S| = {        0.0        0.0   -0.00090 }    -0.00090
   scf:    9   -18367.361573   -18367.361762   -18367.370212  0.004382 -6.253030  0.041143
     spin moment: {S} , |S| = {        0.0        0.0   -0.00098 }    -0.00098
   scf:   10   -18367.361930   -18367.361893   -18367.370371  0.005066 -6.255527  0.029131
     spin moment: {S} , |S| = {        0.0        0.0   -0.00107 }    -0.00107
   scf:   11   -18367.361942   -18367.361927   -18367.370418  0.001161 -6.254822  0.008693
     spin moment: {S} , |S| = {        0.0        0.0   -0.00110 }    -0.00110
   scf:   12   -18367.362002   -18367.361948   -18367.370492  0.006686 -6.255268  0.004421
     spin moment: {S} , |S| = {        0.0        0.0   -0.00120 }    -0.00120
   scf:   13   -18367.361926   -18367.361933   -18367.370507  0.003248 -6.255366  0.002396
     spin moment: {S} , |S| = {        0.0        0.0   -0.00125 }    -0.00125
   scf:   14   -18367.361918   -18367.361925   -18367.370509  0.001085 -6.255392  0.001346
     spin moment: {S} , |S| = {        0.0        0.0   -0.00127 }    -0.00127
   scf:   15   -18367.361920   -18367.361923   -18367.370510  0.000278 -6.255373  0.001300
     spin moment: {S} , |S| = {        0.0        0.0   -0.00127 }    -0.00127

SCF Convergence by DM criterion
max |DM_out - DM_in|         :     0.0002777970
max |H_out - H_in|      (eV) :     0.0013001861
SCF cycle converged after 15 iterations

Using DM_out to compute the final energy and forces
No. of atoms with KB's overlaping orbs in proc 0. Max # of overlaps:     141    1299

siesta: E_KS(eV) =           -18367.3619

siesta: Atomic forces (eV/Ang):
     1    0.035645   -0.000002   -0.021129
     2    0.111937   -0.000001    0.045906
     3   -0.113858    0.000000   -0.050876
     4   -0.033771    0.000001    0.018883
     5   -0.195308   -0.000002   -0.129035
     6    0.199768    0.000001    0.132302
     7   -0.172468   -0.000002   -0.093132
     8    0.167946    0.000005    0.096849
----------------------------------------
   Tot   -0.000109    0.000001   -0.000231
----------------------------------------
   Max    0.199768
   Res    0.096093    sqrt( Sum f_i^2 / 3N )
----------------------------------------
   Max    0.199768    constrained

Stress tensor Voigt[x,y,z,yz,xz,xy] (kbar):      -13.96      -12.92      -13.64        0.00        7.26       -0.00
(Free)E + p*V (eV/cell)   -18366.3504
Target enthalpy (eV/cell)   -18367.3705

siesta: Stress tensor (static) (eV/Ang**3):
        -0.008711   -0.000000    0.004541
        -0.000000   -0.008066    0.000000
         0.004532    0.000000   -0.008516

siesta: Pressure (static):         13.50821491  kBar

siesta: Stress tensor (total) (eV/Ang**3):
        -0.008711   -0.000000    0.004541
        -0.000000   -0.008066    0.000000
         0.004532    0.000000   -0.008516

siesta: Pressure (total):         13.50821491  kBar

                     ====================================
                        Begin CG opt. move =     20
                     ====================================
k-point displ. along   2 input, could be:     0.00    0.50
k-point displ. along   3 input, could be:     0.00    0.50
 Kpoints in:           24 . Kpoints trimmed:           23

siesta: k-grid: Number of k-points = 23
siesta: k-points from Monkhorst-Pack grid
siesta: k-cutoff (effective) =     7.749 Ang
siesta: k-point supercell and displacements
siesta: k-grid:     3     0     0      0.000
siesta: k-grid:     0     6     0      0.000
siesta: k-grid:     0     0     2      0.000

superc: Internal auxiliary supercell:     7 x    11 x     5  =     385
superc: Number of atoms, orbitals, and projectors:   3080  70070  55440

outcell: Unit cell vectors (Ang):
        5.484603   -0.000000   -0.372502
       -0.000000    2.822762    0.000000
       -0.526798    0.000000    7.730965

outcell: Cell vector modules (Ang)   :    5.497238    2.822762    7.748893
outcell: Cell angles (23,13,12) (deg):     90.0000     97.7836     90.0000
outcell: Cell volume (Ang**3)        :    119.1348
<dSpData1D:S at geom step 20
  <sparsity:sparsity for geom step 20
    nrows_g=182 nrows=7 sparsity=1.3101 nnzs=43395, refcount: 7>
  <dData1D:(new from dSpData1D) n=43395, refcount: 1>
refcount: 1>
new_DM -- step:    21
Re-using DM from previous geometries...
Number of DMs in history: 1
 DM extrapolation coefficients: 
1   1.00000
New DM after history re-use:
<dSpData2D:SpM extrapolated using coords
  <sparsity:sparsity for geom step 20
    nrows_g=182 nrows=7 sparsity=1.3101 nnzs=43395, refcount: 9>
  <dData2D:(temp array for extrapolation) n=43395 m=2, refcount: 1>
refcount: 1>
Note: For starting DM, Qtot, Tr[D*S] =        108.00000000        107.80162949
No. of atoms with KB's overlaping orbs in proc 0. Max # of overlaps:     139    1282

InitMesh: MESH = 60 x 30 x 80 = 144000
InitMesh: Mesh cutoff (required, used) =   300.000   300.084 Ry
New grid distribution [1]: sub = 2
New grid distribution [2]: sub = 2
New grid distribution [3]: sub = 2
Setting up quadratic distribution...

        iscf     Eharris(eV)        E_KS(eV)     FreeEng(eV)     dDmax    Ef(eV) dHmax(eV)
   scf:    1   -18358.187465   -18365.451755   -18365.460701  1.100945 -6.136165  4.755406
     spin moment: {S} , |S| = {        0.0        0.0   -0.00299 }    -0.00299
   scf:    2   -17735.661491   -18162.208188   -18162.216448  1.645807 -8.381504 62.631527
     spin moment: {S} , |S| = {        0.0        0.0    0.04234 }     0.04234
   scf:    3   -18380.839670   -18367.270422   -18367.279454  1.652780 -6.281872  0.955065
     spin moment: {S} , |S| = {        0.0        0.0   -0.00226 }    -0.00226
   scf:    4   -18367.329295   -18367.326258   -18367.335780  0.064835 -6.295940  0.345284
     spin moment: {S} , |S| = {        0.0        0.0   -0.00218 }    -0.00218
   scf:    5   -18367.315034   -18367.331397   -18367.341053  0.056763 -6.276350  0.452539
     spin moment: {S} , |S| = {        0.0        0.0   -0.00200 }    -0.00200
   scf:    6   -18367.343981   -18367.340104   -18367.349854  0.041610 -6.295345  0.105324
     spin moment: {S} , |S| = {        0.0        0.0   -0.00282 }    -0.00282
   scf:    7   -18367.341015   -18367.340679   -18367.350478  0.010745 -6.299905  0.089986
     spin moment: {S} , |S| = {        0.0        0.0   -0.00219 }    -0.00219
   scf:    8   -18367.341735   -18367.341302   -18367.351284  0.014894 -6.306232  0.094322
     spin moment: {S} , |S| = {        0.0        0.0   -0.00248 }    -0.00248
   scf:    9   -18367.340180   -18367.341357   -18367.351451  0.005312 -6.302283  0.103438
     spin moment: {S} , |S| = {        0.0        0.0   -0.00253 }    -0.00253
   scf:   10   -18367.341770   -18367.341885   -18367.352122  0.007248 -6.308493  0.048029
     spin moment: {S} , |S| = {        0.0        0.0   -0.00274 }    -0.00274
   scf:   11   -18367.341813   -18367.341923   -18367.352261  0.003667 -6.306517  0.039668
     spin moment: {S} , |S| = {        0.0        0.0   -0.00277 }    -0.00277
   scf:   12   -18367.341907   -18367.341841   -18367.352538  0.014749 -6.309890  0.005406
     spin moment: {S} , |S| = {        0.0        0.0   -0.00319 }    -0.00319
   scf:   13   -18367.341778   -18367.341809   -18367.352549  0.001493 -6.310026  0.004556
     spin moment: {S} , |S| = {        0.0        0.0   -0.00323 }    -0.00323
   scf:   14   -18367.341694   -18367.341749   -18367.352564  0.002661 -6.310305  0.002659
     spin moment: {S} , |S| = {        0.0        0.0   -0.00336 }    -0.00336
   scf:   15   -18367.341702   -18367.341725   -18367.352567  0.001018 -6.310369  0.002468
     spin moment: {S} , |S| = {        0.0        0.0   -0.00340 }    -0.00340
   scf:   16   -18367.341708   -18367.341717   -18367.352568  0.000446 -6.310404  0.002189
     spin moment: {S} , |S| = {        0.0        0.0   -0.00344 }    -0.00344

SCF Convergence by DM criterion
max |DM_out - DM_in|         :     0.0004457461
max |H_out - H_in|      (eV) :     0.0021888975
SCF cycle converged after 16 iterations

Using DM_out to compute the final energy and forces
No. of atoms with KB's overlaping orbs in proc 0. Max # of overlaps:     139    1282

siesta: E_KS(eV) =           -18367.3417

siesta: Atomic forces (eV/Ang):
     1    0.086330   -0.000001    0.009364
     2   -0.064108   -0.000001    0.297187
     3    0.064058    0.000002   -0.303340
     4   -0.090232    0.000001   -0.018037
     5   -0.050483   -0.000001   -0.356011
     6    0.049849    0.000002    0.352014
     7   -0.370459   -0.000003    0.274041
     8    0.375248    0.000005   -0.255274
----------------------------------------
   Tot    0.000202    0.000003   -0.000056
----------------------------------------
   Max    0.375248
   Res    0.191329    sqrt( Sum f_i^2 / 3N )
----------------------------------------
   Max    0.375248    constrained

Stress tensor Voigt[x,y,z,yz,xz,xy] (kbar):      -25.35      -39.57      -37.07        0.00        6.59       -0.00
(Free)E + p*V (eV/cell)   -18364.8247
Target enthalpy (eV/cell)   -18367.3526

siesta: Stress tensor (static) (eV/Ang**3):
        -0.015823   -0.000000    0.004122
        -0.000000   -0.024700    0.000000
         0.004110    0.000000   -0.023135

siesta: Pressure (static):         33.99647386  kBar

siesta: Stress tensor (total) (eV/Ang**3):
        -0.015823   -0.000000    0.004122
        -0.000000   -0.024700    0.000000
         0.004110    0.000000   -0.023135

siesta: Pressure (total):         33.99647386  kBar

                     ====================================
                        Begin CG opt. move =     21
                     ====================================
k-point displ. along   2 input, could be:     0.00    0.50
k-point displ. along   3 input, could be:     0.00    0.50
 Kpoints in:           24 . Kpoints trimmed:           23

siesta: k-grid: Number of k-points = 23
siesta: k-points from Monkhorst-Pack grid
siesta: k-cutoff (effective) =     7.772 Ang
siesta: k-point supercell and displacements
siesta: k-grid:     3     0     0      0.000
siesta: k-grid:     0     6     0      0.000
siesta: k-grid:     0     0     2      0.000

superc: Internal auxiliary supercell:     7 x    11 x     5  =     385
superc: Number of atoms, orbitals, and projectors:   3080  70070  55440

outcell: Unit cell vectors (Ang):
        5.472497   -0.000000   -0.288451
       -0.000000    2.848704    0.000000
       -0.407931    0.000000    7.761518

outcell: Cell vector modules (Ang)   :    5.480094    2.848704    7.772230
outcell: Cell angles (23,13,12) (deg):     90.0000     96.0258     90.0000
outcell: Cell volume (Ang**3)        :    120.6632
<dSpData1D:S at geom step 21
  <sparsity:sparsity for geom step 21
    nrows_g=182 nrows=7 sparsity=1.3060 nnzs=43259, refcount: 7>
  <dData1D:(new from dSpData1D) n=43259, refcount: 1>
refcount: 1>
new_DM -- step:    22
Re-using DM from previous geometries...
Number of DMs in history: 1
 DM extrapolation coefficients: 
1   1.00000
New DM after history re-use:
<dSpData2D:SpM extrapolated using coords
  <sparsity:sparsity for geom step 21
    nrows_g=182 nrows=7 sparsity=1.3060 nnzs=43259, refcount: 9>
  <dData2D:(temp array for extrapolation) n=43259 m=2, refcount: 1>
refcount: 1>
Note: For starting DM, Qtot, Tr[D*S] =        108.00000000        108.23122842
No. of atoms with KB's overlaping orbs in proc 0. Max # of overlaps:     141    1299

InitMesh: MESH = 60 x 30 x 90 = 162000
InitMesh: Mesh cutoff (required, used) =   300.000   306.514 Ry
New grid distribution [1]: sub = 2
New grid distribution [2]: sub = 2
New grid distribution [3]: sub = 2
Setting up quadratic distribution...

        iscf     Eharris(eV)        E_KS(eV)     FreeEng(eV)     dDmax    Ef(eV) dHmax(eV)
   scf:    1   -18362.947460   -18364.847398   -18364.858869  0.827141 -6.480570  6.209491
     spin moment: {S} , |S| = {        0.0        0.0   -0.00220 }    -0.00220
   scf:    2   -17262.407034   -18007.556650   -18007.570535  9.522282 -3.854731 81.260154
     spin moment: {S} , |S| = {        0.0        0.0    0.03049 }     0.03049
   scf:    3   -18389.628559   -18367.271057   -18367.281353  9.314490 -6.287145  1.106533
     spin moment: {S} , |S| = {        0.0        0.0   -0.00247 }    -0.00247
   scf:    4   -18366.789521   -18367.205536   -18367.215524  0.140395 -6.233367  1.391422
     spin moment: {S} , |S| = {        0.0        0.0   -0.00204 }    -0.00204
   scf:    5   -18367.410952   -18367.350374   -18367.360289  0.066793 -6.269578  0.421034
     spin moment: {S} , |S| = {        0.0        0.0   -0.00231 }    -0.00231
   scf:    6   -18367.361882   -18367.356773   -18367.366635  0.013530 -6.270938  0.317645
     spin moment: {S} , |S| = {        0.0        0.0   -0.00234 }    -0.00234
   scf:    7   -18367.363295   -18367.363011   -18367.372587  0.061536 -6.267535  0.106672
     spin moment: {S} , |S| = {        0.0        0.0   -0.00221 }    -0.00221
   scf:    8   -18367.363310   -18367.363282   -18367.372748  0.006577 -6.270023  0.142209
     spin moment: {S} , |S| = {        0.0        0.0   -0.00213 }    -0.00213
   scf:    9   -18367.366008   -18367.364687   -18367.373915  0.009836 -6.266807  0.098702
     spin moment: {S} , |S| = {        0.0        0.0   -0.00199 }    -0.00199
   scf:   10   -18367.365786   -18367.365336   -18367.374441  0.006151 -6.263792  0.027662
     spin moment: {S} , |S| = {        0.0        0.0   -0.00194 }    -0.00194
   scf:   11   -18367.366197   -18367.365778   -18367.374732  0.004616 -6.263781  0.015737
     spin moment: {S} , |S| = {        0.0        0.0   -0.00182 }    -0.00182
   scf:   12   -18367.367040   -18367.366343   -18367.375023  0.011857 -6.263788  0.014095
     spin moment: {S} , |S| = {        0.0        0.0   -0.00161 }    -0.00161
   scf:   13   -18367.366907   -18367.366594   -18367.375104  0.008505 -6.263420  0.003813
     spin moment: {S} , |S| = {        0.0        0.0   -0.00149 }    -0.00149
   scf:   14   -18367.366614   -18367.366605   -18367.375108  0.001228 -6.263597  0.005690
     spin moment: {S} , |S| = {        0.0        0.0   -0.00147 }    -0.00147
   scf:   15   -18367.366650   -18367.366627   -18367.375111  0.001425 -6.263472  0.002248
     spin moment: {S} , |S| = {        0.0        0.0   -0.00145 }    -0.00145
   scf:   16   -18367.366633   -18367.366630   -18367.375112  0.000246 -6.263509  0.002291
     spin moment: {S} , |S| = {        0.0        0.0   -0.00144 }    -0.00144

SCF Convergence by DM criterion
max |DM_out - DM_in|         :     0.0002462721
max |H_out - H_in|      (eV) :     0.0022907543
SCF cycle converged after 16 iterations

Using DM_out to compute the final energy and forces
No. of atoms with KB's overlaping orbs in proc 0. Max # of overlaps:     141    1299

siesta: E_KS(eV) =           -18367.3666

siesta: Atomic forces (eV/Ang):
     1    0.053793   -0.000001   -0.003154
     2    0.095895   -0.000000    0.097518
     3   -0.097801    0.000001   -0.102873
     4   -0.053056    0.000001    0.000482
     5   -0.166259   -0.000002   -0.164115
     6    0.169562    0.000001    0.166259
     7   -0.203447   -0.000004   -0.046307
     8    0.200477    0.000003    0.053175
----------------------------------------
   Tot   -0.000836   -0.000000    0.000985
----------------------------------------
   Max    0.203447
   Res    0.100436    sqrt( Sum f_i^2 / 3N )
----------------------------------------
   Max    0.203447    constrained

Stress tensor Voigt[x,y,z,yz,xz,xy] (kbar):      -14.77      -17.41      -16.26       -0.00        8.24       -0.00
(Free)E + p*V (eV/cell)   -18366.1593
Target enthalpy (eV/cell)   -18367.3751

siesta: Stress tensor (static) (eV/Ang**3):
        -0.009216   -0.000000    0.005137
        -0.000000   -0.010864   -0.000000
         0.005144   -0.000000   -0.010150

siesta: Pressure (static):         16.14431872  kBar

siesta: Stress tensor (total) (eV/Ang**3):
        -0.009216   -0.000000    0.005137
        -0.000000   -0.010864   -0.000000
         0.005144   -0.000000   -0.010150

siesta: Pressure (total):         16.14431872  kBar

cgvc: Finished line minimization    6.  Mean atomic displacement =    0.1419

                     ====================================
                        Begin CG opt. move =     22
                     ====================================
k-point displ. along   2 input, could be:     0.00    0.50
k-point displ. along   3 input, could be:     0.00    0.50
 Kpoints in:           24 . Kpoints trimmed:           23

siesta: k-grid: Number of k-points = 23
siesta: k-points from Monkhorst-Pack grid
siesta: k-cutoff (effective) =     7.821 Ang
siesta: k-point supercell and displacements
siesta: k-grid:     3     0     0      0.000
siesta: k-grid:     0     6     0      0.000
siesta: k-grid:     0     0     2      0.000

superc: Internal auxiliary supercell:     7 x    11 x     5  =     385
superc: Number of atoms, orbitals, and projectors:   3080  70070  55440

outcell: Unit cell vectors (Ang):
        5.523227    0.000000   -0.376115
        0.000000    2.853202    0.000000
       -0.531906    0.000000    7.802586

outcell: Cell vector modules (Ang)   :    5.536019    2.853202    7.820695
outcell: Cell angles (23,13,12) (deg):     90.0000     97.7955     90.0000
outcell: Cell volume (Ang**3)        :    122.3892
<dSpData1D:S at geom step 22
  <sparsity:sparsity for geom step 22
    nrows_g=182 nrows=7 sparsity=1.2961 nnzs=42932, refcount: 7>
  <dData1D:(new from dSpData1D) n=42932, refcount: 1>
refcount: 1>
new_DM -- step:    23
Re-using DM from previous geometries...
Number of DMs in history: 1
 DM extrapolation coefficients: 
1   1.00000
New DM after history re-use:
<dSpData2D:SpM extrapolated using coords
  <sparsity:sparsity for geom step 22
    nrows_g=182 nrows=7 sparsity=1.2961 nnzs=42932, refcount: 9>
  <dData2D:(temp array for extrapolation) n=42932 m=2, refcount: 1>
refcount: 1>
Note: For starting DM, Qtot, Tr[D*S] =        108.00000000        107.83349961
No. of atoms with KB's overlaping orbs in proc 0. Max # of overlaps:     137    1266

InitMesh: MESH = 60 x 30 x 90 = 162000
InitMesh: Mesh cutoff (required, used) =   300.000   305.548 Ry
New grid distribution [1]: sub = 2
New grid distribution [2]: sub = 2
New grid distribution [3]: sub = 2
Setting up quadratic distribution...

        iscf     Eharris(eV)        E_KS(eV)     FreeEng(eV)     dDmax    Ef(eV) dHmax(eV)
   scf:    1   -18359.800002   -18365.355198   -18365.362942  0.843004 -6.039995  5.332588
     spin moment: {S} , |S| = {        0.0        0.0   -0.00142 }    -0.00142
   scf:    2   -17612.237735   -18122.128282   -18122.136598  1.482511 -8.525221 69.079867
     spin moment: {S} , |S| = {        0.0        0.0    0.00008 }     0.00008
   scf:    3   -18383.862379   -18367.354056   -18367.361530  1.467058 -6.202619  0.781580
     spin moment: {S} , |S| = {        0.0        0.0   -0.00122 }    -0.00122
   scf:    4   -18367.403545   -18367.400005   -18367.407873  0.049172 -6.213762  0.265511
     spin moment: {S} , |S| = {        0.0        0.0   -0.00111 }    -0.00111
   scf:    5   -18367.396390   -18367.405758   -18367.413694  0.041195 -6.195900  0.326839
     spin moment: {S} , |S| = {        0.0        0.0   -0.00122 }    -0.00122
   scf:    6   -18367.412946   -18367.410503   -18367.418410  0.029064 -6.207777  0.099807
     spin moment: {S} , |S| = {        0.0        0.0   -0.00087 }    -0.00087
   scf:    7   -18367.411120   -18367.410913   -18367.418817  0.006330 -6.211162  0.087254
     spin moment: {S} , |S| = {        0.0        0.0   -0.00115 }    -0.00115
   scf:    8   -18367.411203   -18367.411174   -18367.419075  0.011586 -6.214860  0.070273
     spin moment: {S} , |S| = {        0.0        0.0   -0.00097 }    -0.00097
   scf:    9   -18367.411152   -18367.411362   -18367.419253  0.003787 -6.211323  0.036236
     spin moment: {S} , |S| = {        0.0        0.0   -0.00095 }    -0.00095
   scf:   10   -18367.411505   -18367.411445   -18367.419334  0.003451 -6.212228  0.011676
     spin moment: {S} , |S| = {        0.0        0.0   -0.00090 }    -0.00090
   scf:   11   -18367.411463   -18367.411455   -18367.419341  0.000413 -6.212533  0.004072
     spin moment: {S} , |S| = {        0.0        0.0   -0.00089 }    -0.00089

SCF Convergence by DM criterion
max |DM_out - DM_in|         :     0.0004126634
max |H_out - H_in|      (eV) :     0.0040723933
SCF cycle converged after 11 iterations

Using DM_out to compute the final energy and forces
No. of atoms with KB's overlaping orbs in proc 0. Max # of overlaps:     137    1266

siesta: E_KS(eV) =           -18367.4115

siesta: Atomic forces (eV/Ang):
     1    0.117565   -0.000000    0.058821
     2    0.079181    0.000000    0.092096
     3   -0.083567   -0.000001   -0.086169
     4   -0.120626   -0.000000   -0.063283
     5    0.083780    0.000003    0.025649
     6   -0.086867   -0.000001   -0.030071
     7    0.098893    0.000003    0.422829
     8   -0.088371   -0.000003   -0.421464
----------------------------------------
   Tot   -0.000013    0.000000   -0.001592
----------------------------------------
   Max    0.422829
   Res    0.137709    sqrt( Sum f_i^2 / 3N )
----------------------------------------
   Max    0.422829    constrained

Stress tensor Voigt[x,y,z,yz,xz,xy] (kbar):       -0.95       -9.53       -3.64        0.00        5.26        0.00
(Free)E + p*V (eV/cell)   -18367.0600
Target enthalpy (eV/cell)   -18367.4193

siesta: Stress tensor (static) (eV/Ang**3):
        -0.000592    0.000000    0.003270
         0.000000   -0.005945    0.000000
         0.003285    0.000000   -0.002270

siesta: Pressure (static):          4.70396915  kBar

siesta: Stress tensor (total) (eV/Ang**3):
        -0.000592    0.000000    0.003270
         0.000000   -0.005945    0.000000
         0.003285    0.000000   -0.002270

siesta: Pressure (total):          4.70396915  kBar

                     ====================================
                        Begin CG opt. move =     23
                     ====================================
k-point displ. along   2 input, could be:     0.00    0.50
k-point displ. along   3 input, could be:     0.00    0.50
 Kpoints in:           24 . Kpoints trimmed:           23

siesta: k-grid: Number of k-points = 23
siesta: k-points from Monkhorst-Pack grid
siesta: k-cutoff (effective) =     7.812 Ang
siesta: k-point supercell and displacements
siesta: k-grid:     3     0     0      0.000
siesta: k-grid:     0     6     0      0.000
siesta: k-grid:     0     0     2      0.000

superc: Internal auxiliary supercell:     7 x    11 x     5  =     385
superc: Number of atoms, orbitals, and projectors:   3080  70070  55440

outcell: Unit cell vectors (Ang):
        5.514710    0.000000   -0.361396
        0.000000    2.852446    0.000000
       -0.511091    0.000000    7.795690

outcell: Cell vector modules (Ang)   :    5.526539    2.852446    7.812426
outcell: Cell angles (23,13,12) (deg):     90.0000     97.5004     90.0000
outcell: Cell volume (Ang**3)        :    122.1026
<dSpData1D:S at geom step 23
  <sparsity:sparsity for geom step 23
    nrows_g=182 nrows=7 sparsity=1.2995 nnzs=43046, refcount: 7>
  <dData1D:(new from dSpData1D) n=43046, refcount: 1>
refcount: 1>
new_DM -- step:    24
Re-using DM from previous geometries...
Number of DMs in history: 1
 DM extrapolation coefficients: 
1   1.00000
New DM after history re-use:
<dSpData2D:SpM extrapolated using coords
  <sparsity:sparsity for geom step 23
    nrows_g=182 nrows=7 sparsity=1.2995 nnzs=43046, refcount: 9>
  <dData2D:(temp array for extrapolation) n=43046 m=2, refcount: 1>
refcount: 1>
No. of atoms with KB's overlaping orbs in proc 0. Max # of overlaps:     137    1266

InitMesh: MESH = 60 x 30 x 90 = 162000
InitMesh: Mesh cutoff (required, used) =   300.000   305.710 Ry
New grid distribution [1]: sub = 2
New grid distribution [2]: sub = 2
New grid distribution [3]: sub = 2
Setting up quadratic distribution...

        iscf     Eharris(eV)        E_KS(eV)     FreeEng(eV)     dDmax    Ef(eV) dHmax(eV)
   scf:    1   -18367.411858   -18367.318839   -18367.327180  0.514763 -6.254694  1.150330
     spin moment: {S} , |S| = {        0.0        0.0   -0.00086 }    -0.00086
   scf:    2   -18336.242541   -18357.299317   -18357.310392  0.738367 -5.774505 13.640447
     spin moment: {S} , |S| = {        0.0        0.0   -0.00105 }    -0.00105
   scf:    3   -18368.212948   -18367.409536   -18367.417574  0.693631 -6.216026  0.160682
     spin moment: {S} , |S| = {        0.0        0.0   -0.00085 }    -0.00085
   scf:    4   -18367.411937   -18367.411524   -18367.419451  0.010595 -6.216570  0.053963
     spin moment: {S} , |S| = {        0.0        0.0   -0.00082 }    -0.00082
   scf:    5   -18367.411257   -18367.411565   -18367.419494  0.006210 -6.218851  0.060022
     spin moment: {S} , |S| = {        0.0        0.0   -0.00086 }    -0.00086
   scf:    6   -18367.411825   -18367.411743   -18367.419666  0.006222 -6.216416  0.015722
     spin moment: {S} , |S| = {        0.0        0.0   -0.00079 }    -0.00079
   scf:    7   -18367.411754   -18367.411750   -18367.419672  0.000348 -6.216054  0.015335
     spin moment: {S} , |S| = {        0.0        0.0   -0.00084 }    -0.00084

SCF Convergence by DM criterion
max |DM_out - DM_in|         :     0.0003482462
max |H_out - H_in|      (eV) :     0.0153353044
SCF cycle converged after 7 iterations

Using DM_out to compute the final energy and forces
No. of atoms with KB's overlaping orbs in proc 0. Max # of overlaps:     137    1266

siesta: E_KS(eV) =           -18367.4117

siesta: Atomic forces (eV/Ang):
     1    0.117050   -0.000001    0.044261
     2    0.080391    0.000000    0.090546
     3   -0.084470   -0.000001   -0.086704
     4   -0.119338   -0.000001   -0.048195
     5    0.040024    0.000001   -0.000050
     6   -0.042364   -0.000001   -0.003041
     7    0.046481    0.000002    0.351312
     8   -0.038275   -0.000004   -0.349333
----------------------------------------
   Tot   -0.000500   -0.000003   -0.001204
----------------------------------------
   Max    0.351312
   Res    0.114387    sqrt( Sum f_i^2 / 3N )
----------------------------------------
   Max    0.351312    constrained

Stress tensor Voigt[x,y,z,yz,xz,xy] (kbar):       -4.06      -11.02       -5.53       -0.00        6.86        0.00
(Free)E + p*V (eV/cell)   -18366.8961
Target enthalpy (eV/cell)   -18367.4197

siesta: Stress tensor (static) (eV/Ang**3):
        -0.002535    0.000000    0.004275
         0.000000   -0.006879   -0.000000
         0.004282   -0.000000   -0.003450

siesta: Pressure (static):          6.87031217  kBar

siesta: Stress tensor (total) (eV/Ang**3):
        -0.002535    0.000000    0.004275
         0.000000   -0.006879   -0.000000
         0.004282   -0.000000   -0.003450

siesta: Pressure (total):          6.87031217  kBar

cgvc: Finished line minimization    7.  Mean atomic displacement =    0.1181

                     ====================================
                        Begin CG opt. move =     24
                     ====================================
k-point displ. along   2 input, could be:     0.00    0.50
k-point displ. along   3 input, could be:     0.00    0.50
 Kpoints in:           24 . Kpoints trimmed:           23

siesta: k-grid: Number of k-points = 23
siesta: k-points from Monkhorst-Pack grid
siesta: k-cutoff (effective) =     7.866 Ang
siesta: k-point supercell and displacements
siesta: k-grid:     3     0     0      0.000
siesta: k-grid:     0     6     0      0.000
siesta: k-grid:     0     0     2      0.000

superc: Internal auxiliary supercell:     7 x    11 x     5  =     385
superc: Number of atoms, orbitals, and projectors:   3080  70070  55440

outcell: Unit cell vectors (Ang):
        5.557775    0.000000   -0.435403
        0.000000    2.869337    0.000000
       -0.615753    0.000000    7.842051

outcell: Cell vector modules (Ang)   :    5.574804    2.869337    7.866188
outcell: Cell angles (23,13,12) (deg):     90.0000     98.9691     90.0000
outcell: Cell volume (Ang**3)        :    124.2889
<dSpData1D:S at geom step 24
  <sparsity:sparsity for geom step 24
    nrows_g=182 nrows=7 sparsity=1.2571 nnzs=41641, refcount: 7>
  <dData1D:(new from dSpData1D) n=41641, refcount: 1>
refcount: 1>
new_DM -- step:    25
Re-using DM from previous geometries...
Number of DMs in history: 1
 DM extrapolation coefficients: 
1   1.00000
New DM after history re-use:
<dSpData2D:SpM extrapolated using coords
  <sparsity:sparsity for geom step 24
    nrows_g=182 nrows=7 sparsity=1.2571 nnzs=41641, refcount: 9>
  <dData2D:(temp array for extrapolation) n=41641 m=2, refcount: 1>
refcount: 1>
Note: For starting DM, Qtot, Tr[D*S] =        108.00000000        107.82105661
No. of atoms with KB's overlaping orbs in proc 0. Max # of overlaps:     135    1244

InitMesh: MESH = 60 x 30 x 90 = 162000
InitMesh: Mesh cutoff (required, used) =   300.000   302.121 Ry
New grid distribution [1]: sub = 2
New grid distribution [2]: sub = 2
New grid distribution [3]: sub = 2
Setting up quadratic distribution...

        iscf     Eharris(eV)        E_KS(eV)     FreeEng(eV)     dDmax    Ef(eV) dHmax(eV)
   scf:    1   -18357.119785   -18364.498803   -18364.508943  0.572516 -5.961058  7.113006
     spin moment: {S} , |S| = {        0.0        0.0    0.00017 }     0.00017
   scf:    2   -17292.007669   -18019.141522   -18019.150729  2.091788 -8.936344 85.403731
     spin moment: {S} , |S| = {        0.0        0.0   -0.01099 }    -0.01099
   scf:    3   -18394.877061   -18367.399640   -18367.407756  2.068635 -6.194138  0.629618
     spin moment: {S} , |S| = {        0.0        0.0   -0.00048 }    -0.00048
   scf:    4   -18367.445138   -18367.431278   -18367.439307  0.031570 -6.179088  0.239306
     spin moment: {S} , |S| = {        0.0        0.0    0.00121 }     0.00121
   scf:    5   -18367.438011   -18367.436255   -18367.444241  0.014563 -6.184569  0.218338
     spin moment: {S} , |S| = {        0.0        0.0   -0.00121 }    -0.00121
   scf:    6   -18367.438621   -18367.437562   -18367.445523  0.008007 -6.187069  0.189899
     spin moment: {S} , |S| = {        0.0        0.0    0.00004 }     0.00004
   scf:    7   -18367.440778   -18367.439679   -18367.447565  0.021753 -6.192934  0.053526
     spin moment: {S} , |S| = {        0.0        0.0    0.00013 }     0.00013
   scf:    8   -18367.440152   -18367.439956   -18367.447852  0.010723 -6.193111  0.025790
     spin moment: {S} , |S| = {        0.0        0.0    0.00015 }     0.00015
   scf:    9   -18367.440002   -18367.439989   -18367.447888  0.001321 -6.194138  0.019530
     spin moment: {S} , |S| = {        0.0        0.0    0.00016 }     0.00016
   scf:   10   -18367.440114   -18367.440051   -18367.447964  0.003358 -6.194120  0.006841
     spin moment: {S} , |S| = {        0.0        0.0    0.00024 }     0.00024
   scf:   11   -18367.440068   -18367.440060   -18367.447973  0.000510 -6.194133  0.005966
     spin moment: {S} , |S| = {        0.0        0.0    0.00025 }     0.00025
   scf:   12   -18367.440106   -18367.440081   -18367.448000  0.002156 -6.193859  0.004513
     spin moment: {S} , |S| = {        0.0        0.0    0.00029 }     0.00029
   scf:   13   -18367.440142   -18367.440102   -18367.448029  0.004539 -6.193299  0.001597
     spin moment: {S} , |S| = {        0.0        0.0    0.00036 }     0.00036
   scf:   14   -18367.440103   -18367.440102   -18367.448031  0.000792 -6.193207  0.001214
     spin moment: {S} , |S| = {        0.0        0.0    0.00037 }     0.00037
   scf:   15   -18367.440103   -18367.440102   -18367.448032  0.000551 -6.193135  0.000848
     spin moment: {S} , |S| = {        0.0        0.0    0.00038 }     0.00038
   scf:   16   -18367.440102   -18367.440102   -18367.448033  0.000484 -6.193072  0.000674
     spin moment: {S} , |S| = {        0.0        0.0    0.00038 }     0.00038

SCF Convergence by DM criterion
max |DM_out - DM_in|         :     0.0004842438
max |H_out - H_in|      (eV) :     0.0006736783
SCF cycle converged after 16 iterations

Using DM_out to compute the final energy and forces
No. of atoms with KB's overlaping orbs in proc 0. Max # of overlaps:     135    1244

siesta: E_KS(eV) =           -18367.4401

siesta: Atomic forces (eV/Ang):
     1   -0.087716    0.000001   -0.130107
     2    0.219713    0.000001   -0.190044
     3   -0.216884   -0.000001    0.189949
     4    0.086671   -0.000000    0.133039
     5   -0.135199    0.000001   -0.046359
     6    0.138617   -0.000001    0.046058
     7    0.141554    0.000000    0.023689
     8   -0.146074   -0.000002   -0.026541
----------------------------------------
   Tot    0.000684   -0.000002   -0.000316
----------------------------------------
   Max    0.219713
   Res    0.112129    sqrt( Sum f_i^2 / 3N )
----------------------------------------
   Max    0.219713    constrained

Stress tensor Voigt[x,y,z,yz,xz,xy] (kbar):       14.10       11.63        2.83        0.00       -2.06        0.00
(Free)E + p*V (eV/cell)   -18368.1865
Target enthalpy (eV/cell)   -18367.4480

siesta: Stress tensor (static) (eV/Ang**3):
         0.008799    0.000000   -0.001286
         0.000000    0.007260    0.000000
        -0.001287    0.000000    0.001765

siesta: Pressure (static):         -9.51896960  kBar

siesta: Stress tensor (total) (eV/Ang**3):
         0.008799    0.000000   -0.001286
         0.000000    0.007260    0.000000
        -0.001287    0.000000    0.001765

siesta: Pressure (total):         -9.51896960  kBar

                     ====================================
                        Begin CG opt. move =     25
                     ====================================
k-point displ. along   2 input, could be:     0.00    0.50
k-point displ. along   3 input, could be:     0.00    0.50
 Kpoints in:           24 . Kpoints trimmed:           23

siesta: k-grid: Number of k-points = 23
siesta: k-points from Monkhorst-Pack grid
siesta: k-cutoff (effective) =     7.856 Ang
siesta: k-point supercell and displacements
siesta: k-grid:     3     0     0      0.000
siesta: k-grid:     0     6     0      0.000
siesta: k-grid:     0     0     2      0.000

superc: Internal auxiliary supercell:     7 x    11 x     5  =     385
superc: Number of atoms, orbitals, and projectors:   3080  70070  55440

outcell: Unit cell vectors (Ang):
        5.549578    0.000000   -0.421316
        0.000000    2.866122    0.000000
       -0.595831    0.000000    7.833227

outcell: Cell vector modules (Ang)   :    5.565548    2.866122    7.855855
outcell: Cell angles (23,13,12) (deg):     90.0000     98.6913     90.0000
outcell: Cell volume (Ang**3)        :    123.8740
<dSpData1D:S at geom step 25
  <sparsity:sparsity for geom step 25
    nrows_g=182 nrows=7 sparsity=1.2610 nnzs=41769, refcount: 7>
  <dData1D:(new from dSpData1D) n=41769, refcount: 1>
refcount: 1>
new_DM -- step:    26
Re-using DM from previous geometries...
Number of DMs in history: 1
 DM extrapolation coefficients: 
1   1.00000
New DM after history re-use:
<dSpData2D:SpM extrapolated using coords
  <sparsity:sparsity for geom step 25
    nrows_g=182 nrows=7 sparsity=1.2610 nnzs=41769, refcount: 9>
  <dData2D:(temp array for extrapolation) n=41769 m=2, refcount: 1>
refcount: 1>
No. of atoms with KB's overlaping orbs in proc 0. Max # of overlaps:     135    1244

InitMesh: MESH = 60 x 30 x 90 = 162000
InitMesh: Mesh cutoff (required, used) =   300.000   302.800 Ry
New grid distribution [1]: sub = 2
New grid distribution [2]: sub = 2
New grid distribution [3]: sub = 2
Setting up quadratic distribution...

        iscf     Eharris(eV)        E_KS(eV)     FreeEng(eV)     dDmax    Ef(eV) dHmax(eV)
   scf:    1   -18367.345503   -18367.319726   -18367.327682  0.608971 -6.245253  1.455716
     spin moment: {S} , |S| = {        0.0        0.0    0.00020 }     0.00020
   scf:    2   -18321.764134   -18352.614648   -18352.626562  0.866115 -5.667708 17.029648
     spin moment: {S} , |S| = {        0.0        0.0    0.00118 }     0.00118
   scf:    3   -18368.618322   -18367.439909   -18367.447734  0.820472 -6.197687  0.140017
     spin moment: {S} , |S| = {        0.0        0.0    0.00024 }     0.00024
   scf:    4   -18367.441669   -18367.441278   -18367.449123  0.006879 -6.197990  0.048917
     spin moment: {S} , |S| = {        0.0        0.0    0.00034 }     0.00034
   scf:    5   -18367.441386   -18367.441351   -18367.449207  0.002039 -6.198527  0.036982
     spin moment: {S} , |S| = {        0.0        0.0    0.00023 }     0.00023
   scf:    6   -18367.441456   -18367.441417   -18367.449292  0.003580 -6.197728  0.023476
     spin moment: {S} , |S| = {        0.0        0.0    0.00038 }     0.00038
   scf:    7   -18367.441446   -18367.441439   -18367.449321  0.001834 -6.196738  0.011054
     spin moment: {S} , |S| = {        0.0        0.0    0.00029 }     0.00029
   scf:    8   -18367.441455   -18367.441448   -18367.449329  0.001364 -6.196513  0.004310
     spin moment: {S} , |S| = {        0.0        0.0    0.00029 }     0.00029
   scf:    9   -18367.441452   -18367.441450   -18367.449331  0.000515 -6.196423  0.003280
     spin moment: {S} , |S| = {        0.0        0.0    0.00028 }     0.00028
   scf:   10   -18367.441453   -18367.441451   -18367.449331  0.000234 -6.196455  0.001682
     spin moment: {S} , |S| = {        0.0        0.0    0.00028 }     0.00028

SCF Convergence by DM criterion
max |DM_out - DM_in|         :     0.0002337694
max |H_out - H_in|      (eV) :     0.0016823844
SCF cycle converged after 10 iterations

Using DM_out to compute the final energy and forces
No. of atoms with KB's overlaping orbs in proc 0. Max # of overlaps:     135    1244

siesta: E_KS(eV) =           -18367.4415

siesta: Atomic forces (eV/Ang):
     1   -0.055268    0.000001   -0.107122
     2    0.206988    0.000000   -0.138644
     3   -0.205158   -0.000000    0.138890
     4    0.054216   -0.000001    0.108613
     5   -0.097334    0.000001   -0.037409
     6    0.099613   -0.000001    0.036606
     7    0.127545    0.000002    0.079508
     8   -0.129776   -0.000002   -0.081101
----------------------------------------
   Tot    0.000827   -0.000001   -0.000659
----------------------------------------
   Max    0.206988
   Res    0.095929    sqrt( Sum f_i^2 / 3N )
----------------------------------------
   Max    0.206988    constrained

Stress tensor Voigt[x,y,z,yz,xz,xy] (kbar):       10.67        7.26        1.13        0.00       -0.38        0.00
(Free)E + p*V (eV/cell)   -18367.9407
Target enthalpy (eV/cell)   -18367.4493

siesta: Stress tensor (static) (eV/Ang**3):
         0.006662    0.000000   -0.000240
         0.000000    0.004533    0.000000
        -0.000238    0.000000    0.000706

siesta: Pressure (static):         -6.35594885  kBar

siesta: Stress tensor (total) (eV/Ang**3):
         0.006662    0.000000   -0.000240
         0.000000    0.004533    0.000000
        -0.000238    0.000000    0.000706

siesta: Pressure (total):         -6.35594885  kBar

cgvc: Finished line minimization    8.  Mean atomic displacement =    0.0956

                     ====================================
                        Begin CG opt. move =     26
                     ====================================
k-point displ. along   2 input, could be:     0.00    0.50
k-point displ. along   3 input, could be:     0.00    0.50
 Kpoints in:           24 . Kpoints trimmed:           23

siesta: k-grid: Number of k-points = 23
siesta: k-points from Monkhorst-Pack grid
siesta: k-cutoff (effective) =     7.888 Ang
siesta: k-point supercell and displacements
siesta: k-grid:     3     0     0      0.000
siesta: k-grid:     0     6     0      0.000
siesta: k-grid:     0     0     2      0.000

superc: Internal auxiliary supercell:     7 x    11 x     5  =     385
superc: Number of atoms, orbitals, and projectors:   3080  70070  55440

outcell: Unit cell vectors (Ang):
        5.553521    0.000000   -0.469017
        0.000000    2.868933    0.000000
       -0.663290    0.000000    7.860009

outcell: Cell vector modules (Ang)   :    5.573291    2.868933    7.887946
outcell: Cell angles (23,13,12) (deg):     90.0000     99.6511     90.0000
outcell: Cell volume (Ang**3)        :    124.3385
<dSpData1D:S at geom step 26
  <sparsity:sparsity for geom step 26
    nrows_g=182 nrows=7 sparsity=1.2191 nnzs=40383, refcount: 7>
  <dData1D:(new from dSpData1D) n=40383, refcount: 1>
refcount: 1>
new_DM -- step:    27
Re-using DM from previous geometries...
Number of DMs in history: 1
 DM extrapolation coefficients: 
1   1.00000
New DM after history re-use:
<dSpData2D:SpM extrapolated using coords
  <sparsity:sparsity for geom step 26
    nrows_g=182 nrows=7 sparsity=1.2191 nnzs=40383, refcount: 9>
  <dData2D:(temp array for extrapolation) n=40383 m=2, refcount: 1>
refcount: 1>
Note: For starting DM, Qtot, Tr[D*S] =        108.00000000        107.88313170
No. of atoms with KB's overlaping orbs in proc 0. Max # of overlaps:     130    1225

InitMesh: MESH = 60 x 30 x 90 = 162000
InitMesh: Mesh cutoff (required, used) =   300.000   302.206 Ry
New grid distribution [1]: sub = 2
New grid distribution [2]: sub = 2
New grid distribution [3]: sub = 2
Setting up quadratic distribution...

        iscf     Eharris(eV)        E_KS(eV)     FreeEng(eV)     dDmax    Ef(eV) dHmax(eV)
   scf:    1   -18359.079775   -18365.202340   -18365.211312  0.417640 -6.018926  6.037070
     spin moment: {S} , |S| = {        0.0        0.0    0.00047 }     0.00047
   scf:    2   -17454.332892   -18071.016815   -18071.023886  2.157507 -8.685985 78.414056
     spin moment: {S} , |S| = {        0.0        0.0   -0.00476 }    -0.00476
   scf:    3   -18388.301562   -18367.438507   -18367.445865  2.052153 -6.209623  0.602113
     spin moment: {S} , |S| = {        0.0        0.0   -0.00007 }    -0.00007
   scf:    4   -18367.477708   -18367.466950   -18367.474152  0.043663 -6.213866  0.207874
     spin moment: {S} , |S| = {        0.0        0.0    0.00048 }     0.00048
   scf:    5   -18367.473925   -18367.472262   -18367.479393  0.016882 -6.206411  0.145535
     spin moment: {S} , |S| = {        0.0        0.0   -0.00037 }    -0.00037
   scf:    6   -18367.475211   -18367.473917   -18367.481024  0.008816 -6.208005  0.131146
     spin moment: {S} , |S| = {        0.0        0.0    0.00055 }     0.00055
   scf:    7   -18367.476028   -18367.475310   -18367.482398  0.013322 -6.214277  0.037364
     spin moment: {S} , |S| = {        0.0        0.0    0.00009 }     0.00009
   scf:    8   -18367.475508   -18367.475464   -18367.482507  0.005751 -6.218777  0.033414
     spin moment: {S} , |S| = {        0.0        0.0    0.00010 }     0.00010
   scf:    9   -18367.475531   -18367.475521   -18367.482557  0.001042 -6.218026  0.008117
     spin moment: {S} , |S| = {        0.0        0.0    0.00008 }     0.00008
   scf:   10   -18367.475605   -18367.475563   -18367.482580  0.001465 -6.219019  0.004370
     spin moment: {S} , |S| = {        0.0        0.0    0.00007 }     0.00007
   scf:   11   -18367.475577   -18367.475570   -18367.482583  0.000322 -6.219199  0.003980
     spin moment: {S} , |S| = {        0.0        0.0    0.00007 }     0.00007

SCF Convergence by DM criterion
max |DM_out - DM_in|         :     0.0003219446
max |H_out - H_in|      (eV) :     0.0039803387
SCF cycle converged after 11 iterations

Using DM_out to compute the final energy and forces
No. of atoms with KB's overlaping orbs in proc 0. Max # of overlaps:     130    1225

siesta: E_KS(eV) =           -18367.4756

siesta: Atomic forces (eV/Ang):
     1    0.060102   -0.000000   -0.113455
     2    0.023725   -0.000001   -0.063830
     3   -0.021624    0.000000    0.064364
     4   -0.059245    0.000001    0.117382
     5   -0.088973    0.000000   -0.171963
     6    0.091058    0.000000    0.172201
     7   -0.033826   -0.000001   -0.017493
     8    0.029313    0.000001    0.011971
----------------------------------------
   Tot    0.000531    0.000001   -0.000822
----------------------------------------
   Max    0.172201
   Res    0.070977    sqrt( Sum f_i^2 / 3N )
----------------------------------------
   Max    0.172201    constrained

Stress tensor Voigt[x,y,z,yz,xz,xy] (kbar):       16.27       13.21        0.68        0.00       -1.60        0.00
(Free)E + p*V (eV/cell)   -18368.2626
Target enthalpy (eV/cell)   -18367.4826

siesta: Stress tensor (static) (eV/Ang**3):
         0.010153    0.000000   -0.000992
         0.000000    0.008245    0.000000
        -0.001000    0.000000    0.000422

siesta: Pressure (static):        -10.05112067  kBar

siesta: Stress tensor (total) (eV/Ang**3):
         0.010153    0.000000   -0.000992
         0.000000    0.008245    0.000000
        -0.001000    0.000000    0.000422

siesta: Pressure (total):        -10.05112067  kBar

                     ====================================
                        Begin CG opt. move =     27
                     ====================================
k-point displ. along   2 input, could be:     0.00    0.50
k-point displ. along   3 input, could be:     0.00    0.50
 Kpoints in:           24 . Kpoints trimmed:           23

siesta: k-grid: Number of k-points = 23
siesta: k-points from Monkhorst-Pack grid
siesta: k-cutoff (effective) =     7.936 Ang
siesta: k-point supercell and displacements
siesta: k-grid:     3     0     0      0.000
siesta: k-grid:     0     6     0      0.000
siesta: k-grid:     0     0     2      0.000

superc: Internal auxiliary supercell:     7 x    11 x     5  =     385
superc: Number of atoms, orbitals, and projectors:   3080  70070  55440

outcell: Unit cell vectors (Ang):
        5.559313    0.000000   -0.539097
        0.000000    2.873064    0.000000
       -0.762399    0.000000    7.899355

outcell: Cell vector modules (Ang)   :    5.585391    2.873064    7.936061
outcell: Cell angles (23,13,12) (deg):     90.0000    101.0515     90.0000
outcell: Cell volume (Ang**3)        :    124.9897
<dSpData1D:S at geom step 27
  <sparsity:sparsity for geom step 27
    nrows_g=182 nrows=7 sparsity=1.2228 nnzs=40503, refcount: 7>
  <dData1D:(new from dSpData1D) n=40503, refcount: 1>
refcount: 1>
new_DM -- step:    28
Re-using DM from previous geometries...
Number of DMs in history: 1
 DM extrapolation coefficients: 
1   1.00000
New DM after history re-use:
<dSpData2D:SpM extrapolated using coords
  <sparsity:sparsity for geom step 27
    nrows_g=182 nrows=7 sparsity=1.2228 nnzs=40503, refcount: 9>
  <dData2D:(temp array for extrapolation) n=40503 m=2, refcount: 1>
refcount: 1>
Note: For starting DM, Qtot, Tr[D*S] =        108.00000000        107.85454731
No. of atoms with KB's overlaping orbs in proc 0. Max # of overlaps:     130    1220

InitMesh: MESH = 60 x 30 x 90 = 162000
InitMesh: Mesh cutoff (required, used) =   300.000   301.338 Ry
New grid distribution [1]: sub = 2
New grid distribution [2]: sub = 2
New grid distribution [3]: sub = 2
Setting up quadratic distribution...

        iscf     Eharris(eV)        E_KS(eV)     FreeEng(eV)     dDmax    Ef(eV) dHmax(eV)
   scf:    1   -18354.818805   -18363.947971   -18363.958161  0.623424 -5.981267  7.666957
     spin moment: {S} , |S| = {        0.0        0.0    0.00030 }     0.00030
   scf:    2   -17153.204734   -17974.779072   -17974.788573  3.083116 -9.087981 91.428094
     spin moment: {S} , |S| = {        0.0        0.0   -0.00380 }    -0.00380
   scf:    3   -18402.054424   -18367.391241   -18367.399132  2.953448 -6.269561  0.893539
     spin moment: {S} , |S| = {        0.0        0.0   -0.00027 }    -0.00027
   scf:    4   -18367.340359   -18367.422937   -18367.430719  0.054096 -6.212409  0.831550
     spin moment: {S} , |S| = {        0.0        0.0    0.00071 }     0.00071
   scf:    5   -18367.464941   -18367.460834   -18367.468588  0.046314 -6.240182  0.227855
     spin moment: {S} , |S| = {        0.0        0.0   -0.00035 }    -0.00035
   scf:    6   -18367.465340   -18367.463731   -18367.471487  0.019297 -6.246676  0.204622
     spin moment: {S} , |S| = {        0.0        0.0    0.00096 }     0.00096
   scf:    7   -18367.469104   -18367.467177   -18367.474962  0.023336 -6.249047  0.071841
     spin moment: {S} , |S| = {        0.0        0.0    0.00009 }     0.00009
   scf:    8   -18367.467027   -18367.467471   -18367.475258  0.005863 -6.247108  0.063010
     spin moment: {S} , |S| = {        0.0        0.0    0.00008 }     0.00008
   scf:    9   -18367.467835   -18367.467710   -18367.475486  0.004246 -6.250950  0.010055
     spin moment: {S} , |S| = {        0.0        0.0    0.00012 }     0.00012
   scf:   10   -18367.467745   -18367.467728   -18367.475522  0.001987 -6.251859  0.007839
     spin moment: {S} , |S| = {        0.0        0.0    0.00011 }     0.00011
   scf:   11   -18367.467731   -18367.467730   -18367.475529  0.000471 -6.252224  0.004723
     spin moment: {S} , |S| = {        0.0        0.0    0.00012 }     0.00012

SCF Convergence by DM criterion
max |DM_out - DM_in|         :     0.0004710637
max |H_out - H_in|      (eV) :     0.0047230630
SCF cycle converged after 11 iterations

Using DM_out to compute the final energy and forces
No. of atoms with KB's overlaping orbs in proc 0. Max # of overlaps:     130    1220

siesta: E_KS(eV) =           -18367.4677

siesta: Atomic forces (eV/Ang):
     1    0.183904   -0.000001   -0.073679
     2   -0.206479   -0.000002    0.121781
     3    0.209365    0.000001   -0.124029
     4   -0.181959    0.000002    0.080284
     5   -0.084833   -0.000003   -0.365151
     6    0.086869    0.000003    0.367711
     7   -0.263108   -0.000005   -0.149948
     8    0.255662    0.000007    0.142204
----------------------------------------
   Tot   -0.000579    0.000001   -0.000826
----------------------------------------
   Max    0.367711
   Res    0.165337    sqrt( Sum f_i^2 / 3N )
----------------------------------------
   Max    0.367711    constrained

Stress tensor Voigt[x,y,z,yz,xz,xy] (kbar):       20.71       18.77        0.78       -0.00       -5.84       -0.00
(Free)E + p*V (eV/cell)   -18368.5224
Target enthalpy (eV/cell)   -18367.4755

siesta: Stress tensor (static) (eV/Ang**3):
         0.012924   -0.000000   -0.003627
        -0.000000    0.011716   -0.000000
        -0.003647   -0.000000    0.000488

siesta: Pressure (static):        -13.41973791  kBar

siesta: Stress tensor (total) (eV/Ang**3):
         0.012924   -0.000000   -0.003627
        -0.000000    0.011716   -0.000000
        -0.003647   -0.000000    0.000488

siesta: Pressure (total):        -13.41973791  kBar

                     ====================================
                        Begin CG opt. move =     28
                     ====================================
k-point displ. along   2 input, could be:     0.00    0.50
k-point displ. along   3 input, could be:     0.00    0.50
 Kpoints in:           24 . Kpoints trimmed:           23

siesta: k-grid: Number of k-points = 23
siesta: k-points from Monkhorst-Pack grid
siesta: k-cutoff (effective) =     7.906 Ang
siesta: k-point supercell and displacements
siesta: k-grid:     3     0     0      0.000
siesta: k-grid:     0     6     0      0.000
siesta: k-grid:     0     0     2      0.000

superc: Internal auxiliary supercell:     7 x    11 x     5  =     385
superc: Number of atoms, orbitals, and projectors:   3080  70070  55440

outcell: Unit cell vectors (Ang):
        5.555737    0.000000   -0.495827
        0.000000    2.870514    0.000000
       -0.701206    0.000000    7.875061

outcell: Cell vector modules (Ang)   :    5.577818    2.870514    7.906218
outcell: Cell angles (23,13,12) (deg):     90.0000    100.1882     90.0000
outcell: Cell volume (Ang**3)        :    124.5920
<dSpData1D:S at geom step 28
  <sparsity:sparsity for geom step 28
    nrows_g=182 nrows=7 sparsity=1.2227 nnzs=40502, refcount: 7>
  <dData1D:(new from dSpData1D) n=40502, refcount: 1>
refcount: 1>
new_DM -- step:    29
Re-using DM from previous geometries...
Number of DMs in history: 1
 DM extrapolation coefficients: 
1   1.00000
New DM after history re-use:
<dSpData2D:SpM extrapolated using coords
  <sparsity:sparsity for geom step 28
    nrows_g=182 nrows=7 sparsity=1.2227 nnzs=40502, refcount: 9>
  <dData2D:(temp array for extrapolation) n=40502 m=2, refcount: 1>
refcount: 1>
No. of atoms with KB's overlaping orbs in proc 0. Max # of overlaps:     130    1217

InitMesh: MESH = 60 x 30 x 90 = 162000
InitMesh: Mesh cutoff (required, used) =   300.000   301.874 Ry
New grid distribution [1]: sub = 2
New grid distribution [2]: sub = 2
New grid distribution [3]: sub = 2
Setting up quadratic distribution...

        iscf     Eharris(eV)        E_KS(eV)     FreeEng(eV)     dDmax    Ef(eV) dHmax(eV)
   scf:    1   -18366.803148   -18367.083436   -18367.089717  0.398352 -6.332201  2.615471
     spin moment: {S} , |S| = {        0.0        0.0   -0.00009 }    -0.00009
   scf:    2   -18219.025189   -18319.311376   -18319.323504  2.020832 -5.250071 30.873103
     spin moment: {S} , |S| = {        0.0        0.0   -0.00002 }    -0.00002
   scf:    3   -18371.408747   -18367.471713   -18367.478321  1.930165 -6.238961  0.204358
     spin moment: {S} , |S| = {        0.0        0.0   -0.00003 }    -0.00003
   scf:    4   -18367.481448   -18367.479570   -18367.486156  0.046446 -6.246648  0.114167
     spin moment: {S} , |S| = {        0.0        0.0   -0.00005 }    -0.00005
   scf:    5   -18367.480560   -18367.480119   -18367.486706  0.001757 -6.244624  0.086988
     spin moment: {S} , |S| = {        0.0        0.0   -0.00005 }    -0.00005
   scf:    6   -18367.482344   -18367.481599   -18367.488178  0.016437 -6.240319  0.020907
     spin moment: {S} , |S| = {        0.0        0.0   -0.00005 }    -0.00005
   scf:    7   -18367.481655   -18367.481631   -18367.488220  0.001577 -6.239204  0.014712
     spin moment: {S} , |S| = {        0.0        0.0   -0.00006 }    -0.00006
   scf:    8   -18367.481661   -18367.481647   -18367.488249  0.001909 -6.238204  0.007534
     spin moment: {S} , |S| = {        0.0        0.0   -0.00004 }    -0.00004
   scf:    9   -18367.481655   -18367.481651   -18367.488253  0.000321 -6.238052  0.006654
     spin moment: {S} , |S| = {        0.0        0.0   -0.00006 }    -0.00006

SCF Convergence by DM criterion
max |DM_out - DM_in|         :     0.0003205942
max |H_out - H_in|      (eV) :     0.0066536080
SCF cycle converged after 9 iterations

Using DM_out to compute the final energy and forces
No. of atoms with KB's overlaping orbs in proc 0. Max # of overlaps:     130    1217

siesta: E_KS(eV) =           -18367.4817

siesta: Atomic forces (eV/Ang):
     1    0.106392   -0.000001   -0.121247
     2   -0.065395   -0.000001   -0.010836
     3    0.067092    0.000001    0.011407
     4   -0.104698    0.000001    0.126211
     5   -0.084844   -0.000001   -0.246013
     6    0.086730    0.000001    0.247016
     7   -0.121036   -0.000004   -0.078616
     8    0.115675    0.000002    0.071340
----------------------------------------
   Tot   -0.000085   -0.000002   -0.000738
----------------------------------------
   Max    0.247016
   Res    0.099477    sqrt( Sum f_i^2 / 3N )
----------------------------------------
   Max    0.247016    constrained

Stress tensor Voigt[x,y,z,yz,xz,xy] (kbar):       19.66       16.01        0.51        0.00       -2.95       -0.00
(Free)E + p*V (eV/cell)   -18368.4262
Target enthalpy (eV/cell)   -18367.4883

siesta: Stress tensor (static) (eV/Ang**3):
         0.012273   -0.000000   -0.001868
        -0.000000    0.009994    0.000000
        -0.001841    0.000000    0.000318

siesta: Pressure (static):        -12.06192813  kBar

siesta: Stress tensor (total) (eV/Ang**3):
         0.012273   -0.000000   -0.001868
        -0.000000    0.009994    0.000000
        -0.001841    0.000000    0.000318

siesta: Pressure (total):        -12.06192813  kBar

cgvc: Finished line minimization    9.  Mean atomic displacement =    0.1493

                     ====================================
                        Begin CG opt. move =     29
                     ====================================
k-point displ. along   2 input, could be:     0.00    0.50
k-point displ. along   3 input, could be:     0.00    0.50
 Kpoints in:           24 . Kpoints trimmed:           23

siesta: k-grid: Number of k-points = 23
siesta: k-points from Monkhorst-Pack grid
siesta: k-cutoff (effective) =     7.948 Ang
siesta: k-point supercell and displacements
siesta: k-grid:     3     0     0      0.000
siesta: k-grid:     0     6     0      0.000
siesta: k-grid:     0     0     2      0.000

superc: Internal auxiliary supercell:     7 x    11 x     5  =     385
superc: Number of atoms, orbitals, and projectors:   3080  70070  55440

outcell: Unit cell vectors (Ang):
        5.510408    0.000000   -0.552538
        0.000000    2.853684    0.000000
       -0.781407    0.000000    7.909342

outcell: Cell vector modules (Ang)   :    5.538040    2.853684    7.947848
outcell: Cell angles (23,13,12) (deg):     90.0000    101.3683     90.0000
outcell: Cell volume (Ang**3)        :    123.1420
<dSpData1D:S at geom step 29
  <sparsity:sparsity for geom step 29
    nrows_g=182 nrows=7 sparsity=1.2315 nnzs=40793, refcount: 7>
  <dData1D:(new from dSpData1D) n=40793, refcount: 1>
refcount: 1>
new_DM -- step:    30
Re-using DM from previous geometries...
Number of DMs in history: 1
 DM extrapolation coefficients: 
1   1.00000
New DM after history re-use:
<dSpData2D:SpM extrapolated using coords
  <sparsity:sparsity for geom step 29
    nrows_g=182 nrows=7 sparsity=1.2315 nnzs=40793, refcount: 9>
  <dData2D:(temp array for extrapolation) n=40793 m=2, refcount: 1>
refcount: 1>
No. of atoms with KB's overlaping orbs in proc 0. Max # of overlaps:     130    1218

InitMesh: MESH = 60 x 30 x 90 = 162000
InitMesh: Mesh cutoff (required, used) =   300.000   305.445 Ry
New grid distribution [1]: sub = 2
New grid distribution [2]: sub = 2
New grid distribution [3]: sub = 2
Setting up quadratic distribution...

        iscf     Eharris(eV)        E_KS(eV)     FreeEng(eV)     dDmax    Ef(eV) dHmax(eV)
   scf:    1   -18365.461785   -18367.227966   -18367.235387  0.642213 -6.254639  1.270358
     spin moment: {S} , |S| = {        0.0        0.0    0.00021 }     0.00021
   scf:    2   -18310.001500   -18348.854546   -18348.861726  1.409712 -6.791803 17.932810
     spin moment: {S} , |S| = {        0.0        0.0   -0.00524 }    -0.00524
   scf:    3   -18368.884325   -18367.465382   -18367.472379  1.297984 -6.298927  0.295918
     spin moment: {S} , |S| = {        0.0        0.0    0.00021 }     0.00021
   scf:    4   -18367.510012   -18367.493841   -18367.500906  0.079362 -6.292230  0.160578
     spin moment: {S} , |S| = {        0.0        0.0    0.00015 }     0.00015
   scf:    5   -18367.506718   -18367.501709   -18367.508899  0.037504 -6.293952  0.095185
     spin moment: {S} , |S| = {        0.0        0.0    0.00017 }     0.00017
   scf:    6   -18367.502761   -18367.502467   -18367.509709  0.015004 -6.295283  0.032182
     spin moment: {S} , |S| = {        0.0        0.0    0.00017 }     0.00017
   scf:    7   -18367.502538   -18367.502506   -18367.509752  0.000794 -6.295524  0.020553
     spin moment: {S} , |S| = {        0.0        0.0    0.00017 }     0.00017
   scf:    8   -18367.502794   -18367.502660   -18367.509993  0.004118 -6.296647  0.013316
     spin moment: {S} , |S| = {        0.0        0.0    0.00018 }     0.00018
   scf:    9   -18367.502707   -18367.502683   -18367.510042  0.000779 -6.296801  0.012495
     spin moment: {S} , |S| = {        0.0        0.0    0.00018 }     0.00018
   scf:   10   -18367.502867   -18367.502732   -18367.510271  0.005227 -6.297464  0.009384
     spin moment: {S} , |S| = {        0.0        0.0    0.00018 }     0.00018
   scf:   11   -18367.502716   -18367.502721   -18367.510306  0.001513 -6.297586  0.007783
     spin moment: {S} , |S| = {        0.0        0.0    0.00018 }     0.00018
   scf:   12   -18367.502665   -18367.502683   -18367.510365  0.004191 -6.297590  0.005088
     spin moment: {S} , |S| = {        0.0        0.0    0.00020 }     0.00020
   scf:   13   -18367.502564   -18367.502611   -18367.510404  0.004742 -6.297458  0.003339
     spin moment: {S} , |S| = {        0.0        0.0    0.00021 }     0.00021
   scf:   14   -18367.502575   -18367.502593   -18367.510409  0.001069 -6.297415  0.002677
     spin moment: {S} , |S| = {        0.0        0.0    0.00022 }     0.00022
   scf:   15   -18367.502567   -18367.502580   -18367.510412  0.000767 -6.297364  0.002414
     spin moment: {S} , |S| = {        0.0        0.0    0.00022 }     0.00022
   scf:   16   -18367.502550   -18367.502565   -18367.510415  0.001001 -6.297292  0.001961
     spin moment: {S} , |S| = {        0.0        0.0    0.00022 }     0.00022
   scf:   17   -18367.502531   -18367.502547   -18367.510417  0.001135 -6.297210  0.001254
     spin moment: {S} , |S| = {        0.0        0.0    0.00022 }     0.00022
   scf:   18   -18367.502527   -18367.502537   -18367.510418  0.000620 -6.297169  0.000876
     spin moment: {S} , |S| = {        0.0        0.0    0.00023 }     0.00023
   scf:   19   -18367.502529   -18367.502533   -18367.510419  0.000255 -6.297153  0.000705
     spin moment: {S} , |S| = {        0.0        0.0    0.00023 }     0.00023

SCF Convergence by DM criterion
max |DM_out - DM_in|         :     0.0002551048
max |H_out - H_in|      (eV) :     0.0007048086
SCF cycle converged after 19 iterations

Using DM_out to compute the final energy and forces
No. of atoms with KB's overlaping orbs in proc 0. Max # of overlaps:     130    1218

siesta: E_KS(eV) =           -18367.5025

siesta: Atomic forces (eV/Ang):
     1    0.082936   -0.000001    0.245496
     2   -0.056792   -0.000002    0.266846
     3    0.061086   -0.000001   -0.267275
     4   -0.084036    0.000001   -0.247253
     5   -0.106304   -0.000001    0.132771
     6    0.098487    0.000001   -0.134099
     7    0.043603    0.000000    0.087288
     8   -0.039202    0.000003   -0.082225
----------------------------------------
   Tot   -0.000223    0.000001    0.001548
----------------------------------------
   Max    0.267275
   Res    0.122367    sqrt( Sum f_i^2 / 3N )
----------------------------------------
   Max    0.267275    constrained

Stress tensor Voigt[x,y,z,yz,xz,xy] (kbar):        4.78       11.28       -1.59        0.00       -0.83        0.00
(Free)E + p*V (eV/cell)   -18367.8811
Target enthalpy (eV/cell)   -18367.5104

siesta: Stress tensor (static) (eV/Ang**3):
         0.002984    0.000000   -0.000527
         0.000000    0.007041    0.000000
        -0.000518    0.000000   -0.000995

siesta: Pressure (static):         -4.82277086  kBar

siesta: Stress tensor (total) (eV/Ang**3):
         0.002984    0.000000   -0.000527
         0.000000    0.007041    0.000000
        -0.000518    0.000000   -0.000995

siesta: Pressure (total):         -4.82277086  kBar

                     ====================================
                        Begin CG opt. move =     30
                     ====================================
k-point displ. along   2 input, could be:     0.00    0.50
k-point displ. along   3 input, could be:     0.00    0.50
 Kpoints in:           24 . Kpoints trimmed:           23

siesta: k-grid: Number of k-points = 23
siesta: k-points from Monkhorst-Pack grid
siesta: k-cutoff (effective) =     7.934 Ang
siesta: k-point supercell and displacements
siesta: k-grid:     3     0     0      0.000
siesta: k-grid:     0     6     0      0.000
siesta: k-grid:     0     0     2      0.000

superc: Internal auxiliary supercell:     7 x    11 x     5  =     385
superc: Number of atoms, orbitals, and projectors:   3080  70070  55440

outcell: Unit cell vectors (Ang):
        5.525827    0.000000   -0.533247
        0.000000    2.859409    0.000000
       -0.754126    0.000000    7.897681

outcell: Cell vector modules (Ang)   :    5.551496    2.859409    7.933604
outcell: Cell angles (23,13,12) (deg):     90.0000    100.9665     90.0000
outcell: Cell volume (Ang**3)        :    123.6382
<dSpData1D:S at geom step 30
  <sparsity:sparsity for geom step 30
    nrows_g=182 nrows=7 sparsity=1.2404 nnzs=41087, refcount: 7>
  <dData1D:(new from dSpData1D) n=41087, refcount: 1>
refcount: 1>
new_DM -- step:    31
Re-using DM from previous geometries...
Number of DMs in history: 1
 DM extrapolation coefficients: 
1   1.00000
New DM after history re-use:
<dSpData2D:SpM extrapolated using coords
  <sparsity:sparsity for geom step 30
    nrows_g=182 nrows=7 sparsity=1.2404 nnzs=41087, refcount: 9>
  <dData2D:(temp array for extrapolation) n=41087 m=2, refcount: 1>
refcount: 1>
No. of atoms with KB's overlaping orbs in proc 0. Max # of overlaps:     130    1222

InitMesh: MESH = 60 x 30 x 90 = 162000
InitMesh: Mesh cutoff (required, used) =   300.000   304.223 Ry
New grid distribution [1]: sub = 2
New grid distribution [2]: sub = 2
New grid distribution [3]: sub = 2
Setting up quadratic distribution...

        iscf     Eharris(eV)        E_KS(eV)     FreeEng(eV)     dDmax    Ef(eV) dHmax(eV)
   scf:    1   -18367.687814   -18367.494599   -18367.501855  0.518713 -6.269503  0.422010
     spin moment: {S} , |S| = {        0.0        0.0    0.00006 }     0.00006
   scf:    2   -18364.031483   -18366.379687   -18366.385548  0.151746 -6.461991  4.958220
     spin moment: {S} , |S| = {        0.0        0.0   -0.00111 }    -0.00111
   scf:    3   -18367.591070   -18367.505905   -18367.512979  0.134514 -6.285111  0.066934
     spin moment: {S} , |S| = {        0.0        0.0    0.00010 }     0.00010
   scf:    4   -18367.509767   -18367.508475   -18367.515525  0.025182 -6.282377  0.061254
     spin moment: {S} , |S| = {        0.0        0.0    0.00014 }     0.00014
   scf:    5   -18367.508786   -18367.508661   -18367.515689  0.003051 -6.283496  0.023363
     spin moment: {S} , |S| = {        0.0        0.0    0.00014 }     0.00014
   scf:    6   -18367.508560   -18367.508691   -18367.515671  0.002740 -6.285545  0.052982
     spin moment: {S} , |S| = {        0.0        0.0    0.00012 }     0.00012
   scf:    7   -18367.508848   -18367.508781   -18367.515754  0.000853 -6.284632  0.027280
     spin moment: {S} , |S| = {        0.0        0.0    0.00012 }     0.00012
   scf:    8   -18367.508857   -18367.508822   -18367.515783  0.000553 -6.284114  0.014988
     spin moment: {S} , |S| = {        0.0        0.0    0.00012 }     0.00012
   scf:    9   -18367.508865   -18367.508843   -18367.515795  0.000352 -6.283898  0.010158
     spin moment: {S} , |S| = {        0.0        0.0    0.00012 }     0.00012

SCF Convergence by DM criterion
max |DM_out - DM_in|         :     0.0003520538
max |H_out - H_in|      (eV) :     0.0101579428
SCF cycle converged after 9 iterations

Using DM_out to compute the final energy and forces
No. of atoms with KB's overlaping orbs in proc 0. Max # of overlaps:     130    1222

siesta: E_KS(eV) =           -18367.5088

siesta: Atomic forces (eV/Ang):
     1    0.103254   -0.000001    0.108286
     2   -0.056542   -0.000001    0.161148
     3    0.060563   -0.000000   -0.161688
     4   -0.103342    0.000001   -0.107467
     5   -0.093118   -0.000002   -0.025298
     6    0.088453    0.000001    0.024428
     7   -0.015515   -0.000002    0.035633
     8    0.015828    0.000002   -0.033618
----------------------------------------
   Tot   -0.000419   -0.000000    0.001424
----------------------------------------
   Max    0.161688
   Res    0.071942    sqrt( Sum f_i^2 / 3N )
----------------------------------------
   Max    0.161688    constrained

Stress tensor Voigt[x,y,z,yz,xz,xy] (kbar):       12.71       14.94        1.89        0.00       -0.69        0.00
(Free)E + p*V (eV/cell)   -18368.2756
Target enthalpy (eV/cell)   -18367.5158

siesta: Stress tensor (static) (eV/Ang**3):
         0.007935    0.000000   -0.000442
         0.000000    0.009322   -0.000000
        -0.000429    0.000000    0.001178

siesta: Pressure (static):         -9.84573545  kBar

siesta: Stress tensor (total) (eV/Ang**3):
         0.007935    0.000000   -0.000442
         0.000000    0.009322   -0.000000
        -0.000429    0.000000    0.001178

siesta: Pressure (total):         -9.84573545  kBar

cgvc: Finished line minimization   10.  Mean atomic displacement =    0.0985

                     ====================================
                        Begin CG opt. move =     31
                     ====================================
k-point displ. along   2 input, could be:     0.00    0.50
k-point displ. along   3 input, could be:     0.00    0.50
 Kpoints in:           24 . Kpoints trimmed:           23

siesta: k-grid: Number of k-points = 23
siesta: k-points from Monkhorst-Pack grid
siesta: k-cutoff (effective) =     7.937 Ang
siesta: k-point supercell and displacements
siesta: k-grid:     3     0     0      0.000
siesta: k-grid:     0     6     0      0.000
siesta: k-grid:     0     0     2      0.000

superc: Internal auxiliary supercell:     7 x    11 x     5  =     385
superc: Number of atoms, orbitals, and projectors:   3080  70070  55440

outcell: Unit cell vectors (Ang):
        5.463420    0.000000   -0.549520
        0.000000    2.826013    0.000000
       -0.777139    0.000000    7.899152

outcell: Cell vector modules (Ang)   :    5.490986    2.826013    7.937289
outcell: Cell angles (23,13,12) (deg):     90.0000    101.3624     90.0000
outcell: Cell volume (Ang**3)        :    120.7536
<dSpData1D:S at geom step 31
  <sparsity:sparsity for geom step 31
    nrows_g=182 nrows=7 sparsity=1.2807 nnzs=42423, refcount: 7>
  <dData1D:(new from dSpData1D) n=42423, refcount: 1>
refcount: 1>
new_DM -- step:    32
Re-using DM from previous geometries...
Number of DMs in history: 1
 DM extrapolation coefficients: 
1   1.00000
New DM after history re-use:
<dSpData2D:SpM extrapolated using coords
  <sparsity:sparsity for geom step 31
    nrows_g=182 nrows=7 sparsity=1.2807 nnzs=42423, refcount: 9>
  <dData2D:(temp array for extrapolation) n=42423 m=2, refcount: 1>
refcount: 1>
Note: For starting DM, Qtot, Tr[D*S] =        108.00000000        108.16259512
No. of atoms with KB's overlaping orbs in proc 0. Max # of overlaps:     133    1258

InitMesh: MESH = 60 x 30 x 90 = 162000
InitMesh: Mesh cutoff (required, used) =   300.000   311.456 Ry
New grid distribution [1]: sub = 2
New grid distribution [2]: sub = 2
New grid distribution [3]: sub = 2
Setting up quadratic distribution...

        iscf     Eharris(eV)        E_KS(eV)     FreeEng(eV)     dDmax    Ef(eV) dHmax(eV)
   scf:    1   -18363.112369   -18366.015823   -18366.023398  0.685330 -6.556906  5.588189
     spin moment: {S} , |S| = {        0.0        0.0    0.00074 }     0.00074
   scf:    2   -17667.554889   -18139.543235   -18139.554995  5.869027 -4.077767 69.367726
     spin moment: {S} , |S| = {        0.0        0.0    0.01665 }     0.01665
   scf:    3   -18384.739177   -18367.501502   -18367.510032  5.701218 -6.348799  0.205642
     spin moment: {S} , |S| = {        0.0        0.0    0.00028 }     0.00028
   scf:    4   -18367.505912   -18367.503843   -18367.512388  0.008785 -6.347565  0.177629
     spin moment: {S} , |S| = {        0.0        0.0    0.00036 }     0.00036
   scf:    5   -18367.509498   -18367.508402   -18367.517033  0.042802 -6.349026  0.110163
     spin moment: {S} , |S| = {        0.0        0.0    0.00026 }     0.00026
   scf:    6   -18367.508728   -18367.508579   -18367.517222  0.001604 -6.348736  0.099140
     spin moment: {S} , |S| = {        0.0        0.0    0.00044 }     0.00044
   scf:    7   -18367.509345   -18367.509087   -18367.517793  0.008200 -6.347106  0.039733
     spin moment: {S} , |S| = {        0.0        0.0    0.00043 }     0.00043
   scf:    8   -18367.509269   -18367.509191   -18367.517964  0.005833 -6.347123  0.029512
     spin moment: {S} , |S| = {        0.0        0.0    0.00046 }     0.00046
   scf:    9   -18367.509307   -18367.509260   -18367.518099  0.005705 -6.345357  0.016221
     spin moment: {S} , |S| = {        0.0        0.0    0.00051 }     0.00051
   scf:   10   -18367.509281   -18367.509270   -18367.518135  0.001537 -6.345386  0.010318
     spin moment: {S} , |S| = {        0.0        0.0    0.00053 }     0.00053
   scf:   11   -18367.509297   -18367.509282   -18367.518175  0.001815 -6.345105  0.010650
     spin moment: {S} , |S| = {        0.0        0.0    0.00057 }     0.00057
   scf:   12   -18367.509298   -18367.509288   -18367.518199  0.001228 -6.345070  0.009159
     spin moment: {S} , |S| = {        0.0        0.0    0.00060 }     0.00060
   scf:   13   -18367.509344   -18367.509303   -18367.518255  0.003859 -6.345059  0.004357
     spin moment: {S} , |S| = {        0.0        0.0    0.00071 }     0.00071
   scf:   14   -18367.509319   -18367.509307   -18367.518273  0.002092 -6.345077  0.002993
     spin moment: {S} , |S| = {        0.0        0.0    0.00077 }     0.00077
   scf:   15   -18367.509314   -18367.509310   -18367.518279  0.000837 -6.345083  0.002720
     spin moment: {S} , |S| = {        0.0        0.0    0.00080 }     0.00080
   scf:   16   -18367.509321   -18367.509315   -18367.518284  0.000931 -6.345089  0.002210
     spin moment: {S} , |S| = {        0.0        0.0    0.00083 }     0.00083
   scf:   17   -18367.509323   -18367.509319   -18367.518286  0.000763 -6.345099  0.001805
     spin moment: {S} , |S| = {        0.0        0.0    0.00086 }     0.00086
   scf:   18   -18367.509325   -18367.509322   -18367.518288  0.000424 -6.345105  0.001654
     spin moment: {S} , |S| = {        0.0        0.0    0.00087 }     0.00087

SCF Convergence by DM criterion
max |DM_out - DM_in|         :     0.0004237390
max |H_out - H_in|      (eV) :     0.0016537979
SCF cycle converged after 18 iterations

Using DM_out to compute the final energy and forces
No. of atoms with KB's overlaping orbs in proc 0. Max # of overlaps:     133    1258

siesta: E_KS(eV) =           -18367.5093

siesta: Atomic forces (eV/Ang):
     1   -0.241470    0.000001   -0.038678
     2    0.285949    0.000001   -0.127861
     3   -0.291234   -0.000001    0.129094
     4    0.245907   -0.000001    0.036377
     5   -0.017302    0.000002    0.054308
     6    0.018891   -0.000002   -0.048775
     7    0.113934    0.000004   -0.155814
     8   -0.114286   -0.000003    0.151516
----------------------------------------
   Tot    0.000389   -0.000000    0.000168
----------------------------------------
   Max    0.291234
   Res    0.129173    sqrt( Sum f_i^2 / 3N )
----------------------------------------
   Max    0.291234    constrained

Stress tensor Voigt[x,y,z,yz,xz,xy] (kbar):       -1.71       -3.49      -14.92        0.00       -3.13        0.00
(Free)E + p*V (eV/cell)   -18367.0128
Target enthalpy (eV/cell)   -18367.5183

siesta: Stress tensor (static) (eV/Ang**3):
        -0.001069    0.000000   -0.001956
         0.000000   -0.002181    0.000000
        -0.001951    0.000000   -0.009310

siesta: Pressure (static):          6.70718724  kBar

siesta: Stress tensor (total) (eV/Ang**3):
        -0.001069    0.000000   -0.001956
         0.000000   -0.002181    0.000000
        -0.001951    0.000000   -0.009310

siesta: Pressure (total):          6.70718724  kBar

                     ====================================
                        Begin CG opt. move =     32
                     ====================================
k-point displ. along   2 input, could be:     0.00    0.50
k-point displ. along   3 input, could be:     0.00    0.50
 Kpoints in:           24 . Kpoints trimmed:           23

siesta: k-grid: Number of k-points = 23
siesta: k-points from Monkhorst-Pack grid
siesta: k-cutoff (effective) =     7.936 Ang
siesta: k-point supercell and displacements
siesta: k-grid:     3     0     0      0.000
siesta: k-grid:     0     6     0      0.000
siesta: k-grid:     0     0     2      0.000

superc: Internal auxiliary supercell:     7 x    11 x     5  =     385
superc: Number of atoms, orbitals, and projectors:   3080  70070  55440

outcell: Unit cell vectors (Ang):
        5.491583    0.000000   -0.542176
        0.000000    2.841084    0.000000
       -0.766753    0.000000    7.898488

outcell: Cell vector modules (Ang)   :    5.518282    2.841084    7.935618
outcell: Cell angles (23,13,12) (deg):     90.0000    101.1831     90.0000
outcell: Cell volume (Ang**3)        :    122.0515
<dSpData1D:S at geom step 32
  <sparsity:sparsity for geom step 32
    nrows_g=182 nrows=7 sparsity=1.2628 nnzs=41829, refcount: 7>
  <dData1D:(new from dSpData1D) n=41829, refcount: 1>
refcount: 1>
new_DM -- step:    33
Re-using DM from previous geometries...
Number of DMs in history: 1
 DM extrapolation coefficients: 
1   1.00000
New DM after history re-use:
<dSpData2D:SpM extrapolated using coords
  <sparsity:sparsity for geom step 32
    nrows_g=182 nrows=7 sparsity=1.2628 nnzs=41829, refcount: 9>
  <dData2D:(temp array for extrapolation) n=41829 m=2, refcount: 1>
refcount: 1>
No. of atoms with KB's overlaping orbs in proc 0. Max # of overlaps:     131    1244

InitMesh: MESH = 60 x 30 x 90 = 162000
InitMesh: Mesh cutoff (required, used) =   300.000   308.160 Ry
New grid distribution [1]: sub = 2
New grid distribution [2]: sub = 2
New grid distribution [3]: sub = 2
Setting up quadratic distribution...

        iscf     Eharris(eV)        E_KS(eV)     FreeEng(eV)     dDmax    Ef(eV) dHmax(eV)
   scf:    1   -18366.613370   -18367.223516   -18367.231931  0.193123 -6.223714  2.433889
     spin moment: {S} , |S| = {        0.0        0.0    0.00091 }     0.00091
   scf:    2   -18215.721974   -18318.040057   -18318.054110  0.861763 -7.289243 32.535847
     spin moment: {S} , |S| = {        0.0        0.0    0.01041 }     0.01041
   scf:    3   -18370.959371   -18367.519342   -18367.527919  0.827590 -6.311423  0.116845
     spin moment: {S} , |S| = {        0.0        0.0    0.00104 }     0.00104
   scf:    4   -18367.519737   -18367.520632   -18367.529180  0.015704 -6.317343  0.137942
     spin moment: {S} , |S| = {        0.0        0.0    0.00089 }     0.00089
   scf:    5   -18367.521782   -18367.521358   -18367.529903  0.006132 -6.314438  0.062594
     spin moment: {S} , |S| = {        0.0        0.0    0.00104 }     0.00104
   scf:    6   -18367.521459   -18367.521487   -18367.530028  0.001825 -6.312578  0.037054
     spin moment: {S} , |S| = {        0.0        0.0    0.00095 }     0.00095
   scf:    7   -18367.521878   -18367.521705   -18367.530208  0.004313 -6.313749  0.017682
     spin moment: {S} , |S| = {        0.0        0.0    0.00096 }     0.00096
   scf:    8   -18367.521946   -18367.521828   -18367.530277  0.003062 -6.314820  0.012366
     spin moment: {S} , |S| = {        0.0        0.0    0.00094 }     0.00094
   scf:    9   -18367.521978   -18367.521903   -18367.530308  0.002116 -6.314995  0.009924
     spin moment: {S} , |S| = {        0.0        0.0    0.00093 }     0.00093
   scf:   10   -18367.521961   -18367.521932   -18367.530319  0.000583 -6.315097  0.008933
     spin moment: {S} , |S| = {        0.0        0.0    0.00092 }     0.00092
   scf:   11   -18367.522075   -18367.522002   -18367.530344  0.001498 -6.315434  0.006838
     spin moment: {S} , |S| = {        0.0        0.0    0.00090 }     0.00090
   scf:   12   -18367.522115   -18367.522057   -18367.530360  0.001199 -6.315566  0.005595
     spin moment: {S} , |S| = {        0.0        0.0    0.00089 }     0.00089
   scf:   13   -18367.522166   -18367.522110   -18367.530374  0.001284 -6.315653  0.004291
     spin moment: {S} , |S| = {        0.0        0.0    0.00087 }     0.00087
   scf:   14   -18367.522328   -18367.522212   -18367.530394  0.002917 -6.315789  0.002065
     spin moment: {S} , |S| = {        0.0        0.0    0.00082 }     0.00082
   scf:   15   -18367.522316   -18367.522262   -18367.530399  0.001616 -6.315851  0.001602
     spin moment: {S} , |S| = {        0.0        0.0    0.00080 }     0.00080
   scf:   16   -18367.522279   -18367.522271   -18367.530400  0.000357 -6.315854  0.001424
     spin moment: {S} , |S| = {        0.0        0.0    0.00079 }     0.00079

SCF Convergence by DM criterion
max |DM_out - DM_in|         :     0.0003574916
max |H_out - H_in|      (eV) :     0.0014242151
SCF cycle converged after 16 iterations

Using DM_out to compute the final energy and forces
No. of atoms with KB's overlaping orbs in proc 0. Max # of overlaps:     131    1244

siesta: E_KS(eV) =           -18367.5223

siesta: Atomic forces (eV/Ang):
     1   -0.072122    0.000000    0.012330
     2    0.124953   -0.000000   -0.000174
     3   -0.126213   -0.000001    0.000642
     4    0.074373   -0.000000   -0.013532
     5   -0.035667    0.000000    0.007921
     6    0.034609   -0.000001   -0.004904
     7    0.054111    0.000002   -0.078728
     8   -0.053992    0.000000    0.077211
----------------------------------------
   Tot    0.000051    0.000000    0.000766
----------------------------------------
   Max    0.126213
   Res    0.051304    sqrt( Sum f_i^2 / 3N )
----------------------------------------
   Max    0.126213    constrained

Stress tensor Voigt[x,y,z,yz,xz,xy] (kbar):        4.96        3.90       -7.73       -0.00       -2.42        0.00
(Free)E + p*V (eV/cell)   -18367.5592
Target enthalpy (eV/cell)   -18367.5304

siesta: Stress tensor (static) (eV/Ang**3):
         0.003099    0.000000   -0.001503
         0.000000    0.002436   -0.000000
        -0.001508   -0.000000   -0.004828

siesta: Pressure (static):         -0.37771560  kBar

siesta: Stress tensor (total) (eV/Ang**3):
         0.003099    0.000000   -0.001503
         0.000000    0.002436   -0.000000
        -0.001508   -0.000000   -0.004828

siesta: Pressure (total):         -0.37771560  kBar

cgvc: Finished line minimization   11.  Mean atomic displacement =    0.0541

                     ====================================
                        Begin CG opt. move =     33
                     ====================================
k-point displ. along   2 input, could be:     0.00    0.50
k-point displ. along   3 input, could be:     0.00    0.50
 Kpoints in:           24 . Kpoints trimmed:           23

siesta: k-grid: Number of k-points = 23
siesta: k-points from Monkhorst-Pack grid
siesta: k-cutoff (effective) =     7.966 Ang
siesta: k-point supercell and displacements
siesta: k-grid:     3     0     0      0.000
siesta: k-grid:     0     6     0      0.000
siesta: k-grid:     0     0     2      0.000

superc: Internal auxiliary supercell:     7 x    11 x     5  =     385
superc: Number of atoms, orbitals, and projectors:   3080  70070  55440

outcell: Unit cell vectors (Ang):
        5.454009   -0.000000   -0.541765
       -0.000000    2.822920    0.000000
       -0.766171    0.000000    7.929180

outcell: Cell vector modules (Ang)   :    5.480851    2.822920    7.966111
outcell: Cell angles (23,13,12) (deg):     90.0000    101.1919     90.0000
outcell: Cell volume (Ang**3)        :    120.9078
<dSpData1D:S at geom step 33
  <sparsity:sparsity for geom step 33
    nrows_g=182 nrows=7 sparsity=1.3133 nnzs=43502, refcount: 7>
  <dData1D:(new from dSpData1D) n=43502, refcount: 1>
refcount: 1>
new_DM -- step:    34
Re-using DM from previous geometries...
Number of DMs in history: 1
 DM extrapolation coefficients: 
1   1.00000
New DM after history re-use:
<dSpData2D:SpM extrapolated using coords
  <sparsity:sparsity for geom step 33
    nrows_g=182 nrows=7 sparsity=1.3133 nnzs=43502, refcount: 9>
  <dData2D:(temp array for extrapolation) n=43502 m=2, refcount: 1>
refcount: 1>
No. of atoms with KB's overlaping orbs in proc 0. Max # of overlaps:     137    1289

InitMesh: MESH = 60 x 30 x 90 = 162000
InitMesh: Mesh cutoff (required, used) =   300.000   312.138 Ry
New grid distribution [1]: sub = 2
New grid distribution [2]: sub = 2
New grid distribution [3]: sub = 2
Setting up quadratic distribution...

        iscf     Eharris(eV)        E_KS(eV)     FreeEng(eV)     dDmax    Ef(eV) dHmax(eV)
   scf:    1   -18367.241056   -18367.394573   -18367.403385  0.551563 -6.410112  1.696492
     spin moment: {S} , |S| = {        0.0        0.0    0.00019 }     0.00019
   scf:    2   -18315.749964   -18350.724630   -18350.731586  1.057399 -5.673964 19.152183
     spin moment: {S} , |S| = {        0.0        0.0   -0.00223 }    -0.00223
   scf:    3   -18368.997815   -18367.522585   -18367.531599  1.004207 -6.343080  0.132258
     spin moment: {S} , |S| = {        0.0        0.0    0.00019 }     0.00019
   scf:    4   -18367.519192   -18367.522892   -18367.531954  0.015422 -6.351987  0.230108
     spin moment: {S} , |S| = {        0.0        0.0    0.00034 }     0.00034
   scf:    5   -18367.525150   -18367.524225   -18367.533308  0.008510 -6.348004  0.158170
     spin moment: {S} , |S| = {        0.0        0.0    0.00019 }     0.00019
   scf:    6   -18367.525209   -18367.524770   -18367.533851  0.001787 -6.346074  0.102137
     spin moment: {S} , |S| = {        0.0        0.0    0.00022 }     0.00022
   scf:    7   -18367.524509   -18367.525146   -18367.534225  0.005556 -6.338849  0.071557
     spin moment: {S} , |S| = {        0.0        0.0    0.00018 }     0.00018
   scf:    8   -18367.525316   -18367.525235   -18367.534320  0.001512 -6.339210  0.058546
     spin moment: {S} , |S| = {        0.0        0.0    0.00016 }     0.00016
   scf:    9   -18367.525254   -18367.525355   -18367.534466  0.004213 -6.341781  0.029141
     spin moment: {S} , |S| = {        0.0        0.0    0.00009 }     0.00009
   scf:   10   -18367.525420   -18367.525393   -18367.534503  0.000857 -6.341050  0.013205
     spin moment: {S} , |S| = {        0.0        0.0    0.00008 }     0.00008
   scf:   11   -18367.525483   -18367.525435   -18367.534549  0.002258 -6.340584  0.007544
     spin moment: {S} , |S| = {        0.0        0.0    0.00002 }     0.00002
   scf:   12   -18367.525467   -18367.525450   -18367.534565  0.000982 -6.340530  0.006402
     spin moment: {S} , |S| = {        0.0        0.0   -0.00001 }    -0.00001
   scf:   13   -18367.525489   -18367.525468   -18367.534583  0.001321 -6.340526  0.005059
     spin moment: {S} , |S| = {        0.0        0.0   -0.00006 }    -0.00006
   scf:   14   -18367.525564   -18367.525505   -18367.534612  0.003537 -6.340567  0.002245
     spin moment: {S} , |S| = {        0.0        0.0   -0.00017 }    -0.00017
   scf:   15   -18367.525534   -18367.525517   -18367.534617  0.001691 -6.340602  0.001920
     spin moment: {S} , |S| = {        0.0        0.0   -0.00023 }    -0.00023
   scf:   16   -18367.525523   -18367.525520   -18367.534618  0.000470 -6.340624  0.001726
     spin moment: {S} , |S| = {        0.0        0.0   -0.00024 }    -0.00024

SCF Convergence by DM criterion
max |DM_out - DM_in|         :     0.0004696208
max |H_out - H_in|      (eV) :     0.0017263131
SCF cycle converged after 16 iterations

Using DM_out to compute the final energy and forces
No. of atoms with KB's overlaping orbs in proc 0. Max # of overlaps:     137    1289

siesta: E_KS(eV) =           -18367.5255

siesta: Atomic forces (eV/Ang):
     1    0.041666    0.000000   -0.068548
     2   -0.048725    0.000002    0.036814
     3    0.048811   -0.000000   -0.036878
     4   -0.042746   -0.000000    0.070120
     5    0.134312    0.000001   -0.031392
     6   -0.132059   -0.000001    0.030869
     7   -0.023979    0.000001    0.105182
     8    0.022236   -0.000002   -0.104649
----------------------------------------
   Tot   -0.000485    0.000001    0.001517
----------------------------------------
   Max    0.134312
   Res    0.058149    sqrt( Sum f_i^2 / 3N )
----------------------------------------
   Max    0.134312    constrained

Stress tensor Voigt[x,y,z,yz,xz,xy] (kbar):        2.46       -7.01      -10.42        0.00        1.35        0.00
(Free)E + p*V (eV/cell)   -18367.1582
Target enthalpy (eV/cell)   -18367.5346

siesta: Stress tensor (static) (eV/Ang**3):
         0.001538    0.000000    0.000843
         0.000000   -0.004375    0.000000
         0.000844    0.000000   -0.006502

siesta: Pressure (static):          4.98779911  kBar

siesta: Stress tensor (total) (eV/Ang**3):
         0.001538    0.000000    0.000843
         0.000000   -0.004375    0.000000
         0.000844    0.000000   -0.006502

siesta: Pressure (total):          4.98779911  kBar

                     ====================================
                        Begin CG opt. move =     34
                     ====================================
k-point displ. along   2 input, could be:     0.00    0.50
k-point displ. along   3 input, could be:     0.00    0.50
 Kpoints in:           24 . Kpoints trimmed:           23

siesta: k-grid: Number of k-points = 23
siesta: k-points from Monkhorst-Pack grid
siesta: k-cutoff (effective) =     7.955 Ang
siesta: k-point supercell and displacements
siesta: k-grid:     3     0     0      0.000
siesta: k-grid:     0     6     0      0.000
siesta: k-grid:     0     0     2      0.000

superc: Internal auxiliary supercell:     7 x    11 x     5  =     385
superc: Number of atoms, orbitals, and projectors:   3080  70070  55440

outcell: Unit cell vectors (Ang):
        5.467499    0.000000   -0.541912
        0.000000    2.829441    0.000000
       -0.766380    0.000000    7.918161

outcell: Cell vector modules (Ang)   :    5.494289    2.829441    7.955163
outcell: Cell angles (23,13,12) (deg):     90.0000    101.1887     90.0000
outcell: Cell volume (Ang**3)        :    121.3186
<dSpData1D:S at geom step 34
  <sparsity:sparsity for geom step 34
    nrows_g=182 nrows=7 sparsity=1.2663 nnzs=41945, refcount: 7>
  <dData1D:(new from dSpData1D) n=41945, refcount: 1>
refcount: 1>
new_DM -- step:    35
Re-using DM from previous geometries...
Number of DMs in history: 1
 DM extrapolation coefficients: 
1   1.00000
New DM after history re-use:
<dSpData2D:SpM extrapolated using coords
  <sparsity:sparsity for geom step 34
    nrows_g=182 nrows=7 sparsity=1.2663 nnzs=41945, refcount: 9>
  <dData2D:(temp array for extrapolation) n=41945 m=2, refcount: 1>
refcount: 1>
No. of atoms with KB's overlaping orbs in proc 0. Max # of overlaps:     131    1250

InitMesh: MESH = 60 x 30 x 90 = 162000
InitMesh: Mesh cutoff (required, used) =   300.000   310.701 Ry
New grid distribution [1]: sub = 2
New grid distribution [2]: sub = 2
New grid distribution [3]: sub = 2
Setting up quadratic distribution...

        iscf     Eharris(eV)        E_KS(eV)     FreeEng(eV)     dDmax    Ef(eV) dHmax(eV)
   scf:    1   -18367.419677   -18367.508176   -18367.517022  0.253553 -6.304414  0.648022
     spin moment: {S} , |S| = {        0.0        0.0   -0.00008 }    -0.00008
   scf:    2   -18358.982455   -18364.750760   -18364.757836  0.241719 -6.620294  7.832872
     spin moment: {S} , |S| = {        0.0        0.0   -0.00337 }    -0.00337
   scf:    3   -18367.742468   -18367.527307   -18367.536248  0.220746 -6.329075  0.038041
     spin moment: {S} , |S| = {        0.0        0.0   -0.00007 }    -0.00007
   scf:    4   -18367.527614   -18367.527511   -18367.536449  0.003712 -6.328410  0.034292
     spin moment: {S} , |S| = {        0.0        0.0   -0.00004 }    -0.00004
   scf:    5   -18367.527639   -18367.527588   -18367.536526  0.001869 -6.329347  0.017389
     spin moment: {S} , |S| = {        0.0        0.0   -0.00008 }    -0.00008
   scf:    6   -18367.527514   -18367.527578   -18367.536518  0.001232 -6.331052  0.030796
     spin moment: {S} , |S| = {        0.0        0.0   -0.00004 }    -0.00004
   scf:    7   -18367.527635   -18367.527626   -18367.536562  0.001846 -6.330310  0.006645
     spin moment: {S} , |S| = {        0.0        0.0   -0.00005 }    -0.00005
   scf:    8   -18367.527654   -18367.527641   -18367.536572  0.001408 -6.330656  0.006146
     spin moment: {S} , |S| = {        0.0        0.0   -0.00004 }    -0.00004
   scf:    9   -18367.527653   -18367.527647   -18367.536576  0.000678 -6.330772  0.006387
     spin moment: {S} , |S| = {        0.0        0.0   -0.00003 }    -0.00003
   scf:   10   -18367.527654   -18367.527650   -18367.536578  0.000253 -6.330713  0.003652
     spin moment: {S} , |S| = {        0.0        0.0   -0.00003 }    -0.00003

SCF Convergence by DM criterion
max |DM_out - DM_in|         :     0.0002530773
max |H_out - H_in|      (eV) :     0.0036516829
SCF cycle converged after 10 iterations

Using DM_out to compute the final energy and forces
No. of atoms with KB's overlaping orbs in proc 0. Max # of overlaps:     131    1250

siesta: E_KS(eV) =           -18367.5277

siesta: Atomic forces (eV/Ang):
     1    0.006313    0.000001   -0.041060
     2    0.012133    0.000000    0.021631
     3   -0.012408   -0.000000   -0.021335
     4   -0.006129   -0.000000    0.041777
     5    0.068765    0.000001   -0.010905
     6   -0.067819   -0.000001    0.011469
     7    0.009210    0.000000    0.037629
     8   -0.009872   -0.000003   -0.038390
----------------------------------------
   Tot    0.000192   -0.000002    0.000816
----------------------------------------
   Max    0.068765
   Res    0.026913    sqrt( Sum f_i^2 / 3N )
----------------------------------------
   Max    0.068765    constrained

Stress tensor Voigt[x,y,z,yz,xz,xy] (kbar):        3.73       -2.24       -8.72        0.00        0.10        0.00
(Free)E + p*V (eV/cell)   -18367.3543
Target enthalpy (eV/cell)   -18367.5366

siesta: Stress tensor (static) (eV/Ang**3):
         0.002331    0.000000    0.000063
         0.000000   -0.001396    0.000000
         0.000065    0.000000   -0.005442

siesta: Pressure (static):          2.40690618  kBar

siesta: Stress tensor (total) (eV/Ang**3):
         0.002331    0.000000    0.000063
         0.000000   -0.001396    0.000000
         0.000065    0.000000   -0.005442

siesta: Pressure (total):          2.40690618  kBar

cgvc: Finished line minimization   12.  Mean atomic displacement =    0.0347

                     ====================================
                        Begin CG opt. move =     35
                     ====================================
k-point displ. along   2 input, could be:     0.00    0.50
k-point displ. along   3 input, could be:     0.00    0.50
 Kpoints in:           24 . Kpoints trimmed:           23

siesta: k-grid: Number of k-points = 23
siesta: k-points from Monkhorst-Pack grid
siesta: k-cutoff (effective) =     8.002 Ang
siesta: k-point supercell and displacements
siesta: k-grid:     3     0     0      0.000
siesta: k-grid:     0     6     0      0.000
siesta: k-grid:     0     0     2      0.000

superc: Internal auxiliary supercell:     7 x    11 x     5  =     385
superc: Number of atoms, orbitals, and projectors:   3080  70070  55440

outcell: Unit cell vectors (Ang):
        5.441899   -0.000000   -0.542042
       -0.000000    2.825436   -0.000000
       -0.766564   -0.000000    7.965644

outcell: Cell vector modules (Ang)   :    5.468828    2.825436    8.002443
outcell: Cell angles (23,13,12) (deg):     90.0000    101.1851     90.0000
outcell: Cell volume (Ang**3)        :    121.3036
<dSpData1D:S at geom step 35
  <sparsity:sparsity for geom step 35
    nrows_g=182 nrows=7 sparsity=1.3137 nnzs=43514, refcount: 7>
  <dData1D:(new from dSpData1D) n=43514, refcount: 1>
refcount: 1>
new_DM -- step:    36
Re-using DM from previous geometries...
Number of DMs in history: 1
 DM extrapolation coefficients: 
1   1.00000
New DM after history re-use:
<dSpData2D:SpM extrapolated using coords
  <sparsity:sparsity for geom step 35
    nrows_g=182 nrows=7 sparsity=1.3137 nnzs=43514, refcount: 9>
  <dData2D:(temp array for extrapolation) n=43514 m=2, refcount: 1>
refcount: 1>
No. of atoms with KB's overlaping orbs in proc 0. Max # of overlaps:     137    1281

InitMesh: MESH = 60 x 30 x 90 = 162000
InitMesh: Mesh cutoff (required, used) =   300.000   311.583 Ry
New grid distribution [1]: sub = 2
New grid distribution [2]: sub = 2
New grid distribution [3]: sub = 2
Setting up quadratic distribution...

        iscf     Eharris(eV)        E_KS(eV)     FreeEng(eV)     dDmax    Ef(eV) dHmax(eV)
   scf:    1   -18367.661796   -18367.528157   -18367.537706  0.547405 -6.350396  0.164060
     spin moment: {S} , |S| = {        0.0        0.0   -0.00014 }    -0.00014
   scf:    2   -18367.077782   -18367.384560   -18367.393219  0.103792 -6.277868  1.744132
     spin moment: {S} , |S| = {        0.0        0.0    0.00002 }     0.00002
   scf:    3   -18367.538719   -18367.530531   -18367.540031  0.090183 -6.344384  0.042203
     spin moment: {S} , |S| = {        0.0        0.0   -0.00016 }    -0.00016
   scf:    4   -18367.531604   -18367.531255   -18367.540771  0.020013 -6.343142  0.018823
     spin moment: {S} , |S| = {        0.0        0.0   -0.00016 }    -0.00016
   scf:    5   -18367.531319   -18367.531290   -18367.540802  0.002633 -6.342657  0.015738
     spin moment: {S} , |S| = {        0.0        0.0   -0.00019 }    -0.00019
   scf:    6   -18367.531354   -18367.531326   -18367.540831  0.003702 -6.342101  0.010897
     spin moment: {S} , |S| = {        0.0        0.0   -0.00018 }    -0.00018
   scf:    7   -18367.531337   -18367.531332   -18367.540839  0.000515 -6.342309  0.008839
     spin moment: {S} , |S| = {        0.0        0.0   -0.00019 }    -0.00019
   scf:    8   -18367.531390   -18367.531361   -18367.540860  0.001420 -6.341988  0.006539
     spin moment: {S} , |S| = {        0.0        0.0   -0.00021 }    -0.00021
   scf:    9   -18367.531375   -18367.531368   -18367.540864  0.000385 -6.341966  0.006045
     spin moment: {S} , |S| = {        0.0        0.0   -0.00022 }    -0.00022

SCF Convergence by DM criterion
max |DM_out - DM_in|         :     0.0003852311
max |H_out - H_in|      (eV) :     0.0060454152
SCF cycle converged after 9 iterations

Using DM_out to compute the final energy and forces
No. of atoms with KB's overlaping orbs in proc 0. Max # of overlaps:     137    1281

siesta: E_KS(eV) =           -18367.5314

siesta: Atomic forces (eV/Ang):
     1    0.017349   -0.000001   -0.010571
     2   -0.043541   -0.000001   -0.017197
     3    0.044124    0.000000    0.016668
     4   -0.019503    0.000000    0.011086
     5   -0.066789   -0.000001    0.030200
     6    0.067020    0.000001   -0.032850
     7    0.050069   -0.000001    0.002548
     8   -0.049452    0.000003   -0.000614
----------------------------------------
   Tot   -0.000722    0.000001   -0.000730
----------------------------------------
   Max    0.067020
   Res    0.029746    sqrt( Sum f_i^2 / 3N )
----------------------------------------
   Max    0.067020    constrained

Stress tensor Voigt[x,y,z,yz,xz,xy] (kbar):        1.40       -2.06       -6.26       -0.00        1.55       -0.00
(Free)E + p*V (eV/cell)   -18367.3660
Target enthalpy (eV/cell)   -18367.5409

siesta: Stress tensor (static) (eV/Ang**3):
         0.000871   -0.000000    0.000964
        -0.000000   -0.001287   -0.000000
         0.000968   -0.000000   -0.003909

siesta: Pressure (static):          2.31023897  kBar

siesta: Stress tensor (total) (eV/Ang**3):
         0.000871   -0.000000    0.000964
        -0.000000   -0.001287   -0.000000
         0.000968   -0.000000   -0.003909

siesta: Pressure (total):          2.31023897  kBar

                     ====================================
                        Begin CG opt. move =     36
                     ====================================
k-point displ. along   2 input, could be:     0.00    0.50
k-point displ. along   3 input, could be:     0.00    0.50
 Kpoints in:           24 . Kpoints trimmed:           23

siesta: k-grid: Number of k-points = 23
siesta: k-points from Monkhorst-Pack grid
siesta: k-cutoff (effective) =     8.078 Ang
siesta: k-point supercell and displacements
siesta: k-grid:     3     0     0      0.000
siesta: k-grid:     0     6     0      0.000
siesta: k-grid:     0     0     2      0.000

superc: Internal auxiliary supercell:     7 x    11 x     5  =     385
superc: Number of atoms, orbitals, and projectors:   3080  70070  55440

outcell: Unit cell vectors (Ang):
        5.400939   -0.000000   -0.542250
       -0.000000    2.819027   -0.000000
       -0.766858   -0.000000    8.041616

outcell: Cell vector modules (Ang)   :    5.428092    2.819027    8.078097
outcell: Cell angles (23,13,12) (deg):     90.0000    101.1806     90.0000
outcell: Cell volume (Ang**3)        :    121.2645
<dSpData1D:S at geom step 36
  <sparsity:sparsity for geom step 36
    nrows_g=182 nrows=7 sparsity=1.3011 nnzs=43096, refcount: 7>
  <dData1D:(new from dSpData1D) n=43096, refcount: 1>
refcount: 1>
new_DM -- step:    37
Re-using DM from previous geometries...
Number of DMs in history: 1
 DM extrapolation coefficients: 
1   1.00000
New DM after history re-use:
<dSpData2D:SpM extrapolated using coords
  <sparsity:sparsity for geom step 36
    nrows_g=182 nrows=7 sparsity=1.3011 nnzs=43096, refcount: 9>
  <dData2D:(temp array for extrapolation) n=43096 m=2, refcount: 1>
refcount: 1>
No. of atoms with KB's overlaping orbs in proc 0. Max # of overlaps:     137    1273

InitMesh: MESH = 60 x 30 x 90 = 162000
InitMesh: Mesh cutoff (required, used) =   300.000   313.001 Ry
New grid distribution [1]: sub = 2
New grid distribution [2]: sub = 2
New grid distribution [3]: sub = 2
Setting up quadratic distribution...

        iscf     Eharris(eV)        E_KS(eV)     FreeEng(eV)     dDmax    Ef(eV) dHmax(eV)
   scf:    1   -18367.703364   -18367.505204   -18367.515369  0.355169 -6.376301  0.472543
     spin moment: {S} , |S| = {        0.0        0.0   -0.00062 }    -0.00062
   scf:    2   -18363.110958   -18366.089133   -18366.097752  0.188867 -6.179927  5.432469
     spin moment: {S} , |S| = {        0.0        0.0    0.00070 }     0.00070
   scf:    3   -18367.621603   -18367.518953   -18367.529004  0.167516 -6.360195  0.074938
     spin moment: {S} , |S| = {        0.0        0.0   -0.00062 }    -0.00062
   scf:    4   -18367.522172   -18367.521102   -18367.531132  0.029945 -6.359678  0.042220
     spin moment: {S} , |S| = {        0.0        0.0   -0.00057 }    -0.00057
   scf:    5   -18367.521360   -18367.521252   -18367.531265  0.006128 -6.358300  0.027475
     spin moment: {S} , |S| = {        0.0        0.0   -0.00078 }    -0.00078
   scf:    6   -18367.521432   -18367.521366   -18367.531357  0.009881 -6.356823  0.026634
     spin moment: {S} , |S| = {        0.0        0.0   -0.00070 }    -0.00070
   scf:    7   -18367.521375   -18367.521376   -18367.531373  0.001225 -6.357464  0.014572
     spin moment: {S} , |S| = {        0.0        0.0   -0.00072 }    -0.00072
   scf:    8   -18367.521504   -18367.521440   -18367.531428  0.003093 -6.357046  0.011947
     spin moment: {S} , |S| = {        0.0        0.0   -0.00078 }    -0.00078
   scf:    9   -18367.521465   -18367.521452   -18367.531438  0.000558 -6.356997  0.011325
     spin moment: {S} , |S| = {        0.0        0.0   -0.00080 }    -0.00080
   scf:   10   -18367.521514   -18367.521482   -18367.531460  0.001397 -6.357122  0.005596
     spin moment: {S} , |S| = {        0.0        0.0   -0.00087 }    -0.00087
   scf:   11   -18367.521530   -18367.521505   -18367.531473  0.001342 -6.357107  0.003474
     spin moment: {S} , |S| = {        0.0        0.0   -0.00093 }    -0.00093
   scf:   12   -18367.521516   -18367.521511   -18367.531476  0.000322 -6.357138  0.003023
     spin moment: {S} , |S| = {        0.0        0.0   -0.00095 }    -0.00095

SCF Convergence by DM criterion
max |DM_out - DM_in|         :     0.0003223593
max |H_out - H_in|      (eV) :     0.0030234525
SCF cycle converged after 12 iterations

Using DM_out to compute the final energy and forces
No. of atoms with KB's overlaping orbs in proc 0. Max # of overlaps:     137    1273

siesta: E_KS(eV) =           -18367.5215

siesta: Atomic forces (eV/Ang):
     1    0.036615   -0.000002    0.052281
     2   -0.125547   -0.000002   -0.065382
     3    0.129316    0.000001    0.063540
     4   -0.042255   -0.000002   -0.051239
     5   -0.317258   -0.000005    0.133689
     6    0.315838    0.000002   -0.141085
     7    0.131127   -0.000005   -0.055141
     8   -0.128294    0.000009    0.062355
----------------------------------------
   Tot   -0.000459   -0.000006   -0.000982
----------------------------------------
   Max    0.317258
   Res    0.116913    sqrt( Sum f_i^2 / 3N )
----------------------------------------
   Max    0.317258    constrained

Stress tensor Voigt[x,y,z,yz,xz,xy] (kbar):       -4.10       -4.28       -0.16       -0.00        2.73       -0.00
(Free)E + p*V (eV/cell)   -18367.3157
Target enthalpy (eV/cell)   -18367.5315

siesta: Stress tensor (static) (eV/Ang**3):
        -0.002562   -0.000000    0.001704
        -0.000000   -0.002673   -0.000000
         0.001707   -0.000000   -0.000103

siesta: Pressure (static):          2.85077445  kBar

siesta: Stress tensor (total) (eV/Ang**3):
        -0.002562   -0.000000    0.001704
        -0.000000   -0.002673   -0.000000
         0.001707   -0.000000   -0.000103

siesta: Pressure (total):          2.85077445  kBar

                     ====================================
                        Begin CG opt. move =     37
                     ====================================
k-point displ. along   2 input, could be:     0.00    0.50
k-point displ. along   3 input, could be:     0.00    0.50
 Kpoints in:           24 . Kpoints trimmed:           23

siesta: k-grid: Number of k-points = 23
siesta: k-points from Monkhorst-Pack grid
siesta: k-cutoff (effective) =     8.009 Ang
siesta: k-point supercell and displacements
siesta: k-grid:     3     0     0      0.000
siesta: k-grid:     0     6     0      0.000
siesta: k-grid:     0     0     2      0.000

superc: Internal auxiliary supercell:     7 x    11 x     5  =     385
superc: Number of atoms, orbitals, and projectors:   3080  70070  55440

outcell: Unit cell vectors (Ang):
        5.438237   -0.000000   -0.542061
       -0.000000    2.824863   -0.000000
       -0.766590   -0.000000    7.972436

outcell: Cell vector modules (Ang)   :    5.465185    2.824863    8.009207
outcell: Cell angles (23,13,12) (deg):     90.0000    101.1846     90.0000
outcell: Cell volume (Ang**3)        :    121.3009
<dSpData1D:S at geom step 37
  <sparsity:sparsity for geom step 37
    nrows_g=182 nrows=7 sparsity=1.3137 nnzs=43514, refcount: 7>
  <dData1D:(new from dSpData1D) n=43514, refcount: 1>
refcount: 1>
new_DM -- step:    38
Re-using DM from previous geometries...
Number of DMs in history: 1
 DM extrapolation coefficients: 
1   1.00000
New DM after history re-use:
<dSpData2D:SpM extrapolated using coords
  <sparsity:sparsity for geom step 37
    nrows_g=182 nrows=7 sparsity=1.3137 nnzs=43514, refcount: 9>
  <dData2D:(temp array for extrapolation) n=43514 m=2, refcount: 1>
refcount: 1>
No. of atoms with KB's overlaping orbs in proc 0. Max # of overlaps:     137    1281

InitMesh: MESH = 60 x 30 x 90 = 162000
InitMesh: Mesh cutoff (required, used) =   300.000   311.709 Ry
New grid distribution [1]: sub = 2
New grid distribution [2]: sub = 2
New grid distribution [3]: sub = 2
Setting up quadratic distribution...

        iscf     Eharris(eV)        E_KS(eV)     FreeEng(eV)     dDmax    Ef(eV) dHmax(eV)
   scf:    1   -18367.219577   -18367.514151   -18367.523344  0.590512 -6.323862  0.471469
     spin moment: {S} , |S| = {        0.0        0.0   -0.00072 }    -0.00072
   scf:    2   -18362.555602   -18365.915293   -18365.924557  0.140808 -6.545423  5.707060
     spin moment: {S} , |S| = {        0.0        0.0   -0.00151 }    -0.00151
   scf:    3   -18367.640967   -18367.529324   -18367.538718  0.129328 -6.340061  0.097123
     spin moment: {S} , |S| = {        0.0        0.0   -0.00074 }    -0.00074
   scf:    4   -18367.532290   -18367.531263   -18367.540628  0.023387 -6.341354  0.040730
     spin moment: {S} , |S| = {        0.0        0.0   -0.00079 }    -0.00079
   scf:    5   -18367.531599   -18367.531471   -18367.540838  0.010907 -6.341846  0.034986
     spin moment: {S} , |S| = {        0.0        0.0   -0.00062 }    -0.00062
   scf:    6   -18367.531569   -18367.531534   -18367.540912  0.007189 -6.342722  0.015652
     spin moment: {S} , |S| = {        0.0        0.0   -0.00072 }    -0.00072
   scf:    7   -18367.531443   -18367.531513   -18367.540924  0.004794 -6.344585  0.027025
     spin moment: {S} , |S| = {        0.0        0.0   -0.00071 }    -0.00071
   scf:    8   -18367.531589   -18367.531559   -18367.540962  0.001209 -6.344019  0.008923
     spin moment: {S} , |S| = {        0.0        0.0   -0.00069 }    -0.00069
   scf:    9   -18367.531565   -18367.531562   -18367.540967  0.000370 -6.343979  0.006525
     spin moment: {S} , |S| = {        0.0        0.0   -0.00068 }    -0.00068

SCF Convergence by DM criterion
max |DM_out - DM_in|         :     0.0003699644
max |H_out - H_in|      (eV) :     0.0065247853
SCF cycle converged after 9 iterations

Using DM_out to compute the final energy and forces
No. of atoms with KB's overlaping orbs in proc 0. Max # of overlaps:     137    1281

siesta: E_KS(eV) =           -18367.5316

siesta: Atomic forces (eV/Ang):
     1    0.015058   -0.000001   -0.008138
     2   -0.047853   -0.000001   -0.024759
     3    0.048497    0.000001    0.024105
     4   -0.017444    0.000001    0.008777
     5   -0.083610   -0.000002    0.038296
     6    0.083664    0.000000   -0.041638
     7    0.055912   -0.000000    0.000332
     8   -0.055064    0.000001    0.001931
----------------------------------------
   Tot   -0.000841   -0.000001   -0.001094
----------------------------------------
   Max    0.083664
   Res    0.035274    sqrt( Sum f_i^2 / 3N )
----------------------------------------
   Max    0.083664    constrained

Stress tensor Voigt[x,y,z,yz,xz,xy] (kbar):        2.02       -1.10       -5.60       -0.00        1.81       -0.00
(Free)E + p*V (eV/cell)   -18367.4230
Target enthalpy (eV/cell)   -18367.5410

siesta: Stress tensor (static) (eV/Ang**3):
         0.001264   -0.000000    0.001141
        -0.000000   -0.000686   -0.000000
         0.001129   -0.000000   -0.003496

siesta: Pressure (static):          1.55814778  kBar

siesta: Stress tensor (total) (eV/Ang**3):
         0.001264   -0.000000    0.001141
        -0.000000   -0.000686   -0.000000
         0.001129   -0.000000   -0.003496

siesta: Pressure (total):          1.55814778  kBar

cgvc: Finished line minimization   13.  Mean atomic displacement =    0.0396

                     ====================================
                        Begin CG opt. move =     38
                     ====================================
k-point displ. along   2 input, could be:     0.00    0.50
k-point displ. along   3 input, could be:     0.00    0.50
 Kpoints in:           24 . Kpoints trimmed:           23

siesta: k-grid: Number of k-points = 23
siesta: k-points from Monkhorst-Pack grid
siesta: k-cutoff (effective) =     8.071 Ang
siesta: k-point supercell and displacements
siesta: k-grid:     3     0     0      0.000
siesta: k-grid:     0     6     0      0.000
siesta: k-grid:     0     0     2      0.000

superc: Internal auxiliary supercell:     7 x    11 x     5  =     385
superc: Number of atoms, orbitals, and projectors:   3080  70070  55440

outcell: Unit cell vectors (Ang):
        5.410143   -0.000000   -0.546252
       -0.000000    2.822406   -0.000000
       -0.772517   -0.000000    8.033869

outcell: Cell vector modules (Ang)   :    5.437650    2.822406    8.070926
outcell: Cell angles (23,13,12) (deg):     90.0000    101.2580     90.0000
outcell: Cell volume (Ang**3)        :    121.4831
<dSpData1D:S at geom step 38
  <sparsity:sparsity for geom step 38
    nrows_g=182 nrows=7 sparsity=1.3088 nnzs=43354, refcount: 7>
  <dData1D:(new from dSpData1D) n=43354, refcount: 1>
refcount: 1>
new_DM -- step:    39
Re-using DM from previous geometries...
Number of DMs in history: 1
 DM extrapolation coefficients: 
1   1.00000
New DM after history re-use:
<dSpData2D:SpM extrapolated using coords
  <sparsity:sparsity for geom step 38
    nrows_g=182 nrows=7 sparsity=1.3088 nnzs=43354, refcount: 9>
  <dData2D:(temp array for extrapolation) n=43354 m=2, refcount: 1>
refcount: 1>
No. of atoms with KB's overlaping orbs in proc 0. Max # of overlaps:     137    1273

InitMesh: MESH = 60 x 30 x 90 = 162000
InitMesh: Mesh cutoff (required, used) =   300.000   312.252 Ry
New grid distribution [1]: sub = 2
New grid distribution [2]: sub = 2
New grid distribution [3]: sub = 2
Setting up quadratic distribution...

        iscf     Eharris(eV)        E_KS(eV)     FreeEng(eV)     dDmax    Ef(eV) dHmax(eV)
   scf:    1   -18367.886769   -18367.523229   -18367.533213  0.365300 -6.356553  0.295392
     spin moment: {S} , |S| = {        0.0        0.0   -0.00042 }    -0.00042
   scf:    2   -18366.079010   -18367.066419   -18367.076035  0.253525 -6.406631  2.209972
     spin moment: {S} , |S| = {        0.0        0.0   -0.00009 }    -0.00009
   scf:    3   -18367.571657   -18367.534138   -18367.544019  0.220051 -6.356358  0.093374
     spin moment: {S} , |S| = {        0.0        0.0   -0.00038 }    -0.00038
   scf:    4   -18367.535712   -18367.535171   -18367.544993  0.014839 -6.352876  0.039358
     spin moment: {S} , |S| = {        0.0        0.0   -0.00035 }    -0.00035
   scf:    5   -18367.535530   -18367.535413   -18367.545235  0.007936 -6.351727  0.017895
     spin moment: {S} , |S| = {        0.0        0.0   -0.00035 }    -0.00035
   scf:    6   -18367.535423   -18367.535419   -18367.545243  0.000376 -6.351509  0.017455
     spin moment: {S} , |S| = {        0.0        0.0   -0.00030 }    -0.00030

SCF Convergence by DM criterion
max |DM_out - DM_in|         :     0.0003763773
max |H_out - H_in|      (eV) :     0.0174552883
SCF cycle converged after 6 iterations

Using DM_out to compute the final energy and forces
No. of atoms with KB's overlaping orbs in proc 0. Max # of overlaps:     137    1273

siesta: E_KS(eV) =           -18367.5354

siesta: Atomic forces (eV/Ang):
     1    0.000297   -0.000000    0.002848
     2   -0.041376   -0.000001   -0.006420
     3    0.039467    0.000000    0.006730
     4   -0.000068    0.000000   -0.004493
     5   -0.046944   -0.000002   -0.013815
     6    0.047211    0.000001    0.013322
     7   -0.015186   -0.000003   -0.018798
     8    0.015917    0.000005    0.019289
----------------------------------------
   Tot   -0.000682    0.000000   -0.001338
----------------------------------------
   Max    0.047211
   Res    0.019785    sqrt( Sum f_i^2 / 3N )
----------------------------------------
   Max    0.047211    constrained

Stress tensor Voigt[x,y,z,yz,xz,xy] (kbar):        3.31       -2.33        0.07       -0.00        1.03       -0.00
(Free)E + p*V (eV/cell)   -18367.5719
Target enthalpy (eV/cell)   -18367.5452

siesta: Stress tensor (static) (eV/Ang**3):
         0.002069   -0.000000    0.000635
        -0.000000   -0.001452   -0.000000
         0.000645   -0.000000    0.000041

siesta: Pressure (static):         -0.35163163  kBar

siesta: Stress tensor (total) (eV/Ang**3):
         0.002069   -0.000000    0.000635
        -0.000000   -0.001452   -0.000000
         0.000645   -0.000000    0.000041

siesta: Pressure (total):         -0.35163163  kBar

outcoor: Relaxed atomic coordinates (fractional):           
    0.09106748   -0.00000044   -0.01482366   1       1  Ga
    0.57821683   -0.00000049   -0.03110828   1       2  Ga
    0.17178655    0.49999952    0.28108960   1       3  Ga
    0.65889143    0.49999957    0.26483140   1       4  Ga
    0.50896739   -0.00000047    0.53016043   1       5  Ga
    0.24095485    0.49999941    0.71983833   1       6  Ga
   -0.03147957   -0.00000044    0.49186902   2       7  Mn
    0.78141121    0.49999922    0.75809800   2       8  Mn

outcell: Unit cell vectors (Ang):
        5.410143   -0.000000   -0.546252
       -0.000000    2.822406   -0.000000
       -0.772517   -0.000000    8.033869

outcell: Cell vector modules (Ang)   :    5.437650    2.822406    8.070926
outcell: Cell angles (23,13,12) (deg):     90.0000    101.2580     90.0000
outcell: Cell volume (Ang**3)        :    121.4831

coxmol: Writing XMOL coordinates into file hea.xyz                                                                                                                                                                                                                             
Writing WFSX for COOP/COHP in hea.fullBZ.WFSX

diag: Algorithm                                     = D&C
diag: Parallel over k                               =   F
diag: Use parallel 2D distribution                  =   T
diag: Parallel block-size                           = 5
diag: Parallel distribution                         =     6 x     6
diag: Used triangular part                          = Lower
diag: Absolute tolerance                            =  0.100E-15
diag: Orthogonalization factor                      =  0.100E-05
diag: Memory factor                                 =  1.0000

diag: Algorithm                                     = D&C
diag: Parallel over k                               =   F
diag: Use parallel 2D distribution                  =   T
diag: Parallel block-size                           = 5
diag: Parallel distribution                         =     6 x     6
diag: Used triangular part                          = Lower
diag: Absolute tolerance                            =  0.100E-15
diag: Orthogonalization factor                      =  0.100E-05
diag: Memory factor                                 =  1.0000

siesta: PDOS info
siesta: E1 -- E2, sigma [eV], nhist:  -20.000 --   20.000    0.100 1000

diag: Algorithm                                     = D&C
diag: Parallel over k                               =   F
diag: Use parallel 2D distribution                  =   T
diag: Parallel block-size                           = 5
diag: Parallel distribution                         =     6 x     6
diag: Used triangular part                          = Lower
diag: Absolute tolerance                            =  0.100E-15
diag: Orthogonalization factor                      =  0.100E-05
diag: Memory factor                                 =  1.0000

siesta: Program's energy decomposition (eV):
siesta: Ebs     =     -2583.657861
siesta: Eions   =     21540.611752
siesta: Ena     =      1268.507916
siesta: Ekin    =     12818.649155
siesta: Enl     =     -6590.648691
siesta: Eso     =         0.000000
siesta: Edftu   =         0.000000
siesta: DEna    =        44.922340
siesta: DUscf   =         0.811043
siesta: DUext   =         0.000000
siesta: Ex      =     -4116.221705
siesta: Ec      =      -252.943725
siesta: Exc     =     -4369.165430
siesta: EbV     =         0.000000
siesta: eta*DQ  =         0.000000
siesta: Emadel  =         0.000000
siesta: Emeta   =         0.000000
siesta: Emolmec =         0.000000
siesta: Ekinion =         0.000000
siesta: Eharris =    -18367.535423
siesta: Etot    =    -18367.535419
siesta: FreeEng =    -18367.545243

siesta: Final energy (eV):
siesta:  Band Struct. =   -2583.657861
siesta:       Kinetic =   12818.649155
siesta:       Hartree =    4690.216185
siesta:         Edftu =       0.000000
siesta:       Eso     =       0.000000
siesta:    Ext. field =       0.000000
siesta:         Exch. =   -4116.221705
siesta:         Corr. =    -252.943725
siesta:     Bulk bias =       0.000000
siesta:   Exch.-corr. =   -4369.165430
siesta:  Ion-electron =  -21713.603643
siesta:       Ion-ion =   -9793.631686
siesta:       Ekinion =       0.000000
siesta: D3 dispersion =       0.000000
siesta:         Total =  -18367.535419
siesta:         Fermi =      -6.351509

siesta: Stress tensor (static) (eV/Ang**3):
siesta:     0.002069   -0.000000    0.000635
siesta:    -0.000000   -0.001452   -0.000000
siesta:     0.000645   -0.000000    0.000041

siesta: Constrained stress tensor (static) (eV/Ang**3):
siesta:     0.002069   -0.000000    0.000640
siesta:    -0.000000   -0.001452   -0.000000
siesta:     0.000640   -0.000000    0.000041

siesta: Cell volume =        121.483101 Ang**3

siesta: Pressure (static):
siesta:                Solid            Molecule  Units
siesta:          -0.00000239         -0.00000116  Ry/Bohr**3
siesta:          -0.00021947         -0.00010651  eV/Ang**3
siesta:          -0.35163163         -0.17064745  kBar
(Free)E+ p_basis*V_orbitals  =      -18317.176367
(Free)Eharris+ p_basis*V_orbitals  =      -18317.176372

mulliken: Atomic and Orbital Populations:

mulliken: Spin UP 

Species: Ga                  
Atom  Qatom  Qorb
               4s      4s      4s      4py     4pz     4px     4py     4pz     
               4px     4py     4pz     4px     3dxy    3dyz    3dz2    3dxz    
               3dx2-y2 4dxy    4dyz    4dz2    4dxz    4dx2-y2 
   1  6.616   0.763  -0.258   0.289  -0.463  -0.300  -0.539   0.392   0.273
              0.269   0.206   0.231   0.466   0.997   0.997   0.998   0.997

              0.998   0.044   0.053   0.095   0.035   0.071
   2  6.542   0.764  -0.251   0.269  -0.406  -0.419  -0.386   0.356   0.265
              0.159   0.210   0.299   0.412   0.998   0.997   0.998   0.997

              0.998   0.041   0.066   0.052   0.044   0.080
   3  6.454   0.743  -0.232   0.265  -0.363  -0.374  -0.385   0.321   0.226
              0.152   0.174   0.279   0.395   0.998   0.997   0.998   0.997

              0.998   0.035   0.063   0.048   0.044   0.073
   4  6.520   0.764  -0.245   0.274  -0.440  -0.317  -0.485   0.367   0.232
              0.227   0.193   0.261   0.413   0.997   0.997   0.998   0.997

              0.998   0.041   0.052   0.089   0.041   0.065
   5  6.753   0.796  -0.289   0.313  -0.137  -0.340   0.150   0.413   0.437
              0.238  -0.056   0.020  -0.026   0.998   0.998   0.999   0.998

              0.998   0.087   0.062   0.054   0.001   0.039
   6  6.691   0.826  -0.299   0.302  -0.174  -0.269   0.070   0.389   0.394
              0.281  -0.054  -0.021  -0.006   0.999   0.998   0.998   0.999

              0.998   0.107   0.068   0.051   0.013   0.021

Species: Mn                  
Atom  Qatom  Qorb
               3s      4s      4s      4s      3py     3pz     3px     4py     
               4pz     4px     3dxy    3dyz    3dz2    3dxz    3dx2-y2 3dxy    
               3dyz    3dz2    3dxz    3dx2-y2 3dxy    3dyz    3dz2    3dxz    
               3dx2-y2 
   7  8.669   0.976  -1.301   0.283   0.715   0.996   0.996   0.996   0.245
              0.251   0.231   1.275   1.289   1.228   1.262   1.154  -0.072

             -0.073  -0.064  -0.085  -0.053  -0.302  -0.353  -0.276  -0.341

             -0.308
   8  5.754   0.956  -1.402   0.306   0.732   0.995   0.994   0.994   0.189
              0.174   0.160   0.355   0.371   0.421   0.684   0.746  -0.040

             -0.036  -0.036  -0.071  -0.057  -0.068  -0.081  -0.099  -0.196

             -0.237

mulliken: Qtot =       54.000

mulliken: Spin DOWN 

Species: Ga                  
Atom  Qatom  Qorb
               4s      4s      4s      4py     4pz     4px     4py     4pz     
               4px     4py     4pz     4px     3dxy    3dyz    3dz2    3dxz    
               3dx2-y2 4dxy    4dyz    4dz2    4dxz    4dx2-y2 
   1  6.520   0.764  -0.245   0.275  -0.440  -0.318  -0.485   0.367   0.232
              0.227   0.193   0.262   0.413   0.997   0.997   0.998   0.997

              0.998   0.041   0.052   0.089   0.041   0.065
   2  6.453   0.744  -0.232   0.265  -0.363  -0.374  -0.385   0.321   0.226
              0.152   0.174   0.280   0.394   0.998   0.997   0.998   0.997

              0.998   0.035   0.063   0.048   0.044   0.073
   3  6.542   0.764  -0.251   0.269  -0.406  -0.418  -0.386   0.356   0.265
              0.159   0.210   0.299   0.412   0.998   0.997   0.998   0.997

              0.998   0.041   0.066   0.052   0.044   0.080
   4  6.616   0.763  -0.258   0.289  -0.463  -0.300  -0.539   0.392   0.272
              0.269   0.206   0.231   0.466   0.997   0.997   0.998   0.997

              0.998   0.044   0.053   0.095   0.036   0.071
   5  6.691   0.826  -0.299   0.302  -0.175  -0.269   0.071   0.389   0.393
              0.281  -0.054  -0.022  -0.006   0.999   0.998   0.998   0.999

              0.998   0.107   0.068   0.051   0.013   0.021
   6  6.753   0.796  -0.289   0.313  -0.137  -0.340   0.149   0.413   0.437
              0.238  -0.056   0.020  -0.026   0.998   0.998   0.999   0.998

              0.998   0.087   0.062   0.054   0.001   0.039

Species: Mn                  
Atom  Qatom  Qorb
               3s      4s      4s      4s      3py     3pz     3px     4py     
               4pz     4px     3dxy    3dyz    3dz2    3dxz    3dx2-y2 3dxy    
               3dyz    3dz2    3dxz    3dx2-y2 3dxy    3dyz    3dz2    3dxz    
               3dx2-y2 
   7  5.755   0.956  -1.401   0.306   0.731   0.995   0.994   0.994   0.189
              0.174   0.160   0.355   0.371   0.421   0.684   0.746  -0.040

             -0.036  -0.036  -0.071  -0.057  -0.068  -0.081  -0.099  -0.196

             -0.237
   8  8.669   0.976  -1.302   0.284   0.716   0.996   0.996   0.996   0.245
              0.251   0.231   1.275   1.289   1.228   1.262   1.154  -0.072

             -0.073  -0.064  -0.085  -0.053  -0.302  -0.353  -0.276  -0.341

             -0.308

mulliken: Qtot =       54.000

Mulliken Atomic Populations:
Atom #   charge [q] valence [e]      Sz [e]  Species
     1    -0.136354   13.136354    0.095650  Ga
     2     0.004518   12.995482    0.088615  Ga
     3     0.004386   12.995614   -0.088594  Ga
     4    -0.136204   13.136204   -0.095744  Ga
     5    -0.444664   13.444664    0.062272  Ga
     6    -0.444328   13.444328   -0.062191  Ga
     7     0.576069   14.423931    2.914509  Mn
     8     0.576577   14.423423   -2.914821  Mn
-------------------------------------------
 Total    -0.000000               -0.000303

cite: Please indicate the Siesta version in published work: 5.2.2
cite: This calculation has made use of features in the following articles
cite: which we encourage you to cite in published work.
cite: (Please see "hea.bib" for a BibTeX file.)
        Primary SIESTA paper
          DOI: www.doi.org/10.1088/0953-8984/14/11/302
        PSML pseudopotential format
          DOI: www.doi.org/10.1016/j.cpc.2018.02.011


>> End of run:  30-JUL-2025   5:28:47
Job completed
