#
#   partial DOS for atom species: Ni
#
#   Add data for atom_index =        3,  n,l,m,z=  3  0  0  1
#   Add data for atom_index =        3,  n,l,m,z=  4  0  0  1
#   Add data for atom_index =        3,  n,l,m,z=  4  0  0  2
#   Add data for atom_index =        3,  n,l,m,z=  3  1 -1  1
#   Add data for atom_index =        3,  n,l,m,z=  3  1  0  1
#   Add data for atom_index =        3,  n,l,m,z=  3  1  1  1
#   Add data for atom_index =        3,  n,l,m,z=  4  1 -1  1
#   Add data for atom_index =        3,  n,l,m,z=  4  1  0  1
#   Add data for atom_index =        3,  n,l,m,z=  4  1  1  1
#   Add data for atom_index =        3,  n,l,m,z=  3  2 -2  1
#   Add data for atom_index =        3,  n,l,m,z=  3  2 -1  1
#   Add data for atom_index =        3,  n,l,m,z=  3  2  0  1
#   Add data for atom_index =        3,  n,l,m,z=  3  2  1  1
#   Add data for atom_index =        3,  n,l,m,z=  3  2  2  1
#   Add data for atom_index =        3,  n,l,m,z=  3  2 -2  2
#   Add data for atom_index =        3,  n,l,m,z=  3  2 -1  2
#   Add data for atom_index =        3,  n,l,m,z=  3  2  0  2
#   Add data for atom_index =        3,  n,l,m,z=  3  2  1  2
#   Add data for atom_index =        3,  n,l,m,z=  3  2  2  2
#   Add data for atom_index =        4,  n,l,m,z=  3  0  0  1
#   Add data for atom_index =        4,  n,l,m,z=  4  0  0  1
#   Add data for atom_index =        4,  n,l,m,z=  4  0  0  2
#   Add data for atom_index =        4,  n,l,m,z=  3  1 -1  1
#   Add data for atom_index =        4,  n,l,m,z=  3  1  0  1
#   Add data for atom_index =        4,  n,l,m,z=  3  1  1  1
#   Add data for atom_index =        4,  n,l,m,z=  4  1 -1  1
#   Add data for atom_index =        4,  n,l,m,z=  4  1  0  1
#   Add data for atom_index =        4,  n,l,m,z=  4  1  1  1
#   Add data for atom_index =        4,  n,l,m,z=  3  2 -2  1
#   Add data for atom_index =        4,  n,l,m,z=  3  2 -1  1
#   Add data for atom_index =        4,  n,l,m,z=  3  2  0  1
#   Add data for atom_index =        4,  n,l,m,z=  3  2  1  1
#   Add data for atom_index =        4,  n,l,m,z=  3  2  2  1
#   Add data for atom_index =        4,  n,l,m,z=  3  2 -2  2
#   Add data for atom_index =        4,  n,l,m,z=  3  2 -1  2
#   Add data for atom_index =        4,  n,l,m,z=  3  2  0  2
#   Add data for atom_index =        4,  n,l,m,z=  3  2  1  2
#   Add data for atom_index =        4,  n,l,m,z=  3  2  2  2
#   Add data for atom_index =        5,  n,l,m,z=  3  0  0  1
#   Add data for atom_index =        5,  n,l,m,z=  4  0  0  1
#   Add data for atom_index =        5,  n,l,m,z=  4  0  0  2
#   Add data for atom_index =        5,  n,l,m,z=  3  1 -1  1
#   Add data for atom_index =        5,  n,l,m,z=  3  1  0  1
#   Add data for atom_index =        5,  n,l,m,z=  3  1  1  1
#   Add data for atom_index =        5,  n,l,m,z=  4  1 -1  1
#   Add data for atom_index =        5,  n,l,m,z=  4  1  0  1
#   Add data for atom_index =        5,  n,l,m,z=  4  1  1  1
#   Add data for atom_index =        5,  n,l,m,z=  3  2 -2  1
#   Add data for atom_index =        5,  n,l,m,z=  3  2 -1  1
#   Add data for atom_index =        5,  n,l,m,z=  3  2  0  1
#   Add data for atom_index =        5,  n,l,m,z=  3  2  1  1
#   Add data for atom_index =        5,  n,l,m,z=  3  2  2  1
#   Add data for atom_index =        5,  n,l,m,z=  3  2 -2  2
#   Add data for atom_index =        5,  n,l,m,z=  3  2 -1  2
#   Add data for atom_index =        5,  n,l,m,z=  3  2  0  2
#   Add data for atom_index =        5,  n,l,m,z=  3  2  1  2
#   Add data for atom_index =        5,  n,l,m,z=  3  2  2  2
#
#    Energy          spin 1        spin2
#
  -30.0000000     0.00000000     0.00000000
  -29.9899983     0.00000000     0.00000000
  -29.9799967     0.00000000     0.00000000
  -29.9699950     0.00000000     0.00000000
  -29.9599933     0.00000000     0.00000000
  -29.9499917     0.00000000     0.00000000
  -29.9399900     0.00000000     0.00000000
  -29.9299883     0.00000000     0.00000000
  -29.9199867     0.00000000     0.00000000
  -29.9099850     0.00000000     0.00000000
  -29.8999833     0.00000000     0.00000000
  -29.8899817     0.00000000     0.00000000
  -29.8799800     0.00000000     0.00000000
  -29.8699783     0.00000000     0.00000000
  -29.8599767     0.00000000     0.00000000
  -29.8499750     0.00000000     0.00000000
  -29.8399733     0.00000000     0.00000000
  -29.8299717     0.00000000     0.00000000
  -29.8199700     0.00000000     0.00000000
  -29.8099683     0.00000000     0.00000000
  -29.7999667     0.00000000     0.00000000
  -29.7899650     0.00000000     0.00000000
  -29.7799633     0.00000000     0.00000000
  -29.7699617     0.00000000     0.00000000
  -29.7599600     0.00000000     0.00000000
  -29.7499583     0.00000000     0.00000000
  -29.7399567     0.00000000     0.00000000
  -29.7299550     0.00000000     0.00000000
  -29.7199533     0.00000000     0.00000000
  -29.7099517     0.00000000     0.00000000
  -29.6999500     0.00000000     0.00000000
  -29.6899483     0.00000000     0.00000000
  -29.6799467     0.00000000     0.00000000
  -29.6699450     0.00000000     0.00000000
  -29.6599433     0.00000000     0.00000000
  -29.6499417     0.00000000     0.00000000
  -29.6399400     0.00000000     0.00000000
  -29.6299383     0.00000000     0.00000000
  -29.6199367     0.00000000     0.00000000
  -29.6099350     0.00000000     0.00000000
  -29.5999333     0.00000000     0.00000000
  -29.5899317     0.00000000     0.00000000
  -29.5799300     0.00000000     0.00000000
  -29.5699283     0.00000000     0.00000000
  -29.5599267     0.00000000     0.00000000
  -29.5499250     0.00000000     0.00000000
  -29.5399233     0.00000000     0.00000000
  -29.5299217     0.00000000     0.00000000
  -29.5199200     0.00000000     0.00000000
  -29.5099183     0.00000000     0.00000000
  -29.4999167     0.00000000     0.00000000
  -29.4899150     0.00000000     0.00000000
  -29.4799133     0.00000000     0.00000000
  -29.4699117     0.00000000     0.00000000
  -29.4599100     0.00000000     0.00000000
  -29.4499083     0.00000000     0.00000000
  -29.4399067     0.00000000     0.00000000
  -29.4299050     0.00000000     0.00000000
  -29.4199033     0.00000000     0.00000000
  -29.4099017     0.00000000     0.00000000
  -29.3999000     0.00000000     0.00000000
  -29.3898983     0.00000000     0.00000000
  -29.3798966     0.00000000     0.00000000
  -29.3698950     0.00000000     0.00000000
  -29.3598933     0.00000000     0.00000000
  -29.3498916     0.00000000     0.00000000
  -29.3398900     0.00000000     0.00000000
  -29.3298883     0.00000000     0.00000000
  -29.3198866     0.00000000     0.00000000
  -29.3098850     0.00000000     0.00000000
  -29.2998833     0.00000000     0.00000000
  -29.2898816     0.00000000     0.00000000
  -29.2798800     0.00000000     0.00000000
  -29.2698783     0.00000000     0.00000000
  -29.2598766     0.00000000     0.00000000
  -29.2498750     0.00000000     0.00000000
  -29.2398733     0.00000000     0.00000000
  -29.2298716     0.00000000     0.00000000
  -29.2198700     0.00000000     0.00000000
  -29.2098683     0.00000000     0.00000000
  -29.1998666     0.00000000     0.00000000
  -29.1898650     0.00000000     0.00000000
  -29.1798633     0.00000000     0.00000000
  -29.1698616     0.00000000     0.00000000
  -29.1598600     0.00000000     0.00000000
  -29.1498583     0.00000000     0.00000000
  -29.1398566     0.00000000     0.00000000
  -29.1298550     0.00000000     0.00000000
  -29.1198533     0.00000000     0.00000000
  -29.1098516     0.00000000     0.00000000
  -29.0998500     0.00000000     0.00000000
  -29.0898483     0.00000000     0.00000000
  -29.0798466     0.00000000     0.00000000
  -29.0698450     0.00000000     0.00000000
  -29.0598433     0.00000000     0.00000000
  -29.0498416     0.00000000     0.00000000
  -29.0398400     0.00000000     0.00000000
  -29.0298383     0.00000000     0.00000000
  -29.0198366     0.00000000     0.00000000
  -29.0098350     0.00000000     0.00000000
  -28.9998333     0.00000000     0.00000000
  -28.9898316     0.00000000     0.00000000
  -28.9798300     0.00000000     0.00000000
  -28.9698283     0.00000000     0.00000000
  -28.9598266     0.00000000     0.00000000
  -28.9498250     0.00000000     0.00000000
  -28.9398233     0.00000000     0.00000000
  -28.9298216     0.00000000     0.00000000
  -28.9198200     0.00000000     0.00000000
  -28.9098183     0.00000000     0.00000000
  -28.8998166     0.00000000     0.00000000
  -28.8898150     0.00000000     0.00000000
  -28.8798133     0.00000000     0.00000000
  -28.8698116     0.00000000     0.00000000
  -28.8598100     0.00000000     0.00000000
  -28.8498083     0.00000000     0.00000000
  -28.8398066     0.00000000     0.00000000
  -28.8298050     0.00000000     0.00000000
  -28.8198033     0.00000000     0.00000000
  -28.8098016     0.00000000     0.00000000
  -28.7998000     0.00000000     0.00000000
  -28.7897983     0.00000000     0.00000000
  -28.7797966     0.00000000     0.00000000
  -28.7697950     0.00000000     0.00000000
  -28.7597933     0.00000000     0.00000000
  -28.7497916     0.00000000     0.00000000
  -28.7397900     0.00000000     0.00000000
  -28.7297883     0.00000000     0.00000000
  -28.7197866     0.00000000     0.00000000
  -28.7097850     0.00000000     0.00000000
  -28.6997833     0.00000000     0.00000000
  -28.6897816     0.00000000     0.00000000
  -28.6797800     0.00000000     0.00000000
  -28.6697783     0.00000000     0.00000000
  -28.6597766     0.00000000     0.00000000
  -28.6497750     0.00000000     0.00000000
  -28.6397733     0.00000000     0.00000000
  -28.6297716     0.00000000     0.00000000
  -28.6197700     0.00000000     0.00000000
  -28.6097683     0.00000000     0.00000000
  -28.5997666     0.00000000     0.00000000
  -28.5897650     0.00000000     0.00000000
  -28.5797633     0.00000000     0.00000000
  -28.5697616     0.00000000     0.00000000
  -28.5597600     0.00000000     0.00000000
  -28.5497583     0.00000000     0.00000000
  -28.5397566     0.00000000     0.00000000
  -28.5297550     0.00000000     0.00000000
  -28.5197533     0.00000000     0.00000000
  -28.5097516     0.00000000     0.00000000
  -28.4997500     0.00000000     0.00000000
  -28.4897483     0.00000000     0.00000000
  -28.4797466     0.00000000     0.00000000
  -28.4697450     0.00000000     0.00000000
  -28.4597433     0.00000000     0.00000000
  -28.4497416     0.00000000     0.00000000
  -28.4397400     0.00000000     0.00000000
  -28.4297383     0.00000000     0.00000000
  -28.4197366     0.00000000     0.00000000
  -28.4097350     0.00000000     0.00000000
  -28.3997333     0.00000000     0.00000000
  -28.3897316     0.00000000     0.00000000
  -28.3797300     0.00000000     0.00000000
  -28.3697283     0.00000000     0.00000000
  -28.3597266     0.00000000     0.00000000
  -28.3497250     0.00000000     0.00000000
  -28.3397233     0.00000000     0.00000000
  -28.3297216     0.00000000     0.00000000
  -28.3197200     0.00000000     0.00000000
  -28.3097183     0.00000000     0.00000000
  -28.2997166     0.00000000     0.00000000
  -28.2897150     0.00000000     0.00000000
  -28.2797133     0.00000000     0.00000000
  -28.2697116     0.00000000     0.00000000
  -28.2597100     0.00000000     0.00000000
  -28.2497083     0.00000000     0.00000000
  -28.2397066     0.00000000     0.00000000
  -28.2297050     0.00000000     0.00000000
  -28.2197033     0.00000000     0.00000000
  -28.2097016     0.00000000     0.00000000
  -28.1996999     0.00000000     0.00000000
  -28.1896983     0.00000000     0.00000000
  -28.1796966     0.00000000     0.00000000
  -28.1696949     0.00000000     0.00000000
  -28.1596933     0.00000000     0.00000000
  -28.1496916     0.00000000     0.00000000
  -28.1396899     0.00000000     0.00000000
  -28.1296883     0.00000000     0.00000000
  -28.1196866     0.00000000     0.00000000
  -28.1096849     0.00000000     0.00000000
  -28.0996833     0.00000000     0.00000000
  -28.0896816     0.00000000     0.00000000
  -28.0796799     0.00000000     0.00000000
  -28.0696783     0.00000000     0.00000000
  -28.0596766     0.00000000     0.00000000
  -28.0496749     0.00000000     0.00000000
  -28.0396733     0.00000000     0.00000000
  -28.0296716     0.00000000     0.00000000
  -28.0196699     0.00000000     0.00000000
  -28.0096683     0.00000000     0.00000000
  -27.9996666     0.00000000     0.00000000
  -27.9896649     0.00000000     0.00000000
  -27.9796633     0.00000000     0.00000000
  -27.9696616     0.00000000     0.00000000
  -27.9596599     0.00000000     0.00000000
  -27.9496583     0.00000000     0.00000000
  -27.9396566     0.00000000     0.00000000
  -27.9296549     0.00000000     0.00000000
  -27.9196533     0.00000000     0.00000000
  -27.9096516     0.00000000     0.00000000
  -27.8996499     0.00000000     0.00000000
  -27.8896483     0.00000000     0.00000000
  -27.8796466     0.00000000     0.00000000
  -27.8696449     0.00000000     0.00000000
  -27.8596433     0.00000000     0.00000000
  -27.8496416     0.00000000     0.00000000
  -27.8396399     0.00000000     0.00000000
  -27.8296383     0.00000000     0.00000000
  -27.8196366     0.00000000     0.00000000
  -27.8096349     0.00000000     0.00000000
  -27.7996333     0.00000000     0.00000000
  -27.7896316     0.00000000     0.00000000
  -27.7796299     0.00000000     0.00000000
  -27.7696283     0.00000000     0.00000000
  -27.7596266     0.00000000     0.00000000
  -27.7496249     0.00000000     0.00000000
  -27.7396233     0.00000000     0.00000000
  -27.7296216     0.00000000     0.00000000
  -27.7196199     0.00000000     0.00000000
  -27.7096183     0.00000000     0.00000000
  -27.6996166     0.00000000     0.00000000
  -27.6896149     0.00000000     0.00000000
  -27.6796133     0.00000000     0.00000000
  -27.6696116     0.00000000     0.00000000
  -27.6596099     0.00000000     0.00000000
  -27.6496083     0.00000000     0.00000000
  -27.6396066     0.00000000     0.00000000
  -27.6296049     0.00000000     0.00000000
  -27.6196033     0.00000000     0.00000000
  -27.6096016     0.00000000     0.00000000
  -27.5995999     0.00000000     0.00000000
  -27.5895983     0.00000000     0.00000000
  -27.5795966     0.00000000     0.00000000
  -27.5695949     0.00000000     0.00000000
  -27.5595933     0.00000000     0.00000000
  -27.5495916     0.00000000     0.00000000
  -27.5395899     0.00000000     0.00000000
  -27.5295883     0.00000000     0.00000000
  -27.5195866     0.00000000     0.00000000
  -27.5095849     0.00000000     0.00000000
  -27.4995833     0.00000000     0.00000000
  -27.4895816     0.00000000     0.00000000
  -27.4795799     0.00000000     0.00000000
  -27.4695783     0.00000000     0.00000000
  -27.4595766     0.00000000     0.00000000
  -27.4495749     0.00000000     0.00000000
  -27.4395733     0.00000000     0.00000000
  -27.4295716     0.00000000     0.00000000
  -27.4195699     0.00000000     0.00000000
  -27.4095683     0.00000000     0.00000000
  -27.3995666     0.00000000     0.00000000
  -27.3895649     0.00000000     0.00000000
  -27.3795633     0.00000000     0.00000000
  -27.3695616     0.00000000     0.00000000
  -27.3595599     0.00000000     0.00000000
  -27.3495583     0.00000000     0.00000000
  -27.3395566     0.00000000     0.00000000
  -27.3295549     0.00000000     0.00000000
  -27.3195533     0.00000000     0.00000000
  -27.3095516     0.00000000     0.00000000
  -27.2995499     0.00000000     0.00000000
  -27.2895483     0.00000000     0.00000000
  -27.2795466     0.00000000     0.00000000
  -27.2695449     0.00000000     0.00000000
  -27.2595433     0.00000000     0.00000000
  -27.2495416     0.00000000     0.00000000
  -27.2395399     0.00000000     0.00000000
  -27.2295383     0.00000000     0.00000000
  -27.2195366     0.00000000     0.00000000
  -27.2095349     0.00000000     0.00000000
  -27.1995333     0.00000000     0.00000000
  -27.1895316     0.00000000     0.00000000
  -27.1795299     0.00000000     0.00000000
  -27.1695283     0.00000000     0.00000000
  -27.1595266     0.00000000     0.00000000
  -27.1495249     0.00000000     0.00000000
  -27.1395233     0.00000000     0.00000000
  -27.1295216     0.00000000     0.00000000
  -27.1195199     0.00000000     0.00000000
  -27.1095183     0.00000000     0.00000000
  -27.0995166     0.00000000     0.00000000
  -27.0895149     0.00000000     0.00000000
  -27.0795133     0.00000000     0.00000000
  -27.0695116     0.00000000     0.00000000
  -27.0595099     0.00000000     0.00000000
  -27.0495083     0.00000000     0.00000000
  -27.0395066     0.00000000     0.00000000
  -27.0295049     0.00000000     0.00000000
  -27.0195033     0.00000000     0.00000000
  -27.0095016     0.00000000     0.00000000
  -26.9994999     0.00000000     0.00000000
  -26.9894982     0.00000000     0.00000000
  -26.9794966     0.00000000     0.00000000
  -26.9694949     0.00000000     0.00000000
  -26.9594932     0.00000000     0.00000000
  -26.9494916     0.00000000     0.00000000
  -26.9394899     0.00000000     0.00000000
  -26.9294882     0.00000000     0.00000000
  -26.9194866     0.00000000     0.00000000
  -26.9094849     0.00000000     0.00000000
  -26.8994832     0.00000000     0.00000000
  -26.8894816     0.00000000     0.00000000
  -26.8794799     0.00000000     0.00000000
  -26.8694782     0.00000000     0.00000000
  -26.8594766     0.00000000     0.00000000
  -26.8494749     0.00000000     0.00000000
  -26.8394732     0.00000000     0.00000000
  -26.8294716     0.00000000     0.00000000
  -26.8194699     0.00000000     0.00000000
  -26.8094682     0.00000000     0.00000000
  -26.7994666     0.00000000     0.00000000
  -26.7894649     0.00000000     0.00000000
  -26.7794632     0.00000000     0.00000000
  -26.7694616     0.00000000     0.00000000
  -26.7594599     0.00000000     0.00000000
  -26.7494582     0.00000000     0.00000000
  -26.7394566     0.00000000     0.00000000
  -26.7294549     0.00000000     0.00000000
  -26.7194532     0.00000000     0.00000000
  -26.7094516     0.00000000     0.00000000
  -26.6994499     0.00000000     0.00000000
  -26.6894482     0.00000000     0.00000000
  -26.6794466     0.00000000     0.00000000
  -26.6694449     0.00000000     0.00000000
  -26.6594432     0.00000000     0.00000000
  -26.6494416     0.00000000     0.00000000
  -26.6394399     0.00000000     0.00000000
  -26.6294382     0.00000000     0.00000000
  -26.6194366     0.00000000     0.00000000
  -26.6094349     0.00000000     0.00000000
  -26.5994332     0.00000000     0.00000000
  -26.5894316     0.00000000     0.00000000
  -26.5794299     0.00000000     0.00000000
  -26.5694282     0.00000000     0.00000000
  -26.5594266     0.00000000     0.00000000
  -26.5494249     0.00000000     0.00000000
  -26.5394232     0.00000000     0.00000000
  -26.5294216     0.00000000     0.00000000
  -26.5194199     0.00000000     0.00000000
  -26.5094182     0.00000000     0.00000000
  -26.4994166     0.00000000     0.00000000
  -26.4894149     0.00000000     0.00000000
  -26.4794132     0.00000000     0.00000000
  -26.4694116     0.00000000     0.00000000
  -26.4594099     0.00000000     0.00000000
  -26.4494082     0.00000000     0.00000000
  -26.4394066     0.00000000     0.00000000
  -26.4294049     0.00000000     0.00000000
  -26.4194032     0.00000000     0.00000000
  -26.4094016     0.00000000     0.00000000
  -26.3993999     0.00000000     0.00000000
  -26.3893982     0.00000000     0.00000000
  -26.3793966     0.00000000     0.00000000
  -26.3693949     0.00000000     0.00000000
  -26.3593932     0.00000000     0.00000000
  -26.3493916     0.00000000     0.00000000
  -26.3393899     0.00000000     0.00000000
  -26.3293882     0.00000000     0.00000000
  -26.3193866     0.00000000     0.00000000
  -26.3093849     0.00000000     0.00000000
  -26.2993832     0.00000000     0.00000000
  -26.2893816     0.00000000     0.00000000
  -26.2793799     0.00000000     0.00000000
  -26.2693782     0.00000000     0.00000000
  -26.2593766     0.00000000     0.00000000
  -26.2493749     0.00000000     0.00000000
  -26.2393732     0.00000000     0.00000000
  -26.2293716     0.00000000     0.00000000
  -26.2193699     0.00000000     0.00000000
  -26.2093682     0.00000000     0.00000000
  -26.1993666     0.00000000     0.00000000
  -26.1893649     0.00000000     0.00000000
  -26.1793632     0.00000000     0.00000000
  -26.1693616     0.00000000     0.00000000
  -26.1593599     0.00000000     0.00000000
  -26.1493582     0.00000000     0.00000000
  -26.1393566     0.00000000     0.00000000
  -26.1293549     0.00000000     0.00000000
  -26.1193532     0.00000000     0.00000000
  -26.1093516     0.00000000     0.00000000
  -26.0993499     0.00000000     0.00000000
  -26.0893482     0.00000000     0.00000000
  -26.0793466     0.00000000     0.00000000
  -26.0693449     0.00000000     0.00000000
  -26.0593432     0.00000000     0.00000000
  -26.0493416     0.00000000     0.00000000
  -26.0393399     0.00000000     0.00000000
  -26.0293382     0.00000000     0.00000000
  -26.0193366     0.00000000     0.00000000
  -26.0093349     0.00000000     0.00000000
  -25.9993332     0.00000000     0.00000000
  -25.9893316     0.00000000     0.00000000
  -25.9793299     0.00000000     0.00000000
  -25.9693282     0.00000000     0.00000000
  -25.9593266     0.00000000     0.00000000
  -25.9493249     0.00000000     0.00000000
  -25.9393232     0.00000000     0.00000000
  -25.9293216     0.00000000     0.00000000
  -25.9193199     0.00000000     0.00000000
  -25.9093182     0.00000000     0.00000000
  -25.8993166     0.00000000     0.00000000
  -25.8893149     0.00000000     0.00000000
  -25.8793132     0.00000000     0.00000000
  -25.8693116     0.00000000     0.00000000
  -25.8593099     0.00000000     0.00000000
  -25.8493082     0.00000000     0.00000000
  -25.8393066     0.00000000     0.00000000
  -25.8293049     0.00000000     0.00000000
  -25.8193032     0.00000000     0.00000000
  -25.8093016     0.00000000     0.00000000
  -25.7992999     0.00000000     0.00000000
  -25.7892982     0.00000000     0.00000000
  -25.7792965     0.00000000     0.00000000
  -25.7692949     0.00000000     0.00000000
  -25.7592932     0.00000000     0.00000000
  -25.7492915     0.00000000     0.00000000
  -25.7392899     0.00000000     0.00000000
  -25.7292882     0.00000000     0.00000000
  -25.7192865     0.00000000     0.00000000
  -25.7092849     0.00000000     0.00000000
  -25.6992832     0.00000000     0.00000000
  -25.6892815     0.00000000     0.00000000
  -25.6792799     0.00000000     0.00000000
  -25.6692782     0.00000000     0.00000000
  -25.6592765     0.00000000     0.00000000
  -25.6492749     0.00000000     0.00000000
  -25.6392732     0.00000000     0.00000000
  -25.6292715     0.00000000     0.00000000
  -25.6192699     0.00000000     0.00000000
  -25.6092682     0.00000000     0.00000000
  -25.5992665     0.00000000     0.00000000
  -25.5892649     0.00000000     0.00000000
  -25.5792632     0.00000000     0.00000000
  -25.5692615     0.00000000     0.00000000
  -25.5592599     0.00000000     0.00000000
  -25.5492582     0.00000000     0.00000000
  -25.5392565     0.00000000     0.00000000
  -25.5292549     0.00000000     0.00000000
  -25.5192532     0.00000000     0.00000000
  -25.5092515     0.00000000     0.00000000
  -25.4992499     0.00000000     0.00000000
  -25.4892482     0.00000000     0.00000000
  -25.4792465     0.00000000     0.00000000
  -25.4692449     0.00000000     0.00000000
  -25.4592432     0.00000000     0.00000000
  -25.4492415     0.00000000     0.00000000
  -25.4392399     0.00000000     0.00000000
  -25.4292382     0.00000000     0.00000000
  -25.4192365     0.00000000     0.00000000
  -25.4092349     0.00000000     0.00000000
  -25.3992332     0.00000000     0.00000000
  -25.3892315     0.00000000     0.00000000
  -25.3792299     0.00000000     0.00000000
  -25.3692282     0.00000000     0.00000000
  -25.3592265     0.00000000     0.00000000
  -25.3492249     0.00000000     0.00000000
  -25.3392232     0.00000000     0.00000000
  -25.3292215     0.00000000     0.00000000
  -25.3192199     0.00000000     0.00000000
  -25.3092182     0.00000000     0.00000000
  -25.2992165     0.00000000     0.00000000
  -25.2892149     0.00000000     0.00000000
  -25.2792132     0.00000000     0.00000000
  -25.2692115     0.00000000     0.00000000
  -25.2592099     0.00000000     0.00000000
  -25.2492082     0.00000000     0.00000000
  -25.2392065     0.00000000     0.00000000
  -25.2292049     0.00000000     0.00000000
  -25.2192032     0.00000000     0.00000000
  -25.2092015     0.00000000     0.00000000
  -25.1991999     0.00000000     0.00000000
  -25.1891982     0.00000000     0.00000000
  -25.1791965     0.00000000     0.00000000
  -25.1691949     0.00000000     0.00000000
  -25.1591932     0.00000000     0.00000000
  -25.1491915     0.00000000     0.00000000
  -25.1391899     0.00000000     0.00000000
  -25.1291882     0.00000000     0.00000000
  -25.1191865     0.00000000     0.00000000
  -25.1091849     0.00000000     0.00000000
  -25.0991832     0.00000000     0.00000000
  -25.0891815     0.00000000     0.00000000
  -25.0791799     0.00000000     0.00000000
  -25.0691782     0.00000000     0.00000000
  -25.0591765     0.00000000     0.00000000
  -25.0491749     0.00000000     0.00000000
  -25.0391732     0.00000000     0.00000000
  -25.0291715     0.00000000     0.00000000
  -25.0191699     0.00000000     0.00000000
  -25.0091682     0.00000000     0.00000000
  -24.9991665     0.00000000     0.00000000
  -24.9891649     0.00000000     0.00000000
  -24.9791632     0.00000000     0.00000000
  -24.9691615     0.00000000     0.00000000
  -24.9591599     0.00000000     0.00000000
  -24.9491582     0.00000000     0.00000000
  -24.9391565     0.00000000     0.00000000
  -24.9291549     0.00000000     0.00000000
  -24.9191532     0.00000000     0.00000000
  -24.9091515     0.00000000     0.00000000
  -24.8991499     0.00000000     0.00000000
  -24.8891482     0.00000000     0.00000000
  -24.8791465     0.00000000     0.00000000
  -24.8691449     0.00000000     0.00000000
  -24.8591432     0.00000000     0.00000000
  -24.8491415     0.00000000     0.00000000
  -24.8391399     0.00000000     0.00000000
  -24.8291382     0.00000000     0.00000000
  -24.8191365     0.00000000     0.00000000
  -24.8091349     0.00000000     0.00000000
  -24.7991332     0.00000000     0.00000000
  -24.7891315     0.00000000     0.00000000
  -24.7791299     0.00000000     0.00000000
  -24.7691282     0.00000000     0.00000000
  -24.7591265     0.00000000     0.00000000
  -24.7491249     0.00000000     0.00000000
  -24.7391232     0.00000000     0.00000000
  -24.7291215     0.00000000     0.00000000
  -24.7191199     0.00000000     0.00000000
  -24.7091182     0.00000000     0.00000000
  -24.6991165     0.00000000     0.00000000
  -24.6891149     0.00000000     0.00000000
  -24.6791132     0.00000000     0.00000000
  -24.6691115     0.00000000     0.00000000
  -24.6591099     0.00000000     0.00000000
  -24.6491082     0.00000000     0.00000000
  -24.6391065     0.00000000     0.00000000
  -24.6291049     0.00000000     0.00000000
  -24.6191032     0.00000000     0.00000000
  -24.6091015     0.00000000     0.00000000
  -24.5990998     0.00000000     0.00000000
  -24.5890982     0.00000000     0.00000000
  -24.5790965     0.00000000     0.00000000
  -24.5690948     0.00000000     0.00000000
  -24.5590932     0.00000000     0.00000000
  -24.5490915     0.00000000     0.00000000
  -24.5390898     0.00000000     0.00000000
  -24.5290882     0.00000000     0.00000000
  -24.5190865     0.00000000     0.00000000
  -24.5090848     0.00000000     0.00000000
  -24.4990832     0.00000000     0.00000000
  -24.4890815     0.00000000     0.00000000
  -24.4790798     0.00000000     0.00000000
  -24.4690782     0.00000000     0.00000000
  -24.4590765     0.00000000     0.00000000
  -24.4490748     0.00000000     0.00000000
  -24.4390732     0.00000000     0.00000000
  -24.4290715     0.00000000     0.00000000
  -24.4190698     0.00000000     0.00000000
  -24.4090682     0.00000000     0.00000000
  -24.3990665     0.00000000     0.00000000
  -24.3890648     0.00000000     0.00000000
  -24.3790632     0.00000000     0.00000000
  -24.3690615     0.00000000     0.00000000
  -24.3590598     0.00000000     0.00000000
  -24.3490582     0.00000000     0.00000000
  -24.3390565     0.00000000     0.00000000
  -24.3290548     0.00000000     0.00000000
  -24.3190532     0.00000000     0.00000000
  -24.3090515     0.00000000     0.00000000
  -24.2990498     0.00000000     0.00000000
  -24.2890482     0.00000000     0.00000000
  -24.2790465     0.00000000     0.00000000
  -24.2690448     0.00000000     0.00000000
  -24.2590432     0.00000000     0.00000000
  -24.2490415     0.00000000     0.00000000
  -24.2390398     0.00000000     0.00000000
  -24.2290382     0.00000000     0.00000000
  -24.2190365     0.00000000     0.00000000
  -24.2090348     0.00000000     0.00000000
  -24.1990332     0.00000000     0.00000000
  -24.1890315     0.00000000     0.00000000
  -24.1790298     0.00000000     0.00000000
  -24.1690282     0.00000000     0.00000000
  -24.1590265     0.00000000     0.00000000
  -24.1490248     0.00000000     0.00000000
  -24.1390232     0.00000000     0.00000000
  -24.1290215     0.00000000     0.00000000
  -24.1190198     0.00000000     0.00000000
  -24.1090182     0.00000000     0.00000000
  -24.0990165     0.00000000     0.00000000
  -24.0890148     0.00000000     0.00000000
  -24.0790132     0.00000000     0.00000000
  -24.0690115     0.00000000     0.00000000
  -24.0590098     0.00000000     0.00000000
  -24.0490082     0.00000000     0.00000000
  -24.0390065     0.00000000     0.00000000
  -24.0290048     0.00000000     0.00000000
  -24.0190032     0.00000000     0.00000000
  -24.0090015     0.00000000     0.00000000
  -23.9989998     0.00000000     0.00000000
  -23.9889982     0.00000000     0.00000000
  -23.9789965     0.00000000     0.00000000
  -23.9689948     0.00000000     0.00000000
  -23.9589932     0.00000000     0.00000000
  -23.9489915     0.00000000     0.00000000
  -23.9389898     0.00000000     0.00000000
  -23.9289882     0.00000000     0.00000000
  -23.9189865     0.00000000     0.00000000
  -23.9089848     0.00000000     0.00000000
  -23.8989832     0.00000000     0.00000000
  -23.8889815     0.00000000     0.00000000
  -23.8789798     0.00000000     0.00000000
  -23.8689782     0.00000000     0.00000000
  -23.8589765     0.00000000     0.00000000
  -23.8489748     0.00000000     0.00000000
  -23.8389732     0.00000000     0.00000000
  -23.8289715     0.00000000     0.00000000
  -23.8189698     0.00000000     0.00000000
  -23.8089682     0.00000000     0.00000000
  -23.7989665     0.00000000     0.00000000
  -23.7889648     0.00000000     0.00000000
  -23.7789632     0.00000000     0.00000000
  -23.7689615     0.00000000     0.00000000
  -23.7589598     0.00000000     0.00000000
  -23.7489582     0.00000000     0.00000000
  -23.7389565     0.00000000     0.00000000
  -23.7289548     0.00000000     0.00000000
  -23.7189532     0.00000000     0.00000000
  -23.7089515     0.00000000     0.00000000
  -23.6989498     0.00000000     0.00000000
  -23.6889482     0.00000000     0.00000000
  -23.6789465     0.00000000     0.00000000
  -23.6689448     0.00000000     0.00000000
  -23.6589432     0.00000000     0.00000000
  -23.6489415     0.00000000     0.00000000
  -23.6389398     0.00000000     0.00000000
  -23.6289382     0.00000000     0.00000000
  -23.6189365     0.00000000     0.00000000
  -23.6089348     0.00000000     0.00000000
  -23.5989332     0.00000000     0.00000000
  -23.5889315     0.00000000     0.00000000
  -23.5789298     0.00000000     0.00000000
  -23.5689282     0.00000000     0.00000000
  -23.5589265     0.00000000     0.00000000
  -23.5489248     0.00000000     0.00000000
  -23.5389232     0.00000000     0.00000000
  -23.5289215     0.00000000     0.00000000
  -23.5189198     0.00000000     0.00000000
  -23.5089182     0.00000000     0.00000000
  -23.4989165     0.00000000     0.00000000
  -23.4889148     0.00000000     0.00000000
  -23.4789132     0.00000000     0.00000000
  -23.4689115     0.00000000     0.00000000
  -23.4589098     0.00000000     0.00000000
  -23.4489082     0.00000000     0.00000000
  -23.4389065     0.00000000     0.00000000
  -23.4289048     0.00000000     0.00000000
  -23.4189032     0.00000000     0.00000000
  -23.4089015     0.00000000     0.00000000
  -23.3988998     0.00000000     0.00000000
  -23.3888981     0.00000000     0.00000000
  -23.3788965     0.00000000     0.00000000
  -23.3688948     0.00000000     0.00000000
  -23.3588931     0.00000000     0.00000000
  -23.3488915     0.00000000     0.00000000
  -23.3388898     0.00000000     0.00000000
  -23.3288881     0.00000000     0.00000000
  -23.3188865     0.00000000     0.00000000
  -23.3088848     0.00000000     0.00000000
  -23.2988831     0.00000000     0.00000000
  -23.2888815     0.00000000     0.00000000
  -23.2788798     0.00000000     0.00000000
  -23.2688781     0.00000000     0.00000000
  -23.2588765     0.00000000     0.00000000
  -23.2488748     0.00000000     0.00000000
  -23.2388731     0.00000000     0.00000000
  -23.2288715     0.00000000     0.00000000
  -23.2188698     0.00000000     0.00000000
  -23.2088681     0.00000000     0.00000000
  -23.1988665     0.00000000     0.00000000
  -23.1888648     0.00000000     0.00000000
  -23.1788631     0.00000000     0.00000000
  -23.1688615     0.00000000     0.00000000
  -23.1588598     0.00000000     0.00000000
  -23.1488581     0.00000000     0.00000000
  -23.1388565     0.00000000     0.00000000
  -23.1288548     0.00000000     0.00000000
  -23.1188531     0.00000000     0.00000000
  -23.1088515     0.00000000     0.00000000
  -23.0988498     0.00000000     0.00000000
  -23.0888481     0.00000000     0.00000000
  -23.0788465     0.00000000     0.00000000
  -23.0688448     0.00000000     0.00000000
  -23.0588431     0.00000000     0.00000000
  -23.0488415     0.00000000     0.00000000
  -23.0388398     0.00000000     0.00000000
  -23.0288381     0.00000000     0.00000000
  -23.0188365     0.00000000     0.00000000
  -23.0088348     0.00000000     0.00000000
  -22.9988331     0.00000000     0.00000000
  -22.9888315     0.00000000     0.00000000
  -22.9788298     0.00000000     0.00000000
  -22.9688281     0.00000000     0.00000000
  -22.9588265     0.00000000     0.00000000
  -22.9488248     0.00000000     0.00000000
  -22.9388231     0.00000000     0.00000000
  -22.9288215     0.00000000     0.00000000
  -22.9188198     0.00000000     0.00000000
  -22.9088181     0.00000000     0.00000000
  -22.8988165     0.00000000     0.00000000
  -22.8888148     0.00000000     0.00000000
  -22.8788131     0.00000000     0.00000000
  -22.8688115     0.00000000     0.00000000
  -22.8588098     0.00000000     0.00000000
  -22.8488081     0.00000000     0.00000000
  -22.8388065     0.00000000     0.00000000
  -22.8288048     0.00000000     0.00000000
  -22.8188031     0.00000000     0.00000000
  -22.8088015     0.00000000     0.00000000
  -22.7987998     0.00000000     0.00000000
  -22.7887981     0.00000000     0.00000000
  -22.7787965     0.00000000     0.00000000
  -22.7687948     0.00000000     0.00000000
  -22.7587931     0.00000000     0.00000000
  -22.7487915     0.00000000     0.00000000
  -22.7387898     0.00000000     0.00000000
  -22.7287881     0.00000000     0.00000000
  -22.7187865     0.00000000     0.00000000
  -22.7087848     0.00000000     0.00000000
  -22.6987831     0.00000000     0.00000000
  -22.6887815     0.00000000     0.00000000
  -22.6787798     0.00000000     0.00000000
  -22.6687781     0.00000000     0.00000000
  -22.6587765     0.00000000     0.00000000
  -22.6487748     0.00000000     0.00000000
  -22.6387731     0.00000000     0.00000000
  -22.6287715     0.00000000     0.00000000
  -22.6187698     0.00000000     0.00000000
  -22.6087681     0.00000000     0.00000000
  -22.5987665     0.00000000     0.00000000
  -22.5887648     0.00000000     0.00000000
  -22.5787631     0.00000000     0.00000000
  -22.5687615     0.00000000     0.00000000
  -22.5587598     0.00000000     0.00000000
  -22.5487581     0.00000000     0.00000000
  -22.5387565     0.00000000     0.00000000
  -22.5287548     0.00000000     0.00000000
  -22.5187531     0.00000000     0.00000000
  -22.5087515     0.00000000     0.00000000
  -22.4987498     0.00000000     0.00000000
  -22.4887481     0.00000000     0.00000000
  -22.4787465     0.00000000     0.00000000
  -22.4687448     0.00000000     0.00000000
  -22.4587431     0.00000000     0.00000000
  -22.4487415     0.00000000     0.00000000
  -22.4387398     0.00000000     0.00000000
  -22.4287381     0.00000000     0.00000000
  -22.4187365     0.00000000     0.00000000
  -22.4087348     0.00000000     0.00000000
  -22.3987331     0.00000000     0.00000000
  -22.3887315     0.00000000     0.00000000
  -22.3787298     0.00000000     0.00000000
  -22.3687281     0.00000000     0.00000000
  -22.3587265     0.00000000     0.00000000
  -22.3487248     0.00000000     0.00000000
  -22.3387231     0.00000000     0.00000000
  -22.3287215     0.00000000     0.00000000
  -22.3187198     0.00000000     0.00000000
  -22.3087181     0.00000000     0.00000000
  -22.2987165     0.00000000     0.00000000
  -22.2887148     0.00000000     0.00000000
  -22.2787131     0.00000000     0.00000000
  -22.2687115     0.00000000     0.00000000
  -22.2587098     0.00000000     0.00000000
  -22.2487081     0.00000000     0.00000000
  -22.2387065     0.00000000     0.00000000
  -22.2287048     0.00000000     0.00000000
  -22.2187031     0.00000000     0.00000000
  -22.2087015     0.00000000     0.00000000
  -22.1986998     0.00000000     0.00000000
  -22.1886981     0.00000000     0.00000000
  -22.1786964     0.00000000     0.00000000
  -22.1686948     0.00000000     0.00000000
  -22.1586931     0.00000000     0.00000000
  -22.1486914     0.00000000     0.00000000
  -22.1386898     0.00000000     0.00000000
  -22.1286881     0.00000000     0.00000000
  -22.1186864     0.00000000     0.00000000
  -22.1086848     0.00000000     0.00000000
  -22.0986831     0.00000000     0.00000000
  -22.0886814     0.00000000     0.00000000
  -22.0786798     0.00000000     0.00000000
  -22.0686781     0.00000000     0.00000000
  -22.0586764     0.00000000     0.00000000
  -22.0486748     0.00000000     0.00000000
  -22.0386731     0.00000000     0.00000000
  -22.0286714     0.00000000     0.00000000
  -22.0186698     0.00000000     0.00000000
  -22.0086681     0.00000000     0.00000000
  -21.9986664     0.00000000     0.00000000
  -21.9886648     0.00000000     0.00000000
  -21.9786631     0.00000000     0.00000000
  -21.9686614     0.00000000     0.00000000
  -21.9586598     0.00000000     0.00000000
  -21.9486581     0.00000000     0.00000000
  -21.9386564     0.00000000     0.00000000
  -21.9286548     0.00000000     0.00000000
  -21.9186531     0.00000000     0.00000000
  -21.9086514     0.00000000     0.00000000
  -21.8986498     0.00000000     0.00000000
  -21.8886481     0.00000000     0.00000000
  -21.8786464     0.00000000     0.00000000
  -21.8686448     0.00000000     0.00000000
  -21.8586431     0.00000000     0.00000000
  -21.8486414     0.00000000     0.00000000
  -21.8386398     0.00000000     0.00000000
  -21.8286381     0.00000000     0.00000000
  -21.8186364     0.00000000     0.00000000
  -21.8086348     0.00000000     0.00000000
  -21.7986331     0.00000000     0.00000000
  -21.7886314     0.00000000     0.00000000
  -21.7786298     0.00000000     0.00000000
  -21.7686281     0.00000000     0.00000000
  -21.7586264     0.00000000     0.00000000
  -21.7486248     0.00000000     0.00000000
  -21.7386231     0.00000000     0.00000000
  -21.7286214     0.00000000     0.00000000
  -21.7186198     0.00000000     0.00000000
  -21.7086181     0.00000000     0.00000000
  -21.6986164     0.00000000     0.00000000
  -21.6886148     0.00000000     0.00000000
  -21.6786131     0.00000000     0.00000000
  -21.6686114     0.00000000     0.00000000
  -21.6586098     0.00000000     0.00000000
  -21.6486081     0.00000000     0.00000000
  -21.6386064     0.00000000     0.00000000
  -21.6286048     0.00000000     0.00000000
  -21.6186031     0.00000000     0.00000000
  -21.6086014     0.00000000     0.00000000
  -21.5985998     0.00000000     0.00000000
  -21.5885981     0.00000000     0.00000000
  -21.5785964     0.00000000     0.00000000
  -21.5685948     0.00000000     0.00000000
  -21.5585931     0.00000000     0.00000000
  -21.5485914     0.00000000     0.00000000
  -21.5385898     0.00000000     0.00000000
  -21.5285881     0.00000000     0.00000000
  -21.5185864     0.00000000     0.00000000
  -21.5085848     0.00000000     0.00000000
  -21.4985831     0.00000000     0.00000000
  -21.4885814     0.00000000     0.00000000
  -21.4785798     0.00000000     0.00000000
  -21.4685781     0.00000000     0.00000000
  -21.4585764     0.00000000     0.00000000
  -21.4485748     0.00000000     0.00000000
  -21.4385731     0.00000000     0.00000000
  -21.4285714     0.00000000     0.00000000
  -21.4185698     0.00000000     0.00000000
  -21.4085681     0.00000000     0.00000000
  -21.3985664     0.00000000     0.00000000
  -21.3885648     0.00000000     0.00000000
  -21.3785631     0.00000000     0.00000000
  -21.3685614     0.00000000     0.00000000
  -21.3585598     0.00000000     0.00000000
  -21.3485581     0.00000000     0.00000000
  -21.3385564     0.00000000     0.00000000
  -21.3285548     0.00000000     0.00000000
  -21.3185531     0.00000000     0.00000000
  -21.3085514     0.00000000     0.00000000
  -21.2985498     0.00000000     0.00000000
  -21.2885481     0.00000000     0.00000000
  -21.2785464     0.00000000     0.00000000
  -21.2685448     0.00000000     0.00000000
  -21.2585431     0.00000000     0.00000000
  -21.2485414     0.00000000     0.00000000
  -21.2385398     0.00000000     0.00000000
  -21.2285381     0.00000000     0.00000000
  -21.2185364     0.00000000     0.00000000
  -21.2085348     0.00000000     0.00000000
  -21.1985331     0.00000000     0.00000000
  -21.1885314     0.00000000     0.00000000
  -21.1785298     0.00000000     0.00000000
  -21.1685281     0.00000000     0.00000000
  -21.1585264     0.00000000     0.00000000
  -21.1485248     0.00000000     0.00000000
  -21.1385231     0.00000000     0.00000000
  -21.1285214     0.00000000     0.00000000
  -21.1185198     0.00000000     0.00000000
  -21.1085181     0.00000000     0.00000000
  -21.0985164     0.00000000     0.00000000
  -21.0885148     0.00000000     0.00000000
  -21.0785131     0.00000000     0.00000000
  -21.0685114     0.00000000     0.00000000
  -21.0585098     0.00000000     0.00000000
  -21.0485081     0.00000000     0.00000000
  -21.0385064     0.00000000     0.00000000
  -21.0285048     0.00000000     0.00000000
  -21.0185031     0.00000000     0.00000000
  -21.0085014     0.00000000     0.00000000
  -20.9984997     0.00000000     0.00000000
  -20.9884981     0.00000000     0.00000000
  -20.9784964     0.00000000     0.00000000
  -20.9684947     0.00000000     0.00000000
  -20.9584931     0.00000000     0.00000000
  -20.9484914     0.00000000     0.00000000
  -20.9384897     0.00000000     0.00000000
  -20.9284881     0.00000000     0.00000000
  -20.9184864     0.00000000     0.00000000
  -20.9084847     0.00000000     0.00000000
  -20.8984831     0.00000000     0.00000000
  -20.8884814     0.00000000     0.00000000
  -20.8784797     0.00000000     0.00000000
  -20.8684781     0.00000000     0.00000000
  -20.8584764     0.00000000     0.00000000
  -20.8484747     0.00000000     0.00000000
  -20.8384731     0.00000000     0.00000000
  -20.8284714     0.00000000     0.00000000
  -20.8184697     0.00000000     0.00000000
  -20.8084681     0.00000000     0.00000000
  -20.7984664     0.00000000     0.00000000
  -20.7884647     0.00000000     0.00000000
  -20.7784631     0.00000000     0.00000000
  -20.7684614     0.00000000     0.00000000
  -20.7584597     0.00000000     0.00000000
  -20.7484581     0.00000000     0.00000000
  -20.7384564     0.00000000     0.00000000
  -20.7284547     0.00000000     0.00000000
  -20.7184531     0.00000000     0.00000000
  -20.7084514     0.00000000     0.00000000
  -20.6984497     0.00000000     0.00000000
  -20.6884481     0.00000000     0.00000000
  -20.6784464     0.00000000     0.00000000
  -20.6684447     0.00000000     0.00000000
  -20.6584431     0.00000000     0.00000000
  -20.6484414     0.00000000     0.00000000
  -20.6384397     0.00000000     0.00000000
  -20.6284381     0.00000000     0.00000000
  -20.6184364     0.00000000     0.00000000
  -20.6084347     0.00000000     0.00000000
  -20.5984331     0.00000000     0.00000000
  -20.5884314     0.00000000     0.00000000
  -20.5784297     0.00000000     0.00000000
  -20.5684281     0.00000000     0.00000000
  -20.5584264     0.00000000     0.00000000
  -20.5484247     0.00000000     0.00000000
  -20.5384231     0.00000000     0.00000000
  -20.5284214     0.00000000     0.00000000
  -20.5184197     0.00000000     0.00000000
  -20.5084181     0.00000000     0.00000000
  -20.4984164     0.00000000     0.00000000
  -20.4884147     0.00000000     0.00000000
  -20.4784131     0.00000000     0.00000000
  -20.4684114     0.00000000     0.00000000
  -20.4584097     0.00000000     0.00000000
  -20.4484081     0.00000000     0.00000000
  -20.4384064     0.00000000     0.00000000
  -20.4284047     0.00000000     0.00000000
  -20.4184031     0.00000000     0.00000000
  -20.4084014     0.00000000     0.00000000
  -20.3983997     0.00000000     0.00000000
  -20.3883981     0.00000000     0.00000000
  -20.3783964     0.00000000     0.00000000
  -20.3683947     0.00000000     0.00000000
  -20.3583931     0.00000000     0.00000000
  -20.3483914     0.00000000     0.00000000
  -20.3383897     0.00000000     0.00000000
  -20.3283881     0.00000000     0.00000000
  -20.3183864     0.00000000     0.00000000
  -20.3083847     0.00000000     0.00000000
  -20.2983831     0.00000000     0.00000000
  -20.2883814     0.00000000     0.00000000
  -20.2783797     0.00000000     0.00000000
  -20.2683781     0.00000000     0.00000000
  -20.2583764     0.00000000     0.00000000
  -20.2483747     0.00000000     0.00000000
  -20.2383731     0.00000000     0.00000000
  -20.2283714     0.00000000     0.00000000
  -20.2183697     0.00000000     0.00000000
  -20.2083681     0.00000000     0.00000000
  -20.1983664     0.00000000     0.00000000
  -20.1883647     0.00000000     0.00000000
  -20.1783631     0.00000000     0.00000000
  -20.1683614     0.00000000     0.00000000
  -20.1583597     0.00000000     0.00000000
  -20.1483581     0.00000000     0.00000000
  -20.1383564     0.00000000     0.00000000
  -20.1283547     0.00000000     0.00000000
  -20.1183531     0.00000000     0.00000000
  -20.1083514     0.00000000     0.00000000
  -20.0983497     0.00000002     0.00000002
  -20.0883481     0.00000007     0.00000007
  -20.0783464     0.00000029     0.00000027
  -20.0683447     0.00000104     0.00000099
  -20.0583431     0.00000347     0.00000330
  -20.0483414     0.00001076     0.00001028
  -20.0383397     0.00003108     0.00002975
  -20.0283381     0.00008356     0.00008019
  -20.0183364     0.00020928     0.00020134
  -20.0083347     0.00048867     0.00047133
  -19.9983331     0.00106474     0.00102957
  -19.9883314     0.00216647     0.00210032
  -19.9783297     0.00412012     0.00400467
  -19.9683281     0.00732976     0.00714286
  -19.9583264     0.01220949     0.01192904
  -19.9483247     0.01906376     0.01867399
  -19.9383231     0.02793954     0.02743835
  -19.9283214     0.03850539     0.03791006
  -19.9183197     0.05002597     0.04937419
  -19.9083181     0.06147501     0.06082002
  -19.8983164     0.07176556     0.07116667
  -19.8883147     0.08000197     0.07951442
  -19.8783131     0.08562879     0.08529718
  -19.8683114     0.08840247     0.08825940
  -19.8583097     0.08822583     0.08829337
  -19.8483081     0.08498554     0.08527499
  -19.8383064     0.07853852     0.07904521
  -19.8283047     0.06888561     0.06958014
  -19.8183031     0.05642402     0.05724548
  -19.8083014     0.04209452     0.04295242
  -19.7982997     0.02729442     0.02808226
  -19.7882980     0.01357053     0.01418810
  -19.7782964     0.00223316     0.00260984
  -19.7682947    -0.00593824    -0.00582763
  -19.7582930    -0.01079539    -0.01092780
  -19.7482914    -0.01272985    -0.01304440
  -19.7382897    -0.01246621    -0.01288319
  -19.7282880    -0.01083334    -0.01127473
  -19.7182864    -0.00858174    -0.00898695
  -19.7082847    -0.00627678    -0.00661002
  -19.6982830    -0.00426628    -0.00451569
  -19.6882814    -0.00270320    -0.00287459
  -19.6782797    -0.00159879    -0.00170749
  -19.6682780    -0.00088287    -0.00094670
  -19.6582764    -0.00045502    -0.00048979
  -19.6482747    -0.00021873    -0.00023632
  -19.6382730    -0.00009798    -0.00010625
  -19.6282714    -0.00004087    -0.00004448
  -19.6182697    -0.00001586    -0.00001732
  -19.6082680    -0.00000572    -0.00000627
  -19.5982664    -0.00000192    -0.00000211
  -19.5882647    -0.00000060    -0.00000066
  -19.5782630    -0.00000017    -0.00000019
  -19.5682614    -0.00000005    -0.00000005
  -19.5582597    -0.00000001    -0.00000001
  -19.5482580    -0.00000000    -0.00000000
  -19.5382564    -0.00000000    -0.00000000
  -19.5282547    -0.00000000    -0.00000000
  -19.5182530    -0.00000000    -0.00000000
  -19.5082514    -0.00000000    -0.00000000
  -19.4982497     0.00000000     0.00000000
  -19.4882480     0.00000000     0.00000000
  -19.4782464     0.00000000     0.00000000
  -19.4682447     0.00000000     0.00000000
  -19.4582430     0.00000000     0.00000000
  -19.4482414     0.00000000     0.00000000
  -19.4382397     0.00000000     0.00000000
  -19.4282380     0.00000000     0.00000000
  -19.4182364     0.00000000     0.00000000
  -19.4082347     0.00000000     0.00000000
  -19.3982330     0.00000000     0.00000000
  -19.3882314     0.00000000     0.00000000
  -19.3782297     0.00000000     0.00000000
  -19.3682280     0.00000000     0.00000000
  -19.3582264     0.00000000     0.00000000
  -19.3482247     0.00000000     0.00000000
  -19.3382230     0.00000000     0.00000000
  -19.3282214     0.00000000     0.00000000
  -19.3182197     0.00000000     0.00000000
  -19.3082180     0.00000000     0.00000000
  -19.2982164     0.00000000     0.00000000
  -19.2882147     0.00000000     0.00000000
  -19.2782130     0.00000000     0.00000000
  -19.2682114     0.00000000     0.00000000
  -19.2582097     0.00000000     0.00000000
  -19.2482080     0.00000000     0.00000000
  -19.2382064     0.00000000     0.00000000
  -19.2282047     0.00000000     0.00000000
  -19.2182030     0.00000000     0.00000000
  -19.2082014     0.00000000     0.00000000
  -19.1981997     0.00000000     0.00000000
  -19.1881980     0.00000000     0.00000000
  -19.1781964     0.00000000     0.00000000
  -19.1681947     0.00000000     0.00000000
  -19.1581930     0.00000000     0.00000000
  -19.1481914     0.00000000     0.00000000
  -19.1381897     0.00000000     0.00000000
  -19.1281880     0.00000000     0.00000000
  -19.1181864     0.00000000     0.00000000
  -19.1081847     0.00000000     0.00000000
  -19.0981830     0.00000000     0.00000000
  -19.0881814     0.00000000     0.00000000
  -19.0781797     0.00000000     0.00000000
  -19.0681780     0.00000000     0.00000000
  -19.0581764     0.00000000     0.00000000
  -19.0481747     0.00000000     0.00000000
  -19.0381730     0.00000000     0.00000000
  -19.0281714     0.00000000     0.00000000
  -19.0181697     0.00000000     0.00000000
  -19.0081680     0.00000000     0.00000000
  -18.9981664     0.00000000     0.00000000
  -18.9881647     0.00000000     0.00000000
  -18.9781630     0.00000000     0.00000000
  -18.9681614     0.00000000     0.00000000
  -18.9581597     0.00000000     0.00000000
  -18.9481580     0.00000000     0.00000000
  -18.9381564     0.00000000     0.00000000
  -18.9281547     0.00000000     0.00000000
  -18.9181530     0.00000000     0.00000000
  -18.9081514     0.00000000     0.00000000
  -18.8981497     0.00000000     0.00000000
  -18.8881480     0.00000000     0.00000000
  -18.8781464     0.00000000     0.00000000
  -18.8681447     0.00000000     0.00000000
  -18.8581430     0.00000000     0.00000000
  -18.8481414     0.00000000     0.00000000
  -18.8381397     0.00000000     0.00000000
  -18.8281380     0.00000000     0.00000000
  -18.8181364     0.00000000     0.00000000
  -18.8081347     0.00000000     0.00000000
  -18.7981330     0.00000000     0.00000000
  -18.7881314     0.00000000     0.00000000
  -18.7781297     0.00000000     0.00000000
  -18.7681280     0.00000000     0.00000000
  -18.7581264     0.00000000     0.00000000
  -18.7481247     0.00000000     0.00000000
  -18.7381230     0.00000000     0.00000000
  -18.7281214     0.00000000     0.00000000
  -18.7181197     0.00000000     0.00000000
  -18.7081180     0.00000000     0.00000000
  -18.6981164     0.00000000     0.00000000
  -18.6881147     0.00000000     0.00000000
  -18.6781130     0.00000000     0.00000000
  -18.6681114     0.00000000     0.00000000
  -18.6581097     0.00000000     0.00000000
  -18.6481080     0.00000000     0.00000000
  -18.6381064     0.00000000     0.00000000
  -18.6281047     0.00000000     0.00000000
  -18.6181030     0.00000000     0.00000000
  -18.6081014     0.00000000     0.00000000
  -18.5980997     0.00000000     0.00000000
  -18.5880980     0.00000000     0.00000000
  -18.5780963     0.00000000     0.00000000
  -18.5680947     0.00000000     0.00000000
  -18.5580930     0.00000000     0.00000000
  -18.5480913     0.00000000     0.00000000
  -18.5380897     0.00000000     0.00000000
  -18.5280880     0.00000000     0.00000000
  -18.5180863     0.00000000     0.00000000
  -18.5080847     0.00000000     0.00000000
  -18.4980830     0.00000000     0.00000000
  -18.4880813     0.00000000     0.00000000
  -18.4780797     0.00000000     0.00000000
  -18.4680780     0.00000000     0.00000000
  -18.4580763     0.00000000     0.00000000
  -18.4480747     0.00000000     0.00000000
  -18.4380730     0.00000000     0.00000000
  -18.4280713     0.00000000     0.00000000
  -18.4180697     0.00000000     0.00000000
  -18.4080680     0.00000000     0.00000000
  -18.3980663     0.00000000     0.00000000
  -18.3880647     0.00000000     0.00000000
  -18.3780630     0.00000000     0.00000000
  -18.3680613     0.00000000     0.00000000
  -18.3580597     0.00000000     0.00000000
  -18.3480580     0.00000000     0.00000000
  -18.3380563     0.00000000     0.00000000
  -18.3280547     0.00000000     0.00000000
  -18.3180530     0.00000000     0.00000000
  -18.3080513     0.00000000     0.00000000
  -18.2980497     0.00000000     0.00000000
  -18.2880480     0.00000000     0.00000000
  -18.2780463     0.00000000     0.00000000
  -18.2680447     0.00000000     0.00000000
  -18.2580430     0.00000000     0.00000000
  -18.2480413     0.00000000     0.00000000
  -18.2380397     0.00000000     0.00000000
  -18.2280380     0.00000000     0.00000000
  -18.2180363     0.00000000     0.00000000
  -18.2080347     0.00000000     0.00000000
  -18.1980330     0.00000000     0.00000000
  -18.1880313     0.00000000     0.00000000
  -18.1780297     0.00000000     0.00000000
  -18.1680280     0.00000000     0.00000000
  -18.1580263     0.00000000     0.00000000
  -18.1480247     0.00000000     0.00000000
  -18.1380230     0.00000000     0.00000000
  -18.1280213     0.00000000     0.00000000
  -18.1180197     0.00000000     0.00000000
  -18.1080180     0.00000000     0.00000000
  -18.0980163     0.00000000     0.00000000
  -18.0880147     0.00000000     0.00000000
  -18.0780130     0.00000000     0.00000000
  -18.0680113     0.00000000     0.00000000
  -18.0580097     0.00000000     0.00000000
  -18.0480080     0.00000000     0.00000000
  -18.0380063     0.00000000     0.00000000
  -18.0280047     0.00000000     0.00000000
  -18.0180030     0.00000000     0.00000000
  -18.0080013     0.00000000     0.00000000
  -17.9979997     0.00000000     0.00000000
  -17.9879980     0.00000000     0.00000000
  -17.9779963     0.00000000     0.00000000
  -17.9679947     0.00000000     0.00000000
  -17.9579930     0.00000000     0.00000000
  -17.9479913     0.00000000     0.00000000
  -17.9379897     0.00000000     0.00000000
  -17.9279880     0.00000000     0.00000000
  -17.9179863     0.00000000     0.00000000
  -17.9079847     0.00000000     0.00000000
  -17.8979830     0.00000000     0.00000000
  -17.8879813     0.00000000     0.00000000
  -17.8779797     0.00000000     0.00000000
  -17.8679780     0.00000000     0.00000000
  -17.8579763     0.00000000     0.00000000
  -17.8479747     0.00000000     0.00000000
  -17.8379730     0.00000000     0.00000000
  -17.8279713     0.00000000     0.00000000
  -17.8179697     0.00000000     0.00000000
  -17.8079680     0.00000000     0.00000000
  -17.7979663     0.00000000     0.00000000
  -17.7879647     0.00000000     0.00000000
  -17.7779630     0.00000000     0.00000000
  -17.7679613     0.00000000     0.00000000
  -17.7579597     0.00000000     0.00000000
  -17.7479580     0.00000000     0.00000000
  -17.7379563     0.00000000     0.00000000
  -17.7279547     0.00000000     0.00000000
  -17.7179530     0.00000000     0.00000000
  -17.7079513     0.00000000     0.00000000
  -17.6979497     0.00000000     0.00000000
  -17.6879480     0.00000000     0.00000000
  -17.6779463     0.00000000     0.00000000
  -17.6679447     0.00000000     0.00000000
  -17.6579430     0.00000000     0.00000000
  -17.6479413     0.00000000     0.00000000
  -17.6379397     0.00000000     0.00000000
  -17.6279380     0.00000000     0.00000000
  -17.6179363     0.00000000     0.00000000
  -17.6079347     0.00000000     0.00000000
  -17.5979330     0.00000000     0.00000000
  -17.5879313     0.00000000     0.00000000
  -17.5779297     0.00000000     0.00000000
  -17.5679280     0.00000000     0.00000000
  -17.5579263     0.00000000     0.00000000
  -17.5479247     0.00000000     0.00000000
  -17.5379230     0.00000000     0.00000000
  -17.5279213     0.00000000     0.00000000
  -17.5179197     0.00000000     0.00000000
  -17.5079180     0.00000000     0.00000000
  -17.4979163     0.00000000     0.00000000
  -17.4879147     0.00000000     0.00000000
  -17.4779130     0.00000000     0.00000000
  -17.4679113     0.00000000     0.00000000
  -17.4579097     0.00000000     0.00000000
  -17.4479080     0.00000000     0.00000000
  -17.4379063     0.00000000     0.00000000
  -17.4279047     0.00000000     0.00000000
  -17.4179030     0.00000000     0.00000000
  -17.4079013     0.00000000     0.00000000
  -17.3978996     0.00000000     0.00000000
  -17.3878980     0.00000000     0.00000000
  -17.3778963     0.00000000     0.00000000
  -17.3678946     0.00000000     0.00000000
  -17.3578930     0.00000000     0.00000000
  -17.3478913     0.00000000     0.00000000
  -17.3378896     0.00000000     0.00000000
  -17.3278880     0.00000000     0.00000000
  -17.3178863     0.00000000     0.00000000
  -17.3078846     0.00000000     0.00000000
  -17.2978830     0.00000000     0.00000000
  -17.2878813     0.00000000     0.00000000
  -17.2778796     0.00000000     0.00000000
  -17.2678780     0.00000000     0.00000000
  -17.2578763     0.00000000     0.00000000
  -17.2478746     0.00000000     0.00000000
  -17.2378730     0.00000000     0.00000000
  -17.2278713     0.00000000     0.00000000
  -17.2178696     0.00000000     0.00000000
  -17.2078680     0.00000000     0.00000000
  -17.1978663     0.00000000     0.00000000
  -17.1878646     0.00000000     0.00000000
  -17.1778630     0.00000000     0.00000000
  -17.1678613     0.00000000     0.00000000
  -17.1578596     0.00000000     0.00000000
  -17.1478580     0.00000000     0.00000000
  -17.1378563     0.00000000     0.00000000
  -17.1278546     0.00000000     0.00000000
  -17.1178530     0.00000000     0.00000000
  -17.1078513     0.00000000     0.00000000
  -17.0978496     0.00000000     0.00000000
  -17.0878480     0.00000000     0.00000000
  -17.0778463     0.00000000     0.00000000
  -17.0678446     0.00000000     0.00000000
  -17.0578430     0.00000000     0.00000000
  -17.0478413     0.00000000     0.00000000
  -17.0378396     0.00000000     0.00000000
  -17.0278380     0.00000000     0.00000000
  -17.0178363     0.00000000     0.00000000
  -17.0078346     0.00000000     0.00000000
  -16.9978330     0.00000000     0.00000000
  -16.9878313     0.00000000     0.00000000
  -16.9778296     0.00000000     0.00000000
  -16.9678280     0.00000000     0.00000000
  -16.9578263     0.00000000     0.00000000
  -16.9478246     0.00000000     0.00000000
  -16.9378230     0.00000000     0.00000000
  -16.9278213     0.00000000     0.00000000
  -16.9178196     0.00000000     0.00000000
  -16.9078180     0.00000000     0.00000000
  -16.8978163     0.00000000     0.00000000
  -16.8878146     0.00000000     0.00000000
  -16.8778130     0.00000000     0.00000000
  -16.8678113     0.00000000     0.00000000
  -16.8578096     0.00000000     0.00000000
  -16.8478080     0.00000000     0.00000000
  -16.8378063     0.00000000     0.00000000
  -16.8278046     0.00000000     0.00000000
  -16.8178030     0.00000000     0.00000000
  -16.8078013     0.00000000     0.00000000
  -16.7977996     0.00000000     0.00000000
  -16.7877980     0.00000000     0.00000000
  -16.7777963     0.00000000     0.00000000
  -16.7677946     0.00000000     0.00000000
  -16.7577930     0.00000000     0.00000000
  -16.7477913     0.00000000     0.00000000
  -16.7377896     0.00000000     0.00000000
  -16.7277880     0.00000000     0.00000000
  -16.7177863     0.00000000     0.00000000
  -16.7077846     0.00000000     0.00000000
  -16.6977830     0.00000000     0.00000000
  -16.6877813     0.00000000     0.00000000
  -16.6777796     0.00000000     0.00000000
  -16.6677780     0.00000000     0.00000000
  -16.6577763     0.00000000     0.00000000
  -16.6477746     0.00000000     0.00000000
  -16.6377730     0.00000000     0.00000000
  -16.6277713     0.00000000     0.00000000
  -16.6177696     0.00000000     0.00000000
  -16.6077680     0.00000000     0.00000000
  -16.5977663     0.00000000     0.00000000
  -16.5877646     0.00000001     0.00000000
  -16.5777630     0.00000003     0.00000001
  -16.5677613     0.00000012     0.00000004
  -16.5577596     0.00000046     0.00000016
  -16.5477580     0.00000161     0.00000058
  -16.5377563     0.00000513     0.00000197
  -16.5277546     0.00001513     0.00000620
  -16.5177530     0.00004117     0.00001803
  -16.5077513     0.00010344     0.00004840
  -16.4977496     0.00023992     0.00011991
  -16.4877480     0.00051364     0.00027423
  -16.4777463     0.00101511     0.00057892
  -16.4677446     0.00185184     0.00112815
  -16.4577430     0.00311848     0.00202935
  -16.4477413     0.00484760     0.00336971
  -16.4377396     0.00695594     0.00516504
  -16.4277380     0.00921368     0.00730803
  -16.4177363     0.01126586     0.00954500
  -16.4077346     0.01271660     0.01150819
  -16.3977330     0.01325327     0.01280915
  -16.3877313     0.01275994     0.01316437
  -16.3777296     0.01136843     0.01250041
  -16.3677280     0.00942632     0.01099029
  -16.3577263     0.00740686     0.00900852
  -16.3477246     0.00581494     0.00703653
  -16.3377230     0.00513563     0.00557407
  -16.3277213     0.00583321     0.00509789
  -16.3177196     0.00836208     0.00606714
  -16.3077180     0.01312794     0.00893073
  -16.2977163     0.02035575     0.01407486
  -16.2877146     0.02988001     0.02167514
  -16.2777130     0.04094613     0.03148072
  -16.2677113     0.05215699     0.04263044
  -16.2577096     0.06167219     0.05363641
  -16.2477080     0.06765953     0.06262910
  -16.2377063     0.06885628     0.06784022
  -16.2277046     0.06500756     0.06815904
  -16.2177030     0.05698263     0.06352579
  -16.2077013     0.04652233     0.05498216
  -16.1976996     0.03575414     0.04436513
  -16.1876979     0.02670929     0.03380599
  -16.1776963     0.02103056     0.02527170
  -16.1676946     0.01990548     0.02031565
  -16.1576929     0.02410373     0.02004264
  -16.1476913     0.03394067     0.02514757
  -16.1376896     0.04907076     0.03585446
  -16.1276879     0.06818689     0.05168415
  -16.1176863     0.08885498     0.07115681
  -16.1076846     0.10773323     0.09167370
  -16.0976829     0.12126472     0.10981297
  -16.0876813     0.12666207     0.12208794
  -16.0776796     0.12278773     0.12594295
  -16.0676779     0.11052716     0.12057239
  -16.0576763     0.09248146     0.10718381
  -16.0476746     0.07213772     0.08858471
  -16.0376729     0.05290631     0.06830181
  -16.0276713     0.03741471     0.04963905
  -16.0176696     0.02724425     0.03504164
  -16.0076679     0.02303408     0.02590736
  -15.9976663     0.02471622     0.02273199
  -15.9876646     0.03165990     0.02534256
  -15.9776629     0.04265874     0.03301528
  -15.9676613     0.05587652     0.04444416
  -15.9576596     0.06895414     0.05770012
  -15.9476579     0.07940404     0.07038158
  -15.9376563     0.08522004     0.08005492
  -15.9276546     0.08544352     0.08487634
  -15.9176529     0.08039472     0.08411706
  -15.9076513     0.07144182     0.07831570
  -15.8976496     0.06043568     0.06897170
  -15.8876479     0.04910815     0.05794761
  -15.8776463     0.03870748     0.04689043
  -15.8676446     0.02996475     0.03692489
  -15.8576429     0.02329125     0.02867714
  -15.8476413     0.01901892     0.02250143
  -15.8376396     0.01753430     0.01871652
  -15.8276379     0.01925504     0.01771392
  -15.8176363     0.02448181     0.01990487
  -15.8076346     0.03319785     0.02555339
  -15.7976329     0.04489396     0.03457571
  -15.7876313     0.05848638     0.04638429
  -15.7776296     0.07237524     0.05983681
  -15.7676279     0.08466254     0.07332444
  -15.7576263     0.09351346     0.08500510
  -15.7476246     0.09760672     0.09315908
  -15.7376229     0.09657789     0.09661641
  -15.7276213     0.09132240     0.09516931
  -15.7176196     0.08401651     0.08984480
  -15.7076179     0.07776369     0.08289779
  -15.6976163     0.07588441     0.07743148
  -15.6876146     0.08100539     0.07666606
  -15.6776129     0.09421055     0.08302202
  -15.6676113     0.11454199     0.09729550
  -15.6576096     0.13906010     0.11822221
  -15.6476079     0.16349770     0.14262928
  -15.6376063     0.18332752     0.16617780
  -15.6276046     0.19489990     0.18447403
  -15.6176029     0.19629015     0.19417939
  -15.6076013     0.18763979     0.19376665
  -15.5975996     0.17099657     0.18374665
  -15.5875979     0.14981682     0.16641847
  -15.5775963     0.12831285     0.14533343
  -15.5675946     0.11074165     0.12464947
  -15.5575929     0.10065158     0.10844675
  -15.5475913     0.10011784     0.10000080
  -15.5375896     0.10910324     0.10104552
  -15.5275879     0.12519009     0.11118081
  -15.5175863     0.14392760     0.12768395
  -15.5075846     0.15986562     0.14595559
  -15.4975829     0.16804483     0.16062805
  -15.4875813     0.16544143     0.16705665
  -15.4775796     0.15180231     0.16267200
  -15.4675779     0.12953659     0.14766068
  -15.4575763     0.10275040     0.12470994
  -15.4475746     0.07588606     0.09797108
  -15.4375729     0.05254451     0.07172719
  -15.4275713     0.03488606     0.04931552
  -15.4175696     0.02366277     0.03264085
  -15.4075679     0.01864567     0.02228292
  -15.3975663     0.01910837     0.01794191
  -15.3875646     0.02411760     0.01889563
  -15.3775629     0.03256840     0.02424611
  -15.3675613     0.04307420     0.03291766
  -15.3575596     0.05390401     0.04353063
  -15.3475579     0.06312578     0.05434549
  -15.3375563     0.06898868     0.06342835
  -15.3275546     0.07042345     0.06905697
  -15.3175529     0.06744095     0.07023073
  -15.3075513     0.06122890     0.06705641
  -15.2975496     0.05387901     0.06081321
  -15.2875479     0.04784745     0.05364491
  -15.2775463     0.04535683     0.04799982
  -15.2675446     0.04793175     0.04603604
  -15.2575429     0.05614952     0.04917849
  -15.2475413     0.06957372     0.05789501
  -15.2375396     0.08680223     0.07164686
  -15.2275379     0.10561763     0.08894534
  -15.2175363     0.12330750     0.10751396
  -15.2075346     0.13722437     0.12463297
  -15.1975329     0.14552985     0.13772914
  -15.1875313     0.14787433     0.14513055
  -15.1775296     0.14565328     0.14671308
  -15.1675279     0.14158375     0.14407880
  -15.1575263     0.13865822     0.14004265
  -15.1475246     0.13888851     0.13753398
  -15.1375229     0.14242059     0.13835847
  -15.1275213     0.14745463     0.14239527
  -15.1175196     0.15101543     0.14762249
  -15.1075179     0.15021209     0.15096736
  -15.0975163     0.14342674     0.14959056
  -15.0875146     0.13096037     0.14204472
  -15.0775129     0.11494724     0.12885563
  -15.0675113     0.09864897     0.11236259
  -15.0575096     0.08542338     0.09595037
  -15.0475079     0.07770351     0.08298288
  -15.0375063     0.07627240     0.07578427
  -15.0275046     0.08003193     0.07495396
  -15.0175029     0.08634752     0.07920189
  -15.0075013     0.09189036     0.08576211
  -14.9974996     0.09371775     0.09127897
  -14.9874979     0.09021113     0.09288892
  -14.9774962     0.08152369     0.08911833
  -14.9674946     0.06939037     0.08026885
  -14.9574929     0.05642643     0.06817120
  -14.9474912     0.04523541     0.05545499
  -14.9374896     0.03766899     0.04466255
  -14.9274879     0.03445292     0.03754097
  -14.9174862     0.03521849     0.03471168
  -14.9074846     0.03884987     0.03574224
  -14.8974829     0.04399865     0.03951871
  -14.8874812     0.04960192     0.04476154
  -14.8774796     0.05524853     0.05051885
  -14.8674779     0.06127674     0.05648777
  -14.8574762     0.06856690     0.06306194
  -14.8474746     0.07809844     0.07108671
  -14.8374729     0.09042721     0.08140505
  -14.8274712     0.10526841     0.09435625
  -14.8174696     0.12133797     0.10941206
  -14.8074679     0.13653032     0.12509539
  -14.7974662     0.14841603     0.13924159
  -14.7874646     0.15494000     0.14955514
  -14.7774629     0.15510827     0.15430750
  -14.7674612     0.14940894     0.15294475
  -14.7574596     0.13976639     0.14636664
  -14.7474579     0.12898915     0.13672958
  -14.7374562     0.11988470     0.12680071
  -14.7274546     0.11437040     0.11908045
  -14.7174529     0.11291874     0.11501928
  -14.7074512     0.11452571     0.11461944
  -14.6974496     0.11716906     0.11654784
  -14.6874479     0.11854272     0.11867975
  -14.6774462     0.11678829     0.11884342
  -14.6674446     0.11099156     0.11549551
  -14.6574429     0.10132487     0.10811764
  -14.6474412     0.08884628     0.09724370
  -14.6374396     0.07508024     0.08416273
  -14.6274379     0.06156723     0.07045391
  -14.6174362     0.04955502     0.05755718
  -14.6074346     0.03991000     0.04653824
  -14.5974329     0.03320229     0.03808665
  -14.5874312     0.02983097     0.03265483
  -14.5774296     0.03005685     0.03057960
  -14.5674279     0.03389331     0.03206424
  -14.5574262     0.04092258     0.03701305
  -14.5474246     0.05018447     0.04483368
  -14.5374229     0.06027521     0.05437824
  -14.5274212     0.06968823     0.06414146
  -14.5174196     0.07728188     0.07269106
  -14.5074179     0.08266367     0.07915526
  -14.4974162     0.08630529     0.08353301
  -14.4874146     0.08933340     0.08667027
  -14.4774129     0.09308665     0.08990835
  -14.4674112     0.09860159     0.09455074
  -14.4574096     0.10618016     0.10133842
  -14.4474079     0.11515579     0.11008846
  -14.4374062     0.12395531     0.11960141
  -14.4274046     0.13051416     0.12790589
  -14.4174029     0.13298354     0.13283920
  -14.4074012     0.13049009     0.13282394
  -14.3973996     0.12359740     0.12754871
  -14.3873979     0.11420357     0.11822498
  -14.3773962     0.10488184     0.10725296
  -14.3673946     0.09797192     0.09741823
  -14.3573929     0.09486194     0.09098024
  -14.3473912     0.09578652     0.08905775
  -14.3373896     0.10018083     0.09155279
  -14.3273879     0.10733591     0.09758704
  -14.3173862     0.11694489     0.10618704
  -14.3073846     0.12919059     0.11684096
  -14.2973829     0.14428721     0.12961017
  -14.2873812     0.16173399     0.14470727
  -14.2773796     0.17977662     0.16176809
  -14.2673779     0.19552931     0.17928344
  -14.2573762     0.20586141     0.19464437
  -14.2473746     0.20867448     0.20493788
  -14.2373729     0.20389079     0.20816119
  -14.2273712     0.19356369     0.20419474
  -14.2173696     0.18098499     0.19493364
  -14.2073679     0.16923085     0.18342970
  -14.1973662     0.15990670     0.17247613
  -14.1873646     0.15272762     0.16340490
  -14.1773629     0.14608783     0.15574093
  -14.1673612     0.13823218     0.14785044
  -14.1573596     0.12836070     0.13815641
  -14.1473579     0.11710968     0.12621718
  -14.1373562     0.10625116     0.11311164
  -14.1273546     0.09787649     0.10101186
  -14.1173529     0.09354185     0.09225957
  -14.1073512     0.09377561     0.08845588
  -14.0973496     0.09807747     0.08996607
  -14.0873479     0.10526767     0.09595746
  -14.0773462     0.11392057     0.10482048
  -14.0673446     0.12267436     0.11470399
  -14.0573429     0.13036470     0.12394256
  -14.0473412     0.13606336     0.13128639
  -14.0373396     0.13913512     0.13596690
  -14.0273379     0.13935823     0.13768265
  -14.0173362     0.13704966     0.13657197
  -14.0073346     0.13307599     0.13318404
  -13.9973329     0.12866221     0.12841333
  -13.9873312     0.12502245     0.12335313
  -13.9773296     0.12295575     0.11906097
  -13.9673279     0.12259278     0.11629046
  -13.9573262     0.12340809     0.11528752
  -13.9473246     0.12447339     0.11574049
  -13.9373229     0.12481097     0.11691176
  -13.9273212     0.12368325     0.11789725
  -13.9173196     0.12072397     0.11790497
  -13.9073179     0.11591957     0.11644408
  -13.8973162     0.10951999     0.11336794
  -13.8873146     0.10196271     0.10879323
  -13.8773129     0.09384391     0.10297782
  -13.8673112     0.08590779     0.09624814
  -13.8573096     0.07899313     0.08901360
  -13.8473079     0.07389589     0.08182660
  -13.8373062     0.07116365     0.07539833
  -13.8273046     0.07089359     0.07050113
  -13.8173029     0.07262686     0.06776252
  -13.8073012     0.07540718     0.06743076
  -13.7972995     0.07801120     0.06921945
  -13.7872979     0.07928459     0.07231048
  -13.7772962     0.07846247     0.07553334
  -13.7672945     0.07534598     0.07767244
  -13.7572929     0.07026609     0.07780081
  -13.7472912     0.06386720     0.07551803
  -13.7372895     0.05683017     0.07100035
  -13.7272879     0.04967082     0.06485114
  -13.7172862     0.04268693     0.05783327
  -13.7072845     0.03603079     0.05061596
  -13.6972829     0.02982115     0.04364264
  -13.6872812     0.02421175     0.03714462
  -13.6772795     0.01938652     0.03124322
  -13.6672779     0.01550685     0.02605072
  -13.6572762     0.01265738     0.02170653
  -13.6472745     0.01081984     0.01833947
  -13.6372729     0.00987512     0.01599294
  -13.6272712     0.00961786     0.01456421
  -13.6172695     0.00977512     0.01379571
  -13.6072679     0.01003563     0.01332764
  -13.5972662     0.01009977     0.01279319
  -13.5872645     0.00974570     0.01192000
  -13.5772629     0.00888687     0.01059882
  -13.5672612     0.00759080     0.00889461
  -13.5572595     0.00604639     0.00700047
  -13.5472579     0.00449572     0.00515959
  -13.5372562     0.00316614     0.00359314
  -13.5272545     0.00223605     0.00246489
  -13.5172529     0.00184605     0.00189276
  -13.5072512     0.00214059     0.00199297
  -13.4972495     0.00330583     0.00292461
  -13.4872479     0.00556506     0.00489726
  -13.4772462     0.00910616     0.00811334
  -13.4672445     0.01394729     0.01264406
  -13.4572429     0.01979030     0.01827804
  -13.4472412     0.02594535     0.02442050
  -13.4372395     0.03140608     0.03012732
  -13.4272379     0.03509459     0.03431205
  -13.4172362     0.03620120     0.03607363
  -13.4072345     0.03447232     0.03501006
  -13.3972329     0.03030622     0.03136819
  -13.3872312     0.02460903     0.02595444
  -13.3772295     0.01848681     0.01985445
  -13.3672279     0.01292542     0.01410223
  -13.3572262     0.00859487     0.00944707
  -13.3472245     0.00582891     0.00629250
  -13.3372229     0.00473401     0.00478268
  -13.3272212     0.00532764     0.00494390
  -13.3172195     0.00761053     0.00678046
  -13.3072179     0.01152782     0.01026476
  -13.2972162     0.01684214     0.01522683
  -13.2872145     0.02300087     0.02121240
  -13.2772129     0.02910320     0.02741323
  -13.2672112     0.03403850     0.03275594
  -13.2572095     0.03678125     0.03616110
  -13.2472079     0.03673033     0.03688446
  -13.2372062     0.03393510     0.03478721
  -13.2272045     0.02909508     0.03040187
  -13.2172029     0.02333262     0.02476028
  -13.2072012     0.01784706     0.01906769
  -13.1971995     0.01359655     0.01436779
  -13.1871979     0.01110863     0.01131731
  -13.1771962     0.01043896     0.01010961
  -13.1671945     0.01123922     0.01051712
  -13.1571929     0.01288591     0.01200112
  -13.1471912     0.01464127     0.01385534
  -13.1371895     0.01582875     0.01536965
  -13.1271879     0.01599569     0.01599603
  -13.1171862     0.01501979     0.01547984
  -13.1071845     0.01312404     0.01391309
  -13.0971829     0.01080065     0.01169222
  -13.0871812     0.00868825     0.00940776
  -13.0771795     0.00746181     0.00772390
  -13.0671779     0.00776840     0.00729678
  -13.0571762     0.01019070     0.00873524
  -13.0471745     0.01518470     0.01256018
  -13.0371729     0.02294958     0.01910793
  -13.0271712     0.03324971     0.02836536
  -13.0171695     0.04528090     0.03979899
  -13.0071679     0.05769872     0.05229401
  -12.9971662     0.06886672     0.06429895
  -12.9871645     0.07725981     0.07417151
  -12.9771629     0.08185479     0.08059825
  -12.9671612     0.08233898     0.08290644
  -12.9571595     0.07907926     0.08115009
  -12.9471579     0.07293548     0.07598976
  -12.9371562     0.06506274     0.06849068
  -12.9271545     0.05678671     0.05995763
  -12.9171529     0.04951981     0.05182749
  -12.9071512     0.04462134     0.04554807
  -12.8971495     0.04314808     0.04236730
  -12.8871479     0.04555572     0.04304387
  -12.8771462     0.05150377     0.04759487
  -12.8671445     0.05991143     0.05523571
  -12.8571429     0.06929767     0.06460031
  -12.8471412     0.07827362     0.07418378
  -12.8371395     0.08594026     0.08280554
  -12.8271379     0.09197128     0.08984837
  -12.8171362     0.09634193     0.09514338
  -12.8071345     0.09890029     0.09859409
  -12.7971329     0.09910022     0.09982006
  -12.7871312     0.09611803     0.09810318
  -12.7771295     0.08930854     0.09271367
  -12.7671279     0.07870999     0.08341803
  -12.7571262     0.06526473     0.07083125
  -12.7471245     0.05060833     0.05637413
  -12.7371229     0.03655081     0.04185181
  -12.7271212     0.02453607     0.02889229
  -12.7171195     0.01533365     0.01852963
  -12.7071179     0.00904900     0.01109061
  -12.6971162     0.00537002     0.00636235
  -12.6871145     0.00389025     0.00390157
  -12.6771129     0.00436863     0.00333420
  -12.6671112     0.00684692     0.00454685
  -12.6571095     0.01159939     0.00772879
  -12.6471079     0.01892603     0.01325670
  -12.6371062     0.02883994     0.02143814
  -12.6271045     0.04075501     0.03217299
  -12.6171029     0.05332721     0.04465609
  -12.6071012     0.06459074     0.05728788
  -12.5970995     0.07242423     0.06792279
  -12.5870978     0.07521492     0.07444505
  -12.5770962     0.07245632     0.07547831
  -12.5670945     0.06501776     0.07092782
  -12.5570928     0.05497854     0.06211242
  -12.5470912     0.04513071     0.05144705
  -12.5370895     0.03838105     0.04185282
  -12.5270878     0.03724808     0.03615431
  -12.5170862     0.04350344     0.03663143
  -12.5070845     0.05788342     0.04472095
  -12.4970828     0.07980538     0.06076218
  -12.4870812     0.10715784     0.08374012
  -12.4770795     0.13636775     0.11114243
  -12.4670778     0.16293813     0.13915981
  -12.4570762     0.18245012     0.16338423
  -12.4470745     0.19174391     0.17990067
  -12.4370728     0.18982841     0.18638899
  -12.4270712     0.17814637     0.18276715
  -12.4170695     0.16010240     0.17109981
  -12.4070678     0.14006738     0.15484944
  -12.3970662     0.12223631     0.13782550
  -12.3870645     0.10969417     0.12323659
  -12.3770628     0.10390992     0.11310275
  -12.3670612     0.10472748     0.10809443
  -12.3570595     0.11078971     0.10774489
  -12.3470578     0.12021321     0.11092976
  -12.3370562     0.13124464     0.11645437
  -12.3270545     0.14263308     0.12352795
  -12.3170528     0.15359239     0.13190511
  -12.3070512     0.16346067     0.14161006
  -12.2970495     0.17135657     0.15239600
  -12.2870478     0.17614435     0.16328765
  -12.2770462     0.17681792     0.17255645
  -12.2670445     0.17311886     0.17824864
  -12.2570428     0.16600910     0.17904983
  -12.2470412     0.15766025     0.17503574
  -12.2370395     0.15087150     0.16788241
  -12.2270378     0.14813136     0.16038063
  -12.2170362     0.15072292     0.15545445
  -12.2070345     0.15825727     0.15511872
  -12.1970328     0.16883712     0.15981347
  -12.1870312     0.17979933     0.16835827
  -12.1770295     0.18876019     0.17850331
  -12.1670278     0.19456723     0.18783674
  -12.1570262     0.19778913     0.19470394
  -12.1470245     0.20054992     0.19881381
  -12.1370228     0.20577343     0.20133658
  -12.1270212     0.21613813     0.20449438
  -12.1170195     0.23314224     0.21083308
  -12.1070178     0.25660489     0.22245289
  -12.0970162     0.28473622     0.24043194
  -12.0870145     0.31470287     0.26455514
  -12.0770128     0.34347839     0.29335649
  -12.0670112     0.36871790     0.32444485
  -12.0570095     0.38940460     0.35507143
  -12.0470078     0.40606263     0.38284286
  -12.0370062     0.42043123     0.40637705
  -12.0270045     0.43466720     0.42562739
  -12.0170028     0.45034674     0.44167139
  -12.0070012     0.46766205     0.45599467
  -11.9969995     0.48514535     0.46957963
  -11.9869978     0.50000930     0.48224282
  -11.9769962     0.50891576     0.49254266
  -11.9669945     0.50885548     0.49826791
  -11.9569928     0.49789210     0.49722571
  -11.9469912     0.47567892     0.48796123
  -11.9369895     0.44373424     0.47017888
  -11.9269878     0.40542145     0.44484723
  -11.9169862     0.36553712     0.41408762
  -11.9069845     0.32949120     0.38092843
  -11.8969828     0.30225429     0.34894463
  -11.8869812     0.28738721     0.32179607
  -11.8769795     0.28642129     0.30272319
  -11.8669778     0.29866002     0.29407375
  -11.8569762     0.32131203     0.29688692
  -11.8469745     0.34988395     0.31052944
  -11.8369728     0.37889295     0.33246121
  -11.8269712     0.40297794     0.35836360
  -11.8169695     0.41825404     0.38290016
  -11.8069678     0.42340235     0.40112484
  -11.7969662     0.41985870     0.41008130
  -11.7869645     0.41080439     0.40978783
  -11.7769628     0.39934298     0.40293309
  -11.7669612     0.38681169     0.39326441
  -11.7569595     0.37218054     0.38345442
  -11.7469578     0.35287785     0.37362439
  -11.7369562     0.32654515     0.36136729
  -11.7269545     0.29271856     0.34324210
  -11.7169528     0.25355345     0.31687236
  -11.7069512     0.21330594     0.28250385
  -11.6969495     0.17693395     0.24327273
  -11.6869478     0.14851833     0.20417832
  -11.6769462     0.13014749     0.17036473
  -11.6669445     0.12160985     0.14550957
  -11.6569428     0.12089698     0.13092405
  -11.6469412     0.12524739     0.12559490
  -11.6369395     0.13228980     0.12703148
  -11.6269378     0.14080953     0.13250615
  -11.6169362     0.15081252     0.14014108
  -11.6069345     0.16288556     0.14936039
  -11.5969328     0.17721468     0.16052470
  -11.5869312     0.19281690     0.17399304
  -11.5769295     0.20743224     0.18918312
  -11.5669278     0.21817043     0.20420707
  -11.5569262     0.22261994     0.21632390
  -11.5469245     0.21991781     0.22298486
  -11.5369228     0.21131638     0.22294123
  -11.5269212     0.19999469     0.21689184
  -11.5169195     0.19013422     0.20739982
  -11.5069178     0.18553817     0.19812168
  -11.4969162     0.18827420     0.19262689
  -11.4869145     0.19788274     0.19320928
  -11.4769128     0.21152070     0.20010801
  -11.4669112     0.22500836     0.21143954
  -11.4569095     0.23430261     0.22387668
  -11.4469078     0.23671683     0.23377871
  -11.4369062     0.23140591     0.23827198
  -11.4269045     0.21910605     0.23585699
  -11.4169028     0.20152611     0.22643934
  -11.4069012     0.18085457     0.21101485
  -11.3968995     0.15957635     0.19134385
  -11.3868978     0.14044798     0.16978233
  -11.3768961     0.12633852     0.14917652
  -11.3668945     0.11978599     0.13260840
  -11.3568928     0.12239072     0.12289100
  -11.3468911     0.13433954     0.12193965
  -11.3368895     0.15430716     0.13029091
  -11.3268878     0.17977415     0.14698992
  -11.3168861     0.20759901     0.16987208
  -11.3068845     0.23461597     0.19608041
  -11.2968828     0.25810892     0.22260701
  -11.2868811     0.27613636     0.24672861
  -11.2768795     0.28774233     0.26632259
  -11.2668778     0.29306007     0.28009854
  -11.2568761     0.29326261     0.28774279
  -11.2468745     0.29032081     0.28991888
  -11.2368728     0.28660977     0.28807685
  -11.2268711     0.28449327     0.28411860
  -11.2168695     0.28602623     0.28007004
  -11.2068678     0.29282468     0.27792051
  -11.1968661     0.30602765     0.27965748
  -11.1868645     0.32622171     0.28732640
  -11.1768628     0.35327333     0.30284859
  -11.1668611     0.38617014     0.32746576
  -11.1568595     0.42308310     0.36100694
  -11.1468578     0.46180972     0.40146274
  -11.1368561     0.50052783     0.44533428
  -11.1268545     0.53850363     0.48881937
  -11.1168528     0.57627545     0.52932643
  -11.1068511     0.61504062     0.56646852
  -11.0968495     0.65546488     0.60188397
  -11.0868478     0.69660975     0.63790438
  -11.0768461     0.73574693     0.67582933
  -11.0668445     0.76934025     0.71485708
  -11.0568428     0.79469554     0.75232536
  -11.0468411     0.81125964     0.78507551
  -11.0368395     0.82071258     0.81103534
  -11.0268378     0.82577191     0.83001165
  -11.0168361     0.82848637     0.84324769
  -11.0068345     0.82913871     0.85213216
  -10.9968328     0.82647909     0.85698910
  -10.9868311     0.81916112     0.85680402
  -10.9768295     0.80752825     0.85013651
  -10.9668278     0.79473629     0.83673074
  -10.9568261     0.78662153     0.81890784
  -10.9468245     0.79037784     0.80193582
  -10.9368228     0.81256868     0.79311624
  -10.9268211     0.85709282     0.79994517
  -10.9168195     0.92357794     0.82803744
  -10.9068178     1.00653993     0.87942820
  -10.8968161     1.09561360     0.95156714
  -10.8868145     1.17709992     1.03709945
  -10.8768128     1.23677996     1.12452318
  -10.8668111     1.26340074     1.19987401
  -10.8568095     1.25172357     1.24943585
  -10.8468078     1.20395347     1.26301014
  -10.8368061     1.12893383     1.23675424
  -10.8268045     1.03945044     1.17445884
  -10.8168028     0.94878602     1.08662097
  -10.8068011     0.86783797     0.98758549
  -10.7967995     0.80362726     0.89185215
  -10.7867978     0.75926548     0.81091350
  -10.7767961     0.73487241     0.75159840
  -10.7667945     0.72877101     0.71612644
  -10.7567928     0.73845563     0.70335700
  -10.7467911     0.76113016     0.71037173
  -10.7367895     0.79388717     0.73365200
  -10.7267878     0.83376554     0.76956585
  -10.7167861     0.87793061     0.81437515
  -10.7067845     0.92405858     0.86422366
  -10.6967828     0.97076520     0.91544103
  -10.6867811     1.01778332     0.96512726
  -10.6767795     1.06569388     1.01167733
  -10.6667778     1.11528627     1.05491538
  -10.6567761     1.16684392     1.09579452
  -10.6467745     1.21966195     1.13589423
  -10.6367728     1.27196305     1.17695407
  -10.6267711     1.32125855     1.22046752
  -10.6167695     1.36515483     1.26722410
  -10.6067678     1.40249483     1.31684490
  -10.5967661     1.43444591     1.36765472
  -10.5867645     1.46487164     1.41727511
  -10.5767628     1.49942542     1.46389716
  -10.5667611     1.54344295     1.50756765
  -10.5567595     1.59954439     1.55056384
  -10.5467578     1.66622888     1.59637731
  -10.5367561     1.73826146     1.64773005
  -10.5267545     1.80860719     1.70474111
  -10.5167528     1.87082441     1.76432312
  -10.5067511     1.92077111     1.82115847
  -10.4967495     1.95711980     1.86972221
  -10.4867478     1.98090915     1.90634612
  -10.4767461     1.99464704     1.93043932
  -10.4667445     2.00130326     1.94447443
  -10.4567428     2.00328731     1.95287283
  -10.4467411     2.00153634     1.96026910
  -10.4367395     1.99507162     1.96976712
  -10.4267378     1.98145510     1.98175965
  -10.4167361     1.95824568     1.99371026
  -10.4067345     1.92496191     2.00102881
  -10.3967328     1.88463282     1.99885758
  -10.3867311     1.84409479     1.98428066
  -10.3767295     1.81274684     1.95824689
  -10.3667278     1.80017206     1.92644818
  -10.3567261     1.81348790     1.89860916
  -10.3467245     1.85530958     1.88613126
  -10.3367228     1.92286510     1.89866834
  -10.3267211     2.00833228     1.94073709
  -10.3167195     2.10014001     2.00961109
  -10.3067178     2.18490402     2.09536638
  -10.2967161     2.24973714     2.18314638
  -10.2867145     2.28466167     2.25685002
  -10.2767128     2.28467373     2.30295683
  -10.2667111     2.25084743     2.31333061
  -10.2567095     2.18998974     2.28645657
  -10.2467078     2.11281620     2.22723303
  -10.2367061     2.03116742     2.14574397
  -10.2267045     1.95512229     2.05531593
  -10.2167028     1.89087656     1.96994009
  -10.2067011     1.84001278     1.90123067
  -10.1966994     1.80035839     1.85556514
  -10.1866978     1.76805606     1.83249906
  -10.1766961     1.73992831     1.82540747
  -10.1666944     1.71504868     1.82440910
  -10.1566928     1.69487267     1.82045292
  -10.1466911     1.68213992     1.80878093
  -10.1366894     1.67944898     1.79031227
  -10.1266878     1.68841823     1.77061739
  -10.1166861     1.70970896     1.75733322
  -10.1066844     1.74344930     1.75740094
  -10.0966828     1.78935460     1.77518522
  -10.0866811     1.84622990     1.81174732
  -10.0766794     1.91118771     1.86492429
  -10.0666778     1.97928841     1.92978821
  -10.0566761     2.04414801     1.99938905
  -10.0466744     2.09950265     2.06595978
  -10.0366728     2.14114252     2.12263446
  -10.0266711     2.16835161     2.16527736
  -10.0166694     2.18412586     2.19365850
  -10.0066678     2.19390628     2.21129967
   -9.9966661     2.20317426     2.22385738
   -9.9866644     2.21480758     2.23657957
   -9.9766628     2.22737082     2.25181342
   -9.9666611     2.23531004     2.26759059
   -9.9566594     2.23126857     2.27799733
   -9.9466578     2.20966754     2.27542379
   -9.9366561     2.16986071     2.25398696
   -9.9266544     2.11718540     2.21271119
   -9.9166528     2.06126646     2.15688246
   -9.9066511     2.01245388     2.09669952
   -9.8966494     1.97831384     2.04372034
   -9.8866478     1.96194339     2.00685000
   -9.8766461     1.96266938     1.98987119
   -9.8666444     1.97829560     1.99156353
   -9.8566428     2.00739725     2.00795455
   -9.8466411     2.05050958     2.03522099
   -9.8366394     2.10995178     2.07179096
   -9.8266378     2.18874500     2.11901797
   -9.8166361     2.28924266     2.18063790
   -9.8066344     2.41184004     2.26151499
   -9.7966328     2.55389298     2.36598983
   -9.7866311     2.70901746     2.49595098
   -9.7766294     2.86715793     2.64893022
   -9.7666278     3.01584368     2.81694568
   -9.7566261     3.14263942     2.98697923
   -9.7466244     3.23806681     3.14346951
   -9.7366228     3.29774293     3.27215707
   -9.7266211     3.32267275     3.36369501
   -9.7166194     3.31758605     3.41536800
   -9.7066178     3.28832862     3.43024013
   -9.6966161     3.23978542     3.41448415
   -9.6866144     3.17529249     3.37453918
   -9.6766128     3.09744393     3.31549915
   -9.6666111     3.00944773     3.24105551
   -9.6566094     2.91616876     3.15434105
   -9.6466078     2.82444902     3.05884840
   -9.6366061     2.74265762     2.95907712
   -9.6266044     2.67947567     2.86095346
   -9.6166028     2.64192745     2.77189865
   -9.6066011     2.63296240     2.70002096
   -9.5965994     2.64942499     2.65202102
   -9.5865978     2.68158239     2.63029657
   -9.5765961     2.71506791     2.63077989
   -9.5665944     2.73509159     2.64321130
   -9.5565928     2.73152366     2.65440824
   -9.5465911     2.70269056     2.65328777
   -9.5365894     2.65598728     2.63521363
   -9.5265878     2.60471540     2.60351871
   -9.5165861     2.56231480     2.56755870
   -9.5065844     2.53648460     2.53833419
   -9.4965828     2.52587664     2.52362536
   -9.4865811     2.52094008     2.52451259
   -9.4765794     2.50859002     2.53450615
   -9.4665778     2.47858204     2.54167902
   -9.4565761     2.42868960     2.53327687
   -9.4465744     2.36639048     2.50129955
   -9.4365728     2.30643076     2.44684727
   -9.4265711     2.26547059     2.38116325
   -9.4165694     2.25613104     2.32253182
   -9.4065678     2.28273945     2.29004842
   -9.3965661     2.34012426     2.29677886
   -9.3865644     2.41554155     2.34511654
   -9.3765628     2.49279634     2.42609536
   -9.3665611     2.55712033     2.52265811
   -9.3565594     2.59934543     2.61534970
   -9.3465578     2.61823537     2.68824714
   -9.3365561     2.62042755     2.73323056
   -9.3265544     2.61820504     2.75159218
   -9.3165528     2.62601819     2.75299066
   -9.3065511     2.65694416     2.75249923
   -9.2965494     2.71994929     2.76676010
   -9.2865478     2.81819169     2.81008666
   -9.2765461     2.94821605     2.89104319
   -9.2665444     3.10002482     3.00992654
   -9.2565428     3.25834849     3.15774341
   -9.2465411     3.40540312     3.31736815
   -9.2365394     3.52481206     3.46712799
   -9.2265378     3.60562119     3.58608025
   -9.2165361     3.64509620     3.65931778
   -9.2065344     3.64944457     3.68150297
   -9.1965328     3.63232809     3.65766087
   -9.1865311     3.61150108     3.60145289
   -9.1765294     3.60407205     3.53186417
   -9.1665278     3.62113946     3.46916392
   -9.1565261     3.66314222     3.43058798
   -9.1465244     3.71781870     3.42612130
   -9.1365227     3.76241025     3.45520783
   -9.1265211     3.77027582     3.50568869
   -9.1165194     3.71994866     3.55607635
   -9.1065178     3.60313151     3.58119206
   -9.0965161     3.42829767     3.55971240
   -9.0865144     3.21851552     3.48113776
   -9.0765127     3.00475840     3.34972996
   -9.0665111     2.81776539     3.18406398
   -9.0565094     2.68154805     3.01243113
   -9.0465077     2.61015595     2.86567276
   -9.0365061     2.60748712     2.76963237
   -9.0265044     2.66890863     2.73925860
   -9.0165028     2.78355993     2.77577300
   -9.0065011     2.93686977     2.86754605
   -8.9964994     3.11320124     2.99449201
   -8.9864977     3.29834008     3.13483293
   -8.9764961     3.48116464     3.27210169
   -8.9664944     3.65390471     3.39975247
   -8.9564928     3.81107668     3.52135444
   -8.9464911     3.94798474     3.64617275
   -8.9364894     4.05991989     3.78219180
   -8.9264877     4.14263923     3.92998019
   -8.9164861     4.19378447     4.08034859
   -8.9064844     4.21428052     4.21676216
   -8.8964828     4.20881228     4.32114334
   -8.8864811     4.18504093     4.38031411
   -8.8764794     4.15181518     4.39041087
   -8.8664777     4.11691131     4.35778693
   -8.8564761     4.08481360     4.29638262
   -8.8464744     4.05499643     4.22265277
   -8.8364728     4.02127837     4.14973220
   -8.8264711     3.97293139     4.08272910
   -8.8164694     3.89793255     4.01690889
   -8.8064677     3.78781521     3.93985600
   -8.7964661     3.64238694     3.83730877
   -8.7864644     3.47201276     3.70060365
   -8.7764627     3.29591255     3.53248983
   -8.7664611     3.13678187     3.34842728
   -8.7564594     3.01390344     3.17245590
   -8.7464577     2.93758746     3.02929711
   -8.7364561     2.90693997     2.93604274
   -8.7264544     2.91131344     2.89673728
   -8.7164527     2.93438484     2.90165548
   -8.7064511     2.95920056     2.93112919
   -8.6964494     2.97262302     2.96227689
   -8.6864477     2.96804341     2.97625536
   -8.6764461     2.94579386     2.96364138
   -8.6664444     2.91137940     2.92621428
   -8.6564427     2.87235808     2.87468644
   -8.6464411     2.83514403     2.82346344
   -8.6364394     2.80293338     2.78463319
   -8.6264377     2.77537768     2.76351681
   -8.6164361     2.74986206     2.75726531
   -8.6064344     2.72364941     2.75670139
   -8.5964327     2.69592140     2.75048985
   -8.5864311     2.66887245     2.73005187
   -8.5764294     2.64739245     2.69342890
   -8.5664277     2.63740009     2.64658905
   -8.5564261     2.64343844     2.60154277
   -8.5464244     2.66654309     2.57195426
   -8.5364227     2.70343621     2.56812287
   -8.5264211     2.74766865     2.59353940
   -8.5164194     2.79250630     2.64440735
   -8.5064177     2.83444426     2.71202376
   -8.4964161     2.87567677     2.78664189
   -8.4864144     2.92402735     2.86103661
   -8.4764127     2.98983101     2.93244323
   -8.4664111     3.08070910     3.00235340
   -8.4564094     3.19639499     3.07440637
   -8.4464077     3.32606781     3.15121842
   -8.4364061     3.44975183     3.23145312
   -8.4264044     3.54359613     3.30854091
   -8.4164027     3.58710621     3.37188960
   -8.4064011     3.56953005     3.41023748
   -8.3963994     3.49301249     3.41563996
   -8.3863977     3.37154389     3.38625572
   -8.3763961     3.22639117     3.32683202
   -8.3663944     3.07987437     3.24698374
   -8.3563927     2.94968008     3.15818376
   -8.3463911     2.84543998     3.07052925
   -8.3363894     2.76831890     2.99015826
   -8.3263877     2.71320515     2.91805622
   -8.3163861     2.67218991     2.85082218
   -8.3063844     2.63775925     2.78337656
   -8.2963827     2.60462647     2.71256496
   -8.2863811     2.57006230     2.63979647
   -8.2763794     2.53330991     2.57107029
   -8.2663777     2.49479269     2.51414185
   -8.2563761     2.45547494     2.47432631
   -8.2463744     2.41640127     2.45131990
   -8.2363727     2.37842184     2.43881979
   -8.2263711     2.34225616     2.42709919
   -8.2163694     2.30900393     2.40714984
   -8.2063677     2.28086861     2.37441047
   -8.1963661     2.26149312     2.33055796
   -8.1863644     2.25530541     2.28283564
   -8.1763627     2.26576152     2.24134965
   -8.1663611     2.29311041     2.21538928
   -8.1563594     2.33283501     2.21007987
   -8.1463577     2.37585756     2.22454995
   -8.1363561     2.41084159     2.25225407
   -8.1263544     2.42780304     2.28323919
   -8.1163527     2.42141005     2.30732996
   -8.1063511     2.39239638     2.31690337
   -8.0963494     2.34650636     2.30833181
   -8.0863477     2.29173692     2.28201366
   -8.0763461     2.23548046     2.24158059
   -8.0663444     2.18300427     2.19294779
   -8.0563427     2.13772545     2.14345277
   -8.0463411     2.10262369     2.10090320
   -8.0363394     2.08151919     2.07233641
   -8.0263377     2.07909527     2.06264904
   -8.0163361     2.09932957     2.07358985
   -8.0063344     2.14299634     2.10356616
   -7.9963327     2.20559091     2.14830633
   -7.9863311     2.27699533     2.20197616
   -7.9763294     2.34342907     2.25820310
   -7.9663277     2.39113830     2.31069149
   -7.9563261     2.41047008     2.35350821
   -7.9463244     2.39880317     2.38139385
   -7.9363227     2.36121519     2.39042960
   -7.9263211     2.30852383     2.37907032
   -7.9163194     2.25325805     2.34911571
   -7.9063177     2.20499209     2.30591279
   -7.8963161     2.16694020     2.25721727
   -7.8863144     2.13535331     2.21074070
   -7.8763127     2.10204686     2.17121928
   -7.8663111     2.05889123     2.13838855
   -7.8563094     2.00216444     2.10711730
   -7.8463077     1.93481393     2.07005329
   -7.8363061     1.86573912     2.02182150
   -7.8263044     1.80655830     1.96278370
   -7.8163027     1.76732676     1.90028998
   -7.8063011     1.75297681     1.84645190
   -7.7962994     1.76181786     1.81325855
   -7.7862977     1.78648456     1.80734051
   -7.7762961     1.81668444     1.82695334
   -7.7662944     1.84247139     1.86260289
   -7.7562927     1.85684115     1.90084510
   -7.7462910     1.85706163     1.92927147
   -7.7362894     1.84483581     1.94036786
   -7.7262877     1.82571203     1.93286651
   -7.7162860     1.80802935     1.91070776
   -7.7062844     1.80140276     1.88084164
   -7.6962827     1.81468170     1.85122843
   -7.6862810     1.85358935     1.82965559
   -7.6762794     1.91866431     1.82306223
   -7.6662777     2.00430914     1.83668333
   -7.6562760     2.09947912     1.87272045
   -7.6462744     2.18993549     1.92900697
   -7.6362727     2.26141333     1.99858502
   -7.6262710     2.30282365     2.07086204
   -7.6162694     2.30874273     2.13423519
   -7.6062677     2.28070744     2.17930037
   -7.5962660     2.22703336     2.20146227
   -7.5862644     2.16102570     2.20202207
   -7.5762627     2.09774722     2.18740451
   -7.5662610     2.05002613     2.16679805
   -7.5562594     2.02493002     2.14896364
   -7.5462577     2.02208858     2.13927057
   -7.5362560     2.03470418     2.13805746
   -7.5262544     2.05294419     2.14104594
   -7.5162527     2.06823507     2.14172372
   -7.5062510     2.07650203     2.13465747
   -7.4962494     2.07896984     2.11814532
   -7.4862477     2.08042411     2.09491109
   -7.4762460     2.08602872     2.07059350
   -7.4662444     2.09825149     2.05097115
   -7.4562427     2.11511345     2.03944218
   -7.4462410     2.13027820     2.03592626
   -7.4362394     2.13486376     2.03739299
   -7.4262377     2.12039297     2.03933639
   -7.4162360     2.08193938     2.03726068
   -7.4062344     2.02034941     2.02764592
   -7.3962327     1.94265432     2.00846386
   -7.3862310     1.86048500     1.97957029
   -7.3762294     1.78714489     1.94305462
   -7.3662277     1.73448122     1.90322955
   -7.3562260     1.71056296     1.86589472
   -7.3462244     1.71859957     1.83694300
   -7.3362227     1.75694400     1.82091073
   -7.3262210     1.81975287     1.82017081
   -7.3162194     1.89797984     1.83499367
   -7.3062177     1.98064692     1.86406096
   -7.2962160     2.05648289     1.90478037
   -7.2862144     2.11588034     1.95312295
   -7.2762127     2.15280809     2.00334881
   -7.2662110     2.16611353     2.04832689
   -7.2562094     2.15976594     2.08086378
   -7.2462077     2.14194668     2.09573486
   -7.2362060     2.12320919     2.09151353
   -7.2262044     2.11405236     2.07128853
   -7.2162027     2.12229704     2.04194608
   -7.2062010     2.15083758     2.01242540
   -7.1961994     2.19659570     1.99171910
   -7.1861977     2.25144911     1.98722340
   -7.1761960     2.30522504     2.00362241
   -7.1661944     2.34975755     2.04222369
   -7.1561927     2.38223030     2.10071189
   -7.1461910     2.40621560     2.17347739
   -7.1361894     2.42995312     2.25271670
   -7.1261877     2.46276842     2.33026905
   -7.1161860     2.51127933     2.39976527
   -7.1061844     2.57684174     2.45835902
   -7.0961827     2.65485242     2.50729047
   -7.0861810     2.73566048     2.55088595
   -7.0761794     2.80640834     2.59422731
   -7.0661777     2.85322026     2.64034705
   -7.0561760     2.86351977     2.68806668
   -7.0461744     2.82848591     2.73133247
   -7.0361727     2.74549603     2.76028773
   -7.0261710     2.61995444     2.76372832
   -7.0161694     2.46558379     2.73226683
   -7.0061677     2.30247705     2.66143369
   -6.9961660     2.15303514     2.55390088
   -6.9861644     2.03694061     2.42002839
   -6.9761627     1.96689658     2.27623079
   -6.9661610     1.94656688     2.14137742
   -6.9561594     1.97112411     2.03232035
   -6.9461577     2.02968867     1.96013071
   -6.9361560     2.10839882     1.92833009
   -6.9261544     2.19308952     1.93348529
   -6.9161527     2.27120675     1.96756137
   -6.9061510     2.33308826     2.02090008
   -6.8961494     2.37283475     2.08470698
   -6.8861477     2.38881817     2.15230089
   -6.8761460     2.38371749     2.21892248
   -6.8661444     2.36398162     2.28052764
   -6.8561427     2.33873424     2.33253664
   -6.8461410     2.31823466     2.36963704
   -6.8361394     2.31204582     2.38719764
   -6.8261377     2.32708944     2.38381933
   -6.8161360     2.36587646     2.36364366
   -6.8061344     2.42538976     2.33688756
   -6.7961327     2.49720799     2.31782263
   -6.7861310     2.56924616     2.32064192
   -6.7761293     2.62886545     2.35468249
   -6.7661277     2.66635440     2.42081928
   -6.7561260     2.67742917     2.51043352
   -6.7461243     2.66378834     2.60742493
   -6.7361227     2.63170494     2.69265880
   -6.7261210     2.58954659     2.74939926
   -6.7161193     2.54543032     2.76797100
   -6.7061177     2.50583622     2.74821680
   -6.6961160     2.47527584     2.69912434
   -6.6861144     2.45653301     2.63592972
   -6.6761127     2.45086977     2.57570594
   -6.6661110     2.45789242     2.53273927
   -6.6561094     2.47523364     2.51492618
   -6.6461077     2.49851203     2.52210765
   -6.6361060     2.52198845     2.54675401
   -6.6261044     2.53996283     2.57675281
   -6.6161027     2.54844184     2.59937726
   -6.6061010     2.54626447     2.60511636
   -6.5960994     2.53497747     2.59016928
   -6.5860977     2.51737221     2.55699309
   -6.5760960     2.49543525     2.51299729
   -6.5660944     2.46896507     2.46794903
   -6.5560927     2.43580928     2.43082037
   -6.5460910     2.39364980     2.40685037
   -6.5360894     2.34216086     2.39563897
   -6.5260877     2.28398701     2.39100903
   -6.5160860     2.22367855     2.38292402
   -6.5060844     2.16508520     2.36093089
   -6.4960827     2.10886890     2.31781111
   -6.4860810     2.05196040     2.25193004
   -6.4760794     1.98974539     2.16741800
   -6.4660777     1.92007000     2.07245105
   -6.4560760     1.84682737     1.97679733
   -6.4460743     1.78081150     1.88988231
   -6.4360727     1.73684297     1.81990945
   -6.4260710     1.72814814     1.77362724
   -6.4160693     1.76047551     1.75586872
   -6.4060677     1.82866560     1.76834025
   -6.3960660     1.91730751     1.80802990
   -6.3860643     2.00530443     1.86635515
   -6.3760627     2.07246985     1.93015072
   -6.3660610     2.10544211     1.98471027
   -6.3560593     2.10064925     2.01786803
   -6.3460577     2.06360490     2.02336325
   -6.3360560     2.00563132     2.00201335
   -6.3260543     1.94009089     1.96039444
   -6.3160527     1.87978116     1.90804120
   -6.3060510     1.83576248     1.85478011
   -6.2960493     1.81670990     1.80934402
   -6.2860477     1.82782354     1.77927223
   -6.2760460     1.86929131     1.77112776
   -6.2660443     1.93530912     1.78994909
   -6.2560427     2.01480122     1.83762889
   -6.2460410     2.09413946     1.91097853
   -6.2360393     2.16103318     2.00083049
   -6.2260377     2.20815923     2.09325528
   -6.2160360     2.23528624     2.17299268
   -6.2060343     2.24927911     2.22807425
   -6.1960327     2.26199065     2.25392097
   -6.1860310     2.28652175     2.25525787
   -6.1760293     2.33281252     2.24495712
   -6.1660277     2.40403172     2.24007388
   -6.1560260     2.49536677     2.25642426
   -6.1460243     2.59608037     2.30366012
   -6.1360227     2.69412302     2.38267340
   -6.1260210     2.78103680     2.48628560
   -6.1160193     2.85451434     2.60280544
   -6.1060177     2.91725564     2.72071902
   -6.0960160     2.97295232     2.83220478
   -6.0860143     3.02187865     2.93378801
   -6.0760127     3.05863580     3.02407304
   -6.0660110     3.07318024     3.10022581
   -6.0560093     3.05441563     3.15563125
   -6.0460077     2.99448707     3.18038665
   -6.0360060     2.89196573     3.16449315
   -6.0260043     2.75299945     3.10197900
   -6.0160027     2.59047526     2.99378693
   -6.0060010     2.42174099     2.84821080
   -5.9959993     2.26544565     2.67913528
   -5.9859977     2.13795379     2.50324455
   -5.9759960     2.04989683     2.33727939
   -5.9659943     2.00370019     2.19574032
   -5.9559927     1.99301481     2.08891524
   -5.9459910     2.00457309     2.02116051
   -5.9359893     2.02212675     1.98979598
   -5.9259877     2.03121263     1.98528338
   -5.9159860     2.02303600     1.99318087
   -5.9059843     1.99605443     1.99771534
   -5.8959827     1.95481041     1.98601840
   -5.8859810     1.90676501     1.95157632
   -5.8759793     1.85873522     1.89558210
   -5.8659777     1.81458579     1.82568781
   -5.8559760     1.77503950     1.75279061
   -5.8459743     1.73928500     1.68734617
   -5.8359727     1.70713877     1.63678010
   -5.8259710     1.68035107     1.60480264
   -5.8159693     1.66227374     1.59229281
   -5.8059677     1.65612833     1.59860730
   -5.7959660     1.66294117     1.62216587
   -5.7859643     1.68040653     1.65993664
   -5.7759627     1.70342418     1.70647762
   -5.7659610     1.72613429     1.75378878
   -5.7559593     1.74445647     1.79291614
   -5.7459577     1.75786817     1.81710828
   -5.7359560     1.76955115     1.82504941
   -5.7259543     1.78484123     1.82220518
   -5.7159527     1.80869832     1.81910410
   -5.7059510     1.84331494     1.82704680
   -5.6959493     1.88687678     1.85322520
   -5.6859477     1.93396665     1.89758595
   -5.6759460     1.97738025     1.95281702
   -5.6659443     2.01049383     2.00724258
   -5.6559427     2.02909336     2.04911888
   -5.6459410     2.03189862     2.07042089
   -5.6359393     2.01975333     2.06869979
   -5.6259377     1.99419569     2.04659048
   -5.6159360     1.95643505     2.00957915
   -5.6059343     1.90745495     1.96331519
   -5.5959327     1.84921442     1.91182055
   -5.5859310     1.78614823     1.85736825
   -5.5759293     1.72581623     1.80181184
   -5.5659276     1.67786171     1.74826010
   -5.5559260     1.65131108     1.70175921
   -5.5459243     1.65124598     1.66827996
   -5.5359226     1.67643089     1.65245612
   -5.5259210     1.71919729     1.65542173
   -5.5159193     1.76785168     1.67411348
   -5.5059176     1.81063973     1.70251045
   -5.4959160     1.83956115     1.73410271
   -5.4859143     1.85248550     1.76422153
   -5.4759126     1.85290864     1.79111371
   -5.4659110     1.84775249     1.81551558
   -5.4559093     1.84429971     1.83930597
   -5.4459076     1.84746760     1.86408453
   -5.4359060     1.85830438     1.89023285
   -5.4259043     1.87407883     1.91656081
   -5.4159026     1.88978470     1.94040437
   -5.4059010     1.90038398     1.95809277
   -5.3958993     1.90281853     1.96581949
   -5.3858977     1.89692319     1.96087917
   -5.3758960     1.88492656     1.94294465
   -5.3658943     1.86997474     1.91478812
   -5.3558927     1.85460335     1.88190044
   -5.3458910     1.83998331     1.85093251
   -5.3358893     1.82616044     1.82753081
   -5.3258877     1.81284722     1.81452939
   -5.3158860     1.80007311     1.81128773
   -5.3058843     1.78827067     1.81431942
   -5.2958827     1.77787266     1.81868454
   -5.2858810     1.76879992     1.81938408
   -5.2758793     1.76015595     1.81230415
   -5.2658777     1.75018998     1.79477659
   -5.2558760     1.73645130     1.76605705
   -5.2458743     1.71613958     1.72776784
   -5.2358727     1.68676256     1.68390268
   -5.2258710     1.64708587     1.63988056
   -5.2158693     1.59800499     1.60063001
   -5.2058676     1.54272134     1.56847015
   -5.1958660     1.48582158     1.54196702
   -5.1858643     1.43152316     1.51654967
   -5.1758626     1.38199966     1.48666566
   -5.1658610     1.33679588     1.44833341
   -5.1558593     1.29374089     1.40075671
   -5.1458576     1.25085613     1.34631822
   -5.1358560     1.20814409     1.28928323
   -5.1258543     1.16821298     1.23421260
   -5.1158526     1.13537017     1.18498596
   -5.1058510     1.11368494     1.14463146
   -5.0958493     1.10508412     1.11545350
   -5.0858476     1.10849643     1.09881490
   -5.0758460     1.12043678     1.09444327
   -5.0658443     1.13659544     1.09981404
   -5.0558426     1.15347701     1.11037933
   -5.0458410     1.16922907     1.12092271
   -5.0358393     1.18339534     1.12748648
   -5.0258376     1.19598567     1.12880566
   -5.0158360     1.20656757     1.12640611
   -5.0058343     1.21395190     1.12332886
   -4.9958326     1.21666082     1.12226400
   -4.9858310     1.21396452     1.12418167
   -4.9758293     1.20697734     1.12819130
   -4.9658276     1.19916897     1.13260853
   -4.9558260     1.19576955     1.13652094
   -4.9458243     1.20200507     1.14088976
   -4.9358226     1.22076437     1.14851639
   -4.9258210     1.25078869     1.16285280
   -4.9158193     1.28639064     1.18626897
   -4.9058176     1.31899923     1.21865563
   -4.8958160     1.33989516     1.25702001
   -4.8858143     1.34293187     1.29619901
   -4.8758126     1.32615313     1.33029634
   -4.8658110     1.29185156     1.35420485
   -4.8558093     1.24531268     1.36465755
   -4.8458076     1.19289511     1.36054707
   -4.8358060     1.14016259     1.34259497
   -4.8258043     1.09065716     1.31269848
   -4.8158026     1.04569383     1.27334186
   -4.8058010     1.00524128     1.22731333
   -4.7957993     0.96951697     1.17770356
   -4.7857976     0.94051350     1.12795003
   -4.7757960     0.92255470     1.08168616
   -4.7657943     0.92133153     1.04235189
   -4.7557926     0.94159934     1.01275128
   -4.7457910     0.98448125     0.99479843
   -4.7357893     1.04569953     0.98952134
   -4.7257876     1.11578234     0.99714626
   -4.7157860     1.18242693     1.01700064
   -4.7057843     1.23414485     1.04716463
   -4.6957826     1.26363975     1.08414050
   -4.6857810     1.26948213     1.12300007
   -4.6757793     1.25550973     1.15828546
   -4.6657776     1.22850561     1.18543728
   -4.6557760     1.19545183     1.20205331
   -4.6457743     1.16164432     1.20822839
   -4.6357726     1.13027351     1.20570819
   -4.6257710     1.10318883     1.19632721
   -4.6157693     1.08199921     1.18069861
   -4.6057676     1.06868626     1.15802157
   -4.5957660     1.06540491     1.12720564
   -4.5857643     1.07372491     1.08869338
   -4.5757626     1.09385511     1.04590264
   -4.5657610     1.12428251     1.00537765
   -4.5557593     1.16192845     0.97540659
   -4.5457576     1.20264727     0.96361896
   -4.5357560     1.24182082     0.97451098
   -4.5257543     1.27490110     1.00780165
   -4.5157526     1.29788511     1.05813133
   -4.5057510     1.30776176     1.11614688
   -4.4957493     1.30293015     1.17066664
   -4.4857476     1.28351367     1.21141027
   -4.4757460     1.25145661     1.23164449
   -4.4657443     1.21031771     1.23001577
   -4.4557426     1.16474067     1.21091310
   -4.4457410     1.11965125     1.18304489
   -4.4357393     1.07930711     1.15650854
   -4.4257376     1.04642298     1.13926309
   -4.4157360     1.02167083     1.13427567
   -4.4057343     1.00381244     1.13848680
   -4.3957326     0.99049875     1.14412173
   -4.3857310     0.97944733     1.14196792
   -4.3757293     0.96949069     1.12538331
   -4.3657276     0.96103568     1.09337784
   -4.3557260     0.95576455     1.05139266
   -4.3457243     0.95575667     1.00936286
   -4.3357226     0.96243196     0.97788628
   -4.3257210     0.97575555     0.96420798
   -4.3157193     0.99403686     0.96977983
   -4.3057176     1.01444303     0.99033724
   -4.2957159     1.03404745     1.01820802
   -4.2857143     1.05093550     1.04559156
   -4.2757126     1.06477441     1.06728529
   -4.2657109     1.07647795     1.08181840
   -4.2557093     1.08710348     1.09082963
   -4.2457076     1.09660845     1.09731518
   -4.2357059     1.10322437     1.10373660
   -4.2257043     1.10386940     1.11083974
   -4.2157026     1.09543739     1.11755098
   -4.2057009     1.07634727     1.12175455
   -4.1956993     1.04765196     1.12137865
   -4.1856976     1.01325680     1.11518271
   -4.1756959     0.97917003     1.10292745
   -4.1656943     0.95202032     1.08503556
   -4.1556926     0.93727760     1.06215170
   -4.1456909     0.93771769     1.03500673
   -4.1356893     0.95264792     1.00470604
   -4.1256876     0.97819533     0.97320727
   -4.1156859     1.00857186     0.94357641
   -4.1056843     1.03784103     0.91971815
   -4.0956826     1.06154068     0.90557192
   -4.0856810     1.07765578     0.90404926
   -4.0756793     1.08676391     0.91611341
   -4.0656776     1.09147382     0.94034679
   -4.0556760     1.09541209     0.97317851
   -4.0456743     1.10202060     1.00972354
   -4.0356726     1.11342357     1.04497154
   -4.0256710     1.12965652     1.07492711
   -4.0156693     1.14854969     1.09732159
   -4.0056676     1.16641526     1.11171197
   -3.9956659     1.17938355     1.11906393
   -3.9856643     1.18489462     1.12111900
   -3.9756626     1.18269420     1.11985071
   -3.9656609     1.17485622     1.11714479
   -3.9556593     1.16481579     1.11463524
   -3.9456576     1.15589737     1.11354114
   -3.9356559     1.15005934     1.11442685
   -3.9256543     1.14740480     1.11697462
   -3.9156526     1.14655818     1.11997117
   -3.9056509     1.14557439     1.12166492
   -3.8956493     1.14287548     1.12045275
   -3.8856476     1.13782836     1.11563139
   -3.8756459     1.13083019     1.10785667
   -3.8656443     1.12297828     1.09906955
   -3.8556426     1.11549801     1.09189996
   -3.8456409     1.10913231     1.08878588
   -3.8356393     1.10371504     1.09112477
   -3.8256376     1.09813878     1.09870793
   -3.8156359     1.09080432     1.10956566
   -3.8056343     1.08038771     1.12024770
   -3.7956326     1.06651319     1.12648197
   -3.7856309     1.04989493     1.12406964
   -3.7756293     1.03180774     1.10980123
   -3.7656276     1.01320439     1.08217191
   -3.7556259     0.99407353     1.04175806
   -3.7456243     0.97349057     0.99123369
   -3.7356226     0.95034348     0.93506797
   -3.7256209     0.92427303     0.87893276
   -3.7156193     0.89627245     0.82883212
   -3.7056176     0.86866454     0.79003045
   -3.6956159     0.84455553     0.76599594
   -3.6856143     0.82706682     0.75768173
   -3.6756126     0.81859813     0.76341920
   -3.6656109     0.82023544     0.77948152
   -3.6556093     0.83137403     0.80110690
   -3.6456076     0.84970577     0.82361276
   -3.6356059     0.87175502     0.84327289
   -3.6256043     0.89395995     0.85781751
   -3.6156026     0.91391557     0.86660604
   -3.6056009     0.93110298     0.87058456
   -3.5955993     0.94655617     0.87206113
   -3.5855976     0.96151930     0.87422137
   -3.5755959     0.97586780     0.88030679
   -3.5655943     0.98735930     0.89254302
   -3.5555926     0.99233891     0.91114139
   -3.5455909     0.98758624     0.93382478
   -3.5355893     0.97220097     0.95621586
   -3.5255876     0.94835775     0.97308205
   -3.5155859     0.92047348     0.98002162
   -3.5055843     0.89331566     0.97491625
   -3.4955826     0.87016177     0.95852952
   -3.4855809     0.85195160     0.93400185
   -3.4755793     0.83766036     0.90550884
   -3.4655776     0.82539514     0.87673627
   -3.4555759     0.81343757     0.84986259
   -3.4455743     0.80070067     0.82540850
   -3.4355726     0.78657120     0.80282070
   -3.4255709     0.77050075     0.78130127
   -3.4155693     0.75177898     0.76037318
   -3.4055676     0.72970581     0.73995575
   -3.3955659     0.70407393     0.72009303
   -3.3855643     0.67566942     0.70067965
   -3.3755626     0.64647978     0.68144750
   -3.3655609     0.61943415     0.66221152
   -3.3555593     0.59771297     0.64314960
   -3.3455576     0.58387200     0.62488184
   -3.3355559     0.57914520     0.60829912
   -3.3255543     0.58324258     0.59428958
   -3.3155526     0.59472538     0.58355581
   -3.3055509     0.61172640     0.57659701
   -3.2955493     0.63258835     0.57378851
   -3.2855476     0.65607056     0.57545344
   -3.2755459     0.68108697     0.58188532
   -3.2655443     0.70626577     0.59333680
   -3.2555426     0.72972786     0.60997104
   -3.2455409     0.74930276     0.63172496
   -3.2355393     0.76308497     0.65805982
   -3.2255376     0.77001121     0.68769118
   -3.2155359     0.77014329     0.71849127
   -3.2055343     0.76453156     0.74771767
   -3.1955326     0.75475818     0.77253971
   -3.1855309     0.74238516     0.79064589
   -3.1755292     0.72852598     0.80067009
   -3.1655276     0.71367739     0.80229472
   -3.1555259     0.69785058     0.79606601
   -3.1455242     0.68094956     0.78306456
   -3.1355226     0.66325081     0.76458039
   -3.1255209     0.64575879     0.74189897
   -3.1155193     0.63020815     0.71626066
   -3.1055176     0.61861321     0.68900434
   -3.0955159     0.61250438     0.66181688
   -3.0855143     0.61220864     0.63690777
   -3.0755126     0.61656700     0.61689848
   -3.0655109     0.62327551     0.60432715
   -3.0555093     0.62969937     0.60089109
   -3.0455076     0.63375860     0.60674519
   -3.0355059     0.63447837     0.62020197
   -3.0255043     0.63201925     0.63800724
   -3.0155026     0.62728934     0.65609604
   -3.0055009     0.62141592     0.67053360
   -2.9954992     0.61535311     0.67831774
   -2.9854976     0.60976852     0.67784914
   -2.9754959     0.60517443     0.66905676
   -2.9654942     0.60212524     0.65328053
   -2.9554926     0.60125631     0.63301169
   -2.9454909     0.60303085     0.61150685
   -2.9354892     0.60726656     0.59222563
   -2.9254876     0.61271783     0.57808279
   -2.9154859     0.61704224     0.57066074
   -2.9054843     0.61731388     0.56968393
   -2.8954826     0.61095119     0.57305422
   -2.8854809     0.59668798     0.57752164
   -2.8754793     0.57517520     0.57973773
   -2.8654776     0.54896143     0.57723991
   -2.8554759     0.52185357     0.56898970
   -2.8454743     0.49788323     0.55536513
   -2.8354726     0.48022691     0.53777228
   -2.8254709     0.47042889     0.51813030
   -2.8154692     0.46816239     0.49841546
   -2.8054676     0.47157247     0.48034948
   -2.7954659     0.47803765     0.46526647
   -2.7854642     0.48504738     0.45415532
   -2.7754626     0.49087142     0.44778923
   -2.7654609     0.49480138     0.44675835
   -2.7554592     0.49693171     0.45123827
   -2.7454576     0.49764780     0.46052725
   -2.7354559     0.49712012     0.47265683
   -2.7254542     0.49509170     0.48448807
   -2.7154526     0.49107477     0.49249182
   -2.7054509     0.48481565     0.49397314
   -2.6954492     0.47669469     0.48814384
   -2.6854476     0.46774121     0.47645358
   -2.6754459     0.45917800     0.46197977
   -2.6654442     0.45172749     0.44819072
   -2.6554426     0.44509902     0.43769543
   -2.6454409     0.43799674     0.43151472
   -2.6354392     0.42868860     0.42905851
   -2.6254376     0.41585486     0.42863374
   -2.6154359     0.39929311     0.42814070
   -2.6054342     0.38016331     0.42566981
   -2.5954326     0.36071364     0.41987340
   -2.5854309     0.34366084     0.41012780
   -2.5754292     0.33148484     0.39656124
   -2.5654276     0.32583597     0.38001727
   -2.5554259     0.32714029     0.36198748
   -2.5454242     0.33442446     0.34450584
   -2.5354226     0.34539187     0.32996069
   -2.5254209     0.35680422     0.32076440
   -2.5154192     0.36517547     0.31884795
   -2.5054176     0.36765281     0.32503274
   -2.4954159     0.36281882     0.33845765
   -2.4854142     0.35111258     0.35633961
   -2.4754126     0.33469002     0.37432598
   -2.4654109     0.31676966     0.38750443
   -2.4554092     0.30070859     0.39182400
   -2.4454076     0.28911722     0.38541707
   -2.4354059     0.28324450     0.36927424
   -2.4254042     0.28273536     0.34696431
   -2.4154026     0.28577162     0.32348734
   -2.4054009     0.28956765     0.30368769
   -2.3953992     0.29114545     0.29078396
   -2.3853976     0.28821731     0.28548525
   -2.3753959     0.27990246     0.28594469
   -2.3653942     0.26699572     0.28854387
   -2.3553926     0.25165107     0.28925421
   -2.3453909     0.23659012     0.28512310
   -2.3353892     0.22416228     0.27535087
   -2.3253876     0.21564466     0.26153414
   -2.3153859     0.21104032     0.24696090
   -2.3053842     0.20938376     0.23524515
   -2.2953826     0.20932830     0.22889161
   -2.2853809     0.20968986     0.22841371
   -2.2753792     0.20970236     0.23235128
   -2.2653776     0.20894301     0.23808407
   -2.2553759     0.20708669     0.24295931
   -2.2453742     0.20372928     0.24515643
   -2.2353726     0.19843846     0.24394328
   -2.2253709     0.19100994     0.23937342
   -2.2153692     0.18175004     0.23177851
   -2.2053676     0.17157283     0.22144533
   -2.1953659     0.16180998     0.20865026
   -2.1853642     0.15380894     0.19393297
   -2.1753626     0.14852599     0.17832929
   -2.1653609     0.14632789     0.16333886
   -2.1553592     0.14709639     0.15060701
   -2.1453576     0.15055624     0.14149803
   -2.1353559     0.15661488     0.13679854
   -2.1253542     0.16548390     0.13668941
   -2.1153526     0.17746563     0.14094357
   -2.1053509     0.19248398     0.14916624
   -2.0953492     0.20961653     0.16088450
   -2.0853476     0.22693638     0.17542030
   -2.0753459     0.24184613     0.19166420
   -2.0653442     0.25183717     0.20798165
   -2.0553426     0.25537338     0.22243679
   -2.0453409     0.25251416     0.23332228
   -2.0353392     0.24499635     0.23976077
   -2.0253376     0.23572010     0.24204999
   -2.0153359     0.22781847     0.24153544
   -2.0053342     0.22365037     0.24004369
   -1.9953326     0.22410219     0.23914096
   -1.9853309     0.22849177     0.23956191
   -1.9753292     0.23513526     0.24105664
   -1.9653276     0.24232368     0.24269931
   -1.9553259     0.24921554     0.24349644
   -1.9453242     0.25616294     0.24300928
   -1.9353225     0.26430274     0.24170477
   -1.9253209     0.27469056     0.24087183
   -1.9153192     0.28753176     0.24213717
   -1.9053175     0.30196376     0.24680158
   -1.8953159     0.31644387     0.25530325
   -1.8853142     0.32940254     0.26705390
   -1.8753126     0.33972027     0.28071141
   -1.8653109     0.34681150     0.29474020
   -1.8553092     0.35042718     0.30796885
   -1.8453076     0.35044905     0.31985822
   -1.8353059     0.34685699     0.33035027
   -1.8253042     0.33983713     0.33940871
   -1.8153025     0.32987136     0.34655867
   -1.8053009     0.31769934     0.35075506
   -1.7952992     0.30419795     0.35072058
   -1.7852975     0.29032194     0.34560029
   -1.7752959     0.27719758     0.33557148
   -1.7652942     0.26629799     0.32207021
   -1.7552926     0.25949348     0.30752684
   -1.7452909     0.25878525     0.29476916
   -1.7352892     0.26570422     0.28637275
   -1.7252876     0.28058413     0.28416583
   -1.7152859     0.30205853     0.28893647
   -1.7052842     0.32709489     0.30029492
   -1.6952825     0.35166723     0.31667320
   -1.6852809     0.37186381     0.33552946
   -1.6752792     0.38497718     0.35383521
   -1.6652776     0.39008756     0.36879446
   -1.6552759     0.38789249     0.37854833
   -1.6452742     0.37994121     0.38253051
   -1.6352726     0.36774698     0.38128021
   -1.6252709     0.35225854     0.37583334
   -1.6152692     0.33387994     0.36707153
   -1.6052675     0.31286480     0.35540511
   -1.5952659     0.28973764     0.34089722
   -1.5852642     0.26549109     0.32362309
   -1.5752625     0.24153368     0.30394611
   -1.5652609     0.21951136     0.28254193
   -1.5552592     0.20110706     0.26025377
   -1.5452575     0.18781839     0.23799201
   -1.5352559     0.18066840     0.21680321
   -1.5252542     0.17988147     0.19802213
   -1.5152525     0.18467673     0.18327608
   -1.5052509     0.19335738     0.17416827
   -1.4952492     0.20374180     0.17170018
   -1.4852475     0.21377092     0.17573115
   -1.4752459     0.22200603     0.18482647
   -1.4652442     0.22780770     0.19664845
   -1.4552425     0.23120452     0.20872526
   -1.4452409     0.23264104     0.21921319
   -1.4352392     0.23279790     0.22729888
   -1.4252375     0.23252729     0.23312379
   -1.4152359     0.23280003     0.23737462
   -1.4052342     0.23454895     0.24080821
   -1.3952325     0.23840706     0.24393729
   -1.3852309     0.24445399     0.24696805
   -1.3752292     0.25209822     0.24993765
   -1.3652275     0.26014648     0.25290117
   -1.3552259     0.26703606     0.25599612
   -1.3452242     0.27118396     0.25929773
   -1.3352225     0.27140973     0.26254581
   -1.3252209     0.26735491     0.26497046
   -1.3152192     0.25975333     0.26543837
   -1.3052175     0.25038236     0.26294943
   -1.2952159     0.24161969     0.25725241
   -1.2852142     0.23572294     0.24921367
   -1.2752125     0.23412305     0.24067783
   -1.2652109     0.23704868     0.23384657
   -1.2552092     0.24364159     0.23048329
   -1.2452075     0.25246649     0.23134558
   -1.2352059     0.26212164     0.23609763
   -1.2252042     0.27164296     0.24366603
   -1.2152025     0.28057080     0.25276570
   -1.2052009     0.28878478     0.26229193
   -1.1951992     0.29633519     0.27145064
   -1.1851975     0.30342494     0.27972785
   -1.1751959     0.31050266     0.28689072
   -1.1651942     0.31828618     0.29310302
   -1.1551925     0.32756518     0.29904546
   -1.1451909     0.33880347     0.30584563
   -1.1351892     0.35173523     0.31472704
   -1.1251875     0.36519574     0.32648853
   -1.1151859     0.37731830     0.34105355
   -1.1051842     0.38604189     0.35729551
   -1.0951825     0.38972438     0.37320618
   -1.0851809     0.38762253     0.38634355
   -1.0751792     0.38008606     0.39443519
   -1.0651775     0.36845270     0.39599815
   -1.0551759     0.35473543     0.39082172
   -1.0451742     0.34121091     0.38015134
   -1.0351725     0.32997023     0.36645840
   -1.0251709     0.32245065     0.35280462
   -1.0151692     0.31898970     0.34196725
   -1.0051675     0.31852204     0.33559491
   -0.9951659     0.31860338     0.33366061
   -0.9851642     0.31590973     0.33438575
   -0.9751625     0.30719537     0.33468048
   -0.9651609     0.29045550     0.33101657
   -0.9551592     0.26585495     0.32052266
   -0.9451575     0.23598349     0.30198391
   -0.9351559     0.20522869     0.27639562
   -0.9251542     0.17843430     0.24682246
   -0.9151525     0.15934664     0.21754743
   -0.9051509     0.14946366     0.19276655
   -0.8951492     0.14773095     0.17527670
   -0.8851475     0.15116547     0.16563220
   -0.8751459     0.15610884     0.16209783
   -0.8651442     0.15957883     0.16144364
   -0.8551425     0.16018979     0.16029829
   -0.8451409     0.15833545     0.15652774
   -0.8351392     0.15566600     0.15006497
   -0.8251375     0.15418345     0.14283861
   -0.8151359     0.15538657     0.13785012
   -0.8051342     0.15978867     0.13783052
   -0.7951325     0.16690182     0.14406952
   -0.7851309     0.17557435     0.15588447
   -0.7751292     0.18447375     0.17087844
   -0.7651275     0.19251932     0.18580582
   -0.7551259     0.19913152     0.19766398
   -0.7451242     0.20423894     0.20460672
   -0.7351225     0.20806483     0.20639112
   -0.7251209     0.21080395     0.20425477
   -0.7151192     0.21236519     0.20031143
   -0.7051175     0.21234540     0.19670453
   -0.6951159     0.21028929     0.19483424
   -0.6851142     0.20612213     0.19495083
   -0.6751125     0.20051124     0.19627461
   -0.6651109     0.19491173     0.19758587
   -0.6551092     0.19120023     0.19800261
   -0.6451075     0.19102494     0.19754589
   -0.6351059     0.19517455     0.19717936
   -0.6251042     0.20328687     0.19829082
   -0.6151025     0.21405314     0.20191342
   -0.6051009     0.22580688     0.20815178
   -0.5950992     0.23716718     0.21615702
   -0.5850975     0.24737646     0.22464588
   -0.5750958     0.25616553     0.23260743
   -0.5650942     0.26328161     0.23972413
   -0.5550925     0.26803212     0.24623445
   -0.5450908     0.26918483     0.25234591
   -0.5350892     0.26533404     0.25761322
   -0.5250875     0.25555082     0.26072086
   -0.5150858     0.23997309     0.25985141
   -0.5050842     0.22004357     0.25346214
   -0.4950825     0.19830861     0.24106849
   -0.4850808     0.17789672     0.22366063
   -0.4750792     0.16188361     0.20359865
   -0.4650775     0.15270987     0.18407640
   -0.4550758     0.15172839     0.16837626
   -0.4450742     0.15891593     0.15913256
   -0.4350725     0.17280732     0.15775210
   -0.4250708     0.19074118     0.16408820
   -0.4150692     0.20945471     0.17644909
   -0.4050675     0.22591341     0.19199309
   -0.3950658     0.23809574     0.20746872
   -0.3850642     0.24541280     0.22010817
   -0.3750625     0.24859601     0.22836503
   -0.3650608     0.24915140     0.23220821
   -0.3550592     0.24867913     0.23286932
   -0.3450575     0.24836138     0.23219538
   -0.3350558     0.24875883     0.23191976
   -0.3250542     0.24987183     0.23313624
   -0.3150525     0.25134397     0.23609134
   -0.3050508     0.25271638     0.24024911
   -0.2950492     0.25368584     0.24453743
   -0.2850475     0.25430715     0.24772843
   -0.2750458     0.25503975     0.24892030
   -0.2650442     0.25656196     0.24800642
   -0.2550425     0.25940043     0.24590928
   -0.2450408     0.26356880     0.24436418
   -0.2350392     0.26844287     0.24523332
   -0.2250375     0.27296354     0.24962093
   -0.2150358     0.27604481     0.25724160
   -0.2050342     0.27694155     0.26641183
   -0.1950325     0.27539735     0.27470981
   -0.1850308     0.27158262     0.27997765
   -0.1750292     0.26597849     0.28116102
   -0.1650275     0.25934357     0.27860290
   -0.1550258     0.25274983     0.27373746
   -0.1450242     0.24754401     0.26844128
   -0.1350225     0.24510938     0.26440241
   -0.1250208     0.24646319     0.26274207
   -0.1150192     0.25188829     0.26390934
   -0.1050175     0.26082337     0.26773696
   -0.0950158     0.27209792     0.27356158
   -0.0850142     0.28440021     0.28040165
   -0.0750125     0.29674522     0.28723156
   -0.0650108     0.30872901     0.29333690
   -0.0550092     0.32047968     0.29863442
   -0.0450075     0.33235657     0.30378636
   -0.0350058     0.34454211     0.30999145
   -0.0250042     0.35669501     0.31847312
   -0.0150025     0.36780455     0.32983587
   -0.0050008     0.37632199     0.34354670
    0.0050008     0.38055386     0.35778042
    0.0150025     0.37919443     0.36975095
    0.0250042     0.37179011     0.37647248
    0.0350058     0.35893185     0.37571347
    0.0450075     0.34209526     0.36679431
    0.0550092     0.32323304     0.35090230
    0.0650108     0.30433939     0.33077353
    0.0750125     0.28716266     0.30985741
    0.0850142     0.27308649     0.29130234
    0.0950158     0.26307963     0.27716076
    0.1050175     0.25763152     0.26808300
    0.1150192     0.25669689     0.26353543
    0.1250208     0.25972698     0.26236542
    0.1350225     0.26579320     0.26342880
    0.1450242     0.27369725     0.26600949
    0.1550258     0.28196289     0.26987111
    0.1650275     0.28876470     0.27494692
    0.1750292     0.29202366     0.28085166
    0.1850308     0.28988014     0.28651702
    0.1950325     0.28148521     0.29023240
    0.2050342     0.26771890     0.29018410
    0.2150358     0.25133602     0.28529645
    0.2250375     0.23628781     0.27595012
    0.2350392     0.22642350     0.26414691
    0.2450408     0.22413125     0.25294414
    0.2550425     0.22951009     0.24535995
    0.2650442     0.24038390     0.24322781
    0.2750458     0.25307649     0.24649336
    0.2850475     0.26358594     0.25321794
    0.2950492     0.26873125     0.26024053
    0.3050508     0.26695666     0.26422484
    0.3150525     0.25865185     0.26274499
    0.3250542     0.24598478     0.25509726
    0.3350558     0.23232438     0.24260378
    0.3450575     0.22138509     0.22828705
    0.3550592     0.21628256     0.21596997
    0.3650608     0.21873376     0.20907245
    0.3750625     0.22862309     0.20953287
    0.3850642     0.24406234     0.21726111
    0.3950658     0.26192020     0.23030820
    0.4050675     0.27864565     0.24562902
    0.4150692     0.29112424     0.26008791
    0.4250708     0.29731953     0.27131717
    0.4350725     0.29655060     0.27816694
    0.4450742     0.28939183     0.28068184
    0.4550758     0.27729855     0.27970952
    0.4650775     0.26212880     0.27634381
    0.4750792     0.24573273     0.27143063
    0.4850808     0.22971511     0.26532396
    0.4950825     0.21536230     0.25797205
    0.5050842     0.20362326     0.24925738
    0.5150858     0.19501987     0.23936916
    0.5250875     0.18946534     0.22894678
    0.5350892     0.18611888     0.21885825
    0.5450908     0.18347623     0.20971871
    0.5550925     0.17980555     0.20146072
    0.5650942     0.17382972     0.19328189
    0.5750958     0.16536146     0.18408294
    0.5850975     0.15555088     0.17319825
    0.5950992     0.14654949     0.16101330
    0.6051009     0.14066654     0.14909212
    0.6151025     0.13935860     0.13968360
    0.6251042     0.14251078     0.13479634
    0.6351059     0.14836107     0.13525913
    0.6451075     0.15412407     0.14021013
    0.6551092     0.15703699     0.14727212
    0.6651109     0.15536336     0.15335836
    0.6751125     0.14895184     0.15576405
    0.6851142     0.13920247     0.15307880
    0.6951159     0.12856957     0.14557277
    0.7051175     0.11986515     0.13499159
    0.7151192     0.11558423     0.12396521
    0.7251209     0.11735122     0.11533149
    0.7351225     0.12551493     0.11156656
    0.7451242     0.13894659     0.11433193
    0.7551259     0.15515118     0.12406957
    0.7651275     0.17078055     0.13967332
    0.7751292     0.18249510     0.15843181
    0.7851309     0.18793403     0.17647899
    0.7951325     0.18645318     0.18979560
    0.8051342     0.17935252     0.19547506
    0.8151359     0.16951065     0.19273681
    0.8251375     0.16056322     0.18322744
    0.8351392     0.15590890     0.17047521
    0.8451409     0.15786427     0.15875259
    0.8551425     0.16722120     0.15182809
    0.8651442     0.18330648     0.15206191
    0.8751459     0.20444365     0.16008469
    0.8851475     0.22855899     0.17503288
    0.8951492     0.25366021     0.19511331
    0.9051509     0.27806532     0.21820214
    0.9151525     0.30045998     0.24226299
    0.9251542     0.31994144     0.26554534
    0.9351559     0.33610212     0.28668130
    0.9451575     0.34903236     0.30481720
    0.9551592     0.35908027     0.31977601
    0.9651609     0.36638112     0.33207593
    0.9751625     0.37042300     0.34261202
    0.9851642     0.37000448     0.35201348
    0.9951659     0.36373417     0.35998400
    1.0051675     0.35084663     0.36506645
    1.0151692     0.33185130     0.36508875
    1.0251709     0.30860277     0.35813626
    1.0351725     0.28373535     0.34354377
    1.0451742     0.25978023     0.32236567
    1.0551759     0.23842573     0.29709293
    1.0651775     0.22023612     0.27081328
    1.0751792     0.20486671     0.24627068
    1.0851809     0.19159888     0.22524202
    1.0951825     0.17994984     0.20840819
    1.1051842     0.17013972     0.19564532
    1.1151859     0.16324807     0.18652416
    1.1251875     0.16095480     0.18077839
    1.1351892     0.16488148     0.17853770
    1.1451909     0.17573774     0.18020589
    1.1551925     0.19264650     0.18601743
    1.1651942     0.21302983     0.19549823
    1.1751959     0.23321231     0.20717236
    1.1851975     0.24953229     0.21877456
    1.1951992     0.25946550     0.22794761
    1.2052009     0.26225567     0.23308953
    1.2152025     0.25882568     0.23389341
    1.2252042     0.25112174     0.23129480
    1.2352059     0.24128082     0.22689523
    1.2452075     0.23099378     0.22221905
    1.2552092     0.22124549     0.21819816
    1.2652109     0.21241332     0.21507436
    1.2752125     0.20459633     0.21263990
    1.2852142     0.19800904     0.21059086
    1.2952159     0.19325106     0.20880112
    1.3052175     0.19126898     0.20744471
    1.3152192     0.19293197     0.20697488
    1.3252209     0.19836282     0.20796858
    1.3352225     0.20638460     0.21083288
    1.3452242     0.21447914     0.21542527
    1.3552259     0.21942522     0.22074942
    1.3652275     0.21840873     0.22494620
    1.3752292     0.21011399     0.22570982
    1.3852309     0.19529874     0.22104340
    1.3952325     0.17661783     0.21005954
    1.4052342     0.15781905     0.19347459
    1.4152359     0.14268085     0.17357808
    1.4252375     0.13408838     0.15369810
    1.4352392     0.13349006     0.13738476
    1.4452409     0.14077373     0.12759692
    1.4552425     0.15447003     0.12610253
    1.4652442     0.17216379     0.13317599
    1.4752459     0.19101530     0.14759040
    1.4852475     0.20829522     0.16688229
    1.4952492     0.22181956     0.18785803
    1.5052509     0.23019598     0.20725687
    1.5152525     0.23289136     0.22240233
    1.5252542     0.23023603     0.23165101
    1.5352559     0.22347579     0.23454527
    1.5452575     0.21483395     0.23173974
    1.5552592     0.20737397     0.22485676
    1.5652609     0.20444261     0.21634535
    1.5752625     0.20869512     0.20924413
    1.5852642     0.22102420     0.20667040
    1.5952659     0.23989449     0.21099376
    1.6052675     0.26147239     0.22292570
    1.6152692     0.28059256     0.24094625
    1.6252709     0.29222379     0.26142477
    1.6352726     0.29289758     0.27949482
    1.6452742     0.28161932     0.29039758
    1.6552759     0.26002140     0.29081050
    1.6652776     0.23179639     0.27970966
    1.6752792     0.20164936     0.25852511
    1.6852809     0.17409617     0.23061591
    1.6952825     0.15243051     0.20030300
    1.7052842     0.13811829     0.17179240
    1.7152859     0.13075792     0.14829666
    1.7252876     0.12857534     0.13155552
    1.7352892     0.12924204     0.12181019
    1.7452909     0.13069372     0.11814211
    1.7552926     0.13165553     0.11898590
    1.7652942     0.13174664     0.12260672
    1.7752959     0.13125001     0.12740759
    1.7852975     0.13077003     0.13206403
    1.7952992     0.13098695     0.13558903
    1.8053009     0.13257858     0.13743857
    1.8153025     0.13622251     0.13767558
    1.8253042     0.14252538     0.13709198
    1.8353059     0.15179446     0.13713712
    1.8453076     0.16372134     0.13955936
    1.8553092     0.17717418     0.14580620
    1.8653109     0.19029258     0.15637735
    1.8753126     0.20093087     0.17040589
    1.8853142     0.20729815     0.18570227
    1.8953159     0.20853199     0.19932408
    1.9053175     0.20498916     0.20849666
    1.9153192     0.19818817     0.21153241
    1.9253209     0.19047445     0.20839374
    1.9353225     0.18452419     0.20072150
    1.9453242     0.18278467     0.19138552
    1.9553259     0.18693611     0.18376292
    1.9653276     0.19748253     0.18095876
    1.9753292     0.21359121     0.18511783
    1.9853309     0.23325335     0.19692651
    1.9953326     0.25373711     0.21539530
    2.0053342     0.27220763     0.23800000
    2.0153359     0.28635007     0.26119599
    2.0253376     0.29485537     0.28121449
    2.0353392     0.29767256     0.29495286
    2.0453409     0.29596510     0.30073052
    2.0553426     0.29173855     0.29870594
    2.0653442     0.28717782     0.29082027
    2.0753459     0.28386299     0.28023554
    2.0853476     0.28216361     0.27037226
    2.0953492     0.28111988     0.26381222
    2.1053509     0.27892357     0.26145381
    2.1153526     0.27378573     0.26228457
    2.1253542     0.26473373     0.26390863
    2.1353559     0.25191439     0.26360978
    2.1453576     0.23629722     0.25944618
    2.1553592     0.21905969     0.25085816
    2.1653609     0.20111850     0.23855841
    2.1753626     0.18311766     0.22389332
    2.1853642     0.16581141     0.20814822
    2.1953659     0.15046111     0.19223734
    2.2053676     0.13883269     0.17690020
    2.2153692     0.13265928     0.16313673
    2.2253709     0.13282438     0.15242371
    2.2353726     0.13875114     0.14640364
    2.2453742     0.14839757     0.14613009
    2.2553759     0.15891751     0.15131719
    2.2653776     0.16767438     0.16011244
    2.2753792     0.17311297     0.16962498
    2.2853809     0.17509230     0.17698198
    2.2953826     0.17458229     0.18036062
    2.3053842     0.17294717     0.17946827
    2.3153859     0.17120693     0.17529251
    2.3253876     0.16961533     0.16937092
    2.3353892     0.16768034     0.16305161
    2.3453909     0.16452518     0.15710856
    2.3553926     0.15937040     0.15176492
    2.3653942     0.15193935     0.14691911
    2.3753959     0.14268152     0.14233941
    2.3853976     0.13278620     0.13775778
    2.3953992     0.12399677     0.13295993
    2.4054009     0.11826659     0.12797466
    2.4154026     0.11734718     0.12332240
    2.4254042     0.12244243     0.12014848
    2.4354059     0.13404331     0.12008510
    2.4454076     0.15196379     0.12484937
    2.4554092     0.17548366     0.13575336
    2.4654109     0.20345255     0.15333749
    2.4754126     0.23426276     0.17722885
    2.4854142     0.26572469     0.20617861
    2.4954159     0.29499604     0.23816869
    2.5054176     0.31874366     0.27052778
    2.5154192     0.33362556     0.30009467
    2.5254209     0.33701378     0.32351453
    2.5354226     0.32773282     0.33770797
    2.5454242     0.30655170     0.34044722
    2.5554259     0.27625668     0.33088704
    2.5654276     0.24128190     0.30988912
    2.5754292     0.20700143     0.28004522
    2.5854309     0.17884333     0.24539685
    2.5954326     0.16138971     0.21091321
    2.6054342     0.15760678     0.18180838
    2.6154359     0.16832397     0.16276986
    2.6254376     0.19205304     0.15716694
    2.6354392     0.22520488     0.16633641
    2.6454409     0.26271116     0.18910657
    2.6554426     0.29897243     0.22177689
    2.6654442     0.32893532     0.25873374
    2.6754459     0.34900544     0.29368733
    2.6854476     0.35751941     0.32120585
    2.6954492     0.35466593     0.33798471
    2.7054509     0.34198417     0.34332895
    2.7154526     0.32172348     0.33868979
    2.7254542     0.29631827     0.32657837
    2.7354559     0.26806815     0.30946124
    2.7454576     0.23896900     0.28913760
    2.7554592     0.21062787     0.26671449
    2.7654609     0.18427257     0.24293441
    2.7754626     0.16090067     0.21851381
    2.7854642     0.14152104     0.19431717
    2.7954659     0.12730082     0.17140600
    2.8054676     0.11940234     0.15106217
    2.8154692     0.11846611     0.13477264
    2.8254709     0.12397704     0.12404434
    2.8354726     0.13393349     0.11995947
    2.8454743     0.14515741     0.12258822
    2.8554759     0.15424955     0.13058292
    2.8654776     0.15879767     0.14129280
    2.8754793     0.15824349     0.15150183
    2.8854809     0.15395259     0.15853133
    2.8954826     0.14844740     0.16119085
    2.9054843     0.14420365     0.16008750
    2.9154859     0.14260756     0.15712310
    2.9254876     0.14352134     0.15443990
    2.9354892     0.14554159     0.15335778
    2.9454909     0.14670902     0.15381438
    2.9554926     0.14531112     0.15451548
    2.9654942     0.14049786     0.15363508
    2.9754959     0.13256987     0.14968590
    2.9854976     0.12289315     0.14218521
    2.9954992     0.11345167     0.13189310
    3.0055009     0.10613698     0.12057857
    3.0155026     0.10200349     0.11040953
    3.0255043     0.10080778     0.10316747
    3.0355059     0.10109083     0.09956148
    3.0455076     0.10083275     0.09892315
    3.0555093     0.09841909     0.09945369
    3.0655109     0.09347801     0.09897320
    3.0755126     0.08719113     0.09588465
    3.0855143     0.08192838     0.08994391
    3.0955159     0.08037265     0.08250045
    3.1055176     0.08452121     0.07610569
    3.1155193     0.09498120     0.07365470
    3.1255209     0.11081650     0.07740369
    3.1355226     0.12993819     0.08822819
    3.1455242     0.14978988     0.10536634
    3.1555259     0.16798087     0.12668745
    3.1655276     0.18261702     0.14931793
    3.1755292     0.19231016     0.17033368
    3.1855309     0.19605661     0.18725639
    3.1955326     0.19321785     0.19825885
    3.2055343     0.18368869     0.20217954
    3.2155359     0.16812840     0.19852661
    3.2255376     0.14803341     0.18756174
    3.2355393     0.12552133     0.17038756
    3.2455409     0.10289674     0.14887819
    3.2555426     0.08221873     0.12537147
    3.2655443     0.06508452     0.10221464
    3.2755459     0.05270089     0.08137472
    3.2855476     0.04614191     0.06429645
    3.2955493     0.04658959     0.05204402
    3.3055509     0.05535849     0.04560261
    3.3155526     0.07359501     0.04613370
    3.3255543     0.10167932     0.05499429
    3.3355559     0.13851546     0.07341723
    3.3455576     0.18103406     0.10187768
    3.3555593     0.22427395     0.13932772
    3.3655609     0.26226159     0.18263600
    3.3755626     0.28955647     0.22663529
    3.3855643     0.30292310     0.26503920
    3.3955659     0.30238907     0.29210769
    3.4055676     0.29115046     0.30447462
    3.4155693     0.27432838     0.30230557
    3.4255709     0.25714211     0.28917102
    3.4355726     0.24329267     0.27064078
    3.4455743     0.23413350     0.25225709
    3.4555759     0.22874732     0.23780417
    3.4655776     0.22467069     0.22851903
    3.4755793     0.21888892     0.22332314
    3.4855809     0.20880352     0.21969843
    3.4955826     0.19298829     0.21471886
    3.5055843     0.17160952     0.20591678
    3.5155859     0.14642660     0.19187843
    3.5255876     0.12037782     0.17256363
    3.5355893     0.09688311     0.14933954
    3.5455909     0.07908176     0.12471361
    3.5555926     0.06920708     0.10180747
    3.5655943     0.06820317     0.08369770
    3.5755959     0.07559900     0.07278796
    3.5855976     0.08963098     0.07034362
    3.5955993     0.10762338     0.07625810
    3.6056009     0.12661138     0.08908525
    3.6156026     0.14407929     0.10636176
    3.6256043     0.15855549     0.12520176
    3.6356059     0.16979286     0.14303403
    3.6456076     0.17844584     0.15822677
    3.6556093     0.18543844     0.17032976
    3.6656109     0.19139149     0.17983028
    3.6756126     0.19639612     0.18758541
    3.6856143     0.20014408     0.19426387
    3.6956159     0.20217979     0.20006730
    3.7056176     0.20201745     0.20475770
    3.7156193     0.19906656     0.20780477
    3.7256209     0.19253966     0.20845931
    3.7356226     0.18157317     0.20574038
    3.7456243     0.16562723     0.19850403
    3.7556259     0.14498167     0.18575683
    3.7656276     0.12101734     0.16717631
    3.7756293     0.09606768     0.14357517
    3.7856309     0.07287333     0.11699770
    3.7956326     0.05389281     0.09032125
    3.8056343     0.04077537     0.06652042
    3.8156359     0.03418343     0.04792986
    3.8256376     0.03396821     0.03580827
    3.8356393     0.03956282     0.03031866
    3.8456409     0.05040122     0.03084828
    3.8556426     0.06617455     0.03649558
    3.8656443     0.08678345     0.04654343
    3.8756459     0.11195274     0.06075512
    3.8856476     0.14065083     0.07935045
    3.8956493     0.17063067     0.10259272
    3.9056509     0.19844839     0.13008937
    3.9156526     0.22012893     0.16012790
    3.9256543     0.23229979     0.18947714
    3.9356559     0.23331916     0.21393737
    3.9456576     0.22389182     0.22954166
    3.9556593     0.20692651     0.23391503
    3.9656609     0.18675902     0.22716304
    3.9756626     0.16809996     0.21189512
    3.9856643     0.15505093     0.19243415
    3.9956659     0.15035871     0.17362181
    4.0056676     0.15493139     0.15969079
    4.0156693     0.16763066     0.15348031
    4.0256710     0.18542488     0.15603047
    4.0356726     0.20399579     0.16648837
    4.0456743     0.21875906     0.18230140
    4.0556760     0.22604853     0.19972970
    4.0656776     0.22407675     0.21466448
    4.0756793     0.21333127     0.22360258
    4.0856810     0.19627944     0.22450922
    4.0956826     0.17652136     0.21729523
    4.1056843     0.15772112     0.20375090
    4.1156859     0.14269442     0.18695551
    4.1256876     0.13293465     0.17035230
    4.1356893     0.12867010     0.15679580
    4.1456909     0.12933348     0.14790076
    4.1556926     0.13417276     0.14391893
    4.1656943     0.14269990     0.14415059
    4.1756959     0.15477170     0.14765084
    4.1856976     0.17028002     0.15384566
    4.1956993     0.18861881     0.16272578
    4.2057009     0.20821649     0.17452054
    4.2157026     0.22642380     0.18904380
    4.2257043     0.23991895     0.20509384
    4.2357059     0.24557003     0.22027983
    4.2457076     0.24146751     0.23144900
    4.2557093     0.22771474     0.23560077
    4.2657109     0.20662112     0.23093420
    4.2757126     0.18217564     0.21759180
    4.2857143     0.15898389     0.19777676
    4.2957159     0.14107368     0.17518273
    4.3057176     0.13099275     0.15396596
    4.3157193     0.12943769     0.13766626
    4.3257210     0.13538951     0.12845821
    4.3357226     0.14655342     0.12690813
    4.3457243     0.15989341     0.13215794
    4.3557260     0.17216386     0.14230961
    4.3657276     0.18043665     0.15481767
    4.3757293     0.18261360     0.16684593
    4.3857310     0.17783086     0.17565757
    4.3957326     0.16661182     0.17908352
    4.4057343     0.15068204     0.17598500
    4.4157360     0.13249142     0.16652663
    4.4257376     0.11460148     0.15211154
    4.4357393     0.09912256     0.13497811
    4.4457410     0.08733735     0.11760630
    4.4557426     0.07957192     0.10213559
    4.4657443     0.07530699     0.08995478
    4.4757460     0.07346900     0.08154248
    4.4857476     0.07280637     0.07656130
    4.4957493     0.07225254     0.07414491
    4.5057510     0.07120149     0.07326897
    4.5157526     0.06965125     0.07308518
    4.5257543     0.06818608     0.07313415
    4.5357560     0.06777954     0.07341153
    4.5457576     0.06944155     0.07429792
    4.5557593     0.07381083     0.07637014
    4.5657610     0.08086346     0.08012644
    4.5757626     0.08989175     0.08571103
    4.5857643     0.09977796     0.09277347
    4.5957660     0.10941245     0.10056726
    4.6057676     0.11801365     0.10825469
    4.6157693     0.12518007     0.11523045
    4.6257710     0.13069536     0.12124515
    4.6357726     0.13427121     0.12625084
    4.6457743     0.13543024     0.13010168
    4.6557760     0.13361005     0.13234979
    4.6657776     0.12842483     0.13229645
    4.6757793     0.11995676     0.12927311
    4.6857810     0.10897120     0.12299069
    4.6957826     0.09699258     0.11379615
    4.7057843     0.08619287     0.10276607
    4.7157860     0.07905438     0.09164312
    4.7257876     0.07781949     0.08263033
    4.7357893     0.08384308     0.07803470
    4.7457910     0.09706252     0.07976618
    4.7557926     0.11582100     0.08877487
    4.7657943     0.13718338     0.10460443
    4.7757960     0.15770193     0.12527609
    4.7857976     0.17440367     0.14764339
    4.7957993     0.18566880     0.16818729
    4.8058010     0.19169347     0.18402884
    4.8158026     0.19436316     0.19381317
    4.8258043     0.19655493     0.19812707
    4.8358060     0.20108053     0.19925768
    4.8458076     0.20962535     0.20033715
    4.8558093     0.22207405     0.20416015
    4.8658110     0.23649958     0.21211239
    4.8758126     0.24983979     0.22362848
    4.8858143     0.25899301     0.23639625
    4.8958160     0.26188101     0.24721931
    4.9058176     0.25805964     0.25318062
    4.9158193     0.24868808     0.25264404
    4.9258210     0.23596181     0.24573120
    4.9358226     0.22231749     0.23415244
    4.9458243     0.20974846     0.22052979
    4.9558260     0.19945145     0.20751747
    4.9658276     0.19184263     0.19705531
    4.9758293     0.18682115     0.18999513
    4.9858310     0.18408301     0.18617029
    4.9958326     0.18331967     0.18479781
    5.0058343     0.18424691     0.18498145
    5.0158360     0.18652550     0.18607761
    5.0258376     0.18968135     0.18779545
    5.0358393     0.19309227     0.19006090
    5.0458410     0.19603668     0.19278397
    5.0558426     0.19776702     0.19567566
    5.0658443     0.19759369     0.19819248
    5.0758460     0.19499595     0.19961222
    5.0858476     0.18976441     0.19920551
    5.0958493     0.18212936     0.19645076
    5.1058510     0.17279583     0.19122229
    5.1158526     0.16283175     0.18387146
    5.1258543     0.15342849     0.17515155
    5.1358560     0.14561921     0.16601175
    5.1458576     0.14005752     0.15735687
    5.1558593     0.13692601     0.14988154
    5.1658610     0.13599117     0.14402836
    5.1758626     0.13677644     0.14003780
    5.1858643     0.13880162     0.13801458
    5.1958660     0.14182748     0.13796136
    5.2058676     0.14603816     0.13979752
    5.2158693     0.15208553     0.14342603
    5.2258710     0.16092504     0.14888021
    5.2358727     0.17342059     0.15648067
    5.2458743     0.18980264     0.16684022
    5.2558760     0.20919498     0.18057772
    5.2658777     0.22949369     0.19777595
    5.2758793     0.24779345     0.21745267
    5.2858810     0.26129766     0.23742480
    5.2958827     0.26833767     0.25479931
    5.3058843     0.26897218     0.26696014
    5.3158860     0.26479811     0.27256424
    5.3258877     0.25803657     0.27197625
    5.3358893     0.25040102     0.26686621
    5.3458910     0.24239934     0.25920029
    5.3558927     0.23344357     0.25023371
    5.3658943     0.22262599     0.24010037
    5.3758960     0.20962151     0.22819405
    5.3858977     0.19515774     0.21403112
    5.3958993     0.18082713     0.19801287
    5.4059010     0.16843313     0.18161921
    5.4159026     0.15928170     0.16694644
    5.4259043     0.15376105     0.15587944
    5.4359060     0.15132134     0.14934420
    5.4459076     0.15076657     0.14698377
    5.4559093     0.15070223     0.14735427
    5.4659110     0.15001065     0.14850764
    5.4759126     0.14826443     0.14870948
    5.4859143     0.14599349     0.14704546
    5.4959160     0.14471646     0.14375668
    5.5059176     0.14667269     0.14025325
    5.5159193     0.15426068     0.13883727
    5.5259210     0.16928372     0.14219807
    5.5359226     0.19219334     0.15274381
    5.5459243     0.22157666     0.17185543
    5.5559260     0.25412145     0.19922000
    5.5659276     0.28518345     0.23248168
    5.5759293     0.30987616     0.26744525
    5.5859310     0.32437069     0.29891076
    5.5959327     0.32695234     0.32195274
    5.6059343     0.31843376     0.33322627
    5.6159360     0.30177541     0.33183408
    5.6259377     0.28108998     0.31945867
    5.6359393     0.26043718     0.29975458
    5.6459410     0.24284124     0.27725644
    5.6559427     0.22980628     0.25618339
    5.6659443     0.22137264     0.23949758
    5.6759460     0.21656666     0.22844890
    5.6859477     0.21400477     0.22266366
    5.6959493     0.21242363     0.22066037
    5.7059510     0.21099039     0.22055057
    5.7159527     0.20936106     0.22065742
    5.7259543     0.20755690     0.21987048
    5.7359560     0.20577810     0.21770646
    5.7459577     0.20425254     0.21417603
    5.7559593     0.20314840     0.20959847
    5.7659610     0.20252068     0.20445616
    5.7759627     0.20226411     0.19929676
    5.7859643     0.20210194     0.19464459
    5.7959660     0.20168068     0.19090419
    5.8059677     0.20079768     0.18829556
    5.8159693     0.19967136     0.18688378
    5.8259710     0.19907099     0.18671562
    5.8359727     0.20015367     0.18798186
    5.8459743     0.20401658     0.19106957
    5.8559760     0.21115862     0.19641638
    5.8659777     0.22112937     0.20421400
    5.8759793     0.23256863     0.21413690
    5.8859810     0.24365373     0.22529311
    5.8959827     0.25277642     0.23647660
    5.9059843     0.25915910     0.24661390
    5.9159860     0.26314014     0.25516525
    5.9259877     0.26600406     0.26225715
    5.9359893     0.26944374     0.26848443
    5.9459910     0.27490860     0.27452354
    5.9559927     0.28311557     0.28080462
    5.9659943     0.29386354     0.28742399
    5.9759960     0.30610309     0.29428338
    5.9859977     0.31811779     0.30126204
    5.9959993     0.32773518     0.30820155
    6.0060010     0.33261522     0.31464780
    6.0160027     0.33070691     0.31953583
    6.0260043     0.32084873     0.32113471
    6.0360060     0.30330576     0.31746412
    6.0460077     0.27995755     0.30709493
    6.0560093     0.25397262     0.28995257
    6.0660110     0.22906277     0.26767072
    6.0760127     0.20862568     0.24326485
    6.0860143     0.19510886     0.22027384
    6.0960160     0.18975390     0.20180252
    6.1060177     0.19263833     0.18990270
    6.1160193     0.20280690     0.18546191
    6.1260210     0.21836152     0.18842746
    6.1360227     0.23658439     0.19802868
    6.1460243     0.25429833     0.21279210
    6.1560260     0.26856604     0.23045941
    6.1660277     0.27753490     0.24813877
    6.1760293     0.28099175     0.26292125
    6.1860310     0.28025240     0.27281283
    6.1960327     0.27739150     0.27747121
    6.2060343     0.27425039     0.27823208
    6.2160360     0.27179945     0.27732846
    6.2260377     0.27015919     0.27675099
    6.2360393     0.26911806     0.27743732
    6.2460410     0.26868391     0.27921961
    6.2560427     0.26926903     0.28141115
    6.2660443     0.27142923     0.28350932
    6.2760460     0.27538227     0.28551430
    6.2860477     0.28062784     0.28772813
    6.2960493     0.28588815     0.29028001
    6.3060510     0.28941589     0.29275554
    6.3160527     0.28957437     0.29417214
    6.3260543     0.28549977     0.29331055
    6.3360560     0.27759732     0.28924611
    6.3460577     0.26763194     0.28186328
    6.3560593     0.25829466     0.27214616
    6.3660610     0.25234584     0.26208911
    6.3760627     0.25165428     0.25418182
    6.3860643     0.25653826     0.25059365
    6.3960660     0.26570054     0.25235386
    6.4060677     0.27677847     0.25889209
    6.4160693     0.28723810     0.26819191
    6.4260710     0.29518669     0.27753952
    6.4360727     0.29975281     0.28454783
    6.4460743     0.30094614     0.28797652
    6.4560760     0.29920293     0.28796457
    6.4660777     0.29496452     0.28560939
    6.4760794     0.28854467     0.28218597
    6.4860810     0.28029100     0.27847765
    6.4960827     0.27081784     0.27457428
    6.5060844     0.26104229     0.27016419
    6.5160860     0.25192406     0.26502675
    6.5260877     0.24406615     0.25933589
    6.5360894     0.23748077     0.25356671
    6.5460910     0.23173789     0.24811906
    6.5560927     0.22644365     0.24299554
    6.5660944     0.22174426     0.23783157
    6.5760960     0.21851357     0.23230104
    6.5860977     0.21808675     0.22662490
    6.5960994     0.22169048     0.22181581
    6.6061010     0.22988345     0.21946468
    6.6161027     0.24227294     0.22116865
    6.6261044     0.25759087     0.22789671
    6.6361060     0.27403687     0.23958108
    6.6461077     0.28971587     0.25507059
    6.6561094     0.30301306     0.27241653
    6.6661110     0.31281963     0.28935882
    6.6761127     0.31860932     0.30384134
    6.6861144     0.32043148     0.31439902
    6.6961160     0.31889216     0.32033120
    6.7061177     0.31513452     0.32168865
    6.7161193     0.31075549     0.31918211
    6.7261210     0.30758274     0.31409836
    6.7361227     0.30730953     0.30820770
    6.7461243     0.31108456     0.30357025
    6.7561260     0.31919427     0.30218221
    6.7661277     0.33093466     0.30551725
    6.7761293     0.34469991     0.31410884
    6.7861310     0.35826995     0.32732246
    6.7961327     0.36925556     0.34340097
    6.8061344     0.37562276     0.35978912
    6.8161360     0.37616860     0.37367298
    6.8261377     0.37080819     0.38260618
    6.8361394     0.36059255     0.38505536
    6.8461410     0.34747681     0.38072277
    6.8561427     0.33392798     0.37059319
    6.8661444     0.32246644     0.35674416
    6.8761460     0.31521025     0.34198603
    6.8861477     0.31348852     0.32937020
    6.8961494     0.31760827     0.32159612
    6.9061510     0.32684468     0.32040880
    6.9161527     0.33964417     0.32616012
    6.9261544     0.35393267     0.33770575
    6.9361560     0.36740659     0.35268440
    6.9461577     0.37779067     0.36806199
    6.9561594     0.38318138     0.38075355
    6.9661610     0.38259090     0.38820875
    6.9761627     0.37659782     0.38896241
    6.9861644     0.36773083     0.38315514
    6.9961660     0.36012888     0.37287704
    7.0061677     0.35830150     0.36202117
    7.0161694     0.36534963     0.35537729
    7.0261710     0.38145165     0.35704218
    7.0361727     0.40342997     0.36870615
    7.0461744     0.42571672     0.38864620
    7.0561760     0.44230685     0.41204686
    7.0661777     0.44877302     0.43262215
    7.0761794     0.44343889     0.44480778
    7.0861810     0.42733428     0.44549321
    7.0961827     0.40323408     0.43457273
    7.1061844     0.37448542     0.41429648
    7.1161860     0.34425069     0.38802031
    7.1261877     0.31536334     0.35911621
    7.1361894     0.29053849     0.33049394
    7.1461910     0.27248819     0.30469105
    7.1561927     0.26363182     0.28414845
    7.1661944     0.26542611     0.27125485
    7.1761960     0.27764101     0.26795855
    7.1861977     0.29800928     0.27505183
    7.1961994     0.32253435     0.29148210
    7.2062010     0.34643088     0.31412245
    7.2162027     0.36535141     0.33828193
    7.2262044     0.37639079     0.35889160
    7.2362060     0.37846114     0.37192767
    7.2462077     0.37195586     0.37545344
    7.2562094     0.35799273     0.36981512
    7.2662110     0.33771788     0.35695044
    7.2762127     0.31204898     0.33922178
    7.2862144     0.28191365     0.31839673
    7.2962160     0.24871429     0.29525312
    7.3062177     0.21463028     0.26988917
    7.3162194     0.18251046     0.24242805
    7.3262210     0.15539801     0.21365120
    7.3362227     0.13596126     0.18523709
    7.3462244     0.12612522     0.15958038
    7.3562260     0.12701250     0.13939374
    7.3662277     0.13906124     0.12730946
    7.3762294     0.16207549     0.12554795
    7.3862310     0.19505572     0.13558239
    7.3962327     0.23586922     0.15774196
    7.4062344     0.28099346     0.19083546
    7.4162360     0.32559290     0.23199020
    7.4262377     0.36407728     0.27686594
    7.4362394     0.39110837     0.32024439
    7.4462410     0.40283679     0.35684954
    7.4562427     0.39800979     0.38222259
    7.4662444     0.37855506     0.39352788
    7.4762460     0.34937460     0.39019480
    7.4862477     0.31735874     0.37425644
    7.4962494     0.28991650     0.35020326
    7.5062510     0.27344081     0.32423792
    7.5162527     0.27203730     0.30300759
    7.5262544     0.28667679     0.29209747
    7.5362560     0.31486490     0.29467611
    7.5462577     0.35097806     0.31066160
    7.5562594     0.38741820     0.33667192
    7.5662610     0.41650913     0.36685574
    7.5762627     0.43264437     0.39446013
    7.5862644     0.43389018     0.41370962
    7.5962660     0.42234031     0.42138118
    7.6062677     0.40303962     0.41751696
    7.6162694     0.38195834     0.40504754
    7.6262710     0.36391606     0.38854432
    7.6362727     0.35129594     0.37264274
    7.6462744     0.34392705     0.36072777
    7.6562760     0.33993505     0.35426472
    7.6662777     0.33697961     0.35283066
    7.6762794     0.33325783     0.35462846
    7.6862810     0.32790382     0.35715977
    7.6962827     0.32077813     0.35781074
    7.7062844     0.31193950     0.35427724
    7.7162860     0.30121161     0.34489574
    7.7262877     0.28816109     0.32896146
    7.7362894     0.27253667     0.30701558
    7.7462910     0.25491006     0.28096288
    7.7562927     0.23708216     0.25385481
    7.7662944     0.22189401     0.22928672
    7.7762961     0.21239032     0.21054976
    7.7862977     0.21066020     0.19982234
    7.7962994     0.21691000     0.19768749
    7.8063011     0.22926642     0.20312616
    7.8163027     0.24447209     0.21395571
    7.8263044     0.25918837     0.22755042
    7.8363061     0.27130593     0.24162691
    7.8463077     0.28067360     0.25487900
    7.8563094     0.28898666     0.26728431
    7.8663111     0.29901088     0.27998843
    7.8763127     0.31357367     0.29480733
    7.8863144     0.33469644     0.31352745
    7.8963161     0.36299741     0.33724549
    7.9063177     0.39731639     0.36593260
    7.9163194     0.43455436     0.39827859
    7.9263211     0.46988877     0.43177357
    7.9363227     0.49758739     0.46297972
    7.9463244     0.51244815     0.48800325
    7.9563261     0.51151354     0.50320294
    7.9663277     0.49539580     0.50609622
    7.9763294     0.46854712     0.49626433
    7.9863311     0.43818484     0.47591311
    7.9963327     0.41217583     0.44974151
    8.0063344     0.39669062     0.42397318
    8.0163361     0.39456742     0.40476019
    8.0263377     0.40498555     0.39649586
    8.0363394     0.42440895     0.40067337
    8.0463411     0.44818055     0.41571108
    8.0563427     0.47194702     0.43773386
    8.0663444     0.49235484     0.46188975
    8.0763461     0.50697980     0.48361696
    8.0863477     0.51389381     0.49942276
    8.0963494     0.51139052     0.50707047
    8.1063511     0.49817285     0.50537416
    8.1163527     0.47394116     0.49391740
    8.1263544     0.44003984     0.47293407
    8.1363561     0.39975010     0.44341710
    8.1463577     0.35795328     0.40735955
    8.1563594     0.32015157     0.36792528
    8.1663611     0.29112202     0.32931223
    8.1763627     0.27368191     0.29614601
    8.1863644     0.26804653     0.27245432
    8.1963661     0.27201947     0.26055063
    8.2063677     0.28187192     0.26031701
    8.2163694     0.29346699     0.26925480
    8.2263711     0.30316131     0.28329451
    8.2363727     0.30826563     0.29796739
    8.2463744     0.30715864     0.30941909
    8.2563761     0.29928759     0.31495949
    8.2663777     0.28518960     0.31319172
    8.2763794     0.26647485     0.30396024
    8.2863811     0.24562537     0.28828741
    8.2963827     0.22555136     0.26826565
    8.3063844     0.20900531     0.24676638
    8.3163861     0.19802720     0.22691083
    8.3263877     0.19353635     0.21141439
    8.3363894     0.19509429     0.20199770
    8.3463911     0.20086113     0.19900393
    8.3563927     0.20785241     0.20127294
    8.3663944     0.21262973     0.20630605
    8.3763961     0.21239386     0.21079039
    8.3863977     0.20614314     0.21150911
    8.3963994     0.19534505     0.20647065
    8.4064011     0.18366953     0.19584894
    8.4164027     0.17574973     0.18225077
    8.4264044     0.17543039     0.17004303
    8.4364061     0.18423737     0.16389505
    8.4464077     0.20071116     0.16707635
    8.4564094     0.22086959     0.18018455
    8.4664111     0.23960147     0.20080687
    8.4764127     0.25244018     0.22424770
    8.4864144     0.25704754     0.24505075
    8.4964161     0.25388201     0.25876010
    8.5064177     0.24586393     0.26329495
    8.5164194     0.23723340     0.25947929
    8.5264211     0.23206242     0.25059750
    8.5364227     0.23294491     0.24119517
    8.5464244     0.24027068     0.23556796
    8.5564261     0.25227085     0.23642398
    8.5664277     0.26577554     0.24410616
    8.5764294     0.27739462     0.25659150
    8.5864311     0.28467537     0.27027188
    8.5964327     0.28678591     0.28127090
    8.6064344     0.28446851     0.28681804
    8.6164361     0.27934881     0.28611863
    8.6264377     0.27300632     0.28034934
    8.6364394     0.26631629     0.27183893
    8.6464411     0.25938289     0.26292431
    8.6564427     0.25200998     0.25511209
    8.6664444     0.24433832     0.24891750
    8.6764461     0.23721587     0.24428467
    8.6864477     0.23207927     0.24115883
    8.6964494     0.23044223     0.23979781
    8.7064511     0.23330003     0.24069920
    8.7164527     0.24076506     0.24431075
    8.7264544     0.25209347     0.25077581
    8.7364561     0.26606713     0.25985772
    8.7464577     0.28155336     0.27104455
    8.7564594     0.29800901     0.28377228
    8.7664611     0.31572279     0.29770043
    8.7764627     0.33568708     0.31295354
    8.7864644     0.35912847     0.33020229
    8.7964661     0.38685254     0.35047303
    8.8064677     0.41861886     0.37468669
    8.8164694     0.45274855     0.40307945
    8.8264711     0.48610965     0.43473315
    8.8364728     0.51456076     0.46740050
    8.8464744     0.53384654     0.49770540
    8.8564761     0.54079686     0.52171478
    8.8664777     0.53449742     0.53581970
    8.8764794     0.51697355     0.53777621
    8.8864811     0.49299108     0.52762273
    8.8964828     0.46887470     0.50809578
    8.9064844     0.45066577     0.48423522
    8.9164861     0.44227361     0.46214234
    8.9264877     0.44432767     0.44722236
    8.9364894     0.45416614     0.44251218
    8.9464911     0.46692112     0.44771507
    8.9564928     0.47721025     0.45931190
    8.9664944     0.48074270     0.47170775
    8.9764961     0.47528793     0.47898608
    8.9864977     0.46083681     0.47665114
    8.9964994     0.43915555     0.46281240
    9.0065011     0.41307471     0.43853192
    9.0165028     0.38575126     0.40735640
    9.0265044     0.35997806     0.37425509
    9.0365061     0.33758615     0.34426326
    9.0465077     0.31909474     0.32115758
    9.0565094     0.30383047     0.30651113
    9.0665111     0.29059817     0.29944518
    9.0765127     0.27867951     0.29722657
    9.0865144     0.26868711     0.29654890
    9.0965161     0.26281494     0.29501628
    9.1065178     0.26431345     0.29221761
    9.1165194     0.27639719     0.28994693
    9.1265211     0.30103753     0.29151606
    9.1365227     0.33809553     0.30049964
    9.1465244     0.38505919     0.31944062
    9.1565261     0.43739999     0.34896611
    9.1665278     0.48937067     0.38752074
    9.1765294     0.53498356     0.43167008
    9.1865311     0.56893291     0.47676511
    9.1965328     0.58731744     0.51771603
    9.2065344     0.58811714     0.54969137
    9.2165361     0.57142281     0.56868962
    9.2265378     0.53939906     0.57203998
    9.2365394     0.49594161     0.55887692
    9.2465411     0.44603675     0.53049551
    9.2565428     0.39494944     0.49035891
    9.2665444     0.34746554     0.44356861
    9.2765461     0.30739306     0.39585513
    9.2865478     0.27737244     0.35243242
    9.2965494     0.25886560     0.31714637
    9.3065511     0.25214021     0.29215388
    9.3165528     0.25619922     0.27805061
    9.3265544     0.26882276     0.27417705
    9.3365561     0.28697997     0.27890386
    9.3465578     0.30769181     0.28991653
    9.3565594     0.32905879     0.30465013
    9.3665611     0.35088654     0.32092171
    9.3765628     0.37441796     0.33755422
    9.3865644     0.40114681     0.35462674
    9.3965661     0.43127151     0.37310416
    9.4065678     0.46265172     0.39395091
    9.4165694     0.49092412     0.41716885
    9.4265711     0.51082446     0.44127554
    9.4365728     0.51812072     0.46350584
    9.4465744     0.51125621     0.48064276
    9.4565761     0.49197286     0.49008938
    9.4665778     0.46469909     0.49071911
    9.4765794     0.43505050     0.48318069
    9.4865811     0.40813312     0.46959212
    9.4965828     0.38732199     0.45281043
    9.5065844     0.37386671     0.43560374
    9.5165861     0.36725116     0.42002470
    9.5265878     0.36594582     0.40713407
    9.5365894     0.36815838     0.39705864
    9.5465911     0.37235115     0.38928359
    9.5565928     0.37747985     0.38307090
    9.5665944     0.38299508     0.37789147
    9.5765961     0.38865118     0.37372570
    9.5865978     0.39417545     0.37107735
    9.5965994     0.39891031     0.37063709
    9.6066011     0.40160096     0.37271399
    9.6166028     0.40048431     0.37671419
    9.6266044     0.39371565     0.38096083
    9.6366061     0.38000225     0.38299184
    9.6466078     0.35918466     0.38023387
    9.6566094     0.33249071     0.37077040
    9.6666111     0.30231081     0.35389769
    9.6766128     0.27156544     0.33029342
    9.6866144     0.24294770     0.30181822
    9.6966161     0.21839076     0.27110916
    9.7066178     0.19896773     0.24113541
    9.7166194     0.18515272     0.21479677
    9.7266211     0.17714271     0.19455313
    9.7366228     0.17492787     0.18205551
    9.7466244     0.17802122     0.17780845
    9.7566261     0.18505826     0.18096267
    9.7666278     0.19363538     0.18935069
    9.7766294     0.20065287     0.19982320
    9.7866311     0.20313155     0.20885172
    9.7966328     0.19917699     0.21327362
    9.8066344     0.18865685     0.21099826
    9.8166361     0.17329186     0.20148367
    9.8266378     0.15614309     0.18584659
    9.8366394     0.14073938     0.16657733
    9.8466411     0.13019336     0.14695954
    9.8566428     0.12657909     0.13038343
    9.8666444     0.13066638     0.11974245
    9.8766461     0.14194710     0.11702096
    9.8866478     0.15882541     0.12306790
    9.8966494     0.17888196     0.13748694
    9.9066511     0.19920501     0.15859965
    9.9166528     0.21683321     0.18353254
    9.9266544     0.22932476     0.20855500
    9.9366561     0.23536144     0.22976031
    9.9466578     0.23518448     0.24401240
    9.9566594     0.23063393     0.24986572
    9.9666611     0.22467658     0.24806150
    9.9766628     0.22052066     0.24131707
    9.9866644     0.22061958     0.23342323
    9.9966661     0.22595327     0.22798485
   10.0066678     0.23589133     0.22730883
   10.0166694     0.24871030     0.23188342
   10.0266711     0.26254277     0.24063857
   10.0366728     0.27631512     0.25183749
   10.0466744     0.29021433     0.26416063
   10.0566761     0.30545517     0.27744213
   10.0666778     0.32347890     0.29268370
   10.0766794     0.34498388     0.31134195
   10.0866811     0.36921527     0.33425902
   10.0966828     0.39376048     0.36076012
   10.1066844     0.41488583     0.38831324
   10.1166861     0.42833321     0.41286984
   10.1266878     0.43043825     0.42977417
   10.1366894     0.41932568     0.43500889
   10.1466911     0.39578236     0.42646474
   10.1566928     0.36336442     0.40482801
   10.1666944     0.32752049     0.37366353
   10.1766961     0.29396611     0.33848681
   10.1866978     0.26695883     0.30506770
   10.1966994     0.24821325     0.27764612
   10.2067011     0.23688293     0.25784880
   10.2167028     0.23051316     0.24475383
   10.2267045     0.22644434     0.23595988
   10.2367061     0.22303092     0.22905202
   10.2467078     0.22023363     0.22277251
   10.2567095     0.21947257     0.21747575
   10.2667111     0.22290831     0.21483576
   10.2767128     0.23246073     0.21704832
   10.2867145     0.24890326     0.22586058
   10.2967161     0.27132852     0.24174158
   10.3067178     0.29717566     0.26345710
   10.3167195     0.32282767     0.28822058
   10.3267211     0.34456716     0.31241215
   10.3367228     0.35952633     0.33261412
   10.3467245     0.36627945     0.34653780
   10.3567261     0.36491411     0.35345247
   10.3667278     0.35667990     0.35398646
   10.3767295     0.34350011     0.34950773
   10.3867311     0.32763075     0.34149631
   10.3967328     0.31156428     0.33126493
   10.4067345     0.29802276     0.32010244
   10.4167361     0.28974936     0.30959227
   10.4267378     0.28890661     0.30171265
   10.4367395     0.29618989     0.29846415
   10.4467411     0.31007769     0.30110393
   10.4567428     0.32674029     0.30936946
   10.4667445     0.34090230     0.32114354
   10.4767461     0.34748782     0.33281519
   10.4867478     0.34342288     0.34026311
   10.4967495     0.32880428     0.34012185
   10.5067511     0.30688981     0.33089146
   10.5167528     0.28290091     0.31351410
   10.5267545     0.26216260     0.29120540
   10.5367561     0.24835700     0.26854664
   10.5467578     0.24254206     0.25008731
   10.5567595     0.24320081     0.23891634
   10.5667611     0.24715674     0.23573422
   10.5767628     0.25089938     0.23880770
   10.5867645     0.25179157     0.24482939
   10.5967661     0.24875775     0.25029381
   10.6067678     0.24230697     0.25276364
   10.6167695     0.23401803     0.25148624
   10.6267711     0.22579845     0.24719184
   10.6367728     0.21924899     0.24134117
   10.6467745     0.21532971     0.23532681
   10.6567761     0.21432568     0.23003951
   10.6667778     0.21597551     0.22588733
   10.6767795     0.21962566     0.22304743
   10.6867811     0.22437322     0.22165056
   10.6967828     0.22925311     0.22176435
   10.7067845     0.23351680     0.22328126
   10.7167861     0.23694033     0.22591656
   10.7267878     0.23999217     0.22940180
   10.7367895     0.24370393     0.23373957
   10.7467911     0.24924450     0.23927784
   10.7567928     0.25739007     0.24648430
   10.7667945     0.26815239     0.25555537
   10.7767961     0.28071611     0.26614910
   10.7867978     0.29364511     0.27743119
   10.7967995     0.30521413     0.28835868
   10.8068011     0.31377097     0.29795183
   10.8168028     0.31813217     0.30539175
   10.8268045     0.31800795     0.31002824
   10.8368061     0.31431421     0.31151353
   10.8468078     0.30911633     0.31012932
   10.8568095     0.30503918     0.30707964
   10.8668111     0.30427562     0.30438518
   10.8768128     0.30762395     0.30421294
   10.8868145     0.31404084     0.30787726
   10.8968161     0.32094872     0.31503479
   10.9068178     0.32515575     0.32354265
   10.9168195     0.32398021     0.33009947
   10.9268211     0.31615007     0.33138957
   10.9368228     0.30221612     0.32524171
   10.9468245     0.28442472     0.31136874
   10.9568261     0.26613704     0.29148287
   10.9668278     0.25095007     0.26882891
   10.9768295     0.24171941     0.24733956
   10.9868311     0.23973025     0.23066445
   10.9968328     0.24428114     0.22129701
   11.0068345     0.25288057     0.21997543
   11.0168361     0.26208059     0.22550070
   11.0268378     0.26872251     0.23507962
   11.0368395     0.27115096     0.24520182
   11.0468411     0.26989670     0.25286276
   11.0568428     0.26750791     0.25671722
   11.0668445     0.26756799     0.25765655
   11.0768461     0.27329541     0.25848462
   11.0868478     0.28628763     0.26277417
   11.0968495     0.30587219     0.27338265
   11.1068511     0.32924900     0.29124928
   11.1168528     0.35230678     0.31492195
   11.1268545     0.37079601     0.34092444
   11.1368561     0.38147556     0.36477230
   11.1468578     0.38290298     0.38227815
   11.1568595     0.37568040     0.39073754
   11.1668611     0.36215969     0.38962997
   11.1768628     0.34578326     0.38062122
   11.1868645     0.33030895     0.36690877
   11.1968661     0.31911114     0.35221418
   11.2068678     0.31462837     0.33983984
   11.2168695     0.31794799     0.33209390
   11.2268711     0.32853917     0.33012890
   11.2368728     0.34422178     0.33402296
   11.2468745     0.36149437     0.34289480
   11.2568761     0.37627161     0.35497562
   11.2668778     0.38491704     0.36773266
   11.2768795     0.38527707     0.37820756
   11.2868811     0.37733127     0.38363868
   11.2968828     0.36315284     0.38223245
   11.3068845     0.34613153     0.37377075
   11.3168861     0.32974999     0.35972891
   11.3268878     0.31643668     0.34277679
   11.3368895     0.30698694     0.32584603
   11.3468911     0.30073836     0.31117725
   11.3568928     0.29628110     0.29976289
   11.3668945     0.29222751     0.29137455
   11.3768961     0.28761429     0.28505237
   11.3868978     0.28181578     0.27971914
   11.3968995     0.27419365     0.27457277
   11.4069012     0.26386537     0.26909207
   11.4169028     0.24985577     0.26275259
   11.4269045     0.23160578     0.25474033
   11.4369062     0.20955470     0.24395954
   11.4469078     0.18544554     0.22944302
   11.4569095     0.16214525     0.21099764
   11.4669112     0.14301184     0.18972880
   11.4769128     0.13103542     0.16810687
   11.4869145     0.12804933     0.14945537
   11.4969162     0.13426124     0.13702476
   11.5069178     0.14824107     0.13301298
   11.5169195     0.16736184     0.13792005
   11.5269212     0.18854225     0.15048245
   11.5369228     0.20903218     0.16819078
   11.5469245     0.22697753     0.18815458
   11.5569262     0.24162118     0.20794743
   11.5669278     0.25317033     0.22611400
   11.5769295     0.26246615     0.24221760
   11.5869312     0.27057482     0.25652894
   11.5969328     0.27834724     0.26956787
   11.6069345     0.28598781     0.28167267
   11.6169362     0.29276271     0.29267397
   11.6269378     0.29706159     0.30171202
   11.6369395     0.29696126     0.30728378
   11.6469412     0.29119263     0.30763819
   11.6569428     0.28011996     0.30153367
   11.6669445     0.26621644     0.28913132
   11.6769462     0.25368681     0.27258614
   11.6869478     0.24728161     0.25591941
   11.6969495     0.25075035     0.24406445
   11.7069512     0.26557074     0.24141018
   11.7169528     0.29047381     0.25044590
   11.7269545     0.32193457     0.27105999
   11.7369562     0.35538507     0.30071459
   11.7469578     0.38661144     0.33532250
   11.7569595     0.41273899     0.37040481
   11.7669612     0.43242522     0.40208672
   11.7769628     0.44528903     0.42764054
   11.7869645     0.45101616     0.44550499
   11.7969662     0.44876513     0.45492060
   11.8069678     0.43732306     0.45546635
   11.8169695     0.41600331     0.44681517
   11.8269712     0.38579988     0.42890885
   11.8369728     0.35010415     0.40251042
   11.8469745     0.31447209     0.36983346
   11.8569762     0.28539442     0.33482286
   11.8669778     0.26850822     0.30276561
   11.8769795     0.26695187     0.27921241
   11.8869812     0.28049902     0.26853705
   11.8969828     0.30577329     0.27266577
   11.9069845     0.33741055     0.29046890
   11.9169862     0.36968749     0.31805240
   11.9269878     0.39800731     0.34984957
   11.9369895     0.41975826     0.38013823
   11.9469912     0.43436550     0.40448432
   11.9569928     0.44269167     0.42066186
   11.9669945     0.44615631     0.42879469
   11.9769962     0.44596360     0.43074286
   11.9869978     0.44268504     0.42902357
   11.9969995     0.43624227     0.42570920
   12.0070012     0.42617664     0.42171622
   12.0170028     0.41203127     0.41670201
   12.0270045     0.39370337     0.40951530
   12.0370062     0.37170188     0.39893460
   12.0470078     0.34729870     0.38437024
   12.0570095     0.32254516     0.36629625
   12.0670112     0.30006878     0.34632300
   12.0770128     0.28256690     0.32692112
   12.0870145     0.27205064     0.31084471
   12.0970162     0.26911476     0.30034951
   12.1070178     0.27263680     0.29641578
   12.1170195     0.28017426     0.29830470
   12.1270212     0.28895181     0.30374735
   12.1370228     0.29694665     0.30980224
   12.1470245     0.30348070     0.31403570
   12.1570262     0.30901467     0.31544444
   12.1670278     0.31432957     0.31464762
   12.1770295     0.31963496     0.31327519
   12.1870312     0.32412820     0.31290651
   12.1970328     0.32619448     0.31410527
   12.2070345     0.32405105     0.31598512
   12.2170362     0.31645855     0.31645117
   12.2270378     0.30320225     0.31297759
   12.2370395     0.28524805     0.30360287
   12.2470412     0.26462956     0.28777353
   12.2570428     0.24415685     0.26673671
   12.2670445     0.22700290     0.24335826
   12.2770462     0.21619691     0.22146682
   12.2870478     0.21406954     0.20498721
   12.2970495     0.22174015     0.19714026
   12.3070512     0.23877594     0.19987065
   12.3170528     0.26315148     0.21353537
   12.3270545     0.29157506     0.23684224
   12.3370562     0.32013930     0.26705955
   12.3470578     0.34514152     0.30052357
   12.3570595     0.36385384     0.33338064
   12.3670612     0.37502397     0.36235558
   12.3770628     0.37895245     0.38526275
   12.3870645     0.37711271     0.40106317
   12.3970662     0.37144306     0.40950213
   12.4070678     0.36359189     0.41060463
   12.4170695     0.35444351     0.40439385
   12.4270712     0.34412350     0.39104452
   12.4370728     0.33241910     0.37135799
   12.4470745     0.31931398     0.34716667
   12.4570762     0.30529131     0.32126326
   12.4670778     0.29124013     0.29674616
   12.4770795     0.27807364     0.27607696
   12.4870812     0.26633993     0.26035793
   12.4970828     0.25607328     0.24920420
   12.5070845     0.24694767     0.24122409
   12.5170862     0.23860436     0.23480203
   12.5270878     0.23095001     0.22879356
   12.5370895     0.22427566     0.22287714
   12.5470912     0.21915481     0.21751319
   12.5570928     0.21616469     0.21360540
   12.5670945     0.21552400     0.21201356
   12.5770962     0.21678484     0.21307264
   12.5870978     0.21875531     0.21626740
   12.5970995     0.21979954     0.22019661
   12.6071012     0.21849575     0.22290921
   12.6171029     0.21437727     0.22257822
   12.6271045     0.20831475     0.21830493
   12.6371062     0.20220847     0.21069189
   12.6471079     0.19805287     0.20181636
   12.6571095     0.19687036     0.19446752
   12.6671112     0.19816029     0.19091608
   12.6771129     0.20022339     0.19182620
   12.6871145     0.20117539     0.19592947
   12.6971162     0.20003686     0.20068794
   12.7071179     0.19727324     0.20360006
   12.7171195     0.19454464     0.20342883
   12.7271212     0.19390903     0.20071072
   12.7371229     0.19697028     0.19736933
   12.7471245     0.20435728     0.19577398
   12.7571262     0.21562269     0.19780884
   12.7671279     0.22942427     0.20435614
   12.7771295     0.24383427     0.21523876
   12.7871312     0.25673036     0.22941047
   12.7971329     0.26627478     0.24518507
   12.8071345     0.27140298     0.26047297
   12.8171362     0.27211862     0.27312372
   12.8271379     0.26939493     0.28141094
   12.8371395     0.26467503     0.28450578
   12.8471412     0.25921610     0.28267114
   12.8571429     0.25363651     0.27701686
   12.8671445     0.24790204     0.26893126
   12.8771462     0.24171777     0.25953095
   12.8871479     0.23505919     0.24946194
   12.8971495     0.22851693     0.23913511
   12.9071512     0.22325120     0.22916862
   12.9171529     0.22056859     0.22065988
   12.9271545     0.22133538     0.21502749
   12.9371562     0.22553812     0.21346842
   12.9471579     0.23224272     0.21636275
   12.9571595     0.24000486     0.22302836
   12.9671612     0.24754490     0.23202615
   12.9771629     0.25436078     0.24187080
   12.9871645     0.26099077     0.25174434
   12.9971662     0.26881422     0.26181164
   13.0071679     0.27947272     0.27298425
   13.0171695     0.29411886     0.28629179
   13.0271712     0.31275174     0.30220058
   13.0371729     0.33390558     0.32019505
   13.0471745     0.35489722     0.33878021
   13.0571762     0.37266046     0.35588754
   13.0671779     0.38491462     0.36953812
   13.0771795     0.39117017     0.37854364
   13.0871812     0.39304717     0.38300623
   13.0971829     0.39364834     0.38442187
   13.1071845     0.39617437     0.38529547
   13.1171862     0.40236069     0.38831451
   13.1271879     0.41144227     0.39527404
   13.1371895     0.42014948     0.40608069
   13.1471912     0.42379670     0.41825069
   13.1571929     0.41804464     0.42726789
   13.1671945     0.40061004     0.42789598
   13.1771962     0.37221104     0.41608333
   13.1871979     0.33637984     0.39068926
   13.1971995     0.29829271     0.35420536
   13.2072012     0.26319822     0.31207886
   13.2172029     0.23513772     0.27095576
   13.2272045     0.21639606     0.23670424
   13.2372062     0.20766332     0.21309565
   13.2472079     0.20852155     0.20152421
   13.2572095     0.21780942     0.20150722
   13.2672112     0.23366515     0.21136573
   13.2772129     0.25340036     0.22862171
   13.2872145     0.27355343     0.25008175
   13.2972162     0.29037526     0.27193562
   13.3072179     0.30069026     0.29021288
   13.3172195     0.30277654     0.30162946
   13.3272212     0.29683313     0.30448358
   13.3372229     0.28479898     0.29912071
   13.3472245     0.26961983     0.28768434
   13.3572262     0.25430709     0.27326020
   13.3672279     0.24116307     0.25883396
   13.3772295     0.23138468     0.24652176
   13.3872312     0.22504302     0.23730780
   13.3972329     0.22130527     0.23120982
   13.4072345     0.21876168     0.22760409
   13.4172362     0.21579090     0.22547235
   13.4272379     0.21095473     0.22352333
   13.4372395     0.20340250     0.22032208
   13.4472412     0.19320308     0.21458402
   13.4572429     0.18148015     0.20563968
   13.4672445     0.17027059     0.19387957
   13.4772462     0.16215192     0.18092035
   13.4872479     0.15980151     0.16936594
   13.4972495     0.16564680     0.16227028
   13.5072512     0.18161809     0.16255090
   13.5172529     0.20883919     0.17253662
   13.5272545     0.24707456     0.19362812
   13.5372562     0.29398623     0.22591162
   13.5472579     0.34460855     0.26765379
   13.5572595     0.39162471     0.31488075
   13.5672612     0.42678963     0.36146522
   13.5772629     0.44324611     0.40007073
   13.5872645     0.43788345     0.42389802
   13.5972662     0.41270191     0.42868617
   13.6072679     0.37452245     0.41417924
   13.6172695     0.33309666     0.38444712
   13.6272712     0.29830994     0.34692360
   13.6372729     0.27743382     0.31049778
   13.6472745     0.27325342     0.28324181
   13.6572762     0.28355876     0.27036993
   13.6672779     0.30210616     0.27292981
   13.6772795     0.32076969     0.28760292
   13.6872812     0.33222004     0.30777690
   13.6972829     0.33220815     0.32567262
   13.7072845     0.32060413     0.33485110
   13.7172862     0.30084059     0.33216307
   13.7272879     0.27813505     0.31838518
   13.7372895     0.25740685     0.29738690
   13.7472912     0.24183576     0.27435520
   13.7572929     0.23254033     0.25396499
   13.7672945     0.22921026     0.23924166
   13.7772962     0.23108855     0.23137262
   13.7872979     0.23765869     0.23021939
   13.7972995     0.24868659     0.23502523
   13.8073012     0.26369034     0.24486974
   13.8173029     0.28124579     0.25868674
   13.8273046     0.29863285     0.27496779
   13.8373062     0.31214811     0.29146897
   13.8473079     0.31804736     0.30523788
   13.8573096     0.31374075     0.31309023
   13.8673112     0.29873675     0.31240732
   13.8773129     0.27497136     0.30194970
   13.8873146     0.24644539     0.28237839
   13.8973162     0.21833605     0.25630878
   13.9073179     0.19584600     0.22788510
   13.9173196     0.18303548     0.20197412
   13.9273212     0.18184881     0.18313178
   13.9373229     0.19154791     0.17454009
   13.9473246     0.20876348     0.17715996
   13.9573262     0.22828439     0.18936392
   13.9673279     0.24448374     0.20724319
   13.9773296     0.25299052     0.22560229
   13.9873312     0.25201673     0.23940699
   13.9973329     0.24280081     0.24524082
   14.0073346     0.22896648     0.24226448
   14.0173362     0.21507635     0.23232236
   14.0273379     0.20502054     0.21916234
   14.0373396     0.20091518     0.20709271
   14.0473412     0.20288093     0.19961787
   14.0573429     0.20962028     0.19855889
   14.0673446     0.21937174     0.20389988
   14.0773462     0.23074911     0.21426239
   14.0873479     0.24315248     0.22768318
   14.0973496     0.25671085     0.24234876
   14.1073512     0.27192167     0.25707760
   14.1173529     0.28921625     0.27150805
   14.1273546     0.30863047     0.28604216
   14.1373562     0.32966971     0.30160127
   14.1473579     0.35136957     0.31923148
   14.1573596     0.37248008     0.33961882
   14.1673612     0.39165426     0.36263505
   14.1773629     0.40753950     0.38707366
   14.1873646     0.41876753     0.41069400
   14.1973662     0.42395639     0.43058011
   14.2073679     0.42186963     0.44370838
   14.2173696     0.41177429     0.44757187
   14.2273712     0.39387295     0.44072855
   14.2373729     0.36959158     0.42317896
   14.2473746     0.34155662     0.39650269
   14.2573762     0.31323992     0.36370830
   14.2673779     0.28837192     0.32880351
   14.2773796     0.27025858     0.29616041
   14.2873812     0.26111909     0.26979111
   14.2973829     0.26156242     0.25264855
   14.3073846     0.27036099     0.24606238
   14.3173862     0.28468561     0.24944598
   14.3273879     0.30084518     0.26043054
   14.3373896     0.31533374     0.27550577
   14.3473912     0.32577248     0.29103765
   14.3573929     0.33133676     0.30429649
   14.3673946     0.33252780     0.31405213
   14.3773962     0.33052067     0.32048743
   14.3873979     0.32652549     0.32454916
   14.3973996     0.32149704     0.32715279
   14.4074012     0.31622360     0.32868139
   14.4174029     0.31156525     0.32897588
   14.4274046     0.30856847     0.32769902
   14.4374062     0.30832946     0.32478353
   14.4474079     0.31165700     0.32071251
   14.4574096     0.31867258     0.31652957
   14.4674112     0.32848234     0.31359859
   14.4774129     0.33903993     0.31317581
   14.4874146     0.34732351     0.31587671
   14.4974162     0.34991934     0.32118387
   14.5074179     0.34396326     0.32722751
   14.5174196     0.32816467     0.33106885
   14.5274212     0.30347175     0.32953877
   14.5374229     0.27299160     0.32037771
   14.5474246     0.24108160     0.30317306
   14.5574262     0.21192871     0.27959805
   14.5674279     0.18820263     0.25277132
   14.5774296     0.17035309     0.22601762
   14.5874312     0.15683086     0.20163847
   14.5974329     0.14509832     0.18028897
   14.6074346     0.13296241     0.16121136
   14.6174362     0.11965882     0.14311864
   14.6274379     0.10627250     0.12522493
   14.6374396     0.09539342     0.10793027
   14.6474412     0.09021323     0.09291955
   14.6574429     0.09343723     0.08273389
   14.6674446     0.10639218     0.08004886
   14.6774462     0.12860777     0.08691594
   14.6874479     0.15799234     0.10416883
   14.6974496     0.19152464     0.13114104
   14.7074512     0.22616739     0.16577949
   14.7174529     0.25957695     0.20511812
   14.7274546     0.29027038     0.24590635
   14.7374562     0.31723977     0.28509120
   14.7474579     0.33938328     0.31995954
   14.7574596     0.35525829     0.34803116
   14.7674612     0.36341299     0.36703174
   14.7774629     0.36308836     0.37522772
   14.7874646     0.35477124     0.37206712
   14.7974662     0.34017270     0.35871572
   14.8074679     0.32162146     0.33803230
   14.8174696     0.30126279     0.31385429
   14.8274712     0.28053781     0.28990637
   14.8374729     0.26016481     0.26885206
   14.8474746     0.24049109     0.25185679
   14.8574762     0.22190167     0.23869542
   14.8674779     0.20504872     0.22819812
   14.8774796     0.19087086     0.21881718
   14.8874812     0.18050555     0.20921494
   14.8974829     0.17517045     0.19883539
   14.9074846     0.17597981     0.18835011
   14.9174862     0.18362414     0.17975934
   14.9274879     0.19794960     0.17594680
   14.9374896     0.21764360     0.17970298
   14.9474912     0.24029079     0.19254139
   14.9574929     0.26290851     0.21382964
   14.9674946     0.28278112     0.24068417
   14.9774962     0.29820314     0.26874465
   14.9874979     0.30878016     0.29352551
   14.9974996     0.31520169     0.31177252
   15.0075013     0.31869342     0.32227672
   15.0175029     0.32047087     0.32588931
   15.0275046     0.32140959     0.32485650
   15.0375063     0.32195014     0.32184796
   15.0475079     0.32214290     0.31908245
   15.0575096     0.32175998     0.31781093
   15.0675113     0.32047201     0.31822524
   15.0775129     0.31808631     0.31971531
   15.0875146     0.31475349     0.32131544
   15.0975163     0.31097864     0.32214446
   15.1075179     0.30734192     0.32165913
   15.1175196     0.30404189     0.31963256
   15.1275213     0.30057147     0.31592912
   15.1375229     0.29582911     0.31028983
   15.1475246     0.28870392     0.30235136
   15.1575263     0.27881718     0.29195541
   15.1675279     0.26693083     0.27955814
   15.1775296     0.25470849     0.26640791
   15.1875313     0.24394005     0.25425669
   15.1975329     0.23571430     0.24467073
   15.2075346     0.23007391     0.23831133
   15.2175363     0.22637117     0.23464599
   15.2275379     0.22407732     0.23233474
   15.2375396     0.22349724     0.23013403
   15.2475413     0.22590033     0.22781772
   15.2575429     0.23295308     0.22656022
   15.2675446     0.24578077     0.22851477
   15.2775463     0.26420678     0.23579007
   15.2875479     0.28658053     0.24938681
   15.2975496     0.31021543     0.26866365
   15.3075513     0.33209879     0.29154632
   15.3175529     0.34946147     0.31522144
   15.3275546     0.36003832     0.33681325
   15.3375563     0.36218698     0.35370756
   15.3475579     0.35515484     0.36360821
   15.3575596     0.33956525     0.36470634
   15.3675613     0.31781369     0.35622188
   15.3775629     0.29387705     0.33911903
   15.3875646     0.27227638     0.31641233
   15.3975663     0.25648465     0.29255330
   15.4075679     0.24754685     0.27193740
   15.4175696     0.24370410     0.25720680
   15.4275713     0.24131950     0.24826492
   15.4375729     0.23668963     0.24257404
   15.4475746     0.22784224     0.23660253
   15.4575763     0.21545796     0.22767623
   15.4675779     0.20255943     0.21532407
   15.4775796     0.19324677     0.20154144
   15.4875813     0.19114966     0.18998056
   15.4975829     0.19824337     0.18456022
   15.5075846     0.21435080     0.18812994
   15.5175863     0.23729130     0.20162965
   15.5275879     0.26344748     0.22386066
   15.5375896     0.28853238     0.25175261
   15.5475913     0.30843157     0.28096379
   15.5575929     0.32003952     0.30671101
   15.5675946     0.32196960     0.32475380
   15.5775963     0.31495739     0.33239172
   15.5875979     0.30178743     0.32922465
   15.5975996     0.28669054     0.31738988
   15.6076013     0.27433488     0.30110460
   15.6176029     0.26867852     0.28558395
   15.6276046     0.27199654     0.27565199
   15.6376063     0.28433548     0.27448408
   15.6476079     0.30351981     0.28285499
   15.6576096     0.32568486     0.29906794
   15.6676113     0.34617481     0.31950799
   15.6776129     0.36055864     0.33959125
   15.6876146     0.36551260     0.35481345
   15.6976163     0.35939490     0.36163968
   15.7076179     0.34245093     0.35808566
   15.7176196     0.31667239     0.34395747
   15.7276213     0.28536787     0.32078140
   15.7376229     0.25251259     0.29146068
   15.7476246     0.22197730     0.25969083
   15.7576263     0.19679490     0.22920852
   15.7676279     0.17866070     0.20303782
   15.7776296     0.16781670     0.18296082
   15.7876313     0.16332934     0.16939585
   15.7976329     0.16360040     0.16170074
   15.8076346     0.16686042     0.15871358
   15.8176363     0.17145416     0.15922976
   15.8276379     0.17590420     0.16218430
   15.8376396     0.17890168     0.16653102
   15.8476413     0.17940079     0.17103834
   15.8576429     0.17686650     0.17428436
   15.8676446     0.17155190     0.17497888
   15.8776463     0.16460455     0.17247724
   15.8876479     0.15788088     0.16718055
   15.8976496     0.15351893     0.16056443
   15.9076513     0.15344930     0.15480083
   15.9176529     0.15902001     0.15216431
   15.9276546     0.17079125     0.15448790
   15.9376563     0.18843037     0.16282789
   15.9476579     0.21062282     0.17732178
   15.9576596     0.23503205     0.19712953
   15.9676613     0.25849073     0.22040544
   15.9776629     0.27762232     0.24439415
   15.9876646     0.28988449     0.26583141
   15.9976663     0.29467697     0.28173843
   16.0076679     0.29391016     0.29044081
   16.0176696     0.29152940     0.29237834
   16.0276713     0.29197401     0.29020942
   16.0376729     0.29817472     0.28796230
   16.0476746     0.31006516     0.28945397
   16.0576763     0.32442258     0.29663230
   16.0676779     0.33620367     0.30862946
   16.0776796     0.34076213     0.32203100
   16.0876813     0.33587611     0.33228666
   16.0976829     0.32263769     0.33562028
   16.1076846     0.30487821     0.33055317
   16.1176863     0.28755232     0.31838427
   16.1276879     0.27495744     0.30253618
   16.1376896     0.26959837     0.28723689
   16.1476913     0.27201484     0.27623336
   16.1576929     0.28130857     0.27202603
   16.1676946     0.29579850     0.27567161
   16.1776963     0.31335495     0.28686040
   16.1876979     0.33137801     0.30396438
   16.1976996     0.34675934     0.32402872
   16.2077013     0.35621709     0.34297311
   16.2177030     0.35708832     0.35629610
   16.2277046     0.34824565     0.36026826
   16.2377063     0.33060722     0.35317674
   16.2477080     0.30689537     0.33598650
   16.2577096     0.28074130     0.31200796
   16.2677113     0.25560626     0.28568776
   16.2777130     0.23403730     0.26111701
   16.2877146     0.21749662     0.24096207
   16.2977163     0.20663790     0.22621622
   16.3077180     0.20171109     0.21668087
   16.3177196     0.20283135     0.21174024
   16.3277213     0.21002098     0.21096927
   16.3377230     0.22306249     0.21434513
   16.3477246     0.24124347     0.22210354
   16.3577263     0.26309344     0.23441831
   16.3677280     0.28625353     0.25106372
   16.3777296     0.30763174     0.27114130
   16.3877313     0.32390611     0.29291346
   16.3977330     0.33225810     0.31380528
   16.4077346     0.33106737     0.33065571
   16.4177363     0.32029295     0.34025506
   16.4277380     0.30141183     0.34008469
   16.4377396     0.27698611     0.32903626
   16.4477413     0.25006350     0.30783382
   16.4577430     0.22362815     0.27897433
   16.4677446     0.20022979     0.24620744
   16.4777463     0.18179882     0.21376438
   16.4877480     0.16957347     0.18559910
   16.4977496     0.16406703     0.16481150
   16.5077513     0.16507079     0.15328870
   16.5177530     0.17175198     0.15154065
   16.5277546     0.18289336     0.15873501
   16.5377563     0.19722689     0.17296568
   16.5477580     0.21371815     0.19173928
   16.5577596     0.23165910     0.21255410
   16.5677613     0.25054612     0.23337805
   16.5777630     0.26986790     0.25288006
   16.5877646     0.28898039     0.27040455
   16.5977663     0.30715839     0.28579543
   16.6077680     0.32376709     0.29920183
   16.6177696     0.33841741     0.31094299
   16.6277713     0.35100754     0.32144163
   16.6377730     0.36164455     0.33119470
   16.6477746     0.37048867     0.34073017
   16.6577763     0.37754987     0.35048813
   16.6677780     0.38245965     0.36058605
   16.6777796     0.38429530     0.37051095
   16.6877813     0.38160776     0.37889625
   16.6977830     0.37279129     0.38359584
   16.7077846     0.35677825     0.38218061
   16.7177863     0.33381666     0.37277183
   16.7277880     0.30595123     0.35491336
   16.7377896     0.27689488     0.33010856
   16.7477913     0.25123434     0.30175728
   16.7577930     0.23322350     0.27446037
   16.7677946     0.22561664     0.25289681
   16.7777963     0.22898368     0.24062892
   16.7877980     0.24173800     0.23921448
   16.7977996     0.26079550     0.24790143
   16.8078013     0.28251863     0.26397653
   16.8178030     0.30352106     0.28360016
   16.8278046     0.32106740     0.30278977
   16.8378063     0.33310774     0.31820966
   16.8478080     0.33823014     0.32758999
   16.8578096     0.33581390     0.32982582
   16.8678113     0.32641310     0.32494236
   16.8778130     0.31209352     0.31407433
   16.8878146     0.29633795     0.29944939
   16.8978163     0.28332992     0.28422599
   16.9078180     0.27678896     0.27203110
   16.9178196     0.27880914     0.26618416
   16.9278213     0.28917060     0.26879166
   16.9378230     0.30536983     0.28002940
   16.9478246     0.32331210     0.29791352
   16.9578263     0.33839880     0.31869553
   16.9678280     0.34668719     0.33778002
   16.9778296     0.34585635     0.35087471
   16.9878313     0.33579692     0.35502685
   16.9978330     0.31870865     0.34928689
   17.0078346     0.29865538     0.33489433
   17.0178363     0.28062798     0.31500913
   17.0278380     0.26930631     0.29407003
   17.0378396     0.26784254     0.27687986
   17.0478413     0.27703885     0.26755574
   17.0578430     0.29520926     0.26855980
   17.0678446     0.31879949     0.28009170
   17.0778463     0.34355578     0.30008778
   17.0878480     0.36580330     0.32488647
   17.0978496     0.38333902     0.35034126
   17.1078513     0.39561628     0.37294277
   17.1178530     0.40322634     0.39049938
   17.1278546     0.40700134     0.40215653
   17.1378563     0.40720963     0.40788546
   17.1478580     0.40323008     0.40783374
   17.1578596     0.39384286     0.40194950
   17.1678613     0.37799192     0.39007291
   17.1778630     0.35566902     0.37238315
   17.1878646     0.32850087     0.34988316
   17.1978663     0.29970741     0.32460038
   17.2078680     0.27333724     0.29934403
   17.2178696     0.25301667     0.27707481
   17.2278713     0.24073509     0.26010987
   17.2378730     0.23624872     0.24946460
   17.2478746     0.23742368     0.24461618
   17.2578763     0.24135956     0.24384579
   17.2678780     0.24571784     0.24507810
   17.2778796     0.24959281     0.24686929
   17.2878813     0.25356289     0.24906329
   17.2978830     0.25903700     0.25277102
   17.3078846     0.26735132     0.25968569
   17.3178863     0.27908772     0.27110685
   17.3278880     0.29382869     0.28716930
   17.3378896     0.31026142     0.30659751
   17.3478913     0.32640759     0.32698418
   17.3578930     0.33984060     0.34535095
   17.3678946     0.34793499     0.35872159
   17.3778963     0.34828702     0.36457518
   17.3878980     0.33935200     0.36120206
   17.3978996     0.32112930     0.34803043
   17.4079013     0.29556902     0.32591484
   17.4179030     0.26642224     0.29726609
   17.4279047     0.23850892     0.26586908
   17.4379063     0.21667643     0.23632550
   17.4479080     0.20486724     0.21322486
   17.4579097     0.20560569     0.20028452
   17.4679113     0.21992792     0.19972291
   17.4779130     0.24751850     0.21202731
   17.4879147     0.28676815     0.23611187
   17.4979163     0.33465844     0.26972405
   17.5079180     0.38665886     0.30990749
   17.5179197     0.43696415     0.35337090
   17.5279213     0.47928017     0.39670509
   17.5379230     0.50805140     0.43648802
   17.5479247     0.51972587     0.46938389
   17.5579263     0.51357380     0.49235302
   17.5679280     0.49176713     0.50303326
   17.5779297     0.45875884     0.50024531
   17.5879313     0.42026691     0.48446126
   17.5979330     0.38222432     0.45802236
   17.6079347     0.34992004     0.42494116
   17.6179363     0.32736857     0.39026687
   17.6279380     0.31685216     0.35916498
   17.6379397     0.31861785     0.33597181
   17.6479413     0.33080199     0.32346657
   17.6579430     0.34969511     0.32247838
   17.6679447     0.37040706     0.33181384
   17.6779463     0.38787078     0.34845625
   17.6879480     0.39798290     0.36804954
   17.6979497     0.39856682     0.38571381
   17.7079513     0.38982372     0.39712728
   17.7179530     0.37406857     0.39958710
   17.7279547     0.35482470     0.39262849
   17.7379563     0.33564001     0.37791351
   17.7479580     0.31910152     0.35845308
   17.7579597     0.30637463     0.33754982
   17.7679613     0.29728697     0.31791415
   17.7779630     0.29073560     0.30120406
   17.7879647     0.28516657     0.28796988
   17.7979663     0.27900937     0.27784674
   17.8079680     0.27107752     0.26986400
   17.8179697     0.26094677     0.26282160
   17.8279713     0.24922088     0.25570694
   17.8379730     0.23752288     0.24808004
   17.8479747     0.22811373     0.24030425
   17.8579763     0.22322509     0.23351262
   17.8679780     0.22437225     0.22928733
   17.8779797     0.23195128     0.22915381
   17.8879813     0.24527701     0.23408583
   17.8979830     0.26297272     0.24422336
   17.9079847     0.28343947     0.25890187
   17.9179863     0.30513877     0.27692578
   17.9279880     0.32661644     0.29689269
   17.9379897     0.34643290     0.31738474
   17.9479913     0.36325147     0.33699341
   17.9579930     0.37617988     0.35431811
   17.9679947     0.38517272     0.36812034
   17.9779963     0.39113834     0.37766972
   17.9879980     0.39552993     0.38310106
   17.9979997     0.39956598     0.38550801
   18.0080013     0.40353490     0.38662203
   18.0180030     0.40663622     0.38817687
   18.0280047     0.40748571     0.39125136
   18.0380063     0.40499785     0.39589497
   18.0480080     0.39913309     0.40118791
   18.0580097     0.39108381     0.40567799
   18.0680113     0.38279432     0.40797531
   18.0780130     0.37607609     0.40723620
   18.0880147     0.37179587     0.40334355
   18.0980163     0.36957241     0.39675978
   18.1080180     0.36813502     0.38820452
   18.1180197     0.36612162     0.37838953
   18.1280213     0.36284135     0.36797028
   18.1380230     0.35855026     0.35768690
   18.1480247     0.35408508     0.34849186
   18.1580263     0.35009006     0.34143058
   18.1680280     0.34632109     0.33720032
   18.1780297     0.34146888     0.33557401
   18.1880313     0.33364249     0.33506167
   18.1980330     0.32128470     0.33313938
   18.2080347     0.30406938     0.32709633
   18.2180363     0.28336169     0.31519119
   18.2280380     0.26204445     0.29759290
   18.2380397     0.24377285     0.27664096
   18.2480413     0.23189873     0.25625679
   18.2580430     0.22838700     0.24070108
   18.2680447     0.23306650     0.23313113
   18.2780463     0.24351432     0.23448157
   18.2880480     0.25571337     0.24307727
   18.2980497     0.26533401     0.25513936
   18.3080513     0.26917843     0.26602919
   18.3180530     0.26618883     0.27179013
   18.3280547     0.25758936     0.27040953
   18.3380563     0.24614712     0.26232432
   18.3480580     0.23495693     0.25001233
   18.3580597     0.22632947     0.23690184
   18.3680613     0.22121681     0.22609541
   18.3780630     0.21927542     0.21941661
   18.3880647     0.21937103     0.21707322
   18.3980663     0.22021380     0.21793301
   18.4080680     0.22087476     0.22018642
   18.4180697     0.22107197     0.22210096
   18.4280713     0.22122937     0.22263060
   18.4380730     0.22235917     0.22175201
   18.4480747     0.22580924     0.22049251
   18.4580763     0.23289020     0.22066708
   18.4680780     0.24440022     0.22436709
   18.4780797     0.26012885     0.23327408
   18.4880813     0.27851839     0.24793443
   18.4980830     0.29671152     0.26721588
   18.5080847     0.31113038     0.28821461
   18.5180863     0.31850628     0.30680753
   18.5280880     0.31701294     0.31881238
   18.5380897     0.30701990     0.32140287
   18.5480913     0.29109596     0.31420577
   18.5580930     0.27322970     0.29955729
   18.5680947     0.25760617     0.28175031
   18.5780963     0.24745836     0.26558705
   18.5880980     0.24438851     0.25487646
   18.5980997     0.24823843     0.25147535
   18.6081014     0.25732178     0.25511025
   18.6181030     0.26879483     0.26379906
   18.6281047     0.27910056     0.27450179
   18.6381064     0.28456423     0.28374196
   18.6481080     0.28217544     0.28817350
   18.6581097     0.27039102     0.28517166
   18.6681114     0.24963990     0.27342028
   18.6781130     0.22227663     0.25329939
   18.6881147     0.19198598     0.22685354
   18.6981164     0.16289174     0.19729574
   18.7081180     0.13869394     0.16823368
   18.7181197     0.12204501     0.14291442
   18.7281214     0.11421518     0.12371560
   18.7381230     0.11502113     0.11195352
   18.7481247     0.12301219     0.10794764
   18.7581264     0.13593003     0.11123308
   18.7681280     0.15138975     0.12082450
   18.7781297     0.16758327     0.13546728
   18.7881314     0.18369280     0.15383269
   18.7981330     0.19975941     0.17461804
   18.8081347     0.21601218     0.19651771
   18.8181364     0.23200227     0.21807389
   18.8281380     0.24607468     0.23750582
   18.8381397     0.25557900     0.25269870
   18.8481414     0.25780456     0.26150559
   18.8581430     0.25117784     0.26233960
   18.8681447     0.23608336     0.25480355
   18.8781464     0.21488782     0.24000566
   18.8881480     0.19120853     0.22034823
   18.8981497     0.16885248     0.19887292
   18.9081514     0.15092690     0.17848935
   18.9181530     0.13939727     0.16143671
   18.9281547     0.13506217     0.14913619
   18.9381564     0.13774849     0.14234381
   18.9481580     0.14656139     0.14137723
   18.9581597     0.16014238     0.14623076
   18.9681614     0.17695516     0.15654355
   18.9781630     0.19558694     0.17152424
   18.9881647     0.21498263     0.18997211
   18.9981664     0.23450631     0.21045884
   19.0081680     0.25377995     0.23160597
   19.0181697     0.27235657     0.25229844
   19.0281714     0.28938297     0.27168683
   19.0381730     0.30344303     0.28895965
   19.0481747     0.31271188     0.30304258
   19.0581764     0.31540386     0.31247724
   19.0681780     0.31033233     0.31565045
   19.0781797     0.29732271     0.31131308
   19.0881814     0.27729691     0.29910710
   19.0981830     0.25203357     0.27979019
   19.1081847     0.22377113     0.25504672
   19.1181864     0.19484766     0.22704591
   19.1281880     0.16747201     0.19803195
   19.1381897     0.14360434     0.17012602
   19.1481914     0.12488666     0.14530611
   19.1581930     0.11259648     0.12540401
   19.1681947     0.10762062     0.11200036
   19.1781964     0.11042018     0.10622405
   19.1881980     0.12093030     0.10853954
   19.1981997     0.13838081     0.11859715
   19.2082014     0.16113147     0.13518657
   19.2182030     0.18668915     0.15632984
   19.2282047     0.21202253     0.17954996
   19.2382064     0.23412788     0.20229404
   19.2482080     0.25064493     0.22238515
   19.2582097     0.26028476     0.23832043
   19.2682114     0.26292596     0.24930907
   19.2782130     0.25938389     0.25510959
   19.2882147     0.25097904     0.25583713
   19.2982164     0.23909070     0.25186973
   19.3082180     0.22488008     0.24384363
   19.3182197     0.20929506     0.23264141
   19.3282214     0.19333100     0.21932568
   19.3382230     0.17836682     0.20507695
   19.3482247     0.16632058     0.19121784
   19.3582264     0.15944157     0.17930009
   19.3682280     0.15975224     0.17110249
   19.3782297     0.16836313     0.16838288
   19.3882314     0.18498814     0.17238849
   19.3982330     0.20792876     0.18334870
   19.4082347     0.23458912     0.20027854
   19.4182364     0.26231396     0.22130126
   19.4282380     0.28914170     0.24439263
   19.4382397     0.31407423     0.26814551
   19.4482414     0.33672514     0.29207290
   19.4582430     0.35658952     0.31621297
   19.4682447     0.37243203     0.34024444
   19.4782464     0.38223103     0.36267023
   19.4882480     0.38378198     0.38063176
   19.4982497     0.37568294     0.39056854
   19.5082514     0.35822993     0.38947009
   19.5182530     0.33380604     0.37616609
   19.5282547     0.30656437     0.35209790
   19.5382564     0.28146208     0.32124904
   19.5482580     0.26293744     0.28923884
   19.5582597     0.25369547     0.26188283
   19.5682614     0.25409555     0.24371908
   19.5782630     0.26242547     0.23702273
   19.5882647     0.27592780     0.24163526
   19.5982664     0.29203407     0.25556905
   19.6082680     0.30915085     0.27598837
   19.6182697     0.32665439     0.30004101
   19.6282714     0.34429067     0.32521595
   19.6382730     0.36154991     0.34929894
   19.6482747     0.37750975     0.37029086
   19.6582764     0.39119711     0.38661118
   19.6682780     0.40207726     0.39756417
   19.6782797     0.41019175     0.40369138
   19.6882814     0.41577987     0.40658619
   19.6982830     0.41865802     0.40807735
   19.7082847     0.41784950     0.40915797
   19.7182864     0.41180030     0.40928498
   19.7282880     0.39911872     0.40650571
   19.7382897     0.37943033     0.39839236
   19.7482914     0.35387408     0.38330117
   19.7582930     0.32499661     0.36131198
   19.7682947     0.29614469     0.33442102
   19.7782964     0.27067695     0.30598347
   19.7882980     0.25130174     0.27975611
   19.7982997     0.23967242     0.25898128
   19.8083014     0.23620606     0.24578912
   19.8183031     0.24005766     0.24094664
   19.8283047     0.24925370     0.24384024
   19.8383064     0.26104554     0.25260773
   19.8483081     0.27248809     0.26444590
   19.8583097     0.28111482     0.27615711
   19.8683114     0.28548373     0.28489137
   19.8783131     0.28540814     0.28887051
   19.8883147     0.28183333     0.28780840
   19.8983164     0.27646299     0.28285612
   19.9083181     0.27128090     0.27612757
   19.9183197     0.26806500     0.27002481
   19.9283214     0.26794116     0.26657865
   19.9383231     0.27103808     0.26691114
   19.9483247     0.27636003     0.27086477
   19.9583264     0.28200083     0.27689623
   19.9683281     0.28571994     0.28239773
   19.9783297     0.28572096     0.28452072
   19.9883314     0.28133161     0.28130257
   19.9983331     0.27329065     0.27261474
   20.0083347     0.26351879     0.26041739
   20.0183364     0.25448628     0.24811693
   20.0283381     0.24844789     0.23930391
   20.0383397     0.24681629     0.23647536
   20.0483414     0.24982470     0.24030064
   20.0583431     0.25649611     0.24963254
   20.0683447     0.26486855     0.26206563
   20.0783464     0.27242098     0.27466315
   20.0883481     0.27663827     0.28456996
   20.0983497     0.27560648     0.28944774
   20.1083514     0.26847230     0.28780233
   20.1183531     0.25560679     0.27923735
   20.1283547     0.23841999     0.26455387
   20.1383564     0.21892537     0.24557904
   20.1483581     0.19924635     0.22471046
   20.1583597     0.18122708     0.20432538
   20.1683614     0.16619668     0.18627993
   20.1783631     0.15484440     0.17165040
   20.1883647     0.14716518     0.16071934
   20.1983664     0.14250580     0.15311056
   20.2083681     0.13978361     0.14798994
   20.2183697     0.13789295     0.14431946
   20.2283714     0.13618169     0.14117720
   20.2383731     0.13477772     0.13809583
   20.2483747     0.13457088     0.13528595
   20.2583764     0.13681684     0.13360073
   20.2683781     0.14253378     0.13420898
   20.2783797     0.15198330     0.13810966
   20.2883814     0.16449004     0.14572273
   20.2983831     0.17867887     0.15674946
   20.3083847     0.19299040     0.17033546
   20.3183864     0.20618963     0.18539808
   20.3283881     0.21759101     0.20090294
   20.3383897     0.22689065     0.21593264
   20.3483914     0.23373999     0.22953994
   20.3583931     0.23737450     0.24052963
   20.3683947     0.23660459     0.24738105
   20.3783964     0.23026691     0.24846467
   20.3883981     0.21793896     0.24254314
   20.3983997     0.20052201     0.22936400
   20.4084014     0.18032521     0.21005258
   20.4184031     0.16052720     0.18706882
   20.4284047     0.14421054     0.16368061
   20.4384064     0.13338363     0.14313106
   20.4484081     0.12841796     0.12781733
   20.4584097     0.12813911     0.11878716
   20.4684114     0.13051789     0.11571178
   20.4784131     0.13364714     0.11729122
   20.4884147     0.13657456     0.12188629
   20.4984164     0.13963762     0.12811578
   20.5084181     0.14417570     0.13521876
   20.5184197     0.15177053     0.14311159
   20.5284214     0.16336558     0.15219173
   20.5384231     0.17865706     0.16299892
   20.5484247     0.19602532     0.17584329
   20.5584264     0.21303997     0.19049524
   20.5684281     0.22731859     0.20603622
   20.5784297     0.23735210     0.22096360
   20.5884314     0.24291964     0.23357115
   20.5984331     0.24492039     0.24248528
   20.6084347     0.24475633     0.24711736
   20.6184364     0.24362757     0.24780750
   20.6284381     0.24210301     0.24560380
   20.6384397     0.24011090     0.24182451
   20.6484414     0.23722510     0.23763311
   20.6584431     0.23299947     0.23377518
   20.6684447     0.22718045     0.23048455
   20.6784464     0.21979497     0.22750297
   20.6884481     0.21120106     0.22420080
   20.6984497     0.20213945     0.21983653
   20.7084514     0.19371733     0.21394491
   20.7184531     0.18722088     0.20671229
   20.7284547     0.18374431     0.19911018
   20.7384564     0.18377315     0.19263191
   20.7484581     0.18694466     0.18869832
   20.7584597     0.19214941     0.18802328
   20.7684614     0.19795832     0.19029153
   20.7784631     0.20317099     0.19433756
   20.7884647     0.20721323     0.19872103
   20.7984664     0.21021545     0.20236607
   20.8084681     0.21280987     0.20492702
   20.8184697     0.21583566     0.20675890
   20.8284714     0.22012516     0.20863399
   20.8384731     0.22639085     0.21145252
   20.8484747     0.23509839     0.21608029
   20.8584764     0.24623405     0.22324532
   20.8684781     0.25904019     0.23334494
   20.8784797     0.27193900     0.24613570
   20.8884814     0.28283165     0.26048148
   20.8984831     0.28973724     0.27441221
   20.9084847     0.29148299     0.28559859
   20.9184864     0.28807546     0.29207571
   20.9284881     0.28055671     0.29286226
   20.9384897     0.27046881     0.28816841
   20.9484914     0.25928848     0.27913500
   20.9584931     0.24817138     0.26732176
   20.9684947     0.23807890     0.25427133
   20.9784964     0.23004899     0.24135568
   20.9884981     0.22525726     0.22986412
   20.9984997     0.22468214     0.22110588
   21.0085014     0.22851206     0.21630634
   21.0185031     0.23567094     0.21625348
   21.0285048     0.24382468     0.22085828
   21.0385064     0.24998068     0.22888847
   21.0485081     0.25147298     0.23807390
   21.0585098     0.24692268     0.24562259
   21.0685114     0.23676614     0.24901570
   21.0785131     0.22312497     0.24682317
   21.0885148     0.20905631     0.23923060
   21.0985164     0.19746795     0.22802293
   21.1085181     0.19012299     0.21595403
   21.1185198     0.18713281     0.20570327
   21.1285214     0.18713529     0.19885446
   21.1385231     0.18805096     0.19537420
   21.1485248     0.18804928     0.19384835
   21.1585264     0.18628242     0.19235054
   21.1685281     0.18309442     0.18948409
   21.1785298     0.17969626     0.18505979
   21.1885314     0.17754789     0.18009791
   21.1985331     0.17778019     0.17623070
   21.2085348     0.18090324     0.17489267
   21.2185364     0.18685764     0.17674319
   21.2285381     0.19528610     0.18156720
   21.2385398     0.20581868     0.18859994
   21.2485414     0.21820136     0.19701263
   21.2585431     0.23221666     0.20627231
   21.2685448     0.24747330     0.21621905
   21.2785464     0.26321306     0.22688230
   21.2885481     0.27826938     0.23819212
   21.2985498     0.29123751     0.24978246
   21.3085514     0.30082565     0.26102066
   21.3185531     0.30628679     0.27125887
   21.3285548     0.30778348     0.28016046
   21.3385564     0.30651261     0.28790064
   21.3485581     0.30444303     0.29511460
   21.3585598     0.30364933     0.30261418
   21.3685614     0.30545293     0.31100870
   21.3785631     0.30978565     0.32038984
   21.3885648     0.31518262     0.33019870
   21.3985664     0.31951039     0.33933562
   21.4085681     0.32108909     0.34650547
   21.4185698     0.31957995     0.35069036
   21.4285714     0.31611400     0.35154230
   21.4385731     0.31259120     0.34948024
   21.4485748     0.31058110     0.34542035
   21.4585764     0.31046829     0.34028916
   21.4685781     0.31128713     0.33460112
   21.4785798     0.31124861     0.32831691
   21.4885814     0.30858863     0.32099666
   21.4985831     0.30227920     0.31209412
   21.5085848     0.29232568     0.30122233
   21.5185864     0.27963962     0.28832172
   21.5285881     0.26564930     0.27374898
   21.5385898     0.25183928     0.25830039
   21.5485914     0.23936269     0.24313051
   21.5585931     0.22881790     0.22952379
   21.5685948     0.22023970     0.21855656
   21.5785964     0.21329855     0.21078493
   21.5885981     0.20762325     0.20611575
   21.5985998     0.20309860     0.20393452
   21.6086014     0.19998667     0.20342853
   21.6186031     0.19879607     0.20394173
   21.6286048     0.19994942     0.20518228
   21.6386064     0.20341915     0.20718288
   21.6486081     0.20855251     0.21005102
   21.6586098     0.21424664     0.21367914
   21.6686114     0.21946866     0.21763441
   21.6786131     0.22391159     0.22136143
   21.6886148     0.22844541     0.22463379
   21.6986164     0.23505590     0.22799489
   21.7086181     0.24616668     0.23286995
   21.7186198     0.26352222     0.24116791
   21.7286214     0.28704030     0.25445496
   21.7386231     0.31412317     0.27302242
   21.7486248     0.33981571     0.29526479
   21.7586264     0.35793137     0.31769179
   21.7686281     0.36289491     0.33566841
   21.7786298     0.35169296     0.34469846
   21.7886314     0.32515852     0.34183416
   21.7986331     0.28799102     0.32669915
   21.8086348     0.24741963     0.30171807
   21.8186364     0.21102635     0.27144414
   21.8286381     0.18462733     0.24125102
   21.8386398     0.17104255     0.21592152
   21.8486414     0.17010792     0.19867189
   21.8586431     0.17967722     0.19088824
   21.8686448     0.19695711     0.19247251
   21.8786464     0.21950813     0.20242784
   21.8886481     0.24557348     0.21930651
   21.8986498     0.27382994     0.24137169
   21.9086514     0.30292931     0.26659973
   21.9186531     0.33119447     0.29276346
   21.9286548     0.35662757     0.31771489
   21.9386564     0.37716490     0.33974837
   21.9486581     0.39101988     0.35779061
   21.9586598     0.39699566     0.37126483
   21.9686614     0.39472609     0.37973857
   21.9786631     0.38483139     0.38266586
   21.9886648     0.36895203     0.37949130
   21.9986664     0.34960790     0.37011729
   22.0086681     0.32985701     0.35544928
   22.0186698     0.31278434     0.33764017
   22.0286714     0.30090858     0.31980757
   22.0386731     0.29563729     0.30527633
   22.0486748     0.29692314     0.29663146
   22.0586764     0.30325042     0.29494635
   22.0686781     0.31199063     0.29946988
   22.0786798     0.32003154     0.30786971
   22.0886814     0.32448013     0.31691754
   22.0986831     0.32323238     0.32335165
   22.1086848     0.31529274     0.32462353
   22.1186864     0.30084162     0.31933280
   22.1286881     0.28111520     0.30731664
   22.1386898     0.25815686     0.28949259
   22.1486914     0.23446354     0.26759250
   22.1586931     0.21253923     0.24387149
   22.1686948     0.19440670     0.22079168
   22.1786964     0.18119056     0.20064662
   22.1886981     0.17291811     0.18514046
   22.1986998     0.16864296     0.17502960
   22.2087015     0.16688024     0.16998613
   22.2187031     0.16620168     0.16878875
   22.2287048     0.16575248     0.16980207
   22.2387065     0.16547623     0.17155457
   22.2487081     0.16596769     0.17316865
   22.2587098     0.16805411     0.17447470
   22.2687115     0.17233601     0.17581310
   22.2787131     0.17891959     0.17769070
   22.2887148     0.18743608     0.18051110
   22.2987165     0.19725547     0.18450562
   22.3087181     0.20769800     0.18982062
   22.3187198     0.21810654     0.19659631
   22.3287215     0.22781099     0.20490041
   22.3387231     0.23613787     0.21453711
   22.3487248     0.24257582     0.22490513
   22.3587265     0.24703179     0.23508532
   22.3687281     0.24996502     0.24417405
   22.3787298     0.25221550     0.25166448
   22.3887315     0.25454913     0.25759412
   22.3987331     0.25717240     0.26231578
   22.4087348     0.25953965     0.26602777
   22.4187365     0.26062217     0.26841155
   22.4287381     0.25952818     0.26869174
   22.4387398     0.25614457     0.26615251
   22.4487415     0.25145086     0.26080930
   22.4587431     0.24733387     0.25379392
   22.4687448     0.24598928     0.24717262
   22.4787465     0.24918656     0.24326404
   22.4887481     0.25771067     0.24381445
   22.4987498     0.27117822     0.24944100
   22.5087515     0.28823232     0.25957222
   22.5187531     0.30695374     0.27284040
   22.5287548     0.32527489     0.28767423
   22.5387565     0.34127166     0.30278742
   22.5487581     0.35336457     0.31736343
   22.5587598     0.36055220     0.33093582
   22.5687615     0.36273267     0.34315250
   22.5787631     0.36097843     0.35366886
   22.5887648     0.35747761     0.36228064
   22.5987665     0.35491204     0.36916013
   22.6087681     0.35533657     0.37489122
   22.6187698     0.35899993     0.38008153
   22.6287715     0.36374555     0.38465068
   22.6387731     0.36546552     0.38722966
   22.6487748     0.35958210     0.38517799
   22.6587765     0.34296042     0.37542312
   22.6687781     0.31536309     0.35582166
   22.6787798     0.27975144     0.32637248
   22.6887815     0.24132112     0.28963593
   22.6987831     0.20578060     0.25012217
   22.7087848     0.17767680     0.21294350
   22.7187865     0.15941388     0.18236026
   22.7287881     0.15116523     0.16082053
   22.7387898     0.15144875     0.14876866
   22.7487915     0.15794151     0.14510233
   22.7587931     0.16817521     0.14791356
   22.7687948     0.17995499     0.15514482
   22.7787965     0.19153006     0.16496590
   22.7887981     0.20163375     0.17588386
   22.7987998     0.20949917     0.18672054
   22.8088015     0.21489137     0.19659456
   22.8188031     0.21812831     0.20496747
   22.8288048     0.22003167     0.21172486
   22.8388065     0.22177017     0.21721390
   22.8488081     0.22461322     0.22217124
   22.8588098     0.22966209     0.22753534
   22.8688115     0.23762791     0.23419806
   22.8788131     0.24868424     0.24276967
   22.8888148     0.26238317     0.25340345
   22.8988165     0.27763729     0.26569639
   22.9088181     0.29282221     0.27869334
   22.9188198     0.30606754     0.29105351
   22.9288215     0.31571586     0.30141500
   22.9388231     0.32078362     0.30887051
   22.9488248     0.32118841     0.31331875
   22.9588265     0.31760879     0.31543256
   22.9688281     0.31106080     0.31617430
   22.9788298     0.30244306     0.31609298
   22.9888315     0.29229807     0.31482795
   22.9988331     0.28088076     0.31115565
   23.0088348     0.26844477     0.30359889
   23.0188365     0.25555835     0.29129238
   23.0288381     0.24327225     0.27466788
   23.0388398     0.23304712     0.25563411
   23.0488415     0.22646178     0.23717831
   23.0588431     0.22482156     0.22256678
   23.0688448     0.22882646     0.21446949
   23.0788465     0.23841846     0.21433566
   23.0888481     0.25283058     0.22221044
   23.0988498     0.27076566     0.23697035
   23.1088515     0.29059762     0.25677653
   23.1188531     0.31052721     0.27949451
   23.1288548     0.32870162     0.30292907
   23.1388565     0.34336367     0.32489620
   23.1488581     0.35308053     0.34328120
   23.1588598     0.35701771     0.35622669
   23.1688615     0.35513657     0.36246269
   23.1788631     0.34818830     0.36163436
   23.1888648     0.33748359     0.35442589
   23.1988665     0.32456217     0.34237802
   23.2088681     0.31094676     0.32748362
   23.2188698     0.29807759     0.31177922
   23.2288715     0.28735291     0.29712079
   23.2388731     0.28009339     0.28516204
   23.2488748     0.27730611     0.27737544
   23.2588765     0.27930526     0.27491575
   23.2688781     0.28540552     0.27826420
   23.2788798     0.29391001     0.28681055
   23.2888815     0.30246258     0.29866250
   23.2988831     0.30863918     0.31090467
   23.3088848     0.31054914     0.32029708
   23.3188865     0.30725177     0.32415896
   23.3288881     0.29890705     0.32108908
   23.3388898     0.28667601     0.31127092
   23.3488915     0.27242274     0.29631385
   23.3588931     0.25827766     0.27875232
   23.3688948     0.24614922     0.26139120
   23.3788965     0.23731499     0.24666790
   23.3888981     0.23222728     0.23616279
   23.3988998     0.23059083     0.23035685
   23.4089015     0.23164610     0.22869062
   23.4189032     0.23450712     0.22989707
   23.4289048     0.23841824     0.23248623
   23.4389065     0.24288618     0.23521064
   23.4489082     0.24773202     0.23737627
   23.4589098     0.25312179     0.23895967
   23.4689115     0.25957348     0.24057331
   23.4789132     0.26786090     0.24333076
   23.4889148     0.27871965     0.24861138
   23.4989165     0.29234854     0.25768301
   23.5089182     0.30786125     0.27117580
   23.5189198     0.32297802     0.28851760
   23.5289215     0.33424181     0.30756926
   23.5389232     0.33784757     0.32473535
   23.5489248     0.33086312     0.33569618
   23.5589265     0.31237033     0.33663221
   23.5689282     0.28402607     0.32552068
   23.5789298     0.24977264     0.30295944
   23.5889315     0.21479665     0.27212756
   23.5989332     0.18414974     0.23787447
   23.6089348     0.16155201     0.20533067
   23.6189365     0.14876974     0.17862575
   23.6289382     0.14568372     0.16018387
   23.6389398     0.15088749     0.15073539
   23.6489415     0.16249436     0.14984187
   23.6589432     0.17882646     0.15656427
   23.6689448     0.19877077     0.16995508
   23.6789465     0.22174652     0.18923510
   23.6889482     0.24737830     0.21368812
   23.6989498     0.27507093     0.24239856
   23.7089515     0.30370338     0.27397933
   23.7189532     0.33158133     0.30643118
   23.7289548     0.35664112     0.33724027
   23.7389565     0.37677166     0.36372983
   23.7489582     0.39010574     0.38354773
   23.7589598     0.39523040     0.39508108
   23.7689615     0.39137488     0.39763082
   23.7789632     0.37863360     0.39133978
   23.7889648     0.35816234     0.37702086
   23.7989665     0.33217000     0.35604482
   23.8089682     0.30355715     0.33031392
   23.8189698     0.27524346     0.30219746
   23.8289715     0.24944423     0.27428067
   23.8389732     0.22723060     0.24890808
   23.8489748     0.20857314     0.22768022
   23.8589765     0.19281240     0.21114444
   23.8689782     0.17928589     0.19884389
   23.8789798     0.16779600     0.18970606
   23.8889815     0.15874134     0.18258610
   23.8989832     0.15295746     0.17673431
   23.9089848     0.15147228     0.17204775
   23.9189865     0.15536330     0.16911159
   23.9289882     0.16572111     0.16911654
   23.9389898     0.18352629     0.17369251
   23.9489915     0.20922558     0.18459091
   23.9589932     0.24201948     0.20311961
   23.9689948     0.27920675     0.22937573
   23.9789965     0.31610163     0.26156078
   23.9889982     0.34685616     0.29580418
   23.9989998     0.36604541     0.32679628
   24.0090015     0.37040421     0.34915816
   24.0190032     0.35995417     0.35906232
   24.0290048     0.33802860     0.35543309
   24.0390065     0.31020887     0.34022374
   24.0490082     0.28262568     0.31769020
   24.0590098     0.26024857     0.29300775
   24.0690115     0.24568940     0.27078674
   24.0790132     0.23880885     0.25397844
   24.0890148     0.23715719     0.24342710
   24.0990165     0.23705269     0.23806923
   24.1090182     0.23492797     0.23560562
   24.1190198     0.22850616     0.23339111
   24.1290215     0.21745329     0.22928331
   24.1390232     0.20337111     0.22224275
   24.1490248     0.18924263     0.21256887
   24.1590265     0.17860258     0.20176843
   24.1690282     0.17472430     0.19215524
   24.1790298     0.18002819     0.18634218
   24.1890315     0.19578890     0.18678465
   24.1990332     0.22209861     0.19546643
   24.2090348     0.25796217     0.21371186
   24.2190365     0.30138850     0.24202453
   24.2290382     0.34941690     0.27985658
   24.2390398     0.39813908     0.32531799
   24.2490415     0.44286302     0.37497340
   24.2590432     0.47854790     0.42393718
   24.2690448     0.50052875     0.46640411
   24.2790465     0.50541347     0.49658223
   24.2890482     0.49193192     0.50982884
   24.2990498     0.46147206     0.50370469
   24.3090515     0.41806875     0.47866143
   24.3190532     0.36774053     0.43814034
   24.3290548     0.31728884     0.38798463
   24.3390565     0.27289606     0.33525745
   24.3490582     0.23895446     0.28676897
   24.3590598     0.21746088     0.24774214
   24.3690615     0.20807960     0.22100129
   24.3790632     0.20874148     0.20686257
   24.3890648     0.21651264     0.20364800
   24.3990665     0.22844669     0.20855919
   24.4090682     0.24219180     0.21858890
   24.4190698     0.25622881     0.23120789
   24.4290715     0.26975253     0.24469318
   24.4390732     0.28234419     0.25811026
   24.4490748     0.29365893     0.27107441
   24.4590765     0.30331728     0.28345744
   24.4690782     0.31105413     0.29517450
   24.4790798     0.31701342     0.30611607
   24.4890815     0.32197289     0.31622153
   24.4990832     0.32729530     0.32563323
   24.5090848     0.33452870     0.33482030
   24.5190865     0.34476203     0.34453996
   24.5290882     0.35800288     0.35555656
   24.5390898     0.37289700     0.36817918
   24.5490915     0.38700426     0.38184058
   24.5590932     0.39759961     0.39499855
   24.5690948     0.40268436     0.40551142
   24.5790965     0.40173756     0.41137157
   24.5890982     0.39584240     0.41144679
   24.5990998     0.38716332     0.40586150
   24.6091015     0.37811613     0.39588003
   24.6191032     0.37069810     0.38346740
   24.6291049     0.36623130     0.37084634
   24.6391065     0.36540439     0.36022884
   24.6491082     0.36830177     0.35361865
   24.6591099     0.37425920     0.35244893
   24.6691115     0.38173038     0.35700066
   24.6791132     0.38853851     0.36590638
   24.6891149     0.39268763     0.37623691
   24.6991165     0.39343486     0.38445156
   24.7091182     0.39196139     0.38794931
   24.7191199     0.39106473     0.38646290
   24.7291215     0.39383121     0.38246522
   24.7391232     0.40189183     0.38020472
   24.7491249     0.41417713     0.38370301
   24.7591265     0.42686092     0.39462082
   24.7691282     0.43456828     0.41101438
   24.7791299     0.43229647     0.42761465
   24.7891315     0.41720001     0.43756966
   24.7991332     0.38953439     0.43492819
   24.8091349     0.35250342     0.41682052
   24.8191365     0.31124428     0.38446150
   24.8291382     0.27146530     0.34267268
   24.8391399     0.23822229     0.29828149
   24.8491415     0.21506863     0.25814954
   24.8591432     0.20356265     0.22753863
   24.8691449     0.20304980     0.20916980
   24.8791465     0.21076291     0.20297477
   24.8891482     0.22241115     0.20640121
   24.8991499     0.23333969     0.21518848
   24.9091515     0.24001249     0.22456929
   24.9191532     0.24122855     0.23071551
   24.9291549     0.23844192     0.23199391
   24.9391565     0.23494068     0.22947186
   24.9491582     0.23424587     0.22632429
   24.9591599     0.23852445     0.22630554
   24.9691615     0.24778306     0.23197141
   24.9791632     0.26015207     0.24351737
   24.9891649     0.27298370     0.25879175
   24.9991665     0.28411792     0.27441948
   25.0091682     0.29267970     0.28740162
   25.0191699     0.29909215     0.29635751
   25.0291715     0.30441723     0.30182908
   25.0391732     0.30945490     0.30559517
   25.0491749     0.31410572     0.30944974
   25.0591765     0.31730926     0.31412447
   25.0691782     0.31752297     0.31888719
   25.0791799     0.31341035     0.32192653
   25.0891815     0.30434671     0.32119805
   25.0991832     0.29055131     0.31522281
   25.1091849     0.27294353     0.30348968
   25.1191865     0.25296624     0.28645601
   25.1291882     0.23252375     0.26538411
   25.1391899     0.21396163     0.24222040
   25.1491915     0.19988867     0.21950671
   25.1591932     0.19272307     0.20015170
   25.1691949     0.19405683     0.18694729
   25.1791965     0.20409027     0.18192947
   25.1891982     0.22137584     0.18584638
   25.1991999     0.24296545     0.19796070
   25.2092015     0.26490834     0.21621499
   25.2192032     0.28298602     0.23760812
   25.2292049     0.29357595     0.25861475
   25.2392065     0.29452284     0.27561834
   25.2492082     0.28582859     0.28546086
   25.2592099     0.26990536     0.28617821
   25.2692115     0.25117434     0.27777782
   25.2792132     0.23498316     0.26268848
   25.2892149     0.22609317     0.24548512
   25.2992165     0.22721121     0.23174703
   25.3092182     0.23808345     0.22632618
   25.3192199     0.25549656     0.23164366
   25.3292215     0.27422015     0.24669954
   25.3392232     0.28859986     0.26723631
   25.3492249     0.29428987     0.28705491
   25.3592265     0.28956299     0.30003841
   25.3692282     0.27577117     0.30216494
   25.3792299     0.25681936     0.29279132
   25.3892315     0.23786959     0.27476354
   25.3992332     0.22376817     0.25335715
   25.4092349     0.21775217     0.23449083
   25.4192365     0.22080976     0.22290097
   25.4292382     0.23175438     0.22091275
   25.4392399     0.24780752     0.22813550
   25.4492415     0.26539350     0.24201403
   25.4592432     0.28091434     0.25887079
   25.4692449     0.29138548     0.27498610
   25.4792465     0.29488277     0.28737393
   25.4892482     0.29077240     0.29412527
   25.4992499     0.27971291     0.29439767
   25.5092515     0.26345278     0.28824299
   25.5192532     0.24447689     0.27644668
   25.5292549     0.22555873     0.26042937
   25.5392565     0.20927059     0.24212838
   25.5492582     0.19753097     0.22374211
   25.5592599     0.19131741     0.20732526
   25.5692615     0.19067581     0.19439007
   25.5792632     0.19504425     0.18574558
   25.5892649     0.20371450     0.18169533
   25.5992665     0.21612617     0.18246295
   25.6092682     0.23177418     0.18850849
   25.6192699     0.24980636     0.20041818
   25.6292715     0.26868853     0.21833320
   25.6392732     0.28635888     0.24126153
   25.6492749     0.30098512     0.26681682
   25.6592765     0.31196269     0.29175496
   25.6692782     0.32050112     0.31318643
   25.6792799     0.32928902     0.32983847
   25.6892815     0.34125255     0.34259294
   25.6992832     0.35799669     0.35388930
   25.7092849     0.37876199     0.36625319
   25.7192865     0.40047627     0.38075509
   25.7292882     0.41888162     0.39625846
   25.7392899     0.43013784     0.40985156
   25.7492915     0.43208989     0.41817618
   25.7592932     0.42464804     0.41889521
   25.7692949     0.40927604     0.41154106
   25.7792965     0.38805794     0.39741196
   25.7892982     0.36293362     0.37873870
   25.7992999     0.33543498     0.35768784
   25.8093016     0.30685284     0.33573256
   25.8193032     0.27851274     0.31359570
   25.8293049     0.25187433     0.29160433
   25.8393066     0.22839554     0.27012082
   25.8493082     0.20930249     0.24978660
   25.8593099     0.19543069     0.23151446
   25.8693116     0.18717718     0.21631981
   25.8793132     0.18447698     0.20510333
   25.8893149     0.18671853     0.19843252
   25.8993166     0.19263551     0.19632744
   25.9093182     0.20033267     0.19809385
   25.9193199     0.20759090     0.20231597
   25.9293216     0.21243655     0.20711894
   25.9393232     0.21376358     0.21069149
   25.9493249     0.21171129     0.21188827
   25.9593266     0.20759460     0.21063604
   25.9693282     0.20340371     0.20793084
   25.9793299     0.20109896     0.20540738
   25.9893316     0.20200409     0.20467308
   25.9993332     0.20651821     0.20670844
   26.0093349     0.21419849     0.21158959
   26.0193366     0.22412108     0.21862499
   26.0293382     0.23536210     0.22681097
   26.0393399     0.24743153     0.23538859
   26.0493416     0.26049575     0.24426526
   26.0593432     0.27525599     0.25412899
   26.0693449     0.29246282     0.26619278
   26.0793466     0.31224579     0.28163497
   26.0893482     0.33360682     0.30092820
   26.0993499     0.35441194     0.32333345
   26.1093516     0.37197095     0.34681523
   26.1193532     0.38395274     0.36847779
   26.1293549     0.38917043     0.38538110
   26.1393566     0.38783272     0.39539362
   26.1493582     0.38115966     0.39770190
   26.1593599     0.37062186     0.39276494
   26.1693616     0.35726666     0.38179459
   26.1793632     0.34152325     0.36610175
   26.1893649     0.32356626     0.34671124
   26.1993666     0.30395181     0.32446090
   26.2093682     0.28405608     0.30046179
   26.2193699     0.26597564     0.27652345
   26.2293716     0.25190945     0.25513871
   26.2393732     0.24338295     0.23890424
   26.2493749     0.24075853     0.22964301
   26.2593766     0.24326299     0.22772103
   26.2693782     0.24943793     0.23195299
   26.2793799     0.25772363     0.24014293
   26.2893816     0.26691754     0.24995431
   26.2993832     0.27640021     0.25967663
   26.3093849     0.28612851     0.26859407
   26.3193866     0.29641038     0.27691558
   26.3293882     0.30748816     0.28540658
   26.3393899     0.31905204     0.29489785
   26.3493916     0.32992811     0.30580492
   26.3593932     0.33818121     0.31776787
   26.3693949     0.34167219     0.32952845
   26.3793966     0.33882770     0.33913078
   26.3893982     0.32923384     0.34442057
   26.3993999     0.31376988     0.34367356
   26.4094016     0.29427120     0.33610947
   26.4194032     0.27295636     0.32210308
   26.4294049     0.25192604     0.30305373
   26.4394066     0.23293496     0.28102228
   26.4494082     0.21744940     0.25830990
   26.4594099     0.20684181     0.23711821
   26.4694116     0.20250915     0.21934147
   26.4794132     0.20574725     0.20646595
   26.4894149     0.21734334     0.19953068
   26.4994166     0.23700825     0.19912489
   26.5094182     0.26289556     0.20541100
   26.5194199     0.29149496     0.21813755
   26.5294216     0.31810852     0.23657546
   26.5394232     0.33791733     0.25934457
   26.5494249     0.34736725     0.28422266
   26.5594266     0.34536555     0.30816457
   26.5694282     0.33374545     0.32775694
   26.5794299     0.31671599     0.34011811
   26.5894316     0.29947570     0.34392516
   26.5994332     0.28656981     0.34004588
   26.6094349     0.28065866     0.33136150
   26.6194366     0.28210288     0.32176034
   26.6294382     0.28935677     0.31472761
   26.6394399     0.29985593     0.31217918
   26.6494416     0.31100699     0.31405656
   26.6594432     0.32097341     0.31880390
   26.6694449     0.32908708     0.32441302
   26.6794466     0.33584305     0.32948635
   26.6894482     0.34255235     0.33383968
   26.6994499     0.35081280     0.33847369
   26.7094516     0.36196348     0.34506707
   26.7194532     0.37661375     0.35528538
   26.7294549     0.39426765     0.37012494
   26.7394566     0.41309048     0.38937343
   26.7494582     0.42996419     0.41124449
   26.7594599     0.44100940     0.43234544
   26.7694616     0.44259001     0.44819369
   26.7794632     0.43251255     0.45433477
   26.7894649     0.41090644     0.44776271
   26.7994666     0.38033421     0.42805241
   26.8094682     0.34503692     0.39764230
   26.8194699     0.30965196     0.36108810
   26.8294716     0.27797352     0.32361074
   26.8394732     0.25223710     0.28957359
   26.8494749     0.23309351     0.26149095
   26.8594766     0.22010794     0.23986758
   26.8694782     0.21244228     0.22379698
   26.8794799     0.20938788     0.21196338
   26.8894816     0.21055255     0.20357186
   26.8994832     0.21568986     0.19878711
   26.9094849     0.22433196     0.19849161
   26.9194866     0.23548893     0.20351741
   26.9294882     0.24764750     0.21380652
   26.9394899     0.25912821     0.22802049
   26.9494916     0.26863231     0.24386567
   26.9594932     0.27567799     0.25896187
   26.9694949     0.28068711     0.27174466
   26.9794966     0.28469182     0.28188834
   26.9894982     0.28883593     0.29006255
   26.9994999     0.29392222     0.29725297
   27.0095016     0.30018972     0.30410186
   27.0195033     0.30736901     0.31063650
   27.0295049     0.31493756     0.31645774
   27.0395066     0.32242235     0.32117721
   27.0495083     0.32958368     0.32478746
   27.0595099     0.33637083     0.32774283
   27.0695116     0.34265812     0.33072001
   27.0795133     0.34790831     0.33419114
   27.0895149     0.35098994     0.33801380
   27.0995166     0.35033270     0.34122733
   27.1095183     0.34443518     0.34217775
   27.1195199     0.33252760     0.33898789
   27.1295216     0.31507224     0.33024861
   27.1395233     0.29384525     0.31567140
   27.1495249     0.27155580     0.29640423
   27.1595266     0.25118245     0.27483939
   27.1695283     0.23530444     0.25398910
   27.1795299     0.22564211     0.23671543
   27.1895316     0.22287319     0.22513027
   27.1995333     0.22666402     0.22032151
   27.2095349     0.23580469     0.22234801
   27.2195366     0.24836609     0.23033586
   27.2295383     0.26187631     0.24256425
   27.2395399     0.27359373     0.25657737
   27.2495416     0.28096816     0.26946507
   27.2595433     0.28228595     0.27841857
   27.2695449     0.27732506     0.28149720
   27.2795466     0.26771617     0.27835051
   27.2895483     0.25673473     0.27056090
   27.2995499     0.24845614     0.26137101
   27.3095516     0.24649497     0.25478886
   27.3195533     0.25276654     0.25431470
   27.3295549     0.26674377     0.26170683
   27.3395566     0.28551611     0.27624062
   27.3495583     0.30465693     0.29478997
   27.3595599     0.31959308     0.31277880
   27.3695616     0.32697241     0.32569235
   27.3795633     0.32553505     0.33056305
   27.3895649     0.31621640     0.32682527
   27.3995666     0.30154505     0.31621624
   27.4095683     0.28468079     0.30185224
   27.4195699     0.26852743     0.28697776
   27.4295716     0.25522561     0.27397162
   27.4395733     0.24608377     0.26397678
   27.4495749     0.24179092     0.25715859
   27.4595766     0.24267518     0.25330142
   27.4695783     0.24883130     0.25235925
   27.4795799     0.26007542     0.25468099
   27.4895816     0.27581638     0.26084261
   27.4995833     0.29499476     0.27122904
   27.5095849     0.31619418     0.28563294
   27.5195866     0.33789251     0.30311925
   27.5295883     0.35868440     0.32223798
   27.5395899     0.37729563     0.34143239
   27.5495916     0.39236940     0.35934496
   27.5595933     0.40222985     0.37479918
   27.5695949     0.40492424     0.38650548
   27.5795966     0.39870154     0.39280604
   27.5895983     0.38278266     0.39181042
   27.5995999     0.35803706     0.38202445
   27.6096016     0.32717412     0.36320775
   27.6196033     0.29428291     0.33697374
   27.6296049     0.26385884     0.30672994
   27.6396066     0.23966819     0.27688811
   27.6496083     0.22384120     0.25164339
   27.6596099     0.21647513     0.23381865
   27.6696116     0.21584218     0.22421159
   27.6796133     0.21910110     0.22163472
   27.6896149     0.22325330     0.22354837
   27.6996166     0.22601231     0.22698827
   27.7096183     0.22630747     0.22944426
   27.7196199     0.22431345     0.22943930
   27.7296216     0.22110404     0.22671887
   27.7396233     0.21814994     0.22210348
   27.7496249     0.21685361     0.21712138
   27.7596266     0.21819409     0.21352728
   27.7696283     0.22246564     0.21278027
   27.7796299     0.22911050     0.21555996
   27.7896316     0.23672461     0.22144686
   27.7996333     0.24334202     0.22891730
   27.8096349     0.24701334     0.23573995
   27.8196366     0.24652660     0.23970552
   27.8296383     0.24198946     0.23945148
   27.8396399     0.23499124     0.23506087
   27.8496416     0.22820607     0.22817361
   27.8596433     0.22452535     0.22152661
   27.8696449     0.22602515     0.21805889
   27.8796466     0.23318512     0.21989410
   27.8896483     0.24470637     0.22757839
   27.8996499     0.25802138     0.23987441
   27.9096516     0.27025472     0.25419935
   27.9196533     0.27916890     0.26752288
   27.9296549     0.28367276     0.27733712
   27.9396566     0.28376517     0.28229883
   27.9496583     0.28012721     0.28234444
   27.9596599     0.27371502     0.27836749
   27.9696616     0.26556241     0.27173726
   27.9796633     0.25673175     0.26391052
   27.9896649     0.24820622     0.25620353
   27.9996666     0.24061769     0.24962379
   28.0096683     0.23394057     0.24465464
   28.0196699     0.22741770     0.24103160
   28.0296716     0.21987772     0.23769283
   28.0396733     0.21033070     0.23306957
   28.0496749     0.19851518     0.22568576
   28.0596766     0.18508737     0.21480571
   28.0696783     0.17137492     0.20079711
   28.0796799     0.15888040     0.18503337
   28.0896816     0.14882808     0.16942883
   28.0996833     0.14195289     0.15588062
   28.1096849     0.13853468     0.14586728
   28.1196866     0.13853868     0.14028177
   28.1296883     0.14171558     0.13941613
   28.1396899     0.14761360     0.14298381
   28.1496916     0.15556325     0.15015204
   28.1596933     0.16473172     0.15964919
   28.1696949     0.17429317     0.17001151
   28.1796966     0.18367494     0.17993969
   28.1896983     0.19278235     0.18863892
   28.1996999     0.20210650     0.19601035
   28.2097016     0.21266370     0.20265024
   28.2197033     0.22576467     0.20970916
   28.2297050     0.24265050     0.21868023
   28.2397066     0.26406543     0.23112499
   28.2497083     0.28986583     0.24829935
   28.2597100     0.31877064     0.27068582
   28.2697116     0.34832477     0.29755034
   28.2797133     0.37509398     0.32671870
   28.2897150     0.39508237     0.35473154
   28.2997166     0.40437247     0.37740448
   28.3097183     0.39997454     0.39067708
   28.3197200     0.38076862     0.39154896
   28.3297216     0.34825211     0.37887935
   28.3397233     0.30670824     0.35384194
   28.3497250     0.26253107     0.31987579
   28.3597266     0.22278516     0.28207557
   28.3697283     0.19346142     0.24612752
   28.3797300     0.17807764     0.21707499
   28.3897316     0.17713924     0.19829941
   28.3997333     0.18858924     0.19105065
   28.4097350     0.20893857     0.19464488
   28.4197366     0.23449325     0.20715385
   28.4297383     0.26211739     0.22618947
   28.4397400     0.28928600     0.24937971
   28.4497416     0.31363148     0.27436690
   28.4597433     0.33251392     0.29851082
   28.4697450     0.34312740     0.31872075
   28.4797466     0.34327763     0.33178872
   28.4897483     0.33246902     0.33525875
   28.4997500     0.31265814     0.32845786
   28.5097516     0.28815487     0.31311503
   28.5197533     0.26458225     0.29314655
   28.5297550     0.24725910     0.27359025
   28.5397566     0.23960623     0.25907610
   28.5497583     0.24214589     0.25241341
   28.5597600     0.25245053     0.25380511
   28.5697616     0.26609410     0.26095559
   28.5797633     0.27831216     0.27003409
   28.5897650     0.28575956     0.27716764
   28.5997666     0.28762128     0.27992411
   28.6097683     0.28554720     0.27819103
   28.6197700     0.28243466     0.27404297
   28.6297716     0.28070639     0.27061032
   28.6397733     0.28103094     0.27045341
   28.6497750     0.28218034     0.27423963
   28.6597766     0.28204578     0.28040960
   28.6697783     0.27915781     0.28601653
   28.6797800     0.27380150     0.28829539
   28.6897816     0.26810530     0.28613202
   28.6997833     0.26509359     0.28067960
   28.7097850     0.26723933     0.27484558
   28.7197866     0.27525101     0.27194957
   28.7297883     0.28764032     0.27421545
   28.7397900     0.30121060     0.28176952
   28.7497916     0.31220489     0.29253870
   28.7597933     0.31761926     0.30305037
   28.7697950     0.31617958     0.30978735
   28.7797966     0.30866461     0.31055180
   28.7897983     0.29753789     0.30529877
   28.7998000     0.28610239     0.29611914
   28.8098016     0.27752021     0.28640625
   28.8198033     0.27401666     0.27957888
   28.8298050     0.27645917     0.27789675
   28.8398066     0.28434786     0.28182386
   28.8498083     0.29614160     0.29012893
   28.8598100     0.30978677     0.30060042
   28.8698116     0.32329005     0.31102768
   28.8798133     0.33516258     0.32002665
   28.8898150     0.34458081     0.32737150
   28.8998166     0.35120786     0.33370282
   28.9098183     0.35479982     0.33976356
   28.9198200     0.35489155     0.34556778
   28.9298216     0.35086711     0.35000125
   28.9398233     0.34249715     0.35118350
   28.9498250     0.33067474     0.34751806
   28.9598266     0.31784498     0.33891950
   28.9698283     0.30770407     0.32750993
   28.9798300     0.30412706     0.31728543
   28.9898316     0.30973608     0.31277692
   28.9998333     0.32475286     0.31727046
   29.0098350     0.34665635     0.33139115
   29.0198366     0.37078153     0.35266968
   29.0298383     0.39158869     0.37623123
   29.0398400     0.40411075     0.39625666
   29.0498416     0.40511673     0.40761123
   29.0598433     0.39372792     0.40709503
   29.0698450     0.37144614     0.39403505
   29.0798466     0.34169833     0.37022356
   29.0898483     0.30905427     0.33936978
   29.0998500     0.27828350     0.30625464
   29.1098516     0.25343178     0.27574586
   29.1198533     0.23711252     0.25182953
   29.1298550     0.23018011     0.23685624
   29.1398566     0.23184723     0.23121253
   29.1498583     0.24015101     0.23353219
   29.1598600     0.25254644     0.24136092
   29.1698616     0.26639059     0.25198692
   29.1798633     0.27919958     0.26308568
   29.1898650     0.28874279     0.27296053
   29.1998666     0.29316712     0.28041914
   29.2098683     0.29131594     0.28454634
   29.2198700     0.28321757     0.28467133
   29.2298716     0.27048080     0.28064757
   29.2398733     0.25622950     0.27327618
   29.2498750     0.24435815     0.26450043
   29.2598766     0.23825298     0.25704096
   29.2698783     0.23949363     0.25344958
   29.2798800     0.24717530     0.25496792
   29.2898816     0.25825069     0.26081500
   29.2998833     0.26878596     0.26839062
   29.3098850     0.27554112     0.27439608
   29.3198866     0.27711265     0.27632219
   29.3298883     0.27412990     0.27350381
   29.3398900     0.26852657     0.26718501
   29.3498916     0.26239167     0.25963665
   29.3598933     0.25705726     0.25292328
   29.3698950     0.25284257     0.24805981
   29.3798966     0.24943966     0.24496216
   29.3898983     0.24657672     0.24304995
   29.3999000     0.24451342     0.24198885
   29.4099017     0.24408990     0.24207720
   29.4199033     0.24632481     0.24409512
   29.4299050     0.25178752     0.24878414
   29.4399067     0.26007322     0.25629637
   29.4499083     0.26966122     0.26590430
   29.4599100     0.27825776     0.27608375
   29.4699117     0.28348983     0.28489334
   29.4799133     0.28364858     0.29046030
   29.4899150     0.27817963     0.29138592
   29.4999167     0.26777856     0.28698707
   29.5099183     0.25414850     0.27740764
   29.5199200     0.23957718     0.26366590
   29.5299217     0.22645914     0.24762375
   29.5399233     0.21681398     0.23176692
   29.5499250     0.21184162     0.21870185
   29.5599267     0.21161919     0.21044113
   29.5699283     0.21508703     0.20774822
   29.5799300     0.22039973     0.20987227
   29.5899317     0.22554680     0.21484811
   29.5999333     0.22899700     0.22025432
   29.6099350     0.23010397     0.22409434
   29.6199367     0.22913869     0.22542540
   29.6299383     0.22699525     0.22450900
   29.6399400     0.22474093     0.22248706
   29.6499417     0.22320768     0.22077490
   29.6599433     0.22277007     0.22044110
   29.6699450     0.22337113     0.22181535
   29.6799467     0.22477322     0.22446476
   29.6899483     0.22693571     0.22754403
   29.6999500     0.23036140     0.23038673
   29.7099517     0.23622400     0.23309832
   29.7199533     0.24612495     0.23686990
   29.7299550     0.26146370     0.24379120
   29.7399567     0.28262010     0.25611569
   29.7499583     0.30833176     0.27518712
   29.7599600     0.33565425     0.30046867
   29.7699617     0.36065083     0.32917543
   29.7799633     0.37958257     0.35680886
   29.7899650     0.39008768     0.37848580
   29.7999667     0.39183186     0.39055300
   29.8099683     0.38637881     0.39180852
   29.8199700     0.37640446     0.38381482
   29.8299717     0.36465707     0.37019725
   29.8399733     0.35312521     0.35526455
   29.8499750     0.34271873     0.34255381
   29.8599767     0.33348976     0.33388158
   29.8699783     0.32516524     0.32920565
   29.8799800     0.31765058     0.32721661
   29.8899817     0.31123670     0.32627201
   29.8999833     0.30643817     0.32519249
   29.9099850     0.30359535     0.32358022
   29.9199867     0.30249068     0.32160314
   29.9299883     0.30222180     0.31947144
   29.9399900     0.30145250     0.31697964
   29.9499917     0.29897412     0.31342967
   29.9599933     0.29433284     0.30801336
   29.9699950     0.28820326     0.30044389
   29.9799967     0.28227650     0.29145029
   29.9899983     0.27865513     0.28279812
   30.0000000     0.27899796     0.27674988
