#
#   partial DOS for atom species: Ga
#
#   Add data for atom_index =        1,  n,l,m,z=  4  0  0  1
#   Add data for atom_index =        1,  n,l,m,z=  4  0  0  2
#   Add data for atom_index =        1,  n,l,m,z=  4  1 -1  1
#   Add data for atom_index =        1,  n,l,m,z=  4  1  0  1
#   Add data for atom_index =        1,  n,l,m,z=  4  1  1  1
#   Add data for atom_index =        1,  n,l,m,z=  4  1 -1  2
#   Add data for atom_index =        1,  n,l,m,z=  4  1  0  2
#   Add data for atom_index =        1,  n,l,m,z=  4  1  1  2
#   Add data for atom_index =        1,  n,l,m,z=  3  2 -2  1
#   Add data for atom_index =        1,  n,l,m,z=  3  2 -1  1
#   Add data for atom_index =        1,  n,l,m,z=  3  2  0  1
#   Add data for atom_index =        1,  n,l,m,z=  3  2  1  1
#   Add data for atom_index =        1,  n,l,m,z=  3  2  2  1
#   Add data for atom_index =        1,  n,l,m,z=  4  2 -2  1
#   Add data for atom_index =        1,  n,l,m,z=  4  2 -1  1
#   Add data for atom_index =        1,  n,l,m,z=  4  2  0  1
#   Add data for atom_index =        1,  n,l,m,z=  4  2  1  1
#   Add data for atom_index =        1,  n,l,m,z=  4  2  2  1
#   Add data for atom_index =        2,  n,l,m,z=  4  0  0  1
#   Add data for atom_index =        2,  n,l,m,z=  4  0  0  2
#   Add data for atom_index =        2,  n,l,m,z=  4  1 -1  1
#   Add data for atom_index =        2,  n,l,m,z=  4  1  0  1
#   Add data for atom_index =        2,  n,l,m,z=  4  1  1  1
#   Add data for atom_index =        2,  n,l,m,z=  4  1 -1  2
#   Add data for atom_index =        2,  n,l,m,z=  4  1  0  2
#   Add data for atom_index =        2,  n,l,m,z=  4  1  1  2
#   Add data for atom_index =        2,  n,l,m,z=  3  2 -2  1
#   Add data for atom_index =        2,  n,l,m,z=  3  2 -1  1
#   Add data for atom_index =        2,  n,l,m,z=  3  2  0  1
#   Add data for atom_index =        2,  n,l,m,z=  3  2  1  1
#   Add data for atom_index =        2,  n,l,m,z=  3  2  2  1
#   Add data for atom_index =        2,  n,l,m,z=  4  2 -2  1
#   Add data for atom_index =        2,  n,l,m,z=  4  2 -1  1
#   Add data for atom_index =        2,  n,l,m,z=  4  2  0  1
#   Add data for atom_index =        2,  n,l,m,z=  4  2  1  1
#   Add data for atom_index =        2,  n,l,m,z=  4  2  2  1
#
#    Energy          spin 1        spin2
#
  -30.0000000     0.00000000     0.00000000
  -29.9899983     0.00000000     0.00000000
  -29.9799967     0.00000000     0.00000000
  -29.9699950     0.00000000     0.00000000
  -29.9599933     0.00000000     0.00000000
  -29.9499917     0.00000000     0.00000000
  -29.9399900     0.00000000     0.00000000
  -29.9299883     0.00000000     0.00000000
  -29.9199867     0.00000000     0.00000000
  -29.9099850     0.00000000     0.00000000
  -29.8999833     0.00000000     0.00000000
  -29.8899817     0.00000000     0.00000000
  -29.8799800     0.00000000     0.00000000
  -29.8699783     0.00000000     0.00000000
  -29.8599767     0.00000000     0.00000000
  -29.8499750     0.00000000     0.00000000
  -29.8399733     0.00000000     0.00000000
  -29.8299717     0.00000000     0.00000000
  -29.8199700     0.00000000     0.00000000
  -29.8099683     0.00000000     0.00000000
  -29.7999667     0.00000000     0.00000000
  -29.7899650     0.00000000     0.00000000
  -29.7799633     0.00000000     0.00000000
  -29.7699617     0.00000000     0.00000000
  -29.7599600     0.00000000     0.00000000
  -29.7499583     0.00000000     0.00000000
  -29.7399567     0.00000000     0.00000000
  -29.7299550     0.00000000     0.00000000
  -29.7199533     0.00000000     0.00000000
  -29.7099517     0.00000000     0.00000000
  -29.6999500     0.00000000     0.00000000
  -29.6899483     0.00000000     0.00000000
  -29.6799467     0.00000000     0.00000000
  -29.6699450     0.00000000     0.00000000
  -29.6599433     0.00000000     0.00000000
  -29.6499417     0.00000000     0.00000000
  -29.6399400     0.00000000     0.00000000
  -29.6299383     0.00000000     0.00000000
  -29.6199367     0.00000000     0.00000000
  -29.6099350     0.00000000     0.00000000
  -29.5999333     0.00000000     0.00000000
  -29.5899317     0.00000000     0.00000000
  -29.5799300     0.00000000     0.00000000
  -29.5699283     0.00000000     0.00000000
  -29.5599267     0.00000000     0.00000000
  -29.5499250     0.00000000     0.00000000
  -29.5399233     0.00000000     0.00000000
  -29.5299217     0.00000000     0.00000000
  -29.5199200     0.00000000     0.00000000
  -29.5099183     0.00000000     0.00000000
  -29.4999167     0.00000000     0.00000000
  -29.4899150     0.00000000     0.00000000
  -29.4799133     0.00000000     0.00000000
  -29.4699117     0.00000000     0.00000000
  -29.4599100     0.00000000     0.00000000
  -29.4499083     0.00000000     0.00000000
  -29.4399067     0.00000000     0.00000000
  -29.4299050     0.00000000     0.00000000
  -29.4199033     0.00000000     0.00000000
  -29.4099017     0.00000000     0.00000000
  -29.3999000     0.00000000     0.00000000
  -29.3898983     0.00000000     0.00000000
  -29.3798966     0.00000000     0.00000000
  -29.3698950     0.00000000     0.00000000
  -29.3598933     0.00000000     0.00000000
  -29.3498916     0.00000000     0.00000000
  -29.3398900     0.00000000     0.00000000
  -29.3298883     0.00000000     0.00000000
  -29.3198866     0.00000000     0.00000000
  -29.3098850     0.00000000     0.00000000
  -29.2998833     0.00000000     0.00000000
  -29.2898816     0.00000000     0.00000000
  -29.2798800     0.00000000     0.00000000
  -29.2698783     0.00000000     0.00000000
  -29.2598766     0.00000000     0.00000000
  -29.2498750     0.00000000     0.00000000
  -29.2398733     0.00000000     0.00000000
  -29.2298716     0.00000000     0.00000000
  -29.2198700     0.00000000     0.00000000
  -29.2098683     0.00000000     0.00000000
  -29.1998666     0.00000000     0.00000000
  -29.1898650     0.00000000     0.00000000
  -29.1798633     0.00000000     0.00000000
  -29.1698616     0.00000000     0.00000000
  -29.1598600     0.00000000     0.00000000
  -29.1498583     0.00000000     0.00000000
  -29.1398566     0.00000000     0.00000000
  -29.1298550     0.00000000     0.00000000
  -29.1198533     0.00000000     0.00000000
  -29.1098516     0.00000000     0.00000000
  -29.0998500     0.00000000     0.00000000
  -29.0898483     0.00000000     0.00000000
  -29.0798466     0.00000000     0.00000000
  -29.0698450     0.00000000     0.00000000
  -29.0598433     0.00000000     0.00000000
  -29.0498416     0.00000000     0.00000000
  -29.0398400     0.00000000     0.00000000
  -29.0298383     0.00000000     0.00000000
  -29.0198366     0.00000000     0.00000000
  -29.0098350     0.00000000     0.00000000
  -28.9998333     0.00000000     0.00000000
  -28.9898316     0.00000000     0.00000000
  -28.9798300     0.00000000     0.00000000
  -28.9698283     0.00000000     0.00000000
  -28.9598266     0.00000000     0.00000000
  -28.9498250     0.00000000     0.00000000
  -28.9398233     0.00000000     0.00000000
  -28.9298216     0.00000000     0.00000000
  -28.9198200     0.00000000     0.00000000
  -28.9098183     0.00000000     0.00000000
  -28.8998166     0.00000000     0.00000000
  -28.8898150     0.00000000     0.00000000
  -28.8798133     0.00000000     0.00000000
  -28.8698116     0.00000000     0.00000000
  -28.8598100     0.00000000     0.00000000
  -28.8498083     0.00000000     0.00000000
  -28.8398066     0.00000000     0.00000000
  -28.8298050     0.00000000     0.00000000
  -28.8198033     0.00000000     0.00000000
  -28.8098016     0.00000000     0.00000000
  -28.7998000     0.00000000     0.00000000
  -28.7897983     0.00000000     0.00000000
  -28.7797966     0.00000000     0.00000000
  -28.7697950     0.00000000     0.00000000
  -28.7597933     0.00000000     0.00000000
  -28.7497916     0.00000000     0.00000000
  -28.7397900     0.00000000     0.00000000
  -28.7297883     0.00000000     0.00000000
  -28.7197866     0.00000000     0.00000000
  -28.7097850     0.00000000     0.00000000
  -28.6997833     0.00000000     0.00000000
  -28.6897816     0.00000000     0.00000000
  -28.6797800     0.00000000     0.00000000
  -28.6697783     0.00000000     0.00000000
  -28.6597766     0.00000000     0.00000000
  -28.6497750     0.00000000     0.00000000
  -28.6397733     0.00000000     0.00000000
  -28.6297716     0.00000000     0.00000000
  -28.6197700     0.00000000     0.00000000
  -28.6097683     0.00000000     0.00000000
  -28.5997666     0.00000000     0.00000000
  -28.5897650     0.00000000     0.00000000
  -28.5797633     0.00000000     0.00000000
  -28.5697616     0.00000000     0.00000000
  -28.5597600     0.00000000     0.00000000
  -28.5497583     0.00000000     0.00000000
  -28.5397566     0.00000000     0.00000000
  -28.5297550     0.00000000     0.00000000
  -28.5197533     0.00000000     0.00000000
  -28.5097516     0.00000000     0.00000000
  -28.4997500     0.00000000     0.00000000
  -28.4897483     0.00000000     0.00000000
  -28.4797466     0.00000000     0.00000000
  -28.4697450     0.00000000     0.00000000
  -28.4597433     0.00000000     0.00000000
  -28.4497416     0.00000000     0.00000000
  -28.4397400     0.00000000     0.00000000
  -28.4297383     0.00000000     0.00000000
  -28.4197366     0.00000000     0.00000000
  -28.4097350     0.00000000     0.00000000
  -28.3997333     0.00000000     0.00000000
  -28.3897316     0.00000000     0.00000000
  -28.3797300     0.00000000     0.00000000
  -28.3697283     0.00000000     0.00000000
  -28.3597266     0.00000000     0.00000000
  -28.3497250     0.00000000     0.00000000
  -28.3397233     0.00000000     0.00000000
  -28.3297216     0.00000000     0.00000000
  -28.3197200     0.00000000     0.00000000
  -28.3097183     0.00000000     0.00000000
  -28.2997166     0.00000000     0.00000000
  -28.2897150     0.00000000     0.00000000
  -28.2797133     0.00000000     0.00000000
  -28.2697116     0.00000000     0.00000000
  -28.2597100     0.00000000     0.00000000
  -28.2497083     0.00000000     0.00000000
  -28.2397066     0.00000000     0.00000000
  -28.2297050     0.00000000     0.00000000
  -28.2197033     0.00000000     0.00000000
  -28.2097016     0.00000000     0.00000000
  -28.1996999     0.00000000     0.00000000
  -28.1896983     0.00000000     0.00000000
  -28.1796966     0.00000000     0.00000000
  -28.1696949     0.00000000     0.00000000
  -28.1596933     0.00000000     0.00000000
  -28.1496916     0.00000000     0.00000000
  -28.1396899     0.00000000     0.00000000
  -28.1296883     0.00000000     0.00000000
  -28.1196866     0.00000000     0.00000000
  -28.1096849     0.00000000     0.00000000
  -28.0996833     0.00000000     0.00000000
  -28.0896816     0.00000000     0.00000000
  -28.0796799     0.00000000     0.00000000
  -28.0696783     0.00000000     0.00000000
  -28.0596766     0.00000000     0.00000000
  -28.0496749     0.00000000     0.00000000
  -28.0396733     0.00000000     0.00000000
  -28.0296716     0.00000000     0.00000000
  -28.0196699     0.00000000     0.00000000
  -28.0096683     0.00000000     0.00000000
  -27.9996666     0.00000000     0.00000000
  -27.9896649     0.00000000     0.00000000
  -27.9796633     0.00000000     0.00000000
  -27.9696616     0.00000000     0.00000000
  -27.9596599     0.00000000     0.00000000
  -27.9496583     0.00000000     0.00000000
  -27.9396566     0.00000000     0.00000000
  -27.9296549     0.00000000     0.00000000
  -27.9196533     0.00000000     0.00000000
  -27.9096516     0.00000000     0.00000000
  -27.8996499     0.00000000     0.00000000
  -27.8896483     0.00000000     0.00000000
  -27.8796466     0.00000000     0.00000000
  -27.8696449     0.00000000     0.00000000
  -27.8596433     0.00000000     0.00000000
  -27.8496416     0.00000000     0.00000000
  -27.8396399     0.00000000     0.00000000
  -27.8296383     0.00000000     0.00000000
  -27.8196366     0.00000000     0.00000000
  -27.8096349     0.00000000     0.00000000
  -27.7996333     0.00000000     0.00000000
  -27.7896316     0.00000000     0.00000000
  -27.7796299     0.00000000     0.00000000
  -27.7696283     0.00000000     0.00000000
  -27.7596266     0.00000000     0.00000000
  -27.7496249     0.00000000     0.00000000
  -27.7396233     0.00000000     0.00000000
  -27.7296216     0.00000000     0.00000000
  -27.7196199     0.00000000     0.00000000
  -27.7096183     0.00000000     0.00000000
  -27.6996166     0.00000000     0.00000000
  -27.6896149     0.00000000     0.00000000
  -27.6796133     0.00000000     0.00000000
  -27.6696116     0.00000000     0.00000000
  -27.6596099     0.00000000     0.00000000
  -27.6496083     0.00000000     0.00000000
  -27.6396066     0.00000000     0.00000000
  -27.6296049     0.00000000     0.00000000
  -27.6196033     0.00000000     0.00000000
  -27.6096016     0.00000000     0.00000000
  -27.5995999     0.00000000     0.00000000
  -27.5895983     0.00000000     0.00000000
  -27.5795966     0.00000000     0.00000000
  -27.5695949     0.00000000     0.00000000
  -27.5595933     0.00000000     0.00000000
  -27.5495916     0.00000000     0.00000000
  -27.5395899     0.00000000     0.00000000
  -27.5295883     0.00000000     0.00000000
  -27.5195866     0.00000000     0.00000000
  -27.5095849     0.00000000     0.00000000
  -27.4995833     0.00000000     0.00000000
  -27.4895816     0.00000000     0.00000000
  -27.4795799     0.00000000     0.00000000
  -27.4695783     0.00000000     0.00000000
  -27.4595766     0.00000000     0.00000000
  -27.4495749     0.00000000     0.00000000
  -27.4395733     0.00000000     0.00000000
  -27.4295716     0.00000000     0.00000000
  -27.4195699     0.00000000     0.00000000
  -27.4095683     0.00000000     0.00000000
  -27.3995666     0.00000000     0.00000000
  -27.3895649     0.00000000     0.00000000
  -27.3795633     0.00000000     0.00000000
  -27.3695616     0.00000000     0.00000000
  -27.3595599     0.00000000     0.00000000
  -27.3495583     0.00000000     0.00000000
  -27.3395566     0.00000000     0.00000000
  -27.3295549     0.00000000     0.00000000
  -27.3195533     0.00000000     0.00000000
  -27.3095516     0.00000000     0.00000000
  -27.2995499     0.00000000     0.00000000
  -27.2895483     0.00000000     0.00000000
  -27.2795466     0.00000000     0.00000000
  -27.2695449     0.00000000     0.00000000
  -27.2595433     0.00000000     0.00000000
  -27.2495416     0.00000000     0.00000000
  -27.2395399     0.00000000     0.00000000
  -27.2295383     0.00000000     0.00000000
  -27.2195366     0.00000000     0.00000000
  -27.2095349     0.00000000     0.00000000
  -27.1995333     0.00000000     0.00000000
  -27.1895316     0.00000000     0.00000000
  -27.1795299     0.00000000     0.00000000
  -27.1695283     0.00000000     0.00000000
  -27.1595266     0.00000000     0.00000000
  -27.1495249     0.00000000     0.00000000
  -27.1395233     0.00000000     0.00000000
  -27.1295216     0.00000000     0.00000000
  -27.1195199     0.00000000     0.00000000
  -27.1095183     0.00000000     0.00000000
  -27.0995166     0.00000000     0.00000000
  -27.0895149     0.00000000     0.00000000
  -27.0795133     0.00000000     0.00000000
  -27.0695116     0.00000000     0.00000000
  -27.0595099     0.00000000     0.00000000
  -27.0495083     0.00000000     0.00000000
  -27.0395066     0.00000000     0.00000000
  -27.0295049     0.00000000     0.00000000
  -27.0195033     0.00000000     0.00000000
  -27.0095016     0.00000000     0.00000000
  -26.9994999     0.00000000     0.00000000
  -26.9894982     0.00000000     0.00000000
  -26.9794966     0.00000000     0.00000000
  -26.9694949     0.00000000     0.00000000
  -26.9594932     0.00000000     0.00000000
  -26.9494916     0.00000000     0.00000000
  -26.9394899     0.00000000     0.00000000
  -26.9294882     0.00000000     0.00000000
  -26.9194866     0.00000000     0.00000000
  -26.9094849     0.00000000     0.00000000
  -26.8994832     0.00000000     0.00000000
  -26.8894816     0.00000000     0.00000000
  -26.8794799     0.00000000     0.00000000
  -26.8694782     0.00000000     0.00000000
  -26.8594766     0.00000000     0.00000000
  -26.8494749     0.00000000     0.00000000
  -26.8394732     0.00000000     0.00000000
  -26.8294716     0.00000000     0.00000000
  -26.8194699     0.00000000     0.00000000
  -26.8094682     0.00000000     0.00000000
  -26.7994666     0.00000000     0.00000000
  -26.7894649     0.00000000     0.00000000
  -26.7794632     0.00000000     0.00000000
  -26.7694616     0.00000000     0.00000000
  -26.7594599     0.00000000     0.00000000
  -26.7494582     0.00000000     0.00000000
  -26.7394566     0.00000000     0.00000000
  -26.7294549     0.00000000     0.00000000
  -26.7194532     0.00000000     0.00000000
  -26.7094516     0.00000000     0.00000000
  -26.6994499     0.00000000     0.00000000
  -26.6894482     0.00000000     0.00000000
  -26.6794466     0.00000000     0.00000000
  -26.6694449     0.00000000     0.00000000
  -26.6594432     0.00000000     0.00000000
  -26.6494416     0.00000000     0.00000000
  -26.6394399     0.00000000     0.00000000
  -26.6294382     0.00000000     0.00000000
  -26.6194366     0.00000000     0.00000000
  -26.6094349     0.00000000     0.00000000
  -26.5994332     0.00000000     0.00000000
  -26.5894316     0.00000000     0.00000000
  -26.5794299     0.00000000     0.00000000
  -26.5694282     0.00000000     0.00000000
  -26.5594266     0.00000000     0.00000000
  -26.5494249     0.00000000     0.00000000
  -26.5394232     0.00000000     0.00000000
  -26.5294216     0.00000000     0.00000000
  -26.5194199     0.00000000     0.00000000
  -26.5094182     0.00000000     0.00000000
  -26.4994166     0.00000000     0.00000000
  -26.4894149     0.00000000     0.00000000
  -26.4794132     0.00000000     0.00000000
  -26.4694116     0.00000000     0.00000000
  -26.4594099     0.00000000     0.00000000
  -26.4494082     0.00000000     0.00000000
  -26.4394066     0.00000000     0.00000000
  -26.4294049     0.00000000     0.00000000
  -26.4194032     0.00000000     0.00000000
  -26.4094016     0.00000000     0.00000000
  -26.3993999     0.00000000     0.00000000
  -26.3893982     0.00000000     0.00000000
  -26.3793966     0.00000000     0.00000000
  -26.3693949     0.00000000     0.00000000
  -26.3593932     0.00000000     0.00000000
  -26.3493916     0.00000000     0.00000000
  -26.3393899     0.00000000     0.00000000
  -26.3293882     0.00000000     0.00000000
  -26.3193866     0.00000000     0.00000000
  -26.3093849     0.00000000     0.00000000
  -26.2993832     0.00000000     0.00000000
  -26.2893816     0.00000000     0.00000000
  -26.2793799     0.00000000     0.00000000
  -26.2693782     0.00000000     0.00000000
  -26.2593766     0.00000000     0.00000000
  -26.2493749     0.00000000     0.00000000
  -26.2393732     0.00000000     0.00000000
  -26.2293716     0.00000000     0.00000000
  -26.2193699     0.00000000     0.00000000
  -26.2093682     0.00000000     0.00000000
  -26.1993666     0.00000000     0.00000000
  -26.1893649     0.00000000     0.00000000
  -26.1793632     0.00000000     0.00000000
  -26.1693616     0.00000000     0.00000000
  -26.1593599     0.00000000     0.00000000
  -26.1493582     0.00000000     0.00000000
  -26.1393566     0.00000000     0.00000000
  -26.1293549     0.00000000     0.00000000
  -26.1193532     0.00000000     0.00000000
  -26.1093516     0.00000000     0.00000000
  -26.0993499     0.00000000     0.00000000
  -26.0893482     0.00000000     0.00000000
  -26.0793466     0.00000000     0.00000000
  -26.0693449     0.00000000     0.00000000
  -26.0593432     0.00000000     0.00000000
  -26.0493416     0.00000000     0.00000000
  -26.0393399     0.00000000     0.00000000
  -26.0293382     0.00000000     0.00000000
  -26.0193366     0.00000000     0.00000000
  -26.0093349     0.00000000     0.00000000
  -25.9993332     0.00000000     0.00000000
  -25.9893316     0.00000000     0.00000000
  -25.9793299     0.00000000     0.00000000
  -25.9693282     0.00000000     0.00000000
  -25.9593266     0.00000000     0.00000000
  -25.9493249     0.00000000     0.00000000
  -25.9393232     0.00000000     0.00000000
  -25.9293216     0.00000000     0.00000000
  -25.9193199     0.00000000     0.00000000
  -25.9093182     0.00000000     0.00000000
  -25.8993166     0.00000000     0.00000000
  -25.8893149     0.00000000     0.00000000
  -25.8793132     0.00000000     0.00000000
  -25.8693116     0.00000000     0.00000000
  -25.8593099     0.00000000     0.00000000
  -25.8493082     0.00000000     0.00000000
  -25.8393066     0.00000000     0.00000000
  -25.8293049     0.00000000     0.00000000
  -25.8193032     0.00000000     0.00000000
  -25.8093016     0.00000000     0.00000000
  -25.7992999     0.00000000     0.00000000
  -25.7892982     0.00000000     0.00000000
  -25.7792965     0.00000000     0.00000000
  -25.7692949     0.00000000     0.00000000
  -25.7592932     0.00000000     0.00000000
  -25.7492915     0.00000000     0.00000000
  -25.7392899     0.00000000     0.00000000
  -25.7292882     0.00000000     0.00000000
  -25.7192865     0.00000000     0.00000000
  -25.7092849     0.00000000     0.00000000
  -25.6992832     0.00000000     0.00000000
  -25.6892815     0.00000000     0.00000000
  -25.6792799     0.00000000     0.00000000
  -25.6692782     0.00000000     0.00000000
  -25.6592765     0.00000000     0.00000000
  -25.6492749     0.00000000     0.00000000
  -25.6392732     0.00000000     0.00000000
  -25.6292715     0.00000000     0.00000000
  -25.6192699     0.00000000     0.00000000
  -25.6092682     0.00000000     0.00000000
  -25.5992665     0.00000000     0.00000000
  -25.5892649     0.00000000     0.00000000
  -25.5792632     0.00000000     0.00000000
  -25.5692615     0.00000000     0.00000000
  -25.5592599     0.00000000     0.00000000
  -25.5492582     0.00000000     0.00000000
  -25.5392565     0.00000000     0.00000000
  -25.5292549     0.00000000     0.00000000
  -25.5192532     0.00000000     0.00000000
  -25.5092515     0.00000000     0.00000000
  -25.4992499     0.00000000     0.00000000
  -25.4892482     0.00000000     0.00000000
  -25.4792465     0.00000000     0.00000000
  -25.4692449     0.00000000     0.00000000
  -25.4592432     0.00000000     0.00000000
  -25.4492415     0.00000000     0.00000000
  -25.4392399     0.00000000     0.00000000
  -25.4292382     0.00000000     0.00000000
  -25.4192365     0.00000000     0.00000000
  -25.4092349     0.00000000     0.00000000
  -25.3992332     0.00000000     0.00000000
  -25.3892315     0.00000000     0.00000000
  -25.3792299     0.00000000     0.00000000
  -25.3692282     0.00000000     0.00000000
  -25.3592265     0.00000000     0.00000000
  -25.3492249     0.00000000     0.00000000
  -25.3392232     0.00000000     0.00000000
  -25.3292215     0.00000000     0.00000000
  -25.3192199     0.00000000     0.00000000
  -25.3092182     0.00000000     0.00000000
  -25.2992165     0.00000000     0.00000000
  -25.2892149     0.00000000     0.00000000
  -25.2792132     0.00000000     0.00000000
  -25.2692115     0.00000000     0.00000000
  -25.2592099     0.00000000     0.00000000
  -25.2492082     0.00000000     0.00000000
  -25.2392065     0.00000000     0.00000000
  -25.2292049     0.00000000     0.00000000
  -25.2192032     0.00000000     0.00000000
  -25.2092015     0.00000000     0.00000000
  -25.1991999     0.00000000     0.00000000
  -25.1891982     0.00000000     0.00000000
  -25.1791965     0.00000000     0.00000000
  -25.1691949     0.00000000     0.00000000
  -25.1591932     0.00000000     0.00000000
  -25.1491915     0.00000000     0.00000000
  -25.1391899     0.00000000     0.00000000
  -25.1291882     0.00000000     0.00000000
  -25.1191865     0.00000000     0.00000000
  -25.1091849     0.00000000     0.00000000
  -25.0991832     0.00000000     0.00000000
  -25.0891815     0.00000000     0.00000000
  -25.0791799     0.00000000     0.00000000
  -25.0691782     0.00000000     0.00000000
  -25.0591765     0.00000000     0.00000000
  -25.0491749     0.00000000     0.00000000
  -25.0391732     0.00000000     0.00000000
  -25.0291715     0.00000000     0.00000000
  -25.0191699     0.00000000     0.00000000
  -25.0091682     0.00000000     0.00000000
  -24.9991665     0.00000000     0.00000000
  -24.9891649     0.00000000     0.00000000
  -24.9791632     0.00000000     0.00000000
  -24.9691615     0.00000000     0.00000000
  -24.9591599     0.00000000     0.00000000
  -24.9491582     0.00000000     0.00000000
  -24.9391565     0.00000000     0.00000000
  -24.9291549     0.00000000     0.00000000
  -24.9191532     0.00000000     0.00000000
  -24.9091515     0.00000000     0.00000000
  -24.8991499     0.00000000     0.00000000
  -24.8891482     0.00000000     0.00000000
  -24.8791465     0.00000000     0.00000000
  -24.8691449     0.00000000     0.00000000
  -24.8591432     0.00000000     0.00000000
  -24.8491415     0.00000000     0.00000000
  -24.8391399     0.00000000     0.00000000
  -24.8291382     0.00000000     0.00000000
  -24.8191365     0.00000000     0.00000000
  -24.8091349     0.00000000     0.00000000
  -24.7991332     0.00000000     0.00000000
  -24.7891315     0.00000000     0.00000000
  -24.7791299     0.00000000     0.00000000
  -24.7691282     0.00000000     0.00000000
  -24.7591265     0.00000000     0.00000000
  -24.7491249     0.00000000     0.00000000
  -24.7391232     0.00000000     0.00000000
  -24.7291215     0.00000000     0.00000000
  -24.7191199     0.00000000     0.00000000
  -24.7091182     0.00000000     0.00000000
  -24.6991165     0.00000000     0.00000000
  -24.6891149     0.00000000     0.00000000
  -24.6791132     0.00000000     0.00000000
  -24.6691115     0.00000000     0.00000000
  -24.6591099     0.00000000     0.00000000
  -24.6491082     0.00000000     0.00000000
  -24.6391065     0.00000000     0.00000000
  -24.6291049     0.00000000     0.00000000
  -24.6191032     0.00000000     0.00000000
  -24.6091015     0.00000000     0.00000000
  -24.5990998     0.00000000     0.00000000
  -24.5890982     0.00000000     0.00000000
  -24.5790965     0.00000000     0.00000000
  -24.5690948     0.00000000     0.00000000
  -24.5590932     0.00000000     0.00000000
  -24.5490915     0.00000000     0.00000000
  -24.5390898     0.00000000     0.00000000
  -24.5290882     0.00000000     0.00000000
  -24.5190865     0.00000000     0.00000000
  -24.5090848     0.00000000     0.00000000
  -24.4990832     0.00000000     0.00000000
  -24.4890815     0.00000000     0.00000000
  -24.4790798     0.00000000     0.00000000
  -24.4690782     0.00000000     0.00000000
  -24.4590765     0.00000000     0.00000000
  -24.4490748     0.00000000     0.00000000
  -24.4390732     0.00000000     0.00000000
  -24.4290715     0.00000000     0.00000000
  -24.4190698     0.00000000     0.00000000
  -24.4090682     0.00000000     0.00000000
  -24.3990665     0.00000000     0.00000000
  -24.3890648     0.00000000     0.00000000
  -24.3790632     0.00000000     0.00000000
  -24.3690615     0.00000000     0.00000000
  -24.3590598     0.00000000     0.00000000
  -24.3490582     0.00000000     0.00000000
  -24.3390565     0.00000000     0.00000000
  -24.3290548     0.00000000     0.00000000
  -24.3190532     0.00000000     0.00000000
  -24.3090515     0.00000000     0.00000000
  -24.2990498     0.00000000     0.00000000
  -24.2890482     0.00000000     0.00000000
  -24.2790465     0.00000000     0.00000000
  -24.2690448     0.00000000     0.00000000
  -24.2590432     0.00000000     0.00000000
  -24.2490415     0.00000000     0.00000000
  -24.2390398     0.00000000     0.00000000
  -24.2290382     0.00000000     0.00000000
  -24.2190365     0.00000000     0.00000000
  -24.2090348     0.00000000     0.00000000
  -24.1990332     0.00000000     0.00000000
  -24.1890315     0.00000000     0.00000000
  -24.1790298     0.00000000     0.00000000
  -24.1690282     0.00000000     0.00000000
  -24.1590265     0.00000000     0.00000000
  -24.1490248     0.00000000     0.00000000
  -24.1390232     0.00000000     0.00000000
  -24.1290215     0.00000000     0.00000000
  -24.1190198     0.00000000     0.00000000
  -24.1090182     0.00000000     0.00000000
  -24.0990165     0.00000000     0.00000000
  -24.0890148     0.00000000     0.00000000
  -24.0790132     0.00000000     0.00000000
  -24.0690115     0.00000000     0.00000000
  -24.0590098     0.00000000     0.00000000
  -24.0490082     0.00000000     0.00000000
  -24.0390065     0.00000000     0.00000000
  -24.0290048     0.00000000     0.00000000
  -24.0190032     0.00000000     0.00000000
  -24.0090015     0.00000000     0.00000000
  -23.9989998     0.00000000     0.00000000
  -23.9889982     0.00000000     0.00000000
  -23.9789965     0.00000000     0.00000000
  -23.9689948     0.00000000     0.00000000
  -23.9589932     0.00000000     0.00000000
  -23.9489915     0.00000000     0.00000000
  -23.9389898     0.00000000     0.00000000
  -23.9289882     0.00000000     0.00000000
  -23.9189865     0.00000000     0.00000000
  -23.9089848     0.00000000     0.00000000
  -23.8989832     0.00000000     0.00000000
  -23.8889815     0.00000000     0.00000000
  -23.8789798     0.00000000     0.00000000
  -23.8689782     0.00000000     0.00000000
  -23.8589765     0.00000000     0.00000000
  -23.8489748     0.00000000     0.00000000
  -23.8389732     0.00000000     0.00000000
  -23.8289715     0.00000000     0.00000000
  -23.8189698     0.00000000     0.00000000
  -23.8089682     0.00000000     0.00000000
  -23.7989665     0.00000000     0.00000000
  -23.7889648     0.00000000     0.00000000
  -23.7789632     0.00000000     0.00000000
  -23.7689615     0.00000000     0.00000000
  -23.7589598     0.00000000     0.00000000
  -23.7489582     0.00000000     0.00000000
  -23.7389565     0.00000000     0.00000000
  -23.7289548     0.00000000     0.00000000
  -23.7189532     0.00000000     0.00000000
  -23.7089515     0.00000000     0.00000000
  -23.6989498     0.00000000     0.00000000
  -23.6889482     0.00000000     0.00000000
  -23.6789465     0.00000000     0.00000000
  -23.6689448     0.00000000     0.00000000
  -23.6589432     0.00000000     0.00000000
  -23.6489415     0.00000000     0.00000000
  -23.6389398     0.00000000     0.00000000
  -23.6289382     0.00000000     0.00000000
  -23.6189365     0.00000000     0.00000000
  -23.6089348     0.00000000     0.00000000
  -23.5989332     0.00000000     0.00000000
  -23.5889315     0.00000000     0.00000000
  -23.5789298     0.00000000     0.00000000
  -23.5689282     0.00000000     0.00000000
  -23.5589265     0.00000000     0.00000000
  -23.5489248     0.00000000     0.00000000
  -23.5389232     0.00000000     0.00000000
  -23.5289215     0.00000000     0.00000000
  -23.5189198     0.00000000     0.00000000
  -23.5089182     0.00000000     0.00000000
  -23.4989165     0.00000000     0.00000000
  -23.4889148     0.00000000     0.00000000
  -23.4789132     0.00000000     0.00000000
  -23.4689115     0.00000000     0.00000000
  -23.4589098     0.00000000     0.00000000
  -23.4489082     0.00000000     0.00000000
  -23.4389065     0.00000000     0.00000000
  -23.4289048     0.00000000     0.00000000
  -23.4189032     0.00000000     0.00000000
  -23.4089015     0.00000000     0.00000000
  -23.3988998     0.00000000     0.00000000
  -23.3888981     0.00000000     0.00000000
  -23.3788965     0.00000000     0.00000000
  -23.3688948     0.00000000     0.00000000
  -23.3588931     0.00000000     0.00000000
  -23.3488915     0.00000000     0.00000000
  -23.3388898     0.00000000     0.00000000
  -23.3288881     0.00000000     0.00000000
  -23.3188865     0.00000000     0.00000000
  -23.3088848     0.00000000     0.00000000
  -23.2988831     0.00000000     0.00000000
  -23.2888815     0.00000000     0.00000000
  -23.2788798     0.00000000     0.00000000
  -23.2688781     0.00000000     0.00000000
  -23.2588765     0.00000000     0.00000000
  -23.2488748     0.00000000     0.00000000
  -23.2388731     0.00000000     0.00000000
  -23.2288715     0.00000000     0.00000000
  -23.2188698     0.00000000     0.00000000
  -23.2088681     0.00000000     0.00000000
  -23.1988665     0.00000000     0.00000000
  -23.1888648     0.00000000     0.00000000
  -23.1788631     0.00000000     0.00000000
  -23.1688615     0.00000000     0.00000000
  -23.1588598     0.00000000     0.00000000
  -23.1488581     0.00000000     0.00000000
  -23.1388565     0.00000000     0.00000000
  -23.1288548     0.00000000     0.00000000
  -23.1188531     0.00000000     0.00000000
  -23.1088515     0.00000000     0.00000000
  -23.0988498     0.00000000     0.00000000
  -23.0888481     0.00000000     0.00000000
  -23.0788465     0.00000000     0.00000000
  -23.0688448     0.00000000     0.00000000
  -23.0588431     0.00000000     0.00000000
  -23.0488415     0.00000000     0.00000000
  -23.0388398     0.00000000     0.00000000
  -23.0288381     0.00000000     0.00000000
  -23.0188365     0.00000000     0.00000000
  -23.0088348     0.00000000     0.00000000
  -22.9988331     0.00000000     0.00000000
  -22.9888315     0.00000000     0.00000000
  -22.9788298     0.00000000     0.00000000
  -22.9688281     0.00000000     0.00000000
  -22.9588265     0.00000000     0.00000000
  -22.9488248     0.00000000     0.00000000
  -22.9388231     0.00000000     0.00000000
  -22.9288215     0.00000000     0.00000000
  -22.9188198     0.00000000     0.00000000
  -22.9088181     0.00000000     0.00000000
  -22.8988165     0.00000000     0.00000000
  -22.8888148     0.00000000     0.00000000
  -22.8788131     0.00000000     0.00000000
  -22.8688115     0.00000000     0.00000000
  -22.8588098     0.00000000     0.00000000
  -22.8488081     0.00000000     0.00000000
  -22.8388065     0.00000000     0.00000000
  -22.8288048     0.00000000     0.00000000
  -22.8188031     0.00000000     0.00000000
  -22.8088015     0.00000000     0.00000000
  -22.7987998     0.00000000     0.00000000
  -22.7887981     0.00000000     0.00000000
  -22.7787965     0.00000000     0.00000000
  -22.7687948     0.00000000     0.00000000
  -22.7587931     0.00000000     0.00000000
  -22.7487915     0.00000000     0.00000000
  -22.7387898     0.00000000     0.00000000
  -22.7287881     0.00000000     0.00000000
  -22.7187865     0.00000000     0.00000000
  -22.7087848     0.00000000     0.00000000
  -22.6987831     0.00000000     0.00000000
  -22.6887815     0.00000000     0.00000000
  -22.6787798     0.00000000     0.00000000
  -22.6687781     0.00000000     0.00000000
  -22.6587765     0.00000000     0.00000000
  -22.6487748     0.00000000     0.00000000
  -22.6387731     0.00000000     0.00000000
  -22.6287715     0.00000000     0.00000000
  -22.6187698     0.00000000     0.00000000
  -22.6087681     0.00000000     0.00000000
  -22.5987665     0.00000000     0.00000000
  -22.5887648     0.00000000     0.00000000
  -22.5787631     0.00000000     0.00000000
  -22.5687615     0.00000000     0.00000000
  -22.5587598     0.00000000     0.00000000
  -22.5487581     0.00000000     0.00000000
  -22.5387565     0.00000000     0.00000000
  -22.5287548     0.00000000     0.00000000
  -22.5187531     0.00000000     0.00000000
  -22.5087515     0.00000000     0.00000000
  -22.4987498     0.00000000     0.00000000
  -22.4887481     0.00000000     0.00000000
  -22.4787465     0.00000000     0.00000000
  -22.4687448     0.00000000     0.00000000
  -22.4587431     0.00000000     0.00000000
  -22.4487415     0.00000000     0.00000000
  -22.4387398     0.00000000     0.00000000
  -22.4287381     0.00000000     0.00000000
  -22.4187365     0.00000000     0.00000000
  -22.4087348     0.00000000     0.00000000
  -22.3987331     0.00000000     0.00000000
  -22.3887315     0.00000000     0.00000000
  -22.3787298     0.00000000     0.00000000
  -22.3687281     0.00000000     0.00000000
  -22.3587265     0.00000000     0.00000000
  -22.3487248     0.00000000     0.00000000
  -22.3387231     0.00000000     0.00000000
  -22.3287215     0.00000000     0.00000000
  -22.3187198     0.00000000     0.00000000
  -22.3087181     0.00000000     0.00000000
  -22.2987165     0.00000000     0.00000000
  -22.2887148     0.00000000     0.00000000
  -22.2787131     0.00000000     0.00000000
  -22.2687115     0.00000000     0.00000000
  -22.2587098     0.00000000     0.00000000
  -22.2487081     0.00000000     0.00000000
  -22.2387065     0.00000000     0.00000000
  -22.2287048     0.00000000     0.00000000
  -22.2187031     0.00000000     0.00000000
  -22.2087015     0.00000000     0.00000000
  -22.1986998     0.00000000     0.00000000
  -22.1886981     0.00000000     0.00000000
  -22.1786964     0.00000000     0.00000000
  -22.1686948     0.00000000     0.00000000
  -22.1586931     0.00000000     0.00000000
  -22.1486914     0.00000000     0.00000000
  -22.1386898     0.00000000     0.00000000
  -22.1286881     0.00000000     0.00000000
  -22.1186864     0.00000000     0.00000000
  -22.1086848     0.00000000     0.00000000
  -22.0986831     0.00000000     0.00000000
  -22.0886814     0.00000000     0.00000000
  -22.0786798     0.00000000     0.00000000
  -22.0686781     0.00000000     0.00000000
  -22.0586764     0.00000000     0.00000000
  -22.0486748     0.00000000     0.00000000
  -22.0386731     0.00000000     0.00000000
  -22.0286714     0.00000000     0.00000000
  -22.0186698     0.00000000     0.00000000
  -22.0086681     0.00000000     0.00000000
  -21.9986664     0.00000000     0.00000000
  -21.9886648     0.00000000     0.00000000
  -21.9786631     0.00000000     0.00000000
  -21.9686614     0.00000000     0.00000000
  -21.9586598     0.00000000     0.00000000
  -21.9486581     0.00000000     0.00000000
  -21.9386564     0.00000000     0.00000000
  -21.9286548     0.00000000     0.00000000
  -21.9186531     0.00000000     0.00000000
  -21.9086514     0.00000000     0.00000000
  -21.8986498     0.00000000     0.00000000
  -21.8886481     0.00000000     0.00000000
  -21.8786464     0.00000000     0.00000000
  -21.8686448     0.00000000     0.00000000
  -21.8586431     0.00000000     0.00000000
  -21.8486414     0.00000000     0.00000000
  -21.8386398     0.00000000     0.00000000
  -21.8286381     0.00000000     0.00000000
  -21.8186364     0.00000000     0.00000000
  -21.8086348     0.00000000     0.00000000
  -21.7986331     0.00000000     0.00000000
  -21.7886314     0.00000000     0.00000000
  -21.7786298     0.00000000     0.00000000
  -21.7686281     0.00000000     0.00000000
  -21.7586264     0.00000000     0.00000000
  -21.7486248     0.00000000     0.00000000
  -21.7386231     0.00000000     0.00000000
  -21.7286214     0.00000000     0.00000000
  -21.7186198     0.00000000     0.00000000
  -21.7086181     0.00000000     0.00000000
  -21.6986164     0.00000000     0.00000000
  -21.6886148     0.00000000     0.00000000
  -21.6786131     0.00000000     0.00000000
  -21.6686114     0.00000000     0.00000000
  -21.6586098     0.00000000     0.00000000
  -21.6486081     0.00000000     0.00000000
  -21.6386064     0.00000000     0.00000000
  -21.6286048     0.00000000     0.00000000
  -21.6186031     0.00000000     0.00000000
  -21.6086014     0.00000000     0.00000000
  -21.5985998     0.00000000     0.00000000
  -21.5885981     0.00000000     0.00000000
  -21.5785964     0.00000000     0.00000000
  -21.5685948     0.00000000     0.00000000
  -21.5585931     0.00000000     0.00000000
  -21.5485914     0.00000000     0.00000000
  -21.5385898     0.00000000     0.00000000
  -21.5285881     0.00000000     0.00000000
  -21.5185864     0.00000000     0.00000000
  -21.5085848     0.00000000     0.00000000
  -21.4985831     0.00000000     0.00000000
  -21.4885814     0.00000000     0.00000000
  -21.4785798     0.00000000     0.00000000
  -21.4685781     0.00000000     0.00000000
  -21.4585764     0.00000000     0.00000000
  -21.4485748     0.00000000     0.00000000
  -21.4385731     0.00000000     0.00000000
  -21.4285714     0.00000000     0.00000000
  -21.4185698     0.00000000     0.00000000
  -21.4085681     0.00000000     0.00000000
  -21.3985664     0.00000000     0.00000000
  -21.3885648     0.00000000     0.00000000
  -21.3785631     0.00000000     0.00000000
  -21.3685614     0.00000000     0.00000000
  -21.3585598     0.00000000     0.00000000
  -21.3485581     0.00000000     0.00000000
  -21.3385564     0.00000000     0.00000000
  -21.3285548     0.00000000     0.00000000
  -21.3185531     0.00000000     0.00000000
  -21.3085514     0.00000000     0.00000000
  -21.2985498     0.00000000     0.00000000
  -21.2885481     0.00000000     0.00000000
  -21.2785464     0.00000000     0.00000000
  -21.2685448     0.00000000     0.00000000
  -21.2585431     0.00000000     0.00000000
  -21.2485414     0.00000000     0.00000000
  -21.2385398     0.00000000     0.00000000
  -21.2285381     0.00000000     0.00000000
  -21.2185364     0.00000000     0.00000000
  -21.2085348     0.00000000     0.00000000
  -21.1985331     0.00000000     0.00000000
  -21.1885314     0.00000000     0.00000000
  -21.1785298     0.00000000     0.00000000
  -21.1685281     0.00000000     0.00000000
  -21.1585264     0.00000000     0.00000000
  -21.1485248     0.00000000     0.00000000
  -21.1385231     0.00000000     0.00000000
  -21.1285214     0.00000000     0.00000000
  -21.1185198     0.00000000     0.00000000
  -21.1085181     0.00000000     0.00000000
  -21.0985164     0.00000000     0.00000000
  -21.0885148     0.00000000     0.00000000
  -21.0785131     0.00000000     0.00000000
  -21.0685114     0.00000000     0.00000000
  -21.0585098     0.00000000     0.00000000
  -21.0485081     0.00000000     0.00000000
  -21.0385064     0.00000000     0.00000000
  -21.0285048     0.00000000     0.00000000
  -21.0185031     0.00000000     0.00000000
  -21.0085014     0.00000000     0.00000000
  -20.9984997     0.00000000     0.00000000
  -20.9884981     0.00000000     0.00000000
  -20.9784964     0.00000000     0.00000000
  -20.9684947     0.00000000     0.00000000
  -20.9584931     0.00000000     0.00000000
  -20.9484914     0.00000000     0.00000000
  -20.9384897     0.00000000     0.00000000
  -20.9284881     0.00000000     0.00000000
  -20.9184864     0.00000000     0.00000000
  -20.9084847     0.00000000     0.00000000
  -20.8984831     0.00000000     0.00000000
  -20.8884814     0.00000000     0.00000000
  -20.8784797     0.00000000     0.00000000
  -20.8684781     0.00000000     0.00000000
  -20.8584764     0.00000000     0.00000000
  -20.8484747     0.00000000     0.00000000
  -20.8384731     0.00000000     0.00000000
  -20.8284714     0.00000000     0.00000000
  -20.8184697     0.00000000     0.00000000
  -20.8084681     0.00000000     0.00000000
  -20.7984664     0.00000000     0.00000000
  -20.7884647     0.00000000     0.00000000
  -20.7784631     0.00000000     0.00000000
  -20.7684614     0.00000000     0.00000000
  -20.7584597     0.00000000     0.00000000
  -20.7484581     0.00000000     0.00000000
  -20.7384564     0.00000000     0.00000000
  -20.7284547     0.00000000     0.00000000
  -20.7184531     0.00000000     0.00000000
  -20.7084514     0.00000000     0.00000000
  -20.6984497     0.00000000     0.00000000
  -20.6884481     0.00000000     0.00000000
  -20.6784464     0.00000000     0.00000000
  -20.6684447     0.00000000     0.00000000
  -20.6584431     0.00000000     0.00000000
  -20.6484414     0.00000000     0.00000000
  -20.6384397     0.00000000     0.00000000
  -20.6284381     0.00000000     0.00000000
  -20.6184364     0.00000000     0.00000000
  -20.6084347     0.00000000     0.00000000
  -20.5984331     0.00000000     0.00000000
  -20.5884314     0.00000000     0.00000000
  -20.5784297     0.00000000     0.00000000
  -20.5684281     0.00000000     0.00000000
  -20.5584264     0.00000000     0.00000000
  -20.5484247     0.00000000     0.00000000
  -20.5384231     0.00000000     0.00000000
  -20.5284214     0.00000000     0.00000000
  -20.5184197     0.00000000     0.00000000
  -20.5084181     0.00000000     0.00000000
  -20.4984164     0.00000000     0.00000000
  -20.4884147     0.00000000     0.00000000
  -20.4784131     0.00000000     0.00000000
  -20.4684114     0.00000000     0.00000000
  -20.4584097     0.00000000     0.00000000
  -20.4484081     0.00000000     0.00000000
  -20.4384064     0.00000000     0.00000000
  -20.4284047     0.00000000     0.00000000
  -20.4184031     0.00000000     0.00000000
  -20.4084014     0.00000000     0.00000000
  -20.3983997     0.00000000     0.00000000
  -20.3883981     0.00000000     0.00000000
  -20.3783964     0.00000000     0.00000000
  -20.3683947     0.00000000     0.00000000
  -20.3583931     0.00000000     0.00000000
  -20.3483914     0.00000000     0.00000000
  -20.3383897     0.00000000     0.00000000
  -20.3283881     0.00000000     0.00000000
  -20.3183864     0.00000000     0.00000000
  -20.3083847     0.00000000     0.00000000
  -20.2983831     0.00000000     0.00000000
  -20.2883814     0.00000000     0.00000000
  -20.2783797     0.00000000     0.00000000
  -20.2683781     0.00000000     0.00000000
  -20.2583764     0.00000000     0.00000000
  -20.2483747     0.00000000     0.00000000
  -20.2383731     0.00000000     0.00000000
  -20.2283714     0.00000000     0.00000000
  -20.2183697     0.00000000     0.00000000
  -20.2083681     0.00000000     0.00000000
  -20.1983664     0.00000000     0.00000000
  -20.1883647     0.00000000     0.00000000
  -20.1783631     0.00000000     0.00000000
  -20.1683614     0.00000000     0.00000000
  -20.1583597     0.00000000     0.00000000
  -20.1483581     0.00000000     0.00000000
  -20.1383564     0.00000001     0.00000001
  -20.1283547     0.00000004     0.00000004
  -20.1183531     0.00000024     0.00000022
  -20.1083514     0.00000116     0.00000111
  -20.0983497     0.00000523     0.00000501
  -20.0883481     0.00002179     0.00002095
  -20.0783464     0.00008421     0.00008119
  -20.0683447     0.00030229     0.00029217
  -20.0583431     0.00100877     0.00097747
  -20.0483414     0.00313252     0.00304313
  -20.0383397     0.00906143     0.00882569
  -20.0283381     0.02444701     0.02387323
  -20.0183364     0.06159602     0.06030827
  -20.0083347     0.14514207     0.14248024
  -19.9983331     0.32033065     0.31527169
  -19.9883314     0.66319777     0.65437903
  -19.9783297     1.29007817     1.27602816
  -19.9683281     2.36164498     2.34129103
  -19.9583264     4.07517000     4.04855654
  -19.9483247     6.63953258     6.60845848
  -19.9383231    10.23201218    10.20008122
  -19.9283214    14.94373488    14.91528619
  -19.9183197    20.72882439    20.70652289
  -19.9083181    27.37589276    27.35740542
  -19.8983164    34.51562501    34.49054142
  -19.8883147    41.66584378    41.61441710
  -19.8783131    48.30225146    48.19730527
  -19.8683114    53.93691375    53.74934199
  -19.8583097    58.18950513    57.89648552
  -19.8483081    60.84223502    60.43608129
  -19.8383064    61.87035633    61.36532303
  -19.8283047    61.43640546    60.87098370
  -19.8183031    59.83765694    59.27094712
  -19.8083014    57.41161853    56.91395340
  -19.7982997    54.42913324    54.06880222
  -19.7882980    51.02073172    50.84992914
  -19.7782964    47.17275815    47.21635521
  -19.7682947    42.79644389    43.04665316
  -19.7582930    37.83514246    38.25365010
  -19.7482914    32.35594425    32.88296741
  -19.7382897    26.58233091    27.14997485
  -19.7282880    20.85612805    21.40216255
  -19.7182864    15.55058985    16.02889036
  -19.7082847    10.97492313    11.36028735
  -19.6982830     7.30776015     7.59492917
  -19.6882814     4.57850982     4.77705314
  -19.6782797     2.69297798     2.82055200
  -19.6682780     1.48409821     1.56034292
  -19.6582764     0.76502960     0.80742300
  -19.6482747     0.36833005     0.39025634
  -19.6382730     0.16541566     0.17596061
  -19.6282714     0.06921554     0.07392867
  -19.6182697     0.02695795     0.02891454
  -19.6082680     0.00976449     0.01051846
  -19.5982664     0.00328673     0.00355626
  -19.5882647     0.00102741     0.00111675
  -19.5782630     0.00029809     0.00032553
  -19.5682614     0.00008023     0.00008803
  -19.5582597     0.00002002     0.00002208
  -19.5482580     0.00000463     0.00000513
  -19.5382564     0.00000099     0.00000110
  -19.5282547     0.00000019     0.00000022
  -19.5182530     0.00000003     0.00000004
  -19.5082514     0.00000000     0.00000000
  -19.4982497     0.00000000     0.00000000
  -19.4882480     0.00000000     0.00000000
  -19.4782464     0.00000000     0.00000000
  -19.4682447     0.00000000     0.00000000
  -19.4582430     0.00000000     0.00000000
  -19.4482414     0.00000000     0.00000000
  -19.4382397     0.00000000     0.00000000
  -19.4282380     0.00000000     0.00000000
  -19.4182364     0.00000000     0.00000000
  -19.4082347     0.00000000     0.00000000
  -19.3982330     0.00000000     0.00000000
  -19.3882314     0.00000000     0.00000000
  -19.3782297     0.00000000     0.00000000
  -19.3682280     0.00000000     0.00000000
  -19.3582264     0.00000000     0.00000000
  -19.3482247     0.00000000     0.00000000
  -19.3382230     0.00000000     0.00000000
  -19.3282214     0.00000000     0.00000000
  -19.3182197     0.00000000     0.00000000
  -19.3082180     0.00000000     0.00000000
  -19.2982164     0.00000000     0.00000000
  -19.2882147     0.00000000     0.00000000
  -19.2782130     0.00000000     0.00000000
  -19.2682114     0.00000000     0.00000000
  -19.2582097     0.00000000     0.00000000
  -19.2482080     0.00000000     0.00000000
  -19.2382064     0.00000000     0.00000000
  -19.2282047     0.00000000     0.00000000
  -19.2182030     0.00000000     0.00000000
  -19.2082014     0.00000000     0.00000000
  -19.1981997     0.00000000     0.00000000
  -19.1881980     0.00000000     0.00000000
  -19.1781964     0.00000000     0.00000000
  -19.1681947     0.00000000     0.00000000
  -19.1581930     0.00000000     0.00000000
  -19.1481914     0.00000000     0.00000000
  -19.1381897     0.00000000     0.00000000
  -19.1281880     0.00000000     0.00000000
  -19.1181864     0.00000000     0.00000000
  -19.1081847     0.00000000     0.00000000
  -19.0981830     0.00000000     0.00000000
  -19.0881814     0.00000000     0.00000000
  -19.0781797     0.00000000     0.00000000
  -19.0681780     0.00000000     0.00000000
  -19.0581764     0.00000000     0.00000000
  -19.0481747     0.00000000     0.00000000
  -19.0381730     0.00000000     0.00000000
  -19.0281714     0.00000000     0.00000000
  -19.0181697     0.00000000     0.00000000
  -19.0081680     0.00000000     0.00000000
  -18.9981664     0.00000000     0.00000000
  -18.9881647     0.00000000     0.00000000
  -18.9781630     0.00000000     0.00000000
  -18.9681614     0.00000000     0.00000000
  -18.9581597     0.00000000     0.00000000
  -18.9481580     0.00000000     0.00000000
  -18.9381564     0.00000000     0.00000000
  -18.9281547     0.00000000     0.00000000
  -18.9181530     0.00000000     0.00000000
  -18.9081514     0.00000000     0.00000000
  -18.8981497     0.00000000     0.00000000
  -18.8881480     0.00000000     0.00000000
  -18.8781464     0.00000000     0.00000000
  -18.8681447     0.00000000     0.00000000
  -18.8581430     0.00000000     0.00000000
  -18.8481414     0.00000000     0.00000000
  -18.8381397     0.00000000     0.00000000
  -18.8281380     0.00000000     0.00000000
  -18.8181364     0.00000000     0.00000000
  -18.8081347     0.00000000     0.00000000
  -18.7981330     0.00000000     0.00000000
  -18.7881314     0.00000000     0.00000000
  -18.7781297     0.00000000     0.00000000
  -18.7681280     0.00000000     0.00000000
  -18.7581264     0.00000000     0.00000000
  -18.7481247     0.00000000     0.00000000
  -18.7381230     0.00000000     0.00000000
  -18.7281214     0.00000000     0.00000000
  -18.7181197     0.00000000     0.00000000
  -18.7081180     0.00000000     0.00000000
  -18.6981164     0.00000000     0.00000000
  -18.6881147     0.00000000     0.00000000
  -18.6781130     0.00000000     0.00000000
  -18.6681114     0.00000000     0.00000000
  -18.6581097     0.00000000     0.00000000
  -18.6481080     0.00000000     0.00000000
  -18.6381064     0.00000000     0.00000000
  -18.6281047     0.00000000     0.00000000
  -18.6181030     0.00000000     0.00000000
  -18.6081014     0.00000000     0.00000000
  -18.5980997     0.00000000     0.00000000
  -18.5880980     0.00000000     0.00000000
  -18.5780963     0.00000000     0.00000000
  -18.5680947     0.00000000     0.00000000
  -18.5580930     0.00000000     0.00000000
  -18.5480913     0.00000000     0.00000000
  -18.5380897     0.00000000     0.00000000
  -18.5280880     0.00000000     0.00000000
  -18.5180863     0.00000000     0.00000000
  -18.5080847     0.00000000     0.00000000
  -18.4980830     0.00000000     0.00000000
  -18.4880813     0.00000000     0.00000000
  -18.4780797     0.00000000     0.00000000
  -18.4680780     0.00000000     0.00000000
  -18.4580763     0.00000000     0.00000000
  -18.4480747     0.00000000     0.00000000
  -18.4380730     0.00000000     0.00000000
  -18.4280713     0.00000000     0.00000000
  -18.4180697     0.00000000     0.00000000
  -18.4080680     0.00000000     0.00000000
  -18.3980663     0.00000000     0.00000000
  -18.3880647     0.00000000     0.00000000
  -18.3780630     0.00000000     0.00000000
  -18.3680613     0.00000000     0.00000000
  -18.3580597     0.00000000     0.00000000
  -18.3480580     0.00000000     0.00000000
  -18.3380563     0.00000000     0.00000000
  -18.3280547     0.00000000     0.00000000
  -18.3180530     0.00000000     0.00000000
  -18.3080513     0.00000000     0.00000000
  -18.2980497     0.00000000     0.00000000
  -18.2880480     0.00000000     0.00000000
  -18.2780463     0.00000000     0.00000000
  -18.2680447     0.00000000     0.00000000
  -18.2580430     0.00000000     0.00000000
  -18.2480413     0.00000000     0.00000000
  -18.2380397     0.00000000     0.00000000
  -18.2280380     0.00000000     0.00000000
  -18.2180363     0.00000000     0.00000000
  -18.2080347     0.00000000     0.00000000
  -18.1980330     0.00000000     0.00000000
  -18.1880313     0.00000000     0.00000000
  -18.1780297     0.00000000     0.00000000
  -18.1680280     0.00000000     0.00000000
  -18.1580263     0.00000000     0.00000000
  -18.1480247     0.00000000     0.00000000
  -18.1380230     0.00000000     0.00000000
  -18.1280213     0.00000000     0.00000000
  -18.1180197     0.00000000     0.00000000
  -18.1080180     0.00000000     0.00000000
  -18.0980163     0.00000000     0.00000000
  -18.0880147     0.00000000     0.00000000
  -18.0780130     0.00000000     0.00000000
  -18.0680113     0.00000000     0.00000000
  -18.0580097     0.00000000     0.00000000
  -18.0480080     0.00000000     0.00000000
  -18.0380063     0.00000000     0.00000000
  -18.0280047     0.00000000     0.00000000
  -18.0180030     0.00000000     0.00000000
  -18.0080013     0.00000000     0.00000000
  -17.9979997     0.00000000     0.00000000
  -17.9879980     0.00000000     0.00000000
  -17.9779963     0.00000000     0.00000000
  -17.9679947     0.00000000     0.00000000
  -17.9579930     0.00000000     0.00000000
  -17.9479913     0.00000000     0.00000000
  -17.9379897     0.00000000     0.00000000
  -17.9279880     0.00000000     0.00000000
  -17.9179863     0.00000000     0.00000000
  -17.9079847     0.00000000     0.00000000
  -17.8979830     0.00000000     0.00000000
  -17.8879813     0.00000000     0.00000000
  -17.8779797     0.00000000     0.00000000
  -17.8679780     0.00000000     0.00000000
  -17.8579763     0.00000000     0.00000000
  -17.8479747     0.00000000     0.00000000
  -17.8379730     0.00000000     0.00000000
  -17.8279713     0.00000000     0.00000000
  -17.8179697     0.00000000     0.00000000
  -17.8079680     0.00000000     0.00000000
  -17.7979663     0.00000000     0.00000000
  -17.7879647     0.00000000     0.00000000
  -17.7779630     0.00000000     0.00000000
  -17.7679613     0.00000000     0.00000000
  -17.7579597     0.00000000     0.00000000
  -17.7479580     0.00000000     0.00000000
  -17.7379563     0.00000000     0.00000000
  -17.7279547     0.00000000     0.00000000
  -17.7179530     0.00000000     0.00000000
  -17.7079513     0.00000000     0.00000000
  -17.6979497     0.00000000     0.00000000
  -17.6879480     0.00000000     0.00000000
  -17.6779463     0.00000000     0.00000000
  -17.6679447     0.00000000     0.00000000
  -17.6579430     0.00000000     0.00000000
  -17.6479413     0.00000000     0.00000000
  -17.6379397     0.00000000     0.00000000
  -17.6279380     0.00000000     0.00000000
  -17.6179363     0.00000000     0.00000000
  -17.6079347     0.00000000     0.00000000
  -17.5979330     0.00000000     0.00000000
  -17.5879313     0.00000000     0.00000000
  -17.5779297     0.00000000     0.00000000
  -17.5679280     0.00000000     0.00000000
  -17.5579263     0.00000000     0.00000000
  -17.5479247     0.00000000     0.00000000
  -17.5379230     0.00000000     0.00000000
  -17.5279213     0.00000000     0.00000000
  -17.5179197     0.00000000     0.00000000
  -17.5079180     0.00000000     0.00000000
  -17.4979163     0.00000000     0.00000000
  -17.4879147     0.00000000     0.00000000
  -17.4779130     0.00000000     0.00000000
  -17.4679113     0.00000000     0.00000000
  -17.4579097     0.00000000     0.00000000
  -17.4479080     0.00000000     0.00000000
  -17.4379063     0.00000000     0.00000000
  -17.4279047     0.00000000     0.00000000
  -17.4179030     0.00000000     0.00000000
  -17.4079013     0.00000000     0.00000000
  -17.3978996     0.00000000     0.00000000
  -17.3878980     0.00000000     0.00000000
  -17.3778963     0.00000000     0.00000000
  -17.3678946     0.00000000     0.00000000
  -17.3578930     0.00000000     0.00000000
  -17.3478913     0.00000000     0.00000000
  -17.3378896     0.00000000     0.00000000
  -17.3278880     0.00000000     0.00000000
  -17.3178863     0.00000000     0.00000000
  -17.3078846     0.00000000     0.00000000
  -17.2978830     0.00000000     0.00000000
  -17.2878813     0.00000000     0.00000000
  -17.2778796     0.00000000     0.00000000
  -17.2678780     0.00000000     0.00000000
  -17.2578763     0.00000000     0.00000000
  -17.2478746     0.00000000     0.00000000
  -17.2378730     0.00000000     0.00000000
  -17.2278713     0.00000000     0.00000000
  -17.2178696     0.00000000     0.00000000
  -17.2078680     0.00000000     0.00000000
  -17.1978663     0.00000000     0.00000000
  -17.1878646     0.00000000     0.00000000
  -17.1778630     0.00000000     0.00000000
  -17.1678613     0.00000000     0.00000000
  -17.1578596     0.00000000     0.00000000
  -17.1478580     0.00000000     0.00000000
  -17.1378563     0.00000000     0.00000000
  -17.1278546     0.00000000     0.00000000
  -17.1178530     0.00000000     0.00000000
  -17.1078513     0.00000000     0.00000000
  -17.0978496     0.00000000     0.00000000
  -17.0878480     0.00000000     0.00000000
  -17.0778463     0.00000000     0.00000000
  -17.0678446     0.00000000     0.00000000
  -17.0578430     0.00000000     0.00000000
  -17.0478413     0.00000000     0.00000000
  -17.0378396     0.00000000     0.00000000
  -17.0278380     0.00000000     0.00000000
  -17.0178363     0.00000000     0.00000000
  -17.0078346     0.00000000     0.00000000
  -16.9978330     0.00000000     0.00000000
  -16.9878313     0.00000000     0.00000000
  -16.9778296     0.00000000     0.00000000
  -16.9678280     0.00000000     0.00000000
  -16.9578263     0.00000000     0.00000000
  -16.9478246     0.00000000     0.00000000
  -16.9378230     0.00000000     0.00000000
  -16.9278213     0.00000000     0.00000000
  -16.9178196     0.00000000     0.00000000
  -16.9078180     0.00000000     0.00000000
  -16.8978163     0.00000000     0.00000000
  -16.8878146     0.00000000     0.00000000
  -16.8778130     0.00000000     0.00000000
  -16.8678113     0.00000000     0.00000000
  -16.8578096     0.00000000     0.00000000
  -16.8478080     0.00000000     0.00000000
  -16.8378063     0.00000000     0.00000000
  -16.8278046     0.00000000     0.00000000
  -16.8178030     0.00000000     0.00000000
  -16.8078013     0.00000000     0.00000000
  -16.7977996     0.00000000     0.00000000
  -16.7877980     0.00000000     0.00000000
  -16.7777963     0.00000000     0.00000000
  -16.7677946     0.00000000     0.00000000
  -16.7577930     0.00000000     0.00000000
  -16.7477913     0.00000000     0.00000000
  -16.7377896     0.00000000     0.00000000
  -16.7277880     0.00000000     0.00000000
  -16.7177863     0.00000000     0.00000000
  -16.7077846     0.00000000     0.00000000
  -16.6977830     0.00000000     0.00000000
  -16.6877813     0.00000000     0.00000000
  -16.6777796     0.00000000     0.00000000
  -16.6677780     0.00000000     0.00000000
  -16.6577763     0.00000000     0.00000000
  -16.6477746     0.00000000     0.00000000
  -16.6377730     0.00000000     0.00000000
  -16.6277713     0.00000000     0.00000000
  -16.6177696     0.00000000     0.00000000
  -16.6077680     0.00000000     0.00000000
  -16.5977663     0.00000000     0.00000000
  -16.5877646     0.00000001     0.00000000
  -16.5777630     0.00000006     0.00000002
  -16.5677613     0.00000026     0.00000008
  -16.5577596     0.00000097     0.00000033
  -16.5477580     0.00000335     0.00000122
  -16.5377563     0.00001070     0.00000415
  -16.5277546     0.00003156     0.00001309
  -16.5177530     0.00008590     0.00003805
  -16.5077513     0.00021582     0.00010212
  -16.4977496     0.00050056     0.00025300
  -16.4877480     0.00107167     0.00057860
  -16.4777463     0.00211793     0.00122146
  -16.4677446     0.00386371     0.00238026
  -16.4577430     0.00650643     0.00428168
  -16.4477413     0.01011408     0.00710968
  -16.4377396     0.01451297     0.01089761
  -16.4277380     0.01922359     0.01541908
  -16.4177363     0.02350550     0.02013886
  -16.4077346     0.02653314     0.02428124
  -16.3977330     0.02765544     0.02702707
  -16.3877313     0.02663405     0.02777966
  -16.3777296     0.02375288     0.02638819
  -16.3677280     0.01975781     0.02322801
  -16.3577263     0.01567992     0.01911286
  -16.3477246     0.01265527     0.01510753
  -16.3377230     0.01183583     0.01235758
  -16.3277213     0.01439792     0.01202014
  -16.3177196     0.02155234     0.01528327
  -16.3077180     0.03440998     0.02336299
  -16.2977163     0.05360582     0.03733122
  -16.2877146     0.07873204     0.05769547
  -16.2777130     0.10781628     0.08381302
  -16.2677113     0.13719275     0.11340551
  -16.2577096     0.16203995     0.14252807
  -16.2477080     0.17757573     0.16623435
  -16.2377063     0.18053051     0.17986556
  -16.2277046     0.17028995     0.18052409
  -16.2177030     0.14919302     0.16810784
  -16.2077013     0.12187383     0.14543787
  -16.1976996     0.09401204     0.11745363
  -16.1876979     0.07110355     0.08991088
  -16.1776963     0.05772854     0.06820487
  -16.1676946     0.05737774     0.05674156
  -16.1576929     0.07248478     0.05883743
  -16.1476913     0.10418065     0.07674320
  -16.1376896     0.15154164     0.11131884
  -16.1276879     0.21060971     0.16120346
  -16.1176863     0.27390256     0.22184983
  -16.1076846     0.33115821     0.28518745
  -16.0976829     0.37154175     0.34061661
  -16.0876813     0.38670772     0.37743608
  -16.0776796     0.37347211     0.38795841
  -16.0676779     0.33486917     0.37000567
  -16.0576763     0.27910909     0.32762940
  -16.0476746     0.21697956     0.26973492
  -16.0376729     0.15891545     0.20731140
  -16.0276713     0.11291723     0.15055086
  -16.0176696     0.08383660     0.10696915
  -16.0076679     0.07373869     0.08091078
  -15.9976663     0.08258012     0.07402968
  -15.9876646     0.10853147     0.08595323
  -15.9776629     0.14779257     0.11451773
  -15.9676613     0.19433644     0.15552952
  -15.9576596     0.24027034     0.20256625
  -15.9476579     0.27721362     0.24750204
  -15.9376563     0.29840457     0.28206050
  -15.9276546     0.30062341     0.29997928
  -15.9176529     0.28493948     0.29880312
  -15.9076513     0.25588115     0.28036062
  -15.8976496     0.21950881     0.24966558
  -15.8876479     0.18142900     0.21286493
  -15.8776463     0.14566223     0.17531981
  -15.8676446     0.11463151     0.14066545
  -15.8576429     0.08987985     0.11099419
  -15.8476413     0.07286653     0.08767565
  -15.8376396     0.06537033     0.07214298
  -15.8276379     0.06937939     0.06621305
  -15.8176363     0.08659980     0.07187942
  -15.8076346     0.11778380     0.09075567
  -15.7976329     0.16204847     0.12339227
  -15.7876313     0.21634002     0.16863904
  -15.7776296     0.27523475     0.22319114
  -15.7676279     0.33131232     0.28148041
  -15.7576263     0.37630016     0.33611714
  -15.7476246     0.40298599     0.37906242
  -15.7376229     0.40752680     0.40352435
  -15.7276213     0.39139315     0.40620927
  -15.7176196     0.36204110     0.38916685
  -15.7076179     0.33170246     0.36032343
  -15.6976163     0.31437487     0.33211226
  -15.6876146     0.32185746     0.31832694
  -15.6776129     0.36013356     0.33010834
  -15.6676113     0.42733925     0.37242338
  -15.6576096     0.51401207     0.44228601
  -15.6476079     0.60550849     0.52935291
  -15.6376063     0.68572344     0.61865239
  -15.6276046     0.74086649     0.69443883
  -15.6176029     0.76223225     0.74385840
  -15.6076013     0.74752657     0.75941943
  -15.5975996     0.70094977     0.73997726
  -15.5875979     0.63247024     0.69057801
  -15.5775963     0.55647746     0.62164105
  -15.5675946     0.48963891     0.54761118
  -15.5575929     0.44775663     0.48481688
  -15.5475913     0.44188680     0.44830345
  -15.5375896     0.47468882     0.44796948
  -15.5275879     0.53842850     0.48507634
  -15.5175863     0.61588131     0.55059945
  -15.5075846     0.68447218     0.62658025
  -15.4975829     0.72264352     0.69061270
  -15.4875813     0.71628484     0.72224624
  -15.4775796     0.66277341     0.70906443
  -15.4675779     0.57108189     0.65012269
  -15.4575763     0.45813632     0.55548278
  -15.4475746     0.34323188     0.44229089
  -15.4375729     0.24293332     0.32929844
  -15.4275713     0.16823438     0.23213827
  -15.4175696     0.12433373     0.16090613
  -15.4075679     0.11208479     0.12021282
  -15.3975663     0.12965593     0.11069159
  -15.3875646     0.17330940     0.13054247
  -15.3775629     0.23710477     0.17612393
  -15.3675613     0.31220655     0.24149926
  -15.3575596     0.38687094     0.31768503
  -15.3475579     0.44790841     0.39269888
  -15.3375563     0.48359953     0.45317331
  -15.3275546     0.48710907     0.48743524
  -15.3175529     0.45894318     0.48900043
  -15.3075513     0.40727532     0.45896613
  -15.2975496     0.34592085     0.40614546
  -15.2875479     0.29081451     0.34481718
  -15.2775463     0.25639178     0.29105791
  -15.2675446     0.25300018     0.25911568
  -15.2575429     0.28564161     0.25891903
  -15.2475413     0.35360575     0.29493473
  -15.2375396     0.45043091     0.36586552
  -15.2275379     0.56416472     0.46463501
  -15.2175363     0.67858079     0.57871196
  -15.2075346     0.77611818     0.69149703
  -15.1975329     0.84247733     0.78550292
  -15.1875313     0.87141105     0.84710701
  -15.1775296     0.86730943     0.87124217
  -15.1675279     0.84364390     0.86358158
  -15.1575263     0.81728009     0.83844585
  -15.1475246     0.80103346     0.81273047
  -15.1375229     0.79808245     0.79845380
  -15.1275213     0.80105065     0.79754943
  -15.1175196     0.79613855     0.80150560
  -15.1075179     0.77011105     0.79594908
  -15.0975163     0.71673744     0.76779372
  -15.0875146     0.63995670     0.71153957
  -15.0775129     0.55291083     0.63211534
  -15.0675113     0.47379503     0.54355665
  -15.0575096     0.42033472     0.46457765
  -15.0475079     0.40458981     0.41290160
  -15.0375063     0.42927851     0.40007278
  -15.0275046     0.48641652     0.42794067
  -15.0175029     0.55879181     0.48757673
  -15.0075013     0.62428546     0.56106381
  -14.9974996     0.66211254     0.62605707
  -14.9874979     0.65904427     0.66209124
  -14.9774962     0.61330952     0.65666229
  -14.9674946     0.53463873     0.60884085
  -14.9574929     0.44054119     0.52900940
  -14.9474912     0.35048996     0.43494549
  -14.9374896     0.28034890     0.34599266
  -14.9274879     0.23888746     0.27763158
  -14.9174862     0.22708156     0.23821076
  -14.9074846     0.23980793     0.22843511
  -14.8974829     0.26891961     0.24314709
  -14.8874812     0.30653781     0.27436369
  -14.8774796     0.34753550     0.31442863
  -14.8674779     0.39053063     0.35831817
  -14.8574762     0.43723032     0.40449467
  -14.8474746     0.49055921     0.45420770
  -14.8374729     0.55242179     0.50969377
  -14.8274712     0.62198391     0.57210494
  -14.8174696     0.69503292     0.64001241
  -14.8074679     0.76452294     0.70899856
  -14.7974662     0.82207461     0.77238467
  -14.7874646     0.86003958     0.82278677
  -14.7774629     0.87364846     0.85403670
  -14.7674612     0.86264426     0.86296752
  -14.7574596     0.83174951     0.85054488
  -14.7474579     0.78954283     0.82186830
  -14.7374562     0.74592221     0.78482507
  -14.7274546     0.70905887     0.74770626
  -14.7174529     0.68311372     0.71666353
  -14.7074512     0.66766262     0.69408703
  -14.6974496     0.65889967     0.67858252
  -14.6874479     0.65180901     0.66640960
  -14.6774462     0.64214569     0.65352182
  -14.6674446     0.62738451     0.63715592
  -14.6574429     0.60649888     0.61630652
  -14.6474412     0.57908382     0.59110527
  -14.6374396     0.54461884     0.56171366
  -14.6274379     0.50248009     0.52756151
  -14.6174362     0.45277916     0.48752551
  -14.6074346     0.39752244     0.44105471
  -14.5974329     0.34129106     0.38961604
  -14.5874312     0.29083159     0.33752982
  -14.5774296     0.25351525     0.29151341
  -14.5674279     0.23523545     0.25892824
  -14.5574262     0.23863087     0.24544044
  -14.5474246     0.26240029     0.25315231
  -14.5374229     0.30198810     0.28006028
  -14.5274212     0.35129444     0.32105795
  -14.5174196     0.40459772     0.36995124
  -14.5074179     0.45783701     0.42148344
  -14.4974162     0.50884030     0.47245367
  -14.4874146     0.55672122     0.52161003
  -14.4774129     0.60103789     0.56870408
  -14.4674112     0.64116014     0.61341192
  -14.4574096     0.67586697     0.65459861
  -14.4474079     0.70301162     0.68996838
  -14.4374062     0.71937605     0.71600098
  -14.4274046     0.72121250     0.72832567
  -14.4174029     0.70582558     0.72288555
  -14.4074012     0.67374969     0.69790999
  -14.3973996     0.63025131     0.65593261
  -14.3873979     0.58486988     0.60456729
  -14.3773962     0.54872750     0.55511929
  -14.3673946     0.53072888     0.51927088
  -14.3573929     0.53456354     0.50525939
  -14.3473912     0.55808561     0.51536254
  -14.3373896     0.59540485     0.54590491
  -14.3273879     0.64056765     0.58978185
  -14.3173862     0.69077479     0.64026601
  -14.3073846     0.74718109     0.69414564
  -14.2973829     0.81255401     0.75241249
  -14.2873812     0.88695409     0.81788342
  -14.2773796     0.96410673     0.89091774
  -14.2673779     1.03117296     0.96583178
  -14.2573762     1.07285814     1.03064379
  -14.2473746     1.07811134     1.07104550
  -14.2373729     1.04576834     1.07685268
  -14.2273712     0.98574955     1.04733118
  -14.2173696     0.91484261     0.99210350
  -14.2073679     0.84921964     0.92680515
  -14.1973662     0.79770761     0.86577916
  -14.1873646     0.75931009     0.81587136
  -14.1773629     0.72596397     0.77468780
  -14.1673612     0.68860354     0.73399130
  -14.1573596     0.64301478     0.68598052
  -14.1473579     0.59247771     0.62879268
  -14.1373562     0.54627830     0.56838358
  -14.1273546     0.51544310     0.51622576
  -14.1173529     0.50821322     0.48450549
  -14.1073512     0.52737714     0.48144384
  -14.0973496     0.57015234     0.50875498
  -14.0873479     0.62987592     0.56177697
  -14.0773462     0.69814778     0.63148406
  -14.0673446     0.76640958     0.70707710
  -14.0573429     0.82676320     0.77815466
  -14.0473412     0.87247707     0.83612392
  -14.0373396     0.89871071     0.87500936
  -14.0273379     0.90356092     0.89193788
  -14.0173362     0.88896572     0.88741043
  -14.0073346     0.86072471     0.86524037
  -13.9973329     0.82715351     0.83193249
  -13.9873312     0.79659355     0.79537746
  -13.9773296     0.77472449     0.76301723
  -13.9673279     0.76287042     0.73996071
  -13.9573262     0.75803992     0.72769626
  -13.9473246     0.75456183     0.72391241
  -13.9373229     0.74643270     0.72352878
  -13.9273212     0.72930689     0.72054895
  -13.9173196     0.70144907     0.71001780
  -13.9073179     0.66360199     0.68935129
  -13.8973162     0.61821160     0.65861818
  -13.8873146     0.56858344     0.61985619
  -13.8773129     0.51834020     0.57595393
  -13.8673112     0.47119625     0.52976971
  -13.8573096     0.43079607     0.48388568
  -13.8473079     0.40033592     0.44088636
  -13.8373062     0.38189141     0.40366342
  -13.8273046     0.37565392     0.37525963
  -13.8173029     0.37945379     0.35813472
  -13.8073012     0.38891847     0.35316630
  -13.7972995     0.39838702     0.35890018
  -13.7872979     0.40236679     0.37146780
  -13.7772962     0.39701713     0.38531190
  -13.7672945     0.38105484     0.39454892
  -13.7572929     0.35570245     0.39453098
  -13.7472912     0.32376777     0.38303539
  -13.7372895     0.28837860     0.36060650
  -13.7272879     0.25201500     0.32993262
  -13.7172862     0.21621033     0.29460172
  -13.7072845     0.18183870     0.25786244
  -13.6972829     0.14959204     0.22192871
  -13.6872812     0.12025536     0.18798012
  -13.6772795     0.09464287     0.15660325
  -13.6672779     0.07333265     0.12825288
  -13.6572762     0.05644429     0.10343767
  -13.6472745     0.04361574     0.08260287
  -13.6372729     0.03416530     0.06588919
  -13.6272712     0.02731260     0.05298277
  -13.6172695     0.02233746     0.04316565
  -13.6072679     0.01863894     0.03553172
  -13.5972662     0.01573444     0.02924664
  -13.5872645     0.01325565     0.02373242
  -13.5772629     0.01096302     0.01872073
  -13.5672612     0.00875949     0.01419108
  -13.5572595     0.00667552     0.01025226
  -13.5472579     0.00482036     0.00702869
  -13.5372562     0.00332303     0.00459228
  -13.5272545     0.00229511     0.00295156
  -13.5172529     0.00183229     0.00208670
  -13.5072512     0.00204549     0.00200503
  -13.4972495     0.00309141     0.00278529
  -13.4872479     0.00516602     0.00457954
  -13.4772462     0.00843618     0.00755201
  -13.4672445     0.01291441     0.01175652
  -13.4572429     0.01832228     0.01699075
  -13.4472412     0.02401994     0.02269926
  -13.4372395     0.02907519     0.02800345
  -13.4272379     0.03248986     0.03189306
  -13.4172362     0.03351425     0.03353038
  -13.4072345     0.03191348     0.03254164
  -13.3972329     0.02805594     0.02915604
  -13.3872312     0.02277969     0.02412255
  -13.3772295     0.01710676     0.01844871
  -13.3672279     0.01194560     0.01309222
  -13.3572262     0.00790818     0.00874261
  -13.3472245     0.00528907     0.00576255
  -13.3372229     0.00416507     0.00426649
  -13.3272212     0.00452452     0.00425257
  -13.3172195     0.00634026     0.00569640
  -13.3072179     0.00954524     0.00855174
  -13.2972162     0.01392962     0.01266204
  -13.2872145     0.01902930     0.01764137
  -13.2772129     0.02409547     0.02281345
  -13.2672112     0.02820639     0.02728260
  -13.2572095     0.03051078     0.03014787
  -13.2472079     0.03051060     0.03078810
  -13.2372062     0.02825271     0.02909069
  -13.2272045     0.02433434     0.02551196
  -13.2172029     0.01971919     0.02093910
  -13.2072012     0.01545044     0.01642054
  -13.1971995     0.01237823     0.01288161
  -13.1871979     0.01098335     0.01092144
  -13.1771962     0.01131621     0.01072463
  -13.1671945     0.01302836     0.01206934
  -13.1571929     0.01547097     0.01440194
  -13.1471912     0.01784846     0.01696475
  -13.1371895     0.01941309     0.01897124
  -13.1271879     0.01966179     0.01980450
  -13.1171862     0.01847279     0.01918419
  -13.1071845     0.01613076     0.01723987
  -13.0971829     0.01323706     0.01446388
  -13.0871812     0.01055841     0.01157561
  -13.0771795     0.00888847     0.00936988
  -13.0671779     0.00896586     0.00861193
  -13.0571762     0.01143057     0.00998722
  -13.0471745     0.01675638     0.01405598
  -13.0371729     0.02510838     0.02114692
  -13.0271712     0.03614580     0.03117348
  -13.0171695     0.04887548     0.04344342
  -13.0071679     0.06169477     0.05659790
  -12.9971662     0.07269605     0.06879609
  -12.9871645     0.08016200     0.07814462
  -12.9771629     0.08305096     0.08322069
  -12.9671612     0.08125618     0.08346151
  -12.9571595     0.07554481     0.07925571
  -12.9471579     0.06725956     0.07173906
  -12.9371562     0.05796863     0.06244596
  -12.9271545     0.04921293     0.05299628
  -12.9171529     0.04237172     0.04490189
  -12.9071512     0.03856226     0.03945123
  -12.8971495     0.03848763     0.03757874
  -12.8871479     0.04223805     0.03967901
  -12.8771462     0.04915484     0.04543011
  -12.8671445     0.05789529     0.05375890
  -12.8571429     0.06675838     0.06305218
  -12.8471412     0.07418051     0.07159426
  -12.8371395     0.07918212     0.07806428
  -12.8271379     0.08153770     0.08185429
  -12.8171362     0.08158386     0.08304453
  -12.8071345     0.07979734     0.08206812
  -12.7971329     0.07641900     0.07929081
  -12.7871312     0.07135934     0.07477877
  -12.7771295     0.06441903     0.06838731
  -12.7671279     0.05564120     0.06007344
  -12.7571262     0.04553702     0.05018804
  -12.7471245     0.03503503     0.03953747
  -12.7371229     0.02519871     0.02917869
  -12.7271212     0.01689294     0.02008484
  -12.7171195     0.01057863     0.01287517
  -12.7071179     0.00631062     0.00773168
  -12.6971162     0.00389674     0.00450307
  -12.6871145     0.00311519     0.00291119
  -12.6771129     0.00389224     0.00275810
  -12.6671112     0.00637700     0.00406122
  -12.6571095     0.01088507     0.00707766
  -12.6471079     0.01771203     0.01220076
  -12.6371062     0.02685766     0.01973357
  -12.6271045     0.03775633     0.02958801
  -12.6171029     0.04915229     0.04102095
  -12.6071012     0.05924387     0.05256037
  -12.5970995     0.06612085     0.06223946
  -12.5870978     0.06836707     0.06812760
  -12.5770962     0.06558748     0.06897864
  -12.5670945     0.05862944     0.06472094
  -12.5570928     0.04941368     0.05656914
  -12.5470912     0.04047971     0.04672709
  -12.5370895     0.03445742     0.03784854
  -12.5270878     0.03363782     0.03249671
  -12.5170862     0.03967816     0.03275670
  -12.5070845     0.05336383     0.03999263
  -12.4970828     0.07435685     0.05464475
  -12.4870812     0.10098071     0.07600864
  -12.4770795     0.13021528     0.10208471
  -12.4670778     0.15807785     0.12969358
  -12.4570762     0.18040923     0.15500010
  -12.4470745     0.19385817     0.17437668
  -12.4370728     0.19671890     0.18530656
  -12.4270712     0.18932381     0.18695904
  -12.4170695     0.17388838     0.18022766
  -12.4070678     0.15391641     0.16729666
  -12.3970662     0.13338826     0.15099402
  -12.3870645     0.11595912     0.13419028
  -12.3770628     0.10434400     0.11937060
  -12.3670612     0.10000344     0.10838807
  -12.3570595     0.10316257     0.10237809
  -12.3470578     0.11308419     0.10182677
  -12.3370562     0.12841279     0.10675423
  -12.3270545     0.14739149     0.11689066
  -12.3170528     0.16787548     0.13168280
  -12.3070512     0.18726655     0.15006527
  -12.2970495     0.20262891     0.17013899
  -12.2870478     0.21118661     0.18906924
  -12.2770462     0.21114855     0.20348651
  -12.2670445     0.20251732     0.21040907
  -12.2570428     0.18742697     0.20835299
  -12.2470412     0.16972575     0.19808983
  -12.2370395     0.15388159     0.18261579
  -12.2270378     0.14362167     0.16626531
  -12.2170362     0.14083660     0.15331968
  -12.2070345     0.14515059     0.14668298
  -12.1970328     0.15428195     0.14712748
  -12.1870312     0.16503307     0.15332970
  -12.1770295     0.17454922     0.16260248
  -12.1670278     0.18141271     0.17201029
  -12.1570262     0.18620193     0.17947629
  -12.1470245     0.19132926     0.18453305
  -12.1370228     0.20022176     0.18850279
  -12.1270212     0.21613094     0.19408232
  -12.1170195     0.24096770     0.20449211
  -12.1070178     0.27452749     0.22246062
  -12.0970162     0.31433446     0.24932511
  -12.0870145     0.35615541     0.28446982
  -12.0770128     0.39505646     0.32524606
  -12.0670112     0.42671718     0.36743983
  -12.0570095     0.44860210     0.40623652
  -12.0470078     0.46057459     0.43745741
  -12.0370062     0.46468940     0.45866847
  -12.0270045     0.46421783     0.46971936
  -12.0170028     0.46232023     0.47246191
  -12.0070012     0.46096048     0.46977762
  -11.9969995     0.46050139     0.46439698
  -11.9869978     0.46000064     0.45807232
  -11.9769962     0.45784061     0.45139391
  -11.9669945     0.45226408     0.44411162
  -11.9569928     0.44166603     0.43556682
  -11.9469912     0.42482323     0.42493636
  -11.9369895     0.40130478     0.41131218
  -11.9269878     0.37204703     0.39386892
  -11.9169862     0.33976131     0.37229595
  -11.9069845     0.30878597     0.34737541
  -11.8969828     0.28426073     0.32135803
  -11.8869812     0.27086977     0.29782535
  -11.8769795     0.27159375     0.28098370
  -11.8669778     0.28685210     0.27459695
  -11.8569762     0.31424225     0.28087859
  -11.8469745     0.34895320     0.29964869
  -11.8369728     0.38485098     0.32802396
  -11.8269712     0.41607878     0.36086784
  -11.8169695     0.43873225     0.39207713
  -11.8069678     0.45192199     0.41643921
  -11.7969662     0.45760771     0.43137560
  -11.7869645     0.45911273     0.43770111
  -11.7769628     0.45897744     0.43884496
  -11.7669612     0.45729314     0.43875457
  -11.7569595     0.45147785     0.43950637
  -11.7469578     0.43765879     0.43992946
  -11.7369562     0.41290703     0.43604728
  -11.7269545     0.37712146     0.42312855
  -11.7169528     0.33362686     0.39824717
  -11.7069512     0.28829140     0.36202905
  -11.6969495     0.24767835     0.31878875
  -11.6869478     0.21706141     0.27512613
  -11.6769462     0.19902559     0.23772834
  -11.6669445     0.19304761     0.21131641
  -11.6569428     0.19609600     0.19745405
  -11.6469412     0.20398061     0.19453124
  -11.6369395     0.21293585     0.19882088
  -11.6269378     0.22081711     0.20615097
  -11.6169362     0.22743350     0.21350294
  -11.6069345     0.23393123     0.21986221
  -11.5969328     0.24160134     0.22598394
  -11.5869312     0.25074974     0.23327960
  -11.5769295     0.26019093     0.24247842
  -11.5669278     0.26758268     0.25279688
  -11.5569262     0.27042624     0.26202483
  -11.5469245     0.26729927     0.26743700
  -11.5369228     0.25881988     0.26706284
  -11.5269212     0.24792128     0.26075230
  -11.5169195     0.23921813     0.25061404
  -11.5069178     0.23756230     0.24064266
  -11.4969162     0.24625577     0.23560633
  -11.4869145     0.26563741     0.23950934
  -11.4769128     0.29268539     0.25413549
  -11.4669112     0.32183687     0.27821602
  -11.4569095     0.34664681     0.30756602
  -11.4469078     0.36154978     0.33614548
  -11.4369062     0.36307754     0.35763060
  -11.4269045     0.35031067     0.36694150
  -11.4169028     0.32476075     0.36131643
  -11.4069012     0.29000490     0.34079810
  -11.3968995     0.25122797     0.30819723
  -11.3868978     0.21460647     0.26863403
  -11.3768961     0.18642421     0.22871375
  -11.3668945     0.17196934     0.19539831
  -11.3568928     0.17447047     0.17473416
  -11.3468911     0.19441000     0.17070831
  -11.3368895     0.22945026     0.18452190
  -11.3268878     0.27499661     0.21446296
  -11.3168861     0.32522157     0.25638333
  -11.3068845     0.37426470     0.30463011
  -11.2968828     0.41731794     0.35320012
  -11.2868811     0.45137027     0.39687182
  -11.2768795     0.47548311     0.43209119
  -11.2668778     0.49058357     0.45743058
  -11.2568761     0.49888968     0.47351737
  -11.2468745     0.50319440     0.48246226
  -11.2368728     0.50627396     0.48699182
  -11.2268711     0.51060231     0.48963507
  -11.2168695     0.51835968     0.49232424
  -11.2068678     0.53152316     0.49657548
  -11.1968661     0.55176080     0.50406100
  -11.1868645     0.57999611     0.51706066
  -11.1768628     0.61580514     0.53824761
  -11.1668611     0.65706315     0.56964851
  -11.1568595     0.70027062     0.61125970
  -11.1468578     0.74167956     0.66025527
  -11.1368561     0.77883805     0.71157197
  -11.1268545     0.81176427     0.75986348
  -11.1168528     0.84296199     0.80185924
  -11.1068511     0.87602361     0.83773392
  -11.0968495     0.91341895     0.87058492
  -11.0868478     0.95471570     0.90427037
  -11.0768461     0.99639978     0.94091642
  -11.0668445     1.03355547     0.97962360
  -11.0568428     1.06244237     1.01711815
  -11.0468411     1.08231896     1.04982818
  -11.0368395     1.09527732     1.07596319
  -11.0268378     1.10417160     1.09622421
  -11.0168361     1.11006005     1.11270714
  -11.0068345     1.11098848     1.12676047
  -10.9968328     1.10311029     1.13726297
  -10.9868311     1.08362081     1.14058063
  -10.9768295     1.05380742     1.13247882
  -10.9668278     1.02043195     1.11108613
  -10.9568261     0.99463311     1.07931944
  -10.9468245     0.98884085     1.04539493
  -10.9368228     1.01300893     1.02103920
  -10.9268211     1.07147084     1.01816348
  -10.9168195     1.16118860     1.04537664
  -10.9068178     1.27162381     1.10549612
  -10.8968161     1.38620407     1.19449309
  -10.8868145     1.48526524     1.30171397
  -10.8768128     1.55011399     1.41114925
  -10.8668111     1.56737102     1.50378310
  -10.8568095     1.53230214     1.56110312
  -10.8468078     1.44988429     1.56934402
  -10.8368061     1.33310468     1.52326356
  -10.8268045     1.19914413     1.42790581
  -10.8168028     1.06497756     1.29738044
  -10.8068011     0.94399679     1.15096961
  -10.7967995     0.84453556     1.00808487
  -10.7867978     0.77017592     0.88399417
  -10.7767961     0.72104317     0.78765431
  -10.7667945     0.69520857     0.72186518
  -10.7567928     0.68965265     0.68497932
  -10.7467911     0.70066991     0.67299745
  -10.7367895     0.72390268     0.68110187
  -10.7267878     0.75433429     0.70426809
  -10.7167861     0.78656283     0.73720194
  -10.7067845     0.81551146     0.77418940
  -10.6967828     0.83744327     0.80938912
  -10.6867811     0.85087883     0.83771237
  -10.6767795     0.85694483     0.85597041
  -10.6667778     0.85888507     0.86371761
  -10.6567761     0.86082783     0.86332432
  -10.6467745     0.86622981     0.85917492
  -10.6367728     0.87657280     0.85625814
  -10.6267711     0.89083779     0.85861437
  -10.6167695     0.90603353     0.86811453
  -10.6067678     0.91864427     0.88394815
  -10.5967661     0.92641104     0.90303131
  -10.5867645     0.92961291     0.92127971
  -10.5767628     0.93118893     0.93534154
  -10.5667611     0.93561770     0.94409516
  -10.5567595     0.94712436     0.94920417
  -10.5467578     0.96809588     0.95439202
  -10.5367561     0.99837017     0.96371636
  -10.5267545     1.03551651     0.97965934
  -10.5167528     1.07573986     1.00198308
  -10.5067511     1.11489459     1.02792243
  -10.4967495     1.14926211     1.05358774
  -10.4867478     1.17600370     1.07580674
  -10.4767461     1.19334793     1.09340901
  -10.4667445     1.20058165     1.10728731
  -10.4567428     1.19788143     1.11927614
  -10.4467411     1.18603864     1.13055764
  -10.4367395     1.16619025     1.14053969
  -10.4267378     1.13969329     1.14682435
  -10.4167361     1.10821398     1.14623090
  -10.4067345     1.07396239     1.13627977
  -10.3967328     1.03988255     1.11639248
  -10.3867311     1.00959134     1.08832785
  -10.3767295     0.98696460     1.05581487
  -10.3667278     0.97543317     1.02367975
  -10.3567261     0.97718616     0.99685652
  -10.3467245     0.99252156     0.97954945
  -10.3367228     1.01952775     0.97461598
  -10.3267211     1.05416717     0.98310991
  -10.3167195     1.09073919     1.00394089
  -10.3067178     1.12267247     1.03373154
  -10.2967161     1.14360537     1.06705788
  -10.2867145     1.14865908     1.09722081
  -10.2767128     1.13564224     1.11750589
  -10.2667111     1.10575309     1.12265238
  -10.2567095     1.06336810     1.11011315
  -10.2467078     1.01482709     1.08071629
  -10.2367061     0.96659897     1.03850550
  -10.2267045     0.92354107     0.98976007
  -10.2167028     0.88793066     0.94141709
  -10.2067011     0.85957308     0.89931052
  -10.1966994     0.83679227     0.86676227
  -10.1866978     0.81773941     0.84402166
  -10.1766961     0.80137330     0.82878035
  -10.1666944     0.78769420     0.81754356
  -10.1566928     0.77723658     0.80723098
  -10.1466911     0.77022784     0.79626969
  -10.1366894     0.76598494     0.78473173
  -10.1266878     0.76295663     0.77361135
  -10.1166861     0.75942233     0.76380651
  -10.1066844     0.75445806     0.75547595
  -10.0966828     0.74859837     0.74812430
  -10.0866811     0.74375990     0.74123862
  -10.0766794     0.74237801     0.73492313
  -10.0666778     0.74614160     0.73001374
  -10.0566761     0.75495883     0.72756509
  -10.0466744     0.76670097     0.72807930
  -10.0366728     0.77788882     0.73103446
  -10.0266711     0.78500864     0.73504735
  -10.0166694     0.78583078     0.73855477
  -10.0066678     0.78011234     0.74055461
   -9.9966661     0.76937989     0.74093498
   -9.9866644     0.75594435     0.74021102
   -9.9766628     0.74167560     0.73886851
   -9.9666611     0.72717395     0.73674866
   -9.9566594     0.71175306     0.73288039
   -9.9466578     0.69419325     0.72590673
   -9.9366561     0.67378558     0.71489792
   -9.9266544     0.65103110     0.70008497
   -9.9166528     0.62759562     0.68304205
   -9.9066511     0.60559509     0.66613466
   -9.8966494     0.58668500     0.65148757
   -9.8866478     0.57149569     0.64004105
   -9.8766461     0.55968718     0.63123282
   -9.8666444     0.55050704     0.62347094
   -9.8566428     0.54348141     0.61510090
   -9.8466411     0.53886460     0.60532800
   -9.8366394     0.53765608     0.59466539
   -9.8266378     0.54121748     0.58480445
   -9.8166361     0.55067488     0.57808681
   -9.8066344     0.56633971     0.57683317
   -9.7966328     0.58734912     0.58269840
   -9.7866311     0.61164859     0.59613459
   -9.7766294     0.63634065     0.61605466
   -9.7666278     0.65831351     0.63984440
   -9.7566261     0.67496038     0.66384186
   -9.7466244     0.68474115     0.68422623
   -9.7366228     0.68737182     0.69802185
   -9.7266211     0.68357478     0.70380160
   -9.7166194     0.67453208     0.70178851
   -9.7066178     0.66133483     0.69336167
   -9.6966161     0.64470624     0.68028136
   -9.6866144     0.62509235     0.66405356
   -9.6766128     0.60299093     0.64569428
   -9.6666111     0.57928203     0.62586321
   -9.6566094     0.55538513     0.60513446
   -9.6466078     0.53321073     0.58418688
   -9.6366061     0.51496338     0.56385984
   -9.6266044     0.50284259     0.54515042
   -9.6166028     0.49863911     0.52920773
   -9.6066011     0.50323273     0.51726516
   -9.5965994     0.51608960     0.51040292
   -9.5865978     0.53496874     0.50914233
   -9.5765961     0.55607961     0.51306206
   -9.5665944     0.57481962     0.52070899
   -9.5565928     0.58697686     0.52994410
   -9.5465911     0.59000936     0.53859474
   -9.5365894     0.58386251     0.54508775
   -9.5265878     0.57089206     0.54876620
   -9.5165861     0.55483340     0.54980296
   -9.5065844     0.53924029     0.54883496
   -9.4965828     0.52613475     0.54651388
   -9.4865811     0.51553630     0.54312443
   -9.4765794     0.50606797     0.53837770
   -9.4665778     0.49623334     0.53148816
   -9.4565761     0.48560068     0.52160449
   -9.4465744     0.47524564     0.50850065
   -9.4365728     0.46729660     0.49320784
   -9.4265711     0.46394951     0.47817536
   -9.4165694     0.46653324     0.46672980
   -9.4065678     0.47503421     0.46198167
   -9.3965661     0.48813250     0.46565697
   -9.3865644     0.50355234     0.47738524
   -9.3765628     0.51852320     0.49473656
   -9.3665611     0.53028884     0.51394109
   -9.3565594     0.53668906     0.53096563
   -9.3465578     0.53676942     0.54256629
   -9.3365561     0.53122547     0.54704420
   -9.3265544     0.52242942     0.54458696
   -9.3165528     0.51391088     0.53719097
   -9.3065511     0.50940396     0.52820787
   -9.2965494     0.51177620     0.52157696
   -9.2865478     0.52220652     0.52084586
   -9.2765461     0.53988082     0.52817151
   -9.2665444     0.56229441     0.54359893
   -9.2565428     0.58605914     0.56493961
   -9.2465411     0.60794927     0.58841880
   -9.2365394     0.62582921     0.60993540
   -9.2265378     0.63914662     0.62644212
   -9.2165361     0.64885824     0.63684091
   -9.2065344     0.65690169     0.64202203
   -9.1965328     0.66548504     0.64413643
   -9.1865311     0.67644666     0.64558180
   -9.1765294     0.69079074     0.64824686
   -9.1665278     0.70837602     0.65327852
   -9.1565261     0.72773744     0.66123885
   -9.1465244     0.74612067     0.67229171
   -9.1365227     0.75987265     0.68613897
   -9.1265211     0.76524611     0.70171805
   -9.1165194     0.75946087     0.71694280
   -9.1065178     0.74165958     0.72882184
   -9.0965161     0.71335669     0.73409383
   -9.0865144     0.67816457     0.73021399
   -9.0765127     0.64089891     0.71630411
   -9.0665111     0.60643129     0.69366152
   -9.0565094     0.57871315     0.66560126
   -9.0465077     0.56022947     0.63666871
   -9.0365061     0.55188863     0.61148102
   -9.0265044     0.55319654     0.59356234
   -9.0165028     0.56256794     0.58452614
   -9.0065011     0.57771452     0.58385585
   -8.9964994     0.59608755     0.58936315
   -8.9864977     0.61529863     0.59817265
   -8.9764961     0.63338489     0.60784946
   -8.9664944     0.64883051     0.61717497
   -8.9564928     0.66040556     0.62620666
   -8.9464911     0.66701770     0.63562324
   -8.9364894     0.66776945     0.64576326
   -8.9264877     0.66226019     0.65594915
   -8.9164861     0.65097645     0.66451069
   -8.9064844     0.63551015     0.66949109
   -8.8964828     0.61840165     0.66961291
   -8.8864811     0.60258714     0.66495047
   -8.8764794     0.59063428     0.65695929
   -8.8664777     0.58406321     0.64789546
   -8.8564761     0.58301294     0.63996963
   -8.8464744     0.58635151     0.63464621
   -8.8364728     0.59213815     0.63232941
   -8.8264711     0.59823042     0.63243394
   -8.8164694     0.60282975     0.63369328
   -8.8064677     0.60483648     0.63456030
   -8.7964661     0.60396993     0.63362305
   -8.7864644     0.60066394     0.62998479
   -8.7764627     0.59578985     0.62352404
   -8.7664611     0.59030697     0.61493013
   -8.7564594     0.58497516     0.60547097
   -8.7464577     0.58023837     0.59657306
   -8.7364561     0.57629153     0.58938514
   -8.7264544     0.57323413     0.58448529
   -8.7164527     0.57117457     0.58179926
   -8.7064511     0.57021047     0.58070771
   -8.6964494     0.57032068     0.58028768
   -8.6864477     0.57127837     0.57963683
   -8.6764461     0.57267543     0.57821452
   -8.6664444     0.57405696     0.57609319
   -8.6564427     0.57507011     0.57399239
   -8.6464411     0.57551008     0.57301959
   -8.6364394     0.57522073     0.57416249
   -8.6264377     0.57392934     0.57771021
   -8.6164361     0.57117056     0.58285425
   -8.6064344     0.56641654     0.58769168
   -8.5964327     0.55939077     0.58971621
   -8.5864311     0.55039687     0.58667635
   -8.5764294     0.54044351     0.57748596
   -8.5664277     0.53103501     0.56279694
   -8.5564261     0.52367537     0.54495218
   -8.5464244     0.51929724     0.52730068
   -8.5364227     0.51788618     0.51314395
   -8.5264211     0.51849447     0.50473921
   -8.5164194     0.51967096     0.50273305
   -8.5064177     0.52015025     0.50618409
   -8.4964161     0.51951778     0.51308672
   -8.4864144     0.51854576     0.52114913
   -8.4764127     0.51899988     0.52854436
   -8.4664111     0.52293009     0.53440769
   -8.4564094     0.53170701     0.53894739
   -8.4464077     0.54522418     0.54315560
   -8.4364061     0.56165075     0.54824319
   -8.4264044     0.57787999     0.55503455
   -8.4164027     0.59049601     0.56357325
   -8.4064011     0.59685400     0.57307795
   -8.3963994     0.59585678     0.58221532
   -8.3863977     0.58818790     0.58953437
   -8.3763961     0.57599894     0.59389438
   -8.3663944     0.56221707     0.59477175
   -8.3563927     0.54970120     0.59237209
   -8.3463911     0.54047165     0.58748998
   -8.3363894     0.53521163     0.58111413
   -8.3263877     0.53318196     0.57391100
   -8.3163861     0.53257788     0.56586052
   -8.3063844     0.53120354     0.55631247
   -8.2963827     0.52721432     0.54450856
   -8.2863811     0.51965398     0.53028696
   -8.2763794     0.50860886     0.51450163
   -8.2663777     0.49496952     0.49882184
   -8.2563761     0.47995090     0.48496772
   -8.2463744     0.46460964     0.47381584
   -8.2363727     0.44957653     0.46490761
   -8.2263711     0.43510005     0.45665369
   -8.2163694     0.42133056     0.44712697
   -8.2063677     0.40864735     0.43503401
   -8.1963661     0.39781484     0.42040103
   -8.1863644     0.38985440     0.40468215
   -8.1763627     0.38567591     0.39026724
   -8.1663611     0.38564171     0.37960855
   -8.1563594     0.38927747     0.37432417
   -8.1463577     0.39528272     0.37463642
   -8.1363561     0.40185606     0.37935880
   -8.1263544     0.40719553     0.38639916
   -8.1163527     0.40994550     0.39351105
   -8.1063511     0.40940068     0.39893240
   -8.0963494     0.40542861     0.40166338
   -8.0863477     0.39823931     0.40137917
   -8.0763461     0.38819991     0.39817577
   -8.0663444     0.37582388     0.39237580
   -8.0563427     0.36191790     0.38448538
   -8.0463411     0.34774420     0.37523125
   -8.0363394     0.33502384     0.36555327
   -8.0263377     0.32567501     0.35649865
   -8.0163361     0.32131787     0.34906606
   -8.0063344     0.32271958     0.34407501
   -7.9963327     0.32942659     0.34207885
   -7.9863311     0.33977694     0.34327661
   -7.9763294     0.35131856     0.34738969
   -7.9663277     0.36147236     0.35355077
   -7.9563261     0.36818610     0.36032372
   -7.9463244     0.37036610     0.36595275
   -7.9363227     0.36799218     0.36882116
   -7.9263211     0.36193034     0.36795954
   -7.9163194     0.35352269     0.36337384
   -7.9063177     0.34407801     0.35601651
   -7.8963161     0.33442812     0.34737630
   -7.8863144     0.32472428     0.33884136
   -7.8763127     0.31457842     0.33111019
   -7.8663111     0.30350528     0.32392667
   -7.8563094     0.29146206     0.31628892
   -7.8463077     0.27920412     0.30707151
   -7.8363061     0.26823827     0.29579358
   -7.8263044     0.26034191     0.28316278
   -7.8163027     0.25684148     0.27109309
   -7.8063011     0.25798720     0.26212491
   -7.7962994     0.26273335     0.25846532
   -7.7862977     0.26903746     0.26106611
   -7.7762961     0.27453565     0.26915228
   -7.7662944     0.27728534     0.28040504
   -7.7562927     0.27628045     0.29170299
   -7.7462910     0.27160391     0.30009329
   -7.7362894     0.26426798     0.30361018
   -7.7262877     0.25588916     0.30168375
   -7.7162860     0.24832695     0.29509350
   -7.7062844     0.24334173     0.28559681
   -7.6962827     0.24228078     0.27542281
   -7.6862810     0.24581337     0.26677670
   -7.6762794     0.25377395     0.26141925
   -7.6662777     0.26517684     0.26034649
   -7.6562760     0.27841534     0.26360914
   -7.6462744     0.29158586     0.27033564
   -7.6362727     0.30284137     0.27899590
   -7.6262710     0.31069829     0.28785409
   -7.6162694     0.31426465     0.29545807
   -7.6062677     0.31337696     0.30097675
   -7.5962660     0.30861923     0.30426315
   -7.5862644     0.30118476     0.30565715
   -7.5762627     0.29257202     0.30566517
   -7.5662610     0.28417966     0.30468860
   -7.5562594     0.27693779     0.30290529
   -7.5462577     0.27112647     0.30029785
   -7.5362560     0.26646625     0.29675103
   -7.5262544     0.26244164     0.29214832
   -7.5162527     0.25869870     0.28645235
   -7.5062510     0.25531103     0.27978566
   -7.4962494     0.25277018     0.27250395
   -7.4862477     0.25170196     0.26520805
   -7.4762460     0.25245892     0.25863884
   -7.4662444     0.25480273     0.25346500
   -7.4562427     0.25783801     0.25005687
   -7.4462410     0.26023060     0.24836550
   -7.4362394     0.26061630     0.24796450
   -7.4262377     0.25803747     0.24821262
   -7.4162360     0.25224743     0.24843790
   -7.4062344     0.24378167     0.24806770
   -7.3962327     0.23378510     0.24669818
   -7.3862310     0.22367689     0.24413870
   -7.3762294     0.21479118     0.24044886
   -7.3662277     0.20812224     0.23594136
   -7.3562260     0.20422897     0.23111422
   -7.3462244     0.20326077     0.22651982
   -7.3362227     0.20501428     0.22263068
   -7.3262210     0.20895313     0.21976605
   -7.3162194     0.21419975     0.21808974
   -7.3062177     0.21957821     0.21763049
   -7.2962160     0.22378671     0.21826835
   -7.2862144     0.22569997     0.21968166
   -7.2762127     0.22470017     0.22131045
   -7.2662110     0.22089099     0.22240863
   -7.2562094     0.21509847     0.22221273
   -7.2462077     0.20866673     0.22018239
   -7.2362060     0.20313629     0.21621816
   -7.2262044     0.19990538     0.21076591
   -7.2162027     0.19993967     0.20476532
   -7.2062010     0.20356854     0.19945925
   -7.1961994     0.21040897     0.19612079
   -7.1861977     0.21946157     0.19576873
   -7.1761960     0.22938387     0.19893953
   -7.1661944     0.23886461     0.20557276
   -7.1561927     0.24695705     0.21504177
   -7.1461910     0.25324063     0.22631784
   -7.1361894     0.25777357     0.23820776
   -7.1261877     0.26091012     0.24958335
   -7.1161860     0.26310537     0.25954383
   -7.1061844     0.26479054     0.26750151
   -7.0961827     0.26631428     0.27321593
   -7.0861810     0.26788602     0.27679505
   -7.0761794     0.26947392     0.27864906
   -7.0661777     0.27068775     0.27936460
   -7.0561760     0.27075172     0.27949371
   -7.0461744     0.26867192     0.27931115
   -7.0361727     0.26360827     0.27864562
   -7.0261710     0.25532108     0.27689070
   -7.0161694     0.24447474     0.27323868
   -7.0061677     0.23261600     0.26707494
   -6.9961660     0.22179594     0.25837380
   -6.9861644     0.21398277     0.24790653
   -6.9761627     0.21051064     0.23713895
   -6.9661610     0.21177234     0.22783920
   -6.9561594     0.21722891     0.22155799
   -6.9461577     0.22566717     0.21920066
   -6.9361560     0.23556683     0.22085058
   -6.9261544     0.24545251     0.22587317
   -6.9161527     0.25415855     0.23321059
   -6.9061510     0.26097695     0.24172583
   -6.8961494     0.26568254     0.25047046
   -6.8861477     0.26845336     0.25880141
   -6.8761460     0.26973806     0.26633749
   -6.8661444     0.27014013     0.27281571
   -6.8561427     0.27036365     0.27795943
   -6.8461410     0.27120401     0.28147038
   -6.8361394     0.27351431     0.28318350
   -6.8261377     0.27808084     0.28331152
   -6.8161360     0.28540309     0.28262654
   -6.8061344     0.29545456     0.28243280
   -6.7961327     0.30754558     0.28427823
   -6.7861310     0.32038399     0.28947814
   -6.7761293     0.33234467     0.29861942
   -6.7661277     0.34186078     0.31123903
   -6.7561260     0.34779505     0.32581731
   -6.7461243     0.34966694     0.34011502
   -6.7361227     0.34768244     0.35175399
   -6.7261210     0.34259277     0.35884861
   -6.7161193     0.33545865     0.36047996
   -6.7061177     0.32740861     0.35687259
   -6.6961160     0.31946257     0.34924914
   -6.6861144     0.31245511     0.33944508
   -6.6761127     0.30704315     0.32942445
   -6.6661110     0.30373846     0.32083845
   -6.6561094     0.30289299     0.31473050
   -6.6461077     0.30460393     0.31143469
   -6.6361060     0.30857912     0.31065692
   -6.6261044     0.31406463     0.31168038
   -6.6161027     0.31993097     0.31361301
   -6.6061010     0.32493265     0.31560492
   -6.5960994     0.32804370     0.31700053
   -6.5860977     0.32870993     0.31742640
   -6.5760960     0.32689932     0.31682353
   -6.5660944     0.32295015     0.31541282
   -6.5560927     0.31732943     0.31356774
   -6.5460910     0.31043968     0.31159629
   -6.5360894     0.30254453     0.30949983
   -6.5260877     0.29378586     0.30683141
   -6.5160860     0.28421802     0.30276180
   -6.5060844     0.27381782     0.29636641
   -6.4960827     0.26249932     0.28702195
   -6.4860810     0.25019873     0.27472896
   -6.4760794     0.23705214     0.26020780
   -6.4660777     0.22359338     0.24473253
   -6.4560760     0.21083060     0.22979603
   -6.4460743     0.20008733     0.21676251
   -6.4360727     0.19261725     0.20663088
   -6.4260710     0.18914174     0.19994016
   -6.4160693     0.18952052     0.19676613
   -6.4060677     0.19271060     0.19673881
   -6.3960660     0.19703636     0.19905705
   -6.3860643     0.20066232     0.20254019
   -6.3760627     0.20208860     0.20578077
   -6.3660610     0.20049700     0.20741761
   -6.3560593     0.19585061     0.20646415
   -6.3460577     0.18875892     0.20256394
   -6.3360560     0.18021339     0.19605669
   -6.3260543     0.17132663     0.18782397
   -6.3160527     0.16315745     0.17899169
   -6.3060510     0.15661556     0.17062742
   -6.2960493     0.15238391     0.16354796
   -6.2860477     0.15081353     0.15827022
   -6.2760460     0.15181253     0.15505519
   -6.2660443     0.15480316     0.15396305
   -6.2560427     0.15881307     0.15486439
   -6.2460410     0.16270534     0.15740898
   -6.2360393     0.16548225     0.16099991
   -6.2260377     0.16656176     0.16483338
   -6.2160360     0.16593645     0.16803842
   -6.2060343     0.16416645     0.16989774
   -6.1960327     0.16220853     0.17007554
   -6.1860310     0.16112502     0.16875248
   -6.1760293     0.16174713     0.16659492
   -6.1660277     0.16438838     0.16455424
   -6.1560260     0.16870979     0.16356667
   -6.1460243     0.17381023     0.16426325
   -6.1360227     0.17853819     0.16679086
   -6.1260210     0.18191570     0.17080052
   -6.1160193     0.18348985     0.17559932
   -6.1060177     0.18344544     0.18040364
   -6.0960160     0.18242931     0.18459115
   -6.0860143     0.18118970     0.18784789
   -6.0760127     0.18022496     0.19015578
   -6.0660110     0.17961016     0.19164678
   -6.0560093     0.17905343     0.19241726
   -6.0460077     0.17810922     0.19240885
   -6.0360060     0.17641973     0.19141407
   -6.0260043     0.17388258     0.18919086
   -6.0160027     0.17070758     0.18561702
   -6.0060010     0.16737317     0.18080902
   -5.9959993     0.16450438     0.17516152
   -5.9859977     0.16269170     0.16930442
   -5.9759960     0.16228226     0.16399793
   -5.9659943     0.16320306     0.15998621
   -5.9559927     0.16489420     0.15782397
   -5.9459910     0.16641194     0.15769711
   -5.9359893     0.16670204     0.15928682
   -5.9259877     0.16496601     0.16175289
   -5.9159860     0.16098102     0.16390087
   -5.9059843     0.15522611     0.16452638
   -5.8959827     0.14873179     0.16282494
   -5.8859810     0.14269389     0.15868504
   -5.8759793     0.13801657     0.15270903
   -5.8659777     0.13500023     0.14593672
   -5.8559760     0.13332303     0.13940799
   -5.8459743     0.13231001     0.13379095
   -5.8359727     0.13132977     0.12925856
   -5.8259710     0.13009919     0.12564645
   -5.8159693     0.12874626     0.12276122
   -5.8059677     0.12763086     0.12063160
   -5.7959660     0.12706021     0.11954296
   -5.7859643     0.12707882     0.11983586
   -5.7759627     0.12744853     0.12159850
   -5.7659610     0.12781259     0.12445711
   -5.7559593     0.12793494     0.12762243
   -5.7459577     0.12787529     0.13020494
   -5.7359560     0.12800620     0.13164607
   -5.7259543     0.12886496     0.13202788
   -5.7159527     0.13091394     0.13207788
   -5.7059510     0.13432391     0.13285134
   -5.6959493     0.13888149     0.13525098
   -5.6859477     0.14406193     0.13962687
   -5.6759460     0.14922587     0.14564295
   -5.6659443     0.15383555     0.15244366
   -5.6559427     0.15757868     0.15900157
   -5.6459410     0.16034690     0.16445740
   -5.6359393     0.16210745     0.16830475
   -5.6259377     0.16277341     0.17038084
   -5.6159360     0.16217742     0.17073201
   -5.6059343     0.16018689     0.16947062
   -5.5959327     0.15690735     0.16671662
   -5.5859310     0.15285573     0.16264821
   -5.5759293     0.14898122     0.15761381
   -5.5659276     0.14646982     0.15221508
   -5.5559260     0.14636911     0.14727807
   -5.5459243     0.14916909     0.14368448
   -5.5359226     0.15452575     0.14211509
   -5.5259210     0.16127904     0.14281887
   -5.5159193     0.16779736     0.14552355
   -5.5059176     0.17252751     0.14953792
   -5.4959160     0.17452319     0.15399994
   -5.4859143     0.17373072     0.15815602
   -5.4759126     0.17092531     0.16155438
   -5.4659110     0.16735163     0.16409139
   -5.4559093     0.16423982     0.16592273
   -5.4459076     0.16239351     0.16730039
   -5.4359060     0.16198811     0.16840808
   -5.4259043     0.16262118     0.16925299
   -5.4159026     0.16356557     0.16964636
   -5.4059010     0.16411126     0.16927813
   -5.3958993     0.16385501     0.16786174
   -5.3858977     0.16282059     0.16529737
   -5.3758960     0.16137079     0.16178520
   -5.3658943     0.15997769     0.15782904
   -5.3558927     0.15899119     0.15411245
   -5.3458910     0.15853424     0.15129064
   -5.3358893     0.15855998     0.14978971
   -5.3258877     0.15899777     0.14970488
   -5.3158860     0.15986890     0.15083533
   -5.3058843     0.16129571     0.15281574
   -5.2958827     0.16341386     0.15525627
   -5.2858810     0.16625496     0.15781742
   -5.2758793     0.16966276     0.16021067
   -5.2658777     0.17326570     0.16217925
   -5.2558760     0.17650183     0.16352167
   -5.2458743     0.17869636     0.16416629
   -5.2358727     0.17920218     0.16423371
   -5.2258710     0.17759170     0.16400347
   -5.2158693     0.17383601     0.16376123
   -5.2058676     0.16837129     0.16360074
   -5.1958660     0.16198197     0.16331167
   -5.1858643     0.15552623     0.16244395
   -5.1758626     0.14963155     0.16052656
   -5.1658610     0.14452071     0.15731544
   -5.1558593     0.14006025     0.15292830
   -5.1458576     0.13599591     0.14780375
   -5.1358560     0.13223183     0.14253682
   -5.1258543     0.12898823     0.13770719
   -5.1158526     0.12674490     0.13378821
   -5.1058510     0.12600149     0.13113550
   -5.0958493     0.12698958     0.12998170
   -5.0858476     0.12949777     0.13037231
   -5.0758460     0.13290436     0.13205791
   -5.0658443     0.13639302     0.13443788
   -5.0558426     0.13922881     0.13665217
   -5.0458410     0.14095514     0.13783014
   -5.0358393     0.14143834     0.13739265
   -5.0258376     0.14078383     0.13525424
   -5.0158360     0.13920847     0.13182404
   -5.0058343     0.13695195     0.12781741
   -4.9958326     0.13426250     0.12398685
   -4.9858310     0.13143811     0.12090294
   -4.9758293     0.12887038     0.11886412
   -4.9658276     0.12703312     0.11793199
   -4.9558260     0.12638384     0.11802884
   -4.9458243     0.12719655     0.11902245
   -4.9358226     0.12939791     0.12075616
   -4.9258210     0.13250120     0.12303077
   -4.9158193     0.13569911     0.12557759
   -4.9058176     0.13809938     0.12806216
   -4.8958160     0.13901166     0.13013241
   -4.8858143     0.13816692     0.13149544
   -4.8758126     0.13578318     0.13199232
   -4.8658110     0.13245840     0.13164175
   -4.8558093     0.12893626     0.13063292
   -4.8458076     0.12583152     0.12926050
   -4.8358060     0.12341564     0.12781417
   -4.8258043     0.12155037     0.12646120
   -4.8158026     0.11981147     0.12517809
   -4.8058010     0.11777060     0.12377418
   -4.7957993     0.11532436     0.12200385
   -4.7857976     0.11291840     0.11971276
   -4.7757960     0.11154118     0.11694565
   -4.7657943     0.11245282     0.11397363
   -4.7557926     0.11673046     0.11125013
   -4.7457910     0.12480266     0.10933430
   -4.7357893     0.13616783     0.10880684
   -4.7257876     0.14942923     0.11017029
   -4.7157860     0.16264890     0.11371526
   -4.7057843     0.17388165     0.11936813
   -4.6957826     0.18167235     0.12659011
   -4.6857810     0.18533252     0.13441676
   -4.6757793     0.18493630     0.14167660
   -4.6657776     0.18111278     0.14732496
   -4.6557760     0.17478180     0.15074448
   -4.6457743     0.16695414     0.15186406
   -4.6357726     0.15863399     0.15104447
   -4.6257710     0.15078480     0.14881094
   -4.6157693     0.14429382     0.14559428
   -4.6057676     0.13989840     0.14162156
   -4.5957660     0.13808593     0.13699524
   -4.5857643     0.13901321     0.13188580
   -4.5757626     0.14248856     0.12670485
   -4.5657610     0.14802694     0.12214665
   -4.5557593     0.15495014     0.11906269
   -4.5457576     0.16248798     0.11821804
   -4.5357560     0.16985169     0.12003022
   -4.5257543     0.17628424     0.12439324
   -4.5157526     0.18111668     0.13064990
   -4.5057510     0.18385180     0.13771873
   -4.4957493     0.18426094     0.14433599
   -4.4857476     0.18244555     0.14935193
   -4.4757460     0.17881442     0.15201856
   -4.4657443     0.17396835     0.15220669
   -4.4557426     0.16853864     0.15048668
   -4.4457410     0.16305299     0.14801443
   -4.4357393     0.15788291     0.14620511
   -4.4257376     0.15327495     0.14625852
   -4.4157360     0.14941942     0.14869087
   -4.4057343     0.14649583     0.15307247
   -4.3957326     0.14465967     0.15812303
   -4.3857310     0.14398345     0.16217469
   -4.3757293     0.14440489     0.16383531
   -4.3657276     0.14573779     0.16256691
   -4.3557260     0.14775974     0.15891174
   -4.3457243     0.15033023     0.15426044
   -4.3357226     0.15345886     0.15027890
   -4.3257210     0.15726773     0.14827153
   -4.3157193     0.16186299     0.14876685
   -4.3057176     0.16719601     0.15147326
   -4.2957159     0.17300286     0.15555800
   -4.2857143     0.17885345     0.16006480
   -4.2757126     0.18426546     0.16426642
   -4.2657109     0.18880168     0.16782816
   -4.2557093     0.19209913     0.17076970
   -4.2457076     0.19384445     0.17329465
   -4.2357059     0.19375702     0.17558643
   -4.2257043     0.19163276     0.17765902
   -4.2157026     0.18744806     0.17931644
   -4.2057009     0.18146914     0.18022877
   -4.1956993     0.17429603     0.18008253
   -4.1856976     0.16679925     0.17872790
   -4.1756959     0.15995515     0.17624627
   -4.1656943     0.15462457     0.17290453
   -4.1556926     0.15133595     0.16902946
   -4.1456909     0.15013539     0.16488329
   -4.1356893     0.15055685     0.16061875
   -4.1256876     0.15174008     0.15633619
   -4.1156859     0.15267829     0.15219455
   -4.1056843     0.15252197     0.14849103
   -4.0956826     0.15083186     0.14564495
   -4.0856810     0.14768696     0.14408164
   -4.0756793     0.14361299     0.14407147
   -4.0656776     0.13937143     0.14560112
   -4.0556760     0.13569984     0.14833547
   -4.0456743     0.13310022     0.15168547
   -4.0356726     0.13173996     0.15495451
   -4.0256710     0.13148064     0.15751089
   -4.0156693     0.13200589     0.15893149
   -4.0056676     0.13299007     0.15907916
   -3.9956659     0.13424068     0.15810276
   -3.9856643     0.13575944     0.15637214
   -3.9756626     0.13769956     0.15437307
   -3.9656609     0.14023988     0.15258857
   -3.9556593     0.14343389     0.15138845
   -3.9456576     0.14710523     0.15094614
   -3.9356559     0.15084278     0.15120139
   -3.9256543     0.15410500     0.15188596
   -3.9156526     0.15639504     0.15261735
   -3.9056509     0.15743635     0.15304013
   -3.8956493     0.15727703     0.15296478
   -3.8856476     0.15627944     0.15244312
   -3.8756459     0.15499551     0.15174221
   -3.8656443     0.15397180     0.15122910
   -3.8556426     0.15355349     0.15122436
   -3.8456409     0.15375881     0.15189083
   -3.8356393     0.15427299     0.15319193
   -3.8256376     0.15457015     0.15490854
   -3.8156359     0.15412217     0.15668233
   -3.8056343     0.15261234     0.15806622
   -3.7956326     0.15006004     0.15858689
   -3.7856309     0.14679711     0.15782973
   -3.7756293     0.14330720     0.15553512
   -3.7656276     0.14001183     0.15167157
   -3.7556259     0.13711599     0.14645139
   -3.7456243     0.13458884     0.14028439
   -3.7356226     0.13227375     0.13369672
   -3.7256209     0.13004770     0.12725076
   -3.7156193     0.12793137     0.12148295
   -3.7056176     0.12609593     0.11685263
   -3.6956159     0.12478412     0.11368963
   -3.6856143     0.12420943     0.11214453
   -3.6756126     0.12449071     0.11216313
   -3.6656109     0.12563723     0.11350521
   -3.6556093     0.12756297     0.11580551
   -3.6456076     0.13010783     0.11865202
   -3.6356059     0.13306784     0.12165403
   -3.6256043     0.13624782     0.12449127
   -3.6156026     0.13952645     0.12695637
   -3.6056009     0.14288593     0.12900169
   -3.5955993     0.14635502     0.13077876
   -3.5855976     0.14987219     0.13263423
   -3.5755959     0.15315875     0.13502981
   -3.5655943     0.15572391     0.13838958
   -3.5555926     0.15705483     0.14292478
   -3.5455909     0.15690879     0.14850997
   -3.5355893     0.15552457     0.15466904
   -3.5255876     0.15359490     0.16068242
   -3.5155859     0.15198740     0.16577520
   -3.5055843     0.15136584     0.16931431
   -3.4955826     0.15192650     0.17094481
   -3.4855809     0.15338294     0.17062846
   -3.4755793     0.15517185     0.16859458
   -3.4655776     0.15672890     0.16524954
   -3.4555759     0.15767293     0.16109512
   -3.4455743     0.15782808     0.15667780
   -3.4355726     0.15712889     0.15255172
   -3.4255709     0.15551354     0.14921857
   -3.4155693     0.15289103     0.14702672
   -3.4055676     0.14919861     0.14605809
   -3.3955659     0.14450307     0.14606962
   -3.3855643     0.13907783     0.14655103
   -3.3755626     0.13340845     0.14690225
   -3.3655609     0.12811739     0.14665760
   -3.3555593     0.12383355     0.14564450
   -3.3455576     0.12105296     0.14399811
   -3.3355559     0.12004244     0.14204102
   -3.3255543     0.12082263     0.14011495
   -3.3155526     0.12323050     0.13846556
   -3.3055509     0.12701924     0.13722730
   -3.2955493     0.13193315     0.13648213
   -3.2855476     0.13771848     0.13632991
   -3.2755459     0.14408162     0.13692308
   -3.2655443     0.15064794     0.13845652
   -3.2555426     0.15697216     0.14112743
   -3.2455409     0.16261014     0.14508042
   -3.2355393     0.16721505     0.15034522
   -3.2255376     0.17060391     0.15677703
   -3.2155359     0.17276303     0.16402021
   -3.2055343     0.17379908     0.17151885
   -3.1955326     0.17386912     0.17858570
   -3.1855309     0.17312116     0.18451938
   -3.1755292     0.17165781     0.18874195
   -3.1655276     0.16952013     0.19091860
   -3.1555259     0.16668954     0.19101890
   -3.1455242     0.16311588     0.18928923
   -3.1355226     0.15877862     0.18613534
   -3.1255209     0.15376795     0.18195853
   -3.1155193     0.14834557     0.17702352
   -3.1055176     0.14293992     0.17143161
   -3.0955159     0.13806058     0.16521916
   -3.0855143     0.13416504     0.15852773
   -3.0755126     0.13154156     0.15174521
   -3.0655109     0.13026085     0.14552835
   -3.0555093     0.13020496     0.14068037
   -3.0455076     0.13113931     0.13793068
   -3.0355059     0.13277954     0.13770631
   -3.0255043     0.13482322     0.13997945
   -3.0155026     0.13694706     0.14423581
   -3.0055009     0.13879482     0.14956263
   -2.9954992     0.13998887     0.15482300
   -2.9854976     0.14018856     0.15887121
   -2.9754959     0.13919166     0.16076711
   -2.9654942     0.13703887     0.15995589
   -2.9554926     0.13405686     0.15638516
   -2.9454909     0.13078675     0.15053023
   -2.9354892     0.12779968     0.14330156
   -2.9254876     0.12547157     0.13582945
   -2.9154859     0.12382680     0.12916802
   -2.9054843     0.12253449     0.12401101
   -2.8954826     0.12106283     0.12052848
   -2.8854809     0.11891608     0.11838942
   -2.8754793     0.11584396     0.11695042
   -2.8654776     0.11193724     0.11551730
   -2.8554759     0.10758532     0.11356994
   -2.8454743     0.10333144     0.11088152
   -2.8354726     0.09969372     0.10752234
   -2.8254709     0.09701930     0.10377982
   -2.8154692     0.09541507     0.10004021
   -2.8054676     0.09476615     0.09667716
   -2.7954659     0.09482386     0.09398393
   -2.7854642     0.09532250     0.09216494
   -2.7754626     0.09607393     0.09136696
   -2.7654609     0.09699623     0.09169935
   -2.7554592     0.09806283     0.09319694
   -2.7454576     0.09920501     0.09572635
   -2.7354559     0.10023864     0.09889944
   -2.7254542     0.10088382     0.10208209
   -2.7154526     0.10089242     0.10454407
   -2.7054509     0.10022030     0.10570595
   -2.6954492     0.09913275     0.10536547
   -2.6854476     0.09815570     0.10378334
   -2.6754459     0.09787478     0.10158216
   -2.6654442     0.09867963     0.09951178
   -2.6554426     0.10058751     0.09819484
   -2.6454409     0.10323295     0.09795800
   -2.6354392     0.10601514     0.09879570
   -2.6254376     0.10831858     0.10044881
   -2.6154359     0.10970851     0.10254181
   -2.6054342     0.11004415     0.10471435
   -2.5954326     0.10950746     0.10669830
   -2.5854309     0.10856947     0.10832226
   -2.5754292     0.10790622     0.10946528
   -2.5654276     0.10825728     0.11001549
   -2.5554259     0.11022574     0.10989205
   -2.5454242     0.11405706     0.10914832
   -2.5354226     0.11947975     0.10810570
   -2.5254209     0.12570047     0.10741545
   -2.5154192     0.13159841     0.10795341
   -2.5054176     0.13607172     0.11053053
   -2.4954159     0.13840464     0.11551501
   -2.4854142     0.13849949     0.12254355
   -2.4754126     0.13687721     0.13049175
   -2.4654109     0.13446061     0.13776623
   -2.4554092     0.13225071     0.14282463
   -2.4454076     0.13103130     0.14471220
   -2.4354059     0.13118775     0.14339163
   -2.4254042     0.13265308     0.13973979
   -2.4154026     0.13495408     0.13522892
   -2.4054009     0.13733499     0.13142346
   -2.3953992     0.13895127     0.12946626
   -2.3853976     0.13911436     0.12971191
   -2.3753959     0.13752897     0.13161984
   -2.3653942     0.13443229     0.13395724
   -2.3553926     0.13055762     0.13527275
   -2.3453909     0.12690896     0.13449197
   -2.3353892     0.12442120     0.13140338
   -2.3253876     0.12364596     0.12681287
   -2.3153859     0.12460264     0.12227371
   -2.3053842     0.12685768     0.11949478
   -2.2953826     0.12977566     0.11968832
   -2.2853809     0.13279533     0.12314483
   -2.2753792     0.13558144     0.12920190
   -2.2653776     0.13799599     0.13657417
   -2.2553759     0.13995772     0.14384687
   -2.2453742     0.14132840     0.14989145
   -2.2353726     0.14192994     0.15405004
   -2.2253709     0.14168373     0.15608797
   -2.2153692     0.14075669     0.15603396
   -2.2053676     0.13957851     0.15404929
   -2.1953659     0.13868047     0.15039864
   -2.1853642     0.13843920     0.14549549
   -2.1753626     0.13889557     0.13993740
   -2.1653609     0.13979149     0.13446052
   -2.1553592     0.14083636     0.12980997
   -2.1453576     0.14205920     0.12659110
   -2.1353559     0.14402036     0.12518837
   -2.1253542     0.14770527     0.12579804
   -2.1153526     0.15408488     0.12853988
   -2.1053509     0.16352282     0.13354471
   -2.0953492     0.17533236     0.14091117
   -2.0853476     0.18775664     0.15050889
   -2.0753459     0.19845834     0.16173655
   -2.0653442     0.20534524     0.17342866
   -2.0553426     0.20736735     0.18405916
   -2.0453409     0.20491687     0.19221352
   -2.0353392     0.19964962     0.19710690
   -2.0253376     0.19382217     0.19886054
   -2.0153359     0.18945115     0.19837533
   -2.0053342     0.18765320     0.19687637
   -1.9953326     0.18841812     0.19538275
   -1.9853309     0.19087069     0.19437227
   -1.9753292     0.19387276     0.19377332
   -1.9653276     0.19667253     0.19323369
   -1.9553259     0.19927954     0.19249153
   -1.9453242     0.20237018     0.19165078
   -1.9353225     0.20678009     0.19122801
   -1.9253209     0.21289096     0.19195254
   -1.9153192     0.22029797     0.19442186
   -1.9053175     0.22796752     0.19878837
   -1.8953159     0.23476526     0.20464021
   -1.8853142     0.23998872     0.21113835
   -1.8753126     0.24356075     0.21733998
   -1.8653109     0.24580687     0.22254976
   -1.8553092     0.24703567     0.22653899
   -1.8453076     0.24724291     0.22954370
   -1.8353059     0.24611581     0.23204971
   -1.8253042     0.24326910     0.23445845
   -1.8153025     0.23850155     0.23677971
   -1.8053009     0.23191355     0.23850196
   -1.7952992     0.22389277     0.23872846
   -1.7852975     0.21509491     0.23655031
   -1.7752959     0.20651459     0.23150817
   -1.7652942     0.19959517     0.22394625
   -1.7552926     0.19620490     0.21511476
   -1.7452909     0.19832741     0.20698973
   -1.7352892     0.20747930     0.20187607
   -1.7252876     0.22406169     0.20189719
   -1.7152859     0.24694522     0.20847179
   -1.7052842     0.27351882     0.22188200
   -1.6952825     0.30023827     0.24105879
   -1.6852809     0.32348823     0.26370970
   -1.6752792     0.34042900     0.28683194
   -1.6652776     0.34951179     0.30748603
   -1.6552759     0.35051703     0.32353455
   -1.6452742     0.34420640     0.33401210
   -1.6352726     0.33184024     0.33896269
   -1.6252709     0.31480158     0.33888622
   -1.6152692     0.29441959     0.33417122
   -1.6052675     0.27193279     0.32487293
   -1.5952659     0.24849027     0.31092787
   -1.5852642     0.22515748     0.29258030
   -1.5752625     0.20296625     0.27067395
   -1.5652609     0.18303143     0.24661158
   -1.5552592     0.16666071     0.22206239
   -1.5452575     0.15531410     0.19867143
   -1.5352559     0.15031994     0.17796811
   -1.5252542     0.15241524     0.16144924
   -1.5152525     0.16133439     0.15062105
   -1.5052509     0.17569559     0.14678753
   -1.4952492     0.19329116     0.15057977
   -1.4852475     0.21166756     0.16147632
   -1.4752459     0.22873131     0.17766464
   -1.4652442     0.24313456     0.19644029
   -1.4552425     0.25435109     0.21502429
   -1.4452409     0.26252179     0.23141586
   -1.4352392     0.26821547     0.24486474
   -1.4252375     0.27220381     0.25576007
   -1.4152359     0.27526941     0.26504542
   -1.4052342     0.27803697     0.27350112
   -1.3952325     0.28084049     0.28127376
   -1.3852309     0.28365831     0.28787626
   -1.3752292     0.28612470     0.29260810
   -1.3652275     0.28759340     0.29509153
   -1.3552259     0.28723441     0.29553827
   -1.3452242     0.28418766     0.29453638
   -1.3352225     0.27780974     0.29249390
   -1.3252209     0.26798586     0.28915622
   -1.3152192     0.25538004     0.28360063
   -1.3052175     0.24146133     0.27478899
   -1.2952159     0.22822962     0.26235915
   -1.2852142     0.21772366     0.24715673
   -1.2752125     0.21151306     0.23117517
   -1.2652109     0.21037483     0.21694539
   -1.2552092     0.21424308     0.20672361
   -1.2452075     0.22237952     0.20187760
   -1.2352059     0.23363346     0.20268151
   -1.2252042     0.24667961     0.20847132
   -1.2152025     0.26020779     0.21796822
   -1.2052009     0.27310712     0.22960563
   -1.1951992     0.28467421     0.24181909
   -1.1851975     0.29479204     0.25333741
   -1.1751959     0.30395790     0.26347753
   -1.1651942     0.31306889     0.27234282
   -1.1551925     0.32299955     0.28078013
   -1.1451909     0.33413807     0.29003755
   -1.1351892     0.34608933     0.30123341
   -1.1251875     0.35767978     0.31486085
   -1.1151859     0.36726697     0.33052234
   -1.1051842     0.37323895     0.34695155
   -1.0951825     0.37452943     0.36226037
   -1.0851809     0.37097896     0.37432825
   -1.0751792     0.36343329     0.38129151
   -1.0651775     0.35356872     0.38208921
   -1.0551759     0.34353057     0.37693683
   -1.0451742     0.33550887     0.36751273
   -1.0351725     0.33133295     0.35667737
   -1.0251709     0.33208709     0.34773330
   -1.0151692     0.33772403     0.34345776
   -1.0051675     0.34673382     0.34524072
   -0.9951659     0.35606110     0.35258812
   -0.9851642     0.36151712     0.36309591
   -0.9751625     0.35878702     0.37289040
   -0.9651609     0.34481211     0.37748285
   -0.9551592     0.31901305     0.37291748
   -0.9451575     0.28375101     0.35694852
   -0.9351559     0.24371078     0.32984449
   -0.9251542     0.20440838     0.29444343
   -0.9151525     0.17047274     0.25534262
   -0.9051509     0.14445032     0.21749057
   -0.8951492     0.12658029     0.18473688
   -0.8851475     0.11548095     0.15891818
   -0.8751459     0.10927777     0.13980663
   -0.8651442     0.10658937     0.12585747
   -0.8551425     0.10697711     0.11535534
   -0.8451409     0.11079918     0.10742350
   -0.8351392     0.11869550     0.10247142
   -0.8251375     0.13103317     0.10194533
   -0.8151359     0.14755608     0.10756316
   -0.8051342     0.16730246     0.12040912
   -0.7951325     0.18871206     0.14026215
   -0.7851309     0.20981523     0.16537804
   -0.7751292     0.22845631     0.19274572
   -0.7651275     0.24256588     0.21869155
   -0.7551259     0.25049114     0.23964126
   -0.7451242     0.25132703     0.25284561
   -0.7351225     0.24513060     0.25690343
   -0.7251209     0.23291143     0.25196756
   -0.7151192     0.21637935     0.23959585
   -0.7051175     0.19754342     0.22229876
   -0.6951159     0.17832011     0.20291118
   -0.6851142     0.16028382     0.18396069
   -0.6751125     0.14459872     0.16720820
   -0.6651109     0.13207100     0.15348915
   -0.6551092     0.12321796     0.14287750
   -0.6451075     0.11828590     0.13505759
   -0.6351059     0.11722913     0.12969540
   -0.6251042     0.11972237     0.12662437
   -0.6151025     0.12526803     0.12580326
   -0.6051009     0.13338016     0.12716737
   -0.5950992     0.14373686     0.13055412
   -0.5850975     0.15617007     0.13579156
   -0.5750958     0.17044280     0.14286781
   -0.5650942     0.18590920     0.15199154
   -0.5550925     0.20126578     0.16340211
   -0.5450908     0.21459543     0.17696718
   -0.5350892     0.22376611     0.19178893
   -0.5250875     0.22705080     0.20609188
   -0.5150858     0.22370278     0.21754084
   -0.5050842     0.21423480     0.22390725
   -0.4950825     0.20030087     0.22380754
   -0.4850808     0.18426836     0.21719273
   -0.4750792     0.16868009     0.20539341
   -0.4650775     0.15579015     0.19073430
   -0.4550758     0.14725753     0.17590309
   -0.4450742     0.14399238     0.16330960
   -0.4350725     0.14612972     0.15461251
   -0.4250708     0.15313376     0.15049537
   -0.4150692     0.16404028     0.15070445
   -0.4050675     0.17778617     0.15432447
   -0.3950658     0.19349535     0.16022693
   -0.3850642     0.21057960     0.16755931
   -0.3750625     0.22861368     0.17608900
   -0.3650608     0.24709181     0.18624058
   -0.3550592     0.26524480     0.19879519
   -0.3450575     0.28203517     0.21438941
   -0.3350558     0.29631591     0.23304267
   -0.3250542     0.30706282     0.25389531
   -0.3150525     0.31361804     0.27521204
   -0.3050508     0.31593559     0.29462173
   -0.2950492     0.31479253     0.30957299
   -0.2850475     0.31182841     0.31800442
   -0.2750458     0.30923814     0.31913552
   -0.2650442     0.30909288     0.31408677
   -0.2550425     0.31254291     0.30591719
   -0.2450408     0.31933859     0.29882387
   -0.2350392     0.32798991     0.29667898
   -0.2250375     0.33650525     0.30152589
   -0.2150358     0.34327856     0.31278481
   -0.2050342     0.34761962     0.32759510
   -0.1950325     0.34970317     0.34212516
   -0.1850308     0.35012674     0.35318177
   -0.1750292     0.34949582     0.35934626
   -0.1650275     0.34833996     0.36119222
   -0.1550258     0.34732472     0.36066416
   -0.1450242     0.34744785     0.36008873
   -0.1350225     0.34991440     0.36134050
   -0.1250208     0.35565836     0.36543131
   -0.1150192     0.36479201     0.37246974
   -0.1050175     0.37636966     0.38178493
   -0.0950158     0.38867403     0.39208684
   -0.0850142     0.39990858     0.40170347
   -0.0750125     0.40893541     0.40899534
   -0.0650108     0.41568056     0.41292626
   -0.0550092     0.42102243     0.41357449
   -0.0450075     0.42625012     0.41228486
   -0.0350058     0.43237429     0.41128513
   -0.0250042     0.43960823     0.41285385
   -0.0150025     0.44722081     0.41836586
   -0.0050008     0.45377806     0.42761681
    0.0050008     0.45762973     0.43871225
    0.0150025     0.45742247     0.44857890
    0.0250042     0.45244395     0.45392163
    0.0350058     0.44270377     0.45229265
    0.0450075     0.42879360     0.44289548
    0.0550092     0.41166891     0.42683336
    0.0650108     0.39249388     0.40671286
    0.0750125     0.37258832     0.38576623
    0.0850142     0.35340033     0.36684890
    0.0950158     0.33640346     0.35170368
    0.1050175     0.32290262     0.34074305
    0.1150192     0.31383121     0.33336054
    0.1250208     0.30962495     0.32856120
    0.1350225     0.31016066     0.32558987
    0.1450242     0.31466957     0.32426468
    0.1550258     0.32159091     0.32486956
    0.1650275     0.32850409     0.32766806
    0.1750292     0.33239585     0.33229466
    0.1850308     0.33041213     0.33737439
    0.1950325     0.32092487     0.34065249
    0.2050342     0.30443421     0.33968334
    0.2150358     0.28378858     0.33282860
    0.2250375     0.26350673     0.32010958
    0.2350392     0.24843095     0.30348379
    0.2450408     0.24224172     0.28637458
    0.2550425     0.24637001     0.27262680
    0.2650442     0.25962407     0.26529199
    0.2750458     0.27857780     0.26566408
    0.2850475     0.29856293     0.27284959
    0.2950492     0.31498014     0.28399008
    0.3050508     0.32456920     0.29511535
    0.3150525     0.32627103     0.30244877
    0.3250542     0.32141542     0.30378080
    0.3350558     0.31318308     0.29937053
    0.3450575     0.30554168     0.29191213
    0.3550592     0.30202739     0.28548672
    0.3650608     0.30475853     0.28393448
    0.3750625     0.31394169     0.28938989
    0.3850642     0.32794728     0.30160583
    0.3950658     0.34387163     0.31824097
    0.4050675     0.35839689     0.33582553
    0.4150692     0.36870160     0.35092629
    0.4250708     0.37316089     0.36111895
    0.4350725     0.37162530     0.36555918
    0.4450742     0.36519588     0.36506134
    0.4550758     0.35560023     0.36165430
    0.4650775     0.34444729     0.35769839
    0.4750792     0.33270239     0.35484894
    0.4850808     0.32061043     0.35331269
    0.4950825     0.30803893     0.35178599
    0.5050842     0.29495961     0.34813841
    0.5150858     0.28171767     0.34048528
    0.5250875     0.26891389     0.32806016
    0.5350892     0.25701909     0.31143518
    0.5450908     0.24603152     0.29206195
    0.5550925     0.23544226     0.27152294
    0.5650942     0.22454998     0.25100118
    0.5750958     0.21294193     0.23123711
    0.5850975     0.20087045     0.21285220
    0.5950992     0.18932126     0.19667568
    0.6051009     0.17972583     0.18376398
    0.6151025     0.17343616     0.17506723
    0.6251042     0.17119288     0.17095803
    0.6351059     0.17282403     0.17092778
    0.6451075     0.17729474     0.17365039
    0.6551092     0.18304463     0.17740622
    0.6651109     0.18842264     0.18067008
    0.6751125     0.19204759     0.18258347
    0.6851142     0.19305298     0.18309087
    0.6951159     0.19127596     0.18270523
    0.7051175     0.18741430     0.18208986
    0.7151192     0.18304105     0.18176098
    0.7251209     0.18029727     0.18211532
    0.7351225     0.18120094     0.18370617
    0.7451242     0.18677146     0.18742879
    0.7551259     0.19637929     0.19427131
    0.7651275     0.20770898     0.20460115
    0.7751292     0.21745368     0.21738449
    0.7851309     0.22249786     0.22993408
    0.7951325     0.22110471     0.23855186
    0.8051342     0.21362631     0.23990134
    0.8151359     0.20246958     0.23247539
    0.8251375     0.19135330     0.21743414
    0.8351392     0.18415283     0.19841459
    0.8451409     0.18376340     0.18041984
    0.8551425     0.19138207     0.16828142
    0.8651442     0.20641857     0.16529209
    0.8751459     0.22696636     0.17245732
    0.8851475     0.25053745     0.18853208
    0.8951492     0.27472152     0.21071296
    0.9051509     0.29758531     0.23563839
    0.9151525     0.31784152     0.26029373
    0.9251542     0.33490461     0.28255359
    0.9351559     0.34886489     0.30133931
    0.9451575     0.36028946     0.31654970
    0.9551592     0.36978290     0.32890687
    0.9651609     0.37743881     0.33969916
    0.9751625     0.38250694     0.35030397
    0.9851642     0.38356829     0.36149380
    0.9951659     0.37921493     0.37279678
    1.0051675     0.36887801     0.38233786
    1.0151692     0.35331624     0.38741538
    1.0251709     0.33447737     0.38563256
    1.0351725     0.31482587     0.37601727
    1.0451742     0.29651192     0.35953099
    1.0551759     0.28077123     0.33872512
    1.0651775     0.26774554     0.31678422
    1.0751792     0.25668981     0.29647135
    1.0851809     0.24642604     0.27942666
    1.0951825     0.23590600     0.26599864
    1.1051842     0.22475884     0.25553436
    1.1151859     0.21366553     0.24693914
    1.1251875     0.20437329     0.23929676
    1.1351892     0.19923724     0.23233988
    1.1451909     0.20038595     0.22658033
    1.1551925     0.20884704     0.22301878
    1.1651942     0.22405849     0.22256624
    1.1751959     0.24402169     0.22550732
    1.1851975     0.26599945     0.23134313
    1.1951992     0.28735951     0.23910930
    1.2052009     0.30612681     0.24792427
    1.2152025     0.32105464     0.25734740
    1.2252042     0.33136037     0.26727412
    1.2352059     0.33644791     0.27746476
    1.2452075     0.33586097     0.28710691
    1.2552092     0.32949081     0.29480632
    1.2652109     0.31789078     0.29909306
    1.2752125     0.30251806     0.29915797
    1.2852142     0.28577409     0.29537783
    1.2952159     0.27075397     0.28933849
    1.3052175     0.26064090     0.28337788
    1.3152192     0.25778217     0.27989770
    1.3252209     0.26269374     0.28070196
    1.3352225     0.27344280     0.28648473
    1.3452242     0.28584773     0.29649123
    1.3552259     0.29461985     0.30841106
    1.3652275     0.29509622     0.31864984
    1.3752292     0.28487467     0.32309923
    1.3852309     0.26468243     0.31831618
    1.3952325     0.23817147     0.30274672
    1.4052342     0.21080730     0.27749638
    1.4152359     0.18833775     0.24628735
    1.4252375     0.17536948     0.21458559
    1.4352392     0.17440143     0.18822415
    1.4452409     0.18543298     0.17200108
    1.4552425     0.20611264     0.16864707
    1.4652442     0.23233889     0.17834909
    1.4752459     0.25918952     0.19883341
    1.4852475     0.28197941     0.22592223
    1.4952492     0.29717052     0.25444026
    1.5052509     0.30289312     0.27929087
    1.5152525     0.29902491     0.29645126
    1.5252542     0.28699878     0.30363546
    1.5352559     0.26957546     0.30050275
    1.5452575     0.25065048     0.28849146
    1.5552592     0.23491241     0.27048091
    1.5652609     0.22709000     0.25042407
    1.5752625     0.23074806     0.23290907
    1.5852642     0.24697884     0.22248999
    1.5952659     0.27359084     0.22272250
    1.6052675     0.30529720     0.23510275
    1.6152692     0.33498178     0.25832929
    1.6252709     0.35562384     0.28829147
    1.6352726     0.36218350     0.31891297
    1.6452742     0.35282035     0.34361180
    1.6552759     0.32914657     0.35689255
    1.6652776     0.29558442     0.35557828
    1.6752792     0.25813044     0.33937754
    1.6852809     0.22289256     0.31073642
    1.6952825     0.19473628     0.27412458
    1.7052842     0.17632716     0.23500363
    1.7152859     0.16778675     0.19874311
    1.7252876     0.16704357     0.16971000
    1.7352892     0.17075168     0.15067435
    1.7452909     0.17544415     0.14256312
    1.7552926     0.17850541     0.14450185
    1.7652942     0.17865540     0.15406440
    1.7752959     0.17589265     0.16770259
    1.7852975     0.17109523     0.18138033
    1.7952992     0.16557584     0.19140339
    1.8053009     0.16078507     0.19530655
    1.8153025     0.15815051     0.19252740
    1.8253042     0.15889940     0.18458094
    1.8353059     0.16374949     0.17459646
    1.8453076     0.17253600     0.16631811
    1.8553092     0.18401163     0.16288384
    1.8653109     0.19605202     0.16579622
    1.8753126     0.20629075     0.17445450
    1.8853142     0.21293857     0.18643837
    1.8953159     0.21541479     0.19845607
    1.9053175     0.21452996     0.20758761
    1.9153192     0.21221053     0.21231634
    1.9253209     0.21095164     0.21295651
    1.9353225     0.21320813     0.21140029
    1.9453242     0.22084000     0.21041772
    1.9553259     0.23465198     0.21285025
    1.9653276     0.25407695     0.22092243
    1.9753292     0.27710047     0.23571983
    1.9853309     0.30052178     0.25681674
    1.9953326     0.32056767     0.28210800
    2.0053342     0.33375826     0.30798606
    2.0153359     0.33782188     0.32997955
    2.0253376     0.33239922     0.34380902
    2.0353392     0.31928451     0.34660226
    2.0453409     0.30204825     0.33786681
    2.0553426     0.28507380     0.31982922
    2.0653442     0.27227258     0.29693948
    2.0753459     0.26591556     0.27464022
    2.0853476     0.26602887     0.25779132
    2.0953492     0.27060256     0.24929141
    2.1053509     0.27651611     0.24937810
    2.1153526     0.28075335     0.25583720
    2.1253542     0.28134871     0.26500202
    2.1353559     0.27767506     0.27311603
    2.1453576     0.27007188     0.27749790
    2.1553592     0.25919334     0.27706440
    2.1653609     0.24558275     0.27209787
    2.1753626     0.22976261     0.26353321
    2.1853642     0.21270767     0.25227077
    2.1953659     0.19623828     0.23894619
    2.2053676     0.18287757     0.22423399
    2.2153692     0.17507238     0.20935027
    2.2253709     0.17414032     0.19623930
    2.2353726     0.17954409     0.18713169
    2.2453742     0.18894049     0.18362559
    2.2553759     0.19901333     0.18583524
    2.2653776     0.20667129     0.19216987
    2.2753792     0.21003325     0.19992287
    2.2853809     0.20879440     0.20633834
    2.2953826     0.20392253     0.20954922
    2.3053842     0.19695189     0.20892746
    2.3153859     0.18926529     0.20481422
    2.3253876     0.18166178     0.19797606
    2.3353892     0.17429800     0.18920208
    2.3453909     0.16690656     0.17921855
    2.3553926     0.15912433     0.16878783
    2.3653942     0.15079810     0.15873491
    2.3753959     0.14219484     0.14978207
    2.3853976     0.13407246     0.14231397
    2.3953992     0.12757783     0.13631006
    2.4054009     0.12398406     0.13156398
    2.4154026     0.12436864     0.12806854
    2.4254042     0.12939635     0.12629629
    2.4354059     0.13932616     0.12717992
    2.4454076     0.15420810     0.13182319
    2.4554092     0.17407908     0.14115413
    2.4654109     0.19893372     0.15572127
    2.4754126     0.22838185     0.17566144
    2.4854142     0.26112968     0.20070185
    2.4954159     0.29459170     0.23004666
    2.5054176     0.32494284     0.26214461
    2.5154192     0.34774340     0.29450609
    2.5254209     0.35900268     0.32379222
    2.5354226     0.35632899     0.34628703
    2.5454242     0.33975162     0.35866648
    2.5554259     0.31191593     0.35882168
    2.5654276     0.27758412     0.34646284
    2.5754292     0.24261277     0.32331950
    2.5854309     0.21273291     0.29289746
    2.5954326     0.19247837     0.25988316
    2.6054342     0.18450102     0.22935843
    2.6154359     0.18933772     0.20598909
    2.6254376     0.20554828     0.19329658
    2.6354392     0.23009928     0.19306465
    2.6454409     0.25891506     0.20493769
    2.6554426     0.28756539     0.22633896
    2.6654442     0.31202463     0.25288550
    2.6754459     0.32933774     0.27937025
    2.6854476     0.33798150     0.30109965
    2.6954492     0.33780924     0.31508688
    2.7054509     0.32967199     0.32056193
    2.7154526     0.31495850     0.31858028
    2.7254542     0.29526620     0.31101159
    2.7354559     0.27224586     0.29951508
    2.7454576     0.24752057     0.28502398
    2.7554592     0.22258864     0.26785358
    2.7654609     0.19873524     0.24814928
    2.7754626     0.17704262     0.22628632
    2.7854642     0.15851164     0.20303090
    2.7954659     0.14415963     0.17953136
    2.8054676     0.13490904     0.15728693
    2.8154692     0.13121274     0.13811164
    2.8254709     0.13259349     0.12395512
    2.8354726     0.13742270     0.11645509
    2.8454743     0.14319529     0.11629863
    2.8554759     0.14729219     0.12269701
    2.8654776     0.14791784     0.13333223
    2.8754793     0.14475034     0.14493780
    2.8854809     0.13895752     0.15433604
    2.8954826     0.13256159     0.15947728
    2.9054843     0.12748329     0.15999081
    2.9154859     0.12474627     0.15700073
    2.9254876     0.12418690     0.15234445
    2.9354892     0.12470544     0.14762731
    2.9454909     0.12483018     0.14357963
    2.9554926     0.12329719     0.13995714
    2.9654942     0.11945419     0.13591352
    2.9754959     0.11343517     0.13057307
    2.9854976     0.10611220     0.12352268
    2.9954992     0.09882679     0.11505686
    3.0055009     0.09292627     0.10613054
    3.0155026     0.08922711     0.09805041
    3.0255043     0.08763327     0.09199188
    3.0355059     0.08713636     0.08850022
    3.0455076     0.08626620     0.08718919
    3.0555093     0.08382052     0.08681876
    3.0655109     0.07953161     0.08578276
    3.0755126     0.07433800     0.08283066
    3.0855143     0.07012028     0.07770728
    3.0955159     0.06902260     0.07141272
    3.1055176     0.07267665     0.06595644
    3.1155193     0.08167612     0.06370910
    3.1255209     0.09550582     0.06662649
    3.1355226     0.11288519     0.07565633
    3.1455242     0.13227026     0.09053512
    3.1555259     0.15219839     0.10999004
    3.1655276     0.17130399     0.13217135
    3.1755292     0.18809712     0.15505487
    3.1855309     0.20079504     0.17663192
    3.1955326     0.20747592     0.19490266
    3.2055343     0.20658612     0.20786792
    3.2155359     0.19755273     0.21372544
    3.2255376     0.18114320     0.21129801
    3.2355393     0.15935484     0.20049130
    3.2455409     0.13489913     0.18249160
    3.2555426     0.11056666     0.15954538
    3.2655443     0.08878299     0.13441382
    3.2755459     0.07150488     0.10977936
    3.2855476     0.06038677     0.08787787
    3.2955493     0.05699838     0.07046665
    3.3055509     0.06285534     0.05903774
    3.3155526     0.07912205     0.05506356
    3.3255543     0.10601111     0.06005554
    3.3355559     0.14209090     0.07530057
    3.3455576     0.18385989     0.10127646
    3.3555593     0.22596400     0.13691572
    3.3655609     0.26223889     0.17905234
    3.3755626     0.28736909     0.22246174
    3.3855643     0.29855313     0.26077067
    3.3955659     0.29641915     0.28813182
    3.4055676     0.28471276     0.30108151
    3.4155693     0.26886294     0.29973777
    3.4255709     0.25407136     0.28770141
    3.4355726     0.24373222     0.27064500
    3.4455743     0.23871351     0.25424016
    3.4555759     0.23755731     0.24235302
    3.4655776     0.23730433     0.23617966
    3.4755793     0.23455986     0.23443461
    3.4855809     0.22650887     0.23424264
    3.4955826     0.21169183     0.23225193
    3.5055843     0.19040383     0.22562329
    3.5155859     0.16462899     0.21273868
    3.5255876     0.13753192     0.19356876
    3.5355893     0.11267494     0.16966249
    3.5455909     0.09321977     0.14376527
    3.5555926     0.08133955     0.11917006
    3.5655943     0.07793827     0.09899781
    3.5755959     0.08264620     0.08561025
    3.5855976     0.09401483     0.08026741
    3.5955993     0.10986571     0.08302890
    3.6056009     0.12777493     0.09284683
    3.6156026     0.14562377     0.10782330
    3.6256043     0.16204559     0.12563194
    3.6356059     0.17656439     0.14405544
    3.6456076     0.18934485     0.16148138
    3.6556093     0.20070348     0.17714339
    3.6656109     0.21068616     0.19099185
    3.6756126     0.21895317     0.20329136
    3.6856143     0.22496452     0.21420451
    3.6956159     0.22823303     0.22358616
    3.7056176     0.22839792     0.23101043
    3.7156193     0.22507505     0.23586843
    3.7256209     0.21767742     0.23737956
    3.7356226     0.20546621     0.23453748
    3.7456243     0.18792797     0.22617821
    3.7556259     0.16530763     0.21133173
    3.7656276     0.13896899     0.18979530
    3.7756293     0.11132462     0.16263056
    3.7856309     0.08532460     0.13224637
    3.7956326     0.06374022     0.10193878
    3.8056343     0.04856856     0.07507048
    3.8156359     0.04078803     0.05426231
    3.8256376     0.04050621     0.04092657
    3.8356393     0.04737489     0.03526569
    3.8456409     0.06105645     0.03665030
    3.8556426     0.08150312     0.04418569
    3.8656443     0.10885521     0.05725982
    3.8756459     0.14290392     0.07587166
    3.8856476     0.18230240     0.10055353
    3.8956493     0.22394923     0.13179391
    3.9056509     0.26302842     0.16909691
    3.9156526     0.29394125     0.21010717
    3.9256543     0.31188979     0.25037341
    3.9356559     0.31445818     0.28412537
    3.9456576     0.30248140     0.30592377
    3.9556593     0.27984860     0.31250818
    3.9656609     0.25241349     0.30398670
    3.9756626     0.22652887     0.28383708
    3.9856643     0.20770804     0.25780584
    3.9956659     0.19965943     0.23228392
    4.0056676     0.20370745     0.21281568
    4.0156693     0.21857174     0.20311303
    4.0256710     0.24057149     0.20459720
    4.0356726     0.26436210     0.21633693
    4.0456743     0.28417669     0.23531259
    4.0556760     0.29529550     0.25703418
    4.0656776     0.29528387     0.27651322
    4.0756793     0.28456797     0.28943436
    4.0856810     0.26615464     0.29322265
    4.0956826     0.24462392     0.28767601
    4.1056843     0.22478030     0.27494761
    4.1156859     0.21044559     0.25886424
    4.1256876     0.20378887     0.24378697
    4.1356893     0.20535302     0.23339729
    4.1456909     0.21463880     0.22985081
    4.1556926     0.23086811     0.23360739
    4.1656943     0.25348347     0.24393477
    4.1756959     0.28209321     0.25973344
    4.1856976     0.31588052     0.28016049
    4.1956993     0.35281062     0.30466734
    4.2057009     0.38913630     0.33244495
    4.2157026     0.41962419     0.36165788
    4.2257043     0.43862373     0.38901098
    4.2357059     0.44170386     0.41004330
    4.2457076     0.42726932     0.42018013
    4.2557093     0.39749130     0.41619424
    4.2657109     0.35810428     0.39750796
    4.2757126     0.31705388     0.36679434
    4.2857143     0.28244070     0.32958652
    4.2957159     0.26047312     0.29297724
    4.3057176     0.25408868     0.26383398
    4.3157193     0.26257301     0.24712366
    4.3257210     0.28209546     0.24486039
    4.3357226     0.30681529     0.25590436
    4.3457243     0.33018936     0.27650748
    4.3557260     0.34624424     0.30129411
    4.3657276     0.35069099     0.32436486
    4.3757293     0.34175946     0.34034552
    4.3857310     0.32057095     0.34531688
    4.3957326     0.29088885     0.33755471
    4.4057343     0.25824851     0.31792707
    4.4157360     0.22868618     0.28977220
    4.4257376     0.20741806     0.25819787
    4.4357393     0.19779456     0.22894715
    4.4457410     0.20072404     0.20713110
    4.4557426     0.21461943     0.19615612
    4.4657443     0.23582348     0.19709243
    4.4757460     0.25941042     0.20860668
    4.4857476     0.28022620     0.22744374
    4.4957493     0.29400273     0.24930056
    4.5057510     0.29834674     0.26983310
    4.5157526     0.29335750     0.28554421
    4.5257543     0.28161764     0.29440900
    4.5357560     0.26742266     0.29619807
    4.5457576     0.25540363     0.29245893
    4.5557593     0.24903834     0.28606672
    4.5657610     0.24969720     0.28032539
    4.5757626     0.25665444     0.27785621
    4.5857643     0.26798393     0.27976725
    4.5957660     0.28176903     0.28555766
    4.6057676     0.29692522     0.29379311
    4.6157693     0.31324517     0.30308065
    4.6257710     0.33078733     0.31270004
    4.6357726     0.34907354     0.32256570
    4.6457743     0.36655547     0.33271417
    4.6557760     0.38057572     0.34278605
    4.6657776     0.38784014     0.35182404
    4.6757793     0.38533518     0.35837820
    4.6857810     0.37155369     0.36075944
    4.6957826     0.34770116     0.35740769
    4.7057843     0.31832722     0.34749176
    4.7157860     0.29082648     0.33174847
    4.7257876     0.27364906     0.31321789
    4.7357893     0.27370527     0.29727267
    4.7457910     0.29395527     0.29050355
    4.7557926     0.33221218     0.29860869
    4.7657943     0.38171915     0.32408688
    4.7757960     0.43334594     0.36481495
    4.7857976     0.47863920     0.41430171
    4.7957993     0.51268328     0.46370824
    4.8058010     0.53581124     0.50496621
    4.8158026     0.55354834     0.53384230
    4.8258043     0.57467466     0.55174246
    4.8358060     0.60789908     0.56543077
    4.8458076     0.65822503     0.58455972
    4.8558093     0.72440219     0.61778197
    4.8658110     0.79860681     0.66891191
    4.8758126     0.86862408     0.73475221
    4.8858143     0.92168853     0.80559604
    4.8958160     0.94839509     0.86826380
    4.9058176     0.94516614     0.91040393
    4.9158193     0.91456697     0.92428943
    4.9258210     0.86377035     0.90871753
    4.9358226     0.80211604     0.86859326
    4.9458243     0.73877498     0.81277020
    4.9558260     0.68117973     0.75125250
    4.9658276     0.63441960     0.69281004
    4.9758293     0.60142517     0.64362615
    4.9858310     0.58354944     0.60707949
    4.9958326     0.58111649     0.58436190
    5.0058343     0.59364570     0.57542937
    5.0158360     0.61970120     0.57978751
    5.0258376     0.65653301     0.59679246
    5.0358393     0.69977672     0.62541484
    5.0458410     0.74346866     0.66365219
    5.0558426     0.78056558     0.70791537
    5.0658443     0.80403527     0.75275808
    5.0758460     0.80837300     0.79126948
    5.0858476     0.79113226     0.81626165
    5.0958493     0.75389306     0.82203133
    5.1058510     0.70219627     0.80608990
    5.1158526     0.64435490     0.77010622
    5.1258543     0.58950871     0.71958339
    5.1358560     0.54555306     0.66238302
    5.1458576     0.51753115     0.60674587
    5.1558593     0.50683120     0.55958838
    5.1658610     0.51127236     0.52553916
    5.1758626     0.52601204     0.50669319
    5.1858643     0.54512480     0.50276574
    5.1958660     0.56357272     0.51139458
    5.2058676     0.57906215     0.52864093
    5.2158693     0.59307965     0.54994098
    5.2258710     0.61045285     0.57158446
    5.2358727     0.63725315     0.59227680
    5.2458743     0.67764434     0.61388358
    5.2558760     0.73099719     0.64056143
    5.2658777     0.79075650     0.67629716
    5.2758793     0.84591386     0.72196469
    5.2858810     0.88470680     0.77357843
    5.2958827     0.89895216     0.82293918
    5.3058843     0.88695601     0.86052633
    5.3158860     0.85360180     0.87914215
    5.3258877     0.80770954     0.87637448
    5.3358893     0.75820927     0.85471754
    5.3458910     0.71117427     0.81962985
    5.3558927     0.66901302     0.77693070
    5.3658943     0.63167857     0.73104387
    5.3758960     0.59862307     0.68476157
    5.3858977     0.57010470     0.64011792
    5.3958993     0.54724794     0.59937516
    5.4059010     0.53123277     0.56530057
    5.4159026     0.52242093     0.54055912
    5.4259043     0.51996410     0.52665149
    5.4359060     0.52190982     0.52304711
    5.4459076     0.52555345     0.52698525
    5.4559093     0.52792196     0.53405634
    5.4659110     0.52651336     0.53936459
    5.4759126     0.52038010     0.53892618
    5.4859143     0.51128268     0.53095992
    5.4959160     0.50426589     0.51679471
    5.5059176     0.50700614     0.50117296
    5.5159193     0.52774954     0.49175165
    5.5259210     0.57236910     0.49765369
    5.5359226     0.64161711     0.52710800
    5.5459243     0.72974174     0.58459911
    5.5559260     0.82521330     0.66841219
    5.5659276     0.91352420     0.76969922
    5.5759293     0.98118818     0.87387729
    5.5859310     1.01951649     0.96426380
    5.5959327     1.02677020     1.02676856
    5.6059343     1.00792498     1.05385296
    5.6159360     0.97226907     1.04624566
    5.6259377     0.92991022     1.01191381
    5.6359393     0.88859395     0.96291868
    5.6459410     0.85194405     0.91145541
    5.6559427     0.81955300     0.86642546
    5.6659443     0.78860905     0.83152242
    5.6759460     0.75621467     0.80528125
    5.6859477     0.72137200     0.78293443
    5.6959493     0.68582796     0.75928516
    5.7059510     0.65351139     0.73135879
    5.7159527     0.62894160     0.69965530
    5.7259543     0.61543580     0.66751839
    5.7359560     0.61395692     0.63913925
    5.7459577     0.62301675     0.61742259
    5.7559593     0.63944438     0.60290748
    5.7659610     0.65943594     0.59419864
    5.7759627     0.67935802     0.58941948
    5.7859643     0.69617913     0.58764277
    5.7959660     0.70776381     0.58939608
    5.8059677     0.71325310     0.59603162
    5.8159693     0.71341444     0.60851100
    5.8259710     0.71055967     0.62648806
    5.8359727     0.70775616     0.64828213
    5.8459743     0.70755065     0.67165534
    5.8559760     0.71086858     0.69474727
    5.8659777     0.71673702     0.71649136
    5.8759793     0.72299375     0.73634034
    5.8859810     0.72756467     0.75373140
    5.8959827     0.72963026     0.76791251
    5.9059843     0.73016811     0.77837041
    5.9159860     0.73173906     0.78550112
    5.9259877     0.73770417     0.79089340
    5.9359893     0.75120639     0.79689789
    5.9459910     0.77425734     0.80574987
    5.9559927     0.80717438     0.81886486
    5.9659943     0.84842278     0.83673417
    5.9759960     0.89470960     0.85929364
    5.9859977     0.94112217     0.88620756
    5.9959993     0.98130590     0.91656554
    6.0060010     1.00797600     0.94801159
    6.0160027     1.01411731     0.97593369
    6.0260043     0.99485197     0.99357653
    6.0360060     0.94935687     0.99355768
    6.0460077     0.88187538     0.97043249
    6.0560093     0.80114134     0.92317294
    6.0660110     0.71830469     0.85625194
    6.0760127     0.64421475     0.77865550
    6.0860143     0.58716815     0.70123866
    6.0960160     0.55182303     0.63370746
    6.1060177     0.53924027     0.58258697
    6.1160193     0.54746958     0.55079802
    6.1260210     0.57211479     0.53843966
    6.1360227     0.60680154     0.54377738
    6.1460243     0.64394777     0.56365773
    6.1560260     0.67620440     0.59338466
    6.1660277     0.69833005     0.62680848
    6.1760293     0.70859349     0.65735389
    6.1860310     0.70874589     0.67990044
    6.1960327     0.70239447     0.69248052
    6.2060343     0.69271468     0.69654828
    6.2160360     0.68096139     0.69542546
    6.2260377     0.66669402     0.69186325
    6.2360393     0.64939283     0.68639446
    6.2460410     0.63015978     0.67762303
    6.2560427     0.61219337     0.66416648
    6.2660443     0.59964106     0.64673911
    6.2760460     0.59554330     0.62877761
    6.2860477     0.60012924     0.61508276
    6.2960493     0.61046094     0.60933127
    6.3060510     0.62165339     0.61202523
    6.3160527     0.62912652     0.62011402
    6.3260543     0.63090971     0.62851296
    6.3360560     0.62900366     0.63274298
    6.3460577     0.62915059     0.63143160
    6.3560593     0.63896087     0.62754351
    6.3660610     0.66502034     0.62776345
    6.3760627     0.71009988     0.64017299
    6.3860643     0.77164546     0.67102647
    6.3960660     0.84223978     0.72185101
    6.4060677     0.91186529     0.78809510
    6.4160693     0.97097134     0.86003810
    6.4260710     1.01300274     0.92575182
    6.4360727     1.03539469     0.97494712
    6.4460743     1.03889537     1.00205051
    6.4560760     1.02593871     1.00719178
    6.4660777     0.99915291     0.99484010
    6.4760794     0.96077550     0.97102310
    6.4860810     0.91301142     0.94068683
    6.4960827     0.85872184     0.90644845
    6.5060844     0.80168526     0.86901452
    6.5160860     0.74608937     0.82855312
    6.5260877     0.69555991     0.78592181
    6.5360894     0.65241672     0.74300960
    6.5460910     0.61766905     0.70220288
    6.5560927     0.59166883     0.66557844
    6.5660944     0.57482564     0.63448460
    6.5760960     0.56778314     0.60973423
    6.5860977     0.57095976     0.59209425
    6.5960994     0.58392314     0.58255069
    6.6061010     0.60522239     0.58208468
    6.6161027     0.63293520     0.59115243
    6.6261044     0.66561353     0.60932226
    6.6361060     0.70296215     0.63539759
    6.6461077     0.74568194     0.66798642
    6.6561094     0.79438534     0.70614581
    6.6661110     0.84808483     0.74962380
    6.6761127     0.90314847     0.79838662
    6.6861144     0.95354140     0.85151533
    6.6961160     0.99255982     0.90604693
    6.7061177     1.01538793     0.95662670
    6.7161193     1.02121102     0.99660031
    6.7261210     1.01374765     1.02036993
    6.7361227     0.99988993     1.02592883
    6.7461243     0.98712440     1.01616109
    6.7561260     0.98092511     0.99807415
    6.7661277     0.98313527     0.98026277
    6.7761293     0.99174889     0.96981861
    6.7861310     1.00191152     0.97005626
    6.7961327     1.00763580     0.97985477
    6.8061344     1.00366554     0.99457592
    6.8161360     0.98700914     1.00790581
    6.8261377     0.95782594     1.01381209
    6.8361394     0.91954659     1.00805924
    6.8461410     0.87827911     0.98912488
    6.8561427     0.84164073     0.95861687
    6.8661444     0.81718898     0.92125820
    6.8761460     0.81069456     0.88430416
    6.8861477     0.82463799     0.85618570
    6.8961494     0.85740562     0.84443648
    6.9061510     0.90353338     0.85344103
    6.9161527     0.95496048     0.88286226
    6.9261544     1.00282575     0.92745011
    6.9361560     1.03918566     0.97833547
    6.9461577     1.05828872     1.02526024
    6.9561594     1.05747214     1.05892117
    6.9661610     1.03792073     1.07284250
    6.9761627     1.00521802     1.06465493
    6.9861644     0.96908794     1.03688576
    6.9961660     0.94156944     0.99714254
    7.0061677     0.93349345     0.95716881
    7.0161694     0.95031358     0.93022917
    7.0261710     0.98925873     0.92699185
    7.0361727     1.03959972     0.95123592
    7.0461744     1.08639443     0.99747575
    7.0561760     1.11615082     1.05216591
    7.0661777     1.12165380     1.09847328
    7.0761794     1.10359477     1.12258846
    7.0861810     1.06845458     1.11853214
    7.0961827     1.02420067     1.08917504
    7.1061844     0.97644956     1.04332242
    7.1161860     0.92719002     0.99085464
    7.1261877     0.87640687     0.93873335
    7.1361894     0.82513774     0.88979519
    7.1461910     0.77771491     0.84438834
    7.1561927     0.74156142     0.80326706
    7.1661944     0.72445683     0.76962583
    7.1761960     0.73071100     0.74886310
    7.1861977     0.75833021     0.74610478
    7.1961994     0.79873109     0.76288134
    7.2062010     0.83922082     0.79492018
    7.2162027     0.86708537     0.83247613
    7.2262044     0.87343020     0.86326183
    7.2362060     0.85519838     0.87662425
    7.2462077     0.81480873     0.86696589
    7.2562094     0.75801571     0.83488662
    7.2662110     0.69129031     0.78578722
    7.2762127     0.61996987     0.72694585
    7.2862144     0.54777266     0.66464751
    7.2962160     0.47745811     0.60261705
    7.3062177     0.41188947     0.54212225
    7.3162194     0.35474437     0.48325746
    7.3262210     0.31052386     0.42652393
    7.3362227     0.28400533     0.37396218
    7.3462244     0.27953243     0.32952218
    7.3562260     0.30041926     0.29873508
    7.3662277     0.34844608     0.28787951
    7.3762294     0.42325482     0.30277483
    7.3862310     0.52158459     0.34730125
    7.3962327     0.63659989     0.42188416
    7.4062344     0.75778007     0.52239138
    7.4162360     0.87177348     0.63993422
    7.4262377     0.96431388     0.76180791
    7.4362394     1.02291455     0.87339906
    7.4462410     1.03972791     0.96061272
    7.4562427     1.01376348     1.01235720
    7.4662444     0.95168569     1.02272631
    7.4762460     0.86676445     0.99251555
    7.4862477     0.77617234     0.92960730
    7.4962494     0.69741566     0.84781469
    7.5062510     0.64489139     0.76418094
    7.5162527     0.62729290     0.69533879
    7.5262544     0.64615337     0.65394024
    7.5362560     0.69561455     0.64610498
    7.5462577     0.76358594     0.67043247
    7.5562594     0.83444864     0.71870329
    7.5662610     0.89300749     0.77811733
    7.5762627     0.92863953     0.83465713
    7.5862644     0.93811039     0.87679980
    7.5962660     0.92584681     0.89848145
    7.6062677     0.90150783     0.90027985
    7.6162694     0.87589411     0.88837602
    7.6262710     0.85689973     0.87173210
    7.6362727     0.84704759     0.85860523
    7.6462744     0.84334881     0.85367266
    7.6562760     0.83924064     0.85667873
    7.6662777     0.82761478     0.86288451
    7.6762794     0.80367353     0.86498471
    7.6862810     0.76656303     0.85573229
    7.6962827     0.71930485     0.83035668
    7.7062844     0.66727325     0.78800145
    7.7162860     0.61607578     0.73181222
    7.7262877     0.56991288     0.66784360
    7.7362894     0.53116398     0.60338810
    7.7462910     0.50119661     0.54543734
    7.7562927     0.48162386     0.49971845
    7.7662944     0.47492279     0.47030426
    7.7762961     0.48371989     0.45947840
    7.7862977     0.50896838     0.46753623
    7.7962994     0.54813776     0.49247476
    7.8063011     0.59479208     0.52985172
    7.8163027     0.64027309     0.57323862
    7.8263044     0.67694809     0.61552675
    7.8363061     0.70142732     0.65090465
    7.8463077     0.71605438     0.67682681
    7.8563094     0.72794252     0.69506071
    7.8663111     0.74620375     0.71117374
    7.8763127     0.77883966     0.73254139
    7.8863144     0.83054797     0.76571523
    7.8963161     0.90179738     0.81428868
    7.9063177     0.98875728     0.87803808
    7.9163194     1.08359551     0.95336198
    7.9263211     1.17514236     1.03441476
    7.9363227     1.25035026     1.11421085
    7.9463244     1.29685330     1.18534556
    7.9563261     1.30625967     1.24049671
    7.9663277     1.27706527     1.27314814
    7.9763294     1.21582368     1.27881402
    7.9863311     1.13572663     1.25654542
    7.9963327     1.05286058     1.21000900
    8.0063344     0.98153821     1.14733337
    8.0163361     0.93059987     1.07938684
    8.0263377     0.90209660     1.01696036
    8.0363394     0.89254074     0.96796974
    8.0463411     0.89566308     0.93581958
    8.0563427     0.90508090     0.91944953
    8.0663444     0.91570606     0.91472234
    8.0763461     0.92371779     0.91625894
    8.0863477     0.92579050     0.91886550
    8.0963494     0.91851533     0.91818064
    8.1063511     0.89859687     0.91070225
    8.1163527     0.86381875     0.89362240
    8.1263544     0.81432544     0.86486617
    8.1363561     0.75359628     0.82352893
    8.1463577     0.68854723     0.77064871
    8.1563594     0.62844475     0.70997375
    8.1663611     0.58275014     0.64817174
    8.1763627     0.55853032     0.59396631
    8.1863644     0.55839093     0.55611560
    8.1963661     0.57973553     0.54082191
    8.2063677     0.61555353     0.54963844
    8.2163694     0.65626981     0.57881760
    8.2263711     0.69189164     0.62034212
    8.2363727     0.71387235     0.66407500
    8.2463744     0.71648697     0.70010052
    8.2563761     0.69771120     0.72055990
    8.2663777     0.65952340     0.72078206
    8.2763794     0.60744701     0.69981791
    8.2863811     0.54927651     0.66044748
    8.2963827     0.49327312     0.60857312
    8.3063844     0.44639308     0.55194805
    8.3163861     0.41306199     0.49846563
    8.3263877     0.39466273     0.45449612
    8.3363894     0.38956764     0.42373740
    8.3463911     0.39350671     0.40675590
    8.3563927     0.40030154     0.40111040
    8.3663944     0.40317834     0.40191810
    8.3763961     0.39668509     0.40288190
    8.3863977     0.37871709     0.39785491
    8.3963994     0.35172485     0.38276601
    8.4064011     0.32228404     0.35730623
    8.4164027     0.29891306     0.32556239
    8.4264044     0.28892707     0.29505948
    8.4364061     0.29565481     0.27435151
    8.4464077     0.31720377     0.27000213
    8.4564094     0.34724587     0.28413293
    8.4664111     0.37741036     0.31352795
    8.4764127     0.40024411     0.35066857
    8.4864144     0.41158452     0.38630276
    8.4964161     0.41157221     0.41254639
    8.5064177     0.40416112     0.42533800
    8.5164194     0.39552836     0.42540230
    8.5264211     0.39202638     0.41754263
    8.5364227     0.39827178     0.40871978
    8.5464244     0.41580576     0.40568551
    8.5564261     0.44262885     0.41288711
    8.5664277     0.47378141     0.43113976
    8.5764294     0.50289616     0.45736722
    8.5864311     0.52427711     0.48553858
    8.5964327     0.53474369     0.50864430
    8.6064344     0.53448055     0.52112928
    8.6164361     0.52655671     0.52085785
    8.6264377     0.51543168     0.50975447
    8.6364394     0.50526139     0.49285323
    8.6464411     0.49883524     0.47629703
    8.6564427     0.49751269     0.46532140
    8.6664444     0.50189508     0.46310686
    8.6764461     0.51256981     0.47073748
    8.6864477     0.53031532     0.48785932
    8.6964494     0.55557312     0.51340207
    8.7064511     0.58750223     0.54593408
    8.7164527     0.62325070     0.58358407
    8.7264544     0.65805618     0.62372982
    8.7364561     0.68642406     0.66277646
    8.7464577     0.70407430     0.69637533
    8.7564594     0.70986065     0.72032730
    8.7664611     0.70673580     0.73208038
    8.7764627     0.70119759     0.73225180
    8.7864644     0.70134406     0.72531672
    8.7964661     0.71429353     0.71883863
    8.8064677     0.74393200     0.72132744
    8.8164694     0.78967841     0.73953535
    8.8264711     0.84647979     0.77623603
    8.8364728     0.90589626     0.82918949
    8.8464744     0.95802135     0.89143840
    8.8564761     0.99394634     0.95273633
    8.8664777     1.00831553     1.00185286
    8.8764794     1.00124782     1.02946032
    8.8864811     0.97878134     1.03103845
    8.8964828     0.95131374     1.00884926
    8.9064844     0.93027699     0.97194932
    8.9164861     0.92416478     0.93374458
    8.9264877     0.93550760     0.90763758
    8.9364894     0.96010208     0.90232836
    8.9464911     0.98880133     0.91868637
    8.9564928     1.01097630     0.94952707
    8.9664944     1.01805911     0.98235929
    8.9764961     1.00579208     1.00387897
    8.9864977     0.97471696     1.00435278
    8.9964994     0.92934495     0.98033874
    9.0065011     0.87673226     0.93513279
    9.0165028     0.82485096     0.87727380
    9.0265044     0.78076958     0.81789687
    9.0365061     0.74876890     0.76769634
    9.0465077     0.72901826     0.73410990
    9.0565094     0.71769281     0.71934618
    9.0665111     0.70891822     0.71993351
    9.0765127     0.69787646     0.72820972
    9.0865144     0.68356340     0.73544651
    9.0965161     0.66973702     0.73543783
    9.1065178     0.66354938     0.72698884
    9.1165194     0.67257803     0.71419886
    9.1265211     0.70170204     0.70452654
    9.1365227     0.75116362     0.70568745
    9.1465244     0.81643212     0.72283875
    9.1565261     0.88963756     0.75711843
    9.1665278     0.96177437     0.80579218
    9.1765294     1.02475303     0.86353590
    9.1865311     1.07264883     0.92405410
    9.1965328     1.10199708     0.98132840
    9.2065344     1.11146340     1.03017215
    9.2165361     1.10141552     1.06624537
    9.2265378     1.07372658     1.08601977
    9.2365394     1.03171653     1.08714475
    9.2465411     0.97986118     1.06922379
    9.2565428     0.92303611     1.03447396
    9.2665444     0.86551485     0.98758192
    9.2765461     0.81028614     0.93451392
    9.2865478     0.75912468     0.88078752
    9.2965494     0.71329686     0.83015457
    9.3065511     0.67427932     0.78438011
    9.3165528     0.64389126     0.74402866
    9.3265544     0.62380350     0.70952160
    9.3365561     0.61498187     0.68171386
    9.3465578     0.61768104     0.66179362
    9.3565594     0.63204390     0.65089133
    9.3665611     0.65869031     0.64988963
    9.3765628     0.69853229     0.65953971
    9.3865644     0.75160614     0.68055324
    9.3965661     0.81552517     0.71328984
    9.4065678     0.88457602     0.75702326
    9.4165694     0.95020214     0.80918539
    9.4265711     1.00288017     0.86509938
    9.4365728     1.03470600     0.91848261
    9.4465744     1.04171275     0.96264965
    9.4565761     1.02506759     0.99208218
    9.4665778     0.99069217     1.00389369
    9.4765794     0.94739537     0.99867427
    9.4865811     0.90417866     0.98031203
    9.4965828     0.86775526     0.95472810
    9.5065844     0.84125171     0.92795073
    9.5165861     0.82447226     0.90430916
    9.5265878     0.81530817     0.88548568
    9.5365894     0.81136620     0.87072543
    9.5465911     0.81097846     0.85794429
    9.5565928     0.81330146     0.84512154
    9.5665944     0.81778307     0.83135513
    9.5765961     0.82351142     0.81720652
    9.5865978     0.82882361     0.80428990
    9.5965994     0.83127418     0.79432901
    9.6066011     0.82788529     0.78806634
    9.6166028     0.81559138     0.78445730
    9.6266044     0.79183947     0.78050644
    9.6366061     0.75528024     0.77189150
    9.6466078     0.70636894     0.75420775
    9.6566094     0.64760963     0.72437378
    9.6666111     0.58325577     0.68164884
    9.6766128     0.51852628     0.62791087
    9.6866144     0.45864984     0.56722671
    9.6966161     0.40811429     0.50504721
    9.7066178     0.37030899     0.44737609
    9.7166194     0.34744477     0.40003174
    9.7266211     0.34045406     0.36789500
    9.7366228     0.34866424     0.35403433
    9.7466244     0.36933860     0.35882091
    9.7566261     0.39745995     0.37937657
    9.7666278     0.42616008     0.40972214
    9.7766294     0.44792283     0.44176705
    9.7866311     0.45627726     0.46694307
    9.7966328     0.44740989     0.47803200
    9.8066344     0.42112542     0.47068211
    9.8166361     0.38084763     0.44423808
    9.8266378     0.33271495     0.40172977
    9.8366394     0.28411591     0.34908718
    9.8466411     0.24212951     0.29382670
    9.8566428     0.21227340     0.24356486
    9.8666444     0.19777217     0.20472666
    9.8766461     0.19933583     0.18169848
    9.8866478     0.21529534     0.17646370
    9.8966494     0.24194512     0.18856956
    9.9066511     0.27406403     0.21524189
    9.9166528     0.30570014     0.25161733
    9.9266544     0.33127724     0.29126677
    9.9366561     0.34688294     0.32722635
    9.9466578     0.35135433     0.35352162
    9.9566594     0.34668254     0.36678220
    9.9666611     0.33743077     0.36728245
    9.9766628     0.32924629     0.35884295
    9.9866644     0.32695824     0.34748487
    9.9966661     0.33298666     0.33929937
   10.0066678     0.34672287     0.33837292
   10.0166694     0.36517119     0.34561320
   10.0266711     0.38458763     0.35895213
   10.0366728     0.40235541     0.37480845
   10.0466744     0.41817992     0.39011203
   10.0566761     0.43400965     0.40390337
   10.0666778     0.45274121     0.41771346
   10.0766794     0.47636817     0.43454547
   10.0866811     0.50444733     0.45698825
   10.0966828     0.53353588     0.48538923
   10.1066844     0.55781756     0.51691885
   10.1166861     0.57072839     0.54591624
   10.1266878     0.56709456     0.56540640
   10.1366894     0.54508763     0.56930517
   10.1466911     0.50724125     0.55459447
   10.1566928     0.46000308     0.52266545
   10.1666944     0.41185435     0.47919888
   10.1766961     0.37069166     0.43246892
   10.1866978     0.34153970     0.39067100
   10.1966994     0.32549894     0.35939143
   10.2067011     0.32022228     0.34029258
   10.2167028     0.32152716     0.33146513
   10.2267045     0.32535321     0.32907787
   10.2367061     0.32931023     0.32942732
   10.2467078     0.33339363     0.33050174
   10.2567095     0.33981884     0.33259423
   10.2667111     0.35215570     0.33797953
   10.2767128     0.37402351     0.34994260
   10.2867145     0.40764430     0.37149547
   10.2967161     0.45261902     0.40409458
   10.3067178     0.50533055     0.44668560
   10.3167195     0.55927403     0.49540772
   10.3267211     0.60633587     0.54415881
   10.3367228     0.63869551     0.58592787
   10.3467245     0.65077869     0.61447984
   10.3567261     0.64066726     0.62582944
   10.3667278     0.61057209     0.61905623
   10.3767295     0.56631001     0.59631697
   10.3867311     0.51604137     0.56222289
   10.3967328     0.46868100     0.52290599
   10.4067345     0.43234263     0.48504705
   10.4167361     0.41300367     0.45496047
   10.4267378     0.41345433     0.43769263
   10.4367395     0.43263319     0.43612198
   10.4467411     0.46559010     0.45022448
   10.4567428     0.50436162     0.47681779
   10.4667445     0.53982522     0.51004747
   10.4767461     0.56414758     0.54261720
   10.4867478     0.57301795     0.56745930
   10.4967495     0.56677573     0.57938664
   10.5067511     0.54993538     0.57631445
   10.5167528     0.52929854     0.55978254
   10.5267545     0.51144380     0.53462372
   10.5367561     0.50058012     0.50772449
   10.5467578     0.49749169     0.48603052
   10.5567595     0.49978791     0.47430380
   10.5667611     0.50317606     0.47346251
   10.5767628     0.50317917     0.48031306
   10.5867645     0.49667315     0.48895127
   10.5967661     0.48277459     0.49327559
   10.6067678     0.46289273     0.48942812
   10.6167695     0.44006413     0.47700843
   10.6267711     0.41790364     0.45861311
   10.6367728     0.39955427     0.43818536
   10.6467745     0.38691605     0.41920728
   10.6567761     0.38027712     0.40362891
   10.6667778     0.37836444     0.39180195
   10.6767795     0.37879276     0.38307096
   10.6867811     0.37885306     0.37646134
   10.6967828     0.37648105     0.37111071
   10.7067845     0.37111373     0.36643768
   10.7167861     0.36409159     0.36222842
   10.7267878     0.35839005     0.35875387
   10.7367895     0.35773961     0.35684908
   10.7467911     0.36546687     0.35780278
   10.7567928     0.38348366     0.36301587
   10.7667945     0.41171360     0.37358673
   10.7767961     0.44799048     0.39005475
   10.7867978     0.48829937     0.41237181
   10.7967995     0.52727156     0.43991309
   10.8068011     0.55899560     0.47127228
   10.8168028     0.57823563     0.50386002
   10.8268045     0.58191211     0.53373261
   10.8368061     0.57033128     0.55619305
   10.8468078     0.54748307     0.56728513
   10.8568095     0.52001331     0.56557980
   10.8668111     0.49511980     0.55320500
   10.8768128     0.47821892     0.53532771
   10.8868145     0.47138110     0.51815745
   10.8968161     0.47315099     0.50642916
   10.9068178     0.47971238     0.50164304
   10.9168195     0.48680828     0.50190605
   10.9268211     0.49161308     0.50334901
   10.9368228     0.49387817     0.50231894
   10.9468245     0.49599780     0.49726520
   10.9568261     0.50202441     0.48951463
   10.9668278     0.51599529     0.48273867
   10.9768295     0.54013858     0.48150096
   10.9868311     0.57355834     0.48955701
   10.9968328     0.61186521     0.50848900
   11.0068345     0.64797061     0.53696995
   11.0168361     0.67394711     0.57073065
   11.0268378     0.68349975     0.60327374
   11.0368395     0.67426565     0.62739557
   11.0468411     0.64903454     0.63737392
   11.0568428     0.61524764     0.63121387
   11.0668445     0.58278705     0.61194660
   11.0768461     0.56082725     0.58710639
   11.0868478     0.55496693     0.56629046
   11.0968495     0.56573653     0.55771582
   11.1068511     0.58896231     0.56526869
   11.1168528     0.61768783     0.58732076
   11.1268545     0.64476908     0.61773073
   11.1368561     0.66509543     0.64847058
   11.1468578     0.67667980     0.67269041
   11.1568595     0.68045493     0.68697176
   11.1668611     0.67920631     0.69197144
   11.1768628     0.67634320     0.69140788
   11.1868645     0.67501915     0.69006030
   11.1968661     0.67764628     0.69179293
   11.2068678     0.68550618     0.69840788
   11.2168695     0.69823671     0.70952912
   11.2268711     0.71337909     0.72314894
   11.2368728     0.72649709     0.73630047
   11.2468745     0.73226767     0.74558530
   11.2568761     0.72640331     0.74766519
   11.2668778     0.70766675     0.73995976
   11.2768795     0.67899209     0.72157773
   11.2868811     0.64699767     0.69415037
   11.2968828     0.61983922     0.66203071
   11.3068845     0.60411521     0.63144807
   11.3168861     0.60207736     0.60864279
   11.3268878     0.61043799     0.59756281
   11.3368895     0.62147634     0.59809328
   11.3468911     0.62609688     0.60573965
   11.3568928     0.61748364     0.61310995
   11.3668945     0.59362260     0.61267848
   11.3768961     0.55752638     0.59962832
   11.3868978     0.51521651     0.57348265
   11.3968995     0.47268108     0.53782192
   11.4069012     0.43344486     0.49832634
   11.4169028     0.39787188     0.46017146
   11.4269045     0.36426368     0.42604156
   11.4369062     0.33088838     0.39563057
   11.4469078     0.29776212     0.36671481
   11.4569095     0.26734247     0.33712390
   11.4669112     0.24395559     0.30657238
   11.4769128     0.23235332     0.27747806
   11.4869145     0.23605963     0.25443798
   11.4969162     0.25612955     0.24265388
   11.5069178     0.29073001     0.24601987
   11.5169195     0.33565169     0.26567374
   11.5269212     0.38552591     0.29958144
   11.5369228     0.43524729     0.34327364
   11.5469245     0.48104054     0.39135633
   11.5569262     0.52082845     0.43909364
   11.5669278     0.55393506     0.48338500
   11.5769295     0.58044082     0.52282752
   11.5869312     0.60053780     0.55704565
   11.5969328     0.61408436     0.58578580
   11.6069345     0.62042774     0.60826291
   11.6169362     0.61854687     0.62300106
   11.6269378     0.60757551     0.62815723
   11.6369395     0.58765172     0.62219996
   11.6469412     0.56079941     0.60479314
   11.6569428     0.53135661     0.57767554
   11.6669445     0.50552537     0.54518970
   11.6769462     0.48997461     0.51403218
   11.6869478     0.48990852     0.49197116
   11.6969495     0.50734847     0.48574636
   11.7069512     0.54036663     0.49889882
   11.7169528     0.58364594     0.53049845
   11.7269545     0.63018995     0.57541757
   11.7369562     0.67350913     0.62607414
   11.7469578     0.70938373     0.67486051
   11.7569595     0.73645975     0.71619812
   11.7669612     0.75544518     0.74743284
   11.7769628     0.76734834     0.76839848
   11.7869645     0.77172465     0.78006982
   11.7969662     0.76597308     0.78305044
   11.8069678     0.74623942     0.77663062
   11.8169695     0.70964319     0.75887631
   11.8269712     0.65677929     0.72777495
   11.8369728     0.59318548     0.68298718
   11.8469745     0.52887030     0.62740074
   11.8569762     0.47586454     0.56763821
   11.8669778     0.44465395     0.51303096
   11.8769795     0.44085587     0.47323046
   11.8869812     0.46341643     0.45528293
   11.8969828     0.50500471     0.46130487
   11.9069845     0.55443119     0.48769685
   11.9169862     0.60015815     0.52622153
   11.9269878     0.63359114     0.56654350
   11.9369895     0.65099460     0.59929579
   11.9469912     0.65349663     0.61859261
   11.9569928     0.64545874     0.62317103
   11.9669945     0.63210839     0.61589774
   11.9769962     0.61748594     0.60200079
   11.9869978     0.60342137     0.58683169
   11.9969995     0.58965960     0.57404778
   12.0070012     0.57473537     0.56480616
   12.0170028     0.55700447     0.55804685
   12.0270045     0.53540149     0.55148608
   12.0370062     0.50982863     0.54276230
   12.0470078     0.48131514     0.53031616
   12.0570095     0.45205921     0.51387330
   12.0670112     0.42525739     0.49459114
   12.0770128     0.40450888     0.47490962
   12.0870145     0.39276125     0.45802838
   12.0970162     0.39116142     0.44695803
   12.1070178     0.39844857     0.44336199
   12.1170195     0.41136259     0.44672400
   12.1270212     0.42596777     0.45439739
   12.1370228     0.43920017     0.46266686
   12.1470245     0.44979067     0.46832919
   12.1570262     0.45812600     0.46995023
   12.1670278     0.46528144     0.46815949
   12.1770295     0.47190155     0.46493531
   12.1870312     0.47754857     0.46236504
   12.1970328     0.48072509     0.46151013
   12.2070345     0.47938246     0.46180120
   12.2170362     0.47160754     0.46109516
   12.2270378     0.45628951     0.45633517
   12.2370395     0.43368348     0.44464090
   12.2470412     0.40577295     0.42452713
   12.2570428     0.37625860     0.39682657
   12.2670445     0.35001818     0.36491721
   12.2770462     0.33205254     0.33409782
   12.2870478     0.32617040     0.31030010
   12.2970495     0.33383034     0.29856284
   12.3070512     0.35356210     0.30171657
   12.3170528     0.38121834     0.31960824
   12.3270545     0.41101987     0.34905279
   12.3370562     0.43705929     0.38455988
   12.3470578     0.45475465     0.41969327
   12.3570595     0.46178507     0.44867856
   12.3670612     0.45827546     0.46771265
   12.3770628     0.44629998     0.47550688
   12.3870645     0.42899819     0.47293730
   12.3970662     0.40966318     0.46210317
   12.4070678     0.39107873     0.44535227
   12.4170695     0.37521775     0.42476046
   12.4270712     0.36324521     0.40220132
   12.4370728     0.35566506     0.37972974
   12.4470745     0.35245232     0.35979584
   12.4570762     0.35310456     0.34494346
   12.4670778     0.35665939     0.33704404
   12.4770795     0.36177576     0.33649585
   12.4870812     0.36693762     0.34190246
   12.4970828     0.37074825     0.35047386
   12.5070845     0.37221736     0.35897251
   12.5170862     0.37094600     0.36475344
   12.5270878     0.36717251     0.36647268
   12.5370895     0.36169491     0.36427396
   12.5470912     0.35568496     0.35950335
   12.5570928     0.35037520     0.35411552
   12.5670945     0.34661403     0.34994244
   12.5770962     0.34440302     0.34798961
   12.5870978     0.34268530     0.34795406
   12.5970995     0.33966648     0.34817807
   12.6071012     0.33369227     0.34617993
   12.6171029     0.32428381     0.33969414
   12.6271045     0.31266458     0.32786394
   12.6371062     0.30129753     0.31201239
   12.6471079     0.29255848     0.29546425
   12.6571095     0.28730489     0.28228650
   12.6671112     0.28426598     0.27542180
   12.6771129     0.28070364     0.27515256
   12.6871145     0.27398196     0.27879161
   12.6971162     0.26310688     0.28187759
   12.7071179     0.24935396     0.28029586
   12.7171195     0.23571305     0.27220229
   12.7271212     0.22558157     0.25876783
   12.7371229     0.22146048     0.24348258
   12.7471245     0.22421859     0.23055944
   12.7571262     0.23304324     0.22334382
   12.7671279     0.24586160     0.22341117
   12.7771295     0.25997280     0.23049057
   12.7871312     0.27275453     0.24292226
   12.7971329     0.28236420     0.25828034
   12.8071345     0.28825877     0.27397376
   12.8171362     0.29125959     0.28780499
   12.8271379     0.29300088     0.29844407
   12.8371395     0.29494342     0.30564717
   12.8471412     0.29746985     0.31003425
   12.8571429     0.29961143     0.31245338
   12.8671445     0.29960956     0.31326755
   12.8771462     0.29601470     0.31203565
   12.8871479     0.28870899     0.30786095
   12.8971495     0.27929765     0.30025043
   12.9071512     0.27067129     0.28995893
   12.9171529     0.26596152     0.27924538
   12.9271545     0.26738035     0.27128972
   12.9371562     0.27545496     0.26901563
   12.9471579     0.28896482     0.27392809
   12.9571595     0.30555774     0.28558192
   12.9671612     0.32271868     0.30193699
   12.9771629     0.33864066     0.32035217
   12.9871645     0.35265557     0.33864054
   12.9971662     0.36513231     0.35564947
   13.0071679     0.37697211     0.37117874
   13.0171695     0.38893161     0.38543984
   13.0271712     0.40101635     0.39844371
   13.0371729     0.41218361     0.40963475
   13.0471745     0.42055837     0.41790215
   13.0571762     0.42421087     0.42194050
   13.0671779     0.42225356     0.42083603
   13.0771795     0.41573722     0.41468568
   13.0871812     0.40778544     0.40500896
   13.0971829     0.40269986     0.39473196
   13.1071845     0.40427056     0.38763222
   13.1171862     0.41396638     0.38729849
   13.1271879     0.42982419     0.39582981
   13.1371895     0.44662362     0.41265499
   13.1471912     0.45741237     0.43396508
   13.1571929     0.45585375     0.45321171
   13.1671945     0.43847135     0.46280860
   13.1771962     0.40588023     0.45660719
   13.1871979     0.36254909     0.43219046
   13.1971995     0.31531799     0.39194072
   13.2072012     0.27142999     0.34236476
   13.2172029     0.23692516     0.29203528
   13.2272045     0.21586866     0.24916867
   13.2372062     0.21031497     0.21987274
   13.2472079     0.22053262     0.20750496
   13.2572095     0.24505532     0.21285364
   13.2672112     0.28051028     0.23451401
   13.2772129     0.32158454     0.26905462
   13.2872145     0.36159560     0.31109028
   13.2972162     0.39382426     0.35372627
   13.3072179     0.41324163     0.38971736
   13.3172195     0.41788818     0.41317895
   13.3272212     0.40922789     0.42118481
   13.3372229     0.39129319     0.41447460
   13.3472245     0.36904978     0.39688297
   13.3572262     0.34675850     0.37374552
   13.3672279     0.32700140     0.35003322
   13.3772295     0.31059002     0.32902540
   13.3872312     0.29710071     0.31195528
   13.3972329     0.28556405     0.29850983
   13.4072345     0.27494518     0.28767278
   13.4172362     0.26434124     0.27837253
   13.4272379     0.25305822     0.26969868
   13.4372395     0.24075537     0.26083395
   13.4472412     0.22768282     0.25103014
   13.4572429     0.21485613     0.23982668
   13.4672445     0.20398664     0.22741161
   13.4772462     0.19715440     0.21483683
   13.4872479     0.19642569     0.20389227
   13.4972495     0.20366581     0.19672849
   13.5072512     0.22058806     0.19552247
   13.5172529     0.24876040     0.20239675
   13.5272545     0.28916166     0.21947619
   13.5372562     0.34115003     0.24868869
   13.5472579     0.40126787     0.29098054
   13.5572595     0.46274471     0.34506616
   13.5672612     0.51644965     0.40637637
   13.5772629     0.55332272     0.46707373
   13.5872645     0.56740036     0.51761367
   13.5972662     0.55806947     0.54950535
   13.6072679     0.53048673     0.55817446
   13.6172695     0.49398346     0.54465556
   13.6272712     0.45915867     0.51536930
   13.6372729     0.43475955     0.48011882
   13.6472745     0.42530937     0.44912860
   13.6572762     0.43006622     0.43014053
   13.6672779     0.44354515     0.42637331
   13.6772795     0.45750794     0.43582953
   13.6872812     0.46388986     0.45214419
   13.6972829     0.45766443     0.46681855
   13.7072845     0.43848668     0.47219892
   13.7172862     0.41040154     0.46412723
   13.7272879     0.37983531     0.44317887
   13.7372895     0.35295639     0.41399518
   13.7472912     0.33372486     0.38314689
   13.7572929     0.32341692     0.35665726
   13.7672945     0.32149802     0.33833898
   13.7772962     0.32701413     0.32949106
   13.7872979     0.33954488     0.32970064
   13.7972995     0.35918553     0.33798774
   13.8073012     0.38567965     0.35353806
   13.8173029     0.41733419     0.37567659
   13.8273046     0.45046271     0.40324788
   13.8373062     0.47979344     0.43390629
   13.8473079     0.49974490     0.46384238
   13.8573096     0.50603057     0.48821619
   13.8673112     0.49694634     0.50220501
   13.8773129     0.47392084     0.50229803
   13.8873146     0.44125990     0.48739235
   13.8973162     0.40525816     0.45934544
   13.9073179     0.37290676     0.42282049
   13.9173196     0.35039765     0.38443623
   13.9273212     0.34164737     0.35137417
   13.9373229     0.34717281     0.32971490
   13.9473246     0.36374151     0.32288057
   13.9573262     0.38513092     0.33062402
   13.9673279     0.40398369     0.34896278
   13.9773296     0.41424014     0.37124468
   13.9873312     0.41323458     0.39015909
   13.9973329     0.40254462     0.40009158
   14.0073346     0.38717412     0.39896910
   14.0173362     0.37341582     0.38884297
   14.0273379     0.36636054     0.37493567
   14.0373396     0.36814539     0.36353942
   14.0473412     0.37761026     0.35966253
   14.0573429     0.39132571     0.36539271
   14.0673446     0.40535434     0.37954974
   14.0773462     0.41688519     0.39857069
   14.0873479     0.42507385     0.41806061
   14.0973496     0.43087076     0.43429131
   14.1073512     0.43608965     0.44513698
   14.1173529     0.44226000     0.45030631
   14.1273546     0.44982909     0.45103215
   14.1373562     0.45805496     0.44948962
   14.1473579     0.46557082     0.44815921
   14.1573596     0.47126148     0.44924900
   14.1673612     0.47492611     0.45423306
   14.1773629     0.47731405     0.46355370
   14.1873646     0.47948431     0.47651945
   14.1973662     0.48186605     0.49138636
   14.2073679     0.48361388     0.50557864
   14.2173696     0.48269725     0.51602955
   14.2273712     0.47673114     0.51967062
   14.2373729     0.46413891     0.51408215
   14.2473746     0.44509991     0.49820983
   14.2573762     0.42189877     0.47293199
   14.2673779     0.39857453     0.44123933
   14.2773796     0.37997110     0.40788631
   14.2873812     0.37039178     0.37851737
   14.2973829     0.37216407     0.35839801
   14.3073846     0.38457498     0.35100226
   14.3173862     0.40370492     0.35684959
   14.3273879     0.42346132     0.37307188
   14.3373896     0.43756645     0.39406832
   14.3473912     0.44168200     0.41319806
   14.3573929     0.43468769     0.42492511
   14.3673946     0.41856845     0.42651196
   14.3773962     0.39714702     0.41852659
   14.3873979     0.37448612     0.40403419
   14.3973996     0.35379629     0.38701409
   14.4074012     0.33719027     0.37085142
   14.4174029     0.32604428     0.35754677
   14.4274046     0.32145499     0.34777630
   14.4374062     0.32439802     0.34149130
   14.4474079     0.33549194     0.33860367
   14.4574096     0.35450547     0.33942514
   14.4674112     0.37983195     0.34471973
   14.4774129     0.40816848     0.35535599
   14.4874146     0.43464175     0.37163146
   14.4974162     0.45357349     0.39247582
   14.5074179     0.45987568     0.41491473
   14.5174196     0.45071748     0.43424148
   14.5274212     0.42679871     0.44512948
   14.5374229     0.39254757     0.44343459
   14.5474246     0.35493342     0.42793915
   14.5574262     0.32120008     0.40113068
   14.5674279     0.29636696     0.36847383
   14.5774296     0.28152813     0.33637225
   14.5874312     0.27369512     0.30971229
   14.5974329     0.26728552     0.29012208
   14.6074346     0.25663646     0.27572555
   14.6174362     0.23846245     0.26243140
   14.6274379     0.21322131     0.24608384
   14.6374396     0.18488879     0.22447601
   14.6474412     0.15938008     0.19840148
   14.6574429     0.14240127     0.17143466
   14.6674446     0.13762498     0.14868704
   14.6774462     0.14579801     0.13512827
   14.6874479     0.16493122     0.13410326
   14.6974496     0.19130995     0.14648944
   14.7074512     0.22081438     0.17065230
   14.7174529     0.24999744     0.20307576
   14.7274546     0.27655043     0.23933851
   14.7374562     0.29913723     0.27504334
   14.7474579     0.31692280     0.30642570
   14.7574596     0.32923797     0.33061412
   14.7674612     0.33562256     0.34572573
   14.7774629     0.33612718     0.35099244
   14.7874646     0.33152172     0.34692791
   14.7974662     0.32313880     0.33534784
   14.8074679     0.31239121     0.31904899
   14.8174696     0.30027581     0.30115593
   14.8274712     0.28719251     0.28437523
   14.8374729     0.27316924     0.27045204
   14.8474746     0.25829627     0.25997545
   14.8574762     0.24305484     0.25248135
   14.8674779     0.22834206     0.24672251
   14.8774796     0.21522941     0.24103906
   14.8874812     0.20465654     0.23384306
   14.8974829     0.19725197     0.22420224
   14.9074846     0.19332873     0.21236786
   14.9174862     0.19296504     0.19997588
   14.9274879     0.19605784     0.18970235
   14.9374896     0.20232562     0.18439865
   14.9474912     0.21132902     0.18603197
   14.9574929     0.22257428     0.19491182
   14.9674946     0.23566641     0.20957543
   14.9774962     0.25039054     0.22738471
   14.9874979     0.26662220     0.24554180
   14.9974996     0.28409418     0.26205157
   15.0075013     0.30216809     0.27622968
   15.0175029     0.31976462     0.28860631
   15.0275046     0.33549845     0.30035423
   15.0375063     0.34794531     0.31254029
   15.0475079     0.35593748     0.32551675
   15.0575096     0.35883570     0.33867233
   15.0675113     0.35676532     0.35061730
   15.0775129     0.35076183     0.35972336
   15.0875146     0.34268576     0.36479960
   15.0975163     0.33476747     0.36559983
   15.1075179     0.32881411     0.36288773
   15.1175196     0.32538540     0.35797655
   15.1275213     0.32341188     0.35195369
   15.1375229     0.32059765     0.34503306
   15.1475246     0.31452590     0.33646654
   15.1575263     0.30392417     0.32513737
   15.1675279     0.28938269     0.31051474
   15.1775296     0.27311019     0.29336786
   15.1875313     0.25788808     0.27574280
   15.1975329     0.24585905     0.26015913
   15.2075346     0.23784361     0.24849089
   15.2175363     0.23349904     0.24121038
   15.2275379     0.23209516     0.23744431
   15.2375396     0.23333522     0.23577816
   15.2475413     0.23769343     0.23528738
   15.2575429     0.24610286     0.23616379
   15.2675446     0.25924861     0.23959082
   15.2775463     0.27693185     0.24700110
   15.2875479     0.29785802     0.25920893
   15.2975496     0.31988128     0.27592484
   15.3075513     0.34045927     0.29583951
   15.3175529     0.35703927     0.31705615
   15.3275546     0.36730044     0.33746818
   15.3375563     0.36940257     0.35486235
   15.3475579     0.36240573     0.36690436
   15.3575596     0.34679031     0.37137375
   15.3675613     0.32473087     0.36682239
   15.3775629     0.29974462     0.35337071
   15.3875646     0.27565011     0.33304408
   15.3975663     0.25524555     0.30922422
   15.4075679     0.23939599     0.28537120
   15.4175696     0.22706289     0.26371944
   15.4275713     0.21628697     0.24472102
   15.4375729     0.20558345     0.22753823
   15.4475746     0.19499183     0.21122410
   15.4575763     0.18626602     0.19584384
   15.4675779     0.18220489     0.18290873
   15.4775796     0.18556030     0.17497096
   15.4875813     0.19806624     0.17470535
   15.4975829     0.21991500     0.18399033
   15.5075846     0.24968355     0.20334902
   15.5175863     0.28452636     0.23180471
   15.5275879     0.32048600     0.26698799
   15.5375896     0.35292692     0.30533140
   15.5475913     0.37719125     0.34234331
   15.5575929     0.38950189     0.37309294
   15.5675946     0.38794037     0.39302149
   15.5775963     0.37315580     0.39900433
   15.5875979     0.34846295     0.39034808
   15.5975996     0.31919366     0.36928837
   15.6076013     0.29146792     0.34067186
   15.6176029     0.27077430     0.31082784
   15.6276046     0.26077700     0.28598506
   15.6376063     0.26262306     0.27076718
   15.6476079     0.27482891     0.26721900
   15.6576096     0.29369118     0.27455941
   15.6676113     0.31410776     0.28959631
   15.6776129     0.33066228     0.30759129
   15.6876146     0.33877603     0.32333573
   15.6976163     0.33568325     0.33222979
   15.7076179     0.32098753     0.33118709
   15.7176196     0.29664217     0.31920766
   15.7276213     0.26635362     0.29749482
   15.7376229     0.23458283     0.26906949
   15.7476246     0.20544898     0.23796544
   15.7576263     0.18186805     0.20823194
   15.7676279     0.16516581     0.18305075
   15.7776296     0.15521802     0.16423229
   15.7876313     0.15096465     0.15219561
   15.7976329     0.15101085     0.14633499
   15.8076346     0.15403824     0.14553200
   15.8176363     0.15890613     0.14855501
   15.8276379     0.16453721     0.15420387
   15.8376396     0.16981684     0.16124365
   15.8476413     0.17369620     0.16831902
   15.8576429     0.17550524     0.17405079
   15.8676446     0.17529002     0.17737025
   15.8776463     0.17393573     0.17794080
   15.8876479     0.17295917     0.17640460
   15.8976496     0.17405635     0.17426506
   15.9076513     0.17862346     0.17342848
   15.9176529     0.18744536     0.17562351
   15.9276546     0.20060032     0.18196019
   15.9376563     0.21748893     0.19276261
   15.9476579     0.23687355     0.20762240
   15.9576596     0.25692725     0.22551956
   15.9676613     0.27543163     0.24491089
   15.9776629     0.29027943     0.26383723
   15.9876646     0.30025693     0.28020695
   15.9976663     0.30579102     0.29235552
   16.0076679     0.30916630     0.29976385
   16.0176696     0.31384415     0.30358167
   16.0276713     0.32296163     0.30654103
   16.0376729     0.33762224     0.31206069
   16.0476746     0.35586703     0.32276212
   16.0576763     0.37299712     0.33901485
   16.0676779     0.38326078     0.35825587
   16.0776796     0.38217175     0.37555677
   16.0876813     0.36834146     0.38533098
   16.0976829     0.34394807     0.38346777
   16.1076846     0.31370940     0.36890576
   16.1176863     0.28302296     0.34392344
   16.1276879     0.25629442     0.31311171
   16.1376896     0.23619927     0.28168626
   16.1476913     0.22394256     0.25404972
   16.1576929     0.21997486     0.23318026
   16.1676946     0.22447043     0.22078322
   16.1776963     0.23721076     0.21767672
   16.1876979     0.25705112     0.22390034
   16.1976996     0.28149543     0.23845400
   16.2077013     0.30685217     0.25901519
   16.2177030     0.32905794     0.28209312
   16.2277046     0.34480849     0.30378948
   16.2377063     0.35242709     0.32088480
   16.2477080     0.35206109     0.33170026
   16.2577096     0.34521421     0.33629101
   16.2677113     0.33399713     0.33592952
   16.2777130     0.32054967     0.33225245
   16.2877146     0.30683462     0.32659096
   16.2977163     0.29466853     0.31980122
   16.3077180     0.28572494     0.31252800
   16.3177196     0.28138773     0.30556196
   16.3277213     0.28254966     0.29997381
   16.3377230     0.28950706     0.29696203
   16.3477246     0.30196310     0.29758978
   16.3577263     0.31900722     0.30260813
   16.3677280     0.33897374     0.31238274
   16.3777296     0.35928221     0.32676893
   16.3877313     0.37652304     0.34481040
   16.3977330     0.38699689     0.36436714
   16.4077346     0.38765278     0.38200501
   16.4177363     0.37708542     0.39347427
   16.4277380     0.35614756     0.39481068
   16.4377396     0.32788234     0.38368710
   16.4477413     0.29678809     0.36041164
   16.4577430     0.26770955     0.32809040
   16.4677446     0.24475288     0.29187630
   16.4777463     0.23052428     0.25764332
   16.4877480     0.22579899     0.23060193
   16.4977496     0.22958297     0.21425986
   16.5077513     0.23949447     0.20989339
   16.5177530     0.25240814     0.21652337
   16.5277546     0.26527067     0.23133928
   16.5377563     0.27589417     0.25049117
   16.5477580     0.28345399     0.27008545
   16.5577596     0.28847729     0.28710718
   16.5677613     0.29232322     0.29996989
   16.5777630     0.29640447     0.30853148
   16.5877646     0.30152032     0.31364679
   16.5977663     0.30758876     0.31651050
   16.6077680     0.31384250     0.31808630
   16.6177696     0.31933181     0.31882956
   16.6277713     0.32346323     0.31876366
   16.6377730     0.32631774     0.31782027
   16.6477746     0.32859629     0.31623546
   16.6577763     0.33119148     0.31474836
   16.6677780     0.33454698     0.31442461
   16.6777796     0.33809625     0.31612477
   16.6877813     0.34009857     0.31986303
   16.6977830     0.33806131     0.32441763
   16.7077846     0.32967321     0.32747129
   16.7177863     0.31389279     0.32631545
   16.7277880     0.29169690     0.31887293
   16.7377896     0.26609982     0.30462462
   16.7477913     0.24137108     0.28504136
   16.7577930     0.22175071     0.26331338
   16.7677946     0.21018661     0.24345083
   16.7777963     0.20758392     0.22908227
   16.7877980     0.21278970     0.22239387
   16.7977996     0.22319230     0.22357687
   16.8078013     0.23557974     0.23092280
   16.8178030     0.24688854     0.24144099
   16.8278046     0.25466004     0.25170678
   16.8378063     0.25725882     0.25865161
   16.8478080     0.25402649     0.26013455
   16.8578096     0.24547049     0.25527621
   16.8678113     0.23340141     0.24459594
   16.8778130     0.22080836     0.22996645
   16.8878146     0.21131818     0.21435679
   16.8978163     0.20829666     0.20133904
   16.9078180     0.21386779     0.19439680
   16.9178196     0.22820626     0.19615152
   16.9278213     0.24936018     0.20767551
   16.9378230     0.27365923     0.22807252
   16.9478246     0.29657183     0.25447598
   16.9578263     0.31376456     0.28253500
   16.9678280     0.32209650     0.30732671
   16.9778296     0.32032265     0.32448342
   16.9878313     0.30935586     0.33122157
   16.9978330     0.29203333     0.32697103
   17.0078346     0.27244047     0.31343540
   17.0178363     0.25494377     0.29410193
   17.0278380     0.24315496     0.27337242
   17.0378396     0.23907899     0.25555097
   17.0478413     0.24268236     0.24391371
   17.0578430     0.25204271     0.24005041
   17.0678446     0.26408508     0.24363220
   17.0778463     0.27569090     0.25269527
   17.0878480     0.28476722     0.26439389
   17.0978496     0.29081903     0.27598486
   17.1078513     0.29475573     0.28566027
   17.1178530     0.29802519     0.29286859
   17.1278546     0.30151497     0.29799383
   17.1378563     0.30479002     0.30159430
   17.1478580     0.30607107     0.30364578
   17.1578596     0.30299137     0.30323629
   17.1678613     0.29378929     0.29890986
   17.1778630     0.27837860     0.28949515
   17.1878646     0.25877211     0.27498262
   17.1978663     0.23860222     0.25697283
   17.2078680     0.22188110     0.23841775
   17.2178696     0.21151301     0.22270826
   17.2278713     0.20823170     0.21247158
   17.2378730     0.21047413     0.20860258
   17.2478746     0.21525846     0.20998929
   17.2578763     0.21962722     0.21410618
   17.2678780     0.22193469     0.21823823
   17.2778796     0.22237190     0.22075990
   17.2878813     0.22256218     0.22183291
   17.2978830     0.22454924     0.22317730
   17.3078846     0.22975379     0.22706267
   17.3178863     0.23838207     0.23506724
   17.3278880     0.24944149     0.24722811
   17.3378896     0.26118426     0.26193787
   17.3478913     0.27164658     0.27652591
   17.3578930     0.27902625     0.28814894
   17.3678946     0.28184810     0.29455688
   17.3778963     0.27904496     0.29447617
   17.3878980     0.27011093     0.28761775
   17.3978996     0.25536187     0.27450128
   17.4079013     0.23617268     0.25629979
   17.4179030     0.21499096     0.23478058
   17.4279047     0.19501750     0.21226806
   17.4379063     0.17963401     0.19149634
   17.4479080     0.17180478     0.17528732
   17.4579097     0.17366645     0.16611843
   17.4679113     0.18635629     0.16572979
   17.4779130     0.20994950     0.17490057
   17.4879147     0.24333650     0.19342138
   17.4979163     0.28401699     0.22018744
   17.5079180     0.32800202     0.25331312
   17.5179197     0.37010539     0.29023001
   17.5279213     0.40476253     0.32781653
   17.5379230     0.42721487     0.36263869
   17.5479247     0.43464984     0.39133293
   17.5579263     0.42686958     0.41107735
   17.5679280     0.40628381     0.42004719
   17.5779297     0.37731993     0.41776282
   17.5879313     0.34552038     0.40527665
   17.5979330     0.31657867     0.38515608
   17.6079347     0.29544284     0.36120060
   17.6179363     0.28553972     0.33784841
   17.6279380     0.28820576     0.31933825
   17.6379397     0.30247058     0.30885054
   17.6479413     0.32530341     0.30792237
   17.6579430     0.35228122     0.31631437
   17.6679447     0.37848433     0.33226842
   17.6779463     0.39939682     0.35293307
   17.6879480     0.41168105     0.37478699
   17.6979497     0.41377436     0.39408415
   17.7079513     0.40622346     0.40744879
   17.7179530     0.39158989     0.41262074
   17.7279547     0.37379063     0.40909892
   17.7379563     0.35695788     0.39831391
   17.7479580     0.34418287     0.38313199
   17.7579597     0.33663185     0.36684674
   17.7679613     0.33337420     0.35208999
   17.7779630     0.33193791     0.34011052
   17.7879647     0.32930974     0.33065419
   17.7979663     0.32297620     0.32239447
   17.8079680     0.31166757     0.31366234
   17.8179697     0.29563656     0.30316610
   17.8279713     0.27648021     0.29045808
   17.8379730     0.25663999     0.27604314
   17.8479747     0.23877250     0.26117006
   17.8579763     0.22517498     0.24744379
   17.8679780     0.21739304     0.23641548
   17.8779797     0.21605468     0.22926362
   17.8879813     0.22089623     0.22661472
   17.8979830     0.23089915     0.22849964
   17.9079847     0.24445907     0.23440989
   17.9179863     0.25955700     0.24340249
   17.9279880     0.27396919     0.25420723
   17.9379897     0.28558661     0.26532607
   17.9479913     0.29286823     0.27516928
   17.9579930     0.29532546     0.28229646
   17.9679947     0.29380898     0.28577596
   17.9779963     0.29036560     0.28555820
   17.9879980     0.28761022     0.28266994
   17.9979997     0.28783147     0.27906908
   18.0080013     0.29223577     0.27715357
   18.0180030     0.30068974     0.27909270
   18.0280047     0.31205917     0.28623041
   18.0380063     0.32491994     0.29876497
   18.0480080     0.33822107     0.31578040
   18.0580097     0.35152070     0.33556263
   18.0680113     0.36467229     0.35603088
   18.0780130     0.37717963     0.37509296
   18.0880147     0.38767414     0.39081293
   18.0980163     0.39394253     0.40143030
   18.1080180     0.39363015     0.40539725
   18.1180197     0.38532518     0.40160044
   18.1280213     0.36944867     0.38978423
   18.1380230     0.34842214     0.37098391
   18.1480247     0.32594436     0.34766070
   18.1580263     0.30567563     0.32330654
   18.1680280     0.28993126     0.30153426
   18.1780297     0.27897033     0.28495679
   18.1880313     0.27116255     0.27432292
   18.1980330     0.26391316     0.26831704
   18.2080347     0.25492510     0.26416566
   18.2180363     0.24329043     0.25884645
   18.2280380     0.23000680     0.25042542
   18.2380397     0.21772727     0.23897383
   18.2480413     0.20980194     0.22666709
   18.2580430     0.20892009     0.21698444
   18.2680447     0.21585729     0.21329120
   18.2780463     0.22887389     0.21735748
   18.2880480     0.24410594     0.22843151
   18.2980497     0.25686453     0.24329071
   18.3080513     0.26330683     0.25729325
   18.3180530     0.26173120     0.26601008
   18.3280547     0.25293432     0.26674925
   18.3380563     0.23955723     0.25934036
   18.3480580     0.22484347     0.24590880
   18.3580597     0.21144475     0.22984191
   18.3680613     0.20075228     0.21447576
   18.3780630     0.19286987     0.20205940
   18.3880647     0.18703535     0.19332016
   18.3980663     0.18219465     0.18763888
   18.4080680     0.17750894     0.18362388
   18.4180697     0.17269916     0.17981399
   18.4280713     0.16820552     0.17529374
   18.4380730     0.16515538     0.17008465
   18.4480747     0.16513458     0.16523945
   18.4580763     0.16977750     0.16261772
   18.4680780     0.18023323     0.16437811
   18.4780797     0.19661978     0.17228889
   18.4880813     0.21763223     0.18702201
   18.4980830     0.24049609     0.20764039
   18.5080847     0.26140949     0.23149033
   18.5180863     0.27646454     0.25464056
   18.5280880     0.28281363     0.27284626
   18.5380897     0.27965848     0.28278974
   18.5480913     0.26862788     0.28316170
   18.5580930     0.25333216     0.27513004
   18.5680947     0.23824639     0.26196273
   18.5780963     0.22736938     0.24794363
   18.5880980     0.22315474     0.23703504
   18.5980997     0.22600656     0.23180365
   18.6081014     0.23434788     0.23291380
   18.6181030     0.24510224     0.23918042
   18.6281047     0.25442906     0.24798892
   18.6381064     0.25860943     0.25591263
   18.6481080     0.25495402     0.25946554
   18.6581097     0.24250646     0.25593795
   18.6681114     0.22228310     0.24413988
   18.6781130     0.19693464     0.22476922
   18.6881147     0.16997605     0.20020191
   18.6981164     0.14491607     0.17376403
   18.7081180     0.12459039     0.14880407
   18.7181197     0.11081052     0.12794395
   18.7281214     0.10426054     0.11272837
   18.7381230     0.10453524     0.10365864
   18.7481247     0.11029612     0.10044869
   18.7581264     0.11959343     0.10233007
   18.7681280     0.13036383     0.10830232
   18.7781297     0.14098120     0.11730134
   18.7881314     0.15062897     0.12829923
   18.7981330     0.15929053     0.14035576
   18.8081347     0.16733649     0.15262740
   18.8181364     0.17492231     0.16433083
   18.8281380     0.18154284     0.17467475
   18.8381397     0.18601891     0.18281171
   18.8481414     0.18694608     0.18788141
   18.8581430     0.18336690     0.18917983
   18.8681447     0.17530460     0.18640422
   18.8781464     0.16389107     0.17985319
   18.8881480     0.15105882     0.17046380
   18.8981497     0.13898651     0.15964696
   18.9081514     0.12956201     0.14898406
   18.9181530     0.12404683     0.13990807
   18.9281547     0.12298308     0.13348290
   18.9381564     0.12628151     0.13033290
   18.9481580     0.13340431     0.13069975
   18.9581597     0.14357563     0.13455490
   18.9681614     0.15597376     0.14169172
   18.9781630     0.16986945     0.15176027
   18.9881647     0.18468704     0.16426366
   18.9981664     0.19998471     0.17856818
   19.0081680     0.21536740     0.19396036
   19.0181697     0.23035853     0.20972390
   19.0281714     0.24427567     0.22516460
   19.0381730     0.25617979     0.23954079
   19.0481747     0.26496503     0.25195617
   19.0581764     0.26959276     0.26135210
   19.0681780     0.26937005     0.26669486
   19.0781797     0.26411640     0.26729071
   19.0881814     0.25412706     0.26301273
   19.0981830     0.23999534     0.25425160
   19.1081847     0.22246773     0.24162111
   19.1181864     0.20246332     0.22567621
   19.1281880     0.18122354     0.20691522
   19.1381897     0.16042098     0.18610038
   19.1481914     0.14207391     0.16464289
   19.1581930     0.12825731     0.14471202
   19.1681947     0.12073224     0.12890995
   19.1781964     0.12062590     0.11963799
   19.1881980     0.12821853     0.11844401
   19.1981997     0.14283769     0.12560589
   19.2082014     0.16287690     0.14006386
   19.2182030     0.18598566     0.15968866
   19.2282047     0.20943948     0.18179333
   19.2382064     0.23060096     0.20373067
   19.2482080     0.24731904     0.22336788
   19.2582097     0.25815501     0.23926581
   19.2682114     0.26243176     0.25055183
   19.2782130     0.26017670     0.25667392
   19.2882147     0.25201911     0.25728754
   19.2982164     0.23905907     0.25237924
   19.3082180     0.22271962     0.24249202
   19.3182197     0.20462538     0.22880961
   19.3282214     0.18655312     0.21297905
   19.3382230     0.17043258     0.19678196
   19.3482247     0.15829126     0.18187975
   19.3582264     0.15202769     0.16975688
   19.3682280     0.15300012     0.16177715
   19.3782297     0.16156986     0.15915039
   19.3882314     0.17683472     0.16268841
   19.3982330     0.19675637     0.17244070
   19.4082347     0.21872370     0.18746997
   19.4182364     0.24036861     0.20601093
   19.4282380     0.26027279     0.22603834
   19.4382397     0.27819388     0.24598125
   19.4482414     0.29465009     0.26516432
   19.4582430     0.31004967     0.28367175
   19.4682447     0.32383819     0.30167172
   19.4782464     0.33417307     0.31859179
   19.4882480     0.33838298     0.33266078
   19.4982497     0.33406742     0.34114875
   19.5082514     0.32035469     0.34126964
   19.5182530     0.29872578     0.33137537
   19.5282547     0.27297038     0.31192237
   19.5382564     0.24820475     0.28576823
   19.5482580     0.22930462     0.25761211
   19.5582597     0.21940363     0.23274100
   19.5682614     0.21911003     0.21555440
   19.5782630     0.22675773     0.20845778
   19.5882647     0.23948334     0.21154199
   19.5982664     0.25450751     0.22306500
   19.6082680     0.26996052     0.24035559
   19.6182697     0.28495809     0.26062138
   19.6282714     0.29914589     0.28134920
   19.6382730     0.31222283     0.30036573
   19.6482747     0.32383197     0.31587771
   19.6582764     0.33380737     0.32674072
   19.6682780     0.34242861     0.33288615
   19.6782797     0.35032628     0.33555007
   19.6882814     0.35798329     0.33695161
   19.6982830     0.36512867     0.33938636
   19.7082847     0.37044962     0.34410807
   19.7182864     0.37187049     0.35057604
   19.7282880     0.36730418     0.35649825
   19.7382897     0.35551037     0.35869068
   19.7482914     0.33665819     0.35435374
   19.7582930     0.31238339     0.34217996
   19.7682947     0.28540055     0.32284184
   19.7782964     0.25890277     0.29875443
   19.7882980     0.23597399     0.27334052
   19.7982997     0.21911172     0.25016263
   19.8083014     0.20984625     0.23219708
   19.8183031     0.20843985     0.22133803
   19.8283047     0.21373759     0.21810028
   19.8383064     0.22330805     0.22151157
   19.8483081     0.23396057     0.22927361
   19.8583097     0.24255720     0.23828271
   19.8683114     0.24686325     0.24546306
   19.8783131     0.24612666     0.24865766
   19.8883147     0.24118380     0.24721956
   19.8983164     0.23408466     0.24206134
   19.9083181     0.22739640     0.23518697
   19.9183197     0.22340965     0.22895473
   19.9283214     0.22345372     0.22535696
   19.9383231     0.22747772     0.22548102
   19.9483247     0.23400829     0.22919251
   19.9583264     0.24053467     0.23506969
   19.9683281     0.24426916     0.24067438
   19.9783297     0.24308931     0.24322494
   19.9883314     0.23634807     0.24056608
   19.9983331     0.22522677     0.23209788
   20.0083347     0.21245075     0.21922853
   20.0183364     0.20144528     0.20507583
   20.0283381     0.19525420     0.19349377
   20.0383397     0.19564066     0.18782845
   20.0483414     0.20268424     0.18990996
   20.0583431     0.21494558     0.19962461
   20.0683447     0.23002741     0.21511393
   20.0783464     0.24524526     0.23340087
   20.0883481     0.25816606     0.25115967
   20.0983497     0.26691943     0.26540800
   20.1083514     0.27032821     0.27401155
   20.1183531     0.26796454     0.27597088
   20.1283547     0.26020145     0.27149104
   20.1383564     0.24824102     0.26184709
   20.1483581     0.23402743     0.24908050
   20.1583597     0.21994909     0.23558263
   20.1683614     0.20831256     0.22362478
   20.1783631     0.20069865     0.21488673
   20.1883647     0.19742101     0.21004962
   20.1983664     0.19733246     0.20856204
   20.2083681     0.19813046     0.20871596
   20.2183697     0.19712145     0.20811214
   20.2283714     0.19219354     0.20443780
   20.2383731     0.18262047     0.19629839
   20.2483747     0.16935728     0.18376401
   20.2583764     0.15469094     0.16838600
   20.2683781     0.14139244     0.15267115
   20.2783797     0.13174151     0.13924177
   20.2883814     0.12684398     0.13003153
   20.2983831     0.12650428     0.12582100
   20.3083847     0.12962943     0.12624338
   20.3183864     0.13487798     0.13017877
   20.3283881     0.14117369     0.13629606
   20.3383897     0.14783176     0.14346293
   20.3483914     0.15431684     0.15085007
   20.3583931     0.15989371     0.15775510
   20.3683947     0.16349156     0.16335075
   20.3783964     0.16394650     0.16660351
   20.3883981     0.16052571     0.16648340
   20.3983997     0.15343931     0.16237803
   20.4084014     0.14402868     0.15447755
   20.4184031     0.13447648     0.14390251
   20.4284047     0.12711751     0.13248548
   20.4384064     0.12362181     0.12228963
   20.4484081     0.12439324     0.11505643
   20.4584097     0.12845521     0.11178270
   20.4684114     0.13390492     0.11255820
   20.4784131     0.13877300     0.11669232
   20.4884147     0.14192437     0.12305995
   20.4984164     0.14358122     0.13052838
   20.5084181     0.14519443     0.13830913
   20.5184197     0.14869193     0.14611818
   20.5284214     0.15544861     0.15410603
   20.5384231     0.16548023     0.16260107
   20.5484247     0.17726405     0.17176731
   20.5584264     0.18827534     0.18130562
   20.5684281     0.19597029     0.19032624
   20.5784297     0.19873991     0.19747808
   20.5884314     0.19641176     0.20132702
   20.5984331     0.19013981     0.20085697
   20.6084347     0.18182918     0.19588889
   20.6184364     0.17341688     0.18723406
   20.6284381     0.16630454     0.17651381
   20.6384397     0.16108420     0.16571552
   20.6484414     0.15754948     0.15664076
   20.6584431     0.15492444     0.15041525
   20.6684447     0.15224911     0.14720766
   20.6784464     0.14885358     0.14626628
   20.6884481     0.14479094     0.14631073
   20.6984497     0.14103497     0.14618331
   20.7084514     0.13927399     0.14550405
   20.7184531     0.14128963     0.14499315
   20.7284547     0.14813657     0.14622359
   20.7384564     0.15949878     0.15084243
   20.7484581     0.17357019     0.15961147
   20.7584597     0.18757498     0.17177189
   20.7684614     0.19871635     0.18510972
   20.7784631     0.20511212     0.19673466
   20.7884647     0.20629172     0.20418871
   20.7984664     0.20309308     0.20632075
   20.8084681     0.19714226     0.20352301
   20.8184697     0.19029003     0.19732503
   20.8284714     0.18429607     0.18970598
   20.8384731     0.18077502     0.18256736
   20.8484747     0.18117756     0.17756925
   20.8584764     0.18656342     0.17618400
   20.8684781     0.19713885     0.17964411
   20.8784797     0.21180297     0.18858805
   20.8884814     0.22806102     0.20252310
   20.8984831     0.24252238     0.21947438
   20.9084847     0.25189067     0.23617813
   20.9184864     0.25406810     0.24890704
   20.9284881     0.24891045     0.25465924
   20.9384897     0.23832750     0.25222191
   20.9484914     0.22572195     0.24265924
   20.9584931     0.21502275     0.22903907
   20.9684947     0.20966958     0.21554157
   20.9784964     0.21183496     0.20631055
   20.9884981     0.22201669     0.20442731
   20.9984997     0.23900196     0.21125429
   21.0085014     0.26014292     0.22622615
   21.0185031     0.28187655     0.24704944
   21.0285048     0.30042054     0.27022182
   21.0385064     0.31254697     0.29175976
   21.0485081     0.31628226     0.30800029
   21.0585098     0.31134267     0.31632274
   21.0685114     0.29914074     0.31564306
   21.0785131     0.28231156     0.30657294
   21.0885148     0.26388196     0.29119843
   21.0985164     0.24636807     0.27250727
   21.1085181     0.23114691     0.25358292
   21.1185198     0.21835061     0.23677893
   21.1285214     0.20729986     0.22315096
   21.1385231     0.19723312     0.21238764
   21.1485248     0.18794734     0.20330589
   21.1585264     0.18003025     0.19471109
   21.1685281     0.17460080     0.18620886
   21.1785298     0.17273948     0.17854471
   21.1885314     0.17493580     0.17328081
   21.1985331     0.18083979     0.17197882
   21.2085348     0.18942318     0.17533114
   21.2185364     0.19944089     0.18270730
   21.2285381     0.20993961     0.19234768
   21.2385398     0.22055294     0.20209062
   21.2485414     0.23144945     0.21025705
   21.2585431     0.24299580     0.21626763
   21.2685448     0.25534730     0.22073136
   21.2785464     0.26819376     0.22501787
   21.2885481     0.28076659     0.23056781
   21.2985498     0.29205229     0.23829286
   21.3085514     0.30107865     0.24832814
   21.3185531     0.30717535     0.26017932
   21.3285548     0.31018052     0.27308837
   21.3385564     0.31056871     0.28636108
   21.3485581     0.30941886     0.29949603
   21.3585598     0.30813841     0.31213485
   21.3685614     0.30799596     0.32396997
   21.3785631     0.30970605     0.33472837
   21.3885648     0.31335380     0.34425040
   21.3985664     0.31873225     0.35260210
   21.4085681     0.32582624     0.36013889
   21.4185698     0.33500432     0.36745007
   21.4285714     0.34666248     0.37513882
   21.4385731     0.36049339     0.38345497
   21.4485748     0.37490178     0.39191413
   21.4585764     0.38706647     0.39913311
   21.4685781     0.39375756     0.40307254
   21.4785798     0.39253071     0.40166963
   21.4885814     0.38268133     0.39359499
   21.4985831     0.36549332     0.37877242
   21.5085848     0.34372412     0.35844063
   21.5185864     0.32064096     0.33479652
   21.5285881     0.29905704     0.31043862
   21.5385898     0.28070414     0.28782495
   21.5485914     0.26606235     0.26884440
   21.5585931     0.25459004     0.25451903
   21.5685948     0.24520798     0.24486614
   21.5785964     0.23686587     0.23898719
   21.5885981     0.22902401     0.23541925
   21.5985998     0.22190885     0.23267468
   21.6086014     0.21645504     0.22978409
   21.6186031     0.21393285     0.22663017
   21.6286048     0.21536980     0.22393323
   21.6386064     0.22098283     0.22288244
   21.6486081     0.22989094     0.22455107
   21.6586098     0.24031203     0.22934304
   21.6686114     0.25024267     0.23673990
   21.6786131     0.25835145     0.24550614
   21.6886148     0.26464444     0.25428429
   21.6986164     0.27051770     0.26228059
   21.7086181     0.27809397     0.26965752
   21.7186198     0.28909556     0.27738348
   21.7286214     0.30373870     0.28657554
   21.7386231     0.32014116     0.29764501
   21.7486248     0.33453920     0.30966976
   21.7586264     0.34231117     0.32032813
   21.7686281     0.33950405     0.32648956
   21.7786298     0.32434038     0.32527548
   21.7886314     0.29813034     0.31518878
   21.7986331     0.26518695     0.29685140
   21.8086348     0.23171374     0.27302823
   21.8186364     0.20405470     0.24791038
   21.8286381     0.18695988     0.22594986
   21.8386398     0.18248693     0.21071398
   21.8486414     0.18985416     0.20416531
   21.8586431     0.20615083     0.20651997
   21.8686448     0.22750498     0.21655888
   21.8786464     0.25022921     0.23213221
   21.8886481     0.27159705     0.25065194
   21.8986498     0.29012792     0.26951816
   21.9086514     0.30544899     0.28651918
   21.9186531     0.31789841     0.30021122
   21.9286548     0.32804913     0.31017401
   21.9386564     0.33630852     0.31698492
   21.9486581     0.34270512     0.32183854
   21.9586598     0.34690680     0.32592642
   21.9686614     0.34842991     0.32985283
   21.9786631     0.34693189     0.33337357
   21.9886648     0.34246868     0.33558467
   21.9986664     0.33564505     0.33545682
   22.0086681     0.32764388     0.33245195
   22.0186698     0.32013869     0.32695224
   22.0286714     0.31507408     0.32034471
   22.0386731     0.31429407     0.31474439
   22.0486748     0.31905161     0.31244012
   22.0586764     0.32952399     0.31520958
   22.0686781     0.34451607     0.32369573
   22.0786798     0.36150142     0.33705070
   22.0886814     0.37704167     0.35299599
   22.0986831     0.38749697     0.36830987
   22.1086848     0.38985159     0.37958916
   22.1186864     0.38244757     0.38403484
   22.1286881     0.36543729     0.38003312
   22.1386898     0.34082420     0.36742143
   22.1486914     0.31205605     0.34745747
   22.1586931     0.28325322     0.32257035
   22.1686948     0.25826472     0.29595344
   22.1786964     0.23980872     0.27101953
   22.1886981     0.22894544     0.25075530
   22.1986998     0.22503934     0.23709660
   22.2087015     0.22621307     0.23052662
   22.2187031     0.23012223     0.23007916
   22.2287048     0.23475806     0.23378095
   22.2387065     0.23897605     0.23936503
   22.2487081     0.24257221     0.24495813
   22.2587098     0.24593768     0.24947249
   22.2687115     0.24951733     0.25259912
   22.2787131     0.25337304     0.25450536
   22.2887148     0.25706085     0.25546499
   22.2987165     0.25983301     0.25562901
   22.3087181     0.26100340     0.25501135
   22.3187198     0.26027662     0.25361964
   22.3287215     0.25793173     0.25160756
   22.3387231     0.25486106     0.24937568
   22.3487248     0.25249299     0.24762395
   22.3587265     0.25258056     0.24737131
   22.3687281     0.25681354     0.24989788
   22.3787298     0.26628679     0.25651599
   22.3887315     0.28100035     0.26812986
   22.3987331     0.29965277     0.28470328
   22.4087348     0.31991145     0.30491142
   22.4187365     0.33911422     0.32626109
   22.4287381     0.35511514     0.34576437
   22.4387398     0.36689982     0.36093506
   22.4487415     0.37472303     0.37065062
   22.4587431     0.37977440     0.37545369
   22.4687448     0.38358894     0.37715711
   22.4787465     0.38747780     0.37798023
   22.4887481     0.39217227     0.37965491
   22.4987498     0.39773680     0.38289082
   22.5087515     0.40369207     0.38735474
   22.5187531     0.40922474     0.39206024
   22.5287548     0.41336135     0.39590926
   22.5387565     0.41505471     0.39811560
   22.5487581     0.41324767     0.39834900
   22.5587598     0.40705090     0.39661396
   22.5687615     0.39610819     0.39303285
   22.5787631     0.38102941     0.38774191
   22.5887648     0.36358704     0.38098614
   22.5987665     0.34637573     0.37328892
   22.6087681     0.33189147     0.36544089
   22.6187698     0.32137212     0.35813628
   22.6287715     0.31400392     0.35136521
   22.6387731     0.30702839     0.34395154
   22.6487748     0.29686083     0.33367072
   22.6587765     0.28076987     0.31809661
   22.6687781     0.25830421     0.29586019
   22.6787798     0.23173281     0.26766868
   22.6887815     0.20526724     0.23648063
   22.6987831     0.18346513     0.20666109
   22.7087848     0.16959864     0.18249031
   22.7187865     0.16470881     0.16673237
   22.7287881     0.16764100     0.15990123
   22.7387898     0.17585605     0.16046529
   22.7487915     0.18651446     0.16576183
   22.7587931     0.19734491     0.17311139
   22.7687948     0.20704731     0.18064107
   22.7787965     0.21526196     0.18757325
   22.7887981     0.22230902     0.19403716
   22.7987998     0.22891296     0.20065352
   22.8088015     0.23601617     0.20816080
   22.8188031     0.24464916     0.21722761
   22.8288048     0.25575355     0.22842501
   22.8388065     0.26989464     0.24221648
   22.8488081     0.28692578     0.25883370
   22.8588098     0.30578207     0.27803086
   22.8688115     0.32458294     0.29885848
   22.8788131     0.34108045     0.31964673
   22.8888148     0.35328869     0.33829061
   22.8988165     0.36001792     0.35275301
   22.9088181     0.36110437     0.36158515
   22.9188198     0.35731332     0.36428351
   22.9288215     0.35004678     0.36141139
   22.9388231     0.34100570     0.35449747
   22.9488248     0.33187827     0.34572890
   22.9588265     0.32406565     0.33744484
   22.9688281     0.31847247     0.33149765
   22.9788298     0.31542649     0.32867874
   22.9888315     0.31477285     0.32848206
   22.9988331     0.31610707     0.32938403
   23.0088348     0.31903766     0.32957487
   23.0188365     0.32336854     0.32783537
   23.0288381     0.32915428     0.32417147
   23.0388398     0.33665146     0.31993508
   23.0488415     0.34621721     0.31739232
   23.0588431     0.35819059     0.31893036
   23.0688448     0.37276561     0.32623257
   23.0788465     0.38986038     0.33975354
   23.0888481     0.40900752     0.35868550
   23.0988498     0.42930812     0.38137614
   23.1088515     0.44947549     0.40593902
   23.1188531     0.46795340     0.43071398
   23.1288548     0.48306817     0.45434635
   23.1388565     0.49319688     0.47551198
   23.1488581     0.49697618     0.49256976
   23.1588598     0.49357404     0.50350268
   23.1688615     0.48297553     0.50633596
   23.1788631     0.46615243     0.49988879
   23.1888648     0.44498684     0.48445087
   23.1988665     0.42192803     0.46197457
   23.2088681     0.39949801     0.43564798
   23.2188698     0.37981734     0.40906432
   23.2288715     0.36426856     0.38538172
   23.2388731     0.35332802     0.36677782
   23.2488748     0.34656430     0.35426293
   23.2588765     0.34281921     0.34773263
   23.2688781     0.34057439     0.34612967
   23.2788798     0.33841589     0.34768527
   23.2888815     0.33541018     0.35027407
   23.2988831     0.33121604     0.35186466
   23.3088848     0.32591149     0.35094243
   23.3188865     0.31970041     0.34674760
   23.3288881     0.31272218     0.33926343
   23.3388898     0.30506879     0.32902997
   23.3488915     0.29692555     0.31692628
   23.3588931     0.28866024     0.30400988
   23.3688948     0.28075702     0.29139670
   23.3788965     0.27363907     0.28011527
   23.3888981     0.26750504     0.27091247
   23.3988998     0.26226200     0.26406816
   23.4089015     0.25754954     0.25930686
   23.4189032     0.25282054     0.25585449
   23.4289048     0.24748879     0.25262589
   23.4389065     0.24118059     0.24850050
   23.4489082     0.23406383     0.24265003
   23.4589098     0.22710896     0.23487706
   23.4689115     0.22208147     0.22588096
   23.4789132     0.22115175     0.21732099
   23.4889148     0.22619510     0.21155993
   23.4989165     0.23802141     0.21107459
   23.5089182     0.25582359     0.21766824
   23.5189198     0.27705597     0.23173431
   23.5289215     0.29780671     0.25183795
   23.5389232     0.31358669     0.27479407
   23.5489248     0.32035747     0.29626475
   23.5589265     0.31556237     0.31173293
   23.5689282     0.29889252     0.31758821
   23.5789298     0.27253278     0.31202068
   23.5889315     0.24073438     0.29546809
   23.5989332     0.20877522     0.27048617
   23.6089348     0.18162464     0.24108463
   23.6189365     0.16278450     0.21174643
   23.6289382     0.15371547     0.18645851
   23.6389398     0.15399364     0.16806294
   23.6489415     0.16202147     0.15807704
   23.6589432     0.17590930     0.15690764
   23.6689448     0.19413133     0.16422443
   23.6789465     0.21571910     0.17924605
   23.6889482     0.23999593     0.20081742
   23.6989498     0.26607191     0.22732541
   23.7089515     0.29242015     0.25661311
   23.7189532     0.31679168     0.28605375
   23.7289548     0.33653160     0.31284125
   23.7389565     0.34914838     0.33440880
   23.7489582     0.35288483     0.34879646
   23.7589598     0.34708770     0.35482320
   23.7689615     0.33230586     0.35206012
   23.7789632     0.31015596     0.34073336
   23.7889648     0.28302659     0.32169372
   23.7989665     0.25367685     0.29646596
   23.8089682     0.22478301     0.26725168
   23.8189698     0.19851753     0.23673597
   23.8289715     0.17627156     0.20766574
   23.8389732     0.15860590     0.18233056
   23.8489748     0.14542753     0.16216028
   23.8589765     0.13628806     0.14760296
   23.8689782     0.13065477     0.13830434
   23.8789798     0.12805340     0.13346771
   23.8889815     0.12809594     0.13221293
   23.8989832     0.13049951     0.13380418
   23.9089848     0.13519197     0.13773620
   23.9189865     0.14247398     0.14376293
   23.9289882     0.15306224     0.15193820
   23.9389898     0.16781421     0.16262469
   23.9489915     0.18710410     0.17633041
   23.9589932     0.21010291     0.19328213
   23.9689948     0.23440783     0.21285476
   23.9789965     0.25638855     0.23319319
   23.9889982     0.27226203     0.25138329
   23.9989998     0.27947383     0.26427154
   24.0090015     0.27773610     0.26963660
   24.0190032     0.26920883     0.26714567
   24.0290048     0.25773530     0.25858611
   24.0390065     0.24749356     0.24722873
   24.0490082     0.24164847     0.23663301
   24.0590098     0.24150151     0.22947043
   24.0690115     0.24634644     0.22687619
   24.0790132     0.25394026     0.22850684
   24.0890148     0.26132481     0.23309948
   24.0990165     0.26570953     0.23912282
   24.1090182     0.26519538     0.24518035
   24.1190198     0.25921554     0.25009044
   24.1290215     0.24864828     0.25282808
   24.1390232     0.23561121     0.25258251
   24.1490248     0.22298300     0.24902751
   24.1590265     0.21374047     0.24265493
   24.1690282     0.21025652     0.23489548
   24.1790298     0.21375992     0.22785629
   24.1890315     0.22415304     0.22376069
   24.1990332     0.24026721     0.22437781
   24.2090348     0.26042883     0.23071688
   24.2190365     0.28303091     0.24305109
   24.2290382     0.30679123     0.26109918
   24.2390398     0.33056933     0.28411211
   24.2490415     0.35289843     0.31073482
   24.2590432     0.37158721     0.33873508
   24.2690448     0.38373804     0.36485214
   24.2790465     0.38632151     0.38502043
   24.2890482     0.37714951     0.39507303
   24.2990498     0.35584743     0.39180103
   24.3090515     0.32436466     0.37403306
   24.3190532     0.28673363     0.34330309
   24.3290548     0.24812084     0.30376604
   24.3390565     0.21353493     0.26129560
   24.3490582     0.18668553     0.22203943
   24.3590598     0.16936876     0.19093694
   24.3690615     0.16149302     0.17070279
   24.3790632     0.16161571     0.16156423
   24.3890648     0.16773544     0.16174216
   24.3990665     0.17806232     0.16842261
   24.4090682     0.19152098     0.17884472
   24.4190698     0.20781491     0.19113686
   24.4290715     0.22702652     0.20464240
   24.4390732     0.24893700     0.21966717
   24.4490748     0.27243262     0.23680502
   24.4590765     0.29537983     0.25617622
   24.4690782     0.31513306     0.27695682
   24.4790798     0.32947628     0.29744160
   24.4890815     0.33751164     0.31561449
   24.4990832     0.33999658     0.32992734
   24.5090848     0.33892488     0.33986390
   24.5190865     0.33656947     0.34597901
   24.5290882     0.33449196     0.34940194
   24.5390898     0.33301490     0.35110357
   24.5490915     0.33137814     0.35135574
   24.5590932     0.32843967     0.34968135
   24.5690948     0.32352539     0.34529394
   24.5790965     0.31699400     0.33774768
   24.5890982     0.31026192     0.32742524
   24.5990998     0.30532955     0.31562266
   24.6091015     0.30409471     0.30424804
   24.6191032     0.30778863     0.29536068
   24.6291049     0.31670581     0.29079939
   24.6391065     0.33017226     0.29197863
   24.6491082     0.34660572     0.29972259
   24.6591099     0.36363303     0.31396343
   24.6691115     0.37840353     0.33332315
   24.6791132     0.38825101     0.35488399
   24.6891149     0.39162648     0.37455678
   24.6991165     0.38890815     0.38821286
   24.7091182     0.38257219     0.39325409
   24.7191199     0.37644031     0.38988634
   24.7291215     0.37420173     0.38134979
   24.7391232     0.37783332     0.37281033
   24.7491249     0.38663553     0.36928918
   24.7591265     0.39731021     0.37351629
   24.7691282     0.40501952     0.38465711
   24.7791299     0.40496119     0.39846400
   24.7891315     0.39385528     0.40876532
   24.7991332     0.37086649     0.40964551
   24.8091349     0.33776463     0.39743560
   24.8191365     0.29840686     0.37180114
   24.8291382     0.25780150     0.33566524
   24.8391399     0.22104487     0.29419082
   24.8491415     0.19234500     0.25332801
   24.8591432     0.17425200     0.21841863
   24.8691449     0.16718971     0.19314734
   24.8791465     0.16942403     0.17893987
   24.8891482     0.17760440     0.17485265
   24.8991499     0.18786069     0.17801934
   24.9091515     0.19714396     0.18466232
   24.9191532     0.20424962     0.19145685
   24.9291549     0.20998927     0.19675796
   24.9391565     0.21635995     0.20109880
   24.9491582     0.22511037     0.20661687
   24.9591599     0.23647593     0.21560111
   24.9691615     0.24878586     0.22887928
   24.9791632     0.25915776     0.24493123
   24.9891649     0.26488546     0.26026560
   24.9991665     0.26476246     0.27091076
   25.0091682     0.25966267     0.27424954
   25.0191699     0.25213651     0.27024346
   25.0291715     0.24529841     0.26144486
   25.0391732     0.24159340     0.25185390
   25.0491749     0.24200177     0.24525089
   25.0591765     0.24593469     0.24381235
   25.0691782     0.25169167     0.24755503
   25.0791799     0.25711734     0.25465212
   25.0891815     0.26012885     0.26225406
   25.0991832     0.25902015     0.26734568
   25.1091849     0.25268233     0.26737623
   25.1191865     0.24091347     0.26068627
   25.1291882     0.22480505     0.24687492
   25.1391899     0.20695761     0.22713022
   25.1491915     0.19121895     0.20433997
   25.1591932     0.18183034     0.18274213
   25.1691949     0.18218523     0.16704741
   25.1791965     0.19363588     0.16124443
   25.1891982     0.21479993     0.16747383
   25.1991999     0.24164351     0.18533166
   25.2092015     0.26835833     0.21179507
   25.2192032     0.28880609     0.24177962
   25.2292049     0.29812977     0.26920442
   25.2392065     0.29406413     0.28834655
   25.2492082     0.27754888     0.29518749
   25.2592099     0.25245449     0.28841251
   25.2692115     0.22450924     0.26977155
   25.2792132     0.19976197     0.24366681
   25.2892149     0.18303566     0.21605483
   25.2992165     0.17679341     0.19295391
   25.3092182     0.18068513     0.17895718
   25.3192199     0.19183734     0.17613934
   25.3292215     0.20575807     0.18362964
   25.3392232     0.21759311     0.19794907
   25.3492249     0.22340443     0.21401934
   25.3592265     0.22114363     0.22658163
   25.3692282     0.21106664     0.23164188
   25.3792299     0.19548674     0.22752598
   25.3892315     0.17797069     0.21522002
   25.3992332     0.16227387     0.19789409
   25.4092349     0.15138376     0.17979980
   25.4192365     0.14694514     0.16496125
   25.4292382     0.14913232     0.15612498
   25.4392399     0.15684916     0.15427089
   25.4492415     0.16808487     0.15871352
   25.4592432     0.18032284     0.16759862
   25.4692449     0.19098892     0.17852569
   25.4792465     0.19793605     0.18909421
   25.4892482     0.19989418     0.19729240
   25.4992499     0.19674833     0.20173795
   25.5092515     0.18952307     0.20180685
   25.5192532     0.18005154     0.19766433
   25.5292549     0.17043170     0.19017928
   25.5392565     0.16245343     0.18069845
   25.5492582     0.15719092     0.17070218
   25.5592599     0.15489841     0.16144316
   25.5692615     0.15523593     0.15372544
   25.5792632     0.15770687     0.14794731
   25.5892649     0.16206622     0.14439134
   25.5992665     0.16844479     0.14357110
   25.6092682     0.17708170     0.14635697
   25.6192699     0.18781299     0.15369331
   25.6292715     0.19966892     0.16596646
   25.6392732     0.21092646     0.18235473
   25.6492749     0.21971481     0.20060650
   25.6592765     0.22492060     0.21753872
   25.6692782     0.22690856     0.23016667
   25.6792799     0.22761683     0.23697253
   25.6892815     0.22988969     0.23865273
   25.6992832     0.23630745     0.23789400
   25.7092849     0.24804557     0.23822355
   25.7192865     0.26429294     0.24247633
   25.7292882     0.28248194     0.25162359
   25.7392899     0.29918351     0.26449386
   25.7492915     0.31122232     0.27842783
   25.7592932     0.31652852     0.29043756
   25.7692949     0.31445228     0.29825532
   25.7792965     0.30556540     0.30082765
   25.7892982     0.29117984     0.29818606
   25.7992999     0.27284976     0.29095592
   25.8093016     0.25204007     0.27987045
   25.8193032     0.23002704     0.26553795
   25.8293049     0.20799621     0.24850018
   25.8393066     0.18722654     0.22946207
   25.8493082     0.16920649     0.20952382
   25.8593099     0.15554271     0.19027429
   25.8693116     0.14761493     0.17365972
   25.8793132     0.14607594     0.16160958
   25.8893149     0.15042356     0.15549330
   25.8993166     0.15889912     0.15558878
   25.9093182     0.16885229     0.16080912
   25.9193199     0.17749201     0.16888452
   25.9293216     0.18273441     0.17701225
   25.9393232     0.18378734     0.18275041
   25.9493249     0.18123090     0.18478203
   25.9593266     0.17659892     0.18322007
   25.9693282     0.17169513     0.17934500
   25.9793299     0.16796643     0.17493663
   25.9893316     0.16617352     0.17153162
   25.9993332     0.16641806     0.16993053
   26.0093349     0.16842164     0.17012274
   26.0193366     0.17188693     0.17159143
   26.0293382     0.17680117     0.17380976
   26.0393399     0.18359822     0.17669725
   26.0493416     0.19312252     0.18085862
   26.0593432     0.20635503     0.18752106
   26.0693449     0.22392781     0.19817426
   26.0793466     0.24558316     0.21399671
   26.0893482     0.26983906     0.23523229
   26.0993499     0.29408851     0.26074535
   26.1093516     0.31516500     0.28797310
   26.1193532     0.33016140     0.31337002
   26.1293549     0.33715888     0.33323457
   26.1393566     0.33558441     0.34462925
   26.1493582     0.32611717     0.34605624
   26.1593599     0.31027696     0.33766356
   26.1693616     0.28994147     0.32097037
   26.1793632     0.26701081     0.29830255
   26.1893649     0.24330142     0.27221976
   26.1993666     0.22059028     0.24515121
   26.2093682     0.20064302     0.21928314
   26.2193699     0.18509926     0.19657023
   26.2293716     0.17522177     0.17868831
   26.2393732     0.17163649     0.16684251
   26.2493749     0.17420447     0.16151212
   26.2593766     0.18207327     0.16231682
   26.2693782     0.19384888     0.16814185
   26.2793799     0.20780622     0.17749647
   26.2893816     0.22211859     0.18892903
   26.2993832     0.23513483     0.20129930
   26.3093849     0.24568419     0.21382358
   26.3193866     0.25327853     0.22595861
   26.3293882     0.25804685     0.23725764
   26.3393899     0.26036890     0.24728280
   26.3493916     0.26039755     0.25556528
   26.3593932     0.25778133     0.26156590
   26.3693949     0.25179121     0.26463234
   26.3793966     0.24178569     0.26401535
   26.3893982     0.22772208     0.25901353
   26.3993999     0.21040621     0.24924092
   26.4094016     0.19135860     0.23490972
   26.4194032     0.17241211     0.21697483
   26.4294049     0.15528240     0.19704194
   26.4394066     0.14131356     0.17706369
   26.4494082     0.13145533     0.15895646
   26.4594099     0.12638304     0.14429186
   26.4694116     0.12660593     0.13414731
   26.4794132     0.13244155     0.12909902
   26.4894149     0.14382882     0.12928121
   26.4994166     0.16005523     0.13444528
   26.5094182     0.17954216     0.14399745
   26.5194199     0.19984484     0.15702398
   26.5294216     0.21797239     0.17231218
   26.5394232     0.23102307     0.18837215
   26.5494249     0.23698399     0.20348911
   26.5594266     0.23542130     0.21587703
   26.5694282     0.22776469     0.22400086
   26.5794299     0.21701349     0.22704502
   26.5894316     0.20692074     0.22536124
   26.5994332     0.20092765     0.22063532
   26.6094349     0.20120918     0.21556943
   26.6194366     0.20812461     0.21308862
   26.6294382     0.22020932     0.21533744
   26.6394399     0.23467946     0.22288191
   26.6494416     0.24828777     0.23447545
   26.6594432     0.25827422     0.24750477
   26.6694449     0.26312233     0.25892895
   26.6794466     0.26289766     0.26632158
   26.6894482     0.25910351     0.26862482
   26.6994499     0.25415851     0.26639922
   26.7094516     0.25068410     0.26157514
   26.7194532     0.25076982     0.25684616
   26.7294549     0.25533577     0.25486411
   26.7394566     0.26371804     0.25738306
   26.7494582     0.27364550     0.26454308
   26.7594599     0.28174751     0.27455988
   26.7694616     0.28455056     0.28406414
   26.7794632     0.27965225     0.28911584
   26.7894649     0.26658827     0.28657414
   26.7994666     0.24699143     0.27525273
   26.8094682     0.22396881     0.25633707
   26.8194699     0.20100138     0.23288773
   26.8294716     0.18087298     0.20869411
   26.8394732     0.16506101     0.18701459
   26.8494749     0.15374710     0.16971764
   26.8594766     0.14630848     0.15709210
   26.8694782     0.14197568     0.14828870
   26.8794799     0.14033690     0.14212069
   26.8894816     0.14149485     0.13784507
   26.8994832     0.14586385     0.13558027
   26.9094849     0.15375763     0.13618707
   26.9194866     0.16499906     0.14069914
   26.9294882     0.17874893     0.14962269
   26.9394899     0.19362272     0.16249123
   26.9494916     0.20801823     0.17790450
   26.9594932     0.22049747     0.19399341
   26.9694949     0.23008333     0.20902301
   26.9794966     0.23640139     0.22181787
   26.9894982     0.23965895     0.23185854
   26.9994999     0.24048743     0.23911202
   27.0095016     0.23970724     0.24377596
   27.0195033     0.23811335     0.24609551
   27.0295049     0.23638412     0.24631820
   27.0395066     0.23513865     0.24476890
   27.0495083     0.23503657     0.24198153
   27.0595099     0.23673747     0.23879633
   27.0695116     0.24061198     0.23631630
   27.0795133     0.24630458     0.23564368
   27.0895149     0.25244059     0.23742061
   27.0995166     0.25677822     0.24134955
   27.1095183     0.25688110     0.24597441
   27.1195199     0.25105888     0.24895431
   27.1295216     0.23912040     0.24783428
   27.1395233     0.22255732     0.24102045
   27.1495249     0.20408281     0.22849978
   27.1595266     0.18678046     0.21194328
   27.1695283     0.17326457     0.19415654
   27.1795299     0.16515783     0.17817995
   27.1895316     0.16296471     0.16647078
   27.1995333     0.16622413     0.16045908
   27.2095349     0.17375814     0.16049409
   27.2195366     0.18389219     0.16599573
   27.2295383     0.19463719     0.17561934
   27.2395399     0.20391243     0.18738927
   27.2495416     0.20989092     0.19890962
   27.2595433     0.21145254     0.20778152
   27.2695449     0.20859517     0.21222089
   27.2795466     0.20258335     0.21167689
   27.2895483     0.19568340     0.20714936
   27.2995499     0.19052142     0.20098051
   27.3095516     0.18929087     0.19612353
   27.3195533     0.19310938     0.19514102
   27.3295549     0.20174313     0.19932473
   27.3395566     0.21374785     0.20828566
   27.3495583     0.22692230     0.22016458
   27.3595599     0.23889668     0.23235199
   27.3695616     0.24768302     0.24240107
   27.3795633     0.25206311     0.24876024
   27.3895649     0.25175313     0.25106716
   27.3995666     0.24735098     0.24996937
   27.4095683     0.24012784     0.24665083
   27.4195699     0.23174955     0.24233804
   27.4295716     0.22399748     0.23800091
   27.4395733     0.21851978     0.23430848
   27.4495749     0.21661207     0.23174994
   27.4595766     0.21902041     0.23076747
   27.4695783     0.22577863     0.23178239
   27.4795799     0.23612402     0.23508455
   27.4895816     0.24856171     0.24064248
   27.4995833     0.26113503     0.24794418
   27.5095849     0.27187863     0.25598311
   27.5195866     0.27930519     0.26344992
   27.5295883     0.28269673     0.26908099
   27.5395899     0.28203942     0.27199975
   27.5495916     0.27765505     0.27185753
   27.5595933     0.26979832     0.26869411
   27.5695949     0.25852275     0.26263584
   27.5795966     0.24391737     0.25368131
   27.5895983     0.22652642     0.24176737
   27.5995999     0.20761154     0.22709188
   27.6096016     0.18901650     0.21045535
   27.6196033     0.17266478     0.19333986
   27.6296049     0.15995625     0.17760225
   27.6396066     0.15137728     0.16490503
   27.6496083     0.14649264     0.15617278
   27.6596099     0.14427006     0.15134489
   27.6696116     0.14353982     0.14952383
   27.6796133     0.14337610     0.14940897
   27.6896149     0.14327364     0.14978322
   27.6996166     0.14310955     0.14983721
   27.7096183     0.14297038     0.14924056
   27.7196199     0.14296809     0.14801695
   27.7296216     0.14315672     0.14636613
   27.7396233     0.14358943     0.14456399
   27.7496249     0.14444635     0.14297692
   27.7596266     0.14608550     0.14211316
   27.7696283     0.14889564     0.14257977
   27.7796299     0.15296977     0.14486571
   27.7896316     0.15778190     0.14900542
   27.7996333     0.16211054     0.15430513
   27.8096349     0.16434718     0.15933946
   27.8196366     0.16311153     0.16231513
   27.8296383     0.15790265     0.16170619
   27.8396399     0.14946443     0.15690169
   27.8496416     0.13966463     0.14856802
   27.8596433     0.13091158     0.13853936
   27.8696449     0.12534657     0.12925705
   27.8796466     0.12415128     0.12297796
   27.8896483     0.12724975     0.12106888
   27.8996499     0.13349202     0.12365532
   27.9096516     0.14117934     0.12972657
   27.9196533     0.14865285     0.13759766
   27.9296549     0.15469818     0.14549400
   27.9396566     0.15868476     0.15202071
   27.9496583     0.16053075     0.15639532
   27.9596599     0.16063154     0.15847283
   27.9696616     0.15979350     0.15867041
   27.9796633     0.15908772     0.15785998
   27.9896649     0.15952771     0.15719952
   27.9996666     0.16161583     0.15783067
   28.0096683     0.16497895     0.16044799
   28.0196699     0.16835329     0.16489483
   28.0296716     0.17001210     0.17002669
   28.0396733     0.16846284     0.17400030
   28.0496749     0.16306772     0.17492151
   28.0596766     0.15428762     0.17156717
   28.0696783     0.14347195     0.16384437
   28.0796799     0.13235308     0.15279943
   28.0896816     0.12250652     0.14022938
   28.0996833     0.11497924     0.12811635
   28.1096849     0.11015191     0.11811725
   28.1196866     0.10779300     0.11123788
   28.1296883     0.10723136     0.10770898
   28.1396899     0.10759373     0.10703465
   28.1496916     0.10807312     0.10819030
   28.1596933     0.10818619     0.10995094
   28.1696949     0.10795581     0.11129141
   28.1796966     0.10795245     0.11174119
   28.1896983     0.10916216     0.11155723
   28.1996999     0.11270835     0.11163762
   28.2097016     0.11950864     0.11321197
   28.2197033     0.12997023     0.11743981
   28.2297050     0.14381215     0.12506424
   28.2397066     0.16006132     0.13620887
   28.2497083     0.17721770     0.15032672
   28.2597100     0.19353018     0.16626754
   28.2697116     0.20728707     0.18243241
   28.2797133     0.21702564     0.19699769
   28.2897150     0.22162212     0.20818350
   28.2997166     0.22031265     0.21452292
   28.3097183     0.21275324     0.21508341
   28.3197200     0.19919121     0.20961288
   28.3297216     0.18069952     0.19860813
   28.3397233     0.15930531     0.18330513
   28.3497250     0.13782896     0.16557154
   28.3597266     0.11937448     0.14767225
   28.3697283     0.10660602     0.13190827
   28.3797300     0.10108553     0.12019404
   28.3897316     0.10294483     0.11369870
   28.3997333     0.11101708     0.11268396
   28.4097350     0.12333907     0.11660102
   28.4197366     0.13776880     0.12438739
   28.4297383     0.15243564     0.13480070
   28.4397400     0.16587044     0.14661514
   28.4497416     0.17687973     0.15861331
   28.4597433     0.18439352     0.16947082
   28.4697450     0.18751423     0.17773676
   28.4797466     0.18581851     0.18206785
   28.4897483     0.17973617     0.18168949
   28.4997500     0.17072115     0.17685570
   28.5097516     0.16102082     0.16901065
   28.5197533     0.15307506     0.16047832
   28.5297550     0.14877781     0.15375142
   28.5397566     0.14889025     0.15066222
   28.5497583     0.15280843     0.15177438
   28.5597600     0.15874700     0.15622317
   28.5697616     0.16428221     0.16203788
   28.5797633     0.16711164     0.16680907
   28.5897650     0.16581122     0.16847275
   28.5997666     0.16032123     0.16596843
   28.6097683     0.15194114     0.15956809
   28.6197700     0.14279932     0.15076072
   28.6297716     0.13502123     0.14171688
   28.6397733     0.12998860     0.13452052
   28.6497750     0.12803497     0.13047059
   28.6597766     0.12867452     0.12974325
   28.6697783     0.13116826     0.13154781
   28.6797800     0.13507345     0.13467924
   28.6897816     0.14047474     0.13818761
   28.6997833     0.14780005     0.14184314
   28.7097850     0.15735002     0.14618398
   28.7197866     0.16880927     0.15212869
   28.7297883     0.18101216     0.16033389
   28.7397900     0.19211635     0.17060482
   28.7497916     0.20014490     0.18167024
   28.7597933     0.20367649     0.19148908
   28.7697950     0.20238648     0.19800378
   28.7797966     0.19721605     0.20001275
   28.7897983     0.19012878     0.19774754
   28.7998000     0.18359217     0.19287818
   28.8098016     0.17999274     0.18795586
   28.8198033     0.18114265     0.18556315
   28.8298050     0.18793522     0.18752977
   28.8398066     0.20014789     0.19447314
   28.8498083     0.21640640     0.20573854
   28.8598100     0.23436395     0.21966829
   28.8698116     0.25113565     0.23406956
   28.8798133     0.26392760     0.24674594
   28.8898150     0.27067198     0.25596062
   28.8998166     0.27043250     0.26070747
   28.9098183     0.26344700     0.26071877
   28.9198200     0.25087337     0.25625390
   28.9298216     0.23445582     0.24783890
   28.9398233     0.21630974     0.23616359
   28.9498250     0.19884750     0.22222894
   28.9598266     0.18468288     0.20762366
   28.9698283     0.17631942     0.19464527
   28.9798300     0.17558627     0.18600766
   28.9898316     0.18301396     0.18410957
   28.9998333     0.19746466     0.19013631
   29.0098350     0.21625004     0.20342897
   29.0198366     0.23573919     0.22146270
   29.0298383     0.25223093     0.24048014
   29.0398400     0.26277369     0.25651125
   29.0498416     0.26569041     0.26636470
   29.0598433     0.26073074     0.26826072
   29.0698450     0.24891743     0.26200140
   29.0798466     0.23221192     0.24877762
   29.0898483     0.21310229     0.23078295
   29.0998500     0.19417149     0.21075370
   29.1098516     0.17768554     0.19147845
   29.1198533     0.16525702     0.17530635
   29.1298550     0.15765410     0.16373505
   29.1398566     0.15480117     0.15720387
   29.1498583     0.15594993     0.15518031
   29.1598600     0.15993182     0.15650666
   29.1698616     0.16538706     0.15984454
   29.1798633     0.17092025     0.16401657
   29.1898650     0.17522246     0.16813201
   29.1998666     0.17725366     0.17153918
   29.2098683     0.17654356     0.17376461
   29.2198700     0.17354667     0.17459246
   29.2298716     0.16984933     0.17430541
   29.2398733     0.16798098     0.17392956
   29.2498750     0.17070422     0.17522181
   29.2598766     0.17992756     0.18020421
   29.2698783     0.19566725     0.19029124
   29.2798800     0.21559524     0.20535835
   29.2898816     0.23552768     0.22326899
   29.2998833     0.25077572     0.24025527
   29.3098850     0.25781551     0.25213925
   29.3198866     0.25551822     0.25589832
   29.3298883     0.24537326     0.25082394
   29.3398900     0.23065190     0.23869467
   29.3498916     0.21499009     0.22290507
   29.3598933     0.20110350     0.20704519
   29.3698950     0.19017223     0.19366326
   29.3798966     0.18200488     0.18374144
   29.3898983     0.17570091     0.17694763
   29.3999000     0.17037838     0.17232253
   29.4099017     0.16562895     0.16894679
   29.4199033     0.16157366     0.16629584
   29.4299050     0.15858920     0.16424379
   29.4399067     0.15689449     0.16284891
   29.4499083     0.15622301     0.16208999
   29.4599100     0.15575692     0.16168179
   29.4699117     0.15437392     0.16103834
   29.4799133     0.15110250     0.15939883
   29.4899150     0.14557579     0.15607683
   29.4999167     0.13827684     0.15074808
   29.5099183     0.13046937     0.14367160
   29.5199200     0.12384245     0.13575222
   29.5299217     0.11999795     0.12839413
   29.5399233     0.11995100     0.12315614
   29.5499250     0.12380705     0.12129363
   29.5599267     0.13073147     0.12333926
   29.5699283     0.13923766     0.12889575
   29.5799300     0.14769696     0.13675385
   29.5899317     0.15486745     0.14531249
   29.5999333     0.16021871     0.15312953
   29.6099350     0.16392470     0.15935926
   29.6199367     0.16656539     0.16388938
   29.6299383     0.16871928     0.16714889
   29.6399400     0.17066365     0.16972551
   29.6499417     0.17231428     0.17200841
   29.6599433     0.17339548     0.17402386
   29.6699450     0.17371956     0.17550338
   29.6799467     0.17342987     0.17610682
   29.6899483     0.17311296     0.17568101
   29.6999500     0.17375781     0.17446687
   29.7099517     0.17657622     0.17321399
   29.7199533     0.18269945     0.17316926
   29.7299550     0.19278155     0.17588257
   29.7399567     0.20660697     0.18278553
   29.7499583     0.22287923     0.19459948
   29.7599600     0.23936424     0.21078185
   29.7699617     0.25342196     0.22930817
   29.7799633     0.26275247     0.24700501
   29.7899650     0.26604946     0.26040691
   29.7999667     0.26329612     0.26683892
   29.8099683     0.25562260     0.26528894
   29.8199700     0.24484456     0.25671028
   29.8299717     0.23290707     0.24364085
   29.8399733     0.22144187     0.22931346
   29.8499750     0.21155164     0.21663044
   29.8599767     0.20382245     0.20740248
   29.8699783     0.19847595     0.20210486
   29.8799800     0.19553249     0.20015500
   29.8899817     0.19487754     0.20048538
   29.8999833     0.19619970     0.20208551
   29.9099850     0.19886597     0.20426163
   29.9199867     0.20186788     0.20656343
   29.9299883     0.20396488     0.20853795
   29.9399900     0.20405514     0.20956771
   29.9499917     0.20165716     0.20897682
   29.9599933     0.19727140     0.20638799
   29.9699950     0.19239203     0.20211542
   29.9799967     0.18907952     0.19731299
   29.9899983     0.18922024     0.19371280
   30.0000000     0.19377464     0.19301712
