Executable      : /home/users/felipegc/woltsoft/SIESTA/siesta-5.2.2/build/bin/siesta
Version         : 5.2.2
Architecture    : x86_64
Compiler version: GNU-9.3.0
Compiler flags  : -O3 -march=native
Parallelisations: MPI
Lua support
Native ELPA support
ELSI support. Solvers:
   ELPA (internal) 
   NTPoly
   OMM
DFT-D3 support
Wannier90 wrapper support

Runtime information:
* Directory : /home/users/felipegc/MnNiGa/optimizations_afm/top/structure_calc_281
* Running on 36 nodes in parallel.
>> Start of run:  31-JUL-2025  11:25:13

                           *********************** 
                           *  WELCOME TO SIESTA  * 
                           *********************** 

 NOTE: Siesta V5 introduces some new defaults for basis-set generation
 NOTE: which might lead to slightly different numerical results.
 NOTE: Please see the manual for full details and compatibility measures.


reinit: Reading from standard input
reinit: Dumping input in INPUT_TMP.88824
************************** Dump of input data file ****************************
SystemName          hea
SystemLabel         hea
Reparametrize.Pseudos T
Restricted.Radial.Grid F
%include atoms.fdf
MaxSCFIterations     20000
SCF.Mix              Hamiltonian
SCF.Mixer.Method     Broyden
#SCF.Mixer.Variant    original #Pulay original
SCF.Mixer.History    8
SCF.Mixer.Weight     0.07
SCF.H.Converge       False
SCF.DM.Converge      True
SCF.DM.Tolerance     5.d-4
SCF.H.Tolerance      5.d-3 eV
MeshCutoff 300.0 Ry
MD.UseSaveCG         False
DM.UseSaveDM         False
NumberOfEigenStates -20
ElectronicTemperature 300 K
WriteCoorXmol        True
XC.Functional     GGA
XC.authors        PBEsol
Spin polarized
DM.InitSpin.AF true
SolutionMethod       diagon
#Diag.Algorithm        MRRR
###################################
###################################
# Full template for Basis param.
###################################
###################################
Basis.Pressure 0.3 GPa
PAO.SoftDefault T
PAO.SoftPotential 50.0 Ry
PAO.SoftInnerRadius 0.70
PAO.BasisType split
PAO.EnergyShift 0.0019 eV
PAO.BasisSize TZP
PAO.SplitTailNorm T
            %block kgrid_Monkhorst_Pack
            6  0  0  0.
            0  2  0  0.
            0  0  4  0.
            %endblock kgrid_Monkhorst_Pack
            MD.TypeOfRun CG
            MD.Steps         500
            MD.VariableCell true
            MD.MaxForceTol 0.05 eV/Ang
            WriteMDHistory true
            WriteForces true
            Write.OrbitalIndex true
            Charge.Mulliken end
            COOP.Write true
            %block ProjectedDensityOfStates
            -20.00 20.00 0.1 1000 eV
            %endblock ProjectedDensityOfStates
************************** End of input data file *****************************

reinit: -----------------------------------------------------------------------
reinit: System Name: hea
reinit: -----------------------------------------------------------------------
reinit: System Label: hea
reinit: -----------------------------------------------------------------------

NOTE on units for spin output: 
{S} is the spin magnetic moment, in units of the Bohr magneton,
assuming a g-factor for the electron spin of exactly 2.
The spin magnetic moment is then numerically equal to the charge inbalance,
in units of electrons, between the spin-up and -down channels.


initatom: Reading input for the pseudopotentials and atomic orbitals ----------
Species number:   1 Atomic number:   31 Label: Ga
Species number:   2 Atomic number:   28 Label: Ni

Ground state valence configuration (from tables):   4s02  4p01  4d00  4f00
Ground state valence configuration (from tables):   4s02  4p00  3d08  4f00

---- Processing specs for species: Ga
Reading pseudopotential information in PSML from:
  Ga.psml
PSML file version: 1.1
Using libxc ids:  101 130
GGA--PBE XC_GGA_X_PBE--XC_GGA_C_PBE pb
PSML uuid: 206972b0-be42-11e7-579b-1282fffb1a56
Semicore shell(s) with 10 electrons included in the valence for Ga

---- Processing specs for species: Ni
Reading pseudopotential information in PSML from:
  Ni.psml
PSML file version: 1.1
Using libxc ids:  101 130
GGA--PBE XC_GGA_X_PBE--XC_GGA_C_PBE pb
PSML uuid: 020bdba0-be42-11e7-6ded-a592ddfb3399
Semicore shell(s) with  8 electrons included in the valence for Ni

---- Pseudopotential check for Ga

Pseudized shells:
4s( 2.00) rc: 1.67
4p( 1.00) rc: 1.75
3d(10.00) rc: 1.90
Valence configuration for ps generation: 3d:4s:4p: Total charge:  13.000000
Semicore shell(s): 3d
Fallback to non-perturbative polarization scheme for Ga
Please see the manual if this is not desired in principle

---- Pseudopotential check for Ni

Pseudized shells:
3s( 2.00) rc: 1.26
3p( 6.00) rc: 1.35
3d( 8.00) rc: 1.66
Valence configuration for ps generation: 3s:3p:3d:4s: Total charge:  18.000000
Semicore shell(s): 3s 3p
Fallback to non-perturbative polarization scheme for Ni
Please see the manual if this is not desired in principle
For Ga, standard SIESTA heuristics set lmxkb to 3
 (one more than the basis l, including polarization orbitals).
Use PS.lmax or PS.KBprojectors blocks to override.
For Ni, standard SIESTA heuristics set lmxkb to 3
 (one more than the basis l, including polarization orbitals).
Use PS.lmax or PS.KBprojectors blocks to override.
Ga pseudopotential only contains V_ls up to l=2 -- lmxkb reset.
Ni pseudopotential only contains V_ls up to l=2 -- lmxkb reset.

<basis_specs>
===============================================================================
Ga                   Z=  31    Mass=  69.723        Charge= 0.17977+309
Lmxo=2 Lmxkb= 2    BasisType=split      Semic=T
L=0  Nsemic=0  Cnfigmx=4
          i=1  nzeta=3  polorb=0  (4s)
            splnorm:   0.15000    
               vcte:    50.000    
               rinn:  -0.70000    
               qcoe:    0.0000    
               qyuk:    0.0000    
               qwid:   0.10000E-01
                rcs:    0.0000      0.0000      0.0000    
            lambdas:    1.0000      1.0000      1.0000    
L=1  Nsemic=0  Cnfigmx=4
          i=1  nzeta=3  polorb=0  (4p)  (to be polarized non-perturbatively)
            splnorm:   0.15000    
               vcte:    50.000    
               rinn:  -0.70000    
               qcoe:    0.0000    
               qyuk:    0.0000    
               qwid:   0.10000E-01
                rcs:    0.0000      0.0000      0.0000    
            lambdas:    1.0000      1.0000      1.0000    
L=2  Nsemic=1  Cnfigmx=4
          i=1  nzeta=1  polorb=0  (3d)  (semicore shell)
            splnorm:   0.15000    
               vcte:    50.000    
               rinn:  -0.70000    
               qcoe:    0.0000    
               qyuk:    0.0000    
               qwid:   0.10000E-01
                rcs:    0.0000    
            lambdas:    1.0000    
          i=2  nzeta=1  polorb=0  (4d)  (non-perturbative polarization shell)
            splnorm:   0.15000    
               vcte:    50.000    
               rinn:  -0.70000    
               qcoe:   0.47914-315
               qyuk:    0.0000    
               qwid:   0.69528-309
                rcs:    0.0000    
            lambdas:    1.0000    
-------------------------------------------------------------------------------
L=0  Nkbl=1  erefs: 0.17977+309
L=1  Nkbl=1  erefs: 0.17977+309
L=2  Nkbl=2  erefs: 0.17977+309 0.17977+309
===============================================================================
</basis_specs>

Using PAO.SplitTailNorm
atom: Called for Ga                    (Z =  31)
Maximum radius (at nrval) set to   50.00000 8518

read_vps: Pseudopotential generation method:
read_vps: ONCVPSP-3.Hamann's oncvpsp                        
Valence charge in pseudo generation:   13.00000

read_vps: Pseudopotential includes a core correction:
read_vps: Pseudo-core for xc-correction

xc_check: Exchange-correlation functional:
xc_check: GGA PBEsol
xc_check: WARNING: Pseudopotential generated with GGA PBE functional
Got Vlocal (oncv-fit) from psml data
Choosing vlocal chloc cutoff:  4.295227
qtot up to nchloc:   13.00023270
atom: Maximum radius for chlocal:    4.29523
atom: Maximum radius for r*vlocal+2*Zval:    4.29523
Reading KB projs from Ga psml data
Using scalar-relativistic projectors in PSML file

PSML: Kleinman-Bylander projectors: 
   l= 0   rc=  1.688643   Ekb= 14.059564
   l= 0   rc=  1.688643   Ekb=  2.289351
   l= 1   rc=  1.772167   Ekb= 13.610457
   l= 1   rc=  1.772167   Ekb=  2.576326
   l= 2   rc=  1.926399   Ekb=-16.756509
   l= 2   rc=  1.926399   Ekb= -5.641527

PSML: Total number of  Kleinman-Bylander projectors:  18
atom: -------------------------------------------------------------------------

atom: SANKEY-TYPE ORBITALS:
atom: Selected multiple-zeta basis: split     

SPLIT: Orbitals with angular momentum L= 0

SPLIT: Basis orbitals for state 4s

SPLIT: PAO cut-off radius determined from an
SPLIT: energy shift=  0.000140 Ry
Split based on tail norm

   izeta = 1
                 lambda =    1.000000
                     rc =    8.573397
                 energy =   -0.660225
                kinetic =    0.501561
    potential(screened) =   -1.161786
       potential(ionic) =  -12.246649

   izeta = 2
                 rmatch =    4.547753
              splitnorm =    0.150000
                 energy =   -0.462291
                kinetic =    0.981430
    potential(screened) =   -1.443721
       potential(ionic) =  -13.770808

   izeta = 3
                 rmatch =    5.338573
              splitnorm =    0.075000
                 energy =   -0.599358
                kinetic =    0.744548
    potential(screened) =   -1.343906
       potential(ionic) =  -13.255962

SPLIT: Orbitals with angular momentum L= 1

SPLIT: Basis orbitals for state 4p

SPLIT: PAO cut-off radius determined from an
SPLIT: energy shift=  0.000140 Ry
Split based on tail norm

   izeta = 1
                 lambda =    1.000000
                     rc =   12.949509
                 energy =   -0.190428
                kinetic =    0.541974
    potential(screened) =   -0.732402
       potential(ionic) =   -9.174065

   izeta = 2
                 rmatch =    6.968471
              splitnorm =    0.150000
                 energy =   -0.153132
                kinetic =    0.764207
    potential(screened) =   -0.917338
       potential(ionic) =  -10.565779

   izeta = 3
                 rmatch =    8.212134
              splitnorm =    0.075000
                 energy =   -0.175794
                kinetic =    0.665884
    potential(screened) =   -0.841678
       potential(ionic) =  -10.014829

SPLIT: Orbitals with angular momentum L= 2

SPLIT: Basis orbitals for state 3d

SPLIT: PAO cut-off radius determined from an
SPLIT: energy shift=  0.000140 Ry
Split based on tail norm

   izeta = 1
                 lambda =    1.000000
                     rc =    4.873342
                 energy =   -1.390864
                kinetic =   12.335179
    potential(screened) =  -13.726043
       potential(ionic) =  -32.471836

SPLIT: Basis orbitals for state 4d
SPLIT: Non-perturbative polarization orbs for state 4p
SPLIT: rc(1st zeta) (re)set to: 12.9495 (expansion factor: 1.0000)
Split based on tail norm

   izeta = 1
                 lambda =    1.000000
                     rc =   12.949509
                 energy =    0.135451
                kinetic =    0.341434
    potential(screened) =   -0.205982
       potential(ionic) =   -4.584821
atom: Total number of Sankey-type orbitals: 22

atm_pop: Valence configuration (for local Pseudopot. screening):
 4s( 2.00)                                                            
 4p( 1.00)                                                            
 3d(10.00) 4d( 0.00)                                                  
Vna: chval, zval:   13.00000  13.00000

Vna:  Cut-off radius for the neutral-atom potential:  12.949509
comcore: Pseudo-core radius Rcore=  2.359857

atom: _________________________________________________________________________

<basis_specs>
===============================================================================
Ni                   Z=  28    Mass=  58.693        Charge= 0.17977+309
Lmxo=2 Lmxkb= 2    BasisType=split      Semic=T
L=0  Nsemic=1  Cnfigmx=4
          i=1  nzeta=1  polorb=0  (3s)  (semicore shell)
            splnorm:   0.15000    
               vcte:    50.000    
               rinn:  -0.70000    
               qcoe:    0.0000    
               qyuk:    0.0000    
               qwid:   0.10000E-01
                rcs:    0.0000    
            lambdas:    1.0000    
          i=2  nzeta=3  polorb=0  (4s)  (to be polarized non-perturbatively)
            splnorm:   0.15000    
               vcte:    50.000    
               rinn:  -0.70000    
               qcoe:    0.0000    
               qyuk:    0.0000    
               qwid:   0.10000E-01
                rcs:    0.0000      0.0000      0.0000    
            lambdas:    1.0000      1.0000      1.0000    
L=1  Nsemic=1  Cnfigmx=4
          i=1  nzeta=1  polorb=0  (3p)  (semicore shell)
            splnorm:   0.15000    
               vcte:    50.000    
               rinn:  -0.70000    
               qcoe:    0.0000    
               qyuk:    0.0000    
               qwid:   0.10000E-01
                rcs:    0.0000    
            lambdas:    1.0000    
          i=2  nzeta=1  polorb=0  (4p)  (non-perturbative polarization shell)
            splnorm:   0.15000    
               vcte:    50.000    
               rinn:  -0.70000    
               qcoe:   0.47914-315
               qyuk:    0.0000    
               qwid:   0.69528-309
                rcs:    0.0000    
            lambdas:    1.0000    
L=2  Nsemic=0  Cnfigmx=3
          i=1  nzeta=3  polorb=0  (3d)
            splnorm:   0.15000    
               vcte:    50.000    
               rinn:  -0.70000    
               qcoe:    0.0000    
               qyuk:    0.0000    
               qwid:   0.10000E-01
                rcs:    0.0000      0.0000      0.0000    
            lambdas:    1.0000      1.0000      1.0000    
-------------------------------------------------------------------------------
L=0  Nkbl=2  erefs: 0.17977+309 0.17977+309
L=1  Nkbl=2  erefs: 0.17977+309 0.17977+309
L=2  Nkbl=1  erefs: 0.17977+309
===============================================================================
</basis_specs>

Using PAO.SplitTailNorm
atom: Called for Ni                    (Z =  28)
Maximum radius (at nrval) set to   50.00000 8518

read_vps: Pseudopotential generation method:
read_vps: ONCVPSP-3.Hamann's oncvpsp                        
Valence charge in pseudo generation:   18.00000

read_vps: Pseudopotential includes a core correction:
read_vps: Pseudo-core for xc-correction

xc_check: Exchange-correlation functional:
xc_check: GGA PBEsol
xc_check: WARNING: Pseudopotential generated with GGA PBE functional
Got Vlocal (oncv-fit) from psml data
Choosing vlocal chloc cutoff:  3.188973
qtot up to nchloc:   17.99992641
atom: Maximum radius for chlocal:    3.18897
atom: Maximum radius for r*vlocal+2*Zval:    3.18897
Reading KB projs from Ni psml data
Using scalar-relativistic projectors in PSML file

PSML: Kleinman-Bylander projectors: 
   l= 0   rc=  1.276377   Ekb= 12.509070
   l= 0   rc=  1.276377   Ekb= -0.503495
   l= 1   rc=  1.371030   Ekb= -5.680418
   l= 1   rc=  1.371030   Ekb= -0.775211
   l= 2   rc=  1.680171   Ekb=-14.446879
   l= 2   rc=  1.680171   Ekb= -5.088878

PSML: Total number of  Kleinman-Bylander projectors:  18
atom: -------------------------------------------------------------------------

atom: SANKEY-TYPE ORBITALS:
atom: Selected multiple-zeta basis: split     

SPLIT: Orbitals with angular momentum L= 0

SPLIT: Basis orbitals for state 3s

SPLIT: PAO cut-off radius determined from an
SPLIT: energy shift=  0.000140 Ry
Split based on tail norm

   izeta = 1
                 lambda =    1.000000
                     rc =    2.999668
                 energy =   -8.139209
                kinetic =    3.776111
    potential(screened) =  -11.915319
       potential(ionic) =  -45.801861

SPLIT: Basis orbitals for state 4s

SPLIT: PAO cut-off radius determined from an
SPLIT: energy shift=  0.000140 Ry
Split based on tail norm

   izeta = 1
                 lambda =    1.000000
                     rc =    9.316220
                 energy =   -0.512978
                kinetic =    1.389681
    potential(screened) =   -1.902658
       potential(ionic) =  -17.770111

   izeta = 2
                 rmatch =    4.957068
              splitnorm =    0.150000
                 energy =   -0.410487
                kinetic =    2.329090
    potential(screened) =   -2.739576
       potential(ionic) =  -21.501560

   izeta = 3
                 rmatch =    5.824741
              splitnorm =    0.075000
                 energy =   -0.473172
                kinetic =    1.899833
    potential(screened) =   -2.373005
       potential(ionic) =  -19.995099

SPLIT: Orbitals with angular momentum L= 1

SPLIT: Basis orbitals for state 3p

SPLIT: PAO cut-off radius determined from an
SPLIT: energy shift=  0.000140 Ry
Split based on tail norm

   izeta = 1
                 lambda =    1.000000
                     rc =    3.414070
                 energy =   -5.225411
                kinetic =    9.244220
    potential(screened) =  -14.469631
       potential(ionic) =  -47.296381

SPLIT: Basis orbitals for state 4p
SPLIT: Non-perturbative polarization orbs for state 4s
SPLIT: rc(1st zeta) (re)set to: 9.3162 (expansion factor: 1.0000)
Split based on tail norm

   izeta = 1
                 lambda =    1.000000
                     rc =    9.316220
                 energy =   -0.065208
                kinetic =    0.825147
    potential(screened) =   -0.890355
       potential(ionic) =  -12.014212

SPLIT: Orbitals with angular momentum L= 2

SPLIT: Basis orbitals for state 3d

SPLIT: PAO cut-off radius determined from an
SPLIT: energy shift=  0.000140 Ry
Split based on tail norm

   izeta = 1
                 lambda =    1.000000
                     rc =    6.323353
                 energy =   -0.639566
                kinetic =   11.441999
    potential(screened) =  -12.081565
       potential(ionic) =  -40.678115

   izeta = 2
                 rmatch =    2.624859
              splitnorm =    0.150000
                 energy =   -0.513226
                kinetic =   13.528651
    potential(screened) =  -14.041878
       potential(ionic) =  -44.582092

   izeta = 3
                 rmatch =    3.356353
              splitnorm =    0.075000
                 energy =   -0.605538
                kinetic =   12.372939
    potential(screened) =  -12.978477
       potential(ionic) =  -42.595740
atom: Total number of Sankey-type orbitals: 25

atm_pop: Valence configuration (for local Pseudopot. screening):
 3s( 2.00) 4s( 2.00)                                                  
 3p( 6.00) 4p( 0.00)                                                  
 3d( 8.00)                                                            
Vna: chval, zval:   18.00000  18.00000

Vna:  Cut-off radius for the neutral-atom potential:   9.316220
comcore: Pseudo-core radius Rcore=  1.817282

atom: _________________________________________________________________________

prinput: Basis input 

PAO.BasisType split     

%block ChemicalSpeciesLabel
    1   31 Ga                      # Species index, atomic number, species label
    2   28 Ni                      # Species index, atomic number, species label
%endblock ChemicalSpeciesLabel

%block PAO.Basis                 # Define Basis set
# WARNING: This information might be incomplete!
Ga                    4                    # Species label, number of l-shells
 n=4   0   3                         # n, l, Nzeta 
   8.573      4.548      5.339   
   1.000      1.000      1.000   
 n=4   1   3                         # n, l, Nzeta 
  12.950      6.968      8.212   
   1.000      1.000      1.000   
 n=3   2   1                         # n, l, Nzeta 
   4.873   
   1.000   
 n=4   2   1                         # n, l, Nzeta 
  12.950   
   1.000   
Ni                    5                    # Species label, number of l-shells
 n=3   0   1                         # n, l, Nzeta 
   3.000   
   1.000   
 n=4   0   3                         # n, l, Nzeta 
   9.316      4.957      5.825   
   1.000      1.000      1.000   
 n=3   1   1                         # n, l, Nzeta 
   3.414   
   1.000   
 n=4   1   1                         # n, l, Nzeta 
   9.316   
   1.000   
 n=3   2   3                         # n, l, Nzeta 
   6.323      2.625      3.356   
   1.000      1.000      1.000   
%endblock PAO.Basis

prinput: ----------------------------------------------------------------------

coor:   Atomic-coordinates input format  =     Fractional

siesta: Atomic coordinates (Bohr) and species
siesta:      0.00000   0.00000   0.00000  1        1
siesta:      0.00000   4.70356   0.00000  1        2
siesta:      0.00000   9.40712   0.00000  1        3
siesta:      0.00000  18.81423   0.00000  1        4
siesta:      2.35178   2.35178   3.32592  1        5
siesta:      2.35178   7.05534   3.32592  1        6
siesta:      2.35178  11.75890   3.32592  1        7
siesta:      2.35178  21.16601   3.32592  1        8
siesta:      0.00000  14.11067   0.00000  2        9
siesta:      2.35178  16.46245   3.32592  2       10

siesta: System type = bulk      

initatomlists: Number of atoms, orbitals, and projectors:     10   226   180

coxmol: Writing XMOL coordinates into file hea.xyz                                                                                                                                                                                                                             

siesta: ******************** Simulation parameters ****************************
siesta:
siesta: The following are some of the parameters of the simulation.
siesta: A complete list of the parameters used, including default values,
siesta: can be found in file out.fdf
siesta:
redata: Spin configuration                          = collinear
redata: Number of spin components                   = 2
redata: Time-Reversal Symmetry                      = T
redata: Spin spiral                                 = F
redata: Long output                                 =   F
redata: Number of Atomic Species                    =        2
redata: Charge density info will appear in .RHO file
redata: Write Mulliken charges (when)               = end
redata: Write Mulliken Pop.                         = Atomic and Orbital charges
redata: Write Hirshfeld charges (when)              = none
redata: Write Voronoi charges (when)                = none
redata: Write spin charge (when)                    = scf
redata: Matel table size (NRTAB)                    =     1024
redata: Mesh Cutoff                                 =   300.0000 Ry
redata: Net charge of the system                    =     0.0000 |e|
redata: Min. number of SCF Iter                     =        0
redata: Max. number of SCF Iter                     =    20000
redata: SCF convergence failure will abort job
redata: SCF mix quantity                            = Hamiltonian
redata: Mix DM or H after convergence               =   F
redata: Recompute H after scf cycle                 =   F
redata: Mix DM in first SCF step                    =   T
redata: Write Pulay info on disk                    =   F
redata: New DM Occupancy tolerance                  = 0.000000000001
redata: No kicks to SCF
redata: DM Mixing Weight for Kicks                  =     0.5000
redata: Require Harris convergence for SCF          =   F
redata: Harris energy tolerance for SCF             =     0.000100 eV
redata: Require DM convergence for SCF              =   T
redata: DM tolerance for SCF                        =     0.000500
redata: Require EDM convergence for SCF             =   F
redata: EDM tolerance for SCF                       =     0.001000 eV
redata: Require H convergence for SCF               =   F
redata: Hamiltonian tolerance for SCF               =     0.005000 eV
redata: Require (free) Energy convergence for SCF   =   F
redata: (free) Energy tolerance for SCF             =     0.000100 eV
redata: Antiferro initial spin density              =   T
redata: Using DFT-D3 dispersion                     =   F
redata: Using Saved Data (generic)                  =   F
redata: Use continuation files for DM               =   F
redata: Neglect nonoverlap interactions             =   F
redata: Method of Calculation                       = Diagonalization
redata: Electronic Temperature                      =   300.0000 K
redata: Fix the spin of the system                  =   F
redata: Max. number of TDED Iter                    =        1
redata: Number of TDED substeps                     =        3
redata: Dynamics option                             = CG coord. optimization
redata: Variable cell                               =   T
redata: Use continuation files for CG               =   F
redata: Max atomic displ per move                   =     0.1058 Ang
redata: Maximum number of optimization moves        =      500
redata: Force tolerance                             =     0.0500 eV/Ang
redata: Stress tolerance                            =     1.0000 GPa
mix.SCF: Broyden mixing                          = Broyden
mix.SCF:    History steps                        = 8
mix.SCF:    Linear mixing weight                 =     0.070000
mix.SCF:    Inverse Jacobian weight              =     0.070000
mix.SCF:    Weight prime                         =     0.070000
mix.SCF:    SVD condition                        = 0.1000E-07
mix.SCF: Spin-component mixing                   all
redata: ***********************************************************************

%block SCF.Mixers
  Broyden
%endblock SCF.Mixers

%block SCF.Mixer.Broyden
  # Mixing method
  method broyden

  # Mixing options
  weight 0.0700
  weight.linear 0.0700
  weight.prime 0.0700
  history 8
%endblock SCF.Mixer.Broyden

DM_history_depth set to one: no extrapolation allowed by default for geometry relaxation
Size of DM history Fstack: 1
Total number of electrons:   140.000000
Total ionic charge:   140.000000

* ProcessorY, Blocksize:    9   6


* Orbital distribution balance (max,min):    12     6

k-point displ. along   1 input, could be:     0.00    0.50
k-point displ. along   2 input, could be:     0.00    0.50
k-point displ. along   3 input, could be:     0.00    0.50
 Kpoints in:           32 . Kpoints trimmed:           31

siesta: k-grid: Number of k-points = 31
siesta: k-points from Monkhorst-Pack grid
siesta: k-cutoff (effective) =     7.040 Ang
siesta: k-point supercell and displacements
siesta: k-grid:     6     0     0      0.000
siesta: k-grid:     0     2     0      0.000
siesta: k-grid:     0     0     4      0.000
k-point displ. along   1 input, could be:     0.00    0.50
k-point displ. along   2 input, could be:     0.00    0.50
k-point displ. along   3 input, could be:     0.00    0.50
 Kpoints in:           32 . Kpoints trimmed:           31

siesta: PDOS k-grid: Number of k-points = 31
siesta: PDOS k-points from Monkhorst-Pack grid
siesta: PDOS k-cutoff (effective) =     0.000 Ang
siesta: PDOS k-point supercell and displacements
siesta: k-grid:     6     0     0      0.000
siesta: k-grid:     0     2     0      0.000
siesta: k-grid:     0     0     4      0.000

diag: Algorithm                                     = D&C
diag: Parallel over k                               =   F
diag: Use parallel 2D distribution                  =   T
diag: Parallel block-size                           = 6
diag: Parallel distribution                         =     6 x     6
diag: Used triangular part                          = Lower
diag: Absolute tolerance                            =  0.100E-15
diag: Orthogonalization factor                      =  0.100E-05
diag: Memory factor                                 =  1.0000
diag: The diagonalization method chosen cannot compute a reduced number of eigenvectors.
diag: Resetting neigwanted 92 to 226

superc: Internal auxiliary supercell:    13 x     5 x     9  =     585
superc: Number of atoms, orbitals, and projectors:   5850 132210 105300


ts: **************************************************************
ts: Save H and S matrices                           =    F
ts: Save DM and EDM matrices                        =    F
ts: Only save the overlap matrix S                  =    F
ts: **************************************************************

************************ Begin: TS CHECKS AND WARNINGS ************************
************************ End: TS CHECKS AND WARNINGS **************************


                     ====================================
                        Begin CG opt. move =      0
                     ====================================

superc: Internal auxiliary supercell:    13 x     5 x     9  =     585
superc: Number of atoms, orbitals, and projectors:   5850 132210 105300

outcell: Unit cell vectors (Ang):
        2.489016    0.000000    0.000000
        0.000000   12.445079    0.000000
        0.000000    0.000000    3.520000

outcell: Cell vector modules (Ang)   :    2.489016   12.445079    3.520000
outcell: Cell angles (23,13,12) (deg):     90.0000     90.0000     90.0000
outcell: Cell volume (Ang**3)        :    109.0355
<dSpData1D:S at geom step 0
  <sparsity:sparsity for geom step 0
    nrows_g=226 nrows=12 sparsity=1.5965 nnzs=81543, refcount: 7>
  <dData1D:(new from dSpData1D) n=81543, refcount: 1>
refcount: 1>
new_DM -- step:     1
Initializing Density Matrix...
DM filled with atomic data:
<dSpData2D:DM initialized from atoms
  <sparsity:sparsity for geom step 0
    nrows_g=226 nrows=12 sparsity=1.5965 nnzs=81543, refcount: 8>
  <dData2D:DM n=81543 m=2, refcount: 1>
refcount: 1>
No. of atoms with KB's overlaping orbs in proc 0. Max # of overlaps:     206    1820

InitMesh: MESH = 30 x 144 x 40 = 172800
InitMesh: Mesh cutoff (required, used) =   300.000   356.892 Ry
New grid distribution [1]: sub = 2
New grid distribution [2]: sub = 2
New grid distribution [3]: sub = 2
Setting up quadratic distribution...

stepf: Fermi-Dirac step function

siesta: Program's energy decomposition (eV):
siesta: Ebs     =     -3805.307017
siesta: Eions   =     29598.382379
siesta: Ena     =      1271.901961
siesta: Ekin    =     17780.679853
siesta: Enl     =     -9598.671073
siesta: Eso     =         0.000000
siesta: Edftu   =         0.000000
siesta: DEna    =       107.990062
siesta: DUscf   =         4.647811
siesta: DUext   =         0.000000
siesta: Ex      =     -5345.406323
siesta: Ec      =      -330.432510
siesta: Exc     =     -5675.838834
siesta: EbV     =         0.000000
siesta: eta*DQ  =         0.000000
siesta: Emadel  =         0.000000
siesta: Emeta   =         0.000000
siesta: Emolmec =         0.000000
siesta: Ekinion =         0.000000
siesta: Eharris =    -25605.942695
siesta: Etot    =    -25707.672600
siesta: FreeEng =    -25707.688405

        iscf     Eharris(eV)        E_KS(eV)     FreeEng(eV)     dDmax    Ef(eV) dHmax(eV)
   scf:    1   -25605.942695   -25707.672600   -25707.688405 17.377320 -6.364701 11.978516
     spin moment: {S} , |S| = {        0.0        0.0   -0.00001 }    -0.00001
timer: Routine,Calls,Time,% = IterSCF        1      12.308  28.10
   scf:    2   -25698.613903   -25707.967990   -25707.976890  1.692777 -6.640395 10.059610
     spin moment: {S} , |S| = {        0.0        0.0   -0.00001 }    -0.00001
   scf:    3   -25711.300189   -25710.443871   -25710.454560  0.442039 -6.543879  2.824291
     spin moment: {S} , |S| = {        0.0        0.0    0.00000 }     0.00000
   scf:    4   -25710.874489   -25710.705314   -25710.716364  0.441204 -6.561278  1.481393
     spin moment: {S} , |S| = {        0.0        0.0    0.00001 }     0.00001
   scf:    5   -25711.244338   -25711.024383   -25711.033875  1.292358 -6.692343  1.917228
     spin moment: {S} , |S| = {        0.0        0.0   -0.00000 }    -0.00000
   scf:    6   -25710.586797   -25711.016833   -25711.027289  0.591495 -6.704243  2.965247
     spin moment: {S} , |S| = {        0.0        0.0    0.00001 }     0.00001
   scf:    7   -25710.091123   -25711.003185   -25711.010861  0.696226 -6.787008  3.462633
     spin moment: {S} , |S| = {        0.0        0.0    0.00001 }     0.00001
   scf:    8   -25711.312420   -25711.177627   -25711.186117  0.097739 -6.771600  2.204582
     spin moment: {S} , |S| = {        0.0        0.0    0.00001 }     0.00001
   scf:    9   -25710.397842   -25711.083946   -25711.095900  0.569476 -6.703059  3.008501
     spin moment: {S} , |S| = {        0.0        0.0    0.00001 }     0.00001
   scf:   10   -25711.335995   -25711.230235   -25711.242028  0.177348 -6.717145  1.710955
     spin moment: {S} , |S| = {        0.0        0.0    0.00001 }     0.00001
   scf:   11   -25711.255964   -25711.243012   -25711.254685  0.041885 -6.712838  1.606438
     spin moment: {S} , |S| = {        0.0        0.0    0.00001 }     0.00001
   scf:   12   -25711.316238   -25711.305017   -25711.316218  0.164054 -6.729678  0.131217
     spin moment: {S} , |S| = {        0.0        0.0   -0.00000 }    -0.00000
   scf:   13   -25711.306369   -25711.305780   -25711.316939  0.011991 -6.731180  0.064102
     spin moment: {S} , |S| = {        0.0        0.0    0.00001 }     0.00001
   scf:   14   -25711.308873   -25711.307253   -25711.318385  0.015583 -6.731078  0.094675
     spin moment: {S} , |S| = {        0.0        0.0   -0.00003 }    -0.00003
   scf:   15   -25711.311862   -25711.309094   -25711.320069  0.031528 -6.732163  0.112469
     spin moment: {S} , |S| = {        0.0        0.0    0.00001 }     0.00001
   scf:   16   -25711.309922   -25711.309567   -25711.320435  0.010091 -6.733182  0.038071
     spin moment: {S} , |S| = {        0.0        0.0    0.00000 }     0.00000
   scf:   17   -25711.310063   -25711.309850   -25711.320609  0.011256 -6.734570  0.059506
     spin moment: {S} , |S| = {        0.0        0.0    0.00000 }     0.00000
   scf:   18   -25711.309806   -25711.309874   -25711.320734  0.009684 -6.733998  0.024876
     spin moment: {S} , |S| = {        0.0        0.0    0.00000 }     0.00000
   scf:   19   -25711.309942   -25711.309913   -25711.320746  0.002329 -6.734361  0.005014
     spin moment: {S} , |S| = {        0.0        0.0    0.00000 }     0.00000
   scf:   20   -25711.309921   -25711.309917   -25711.320749  0.000765 -6.734459  0.005496
     spin moment: {S} , |S| = {        0.0        0.0    0.00000 }     0.00000
   scf:   21   -25711.309923   -25711.309919   -25711.320758  0.001492 -6.734582  0.005270
     spin moment: {S} , |S| = {        0.0        0.0    0.00000 }     0.00000
   scf:   22   -25711.309936   -25711.309927   -25711.320763  0.001471 -6.734721  0.003451
     spin moment: {S} , |S| = {        0.0        0.0    0.00000 }     0.00000
   scf:   23   -25711.309938   -25711.309932   -25711.320765  0.000525 -6.734754  0.001566
     spin moment: {S} , |S| = {        0.0        0.0    0.00000 }     0.00000
   scf:   24   -25711.309935   -25711.309933   -25711.320766  0.000491 -6.734736  0.001096
     spin moment: {S} , |S| = {        0.0        0.0    0.00000 }     0.00000

SCF Convergence by DM criterion
max |DM_out - DM_in|         :     0.0004912317
max |H_out - H_in|      (eV) :     0.0010955045
SCF cycle converged after 24 iterations

Using DM_out to compute the final energy and forces
No. of atoms with KB's overlaping orbs in proc 0. Max # of overlaps:     206    1820

siesta: E_KS(eV) =           -25711.3099

siesta: E_KS - E_eggbox =    -25711.3099

siesta: Atomic forces (eV/Ang):
     1   -0.000000   -0.256717   -0.000000
     2   -0.000000    0.154072    0.000000
     3    0.000000    1.158101    0.000000
     4    0.000000   -3.640323    0.000000
     5   -0.000000   -0.153530   -0.000000
     6    0.000000    0.256797   -0.000000
     7   -0.000000    3.641409    0.000000
     8   -0.000000   -1.156791   -0.000000
     9   -0.000000   -0.471481   -0.000000
    10    0.000000    0.471285   -0.000000
----------------------------------------
   Tot   -0.000000    0.002822   -0.000000
----------------------------------------
   Max    3.641409
   Res    0.996907    sqrt( Sum f_i^2 / 3N )
----------------------------------------
   Max    3.641409    constrained

Stress tensor Voigt[x,y,z,yz,xz,xy] (kbar):     -764.64     -611.40     -728.74        0.00        0.00        0.00
(Free)E + p*V (eV/cell)   -25663.5742
Target enthalpy (eV/cell)   -25711.3208

siesta: Stress tensor (static) (eV/Ang**3):
        -0.477249   -0.000000   -0.000000
         0.000000   -0.381605    0.000000
         0.000000    0.000000   -0.454845

siesta: Pressure (static):        701.59245191  kBar

siesta: Stress tensor (total) (eV/Ang**3):
        -0.477249   -0.000000   -0.000000
         0.000000   -0.381605    0.000000
         0.000000    0.000000   -0.454845

siesta: Pressure (total):        701.59245191  kBar

cgvc: No target stress found, assuming hydrostatic MD.TargetPressure.

cgvc: Target stress (kBar)
cgvc:        -0.000       0.000       0.000
cgvc:         0.000      -0.000       0.000
cgvc:         0.000       0.000      -0.000

                     ====================================
                        Begin CG opt. move =      1
                     ====================================
k-point displ. along   1 input, could be:     0.00    0.50
k-point displ. along   2 input, could be:     0.00    0.50
k-point displ. along   3 input, could be:     0.00    0.50
 Kpoints in:           32 . Kpoints trimmed:           31

siesta: k-grid: Number of k-points = 31
siesta: k-points from Monkhorst-Pack grid
siesta: k-cutoff (effective) =     7.125 Ang
siesta: k-point supercell and displacements
siesta: k-grid:     6     0     0      0.000
siesta: k-grid:     0     2     0      0.000
siesta: k-grid:     0     0     4      0.000

superc: Internal auxiliary supercell:    13 x     5 x     9  =     585
superc: Number of atoms, orbitals, and projectors:   5850 132210 105300

outcell: Unit cell vectors (Ang):
        2.520373    0.000000    0.000000
        0.000000   12.570445   -0.000000
        0.000000   -0.000000    3.562264

outcell: Cell vector modules (Ang)   :    2.520373   12.570445    3.562264
outcell: Cell angles (23,13,12) (deg):     90.0000     90.0000     90.0000
outcell: Cell volume (Ang**3)        :    112.8604
<dSpData1D:S at geom step 1
  <sparsity:sparsity for geom step 1
    nrows_g=226 nrows=12 sparsity=1.5342 nnzs=78359, refcount: 7>
  <dData1D:(new from dSpData1D) n=78359, refcount: 1>
refcount: 1>
new_DM -- step:     2
Re-using DM from previous geometries...
Number of DMs in history: 1
 DM extrapolation coefficients: 
1   1.00000
New DM after history re-use:
<dSpData2D:SpM extrapolated using coords
  <sparsity:sparsity for geom step 1
    nrows_g=226 nrows=12 sparsity=1.5342 nnzs=78359, refcount: 9>
  <dData2D:(temp array for extrapolation) n=78359 m=2, refcount: 1>
refcount: 1>
Note: For starting DM, Qtot, Tr[D*S] =        140.00000000        140.46187156
No. of atoms with KB's overlaping orbs in proc 0. Max # of overlaps:     188    1676

InitMesh: MESH = 30 x 144 x 40 = 172800
InitMesh: Mesh cutoff (required, used) =   300.000   348.473 Ry
New grid distribution [1]: sub = 2
New grid distribution [2]: sub = 2
New grid distribution [3]: sub = 2
Setting up quadratic distribution...

        iscf     Eharris(eV)        E_KS(eV)     FreeEng(eV)     dDmax    Ef(eV) dHmax(eV)
   scf:    1   -25318.652298   -25580.704606   -25580.717070  5.905912 -6.975741 68.806974
     spin moment: {S} , |S| = {        0.0        0.0    0.00000 }     0.00000
   scf:    2    79713.940379     8575.924404     8575.887485********** -5.216206977.547169
     spin moment: {S} , |S| = {        0.0        0.0   -0.00004 }    -0.00004
   scf:    3   -28973.377040   -25666.652355   -25666.664984********** -6.085505 44.322641
     spin moment: {S} , |S| = {        0.0        0.0    0.00000 }     0.00000
   scf:    4   -25717.545252   -25712.687084   -25712.699871  2.789623 -6.625180  2.335857
     spin moment: {S} , |S| = {        0.0        0.0    0.00000 }     0.00000
   scf:    5   -25709.880793   -25711.635360   -25711.650161  0.368011 -6.567036  7.527336
     spin moment: {S} , |S| = {        0.0        0.0   -0.00001 }    -0.00001
   scf:    6   -25713.395150   -25712.941369   -25712.953227  0.583580 -6.655962  1.342471
     spin moment: {S} , |S| = {        0.0        0.0   -0.00000 }    -0.00000
   scf:    7   -25711.739481   -25712.647281   -25712.657083  0.397420 -6.733685  3.867684
     spin moment: {S} , |S| = {        0.0        0.0   -0.00000 }    -0.00000
   scf:    8   -25711.742451   -25712.236785   -25712.247156  0.173799 -6.753110  5.786508
     spin moment: {S} , |S| = {        0.0        0.0    0.00000 }     0.00000
   scf:    9   -25713.230857   -25713.003981   -25713.014215  0.263960 -6.679139  0.929453
     spin moment: {S} , |S| = {        0.0        0.0   -0.00000 }    -0.00000
   scf:   10   -25712.334285   -25712.828625   -25712.841851  0.251735 -6.616498  2.861450
     spin moment: {S} , |S| = {        0.0        0.0    0.00000 }     0.00000
   scf:   11   -25713.047429   -25712.953140   -25712.965358  0.075976 -6.634363  1.700049
     spin moment: {S} , |S| = {        0.0        0.0   -0.00000 }    -0.00000
   scf:   12   -25712.986135   -25713.019800   -25713.030490  0.127213 -6.667877  0.392424
     spin moment: {S} , |S| = {        0.0        0.0   -0.00000 }    -0.00000
   scf:   13   -25713.020911   -25713.022957   -25713.034015  0.030733 -6.659767  0.091247
     spin moment: {S} , |S| = {        0.0        0.0   -0.00000 }    -0.00000
   scf:   14   -25713.022161   -25713.022600   -25713.033726  0.007226 -6.659280  0.145395
     spin moment: {S} , |S| = {        0.0        0.0   -0.00000 }    -0.00000
   scf:   15   -25713.023389   -25713.023135   -25713.034180  0.007537 -6.661225  0.031646
     spin moment: {S} , |S| = {        0.0        0.0   -0.00000 }    -0.00000
   scf:   16   -25713.023103   -25713.023173   -25713.034171  0.003815 -6.662456  0.038038
     spin moment: {S} , |S| = {        0.0        0.0   -0.00000 }    -0.00000
   scf:   17   -25713.023139   -25713.023174   -25713.034205  0.002451 -6.661983  0.002572
     spin moment: {S} , |S| = {        0.0        0.0   -0.00000 }    -0.00000
   scf:   18   -25713.023135   -25713.023156   -25713.034199  0.001152 -6.661832  0.015887
     spin moment: {S} , |S| = {        0.0        0.0   -0.00000 }    -0.00000
   scf:   19   -25713.023186   -25713.023174   -25713.034205  0.000939 -6.662100  0.000767
     spin moment: {S} , |S| = {        0.0        0.0   -0.00000 }    -0.00000
   scf:   20   -25713.023175   -25713.023174   -25713.034205  0.000066 -6.662116  0.000704
     spin moment: {S} , |S| = {        0.0        0.0   -0.00000 }    -0.00000

SCF Convergence by DM criterion
max |DM_out - DM_in|         :     0.0000661510
max |H_out - H_in|      (eV) :     0.0007044595
SCF cycle converged after 20 iterations

Using DM_out to compute the final energy and forces
No. of atoms with KB's overlaping orbs in proc 0. Max # of overlaps:     188    1676

siesta: E_KS(eV) =           -25713.0232

siesta: Atomic forces (eV/Ang):
     1    0.000000   -0.336003   -0.000000
     2   -0.000000    0.138904   -0.000000
     3    0.000000    1.070910   -0.000000
     4   -0.000000   -3.267100    0.000000
     5   -0.000000   -0.138518    0.000000
     6   -0.000000    0.334893    0.000000
     7   -0.000000    3.266709    0.000000
     8    0.000000   -1.073025   -0.000000
     9    0.000000   -0.444973    0.000000
    10   -0.000000    0.445691    0.000000
----------------------------------------
   Tot   -0.000000   -0.002512    0.000000
----------------------------------------
   Max    3.267100
   Res    0.900069    sqrt( Sum f_i^2 / 3N )
----------------------------------------
   Max    3.267100    constrained

Stress tensor Voigt[x,y,z,yz,xz,xy] (kbar):     -644.72     -505.85     -601.96        0.00        0.00        0.00
(Free)E + p*V (eV/cell)   -25671.8836
Target enthalpy (eV/cell)   -25713.0342

siesta: Stress tensor (static) (eV/Ang**3):
        -0.402403    0.000000    0.000000
         0.000000   -0.315728    0.000000
         0.000000    0.000000   -0.375714

siesta: Pressure (static):        584.17796750  kBar

siesta: Stress tensor (total) (eV/Ang**3):
        -0.402403    0.000000    0.000000
         0.000000   -0.315728    0.000000
         0.000000    0.000000   -0.375714

siesta: Pressure (total):        584.17796750  kBar

                     ====================================
                        Begin CG opt. move =      2
                     ====================================
k-point displ. along   1 input, could be:     0.00    0.50
k-point displ. along   2 input, could be:     0.00    0.50
k-point displ. along   3 input, could be:     0.00    0.50
 Kpoints in:           32 . Kpoints trimmed:           31

siesta: k-grid: Number of k-points = 31
siesta: k-points from Monkhorst-Pack grid
siesta: k-cutoff (effective) =     7.260 Ang
siesta: k-point supercell and displacements
siesta: k-grid:     6     0     0      0.000
siesta: k-grid:     0     2     0      0.000
siesta: k-grid:     0     0     4      0.000

superc: Internal auxiliary supercell:    13 x     5 x     9  =     585
superc: Number of atoms, orbitals, and projectors:   5850 132210 105300

outcell: Unit cell vectors (Ang):
        2.570545    0.000000    0.000000
        0.000000   12.771029   -0.000000
        0.000000   -0.000000    3.629887

outcell: Cell vector modules (Ang)   :    2.570545   12.771029    3.629887
outcell: Cell angles (23,13,12) (deg):     90.0000     90.0000     90.0000
outcell: Cell volume (Ang**3)        :    119.1638
<dSpData1D:S at geom step 2
  <sparsity:sparsity for geom step 2
    nrows_g=226 nrows=12 sparsity=1.5019 nnzs=76713, refcount: 7>
  <dData1D:(new from dSpData1D) n=76713, refcount: 1>
refcount: 1>
new_DM -- step:     3
Re-using DM from previous geometries...
Number of DMs in history: 1
 DM extrapolation coefficients: 
1   1.00000
New DM after history re-use:
<dSpData2D:SpM extrapolated using coords
  <sparsity:sparsity for geom step 2
    nrows_g=226 nrows=12 sparsity=1.5019 nnzs=76713, refcount: 9>
  <dData2D:(temp array for extrapolation) n=76713 m=2, refcount: 1>
refcount: 1>
Note: For starting DM, Qtot, Tr[D*S] =        140.00000000        140.78730118
No. of atoms with KB's overlaping orbs in proc 0. Max # of overlaps:     188    1646

InitMesh: MESH = 30 x 144 x 40 = 172800
InitMesh: Mesh cutoff (required, used) =   300.000   335.611 Ry
New grid distribution [1]: sub = 2
New grid distribution [2]: sub = 2
New grid distribution [3]: sub = 2
Setting up quadratic distribution...

        iscf     Eharris(eV)        E_KS(eV)     FreeEng(eV)     dDmax    Ef(eV) dHmax(eV)
   scf:    1   -24592.758024   -25342.575138   -25342.579300  5.862181 -6.978124111.393710
     spin moment: {S} , |S| = {        0.0        0.0    0.00000 }     0.00000
   scf:    2   177360.036476    40017.812677    40017.805880**********-11.269153**********
     spin moment: {S} , |S| = {        0.0        0.0    0.00000 }     0.00000
   scf:    3   -36042.230922   -25421.891289   -25421.912354********** -5.383930106.945766
     spin moment: {S} , |S| = {        0.0        0.0   -0.00000 }    -0.00000
   scf:    4   -25806.719113   -25699.901940   -25699.915461  5.978463 -6.362356 23.412626
     spin moment: {S} , |S| = {        0.0        0.0   -0.00000 }    -0.00000
   scf:    5   -25719.401460   -25714.517666   -25714.532195  1.405768 -6.578140  4.646285
     spin moment: {S} , |S| = {        0.0        0.0   -0.00000 }    -0.00000
   scf:    6   -25714.436290   -25714.477299   -25714.491942  0.020499 -6.576660  4.759572
     spin moment: {S} , |S| = {        0.0        0.0   -0.00000 }    -0.00000
   scf:    7   -25714.494137   -25714.485929   -25714.500669  0.022850 -6.574003  4.690385
     spin moment: {S} , |S| = {        0.0        0.0   -0.00000 }    -0.00000
   scf:    8   -25714.083172   -25714.384637   -25714.399945  0.576005 -6.515152  5.750472
     spin moment: {S} , |S| = {        0.0        0.0   -0.00000 }    -0.00000
   scf:    9   -25714.653706   -25714.541945   -25714.557265  0.198881 -6.495925  5.352291
     spin moment: {S} , |S| = {        0.0        0.0   -0.00000 }    -0.00000
   scf:   10   -25714.741005   -25714.650561   -25714.666001  0.182149 -6.508617  4.895301
     spin moment: {S} , |S| = {        0.0        0.0   -0.00000 }    -0.00000
   scf:   11   -25715.439773   -25715.182706   -25715.195174  0.642407 -6.541958  1.529988
     spin moment: {S} , |S| = {        0.0        0.0   -0.00000 }    -0.00000
   scf:   12   -25715.228447   -25715.242382   -25715.253922  0.123645 -6.565154  0.233772
     spin moment: {S} , |S| = {        0.0        0.0   -0.00000 }    -0.00000
   scf:   13   -25715.245113   -25715.244093   -25715.255743  0.016191 -6.563139  0.101503
     spin moment: {S} , |S| = {        0.0        0.0   -0.00000 }    -0.00000
   scf:   14   -25715.244852   -25715.244651   -25715.256394  0.028412 -6.560300  0.052303
     spin moment: {S} , |S| = {        0.0        0.0   -0.00000 }    -0.00000
   scf:   15   -25715.243050   -25715.244304   -25715.256038  0.015577 -6.563123  0.152207
     spin moment: {S} , |S| = {        0.0        0.0   -0.00000 }    -0.00000
   scf:   16   -25715.244747   -25715.244781   -25715.256584  0.009472 -6.561238  0.004672
     spin moment: {S} , |S| = {        0.0        0.0   -0.00000 }    -0.00000
   scf:   17   -25715.244793   -25715.244787   -25715.256588  0.001680 -6.561523  0.004210
     spin moment: {S} , |S| = {        0.0        0.0   -0.00000 }    -0.00000
   scf:   18   -25715.244781   -25715.244786   -25715.256588  0.002322 -6.561767  0.008403
     spin moment: {S} , |S| = {        0.0        0.0   -0.00000 }    -0.00000
   scf:   19   -25715.244795   -25715.244791   -25715.256590  0.000510 -6.561950  0.002283
     spin moment: {S} , |S| = {        0.0        0.0   -0.00000 }    -0.00000
   scf:   20   -25715.244794   -25715.244793   -25715.256590  0.000805 -6.562044  0.001608
     spin moment: {S} , |S| = {        0.0        0.0   -0.00000 }    -0.00000
   scf:   21   -25715.244794   -25715.244793   -25715.256590  0.000145 -6.562103  0.001241
     spin moment: {S} , |S| = {        0.0        0.0   -0.00000 }    -0.00000

SCF Convergence by DM criterion
max |DM_out - DM_in|         :     0.0001454072
max |H_out - H_in|      (eV) :     0.0012407773
SCF cycle converged after 21 iterations

Using DM_out to compute the final energy and forces
No. of atoms with KB's overlaping orbs in proc 0. Max # of overlaps:     188    1646

siesta: E_KS(eV) =           -25715.2448

siesta: Atomic forces (eV/Ang):
     1    0.000000   -0.429412   -0.000000
     2    0.000000    0.139476    0.000000
     3   -0.000000    0.906861   -0.000000
     4   -0.000000   -2.699258    0.000000
     5    0.000000   -0.139861    0.000000
     6   -0.000000    0.430248   -0.000000
     7    0.000000    2.698674    0.000000
     8   -0.000000   -0.907873    0.000000
     9   -0.000000   -0.306895    0.000000
    10    0.000000    0.306086    0.000000
----------------------------------------
   Tot    0.000000   -0.001957    0.000000
----------------------------------------
   Max    2.699258
   Res    0.748596    sqrt( Sum f_i^2 / 3N )
----------------------------------------
   Max    2.699258    constrained

Stress tensor Voigt[x,y,z,yz,xz,xy] (kbar):     -474.94     -361.54     -428.32       -0.00       -0.00       -0.00
(Free)E + p*V (eV/cell)   -25683.8996
Target enthalpy (eV/cell)   -25715.2566

siesta: Stress tensor (static) (eV/Ang**3):
        -0.296437   -0.000000   -0.000000
        -0.000000   -0.225653   -0.000000
        -0.000000   -0.000000   -0.267335

siesta: Pressure (static):        421.59970004  kBar

siesta: Stress tensor (total) (eV/Ang**3):
        -0.296437   -0.000000   -0.000000
        -0.000000   -0.225653   -0.000000
        -0.000000   -0.000000   -0.267335

siesta: Pressure (total):        421.59970004  kBar

                     ====================================
                        Begin CG opt. move =      3
                     ====================================
k-point displ. along   1 input, could be:     0.00    0.50
k-point displ. along   2 input, could be:     0.00    0.50
k-point displ. along   3 input, could be:     0.00    0.50
 Kpoints in:           32 . Kpoints trimmed:           31

siesta: k-grid: Number of k-points = 31
siesta: k-points from Monkhorst-Pack grid
siesta: k-cutoff (effective) =     7.402 Ang
siesta: k-point supercell and displacements
siesta: k-grid:     6     0     0      0.000
siesta: k-grid:     0     2     0      0.000
siesta: k-grid:     0     0     4      0.000

superc: Internal auxiliary supercell:    13 x     5 x     9  =     585
superc: Number of atoms, orbitals, and projectors:   5850 132210 105300

outcell: Unit cell vectors (Ang):
        2.623230    0.000000    0.000000
        0.000000   12.981663   -0.000000
        0.000000   -0.000000    3.700897

outcell: Cell vector modules (Ang)   :    2.623230   12.981663    3.700897
outcell: Cell angles (23,13,12) (deg):     90.0000     90.0000     90.0000
outcell: Cell volume (Ang**3)        :    126.0299
<dSpData1D:S at geom step 3
  <sparsity:sparsity for geom step 3
    nrows_g=226 nrows=12 sparsity=1.4032 nnzs=71668, refcount: 7>
  <dData1D:(new from dSpData1D) n=71668, refcount: 1>
refcount: 1>
new_DM -- step:     4
Re-using DM from previous geometries...
Number of DMs in history: 1
 DM extrapolation coefficients: 
1   1.00000
New DM after history re-use:
<dSpData2D:SpM extrapolated using coords
  <sparsity:sparsity for geom step 3
    nrows_g=226 nrows=12 sparsity=1.4032 nnzs=71668, refcount: 9>
  <dData2D:(temp array for extrapolation) n=71668 m=2, refcount: 1>
refcount: 1>
Note: For starting DM, Qtot, Tr[D*S] =        140.00000000        140.86656581
No. of atoms with KB's overlaping orbs in proc 0. Max # of overlaps:     174    1582

InitMesh: MESH = 30 x 144 x 40 = 172800
InitMesh: Mesh cutoff (required, used) =   300.000   322.855 Ry
New grid distribution [1]: sub = 2
New grid distribution [2]: sub = 2
New grid distribution [3]: sub = 2
Setting up quadratic distribution...

        iscf     Eharris(eV)        E_KS(eV)     FreeEng(eV)     dDmax    Ef(eV) dHmax(eV)
   scf:    1   -24295.029667   -25246.016324   -25246.018625  7.294345 -6.912765123.619612
     spin moment: {S} , |S| = {        0.0        0.0   -0.00000 }    -0.00000
   scf:    2   181224.024008    40910.289308    40910.284186**********-16.369870**********
     spin moment: {S} , |S| = {        0.0        0.0   -0.00000 }    -0.00000
   scf:    3   -39657.569192   -24967.763247   -24967.789542********** -4.619776169.052085
     spin moment: {S} , |S| = {        0.0        0.0   -0.00000 }    -0.00000
   scf:    4   -25954.758795   -25673.562796   -25673.574824  7.914953 -6.139227 39.098309
     spin moment: {S} , |S| = {        0.0        0.0   -0.00000 }    -0.00000
   scf:    5   -25722.686004   -25716.395583   -25716.410583  2.470296 -6.534657  4.185067
     spin moment: {S} , |S| = {        0.0        0.0   -0.00000 }    -0.00000
   scf:    6   -25715.849693   -25716.145799   -25716.161682  0.114790 -6.526493  5.077070
     spin moment: {S} , |S| = {        0.0        0.0   -0.00000 }    -0.00000
   scf:    7   -25716.045455   -25716.097586   -25716.113698  0.036828 -6.522433  5.194898
     spin moment: {S} , |S| = {        0.0        0.0   -0.00000 }    -0.00000
   scf:    8   -25714.637565   -25715.557059   -25715.571911  0.262667 -6.446529  6.723284
     spin moment: {S} , |S| = {        0.0        0.0   -0.00000 }    -0.00000
   scf:    9   -25714.606866   -25715.144312   -25715.158859  0.173012 -6.386111  8.430042
     spin moment: {S} , |S| = {        0.0        0.0    0.00000 }     0.00000
   scf:   10   -25713.387442   -25714.309899   -25714.324265  0.116225 -6.345494 10.388877
     spin moment: {S} , |S| = {        0.0        0.0   -0.00000 }    -0.00000
   scf:   11   -25717.800019   -25716.735233   -25716.751542  0.737762 -6.435346  2.955774
     spin moment: {S} , |S| = {        0.0        0.0   -0.00000 }    -0.00000
   scf:   12   -25716.852011   -25716.972481   -25716.986261  0.285410 -6.463796  0.741425
     spin moment: {S} , |S| = {        0.0        0.0   -0.00000 }    -0.00000
   scf:   13   -25716.979655   -25716.988216   -25717.003169  0.143395 -6.462638  0.173835
     spin moment: {S} , |S| = {        0.0        0.0   -0.00000 }    -0.00000
   scf:   14   -25716.987508   -25716.987915   -25717.002924  0.008252 -6.461129  0.231406
     spin moment: {S} , |S| = {        0.0        0.0   -0.00000 }    -0.00000
   scf:   15   -25716.990564   -25716.990080   -25717.004994  0.054997 -6.460678  0.015023
     spin moment: {S} , |S| = {        0.0        0.0   -0.00000 }    -0.00000
   scf:   16   -25716.990098   -25716.990096   -25717.005002  0.006731 -6.460693  0.010508
     spin moment: {S} , |S| = {        0.0        0.0   -0.00000 }    -0.00000
   scf:   17   -25716.990059   -25716.990083   -25717.005016  0.004678 -6.461315  0.008417
     spin moment: {S} , |S| = {        0.0        0.0   -0.00000 }    -0.00000
   scf:   18   -25716.990086   -25716.990085   -25717.005016  0.000877 -6.461480  0.005767
     spin moment: {S} , |S| = {        0.0        0.0   -0.00000 }    -0.00000
   scf:   19   -25716.990091   -25716.990089   -25717.005020  0.003167 -6.461833  0.002629
     spin moment: {S} , |S| = {        0.0        0.0   -0.00000 }    -0.00000
   scf:   20   -25716.990093   -25716.990091   -25717.005020  0.000347 -6.461895  0.002528
     spin moment: {S} , |S| = {        0.0        0.0   -0.00000 }    -0.00000

SCF Convergence by DM criterion
max |DM_out - DM_in|         :     0.0003471714
max |H_out - H_in|      (eV) :     0.0025275896
SCF cycle converged after 20 iterations

Using DM_out to compute the final energy and forces
No. of atoms with KB's overlaping orbs in proc 0. Max # of overlaps:     174    1582

siesta: E_KS(eV) =           -25716.9901

siesta: Atomic forces (eV/Ang):
     1   -0.000000   -0.494242    0.000000
     2    0.000000    0.097362   -0.000000
     3    0.000000    0.825463    0.000000
     4    0.000000   -2.307546    0.000000
     5    0.000000   -0.097459    0.000000
     6   -0.000000    0.493967    0.000000
     7    0.000000    2.307902    0.000000
     8    0.000000   -0.824722   -0.000000
     9   -0.000000   -0.303959   -0.000000
    10   -0.000000    0.299908    0.000000
----------------------------------------
   Tot    0.000000   -0.003326    0.000000
----------------------------------------
   Max    2.307902
   Res    0.650700    sqrt( Sum f_i^2 / 3N )
----------------------------------------
   Max    2.307902    constrained

Stress tensor Voigt[x,y,z,yz,xz,xy] (kbar):     -319.53     -238.70     -306.68        0.00        0.00       -0.00
(Free)E + p*V (eV/cell)   -25694.3267
Target enthalpy (eV/cell)   -25717.0050

siesta: Stress tensor (static) (eV/Ang**3):
        -0.199435   -0.000000    0.000000
        -0.000000   -0.148985    0.000000
         0.000000    0.000000   -0.191412

siesta: Pressure (static):        288.30241816  kBar

siesta: Stress tensor (total) (eV/Ang**3):
        -0.199435   -0.000000    0.000000
        -0.000000   -0.148985    0.000000
         0.000000    0.000000   -0.191412

siesta: Pressure (total):        288.30241816  kBar

                     ====================================
                        Begin CG opt. move =      4
                     ====================================
k-point displ. along   1 input, could be:     0.00    0.50
k-point displ. along   2 input, could be:     0.00    0.50
k-point displ. along   3 input, could be:     0.00    0.50
 Kpoints in:           32 . Kpoints trimmed:           31

siesta: k-grid: Number of k-points = 31
siesta: k-points from Monkhorst-Pack grid
siesta: k-cutoff (effective) =     7.544 Ang
siesta: k-point supercell and displacements
siesta: k-grid:     6     0     0      0.000
siesta: k-grid:     0     2     0      0.000
siesta: k-grid:     0     0     4      0.000

superc: Internal auxiliary supercell:    11 x     5 x     9  =     495
superc: Number of atoms, orbitals, and projectors:   4950 111870  89100

outcell: Unit cell vectors (Ang):
        2.675915    0.000000    0.000000
        0.000000   13.192297   -0.000000
        0.000000   -0.000000    3.771908

outcell: Cell vector modules (Ang)   :    2.675915   13.192297    3.771908
outcell: Cell angles (23,13,12) (deg):     90.0000     90.0000     90.0000
outcell: Cell volume (Ang**3)        :    133.1539
<dSpData1D:S at geom step 4
  <sparsity:sparsity for geom step 4
    nrows_g=226 nrows=12 sparsity=1.2906 nnzs=65920, refcount: 7>
  <dData1D:(new from dSpData1D) n=65920, refcount: 1>
refcount: 1>
new_DM -- step:     5
Re-using DM from previous geometries...
Number of DMs in history: 1
 DM extrapolation coefficients: 
1   1.00000
New DM after history re-use:
<dSpData2D:SpM extrapolated using coords
  <sparsity:sparsity for geom step 4
    nrows_g=226 nrows=12 sparsity=1.2906 nnzs=65920, refcount: 9>
  <dData2D:(temp array for extrapolation) n=65920 m=2, refcount: 1>
refcount: 1>
Note: For starting DM, Qtot, Tr[D*S] =        140.00000000        140.80684560
No. of atoms with KB's overlaping orbs in proc 0. Max # of overlaps:     152    1435

InitMesh: MESH = 30 x 144 x 40 = 172800
InitMesh: Mesh cutoff (required, used) =   300.000   310.813 Ry
New grid distribution [1]: sub = 2
New grid distribution [2]: sub = 2
New grid distribution [3]: sub = 2
Setting up quadratic distribution...

        iscf     Eharris(eV)        E_KS(eV)     FreeEng(eV)     dDmax    Ef(eV) dHmax(eV)
   scf:    1   -24385.204289   -25276.319598   -25276.323804  6.337249 -6.808858118.594414
     spin moment: {S} , |S| = {        0.0        0.0    0.00000 }     0.00000
   scf:    2   178503.528344    40105.602460    40105.594895**********-16.301466**********
     spin moment: {S} , |S| = {        0.0        0.0   -0.00000 }    -0.00000
   scf:    3   -39300.094114   -25005.395552   -25005.422763********** -4.590116164.118832
     spin moment: {S} , |S| = {        0.0        0.0   -0.00000 }    -0.00000
   scf:    4   -25957.208405   -25659.976777   -25659.992288  6.299398 -5.932795 45.557581
     spin moment: {S} , |S| = {        0.0        0.0   -0.00000 }    -0.00000
   scf:    5   -25733.918439   -25716.051711   -25716.067639  2.330569 -6.368341  7.614219
     spin moment: {S} , |S| = {        0.0        0.0   -0.00000 }    -0.00000
   scf:    6   -25717.559505   -25716.860524   -25716.875664  0.117406 -6.385226  6.275320
     spin moment: {S} , |S| = {        0.0        0.0   -0.00000 }    -0.00000
   scf:    7   -25716.618476   -25716.741938   -25716.757456  0.025108 -6.380353  6.449616
     spin moment: {S} , |S| = {        0.0        0.0   -0.00000 }    -0.00000
   scf:    8   -25715.490602   -25716.203957   -25716.219170  0.141320 -6.335829  7.897812
     spin moment: {S} , |S| = {        0.0        0.0   -0.00000 }    -0.00000
   scf:    9   -25716.945639   -25716.646931   -25716.661703  0.157564 -6.302754  7.761259
     spin moment: {S} , |S| = {        0.0        0.0   -0.00000 }    -0.00000
   scf:   10   -25715.691150   -25716.189899   -25716.204295  0.090625 -6.263470  9.091340
     spin moment: {S} , |S| = {        0.0        0.0   -0.00000 }    -0.00000
   scf:   11   -25718.861668   -25717.976120   -25717.989116  0.319230 -6.325912  3.160214
     spin moment: {S} , |S| = {        0.0        0.0    0.00000 }     0.00000
   scf:   12   -25718.211571   -25718.254698   -25718.264938  0.153318 -6.369272  0.392496
     spin moment: {S} , |S| = {        0.0        0.0   -0.00000 }    -0.00000
   scf:   13   -25718.254530   -25718.255235   -25718.265548  0.039861 -6.369793  0.509350
     spin moment: {S} , |S| = {        0.0        0.0   -0.00000 }    -0.00000
   scf:   14   -25718.253457   -25718.260327   -25718.271327  0.035546 -6.359914  0.205613
     spin moment: {S} , |S| = {        0.0        0.0   -0.00000 }    -0.00000
   scf:   15   -25718.259877   -25718.260157   -25718.271277  0.018937 -6.360055  0.237730
     spin moment: {S} , |S| = {        0.0        0.0   -0.00000 }    -0.00000
   scf:   16   -25718.260755   -25718.261653   -25718.272435  0.011671 -6.364514  0.086780
     spin moment: {S} , |S| = {        0.0        0.0   -0.00000 }    -0.00000
   scf:   17   -25718.261581   -25718.261730   -25718.272613  0.004130 -6.363307  0.013800
     spin moment: {S} , |S| = {        0.0        0.0   -0.00000 }    -0.00000
   scf:   18   -25718.261744   -25718.261738   -25718.272623  0.002223 -6.363926  0.008653
     spin moment: {S} , |S| = {        0.0        0.0   -0.00000 }    -0.00000
   scf:   19   -25718.261745   -25718.261742   -25718.272626  0.002083 -6.364297  0.003203
     spin moment: {S} , |S| = {        0.0        0.0   -0.00000 }    -0.00000
   scf:   20   -25718.261749   -25718.261746   -25718.272626  0.000156 -6.364376  0.001983
     spin moment: {S} , |S| = {        0.0        0.0   -0.00000 }    -0.00000

SCF Convergence by DM criterion
max |DM_out - DM_in|         :     0.0001556565
max |H_out - H_in|      (eV) :     0.0019834064
SCF cycle converged after 20 iterations

Using DM_out to compute the final energy and forces
No. of atoms with KB's overlaping orbs in proc 0. Max # of overlaps:     152    1435

siesta: E_KS(eV) =           -25718.2617

siesta: Atomic forces (eV/Ang):
     1    0.000000   -0.503574    0.000000
     2    0.000000    0.104990   -0.000000
     3    0.000000    0.744883    0.000000
     4   -0.000000   -1.929926   -0.000000
     5    0.000000   -0.105028    0.000000
     6   -0.000000    0.503703    0.000000
     7    0.000000    1.930104   -0.000000
     8   -0.000000   -0.746704   -0.000000
     9   -0.000000   -0.289181   -0.000000
    10   -0.000000    0.291611   -0.000000
----------------------------------------
   Tot    0.000000    0.000878   -0.000000
----------------------------------------
   Max    1.930104
   Res    0.555588    sqrt( Sum f_i^2 / 3N )
----------------------------------------
   Max    1.930104    constrained

Stress tensor Voigt[x,y,z,yz,xz,xy] (kbar):     -212.61     -146.92     -216.24        0.00       -0.00       -0.00
(Free)E + p*V (eV/cell)   -25702.3223
Target enthalpy (eV/cell)   -25718.2726

siesta: Stress tensor (static) (eV/Ang**3):
        -0.132698    0.000000   -0.000000
        -0.000000   -0.091699    0.000000
        -0.000000    0.000000   -0.134968

siesta: Pressure (static):        191.92200906  kBar

siesta: Stress tensor (total) (eV/Ang**3):
        -0.132698    0.000000   -0.000000
        -0.000000   -0.091699    0.000000
        -0.000000    0.000000   -0.134968

siesta: Pressure (total):        191.92200906  kBar

                     ====================================
                        Begin CG opt. move =      5
                     ====================================
k-point displ. along   1 input, could be:     0.00    0.50
k-point displ. along   2 input, could be:     0.00    0.50
k-point displ. along   3 input, could be:     0.00    0.50
 Kpoints in:           32 . Kpoints trimmed:           31

siesta: k-grid: Number of k-points = 31
siesta: k-points from Monkhorst-Pack grid
siesta: k-cutoff (effective) =     7.686 Ang
siesta: k-point supercell and displacements
siesta: k-grid:     6     0     0      0.000
siesta: k-grid:     0     2     0      0.000
siesta: k-grid:     0     0     4      0.000

superc: Internal auxiliary supercell:    11 x     3 x     9  =     297
superc: Number of atoms, orbitals, and projectors:   2970  67122  53460

outcell: Unit cell vectors (Ang):
        2.728600    0.000000    0.000000
        0.000000   13.402930   -0.000000
        0.000000   -0.000000    3.842918

outcell: Cell vector modules (Ang)   :    2.728600   13.402930    3.842918
outcell: Cell angles (23,13,12) (deg):     90.0000     90.0000     90.0000
outcell: Cell volume (Ang**3)        :    140.5403
<dSpData1D:S at geom step 5
  <sparsity:sparsity for geom step 5
    nrows_g=226 nrows=12 sparsity=1.2106 nnzs=61835, refcount: 7>
  <dData1D:(new from dSpData1D) n=61835, refcount: 1>
refcount: 1>
new_DM -- step:     6
Re-using DM from previous geometries...
Number of DMs in history: 1
 DM extrapolation coefficients: 
1   1.00000
New DM after history re-use:
<dSpData2D:SpM extrapolated using coords
  <sparsity:sparsity for geom step 5
    nrows_g=226 nrows=12 sparsity=1.2106 nnzs=61835, refcount: 9>
  <dData2D:(temp array for extrapolation) n=61835 m=2, refcount: 1>
refcount: 1>
Note: For starting DM, Qtot, Tr[D*S] =        140.00000000        140.59057594
No. of atoms with KB's overlaping orbs in proc 0. Max # of overlaps:     147    1329

InitMesh: MESH = 30 x 144 x 48 = 207360
InitMesh: Mesh cutoff (required, used) =   300.000   319.027 Ry
New grid distribution [1]: sub = 2
New grid distribution [2]: sub = 2
New grid distribution [3]: sub = 2
Setting up quadratic distribution...

        iscf     Eharris(eV)        E_KS(eV)     FreeEng(eV)     dDmax    Ef(eV) dHmax(eV)
   scf:    1   -24878.835827   -25439.095528   -25439.106957  3.211924 -6.572127 94.087176
     spin moment: {S} , |S| = {        0.0        0.0   -0.00000 }    -0.00000
   scf:    2   146229.564886    29968.160604    29968.156311**********-11.790216**********
     spin moment: {S} , |S| = {        0.0        0.0   -0.00000 }    -0.00000
   scf:    3   -34483.167980   -25434.475484   -25434.493663********** -5.152270104.357313
     spin moment: {S} , |S| = {        0.0        0.0   -0.00000 }    -0.00000
   scf:    4   -25815.515083   -25693.679545   -25693.696095  2.699728 -5.984221 30.329661
     spin moment: {S} , |S| = {        0.0        0.0   -0.00000 }    -0.00000
   scf:    5   -25726.154832   -25718.135781   -25718.151116  1.572443 -6.237978  5.094261
     spin moment: {S} , |S| = {        0.0        0.0   -0.00000 }    -0.00000
   scf:    6   -25718.049373   -25718.093055   -25718.108614  0.008968 -6.234550  5.291852
     spin moment: {S} , |S| = {        0.0        0.0   -0.00000 }    -0.00000
   scf:    7   -25716.695206   -25717.465518   -25717.483021  0.149075 -6.191270  7.758256
     spin moment: {S} , |S| = {        0.0        0.0   -0.00000 }    -0.00000
   scf:    8   -25717.441664   -25717.464899   -25717.482533  0.077583 -6.170148  8.129884
     spin moment: {S} , |S| = {        0.0        0.0   -0.00000 }    -0.00000
   scf:    9   -25718.400892   -25717.954677   -25717.972055  0.077199 -6.176843  6.826428
     spin moment: {S} , |S| = {        0.0        0.0   -0.00000 }    -0.00000
   scf:   10   -25719.387923   -25718.806454   -25718.820807  0.162299 -6.214283  3.443604
     spin moment: {S} , |S| = {        0.0        0.0   -0.00000 }    -0.00000
   scf:   11   -25719.184320   -25719.097855   -25719.110260  0.079003 -6.248755  0.531292
     spin moment: {S} , |S| = {        0.0        0.0   -0.00000 }    -0.00000
   scf:   12   -25719.103637   -25719.105243   -25719.117363  0.018212 -6.256946  0.098431
     spin moment: {S} , |S| = {        0.0        0.0   -0.00000 }    -0.00000
   scf:   13   -25719.106270   -25719.106031   -25719.118213  0.030361 -6.255718  0.032300
     spin moment: {S} , |S| = {        0.0        0.0   -0.00000 }    -0.00000
   scf:   14   -25719.106100   -25719.106078   -25719.118242  0.000964 -6.256384  0.009894
     spin moment: {S} , |S| = {        0.0        0.0   -0.00000 }    -0.00000
   scf:   15   -25719.106122   -25719.106103   -25719.118251  0.002407 -6.257123  0.016259
     spin moment: {S} , |S| = {        0.0        0.0   -0.00000 }    -0.00000
   scf:   16   -25719.106110   -25719.106107   -25719.118253  0.000395 -6.257188  0.012491
     spin moment: {S} , |S| = {        0.0        0.0   -0.00000 }    -0.00000

SCF Convergence by DM criterion
max |DM_out - DM_in|         :     0.0003952826
max |H_out - H_in|      (eV) :     0.0124913636
SCF cycle converged after 16 iterations

Using DM_out to compute the final energy and forces
No. of atoms with KB's overlaping orbs in proc 0. Max # of overlaps:     147    1329

siesta: E_KS(eV) =           -25719.1061

siesta: Atomic forces (eV/Ang):
     1    0.000000   -0.452162    0.000000
     2    0.000000    0.114959   -0.000000
     3   -0.000000    0.677069    0.000000
     4   -0.000000   -1.665066    0.000000
     5    0.000000   -0.115412    0.000000
     6   -0.000000    0.452081    0.000000
     7    0.000000    1.665442    0.000000
     8    0.000000   -0.677822   -0.000000
     9    0.000000   -0.335578    0.000000
    10   -0.000000    0.338705    0.000000
----------------------------------------
   Tot    0.000000    0.002214    0.000000
----------------------------------------
   Max    1.665442
   Res    0.487398    sqrt( Sum f_i^2 / 3N )
----------------------------------------
   Max    1.665442    constrained

Stress tensor Voigt[x,y,z,yz,xz,xy] (kbar):     -128.85      -72.16     -129.80        0.00       -0.00       -0.00
(Free)E + p*V (eV/cell)   -25709.4454
Target enthalpy (eV/cell)   -25719.1183

siesta: Stress tensor (static) (eV/Ang**3):
        -0.080423    0.000000   -0.000000
        -0.000000   -0.045038    0.000000
        -0.000000    0.000000   -0.081018

siesta: Pressure (static):        110.27199943  kBar

siesta: Stress tensor (total) (eV/Ang**3):
        -0.080423    0.000000   -0.000000
        -0.000000   -0.045038    0.000000
        -0.000000    0.000000   -0.081018

siesta: Pressure (total):        110.27199943  kBar

                     ====================================
                        Begin CG opt. move =      6
                     ====================================
k-point displ. along   1 input, could be:     0.00    0.50
k-point displ. along   2 input, could be:     0.00    0.50
k-point displ. along   3 input, could be:     0.00    0.50
 Kpoints in:           32 . Kpoints trimmed:           31

siesta: k-grid: Number of k-points = 31
siesta: k-points from Monkhorst-Pack grid
siesta: k-cutoff (effective) =     7.828 Ang
siesta: k-point supercell and displacements
siesta: k-grid:     6     0     0      0.000
siesta: k-grid:     0     2     0      0.000
siesta: k-grid:     0     0     4      0.000

superc: Internal auxiliary supercell:    11 x     3 x     9  =     297
superc: Number of atoms, orbitals, and projectors:   2970  67122  53460

outcell: Unit cell vectors (Ang):
        2.781286    0.000000    0.000000
        0.000000   13.613564   -0.000000
        0.000000   -0.000000    3.913929

outcell: Cell vector modules (Ang)   :    2.781286   13.613564    3.913929
outcell: Cell angles (23,13,12) (deg):     90.0000     90.0000     90.0000
outcell: Cell volume (Ang**3)        :    148.1939
<dSpData1D:S at geom step 6
  <sparsity:sparsity for geom step 6
    nrows_g=226 nrows=12 sparsity=1.1430 nnzs=58379, refcount: 7>
  <dData1D:(new from dSpData1D) n=58379, refcount: 1>
refcount: 1>
new_DM -- step:     7
Re-using DM from previous geometries...
Number of DMs in history: 1
 DM extrapolation coefficients: 
1   1.00000
New DM after history re-use:
<dSpData2D:SpM extrapolated using coords
  <sparsity:sparsity for geom step 6
    nrows_g=226 nrows=12 sparsity=1.1430 nnzs=58379, refcount: 9>
  <dData2D:(temp array for extrapolation) n=58379 m=2, refcount: 1>
refcount: 1>
Note: For starting DM, Qtot, Tr[D*S] =        140.00000000        140.33936091
No. of atoms with KB's overlaping orbs in proc 0. Max # of overlaps:     145    1292

InitMesh: MESH = 30 x 144 x 48 = 207360
InitMesh: Mesh cutoff (required, used) =   300.000   309.231 Ry
New grid distribution [1]: sub = 2
New grid distribution [2]: sub = 2
New grid distribution [3]: sub = 2
Setting up quadratic distribution...

        iscf     Eharris(eV)        E_KS(eV)     FreeEng(eV)     dDmax    Ef(eV) dHmax(eV)
   scf:    1   -25381.200896   -25605.351817   -25605.363162  2.252364 -6.426639 60.489489
     spin moment: {S} , |S| = {        0.0        0.0   -0.00000 }    -0.00000
   scf:    2    73941.502408     6691.400441     6691.394843********** -6.766012905.119600
     spin moment: {S} , |S| = {        0.0        0.0   -0.00000 }    -0.00000
   scf:    3   -29102.551178   -25649.286558   -25649.308888********** -5.521486 53.066394
     spin moment: {S} , |S| = {        0.0        0.0   -0.00000 }    -0.00000
   scf:    4   -25740.131183   -25716.722473   -25716.740031  1.407275 -6.022297 10.767375
     spin moment: {S} , |S| = {        0.0        0.0   -0.00000 }    -0.00000
   scf:    5   -25719.419041   -25718.199314   -25718.214994  0.114906 -6.061273  7.457925
     spin moment: {S} , |S| = {        0.0        0.0   -0.00000 }    -0.00000
   scf:    6   -25719.315703   -25719.579213   -25719.589546  0.240133 -6.181382  0.984628
     spin moment: {S} , |S| = {        0.0        0.0   -0.00000 }    -0.00000
   scf:    7   -25718.060914   -25719.014542   -25719.023765  0.123303 -6.231677  5.082586
     spin moment: {S} , |S| = {        0.0        0.0   -0.00000 }    -0.00000
   scf:    8   -25718.457580   -25718.748038   -25718.757240  0.032879 -6.242531  6.117618
     spin moment: {S} , |S| = {        0.0        0.0   -0.00000 }    -0.00000
   scf:    9   -25719.233846   -25719.001485   -25719.010840  0.027527 -6.226679  5.143606
     spin moment: {S} , |S| = {        0.0        0.0   -0.00000 }    -0.00000
   scf:   10   -25719.714645   -25719.608319   -25719.619203  0.114937 -6.156880  0.417193
     spin moment: {S} , |S| = {        0.0        0.0   -0.00000 }    -0.00000
   scf:   11   -25719.567609   -25719.591548   -25719.602151  0.015433 -6.164194  0.962010
     spin moment: {S} , |S| = {        0.0        0.0   -0.00000 }    -0.00000
   scf:   12   -25719.610538   -25719.612253   -25719.623622  0.029865 -6.150895  0.065664
     spin moment: {S} , |S| = {        0.0        0.0   -0.00000 }    -0.00000
   scf:   13   -25719.601680   -25719.608388   -25719.620023  0.011032 -6.146009  0.405692
     spin moment: {S} , |S| = {        0.0        0.0   -0.00000 }    -0.00000
   scf:   14   -25719.612321   -25719.612458   -25719.623803  0.010674 -6.152389  0.043454
     spin moment: {S} , |S| = {        0.0        0.0   -0.00000 }    -0.00000
   scf:   15   -25719.612459   -25719.612467   -25719.623840  0.003411 -6.152704  0.035353
     spin moment: {S} , |S| = {        0.0        0.0   -0.00000 }    -0.00000
   scf:   16   -25719.612375   -25719.612453   -25719.623867  0.001947 -6.152012  0.018503
     spin moment: {S} , |S| = {        0.0        0.0   -0.00000 }    -0.00000
   scf:   17   -25719.612484   -25719.612477   -25719.623872  0.000835 -6.152498  0.010770
     spin moment: {S} , |S| = {        0.0        0.0   -0.00000 }    -0.00000
   scf:   18   -25719.612461   -25719.612470   -25719.623875  0.000855 -6.152446  0.001966
     spin moment: {S} , |S| = {        0.0        0.0   -0.00000 }    -0.00000
   scf:   19   -25719.612471   -25719.612471   -25719.623876  0.000122 -6.152496  0.001139
     spin moment: {S} , |S| = {        0.0        0.0   -0.00000 }    -0.00000

SCF Convergence by DM criterion
max |DM_out - DM_in|         :     0.0001217338
max |H_out - H_in|      (eV) :     0.0011388781
SCF cycle converged after 19 iterations

Using DM_out to compute the final energy and forces
No. of atoms with KB's overlaping orbs in proc 0. Max # of overlaps:     145    1292

siesta: E_KS(eV) =           -25719.6125

siesta: Atomic forces (eV/Ang):
     1    0.000000   -0.378442   -0.000000
     2    0.000000    0.138084   -0.000000
     3    0.000000    0.604354   -0.000000
     4   -0.000000   -1.433320   -0.000000
     5    0.000000   -0.138020    0.000000
     6   -0.000000    0.378951   -0.000000
     7    0.000000    1.433470   -0.000000
     8   -0.000000   -0.604576    0.000000
     9   -0.000000   -0.342517   -0.000000
    10    0.000000    0.344745    0.000000
----------------------------------------
   Tot    0.000000    0.002728   -0.000000
----------------------------------------
   Max    1.433470
   Res    0.424307    sqrt( Sum f_i^2 / 3N )
----------------------------------------
   Max    1.433470    constrained

Stress tensor Voigt[x,y,z,yz,xz,xy] (kbar):      -57.96      -11.09      -58.20       -0.00       -0.00       -0.00
(Free)E + p*V (eV/cell)   -25715.7004
Target enthalpy (eV/cell)   -25719.6239

siesta: Stress tensor (static) (eV/Ang**3):
        -0.036177   -0.000000   -0.000000
        -0.000000   -0.006924   -0.000000
        -0.000000   -0.000000   -0.036324

siesta: Pressure (static):         42.41767358  kBar

siesta: Stress tensor (total) (eV/Ang**3):
        -0.036177   -0.000000   -0.000000
        -0.000000   -0.006924   -0.000000
        -0.000000   -0.000000   -0.036324

siesta: Pressure (total):         42.41767358  kBar

                     ====================================
                        Begin CG opt. move =      7
                     ====================================
k-point displ. along   1 input, could be:     0.00    0.50
k-point displ. along   2 input, could be:     0.00    0.50
k-point displ. along   3 input, could be:     0.00    0.50
 Kpoints in:           32 . Kpoints trimmed:           31

siesta: k-grid: Number of k-points = 31
siesta: k-points from Monkhorst-Pack grid
siesta: k-cutoff (effective) =     7.970 Ang
siesta: k-point supercell and displacements
siesta: k-grid:     6     0     0      0.000
siesta: k-grid:     0     2     0      0.000
siesta: k-grid:     0     0     4      0.000

superc: Internal auxiliary supercell:    11 x     3 x     7  =     231
superc: Number of atoms, orbitals, and projectors:   2310  52206  41580

outcell: Unit cell vectors (Ang):
        2.833971    0.000000    0.000000
        0.000000   13.824198   -0.000000
        0.000000   -0.000000    3.984939

outcell: Cell vector modules (Ang)   :    2.833971   13.824198    3.984939
outcell: Cell angles (23,13,12) (deg):     90.0000     90.0000     90.0000
outcell: Cell volume (Ang**3)        :    156.1195
<dSpData1D:S at geom step 7
  <sparsity:sparsity for geom step 7
    nrows_g=226 nrows=12 sparsity=1.0912 nnzs=55734, refcount: 7>
  <dData1D:(new from dSpData1D) n=55734, refcount: 1>
refcount: 1>
new_DM -- step:     8
Re-using DM from previous geometries...
Number of DMs in history: 1
 DM extrapolation coefficients: 
1   1.00000
New DM after history re-use:
<dSpData2D:SpM extrapolated using coords
  <sparsity:sparsity for geom step 7
    nrows_g=226 nrows=12 sparsity=1.0912 nnzs=55734, refcount: 9>
  <dData2D:(temp array for extrapolation) n=55734 m=2, refcount: 1>
refcount: 1>
No. of atoms with KB's overlaping orbs in proc 0. Max # of overlaps:     141    1268

InitMesh: MESH = 30 x 150 x 48 = 216000
InitMesh: Mesh cutoff (required, used) =   300.000   309.709 Ry
New grid distribution [1]: sub = 2
New grid distribution [2]: sub = 2
New grid distribution [3]: sub = 2
Setting up quadratic distribution...

        iscf     Eharris(eV)        E_KS(eV)     FreeEng(eV)     dDmax    Ef(eV) dHmax(eV)
   scf:    1   -25620.519206   -25685.154815   -25685.162802  1.288673 -6.311588 32.767058
     spin moment: {S} , |S| = {        0.0        0.0   -0.00000 }    -0.00000
   scf:    2    29490.070483    -7635.983812    -7636.055288709.834534 -3.757334712.261265
     spin moment: {S} , |S| = {        0.0        0.0    0.00000 }     0.00000
   scf:    3   -26536.500944   -25717.797910   -25717.813262708.925232 -5.922203  9.179324
     spin moment: {S} , |S| = {        0.0        0.0   -0.00000 }    -0.00000
   scf:    4   -25720.086544   -25719.120876   -25719.133351  0.085310 -5.983183  5.185390
     spin moment: {S} , |S| = {        0.0        0.0   -0.00000 }    -0.00000
   scf:    5   -25719.999414   -25719.645303   -25719.655998  0.081984 -6.032184  2.719862
     spin moment: {S} , |S| = {        0.0        0.0    0.00000 }     0.00000
   scf:    6   -25719.785098   -25719.720826   -25719.731087  0.020795 -6.043446  1.889786
     spin moment: {S} , |S| = {        0.0        0.0   -0.00000 }    -0.00000
   scf:    7   -25719.712055   -25719.804281   -25719.813017  0.085404 -6.086953  0.901539
     spin moment: {S} , |S| = {        0.0        0.0   -0.00000 }    -0.00000
   scf:    8   -25719.780775   -25719.793710   -25719.802436  0.015110 -6.088065  1.139333
     spin moment: {S} , |S| = {        0.0        0.0   -0.00000 }    -0.00000
   scf:    9   -25719.729688   -25719.804917   -25719.814701  0.055969 -6.052805  0.886478
     spin moment: {S} , |S| = {        0.0        0.0    0.00000 }     0.00000
   scf:   10   -25719.829220   -25719.820410   -25719.829882  0.018104 -6.060855  0.366786
     spin moment: {S} , |S| = {        0.0        0.0   -0.00000 }    -0.00000
   scf:   11   -25719.824178   -25719.822883   -25719.832238  0.007198 -6.064199  0.111460
     spin moment: {S} , |S| = {        0.0        0.0   -0.00000 }    -0.00000
   scf:   12   -25719.820415   -25719.822568   -25719.831778  0.007274 -6.068770  0.182672
     spin moment: {S} , |S| = {        0.0        0.0   -0.00000 }    -0.00000
   scf:   13   -25719.822261   -25719.823094   -25719.832429  0.005736 -6.065029  0.087984
     spin moment: {S} , |S| = {        0.0        0.0   -0.00000 }    -0.00000
   scf:   14   -25719.823281   -25719.823245   -25719.832545  0.001851 -6.066163  0.002835
     spin moment: {S} , |S| = {        0.0        0.0   -0.00000 }    -0.00000
   scf:   15   -25719.823243   -25719.823244   -25719.832546  0.000205 -6.066155  0.002104
     spin moment: {S} , |S| = {        0.0        0.0   -0.00000 }    -0.00000

SCF Convergence by DM criterion
max |DM_out - DM_in|         :     0.0002049119
max |H_out - H_in|      (eV) :     0.0021036103
SCF cycle converged after 15 iterations

Using DM_out to compute the final energy and forces
No. of atoms with KB's overlaping orbs in proc 0. Max # of overlaps:     141    1268

siesta: E_KS(eV) =           -25719.8232

siesta: Atomic forces (eV/Ang):
     1   -0.000000   -0.359718    0.000000
     2   -0.000000    0.153453   -0.000000
     3    0.000000    0.492783    0.000000
     4   -0.000000   -1.224752    0.000000
     5    0.000000   -0.153473   -0.000000
     6    0.000000    0.359930    0.000000
     7    0.000000    1.224353   -0.000000
     8    0.000000   -0.492943    0.000000
     9    0.000000   -0.314425    0.000000
    10    0.000000    0.314788   -0.000000
----------------------------------------
   Tot    0.000000   -0.000003   -0.000000
----------------------------------------
   Max    1.224752
   Res    0.364641    sqrt( Sum f_i^2 / 3N )
----------------------------------------
   Max    1.224752    constrained

Stress tensor Voigt[x,y,z,yz,xz,xy] (kbar):       -4.56       35.35       -1.28       -0.00        0.00       -0.00
(Free)E + p*V (eV/cell)   -25720.7909
Target enthalpy (eV/cell)   -25719.8325

siesta: Stress tensor (static) (eV/Ang**3):
        -0.002849   -0.000000    0.000000
        -0.000000    0.022061   -0.000000
         0.000000   -0.000000   -0.000797

siesta: Pressure (static):         -9.83509819  kBar

siesta: Stress tensor (total) (eV/Ang**3):
        -0.002849   -0.000000    0.000000
        -0.000000    0.022061   -0.000000
         0.000000   -0.000000   -0.000797

siesta: Pressure (total):         -9.83509819  kBar

                     ====================================
                        Begin CG opt. move =      8
                     ====================================
k-point displ. along   1 input, could be:     0.00    0.50
k-point displ. along   2 input, could be:     0.00    0.50
k-point displ. along   3 input, could be:     0.00    0.50
 Kpoints in:           32 . Kpoints trimmed:           31

siesta: k-grid: Number of k-points = 31
siesta: k-points from Monkhorst-Pack grid
siesta: k-cutoff (effective) =     8.112 Ang
siesta: k-point supercell and displacements
siesta: k-grid:     6     0     0      0.000
siesta: k-grid:     0     2     0      0.000
siesta: k-grid:     0     0     4      0.000

superc: Internal auxiliary supercell:    11 x     3 x     7  =     231
superc: Number of atoms, orbitals, and projectors:   2310  52206  41580

outcell: Unit cell vectors (Ang):
        2.886656    0.000000    0.000000
        0.000000   14.034831   -0.000000
        0.000000   -0.000000    4.055950

outcell: Cell vector modules (Ang)   :    2.886656   14.034831    4.055950
outcell: Cell angles (23,13,12) (deg):     90.0000     90.0000     90.0000
outcell: Cell volume (Ang**3)        :    164.3217
<dSpData1D:S at geom step 8
  <sparsity:sparsity for geom step 8
    nrows_g=226 nrows=12 sparsity=1.0889 nnzs=55617, refcount: 7>
  <dData1D:(new from dSpData1D) n=55617, refcount: 1>
refcount: 1>
new_DM -- step:     9
Re-using DM from previous geometries...
Number of DMs in history: 1
 DM extrapolation coefficients: 
1   1.00000
New DM after history re-use:
<dSpData2D:SpM extrapolated using coords
  <sparsity:sparsity for geom step 8
    nrows_g=226 nrows=12 sparsity=1.0889 nnzs=55617, refcount: 9>
  <dData2D:(temp array for extrapolation) n=55617 m=2, refcount: 1>
refcount: 1>
No. of atoms with KB's overlaping orbs in proc 0. Max # of overlaps:     141    1268

InitMesh: MESH = 32 x 150 x 48 = 230400
InitMesh: Mesh cutoff (required, used) =   300.000   315.697 Ry
New grid distribution [1]: sub = 2
New grid distribution [2]: sub = 2
New grid distribution [3]: sub = 2
Setting up quadratic distribution...

        iscf     Eharris(eV)        E_KS(eV)     FreeEng(eV)     dDmax    Ef(eV) dHmax(eV)
   scf:    1   -25708.598489   -25715.084347   -25715.089026  0.683029 -6.041106 10.234383
     spin moment: {S} , |S| = {        0.0        0.0   -0.00000 }    -0.00000
   scf:    2    -2999.704776   -18209.503832   -18209.510930 80.630431 -2.428008495.892555
     spin moment: {S} , |S| = {        0.0        0.0    0.00000 }     0.00000
   scf:    3   -25733.201934   -25719.102559   -25719.112271 80.051279 -6.036681  4.113174
     spin moment: {S} , |S| = {        0.0        0.0   -0.00000 }    -0.00000
   scf:    4   -25719.967992   -25719.765088   -25719.773178  0.278782 -6.014001  0.792163
     spin moment: {S} , |S| = {        0.0        0.0   -0.00000 }    -0.00000
   scf:    5   -25719.789140   -25719.784120   -25719.792318  0.012425 -6.002283  0.183168
     spin moment: {S} , |S| = {        0.0        0.0    0.00000 }     0.00000
   scf:    6   -25719.701599   -25719.758490   -25719.766989  0.019783 -5.984038  0.981730
     spin moment: {S} , |S| = {        0.0        0.0   -0.00000 }    -0.00000
   scf:    7   -25719.794814   -25719.781795   -25719.790114  0.010358 -5.993974  0.350526
     spin moment: {S} , |S| = {        0.0        0.0   -0.00000 }    -0.00000
   scf:    8   -25719.786679   -25719.784773   -25719.793058  0.003982 -5.996313  0.169153
     spin moment: {S} , |S| = {        0.0        0.0   -0.00000 }    -0.00000
   scf:    9   -25719.783953   -25719.785317   -25719.793552  0.003628 -6.000231  0.094862
     spin moment: {S} , |S| = {        0.0        0.0   -0.00000 }    -0.00000
   scf:   10   -25719.784916   -25719.785129   -25719.793358  0.000499 -6.000762  0.124838
     spin moment: {S} , |S| = {        0.0        0.0   -0.00000 }    -0.00000

SCF Convergence by DM criterion
max |DM_out - DM_in|         :     0.0004985622
max |H_out - H_in|      (eV) :     0.1248383775
SCF cycle converged after 10 iterations

Using DM_out to compute the final energy and forces
No. of atoms with KB's overlaping orbs in proc 0. Max # of overlaps:     141    1268

siesta: E_KS(eV) =           -25719.7851

siesta: Atomic forces (eV/Ang):
     1    0.000000   -0.342517    0.000000
     2    0.000000    0.147706   -0.000000
     3   -0.000000    0.373401   -0.000000
     4    0.000000   -1.106378    0.000000
     5   -0.000000   -0.147706   -0.000000
     6   -0.000000    0.342616    0.000000
     7   -0.000000    1.106172    0.000000
     8   -0.000000   -0.373718    0.000000
     9   -0.000000   -0.288354   -0.000000
    10    0.000000    0.288772   -0.000000
----------------------------------------
   Tot   -0.000000   -0.000005    0.000000
----------------------------------------
   Max    1.106378
   Res    0.325149    sqrt( Sum f_i^2 / 3N )
----------------------------------------
   Max    1.106378    constrained

Stress tensor Voigt[x,y,z,yz,xz,xy] (kbar):       32.87       71.42       43.66       -0.00       -0.00       -0.00
(Free)E + p*V (eV/cell)   -25724.8512
Target enthalpy (eV/cell)   -25719.7934

siesta: Stress tensor (static) (eV/Ang**3):
         0.020518   -0.000000   -0.000000
        -0.000000    0.044576    0.000000
        -0.000000   -0.000000    0.027248

siesta: Pressure (static):        -49.31561430  kBar

siesta: Stress tensor (total) (eV/Ang**3):
         0.020518   -0.000000   -0.000000
        -0.000000    0.044576    0.000000
        -0.000000   -0.000000    0.027248

siesta: Pressure (total):        -49.31561430  kBar

                     ====================================
                        Begin CG opt. move =      9
                     ====================================
k-point displ. along   1 input, could be:     0.00    0.50
k-point displ. along   2 input, could be:     0.00    0.50
k-point displ. along   3 input, could be:     0.00    0.50
 Kpoints in:           32 . Kpoints trimmed:           31

siesta: k-grid: Number of k-points = 31
siesta: k-points from Monkhorst-Pack grid
siesta: k-cutoff (effective) =     8.011 Ang
siesta: k-point supercell and displacements
siesta: k-grid:     6     0     0      0.000
siesta: k-grid:     0     2     0      0.000
siesta: k-grid:     0     0     4      0.000

superc: Internal auxiliary supercell:    11 x     3 x     7  =     231
superc: Number of atoms, orbitals, and projectors:   2310  52206  41580

outcell: Unit cell vectors (Ang):
        2.849344    0.000000    0.000000
        0.000000   13.885659   -0.000000
        0.000000   -0.000000    4.005660

outcell: Cell vector modules (Ang)   :    2.849344   13.885659    4.005660
outcell: Cell angles (23,13,12) (deg):     90.0000     90.0000     90.0000
outcell: Cell volume (Ang**3)        :    158.4840
<dSpData1D:S at geom step 9
  <sparsity:sparsity for geom step 9
    nrows_g=226 nrows=12 sparsity=1.0892 nnzs=55630, refcount: 7>
  <dData1D:(new from dSpData1D) n=55630, refcount: 1>
refcount: 1>
new_DM -- step:    10
Re-using DM from previous geometries...
Number of DMs in history: 1
 DM extrapolation coefficients: 
1   1.00000
New DM after history re-use:
<dSpData2D:SpM extrapolated using coords
  <sparsity:sparsity for geom step 9
    nrows_g=226 nrows=12 sparsity=1.0892 nnzs=55630, refcount: 9>
  <dData2D:(temp array for extrapolation) n=55630 m=2, refcount: 1>
refcount: 1>
Note: For starting DM, Qtot, Tr[D*S] =        140.00000000        140.17130146
No. of atoms with KB's overlaping orbs in proc 0. Max # of overlaps:     141    1268

InitMesh: MESH = 30 x 150 x 48 = 216000
InitMesh: Mesh cutoff (required, used) =   300.000   306.376 Ry
New grid distribution [1]: sub = 2
New grid distribution [2]: sub = 2
New grid distribution [3]: sub = 2
Setting up quadratic distribution...

        iscf     Eharris(eV)        E_KS(eV)     FreeEng(eV)     dDmax    Ef(eV) dHmax(eV)
   scf:    1   -25714.846067   -25718.340788   -25718.349204  0.422772 -6.175845  7.802627
     spin moment: {S} , |S| = {        0.0        0.0   -0.00000 }    -0.00000
   scf:    2   -16566.523387   -22686.852063   -22686.870513 13.220632 -2.401223340.879949
     spin moment: {S} , |S| = {        0.0        0.0    0.00000 }     0.00000
   scf:    3   -25734.028095   -25719.610310   -25719.618547 13.130603 -6.098029  2.950785
     spin moment: {S} , |S| = {        0.0        0.0   -0.00000 }    -0.00000
   scf:    4   -25719.633515   -25719.807235   -25719.816620  0.096803 -6.029212  1.070240
     spin moment: {S} , |S| = {        0.0        0.0   -0.00000 }    -0.00000
   scf:    5   -25719.809166   -25719.832827   -25719.841481  0.032581 -6.053793  0.416395
     spin moment: {S} , |S| = {        0.0        0.0   -0.00000 }    -0.00000
   scf:    6   -25719.789737   -25719.815197   -25719.823631  0.011623 -6.062791  0.972168
     spin moment: {S} , |S| = {        0.0        0.0   -0.00000 }    -0.00000
   scf:    7   -25719.806140   -25719.810766   -25719.819172  0.002109 -6.064338  1.065791
     spin moment: {S} , |S| = {        0.0        0.0   -0.00000 }    -0.00000
   scf:    8   -25719.846549   -25719.833986   -25719.842615  0.015485 -6.052814  0.379088
     spin moment: {S} , |S| = {        0.0        0.0   -0.00000 }    -0.00000
   scf:    9   -25719.806229   -25719.829825   -25719.838862  0.021128 -6.036915  0.548384
     spin moment: {S} , |S| = {        0.0        0.0   -0.00000 }    -0.00000
   scf:   10   -25719.834614   -25719.837096   -25719.845821  0.015304 -6.047643  0.109232
     spin moment: {S} , |S| = {        0.0        0.0   -0.00000 }    -0.00000
   scf:   11   -25719.837224   -25719.837313   -25719.846087  0.002816 -6.045449  0.010651
     spin moment: {S} , |S| = {        0.0        0.0   -0.00000 }    -0.00000
   scf:   12   -25719.837318   -25719.837316   -25719.846090  0.000276 -6.045464  0.006993
     spin moment: {S} , |S| = {        0.0        0.0   -0.00000 }    -0.00000

SCF Convergence by DM criterion
max |DM_out - DM_in|         :     0.0002759102
max |H_out - H_in|      (eV) :     0.0069928521
SCF cycle converged after 12 iterations

Using DM_out to compute the final energy and forces
No. of atoms with KB's overlaping orbs in proc 0. Max # of overlaps:     141    1268

siesta: E_KS(eV) =           -25719.8373

siesta: Atomic forces (eV/Ang):
     1    0.000000   -0.322123   -0.000000
     2   -0.000000    0.149509   -0.000000
     3    0.000000    0.471151    0.000000
     4   -0.000000   -1.203114   -0.000000
     5   -0.000000   -0.149549    0.000000
     6   -0.000000    0.322309    0.000000
     7    0.000000    1.202785   -0.000000
     8    0.000000   -0.471346    0.000000
     9   -0.000000   -0.328752    0.000000
    10   -0.000000    0.329128   -0.000000
----------------------------------------
   Tot    0.000000   -0.000001   -0.000000
----------------------------------------
   Max    1.203114
   Res    0.356235    sqrt( Sum f_i^2 / 3N )
----------------------------------------
   Max    1.203114    constrained

Stress tensor Voigt[x,y,z,yz,xz,xy] (kbar):        5.77       45.97       12.20       -0.00       -0.00       -0.00
(Free)E + p*V (eV/cell)   -25721.9544
Target enthalpy (eV/cell)   -25719.8461

siesta: Stress tensor (static) (eV/Ang**3):
         0.003603   -0.000000   -0.000000
        -0.000000    0.028691   -0.000000
        -0.000000   -0.000000    0.007615

siesta: Pressure (static):        -21.31369688  kBar

siesta: Stress tensor (total) (eV/Ang**3):
         0.003603   -0.000000   -0.000000
        -0.000000    0.028691   -0.000000
        -0.000000   -0.000000    0.007615

siesta: Pressure (total):        -21.31369688  kBar

cgvc: Finished line minimization    1.  Mean atomic displacement =    0.1079

                     ====================================
                        Begin CG opt. move =     10
                     ====================================
k-point displ. along   1 input, could be:     0.00    0.50
k-point displ. along   2 input, could be:     0.00    0.50
k-point displ. along   3 input, could be:     0.00    0.50
 Kpoints in:           32 . Kpoints trimmed:           31

siesta: k-grid: Number of k-points = 31
siesta: k-points from Monkhorst-Pack grid
siesta: k-cutoff (effective) =     8.004 Ang
siesta: k-point supercell and displacements
siesta: k-grid:     6     0     0      0.000
siesta: k-grid:     0     2     0      0.000
siesta: k-grid:     0     0     4      0.000

superc: Internal auxiliary supercell:    11 x     3 x     7  =     231
superc: Number of atoms, orbitals, and projectors:   2310  52206  41580

outcell: Unit cell vectors (Ang):
        2.851719    0.000000    0.000000
        0.000000   13.741712    0.000000
        0.000000    0.000000    4.001831

outcell: Cell vector modules (Ang)   :    2.851719   13.741712    4.001831
outcell: Cell angles (23,13,12) (deg):     90.0000     90.0000     90.0000
outcell: Cell volume (Ang**3)        :    156.8218
<dSpData1D:S at geom step 10
  <sparsity:sparsity for geom step 10
    nrows_g=226 nrows=12 sparsity=1.0941 nnzs=55883, refcount: 7>
  <dData1D:(new from dSpData1D) n=55883, refcount: 1>
refcount: 1>
new_DM -- step:    11
Re-using DM from previous geometries...
Number of DMs in history: 1
 DM extrapolation coefficients: 
1   1.00000
New DM after history re-use:
<dSpData2D:SpM extrapolated using coords
  <sparsity:sparsity for geom step 10
    nrows_g=226 nrows=12 sparsity=1.0941 nnzs=55883, refcount: 9>
  <dData2D:(temp array for extrapolation) n=55883 m=2, refcount: 1>
refcount: 1>
No. of atoms with KB's overlaping orbs in proc 0. Max # of overlaps:     141    1276

InitMesh: MESH = 30 x 144 x 48 = 207360
InitMesh: Mesh cutoff (required, used) =   300.000   303.491 Ry
New grid distribution [1]: sub = 2
New grid distribution [2]: sub = 2
New grid distribution [3]: sub = 2
Setting up quadratic distribution...

        iscf     Eharris(eV)        E_KS(eV)     FreeEng(eV)     dDmax    Ef(eV) dHmax(eV)
   scf:    1   -25698.626519   -25713.649124   -25713.654775  0.777588 -6.118016 12.263335
     spin moment: {S} , |S| = {        0.0        0.0   -0.00000 }    -0.00000
   scf:    2     -488.534664   -17392.336041   -17392.336390124.529631 -2.572161516.105624
     spin moment: {S} , |S| = {        0.0        0.0   -0.00000 }    -0.00000
   scf:    3   -25756.478346   -25719.472737   -25719.481937123.984081 -6.095584  4.049516
     spin moment: {S} , |S| = {        0.0        0.0   -0.00000 }    -0.00000
   scf:    4   -25720.371478   -25720.145547   -25720.153432  0.188210 -6.068610  0.736461
     spin moment: {S} , |S| = {        0.0        0.0   -0.00000 }    -0.00000
   scf:    5   -25720.056043   -25720.149120   -25720.157798  0.057088 -6.050570  0.842339
     spin moment: {S} , |S| = {        0.0        0.0   -0.00000 }    -0.00000
   scf:    6   -25720.181520   -25720.167955   -25720.176531  0.007627 -6.055677  0.468580
     spin moment: {S} , |S| = {        0.0        0.0   -0.00000 }    -0.00000
   scf:    7   -25720.138261   -25720.168198   -25720.176598  0.019281 -6.068441  0.466895
     spin moment: {S} , |S| = {        0.0        0.0   -0.00000 }    -0.00000
   scf:    8   -25720.174817   -25720.171822   -25720.180445  0.011842 -6.069149  0.359204
     spin moment: {S} , |S| = {        0.0        0.0   -0.00000 }    -0.00000
mix: Broyden -- inversion failed, > SVD [rank/size] 3 / 7
   scf:    9   -25720.177925   -25720.176122   -25720.184830  0.005245 -6.065759  0.094242
     spin moment: {S} , |S| = {        0.0        0.0   -0.00000 }    -0.00000
   scf:   10   -25720.166546   -25720.173623   -25720.182469  0.008395 -6.061620  0.286870
     spin moment: {S} , |S| = {        0.0        0.0   -0.00000 }    -0.00000
   scf:   11   -25720.175789   -25720.176356   -25720.185109  0.005659 -6.066168  0.036992
     spin moment: {S} , |S| = {        0.0        0.0   -0.00000 }    -0.00000
   scf:   12   -25720.176388   -25720.176395   -25720.185157  0.000710 -6.065724  0.002172
     spin moment: {S} , |S| = {        0.0        0.0   -0.00000 }    -0.00000
   scf:   13   -25720.176401   -25720.176398   -25720.185158  0.000462 -6.065811  0.001093
     spin moment: {S} , |S| = {        0.0        0.0   -0.00000 }    -0.00000

SCF Convergence by DM criterion
max |DM_out - DM_in|         :     0.0004618953
max |H_out - H_in|      (eV) :     0.0010927809
SCF cycle converged after 13 iterations

Using DM_out to compute the final energy and forces
No. of atoms with KB's overlaping orbs in proc 0. Max # of overlaps:     141    1276

siesta: E_KS(eV) =           -25720.1764

siesta: Atomic forces (eV/Ang):
     1   -0.000000   -0.320729    0.000000
     2   -0.000000    0.104094    0.000000
     3   -0.000000    0.315432    0.000000
     4   -0.000000   -0.598995   -0.000000
     5    0.000000   -0.104121   -0.000000
     6   -0.000000    0.321032    0.000000
     7   -0.000000    0.598968    0.000000
     8   -0.000000   -0.314971    0.000000
     9   -0.000000   -0.397589    0.000001
    10    0.000000    0.397975    0.000000
----------------------------------------
   Tot   -0.000000    0.001097    0.000001
----------------------------------------
   Max    0.598995
   Res    0.220630    sqrt( Sum f_i^2 / 3N )
----------------------------------------
   Max    0.598995    constrained

Stress tensor Voigt[x,y,z,yz,xz,xy] (kbar):       -0.57       25.53        8.69        0.00       -0.00        0.00
(Free)E + p*V (eV/cell)   -25721.2831
Target enthalpy (eV/cell)   -25720.1852

siesta: Stress tensor (static) (eV/Ang**3):
        -0.000357    0.000000   -0.000000
         0.000000    0.015933    0.000000
        -0.000000    0.000000    0.005427

siesta: Pressure (static):        -11.21689697  kBar

siesta: Stress tensor (total) (eV/Ang**3):
        -0.000357    0.000000   -0.000000
         0.000000    0.015933    0.000000
        -0.000000    0.000000    0.005427

siesta: Pressure (total):        -11.21689697  kBar

                     ====================================
                        Begin CG opt. move =     11
                     ====================================
k-point displ. along   1 input, could be:     0.00    0.50
k-point displ. along   2 input, could be:     0.00    0.50
k-point displ. along   3 input, could be:     0.00    0.50
 Kpoints in:           32 . Kpoints trimmed:           31

siesta: k-grid: Number of k-points = 31
siesta: k-points from Monkhorst-Pack grid
siesta: k-cutoff (effective) =     7.996 Ang
siesta: k-point supercell and displacements
siesta: k-grid:     6     0     0      0.000
siesta: k-grid:     0     2     0      0.000
siesta: k-grid:     0     0     4      0.000

superc: Internal auxiliary supercell:    11 x     3 x     7  =     231
superc: Number of atoms, orbitals, and projectors:   2310  52206  41580

outcell: Unit cell vectors (Ang):
        2.854095    0.000000    0.000000
        0.000000   13.597764    0.000000
        0.000000    0.000000    3.998003

outcell: Cell vector modules (Ang)   :    2.854095   13.597764    3.998003
outcell: Cell angles (23,13,12) (deg):     90.0000     90.0000     90.0000
outcell: Cell volume (Ang**3)        :    155.1597
<dSpData1D:S at geom step 11
  <sparsity:sparsity for geom step 11
    nrows_g=226 nrows=12 sparsity=1.1659 nnzs=59551, refcount: 7>
  <dData1D:(new from dSpData1D) n=59551, refcount: 1>
refcount: 1>
new_DM -- step:    12
Re-using DM from previous geometries...
Number of DMs in history: 1
 DM extrapolation coefficients: 
1   1.00000
New DM after history re-use:
<dSpData2D:SpM extrapolated using coords
  <sparsity:sparsity for geom step 11
    nrows_g=226 nrows=12 sparsity=1.1659 nnzs=59551, refcount: 9>
  <dData2D:(temp array for extrapolation) n=59551 m=2, refcount: 1>
refcount: 1>
Note: For starting DM, Qtot, Tr[D*S] =        140.00000000        139.85268850
No. of atoms with KB's overlaping orbs in proc 0. Max # of overlaps:     145    1276

InitMesh: MESH = 30 x 144 x 48 = 207360
InitMesh: Mesh cutoff (required, used) =   300.000   305.357 Ry
New grid distribution [1]: sub = 2
New grid distribution [2]: sub = 2
New grid distribution [3]: sub = 2
Setting up quadratic distribution...

        iscf     Eharris(eV)        E_KS(eV)     FreeEng(eV)     dDmax    Ef(eV) dHmax(eV)
   scf:    1   -25684.406899   -25709.286283   -25709.296948  0.770830 -6.191395 15.854275
     spin moment: {S} , |S| = {        0.0        0.0   -0.00000 }    -0.00000
   scf:    2     4149.219950   -15888.334856   -15888.339434183.598998 -2.897209547.573400
     spin moment: {S} , |S| = {        0.0        0.0    0.00000 }     0.00000
   scf:    3   -25791.221488   -25719.454113   -25719.463616183.335438 -6.089259  4.161805
     spin moment: {S} , |S| = {        0.0        0.0   -0.00000 }    -0.00000
   scf:    4   -25719.960906   -25720.249821   -25720.253608  0.467674 -6.099885  1.145760
     spin moment: {S} , |S| = {        0.0        0.0   -0.00000 }    -0.00000
   scf:    5   -25719.707169   -25720.136578   -25720.142290  0.147812 -6.122193  2.158961
     spin moment: {S} , |S| = {        0.0        0.0   -0.00000 }    -0.00000
   scf:    6   -25720.349517   -25720.281419   -25720.285651  0.095209 -6.121535  0.653440
     spin moment: {S} , |S| = {        0.0        0.0   -0.00000 }    -0.00000
   scf:    7   -25720.271768   -25720.290889   -25720.294760  0.034267 -6.113400  0.362421
     spin moment: {S} , |S| = {        0.0        0.0   -0.00000 }    -0.00000
   scf:    8   -25720.291386   -25720.294671   -25720.298774  0.022137 -6.120031  0.130824
     spin moment: {S} , |S| = {        0.0        0.0   -0.00000 }    -0.00000
   scf:    9   -25720.285870   -25720.291644   -25720.295897  0.013798 -6.122156  0.330623
     spin moment: {S} , |S| = {        0.0        0.0   -0.00000 }    -0.00000
   scf:   10   -25720.296016   -25720.295606   -25720.299737  0.012338 -6.119836  0.013770
     spin moment: {S} , |S| = {        0.0        0.0   -0.00000 }    -0.00000
   scf:   11   -25720.295600   -25720.295608   -25720.299751  0.002297 -6.120183  0.004454
     spin moment: {S} , |S| = {        0.0        0.0   -0.00000 }    -0.00000
   scf:   12   -25720.295599   -25720.295605   -25720.299752  0.000402 -6.120306  0.004813
     spin moment: {S} , |S| = {        0.0        0.0   -0.00000 }    -0.00000

SCF Convergence by DM criterion
max |DM_out - DM_in|         :     0.0004023634
max |H_out - H_in|      (eV) :     0.0048125112
SCF cycle converged after 12 iterations

Using DM_out to compute the final energy and forces
No. of atoms with KB's overlaping orbs in proc 0. Max # of overlaps:     145    1276

siesta: E_KS(eV) =           -25720.2956

siesta: Atomic forces (eV/Ang):
     1   -0.000000   -0.301879    0.000000
     2   -0.000000    0.095230   -0.000000
     3   -0.000000   -0.032696    0.000000
     4   -0.000000    0.251566   -0.000000
     5   -0.000000   -0.095490    0.000000
     6    0.000000    0.301367    0.000000
     7   -0.000000   -0.252089   -0.000000
     8   -0.000000    0.032492   -0.000000
     9    0.000000   -0.586649    0.000000
    10   -0.000000    0.587633    0.000001
----------------------------------------
   Tot   -0.000000   -0.000515    0.000000
----------------------------------------
   Max    0.587633
   Res    0.184261    sqrt( Sum f_i^2 / 3N )
----------------------------------------
   Max    0.587633    constrained

Stress tensor Voigt[x,y,z,yz,xz,xy] (kbar):       -6.89      -18.28       -2.47        0.00        0.00        0.00
(Free)E + p*V (eV/cell)   -25719.4076
Target enthalpy (eV/cell)   -25720.2998

siesta: Stress tensor (static) (eV/Ang**3):
        -0.004298    0.000000    0.000000
         0.000000   -0.011410   -0.000000
         0.000000    0.000000   -0.001542

siesta: Pressure (static):          9.21239368  kBar

siesta: Stress tensor (total) (eV/Ang**3):
        -0.004298    0.000000    0.000000
         0.000000   -0.011410   -0.000000
         0.000000    0.000000   -0.001542

siesta: Pressure (total):          9.21239368  kBar

                     ====================================
                        Begin CG opt. move =     12
                     ====================================
k-point displ. along   1 input, could be:     0.00    0.50
k-point displ. along   2 input, could be:     0.00    0.50
k-point displ. along   3 input, could be:     0.00    0.50
 Kpoints in:           32 . Kpoints trimmed:           31

siesta: k-grid: Number of k-points = 31
siesta: k-points from Monkhorst-Pack grid
siesta: k-cutoff (effective) =     7.997 Ang
siesta: k-point supercell and displacements
siesta: k-grid:     6     0     0      0.000
siesta: k-grid:     0     2     0      0.000
siesta: k-grid:     0     0     4      0.000

superc: Internal auxiliary supercell:    11 x     3 x     7  =     231
superc: Number of atoms, orbitals, and projectors:   2310  52206  41580

outcell: Unit cell vectors (Ang):
        2.853881    0.000000    0.000000
        0.000000   13.610704    0.000000
        0.000000    0.000000    3.998347

outcell: Cell vector modules (Ang)   :    2.853881   13.610704    3.998347
outcell: Cell angles (23,13,12) (deg):     90.0000     90.0000     90.0000
outcell: Cell volume (Ang**3)        :    155.3091
<dSpData1D:S at geom step 12
  <sparsity:sparsity for geom step 12
    nrows_g=226 nrows=12 sparsity=1.1648 nnzs=59491, refcount: 7>
  <dData1D:(new from dSpData1D) n=59491, refcount: 1>
refcount: 1>
new_DM -- step:    13
Re-using DM from previous geometries...
Number of DMs in history: 1
 DM extrapolation coefficients: 
1   1.00000
New DM after history re-use:
<dSpData2D:SpM extrapolated using coords
  <sparsity:sparsity for geom step 12
    nrows_g=226 nrows=12 sparsity=1.1648 nnzs=59491, refcount: 9>
  <dData2D:(temp array for extrapolation) n=59491 m=2, refcount: 1>
refcount: 1>
No. of atoms with KB's overlaping orbs in proc 0. Max # of overlaps:     145    1276

InitMesh: MESH = 30 x 144 x 48 = 207360
InitMesh: Mesh cutoff (required, used) =   300.000   305.403 Ry
New grid distribution [1]: sub = 2
New grid distribution [2]: sub = 2
New grid distribution [3]: sub = 2
Setting up quadratic distribution...

        iscf     Eharris(eV)        E_KS(eV)     FreeEng(eV)     dDmax    Ef(eV) dHmax(eV)
   scf:    1   -25720.244531   -25720.208387   -25720.212614  0.043875 -6.096350  1.422842
     spin moment: {S} , |S| = {        0.0        0.0   -0.00000 }    -0.00000
   scf:    2   -25573.309958   -25671.952871   -25671.961394  0.966425 -6.272232 37.769759
     spin moment: {S} , |S| = {        0.0        0.0    0.00000 }     0.00000
   scf:    3   -25721.648845   -25720.293203   -25720.297364  0.939412 -6.114294  0.249774
     spin moment: {S} , |S| = {        0.0        0.0   -0.00000 }    -0.00000
   scf:    4   -25720.291675   -25720.295418   -25720.299765  0.013234 -6.115121  0.135590
     spin moment: {S} , |S| = {        0.0        0.0   -0.00000 }    -0.00000
   scf:    5   -25720.293460   -25720.295685   -25720.299921  0.009131 -6.113624  0.117389
     spin moment: {S} , |S| = {        0.0        0.0   -0.00000 }    -0.00000
   scf:    6   -25720.296328   -25720.296038   -25720.300287  0.001810 -6.113782  0.082468
     spin moment: {S} , |S| = {        0.0        0.0   -0.00000 }    -0.00000
   scf:    7   -25720.295368   -25720.296129   -25720.300443  0.005575 -6.114316  0.055955
     spin moment: {S} , |S| = {        0.0        0.0   -0.00000 }    -0.00000
   scf:    8   -25720.296404   -25720.296326   -25720.300611  0.002229 -6.114002  0.010017
     spin moment: {S} , |S| = {        0.0        0.0   -0.00000 }    -0.00000
   scf:    9   -25720.296311   -25720.296334   -25720.300600  0.001348 -6.113985  0.019694
     spin moment: {S} , |S| = {        0.0        0.0   -0.00000 }    -0.00000
   scf:   10   -25720.296344   -25720.296344   -25720.300616  0.000563 -6.114029  0.005022
     spin moment: {S} , |S| = {        0.0        0.0   -0.00000 }    -0.00000
   scf:   11   -25720.296343   -25720.296344   -25720.300617  0.000356 -6.113997  0.000669
     spin moment: {S} , |S| = {        0.0        0.0   -0.00000 }    -0.00000

SCF Convergence by DM criterion
max |DM_out - DM_in|         :     0.0003564995
max |H_out - H_in|      (eV) :     0.0006690475
SCF cycle converged after 11 iterations

Using DM_out to compute the final energy and forces
No. of atoms with KB's overlaping orbs in proc 0. Max # of overlaps:     145    1276

siesta: E_KS(eV) =           -25720.2963

siesta: Atomic forces (eV/Ang):
     1    0.000000   -0.301583    0.000000
     2    0.000000    0.096283    0.000000
     3   -0.000000   -0.003708   -0.000000
     4    0.000000    0.161427    0.000000
     5   -0.000000   -0.096654    0.000000
     6    0.000000    0.301183   -0.000000
     7    0.000000   -0.162719   -0.000000
     8   -0.000000    0.004043    0.000000
     9   -0.000000   -0.559895    0.000000
    10   -0.000000    0.560727   -0.000000
----------------------------------------
   Tot    0.000000   -0.000897   -0.000000
----------------------------------------
   Max    0.560727
   Res    0.171342    sqrt( Sum f_i^2 / 3N )
----------------------------------------
   Max    0.560727    constrained

Stress tensor Voigt[x,y,z,yz,xz,xy] (kbar):       -6.04      -13.82       -1.61       -0.00       -0.00        0.00
(Free)E + p*V (eV/cell)   -25719.6072
Target enthalpy (eV/cell)   -25720.3006

siesta: Stress tensor (static) (eV/Ang**3):
        -0.003768    0.000000   -0.000000
         0.000000   -0.008624   -0.000000
        -0.000000   -0.000000   -0.001002

siesta: Pressure (static):          7.15380651  kBar

siesta: Stress tensor (total) (eV/Ang**3):
        -0.003768    0.000000   -0.000000
         0.000000   -0.008624   -0.000000
        -0.000000   -0.000000   -0.001002

siesta: Pressure (total):          7.15380651  kBar

cgvc: Finished line minimization    2.  Mean atomic displacement =    0.1083

                     ====================================
                        Begin CG opt. move =     13
                     ====================================
k-point displ. along   1 input, could be:     0.00    0.50
k-point displ. along   2 input, could be:     0.00    0.50
k-point displ. along   3 input, could be:     0.00    0.50
 Kpoints in:           32 . Kpoints trimmed:           31

siesta: k-grid: Number of k-points = 31
siesta: k-points from Monkhorst-Pack grid
siesta: k-cutoff (effective) =     8.000 Ang
siesta: k-point supercell and displacements
siesta: k-grid:     6     0     0      0.000
siesta: k-grid:     0     2     0      0.000
siesta: k-grid:     0     0     4      0.000

superc: Internal auxiliary supercell:    11 x     5 x     7  =     385
superc: Number of atoms, orbitals, and projectors:   3850  87010  69300

outcell: Unit cell vectors (Ang):
        2.863807   -0.000000    0.000000
       -0.000000   13.652515    0.000000
        0.000000    0.000000    4.000101

outcell: Cell vector modules (Ang)   :    2.863807   13.652515    4.000101
outcell: Cell angles (23,13,12) (deg):     90.0000     90.0000     90.0000
outcell: Cell volume (Ang**3)        :    156.3966
<dSpData1D:S at geom step 13
  <sparsity:sparsity for geom step 13
    nrows_g=226 nrows=12 sparsity=1.1542 nnzs=58952, refcount: 7>
  <dData1D:(new from dSpData1D) n=58952, refcount: 1>
refcount: 1>
new_DM -- step:    14
Re-using DM from previous geometries...
Number of DMs in history: 1
 DM extrapolation coefficients: 
1   1.00000
New DM after history re-use:
<dSpData2D:SpM extrapolated using coords
  <sparsity:sparsity for geom step 13
    nrows_g=226 nrows=12 sparsity=1.1542 nnzs=58952, refcount: 9>
  <dData2D:(temp array for extrapolation) n=58952 m=2, refcount: 1>
refcount: 1>
No. of atoms with KB's overlaping orbs in proc 0. Max # of overlaps:     143    1284

InitMesh: MESH = 30 x 144 x 48 = 207360
InitMesh: Mesh cutoff (required, used) =   300.000   303.289 Ry
New grid distribution [1]: sub = 2
New grid distribution [2]: sub = 2
New grid distribution [3]: sub = 2
Setting up quadratic distribution...

        iscf     Eharris(eV)        E_KS(eV)     FreeEng(eV)     dDmax    Ef(eV) dHmax(eV)
   scf:    1   -25698.641821   -25713.346415   -25713.353507  0.798896 -6.177487 13.860054
     spin moment: {S} , |S| = {        0.0        0.0    0.00000 }     0.00000
   scf:    2    -1490.257612   -17730.095969   -17730.099887109.921372 -2.524688495.960393
     spin moment: {S} , |S| = {        0.0        0.0    0.00000 }     0.00000
   scf:    3   -25746.594052   -25719.464918   -25719.468754109.908970 -6.096266  4.630683
     spin moment: {S} , |S| = {        0.0        0.0   -0.00000 }    -0.00000
   scf:    4   -25720.176850   -25720.290728   -25720.297770  0.289028 -6.095610  0.576891
     spin moment: {S} , |S| = {        0.0        0.0    0.00000 }     0.00000
   scf:    5   -25719.757802   -25720.146747   -25720.150758  0.214487 -6.089987  2.215233
     spin moment: {S} , |S| = {        0.0        0.0    0.00000 }     0.00000
   scf:    6   -25720.377045   -25720.291586   -25720.297170  0.099976 -6.096312  0.962172
     spin moment: {S} , |S| = {        0.0        0.0   -0.00000 }    -0.00000
   scf:    7   -25720.330247   -25720.317996   -25720.324336  0.057980 -6.097634  0.296044
     spin moment: {S} , |S| = {        0.0        0.0    0.00000 }     0.00000
   scf:    8   -25720.304445   -25720.312575   -25720.318680  0.025082 -6.095071  0.503161
     spin moment: {S} , |S| = {        0.0        0.0    0.00000 }     0.00000
   scf:    9   -25720.322610   -25720.321376   -25720.328092  0.052510 -6.098397  0.098021
     spin moment: {S} , |S| = {        0.0        0.0    0.00000 }     0.00000
   scf:   10   -25720.321410   -25720.321539   -25720.328218  0.007177 -6.097283  0.102197
     spin moment: {S} , |S| = {        0.0        0.0    0.00000 }     0.00000
   scf:   11   -25720.320422   -25720.321483   -25720.328343  0.017306 -6.097769  0.075708
     spin moment: {S} , |S| = {        0.0        0.0    0.00000 }     0.00000
   scf:   12   -25720.321833   -25720.321794   -25720.328555  0.009774 -6.097424  0.010776
     spin moment: {S} , |S| = {        0.0        0.0    0.00000 }     0.00000
   scf:   13   -25720.321638   -25720.321738   -25720.328541  0.003850 -6.097735  0.024444
     spin moment: {S} , |S| = {        0.0        0.0    0.00000 }     0.00000
   scf:   14   -25720.321812   -25720.321786   -25720.328563  0.002827 -6.097775  0.000606
     spin moment: {S} , |S| = {        0.0        0.0    0.00000 }     0.00000
   scf:   15   -25720.321786   -25720.321786   -25720.328563  0.000042 -6.097788  0.000591
     spin moment: {S} , |S| = {        0.0        0.0    0.00000 }     0.00000

SCF Convergence by DM criterion
max |DM_out - DM_in|         :     0.0000418396
max |H_out - H_in|      (eV) :     0.0005910308
SCF cycle converged after 15 iterations

Using DM_out to compute the final energy and forces
No. of atoms with KB's overlaping orbs in proc 0. Max # of overlaps:     143    1284

siesta: E_KS(eV) =           -25720.3218

siesta: Atomic forces (eV/Ang):
     1   -0.000000   -0.130260   -0.000000
     2   -0.000000    0.001805   -0.000000
     3    0.000000   -0.502113   -0.000000
     4   -0.000000   -0.272880   -0.000001
     5    0.000000   -0.001336    0.000001
     6   -0.000000    0.130819   -0.000001
     7   -0.000000    0.275277    0.000000
     8   -0.000000    0.502491    0.000000
     9    0.000001    0.623856   -0.000001
    10   -0.000001   -0.636285    0.000002
----------------------------------------
   Tot   -0.000001   -0.008625    0.000001
----------------------------------------
   Max    0.636285
   Res    0.222336    sqrt( Sum f_i^2 / 3N )
----------------------------------------
   Max    0.636285    constrained

Stress tensor Voigt[x,y,z,yz,xz,xy] (kbar):       -3.59      -20.93        3.95        0.00        0.00        0.00
(Free)E + p*V (eV/cell)   -25719.6590
Target enthalpy (eV/cell)   -25720.3286

siesta: Stress tensor (static) (eV/Ang**3):
        -0.002242    0.000000    0.000000
         0.000000   -0.013065    0.000000
         0.000000    0.000000    0.002464

siesta: Pressure (static):          6.85947457  kBar

siesta: Stress tensor (total) (eV/Ang**3):
        -0.002242    0.000000    0.000000
         0.000000   -0.013065    0.000000
         0.000000    0.000000    0.002464

siesta: Pressure (total):          6.85947457  kBar

                     ====================================
                        Begin CG opt. move =     14
                     ====================================
k-point displ. along   1 input, could be:     0.00    0.50
k-point displ. along   2 input, could be:     0.00    0.50
k-point displ. along   3 input, could be:     0.00    0.50
 Kpoints in:           32 . Kpoints trimmed:           31

siesta: k-grid: Number of k-points = 31
siesta: k-points from Monkhorst-Pack grid
siesta: k-cutoff (effective) =     7.999 Ang
siesta: k-point supercell and displacements
siesta: k-grid:     6     0     0      0.000
siesta: k-grid:     0     2     0      0.000
siesta: k-grid:     0     0     4      0.000

superc: Internal auxiliary supercell:    11 x     3 x     7  =     231
superc: Number of atoms, orbitals, and projectors:   2310  52206  41580

outcell: Unit cell vectors (Ang):
        2.859619   -0.000000    0.000000
       -0.000000   13.634875    0.000000
        0.000000    0.000000    3.999361

outcell: Cell vector modules (Ang)   :    2.859619   13.634875    3.999361
outcell: Cell angles (23,13,12) (deg):     90.0000     90.0000     90.0000
outcell: Cell volume (Ang**3)        :    155.9373
<dSpData1D:S at geom step 14
  <sparsity:sparsity for geom step 14
    nrows_g=226 nrows=12 sparsity=1.2041 nnzs=61499, refcount: 7>
  <dData1D:(new from dSpData1D) n=61499, refcount: 1>
refcount: 1>
new_DM -- step:    15
Re-using DM from previous geometries...
Number of DMs in history: 1
 DM extrapolation coefficients: 
1   1.00000
New DM after history re-use:
<dSpData2D:SpM extrapolated using coords
  <sparsity:sparsity for geom step 14
    nrows_g=226 nrows=12 sparsity=1.2041 nnzs=61499, refcount: 9>
  <dData2D:(temp array for extrapolation) n=61499 m=2, refcount: 1>
refcount: 1>
No. of atoms with KB's overlaping orbs in proc 0. Max # of overlaps:     145    1276

InitMesh: MESH = 30 x 144 x 48 = 207360
InitMesh: Mesh cutoff (required, used) =   300.000   304.178 Ry
New grid distribution [1]: sub = 2
New grid distribution [2]: sub = 2
New grid distribution [3]: sub = 2
Setting up quadratic distribution...

        iscf     Eharris(eV)        E_KS(eV)     FreeEng(eV)     dDmax    Ef(eV) dHmax(eV)
   scf:    1   -25719.951160   -25720.215551   -25720.221072  0.475672 -6.107629  1.744901
     spin moment: {S} , |S| = {        0.0        0.0    0.00000 }     0.00000
   scf:    2   -25527.294253   -25656.897812   -25656.904882  1.252576 -6.283660 43.276661
     spin moment: {S} , |S| = {        0.0        0.0   -0.00000 }    -0.00000
   scf:    3   -25723.473159   -25720.335853   -25720.342781  1.217324 -6.111373  0.325769
     spin moment: {S} , |S| = {        0.0        0.0    0.00000 }     0.00000
   scf:    4   -25720.288276   -25720.327133   -25720.333817  0.070457 -6.107515  0.755428
     spin moment: {S} , |S| = {        0.0        0.0    0.00000 }     0.00000
   scf:    5   -25720.350487   -25720.342120   -25720.349118  0.045188 -6.107779  0.308340
     spin moment: {S} , |S| = {        0.0        0.0    0.00000 }     0.00000
   scf:    6   -25720.343539   -25720.343067   -25720.350135  0.014786 -6.109444  0.281094
     spin moment: {S} , |S| = {        0.0        0.0    0.00000 }     0.00000
   scf:    7   -25720.345865   -25720.344778   -25720.351917  0.013948 -6.109530  0.138698
     spin moment: {S} , |S| = {        0.0        0.0    0.00000 }     0.00000
   scf:    8   -25720.336525   -25720.342996   -25720.350295  0.037289 -6.110578  0.271178
     spin moment: {S} , |S| = {        0.0        0.0    0.00000 }     0.00000
   scf:    9   -25720.345783   -25720.345292   -25720.352494  0.025120 -6.111132  0.042919
     spin moment: {S} , |S| = {        0.0        0.0    0.00000 }     0.00000
   scf:   10   -25720.345305   -25720.345315   -25720.352536  0.002396 -6.110480  0.019596
     spin moment: {S} , |S| = {        0.0        0.0    0.00000 }     0.00000
   scf:   11   -25720.345347   -25720.345339   -25720.352550  0.002307 -6.110533  0.002155
     spin moment: {S} , |S| = {        0.0        0.0    0.00000 }     0.00000
   scf:   12   -25720.345338   -25720.345338   -25720.352551  0.000203 -6.110540  0.001728
     spin moment: {S} , |S| = {        0.0        0.0    0.00000 }     0.00000

SCF Convergence by DM criterion
max |DM_out - DM_in|         :     0.0002029361
max |H_out - H_in|      (eV) :     0.0017282958
SCF cycle converged after 12 iterations

Using DM_out to compute the final energy and forces
No. of atoms with KB's overlaping orbs in proc 0. Max # of overlaps:     145    1276

siesta: E_KS(eV) =           -25720.3453

siesta: Atomic forces (eV/Ang):
     1   -0.000000   -0.181372    0.000000
     2   -0.000000    0.035844    0.000000
     3   -0.000000   -0.261661   -0.000000
     4    0.000001   -0.114110   -0.000000
     5    0.000000   -0.035545   -0.000001
     6    0.000000    0.181804   -0.000000
     7   -0.000000    0.114650    0.000000
     8    0.000000    0.262001    0.000000
     9    0.000001    0.093498   -0.000002
    10   -0.000000   -0.094820    0.000002
----------------------------------------
   Tot    0.000001    0.000288    0.000000
----------------------------------------
   Max    0.262001
   Res    0.091197    sqrt( Sum f_i^2 / 3N )
----------------------------------------
   Max    0.262001    constrained

Stress tensor Voigt[x,y,z,yz,xz,xy] (kbar):       -5.36      -12.98        1.27        0.00        0.00        0.00
(Free)E + p*V (eV/cell)   -25719.7987
Target enthalpy (eV/cell)   -25720.3526

siesta: Stress tensor (static) (eV/Ang**3):
        -0.003343    0.000000   -0.000000
         0.000000   -0.008104    0.000000
         0.000000    0.000000    0.000792

siesta: Pressure (static):          5.69095101  kBar

siesta: Stress tensor (total) (eV/Ang**3):
        -0.003343    0.000000   -0.000000
         0.000000   -0.008104    0.000000
         0.000000    0.000000    0.000792

siesta: Pressure (total):          5.69095101  kBar

cgvc: Finished line minimization    3.  Mean atomic displacement =    0.0626

                     ====================================
                        Begin CG opt. move =     15
                     ====================================
k-point displ. along   1 input, could be:     0.00    0.50
k-point displ. along   2 input, could be:     0.00    0.50
k-point displ. along   3 input, could be:     0.00    0.50
 Kpoints in:           32 . Kpoints trimmed:           31

siesta: k-grid: Number of k-points = 31
siesta: k-points from Monkhorst-Pack grid
siesta: k-cutoff (effective) =     7.995 Ang
siesta: k-point supercell and displacements
siesta: k-grid:     6     0     0      0.000
siesta: k-grid:     0     2     0      0.000
siesta: k-grid:     0     0     4      0.000

superc: Internal auxiliary supercell:    11 x     3 x     7  =     231
superc: Number of atoms, orbitals, and projectors:   2310  52206  41580

outcell: Unit cell vectors (Ang):
        2.869946   -0.000000    0.000000
       -0.000000   13.738623    0.000000
        0.000000    0.000000    3.997288

outcell: Cell vector modules (Ang)   :    2.869946   13.738623    3.997288
outcell: Cell angles (23,13,12) (deg):     90.0000     90.0000     90.0000
outcell: Cell volume (Ang**3)        :    157.6095
<dSpData1D:S at geom step 15
  <sparsity:sparsity for geom step 15
    nrows_g=226 nrows=12 sparsity=1.1325 nnzs=57842, refcount: 7>
  <dData1D:(new from dSpData1D) n=57842, refcount: 1>
refcount: 1>
new_DM -- step:    16
Re-using DM from previous geometries...
Number of DMs in history: 1
 DM extrapolation coefficients: 
1   1.00000
New DM after history re-use:
<dSpData2D:SpM extrapolated using coords
  <sparsity:sparsity for geom step 15
    nrows_g=226 nrows=12 sparsity=1.1325 nnzs=57842, refcount: 9>
  <dData2D:(temp array for extrapolation) n=57842 m=2, refcount: 1>
refcount: 1>
No. of atoms with KB's overlaping orbs in proc 0. Max # of overlaps:     142    1276

InitMesh: MESH = 30 x 144 x 48 = 207360
InitMesh: Mesh cutoff (required, used) =   300.000   301.993 Ry
New grid distribution [1]: sub = 2
New grid distribution [2]: sub = 2
New grid distribution [3]: sub = 2
Setting up quadratic distribution...

        iscf     Eharris(eV)        E_KS(eV)     FreeEng(eV)     dDmax    Ef(eV) dHmax(eV)
   scf:    1   -25718.164039   -25719.604950   -25719.607200  0.587854 -6.064224  4.117670
     spin moment: {S} , |S| = {        0.0        0.0    0.00000 }     0.00000
   scf:    2   -21123.241684   -24196.741365   -24196.766585  6.709383 -3.966976228.910281
     spin moment: {S} , |S| = {        0.0        0.0    0.00000 }     0.00000
   scf:    3   -25716.136232   -25720.091563   -25720.094506  6.642822 -6.062698  2.771164
     spin moment: {S} , |S| = {        0.0        0.0    0.00000 }     0.00000
   scf:    4   -25720.451120   -25720.320783   -25720.325631  0.122991 -6.070283  1.200738
     spin moment: {S} , |S| = {        0.0        0.0    0.00000 }     0.00000
   scf:    5   -25720.306265   -25720.358354   -25720.365260  0.149771 -6.066335  0.648568
     spin moment: {S} , |S| = {        0.0        0.0    0.00000 }     0.00000
   scf:    6   -25720.344366   -25720.352001   -25720.359186  0.026256 -6.067195  0.798056
     spin moment: {S} , |S| = {        0.0        0.0   -0.00000 }    -0.00000
   scf:    7   -25720.356393   -25720.367842   -25720.374024  0.081077 -6.071924  0.270337
     spin moment: {S} , |S| = {        0.0        0.0   -0.00000 }    -0.00000
   scf:    8   -25720.353522   -25720.361967   -25720.367792  0.027527 -6.071433  0.547026
     spin moment: {S} , |S| = {        0.0        0.0   -0.00000 }    -0.00000
   scf:    9   -25720.366248   -25720.364202   -25720.370121  0.006997 -6.071318  0.462781
     spin moment: {S} , |S| = {        0.0        0.0   -0.00000 }    -0.00000
   scf:   10   -25720.371302   -25720.368803   -25720.375031  0.023642 -6.070832  0.180645
     spin moment: {S} , |S| = {        0.0        0.0   -0.00000 }    -0.00000
   scf:   11   -25720.369419   -25720.369492   -25720.375895  0.013583 -6.070218  0.013374
     spin moment: {S} , |S| = {        0.0        0.0   -0.00000 }    -0.00000
   scf:   12   -25720.369458   -25720.369478   -25720.375903  0.001961 -6.070346  0.007331
     spin moment: {S} , |S| = {        0.0        0.0   -0.00000 }    -0.00000
   scf:   13   -25720.369490   -25720.369485   -25720.375905  0.000783 -6.070401  0.001879
     spin moment: {S} , |S| = {        0.0        0.0   -0.00000 }    -0.00000
   scf:   14   -25720.369481   -25720.369483   -25720.375905  0.000158 -6.070408  0.001081
     spin moment: {S} , |S| = {        0.0        0.0   -0.00000 }    -0.00000

SCF Convergence by DM criterion
max |DM_out - DM_in|         :     0.0001584835
max |H_out - H_in|      (eV) :     0.0010806466
SCF cycle converged after 14 iterations

Using DM_out to compute the final energy and forces
No. of atoms with KB's overlaping orbs in proc 0. Max # of overlaps:     142    1276

siesta: E_KS(eV) =           -25720.3695

siesta: Atomic forces (eV/Ang):
     1   -0.000000    0.003801   -0.000001
     2    0.000000   -0.090300   -0.000002
     3   -0.000000    0.225071    0.000000
     4    0.000000   -0.073552    0.000003
     5   -0.000000    0.090404    0.000001
     6   -0.000001   -0.003543   -0.000000
     7    0.000001    0.074029   -0.000002
     8    0.000001   -0.225190    0.000000
     9    0.000000   -0.059966    0.000002
    10    0.000002    0.059940   -0.000005
----------------------------------------
   Tot    0.000002    0.000693   -0.000003
----------------------------------------
   Max    0.225190
   Res    0.067281    sqrt( Sum f_i^2 / 3N )
----------------------------------------
   Max    0.225190    constrained

Stress tensor Voigt[x,y,z,yz,xz,xy] (kbar):        5.08       -3.19        8.15       -0.00        0.00       -0.00
(Free)E + p*V (eV/cell)   -25720.7049
Target enthalpy (eV/cell)   -25720.3759

siesta: Stress tensor (static) (eV/Ang**3):
         0.003170    0.000000    0.000000
        -0.000000   -0.001992   -0.000000
         0.000000   -0.000000    0.005084

siesta: Pressure (static):         -3.34477414  kBar

siesta: Stress tensor (total) (eV/Ang**3):
         0.003170    0.000000    0.000000
        -0.000000   -0.001992   -0.000000
         0.000000   -0.000000    0.005084

siesta: Pressure (total):         -3.34477414  kBar

                     ====================================
                        Begin CG opt. move =     16
                     ====================================
k-point displ. along   1 input, could be:     0.00    0.50
k-point displ. along   2 input, could be:     0.00    0.50
k-point displ. along   3 input, could be:     0.00    0.50
 Kpoints in:           32 . Kpoints trimmed:           31

siesta: k-grid: Number of k-points = 31
siesta: k-points from Monkhorst-Pack grid
siesta: k-cutoff (effective) =     7.995 Ang
siesta: k-point supercell and displacements
siesta: k-grid:     6     0     0      0.000
siesta: k-grid:     0     2     0      0.000
siesta: k-grid:     0     0     4      0.000

superc: Internal auxiliary supercell:    11 x     3 x     7  =     231
superc: Number of atoms, orbitals, and projectors:   2310  52206  41580

outcell: Unit cell vectors (Ang):
        2.867807   -0.000000    0.000000
       -0.000000   13.717130    0.000000
        0.000000    0.000000    3.997718

outcell: Cell vector modules (Ang)   :    2.867807   13.717130    3.997718
outcell: Cell angles (23,13,12) (deg):     90.0000     90.0000     90.0000
outcell: Cell volume (Ang**3)        :    157.2625
<dSpData1D:S at geom step 16
  <sparsity:sparsity for geom step 16
    nrows_g=226 nrows=12 sparsity=1.1325 nnzs=57842, refcount: 7>
  <dData1D:(new from dSpData1D) n=57842, refcount: 1>
refcount: 1>
new_DM -- step:    17
Re-using DM from previous geometries...
Number of DMs in history: 1
 DM extrapolation coefficients: 
1   1.00000
New DM after history re-use:
<dSpData2D:SpM extrapolated using coords
  <sparsity:sparsity for geom step 16
    nrows_g=226 nrows=12 sparsity=1.1325 nnzs=57842, refcount: 9>
  <dData2D:(temp array for extrapolation) n=57842 m=2, refcount: 1>
refcount: 1>
No. of atoms with KB's overlaping orbs in proc 0. Max # of overlaps:     142    1276

InitMesh: MESH = 30 x 144 x 48 = 207360
InitMesh: Mesh cutoff (required, used) =   300.000   302.444 Ry
New grid distribution [1]: sub = 2
New grid distribution [2]: sub = 2
New grid distribution [3]: sub = 2
Setting up quadratic distribution...

        iscf     Eharris(eV)        E_KS(eV)     FreeEng(eV)     dDmax    Ef(eV) dHmax(eV)
   scf:    1   -25720.402372   -25720.356948   -25720.364479  0.145126 -6.087448  0.485069
     spin moment: {S} , |S| = {        0.0        0.0    0.00000 }     0.00000
   scf:    2   -25707.667538   -25716.202267   -25716.205678  0.545839 -6.130069 10.306367
     spin moment: {S} , |S| = {        0.0        0.0    0.00000 }     0.00000
   scf:    3   -25720.592102   -25720.369264   -25720.376198  0.462195 -6.082026  0.147324
     spin moment: {S} , |S| = {        0.0        0.0    0.00000 }     0.00000
   scf:    4   -25720.367249   -25720.369218   -25720.376331  0.019649 -6.080361  0.139827
     spin moment: {S} , |S| = {        0.0        0.0    0.00000 }     0.00000
   scf:    5   -25720.330022   -25720.358890   -25720.365142  0.089705 -6.077730  0.594742
     spin moment: {S} , |S| = {        0.0        0.0    0.00000 }     0.00000
   scf:    6   -25720.374375   -25720.368810   -25720.375483  0.040136 -6.078671  0.230603
     spin moment: {S} , |S| = {        0.0        0.0    0.00000 }     0.00000
   scf:    7   -25720.370164   -25720.370432   -25720.377369  0.027837 -6.079291  0.012101
     spin moment: {S} , |S| = {        0.0        0.0    0.00000 }     0.00000
   scf:    8   -25720.370309   -25720.370384   -25720.377352  0.003425 -6.079352  0.029061
     spin moment: {S} , |S| = {        0.0        0.0   -0.00000 }    -0.00000
   scf:    9   -25720.370228   -25720.370312   -25720.377301  0.002362 -6.079373  0.047731
     spin moment: {S} , |S| = {        0.0        0.0    0.00000 }     0.00000
   scf:   10   -25720.370500   -25720.370427   -25720.377378  0.004301 -6.079242  0.013021
     spin moment: {S} , |S| = {        0.0        0.0    0.00000 }     0.00000
   scf:   11   -25720.370462   -25720.370448   -25720.377384  0.001593 -6.079167  0.000795
     spin moment: {S} , |S| = {        0.0        0.0    0.00000 }     0.00000
   scf:   12   -25720.370448   -25720.370448   -25720.377384  0.000073 -6.079159  0.000514
     spin moment: {S} , |S| = {        0.0        0.0    0.00000 }     0.00000

SCF Convergence by DM criterion
max |DM_out - DM_in|         :     0.0000734123
max |H_out - H_in|      (eV) :     0.0005136437
SCF cycle converged after 12 iterations

Using DM_out to compute the final energy and forces
No. of atoms with KB's overlaping orbs in proc 0. Max # of overlaps:     142    1276

siesta: E_KS(eV) =           -25720.3704

siesta: Atomic forces (eV/Ang):
     1    0.000001   -0.043609   -0.000000
     2    0.000000   -0.070792   -0.000001
     3    0.000000    0.120015    0.000000
     4   -0.000001   -0.078689    0.000002
     5   -0.000000    0.070869    0.000001
     6    0.000000    0.044132    0.000001
     7   -0.000000    0.079255   -0.000002
     8   -0.000000   -0.120864    0.000001
     9   -0.000000   -0.036099   -0.000000
    10    0.000001    0.036123   -0.000001
----------------------------------------
   Tot   -0.000000    0.000342   -0.000001
----------------------------------------
   Max    0.120864
   Res    0.043961    sqrt( Sum f_i^2 / 3N )
----------------------------------------
   Max    0.120864    constrained

Stress tensor Voigt[x,y,z,yz,xz,xy] (kbar):        2.92       -5.10        7.24       -0.00        0.00        0.00
(Free)E + p*V (eV/cell)   -25720.5429
Target enthalpy (eV/cell)   -25720.3774

siesta: Stress tensor (static) (eV/Ang**3):
         0.001823    0.000000   -0.000000
         0.000000   -0.003182   -0.000000
         0.000000   -0.000000    0.004516

siesta: Pressure (static):         -1.68631481  kBar

siesta: Stress tensor (total) (eV/Ang**3):
         0.001823    0.000000   -0.000000
         0.000000   -0.003182   -0.000000
         0.000000   -0.000000    0.004516

siesta: Pressure (total):         -1.68631481  kBar

cgvc: Finished line minimization    4.  Mean atomic displacement =    0.0496

                     ====================================
                        Begin CG opt. move =     17
                     ====================================
k-point displ. along   1 input, could be:     0.00    0.50
k-point displ. along   2 input, could be:     0.00    0.50
k-point displ. along   3 input, could be:     0.00    0.50
 Kpoints in:           32 . Kpoints trimmed:           31

siesta: k-grid: Number of k-points = 31
siesta: k-points from Monkhorst-Pack grid
siesta: k-cutoff (effective) =     7.953 Ang
siesta: k-point supercell and displacements
siesta: k-grid:     6     0     0      0.000
siesta: k-grid:     0     2     0      0.000
siesta: k-grid:     0     0     4      0.000

superc: Internal auxiliary supercell:    11 x     3 x     7  =     231
superc: Number of atoms, orbitals, and projectors:   2310  52206  41580

outcell: Unit cell vectors (Ang):
        2.866993   -0.000000   -0.000000
       -0.000000   13.816492    0.000000
       -0.000000    0.000000    3.976667

outcell: Cell vector modules (Ang)   :    2.866993   13.816492    3.976667
outcell: Cell angles (23,13,12) (deg):     90.0000     90.0000     90.0000
outcell: Cell volume (Ang**3)        :    157.5229
<dSpData1D:S at geom step 17
  <sparsity:sparsity for geom step 17
    nrows_g=226 nrows=12 sparsity=1.1724 nnzs=59882, refcount: 7>
  <dData1D:(new from dSpData1D) n=59882, refcount: 1>
refcount: 1>
new_DM -- step:    18
Re-using DM from previous geometries...
Number of DMs in history: 1
 DM extrapolation coefficients: 
1   1.00000
New DM after history re-use:
<dSpData2D:SpM extrapolated using coords
  <sparsity:sparsity for geom step 17
    nrows_g=226 nrows=12 sparsity=1.1724 nnzs=59882, refcount: 9>
  <dData2D:(temp array for extrapolation) n=59882 m=2, refcount: 1>
refcount: 1>
No. of atoms with KB's overlaping orbs in proc 0. Max # of overlaps:     142    1276

InitMesh: MESH = 30 x 144 x 48 = 207360
InitMesh: Mesh cutoff (required, used) =   300.000   300.214 Ry
New grid distribution [1]: sub = 2
New grid distribution [2]: sub = 2
New grid distribution [3]: sub = 2
Setting up quadratic distribution...

        iscf     Eharris(eV)        E_KS(eV)     FreeEng(eV)     dDmax    Ef(eV) dHmax(eV)
   scf:    1   -25719.683153   -25720.313944   -25720.316406  0.388561 -6.032662  1.028389
     spin moment: {S} , |S| = {        0.0        0.0    0.00000 }     0.00000
   scf:    2   -25696.677850   -25712.660129   -25712.669992  1.044081 -6.075134 13.717236
     spin moment: {S} , |S| = {        0.0        0.0   -0.00000 }    -0.00000
   scf:    3   -25720.464410   -25720.376268   -25720.379102  1.026581 -6.040455  0.401801
     spin moment: {S} , |S| = {        0.0        0.0   -0.00000 }    -0.00000
   scf:    4   -25720.388031   -25720.385013   -25720.388007  0.012716 -6.042694  0.096544
     spin moment: {S} , |S| = {        0.0        0.0    0.00000 }     0.00000
   scf:    5   -25720.386779   -25720.386896   -25720.389857  0.025683 -6.044356  0.137350
     spin moment: {S} , |S| = {        0.0        0.0   -0.00000 }    -0.00000
   scf:    6   -25720.387796   -25720.387513   -25720.390456  0.003337 -6.044963  0.039669
     spin moment: {S} , |S| = {        0.0        0.0   -0.00000 }    -0.00000
   scf:    7   -25720.385640   -25720.387024   -25720.389961  0.006006 -6.046022  0.135240
     spin moment: {S} , |S| = {        0.0        0.0   -0.00000 }    -0.00000
   scf:    8   -25720.387820   -25720.387534   -25720.390502  0.003490 -6.045728  0.051704
     spin moment: {S} , |S| = {        0.0        0.0   -0.00000 }    -0.00000
   scf:    9   -25720.387647   -25720.387613   -25720.390590  0.001033 -6.045611  0.015565
     spin moment: {S} , |S| = {        0.0        0.0   -0.00000 }    -0.00000
   scf:   10   -25720.387548   -25720.387600   -25720.390588  0.001178 -6.045610  0.018591
     spin moment: {S} , |S| = {        0.0        0.0    0.00000 }     0.00000
   scf:   11   -25720.387622   -25720.387616   -25720.390600  0.000516 -6.045683  0.002026
     spin moment: {S} , |S| = {        0.0        0.0   -0.00000 }    -0.00000
   scf:   12   -25720.387617   -25720.387617   -25720.390600  0.000175 -6.045711  0.001341
     spin moment: {S} , |S| = {        0.0        0.0   -0.00000 }    -0.00000

SCF Convergence by DM criterion
max |DM_out - DM_in|         :     0.0001749683
max |H_out - H_in|      (eV) :     0.0013414455
SCF cycle converged after 12 iterations

Using DM_out to compute the final energy and forces
No. of atoms with KB's overlaping orbs in proc 0. Max # of overlaps:     142    1276

siesta: E_KS(eV) =           -25720.3876

siesta: Atomic forces (eV/Ang):
     1   -0.000000    0.085470   -0.000000
     2   -0.000000    0.006062    0.000001
     3    0.000000    0.103034    0.000001
     4    0.000001   -0.009278   -0.000002
     5    0.000000   -0.005630   -0.000001
     6   -0.000001   -0.086570   -0.000001
     7    0.000001    0.008989    0.000002
     8    0.000001   -0.101860   -0.000000
     9    0.000000    0.098204   -0.000001
    10   -0.000001   -0.096947    0.000001
----------------------------------------
   Tot    0.000000    0.001473   -0.000000
----------------------------------------
   Max    0.103034
   Res    0.042844    sqrt( Sum f_i^2 / 3N )
----------------------------------------
   Max    0.103034    constrained

Stress tensor Voigt[x,y,z,yz,xz,xy] (kbar):       -0.37       -7.14        3.93        0.00        0.00       -0.00
(Free)E + p*V (eV/cell)   -25720.2732
Target enthalpy (eV/cell)   -25720.3906

siesta: Stress tensor (static) (eV/Ang**3):
        -0.000233   -0.000000    0.000000
        -0.000000   -0.004455    0.000000
         0.000000    0.000000    0.002453

siesta: Pressure (static):          1.19401691  kBar

siesta: Stress tensor (total) (eV/Ang**3):
        -0.000233   -0.000000    0.000000
        -0.000000   -0.004455    0.000000
         0.000000    0.000000    0.002453

siesta: Pressure (total):          1.19401691  kBar

                     ====================================
                        Begin CG opt. move =     18
                     ====================================
k-point displ. along   1 input, could be:     0.00    0.50
k-point displ. along   2 input, could be:     0.00    0.50
k-point displ. along   3 input, could be:     0.00    0.50
 Kpoints in:           32 . Kpoints trimmed:           31

siesta: k-grid: Number of k-points = 31
siesta: k-points from Monkhorst-Pack grid
siesta: k-cutoff (effective) =     7.886 Ang
siesta: k-point supercell and displacements
siesta: k-grid:     6     0     0      0.000
siesta: k-grid:     0     2     0      0.000
siesta: k-grid:     0     0     4      0.000

superc: Internal auxiliary supercell:    11 x     3 x     7  =     231
superc: Number of atoms, orbitals, and projectors:   2310  52206  41580

outcell: Unit cell vectors (Ang):
        2.865692   -0.000000   -0.000000
       -0.000000   13.975471    0.000000
       -0.000000    0.000000    3.942986

outcell: Cell vector modules (Ang)   :    2.865692   13.975471    3.942986
outcell: Cell angles (23,13,12) (deg):     90.0000     90.0000     90.0000
outcell: Cell volume (Ang**3)        :    157.9142
<dSpData1D:S at geom step 18
  <sparsity:sparsity for geom step 18
    nrows_g=226 nrows=12 sparsity=1.1643 nnzs=59470, refcount: 7>
  <dData1D:(new from dSpData1D) n=59470, refcount: 1>
refcount: 1>
new_DM -- step:    19
Re-using DM from previous geometries...
Number of DMs in history: 1
 DM extrapolation coefficients: 
1   1.00000
New DM after history re-use:
<dSpData2D:SpM extrapolated using coords
  <sparsity:sparsity for geom step 18
    nrows_g=226 nrows=12 sparsity=1.1643 nnzs=59470, refcount: 9>
  <dData2D:(temp array for extrapolation) n=59470 m=2, refcount: 1>
refcount: 1>
No. of atoms with KB's overlaping orbs in proc 0. Max # of overlaps:     142    1237

InitMesh: MESH = 30 x 150 x 48 = 216000
InitMesh: Mesh cutoff (required, used) =   300.000   302.890 Ry
New grid distribution [1]: sub = 2
New grid distribution [2]: sub = 2
New grid distribution [3]: sub = 2
Setting up quadratic distribution...

        iscf     Eharris(eV)        E_KS(eV)     FreeEng(eV)     dDmax    Ef(eV) dHmax(eV)
   scf:    1   -25719.035079   -25720.219623   -25720.225248  0.445199 -6.004138  1.423604
     spin moment: {S} , |S| = {        0.0        0.0   -0.00000 }    -0.00000
   scf:    2   -25669.617387   -25703.780415   -25703.788474  1.297478 -6.028228 20.312759
     spin moment: {S} , |S| = {        0.0        0.0    0.00000 }     0.00000
   scf:    3   -25720.586415   -25720.333973   -25720.339667  1.273506 -6.016599  0.482813
     spin moment: {S} , |S| = {        0.0        0.0   -0.00000 }    -0.00000
   scf:    4   -25720.358216   -25720.350639   -25720.356356  0.019212 -6.019613  0.167881
     spin moment: {S} , |S| = {        0.0        0.0   -0.00000 }    -0.00000
   scf:    5   -25720.361538   -25720.357459   -25720.363163  0.032477 -6.020048  0.104734
     spin moment: {S} , |S| = {        0.0        0.0    0.00000 }     0.00000
   scf:    6   -25720.358678   -25720.358170   -25720.363873  0.009447 -6.020632  0.070608
     spin moment: {S} , |S| = {        0.0        0.0   -0.00000 }    -0.00000
   scf:    7   -25720.354268   -25720.357285   -25720.363001  0.010765 -6.023322  0.204192
     spin moment: {S} , |S| = {        0.0        0.0   -0.00000 }    -0.00000
   scf:    8   -25720.358799   -25720.358151   -25720.363882  0.001704 -6.022596  0.118446
     spin moment: {S} , |S| = {        0.0        0.0   -0.00000 }    -0.00000
   scf:    9   -25720.358674   -25720.358599   -25720.364363  0.003591 -6.021869  0.017414
     spin moment: {S} , |S| = {        0.0        0.0   -0.00000 }    -0.00000
   scf:   10   -25720.358498   -25720.358572   -25720.364348  0.001411 -6.021755  0.028070
     spin moment: {S} , |S| = {        0.0        0.0    0.00000 }     0.00000
   scf:   11   -25720.358614   -25720.358604   -25720.364373  0.000697 -6.022029  0.002901
     spin moment: {S} , |S| = {        0.0        0.0    0.00000 }     0.00000
   scf:   12   -25720.358606   -25720.358605   -25720.364374  0.000655 -6.022114  0.000500
     spin moment: {S} , |S| = {        0.0        0.0   -0.00000 }    -0.00000
   scf:   13   -25720.358605   -25720.358605   -25720.364374  0.000067 -6.022120  0.000370
     spin moment: {S} , |S| = {        0.0        0.0   -0.00000 }    -0.00000

SCF Convergence by DM criterion
max |DM_out - DM_in|         :     0.0000674806
max |H_out - H_in|      (eV) :     0.0003699448
SCF cycle converged after 13 iterations

Using DM_out to compute the final energy and forces
No. of atoms with KB's overlaping orbs in proc 0. Max # of overlaps:     142    1237

siesta: E_KS(eV) =           -25720.3586

siesta: Atomic forces (eV/Ang):
     1    0.000000    0.239011    0.000002
     2   -0.000000    0.015512    0.000003
     3    0.000001    0.011350    0.000001
     4    0.000002    0.103493   -0.000007
     5    0.000001   -0.015330   -0.000002
     6   -0.000001   -0.240189   -0.000002
     7    0.000001   -0.106213    0.000003
     8   -0.000000   -0.009811   -0.000000
     9   -0.000000    0.233813   -0.000004
    10   -0.000002   -0.231647    0.000006
----------------------------------------
   Tot    0.000001   -0.000011   -0.000001
----------------------------------------
   Max    0.240189
   Res    0.090524    sqrt( Sum f_i^2 / 3N )
----------------------------------------
   Max    0.240189    constrained

Stress tensor Voigt[x,y,z,yz,xz,xy] (kbar):       -5.52       -7.01        1.40       -0.00       -0.00       -0.00
(Free)E + p*V (eV/cell)   -25719.9986
Target enthalpy (eV/cell)   -25720.3644

siesta: Stress tensor (static) (eV/Ang**3):
        -0.003447   -0.000000   -0.000000
        -0.000000   -0.004375   -0.000000
        -0.000000   -0.000000    0.000873

siesta: Pressure (static):          3.71100604  kBar

siesta: Stress tensor (total) (eV/Ang**3):
        -0.003447   -0.000000   -0.000000
        -0.000000   -0.004375   -0.000000
        -0.000000   -0.000000    0.000873

siesta: Pressure (total):          3.71100604  kBar

                     ====================================
                        Begin CG opt. move =     19
                     ====================================
k-point displ. along   1 input, could be:     0.00    0.50
k-point displ. along   2 input, could be:     0.00    0.50
k-point displ. along   3 input, could be:     0.00    0.50
 Kpoints in:           32 . Kpoints trimmed:           31

siesta: k-grid: Number of k-points = 31
siesta: k-points from Monkhorst-Pack grid
siesta: k-cutoff (effective) =     7.950 Ang
siesta: k-point supercell and displacements
siesta: k-grid:     6     0     0      0.000
siesta: k-grid:     0     2     0      0.000
siesta: k-grid:     0     0     4      0.000

superc: Internal auxiliary supercell:    11 x     3 x     7  =     231
superc: Number of atoms, orbitals, and projectors:   2310  52206  41580

outcell: Unit cell vectors (Ang):
        2.866937   -0.000000   -0.000000
       -0.000000   13.823386    0.000000
       -0.000000    0.000000    3.975207

outcell: Cell vector modules (Ang)   :    2.866937   13.823386    3.975207
outcell: Cell angles (23,13,12) (deg):     90.0000     90.0000     90.0000
outcell: Cell volume (Ang**3)        :    157.5405
<dSpData1D:S at geom step 19
  <sparsity:sparsity for geom step 19
    nrows_g=226 nrows=12 sparsity=1.1724 nnzs=59882, refcount: 7>
  <dData1D:(new from dSpData1D) n=59882, refcount: 1>
refcount: 1>
new_DM -- step:    20
Re-using DM from previous geometries...
Number of DMs in history: 1
 DM extrapolation coefficients: 
1   1.00000
New DM after history re-use:
<dSpData2D:SpM extrapolated using coords
  <sparsity:sparsity for geom step 19
    nrows_g=226 nrows=12 sparsity=1.1724 nnzs=59882, refcount: 9>
  <dData2D:(temp array for extrapolation) n=59882 m=2, refcount: 1>
refcount: 1>
No. of atoms with KB's overlaping orbs in proc 0. Max # of overlaps:     142    1276

InitMesh: MESH = 30 x 150 x 48 = 216000
InitMesh: Mesh cutoff (required, used) =   300.000   302.627 Ry
New grid distribution [1]: sub = 2
New grid distribution [2]: sub = 2
New grid distribution [3]: sub = 2
Setting up quadratic distribution...

        iscf     Eharris(eV)        E_KS(eV)     FreeEng(eV)     dDmax    Ef(eV) dHmax(eV)
   scf:    1   -25720.802513   -25720.167868   -25720.171598  0.395030 -6.081559  2.649350
     spin moment: {S} , |S| = {        0.0        0.0    0.00000 }     0.00000
   scf:    2   -25247.826298   -25564.178514   -25564.200465  1.827214 -5.069594 78.828645
     spin moment: {S} , |S| = {        0.0        0.0   -0.00000 }    -0.00000
   scf:    3   -25722.642630   -25720.341139   -25720.344319  1.816003 -6.062006  0.836671
     spin moment: {S} , |S| = {        0.0        0.0    0.00000 }     0.00000
   scf:    4   -25720.348551   -25720.368378   -25720.371357  0.026439 -6.044621  0.544455
     spin moment: {S} , |S| = {        0.0        0.0    0.00000 }     0.00000
   scf:    5   -25720.336068   -25720.370535   -25720.373706  0.036627 -6.051073  0.684119
     spin moment: {S} , |S| = {        0.0        0.0    0.00000 }     0.00000
   scf:    6   -25720.384161   -25720.378238   -25720.381414  0.010724 -6.047900  0.409019
     spin moment: {S} , |S| = {        0.0        0.0   -0.00000 }    -0.00000
   scf:    7   -25720.383323   -25720.381121   -25720.384287  0.003829 -6.046236  0.248439
     spin moment: {S} , |S| = {        0.0        0.0    0.00000 }     0.00000
   scf:    8   -25720.337809   -25720.370311   -25720.373421  0.018178 -6.038764  0.717085
     spin moment: {S} , |S| = {        0.0        0.0   -0.00000 }    -0.00000
   scf:    9   -25720.386182   -25720.379727   -25720.382829  0.007166 -6.041221  0.358759
     spin moment: {S} , |S| = {        0.0        0.0    0.00000 }     0.00000
   scf:   10   -25720.383781   -25720.382827   -25720.385941  0.005591 -6.043316  0.055015
     spin moment: {S} , |S| = {        0.0        0.0   -0.00000 }    -0.00000
   scf:   11   -25720.382904   -25720.382911   -25720.386029  0.001584 -6.043497  0.005781
     spin moment: {S} , |S| = {        0.0        0.0   -0.00000 }    -0.00000
   scf:   12   -25720.382911   -25720.382911   -25720.386030  0.000328 -6.043409  0.003693
     spin moment: {S} , |S| = {        0.0        0.0   -0.00000 }    -0.00000

SCF Convergence by DM criterion
max |DM_out - DM_in|         :     0.0003281842
max |H_out - H_in|      (eV) :     0.0036925718
SCF cycle converged after 12 iterations

Using DM_out to compute the final energy and forces
No. of atoms with KB's overlaping orbs in proc 0. Max # of overlaps:     142    1276

siesta: E_KS(eV) =           -25720.3829

siesta: Atomic forces (eV/Ang):
     1    0.000000    0.096697    0.000001
     2    0.000000    0.009439    0.000002
     3    0.000001    0.096292    0.000001
     4    0.000000   -0.003639   -0.000002
     5   -0.000000   -0.009204   -0.000001
     6    0.000000   -0.097487   -0.000002
     7    0.000001    0.002963    0.000001
     8   -0.000001   -0.096171   -0.000000
     9    0.000000    0.106327    0.000001
    10   -0.000000   -0.105193    0.000000
----------------------------------------
   Tot    0.000001    0.000025    0.000000
----------------------------------------
   Max    0.106327
   Res    0.044700    sqrt( Sum f_i^2 / 3N )
----------------------------------------
   Max    0.106327    constrained

Stress tensor Voigt[x,y,z,yz,xz,xy] (kbar):       -0.67       -6.48        3.62       -0.00        0.00       -0.00
(Free)E + p*V (eV/cell)   -25720.2702
Target enthalpy (eV/cell)   -25720.3860

siesta: Stress tensor (static) (eV/Ang**3):
        -0.000419   -0.000000    0.000000
        -0.000000   -0.004048   -0.000000
         0.000000   -0.000000    0.002260

siesta: Pressure (static):          1.17842434  kBar

siesta: Stress tensor (total) (eV/Ang**3):
        -0.000419   -0.000000    0.000000
        -0.000000   -0.004048   -0.000000
         0.000000   -0.000000    0.002260

siesta: Pressure (total):          1.17842434  kBar

cgvc: Finished line minimization    5.  Mean atomic displacement =    0.0531

                     ====================================
                        Begin CG opt. move =     20
                     ====================================
k-point displ. along   1 input, could be:     0.00    0.50
k-point displ. along   2 input, could be:     0.00    0.50
k-point displ. along   3 input, could be:     0.00    0.50
 Kpoints in:           32 . Kpoints trimmed:           31

siesta: k-grid: Number of k-points = 31
siesta: k-points from Monkhorst-Pack grid
siesta: k-cutoff (effective) =     7.898 Ang
siesta: k-point supercell and displacements
siesta: k-grid:     6     0     0      0.000
siesta: k-grid:     0     2     0      0.000
siesta: k-grid:     0     0     4      0.000

superc: Internal auxiliary supercell:    11 x     3 x     7  =     231
superc: Number of atoms, orbitals, and projectors:   2310  52206  41580

outcell: Unit cell vectors (Ang):
        2.867836   -0.000000   -0.000000
       -0.000000   13.964890    0.000000
       -0.000000    0.000000    3.949069

outcell: Cell vector modules (Ang)   :    2.867836   13.964890    3.949069
outcell: Cell angles (23,13,12) (deg):     90.0000     90.0000     90.0000
outcell: Cell volume (Ang**3)        :    158.1563
<dSpData1D:S at geom step 20
  <sparsity:sparsity for geom step 20
    nrows_g=226 nrows=12 sparsity=1.1244 nnzs=57431, refcount: 7>
  <dData1D:(new from dSpData1D) n=57431, refcount: 1>
refcount: 1>
new_DM -- step:    21
Re-using DM from previous geometries...
Number of DMs in history: 1
 DM extrapolation coefficients: 
1   1.00000
New DM after history re-use:
<dSpData2D:SpM extrapolated using coords
  <sparsity:sparsity for geom step 20
    nrows_g=226 nrows=12 sparsity=1.1244 nnzs=57431, refcount: 9>
  <dData2D:(temp array for extrapolation) n=57431 m=2, refcount: 1>
refcount: 1>
No. of atoms with KB's overlaping orbs in proc 0. Max # of overlaps:     142    1244

InitMesh: MESH = 30 x 150 x 48 = 216000
InitMesh: Mesh cutoff (required, used) =   300.000   302.438 Ry
New grid distribution [1]: sub = 2
New grid distribution [2]: sub = 2
New grid distribution [3]: sub = 2
Setting up quadratic distribution...

        iscf     Eharris(eV)        E_KS(eV)     FreeEng(eV)     dDmax    Ef(eV) dHmax(eV)
   scf:    1   -25720.053554   -25720.320230   -25720.325246  0.303796 -6.012677  1.193813
     spin moment: {S} , |S| = {        0.0        0.0   -0.00000 }    -0.00000
   scf:    2   -25686.307774   -25709.247056   -25709.254545  1.131988 -6.018714 16.793644
     spin moment: {S} , |S| = {        0.0        0.0   -0.00000 }    -0.00000
   scf:    3   -25720.558249   -25720.385664   -25720.390507  1.111285 -6.017603  0.419286
     spin moment: {S} , |S| = {        0.0        0.0    0.00000 }     0.00000
   scf:    4   -25720.393854   -25720.392892   -25720.397710  0.012053 -6.017983  0.034606
     spin moment: {S} , |S| = {        0.0        0.0   -0.00000 }    -0.00000
   scf:    5   -25720.392932   -25720.393021   -25720.397858  0.006608 -6.017010  0.061809
     spin moment: {S} , |S| = {        0.0        0.0    0.00000 }     0.00000
   scf:    6   -25720.393229   -25720.393147   -25720.397984  0.001463 -6.017295  0.026814
     spin moment: {S} , |S| = {        0.0        0.0    0.00000 }     0.00000
   scf:    7   -25720.392100   -25720.392872   -25720.397716  0.004928 -6.018540  0.102374
     spin moment: {S} , |S| = {        0.0        0.0    0.00000 }     0.00000
   scf:    8   -25720.393227   -25720.393205   -25720.398065  0.002392 -6.017875  0.005109
     spin moment: {S} , |S| = {        0.0        0.0    0.00000 }     0.00000
   scf:    9   -25720.393106   -25720.393171   -25720.398042  0.000998 -6.017685  0.030452
     spin moment: {S} , |S| = {        0.0        0.0    0.00000 }     0.00000
   scf:   10   -25720.393204   -25720.393190   -25720.398060  0.000673 -6.017854  0.016387
     spin moment: {S} , |S| = {        0.0        0.0   -0.00000 }    -0.00000
   scf:   11   -25720.393204   -25720.393201   -25720.398069  0.000306 -6.017980  0.000917
     spin moment: {S} , |S| = {        0.0        0.0    0.00000 }     0.00000

SCF Convergence by DM criterion
max |DM_out - DM_in|         :     0.0003058030
max |H_out - H_in|      (eV) :     0.0009171853
SCF cycle converged after 11 iterations

Using DM_out to compute the final energy and forces
No. of atoms with KB's overlaping orbs in proc 0. Max # of overlaps:     142    1244

siesta: E_KS(eV) =           -25720.3932

siesta: Atomic forces (eV/Ang):
     1   -0.000000    0.047211   -0.000002
     2   -0.000000    0.016725   -0.000002
     3    0.000000    0.015927   -0.000003
     4    0.000000    0.113434   -0.000000
     5    0.000000   -0.017003    0.000002
     6   -0.000000   -0.047511    0.000003
     7   -0.000000   -0.112757    0.000001
     8    0.000000   -0.013889    0.000000
     9    0.000000    0.000864   -0.000000
    10    0.000001   -0.003027    0.000000
----------------------------------------
   Tot    0.000000   -0.000025   -0.000000
----------------------------------------
   Max    0.113434
   Res    0.032194    sqrt( Sum f_i^2 / 3N )
----------------------------------------
   Max    0.113434    constrained

Stress tensor Voigt[x,y,z,yz,xz,xy] (kbar):        0.06       -3.07       10.08        0.00       -0.00       -0.00
(Free)E + p*V (eV/cell)   -25720.6309
Target enthalpy (eV/cell)   -25720.3981

siesta: Stress tensor (static) (eV/Ang**3):
         0.000039   -0.000000   -0.000000
        -0.000000   -0.001916    0.000000
        -0.000000    0.000000    0.006294

siesta: Pressure (static):         -2.35896149  kBar

siesta: Stress tensor (total) (eV/Ang**3):
         0.000039   -0.000000   -0.000000
        -0.000000   -0.001916    0.000000
        -0.000000    0.000000    0.006294

siesta: Pressure (total):         -2.35896149  kBar

                     ====================================
                        Begin CG opt. move =     21
                     ====================================
k-point displ. along   1 input, could be:     0.00    0.50
k-point displ. along   2 input, could be:     0.00    0.50
k-point displ. along   3 input, could be:     0.00    0.50
 Kpoints in:           32 . Kpoints trimmed:           31

siesta: k-grid: Number of k-points = 31
siesta: k-points from Monkhorst-Pack grid
siesta: k-cutoff (effective) =     7.814 Ang
siesta: k-point supercell and displacements
siesta: k-grid:     6     0     0      0.000
siesta: k-grid:     0     2     0      0.000
siesta: k-grid:     0     0     4      0.000

superc: Internal auxiliary supercell:    11 x     3 x     9  =     297
superc: Number of atoms, orbitals, and projectors:   2970  67122  53460

outcell: Unit cell vectors (Ang):
        2.869275   -0.000000   -0.000000
       -0.000000   14.191296    0.000000
       -0.000000    0.000000    3.907249

outcell: Cell vector modules (Ang)   :    2.869275   14.191296    3.907249
outcell: Cell angles (23,13,12) (deg):     90.0000     90.0000     90.0000
outcell: Cell volume (Ang**3)        :    159.0982
<dSpData1D:S at geom step 21
  <sparsity:sparsity for geom step 21
    nrows_g=226 nrows=12 sparsity=1.1483 nnzs=58649, refcount: 7>
  <dData1D:(new from dSpData1D) n=58649, refcount: 1>
refcount: 1>
new_DM -- step:    22
Re-using DM from previous geometries...
Number of DMs in history: 1
 DM extrapolation coefficients: 
1   1.00000
New DM after history re-use:
<dSpData2D:SpM extrapolated using coords
  <sparsity:sparsity for geom step 21
    nrows_g=226 nrows=12 sparsity=1.1483 nnzs=58649, refcount: 9>
  <dData2D:(temp array for extrapolation) n=58649 m=2, refcount: 1>
refcount: 1>
No. of atoms with KB's overlaping orbs in proc 0. Max # of overlaps:     144    1252

InitMesh: MESH = 30 x 150 x 48 = 216000
InitMesh: Mesh cutoff (required, used) =   300.000   302.134 Ry
New grid distribution [1]: sub = 2
New grid distribution [2]: sub = 2
New grid distribution [3]: sub = 2
Setting up quadratic distribution...

        iscf     Eharris(eV)        E_KS(eV)     FreeEng(eV)     dDmax    Ef(eV) dHmax(eV)
   scf:    1   -25719.690044   -25720.183877   -25720.190299  5.615480 -6.031820  1.888155
     spin moment: {S} , |S| = {        0.0        0.0   -0.00000 }    -0.00000
   scf:    2   -25647.254875   -25696.520908   -25696.528093  1.477656 -6.031165 25.112250
     spin moment: {S} , |S| = {        0.0        0.0    0.00000 }     0.00000
   scf:    3   -25720.819054   -25720.358305   -25720.365157  1.430757 -6.047610  0.614094
     spin moment: {S} , |S| = {        0.0        0.0   -0.00000 }    -0.00000
   scf:    4   -25720.375023   -25720.374044   -25720.380926  0.022609 -6.048033  0.055551
     spin moment: {S} , |S| = {        0.0        0.0   -0.00000 }    -0.00000
   scf:    5   -25720.375258   -25720.374784   -25720.381622  0.007798 -6.045478  0.063061
     spin moment: {S} , |S| = {        0.0        0.0   -0.00000 }    -0.00000
   scf:    6   -25720.375129   -25720.374977   -25720.381812  0.002654 -6.045265  0.035208
     spin moment: {S} , |S| = {        0.0        0.0    0.00000 }     0.00000
   scf:    7   -25720.374610   -25720.374971   -25720.381812  0.006031 -6.046416  0.083750
     spin moment: {S} , |S| = {        0.0        0.0   -0.00000 }    -0.00000
   scf:    8   -25720.375012   -25720.375190   -25720.381977  0.002455 -6.045531  0.039411
     spin moment: {S} , |S| = {        0.0        0.0   -0.00000 }    -0.00000
   scf:    9   -25720.375241   -25720.375228   -25720.382016  0.001721 -6.045590  0.015091
     spin moment: {S} , |S| = {        0.0        0.0   -0.00000 }    -0.00000
   scf:   10   -25720.375229   -25720.375232   -25720.382025  0.000697 -6.045724  0.004133
     spin moment: {S} , |S| = {        0.0        0.0    0.00000 }     0.00000
   scf:   11   -25720.375231   -25720.375232   -25720.382025  0.000205 -6.045740  0.002316
     spin moment: {S} , |S| = {        0.0        0.0   -0.00000 }    -0.00000

SCF Convergence by DM criterion
max |DM_out - DM_in|         :     0.0002050116
max |H_out - H_in|      (eV) :     0.0023158868
SCF cycle converged after 11 iterations

Using DM_out to compute the final energy and forces
No. of atoms with KB's overlaping orbs in proc 0. Max # of overlaps:     144    1252

siesta: E_KS(eV) =           -25720.3752

siesta: Atomic forces (eV/Ang):
     1   -0.000000   -0.033232   -0.000004
     2   -0.000000    0.019862   -0.000005
     3   -0.000001   -0.061356   -0.000005
     4    0.000001    0.363775    0.000002
     5    0.000001   -0.020633    0.000005
     6   -0.000000    0.033829    0.000006
     7    0.000000   -0.359152    0.000004
     8   -0.000001    0.064604    0.000001
     9   -0.000001   -0.167697   -0.000002
    10   -0.000001    0.160023    0.000001
----------------------------------------
   Tot   -0.000001    0.000022    0.000001
----------------------------------------
   Max    0.363775
   Res    0.104253    sqrt( Sum f_i^2 / 3N )
----------------------------------------
   Max    0.363775    constrained

Stress tensor Voigt[x,y,z,yz,xz,xy] (kbar):        0.46       -0.44        9.24       -0.00        0.00       -0.00
(Free)E + p*V (eV/cell)   -25720.6885
Target enthalpy (eV/cell)   -25720.3820

siesta: Stress tensor (static) (eV/Ang**3):
         0.000285   -0.000000    0.000000
        -0.000000   -0.000274   -0.000000
         0.000000   -0.000000    0.005769

siesta: Pressure (static):         -3.08669473  kBar

siesta: Stress tensor (total) (eV/Ang**3):
         0.000285   -0.000000    0.000000
        -0.000000   -0.000274   -0.000000
         0.000000   -0.000000    0.005769

siesta: Pressure (total):         -3.08669473  kBar

                     ====================================
                        Begin CG opt. move =     22
                     ====================================
k-point displ. along   1 input, could be:     0.00    0.50
k-point displ. along   2 input, could be:     0.00    0.50
k-point displ. along   3 input, could be:     0.00    0.50
 Kpoints in:           32 . Kpoints trimmed:           31

siesta: k-grid: Number of k-points = 31
siesta: k-points from Monkhorst-Pack grid
siesta: k-cutoff (effective) =     7.878 Ang
siesta: k-point supercell and displacements
siesta: k-grid:     6     0     0      0.000
siesta: k-grid:     0     2     0      0.000
siesta: k-grid:     0     0     4      0.000

superc: Internal auxiliary supercell:    11 x     3 x     7  =     231
superc: Number of atoms, orbitals, and projectors:   2310  52206  41580

outcell: Unit cell vectors (Ang):
        2.868185   -0.000000   -0.000000
       -0.000000   14.019685    0.000000
       -0.000000    0.000000    3.938948

outcell: Cell vector modules (Ang)   :    2.868185   14.019685    3.938948
outcell: Cell angles (23,13,12) (deg):     90.0000     90.0000     90.0000
outcell: Cell volume (Ang**3)        :    158.3892
<dSpData1D:S at geom step 22
  <sparsity:sparsity for geom step 22
    nrows_g=226 nrows=12 sparsity=1.1276 nnzs=57593, refcount: 7>
  <dData1D:(new from dSpData1D) n=57593, refcount: 1>
refcount: 1>
new_DM -- step:    23
Re-using DM from previous geometries...
Number of DMs in history: 1
 DM extrapolation coefficients: 
1   1.00000
New DM after history re-use:
<dSpData2D:SpM extrapolated using coords
  <sparsity:sparsity for geom step 22
    nrows_g=226 nrows=12 sparsity=1.1276 nnzs=57593, refcount: 9>
  <dData2D:(temp array for extrapolation) n=57593 m=2, refcount: 1>
refcount: 1>
No. of atoms with KB's overlaping orbs in proc 0. Max # of overlaps:     142    1244

InitMesh: MESH = 30 x 150 x 48 = 216000
InitMesh: Mesh cutoff (required, used) =   300.000   302.364 Ry
New grid distribution [1]: sub = 2
New grid distribution [2]: sub = 2
New grid distribution [3]: sub = 2
Setting up quadratic distribution...

        iscf     Eharris(eV)        E_KS(eV)     FreeEng(eV)     dDmax    Ef(eV) dHmax(eV)
   scf:    1   -25719.757198   -25720.136531   -25720.142418  0.414130 -6.057811  3.045774
     spin moment: {S} , |S| = {        0.0        0.0    0.00000 }     0.00000
   scf:    2   -24781.175562   -25409.534201   -25409.555758  2.402095 -4.761054110.034605
     spin moment: {S} , |S| = {        0.0        0.0   -0.00000 }    -0.00000
   scf:    3   -25723.454955   -25720.353909   -25720.358840  2.392408 -6.036750  1.120805
     spin moment: {S} , |S| = {        0.0        0.0    0.00000 }     0.00000
   scf:    4   -25720.374652   -25720.390737   -25720.395268  0.027873 -6.020433  0.345626
     spin moment: {S} , |S| = {        0.0        0.0    0.00000 }     0.00000
   scf:    5   -25720.394364   -25720.393335   -25720.397889  0.005576 -6.023196  0.084981
     spin moment: {S} , |S| = {        0.0        0.0   -0.00000 }    -0.00000
   scf:    6   -25720.389781   -25720.392491   -25720.397084  0.006950 -6.026409  0.214848
     spin moment: {S} , |S| = {        0.0        0.0   -0.00000 }    -0.00000
   scf:    7   -25720.393442   -25720.393001   -25720.397591  0.002538 -6.026084  0.175121
     spin moment: {S} , |S| = {        0.0        0.0   -0.00000 }    -0.00000
   scf:    8   -25720.384965   -25720.391599   -25720.396156  0.006751 -6.020816  0.300059
     spin moment: {S} , |S| = {        0.0        0.0    0.00000 }     0.00000
   scf:    9   -25720.394510   -25720.393434   -25720.398018  0.002970 -6.022461  0.121398
     spin moment: {S} , |S| = {        0.0        0.0    0.00000 }     0.00000
   scf:   10   -25720.393901   -25720.393747   -25720.398338  0.001124 -6.023361  0.038344
     spin moment: {S} , |S| = {        0.0        0.0    0.00000 }     0.00000
   scf:   11   -25720.393773   -25720.393777   -25720.398377  0.000934 -6.023708  0.003098
     spin moment: {S} , |S| = {        0.0        0.0    0.00000 }     0.00000
   scf:   12   -25720.393774   -25720.393776   -25720.398377  0.000581 -6.023678  0.001426
     spin moment: {S} , |S| = {        0.0        0.0    0.00000 }     0.00000
   scf:   13   -25720.393775   -25720.393775   -25720.398378  0.000059 -6.023678  0.001152
     spin moment: {S} , |S| = {        0.0        0.0    0.00000 }     0.00000

SCF Convergence by DM criterion
max |DM_out - DM_in|         :     0.0000589065
max |H_out - H_in|      (eV) :     0.0011520510
SCF cycle converged after 13 iterations

Using DM_out to compute the final energy and forces
No. of atoms with KB's overlaping orbs in proc 0. Max # of overlaps:     142    1244

siesta: E_KS(eV) =           -25720.3938

siesta: Atomic forces (eV/Ang):
     1   -0.000000    0.013731   -0.000003
     2   -0.000000    0.022610   -0.000002
     3   -0.000000   -0.016466   -0.000004
     4    0.000001    0.174083   -0.000001
     5    0.000000   -0.022786    0.000003
     6   -0.000000   -0.013886    0.000004
     7    0.000000   -0.172703    0.000003
     8   -0.000000    0.018842    0.000001
     9    0.000001   -0.042639   -0.000003
    10   -0.000000    0.039196    0.000000
----------------------------------------
   Tot    0.000000   -0.000018   -0.000001
----------------------------------------
   Max    0.174083
   Res    0.046735    sqrt( Sum f_i^2 / 3N )
----------------------------------------
   Max    0.174083    constrained

Stress tensor Voigt[x,y,z,yz,xz,xy] (kbar):       -0.60       -1.32        9.54       -0.00        0.00       -0.00
(Free)E + p*V (eV/cell)   -25720.6497
Target enthalpy (eV/cell)   -25720.3984

siesta: Stress tensor (static) (eV/Ang**3):
        -0.000372   -0.000000    0.000000
        -0.000000   -0.000822   -0.000000
         0.000000   -0.000000    0.005955

siesta: Pressure (static):         -2.54244521  kBar

siesta: Stress tensor (total) (eV/Ang**3):
        -0.000372   -0.000000    0.000000
        -0.000000   -0.000822   -0.000000
         0.000000   -0.000000    0.005955

siesta: Pressure (total):         -2.54244521  kBar

cgvc: Finished line minimization    6.  Mean atomic displacement =    0.0736

                     ====================================
                        Begin CG opt. move =     23
                     ====================================
k-point displ. along   1 input, could be:     0.00    0.50
k-point displ. along   2 input, could be:     0.00    0.50
k-point displ. along   3 input, could be:     0.00    0.50
 Kpoints in:           32 . Kpoints trimmed:           31

siesta: k-grid: Number of k-points = 31
siesta: k-points from Monkhorst-Pack grid
siesta: k-cutoff (effective) =     7.759 Ang
siesta: k-point supercell and displacements
siesta: k-grid:     6     0     0      0.000
siesta: k-grid:     0     2     0      0.000
siesta: k-grid:     0     0     4      0.000

superc: Internal auxiliary supercell:    11 x     3 x     9  =     297
superc: Number of atoms, orbitals, and projectors:   2970  67122  53460

outcell: Unit cell vectors (Ang):
        2.870513   -0.000000   -0.000000
       -0.000000   14.199509    0.000000
       -0.000000    0.000000    3.879440

outcell: Cell vector modules (Ang)   :    2.870513   14.199509    3.879440
outcell: Cell angles (23,13,12) (deg):     90.0000     90.0000     90.0000
outcell: Cell volume (Ang**3)        :    158.1255
<dSpData1D:S at geom step 23
  <sparsity:sparsity for geom step 23
    nrows_g=226 nrows=12 sparsity=1.1319 nnzs=57815, refcount: 7>
  <dData1D:(new from dSpData1D) n=57815, refcount: 1>
refcount: 1>
new_DM -- step:    24
Re-using DM from previous geometries...
Number of DMs in history: 1
 DM extrapolation coefficients: 
1   1.00000
New DM after history re-use:
<dSpData2D:SpM extrapolated using coords
  <sparsity:sparsity for geom step 23
    nrows_g=226 nrows=12 sparsity=1.1319 nnzs=57815, refcount: 9>
  <dData2D:(temp array for extrapolation) n=57815 m=2, refcount: 1>
refcount: 1>
No. of atoms with KB's overlaping orbs in proc 0. Max # of overlaps:     140    1240

InitMesh: MESH = 30 x 150 x 48 = 216000
InitMesh: Mesh cutoff (required, used) =   300.000   301.874 Ry
New grid distribution [1]: sub = 2
New grid distribution [2]: sub = 2
New grid distribution [3]: sub = 2
Setting up quadratic distribution...

        iscf     Eharris(eV)        E_KS(eV)     FreeEng(eV)     dDmax    Ef(eV) dHmax(eV)
   scf:    1   -25719.488650   -25719.876596   -25719.884251  5.494773 -6.048563  3.320102
     spin moment: {S} , |S| = {        0.0        0.0   -0.00000 }    -0.00000
   scf:    2   -24913.335491   -25455.129968   -25455.136946  3.798955 -6.292437 86.638818
     spin moment: {S} , |S| = {        0.0        0.0   -0.00000 }    -0.00000
   scf:    3   -25730.430562   -25720.370518   -25720.378678  3.738551 -6.078061  0.496732
     spin moment: {S} , |S| = {        0.0        0.0    0.00000 }     0.00000
   scf:    4   -25720.048437   -25720.289945   -25720.297691  0.080972 -6.019008  2.094883
     spin moment: {S} , |S| = {        0.0        0.0    0.00000 }     0.00000
   scf:    5   -25720.404799   -25720.355455   -25720.363319  0.018390 -6.033644  1.200508
     spin moment: {S} , |S| = {        0.0        0.0   -0.00000 }    -0.00000
   scf:    6   -25720.392593   -25720.390718   -25720.398771  0.028418 -6.057269  0.091885
     spin moment: {S} , |S| = {        0.0        0.0   -0.00000 }    -0.00000
   scf:    7   -25720.389011   -25720.390344   -25720.398376  0.009815 -6.051585  0.172813
     spin moment: {S} , |S| = {        0.0        0.0    0.00000 }     0.00000
   scf:    8   -25720.391344   -25720.390999   -25720.399043  0.003156 -6.053164  0.053100
     spin moment: {S} , |S| = {        0.0        0.0    0.00000 }     0.00000
   scf:    9   -25720.390374   -25720.390946   -25720.399004  0.005237 -6.055557  0.094591
     spin moment: {S} , |S| = {        0.0        0.0    0.00000 }     0.00000
   scf:   10   -25720.391126   -25720.391156   -25720.399199  0.002432 -6.053617  0.013261
     spin moment: {S} , |S| = {        0.0        0.0    0.00000 }     0.00000
   scf:   11   -25720.391176   -25720.391168   -25720.399208  0.001536 -6.053586  0.003938
     spin moment: {S} , |S| = {        0.0        0.0   -0.00000 }    -0.00000
   scf:   12   -25720.391169   -25720.391169   -25720.399209  0.000354 -6.053595  0.001242
     spin moment: {S} , |S| = {        0.0        0.0    0.00000 }     0.00000

SCF Convergence by DM criterion
max |DM_out - DM_in|         :     0.0003540786
max |H_out - H_in|      (eV) :     0.0012420442
SCF cycle converged after 12 iterations

Using DM_out to compute the final energy and forces
No. of atoms with KB's overlaping orbs in proc 0. Max # of overlaps:     140    1240

siesta: E_KS(eV) =           -25720.3912

siesta: Atomic forces (eV/Ang):
     1   -0.000000   -0.038981    0.000002
     2   -0.000001   -0.017836    0.000002
     3   -0.000000   -0.102737    0.000001
     4    0.000001   -0.079349    0.000004
     5    0.000001    0.017029   -0.000002
     6   -0.000000    0.040430   -0.000002
     7    0.000000    0.075989   -0.000004
     8   -0.000000    0.099044   -0.000002
     9   -0.000002    0.144356    0.000002
    10   -0.000001   -0.137870   -0.000001
----------------------------------------
   Tot   -0.000002    0.000075    0.000001
----------------------------------------
   Max    0.144356
   Res    0.050347    sqrt( Sum f_i^2 / 3N )
----------------------------------------
   Max    0.144356    constrained

Stress tensor Voigt[x,y,z,yz,xz,xy] (kbar):       -0.55        6.75       -1.37       -0.00       -0.00       -0.00
(Free)E + p*V (eV/cell)   -25720.5579
Target enthalpy (eV/cell)   -25720.3992

siesta: Stress tensor (static) (eV/Ang**3):
        -0.000345   -0.000000   -0.000000
        -0.000000    0.004214   -0.000000
        -0.000000   -0.000000   -0.000858

siesta: Pressure (static):         -1.60825244  kBar

siesta: Stress tensor (total) (eV/Ang**3):
        -0.000345   -0.000000   -0.000000
        -0.000000    0.004214   -0.000000
        -0.000000   -0.000000   -0.000858

siesta: Pressure (total):         -1.60825244  kBar

                     ====================================
                        Begin CG opt. move =     24
                     ====================================
k-point displ. along   1 input, could be:     0.00    0.50
k-point displ. along   2 input, could be:     0.00    0.50
k-point displ. along   3 input, could be:     0.00    0.50
 Kpoints in:           32 . Kpoints trimmed:           31

siesta: k-grid: Number of k-points = 31
siesta: k-points from Monkhorst-Pack grid
siesta: k-cutoff (effective) =     7.814 Ang
siesta: k-point supercell and displacements
siesta: k-grid:     6     0     0      0.000
siesta: k-grid:     0     2     0      0.000
siesta: k-grid:     0     0     4      0.000

superc: Internal auxiliary supercell:    11 x     3 x     9  =     297
superc: Number of atoms, orbitals, and projectors:   2970  67122  53460

outcell: Unit cell vectors (Ang):
        2.869435   -0.000000   -0.000000
       -0.000000   14.116243    0.000000
       -0.000000    0.000000    3.906994

outcell: Cell vector modules (Ang)   :    2.869435   14.116243    3.906994
outcell: Cell angles (23,13,12) (deg):     90.0000     90.0000     90.0000
outcell: Cell volume (Ang**3)        :    158.2553
<dSpData1D:S at geom step 24
  <sparsity:sparsity for geom step 24
    nrows_g=226 nrows=12 sparsity=1.1495 nnzs=58713, refcount: 7>
  <dData1D:(new from dSpData1D) n=58713, refcount: 1>
refcount: 1>
new_DM -- step:    25
Re-using DM from previous geometries...
Number of DMs in history: 1
 DM extrapolation coefficients: 
1   1.00000
New DM after history re-use:
<dSpData2D:SpM extrapolated using coords
  <sparsity:sparsity for geom step 24
    nrows_g=226 nrows=12 sparsity=1.1495 nnzs=58713, refcount: 9>
  <dData2D:(temp array for extrapolation) n=58713 m=2, refcount: 1>
refcount: 1>
No. of atoms with KB's overlaping orbs in proc 0. Max # of overlaps:     144    1252

InitMesh: MESH = 30 x 150 x 48 = 216000
InitMesh: Mesh cutoff (required, used) =   300.000   302.101 Ry
New grid distribution [1]: sub = 2
New grid distribution [2]: sub = 2
New grid distribution [3]: sub = 2
Setting up quadratic distribution...

        iscf     Eharris(eV)        E_KS(eV)     FreeEng(eV)     dDmax    Ef(eV) dHmax(eV)
   scf:    1   -25719.929915   -25720.380566   -25720.386701  0.290845 -6.026737  0.646046
     spin moment: {S} , |S| = {        0.0        0.0    0.00000 }     0.00000
   scf:    2   -25714.852099   -25718.590009   -25718.597649  0.177879 -6.170385  9.007443
     spin moment: {S} , |S| = {        0.0        0.0   -0.00000 }    -0.00000
   scf:    3   -25720.501504   -25720.393915   -25720.400284  0.162241 -6.038369  0.200192
     spin moment: {S} , |S| = {        0.0        0.0    0.00000 }     0.00000
   scf:    4   -25720.397063   -25720.396490   -25720.402826  0.008727 -6.041725  0.135467
     spin moment: {S} , |S| = {        0.0        0.0   -0.00000 }    -0.00000
   scf:    5   -25720.396549   -25720.396913   -25720.403312  0.005891 -6.045456  0.063699
     spin moment: {S} , |S| = {        0.0        0.0    0.00000 }     0.00000
   scf:    6   -25720.396689   -25720.396867   -25720.403281  0.004558 -6.047785  0.114858
     spin moment: {S} , |S| = {        0.0        0.0    0.00000 }     0.00000
   scf:    7   -25720.397294   -25720.397158   -25720.403545  0.001265 -6.046792  0.028252
     spin moment: {S} , |S| = {        0.0        0.0    0.00000 }     0.00000
   scf:    8   -25720.395847   -25720.396798   -25720.403143  0.004038 -6.045217  0.145467
     spin moment: {S} , |S| = {        0.0        0.0   -0.00000 }    -0.00000
   scf:    9   -25720.397240   -25720.397195   -25720.403588  0.002401 -6.047051  0.013486
     spin moment: {S} , |S| = {        0.0        0.0    0.00000 }     0.00000
   scf:   10   -25720.397190   -25720.397194   -25720.403592  0.000300 -6.047253  0.003018
     spin moment: {S} , |S| = {        0.0        0.0    0.00000 }     0.00000

SCF Convergence by DM criterion
max |DM_out - DM_in|         :     0.0003004291
max |H_out - H_in|      (eV) :     0.0030184047
SCF cycle converged after 10 iterations

Using DM_out to compute the final energy and forces
No. of atoms with KB's overlaping orbs in proc 0. Max # of overlaps:     144    1252

siesta: E_KS(eV) =           -25720.3972

siesta: Atomic forces (eV/Ang):
     1   -0.000001   -0.022885   -0.000000
     2   -0.000000    0.015462   -0.000000
     3   -0.000000   -0.071710   -0.000001
     4    0.000001    0.049658    0.000003
     5    0.000001   -0.015913    0.000000
     6   -0.000001    0.023584   -0.000000
     7    0.000001   -0.050451   -0.000001
     8   -0.000000    0.070497   -0.000001
     9   -0.000000    0.047352    0.000001
    10    0.000000   -0.045626    0.000000
----------------------------------------
   Tot   -0.000001   -0.000031    0.000001
----------------------------------------
   Max    0.071710
   Res    0.026470    sqrt( Sum f_i^2 / 3N )
----------------------------------------
   Max    0.071710    constrained

Stress tensor Voigt[x,y,z,yz,xz,xy] (kbar):        0.27        2.85        3.41       -0.00       -0.00       -0.00
(Free)E + p*V (eV/cell)   -25720.6185
Target enthalpy (eV/cell)   -25720.4036

siesta: Stress tensor (static) (eV/Ang**3):
         0.000168   -0.000000   -0.000000
        -0.000000    0.001780   -0.000000
        -0.000000   -0.000000    0.002125

siesta: Pressure (static):         -2.17524002  kBar

siesta: Stress tensor (total) (eV/Ang**3):
         0.000168   -0.000000   -0.000000
        -0.000000    0.001780   -0.000000
        -0.000000   -0.000000    0.002125

siesta: Pressure (total):         -2.17524002  kBar

cgvc: Finished line minimization    7.  Mean atomic displacement =    0.0395

                     ====================================
                        Begin CG opt. move =     25
                     ====================================
k-point displ. along   1 input, could be:     0.00    0.50
k-point displ. along   2 input, could be:     0.00    0.50
k-point displ. along   3 input, could be:     0.00    0.50
 Kpoints in:           32 . Kpoints trimmed:           31

siesta: k-grid: Number of k-points = 31
siesta: k-points from Monkhorst-Pack grid
siesta: k-cutoff (effective) =     7.776 Ang
siesta: k-point supercell and displacements
siesta: k-grid:     6     0     0      0.000
siesta: k-grid:     0     2     0      0.000
siesta: k-grid:     0     0     4      0.000

superc: Internal auxiliary supercell:    11 x     3 x     9  =     297
superc: Number of atoms, orbitals, and projectors:   2970  67122  53460

outcell: Unit cell vectors (Ang):
        2.868595    0.000000   -0.000000
        0.000000   14.073881    0.000001
       -0.000000    0.000000    3.887770

outcell: Cell vector modules (Ang)   :    2.868595   14.073881    3.887770
outcell: Cell angles (23,13,12) (deg):     90.0000     90.0000     90.0000
outcell: Cell volume (Ang**3)        :    156.9581
<dSpData1D:S at geom step 25
  <sparsity:sparsity for geom step 25
    nrows_g=226 nrows=12 sparsity=1.1586 nnzs=59175, refcount: 7>
  <dData1D:(new from dSpData1D) n=59175, refcount: 1>
refcount: 1>
new_DM -- step:    26
Re-using DM from previous geometries...
Number of DMs in history: 1
 DM extrapolation coefficients: 
1   1.00000
New DM after history re-use:
<dSpData2D:SpM extrapolated using coords
  <sparsity:sparsity for geom step 25
    nrows_g=226 nrows=12 sparsity=1.1586 nnzs=59175, refcount: 9>
  <dData2D:(temp array for extrapolation) n=59175 m=2, refcount: 1>
refcount: 1>
No. of atoms with KB's overlaping orbs in proc 0. Max # of overlaps:     144    1260

InitMesh: MESH = 30 x 150 x 48 = 216000
InitMesh: Mesh cutoff (required, used) =   300.000   302.278 Ry
New grid distribution [1]: sub = 2
New grid distribution [2]: sub = 2
New grid distribution [3]: sub = 2
Setting up quadratic distribution...

        iscf     Eharris(eV)        E_KS(eV)     FreeEng(eV)     dDmax    Ef(eV) dHmax(eV)
   scf:    1   -25719.812764   -25720.107286   -25720.115278  0.515693 -6.123850  3.070967
     spin moment: {S} , |S| = {        0.0        0.0   -0.00000 }    -0.00000
   scf:    2   -24959.743773   -25468.786559   -25468.807389  2.319262 -4.808365101.278443
     spin moment: {S} , |S| = {        0.0        0.0   -0.00000 }    -0.00000
   scf:    3   -25724.509134   -25720.358648   -25720.365846  2.319212 -6.089531  0.827708
     spin moment: {S} , |S| = {        0.0        0.0    0.00000 }     0.00000
   scf:    4   -25720.365006   -25720.385476   -25720.392073  0.026271 -6.064686  0.489992
     spin moment: {S} , |S| = {        0.0        0.0   -0.00000 }    -0.00000
   scf:    5   -25720.392747   -25720.391471   -25720.398231  0.008365 -6.071081  0.085434
     spin moment: {S} , |S| = {        0.0        0.0   -0.00000 }    -0.00000
   scf:    6   -25720.390404   -25720.391292   -25720.398130  0.005329 -6.073436  0.143899
     spin moment: {S} , |S| = {        0.0        0.0    0.00000 }     0.00000
   scf:    7   -25720.387698   -25720.389875   -25720.396822  0.011844 -6.075548  0.303811
     spin moment: {S} , |S| = {        0.0        0.0   -0.00000 }    -0.00000
   scf:    8   -25720.391969   -25720.392210   -25720.399051  0.004850 -6.070924  0.029008
     spin moment: {S} , |S| = {        0.0        0.0    0.00000 }     0.00000
   scf:    9   -25720.392263   -25720.392255   -25720.399108  0.002779 -6.070958  0.008260
     spin moment: {S} , |S| = {        0.0        0.0   -0.00000 }    -0.00000
   scf:   10   -25720.392174   -25720.392236   -25720.399074  0.000826 -6.070264  0.039034
     spin moment: {S} , |S| = {        0.0        0.0   -0.00000 }    -0.00000
   scf:   11   -25720.392247   -25720.392259   -25720.399112  0.000532 -6.070791  0.002875
     spin moment: {S} , |S| = {        0.0        0.0    0.00000 }     0.00000
   scf:   12   -25720.392258   -25720.392259   -25720.399112  0.000226 -6.070769  0.001567
     spin moment: {S} , |S| = {        0.0        0.0   -0.00000 }    -0.00000

SCF Convergence by DM criterion
max |DM_out - DM_in|         :     0.0002255293
max |H_out - H_in|      (eV) :     0.0015666497
SCF cycle converged after 12 iterations

Using DM_out to compute the final energy and forces
No. of atoms with KB's overlaping orbs in proc 0. Max # of overlaps:     144    1260

siesta: E_KS(eV) =           -25720.3923

siesta: Atomic forces (eV/Ang):
     1    0.000001    0.053869   -0.000001
     2    0.000000   -0.040103    0.000000
     3    0.000000    0.195069   -0.000001
     4    0.000000    0.012230   -0.000002
     5   -0.000000    0.040577    0.000000
     6    0.000000   -0.055530   -0.000000
     7   -0.000000   -0.008773    0.000002
     8    0.000000   -0.190321    0.000002
     9    0.000001   -0.099084   -0.000000
    10    0.000001    0.092140    0.000001
----------------------------------------
   Tot    0.000003    0.000073    0.000002
----------------------------------------
   Max    0.195069
   Res    0.058323    sqrt( Sum f_i^2 / 3N )
----------------------------------------
   Max    0.195069    constrained

Stress tensor Voigt[x,y,z,yz,xz,xy] (kbar):       -2.16       -0.00       -7.52       -0.00       -0.00       -0.00
(Free)E + p*V (eV/cell)   -25720.0831
Target enthalpy (eV/cell)   -25720.3991

siesta: Stress tensor (static) (eV/Ang**3):
        -0.001347   -0.000000    0.000000
        -0.000000   -0.000001   -0.000000
        -0.000000   -0.000000   -0.004692

siesta: Pressure (static):          3.22545269  kBar

siesta: Stress tensor (total) (eV/Ang**3):
        -0.001347   -0.000000    0.000000
        -0.000000   -0.000001   -0.000000
        -0.000000   -0.000000   -0.004692

siesta: Pressure (total):          3.22545269  kBar

                     ====================================
                        Begin CG opt. move =     26
                     ====================================
k-point displ. along   1 input, could be:     0.00    0.50
k-point displ. along   2 input, could be:     0.00    0.50
k-point displ. along   3 input, could be:     0.00    0.50
 Kpoints in:           32 . Kpoints trimmed:           31

siesta: k-grid: Number of k-points = 31
siesta: k-points from Monkhorst-Pack grid
siesta: k-cutoff (effective) =     7.800 Ang
siesta: k-point supercell and displacements
siesta: k-grid:     6     0     0      0.000
siesta: k-grid:     0     2     0      0.000
siesta: k-grid:     0     0     4      0.000

superc: Internal auxiliary supercell:    11 x     3 x     9  =     297
superc: Number of atoms, orbitals, and projectors:   2970  67122  53460

outcell: Unit cell vectors (Ang):
        2.869128   -0.000000   -0.000000
       -0.000000   14.100754    0.000000
       -0.000000    0.000000    3.899965

outcell: Cell vector modules (Ang)   :    2.869128   14.100754    3.899965
outcell: Cell angles (23,13,12) (deg):     90.0000     90.0000     90.0000
outcell: Cell volume (Ang**3)        :    157.7804
<dSpData1D:S at geom step 26
  <sparsity:sparsity for geom step 26
    nrows_g=226 nrows=12 sparsity=1.1548 nnzs=58983, refcount: 7>
  <dData1D:(new from dSpData1D) n=58983, refcount: 1>
refcount: 1>
new_DM -- step:    27
Re-using DM from previous geometries...
Number of DMs in history: 1
 DM extrapolation coefficients: 
1   1.00000
New DM after history re-use:
<dSpData2D:SpM extrapolated using coords
  <sparsity:sparsity for geom step 26
    nrows_g=226 nrows=12 sparsity=1.1548 nnzs=58983, refcount: 9>
  <dData2D:(temp array for extrapolation) n=58983 m=2, refcount: 1>
refcount: 1>
No. of atoms with KB's overlaping orbs in proc 0. Max # of overlaps:     144    1260

InitMesh: MESH = 30 x 150 x 48 = 216000
InitMesh: Mesh cutoff (required, used) =   300.000   302.165 Ry
New grid distribution [1]: sub = 2
New grid distribution [2]: sub = 2
New grid distribution [3]: sub = 2
Setting up quadratic distribution...

        iscf     Eharris(eV)        E_KS(eV)     FreeEng(eV)     dDmax    Ef(eV) dHmax(eV)
   scf:    1   -25720.077165   -25720.335852   -25720.341935  0.153306 -6.037626  0.830592
     spin moment: {S} , |S| = {        0.0        0.0   -0.00000 }    -0.00000
   scf:    2   -25709.605124   -25716.931095   -25716.938581  0.267124 -6.171386  9.224601
     spin moment: {S} , |S| = {        0.0        0.0   -0.00000 }    -0.00000
   scf:    3   -25720.675065   -25720.397426   -25720.403958  0.231303 -6.053987  0.193913
     spin moment: {S} , |S| = {        0.0        0.0    0.00000 }     0.00000
   scf:    4   -25720.398381   -25720.398518   -25720.405132  0.004202 -6.057191  0.053965
     spin moment: {S} , |S| = {        0.0        0.0   -0.00000 }    -0.00000
   scf:    5   -25720.397725   -25720.398565   -25720.405066  0.011599 -6.055199  0.156386
     spin moment: {S} , |S| = {        0.0        0.0    0.00000 }     0.00000
   scf:    6   -25720.399307   -25720.399051   -25720.405582  0.002017 -6.056574  0.058476
     spin moment: {S} , |S| = {        0.0        0.0   -0.00000 }    -0.00000
   scf:    7   -25720.398980   -25720.399088   -25720.405645  0.001781 -6.057736  0.028277
     spin moment: {S} , |S| = {        0.0        0.0   -0.00000 }    -0.00000
   scf:    8   -25720.399148   -25720.399121   -25720.405673  0.001109 -6.057743  0.014315
     spin moment: {S} , |S| = {        0.0        0.0   -0.00000 }    -0.00000
   scf:    9   -25720.399131   -25720.399127   -25720.405679  0.001329 -6.058023  0.016880
     spin moment: {S} , |S| = {        0.0        0.0   -0.00000 }    -0.00000
   scf:   10   -25720.399149   -25720.399141   -25720.405686  0.000346 -6.057822  0.002887
     spin moment: {S} , |S| = {        0.0        0.0    0.00000 }     0.00000

SCF Convergence by DM criterion
max |DM_out - DM_in|         :     0.0003461485
max |H_out - H_in|      (eV) :     0.0028865188
SCF cycle converged after 10 iterations

Using DM_out to compute the final energy and forces
No. of atoms with KB's overlaping orbs in proc 0. Max # of overlaps:     144    1260

siesta: E_KS(eV) =           -25720.3991

siesta: Atomic forces (eV/Ang):
     1   -0.000001    0.001437    0.000000
     2   -0.000001   -0.008160    0.000000
     3    0.000000    0.035922   -0.000001
     4   -0.000000    0.034534   -0.000000
     5    0.000000    0.007921    0.000000
     6   -0.000000   -0.001577    0.000000
     7   -0.000000   -0.033655    0.000001
     8    0.000000   -0.034955    0.000000
     9    0.000001   -0.007758   -0.000002
    10    0.000000    0.006291    0.000002
----------------------------------------
   Tot   -0.000001   -0.000001    0.000002
----------------------------------------
   Max    0.035922
   Res    0.013001    sqrt( Sum f_i^2 / 3N )
----------------------------------------
   Max    0.035922    constrained

Stress tensor Voigt[x,y,z,yz,xz,xy] (kbar):       -0.20        2.45       -0.13       -0.00       -0.00        0.00
(Free)E + p*V (eV/cell)   -25720.4754
Target enthalpy (eV/cell)   -25720.4057

siesta: Stress tensor (static) (eV/Ang**3):
        -0.000123    0.000000   -0.000000
         0.000000    0.001528   -0.000000
        -0.000000   -0.000000   -0.000081

siesta: Pressure (static):         -0.70749766  kBar

siesta: Stress tensor (total) (eV/Ang**3):
        -0.000123    0.000000   -0.000000
         0.000000    0.001528   -0.000000
        -0.000000   -0.000000   -0.000081

siesta: Pressure (total):         -0.70749766  kBar

outcoor: Relaxed atomic coordinates (fractional):           
    0.00000002   -0.01400807    0.00000001   1       1  Ga
    0.00000015    0.20333329   -0.00000002   1       2  Ga
    0.00000019    0.41580360   -0.00000003   1       3  Ga
   -0.00000004    0.75774750    0.00000008   1       4  Ga
    0.49999999    0.09667706    0.49999998   1       5  Ga
    0.50000014    0.31401432    0.49999997   1       6  Ga
    0.50000001    0.54225126    0.49999986   1       7  Ga
    0.49999985    0.88419325    0.50000005   1       8  Ga
    0.00000003    0.58873493   -0.00000016   2       9  Ni
    0.50000007    0.71127887    0.50000009   2      10  Ni

outcell: Unit cell vectors (Ang):
        2.869128   -0.000000   -0.000000
       -0.000000   14.100754    0.000000
       -0.000000    0.000000    3.899965

outcell: Cell vector modules (Ang)   :    2.869128   14.100754    3.899965
outcell: Cell angles (23,13,12) (deg):     90.0000     90.0000     90.0000
outcell: Cell volume (Ang**3)        :    157.7804

coxmol: Writing XMOL coordinates into file hea.xyz                                                                                                                                                                                                                             
Writing WFSX for COOP/COHP in hea.fullBZ.WFSX

diag: Algorithm                                     = D&C
diag: Parallel over k                               =   F
diag: Use parallel 2D distribution                  =   T
diag: Parallel block-size                           = 6
diag: Parallel distribution                         =     6 x     6
diag: Used triangular part                          = Lower
diag: Absolute tolerance                            =  0.100E-15
diag: Orthogonalization factor                      =  0.100E-05
diag: Memory factor                                 =  1.0000

diag: Algorithm                                     = D&C
diag: Parallel over k                               =   F
diag: Use parallel 2D distribution                  =   T
diag: Parallel block-size                           = 6
diag: Parallel distribution                         =     6 x     6
diag: Used triangular part                          = Lower
diag: Absolute tolerance                            =  0.100E-15
diag: Orthogonalization factor                      =  0.100E-05
diag: Memory factor                                 =  1.0000

siesta: PDOS info
siesta: E1 -- E2, sigma [eV], nhist:  -20.000 --   20.000    0.100 1000

diag: Algorithm                                     = D&C
diag: Parallel over k                               =   F
diag: Use parallel 2D distribution                  =   T
diag: Parallel block-size                           = 6
diag: Parallel distribution                         =     6 x     6
diag: Used triangular part                          = Lower
diag: Absolute tolerance                            =  0.100E-15
diag: Orthogonalization factor                      =  0.100E-05
diag: Memory factor                                 =  1.0000

siesta: Program's energy decomposition (eV):
siesta: Ebs     =     -3365.932858
siesta: Eions   =     29598.382379
siesta: Ena     =      1317.184241
siesta: Ekin    =     17899.295259
siesta: Enl     =     -9716.002826
siesta: Eso     =         0.000000
siesta: Edftu   =         0.000000
siesta: DEna    =        40.151102
siesta: DUscf   =         0.795595
siesta: DUext   =         0.000000
siesta: Ex      =     -5338.075991
siesta: Ec      =      -325.364142
siesta: Exc     =     -5663.440134
siesta: EbV     =         0.000000
siesta: eta*DQ  =         0.000000
siesta: Emadel  =         0.000000
siesta: Emeta   =         0.000000
siesta: Emolmec =         0.000000
siesta: Ekinion =         0.000000
siesta: Eharris =    -25720.399149
siesta: Etot    =    -25720.399141
siesta: FreeEng =    -25720.405686

siesta: Final energy (eV):
siesta:  Band Struct. =   -3365.932858
siesta:       Kinetic =   17899.295259
siesta:       Hartree =    9127.480146
siesta:         Edftu =       0.000000
siesta:       Eso     =       0.000000
siesta:    Ext. field =       0.000000
siesta:         Exch. =   -5338.075991
siesta:         Corr. =    -325.364142
siesta:     Bulk bias =       0.000000
siesta:   Exch.-corr. =   -5663.440134
siesta:  Ion-electron =  -35397.332745
siesta:       Ion-ion =  -11686.401668
siesta:       Ekinion =       0.000000
siesta: D3 dispersion =       0.000000
siesta:         Total =  -25720.399141
siesta:         Fermi =      -6.057822

siesta: Stress tensor (static) (eV/Ang**3):
siesta:    -0.000123    0.000000   -0.000000
siesta:     0.000000    0.001528   -0.000000
siesta:    -0.000000   -0.000000   -0.000081

siesta: Constrained stress tensor (static) (eV/Ang**3):
siesta:    -0.000123    0.000000   -0.000000
siesta:     0.000000    0.001528   -0.000000
siesta:    -0.000000   -0.000000   -0.000081

siesta: Cell volume =        157.780374 Ang**3

siesta: Pressure (static):
siesta:                Solid            Molecule  Units
siesta:          -0.00000481         -0.00000171  Ry/Bohr**3
siesta:          -0.00044159         -0.00015700  eV/Ang**3
siesta:          -0.70749766         -0.25154059  kBar
(Free)E+ p_basis*V_orbitals  =      -25657.129077
(Free)Eharris+ p_basis*V_orbitals  =      -25657.129085

mulliken: Atomic and Orbital Populations:

mulliken: Spin UP 

Species: Ga                  
Atom  Qatom  Qorb
               4s      4s      4s      4py     4pz     4px     4py     4pz     
               4px     4py     4pz     4px     3dxy    3dyz    3dz2    3dxz    
               3dx2-y2 4dxy    4dyz    4dz2    4dxz    4dx2-y2 
   1  6.518   1.222  -0.416   0.149  -0.633  -0.671  -0.062   0.432   0.479
              0.341   0.270   0.311  -0.110   0.997   0.997   0.997   0.997

              0.997   0.056   0.072   0.053   0.027   0.012
   2  6.475   1.300  -0.436   0.116  -0.680  -0.636  -0.180   0.461   0.486
              0.355   0.254   0.276  -0.020   0.997   0.997   0.997   0.997

              0.997   0.047   0.050   0.060   0.032   0.003
   3  6.565   1.246  -0.357   0.071  -0.339  -0.601  -0.027   0.401   0.398
              0.346   0.031   0.278  -0.123   0.998   0.997   0.997   0.997

              0.997   0.059   0.015   0.051   0.059   0.069
   4  6.585   1.033  -0.147  -0.015  -0.724  -0.427   0.108   0.268   0.246
              0.196   0.542   0.291  -0.101   0.998   0.998   0.998   0.997

              0.997   0.050   0.009   0.093   0.119   0.053
   5  6.475   1.300  -0.436   0.116  -0.680  -0.636  -0.180   0.461   0.486
              0.355   0.254   0.276  -0.020   0.997   0.997   0.997   0.997

              0.997   0.047   0.050   0.060   0.032   0.003
   6  6.518   1.222  -0.416   0.149  -0.633  -0.671  -0.062   0.432   0.479
              0.341   0.270   0.310  -0.110   0.997   0.997   0.997   0.997

              0.997   0.056   0.072   0.053   0.027   0.012
   7  6.584   1.033  -0.147  -0.015  -0.724  -0.427   0.108   0.268   0.246
              0.196   0.542   0.291  -0.101   0.998   0.998   0.998   0.997

              0.997   0.050   0.009   0.093   0.119   0.053
   8  6.565   1.246  -0.357   0.071  -0.339  -0.602  -0.026   0.401   0.398
              0.346   0.031   0.278  -0.123   0.998   0.997   0.997   0.997

              0.997   0.059   0.015   0.051   0.059   0.069

Species: Ni                  
Atom  Qatom  Qorb
               3s      4s      4s      4s      3py     3pz     3px     4py     
               4pz     4px     3dxy    3dyz    3dz2    3dxz    3dx2-y2 3dxy    
               3dyz    3dz2    3dxz    3dx2-y2 3dxy    3dyz    3dz2    3dxz    
               3dx2-y2 
   9  8.859   0.979  -0.781   0.147   0.425   1.000   0.999   1.000   0.231
              0.210   0.208   1.181   1.168   1.184   1.164   1.149  -0.088

             -0.085  -0.091  -0.087  -0.094  -0.171  -0.209  -0.186  -0.206

             -0.188
  10  8.859   0.979  -0.781   0.147   0.425   1.000   0.999   1.000   0.231
              0.210   0.208   1.181   1.168   1.184   1.164   1.149  -0.088

             -0.085  -0.091  -0.087  -0.094  -0.172  -0.209  -0.186  -0.206

             -0.188

mulliken: Qtot =       70.000

mulliken: Spin DOWN 

Species: Ga                  
Atom  Qatom  Qorb
               4s      4s      4s      4py     4pz     4px     4py     4pz     
               4px     4py     4pz     4px     3dxy    3dyz    3dz2    3dxz    
               3dx2-y2 4dxy    4dyz    4dz2    4dxz    4dx2-y2 
   1  6.518   1.222  -0.416   0.149  -0.633  -0.671  -0.062   0.432   0.479
              0.341   0.270   0.311  -0.110   0.997   0.997   0.997   0.997

              0.997   0.056   0.072   0.053   0.027   0.012
   2  6.475   1.300  -0.436   0.116  -0.680  -0.636  -0.180   0.461   0.486
              0.355   0.254   0.276  -0.020   0.997   0.997   0.997   0.997

              0.997   0.047   0.050   0.060   0.032   0.003
   3  6.565   1.246  -0.357   0.071  -0.339  -0.601  -0.027   0.401   0.398
              0.346   0.031   0.278  -0.123   0.998   0.997   0.997   0.997

              0.997   0.059   0.015   0.051   0.059   0.069
   4  6.585   1.033  -0.147  -0.015  -0.724  -0.427   0.108   0.268   0.246
              0.196   0.542   0.291  -0.101   0.998   0.998   0.998   0.997

              0.997   0.050   0.009   0.093   0.119   0.053
   5  6.475   1.300  -0.436   0.116  -0.680  -0.636  -0.180   0.461   0.486
              0.355   0.254   0.276  -0.020   0.997   0.997   0.997   0.997

              0.997   0.047   0.050   0.060   0.032   0.003
   6  6.518   1.222  -0.416   0.149  -0.633  -0.671  -0.062   0.432   0.479
              0.341   0.270   0.310  -0.110   0.997   0.997   0.997   0.997

              0.997   0.056   0.072   0.053   0.027   0.012
   7  6.584   1.033  -0.147  -0.015  -0.724  -0.427   0.108   0.268   0.246
              0.196   0.542   0.291  -0.101   0.998   0.998   0.998   0.997

              0.997   0.050   0.009   0.093   0.119   0.053
   8  6.565   1.246  -0.357   0.071  -0.339  -0.602  -0.026   0.401   0.398
              0.346   0.031   0.278  -0.123   0.998   0.997   0.997   0.997

              0.997   0.059   0.015   0.051   0.059   0.069

Species: Ni                  
Atom  Qatom  Qorb
               3s      4s      4s      4s      3py     3pz     3px     4py     
               4pz     4px     3dxy    3dyz    3dz2    3dxz    3dx2-y2 3dxy    
               3dyz    3dz2    3dxz    3dx2-y2 3dxy    3dyz    3dz2    3dxz    
               3dx2-y2 
   9  8.859   0.979  -0.781   0.147   0.425   1.000   0.999   1.000   0.231
              0.210   0.208   1.181   1.168   1.184   1.164   1.149  -0.088

             -0.085  -0.091  -0.087  -0.094  -0.171  -0.209  -0.186  -0.206

             -0.188
  10  8.859   0.979  -0.781   0.147   0.425   1.000   0.999   1.000   0.231
              0.210   0.208   1.181   1.168   1.184   1.164   1.149  -0.088

             -0.085  -0.091  -0.087  -0.094  -0.172  -0.209  -0.186  -0.206

             -0.188

mulliken: Qtot =       70.000

Mulliken Atomic Populations:
Atom #   charge [q] valence [e]      Sz [e]  Species
     1    -0.035006   13.035006    0.000000  Ga
     2     0.050583   12.949417   -0.000000  Ga
     3    -0.129516   13.129516   -0.000000  Ga
     4    -0.169035   13.169035   -0.000000  Ga
     5     0.050934   12.949066    0.000000  Ga
     6    -0.035105   13.035105    0.000000  Ga
     7    -0.168904   13.168904    0.000000  Ga
     8    -0.129599   13.129599   -0.000000  Ga
     9     0.282824   17.717176    0.000000  Ni
    10     0.282824   17.717176   -0.000000  Ni
-------------------------------------------
 Total     0.000000                0.000000

cite: Please indicate the Siesta version in published work: 5.2.2
cite: This calculation has made use of features in the following articles
cite: which we encourage you to cite in published work.
cite: (Please see "hea.bib" for a BibTeX file.)
        Primary SIESTA paper
          DOI: www.doi.org/10.1088/0953-8984/14/11/302
        PSML pseudopotential format
          DOI: www.doi.org/10.1016/j.cpc.2018.02.011


>> End of run:  31-JUL-2025  12:39:02
Job completed
