Executable      : /home/users/felipegc/woltsoft/SIESTA/siesta-5.2.2/build/bin/siesta
Version         : 5.2.2
Architecture    : x86_64
Compiler version: GNU-9.3.0
Compiler flags  : -O3 -march=native
Parallelisations: MPI
Lua support
Native ELPA support
ELSI support. Solvers:
   ELPA (internal) 
   NTPoly
   OMM
DFT-D3 support
Wannier90 wrapper support

Runtime information:
* Directory : /home/users/felipegc/MnNiGa/optimizations_afm/top/structure_calc_220
* Running on 36 nodes in parallel.
>> Start of run:   4-AUG-2025  22:28:19

                           *********************** 
                           *  WELCOME TO SIESTA  * 
                           *********************** 

 NOTE: Siesta V5 introduces some new defaults for basis-set generation
 NOTE: which might lead to slightly different numerical results.
 NOTE: Please see the manual for full details and compatibility measures.


reinit: Reading from standard input
reinit: Dumping input in INPUT_TMP.87153
************************** Dump of input data file ****************************
SystemName          hea
SystemLabel         hea
Reparametrize.Pseudos T
Restricted.Radial.Grid F
%include atoms.fdf
MaxSCFIterations     20000
SCF.Mix              Hamiltonian
SCF.Mixer.Method     Broyden
#SCF.Mixer.Variant    original #Pulay original
SCF.Mixer.History    8
SCF.Mixer.Weight     0.07
SCF.H.Converge       False
SCF.DM.Converge      True
SCF.DM.Tolerance     5.d-4
SCF.H.Tolerance      5.d-3 eV
MeshCutoff 300.0 Ry
MD.UseSaveCG         False
DM.UseSaveDM         False
NumberOfEigenStates -20
ElectronicTemperature 300 K
WriteCoorXmol        True
XC.Functional     GGA
XC.authors        PBEsol
Spin polarized
DM.InitSpin.AF true
SolutionMethod       diagon
#Diag.Algorithm        MRRR
###################################
###################################
# Full template for Basis param.
###################################
###################################
Basis.Pressure 0.3 GPa
PAO.SoftDefault T
PAO.SoftPotential 50.0 Ry
PAO.SoftInnerRadius 0.70
PAO.BasisType split
PAO.EnergyShift 0.0019 eV
PAO.BasisSize TZP
PAO.SplitTailNorm T
            %block kgrid_Monkhorst_Pack
            6  0  0  0.
            0  6  0  0.
            0  0  2  0.
            %endblock kgrid_Monkhorst_Pack
            MD.TypeOfRun CG
            MD.Steps         500
            MD.VariableCell true
            MD.MaxForceTol 0.05 eV/Ang
            WriteMDHistory true
            WriteForces true
            Write.OrbitalIndex true
            Charge.Mulliken end
            COOP.Write true
            %block ProjectedDensityOfStates
            -20.00 20.00 0.1 1000 eV
            %endblock ProjectedDensityOfStates
************************** End of input data file *****************************

reinit: -----------------------------------------------------------------------
reinit: System Name: hea
reinit: -----------------------------------------------------------------------
reinit: System Label: hea
reinit: -----------------------------------------------------------------------

NOTE on units for spin output: 
{S} is the spin magnetic moment, in units of the Bohr magneton,
assuming a g-factor for the electron spin of exactly 2.
The spin magnetic moment is then numerically equal to the charge inbalance,
in units of electrons, between the spin-up and -down channels.


initatom: Reading input for the pseudopotentials and atomic orbitals ----------
Species number:   1 Atomic number:   31 Label: Ga
Species number:   2 Atomic number:   28 Label: Ni

Ground state valence configuration (from tables):   4s02  4p01  4d00  4f00
Ground state valence configuration (from tables):   4s02  4p00  3d08  4f00

---- Processing specs for species: Ga
Reading pseudopotential information in PSML from:
  Ga.psml
PSML file version: 1.1
Using libxc ids:  101 130
GGA--PBE XC_GGA_X_PBE--XC_GGA_C_PBE pb
PSML uuid: 206972b0-be42-11e7-579b-1282fffb1a56
Semicore shell(s) with 10 electrons included in the valence for Ga

---- Processing specs for species: Ni
Reading pseudopotential information in PSML from:
  Ni.psml
PSML file version: 1.1
Using libxc ids:  101 130
GGA--PBE XC_GGA_X_PBE--XC_GGA_C_PBE pb
PSML uuid: 020bdba0-be42-11e7-6ded-a592ddfb3399
Semicore shell(s) with  8 electrons included in the valence for Ni

---- Pseudopotential check for Ga

Pseudized shells:
4s( 2.00) rc: 1.67
4p( 1.00) rc: 1.75
3d(10.00) rc: 1.90
Valence configuration for ps generation: 3d:4s:4p: Total charge:  13.000000
Semicore shell(s): 3d
Fallback to non-perturbative polarization scheme for Ga
Please see the manual if this is not desired in principle

---- Pseudopotential check for Ni

Pseudized shells:
3s( 2.00) rc: 1.26
3p( 6.00) rc: 1.35
3d( 8.00) rc: 1.66
Valence configuration for ps generation: 3s:3p:3d:4s: Total charge:  18.000000
Semicore shell(s): 3s 3p
Fallback to non-perturbative polarization scheme for Ni
Please see the manual if this is not desired in principle
For Ga, standard SIESTA heuristics set lmxkb to 3
 (one more than the basis l, including polarization orbitals).
Use PS.lmax or PS.KBprojectors blocks to override.
For Ni, standard SIESTA heuristics set lmxkb to 3
 (one more than the basis l, including polarization orbitals).
Use PS.lmax or PS.KBprojectors blocks to override.
Ga pseudopotential only contains V_ls up to l=2 -- lmxkb reset.
Ni pseudopotential only contains V_ls up to l=2 -- lmxkb reset.

<basis_specs>
===============================================================================
Ga                   Z=  31    Mass=  69.723        Charge= 0.17977+309
Lmxo=2 Lmxkb= 2    BasisType=split      Semic=T
L=0  Nsemic=0  Cnfigmx=4
          i=1  nzeta=3  polorb=0  (4s)
            splnorm:   0.15000    
               vcte:    50.000    
               rinn:  -0.70000    
               qcoe:    0.0000    
               qyuk:    0.0000    
               qwid:   0.10000E-01
                rcs:    0.0000      0.0000      0.0000    
            lambdas:    1.0000      1.0000      1.0000    
L=1  Nsemic=0  Cnfigmx=4
          i=1  nzeta=3  polorb=0  (4p)  (to be polarized non-perturbatively)
            splnorm:   0.15000    
               vcte:    50.000    
               rinn:  -0.70000    
               qcoe:    0.0000    
               qyuk:    0.0000    
               qwid:   0.10000E-01
                rcs:    0.0000      0.0000      0.0000    
            lambdas:    1.0000      1.0000      1.0000    
L=2  Nsemic=1  Cnfigmx=4
          i=1  nzeta=1  polorb=0  (3d)  (semicore shell)
            splnorm:   0.15000    
               vcte:    50.000    
               rinn:  -0.70000    
               qcoe:    0.0000    
               qyuk:    0.0000    
               qwid:   0.10000E-01
                rcs:    0.0000    
            lambdas:    1.0000    
          i=2  nzeta=1  polorb=0  (4d)  (non-perturbative polarization shell)
            splnorm:   0.15000    
               vcte:    50.000    
               rinn:  -0.70000    
               qcoe:   0.45181-315
               qyuk:    0.0000    
               qwid:   0.69527-309
                rcs:    0.0000    
            lambdas:    1.0000    
-------------------------------------------------------------------------------
L=0  Nkbl=1  erefs: 0.17977+309
L=1  Nkbl=1  erefs: 0.17977+309
L=2  Nkbl=2  erefs: 0.17977+309 0.17977+309
===============================================================================
</basis_specs>

Using PAO.SplitTailNorm
atom: Called for Ga                    (Z =  31)
Maximum radius (at nrval) set to   50.00000 8518

read_vps: Pseudopotential generation method:
read_vps: ONCVPSP-3.Hamann's oncvpsp                        
Valence charge in pseudo generation:   13.00000

read_vps: Pseudopotential includes a core correction:
read_vps: Pseudo-core for xc-correction

xc_check: Exchange-correlation functional:
xc_check: GGA PBEsol
xc_check: WARNING: Pseudopotential generated with GGA PBE functional
Got Vlocal (oncv-fit) from psml data
Choosing vlocal chloc cutoff:  4.295227
qtot up to nchloc:   13.00023270
atom: Maximum radius for chlocal:    4.29523
atom: Maximum radius for r*vlocal+2*Zval:    4.29523
Reading KB projs from Ga psml data
Using scalar-relativistic projectors in PSML file

PSML: Kleinman-Bylander projectors: 
   l= 0   rc=  1.688643   Ekb= 14.059564
   l= 0   rc=  1.688643   Ekb=  2.289351
   l= 1   rc=  1.772167   Ekb= 13.610457
   l= 1   rc=  1.772167   Ekb=  2.576326
   l= 2   rc=  1.926399   Ekb=-16.756509
   l= 2   rc=  1.926399   Ekb= -5.641527

PSML: Total number of  Kleinman-Bylander projectors:  18
atom: -------------------------------------------------------------------------

atom: SANKEY-TYPE ORBITALS:
atom: Selected multiple-zeta basis: split     

SPLIT: Orbitals with angular momentum L= 0

SPLIT: Basis orbitals for state 4s

SPLIT: PAO cut-off radius determined from an
SPLIT: energy shift=  0.000140 Ry
Split based on tail norm

   izeta = 1
                 lambda =    1.000000
                     rc =    8.573397
                 energy =   -0.660225
                kinetic =    0.501561
    potential(screened) =   -1.161786
       potential(ionic) =  -12.246649

   izeta = 2
                 rmatch =    4.547753
              splitnorm =    0.150000
                 energy =   -0.462291
                kinetic =    0.981430
    potential(screened) =   -1.443721
       potential(ionic) =  -13.770808

   izeta = 3
                 rmatch =    5.338573
              splitnorm =    0.075000
                 energy =   -0.599358
                kinetic =    0.744548
    potential(screened) =   -1.343906
       potential(ionic) =  -13.255962

SPLIT: Orbitals with angular momentum L= 1

SPLIT: Basis orbitals for state 4p

SPLIT: PAO cut-off radius determined from an
SPLIT: energy shift=  0.000140 Ry
Split based on tail norm

   izeta = 1
                 lambda =    1.000000
                     rc =   12.949509
                 energy =   -0.190428
                kinetic =    0.541974
    potential(screened) =   -0.732402
       potential(ionic) =   -9.174065

   izeta = 2
                 rmatch =    6.968471
              splitnorm =    0.150000
                 energy =   -0.153132
                kinetic =    0.764207
    potential(screened) =   -0.917338
       potential(ionic) =  -10.565779

   izeta = 3
                 rmatch =    8.212134
              splitnorm =    0.075000
                 energy =   -0.175794
                kinetic =    0.665884
    potential(screened) =   -0.841678
       potential(ionic) =  -10.014829

SPLIT: Orbitals with angular momentum L= 2

SPLIT: Basis orbitals for state 3d

SPLIT: PAO cut-off radius determined from an
SPLIT: energy shift=  0.000140 Ry
Split based on tail norm

   izeta = 1
                 lambda =    1.000000
                     rc =    4.873342
                 energy =   -1.390864
                kinetic =   12.335179
    potential(screened) =  -13.726043
       potential(ionic) =  -32.471836

SPLIT: Basis orbitals for state 4d
SPLIT: Non-perturbative polarization orbs for state 4p
SPLIT: rc(1st zeta) (re)set to: 12.9495 (expansion factor: 1.0000)
Split based on tail norm

   izeta = 1
                 lambda =    1.000000
                     rc =   12.949509
                 energy =    0.135451
                kinetic =    0.341434
    potential(screened) =   -0.205982
       potential(ionic) =   -4.584821
atom: Total number of Sankey-type orbitals: 22

atm_pop: Valence configuration (for local Pseudopot. screening):
 4s( 2.00)                                                            
 4p( 1.00)                                                            
 3d(10.00) 4d( 0.00)                                                  
Vna: chval, zval:   13.00000  13.00000

Vna:  Cut-off radius for the neutral-atom potential:  12.949509
comcore: Pseudo-core radius Rcore=  2.359857

atom: _________________________________________________________________________

<basis_specs>
===============================================================================
Ni                   Z=  28    Mass=  58.693        Charge= 0.17977+309
Lmxo=2 Lmxkb= 2    BasisType=split      Semic=T
L=0  Nsemic=1  Cnfigmx=4
          i=1  nzeta=1  polorb=0  (3s)  (semicore shell)
            splnorm:   0.15000    
               vcte:    50.000    
               rinn:  -0.70000    
               qcoe:    0.0000    
               qyuk:    0.0000    
               qwid:   0.10000E-01
                rcs:    0.0000    
            lambdas:    1.0000    
          i=2  nzeta=3  polorb=0  (4s)  (to be polarized non-perturbatively)
            splnorm:   0.15000    
               vcte:    50.000    
               rinn:  -0.70000    
               qcoe:    0.0000    
               qyuk:    0.0000    
               qwid:   0.10000E-01
                rcs:    0.0000      0.0000      0.0000    
            lambdas:    1.0000      1.0000      1.0000    
L=1  Nsemic=1  Cnfigmx=4
          i=1  nzeta=1  polorb=0  (3p)  (semicore shell)
            splnorm:   0.15000    
               vcte:    50.000    
               rinn:  -0.70000    
               qcoe:    0.0000    
               qyuk:    0.0000    
               qwid:   0.10000E-01
                rcs:    0.0000    
            lambdas:    1.0000    
          i=2  nzeta=1  polorb=0  (4p)  (non-perturbative polarization shell)
            splnorm:   0.15000    
               vcte:    50.000    
               rinn:  -0.70000    
               qcoe:   0.45181-315
               qyuk:    0.0000    
               qwid:   0.69527-309
                rcs:    0.0000    
            lambdas:    1.0000    
L=2  Nsemic=0  Cnfigmx=3
          i=1  nzeta=3  polorb=0  (3d)
            splnorm:   0.15000    
               vcte:    50.000    
               rinn:  -0.70000    
               qcoe:    0.0000    
               qyuk:    0.0000    
               qwid:   0.10000E-01
                rcs:    0.0000      0.0000      0.0000    
            lambdas:    1.0000      1.0000      1.0000    
-------------------------------------------------------------------------------
L=0  Nkbl=2  erefs: 0.17977+309 0.17977+309
L=1  Nkbl=2  erefs: 0.17977+309 0.17977+309
L=2  Nkbl=1  erefs: 0.17977+309
===============================================================================
</basis_specs>

Using PAO.SplitTailNorm
atom: Called for Ni                    (Z =  28)
Maximum radius (at nrval) set to   50.00000 8518

read_vps: Pseudopotential generation method:
read_vps: ONCVPSP-3.Hamann's oncvpsp                        
Valence charge in pseudo generation:   18.00000

read_vps: Pseudopotential includes a core correction:
read_vps: Pseudo-core for xc-correction

xc_check: Exchange-correlation functional:
xc_check: GGA PBEsol
xc_check: WARNING: Pseudopotential generated with GGA PBE functional
Got Vlocal (oncv-fit) from psml data
Choosing vlocal chloc cutoff:  3.188973
qtot up to nchloc:   17.99992641
atom: Maximum radius for chlocal:    3.18897
atom: Maximum radius for r*vlocal+2*Zval:    3.18897
Reading KB projs from Ni psml data
Using scalar-relativistic projectors in PSML file

PSML: Kleinman-Bylander projectors: 
   l= 0   rc=  1.276377   Ekb= 12.509070
   l= 0   rc=  1.276377   Ekb= -0.503495
   l= 1   rc=  1.371030   Ekb= -5.680418
   l= 1   rc=  1.371030   Ekb= -0.775211
   l= 2   rc=  1.680171   Ekb=-14.446879
   l= 2   rc=  1.680171   Ekb= -5.088878

PSML: Total number of  Kleinman-Bylander projectors:  18
atom: -------------------------------------------------------------------------

atom: SANKEY-TYPE ORBITALS:
atom: Selected multiple-zeta basis: split     

SPLIT: Orbitals with angular momentum L= 0

SPLIT: Basis orbitals for state 3s

SPLIT: PAO cut-off radius determined from an
SPLIT: energy shift=  0.000140 Ry
Split based on tail norm

   izeta = 1
                 lambda =    1.000000
                     rc =    2.999668
                 energy =   -8.139209
                kinetic =    3.776111
    potential(screened) =  -11.915319
       potential(ionic) =  -45.801861

SPLIT: Basis orbitals for state 4s

SPLIT: PAO cut-off radius determined from an
SPLIT: energy shift=  0.000140 Ry
Split based on tail norm

   izeta = 1
                 lambda =    1.000000
                     rc =    9.316220
                 energy =   -0.512978
                kinetic =    1.389681
    potential(screened) =   -1.902658
       potential(ionic) =  -17.770111

   izeta = 2
                 rmatch =    4.957068
              splitnorm =    0.150000
                 energy =   -0.410487
                kinetic =    2.329090
    potential(screened) =   -2.739576
       potential(ionic) =  -21.501560

   izeta = 3
                 rmatch =    5.824741
              splitnorm =    0.075000
                 energy =   -0.473172
                kinetic =    1.899833
    potential(screened) =   -2.373005
       potential(ionic) =  -19.995099

SPLIT: Orbitals with angular momentum L= 1

SPLIT: Basis orbitals for state 3p

SPLIT: PAO cut-off radius determined from an
SPLIT: energy shift=  0.000140 Ry
Split based on tail norm

   izeta = 1
                 lambda =    1.000000
                     rc =    3.414070
                 energy =   -5.225411
                kinetic =    9.244220
    potential(screened) =  -14.469631
       potential(ionic) =  -47.296381

SPLIT: Basis orbitals for state 4p
SPLIT: Non-perturbative polarization orbs for state 4s
SPLIT: rc(1st zeta) (re)set to: 9.3162 (expansion factor: 1.0000)
Split based on tail norm

   izeta = 1
                 lambda =    1.000000
                     rc =    9.316220
                 energy =   -0.065208
                kinetic =    0.825147
    potential(screened) =   -0.890355
       potential(ionic) =  -12.014212

SPLIT: Orbitals with angular momentum L= 2

SPLIT: Basis orbitals for state 3d

SPLIT: PAO cut-off radius determined from an
SPLIT: energy shift=  0.000140 Ry
Split based on tail norm

   izeta = 1
                 lambda =    1.000000
                     rc =    6.323353
                 energy =   -0.639566
                kinetic =   11.441999
    potential(screened) =  -12.081565
       potential(ionic) =  -40.678115

   izeta = 2
                 rmatch =    2.624859
              splitnorm =    0.150000
                 energy =   -0.513226
                kinetic =   13.528651
    potential(screened) =  -14.041878
       potential(ionic) =  -44.582092

   izeta = 3
                 rmatch =    3.356353
              splitnorm =    0.075000
                 energy =   -0.605538
                kinetic =   12.372939
    potential(screened) =  -12.978477
       potential(ionic) =  -42.595740
atom: Total number of Sankey-type orbitals: 25

atm_pop: Valence configuration (for local Pseudopot. screening):
 3s( 2.00) 4s( 2.00)                                                  
 3p( 6.00) 4p( 0.00)                                                  
 3d( 8.00)                                                            
Vna: chval, zval:   18.00000  18.00000

Vna:  Cut-off radius for the neutral-atom potential:   9.316220
comcore: Pseudo-core radius Rcore=  1.817282

atom: _________________________________________________________________________

prinput: Basis input 

PAO.BasisType split     

%block ChemicalSpeciesLabel
    1   31 Ga                      # Species index, atomic number, species label
    2   28 Ni                      # Species index, atomic number, species label
%endblock ChemicalSpeciesLabel

%block PAO.Basis                 # Define Basis set
# WARNING: This information might be incomplete!
Ga                    4                    # Species label, number of l-shells
 n=4   0   3                         # n, l, Nzeta 
   8.573      4.548      5.339   
   1.000      1.000      1.000   
 n=4   1   3                         # n, l, Nzeta 
  12.950      6.968      8.212   
   1.000      1.000      1.000   
 n=3   2   1                         # n, l, Nzeta 
   4.873   
   1.000   
 n=4   2   1                         # n, l, Nzeta 
  12.950   
   1.000   
Ni                    5                    # Species label, number of l-shells
 n=3   0   1                         # n, l, Nzeta 
   3.000   
   1.000   
 n=4   0   3                         # n, l, Nzeta 
   9.316      4.957      5.825   
   1.000      1.000      1.000   
 n=3   1   1                         # n, l, Nzeta 
   3.414   
   1.000   
 n=4   1   1                         # n, l, Nzeta 
   9.316   
   1.000   
 n=3   2   3                         # n, l, Nzeta 
   6.323      2.625      3.356   
   1.000      1.000      1.000   
%endblock PAO.Basis

prinput: ----------------------------------------------------------------------

coor:   Atomic-coordinates input format  =     Fractional

siesta: Atomic coordinates (Bohr) and species
siesta:      0.00000   0.00000   0.00000  1        1
siesta:      2.35178   2.35178   3.32592  1        2
siesta:      0.00000   0.00000   6.65184  1        3
siesta:      2.35178   2.35178   9.97775  2        4
siesta:      0.00000   0.00000  13.30367  2        5
siesta:      2.35178   2.35178  16.62959  2        6

siesta: System type = bulk      

initatomlists: Number of atoms, orbitals, and projectors:      6   141   108

coxmol: Writing XMOL coordinates into file hea.xyz                                                                                                                                                                                                                             

siesta: ******************** Simulation parameters ****************************
siesta:
siesta: The following are some of the parameters of the simulation.
siesta: A complete list of the parameters used, including default values,
siesta: can be found in file out.fdf
siesta:
redata: Spin configuration                          = collinear
redata: Number of spin components                   = 2
redata: Time-Reversal Symmetry                      = T
redata: Spin spiral                                 = F
redata: Long output                                 =   F
redata: Number of Atomic Species                    =        2
redata: Charge density info will appear in .RHO file
redata: Write Mulliken charges (when)               = end
redata: Write Mulliken Pop.                         = Atomic and Orbital charges
redata: Write Hirshfeld charges (when)              = none
redata: Write Voronoi charges (when)                = none
redata: Write spin charge (when)                    = scf
redata: Matel table size (NRTAB)                    =     1024
redata: Mesh Cutoff                                 =   300.0000 Ry
redata: Net charge of the system                    =     0.0000 |e|
redata: Min. number of SCF Iter                     =        0
redata: Max. number of SCF Iter                     =    20000
redata: SCF convergence failure will abort job
redata: SCF mix quantity                            = Hamiltonian
redata: Mix DM or H after convergence               =   F
redata: Recompute H after scf cycle                 =   F
redata: Mix DM in first SCF step                    =   T
redata: Write Pulay info on disk                    =   F
redata: New DM Occupancy tolerance                  = 0.000000000001
redata: No kicks to SCF
redata: DM Mixing Weight for Kicks                  =     0.5000
redata: Require Harris convergence for SCF          =   F
redata: Harris energy tolerance for SCF             =     0.000100 eV
redata: Require DM convergence for SCF              =   T
redata: DM tolerance for SCF                        =     0.000500
redata: Require EDM convergence for SCF             =   F
redata: EDM tolerance for SCF                       =     0.001000 eV
redata: Require H convergence for SCF               =   F
redata: Hamiltonian tolerance for SCF               =     0.005000 eV
redata: Require (free) Energy convergence for SCF   =   F
redata: (free) Energy tolerance for SCF             =     0.000100 eV
redata: Antiferro initial spin density              =   T
redata: Using DFT-D3 dispersion                     =   F
redata: Using Saved Data (generic)                  =   F
redata: Use continuation files for DM               =   F
redata: Neglect nonoverlap interactions             =   F
redata: Method of Calculation                       = Diagonalization
redata: Electronic Temperature                      =   300.0000 K
redata: Fix the spin of the system                  =   F
redata: Max. number of TDED Iter                    =        1
redata: Number of TDED substeps                     =        3
redata: Dynamics option                             = CG coord. optimization
redata: Variable cell                               =   T
redata: Use continuation files for CG               =   F
redata: Max atomic displ per move                   =     0.1058 Ang
redata: Maximum number of optimization moves        =      500
redata: Force tolerance                             =     0.0500 eV/Ang
redata: Stress tolerance                            =     1.0000 GPa
mix.SCF: Broyden mixing                          = Broyden
mix.SCF:    History steps                        = 8
mix.SCF:    Linear mixing weight                 =     0.070000
mix.SCF:    Inverse Jacobian weight              =     0.070000
mix.SCF:    Weight prime                         =     0.070000
mix.SCF:    SVD condition                        = 0.1000E-07
mix.SCF: Spin-component mixing                   all
redata: ***********************************************************************

%block SCF.Mixers
  Broyden
%endblock SCF.Mixers

%block SCF.Mixer.Broyden
  # Mixing method
  method broyden

  # Mixing options
  weight 0.0700
  weight.linear 0.0700
  weight.prime 0.0700
  history 8
%endblock SCF.Mixer.Broyden

DM_history_depth set to one: no extrapolation allowed by default for geometry relaxation
Size of DM history Fstack: 1
Total number of electrons:    93.000000
Total ionic charge:    93.000000

* ProcessorY, Blocksize:    3   3


* Orbital distribution balance (max,min):     6     3

k-point displ. along   1 input, could be:     0.00    0.50
k-point displ. along   2 input, could be:     0.00    0.50
k-point displ. along   3 input, could be:     0.00    0.50
 Kpoints in:           48 . Kpoints trimmed:           46

siesta: k-grid: Number of k-points = 46
siesta: k-points from Monkhorst-Pack grid
siesta: k-cutoff (effective) =     7.467 Ang
siesta: k-point supercell and displacements
siesta: k-grid:     6     0     0      0.000
siesta: k-grid:     0     6     0      0.000
siesta: k-grid:     0     0     2      0.000
k-point displ. along   1 input, could be:     0.00    0.50
k-point displ. along   2 input, could be:     0.00    0.50
k-point displ. along   3 input, could be:     0.00    0.50
 Kpoints in:           48 . Kpoints trimmed:           46

siesta: PDOS k-grid: Number of k-points = 46
siesta: PDOS k-points from Monkhorst-Pack grid
siesta: PDOS k-cutoff (effective) =     0.000 Ang
siesta: PDOS k-point supercell and displacements
siesta: k-grid:     6     0     0      0.000
siesta: k-grid:     0     6     0      0.000
siesta: k-grid:     0     0     2      0.000

diag: Algorithm                                     = D&C
diag: Parallel over k                               =   F
diag: Use parallel 2D distribution                  =   T
diag: Parallel block-size                           = 3
diag: Parallel distribution                         =     6 x     6
diag: Used triangular part                          = Lower
diag: Absolute tolerance                            =  0.100E-15
diag: Orthogonalization factor                      =  0.100E-05
diag: Memory factor                                 =  1.0000
diag: The diagonalization method chosen cannot compute a reduced number of eigenvectors.
diag: Resetting neigwanted 69 to 141

superc: Internal auxiliary supercell:    13 x    13 x     5  =     845
superc: Number of atoms, orbitals, and projectors:   5070 119145  91260


ts: **************************************************************
ts: Save H and S matrices                           =    F
ts: Save DM and EDM matrices                        =    F
ts: Only save the overlap matrix S                  =    F
ts: **************************************************************

************************ Begin: TS CHECKS AND WARNINGS ************************
************************ End: TS CHECKS AND WARNINGS **************************


                     ====================================
                        Begin CG opt. move =      0
                     ====================================

superc: Internal auxiliary supercell:    13 x    13 x     5  =     845
superc: Number of atoms, orbitals, and projectors:   5070 119145  91260

outcell: Unit cell vectors (Ang):
        2.489016    0.000000    0.000000
        0.000000    2.489016    0.000000
        0.000000    0.000000   10.560000

outcell: Cell vector modules (Ang)   :    2.489016    2.489016   10.560000
outcell: Cell angles (23,13,12) (deg):     90.0000     90.0000     90.0000
outcell: Cell volume (Ang**3)        :     65.4213
<dSpData1D:S at geom step 0
  <sparsity:sparsity for geom step 0
    nrows_g=141 nrows=6 sparsity=.9579 nnzs=19045, refcount: 7>
  <dData1D:(new from dSpData1D) n=19045, refcount: 1>
refcount: 1>
new_DM -- step:     1
Initializing Density Matrix...
DM filled with atomic data:
<dSpData2D:DM initialized from atoms
  <sparsity:sparsity for geom step 0
    nrows_g=141 nrows=6 sparsity=.9579 nnzs=19045, refcount: 8>
  <dData2D:DM n=19045 m=2, refcount: 1>
refcount: 1>
No. of atoms with KB's overlaping orbs in proc 0. Max # of overlaps:      56    1394

InitMesh: MESH = 30 x 30 x 120 = 108000
InitMesh: Mesh cutoff (required, used) =   300.000   356.892 Ry
New grid distribution [1]: sub = 2
New grid distribution [2]: sub = 2
New grid distribution [3]: sub = 2
Setting up quadratic distribution...

stepf: Fermi-Dirac step function

siesta: Program's energy decomposition (eV):
siesta: Ebs     =     -3328.491174
siesta: Eions   =     24121.651574
siesta: Ena     =      1307.856122
siesta: Ekin    =     11352.820421
siesta: Enl     =     -5160.806726
siesta: Eso     =         0.000000
siesta: Edftu   =         0.000000
siesta: DEna    =       125.602338
siesta: DUscf   =        23.005744
siesta: DUext   =         0.000000
siesta: Ex      =     -3210.893924
siesta: Ec      =      -197.142257
siesta: Exc     =     -3408.036181
siesta: EbV     =         0.000000
siesta: eta*DQ  =         0.000000
siesta: Emadel  =         0.000000
siesta: Emeta   =         0.000000
siesta: Emolmec =         0.000000
siesta: Ekinion =         0.000000
siesta: Eharris =    -19790.781009
siesta: Etot    =    -19881.209857
siesta: FreeEng =    -19881.223797

        iscf     Eharris(eV)        E_KS(eV)     FreeEng(eV)     dDmax    Ef(eV) dHmax(eV)
   scf:    1   -19790.781009   -19881.209857   -19881.223797 16.733337 -5.679256 38.717553
     spin moment: {S} , |S| = {        0.0        0.0    0.57951 }     0.57951
timer: Routine,Calls,Time,% = IterSCF        1       5.791  20.24
   scf:    2   -19811.163018   -19883.459756   -19883.469232  4.931657 -6.641503 34.853978
     spin moment: {S} , |S| = {        0.0        0.0   -0.97011 }    -0.97011
   scf:    3   -19908.249145   -19899.371343   -19899.380971  2.201294 -6.402147 12.516619
     spin moment: {S} , |S| = {        0.0        0.0   -0.39043 }    -0.39043
   scf:    4   -19902.645983   -19901.276360   -19901.288230  0.229542 -6.373638  6.704075
     spin moment: {S} , |S| = {        0.0        0.0   -0.19571 }    -0.19571
   scf:    5   -19784.868140   -19866.272166   -19866.283904  2.635008 -5.946827 49.905756
     spin moment: {S} , |S| = {        0.0        0.0    1.25621 }     1.25621
   scf:    6   -19905.938943   -19902.176135   -19902.189018  2.911342 -6.543984  2.939848
     spin moment: {S} , |S| = {        0.0        0.0    0.31276 }     0.31276
   scf:    7   -19900.252480   -19902.053217   -19902.067077  0.284074 -6.579323  5.600483
     spin moment: {S} , |S| = {        0.0        0.0   -0.22445 }    -0.22445
   scf:    8   -19884.643615   -19895.388175   -19895.396783  1.203198 -6.800311 23.092682
     spin moment: {S} , |S| = {        0.0        0.0   -0.45835 }    -0.45835
   scf:    9   -19896.843058   -19896.123171   -19896.132583  0.327460 -6.818045 21.909019
     spin moment: {S} , |S| = {        0.0        0.0   -0.37075 }    -0.37075
   scf:   10   -19905.269483   -19901.945241   -19901.954097  0.732369 -6.746709  8.200206
     spin moment: {S} , |S| = {        0.0        0.0   -0.01078 }    -0.01078
   scf:   11   -19901.803278   -19901.875390   -19901.884318  0.074817 -6.767052  8.576871
     spin moment: {S} , |S| = {        0.0        0.0   -0.00687 }    -0.00687
   scf:   12   -19902.847852   -19902.411451   -19902.421002  0.073804 -6.743356  5.921565
     spin moment: {S} , |S| = {        0.0        0.0    0.08099 }     0.08099
   scf:   13   -19902.997594   -19902.887879   -19902.900682  0.192033 -6.689476  0.769586
     spin moment: {S} , |S| = {        0.0        0.0    0.29931 }     0.29931
   scf:   14   -19902.910445   -19902.904985   -19902.918083  0.078303 -6.680499  0.276275
     spin moment: {S} , |S| = {        0.0        0.0    0.34032 }     0.34032
   scf:   15   -19902.910591   -19902.908860   -19902.922081  0.020267 -6.681574  0.209057
     spin moment: {S} , |S| = {        0.0        0.0    0.34391 }     0.34391
   scf:   16   -19902.944274   -19902.923991   -19902.935944  0.099640 -6.685980  0.174347
     spin moment: {S} , |S| = {        0.0        0.0    0.36314 }     0.36314
   scf:   17   -19902.925820   -19902.924943   -19902.936800  0.026772 -6.686008  0.246571
     spin moment: {S} , |S| = {        0.0        0.0    0.35853 }     0.35853
   scf:   18   -19902.925367   -19902.925814   -19902.937788  0.024690 -6.679242  0.147906
     spin moment: {S} , |S| = {        0.0        0.0    0.35813 }     0.35813
   scf:   19   -19902.925402   -19902.925595   -19902.937542  0.015094 -6.679635  0.123752
     spin moment: {S} , |S| = {        0.0        0.0    0.35554 }     0.35554
   scf:   20   -19902.926573   -19902.926166   -19902.938162  0.022990 -6.683564  0.084397
     spin moment: {S} , |S| = {        0.0        0.0    0.35277 }     0.35277
   scf:   21   -19902.926807   -19902.926475   -19902.938670  0.011578 -6.684393  0.048399
     spin moment: {S} , |S| = {        0.0        0.0    0.34547 }     0.34547
   scf:   22   -19902.923304   -19902.925258   -19902.938307  0.028770 -6.687646  0.217157
     spin moment: {S} , |S| = {        0.0        0.0    0.33966 }     0.33966
   scf:   23   -19902.926433   -19902.926565   -19902.939046  0.016593 -6.686368  0.075273
     spin moment: {S} , |S| = {        0.0        0.0    0.33669 }     0.33669
   scf:   24   -19902.926569   -19902.926599   -19902.939269  0.008019 -6.687720  0.033197
     spin moment: {S} , |S| = {        0.0        0.0    0.33307 }     0.33307
   scf:   25   -19902.926635   -19902.926616   -19902.939318  0.004375 -6.687840  0.026709
     spin moment: {S} , |S| = {        0.0        0.0    0.33041 }     0.33041
   scf:   26   -19902.926654   -19902.926634   -19902.939357  0.003532 -6.688064  0.022942
     spin moment: {S} , |S| = {        0.0        0.0    0.32690 }     0.32690
   scf:   27   -19902.926627   -19902.926628   -19902.939408  0.004930 -6.688638  0.027008
     spin moment: {S} , |S| = {        0.0        0.0    0.32232 }     0.32232
   scf:   28   -19902.926612   -19902.926618   -19902.939448  0.003477 -6.689076  0.018970
     spin moment: {S} , |S| = {        0.0        0.0    0.31835 }     0.31835
   scf:   29   -19902.926722   -19902.926667   -19902.939483  0.003155 -6.689180  0.016406
     spin moment: {S} , |S| = {        0.0        0.0    0.31289 }     0.31289
   scf:   30   -19902.926827   -19902.926742   -19902.939523  0.004303 -6.689275  0.015866
     spin moment: {S} , |S| = {        0.0        0.0    0.30506 }     0.30506
   scf:   31   -19902.926810   -19902.926776   -19902.939534  0.001518 -6.689243  0.015761
     spin moment: {S} , |S| = {        0.0        0.0    0.30238 }     0.30238
   scf:   32   -19902.926812   -19902.926793   -19902.939541  0.001074 -6.689286  0.014797
     spin moment: {S} , |S| = {        0.0        0.0    0.30082 }     0.30082
   scf:   33   -19902.926761   -19902.926777   -19902.939553  0.001719 -6.689402  0.014806
     spin moment: {S} , |S| = {        0.0        0.0    0.29900 }     0.29900
   scf:   34   -19902.926778   -19902.926778   -19902.939554  0.000066 -6.689403  0.014850
     spin moment: {S} , |S| = {        0.0        0.0    0.29890 }     0.29890

SCF Convergence by DM criterion
max |DM_out - DM_in|         :     0.0000656993
max |H_out - H_in|      (eV) :     0.0148495021
SCF cycle converged after 34 iterations

Using DM_out to compute the final energy and forces
No. of atoms with KB's overlaping orbs in proc 0. Max # of overlaps:      56    1394

siesta: E_KS(eV) =           -19902.9268

siesta: E_KS - E_eggbox =    -19902.9268

siesta: Atomic forces (eV/Ang):
     1    0.000000   -0.000000   -3.827660
     2   -0.000000    0.000000   -0.000001
     3    0.000000    0.000000    3.827658
     4   -0.000000    0.000000    0.442306
     5    0.000000    0.000000    0.000006
     6   -0.000000    0.000000   -0.442308
----------------------------------------
   Tot    0.000000    0.000000    0.000000
----------------------------------------
   Max    3.827660
   Res    1.284377    sqrt( Sum f_i^2 / 3N )
----------------------------------------
   Max    3.827660    constrained

Stress tensor Voigt[x,y,z,yz,xz,xy] (kbar):     -359.90     -359.91     -347.47        0.00       -0.00        0.00
(Free)E + p*V (eV/cell)   -19888.4128
Target enthalpy (eV/cell)   -19902.9396

siesta: Stress tensor (static) (eV/Ang**3):
        -0.224634    0.000000   -0.000000
         0.000000   -0.224636    0.000000
        -0.000000    0.000000   -0.216875

siesta: Pressure (static):        355.76118789  kBar

siesta: Stress tensor (total) (eV/Ang**3):
        -0.224634    0.000000   -0.000000
         0.000000   -0.224636    0.000000
        -0.000000    0.000000   -0.216875

siesta: Pressure (total):        355.76118789  kBar

cgvc: No target stress found, assuming hydrostatic MD.TargetPressure.

cgvc: Target stress (kBar)
cgvc:        -0.000       0.000       0.000
cgvc:         0.000      -0.000       0.000
cgvc:         0.000       0.000      -0.000

                     ====================================
                        Begin CG opt. move =      1
                     ====================================
k-point displ. along   1 input, could be:     0.00    0.50
k-point displ. along   2 input, could be:     0.00    0.50
k-point displ. along   3 input, could be:     0.00    0.50
 Kpoints in:           48 . Kpoints trimmed:           46

siesta: k-grid: Number of k-points = 46
siesta: k-points from Monkhorst-Pack grid
siesta: k-cutoff (effective) =     7.530 Ang
siesta: k-point supercell and displacements
siesta: k-grid:     6     0     0      0.000
siesta: k-grid:     0     6     0      0.000
siesta: k-grid:     0     0     2      0.000

superc: Internal auxiliary supercell:    13 x    13 x     5  =     845
superc: Number of atoms, orbitals, and projectors:   5070 119145  91260

outcell: Unit cell vectors (Ang):
        2.509892   -0.000000    0.000000
       -0.000000    2.509892   -0.000000
        0.000000   -0.000000   10.645509

outcell: Cell vector modules (Ang)   :    2.509892    2.509892   10.645509
outcell: Cell angles (23,13,12) (deg):     90.0000     90.0000     90.0000
outcell: Cell volume (Ang**3)        :     67.0620
<dSpData1D:S at geom step 1
  <sparsity:sparsity for geom step 1
    nrows_g=141 nrows=6 sparsity=.9467 nnzs=18821, refcount: 7>
  <dData1D:(new from dSpData1D) n=18821, refcount: 1>
refcount: 1>
new_DM -- step:     2
Re-using DM from previous geometries...
Number of DMs in history: 1
 DM extrapolation coefficients: 
1   1.00000
New DM after history re-use:
<dSpData2D:SpM extrapolated using coords
  <sparsity:sparsity for geom step 1
    nrows_g=141 nrows=6 sparsity=.9467 nnzs=18821, refcount: 9>
  <dData2D:(temp array for extrapolation) n=18821 m=2, refcount: 1>
refcount: 1>
Note: For starting DM, Qtot, Tr[D*S] =         93.00000000         93.12624981
No. of atoms with KB's overlaping orbs in proc 0. Max # of overlaps:      56    1293

InitMesh: MESH = 30 x 30 x 120 = 108000
InitMesh: Mesh cutoff (required, used) =   300.000   351.182 Ry
New grid distribution [1]: sub = 2
New grid distribution [2]: sub = 2
New grid distribution [3]: sub = 2
Setting up quadratic distribution...

        iscf     Eharris(eV)        E_KS(eV)     FreeEng(eV)     dDmax    Ef(eV) dHmax(eV)
   scf:    1   -19757.390773   -19854.464535   -19854.474763  4.535775 -7.463176 47.812896
     spin moment: {S} , |S| = {        0.0        0.0    0.09928 }     0.09928
   scf:    2    18629.263393    -7379.343325    -7379.345529**********  4.757457691.349115
     spin moment: {S} , |S| = {        0.0        0.0    0.00452 }     0.00452
   scf:    3   -20904.902879   -19888.096759   -19888.106645********** -6.178773 32.601543
     spin moment: {S} , |S| = {        0.0        0.0    0.47798 }     0.47798
   scf:    4   -19905.322499   -19897.878877   -19897.892393  0.668666 -6.399894 19.736714
     spin moment: {S} , |S| = {        0.0        0.0    0.55464 }     0.55464
   scf:    5   -19905.520033   -19903.222030   -19903.236540  0.557282 -6.593397  5.265307
     spin moment: {S} , |S| = {        0.0        0.0    0.43369 }     0.43369
   scf:    6   -19903.258298   -19903.240270   -19903.254777  0.004254 -6.595024  5.141264
     spin moment: {S} , |S| = {        0.0        0.0    0.43107 }     0.43107
   scf:    7   -19903.165032   -19903.203111   -19903.217606  0.007669 -6.593154  5.386465
     spin moment: {S} , |S| = {        0.0        0.0    0.43612 }     0.43612
   scf:    8   -19903.543947   -19903.387525   -19903.401913  0.040336 -6.610461  4.033776
     spin moment: {S} , |S| = {        0.0        0.0    0.40566 }     0.40566
   scf:    9   -19903.633117   -19903.525994   -19903.540205  0.056217 -6.634708  2.524289
     spin moment: {S} , |S| = {        0.0        0.0    0.36717 }     0.36717
   scf:   10   -19903.581515   -19903.613315   -19903.626803  0.155497 -6.688597  0.479077
     spin moment: {S} , |S| = {        0.0        0.0    0.29177 }     0.29177
   scf:   11   -19903.616371   -19903.616417   -19903.630074  0.042910 -6.680772  0.058081
     spin moment: {S} , |S| = {        0.0        0.0    0.30190 }     0.30190
   scf:   12   -19903.616538   -19903.616510   -19903.630158  0.007826 -6.679829  0.057129
     spin moment: {S} , |S| = {        0.0        0.0    0.29911 }     0.29911
   scf:   13   -19903.616817   -19903.616686   -19903.630302  0.028036 -6.681446  0.068848
     spin moment: {S} , |S| = {        0.0        0.0    0.29003 }     0.29003
   scf:   14   -19903.616751   -19903.616740   -19903.630369  0.002616 -6.681306  0.017354
     spin moment: {S} , |S| = {        0.0        0.0    0.28968 }     0.28968
   scf:   15   -19903.616858   -19903.616796   -19903.630408  0.007034 -6.682195  0.010026
     spin moment: {S} , |S| = {        0.0        0.0    0.28391 }     0.28391
   scf:   16   -19903.616865   -19903.616830   -19903.630427  0.003856 -6.682642  0.014230
     spin moment: {S} , |S| = {        0.0        0.0    0.28043 }     0.28043
   scf:   17   -19903.616924   -19903.616875   -19903.630449  0.004518 -6.682963  0.014024
     spin moment: {S} , |S| = {        0.0        0.0    0.27593 }     0.27593
   scf:   18   -19903.617098   -19903.616977   -19903.630497  0.010248 -6.683610  0.010316
     spin moment: {S} , |S| = {        0.0        0.0    0.26542 }     0.26542
   scf:   19   -19903.617064   -19903.617019   -19903.630514  0.004063 -6.683819  0.009819
     spin moment: {S} , |S| = {        0.0        0.0    0.26110 }     0.26110
   scf:   20   -19903.617073   -19903.617045   -19903.630524  0.002212 -6.683940  0.010405
     spin moment: {S} , |S| = {        0.0        0.0    0.25847 }     0.25847
   scf:   21   -19903.617097   -19903.617071   -19903.630532  0.002016 -6.684001  0.010576
     spin moment: {S} , |S| = {        0.0        0.0    0.25603 }     0.25603
   scf:   22   -19903.617163   -19903.617115   -19903.630547  0.003494 -6.684068  0.009541
     spin moment: {S} , |S| = {        0.0        0.0    0.25173 }     0.25173
   scf:   23   -19903.617318   -19903.617210   -19903.630576  0.007519 -6.684145  0.007273
     spin moment: {S} , |S| = {        0.0        0.0    0.24254 }     0.24254
   scf:   24   -19903.617352   -19903.617277   -19903.630594  0.005700 -6.684224  0.005704
     spin moment: {S} , |S| = {        0.0        0.0    0.23582 }     0.23582
   scf:   25   -19903.617399   -19903.617335   -19903.630610  0.005198 -6.684325  0.004673
     spin moment: {S} , |S| = {        0.0        0.0    0.22993 }     0.22993
   scf:   26   -19903.617458   -19903.617394   -19903.630624  0.005063 -6.684394  0.004606
     spin moment: {S} , |S| = {        0.0        0.0    0.22408 }     0.22408
   scf:   27   -19903.617511   -19903.617450   -19903.630636  0.004731 -6.684424  0.003320
     spin moment: {S} , |S| = {        0.0        0.0    0.21850 }     0.21850
   scf:   28   -19903.617456   -19903.617453   -19903.630636  0.000721 -6.684440  0.006694
     spin moment: {S} , |S| = {        0.0        0.0    0.21855 }     0.21855
   scf:   29   -19903.617546   -19903.617498   -19903.630646  0.003724 -6.684445  0.004208
     spin moment: {S} , |S| = {        0.0        0.0    0.21402 }     0.21402
   scf:   30   -19903.617591   -19903.617543   -19903.630655  0.003371 -6.684441  0.004481
     spin moment: {S} , |S| = {        0.0        0.0    0.20980 }     0.20980
   scf:   31   -19903.617671   -19903.617605   -19903.630666  0.004645 -6.684422  0.003573
     spin moment: {S} , |S| = {        0.0        0.0    0.20394 }     0.20394
   scf:   32   -19903.617763   -19903.617680   -19903.630680  0.006009 -6.684398  0.003395
     spin moment: {S} , |S| = {        0.0        0.0    0.19648 }     0.19648
   scf:   33   -19903.617782   -19903.617729   -19903.630688  0.003677 -6.684386  0.002942
     spin moment: {S} , |S| = {        0.0        0.0    0.19178 }     0.19178
   scf:   34   -19903.617828   -19903.617777   -19903.630695  0.003791 -6.684381  0.002833
     spin moment: {S} , |S| = {        0.0        0.0    0.18701 }     0.18701
   scf:   35   -19903.617850   -19903.617812   -19903.630701  0.002828 -6.684392  0.002744
     spin moment: {S} , |S| = {        0.0        0.0    0.18342 }     0.18342
   scf:   36   -19903.617896   -19903.617853   -19903.630707  0.003418 -6.684401  0.002740
     spin moment: {S} , |S| = {        0.0        0.0    0.17915 }     0.17915
   scf:   37   -19903.617914   -19903.617883   -19903.630711  0.002487 -6.684433  0.002584
     spin moment: {S} , |S| = {        0.0        0.0    0.17601 }     0.17601
   scf:   38   -19903.617969   -19903.617924   -19903.630717  0.003718 -6.684440  0.002635
     spin moment: {S} , |S| = {        0.0        0.0    0.17140 }     0.17140
   scf:   39   -19903.617980   -19903.617952   -19903.630720  0.002346 -6.684487  0.002456
     spin moment: {S} , |S| = {        0.0        0.0    0.16845 }     0.16845
   scf:   40   -19903.618034   -19903.617991   -19903.630725  0.003681 -6.684524  0.002359
     spin moment: {S} , |S| = {        0.0        0.0    0.16389 }     0.16389
   scf:   41   -19903.618092   -19903.618040   -19903.630730  0.004667 -6.684573  0.002274
     spin moment: {S} , |S| = {        0.0        0.0    0.15811 }     0.15811
   scf:   42   -19903.618135   -19903.618085   -19903.630735  0.004598 -6.684633  0.002020
     spin moment: {S} , |S| = {        0.0        0.0    0.15243 }     0.15243
   scf:   43   -19903.618203   -19903.618140   -19903.630740  0.005960 -6.684718  0.001821
     spin moment: {S} , |S| = {        0.0        0.0    0.14509 }     0.14509
   scf:   44   -19903.618242   -19903.618188   -19903.630744  0.005536 -6.684813  0.001881
     spin moment: {S} , |S| = {        0.0        0.0    0.13828 }     0.13828
   scf:   45   -19903.618252   -19903.618219   -19903.630746  0.003825 -6.684907  0.000923
     spin moment: {S} , |S| = {        0.0        0.0    0.13359 }     0.13359
   scf:   46   -19903.618284   -19903.618249   -19903.630748  0.004311 -6.684969  0.002045
     spin moment: {S} , |S| = {        0.0        0.0    0.12833 }     0.12833
   scf:   47   -19903.618252   -19903.618251   -19903.630748  0.000162 -6.685015  0.001806
     spin moment: {S} , |S| = {        0.0        0.0    0.12821 }     0.12821

SCF Convergence by DM criterion
max |DM_out - DM_in|         :     0.0001622359
max |H_out - H_in|      (eV) :     0.0018060456
SCF cycle converged after 47 iterations

Using DM_out to compute the final energy and forces
No. of atoms with KB's overlaping orbs in proc 0. Max # of overlaps:      56    1293

siesta: E_KS(eV) =           -19903.6183

siesta: Atomic forces (eV/Ang):
     1   -0.000000   -0.000000   -2.746892
     2    0.000000    0.000000   -0.000001
     3    0.000000   -0.000000    2.746894
     4    0.000000   -0.000000    0.681083
     5   -0.000000   -0.000000   -0.000000
     6   -0.000000   -0.000000   -0.681084
----------------------------------------
   Tot   -0.000000   -0.000000    0.000000
----------------------------------------
   Max    2.746894
   Res    0.943357    sqrt( Sum f_i^2 / 3N )
----------------------------------------
   Max    2.746894    constrained

Stress tensor Voigt[x,y,z,yz,xz,xy] (kbar):     -289.96     -289.96     -261.26       -0.00        0.00       -0.00
(Free)E + p*V (eV/cell)   -19891.8944
Target enthalpy (eV/cell)   -19903.6307

siesta: Stress tensor (static) (eV/Ang**3):
        -0.180977   -0.000000    0.000000
        -0.000000   -0.180978   -0.000000
         0.000000   -0.000000   -0.163066

siesta: Pressure (static):        280.39195622  kBar

siesta: Stress tensor (total) (eV/Ang**3):
        -0.180977   -0.000000    0.000000
        -0.000000   -0.180978   -0.000000
         0.000000   -0.000000   -0.163066

siesta: Pressure (total):        280.39195622  kBar

                     ====================================
                        Begin CG opt. move =      2
                     ====================================
k-point displ. along   1 input, could be:     0.00    0.50
k-point displ. along   2 input, could be:     0.00    0.50
k-point displ. along   3 input, could be:     0.00    0.50
 Kpoints in:           48 . Kpoints trimmed:           46

siesta: k-grid: Number of k-points = 46
siesta: k-points from Monkhorst-Pack grid
siesta: k-cutoff (effective) =     7.630 Ang
siesta: k-point supercell and displacements
siesta: k-grid:     6     0     0      0.000
siesta: k-grid:     0     6     0      0.000
siesta: k-grid:     0     0     2      0.000

superc: Internal auxiliary supercell:    13 x    13 x     5  =     845
superc: Number of atoms, orbitals, and projectors:   5070 119145  91260

outcell: Unit cell vectors (Ang):
        2.543293   -0.000000    0.000000
       -0.000000    2.543293   -0.000000
        0.000000   -0.000000   10.782323

outcell: Cell vector modules (Ang)   :    2.543293    2.543293   10.782323
outcell: Cell angles (23,13,12) (deg):     90.0000     90.0000     90.0000
outcell: Cell volume (Ang**3)        :     69.7437
<dSpData1D:S at geom step 2
  <sparsity:sparsity for geom step 2
    nrows_g=141 nrows=6 sparsity=.9302 nnzs=18493, refcount: 7>
  <dData1D:(new from dSpData1D) n=18493, refcount: 1>
refcount: 1>
new_DM -- step:     3
Re-using DM from previous geometries...
Number of DMs in history: 1
 DM extrapolation coefficients: 
1   1.00000
New DM after history re-use:
<dSpData2D:SpM extrapolated using coords
  <sparsity:sparsity for geom step 2
    nrows_g=141 nrows=6 sparsity=.9302 nnzs=18493, refcount: 9>
  <dData2D:(temp array for extrapolation) n=18493 m=2, refcount: 1>
refcount: 1>
Note: For starting DM, Qtot, Tr[D*S] =         93.00000000         93.20870456
No. of atoms with KB's overlaping orbs in proc 0. Max # of overlaps:      56    1292

InitMesh: MESH = 30 x 30 x 120 = 108000
InitMesh: Mesh cutoff (required, used) =   300.000   342.326 Ry
New grid distribution [1]: sub = 2
New grid distribution [2]: sub = 2
New grid distribution [3]: sub = 2
Setting up quadratic distribution...

        iscf     Eharris(eV)        E_KS(eV)     FreeEng(eV)     dDmax    Ef(eV) dHmax(eV)
   scf:    1   -19480.506965   -19763.779265   -19763.783125  3.952221 -7.676336 76.543522
     spin moment: {S} , |S| = {        0.0        0.0    0.02103 }     0.02103
   scf:    2    47890.911695     2009.409689     2009.407421**********  0.828515997.152620
     spin moment: {S} , |S| = {        0.0        0.0   -0.00061 }    -0.00061
   scf:    3   -23147.140283   -19819.834263   -19819.852989********** -5.435774 75.113530
     spin moment: {S} , |S| = {        0.0        0.0    0.25771 }     0.25771
   scf:    4   -19749.179874   -19785.937274   -19785.955609  0.510069 -5.163664 89.233343
     spin moment: {S} , |S| = {        0.0        0.0    0.27810 }     0.27810
   scf:    5   -19944.916120   -19889.878592   -19889.893354  2.843473 -6.109019 31.323049
     spin moment: {S} , |S| = {        0.0        0.0    0.28406 }     0.28406
   scf:    6   -19826.476196   -19861.797582   -19861.814399  1.488578 -5.829990 53.292026
     spin moment: {S} , |S| = {        0.0        0.0    0.19356 }     0.19356
   scf:    7   -19908.760482   -19903.888167   -19903.901433  3.724724 -6.632504  3.595461
     spin moment: {S} , |S| = {        0.0        0.0    0.19541 }     0.19541
   scf:    8   -19904.249612   -19904.116267   -19904.129233  0.074632 -6.669775  2.418580
     spin moment: {S} , |S| = {        0.0        0.0    0.17185 }     0.17185
   scf:    9   -19904.225859   -19904.179325   -19904.192283  0.023094 -6.679033  2.283307
     spin moment: {S} , |S| = {        0.0        0.0    0.16350 }     0.16350
   scf:   10   -19902.727615   -19903.796725   -19903.807872  0.153346 -6.706518  6.438365
     spin moment: {S} , |S| = {        0.0        0.0    0.12533 }     0.12533
   scf:   11   -19904.510192   -19904.210931   -19904.222178  0.079559 -6.665605  3.579430
     spin moment: {S} , |S| = {        0.0        0.0    0.12457 }     0.12457
   scf:   12   -19904.379488   -19904.387885   -19904.401656  0.117866 -6.615091  0.369119
     spin moment: {S} , |S| = {        0.0        0.0    0.15138 }     0.15138
   scf:   13   -19904.382249   -19904.388109   -19904.402190  0.012549 -6.617155  0.483161
     spin moment: {S} , |S| = {        0.0        0.0    0.15856 }     0.15856
   scf:   14   -19904.279750   -19904.360727   -19904.373155  0.062344 -6.634302  1.479975
     spin moment: {S} , |S| = {        0.0        0.0    0.14157 }     0.14157
   scf:   15   -19904.395064   -19904.391665   -19904.405223  0.039878 -6.622228  0.142997
     spin moment: {S} , |S| = {        0.0        0.0    0.16306 }     0.16306
   scf:   16   -19904.392401   -19904.392370   -19904.405868  0.008713 -6.625498  0.069242
     spin moment: {S} , |S| = {        0.0        0.0    0.16596 }     0.16596
   scf:   17   -19904.391994   -19904.392325   -19904.405881  0.007234 -6.623283  0.078277
     spin moment: {S} , |S| = {        0.0        0.0    0.16950 }     0.16950
   scf:   18   -19904.392139   -19904.392465   -19904.405826  0.007314 -6.625543  0.109642
     spin moment: {S} , |S| = {        0.0        0.0    0.16999 }     0.16999
   scf:   19   -19904.392661   -19904.392563   -19904.405832  0.002261 -6.625891  0.117697
     spin moment: {S} , |S| = {        0.0        0.0    0.17344 }     0.17344
   scf:   20   -19904.393064   -19904.392881   -19904.406083  0.004475 -6.625014  0.016428
     spin moment: {S} , |S| = {        0.0        0.0    0.18042 }     0.18042
   scf:   21   -19904.393101   -19904.392991   -19904.406115  0.001728 -6.624982  0.009362
     spin moment: {S} , |S| = {        0.0        0.0    0.18418 }     0.18418
   scf:   22   -19904.393183   -19904.393086   -19904.406136  0.001483 -6.625042  0.007795
     spin moment: {S} , |S| = {        0.0        0.0    0.18742 }     0.18742
   scf:   23   -19904.393508   -19904.393291   -19904.406179  0.003199 -6.624969  0.006814
     spin moment: {S} , |S| = {        0.0        0.0    0.19470 }     0.19470
   scf:   24   -19904.393709   -19904.393494   -19904.406213  0.003221 -6.624875  0.005876
     spin moment: {S} , |S| = {        0.0        0.0    0.20198 }     0.20198
   scf:   25   -19904.393654   -19904.393573   -19904.406224  0.001430 -6.624782  0.004854
     spin moment: {S} , |S| = {        0.0        0.0    0.20528 }     0.20528
   scf:   26   -19904.393736   -19904.393653   -19904.406236  0.001652 -6.624639  0.003438
     spin moment: {S} , |S| = {        0.0        0.0    0.20921 }     0.20921
   scf:   27   -19904.393787   -19904.393719   -19904.406244  0.001235 -6.624501  0.003115
     spin moment: {S} , |S| = {        0.0        0.0    0.21248 }     0.21248
   scf:   28   -19904.393828   -19904.393773   -19904.406250  0.001101 -6.624392  0.003000
     spin moment: {S} , |S| = {        0.0        0.0    0.21547 }     0.21547
   scf:   29   -19904.393832   -19904.393802   -19904.406253  0.000704 -6.624315  0.003129
     spin moment: {S} , |S| = {        0.0        0.0    0.21765 }     0.21765
   scf:   30   -19904.393812   -19904.393807   -19904.406256  0.000410 -6.624252  0.003321
     spin moment: {S} , |S| = {        0.0        0.0    0.21907 }     0.21907

SCF Convergence by DM criterion
max |DM_out - DM_in|         :     0.0004097188
max |H_out - H_in|      (eV) :     0.0033206448
SCF cycle converged after 30 iterations

Using DM_out to compute the final energy and forces
No. of atoms with KB's overlaping orbs in proc 0. Max # of overlaps:      56    1292

siesta: E_KS(eV) =           -19904.3938

siesta: Atomic forces (eV/Ang):
     1   -0.000000    0.000000   -1.493672
     2   -0.000000   -0.000000   -0.000001
     3    0.000000   -0.000000    1.493673
     4    0.000000   -0.000000    0.958758
     5   -0.000000   -0.000000    0.000001
     6    0.000000   -0.000000   -0.958762
----------------------------------------
   Tot   -0.000000   -0.000000   -0.000004
----------------------------------------
   Max    1.493673
   Res    0.591634    sqrt( Sum f_i^2 / 3N )
----------------------------------------
   Max    1.493673    constrained

Stress tensor Voigt[x,y,z,yz,xz,xy] (kbar):     -194.96     -194.96     -161.70        0.00        0.00       -0.00
(Free)E + p*V (eV/cell)   -19896.4022
Target enthalpy (eV/cell)   -19904.4063

siesta: Stress tensor (static) (eV/Ang**3):
        -0.121685   -0.000000    0.000000
        -0.000000   -0.121685    0.000000
         0.000000    0.000000   -0.100923

siesta: Pressure (static):        183.87286084  kBar

siesta: Stress tensor (total) (eV/Ang**3):
        -0.121685   -0.000000    0.000000
        -0.000000   -0.121685    0.000000
         0.000000    0.000000   -0.100923

siesta: Pressure (total):        183.87286084  kBar

                     ====================================
                        Begin CG opt. move =      3
                     ====================================
k-point displ. along   1 input, could be:     0.00    0.50
k-point displ. along   2 input, could be:     0.00    0.50
k-point displ. along   3 input, could be:     0.00    0.50
 Kpoints in:           48 . Kpoints trimmed:           46

siesta: k-grid: Number of k-points = 46
siesta: k-points from Monkhorst-Pack grid
siesta: k-cutoff (effective) =     7.751 Ang
siesta: k-point supercell and displacements
siesta: k-grid:     6     0     0      0.000
siesta: k-grid:     0     6     0      0.000
siesta: k-grid:     0     0     2      0.000

superc: Internal auxiliary supercell:    13 x    13 x     3  =     507
superc: Number of atoms, orbitals, and projectors:   3042  71487  54756

outcell: Unit cell vectors (Ang):
        2.583749   -0.000000    0.000000
       -0.000000    2.583749   -0.000000
        0.000000   -0.000000   10.948034

outcell: Cell vector modules (Ang)   :    2.583749    2.583749   10.948034
outcell: Cell angles (23,13,12) (deg):     90.0000     90.0000     90.0000
outcell: Cell volume (Ang**3)        :     73.0864
<dSpData1D:S at geom step 3
  <sparsity:sparsity for geom step 3
    nrows_g=141 nrows=6 sparsity=.8895 nnzs=17685, refcount: 7>
  <dData1D:(new from dSpData1D) n=17685, refcount: 1>
refcount: 1>
new_DM -- step:     4
Re-using DM from previous geometries...
Number of DMs in history: 1
 DM extrapolation coefficients: 
1   1.00000
New DM after history re-use:
<dSpData2D:SpM extrapolated using coords
  <sparsity:sparsity for geom step 3
    nrows_g=141 nrows=6 sparsity=.8895 nnzs=17685, refcount: 9>
  <dData2D:(temp array for extrapolation) n=17685 m=2, refcount: 1>
refcount: 1>
Note: For starting DM, Qtot, Tr[D*S] =         93.00000000         93.23121955
No. of atoms with KB's overlaping orbs in proc 0. Max # of overlaps:      56    1207

InitMesh: MESH = 30 x 30 x 120 = 108000
InitMesh: Mesh cutoff (required, used) =   300.000   332.041 Ry
New grid distribution [1]: sub = 2
New grid distribution [2]: sub = 2
New grid distribution [3]: sub = 2
Setting up quadratic distribution...

        iscf     Eharris(eV)        E_KS(eV)     FreeEng(eV)     dDmax    Ef(eV) dHmax(eV)
   scf:    1   -19317.492287   -19710.924965   -19710.929909  2.759562 -7.838739 88.233171
     spin moment: {S} , |S| = {        0.0        0.0    0.02731 }     0.02731
   scf:    2    50586.018410     2712.977749     2712.976335********** -2.720403**********
     spin moment: {S} , |S| = {        0.0        0.0    0.00086 }     0.00086
   scf:    3   -23990.684441   -19729.297844   -19729.315865********** -4.682626107.860613
     spin moment: {S} , |S| = {        0.0        0.0    0.28578 }     0.28578
   scf:    4   -19478.094337   -19611.086102   -19611.098336  1.408461 -4.364373138.933859
     spin moment: {S} , |S| = {        0.0        0.0    0.14279 }     0.14279
   scf:    5   -19793.078737   -19706.653121   -19706.672573  1.285087 -4.575928114.499956
     spin moment: {S} , |S| = {        0.0        0.0    0.34397 }     0.34397
   scf:    6   -19798.178481   -19754.232123   -19754.245694  1.067597 -4.878037 98.925585
     spin moment: {S} , |S| = {        0.0        0.0    0.92032 }     0.92032
   scf:    7   -19944.864612   -19897.707990   -19897.724846  3.703804 -6.182236 17.129907
     spin moment: {S} , |S| = {        0.0        0.0    0.60116 }     0.60116
   scf:    8   -19885.872354   -19901.366814   -19901.376408  1.426321 -6.695622 15.407946
     spin moment: {S} , |S| = {        0.0        0.0    0.23155 }     0.23155
   scf:    9   -19902.349508   -19901.868524   -19901.878238  0.046729 -6.673884 14.379699
     spin moment: {S} , |S| = {        0.0        0.0    0.23295 }     0.23295
   scf:   10   -19900.838167   -19901.381867   -19901.391111  0.057493 -6.664497 15.780284
     spin moment: {S} , |S| = {        0.0        0.0    0.22459 }     0.22459
   scf:   11   -19900.960904   -19903.352203   -19903.363996  0.532769 -6.460120  5.563653
     spin moment: {S} , |S| = {        0.0        0.0    0.26905 }     0.26905
   scf:   12   -19904.950228   -19904.354870   -19904.366980  0.125950 -6.492826  3.855118
     spin moment: {S} , |S| = {        0.0        0.0    0.24042 }     0.24042
   scf:   13   -19904.608471   -19904.578132   -19904.590252  0.093773 -6.526656  4.551615
     spin moment: {S} , |S| = {        0.0        0.0    0.21692 }     0.21692
   scf:   14   -19904.700868   -19904.643303   -19904.655516  0.012611 -6.522053  3.916985
     spin moment: {S} , |S| = {        0.0        0.0    0.22549 }     0.22549
   scf:   15   -19904.907859   -19904.893612   -19904.905657  0.064388 -6.506202  0.385506
     spin moment: {S} , |S| = {        0.0        0.0    0.24754 }     0.24754
   scf:   16   -19904.898408   -19904.896443   -19904.908433  0.029897 -6.511234  0.247748
     spin moment: {S} , |S| = {        0.0        0.0    0.24690 }     0.24690
   scf:   17   -19904.893993   -19904.896560   -19904.908511  0.059501 -6.513093  0.424221
     spin moment: {S} , |S| = {        0.0        0.0    0.23021 }     0.23021
   scf:   18   -19904.889954   -19904.897382   -19904.909568  0.026571 -6.521253  0.385924
     spin moment: {S} , |S| = {        0.0        0.0    0.21298 }     0.21298
   scf:   19   -19904.899995   -19904.899328   -19904.911472  0.005818 -6.519253  0.086981
     spin moment: {S} , |S| = {        0.0        0.0    0.21258 }     0.21258
   scf:   20   -19904.900445   -19904.899842   -19904.912052  0.009967 -6.522895  0.026954
     spin moment: {S} , |S| = {        0.0        0.0    0.19352 }     0.19352
   scf:   21   -19904.899951   -19904.899904   -19904.912153  0.003644 -6.523281  0.024619
     spin moment: {S} , |S| = {        0.0        0.0    0.18857 }     0.18857
   scf:   22   -19904.899931   -19904.899916   -19904.912210  0.002300 -6.524080  0.018252
     spin moment: {S} , |S| = {        0.0        0.0    0.18446 }     0.18446
   scf:   23   -19904.899930   -19904.899920   -19904.912278  0.002739 -6.524764  0.019306
     spin moment: {S} , |S| = {        0.0        0.0    0.17861 }     0.17861
   scf:   24   -19904.899840   -19904.899862   -19904.912378  0.006028 -6.526118  0.009955
     spin moment: {S} , |S| = {        0.0        0.0    0.16679 }     0.16679
   scf:   25   -19904.899739   -19904.899793   -19904.912423  0.003454 -6.526754  0.008345
     spin moment: {S} , |S| = {        0.0        0.0    0.15876 }     0.15876
   scf:   26   -19904.899743   -19904.899767   -19904.912434  0.000838 -6.526942  0.007428
     spin moment: {S} , |S| = {        0.0        0.0    0.15637 }     0.15637
   scf:   27   -19904.899642   -19904.899702   -19904.912457  0.001490 -6.527360  0.006560
     spin moment: {S} , |S| = {        0.0        0.0    0.15071 }     0.15071
   scf:   28   -19904.899532   -19904.899612   -19904.912479  0.001699 -6.527843  0.005962
     spin moment: {S} , |S| = {        0.0        0.0    0.14345 }     0.14345
   scf:   29   -19904.899572   -19904.899592   -19904.912484  0.000326 -6.527912  0.005779
     spin moment: {S} , |S| = {        0.0        0.0    0.14191 }     0.14191

SCF Convergence by DM criterion
max |DM_out - DM_in|         :     0.0003257785
max |H_out - H_in|      (eV) :     0.0057785291
SCF cycle converged after 29 iterations

Using DM_out to compute the final energy and forces
No. of atoms with KB's overlaping orbs in proc 0. Max # of overlaps:      56    1207

siesta: E_KS(eV) =           -19904.8996

siesta: Atomic forces (eV/Ang):
     1   -0.000000    0.000000   -0.459047
     2   -0.000000   -0.000000    0.000054
     3    0.000000   -0.000000    0.459044
     4    0.000000   -0.000000    1.305725
     5   -0.000000   -0.000000   -0.000144
     6    0.000000   -0.000000   -1.305638
----------------------------------------
   Tot   -0.000000   -0.000000   -0.000006
----------------------------------------
   Max    1.305725
   Res    0.461342    sqrt( Sum f_i^2 / 3N )
----------------------------------------
   Max    1.305725    constrained

Stress tensor Voigt[x,y,z,yz,xz,xy] (kbar):     -111.58     -111.58      -55.18       -0.00       -0.00       -0.00
(Free)E + p*V (eV/cell)   -19900.6802
Target enthalpy (eV/cell)   -19904.9125

siesta: Stress tensor (static) (eV/Ang**3):
        -0.069643   -0.000000   -0.000000
        -0.000000   -0.069643   -0.000000
        -0.000000   -0.000000   -0.034438

siesta: Pressure (static):         92.77872491  kBar

siesta: Stress tensor (total) (eV/Ang**3):
        -0.069643   -0.000000   -0.000000
        -0.000000   -0.069643   -0.000000
        -0.000000   -0.000000   -0.034438

siesta: Pressure (total):         92.77872491  kBar

                     ====================================
                        Begin CG opt. move =      4
                     ====================================
k-point displ. along   1 input, could be:     0.00    0.50
k-point displ. along   2 input, could be:     0.00    0.50
k-point displ. along   3 input, could be:     0.00    0.50
 Kpoints in:           48 . Kpoints trimmed:           46

siesta: k-grid: Number of k-points = 46
siesta: k-points from Monkhorst-Pack grid
siesta: k-cutoff (effective) =     7.873 Ang
siesta: k-point supercell and displacements
siesta: k-grid:     6     0     0      0.000
siesta: k-grid:     0     6     0      0.000
siesta: k-grid:     0     0     2      0.000

superc: Internal auxiliary supercell:    11 x    11 x     3  =     363
superc: Number of atoms, orbitals, and projectors:   2178  51183  39204

outcell: Unit cell vectors (Ang):
        2.624204   -0.000000    0.000000
       -0.000000    2.624205   -0.000000
        0.000000   -0.000000   11.113745

outcell: Cell vector modules (Ang)   :    2.624204    2.624205   11.113745
outcell: Cell angles (23,13,12) (deg):     90.0000     90.0000     90.0000
outcell: Cell volume (Ang**3)        :     76.5343
<dSpData1D:S at geom step 4
  <sparsity:sparsity for geom step 4
    nrows_g=141 nrows=6 sparsity=.8404 nnzs=16708, refcount: 7>
  <dData1D:(new from dSpData1D) n=16708, refcount: 1>
refcount: 1>
new_DM -- step:     5
Re-using DM from previous geometries...
Number of DMs in history: 1
 DM extrapolation coefficients: 
1   1.00000
New DM after history re-use:
<dSpData2D:SpM extrapolated using coords
  <sparsity:sparsity for geom step 4
    nrows_g=141 nrows=6 sparsity=.8404 nnzs=16708, refcount: 9>
  <dData2D:(temp array for extrapolation) n=16708 m=2, refcount: 1>
refcount: 1>
Note: For starting DM, Qtot, Tr[D*S] =         93.00000000         93.09778349
No. of atoms with KB's overlaping orbs in proc 0. Max # of overlaps:      52    1088

InitMesh: MESH = 30 x 30 x 120 = 108000
InitMesh: Mesh cutoff (required, used) =   300.000   322.213 Ry
New grid distribution [1]: sub = 2
New grid distribution [2]: sub = 2
New grid distribution [3]: sub = 2
Setting up quadratic distribution...

        iscf     Eharris(eV)        E_KS(eV)     FreeEng(eV)     dDmax    Ef(eV) dHmax(eV)
   scf:    1   -19594.170164   -19801.822913   -19801.828561  2.393850 -7.315077 65.105596
     spin moment: {S} , |S| = {        0.0        0.0    0.03538 }     0.03538
   scf:    2    24056.481221    -5813.157987    -5813.160142********** -1.853140724.856078
     spin moment: {S} , |S| = {        0.0        0.0    0.00093 }     0.00093
   scf:    3   -22288.657768   -19721.750926   -19721.769250********** -4.779208111.508978
     spin moment: {S} , |S| = {        0.0        0.0    0.20565 }     0.20565
   scf:    4   -19858.866535   -19794.890162   -19794.909915  1.406781 -5.234549 86.217794
     spin moment: {S} , |S| = {        0.0        0.0    0.21352 }     0.21352
   scf:    5   -19892.468493   -19847.919764   -19847.932323  0.885755 -5.554349 62.314019
     spin moment: {S} , |S| = {        0.0        0.0    0.12977 }     0.12977
   scf:    6   -19608.294385   -19741.619647   -19741.641216  1.540548 -4.833515104.632805
     spin moment: {S} , |S| = {        0.0        0.0    0.15318 }     0.15318
   scf:    7   -19954.301109   -19895.497628   -19895.515484  3.046395 -6.088177 23.509078
     spin moment: {S} , |S| = {        0.0        0.0    0.16941 }     0.16941
   scf:    8   -19907.151248   -19904.955081   -19904.964277  0.946479 -6.371530  2.504532
     spin moment: {S} , |S| = {        0.0        0.0    0.04463 }     0.04463
   scf:    9   -19898.450063   -19902.499875   -19902.514683  0.108472 -6.286260 12.913240
     spin moment: {S} , |S| = {        0.0        0.0    0.07639 }     0.07639
   scf:   10   -19904.270733   -19903.437587   -19903.451501  0.040524 -6.301608 10.406626
     spin moment: {S} , |S| = {        0.0        0.0    0.06731 }     0.06731
   scf:   11   -19905.541618   -19904.771833   -19904.782252  0.206406 -6.371732  4.600480
     spin moment: {S} , |S| = {        0.0        0.0    0.05111 }     0.05111
   scf:   12   -19904.908401   -19904.842497   -19904.852678  0.011271 -6.374400  4.070659
     spin moment: {S} , |S| = {        0.0        0.0    0.05190 }     0.05190
   scf:   13   -19905.144178   -19905.017122   -19905.026229  0.040918 -6.388212  2.263574
     spin moment: {S} , |S| = {        0.0        0.0    0.04741 }     0.04741
   scf:   14   -19905.127553   -19905.100587   -19905.108594  0.036285 -6.392495  0.385981
     spin moment: {S} , |S| = {        0.0        0.0    0.03941 }     0.03941
   scf:   15   -19905.099686   -19905.102928   -19905.110895  0.015431 -6.388885  0.144191
     spin moment: {S} , |S| = {        0.0        0.0    0.03432 }     0.03432
   scf:   16   -19905.103066   -19905.103320   -19905.111412  0.008940 -6.388397  0.128585
     spin moment: {S} , |S| = {        0.0        0.0    0.03123 }     0.03123
   scf:   17   -19905.103750   -19905.103693   -19905.111826  0.009780 -6.390103  0.095379
     spin moment: {S} , |S| = {        0.0        0.0    0.02857 }     0.02857
   scf:   18   -19905.103914   -19905.103854   -19905.111961  0.001406 -6.390781  0.015658
     spin moment: {S} , |S| = {        0.0        0.0    0.02737 }     0.02737
   scf:   19   -19905.103883   -19905.103879   -19905.111990  0.003670 -6.390911  0.043956
     spin moment: {S} , |S| = {        0.0        0.0    0.02270 }     0.02270
   scf:   20   -19905.103910   -19905.103900   -19905.112040  0.004321 -6.390708  0.006856
     spin moment: {S} , |S| = {        0.0        0.0    0.01738 }     0.01738
   scf:   21   -19905.103905   -19905.103902   -19905.112044  0.000693 -6.390680  0.004765
     spin moment: {S} , |S| = {        0.0        0.0    0.01638 }     0.01638
   scf:   22   -19905.103918   -19905.103910   -19905.112051  0.001259 -6.390664  0.003829
     spin moment: {S} , |S| = {        0.0        0.0    0.01436 }     0.01436
   scf:   23   -19905.103939   -19905.103923   -19905.112063  0.002788 -6.390629  0.002388
     spin moment: {S} , |S| = {        0.0        0.0    0.00989 }     0.00989
   scf:   24   -19905.103934   -19905.103928   -19905.112067  0.001588 -6.390629  0.002223
     spin moment: {S} , |S| = {        0.0        0.0    0.00722 }     0.00722
   scf:   25   -19905.103931   -19905.103929   -19905.112068  0.000515 -6.390646  0.002244
     spin moment: {S} , |S| = {        0.0        0.0    0.00620 }     0.00620
   scf:   26   -19905.103932   -19905.103931   -19905.112070  0.000624 -6.390673  0.001946
     spin moment: {S} , |S| = {        0.0        0.0    0.00526 }     0.00526
   scf:   27   -19905.103933   -19905.103932   -19905.112071  0.000711 -6.390697  0.001581
     spin moment: {S} , |S| = {        0.0        0.0    0.00422 }     0.00422
   scf:   28   -19905.103933   -19905.103932   -19905.112071  0.000690 -6.390717  0.001292
     spin moment: {S} , |S| = {        0.0        0.0    0.00329 }     0.00329
   scf:   29   -19905.103933   -19905.103933   -19905.112072  0.000473 -6.390725  0.001019
     spin moment: {S} , |S| = {        0.0        0.0    0.00271 }     0.00271

SCF Convergence by DM criterion
max |DM_out - DM_in|         :     0.0004730369
max |H_out - H_in|      (eV) :     0.0010185792
SCF cycle converged after 29 iterations

Using DM_out to compute the final energy and forces
No. of atoms with KB's overlaping orbs in proc 0. Max # of overlaps:      52    1088

siesta: E_KS(eV) =           -19905.1039

siesta: Atomic forces (eV/Ang):
     1   -0.000000    0.000000    0.338720
     2    0.000000    0.000000    0.000004
     3   -0.000000   -0.000000   -0.338716
     4    0.000000   -0.000000    1.613537
     5    0.000000    0.000000   -0.000017
     6    0.000000   -0.000000   -1.613533
----------------------------------------
   Tot    0.000000    0.000000   -0.000004
----------------------------------------
   Max    1.613537
   Res    0.549568    sqrt( Sum f_i^2 / 3N )
----------------------------------------
   Max    1.613537    constrained

Stress tensor Voigt[x,y,z,yz,xz,xy] (kbar):      -55.91      -55.91       -5.30        0.00        0.00       -0.00
(Free)E + p*V (eV/cell)   -19903.2472
Target enthalpy (eV/cell)   -19905.1121

siesta: Stress tensor (static) (eV/Ang**3):
        -0.034897   -0.000000    0.000000
        -0.000000   -0.034897    0.000000
         0.000000    0.000000   -0.003306

siesta: Pressure (static):         39.03982835  kBar

siesta: Stress tensor (total) (eV/Ang**3):
        -0.034897   -0.000000    0.000000
        -0.000000   -0.034897    0.000000
         0.000000    0.000000   -0.003306

siesta: Pressure (total):         39.03982835  kBar

                     ====================================
                        Begin CG opt. move =      5
                     ====================================
k-point displ. along   1 input, could be:     0.00    0.50
k-point displ. along   2 input, could be:     0.00    0.50
k-point displ. along   3 input, could be:     0.00    0.50
 Kpoints in:           48 . Kpoints trimmed:           46

siesta: k-grid: Number of k-points = 46
siesta: k-points from Monkhorst-Pack grid
siesta: k-cutoff (effective) =     7.994 Ang
siesta: k-point supercell and displacements
siesta: k-grid:     6     0     0      0.000
siesta: k-grid:     0     6     0      0.000
siesta: k-grid:     0     0     2      0.000

superc: Internal auxiliary supercell:    11 x    11 x     3  =     363
superc: Number of atoms, orbitals, and projectors:   2178  51183  39204

outcell: Unit cell vectors (Ang):
        2.664660   -0.000000    0.000000
       -0.000000    2.664662   -0.000000
        0.000000   -0.000000   11.279456

outcell: Cell vector modules (Ang)   :    2.664660    2.664662   11.279456
outcell: Cell angles (23,13,12) (deg):     90.0000     90.0000     90.0000
outcell: Cell volume (Ang**3)        :     80.0888
<dSpData1D:S at geom step 5
  <sparsity:sparsity for geom step 5
    nrows_g=141 nrows=6 sparsity=.8377 nnzs=16655, refcount: 7>
  <dData1D:(new from dSpData1D) n=16655, refcount: 1>
refcount: 1>
new_DM -- step:     6
Re-using DM from previous geometries...
Number of DMs in history: 1
 DM extrapolation coefficients: 
1   1.00000
New DM after history re-use:
<dSpData2D:SpM extrapolated using coords
  <sparsity:sparsity for geom step 5
    nrows_g=141 nrows=6 sparsity=.8377 nnzs=16655, refcount: 9>
  <dData2D:(temp array for extrapolation) n=16655 m=2, refcount: 1>
refcount: 1>
No. of atoms with KB's overlaping orbs in proc 0. Max # of overlaps:      52    1073

InitMesh: MESH = 30 x 30 x 120 = 108000
InitMesh: Mesh cutoff (required, used) =   300.000   312.815 Ry
New grid distribution [1]: sub = 2
New grid distribution [2]: sub = 2
New grid distribution [3]: sub = 2
Setting up quadratic distribution...

        iscf     Eharris(eV)        E_KS(eV)     FreeEng(eV)     dDmax    Ef(eV) dHmax(eV)
   scf:    1   -19903.774780   -19904.445096   -19904.458203  1.151122 -6.329406  4.188518
     spin moment: {S} , |S| = {        0.0        0.0    0.00247 }     0.00247
   scf:    2   -19562.434749   -19793.071065   -19793.088676  2.724905 -4.956179 52.986324
     spin moment: {S} , |S| = {        0.0        0.0    0.00281 }     0.00281
   scf:    3   -19909.867031   -19904.996840   -19905.004864  2.770907 -6.309803  1.478869
     spin moment: {S} , |S| = {        0.0        0.0    0.00134 }     0.00134
   scf:    4   -19905.049808   -19905.031768   -19905.039485  0.068028 -6.303240  0.736121
     spin moment: {S} , |S| = {        0.0        0.0    0.00122 }     0.00122
   scf:    5   -19905.050830   -19905.047698   -19905.055169  0.169460 -6.308370  0.400530
     spin moment: {S} , |S| = {        0.0        0.0    0.00110 }     0.00110
   scf:    6   -19905.050860   -19905.050303   -19905.057738  0.042545 -6.311088  0.133934
     spin moment: {S} , |S| = {        0.0        0.0    0.00106 }     0.00106
   scf:    7   -19905.049262   -19905.050669   -19905.058095  0.077544 -6.318906  0.103409
     spin moment: {S} , |S| = {        0.0        0.0    0.00095 }     0.00095
   scf:    8   -19905.050827   -19905.050802   -19905.058236  0.008470 -6.317438  0.099698
     spin moment: {S} , |S| = {        0.0        0.0    0.00085 }     0.00085
   scf:    9   -19905.048411   -19905.050591   -19905.057986  0.010003 -6.310523  0.146577
     spin moment: {S} , |S| = {        0.0        0.0    0.00066 }     0.00066
   scf:   10   -19905.051519   -19905.051207   -19905.058618  0.003650 -6.312975  0.043499
     spin moment: {S} , |S| = {        0.0        0.0    0.00059 }     0.00059
   scf:   11   -19905.051273   -19905.051274   -19905.058691  0.001723 -6.314323  0.003296
     spin moment: {S} , |S| = {        0.0        0.0    0.00056 }     0.00056
   scf:   12   -19905.051279   -19905.051277   -19905.058692  0.000519 -6.314306  0.002042
     spin moment: {S} , |S| = {        0.0        0.0    0.00052 }     0.00052
   scf:   13   -19905.051284   -19905.051281   -19905.058692  0.001009 -6.314295  0.000837
     spin moment: {S} , |S| = {        0.0        0.0    0.00045 }     0.00045
   scf:   14   -19905.051285   -19905.051283   -19905.058693  0.000682 -6.314291  0.000495
     spin moment: {S} , |S| = {        0.0        0.0    0.00039 }     0.00039
   scf:   15   -19905.051285   -19905.051284   -19905.058693  0.000258 -6.314283  0.000304
     spin moment: {S} , |S| = {        0.0        0.0    0.00037 }     0.00037

SCF Convergence by DM criterion
max |DM_out - DM_in|         :     0.0002576530
max |H_out - H_in|      (eV) :     0.0003044564
SCF cycle converged after 15 iterations

Using DM_out to compute the final energy and forces
No. of atoms with KB's overlaping orbs in proc 0. Max # of overlaps:      52    1073

siesta: E_KS(eV) =           -19905.0513

siesta: Atomic forces (eV/Ang):
     1   -0.000000   -0.000000    0.952645
     2    0.000000   -0.000000    0.000039
     3   -0.000000    0.000000   -0.952666
     4    0.000000    0.000000    1.989799
     5   -0.000000   -0.000000   -0.000040
     6    0.000000   -0.000000   -1.989788
----------------------------------------
   Tot   -0.000000   -0.000000   -0.000011
----------------------------------------
   Max    1.989799
   Res    0.735363    sqrt( Sum f_i^2 / 3N )
----------------------------------------
   Max    1.989799    constrained

Stress tensor Voigt[x,y,z,yz,xz,xy] (kbar):      -27.55      -27.55       47.43        0.00       -0.00       -0.00
(Free)E + p*V (eV/cell)   -19904.9308
Target enthalpy (eV/cell)   -19905.0587

siesta: Stress tensor (static) (eV/Ang**3):
        -0.017198   -0.000000   -0.000000
        -0.000000   -0.017197    0.000000
        -0.000000    0.000000    0.029603

siesta: Pressure (static):          2.55906187  kBar

siesta: Stress tensor (total) (eV/Ang**3):
        -0.017198   -0.000000   -0.000000
        -0.000000   -0.017197    0.000000
        -0.000000    0.000000    0.029603

siesta: Pressure (total):          2.55906187  kBar

                     ====================================
                        Begin CG opt. move =      6
                     ====================================
k-point displ. along   1 input, could be:     0.00    0.50
k-point displ. along   2 input, could be:     0.00    0.50
k-point displ. along   3 input, could be:     0.00    0.50
 Kpoints in:           48 . Kpoints trimmed:           46

siesta: k-grid: Number of k-points = 46
siesta: k-points from Monkhorst-Pack grid
siesta: k-cutoff (effective) =     7.905 Ang
siesta: k-point supercell and displacements
siesta: k-grid:     6     0     0      0.000
siesta: k-grid:     0     6     0      0.000
siesta: k-grid:     0     0     2      0.000

superc: Internal auxiliary supercell:    11 x    11 x     3  =     363
superc: Number of atoms, orbitals, and projectors:   2178  51183  39204

outcell: Unit cell vectors (Ang):
        2.635021   -0.000000    0.000000
       -0.000000    2.635022   -0.000000
        0.000000   -0.000000   11.158052

outcell: Cell vector modules (Ang)   :    2.635021    2.635022   11.158052
outcell: Cell angles (23,13,12) (deg):     90.0000     90.0000     90.0000
outcell: Cell volume (Ang**3)        :     77.4741
<dSpData1D:S at geom step 6
  <sparsity:sparsity for geom step 6
    nrows_g=141 nrows=6 sparsity=.8307 nnzs=16516, refcount: 7>
  <dData1D:(new from dSpData1D) n=16516, refcount: 1>
refcount: 1>
new_DM -- step:     7
Re-using DM from previous geometries...
Number of DMs in history: 1
 DM extrapolation coefficients: 
1   1.00000
New DM after history re-use:
<dSpData2D:SpM extrapolated using coords
  <sparsity:sparsity for geom step 6
    nrows_g=141 nrows=6 sparsity=.8307 nnzs=16516, refcount: 9>
  <dData2D:(temp array for extrapolation) n=16516 m=2, refcount: 1>
refcount: 1>
Note: For starting DM, Qtot, Tr[D*S] =         93.00000000         93.23617850
No. of atoms with KB's overlaping orbs in proc 0. Max # of overlaps:      52    1088

InitMesh: MESH = 30 x 30 x 120 = 108000
InitMesh: Mesh cutoff (required, used) =   300.000   319.660 Ry
New grid distribution [1]: sub = 2
New grid distribution [2]: sub = 2
New grid distribution [3]: sub = 2
Setting up quadratic distribution...

        iscf     Eharris(eV)        E_KS(eV)     FreeEng(eV)     dDmax    Ef(eV) dHmax(eV)
   scf:    1   -19715.607179   -19842.016124   -19842.020925  1.310014 -7.040695 54.896388
     spin moment: {S} , |S| = {        0.0        0.0    0.00009 }     0.00009
   scf:    2    19401.848232    -7195.469189    -7195.472413**********  1.841384692.982114
     spin moment: {S} , |S| = {        0.0        0.0   -0.00001 }    -0.00001
   scf:    3   -21560.753758   -19832.558375   -19832.572264********** -5.490245 69.832583
     spin moment: {S} , |S| = {        0.0        0.0    0.00059 }     0.00059
   scf:    4   -19926.141267   -19889.769547   -19889.789738  0.809258 -6.053211 31.901644
     spin moment: {S} , |S| = {        0.0        0.0    0.00096 }     0.00096
   scf:    5   -19902.663381   -19904.988067   -19904.996557  0.624483 -6.390446  2.940170
     spin moment: {S} , |S| = {        0.0        0.0    0.00028 }     0.00028
   scf:    6   -19904.609185   -19904.817827   -19904.826476  0.024559 -6.401351  4.527058
     spin moment: {S} , |S| = {        0.0        0.0    0.00030 }     0.00030
   scf:    7   -19905.121356   -19904.987164   -19904.995726  0.073182 -6.382905  2.922306
     spin moment: {S} , |S| = {        0.0        0.0    0.00027 }     0.00027
   scf:    8   -19905.144490   -19905.105871   -19905.113957  0.106069 -6.358679  0.484286
     spin moment: {S} , |S| = {        0.0        0.0    0.00021 }     0.00021
   scf:    9   -19905.110418   -19905.109630   -19905.117745  0.005826 -6.355982  0.121866
     spin moment: {S} , |S| = {        0.0        0.0    0.00021 }     0.00021
   scf:   10   -19904.281296   -19904.831294   -19904.841575  0.051000 -6.332320  4.317401
     spin moment: {S} , |S| = {        0.0        0.0    0.00026 }     0.00026
   scf:   11   -19905.088998   -19904.971816   -19904.981351  0.017342 -6.341175  3.055718
     spin moment: {S} , |S| = {        0.0        0.0    0.00022 }     0.00022
   scf:   12   -19905.151781   -19905.106073   -19905.114257  0.033621 -6.358581  0.547083
     spin moment: {S} , |S| = {        0.0        0.0    0.00016 }     0.00016
   scf:   13   -19905.111553   -19905.110567   -19905.118635  0.007747 -6.361631  0.048909
     spin moment: {S} , |S| = {        0.0        0.0    0.00014 }     0.00014
   scf:   14   -19905.110410   -19905.110569   -19905.118622  0.002247 -6.362277  0.058018
     spin moment: {S} , |S| = {        0.0        0.0    0.00013 }     0.00013
   scf:   15   -19905.110423   -19905.110505   -19905.118546  0.001870 -6.363091  0.091320
     spin moment: {S} , |S| = {        0.0        0.0    0.00010 }     0.00010
   scf:   16   -19905.110667   -19905.110602   -19905.118644  0.000659 -6.363129  0.043308
     spin moment: {S} , |S| = {        0.0        0.0    0.00009 }     0.00009
   scf:   17   -19905.110628   -19905.110616   -19905.118660  0.000199 -6.363133  0.029903
     spin moment: {S} , |S| = {        0.0        0.0    0.00008 }     0.00008

SCF Convergence by DM criterion
max |DM_out - DM_in|         :     0.0001987603
max |H_out - H_in|      (eV) :     0.0299032044
SCF cycle converged after 17 iterations

Using DM_out to compute the final energy and forces
No. of atoms with KB's overlaping orbs in proc 0. Max # of overlaps:      52    1088

siesta: E_KS(eV) =           -19905.1106

siesta: Atomic forces (eV/Ang):
     1   -0.000000    0.000000    0.514400
     2   -0.000000    0.000000   -0.000093
     3   -0.000000   -0.000000   -0.514343
     4   -0.000000   -0.000000    1.719487
     5   -0.000000   -0.000000    0.000095
     6    0.000000   -0.000000   -1.719553
----------------------------------------
   Tot   -0.000000   -0.000000   -0.000007
----------------------------------------
   Max    1.719553
   Res    0.598269    sqrt( Sum f_i^2 / 3N )
----------------------------------------
   Max    1.719553    constrained

Stress tensor Voigt[x,y,z,yz,xz,xy] (kbar):      -48.66      -48.66        7.36       -0.00        0.00       -0.00
(Free)E + p*V (eV/cell)   -19903.6687
Target enthalpy (eV/cell)   -19905.1187

siesta: Stress tensor (static) (eV/Ang**3):
        -0.030368   -0.000000    0.000000
        -0.000000   -0.030368   -0.000000
         0.000000   -0.000000    0.004591

siesta: Pressure (static):         29.98479556  kBar

siesta: Stress tensor (total) (eV/Ang**3):
        -0.030368   -0.000000    0.000000
        -0.000000   -0.030368   -0.000000
         0.000000   -0.000000    0.004591

siesta: Pressure (total):         29.98479556  kBar

cgvc: Finished line minimization    1.  Mean atomic displacement =    0.1282

                     ====================================
                        Begin CG opt. move =      7
                     ====================================
k-point displ. along   1 input, could be:     0.00    0.50
k-point displ. along   2 input, could be:     0.00    0.50
k-point displ. along   3 input, could be:     0.00    0.50
 Kpoints in:           48 . Kpoints trimmed:           46

siesta: k-grid: Number of k-points = 46
siesta: k-points from Monkhorst-Pack grid
siesta: k-cutoff (effective) =     7.979 Ang
siesta: k-point supercell and displacements
siesta: k-grid:     6     0     0      0.000
siesta: k-grid:     0     6     0      0.000
siesta: k-grid:     0     0     2      0.000

superc: Internal auxiliary supercell:    11 x    11 x     3  =     363
superc: Number of atoms, orbitals, and projectors:   2178  51183  39204

outcell: Unit cell vectors (Ang):
        2.659653    0.000000   -0.000000
        0.000000    2.659654    0.000000
       -0.000000    0.000000   11.196415

outcell: Cell vector modules (Ang)   :    2.659653    2.659654   11.196415
outcell: Cell angles (23,13,12) (deg):     90.0000     90.0000     90.0000
outcell: Cell volume (Ang**3)        :     79.2007
<dSpData1D:S at geom step 7
  <sparsity:sparsity for geom step 7
    nrows_g=141 nrows=6 sparsity=.8330 nnzs=16560, refcount: 7>
  <dData1D:(new from dSpData1D) n=16560, refcount: 1>
refcount: 1>
new_DM -- step:     8
Re-using DM from previous geometries...
Number of DMs in history: 1
 DM extrapolation coefficients: 
1   1.00000
New DM after history re-use:
<dSpData2D:SpM extrapolated using coords
  <sparsity:sparsity for geom step 7
    nrows_g=141 nrows=6 sparsity=.8330 nnzs=16560, refcount: 9>
  <dData2D:(temp array for extrapolation) n=16560 m=2, refcount: 1>
refcount: 1>
No. of atoms with KB's overlaping orbs in proc 0. Max # of overlaps:      56    1068

InitMesh: MESH = 30 x 30 x 120 = 108000
InitMesh: Mesh cutoff (required, used) =   300.000   317.473 Ry
New grid distribution [1]: sub = 2
New grid distribution [2]: sub = 2
New grid distribution [3]: sub = 2
Setting up quadratic distribution...

        iscf     Eharris(eV)        E_KS(eV)     FreeEng(eV)     dDmax    Ef(eV) dHmax(eV)
   scf:    1   -19901.579438   -19903.747628   -19903.761629  2.010731 -6.203477  7.296507
     spin moment: {S} , |S| = {        0.0        0.0    0.00010 }     0.00010
   scf:    2   -18894.856379   -19576.719905   -19576.721609  4.659381 -7.544586113.997473
     spin moment: {S} , |S| = {        0.0        0.0    0.00000 }     0.00000
   scf:    3   -19944.291508   -19904.801268   -19904.810122  4.981702 -6.404552  6.090145
     spin moment: {S} , |S| = {        0.0        0.0    0.00006 }     0.00006
   scf:    4   -19900.816895   -19903.086711   -19903.097181  0.194163 -6.497252 12.313145
     spin moment: {S} , |S| = {        0.0        0.0    0.00008 }     0.00008
   scf:    5   -19902.281168   -19904.927387   -19904.938905  0.615475 -6.264053  5.094731
     spin moment: {S} , |S| = {        0.0        0.0    0.00008 }     0.00008
   scf:    6   -19905.476254   -19905.303306   -19905.313878  0.165983 -6.282462  2.109038
     spin moment: {S} , |S| = {        0.0        0.0    0.00007 }     0.00007
   scf:    7   -19905.286712   -19905.350878   -19905.360605  0.034755 -6.310635  0.923682
     spin moment: {S} , |S| = {        0.0        0.0    0.00006 }     0.00006
   scf:    8   -19905.361905   -19905.356890   -19905.366723  0.040363 -6.310915  0.732646
     spin moment: {S} , |S| = {        0.0        0.0    0.00007 }     0.00007
   scf:    9   -19905.356616   -19905.367634   -19905.378472  0.025478 -6.300477  0.260966
     spin moment: {S} , |S| = {        0.0        0.0    0.00007 }     0.00007
   scf:   10   -19905.370177   -19905.369558   -19905.380296  0.019626 -6.300637  0.100415
     spin moment: {S} , |S| = {        0.0        0.0    0.00006 }     0.00006
   scf:   11   -19905.369807   -19905.369705   -19905.380427  0.003742 -6.300474  0.068387
     spin moment: {S} , |S| = {        0.0        0.0    0.00006 }     0.00006
   scf:   12   -19905.369863   -19905.369806   -19905.380518  0.005436 -6.300464  0.021166
     spin moment: {S} , |S| = {        0.0        0.0    0.00006 }     0.00006
   scf:   13   -19905.369824   -19905.369827   -19905.380523  0.001443 -6.300660  0.015398
     spin moment: {S} , |S| = {        0.0        0.0    0.00006 }     0.00006
   scf:   14   -19905.369830   -19905.369831   -19905.380528  0.000204 -6.300551  0.001792
     spin moment: {S} , |S| = {        0.0        0.0    0.00006 }     0.00006

SCF Convergence by DM criterion
max |DM_out - DM_in|         :     0.0002036573
max |H_out - H_in|      (eV) :     0.0017921544
SCF cycle converged after 14 iterations

Using DM_out to compute the final energy and forces
No. of atoms with KB's overlaping orbs in proc 0. Max # of overlaps:      56    1068

siesta: E_KS(eV) =           -19905.3698

siesta: Atomic forces (eV/Ang):
     1    0.000000   -0.000000   -0.294928
     2   -0.000000    0.000000    0.000034
     3    0.000000    0.000000    0.294856
     4    0.000000    0.000000    0.524026
     5    0.000000   -0.000000   -0.000151
     6    0.000000   -0.000000   -0.523901
----------------------------------------
   Tot    0.000000   -0.000000   -0.000065
----------------------------------------
   Max    0.524026
   Res    0.200416    sqrt( Sum f_i^2 / 3N )
----------------------------------------
   Max    0.524026    constrained

Stress tensor Voigt[x,y,z,yz,xz,xy] (kbar):        1.36        1.36       50.13        0.00        0.00       -0.00
(Free)E + p*V (eV/cell)   -19906.2516
Target enthalpy (eV/cell)   -19905.3805

siesta: Stress tensor (static) (eV/Ang**3):
         0.000851   -0.000000    0.000000
        -0.000000    0.000852    0.000000
         0.000000    0.000000    0.031291

siesta: Pressure (static):        -17.62094513  kBar

siesta: Stress tensor (total) (eV/Ang**3):
         0.000851   -0.000000    0.000000
        -0.000000    0.000852    0.000000
         0.000000    0.000000    0.031291

siesta: Pressure (total):        -17.62094513  kBar

                     ====================================
                        Begin CG opt. move =      8
                     ====================================
k-point displ. along   1 input, could be:     0.00    0.50
k-point displ. along   2 input, could be:     0.00    0.50
k-point displ. along   3 input, could be:     0.00    0.50
 Kpoints in:           48 . Kpoints trimmed:           46

siesta: k-grid: Number of k-points = 46
siesta: k-points from Monkhorst-Pack grid
siesta: k-cutoff (effective) =     8.053 Ang
siesta: k-point supercell and displacements
siesta: k-grid:     6     0     0      0.000
siesta: k-grid:     0     6     0      0.000
siesta: k-grid:     0     0     2      0.000

superc: Internal auxiliary supercell:    11 x    11 x     3  =     363
superc: Number of atoms, orbitals, and projectors:   2178  51183  39204

outcell: Unit cell vectors (Ang):
        2.684284    0.000000   -0.000000
        0.000000    2.684285    0.000000
       -0.000000    0.000000   11.234778

outcell: Cell vector modules (Ang)   :    2.684284    2.684285   11.234778
outcell: Cell angles (23,13,12) (deg):     90.0000     90.0000     90.0000
outcell: Cell volume (Ang**3)        :     80.9509
<dSpData1D:S at geom step 8
  <sparsity:sparsity for geom step 8
    nrows_g=141 nrows=6 sparsity=.8223 nnzs=16348, refcount: 7>
  <dData1D:(new from dSpData1D) n=16348, refcount: 1>
refcount: 1>
new_DM -- step:     9
Re-using DM from previous geometries...
Number of DMs in history: 1
 DM extrapolation coefficients: 
1   1.00000
New DM after history re-use:
<dSpData2D:SpM extrapolated using coords
  <sparsity:sparsity for geom step 8
    nrows_g=141 nrows=6 sparsity=.8223 nnzs=16348, refcount: 9>
  <dData2D:(temp array for extrapolation) n=16348 m=2, refcount: 1>
refcount: 1>
No. of atoms with KB's overlaping orbs in proc 0. Max # of overlaps:      56    1047

InitMesh: MESH = 30 x 30 x 120 = 108000
InitMesh: Mesh cutoff (required, used) =   300.000   315.308 Ry
New grid distribution [1]: sub = 2
New grid distribution [2]: sub = 2
New grid distribution [3]: sub = 2
Setting up quadratic distribution...

        iscf     Eharris(eV)        E_KS(eV)     FreeEng(eV)     dDmax    Ef(eV) dHmax(eV)
   scf:    1   -19898.161017   -19902.711352   -19902.729072  2.085850 -6.089541  9.277962
     spin moment: {S} , |S| = {        0.0        0.0    0.00011 }     0.00011
   scf:    2   -18386.740557   -19411.702213   -19411.706322 11.243831 -8.060147138.971244
     spin moment: {S} , |S| = {        0.0        0.0    0.00001 }     0.00001
   scf:    3   -19982.337627   -19903.373907   -19903.381312 11.566046 -6.419838 11.162635
     spin moment: {S} , |S| = {        0.0        0.0    0.00004 }     0.00004
   scf:    4   -19898.684635   -19901.217797   -19901.224955  0.118214 -6.505081 16.141749
     spin moment: {S} , |S| = {        0.0        0.0    0.00003 }     0.00003
   scf:    5   -19888.792091   -19902.093835   -19902.111421  0.665150 -6.061642 14.287859
     spin moment: {S} , |S| = {        0.0        0.0    0.00010 }     0.00010
   scf:    6   -19898.464709   -19900.371161   -19900.389049  0.037228 -6.027979 17.827683
     spin moment: {S} , |S| = {        0.0        0.0    0.00010 }     0.00010
   scf:    7   -19905.887339   -19905.355634   -19905.366518  0.285777 -6.215807  0.715599
     spin moment: {S} , |S| = {        0.0        0.0    0.00006 }     0.00006
   scf:    8   -19905.358314   -19905.364106   -19905.374677  0.012386 -6.229607  0.230985
     spin moment: {S} , |S| = {        0.0        0.0    0.00006 }     0.00006
   scf:    9   -19905.352576   -19905.359445   -19905.369945  0.005237 -6.234814  0.620639
     spin moment: {S} , |S| = {        0.0        0.0    0.00006 }     0.00006
   scf:   10   -19905.349378   -19905.354960   -19905.365388  0.039999 -6.238067  0.821414
     spin moment: {S} , |S| = {        0.0        0.0    0.00005 }     0.00005
   scf:   11   -19905.368272   -19905.365365   -19905.375901  0.015156 -6.226950  0.125107
     spin moment: {S} , |S| = {        0.0        0.0    0.00006 }     0.00006
   scf:   12   -19905.364463   -19905.365340   -19905.375944  0.006256 -6.222362  0.091693
     spin moment: {S} , |S| = {        0.0        0.0    0.00006 }     0.00006
   scf:   13   -19905.365372   -19905.365370   -19905.375978  0.002597 -6.222230  0.102172
     spin moment: {S} , |S| = {        0.0        0.0    0.00005 }     0.00005
   scf:   14   -19905.365505   -19905.365584   -19905.376158  0.002105 -6.224438  0.028774
     spin moment: {S} , |S| = {        0.0        0.0    0.00005 }     0.00005
   scf:   15   -19905.365584   -19905.365590   -19905.376172  0.000730 -6.224013  0.001187
     spin moment: {S} , |S| = {        0.0        0.0    0.00005 }     0.00005
   scf:   16   -19905.365590   -19905.365590   -19905.376172  0.000616 -6.224036  0.000584
     spin moment: {S} , |S| = {        0.0        0.0    0.00005 }     0.00005
   scf:   17   -19905.365590   -19905.365590   -19905.376172  0.000132 -6.224053  0.000453
     spin moment: {S} , |S| = {        0.0        0.0    0.00005 }     0.00005

SCF Convergence by DM criterion
max |DM_out - DM_in|         :     0.0001316086
max |H_out - H_in|      (eV) :     0.0004526841
SCF cycle converged after 17 iterations

Using DM_out to compute the final energy and forces
No. of atoms with KB's overlaping orbs in proc 0. Max # of overlaps:      56    1047

siesta: E_KS(eV) =           -19905.3656

siesta: Atomic forces (eV/Ang):
     1   -0.000000    0.000000   -0.756796
     2   -0.000000    0.000000    0.000057
     3    0.000000    0.000000    0.756760
     4   -0.000000    0.000000   -0.313432
     5    0.000000    0.000000   -0.000349
     6   -0.000000    0.000000    0.313630
----------------------------------------
   Tot    0.000000    0.000000   -0.000129
----------------------------------------
   Max    0.756796
   Res    0.273052    sqrt( Sum f_i^2 / 3N )
----------------------------------------
   Max    0.756796    constrained

Stress tensor Voigt[x,y,z,yz,xz,xy] (kbar):       24.38       24.38       80.20       -0.00        0.00       -0.00
(Free)E + p*V (eV/cell)   -19907.5482
Target enthalpy (eV/cell)   -19905.3762

siesta: Stress tensor (static) (eV/Ang**3):
         0.015216   -0.000000    0.000000
        -0.000000    0.015217   -0.000000
         0.000000   -0.000000    0.050060

siesta: Pressure (static):        -42.98800041  kBar

siesta: Stress tensor (total) (eV/Ang**3):
         0.015216   -0.000000    0.000000
        -0.000000    0.015217   -0.000000
         0.000000   -0.000000    0.050060

siesta: Pressure (total):        -42.98800041  kBar

                     ====================================
                        Begin CG opt. move =      9
                     ====================================
k-point displ. along   1 input, could be:     0.00    0.50
k-point displ. along   2 input, could be:     0.00    0.50
k-point displ. along   3 input, could be:     0.00    0.50
 Kpoints in:           48 . Kpoints trimmed:           46

siesta: k-grid: Number of k-points = 46
siesta: k-points from Monkhorst-Pack grid
siesta: k-cutoff (effective) =     8.015 Ang
siesta: k-point supercell and displacements
siesta: k-grid:     6     0     0      0.000
siesta: k-grid:     0     6     0      0.000
siesta: k-grid:     0     0     2      0.000

superc: Internal auxiliary supercell:    11 x    11 x     3  =     363
superc: Number of atoms, orbitals, and projectors:   2178  51183  39204

outcell: Unit cell vectors (Ang):
        2.671739    0.000000   -0.000000
        0.000000    2.671740    0.000000
       -0.000000    0.000000   11.215239

outcell: Cell vector modules (Ang)   :    2.671739    2.671740   11.215239
outcell: Cell angles (23,13,12) (deg):     90.0000     90.0000     90.0000
outcell: Cell volume (Ang**3)        :     80.0565
<dSpData1D:S at geom step 9
  <sparsity:sparsity for geom step 9
    nrows_g=141 nrows=6 sparsity=.8263 nnzs=16428, refcount: 7>
  <dData1D:(new from dSpData1D) n=16428, refcount: 1>
refcount: 1>
new_DM -- step:    10
Re-using DM from previous geometries...
Number of DMs in history: 1
 DM extrapolation coefficients: 
1   1.00000
New DM after history re-use:
<dSpData2D:SpM extrapolated using coords
  <sparsity:sparsity for geom step 9
    nrows_g=141 nrows=6 sparsity=.8263 nnzs=16428, refcount: 9>
  <dData2D:(temp array for extrapolation) n=16428 m=2, refcount: 1>
refcount: 1>
No. of atoms with KB's overlaping orbs in proc 0. Max # of overlaps:      56    1068

InitMesh: MESH = 30 x 30 x 120 = 108000
InitMesh: Mesh cutoff (required, used) =   300.000   316.408 Ry
New grid distribution [1]: sub = 2
New grid distribution [2]: sub = 2
New grid distribution [3]: sub = 2
Setting up quadratic distribution...

        iscf     Eharris(eV)        E_KS(eV)     FreeEng(eV)     dDmax    Ef(eV) dHmax(eV)
   scf:    1   -19902.022657   -19904.500362   -19904.510165  0.961690 -6.362115  5.482454
     spin moment: {S} , |S| = {        0.0        0.0    0.00004 }     0.00004
   scf:    2   -16515.929401   -18784.469477   -18784.485487 13.888354 -2.903801253.562478
     spin moment: {S} , |S| = {        0.0        0.0    0.00006 }     0.00006
   scf:    3   -19896.944832   -19905.059115   -19905.069085 13.818479 -6.291828  4.434949
     spin moment: {S} , |S| = {        0.0        0.0    0.00004 }     0.00004
   scf:    4   -19905.491149   -19905.326170   -19905.336856  0.031452 -6.263097  1.854402
     spin moment: {S} , |S| = {        0.0        0.0    0.00005 }     0.00005
   scf:    5   -19904.418427   -19905.143892   -19905.154650  0.066494 -6.222910  4.018277
     spin moment: {S} , |S| = {        0.0        0.0    0.00005 }     0.00005
   scf:    6   -19905.185137   -19905.369676   -19905.380745  0.049347 -6.272826  1.215834
     spin moment: {S} , |S| = {        0.0        0.0    0.00005 }     0.00005
   scf:    7   -19905.368196   -19905.389586   -19905.400829  0.014741 -6.262233  0.432618
     spin moment: {S} , |S| = {        0.0        0.0    0.00005 }     0.00005
   scf:    8   -19905.393250   -19905.392082   -19905.403378  0.006357 -6.264523  0.194386
     spin moment: {S} , |S| = {        0.0        0.0    0.00005 }     0.00005
   scf:    9   -19905.361222   -19905.383221   -19905.394411  0.028048 -6.271597  0.674402
     spin moment: {S} , |S| = {        0.0        0.0    0.00005 }     0.00005
   scf:   10   -19905.395698   -19905.391742   -19905.403034  0.007439 -6.267819  0.200487
     spin moment: {S} , |S| = {        0.0        0.0    0.00005 }     0.00005
   scf:   11   -19905.392938   -19905.392460   -19905.403735  0.004335 -6.267550  0.124787
     spin moment: {S} , |S| = {        0.0        0.0    0.00005 }     0.00005
   scf:   12   -19905.392853   -19905.392694   -19905.403977  0.000714 -6.267058  0.063094
     spin moment: {S} , |S| = {        0.0        0.0    0.00005 }     0.00005
   scf:   13   -19905.392833   -19905.392792   -19905.404071  0.001738 -6.266808  0.014370
     spin moment: {S} , |S| = {        0.0        0.0    0.00005 }     0.00005
   scf:   14   -19905.392798   -19905.392797   -19905.404077  0.000552 -6.266762  0.001113
     spin moment: {S} , |S| = {        0.0        0.0    0.00005 }     0.00005
   scf:   15   -19905.392797   -19905.392797   -19905.404077  0.000199 -6.266794  0.000801
     spin moment: {S} , |S| = {        0.0        0.0    0.00005 }     0.00005

SCF Convergence by DM criterion
max |DM_out - DM_in|         :     0.0001987861
max |H_out - H_in|      (eV) :     0.0008006554
SCF cycle converged after 15 iterations

Using DM_out to compute the final energy and forces
No. of atoms with KB's overlaping orbs in proc 0. Max # of overlaps:      56    1068

siesta: E_KS(eV) =           -19905.3928

siesta: Atomic forces (eV/Ang):
     1    0.000000    0.000000   -0.505497
     2   -0.000000    0.000000    0.000041
     3    0.000000   -0.000000    0.505396
     4    0.000000    0.000000    0.111871
     5   -0.000000   -0.000000   -0.000145
     6   -0.000000    0.000000   -0.111793
----------------------------------------
   Tot   -0.000000    0.000000   -0.000127
----------------------------------------
   Max    0.505497
   Res    0.172557    sqrt( Sum f_i^2 / 3N )
----------------------------------------
   Max    0.505497    constrained

Stress tensor Voigt[x,y,z,yz,xz,xy] (kbar):       12.10       12.10       65.02       -0.00        0.00       -0.00
(Free)E + p*V (eV/cell)   -19906.8901
Target enthalpy (eV/cell)   -19905.4041

siesta: Stress tensor (static) (eV/Ang**3):
         0.007552   -0.000000    0.000000
        -0.000000    0.007553    0.000000
         0.000000   -0.000000    0.040583

siesta: Pressure (static):        -29.74069803  kBar

siesta: Stress tensor (total) (eV/Ang**3):
         0.007552   -0.000000    0.000000
        -0.000000    0.007553    0.000000
         0.000000   -0.000000    0.040583

siesta: Pressure (total):        -29.74069803  kBar

cgvc: Finished line minimization    2.  Mean atomic displacement =    0.1563

                     ====================================
                        Begin CG opt. move =     10
                     ====================================
k-point displ. along   1 input, could be:     0.00    0.50
k-point displ. along   2 input, could be:     0.00    0.50
k-point displ. along   3 input, could be:     0.00    0.50
 Kpoints in:           48 . Kpoints trimmed:           46

siesta: k-grid: Number of k-points = 46
siesta: k-points from Monkhorst-Pack grid
siesta: k-cutoff (effective) =     8.022 Ang
siesta: k-point supercell and displacements
siesta: k-grid:     6     0     0      0.000
siesta: k-grid:     0     6     0      0.000
siesta: k-grid:     0     0     2      0.000

superc: Internal auxiliary supercell:    11 x    11 x     3  =     363
superc: Number of atoms, orbitals, and projectors:   2178  51183  39204

outcell: Unit cell vectors (Ang):
        2.674007    0.000000   -0.000000
        0.000000    2.674008   -0.000000
       -0.000000   -0.000000   10.991714

outcell: Cell vector modules (Ang)   :    2.674007    2.674008   10.991714
outcell: Cell angles (23,13,12) (deg):     90.0000     90.0000     90.0000
outcell: Cell volume (Ang**3)        :     78.5943
<dSpData1D:S at geom step 10
  <sparsity:sparsity for geom step 10
    nrows_g=141 nrows=6 sparsity=.8504 nnzs=16907, refcount: 7>
  <dData1D:(new from dSpData1D) n=16907, refcount: 1>
refcount: 1>
new_DM -- step:    11
Re-using DM from previous geometries...
Number of DMs in history: 1
 DM extrapolation coefficients: 
1   1.00000
New DM after history re-use:
<dSpData2D:SpM extrapolated using coords
  <sparsity:sparsity for geom step 10
    nrows_g=141 nrows=6 sparsity=.8504 nnzs=16907, refcount: 9>
  <dData2D:(temp array for extrapolation) n=16907 m=2, refcount: 1>
refcount: 1>
Note: For starting DM, Qtot, Tr[D*S] =         93.00000000         92.88948280
No. of atoms with KB's overlaping orbs in proc 0. Max # of overlaps:      56    1087

InitMesh: MESH = 30 x 30 x 120 = 108000
InitMesh: Mesh cutoff (required, used) =   300.000   329.408 Ry
New grid distribution [1]: sub = 2
New grid distribution [2]: sub = 2
New grid distribution [3]: sub = 2
Setting up quadratic distribution...

        iscf     Eharris(eV)        E_KS(eV)     FreeEng(eV)     dDmax    Ef(eV) dHmax(eV)
   scf:    1   -19882.841386   -19899.077410   -19899.087419  1.013258 -6.484654 18.545736
     spin moment: {S} , |S| = {        0.0        0.0    0.00003 }     0.00003
   scf:    2    -8412.579981   -16133.079946   -16133.099495153.728187 -0.587249436.369734
     spin moment: {S} , |S| = {        0.0        0.0    0.00002 }     0.00002
   scf:    3   -19990.733835   -19905.300192   -19905.311639153.484193 -6.220497  1.974309
     spin moment: {S} , |S| = {        0.0        0.0    0.00006 }     0.00006
   scf:    4   -19905.466006   -19905.391892   -19905.403025  0.045821 -6.216689  1.460671
     spin moment: {S} , |S| = {        0.0        0.0    0.00006 }     0.00006
   scf:    5   -19905.244162   -19905.435460   -19905.447086  0.176190 -6.212377  1.614222
     spin moment: {S} , |S| = {        0.0        0.0    0.00006 }     0.00006
   scf:    6   -19905.276657   -19905.378499   -19905.390297  0.109820 -6.251887  1.945238
     spin moment: {S} , |S| = {        0.0        0.0    0.00006 }     0.00006
   scf:    7   -19905.494017   -19905.474314   -19905.485488  0.040987 -6.281795  0.877870
     spin moment: {S} , |S| = {        0.0        0.0    0.00006 }     0.00006
   scf:    8   -19905.489984   -19905.501758   -19905.512831  0.056375 -6.254698  0.415273
     spin moment: {S} , |S| = {        0.0        0.0    0.00005 }     0.00005
   scf:    9   -19905.384744   -19905.470057   -19905.480579  0.026271 -6.280113  1.497995
     spin moment: {S} , |S| = {        0.0        0.0    0.00006 }     0.00006
   scf:   10   -19905.505921   -19905.504611   -19905.515571  0.032568 -6.263506  0.056055
     spin moment: {S} , |S| = {        0.0        0.0    0.00006 }     0.00006
   scf:   11   -19905.504571   -19905.504648   -19905.515591  0.002145 -6.265080  0.073989
     spin moment: {S} , |S| = {        0.0        0.0    0.00006 }     0.00006
   scf:   12   -19905.504546   -19905.504705   -19905.515676  0.001813 -6.264484  0.030479
     spin moment: {S} , |S| = {        0.0        0.0    0.00006 }     0.00006
   scf:   13   -19905.504749   -19905.504738   -19905.515698  0.000563 -6.264722  0.001423
     spin moment: {S} , |S| = {        0.0        0.0    0.00006 }     0.00006
   scf:   14   -19905.504752   -19905.504745   -19905.515699  0.000563 -6.264884  0.001179
     spin moment: {S} , |S| = {        0.0        0.0    0.00006 }     0.00006
   scf:   15   -19905.504760   -19905.504753   -19905.515699  0.000662 -6.265071  0.000581
     spin moment: {S} , |S| = {        0.0        0.0    0.00006 }     0.00006
   scf:   16   -19905.504757   -19905.504755   -19905.515699  0.000123 -6.265127  0.000450
     spin moment: {S} , |S| = {        0.0        0.0    0.00006 }     0.00006

SCF Convergence by DM criterion
max |DM_out - DM_in|         :     0.0001225526
max |H_out - H_in|      (eV) :     0.0004502501
SCF cycle converged after 16 iterations

Using DM_out to compute the final energy and forces
No. of atoms with KB's overlaping orbs in proc 0. Max # of overlaps:      56    1087

siesta: E_KS(eV) =           -19905.5048

siesta: Atomic forces (eV/Ang):
     1   -0.000000    0.000000   -0.236381
     2   -0.000001   -0.000000    0.000002
     3    0.000001   -0.000001    0.236466
     4   -0.000000    0.000000   -0.198779
     5    0.000002    0.000000    0.000257
     6    0.000001   -0.000001    0.198586
----------------------------------------
   Tot    0.000004   -0.000001    0.000150
----------------------------------------
   Max    0.236466
   Res    0.102941    sqrt( Sum f_i^2 / 3N )
----------------------------------------
   Max    0.236466    constrained

Stress tensor Voigt[x,y,z,yz,xz,xy] (kbar):      -24.87      -24.87       22.10        0.00       -0.00        0.00
(Free)E + p*V (eV/cell)   -19905.0637
Target enthalpy (eV/cell)   -19905.5157

siesta: Stress tensor (static) (eV/Ang**3):
        -0.015523    0.000000   -0.000000
         0.000000   -0.015523    0.000000
        -0.000000    0.000000    0.013795

siesta: Pressure (static):          9.21351275  kBar

siesta: Stress tensor (total) (eV/Ang**3):
        -0.015523    0.000000   -0.000000
         0.000000   -0.015523    0.000000
        -0.000000    0.000000    0.013795

siesta: Pressure (total):          9.21351275  kBar

                     ====================================
                        Begin CG opt. move =     11
                     ====================================
k-point displ. along   1 input, could be:     0.00    0.50
k-point displ. along   2 input, could be:     0.00    0.50
k-point displ. along   3 input, could be:     0.00    0.50
 Kpoints in:           48 . Kpoints trimmed:           46

siesta: k-grid: Number of k-points = 46
siesta: k-points from Monkhorst-Pack grid
siesta: k-cutoff (effective) =     8.029 Ang
siesta: k-point supercell and displacements
siesta: k-grid:     6     0     0      0.000
siesta: k-grid:     0     6     0      0.000
siesta: k-grid:     0     0     2      0.000

superc: Internal auxiliary supercell:    11 x    11 x     3  =     363
superc: Number of atoms, orbitals, and projectors:   2178  51183  39204

outcell: Unit cell vectors (Ang):
        2.676276    0.000000   -0.000000
        0.000000    2.676276   -0.000000
       -0.000000   -0.000000   10.768190

outcell: Cell vector modules (Ang)   :    2.676276    2.676276   10.768190
outcell: Cell angles (23,13,12) (deg):     90.0000     90.0000     90.0000
outcell: Cell volume (Ang**3)        :     77.1267
<dSpData1D:S at geom step 11
  <sparsity:sparsity for geom step 11
    nrows_g=141 nrows=6 sparsity=.8687 nnzs=17271, refcount: 7>
  <dData1D:(new from dSpData1D) n=17271, refcount: 1>
refcount: 1>
new_DM -- step:    12
Re-using DM from previous geometries...
Number of DMs in history: 1
 DM extrapolation coefficients: 
1   1.00000
New DM after history re-use:
<dSpData2D:SpM extrapolated using coords
  <sparsity:sparsity for geom step 11
    nrows_g=141 nrows=6 sparsity=.8687 nnzs=17271, refcount: 9>
  <dData2D:(temp array for extrapolation) n=17271 m=2, refcount: 1>
refcount: 1>
Note: For starting DM, Qtot, Tr[D*S] =         93.00000000         92.83623152
No. of atoms with KB's overlaping orbs in proc 0. Max # of overlaps:      56    1091

InitMesh: MESH = 30 x 30 x 120 = 108000
InitMesh: Mesh cutoff (required, used) =   300.000   343.225 Ry
New grid distribution [1]: sub = 2
New grid distribution [2]: sub = 2
New grid distribution [3]: sub = 2
Setting up quadratic distribution...

        iscf     Eharris(eV)        E_KS(eV)     FreeEng(eV)     dDmax    Ef(eV) dHmax(eV)
   scf:    1   -19851.189663   -19889.035414   -19889.045213  0.901218 -6.516022 28.140664
     spin moment: {S} , |S| = {        0.0        0.0    0.00003 }     0.00003
   scf:    2     5063.814954   -11715.521122   -11715.534219989.208112  4.025744573.023309
     spin moment: {S} , |S| = {        0.0        0.0    0.00001 }     0.00001
   scf:    3   -20293.422582   -19903.990495   -19904.008071988.674936 -6.131532  9.517110
     spin moment: {S} , |S| = {        0.0        0.0    0.00011 }     0.00011
   scf:    4   -19905.621710   -19905.309793   -19905.323408  0.091780 -6.198081  1.334444
     spin moment: {S} , |S| = {        0.0        0.0    0.00006 }     0.00006
   scf:    5   -19905.363356   -19905.337545   -19905.351157  0.016088 -6.199616  1.250235
     spin moment: {S} , |S| = {        0.0        0.0    0.00006 }     0.00006
   scf:    6   -19905.244410   -19905.391841   -19905.402170  0.185843 -6.278623  1.577100
     spin moment: {S} , |S| = {        0.0        0.0    0.00004 }     0.00004
   scf:    7   -19905.449680   -19905.427385   -19905.438566  0.021770 -6.281456  1.051429
     spin moment: {S} , |S| = {        0.0        0.0    0.00005 }     0.00005
   scf:    8   -19905.445832   -19905.438723   -19905.450624  0.008649 -6.280593  0.593465
     spin moment: {S} , |S| = {        0.0        0.0    0.00005 }     0.00005
   scf:    9   -19905.001744   -19905.309408   -19905.325673  0.044493 -6.259326  2.823425
     spin moment: {S} , |S| = {        0.0        0.0    0.00009 }     0.00009
   scf:   10   -19905.436438   -19905.379061   -19905.394493  0.009217 -6.265553  1.939010
     spin moment: {S} , |S| = {        0.0        0.0    0.00008 }     0.00008
   scf:   11   -19905.453931   -19905.443450   -19905.456350  0.023147 -6.281256  0.069520
     spin moment: {S} , |S| = {        0.0        0.0    0.00006 }     0.00006
   scf:   12   -19905.443995   -19905.443801   -19905.456580  0.003634 -6.281205  0.016436
     spin moment: {S} , |S| = {        0.0        0.0    0.00006 }     0.00006
   scf:   13   -19905.443827   -19905.443815   -19905.456584  0.002203 -6.281823  0.012568
     spin moment: {S} , |S| = {        0.0        0.0    0.00006 }     0.00006
   scf:   14   -19905.443836   -19905.443826   -19905.456586  0.000234 -6.281926  0.008338
     spin moment: {S} , |S| = {        0.0        0.0    0.00006 }     0.00006

SCF Convergence by DM criterion
max |DM_out - DM_in|         :     0.0002342951
max |H_out - H_in|      (eV) :     0.0083375394
SCF cycle converged after 14 iterations

Using DM_out to compute the final energy and forces
No. of atoms with KB's overlaping orbs in proc 0. Max # of overlaps:      56    1091

siesta: E_KS(eV) =           -19905.4438

siesta: Atomic forces (eV/Ang):
     1    0.000001   -0.000000    0.201382
     2    0.000000    0.000001    0.000002
     3    0.000001    0.000000   -0.201194
     4   -0.000000    0.000000   -0.547330
     5   -0.000000    0.000000    0.000843
     6   -0.000001   -0.000001    0.546812
----------------------------------------
   Tot    0.000000    0.000000    0.000515
----------------------------------------
   Max    0.547330
   Res    0.194309    sqrt( Sum f_i^2 / 3N )
----------------------------------------
   Max    0.547330    constrained

Stress tensor Voigt[x,y,z,yz,xz,xy] (kbar):      -81.93      -81.93      -34.49        0.00       -0.00       -0.00
(Free)E + p*V (eV/cell)   -19902.2739
Target enthalpy (eV/cell)   -19905.4566

siesta: Stress tensor (static) (eV/Ang**3):
        -0.051134   -0.000000   -0.000000
        -0.000000   -0.051134    0.000000
        -0.000000    0.000000   -0.021527

siesta: Pressure (static):         66.11412128  kBar

siesta: Stress tensor (total) (eV/Ang**3):
        -0.051134   -0.000000   -0.000000
        -0.000000   -0.051134    0.000000
        -0.000000    0.000000   -0.021527

siesta: Pressure (total):         66.11412128  kBar

                     ====================================
                        Begin CG opt. move =     12
                     ====================================
k-point displ. along   1 input, could be:     0.00    0.50
k-point displ. along   2 input, could be:     0.00    0.50
k-point displ. along   3 input, could be:     0.00    0.50
 Kpoints in:           48 . Kpoints trimmed:           46

siesta: k-grid: Number of k-points = 46
siesta: k-points from Monkhorst-Pack grid
siesta: k-cutoff (effective) =     8.023 Ang
siesta: k-point supercell and displacements
siesta: k-grid:     6     0     0      0.000
siesta: k-grid:     0     6     0      0.000
siesta: k-grid:     0     0     2      0.000

superc: Internal auxiliary supercell:    11 x    11 x     3  =     363
superc: Number of atoms, orbitals, and projectors:   2178  51183  39204

outcell: Unit cell vectors (Ang):
        2.674480    0.000000   -0.000000
        0.000000    2.674481   -0.000000
       -0.000000   -0.000000   10.945149

outcell: Cell vector modules (Ang)   :    2.674480    2.674481   10.945149
outcell: Cell angles (23,13,12) (deg):     90.0000     90.0000     90.0000
outcell: Cell volume (Ang**3)        :     78.2890
<dSpData1D:S at geom step 12
  <sparsity:sparsity for geom step 12
    nrows_g=141 nrows=6 sparsity=.8504 nnzs=16907, refcount: 7>
  <dData1D:(new from dSpData1D) n=16907, refcount: 1>
refcount: 1>
new_DM -- step:    13
Re-using DM from previous geometries...
Number of DMs in history: 1
 DM extrapolation coefficients: 
1   1.00000
New DM after history re-use:
<dSpData2D:SpM extrapolated using coords
  <sparsity:sparsity for geom step 12
    nrows_g=141 nrows=6 sparsity=.8504 nnzs=16907, refcount: 9>
  <dData2D:(temp array for extrapolation) n=16907 m=2, refcount: 1>
refcount: 1>
Note: For starting DM, Qtot, Tr[D*S] =         93.00000000         93.14230869
No. of atoms with KB's overlaping orbs in proc 0. Max # of overlaps:      56    1087

InitMesh: MESH = 30 x 30 x 120 = 108000
InitMesh: Mesh cutoff (required, used) =   300.000   332.216 Ry
New grid distribution [1]: sub = 2
New grid distribution [2]: sub = 2
New grid distribution [3]: sub = 2
Setting up quadratic distribution...

        iscf     Eharris(eV)        E_KS(eV)     FreeEng(eV)     dDmax    Ef(eV) dHmax(eV)
   scf:    1   -19832.491330   -19880.243548   -19880.273571  1.467551 -5.880309 39.119153
     spin moment: {S} , |S| = {        0.0        0.0    0.00018 }     0.00018
   scf:    2     -154.493132   -13409.683675   -13409.689705226.353683 -6.111056518.968662
     spin moment: {S} , |S| = {        0.0        0.0    0.00002 }     0.00002
   scf:    3   -20552.987133   -19893.340151   -19893.348645226.412975 -6.657847 29.738436
     spin moment: {S} , |S| = {        0.0        0.0    0.00003 }     0.00003
   scf:    4   -19907.193078   -19901.222512   -19901.231807  0.362141 -6.523705 17.567217
     spin moment: {S} , |S| = {        0.0        0.0    0.00004 }     0.00004
   scf:    5   -19904.509062   -19905.377517   -19905.388383  0.311853 -6.329192  1.818504
     spin moment: {S} , |S| = {        0.0        0.0    0.00006 }     0.00006
   scf:    6   -19865.392104   -19892.455441   -19892.464612  0.685983 -6.631382 30.651410
     spin moment: {S} , |S| = {        0.0        0.0    0.00003 }     0.00003
   scf:    7   -19899.501184   -19896.121664   -19896.130149  0.124555 -6.574448 25.819063
     spin moment: {S} , |S| = {        0.0        0.0    0.00003 }     0.00003
   scf:    8   -19908.293695   -19905.209850   -19905.218590  0.394849 -6.333240  4.514982
     spin moment: {S} , |S| = {        0.0        0.0    0.00005 }     0.00005
   scf:    9   -19905.349711   -19905.490977   -19905.502638  0.084777 -6.255544  0.989151
     spin moment: {S} , |S| = {        0.0        0.0    0.00006 }     0.00006
   scf:   10   -19904.054989   -19905.068272   -19905.076656  0.107977 -6.341515  5.509353
     spin moment: {S} , |S| = {        0.0        0.0    0.00004 }     0.00004
   scf:   11   -19904.890639   -19905.421096   -19905.433309  0.102386 -6.244395  2.405389
     spin moment: {S} , |S| = {        0.0        0.0    0.00006 }     0.00006
   scf:   12   -19905.224560   -19905.331593   -19905.344508  0.016392 -6.233902  3.448283
     spin moment: {S} , |S| = {        0.0        0.0    0.00006 }     0.00006
   scf:   13   -19905.447351   -19905.504370   -19905.515205  0.057786 -6.274469  0.566915
     spin moment: {S} , |S| = {        0.0        0.0    0.00006 }     0.00006
   scf:   14   -19905.466131   -19905.498829   -19905.510365  0.014470 -6.258709  0.807195
     spin moment: {S} , |S| = {        0.0        0.0    0.00006 }     0.00006
   scf:   15   -19905.510727   -19905.505698   -19905.517067  0.004336 -6.262388  0.449796
     spin moment: {S} , |S| = {        0.0        0.0    0.00006 }     0.00006
   scf:   16   -19905.509901   -19905.508252   -19905.519522  0.003523 -6.264916  0.200440
     spin moment: {S} , |S| = {        0.0        0.0    0.00006 }     0.00006
   scf:   17   -19905.509125   -19905.508809   -19905.520060  0.004841 -6.265991  0.070581
     spin moment: {S} , |S| = {        0.0        0.0    0.00006 }     0.00006
   scf:   18   -19905.508954   -19905.508920   -19905.520149  0.001507 -6.266615  0.004519
     spin moment: {S} , |S| = {        0.0        0.0    0.00006 }     0.00006
   scf:   19   -19905.508918   -19905.508919   -19905.520149  0.000152 -6.266617  0.001364
     spin moment: {S} , |S| = {        0.0        0.0    0.00006 }     0.00006

SCF Convergence by DM criterion
max |DM_out - DM_in|         :     0.0001519346
max |H_out - H_in|      (eV) :     0.0013642098
SCF cycle converged after 19 iterations

Using DM_out to compute the final energy and forces
No. of atoms with KB's overlaping orbs in proc 0. Max # of overlaps:      56    1087

siesta: E_KS(eV) =           -19905.5089

siesta: Atomic forces (eV/Ang):
     1   -0.000000    0.000000   -0.136575
     2   -0.000000    0.000000   -0.000019
     3    0.000000   -0.000000    0.136705
     4    0.000000    0.000000   -0.246200
     5   -0.000001   -0.000000    0.000490
     6    0.000000    0.000001    0.245801
----------------------------------------
   Tot   -0.000001    0.000001    0.000201
----------------------------------------
   Max    0.246200
   Res    0.093800    sqrt( Sum f_i^2 / 3N )
----------------------------------------
   Max    0.246200    constrained

Stress tensor Voigt[x,y,z,yz,xz,xy] (kbar):      -33.87      -33.87       11.62       -0.00       -0.00        0.00
(Free)E + p*V (eV/cell)   -19904.6062
Target enthalpy (eV/cell)   -19905.5201

siesta: Stress tensor (static) (eV/Ang**3):
        -0.021138    0.000000    0.000000
         0.000000   -0.021138   -0.000000
        -0.000000   -0.000000    0.007253

siesta: Pressure (static):         18.70395141  kBar

siesta: Stress tensor (total) (eV/Ang**3):
        -0.021138    0.000000    0.000000
         0.000000   -0.021138   -0.000000
        -0.000000   -0.000000    0.007253

siesta: Pressure (total):         18.70395141  kBar

cgvc: Finished line minimization    3.  Mean atomic displacement =    0.1753

                     ====================================
                        Begin CG opt. move =     13
                     ====================================
k-point displ. along   1 input, could be:     0.00    0.50
k-point displ. along   2 input, could be:     0.00    0.50
k-point displ. along   3 input, could be:     0.00    0.50
 Kpoints in:           48 . Kpoints trimmed:           46

siesta: k-grid: Number of k-points = 46
siesta: k-points from Monkhorst-Pack grid
siesta: k-cutoff (effective) =     8.181 Ang
siesta: k-point supercell and displacements
siesta: k-grid:     6     0     0      0.000
siesta: k-grid:     0     6     0      0.000
siesta: k-grid:     0     0     2      0.000

superc: Internal auxiliary supercell:    11 x    11 x     3  =     363
superc: Number of atoms, orbitals, and projectors:   2178  51183  39204

outcell: Unit cell vectors (Ang):
        2.727165   -0.000000   -0.000000
       -0.000000    2.727166    0.000000
       -0.000000    0.000000   10.752161

outcell: Cell vector modules (Ang)   :    2.727165    2.727166   10.752161
outcell: Cell angles (23,13,12) (deg):     90.0000     90.0000     90.0000
outcell: Cell volume (Ang**3)        :     79.9685
<dSpData1D:S at geom step 13
  <sparsity:sparsity for geom step 13
    nrows_g=141 nrows=6 sparsity=.8222 nnzs=16347, refcount: 7>
  <dData1D:(new from dSpData1D) n=16347, refcount: 1>
refcount: 1>
new_DM -- step:    14
Re-using DM from previous geometries...
Number of DMs in history: 1
 DM extrapolation coefficients: 
1   1.00000
New DM after history re-use:
<dSpData2D:SpM extrapolated using coords
  <sparsity:sparsity for geom step 13
    nrows_g=141 nrows=6 sparsity=.8222 nnzs=16347, refcount: 9>
  <dData2D:(temp array for extrapolation) n=16347 m=2, refcount: 1>
refcount: 1>
Note: For starting DM, Qtot, Tr[D*S] =         93.00000000         92.80689141
No. of atoms with KB's overlaping orbs in proc 0. Max # of overlaps:      56    1075

InitMesh: MESH = 30 x 30 x 120 = 108000
InitMesh: Mesh cutoff (required, used) =   300.000   334.443 Ry
New grid distribution [1]: sub = 2
New grid distribution [2]: sub = 2
New grid distribution [3]: sub = 2
Setting up quadratic distribution...

        iscf     Eharris(eV)        E_KS(eV)     FreeEng(eV)     dDmax    Ef(eV) dHmax(eV)
   scf:    1   -19899.099551   -19904.407988   -19904.421780  1.292444 -6.053583  8.552063
     spin moment: {S} , |S| = {        0.0        0.0    0.00007 }     0.00007
   scf:    2   -19423.868526   -19749.454280   -19749.462282  2.326313 -7.281716 90.559683
     spin moment: {S} , |S| = {        0.0        0.0    0.00001 }     0.00001
   scf:    3   -19929.269950   -19904.448090   -19904.458814  2.218974 -6.268143  7.644731
     spin moment: {S} , |S| = {        0.0        0.0    0.00004 }     0.00004
   scf:    4   -19905.760478   -19905.255663   -19905.268230  0.070455 -6.235420  3.082761
     spin moment: {S} , |S| = {        0.0        0.0    0.00005 }     0.00005
   scf:    5   -19904.587944   -19905.300863   -19905.313142  0.092692 -6.251605  3.110822
     spin moment: {S} , |S| = {        0.0        0.0    0.00005 }     0.00005
   scf:    6   -19904.845078   -19905.102378   -19905.113962  0.022088 -6.237397  4.965578
     spin moment: {S} , |S| = {        0.0        0.0    0.00005 }     0.00005
   scf:    7   -19905.448960   -19905.305780   -19905.318063  0.047934 -6.233485  3.671600
     spin moment: {S} , |S| = {        0.0        0.0    0.00005 }     0.00005
   scf:    8   -19901.576954   -19904.470595   -19904.480277  0.267107 -6.346226  8.272942
     spin moment: {S} , |S| = {        0.0        0.0    0.00003 }     0.00003
   scf:    9   -19905.519069   -19905.051238   -19905.062286  0.039783 -6.322908  5.446593
     spin moment: {S} , |S| = {        0.0        0.0    0.00004 }     0.00004
   scf:   10   -19905.022827   -19905.445721   -19905.458799  0.103573 -6.267264  1.933987
     spin moment: {S} , |S| = {        0.0        0.0    0.00005 }     0.00005
   scf:   11   -19905.502069   -19905.504991   -19905.518919  0.034197 -6.281233  0.071207
     spin moment: {S} , |S| = {        0.0        0.0    0.00006 }     0.00006
   scf:   12   -19905.504267   -19905.504877   -19905.518786  0.003743 -6.280560  0.105530
     spin moment: {S} , |S| = {        0.0        0.0    0.00006 }     0.00006
   scf:   13   -19905.505012   -19905.505110   -19905.519001  0.003599 -6.280660  0.024889
     spin moment: {S} , |S| = {        0.0        0.0    0.00006 }     0.00006
   scf:   14   -19905.504868   -19905.505034   -19905.518962  0.001190 -6.281454  0.062063
     spin moment: {S} , |S| = {        0.0        0.0    0.00006 }     0.00006
   scf:   15   -19905.505061   -19905.505050   -19905.518973  0.000484 -6.281319  0.055722
     spin moment: {S} , |S| = {        0.0        0.0    0.00006 }     0.00006

SCF Convergence by DM criterion
max |DM_out - DM_in|         :     0.0004842913
max |H_out - H_in|      (eV) :     0.0557224854
SCF cycle converged after 15 iterations

Using DM_out to compute the final energy and forces
No. of atoms with KB's overlaping orbs in proc 0. Max # of overlaps:      56    1075

siesta: E_KS(eV) =           -19905.5050

siesta: Atomic forces (eV/Ang):
     1    0.000001    0.000001    0.567925
     2    0.000000   -0.000001    0.000173
     3   -0.000001    0.000002   -0.568929
     4   -0.000002   -0.000001    0.637145
     5    0.000010    0.000004   -0.002900
     6   -0.000002   -0.000003   -0.634635
----------------------------------------
   Tot    0.000006    0.000002   -0.001221
----------------------------------------
   Max    0.637145
   Res    0.284306    sqrt( Sum f_i^2 / 3N )
----------------------------------------
   Max    0.637145    constrained

Stress tensor Voigt[x,y,z,yz,xz,xy] (kbar):      -27.96      -27.96        9.39        0.00       -0.00        0.00
(Free)E + p*V (eV/cell)   -19904.7448
Target enthalpy (eV/cell)   -19905.5190

siesta: Stress tensor (static) (eV/Ang**3):
        -0.017450    0.000000   -0.000000
         0.000000   -0.017451    0.000000
        -0.000000    0.000000    0.005858

siesta: Pressure (static):         15.51057223  kBar

siesta: Stress tensor (total) (eV/Ang**3):
        -0.017450    0.000000   -0.000000
         0.000000   -0.017451    0.000000
        -0.000000    0.000000    0.005858

siesta: Pressure (total):         15.51057223  kBar

                     ====================================
                        Begin CG opt. move =     14
                     ====================================
k-point displ. along   1 input, could be:     0.00    0.50
k-point displ. along   2 input, could be:     0.00    0.50
k-point displ. along   3 input, could be:     0.00    0.50
 Kpoints in:           48 . Kpoints trimmed:           46

siesta: k-grid: Number of k-points = 46
siesta: k-points from Monkhorst-Pack grid
siesta: k-cutoff (effective) =     8.115 Ang
siesta: k-point supercell and displacements
siesta: k-grid:     6     0     0      0.000
siesta: k-grid:     0     6     0      0.000
siesta: k-grid:     0     0     2      0.000

superc: Internal auxiliary supercell:    11 x    11 x     3  =     363
superc: Number of atoms, orbitals, and projectors:   2178  51183  39204

outcell: Unit cell vectors (Ang):
        2.705002   -0.000000   -0.000000
       -0.000000    2.705002    0.000000
       -0.000000    0.000000   10.833346

outcell: Cell vector modules (Ang)   :    2.705002    2.705002   10.833346
outcell: Cell angles (23,13,12) (deg):     90.0000     90.0000     90.0000
outcell: Cell volume (Ang**3)        :     79.2680
<dSpData1D:S at geom step 14
  <sparsity:sparsity for geom step 14
    nrows_g=141 nrows=6 sparsity=.8478 nnzs=16855, refcount: 7>
  <dData1D:(new from dSpData1D) n=16855, refcount: 1>
refcount: 1>
new_DM -- step:    15
Re-using DM from previous geometries...
Number of DMs in history: 1
 DM extrapolation coefficients: 
1   1.00000
New DM after history re-use:
<dSpData2D:SpM extrapolated using coords
  <sparsity:sparsity for geom step 14
    nrows_g=141 nrows=6 sparsity=.8478 nnzs=16855, refcount: 9>
  <dData2D:(temp array for extrapolation) n=16855 m=2, refcount: 1>
refcount: 1>
No. of atoms with KB's overlaping orbs in proc 0. Max # of overlaps:      56    1075

InitMesh: MESH = 30 x 30 x 120 = 108000
InitMesh: Mesh cutoff (required, used) =   300.000   339.109 Ry
New grid distribution [1]: sub = 2
New grid distribution [2]: sub = 2
New grid distribution [3]: sub = 2
Setting up quadratic distribution...

        iscf     Eharris(eV)        E_KS(eV)     FreeEng(eV)     dDmax    Ef(eV) dHmax(eV)
   scf:    1   -19902.981252   -19904.267560   -19904.276749  0.640638 -6.455780  8.418681
     spin moment: {S} , |S| = {        0.0        0.0    0.00003 }     0.00003
   scf:    2   -15710.974354   -18520.693083   -18520.701256 14.691669 -2.170743286.637922
     spin moment: {S} , |S| = {        0.0        0.0    0.00001 }     0.00001
   scf:    3   -19911.201846   -19905.345780   -19905.356544 14.559528 -6.335146  3.515943
     spin moment: {S} , |S| = {        0.0        0.0    0.00006 }     0.00006
   scf:    4   -19905.562249   -19905.524484   -19905.537086  0.076474 -6.293143  0.492571
     spin moment: {S} , |S| = {        0.0        0.0    0.00006 }     0.00006
   scf:    5   -19905.506954   -19905.523020   -19905.535831  0.040699 -6.275695  0.556742
     spin moment: {S} , |S| = {        0.0        0.0    0.00007 }     0.00007
   scf:    6   -19905.523068   -19905.523178   -19905.535962  0.011525 -6.272039  0.592855
     spin moment: {S} , |S| = {        0.0        0.0    0.00007 }     0.00007
   scf:    7   -19905.530167   -19905.527112   -19905.539855  0.007882 -6.270987  0.375890
     spin moment: {S} , |S| = {        0.0        0.0    0.00007 }     0.00007
   scf:    8   -19905.503494   -19905.523490   -19905.536104  0.023858 -6.275645  0.583297
     spin moment: {S} , |S| = {        0.0        0.0    0.00007 }     0.00007
   scf:    9   -19905.523057   -19905.529115   -19905.541741  0.020854 -6.268994  0.207485
     spin moment: {S} , |S| = {        0.0        0.0    0.00007 }     0.00007
   scf:   10   -19905.529518   -19905.529325   -19905.541951  0.000343 -6.269221  0.174205
     spin moment: {S} , |S| = {        0.0        0.0    0.00007 }     0.00007

SCF Convergence by DM criterion
max |DM_out - DM_in|         :     0.0003427024
max |H_out - H_in|      (eV) :     0.1742052229
SCF cycle converged after 10 iterations

Using DM_out to compute the final energy and forces
No. of atoms with KB's overlaping orbs in proc 0. Max # of overlaps:      56    1075

siesta: E_KS(eV) =           -19905.5293

siesta: Atomic forces (eV/Ang):
     1   -0.000000    0.000001    0.309544
     2    0.000001   -0.000000    0.000038
     3   -0.000000    0.000000   -0.309762
     4   -0.000000    0.000000    0.261487
     5    0.000004    0.000002   -0.001221
     6   -0.000000   -0.000001   -0.260724
----------------------------------------
   Tot    0.000003    0.000002   -0.000638
----------------------------------------
   Max    0.309762
   Res    0.135015    sqrt( Sum f_i^2 / 3N )
----------------------------------------
   Max    0.309762    constrained

Stress tensor Voigt[x,y,z,yz,xz,xy] (kbar):      -29.81      -29.81       -1.54       -0.00       -0.00        0.00
(Free)E + p*V (eV/cell)   -19904.5334
Target enthalpy (eV/cell)   -19905.5420

siesta: Stress tensor (static) (eV/Ang**3):
        -0.018606   -0.000000   -0.000000
         0.000000   -0.018606   -0.000000
        -0.000000   -0.000000   -0.000958

siesta: Pressure (static):         20.38513486  kBar

siesta: Stress tensor (total) (eV/Ang**3):
        -0.018606   -0.000000   -0.000000
         0.000000   -0.018606   -0.000000
        -0.000000   -0.000000   -0.000958

siesta: Pressure (total):         20.38513486  kBar

cgvc: Finished line minimization    4.  Mean atomic displacement =    0.1016

                     ====================================
                        Begin CG opt. move =     15
                     ====================================
k-point displ. along   1 input, could be:     0.00    0.50
k-point displ. along   2 input, could be:     0.00    0.50
k-point displ. along   3 input, could be:     0.00    0.50
 Kpoints in:           48 . Kpoints trimmed:           46

siesta: k-grid: Number of k-points = 46
siesta: k-points from Monkhorst-Pack grid
siesta: k-cutoff (effective) =     8.244 Ang
siesta: k-point supercell and displacements
siesta: k-grid:     6     0     0      0.000
siesta: k-grid:     0     6     0      0.000
siesta: k-grid:     0     0     2      0.000

superc: Internal auxiliary supercell:    11 x    11 x     3  =     363
superc: Number of atoms, orbitals, and projectors:   2178  51183  39204

outcell: Unit cell vectors (Ang):
        2.747998   -0.000000    0.000000
       -0.000000    2.747998    0.000000
        0.000000    0.000000   10.740590

outcell: Cell vector modules (Ang)   :    2.747998    2.747998   10.740590
outcell: Cell angles (23,13,12) (deg):     90.0000     90.0000     90.0000
outcell: Cell volume (Ang**3)        :     81.1075
<dSpData1D:S at geom step 15
  <sparsity:sparsity for geom step 15
    nrows_g=141 nrows=6 sparsity=.8230 nnzs=16363, refcount: 7>
  <dData1D:(new from dSpData1D) n=16363, refcount: 1>
refcount: 1>
new_DM -- step:    16
Re-using DM from previous geometries...
Number of DMs in history: 1
 DM extrapolation coefficients: 
1   1.00000
New DM after history re-use:
<dSpData2D:SpM extrapolated using coords
  <sparsity:sparsity for geom step 15
    nrows_g=141 nrows=6 sparsity=.8230 nnzs=16363, refcount: 9>
  <dData2D:(temp array for extrapolation) n=16363 m=2, refcount: 1>
refcount: 1>
No. of atoms with KB's overlaping orbs in proc 0. Max # of overlaps:      56    1051

InitMesh: MESH = 30 x 30 x 120 = 108000
InitMesh: Mesh cutoff (required, used) =   300.000   329.391 Ry
New grid distribution [1]: sub = 2
New grid distribution [2]: sub = 2
New grid distribution [3]: sub = 2
Setting up quadratic distribution...

        iscf     Eharris(eV)        E_KS(eV)     FreeEng(eV)     dDmax    Ef(eV) dHmax(eV)
   scf:    1   -19903.298664   -19904.743872   -19904.758188  1.222295 -6.083953  5.043157
     spin moment: {S} , |S| = {        0.0        0.0    0.00010 }     0.00010
   scf:    2   -19359.316339   -19727.771040   -19727.778601  2.666176 -7.299390 82.263798
     spin moment: {S} , |S| = {        0.0        0.0    0.00001 }     0.00001
   scf:    3   -19920.470872   -19905.460902   -19905.469990  2.672378 -6.261671  2.536854
     spin moment: {S} , |S| = {        0.0        0.0    0.00005 }     0.00005
   scf:    4   -19904.903481   -19905.217732   -19905.225307  0.062480 -6.289280  4.766705
     spin moment: {S} , |S| = {        0.0        0.0    0.00003 }     0.00003
   scf:    5   -19905.484549   -19905.360261   -19905.368503  0.038353 -6.275531  3.632355
     spin moment: {S} , |S| = {        0.0        0.0    0.00004 }     0.00004
   scf:    6   -19905.495247   -19905.431572   -19905.440445  0.028739 -6.266939  2.914038
     spin moment: {S} , |S| = {        0.0        0.0    0.00004 }     0.00004
   scf:    7   -19905.505197   -19905.554943   -19905.566971  0.131983 -6.224219  0.511939
     spin moment: {S} , |S| = {        0.0        0.0    0.00008 }     0.00008
   scf:    8   -19905.533400   -19905.555016   -19905.566261  0.014041 -6.229485  0.595198
     spin moment: {S} , |S| = {        0.0        0.0    0.00007 }     0.00007
   scf:    9   -19905.557792   -19905.560336   -19905.572169  0.014544 -6.223044  0.116407
     spin moment: {S} , |S| = {        0.0        0.0    0.00008 }     0.00008
   scf:   10   -19905.559451   -19905.560379   -19905.572019  0.007317 -6.226382  0.142275
     spin moment: {S} , |S| = {        0.0        0.0    0.00008 }     0.00008
   scf:   11   -19905.560393   -19905.560605   -19905.572376  0.003065 -6.225318  0.019294
     spin moment: {S} , |S| = {        0.0        0.0    0.00008 }     0.00008
   scf:   12   -19905.560625   -19905.560616   -19905.572382  0.000381 -6.225369  0.007790
     spin moment: {S} , |S| = {        0.0        0.0    0.00008 }     0.00008

SCF Convergence by DM criterion
max |DM_out - DM_in|         :     0.0003812522
max |H_out - H_in|      (eV) :     0.0077896756
SCF cycle converged after 12 iterations

Using DM_out to compute the final energy and forces
No. of atoms with KB's overlaping orbs in proc 0. Max # of overlaps:      56    1051

siesta: E_KS(eV) =           -19905.5606

siesta: Atomic forces (eV/Ang):
     1   -0.000001   -0.000000    0.131065
     2    0.000000    0.000000   -0.000038
     3   -0.000000    0.000001   -0.131154
     4    0.000001   -0.000001    0.273884
     5    0.000001   -0.000002   -0.000009
     6   -0.000001    0.000001   -0.273704
----------------------------------------
   Tot    0.000001   -0.000001    0.000043
----------------------------------------
   Max    0.273884
   Res    0.101189    sqrt( Sum f_i^2 / 3N )
----------------------------------------
   Max    0.273884    constrained

Stress tensor Voigt[x,y,z,yz,xz,xy] (kbar):        5.76        5.76       27.85        0.00        0.00        0.00
(Free)E + p*V (eV/cell)   -19906.2366
Target enthalpy (eV/cell)   -19905.5724

siesta: Stress tensor (static) (eV/Ang**3):
         0.003592    0.000000   -0.000000
         0.000000    0.003592    0.000000
         0.000000    0.000000    0.017385

siesta: Pressure (static):        -13.12127072  kBar

siesta: Stress tensor (total) (eV/Ang**3):
         0.003592    0.000000   -0.000000
         0.000000    0.003592    0.000000
         0.000000    0.000000    0.017385

siesta: Pressure (total):        -13.12127072  kBar

                     ====================================
                        Begin CG opt. move =     16
                     ====================================
k-point displ. along   1 input, could be:     0.00    0.50
k-point displ. along   2 input, could be:     0.00    0.50
k-point displ. along   3 input, could be:     0.00    0.50
 Kpoints in:           48 . Kpoints trimmed:           46

siesta: k-grid: Number of k-points = 46
siesta: k-points from Monkhorst-Pack grid
siesta: k-cutoff (effective) =     8.402 Ang
siesta: k-point supercell and displacements
siesta: k-grid:     6     0     0      0.000
siesta: k-grid:     0     6     0      0.000
siesta: k-grid:     0     0     2      0.000

superc: Internal auxiliary supercell:    11 x    11 x     3  =     363
superc: Number of atoms, orbitals, and projectors:   2178  51183  39204

outcell: Unit cell vectors (Ang):
        2.800683   -0.000000    0.000000
       -0.000000    2.800683    0.000000
        0.000000    0.000000   10.626931

outcell: Cell vector modules (Ang)   :    2.800683    2.800683   10.626931
outcell: Cell angles (23,13,12) (deg):     90.0000     90.0000     90.0000
outcell: Cell volume (Ang**3)        :     83.3558
<dSpData1D:S at geom step 16
  <sparsity:sparsity for geom step 16
    nrows_g=141 nrows=6 sparsity=.7888 nnzs=15683, refcount: 7>
  <dData1D:(new from dSpData1D) n=15683, refcount: 1>
refcount: 1>
new_DM -- step:    17
Re-using DM from previous geometries...
Number of DMs in history: 1
 DM extrapolation coefficients: 
1   1.00000
New DM after history re-use:
<dSpData2D:SpM extrapolated using coords
  <sparsity:sparsity for geom step 16
    nrows_g=141 nrows=6 sparsity=.7888 nnzs=15683, refcount: 9>
  <dData2D:(temp array for extrapolation) n=15683 m=2, refcount: 1>
refcount: 1>
No. of atoms with KB's overlaping orbs in proc 0. Max # of overlaps:      52    1051

InitMesh: MESH = 30 x 30 x 120 = 108000
InitMesh: Mesh cutoff (required, used) =   300.000   317.115 Ry
New grid distribution [1]: sub = 2
New grid distribution [2]: sub = 2
New grid distribution [3]: sub = 2
Setting up quadratic distribution...

        iscf     Eharris(eV)        E_KS(eV)     FreeEng(eV)     dDmax    Ef(eV) dHmax(eV)
   scf:    1   -19888.238107   -19899.723095   -19899.741492  0.471430 -5.912426 16.703522
     spin moment: {S} , |S| = {        0.0        0.0    0.00015 }     0.00015
   scf:    2   -18104.948199   -19326.215932   -19326.222722 19.298304 -8.267705156.324007
     spin moment: {S} , |S| = {        0.0        0.0    0.00002 }     0.00002
   scf:    3   -20035.191720   -19898.283030   -19898.293611 19.421363 -6.442632 21.338612
     spin moment: {S} , |S| = {        0.0        0.0    0.00003 }     0.00003
   scf:    4   -19905.334252   -19902.175481   -19902.185902  0.136187 -6.375473 14.752017
     spin moment: {S} , |S| = {        0.0        0.0    0.00005 }     0.00005
   scf:    5   -19899.658412   -19901.005929   -19901.014457  0.108743 -6.379295 17.347569
     spin moment: {S} , |S| = {        0.0        0.0    0.00004 }     0.00004
   scf:    6   -19904.809136   -19903.054736   -19903.063357  0.116473 -6.316700 12.792627
     spin moment: {S} , |S| = {        0.0        0.0    0.00005 }     0.00005
   scf:    7   -19906.099178   -19904.867448   -19904.876490  0.175067 -6.222250  6.471960
     spin moment: {S} , |S| = {        0.0        0.0    0.00005 }     0.00005
   scf:    8   -19902.652103   -19904.954900   -19904.972744  0.230424 -6.121977  6.015679
     spin moment: {S} , |S| = {        0.0        0.0    0.00014 }     0.00014
   scf:    9   -19905.621036   -19905.348168   -19905.364922  0.035459 -6.133597  3.443686
     spin moment: {S} , |S| = {        0.0        0.0    0.00013 }     0.00013
   scf:   10   -19905.590505   -19905.529468   -19905.543371  0.035174 -6.163041  0.628354
     spin moment: {S} , |S| = {        0.0        0.0    0.00010 }     0.00010
   scf:   11   -19905.032235   -19905.345740   -19905.362272  0.042062 -6.144847  3.412841
     spin moment: {S} , |S| = {        0.0        0.0    0.00014 }     0.00014
   scf:   12   -19905.602881   -19905.518518   -19905.532973  0.030301 -6.164484  1.044730
     spin moment: {S} , |S| = {        0.0        0.0    0.00011 }     0.00011
   scf:   13   -19905.540725   -19905.536783   -19905.550124  0.013286 -6.173941  0.076825
     spin moment: {S} , |S| = {        0.0        0.0    0.00010 }     0.00010
   scf:   14   -19905.536994   -19905.536989   -19905.550191  0.001775 -6.175085  0.040387
     spin moment: {S} , |S| = {        0.0        0.0    0.00010 }     0.00010
   scf:   15   -19905.537001   -19905.536996   -19905.550191  0.000701 -6.175076  0.042289
     spin moment: {S} , |S| = {        0.0        0.0    0.00010 }     0.00010
   scf:   16   -19905.536974   -19905.536991   -19905.550218  0.000526 -6.174905  0.015955
     spin moment: {S} , |S| = {        0.0        0.0    0.00010 }     0.00010
   scf:   17   -19905.536965   -19905.536979   -19905.550222  0.000308 -6.174783  0.003185
     spin moment: {S} , |S| = {        0.0        0.0    0.00010 }     0.00010

SCF Convergence by DM criterion
max |DM_out - DM_in|         :     0.0003077740
max |H_out - H_in|      (eV) :     0.0031846751
SCF cycle converged after 17 iterations

Using DM_out to compute the final energy and forces
No. of atoms with KB's overlaping orbs in proc 0. Max # of overlaps:      52    1051

siesta: E_KS(eV) =           -19905.5370

siesta: Atomic forces (eV/Ang):
     1    0.000001   -0.000002   -0.123980
     2    0.000000    0.000000   -0.000078
     3    0.000000    0.000002    0.124101
     4   -0.000000   -0.000001    0.223480
     5   -0.000003   -0.000003    0.001818
     6   -0.000002    0.000001   -0.224427
----------------------------------------
   Tot   -0.000004   -0.000004    0.000914
----------------------------------------
   Max    0.224427
   Res    0.085338    sqrt( Sum f_i^2 / 3N )
----------------------------------------
   Max    0.224427    constrained

Stress tensor Voigt[x,y,z,yz,xz,xy] (kbar):       43.44       43.44       51.09        0.00       -0.00        0.00
(Free)E + p*V (eV/cell)   -19907.9431
Target enthalpy (eV/cell)   -19905.5502

siesta: Stress tensor (static) (eV/Ang**3):
         0.027116    0.000000   -0.000000
         0.000000    0.027116    0.000000
        -0.000000    0.000000    0.031890

siesta: Pressure (static):        -45.99362701  kBar

siesta: Stress tensor (total) (eV/Ang**3):
         0.027116    0.000000   -0.000000
         0.000000    0.027116    0.000000
        -0.000000    0.000000    0.031890

siesta: Pressure (total):        -45.99362701  kBar

                     ====================================
                        Begin CG opt. move =     17
                     ====================================
k-point displ. along   1 input, could be:     0.00    0.50
k-point displ. along   2 input, could be:     0.00    0.50
k-point displ. along   3 input, could be:     0.00    0.50
 Kpoints in:           48 . Kpoints trimmed:           46

siesta: k-grid: Number of k-points = 46
siesta: k-points from Monkhorst-Pack grid
siesta: k-cutoff (effective) =     8.260 Ang
siesta: k-point supercell and displacements
siesta: k-grid:     6     0     0      0.000
siesta: k-grid:     0     6     0      0.000
siesta: k-grid:     0     0     2      0.000

superc: Internal auxiliary supercell:    11 x    11 x     3  =     363
superc: Number of atoms, orbitals, and projectors:   2178  51183  39204

outcell: Unit cell vectors (Ang):
        2.753440   -0.000000    0.000000
       -0.000000    2.753441    0.000000
        0.000000    0.000000   10.728849

outcell: Cell vector modules (Ang)   :    2.753440    2.753441   10.728849
outcell: Cell angles (23,13,12) (deg):     90.0000     90.0000     90.0000
outcell: Cell volume (Ang**3)        :     81.3401
<dSpData1D:S at geom step 17
  <sparsity:sparsity for geom step 17
    nrows_g=141 nrows=6 sparsity=.8230 nnzs=16363, refcount: 7>
  <dData1D:(new from dSpData1D) n=16363, refcount: 1>
refcount: 1>
new_DM -- step:    18
Re-using DM from previous geometries...
Number of DMs in history: 1
 DM extrapolation coefficients: 
1   1.00000
New DM after history re-use:
<dSpData2D:SpM extrapolated using coords
  <sparsity:sparsity for geom step 17
    nrows_g=141 nrows=6 sparsity=.8230 nnzs=16363, refcount: 9>
  <dData2D:(temp array for extrapolation) n=16363 m=2, refcount: 1>
refcount: 1>
No. of atoms with KB's overlaping orbs in proc 0. Max # of overlaps:      56    1051

InitMesh: MESH = 30 x 30 x 120 = 108000
InitMesh: Mesh cutoff (required, used) =   300.000   328.090 Ry
New grid distribution [1]: sub = 2
New grid distribution [2]: sub = 2
New grid distribution [3]: sub = 2
Setting up quadratic distribution...

        iscf     Eharris(eV)        E_KS(eV)     FreeEng(eV)     dDmax    Ef(eV) dHmax(eV)
   scf:    1   -19890.535195   -19900.727238   -19900.736772  0.935193 -6.457035 14.077587
     spin moment: {S} , |S| = {        0.0        0.0    0.00004 }     0.00004
   scf:    2   -10122.120039   -16688.448158   -16688.462339126.538213 -0.153943388.500984
     spin moment: {S} , |S| = {        0.0        0.0    0.00001 }     0.00001
   scf:    3   -19966.680222   -19905.394636   -19905.405429126.389379 -6.264120  2.626969
     spin moment: {S} , |S| = {        0.0        0.0    0.00008 }     0.00008
   scf:    4   -19905.583264   -19905.549736   -19905.561786  0.052824 -6.215038  0.559566
     spin moment: {S} , |S| = {        0.0        0.0    0.00010 }     0.00010
   scf:    5   -19905.557072   -19905.556776   -19905.568881  0.017896 -6.204384  0.254311
     spin moment: {S} , |S| = {        0.0        0.0    0.00010 }     0.00010
   scf:    6   -19905.455254   -19905.524027   -19905.535625  0.071888 -6.192213  1.005815
     spin moment: {S} , |S| = {        0.0        0.0    0.00010 }     0.00010
   scf:    7   -19905.569227   -19905.550997   -19905.562532  0.020443 -6.207232  0.499251
     spin moment: {S} , |S| = {        0.0        0.0    0.00010 }     0.00010
   scf:    8   -19905.562185   -19905.560872   -19905.572580  0.022461 -6.216732  0.028920
     spin moment: {S} , |S| = {        0.0        0.0    0.00010 }     0.00010
   scf:    9   -19905.560417   -19905.560782   -19905.572460  0.004538 -6.219660  0.075758
     spin moment: {S} , |S| = {        0.0        0.0    0.00010 }     0.00010
   scf:   10   -19905.561087   -19905.560964   -19905.572620  0.002699 -6.219249  0.030592
     spin moment: {S} , |S| = {        0.0        0.0    0.00011 }     0.00011
   scf:   11   -19905.560989   -19905.560994   -19905.572656  0.001442 -6.218741  0.004639
     spin moment: {S} , |S| = {        0.0        0.0    0.00011 }     0.00011
   scf:   12   -19905.560995   -19905.560995   -19905.572656  0.000656 -6.219155  0.001070
     spin moment: {S} , |S| = {        0.0        0.0    0.00011 }     0.00011
   scf:   13   -19905.560994   -19905.560994   -19905.572656  0.000221 -6.219285  0.000809
     spin moment: {S} , |S| = {        0.0        0.0    0.00011 }     0.00011

SCF Convergence by DM criterion
max |DM_out - DM_in|         :     0.0002213524
max |H_out - H_in|      (eV) :     0.0008090553
SCF cycle converged after 13 iterations

Using DM_out to compute the final energy and forces
No. of atoms with KB's overlaping orbs in proc 0. Max # of overlaps:      56    1051

siesta: E_KS(eV) =           -19905.5610

siesta: Atomic forces (eV/Ang):
     1    0.000000    0.000000    0.109511
     2    0.000000   -0.000001   -0.000202
     3    0.000000    0.000002   -0.109501
     4    0.000000   -0.000001    0.267754
     5    0.000001   -0.000004    0.000270
     6   -0.000001   -0.000001   -0.267699
----------------------------------------
   Tot    0.000001   -0.000005    0.000133
----------------------------------------
   Max    0.267754
   Res    0.096419    sqrt( Sum f_i^2 / 3N )
----------------------------------------
   Max    0.267754    constrained

Stress tensor Voigt[x,y,z,yz,xz,xy] (kbar):       11.21       11.21       29.56        0.00       -0.00        0.00
(Free)E + p*V (eV/cell)   -19906.4523
Target enthalpy (eV/cell)   -19905.5727

siesta: Stress tensor (static) (eV/Ang**3):
         0.006996   -0.000000   -0.000000
         0.000000    0.006996    0.000000
        -0.000000    0.000000    0.018453

siesta: Pressure (static):        -17.32753664  kBar

siesta: Stress tensor (total) (eV/Ang**3):
         0.006996   -0.000000   -0.000000
         0.000000    0.006996    0.000000
        -0.000000    0.000000    0.018453

siesta: Pressure (total):        -17.32753664  kBar

cgvc: Finished line minimization    5.  Mean atomic displacement =    0.1144

                     ====================================
                        Begin CG opt. move =     18
                     ====================================
k-point displ. along   1 input, could be:     0.00    0.50
k-point displ. along   2 input, could be:     0.00    0.50
k-point displ. along   3 input, could be:     0.00    0.50
 Kpoints in:           48 . Kpoints trimmed:           46

siesta: k-grid: Number of k-points = 46
siesta: k-points from Monkhorst-Pack grid
siesta: k-cutoff (effective) =     8.295 Ang
siesta: k-point supercell and displacements
siesta: k-grid:     6     0     0      0.000
siesta: k-grid:     0     6     0      0.000
siesta: k-grid:     0     0     2      0.000

superc: Internal auxiliary supercell:    11 x    11 x     3  =     363
superc: Number of atoms, orbitals, and projectors:   2178  51183  39204

outcell: Unit cell vectors (Ang):
        2.765101   -0.000000    0.000000
       -0.000000    2.765101   -0.000000
        0.000000   -0.000000   10.521087

outcell: Cell vector modules (Ang)   :    2.765101    2.765101   10.521087
outcell: Cell angles (23,13,12) (deg):     90.0000     90.0000     90.0000
outcell: Cell volume (Ang**3)        :     80.4420
<dSpData1D:S at geom step 18
  <sparsity:sparsity for geom step 18
    nrows_g=141 nrows=6 sparsity=.8275 nnzs=16451, refcount: 7>
  <dData1D:(new from dSpData1D) n=16451, refcount: 1>
refcount: 1>
new_DM -- step:    19
Re-using DM from previous geometries...
Number of DMs in history: 1
 DM extrapolation coefficients: 
1   1.00000
New DM after history re-use:
<dSpData2D:SpM extrapolated using coords
  <sparsity:sparsity for geom step 18
    nrows_g=141 nrows=6 sparsity=.8275 nnzs=16451, refcount: 9>
  <dData2D:(temp array for extrapolation) n=16451 m=2, refcount: 1>
refcount: 1>
No. of atoms with KB's overlaping orbs in proc 0. Max # of overlaps:      56    1087

InitMesh: MESH = 30 x 30 x 120 = 108000
InitMesh: Mesh cutoff (required, used) =   300.000   325.329 Ry
New grid distribution [1]: sub = 2
New grid distribution [2]: sub = 2
New grid distribution [3]: sub = 2
Setting up quadratic distribution...

        iscf     Eharris(eV)        E_KS(eV)     FreeEng(eV)     dDmax    Ef(eV) dHmax(eV)
   scf:    1   -19873.949199   -19895.147293   -19895.157766  1.911792 -6.593543 23.165772
     spin moment: {S} , |S| = {        0.0        0.0    0.00005 }     0.00005
   scf:    2    -3852.916464   -14639.471986   -14639.491206408.096829  1.987049467.361176
     spin moment: {S} , |S| = {        0.0        0.0    0.00003 }     0.00003
   scf:    3   -20045.737383   -19905.278802   -19905.291370407.857195 -6.267108  2.685709
     spin moment: {S} , |S| = {        0.0        0.0    0.00012 }     0.00012
   scf:    4   -19905.602118   -19905.467261   -19905.479084  0.056899 -6.239813  1.459226
     spin moment: {S} , |S| = {        0.0        0.0    0.00011 }     0.00011
   scf:    5   -19905.366884   -19905.519694   -19905.532371  0.164634 -6.177517  1.096254
     spin moment: {S} , |S| = {        0.0        0.0    0.00011 }     0.00011
   scf:    6   -19904.957669   -19905.401849   -19905.411320  0.108325 -6.266835  3.107839
     spin moment: {S} , |S| = {        0.0        0.0    0.00008 }     0.00008
   scf:    7   -19905.613336   -19905.554184   -19905.565647  0.075914 -6.229210  0.658504
     spin moment: {S} , |S| = {        0.0        0.0    0.00011 }     0.00011
   scf:    8   -19905.476510   -19905.542624   -19905.555536  0.047469 -6.200659  1.155182
     spin moment: {S} , |S| = {        0.0        0.0    0.00013 }     0.00013
   scf:    9   -19905.565338   -19905.555367   -19905.567956  0.009539 -6.204251  0.731250
     spin moment: {S} , |S| = {        0.0        0.0    0.00013 }     0.00013
   scf:   10   -19905.566534   -19905.564568   -19905.576594  0.013095 -6.213116  0.075038
     spin moment: {S} , |S| = {        0.0        0.0    0.00013 }     0.00013
   scf:   11   -19905.564748   -19905.564670   -19905.576692  0.002147 -6.213412  0.048817
     spin moment: {S} , |S| = {        0.0        0.0    0.00014 }     0.00014
   scf:   12   -19905.564818   -19905.564763   -19905.576772  0.004334 -6.213852  0.027481
     spin moment: {S} , |S| = {        0.0        0.0    0.00015 }     0.00015
   scf:   13   -19905.564832   -19905.564807   -19905.576786  0.001151 -6.214437  0.006570
     spin moment: {S} , |S| = {        0.0        0.0    0.00016 }     0.00016
   scf:   14   -19905.564808   -19905.564808   -19905.576788  0.001446 -6.214652  0.005987
     spin moment: {S} , |S| = {        0.0        0.0    0.00017 }     0.00017
   scf:   15   -19905.564798   -19905.564803   -19905.576788  0.000893 -6.214748  0.000765
     spin moment: {S} , |S| = {        0.0        0.0    0.00019 }     0.00019
   scf:   16   -19905.564803   -19905.564803   -19905.576788  0.000145 -6.214781  0.000830
     spin moment: {S} , |S| = {        0.0        0.0    0.00019 }     0.00019

SCF Convergence by DM criterion
max |DM_out - DM_in|         :     0.0001447599
max |H_out - H_in|      (eV) :     0.0008302502
SCF cycle converged after 16 iterations

Using DM_out to compute the final energy and forces
No. of atoms with KB's overlaping orbs in proc 0. Max # of overlaps:      56    1087

siesta: E_KS(eV) =           -19905.5648

siesta: Atomic forces (eV/Ang):
     1   -0.000000   -0.000001   -0.285772
     2   -0.000000    0.000000    0.000152
     3    0.000001   -0.000001    0.285640
     4    0.000001   -0.000004   -0.437736
     5   -0.000008    0.000017   -0.000216
     6    0.000002   -0.000003    0.437810
----------------------------------------
   Tot   -0.000004    0.000008   -0.000122
----------------------------------------
   Max    0.437810
   Res    0.174252    sqrt( Sum f_i^2 / 3N )
----------------------------------------
   Max    0.437810    constrained

Stress tensor Voigt[x,y,z,yz,xz,xy] (kbar):        3.36        3.36        9.40       -0.00       -0.00       -0.00
(Free)E + p*V (eV/cell)   -19905.8466
Target enthalpy (eV/cell)   -19905.5768

siesta: Stress tensor (static) (eV/Ang**3):
         0.002098   -0.000000   -0.000000
        -0.000000    0.002098   -0.000000
        -0.000000   -0.000000    0.005865

siesta: Pressure (static):         -5.37299173  kBar

siesta: Stress tensor (total) (eV/Ang**3):
         0.002098   -0.000000   -0.000000
        -0.000000    0.002098   -0.000000
        -0.000000   -0.000000    0.005865

siesta: Pressure (total):         -5.37299173  kBar

                     ====================================
                        Begin CG opt. move =     19
                     ====================================
k-point displ. along   1 input, could be:     0.00    0.50
k-point displ. along   2 input, could be:     0.00    0.50
k-point displ. along   3 input, could be:     0.00    0.50
 Kpoints in:           48 . Kpoints trimmed:           46

siesta: k-grid: Number of k-points = 46
siesta: k-points from Monkhorst-Pack grid
siesta: k-cutoff (effective) =     8.278 Ang
siesta: k-point supercell and displacements
siesta: k-grid:     6     0     0      0.000
siesta: k-grid:     0     6     0      0.000
siesta: k-grid:     0     0     2      0.000

superc: Internal auxiliary supercell:    11 x    11 x     3  =     363
superc: Number of atoms, orbitals, and projectors:   2178  51183  39204

outcell: Unit cell vectors (Ang):
        2.759321   -0.000000    0.000000
       -0.000000    2.759322   -0.000000
        0.000000   -0.000000   10.624060

outcell: Cell vector modules (Ang)   :    2.759321    2.759322   10.624060
outcell: Cell angles (23,13,12) (deg):     90.0000     90.0000     90.0000
outcell: Cell volume (Ang**3)        :     80.8901
<dSpData1D:S at geom step 19
  <sparsity:sparsity for geom step 19
    nrows_g=141 nrows=6 sparsity=.8230 nnzs=16363, refcount: 7>
  <dData1D:(new from dSpData1D) n=16363, refcount: 1>
refcount: 1>
new_DM -- step:    20
Re-using DM from previous geometries...
Number of DMs in history: 1
 DM extrapolation coefficients: 
1   1.00000
New DM after history re-use:
<dSpData2D:SpM extrapolated using coords
  <sparsity:sparsity for geom step 19
    nrows_g=141 nrows=6 sparsity=.8230 nnzs=16363, refcount: 9>
  <dData2D:(temp array for extrapolation) n=16363 m=2, refcount: 1>
refcount: 1>
No. of atoms with KB's overlaping orbs in proc 0. Max # of overlaps:      56    1051

InitMesh: MESH = 30 x 30 x 120 = 108000
InitMesh: Mesh cutoff (required, used) =   300.000   326.693 Ry
New grid distribution [1]: sub = 2
New grid distribution [2]: sub = 2
New grid distribution [3]: sub = 2
Setting up quadratic distribution...

        iscf     Eharris(eV)        E_KS(eV)     FreeEng(eV)     dDmax    Ef(eV) dHmax(eV)
   scf:    1   -19892.300566   -19901.188112   -19901.206829  1.178213 -6.002679 16.545380
     spin moment: {S} , |S| = {        0.0        0.0    0.00036 }     0.00036
   scf:    2   -18571.500579   -19475.347083   -19475.349112 12.917121 -7.588137145.973948
     spin moment: {S} , |S| = {        0.0        0.0    0.00001 }     0.00001
   scf:    3   -19993.213255   -19900.085746   -19900.095455 13.694906 -6.409012 19.155763
     spin moment: {S} , |S| = {        0.0        0.0    0.00012 }     0.00012
   scf:    4   -19907.278930   -19904.484971   -19904.492668  0.215785 -6.288239  8.500616
     spin moment: {S} , |S| = {        0.0        0.0    0.00011 }     0.00011
   scf:    5   -19904.443542   -19905.427259   -19905.441484  0.153206 -6.199680  2.824422
     spin moment: {S} , |S| = {        0.0        0.0    0.00027 }     0.00027
   scf:    6   -19905.406416   -19905.416954   -19905.431278  0.002019 -6.197652  2.948130
     spin moment: {S} , |S| = {        0.0        0.0    0.00027 }     0.00027
   scf:    7   -19905.457826   -19905.438239   -19905.452457  0.010939 -6.193672  2.836148
     spin moment: {S} , |S| = {        0.0        0.0    0.00028 }     0.00028
   scf:    8   -19905.378947   -19905.547145   -19905.556976  0.109822 -6.241628  1.448436
     spin moment: {S} , |S| = {        0.0        0.0    0.00016 }     0.00016
   scf:    9   -19905.589682   -19905.578756   -19905.589688  0.026047 -6.219312  0.339701
     spin moment: {S} , |S| = {        0.0        0.0    0.00019 }     0.00019
   scf:   10   -19905.574372   -19905.576783   -19905.587503  0.003892 -6.220260  0.499830
     spin moment: {S} , |S| = {        0.0        0.0    0.00019 }     0.00019
   scf:   11   -19905.562192   -19905.576452   -19905.588381  0.012546 -6.211731  0.451169
     spin moment: {S} , |S| = {        0.0        0.0    0.00022 }     0.00022
   scf:   12   -19905.573502   -19905.579206   -19905.590221  0.011647 -6.218428  0.287302
     spin moment: {S} , |S| = {        0.0        0.0    0.00019 }     0.00019
   scf:   13   -19905.579903   -19905.580209   -19905.591602  0.004394 -6.216163  0.004106
     spin moment: {S} , |S| = {        0.0        0.0    0.00020 }     0.00020
   scf:   14   -19905.580192   -19905.580201   -19905.591603  0.000656 -6.216386  0.003388
     spin moment: {S} , |S| = {        0.0        0.0    0.00020 }     0.00020
   scf:   15   -19905.580203   -19905.580202   -19905.591603  0.000120 -6.216424  0.001601
     spin moment: {S} , |S| = {        0.0        0.0    0.00020 }     0.00020

SCF Convergence by DM criterion
max |DM_out - DM_in|         :     0.0001196864
max |H_out - H_in|      (eV) :     0.0016005847
SCF cycle converged after 15 iterations

Using DM_out to compute the final energy and forces
No. of atoms with KB's overlaping orbs in proc 0. Max # of overlaps:      56    1051

siesta: E_KS(eV) =           -19905.5802

siesta: Atomic forces (eV/Ang):
     1   -0.000000   -0.000001   -0.110091
     2    0.000000   -0.000000    0.000021
     3    0.000001   -0.000001    0.110053
     4   -0.000000   -0.000001   -0.054266
     5   -0.000004    0.000007   -0.000037
     6    0.000002    0.000002    0.054330
----------------------------------------
   Tot   -0.000001    0.000006    0.000010
----------------------------------------
   Max    0.110091
   Res    0.040912    sqrt( Sum f_i^2 / 3N )
----------------------------------------
   Max    0.110091    constrained

Stress tensor Voigt[x,y,z,yz,xz,xy] (kbar):       13.95       13.95       25.41        0.00       -0.00       -0.00
(Free)E + p*V (eV/cell)   -19906.4888
Target enthalpy (eV/cell)   -19905.5916

siesta: Stress tensor (static) (eV/Ang**3):
         0.008706   -0.000000   -0.000000
        -0.000000    0.008706    0.000000
        -0.000000    0.000000    0.015862

siesta: Pressure (static):        -17.77016948  kBar

siesta: Stress tensor (total) (eV/Ang**3):
         0.008706   -0.000000   -0.000000
        -0.000000    0.008706    0.000000
        -0.000000    0.000000    0.015862

siesta: Pressure (total):        -17.77016948  kBar

cgvc: Finished line minimization    6.  Mean atomic displacement =    0.0577

                     ====================================
                        Begin CG opt. move =     20
                     ====================================
k-point displ. along   1 input, could be:     0.00    0.50
k-point displ. along   2 input, could be:     0.00    0.50
k-point displ. along   3 input, could be:     0.00    0.50
 Kpoints in:           48 . Kpoints trimmed:           46

siesta: k-grid: Number of k-points = 46
siesta: k-points from Monkhorst-Pack grid
siesta: k-cutoff (effective) =     8.248 Ang
siesta: k-point supercell and displacements
siesta: k-grid:     6     0     0      0.000
siesta: k-grid:     0     6     0      0.000
siesta: k-grid:     0     0     2      0.000

superc: Internal auxiliary supercell:    11 x    11 x     3  =     363
superc: Number of atoms, orbitals, and projectors:   2178  51183  39204

outcell: Unit cell vectors (Ang):
        2.749371    0.000000    0.000000
        0.000000    2.749372   -0.000000
        0.000000   -0.000000   10.485997

outcell: Cell vector modules (Ang)   :    2.749371    2.749372   10.485997
outcell: Cell angles (23,13,12) (deg):     90.0000     90.0000     90.0000
outcell: Cell volume (Ang**3)        :     79.2641
<dSpData1D:S at geom step 20
  <sparsity:sparsity for geom step 20
    nrows_g=141 nrows=6 sparsity=.8275 nnzs=16451, refcount: 7>
  <dData1D:(new from dSpData1D) n=16451, refcount: 1>
refcount: 1>
new_DM -- step:    21
Re-using DM from previous geometries...
Number of DMs in history: 1
 DM extrapolation coefficients: 
1   1.00000
New DM after history re-use:
<dSpData2D:SpM extrapolated using coords
  <sparsity:sparsity for geom step 20
    nrows_g=141 nrows=6 sparsity=.8275 nnzs=16451, refcount: 9>
  <dData2D:(temp array for extrapolation) n=16451 m=2, refcount: 1>
refcount: 1>
No. of atoms with KB's overlaping orbs in proc 0. Max # of overlaps:      56    1087

InitMesh: MESH = 30 x 30 x 120 = 108000
InitMesh: Mesh cutoff (required, used) =   300.000   329.062 Ry
New grid distribution [1]: sub = 2
New grid distribution [2]: sub = 2
New grid distribution [3]: sub = 2
Setting up quadratic distribution...

        iscf     Eharris(eV)        E_KS(eV)     FreeEng(eV)     dDmax    Ef(eV) dHmax(eV)
   scf:    1   -19881.311383   -19898.110065   -19898.121509  0.502579 -6.535098 18.187597
     spin moment: {S} , |S| = {        0.0        0.0    0.00012 }     0.00012
   scf:    2    -7300.222944   -15767.754333   -15767.778984242.366450  0.960086425.841532
     spin moment: {S} , |S| = {        0.0        0.0    0.00012 }     0.00012
   scf:    3   -19993.662374   -19905.350149   -19905.357821242.166057 -6.282979  2.307694
     spin moment: {S} , |S| = {        0.0        0.0    0.00009 }     0.00009
   scf:    4   -19905.448627   -19905.400920   -19905.408841  0.010432 -6.273917  2.033622
     spin moment: {S} , |S| = {        0.0        0.0    0.00010 }     0.00010
   scf:    5   -19905.262145   -19905.333980   -19905.341699  0.013207 -6.283904  2.357470
     spin moment: {S} , |S| = {        0.0        0.0    0.00009 }     0.00009
   scf:    6   -19905.485773   -19905.413643   -19905.421872  0.015836 -6.274488  1.925791
     spin moment: {S} , |S| = {        0.0        0.0    0.00010 }     0.00010
   scf:    7   -19905.628486   -19905.584069   -19905.593902  0.071498 -6.245214  0.322221
     spin moment: {S} , |S| = {        0.0        0.0    0.00012 }     0.00012
   scf:    8   -19905.587001   -19905.586074   -19905.596112  0.007146 -6.244075  0.183490
     spin moment: {S} , |S| = {        0.0        0.0    0.00013 }     0.00013
   scf:    9   -19905.586108   -19905.586093   -19905.596133  0.000337 -6.243983  0.180390
     spin moment: {S} , |S| = {        0.0        0.0    0.00013 }     0.00013

SCF Convergence by DM criterion
max |DM_out - DM_in|         :     0.0003373863
max |H_out - H_in|      (eV) :     0.1803903396
SCF cycle converged after 9 iterations

Using DM_out to compute the final energy and forces
No. of atoms with KB's overlaping orbs in proc 0. Max # of overlaps:      56    1087

siesta: E_KS(eV) =           -19905.5861

siesta: Atomic forces (eV/Ang):
     1    0.000001    0.000002    0.044156
     2    0.000000   -0.000000    0.000181
     3   -0.000000   -0.000001   -0.044211
     4   -0.000002    0.000007   -0.071030
     5    0.000015   -0.000018   -0.000010
     6   -0.000008    0.000001    0.070939
----------------------------------------
   Tot    0.000007   -0.000009    0.000026
----------------------------------------
   Max    0.071030
   Res    0.027871    sqrt( Sum f_i^2 / 3N )
----------------------------------------
   Max    0.071030    constrained

Stress tensor Voigt[x,y,z,yz,xz,xy] (kbar):      -16.75      -16.75       -2.50        0.00        0.00        0.00
(Free)E + p*V (eV/cell)   -19905.0024
Target enthalpy (eV/cell)   -19905.5961

siesta: Stress tensor (static) (eV/Ang**3):
        -0.010454    0.000000    0.000000
         0.000000   -0.010454    0.000000
         0.000000    0.000000   -0.001563

siesta: Pressure (static):         12.00061779  kBar

siesta: Stress tensor (total) (eV/Ang**3):
        -0.010454    0.000000    0.000000
         0.000000   -0.010454    0.000000
         0.000000    0.000000   -0.001563

siesta: Pressure (total):         12.00061779  kBar

                     ====================================
                        Begin CG opt. move =     21
                     ====================================
k-point displ. along   1 input, could be:     0.00    0.50
k-point displ. along   2 input, could be:     0.00    0.50
k-point displ. along   3 input, could be:     0.00    0.50
 Kpoints in:           48 . Kpoints trimmed:           46

siesta: k-grid: Number of k-points = 46
siesta: k-points from Monkhorst-Pack grid
siesta: k-cutoff (effective) =     8.257 Ang
siesta: k-point supercell and displacements
siesta: k-grid:     6     0     0      0.000
siesta: k-grid:     0     6     0      0.000
siesta: k-grid:     0     0     2      0.000

superc: Internal auxiliary supercell:    11 x    11 x     3  =     363
superc: Number of atoms, orbitals, and projectors:   2178  51183  39204

outcell: Unit cell vectors (Ang):
        2.752259    0.000000    0.000000
        0.000000    2.752260   -0.000000
        0.000000   -0.000000   10.526072

outcell: Cell vector modules (Ang)   :    2.752259    2.752260   10.526072
outcell: Cell angles (23,13,12) (deg):     90.0000     90.0000     90.0000
outcell: Cell volume (Ang**3)        :     79.7343
<dSpData1D:S at geom step 21
  <sparsity:sparsity for geom step 21
    nrows_g=141 nrows=6 sparsity=.8243 nnzs=16387, refcount: 7>
  <dData1D:(new from dSpData1D) n=16387, refcount: 1>
refcount: 1>
new_DM -- step:    22
Re-using DM from previous geometries...
Number of DMs in history: 1
 DM extrapolation coefficients: 
1   1.00000
New DM after history re-use:
<dSpData2D:SpM extrapolated using coords
  <sparsity:sparsity for geom step 21
    nrows_g=141 nrows=6 sparsity=.8243 nnzs=16387, refcount: 9>
  <dData2D:(temp array for extrapolation) n=16387 m=2, refcount: 1>
refcount: 1>
No. of atoms with KB's overlaping orbs in proc 0. Max # of overlaps:      56    1055

InitMesh: MESH = 30 x 30 x 120 = 108000
InitMesh: Mesh cutoff (required, used) =   300.000   328.372 Ry
New grid distribution [1]: sub = 2
New grid distribution [2]: sub = 2
New grid distribution [3]: sub = 2
Setting up quadratic distribution...

        iscf     Eharris(eV)        E_KS(eV)     FreeEng(eV)     dDmax    Ef(eV) dHmax(eV)
   scf:    1   -19894.007862   -19901.608188   -19901.628300  0.233896 -6.055393 15.553183
     spin moment: {S} , |S| = {        0.0        0.0    0.00028 }     0.00028
   scf:    2   -18632.586622   -19494.859291   -19494.862460 13.138585 -7.475932141.114406
     spin moment: {S} , |S| = {        0.0        0.0    0.00001 }     0.00001
   scf:    3   -19987.235956   -19900.866564   -19900.874138 13.731873 -6.437444 17.802586
     spin moment: {S} , |S| = {        0.0        0.0    0.00006 }     0.00006
   scf:    4   -19906.857845   -19904.439182   -19904.446789  0.169651 -6.329456  8.780327
     spin moment: {S} , |S| = {        0.0        0.0    0.00008 }     0.00008
   scf:    5   -19905.646221   -19905.111879   -19905.119034  0.051901 -6.301730  5.701754
     spin moment: {S} , |S| = {        0.0        0.0    0.00006 }     0.00006
   scf:    6   -19905.199728   -19905.156316   -19905.163423  0.005495 -6.299015  5.432230
     spin moment: {S} , |S| = {        0.0        0.0    0.00006 }     0.00006
   scf:    7   -19905.248467   -19905.203024   -19905.210093  0.006519 -6.295595  5.131567
     spin moment: {S} , |S| = {        0.0        0.0    0.00006 }     0.00006
   scf:    8   -19905.416551   -19905.314203   -19905.321245  0.015478 -6.288069  4.336296
     spin moment: {S} , |S| = {        0.0        0.0    0.00005 }     0.00005
   scf:    9   -19905.671480   -19905.579601   -19905.589259  0.063658 -6.251086  0.834564
     spin moment: {S} , |S| = {        0.0        0.0    0.00008 }     0.00008
   scf:   10   -19905.588223   -19905.588807   -19905.599490  0.014368 -6.238319  0.021032
     spin moment: {S} , |S| = {        0.0        0.0    0.00009 }     0.00009
   scf:   11   -19905.588460   -19905.588765   -19905.599263  0.003940 -6.238186  0.120546
     spin moment: {S} , |S| = {        0.0        0.0    0.00009 }     0.00009
   scf:   12   -19905.585045   -19905.587800   -19905.598751  0.004375 -6.234909  0.221956
     spin moment: {S} , |S| = {        0.0        0.0    0.00009 }     0.00009
   scf:   13   -19905.589124   -19905.588874   -19905.599510  0.003185 -6.237274  0.013573
     spin moment: {S} , |S| = {        0.0        0.0    0.00009 }     0.00009
   scf:   14   -19905.587883   -19905.588504   -19905.599308  0.001761 -6.236248  0.114594
     spin moment: {S} , |S| = {        0.0        0.0    0.00009 }     0.00009
   scf:   15   -19905.587936   -19905.588731   -19905.599183  0.003559 -6.238603  0.143703
     spin moment: {S} , |S| = {        0.0        0.0    0.00008 }     0.00008
   scf:   16   -19905.588960   -19905.588881   -19905.599423  0.001150 -6.238012  0.075950
     spin moment: {S} , |S| = {        0.0        0.0    0.00008 }     0.00008
   scf:   17   -19905.588783   -19905.588875   -19905.599516  0.001233 -6.237346  0.001317
     spin moment: {S} , |S| = {        0.0        0.0    0.00008 }     0.00008
   scf:   18   -19905.588872   -19905.588873   -19905.599516  0.000123 -6.237334  0.000446
     spin moment: {S} , |S| = {        0.0        0.0    0.00008 }     0.00008

SCF Convergence by DM criterion
max |DM_out - DM_in|         :     0.0001225294
max |H_out - H_in|      (eV) :     0.0004461397
SCF cycle converged after 18 iterations

Using DM_out to compute the final energy and forces
No. of atoms with KB's overlaping orbs in proc 0. Max # of overlaps:      56    1055

siesta: E_KS(eV) =           -19905.5889

siesta: Atomic forces (eV/Ang):
     1    0.000000    0.000000    0.014237
     2   -0.000000    0.000000    0.000044
     3   -0.000000    0.000000   -0.014233
     4   -0.000001    0.000004   -0.067462
     5    0.000009   -0.000012    0.000034
     6   -0.000005   -0.000000    0.067394
----------------------------------------
   Tot    0.000003   -0.000008    0.000014
----------------------------------------
   Max    0.067462
   Res    0.022971    sqrt( Sum f_i^2 / 3N )
----------------------------------------
   Max    0.067462    constrained

Stress tensor Voigt[x,y,z,yz,xz,xy] (kbar):       -9.33       -9.33        2.06        0.00        0.00        0.00
(Free)E + p*V (eV/cell)   -19905.3240
Target enthalpy (eV/cell)   -19905.5995

siesta: Stress tensor (static) (eV/Ang**3):
        -0.005826    0.000000    0.000000
         0.000000   -0.005826    0.000000
         0.000000    0.000000    0.001286

siesta: Pressure (static):          5.53538522  kBar

siesta: Stress tensor (total) (eV/Ang**3):
        -0.005826    0.000000    0.000000
         0.000000   -0.005826    0.000000
         0.000000    0.000000    0.001286

siesta: Pressure (total):          5.53538522  kBar

cgvc: Finished line minimization    7.  Mean atomic displacement =    0.0410

                     ====================================
                        Begin CG opt. move =     22
                     ====================================
k-point displ. along   1 input, could be:     0.00    0.50
k-point displ. along   2 input, could be:     0.00    0.50
k-point displ. along   3 input, could be:     0.00    0.50
 Kpoints in:           48 . Kpoints trimmed:           46

siesta: k-grid: Number of k-points = 46
siesta: k-points from Monkhorst-Pack grid
siesta: k-cutoff (effective) =     8.281 Ang
siesta: k-point supercell and displacements
siesta: k-grid:     6     0     0      0.000
siesta: k-grid:     0     6     0      0.000
siesta: k-grid:     0     0     2      0.000

superc: Internal auxiliary supercell:    11 x    11 x     3  =     363
superc: Number of atoms, orbitals, and projectors:   2178  51183  39204

outcell: Unit cell vectors (Ang):
        2.760449    0.000000    0.000000
        0.000000    2.760450   -0.000000
        0.000000   -0.000001   10.439616

outcell: Cell vector modules (Ang)   :    2.760449    2.760450   10.439616
outcell: Cell angles (23,13,12) (deg):     90.0000     90.0000     90.0000
outcell: Cell volume (Ang**3)        :     79.5507
<dSpData1D:S at geom step 22
  <sparsity:sparsity for geom step 22
    nrows_g=141 nrows=6 sparsity=.8263 nnzs=16427, refcount: 7>
  <dData1D:(new from dSpData1D) n=16427, refcount: 1>
refcount: 1>
new_DM -- step:    23
Re-using DM from previous geometries...
Number of DMs in history: 1
 DM extrapolation coefficients: 
1   1.00000
New DM after history re-use:
<dSpData2D:SpM extrapolated using coords
  <sparsity:sparsity for geom step 22
    nrows_g=141 nrows=6 sparsity=.8263 nnzs=16427, refcount: 9>
  <dData2D:(temp array for extrapolation) n=16427 m=2, refcount: 1>
refcount: 1>
No. of atoms with KB's overlaping orbs in proc 0. Max # of overlaps:      56    1083

InitMesh: MESH = 30 x 30 x 120 = 108000
InitMesh: Mesh cutoff (required, used) =   300.000   326.426 Ry
New grid distribution [1]: sub = 2
New grid distribution [2]: sub = 2
New grid distribution [3]: sub = 2
Setting up quadratic distribution...

        iscf     Eharris(eV)        E_KS(eV)     FreeEng(eV)     dDmax    Ef(eV) dHmax(eV)
   scf:    1   -19904.124971   -19905.228814   -19905.236026  0.211814 -6.316719  3.905087
     spin moment: {S} , |S| = {        0.0        0.0    0.00003 }     0.00003
   scf:    2   -18647.524914   -19489.637942   -19489.657266  6.450997 -3.970334154.331842
     spin moment: {S} , |S| = {        0.0        0.0    0.00009 }     0.00009
   scf:    3   -19904.160642   -19905.477684   -19905.485213  6.383161 -6.263190  2.570839
     spin moment: {S} , |S| = {        0.0        0.0    0.00003 }     0.00003
   scf:    4   -19905.616429   -19905.559794   -19905.568504  0.021724 -6.246341  1.295082
     spin moment: {S} , |S| = {        0.0        0.0    0.00004 }     0.00004
   scf:    5   -19905.554056   -19905.583821   -19905.594852  0.028059 -6.224973  0.553786
     spin moment: {S} , |S| = {        0.0        0.0    0.00006 }     0.00006
   scf:    6   -19905.561875   -19905.583090   -19905.592697  0.039577 -6.241124  0.631897
     spin moment: {S} , |S| = {        0.0        0.0    0.00004 }     0.00004
   scf:    7   -19905.590935   -19905.588441   -19905.598616  0.005679 -6.237747  0.204595
     spin moment: {S} , |S| = {        0.0        0.0    0.00005 }     0.00005
   scf:    8   -19905.583023   -19905.587450   -19905.598251  0.005937 -6.233352  0.268083
     spin moment: {S} , |S| = {        0.0        0.0    0.00006 }     0.00006
   scf:    9   -19905.587984   -19905.588870   -19905.599193  0.010718 -6.237955  0.119794
     spin moment: {S} , |S| = {        0.0        0.0    0.00005 }     0.00005
   scf:   10   -19905.588868   -19905.588880   -19905.599225  0.002506 -6.238555  0.114315
     spin moment: {S} , |S| = {        0.0        0.0    0.00005 }     0.00005
   scf:   11   -19905.588463   -19905.588860   -19905.599405  0.002151 -6.236758  0.043005
     spin moment: {S} , |S| = {        0.0        0.0    0.00005 }     0.00005
   scf:   12   -19905.589004   -19905.588947   -19905.599435  0.001369 -6.237225  0.001675
     spin moment: {S} , |S| = {        0.0        0.0    0.00004 }     0.00004
   scf:   13   -19905.588944   -19905.588945   -19905.599435  0.000169 -6.237233  0.001007
     spin moment: {S} , |S| = {        0.0        0.0    0.00004 }     0.00004

SCF Convergence by DM criterion
max |DM_out - DM_in|         :     0.0001691312
max |H_out - H_in|      (eV) :     0.0010071692
SCF cycle converged after 13 iterations

Using DM_out to compute the final energy and forces
No. of atoms with KB's overlaping orbs in proc 0. Max # of overlaps:      56    1083

siesta: E_KS(eV) =           -19905.5889

siesta: Atomic forces (eV/Ang):
     1   -0.000004    0.000000    0.065081
     2    0.000000    0.000001    0.000044
     3   -0.000000    0.000001   -0.065103
     4    0.000010   -0.000021    0.133491
     5   -0.000050    0.000066   -0.000212
     6    0.000018   -0.000015   -0.133366
----------------------------------------
   Tot   -0.000026    0.000032   -0.000065
----------------------------------------
   Max    0.133491
   Res    0.049487    sqrt( Sum f_i^2 / 3N )
----------------------------------------
   Max    0.133491    constrained

Stress tensor Voigt[x,y,z,yz,xz,xy] (kbar):       -8.00       -8.00       -6.15       -0.00       -0.00       -0.00
(Free)E + p*V (eV/cell)   -19905.2329
Target enthalpy (eV/cell)   -19905.5994

siesta: Stress tensor (static) (eV/Ang**3):
        -0.004990    0.000000   -0.000000
        -0.000000   -0.004990   -0.000000
        -0.000000   -0.000000   -0.003840

siesta: Pressure (static):          7.38127581  kBar

siesta: Stress tensor (total) (eV/Ang**3):
        -0.004990    0.000000   -0.000000
        -0.000000   -0.004990   -0.000000
        -0.000000   -0.000000   -0.003840

siesta: Pressure (total):          7.38127581  kBar

                     ====================================
                        Begin CG opt. move =     23
                     ====================================
k-point displ. along   1 input, could be:     0.00    0.50
k-point displ. along   2 input, could be:     0.00    0.50
k-point displ. along   3 input, could be:     0.00    0.50
 Kpoints in:           48 . Kpoints trimmed:           46

siesta: k-grid: Number of k-points = 46
siesta: k-points from Monkhorst-Pack grid
siesta: k-cutoff (effective) =     8.270 Ang
siesta: k-point supercell and displacements
siesta: k-grid:     6     0     0      0.000
siesta: k-grid:     0     6     0      0.000
siesta: k-grid:     0     0     2      0.000

superc: Internal auxiliary supercell:    11 x    11 x     3  =     363
superc: Number of atoms, orbitals, and projectors:   2178  51183  39204

outcell: Unit cell vectors (Ang):
        2.756801    0.000000    0.000000
        0.000000    2.756802   -0.000000
        0.000000   -0.000000   10.478127

outcell: Cell vector modules (Ang)   :    2.756801    2.756802   10.478127
outcell: Cell angles (23,13,12) (deg):     90.0000     90.0000     90.0000
outcell: Cell volume (Ang**3)        :     79.6333
<dSpData1D:S at geom step 23
  <sparsity:sparsity for geom step 23
    nrows_g=141 nrows=6 sparsity=.8263 nnzs=16427, refcount: 7>
  <dData1D:(new from dSpData1D) n=16427, refcount: 1>
refcount: 1>
new_DM -- step:    24
Re-using DM from previous geometries...
Number of DMs in history: 1
 DM extrapolation coefficients: 
1   1.00000
New DM after history re-use:
<dSpData2D:SpM extrapolated using coords
  <sparsity:sparsity for geom step 23
    nrows_g=141 nrows=6 sparsity=.8263 nnzs=16427, refcount: 9>
  <dData2D:(temp array for extrapolation) n=16427 m=2, refcount: 1>
refcount: 1>
No. of atoms with KB's overlaping orbs in proc 0. Max # of overlaps:      56    1083

InitMesh: MESH = 30 x 30 x 120 = 108000
InitMesh: Mesh cutoff (required, used) =   300.000   327.291 Ry
New grid distribution [1]: sub = 2
New grid distribution [2]: sub = 2
New grid distribution [3]: sub = 2
Setting up quadratic distribution...

        iscf     Eharris(eV)        E_KS(eV)     FreeEng(eV)     dDmax    Ef(eV) dHmax(eV)
   scf:    1   -19905.434220   -19905.487876   -19905.500984  0.097852 -6.199134  2.150653
     spin moment: {S} , |S| = {        0.0        0.0    0.00005 }     0.00005
   scf:    2   -19789.600576   -19867.543977   -19867.550916  0.993023 -6.780300 41.897835
     spin moment: {S} , |S| = {        0.0        0.0    0.00001 }     0.00001
   scf:    3   -19908.023640   -19905.579058   -19905.588469  0.959789 -6.245765  0.817977
     spin moment: {S} , |S| = {        0.0        0.0    0.00003 }     0.00003
   scf:    4   -19905.587390   -19905.583502   -19905.593159  0.002920 -6.244671  0.634728
     spin moment: {S} , |S| = {        0.0        0.0    0.00003 }     0.00003
   scf:    5   -19905.591050   -19905.590188   -19905.600632  0.011769 -6.241398  0.068719
     spin moment: {S} , |S| = {        0.0        0.0    0.00004 }     0.00004
   scf:    6   -19905.590387   -19905.590377   -19905.600821  0.010265 -6.239243  0.041851
     spin moment: {S} , |S| = {        0.0        0.0    0.00003 }     0.00003
   scf:    7   -19905.590205   -19905.590318   -19905.600833  0.002780 -6.238179  0.022226
     spin moment: {S} , |S| = {        0.0        0.0    0.00004 }     0.00004
   scf:    8   -19905.590007   -19905.590182   -19905.600764  0.001173 -6.237535  0.071295
     spin moment: {S} , |S| = {        0.0        0.0    0.00004 }     0.00004
   scf:    9   -19905.590488   -19905.590366   -19905.600861  0.000957 -6.237715  0.014548
     spin moment: {S} , |S| = {        0.0        0.0    0.00003 }     0.00003
   scf:   10   -19905.590432   -19905.590404   -19905.600864  0.000863 -6.237761  0.008083
     spin moment: {S} , |S| = {        0.0        0.0    0.00003 }     0.00003
   scf:   11   -19905.590380   -19905.590393   -19905.600866  0.000255 -6.237774  0.001279
     spin moment: {S} , |S| = {        0.0        0.0    0.00003 }     0.00003

SCF Convergence by DM criterion
max |DM_out - DM_in|         :     0.0002549388
max |H_out - H_in|      (eV) :     0.0012790242
SCF cycle converged after 11 iterations

Using DM_out to compute the final energy and forces
No. of atoms with KB's overlaping orbs in proc 0. Max # of overlaps:      56    1083

siesta: E_KS(eV) =           -19905.5904

siesta: Atomic forces (eV/Ang):
     1   -0.000002    0.000001    0.052200
     2    0.000000   -0.000000    0.000067
     3   -0.000001    0.000000   -0.052212
     4    0.000006   -0.000011    0.051620
     5   -0.000025    0.000036   -0.000116
     6    0.000012   -0.000009   -0.051584
----------------------------------------
   Tot   -0.000010    0.000018   -0.000026
----------------------------------------
   Max    0.052212
   Res    0.024468    sqrt( Sum f_i^2 / 3N )
----------------------------------------
   Max    0.052212    constrained

Stress tensor Voigt[x,y,z,yz,xz,xy] (kbar):       -8.17       -8.17       -2.98       -0.00       -0.00        0.00
(Free)E + p*V (eV/cell)   -19905.2806
Target enthalpy (eV/cell)   -19905.6009

siesta: Stress tensor (static) (eV/Ang**3):
        -0.005102    0.000000   -0.000000
         0.000000   -0.005102   -0.000000
        -0.000000   -0.000000   -0.001861

siesta: Pressure (static):          6.44278047  kBar

siesta: Stress tensor (total) (eV/Ang**3):
        -0.005102    0.000000   -0.000000
         0.000000   -0.005102   -0.000000
        -0.000000   -0.000000   -0.001861

siesta: Pressure (total):          6.44278047  kBar

cgvc: Finished line minimization    8.  Mean atomic displacement =    0.0227

                     ====================================
                        Begin CG opt. move =     24
                     ====================================
k-point displ. along   1 input, could be:     0.00    0.50
k-point displ. along   2 input, could be:     0.00    0.50
k-point displ. along   3 input, could be:     0.00    0.50
 Kpoints in:           48 . Kpoints trimmed:           46

siesta: k-grid: Number of k-points = 46
siesta: k-points from Monkhorst-Pack grid
siesta: k-cutoff (effective) =     8.298 Ang
siesta: k-point supercell and displacements
siesta: k-grid:     6     0     0      0.000
siesta: k-grid:     0     6     0      0.000
siesta: k-grid:     0     0     2      0.000

superc: Internal auxiliary supercell:    11 x    11 x     3  =     363
superc: Number of atoms, orbitals, and projectors:   2178  51183  39204

outcell: Unit cell vectors (Ang):
        2.765981   -0.000000    0.000000
       -0.000000    2.765982   -0.000000
        0.000000   -0.000000   10.460633

outcell: Cell vector modules (Ang)   :    2.765981    2.765982   10.460633
outcell: Cell angles (23,13,12) (deg):     90.0000     90.0000     90.0000
outcell: Cell volume (Ang**3)        :     80.0307
<dSpData1D:S at geom step 24
  <sparsity:sparsity for geom step 24
    nrows_g=141 nrows=6 sparsity=.8263 nnzs=16427, refcount: 7>
  <dData1D:(new from dSpData1D) n=16427, refcount: 1>
refcount: 1>
new_DM -- step:    25
Re-using DM from previous geometries...
Number of DMs in history: 1
 DM extrapolation coefficients: 
1   1.00000
New DM after history re-use:
<dSpData2D:SpM extrapolated using coords
  <sparsity:sparsity for geom step 24
    nrows_g=141 nrows=6 sparsity=.8263 nnzs=16427, refcount: 9>
  <dData2D:(temp array for extrapolation) n=16427 m=2, refcount: 1>
refcount: 1>
No. of atoms with KB's overlaping orbs in proc 0. Max # of overlaps:      56    1083

InitMesh: MESH = 30 x 30 x 120 = 108000
InitMesh: Mesh cutoff (required, used) =   300.000   325.122 Ry
New grid distribution [1]: sub = 2
New grid distribution [2]: sub = 2
New grid distribution [3]: sub = 2
Setting up quadratic distribution...

        iscf     Eharris(eV)        E_KS(eV)     FreeEng(eV)     dDmax    Ef(eV) dHmax(eV)
   scf:    1   -19905.587579   -19905.450384   -19905.465141  0.412011 -6.195332  2.407557
     spin moment: {S} , |S| = {        0.0        0.0    0.00005 }     0.00005
   scf:    2   -19761.261701   -19858.307531   -19858.316264  1.083291 -6.812216 46.003283
     spin moment: {S} , |S| = {        0.0        0.0    0.00001 }     0.00001
   scf:    3   -19909.261901   -19905.565713   -19905.575658  1.042272 -6.246112  1.300523
     spin moment: {S} , |S| = {        0.0        0.0    0.00002 }     0.00002
   scf:    4   -19905.570892   -19905.568339   -19905.578376  0.001233 -6.245476  1.230247
     spin moment: {S} , |S| = {        0.0        0.0    0.00002 }     0.00002
   scf:    5   -19905.596931   -19905.586202   -19905.597160  0.017399 -6.238125  0.538239
     spin moment: {S} , |S| = {        0.0        0.0    0.00003 }     0.00003
   scf:    6   -19905.466993   -19905.555750   -19905.569275  0.065299 -6.212993  1.437687
     spin moment: {S} , |S| = {        0.0        0.0    0.00004 }     0.00004
   scf:    7   -19905.602230   -19905.587921   -19905.600021  0.017498 -6.223982  0.355938
     spin moment: {S} , |S| = {        0.0        0.0    0.00003 }     0.00003
   scf:    8   -19905.591288   -19905.590008   -19905.601791  0.004712 -6.226349  0.125984
     spin moment: {S} , |S| = {        0.0        0.0    0.00003 }     0.00003
   scf:    9   -19905.589432   -19905.589736   -19905.601581  0.000703 -6.225843  0.172061
     spin moment: {S} , |S| = {        0.0        0.0    0.00003 }     0.00003
   scf:   10   -19905.590778   -19905.590448   -19905.602056  0.003040 -6.227055  0.015094
     spin moment: {S} , |S| = {        0.0        0.0    0.00003 }     0.00003
   scf:   11   -19905.590518   -19905.590487   -19905.602059  0.000653 -6.227176  0.006461
     spin moment: {S} , |S| = {        0.0        0.0    0.00003 }     0.00003
   scf:   12   -19905.590477   -19905.590482   -19905.602060  0.000147 -6.227117  0.002033
     spin moment: {S} , |S| = {        0.0        0.0    0.00003 }     0.00003

SCF Convergence by DM criterion
max |DM_out - DM_in|         :     0.0001473002
max |H_out - H_in|      (eV) :     0.0020326596
SCF cycle converged after 12 iterations

Using DM_out to compute the final energy and forces
No. of atoms with KB's overlaping orbs in proc 0. Max # of overlaps:      56    1083

siesta: E_KS(eV) =           -19905.5905

siesta: Atomic forces (eV/Ang):
     1    0.000005   -0.000006   -0.053104
     2   -0.000000    0.000000    0.000025
     3    0.000005   -0.000005    0.053140
     4   -0.000022    0.000029    0.009045
     5    0.000068   -0.000097    0.000228
     6   -0.000026    0.000034   -0.009208
----------------------------------------
   Tot    0.000030   -0.000046    0.000127
----------------------------------------
   Max    0.053140
   Res    0.017967    sqrt( Sum f_i^2 / 3N )
----------------------------------------
   Max    0.053140    constrained

Stress tensor Voigt[x,y,z,yz,xz,xy] (kbar):        1.17        1.17        1.80       -0.00       -0.00        0.00
(Free)E + p*V (eV/cell)   -19905.6711
Target enthalpy (eV/cell)   -19905.6021

siesta: Stress tensor (static) (eV/Ang**3):
         0.000731    0.000000    0.000000
         0.000000    0.000731   -0.000000
        -0.000000   -0.000000    0.001125

siesta: Pressure (static):         -1.38148139  kBar

siesta: Stress tensor (total) (eV/Ang**3):
         0.000731    0.000000    0.000000
         0.000000    0.000731   -0.000000
        -0.000000   -0.000000    0.001125

siesta: Pressure (total):         -1.38148139  kBar

                     ====================================
                        Begin CG opt. move =     25
                     ====================================
k-point displ. along   1 input, could be:     0.00    0.50
k-point displ. along   2 input, could be:     0.00    0.50
k-point displ. along   3 input, could be:     0.00    0.50
 Kpoints in:           48 . Kpoints trimmed:           46

siesta: k-grid: Number of k-points = 46
siesta: k-points from Monkhorst-Pack grid
siesta: k-cutoff (effective) =     8.292 Ang
siesta: k-point supercell and displacements
siesta: k-grid:     6     0     0      0.000
siesta: k-grid:     0     6     0      0.000
siesta: k-grid:     0     0     2      0.000

superc: Internal auxiliary supercell:    11 x    11 x     3  =     363
superc: Number of atoms, orbitals, and projectors:   2178  51183  39204

outcell: Unit cell vectors (Ang):
        2.764097   -0.000000    0.000000
       -0.000000    2.764098   -0.000000
        0.000000   -0.000000   10.464224

outcell: Cell vector modules (Ang)   :    2.764097    2.764098   10.464224
outcell: Cell angles (23,13,12) (deg):     90.0000     90.0000     90.0000
outcell: Cell volume (Ang**3)        :     79.9491
<dSpData1D:S at geom step 25
  <sparsity:sparsity for geom step 25
    nrows_g=141 nrows=6 sparsity=.8263 nnzs=16427, refcount: 7>
  <dData1D:(new from dSpData1D) n=16427, refcount: 1>
refcount: 1>
new_DM -- step:    26
Re-using DM from previous geometries...
Number of DMs in history: 1
 DM extrapolation coefficients: 
1   1.00000
New DM after history re-use:
<dSpData2D:SpM extrapolated using coords
  <sparsity:sparsity for geom step 25
    nrows_g=141 nrows=6 sparsity=.8263 nnzs=16427, refcount: 9>
  <dData2D:(temp array for extrapolation) n=16427 m=2, refcount: 1>
refcount: 1>
No. of atoms with KB's overlaping orbs in proc 0. Max # of overlaps:      56    1083

InitMesh: MESH = 30 x 30 x 120 = 108000
InitMesh: Mesh cutoff (required, used) =   300.000   325.565 Ry
New grid distribution [1]: sub = 2
New grid distribution [2]: sub = 2
New grid distribution [3]: sub = 2
Setting up quadratic distribution...

        iscf     Eharris(eV)        E_KS(eV)     FreeEng(eV)     dDmax    Ef(eV) dHmax(eV)
   scf:    1   -19905.492129   -19905.587283   -19905.598102  0.042269 -6.235692  0.391613
     spin moment: {S} , |S| = {        0.0        0.0    0.00002 }     0.00002
   scf:    2   -19893.569258   -19901.616829   -19901.636523  0.285231 -6.031145 14.972240
     spin moment: {S} , |S| = {        0.0        0.0    0.00005 }     0.00005
   scf:    3   -19905.604911   -19905.590197   -19905.601185  0.276656 -6.230502  0.226113
     spin moment: {S} , |S| = {        0.0        0.0    0.00002 }     0.00002
   scf:    4   -19905.591062   -19905.590822   -19905.602022  0.002777 -6.228790  0.071345
     spin moment: {S} , |S| = {        0.0        0.0    0.00003 }     0.00003
   scf:    5   -19905.588943   -19905.590307   -19905.601813  0.005126 -6.226884  0.145956
     spin moment: {S} , |S| = {        0.0        0.0    0.00003 }     0.00003
   scf:    6   -19905.590891   -19905.590631   -19905.602054  0.001159 -6.227767  0.082663
     spin moment: {S} , |S| = {        0.0        0.0    0.00003 }     0.00003
   scf:    7   -19905.590957   -19905.590831   -19905.602164  0.001252 -6.228701  0.014825
     spin moment: {S} , |S| = {        0.0        0.0    0.00003 }     0.00003
   scf:    8   -19905.590859   -19905.590846   -19905.602168  0.000318 -6.228863  0.005334
     spin moment: {S} , |S| = {        0.0        0.0    0.00002 }     0.00002

SCF Convergence by DM criterion
max |DM_out - DM_in|         :     0.0003180977
max |H_out - H_in|      (eV) :     0.0053341397
SCF cycle converged after 8 iterations

Using DM_out to compute the final energy and forces
No. of atoms with KB's overlaping orbs in proc 0. Max # of overlaps:      56    1083

siesta: E_KS(eV) =           -19905.5908

siesta: Atomic forces (eV/Ang):
     1    0.000004   -0.000004   -0.030418
     2   -0.000000   -0.000000    0.000030
     3    0.000004   -0.000004    0.030444
     4   -0.000017    0.000022    0.017201
     5    0.000049   -0.000072    0.000166
     6   -0.000019    0.000025   -0.017329
----------------------------------------
   Tot    0.000020   -0.000033    0.000095
----------------------------------------
   Max    0.030444
   Res    0.011663    sqrt( Sum f_i^2 / 3N )
----------------------------------------
   Max    0.030444    constrained

Stress tensor Voigt[x,y,z,yz,xz,xy] (kbar):       -0.65       -0.65        0.44       -0.00       -0.00       -0.00
(Free)E + p*V (eV/cell)   -19905.5878
Target enthalpy (eV/cell)   -19905.6022

siesta: Stress tensor (static) (eV/Ang**3):
        -0.000407   -0.000000   -0.000000
        -0.000000   -0.000407   -0.000000
        -0.000000   -0.000000    0.000276

siesta: Pressure (static):          0.28778237  kBar

siesta: Stress tensor (total) (eV/Ang**3):
        -0.000407   -0.000000   -0.000000
        -0.000000   -0.000407   -0.000000
        -0.000000   -0.000000    0.000276

siesta: Pressure (total):          0.28778237  kBar

outcoor: Relaxed atomic coordinates (fractional):           
   -0.00000012    0.00000013   -0.05303082   1       1  Ga
    0.49999997    0.49999993    0.16666533   1       2  Ga
    0.00000005    0.00000008    0.38636251   1       3  Ga
    0.50000031    0.49999973    0.53004147   2       4  Ni
   -0.00000078    0.00000120    0.66666572   2       5  Ni
    0.50000031    0.49999965    0.80329120   2       6  Ni

outcell: Unit cell vectors (Ang):
        2.764097   -0.000000    0.000000
       -0.000000    2.764098   -0.000000
        0.000000   -0.000000   10.464224

outcell: Cell vector modules (Ang)   :    2.764097    2.764098   10.464224
outcell: Cell angles (23,13,12) (deg):     90.0000     90.0000     90.0000
outcell: Cell volume (Ang**3)        :     79.9491

coxmol: Writing XMOL coordinates into file hea.xyz                                                                                                                                                                                                                             
Writing WFSX for COOP/COHP in hea.fullBZ.WFSX

diag: Algorithm                                     = D&C
diag: Parallel over k                               =   F
diag: Use parallel 2D distribution                  =   T
diag: Parallel block-size                           = 3
diag: Parallel distribution                         =     6 x     6
diag: Used triangular part                          = Lower
diag: Absolute tolerance                            =  0.100E-15
diag: Orthogonalization factor                      =  0.100E-05
diag: Memory factor                                 =  1.0000

diag: Algorithm                                     = D&C
diag: Parallel over k                               =   F
diag: Use parallel 2D distribution                  =   T
diag: Parallel block-size                           = 3
diag: Parallel distribution                         =     6 x     6
diag: Used triangular part                          = Lower
diag: Absolute tolerance                            =  0.100E-15
diag: Orthogonalization factor                      =  0.100E-05
diag: Memory factor                                 =  1.0000

siesta: PDOS info
siesta: E1 -- E2, sigma [eV], nhist:  -20.000 --   20.000    0.100 1000

diag: Algorithm                                     = D&C
diag: Parallel over k                               =   F
diag: Use parallel 2D distribution                  =   T
diag: Parallel block-size                           = 3
diag: Parallel distribution                         =     6 x     6
diag: Used triangular part                          = Lower
diag: Absolute tolerance                            =  0.100E-15
diag: Orthogonalization factor                      =  0.100E-05
diag: Memory factor                                 =  1.0000

siesta: Program's energy decomposition (eV):
siesta: Ebs     =     -2896.470688
siesta: Eions   =     24121.651574
siesta: Ena     =      1321.355028
siesta: Ekin    =     11554.404769
siesta: Enl     =     -5268.217952
siesta: Eso     =         0.000000
siesta: Edftu   =         0.000000
siesta: DEna    =        32.798851
siesta: DUscf   =         0.527497
siesta: DUext   =         0.000000
siesta: Ex      =     -3228.884392
siesta: Ec      =      -195.923074
siesta: Exc     =     -3424.807465
siesta: EbV     =         0.000000
siesta: eta*DQ  =         0.000000
siesta: Emadel  =         0.000000
siesta: Emeta   =         0.000000
siesta: Emolmec =         0.000000
siesta: Ekinion =         0.000000
siesta: Eharris =    -19905.590859
siesta: Etot    =    -19905.590846
siesta: FreeEng =    -19905.602168

siesta: Final energy (eV):
siesta:  Band Struct. =   -2896.470688
siesta:       Kinetic =   11554.404769
siesta:       Hartree =    8718.453390
siesta:         Edftu =       0.000000
siesta:       Eso     =       0.000000
siesta:    Ext. field =       0.000000
siesta:         Exch. =   -3228.884392
siesta:         Corr. =    -195.923074
siesta:     Bulk bias =       0.000000
siesta:   Exch.-corr. =   -3424.807465
siesta:  Ion-electron =  -28987.154116
siesta:       Ion-ion =   -7766.487424
siesta:       Ekinion =       0.000000
siesta: D3 dispersion =       0.000000
siesta:         Total =  -19905.590846
siesta:         Fermi =      -6.228863

siesta: Stress tensor (static) (eV/Ang**3):
siesta:    -0.000407   -0.000000   -0.000000
siesta:    -0.000000   -0.000407   -0.000000
siesta:    -0.000000   -0.000000    0.000276

siesta: Constrained stress tensor (static) (eV/Ang**3):
siesta:    -0.000407   -0.000000   -0.000000
siesta:    -0.000000   -0.000407   -0.000000
siesta:    -0.000000   -0.000000    0.000276

siesta: Cell volume =         79.949115 Ang**3

siesta: Pressure (static):
siesta:                Solid            Molecule  Units
siesta:           0.00000196         -0.00000215  Ry/Bohr**3
siesta:           0.00017962         -0.00019784  eV/Ang**3
siesta:           0.28778237         -0.31697148  kBar
(Free)E+ p_basis*V_orbitals  =      -19875.827131
(Free)Eharris+ p_basis*V_orbitals  =      -19875.827144

mulliken: Atomic and Orbital Populations:

mulliken: Spin UP 

Species: Ga                  
Atom  Qatom  Qorb
               4s      4s      4s      4py     4pz     4px     4py     4pz     
               4px     4py     4pz     4px     3dxy    3dyz    3dz2    3dxz    
               3dx2-y2 4dxy    4dyz    4dz2    4dxz    4dx2-y2 
   1  6.582   0.970  -0.260   0.142  -0.234   0.147  -0.233   0.237   0.281
              0.237   0.106  -0.250   0.105   0.998   0.997   0.999   0.997

              0.999   0.063   0.096   0.061   0.096   0.028
   2  6.431   1.309  -0.376   0.050  -0.462  -0.553  -0.462   0.383   0.502
              0.383   0.195   0.027   0.195   0.997   0.996   0.997   0.996

              0.997   0.066   0.029   0.078   0.029   0.057
   3  6.582   0.970  -0.260   0.142  -0.234   0.147  -0.234   0.237   0.281
              0.237   0.106  -0.250   0.106   0.998   0.997   0.999   0.997

              0.999   0.063   0.096   0.061   0.096   0.028

Species: Ni                  
Atom  Qatom  Qorb
               3s      4s      4s      4s      3py     3pz     3px     4py     
               4pz     4px     3dxy    3dyz    3dz2    3dxz    3dx2-y2 3dxy    
               3dyz    3dz2    3dxz    3dx2-y2 3dxy    3dyz    3dz2    3dxz    
               3dx2-y2 
   4  8.861   0.980  -0.795   0.100   0.590   0.999   0.999   0.999   0.191
              0.196   0.191   1.224   1.208   1.204   1.208   1.176  -0.089

             -0.087  -0.081  -0.087  -0.077  -0.241  -0.251  -0.225  -0.251

             -0.222
   5  9.184   0.985   0.377  -0.140   0.109   0.999   0.999   0.999   0.166
              0.173   0.166   1.139   1.099   1.231   1.099   1.169  -0.075

             -0.073  -0.080  -0.073  -0.076  -0.191  -0.183  -0.233  -0.183

             -0.216
   6  8.861   0.980  -0.795   0.100   0.590   0.999   0.999   0.999   0.191
              0.196   0.191   1.224   1.208   1.204   1.208   1.176  -0.089

             -0.087  -0.081  -0.087  -0.077  -0.241  -0.251  -0.225  -0.251

             -0.222

mulliken: Qtot =       46.500

mulliken: Spin DOWN 

Species: Ga                  
Atom  Qatom  Qorb
               4s      4s      4s      4py     4pz     4px     4py     4pz     
               4px     4py     4pz     4px     3dxy    3dyz    3dz2    3dxz    
               3dx2-y2 4dxy    4dyz    4dz2    4dxz    4dx2-y2 
   1  6.582   0.970  -0.260   0.142  -0.234   0.147  -0.233   0.237   0.281
              0.237   0.106  -0.250   0.105   0.998   0.997   0.999   0.997

              0.999   0.063   0.096   0.061   0.096   0.028
   2  6.431   1.309  -0.376   0.050  -0.462  -0.553  -0.462   0.383   0.502
              0.383   0.195   0.027   0.195   0.997   0.996   0.997   0.996

              0.997   0.066   0.029   0.078   0.029   0.057
   3  6.582   0.970  -0.260   0.142  -0.234   0.147  -0.234   0.237   0.281
              0.237   0.106  -0.250   0.106   0.998   0.997   0.999   0.997

              0.999   0.063   0.096   0.061   0.096   0.028

Species: Ni                  
Atom  Qatom  Qorb
               3s      4s      4s      4s      3py     3pz     3px     4py     
               4pz     4px     3dxy    3dyz    3dz2    3dxz    3dx2-y2 3dxy    
               3dyz    3dz2    3dxz    3dx2-y2 3dxy    3dyz    3dz2    3dxz    
               3dx2-y2 
   4  8.861   0.980  -0.795   0.100   0.590   0.999   0.999   0.999   0.191
              0.196   0.191   1.224   1.208   1.204   1.208   1.176  -0.089

             -0.087  -0.081  -0.087  -0.077  -0.241  -0.251  -0.225  -0.251

             -0.222
   5  9.184   0.985   0.377  -0.140   0.109   0.999   0.999   0.999   0.166
              0.173   0.166   1.139   1.099   1.231   1.099   1.169  -0.075

             -0.073  -0.080  -0.073  -0.076  -0.191  -0.183  -0.233  -0.183

             -0.216
   6  8.861   0.980  -0.795   0.100   0.590   0.999   0.999   0.999   0.191
              0.196   0.191   1.224   1.208   1.204   1.208   1.176  -0.089

             -0.087  -0.081  -0.087  -0.077  -0.241  -0.251  -0.225  -0.251

             -0.222

mulliken: Qtot =       46.500

Mulliken Atomic Populations:
Atom #   charge [q] valence [e]      Sz [e]  Species
     1    -0.163148   13.163148   -0.000001  Ga
     2     0.137468   12.862532   -0.000000  Ga
     3    -0.163051   13.163051   -0.000001  Ga
     4     0.278601   17.721399    0.000003  Ni
     5    -0.368491   18.368491    0.000020  Ni
     6     0.278621   17.721379    0.000003  Ni
-------------------------------------------
 Total    -0.000000                0.000025

cite: Please indicate the Siesta version in published work: 5.2.2
cite: This calculation has made use of features in the following articles
cite: which we encourage you to cite in published work.
cite: (Please see "hea.bib" for a BibTeX file.)
        Primary SIESTA paper
          DOI: www.doi.org/10.1088/0953-8984/14/11/302
        PSML pseudopotential format
          DOI: www.doi.org/10.1016/j.cpc.2018.02.011


>> End of run:   4-AUG-2025  23:20:36
Job completed
