Executable      : /home/users/felipegc/woltsoft/SIESTA/siesta-5.2.2/build/bin/siesta
Version         : 5.2.2
Architecture    : x86_64
Compiler version: GNU-9.3.0
Compiler flags  : -O3 -march=native
Parallelisations: MPI
Lua support
Native ELPA support
ELSI support. Solvers:
   ELPA (internal) 
   NTPoly
   OMM
DFT-D3 support
Wannier90 wrapper support

Runtime information:
* Directory : /home/users/felipegc/MnNiGa/optimizations_afm/top/structure_calc_132
* Running on 36 nodes in parallel.
>> Start of run:  30-JUL-2025   6:09:43

                           *********************** 
                           *  WELCOME TO SIESTA  * 
                           *********************** 

 NOTE: Siesta V5 introduces some new defaults for basis-set generation
 NOTE: which might lead to slightly different numerical results.
 NOTE: Please see the manual for full details and compatibility measures.


reinit: Reading from standard input
reinit: Dumping input in INPUT_TMP.70154
************************** Dump of input data file ****************************
SystemName          hea
SystemLabel         hea
Reparametrize.Pseudos T
Restricted.Radial.Grid F
%include atoms.fdf
MaxSCFIterations     20000
SCF.Mix              Hamiltonian
SCF.Mixer.Method     Broyden
#SCF.Mixer.Variant    original #Pulay original
SCF.Mixer.History    8
SCF.Mixer.Weight     0.07
SCF.H.Converge       False
SCF.DM.Converge      True
SCF.DM.Tolerance     5.d-4
SCF.H.Tolerance      5.d-3 eV
MeshCutoff 300.0 Ry
MD.UseSaveCG         False
DM.UseSaveDM         False
NumberOfEigenStates -20
ElectronicTemperature 300 K
WriteCoorXmol        True
XC.Functional     GGA
XC.authors        PBEsol
Spin polarized
DM.InitSpin.AF true
SolutionMethod       diagon
#Diag.Algorithm        MRRR
###################################
###################################
# Full template for Basis param.
###################################
###################################
Basis.Pressure 0.3 GPa
PAO.SoftDefault T
PAO.SoftPotential 50.0 Ry
PAO.SoftInnerRadius 0.70
PAO.BasisType split
PAO.EnergyShift 0.0019 eV
PAO.BasisSize TZP
PAO.SplitTailNorm T
            %block kgrid_Monkhorst_Pack
            2  0  0  0.
            0  6  0  0.
            0  0  4  0.
            %endblock kgrid_Monkhorst_Pack
            MD.TypeOfRun CG
            MD.Steps         500
            MD.VariableCell true
            MD.MaxForceTol 0.05 eV/Ang
            WriteMDHistory true
            WriteForces true
            Write.OrbitalIndex true
            Charge.Mulliken end
            COOP.Write true
            %block ProjectedDensityOfStates
            -20.00 20.00 0.1 1000 eV
            %endblock ProjectedDensityOfStates
************************** End of input data file *****************************

reinit: -----------------------------------------------------------------------
reinit: System Name: hea
reinit: -----------------------------------------------------------------------
reinit: System Label: hea
reinit: -----------------------------------------------------------------------

NOTE on units for spin output: 
{S} is the spin magnetic moment, in units of the Bohr magneton,
assuming a g-factor for the electron spin of exactly 2.
The spin magnetic moment is then numerically equal to the charge inbalance,
in units of electrons, between the spin-up and -down channels.


initatom: Reading input for the pseudopotentials and atomic orbitals ----------
Species number:   1 Atomic number:   31 Label: Ga
Species number:   2 Atomic number:   28 Label: Ni
Species number:   3 Atomic number:   25 Label: Mn

Ground state valence configuration (from tables):   4s02  4p01  4d00  4f00
Ground state valence configuration (from tables):   4s02  4p00  3d08  4f00
Ground state valence configuration (from tables):   4s02  4p00  3d05  4f00

---- Processing specs for species: Ga
Reading pseudopotential information in PSML from:
  Ga.psml
PSML file version: 1.1
Using libxc ids:  101 130
GGA--PBE XC_GGA_X_PBE--XC_GGA_C_PBE pb
PSML uuid: 206972b0-be42-11e7-579b-1282fffb1a56
Semicore shell(s) with 10 electrons included in the valence for Ga

---- Processing specs for species: Ni
Reading pseudopotential information in PSML from:
  Ni.psml
PSML file version: 1.1
Using libxc ids:  101 130
GGA--PBE XC_GGA_X_PBE--XC_GGA_C_PBE pb
PSML uuid: 020bdba0-be42-11e7-6ded-a592ddfb3399
Semicore shell(s) with  8 electrons included in the valence for Ni

---- Processing specs for species: Mn
Reading pseudopotential information in PSML from:
  Mn.psml
PSML file version: 1.1
Using libxc ids:  101 130
GGA--PBE XC_GGA_X_PBE--XC_GGA_C_PBE pb
PSML uuid: e5ebd880-be41-11e7-659b-074ddfc7bd15
Semicore shell(s) with  8 electrons included in the valence for Mn

---- Pseudopotential check for Ga

Pseudized shells:
4s( 2.00) rc: 1.67
4p( 1.00) rc: 1.75
3d(10.00) rc: 1.90
Valence configuration for ps generation: 3d:4s:4p: Total charge:  13.000000
Semicore shell(s): 3d
Fallback to non-perturbative polarization scheme for Ga
Please see the manual if this is not desired in principle

---- Pseudopotential check for Ni

Pseudized shells:
3s( 2.00) rc: 1.26
3p( 6.00) rc: 1.35
3d( 8.00) rc: 1.66
Valence configuration for ps generation: 3s:3p:3d:4s: Total charge:  18.000000
Semicore shell(s): 3s 3p
Fallback to non-perturbative polarization scheme for Ni
Please see the manual if this is not desired in principle

---- Pseudopotential check for Mn

Pseudized shells:
3s( 2.00) rc: 1.41
3p( 6.00) rc: 1.21
3d( 5.00) rc: 1.61
Valence configuration for ps generation: 3s:3p:3d:4s: Total charge:  15.000000
Semicore shell(s): 3s 3p
Fallback to non-perturbative polarization scheme for Mn
Please see the manual if this is not desired in principle
For Ga, standard SIESTA heuristics set lmxkb to 3
 (one more than the basis l, including polarization orbitals).
Use PS.lmax or PS.KBprojectors blocks to override.
For Ni, standard SIESTA heuristics set lmxkb to 3
 (one more than the basis l, including polarization orbitals).
Use PS.lmax or PS.KBprojectors blocks to override.
For Mn, standard SIESTA heuristics set lmxkb to 3
 (one more than the basis l, including polarization orbitals).
Use PS.lmax or PS.KBprojectors blocks to override.
Ga pseudopotential only contains V_ls up to l=2 -- lmxkb reset.
Ni pseudopotential only contains V_ls up to l=2 -- lmxkb reset.
Mn pseudopotential only contains V_ls up to l=2 -- lmxkb reset.

<basis_specs>
===============================================================================
Ga                   Z=  31    Mass=  69.723        Charge= 0.17977+309
Lmxo=2 Lmxkb= 2    BasisType=split      Semic=T
L=0  Nsemic=0  Cnfigmx=4
          i=1  nzeta=3  polorb=0  (4s)
            splnorm:   0.15000    
               vcte:    50.000    
               rinn:  -0.70000    
               qcoe:    0.0000    
               qyuk:    0.0000    
               qwid:   0.10000E-01
                rcs:    0.0000      0.0000      0.0000    
            lambdas:    1.0000      1.0000      1.0000    
L=1  Nsemic=0  Cnfigmx=4
          i=1  nzeta=3  polorb=0  (4p)  (to be polarized non-perturbatively)
            splnorm:   0.15000    
               vcte:    50.000    
               rinn:  -0.70000    
               qcoe:    0.0000    
               qyuk:    0.0000    
               qwid:   0.10000E-01
                rcs:    0.0000      0.0000      0.0000    
            lambdas:    1.0000      1.0000      1.0000    
L=2  Nsemic=1  Cnfigmx=4
          i=1  nzeta=1  polorb=0  (3d)  (semicore shell)
            splnorm:   0.15000    
               vcte:    50.000    
               rinn:  -0.70000    
               qcoe:    0.0000    
               qyuk:    0.0000    
               qwid:   0.10000E-01
                rcs:    0.0000    
            lambdas:    1.0000    
          i=2  nzeta=1  polorb=0  (4d)  (non-perturbative polarization shell)
            splnorm:   0.15000    
               vcte:    50.000    
               rinn:  -0.70000    
               qcoe:   0.46567-315
               qyuk:    0.0000    
               qwid:   0.69529-309
                rcs:    0.0000    
            lambdas:    1.0000    
-------------------------------------------------------------------------------
L=0  Nkbl=1  erefs: 0.17977+309
L=1  Nkbl=1  erefs: 0.17977+309
L=2  Nkbl=2  erefs: 0.17977+309 0.17977+309
===============================================================================
</basis_specs>

Using PAO.SplitTailNorm
atom: Called for Ga                    (Z =  31)
Maximum radius (at nrval) set to   50.00000 8518

read_vps: Pseudopotential generation method:
read_vps: ONCVPSP-3.Hamann's oncvpsp                        
Valence charge in pseudo generation:   13.00000

read_vps: Pseudopotential includes a core correction:
read_vps: Pseudo-core for xc-correction

xc_check: Exchange-correlation functional:
xc_check: GGA PBEsol
xc_check: WARNING: Pseudopotential generated with GGA PBE functional
Got Vlocal (oncv-fit) from psml data
Choosing vlocal chloc cutoff:  4.295227
qtot up to nchloc:   13.00023270
atom: Maximum radius for chlocal:    4.29523
atom: Maximum radius for r*vlocal+2*Zval:    4.29523
Reading KB projs from Ga psml data
Using scalar-relativistic projectors in PSML file

PSML: Kleinman-Bylander projectors: 
   l= 0   rc=  1.688643   Ekb= 14.059564
   l= 0   rc=  1.688643   Ekb=  2.289351
   l= 1   rc=  1.772167   Ekb= 13.610457
   l= 1   rc=  1.772167   Ekb=  2.576326
   l= 2   rc=  1.926399   Ekb=-16.756509
   l= 2   rc=  1.926399   Ekb= -5.641527

PSML: Total number of  Kleinman-Bylander projectors:  18
atom: -------------------------------------------------------------------------

atom: SANKEY-TYPE ORBITALS:
atom: Selected multiple-zeta basis: split     

SPLIT: Orbitals with angular momentum L= 0

SPLIT: Basis orbitals for state 4s

SPLIT: PAO cut-off radius determined from an
SPLIT: energy shift=  0.000140 Ry
Split based on tail norm

   izeta = 1
                 lambda =    1.000000
                     rc =    8.573397
                 energy =   -0.660225
                kinetic =    0.501561
    potential(screened) =   -1.161786
       potential(ionic) =  -12.246649

   izeta = 2
                 rmatch =    4.547753
              splitnorm =    0.150000
                 energy =   -0.462291
                kinetic =    0.981430
    potential(screened) =   -1.443721
       potential(ionic) =  -13.770808

   izeta = 3
                 rmatch =    5.338573
              splitnorm =    0.075000
                 energy =   -0.599358
                kinetic =    0.744548
    potential(screened) =   -1.343906
       potential(ionic) =  -13.255962

SPLIT: Orbitals with angular momentum L= 1

SPLIT: Basis orbitals for state 4p

SPLIT: PAO cut-off radius determined from an
SPLIT: energy shift=  0.000140 Ry
Split based on tail norm

   izeta = 1
                 lambda =    1.000000
                     rc =   12.949509
                 energy =   -0.190428
                kinetic =    0.541974
    potential(screened) =   -0.732402
       potential(ionic) =   -9.174065

   izeta = 2
                 rmatch =    6.968471
              splitnorm =    0.150000
                 energy =   -0.153132
                kinetic =    0.764207
    potential(screened) =   -0.917338
       potential(ionic) =  -10.565779

   izeta = 3
                 rmatch =    8.212134
              splitnorm =    0.075000
                 energy =   -0.175794
                kinetic =    0.665884
    potential(screened) =   -0.841678
       potential(ionic) =  -10.014829

SPLIT: Orbitals with angular momentum L= 2

SPLIT: Basis orbitals for state 3d

SPLIT: PAO cut-off radius determined from an
SPLIT: energy shift=  0.000140 Ry
Split based on tail norm

   izeta = 1
                 lambda =    1.000000
                     rc =    4.873342
                 energy =   -1.390864
                kinetic =   12.335179
    potential(screened) =  -13.726043
       potential(ionic) =  -32.471836

SPLIT: Basis orbitals for state 4d
SPLIT: Non-perturbative polarization orbs for state 4p
SPLIT: rc(1st zeta) (re)set to: 12.9495 (expansion factor: 1.0000)
Split based on tail norm

   izeta = 1
                 lambda =    1.000000
                     rc =   12.949509
                 energy =    0.135451
                kinetic =    0.341434
    potential(screened) =   -0.205982
       potential(ionic) =   -4.584821
atom: Total number of Sankey-type orbitals: 22

atm_pop: Valence configuration (for local Pseudopot. screening):
 4s( 2.00)                                                            
 4p( 1.00)                                                            
 3d(10.00) 4d( 0.00)                                                  
Vna: chval, zval:   13.00000  13.00000

Vna:  Cut-off radius for the neutral-atom potential:  12.949509
comcore: Pseudo-core radius Rcore=  2.359857

atom: _________________________________________________________________________

<basis_specs>
===============================================================================
Ni                   Z=  28    Mass=  58.693        Charge= 0.17977+309
Lmxo=2 Lmxkb= 2    BasisType=split      Semic=T
L=0  Nsemic=1  Cnfigmx=4
          i=1  nzeta=1  polorb=0  (3s)  (semicore shell)
            splnorm:   0.15000    
               vcte:    50.000    
               rinn:  -0.70000    
               qcoe:    0.0000    
               qyuk:    0.0000    
               qwid:   0.10000E-01
                rcs:    0.0000    
            lambdas:    1.0000    
          i=2  nzeta=3  polorb=0  (4s)  (to be polarized non-perturbatively)
            splnorm:   0.15000    
               vcte:    50.000    
               rinn:  -0.70000    
               qcoe:    0.0000    
               qyuk:    0.0000    
               qwid:   0.10000E-01
                rcs:    0.0000      0.0000      0.0000    
            lambdas:    1.0000      1.0000      1.0000    
L=1  Nsemic=1  Cnfigmx=4
          i=1  nzeta=1  polorb=0  (3p)  (semicore shell)
            splnorm:   0.15000    
               vcte:    50.000    
               rinn:  -0.70000    
               qcoe:    0.0000    
               qyuk:    0.0000    
               qwid:   0.10000E-01
                rcs:    0.0000    
            lambdas:    1.0000    
          i=2  nzeta=1  polorb=0  (4p)  (non-perturbative polarization shell)
            splnorm:   0.15000    
               vcte:    50.000    
               rinn:  -0.70000    
               qcoe:   0.46567-315
               qyuk:    0.0000    
               qwid:   0.69529-309
                rcs:    0.0000    
            lambdas:    1.0000    
L=2  Nsemic=0  Cnfigmx=3
          i=1  nzeta=3  polorb=0  (3d)
            splnorm:   0.15000    
               vcte:    50.000    
               rinn:  -0.70000    
               qcoe:    0.0000    
               qyuk:    0.0000    
               qwid:   0.10000E-01
                rcs:    0.0000      0.0000      0.0000    
            lambdas:    1.0000      1.0000      1.0000    
-------------------------------------------------------------------------------
L=0  Nkbl=2  erefs: 0.17977+309 0.17977+309
L=1  Nkbl=2  erefs: 0.17977+309 0.17977+309
L=2  Nkbl=1  erefs: 0.17977+309
===============================================================================
</basis_specs>

Using PAO.SplitTailNorm
atom: Called for Ni                    (Z =  28)
Maximum radius (at nrval) set to   50.00000 8518

read_vps: Pseudopotential generation method:
read_vps: ONCVPSP-3.Hamann's oncvpsp                        
Valence charge in pseudo generation:   18.00000

read_vps: Pseudopotential includes a core correction:
read_vps: Pseudo-core for xc-correction

xc_check: Exchange-correlation functional:
xc_check: GGA PBEsol
xc_check: WARNING: Pseudopotential generated with GGA PBE functional
Got Vlocal (oncv-fit) from psml data
Choosing vlocal chloc cutoff:  3.188973
qtot up to nchloc:   17.99992641
atom: Maximum radius for chlocal:    3.18897
atom: Maximum radius for r*vlocal+2*Zval:    3.18897
Reading KB projs from Ni psml data
Using scalar-relativistic projectors in PSML file

PSML: Kleinman-Bylander projectors: 
   l= 0   rc=  1.276377   Ekb= 12.509070
   l= 0   rc=  1.276377   Ekb= -0.503495
   l= 1   rc=  1.371030   Ekb= -5.680418
   l= 1   rc=  1.371030   Ekb= -0.775211
   l= 2   rc=  1.680171   Ekb=-14.446879
   l= 2   rc=  1.680171   Ekb= -5.088878

PSML: Total number of  Kleinman-Bylander projectors:  18
atom: -------------------------------------------------------------------------

atom: SANKEY-TYPE ORBITALS:
atom: Selected multiple-zeta basis: split     

SPLIT: Orbitals with angular momentum L= 0

SPLIT: Basis orbitals for state 3s

SPLIT: PAO cut-off radius determined from an
SPLIT: energy shift=  0.000140 Ry
Split based on tail norm

   izeta = 1
                 lambda =    1.000000
                     rc =    2.999668
                 energy =   -8.139209
                kinetic =    3.776111
    potential(screened) =  -11.915319
       potential(ionic) =  -45.801861

SPLIT: Basis orbitals for state 4s

SPLIT: PAO cut-off radius determined from an
SPLIT: energy shift=  0.000140 Ry
Split based on tail norm

   izeta = 1
                 lambda =    1.000000
                     rc =    9.316220
                 energy =   -0.512978
                kinetic =    1.389681
    potential(screened) =   -1.902658
       potential(ionic) =  -17.770111

   izeta = 2
                 rmatch =    4.957068
              splitnorm =    0.150000
                 energy =   -0.410487
                kinetic =    2.329090
    potential(screened) =   -2.739576
       potential(ionic) =  -21.501560

   izeta = 3
                 rmatch =    5.824741
              splitnorm =    0.075000
                 energy =   -0.473172
                kinetic =    1.899833
    potential(screened) =   -2.373005
       potential(ionic) =  -19.995099

SPLIT: Orbitals with angular momentum L= 1

SPLIT: Basis orbitals for state 3p

SPLIT: PAO cut-off radius determined from an
SPLIT: energy shift=  0.000140 Ry
Split based on tail norm

   izeta = 1
                 lambda =    1.000000
                     rc =    3.414070
                 energy =   -5.225411
                kinetic =    9.244220
    potential(screened) =  -14.469631
       potential(ionic) =  -47.296381

SPLIT: Basis orbitals for state 4p
SPLIT: Non-perturbative polarization orbs for state 4s
SPLIT: rc(1st zeta) (re)set to: 9.3162 (expansion factor: 1.0000)
Split based on tail norm

   izeta = 1
                 lambda =    1.000000
                     rc =    9.316220
                 energy =   -0.065208
                kinetic =    0.825147
    potential(screened) =   -0.890355
       potential(ionic) =  -12.014212

SPLIT: Orbitals with angular momentum L= 2

SPLIT: Basis orbitals for state 3d

SPLIT: PAO cut-off radius determined from an
SPLIT: energy shift=  0.000140 Ry
Split based on tail norm

   izeta = 1
                 lambda =    1.000000
                     rc =    6.323353
                 energy =   -0.639566
                kinetic =   11.441999
    potential(screened) =  -12.081565
       potential(ionic) =  -40.678115

   izeta = 2
                 rmatch =    2.624859
              splitnorm =    0.150000
                 energy =   -0.513226
                kinetic =   13.528651
    potential(screened) =  -14.041878
       potential(ionic) =  -44.582092

   izeta = 3
                 rmatch =    3.356353
              splitnorm =    0.075000
                 energy =   -0.605538
                kinetic =   12.372939
    potential(screened) =  -12.978477
       potential(ionic) =  -42.595740
atom: Total number of Sankey-type orbitals: 25

atm_pop: Valence configuration (for local Pseudopot. screening):
 3s( 2.00) 4s( 2.00)                                                  
 3p( 6.00) 4p( 0.00)                                                  
 3d( 8.00)                                                            
Vna: chval, zval:   18.00000  18.00000

Vna:  Cut-off radius for the neutral-atom potential:   9.316220
comcore: Pseudo-core radius Rcore=  1.817282

atom: _________________________________________________________________________

<basis_specs>
===============================================================================
Mn                   Z=  25    Mass=  54.938        Charge= 0.17977+309
Lmxo=2 Lmxkb= 2    BasisType=split      Semic=T
L=0  Nsemic=1  Cnfigmx=4
          i=1  nzeta=1  polorb=0  (3s)  (semicore shell)
            splnorm:   0.15000    
               vcte:    50.000    
               rinn:  -0.70000    
               qcoe:    0.0000    
               qyuk:    0.0000    
               qwid:   0.10000E-01
                rcs:    0.0000    
            lambdas:    1.0000    
          i=2  nzeta=3  polorb=0  (4s)  (to be polarized non-perturbatively)
            splnorm:   0.15000    
               vcte:    50.000    
               rinn:  -0.70000    
               qcoe:    0.0000    
               qyuk:    0.0000    
               qwid:   0.10000E-01
                rcs:    0.0000      0.0000      0.0000    
            lambdas:    1.0000      1.0000      1.0000    
L=1  Nsemic=1  Cnfigmx=4
          i=1  nzeta=1  polorb=0  (3p)  (semicore shell)
            splnorm:   0.15000    
               vcte:    50.000    
               rinn:  -0.70000    
               qcoe:    0.0000    
               qyuk:    0.0000    
               qwid:   0.10000E-01
                rcs:    0.0000    
            lambdas:    1.0000    
          i=2  nzeta=1  polorb=0  (4p)  (non-perturbative polarization shell)
            splnorm:   0.15000    
               vcte:    50.000    
               rinn:  -0.70000    
               qcoe:   0.46567-315
               qyuk:    0.0000    
               qwid:   0.69529-309
                rcs:    0.0000    
            lambdas:    1.0000    
L=2  Nsemic=0  Cnfigmx=3
          i=1  nzeta=3  polorb=0  (3d)
            splnorm:   0.15000    
               vcte:    50.000    
               rinn:  -0.70000    
               qcoe:    0.0000    
               qyuk:    0.0000    
               qwid:   0.10000E-01
                rcs:    0.0000      0.0000      0.0000    
            lambdas:    1.0000      1.0000      1.0000    
-------------------------------------------------------------------------------
L=0  Nkbl=2  erefs: 0.17977+309 0.17977+309
L=1  Nkbl=2  erefs: 0.17977+309 0.17977+309
L=2  Nkbl=1  erefs: 0.17977+309
===============================================================================
</basis_specs>

Using PAO.SplitTailNorm
atom: Called for Mn                    (Z =  25)
Maximum radius (at nrval) set to   50.00000 8518

read_vps: Pseudopotential generation method:
read_vps: ONCVPSP-3.Hamann's oncvpsp                        
Valence charge in pseudo generation:   15.00000

read_vps: Pseudopotential includes a core correction:
read_vps: Pseudo-core for xc-correction

xc_check: Exchange-correlation functional:
xc_check: GGA PBEsol
xc_check: WARNING: Pseudopotential generated with GGA PBE functional
Got Vlocal (oncv-fit) from psml data
Choosing vlocal chloc cutoff:  3.504263
qtot up to nchloc:   15.00032895
atom: Maximum radius for chlocal:    3.50426
atom: Maximum radius for r*vlocal+2*Zval:    3.50426
Reading KB projs from Mn psml data
Using scalar-relativistic projectors in PSML file

PSML: Kleinman-Bylander projectors: 
   l= 0   rc=  1.427391   Ekb= 18.471374
   l= 0   rc=  1.430269   Ekb=  3.121111
   l= 1   rc=  1.224702   Ekb=  3.156115
   l= 1   rc=  1.224702   Ekb= -1.424352
   l= 2   rc=  1.630219   Ekb=-13.224142
   l= 2   rc=  1.630219   Ekb= -4.330632

PSML: Total number of  Kleinman-Bylander projectors:  18
atom: -------------------------------------------------------------------------

atom: SANKEY-TYPE ORBITALS:
atom: Selected multiple-zeta basis: split     

SPLIT: Orbitals with angular momentum L= 0

SPLIT: Basis orbitals for state 3s

SPLIT: PAO cut-off radius determined from an
SPLIT: energy shift=  0.000140 Ry
Split based on tail norm

   izeta = 1
                 lambda =    1.000000
                     rc =    3.380000
                 energy =   -6.293298
                kinetic =    2.848567
    potential(screened) =   -9.141865
       potential(ionic) =  -33.519753

SPLIT: Basis orbitals for state 4s

SPLIT: PAO cut-off radius determined from an
SPLIT: energy shift=  0.000140 Ry
Split based on tail norm

   izeta = 1
                 lambda =    1.000000
                     rc =   10.002455
                 energy =   -0.450676
                kinetic =    1.112603
    potential(screened) =   -1.563278
       potential(ionic) =  -13.199632

   izeta = 2
                 rmatch =    5.430276
              splitnorm =    0.150000
                 energy =   -0.360834
                kinetic =    1.875764
    potential(screened) =   -2.236598
       potential(ionic) =  -15.982656

   izeta = 3
                 rmatch =    6.342382
              splitnorm =    0.075000
                 energy =   -0.415048
                kinetic =    1.529261
    potential(screened) =   -1.944310
       potential(ionic) =  -14.865309

SPLIT: Orbitals with angular momentum L= 1

SPLIT: Basis orbitals for state 3p

SPLIT: PAO cut-off radius determined from an
SPLIT: energy shift=  0.000140 Ry
Split based on tail norm

   izeta = 1
                 lambda =    1.000000
                     rc =    3.873861
                 energy =   -3.996757
                kinetic =    6.976018
    potential(screened) =  -10.972775
       potential(ionic) =  -34.563053

SPLIT: Basis orbitals for state 4p
SPLIT: Non-perturbative polarization orbs for state 4s
SPLIT: rc(1st zeta) (re)set to: 10.0025 (expansion factor: 1.0000)
Split based on tail norm

   izeta = 1
                 lambda =    1.000000
                     rc =   10.002455
                 energy =   -0.085879
                kinetic =    0.770317
    potential(screened) =   -0.856196
       potential(ionic) =   -9.409918

SPLIT: Orbitals with angular momentum L= 2

SPLIT: Basis orbitals for state 3d

SPLIT: PAO cut-off radius determined from an
SPLIT: energy shift=  0.000140 Ry
Split based on tail norm

   izeta = 1
                 lambda =    1.000000
                     rc =    7.238756
                 energy =   -0.490123
                kinetic =    9.261574
    potential(screened) =   -9.751697
       potential(ionic) =  -30.334327

   izeta = 2
                 rmatch =    3.144499
              splitnorm =    0.150000
                 energy =   -0.401801
                kinetic =   11.021778
    potential(screened) =  -11.423579
       potential(ionic) =  -33.555539

   izeta = 3
                 rmatch =    3.972182
              splitnorm =    0.075000
                 energy =   -0.464167
                kinetic =   10.072383
    potential(screened) =  -10.536551
       potential(ionic) =  -31.940836
atom: Total number of Sankey-type orbitals: 25

atm_pop: Valence configuration (for local Pseudopot. screening):
 3s( 2.00) 4s( 2.00)                                                  
 3p( 6.00) 4p( 0.00)                                                  
 3d( 5.00)                                                            
Vna: chval, zval:   15.00000  15.00000

Vna:  Cut-off radius for the neutral-atom potential:  10.002455
comcore: Pseudo-core radius Rcore=  2.115123

atom: _________________________________________________________________________

prinput: Basis input 

PAO.BasisType split     

%block ChemicalSpeciesLabel
    1   31 Ga                      # Species index, atomic number, species label
    2   28 Ni                      # Species index, atomic number, species label
    3   25 Mn                      # Species index, atomic number, species label
%endblock ChemicalSpeciesLabel

%block PAO.Basis                 # Define Basis set
# WARNING: This information might be incomplete!
Ga                    4                    # Species label, number of l-shells
 n=4   0   3                         # n, l, Nzeta 
   8.573      4.548      5.339   
   1.000      1.000      1.000   
 n=4   1   3                         # n, l, Nzeta 
  12.950      6.968      8.212   
   1.000      1.000      1.000   
 n=3   2   1                         # n, l, Nzeta 
   4.873   
   1.000   
 n=4   2   1                         # n, l, Nzeta 
  12.950   
   1.000   
Ni                    5                    # Species label, number of l-shells
 n=3   0   1                         # n, l, Nzeta 
   3.000   
   1.000   
 n=4   0   3                         # n, l, Nzeta 
   9.316      4.957      5.825   
   1.000      1.000      1.000   
 n=3   1   1                         # n, l, Nzeta 
   3.414   
   1.000   
 n=4   1   1                         # n, l, Nzeta 
   9.316   
   1.000   
 n=3   2   3                         # n, l, Nzeta 
   6.323      2.625      3.356   
   1.000      1.000      1.000   
Mn                    5                    # Species label, number of l-shells
 n=3   0   1                         # n, l, Nzeta 
   3.380   
   1.000   
 n=4   0   3                         # n, l, Nzeta 
  10.002      5.430      6.342   
   1.000      1.000      1.000   
 n=3   1   1                         # n, l, Nzeta 
   3.874   
   1.000   
 n=4   1   1                         # n, l, Nzeta 
  10.002   
   1.000   
 n=3   2   3                         # n, l, Nzeta 
   7.239      3.144      3.972   
   1.000      1.000      1.000   
%endblock PAO.Basis

prinput: ----------------------------------------------------------------------

coor:   Atomic-coordinates input format  =     Fractional

siesta: Atomic coordinates (Bohr) and species
siesta:      0.00000   0.00000   0.00000  1        1
siesta:     14.11067   0.00000   0.00000  1        2
siesta:      7.05534   2.35178   3.32592  1        3
siesta:     16.46245   2.35178   3.32592  1        4
siesta:     21.16601   2.35178   3.32592  1        5
siesta:      4.70356   0.00000   0.00000  2        6
siesta:      9.40712   0.00000   0.00000  2        7
siesta:     18.81423   0.00000   0.00000  2        8
siesta:      2.35178   2.35178   3.32592  2        9
siesta:     11.75890   2.35178   3.32592  3       10

siesta: System type = bulk      

initatomlists: Number of atoms, orbitals, and projectors:     10   235   180

coxmol: Writing XMOL coordinates into file hea.xyz                                                                                                                                                                                                                             

siesta: ******************** Simulation parameters ****************************
siesta:
siesta: The following are some of the parameters of the simulation.
siesta: A complete list of the parameters used, including default values,
siesta: can be found in file out.fdf
siesta:
redata: Spin configuration                          = collinear
redata: Number of spin components                   = 2
redata: Time-Reversal Symmetry                      = T
redata: Spin spiral                                 = F
redata: Long output                                 =   F
redata: Number of Atomic Species                    =        3
redata: Charge density info will appear in .RHO file
redata: Write Mulliken charges (when)               = end
redata: Write Mulliken Pop.                         = Atomic and Orbital charges
redata: Write Hirshfeld charges (when)              = none
redata: Write Voronoi charges (when)                = none
redata: Write spin charge (when)                    = scf
redata: Matel table size (NRTAB)                    =     1024
redata: Mesh Cutoff                                 =   300.0000 Ry
redata: Net charge of the system                    =     0.0000 |e|
redata: Min. number of SCF Iter                     =        0
redata: Max. number of SCF Iter                     =    20000
redata: SCF convergence failure will abort job
redata: SCF mix quantity                            = Hamiltonian
redata: Mix DM or H after convergence               =   F
redata: Recompute H after scf cycle                 =   F
redata: Mix DM in first SCF step                    =   T
redata: Write Pulay info on disk                    =   F
redata: New DM Occupancy tolerance                  = 0.000000000001
redata: No kicks to SCF
redata: DM Mixing Weight for Kicks                  =     0.5000
redata: Require Harris convergence for SCF          =   F
redata: Harris energy tolerance for SCF             =     0.000100 eV
redata: Require DM convergence for SCF              =   T
redata: DM tolerance for SCF                        =     0.000500
redata: Require EDM convergence for SCF             =   F
redata: EDM tolerance for SCF                       =     0.001000 eV
redata: Require H convergence for SCF               =   F
redata: Hamiltonian tolerance for SCF               =     0.005000 eV
redata: Require (free) Energy convergence for SCF   =   F
redata: (free) Energy tolerance for SCF             =     0.000100 eV
redata: Antiferro initial spin density              =   T
redata: Using DFT-D3 dispersion                     =   F
redata: Using Saved Data (generic)                  =   F
redata: Use continuation files for DM               =   F
redata: Neglect nonoverlap interactions             =   F
redata: Method of Calculation                       = Diagonalization
redata: Electronic Temperature                      =   300.0000 K
redata: Fix the spin of the system                  =   F
redata: Max. number of TDED Iter                    =        1
redata: Number of TDED substeps                     =        3
redata: Dynamics option                             = CG coord. optimization
redata: Variable cell                               =   T
redata: Use continuation files for CG               =   F
redata: Max atomic displ per move                   =     0.1058 Ang
redata: Maximum number of optimization moves        =      500
redata: Force tolerance                             =     0.0500 eV/Ang
redata: Stress tolerance                            =     1.0000 GPa
mix.SCF: Broyden mixing                          = Broyden
mix.SCF:    History steps                        = 8
mix.SCF:    Linear mixing weight                 =     0.070000
mix.SCF:    Inverse Jacobian weight              =     0.070000
mix.SCF:    Weight prime                         =     0.070000
mix.SCF:    SVD condition                        = 0.1000E-07
mix.SCF: Spin-component mixing                   all
redata: ***********************************************************************

%block SCF.Mixers
  Broyden
%endblock SCF.Mixers

%block SCF.Mixer.Broyden
  # Mixing method
  method broyden

  # Mixing options
  weight 0.0700
  weight.linear 0.0700
  weight.prime 0.0700
  history 8
%endblock SCF.Mixer.Broyden

DM_history_depth set to one: no extrapolation allowed by default for geometry relaxation
Size of DM history Fstack: 1
Total number of electrons:   152.000000
Total ionic charge:   152.000000

* ProcessorY, Blocksize:    4   6


* Orbital distribution balance (max,min):    12     6

k-point displ. along   1 input, could be:     0.00    0.50
k-point displ. along   2 input, could be:     0.00    0.50
k-point displ. along   3 input, could be:     0.00    0.50
 Kpoints in:           32 . Kpoints trimmed:           31

siesta: k-grid: Number of k-points = 31
siesta: k-points from Monkhorst-Pack grid
siesta: k-cutoff (effective) =     7.040 Ang
siesta: k-point supercell and displacements
siesta: k-grid:     2     0     0      0.000
siesta: k-grid:     0     6     0      0.000
siesta: k-grid:     0     0     4      0.000
k-point displ. along   1 input, could be:     0.00    0.50
k-point displ. along   2 input, could be:     0.00    0.50
k-point displ. along   3 input, could be:     0.00    0.50
 Kpoints in:           32 . Kpoints trimmed:           31

siesta: PDOS k-grid: Number of k-points = 31
siesta: PDOS k-points from Monkhorst-Pack grid
siesta: PDOS k-cutoff (effective) =     0.000 Ang
siesta: PDOS k-point supercell and displacements
siesta: k-grid:     2     0     0      0.000
siesta: k-grid:     0     6     0      0.000
siesta: k-grid:     0     0     4      0.000

diag: Algorithm                                     = D&C
diag: Parallel over k                               =   F
diag: Use parallel 2D distribution                  =   T
diag: Parallel block-size                           = 6
diag: Parallel distribution                         =     6 x     6
diag: Used triangular part                          = Lower
diag: Absolute tolerance                            =  0.100E-15
diag: Orthogonalization factor                      =  0.100E-05
diag: Memory factor                                 =  1.0000
diag: The diagonalization method chosen cannot compute a reduced number of eigenvectors.
diag: Resetting neigwanted 98 to 235

superc: Internal auxiliary supercell:     5 x    13 x     9  =     585
superc: Number of atoms, orbitals, and projectors:   5850 137475 105300


ts: **************************************************************
ts: Save H and S matrices                           =    F
ts: Save DM and EDM matrices                        =    F
ts: Only save the overlap matrix S                  =    F
ts: **************************************************************

************************ Begin: TS CHECKS AND WARNINGS ************************
************************ End: TS CHECKS AND WARNINGS **************************


                     ====================================
                        Begin CG opt. move =      0
                     ====================================

superc: Internal auxiliary supercell:     5 x    13 x     9  =     585
superc: Number of atoms, orbitals, and projectors:   5850 137475 105300

outcell: Unit cell vectors (Ang):
       12.445079    0.000000    0.000000
        0.000000    2.489016    0.000000
        0.000000    0.000000    3.520000

outcell: Cell vector modules (Ang)   :   12.445079    2.489016    3.520000
outcell: Cell angles (23,13,12) (deg):     90.0000     90.0000     90.0000
outcell: Cell volume (Ang**3)        :    109.0355
<dSpData1D:S at geom step 0
  <sparsity:sparsity for geom step 0
    nrows_g=235 nrows=12 sparsity=1.8615 nnzs=102803, refcount: 7>
  <dData1D:(new from dSpData1D) n=102803, refcount: 1>
refcount: 1>
new_DM -- step:     1
Initializing Density Matrix...
DM filled with atomic data:
<dSpData2D:DM initialized from atoms
  <sparsity:sparsity for geom step 0
    nrows_g=235 nrows=12 sparsity=1.8615 nnzs=102803, refcount: 8>
  <dData2D:DM n=102803 m=2, refcount: 1>
refcount: 1>
No. of atoms with KB's overlaping orbs in proc 0. Max # of overlaps:     226    1410

InitMesh: MESH = 144 x 30 x 40 = 172800
InitMesh: Mesh cutoff (required, used) =   300.000   356.892 Ry
New grid distribution [1]: sub = 2
New grid distribution [2]: sub = 2
New grid distribution [3]: sub = 2
Setting up quadratic distribution...

stepf: Fermi-Dirac step function

siesta: Program's energy decomposition (eV):
siesta: Ebs     =     -5008.931201
siesta: Eions   =     38426.747531
siesta: Ena     =      2225.506858
siesta: Ekin    =     18260.335552
siesta: Enl     =     -8154.182943
siesta: Eso     =         0.000000
siesta: Edftu   =         0.000000
siesta: DEna    =       139.813285
siesta: DUscf   =         4.294119
siesta: DUext   =         0.000000
siesta: Ex      =     -5293.679435
siesta: Ec      =      -325.113473
siesta: Exc     =     -5618.792908
siesta: EbV     =         0.000000
siesta: eta*DQ  =         0.000000
siesta: Emadel  =         0.000000
siesta: Emeta   =         0.000000
siesta: Emolmec =         0.000000
siesta: Ekinion =         0.000000
siesta: Eharris =    -31473.184823
siesta: Etot    =    -31569.773568
siesta: FreeEng =    -31569.790034

        iscf     Eharris(eV)        E_KS(eV)     FreeEng(eV)     dDmax    Ef(eV) dHmax(eV)
   scf:    1   -31473.184823   -31569.773568   -31569.790034 13.172452 -6.255460 10.173529
     spin moment: {S} , |S| = {        0.0        0.0   -2.87984 }    -2.87984
timer: Routine,Calls,Time,% = IterSCF        1       8.158  13.06
   scf:    2   -31552.724712   -31566.654131   -31566.668344  1.264169 -6.368999 13.947614
     spin moment: {S} , |S| = {        0.0        0.0   -3.17154 }    -3.17154
   scf:    3   -31570.477479   -31571.554139   -31571.569425  0.690029 -6.449657  4.850715
     spin moment: {S} , |S| = {        0.0        0.0   -2.92521 }    -2.92521
   scf:    4   -31572.062335   -31571.913816   -31571.929817  0.227182 -6.455472  2.744999
     spin moment: {S} , |S| = {        0.0        0.0   -2.94056 }    -2.94056
   scf:    5   -31572.879694   -31572.478619   -31572.494437  0.867017 -6.608155  2.206559
     spin moment: {S} , |S| = {        0.0        0.0   -2.86854 }    -2.86854
   scf:    6   -31572.847631   -31572.695461   -31572.710483  0.275407 -6.634823  1.655310
     spin moment: {S} , |S| = {        0.0        0.0   -2.79075 }    -2.79075
   scf:    7   -31573.555949   -31573.148450   -31573.163333  0.869425 -6.731691  1.354976
     spin moment: {S} , |S| = {        0.0        0.0   -2.65399 }    -2.65399
   scf:    8   -31573.424634   -31573.333597   -31573.346938  0.283605 -6.730758  1.202722
     spin moment: {S} , |S| = {        0.0        0.0   -2.61281 }    -2.61281
   scf:    9   -31573.470969   -31573.414851   -31573.427044  0.179897 -6.752740  0.926015
     spin moment: {S} , |S| = {        0.0        0.0   -2.56245 }    -2.56245
   scf:   10   -31573.618736   -31573.523379   -31573.534190  0.302372 -6.774292  0.642696
     spin moment: {S} , |S| = {        0.0        0.0   -2.47803 }    -2.47803
   scf:   11   -31573.559134   -31573.542052   -31573.552764  0.042743 -6.772454  0.494779
     spin moment: {S} , |S| = {        0.0        0.0   -2.46450 }    -2.46450
   scf:   12   -31573.655748   -31573.597493   -31573.608019  0.197379 -6.766040  0.420551
     spin moment: {S} , |S| = {        0.0        0.0   -2.40609 }    -2.40609
   scf:   13   -31573.638599   -31573.618671   -31573.629356  0.106187 -6.763880  0.399150
     spin moment: {S} , |S| = {        0.0        0.0   -2.38164 }    -2.38164
   scf:   14   -31573.621846   -31573.620601   -31573.631251  0.014226 -6.761181  0.263418
     spin moment: {S} , |S| = {        0.0        0.0   -2.37924 }    -2.37924
   scf:   15   -31573.634455   -31573.627991   -31573.638895  0.074303 -6.757815  0.131158
     spin moment: {S} , |S| = {        0.0        0.0   -2.37100 }    -2.37100
   scf:   16   -31573.638771   -31573.633693   -31573.644855  0.077718 -6.759725  0.310490
     spin moment: {S} , |S| = {        0.0        0.0   -2.35995 }    -2.35995
   scf:   17   -31573.644283   -31573.639076   -31573.650490  0.083220 -6.756394  0.092980
     spin moment: {S} , |S| = {        0.0        0.0   -2.34617 }    -2.34617
   scf:   18   -31573.644357   -31573.641535   -31573.653095  0.052179 -6.758842  0.077375
     spin moment: {S} , |S| = {        0.0        0.0   -2.33564 }    -2.33564
   scf:   19   -31573.642802   -31573.642158   -31573.653767  0.017827 -6.758606  0.053449
     spin moment: {S} , |S| = {        0.0        0.0   -2.33109 }    -2.33109
   scf:   20   -31573.643471   -31573.642769   -31573.654462  0.024427 -6.758671  0.040885
     spin moment: {S} , |S| = {        0.0        0.0   -2.32640 }    -2.32640
   scf:   21   -31573.643474   -31573.643087   -31573.654867  0.019220 -6.758496  0.021745
     spin moment: {S} , |S| = {        0.0        0.0   -2.32255 }    -2.32255
   scf:   22   -31573.643334   -31573.643219   -31573.655041  0.015745 -6.759318  0.056152
     spin moment: {S} , |S| = {        0.0        0.0   -2.32244 }    -2.32244
   scf:   23   -31573.643180   -31573.643214   -31573.655050  0.002477 -6.759031  0.019128
     spin moment: {S} , |S| = {        0.0        0.0   -2.32198 }    -2.32198
   scf:   24   -31573.643354   -31573.643273   -31573.655194  0.009152 -6.759651  0.029731
     spin moment: {S} , |S| = {        0.0        0.0   -2.32167 }    -2.32167
   scf:   25   -31573.643340   -31573.643310   -31573.655232  0.003583 -6.760027  0.011998
     spin moment: {S} , |S| = {        0.0        0.0   -2.32190 }    -2.32190
   scf:   26   -31573.643337   -31573.643322   -31573.655258  0.003368 -6.760360  0.014546
     spin moment: {S} , |S| = {        0.0        0.0   -2.32236 }    -2.32236
   scf:   27   -31573.643336   -31573.643327   -31573.655284  0.003832 -6.760674  0.010392
     spin moment: {S} , |S| = {        0.0        0.0   -2.32314 }    -2.32314
   scf:   28   -31573.643340   -31573.643332   -31573.655304  0.003822 -6.760990  0.009438
     spin moment: {S} , |S| = {        0.0        0.0   -2.32437 }    -2.32437
   scf:   29   -31573.643338   -31573.643334   -31573.655321  0.003304 -6.761279  0.008040
     spin moment: {S} , |S| = {        0.0        0.0   -2.32576 }    -2.32576
   scf:   30   -31573.643334   -31573.643333   -31573.655334  0.002955 -6.761532  0.007123
     spin moment: {S} , |S| = {        0.0        0.0   -2.32712 }    -2.32712
   scf:   31   -31573.643336   -31573.643333   -31573.655350  0.003976 -6.761866  0.007298
     spin moment: {S} , |S| = {        0.0        0.0   -2.32930 }    -2.32930
   scf:   32   -31573.643325   -31573.643326   -31573.655367  0.004697 -6.762199  0.004655
     spin moment: {S} , |S| = {        0.0        0.0   -2.33203 }    -2.33203
   scf:   33   -31573.643317   -31573.643319   -31573.655380  0.004477 -6.762483  0.004519
     spin moment: {S} , |S| = {        0.0        0.0   -2.33474 }    -2.33474
   scf:   34   -31573.643317   -31573.643317   -31573.655385  0.002273 -6.762618  0.003466
     spin moment: {S} , |S| = {        0.0        0.0   -2.33621 }    -2.33621
   scf:   35   -31573.643312   -31573.643314   -31573.655390  0.002564 -6.762746  0.003076
     spin moment: {S} , |S| = {        0.0        0.0   -2.33782 }    -2.33782
   scf:   36   -31573.643311   -31573.643312   -31573.655393  0.001776 -6.762832  0.003031
     spin moment: {S} , |S| = {        0.0        0.0   -2.33896 }    -2.33896
   scf:   37   -31573.643311   -31573.643311   -31573.655396  0.001849 -6.762919  0.002499
     spin moment: {S} , |S| = {        0.0        0.0   -2.34017 }    -2.34017
   scf:   38   -31573.643309   -31573.643309   -31573.655399  0.001996 -6.763006  0.002755
     spin moment: {S} , |S| = {        0.0        0.0   -2.34147 }    -2.34147
   scf:   39   -31573.643312   -31573.643310   -31573.655401  0.001845 -6.763085  0.002656
     spin moment: {S} , |S| = {        0.0        0.0   -2.34275 }    -2.34275
   scf:   40   -31573.643308   -31573.643309   -31573.655403  0.001618 -6.763148  0.001969
     spin moment: {S} , |S| = {        0.0        0.0   -2.34381 }    -2.34381
   scf:   41   -31573.643308   -31573.643308   -31573.655405  0.002065 -6.763224  0.002149
     spin moment: {S} , |S| = {        0.0        0.0   -2.34519 }    -2.34519
   scf:   42   -31573.643310   -31573.643309   -31573.655406  0.001367 -6.763277  0.001632
     spin moment: {S} , |S| = {        0.0        0.0   -2.34614 }    -2.34614
   scf:   43   -31573.643310   -31573.643309   -31573.655407  0.001158 -6.763320  0.001495
     spin moment: {S} , |S| = {        0.0        0.0   -2.34694 }    -2.34694
   scf:   44   -31573.643310   -31573.643309   -31573.655408  0.000977 -6.763357  0.001394
     spin moment: {S} , |S| = {        0.0        0.0   -2.34762 }    -2.34762
   scf:   45   -31573.643310   -31573.643310   -31573.655408  0.000731 -6.763385  0.001159
     spin moment: {S} , |S| = {        0.0        0.0   -2.34815 }    -2.34815
   scf:   46   -31573.643310   -31573.643310   -31573.655408  0.000680 -6.763411  0.001099
     spin moment: {S} , |S| = {        0.0        0.0   -2.34864 }    -2.34864
   scf:   47   -31573.643311   -31573.643311   -31573.655409  0.000494 -6.763431  0.000917
     spin moment: {S} , |S| = {        0.0        0.0   -2.34900 }    -2.34900

SCF Convergence by DM criterion
max |DM_out - DM_in|         :     0.0004936748
max |H_out - H_in|      (eV) :     0.0009168825
SCF cycle converged after 47 iterations

Using DM_out to compute the final energy and forces
No. of atoms with KB's overlaping orbs in proc 0. Max # of overlaps:     226    1410

siesta: E_KS(eV) =           -31573.6433

siesta: E_KS - E_eggbox =    -31573.6433

siesta: Atomic forces (eV/Ang):
     1    2.473106   -0.000000    0.000000
     2   -1.681581   -0.000000    0.000000
     3   -0.608761   -0.000000    0.000000
     4    1.010719    0.000000    0.000000
     5   -0.905682    0.000000    0.000000
     6   -0.004742    0.000000   -0.000000
     7   -0.131443    0.000000   -0.000000
     8    0.137541   -0.000000   -0.000000
     9   -0.311487    0.000000   -0.000000
    10    0.016868   -0.000000   -0.000000
----------------------------------------
   Tot   -0.005461   -0.000000   -0.000000
----------------------------------------
   Max    2.473106
   Res    0.613457    sqrt( Sum f_i^2 / 3N )
----------------------------------------
   Max    2.473106    constrained

Stress tensor Voigt[x,y,z,yz,xz,xy] (kbar):     -244.38     -407.04     -240.48       -0.00        0.00       -0.00
(Free)E + p*V (eV/cell)   -31553.4227
Target enthalpy (eV/cell)   -31573.6554

siesta: Stress tensor (static) (eV/Ang**3):
        -0.152532   -0.000000   -0.000000
        -0.000000   -0.254053   -0.000000
         0.000000   -0.000000   -0.150098

siesta: Pressure (static):        297.30160862  kBar

siesta: Stress tensor (total) (eV/Ang**3):
        -0.152532   -0.000000   -0.000000
        -0.000000   -0.254053   -0.000000
         0.000000   -0.000000   -0.150098

siesta: Pressure (total):        297.30160862  kBar

cgvc: No target stress found, assuming hydrostatic MD.TargetPressure.

cgvc: Target stress (kBar)
cgvc:        -0.000       0.000       0.000
cgvc:         0.000      -0.000       0.000
cgvc:         0.000       0.000      -0.000

                     ====================================
                        Begin CG opt. move =      1
                     ====================================
k-point displ. along   1 input, could be:     0.00    0.50
k-point displ. along   2 input, could be:     0.00    0.50
k-point displ. along   3 input, could be:     0.00    0.50
 Kpoints in:           32 . Kpoints trimmed:           31

siesta: k-grid: Number of k-points = 31
siesta: k-points from Monkhorst-Pack grid
siesta: k-cutoff (effective) =     7.101 Ang
siesta: k-point supercell and displacements
siesta: k-grid:     2     0     0      0.000
siesta: k-grid:     0     6     0      0.000
siesta: k-grid:     0     0     4      0.000

superc: Internal auxiliary supercell:     5 x    13 x     9  =     585
superc: Number of atoms, orbitals, and projectors:   5850 137475 105300

outcell: Unit cell vectors (Ang):
       12.554813    0.000000   -0.000000
        0.000000    2.525570    0.000000
       -0.000000    0.000000    3.550542

outcell: Cell vector modules (Ang)   :   12.554813    2.525570    3.550542
outcell: Cell angles (23,13,12) (deg):     90.0000     90.0000     90.0000
outcell: Cell volume (Ang**3)        :    112.5808
<dSpData1D:S at geom step 1
  <sparsity:sparsity for geom step 1
    nrows_g=235 nrows=12 sparsity=1.8029 nnzs=99567, refcount: 7>
  <dData1D:(new from dSpData1D) n=99567, refcount: 1>
refcount: 1>
new_DM -- step:     2
Re-using DM from previous geometries...
Number of DMs in history: 1
 DM extrapolation coefficients: 
1   1.00000
New DM after history re-use:
<dSpData2D:SpM extrapolated using coords
  <sparsity:sparsity for geom step 1
    nrows_g=235 nrows=12 sparsity=1.8029 nnzs=99567, refcount: 9>
  <dData2D:(temp array for extrapolation) n=99567 m=2, refcount: 1>
refcount: 1>
No. of atoms with KB's overlaping orbs in proc 0. Max # of overlaps:     219    1344

InitMesh: MESH = 144 x 30 x 40 = 172800
InitMesh: Mesh cutoff (required, used) =   300.000   350.778 Ry
New grid distribution [1]: sub = 2
New grid distribution [2]: sub = 2
New grid distribution [3]: sub = 2
Setting up quadratic distribution...

        iscf     Eharris(eV)        E_KS(eV)     FreeEng(eV)     dDmax    Ef(eV) dHmax(eV)
   scf:    1   -31410.838001   -31518.552791   -31518.563515  2.740598 -6.946805 47.521700
     spin moment: {S} , |S| = {        0.0        0.0   -2.43785 }    -2.43785
   scf:    2    59306.654151    -1758.072520    -1758.076819**********  0.313625932.819753
     spin moment: {S} , |S| = {        0.0        0.0   -2.08634 }    -2.08634
   scf:    3   -33218.719471   -31563.878874   -31563.889690********** -6.629647 23.846392
     spin moment: {S} , |S| = {        0.0        0.0   -2.55154 }    -2.55154
   scf:    4   -31573.598303   -31569.812787   -31569.823665  0.515213 -6.681670 17.119956
     spin moment: {S} , |S| = {        0.0        0.0   -2.49185 }    -2.49185
   scf:    5   -31573.990078   -31572.156379   -31572.167013  0.280860 -6.712747 12.022839
     spin moment: {S} , |S| = {        0.0        0.0   -2.45381 }    -2.45381
   scf:    6   -31573.513748   -31572.869311   -31572.880172  0.250775 -6.711736  9.818098
     spin moment: {S} , |S| = {        0.0        0.0   -2.44135 }    -2.44135
   scf:    7   -31574.834900   -31574.067880   -31574.079784  0.162597 -6.705211  4.272805
     spin moment: {S} , |S| = {        0.0        0.0   -2.41729 }    -2.41729
   scf:    8   -31574.432051   -31574.278520   -31574.290696  0.122357 -6.701307  2.285585
     spin moment: {S} , |S| = {        0.0        0.0   -2.40759 }    -2.40759
   scf:    9   -31574.275762   -31574.277384   -31574.289534  0.022419 -6.701872  2.372361
     spin moment: {S} , |S| = {        0.0        0.0   -2.40743 }    -2.40743
   scf:   10   -31574.361677   -31574.376192   -31574.388170  0.223950 -6.703365  0.295129
     spin moment: {S} , |S| = {        0.0        0.0   -2.39340 }    -2.39340
   scf:   11   -31574.367274   -31574.375714   -31574.387695  0.025165 -6.704118  0.416010
     spin moment: {S} , |S| = {        0.0        0.0   -2.39767 }    -2.39767
   scf:   12   -31574.380085   -31574.378347   -31574.390368  0.030355 -6.701341  0.196355
     spin moment: {S} , |S| = {        0.0        0.0   -2.39953 }    -2.39953
   scf:   13   -31574.379108   -31574.379037   -31574.391011  0.009181 -6.700332  0.029640
     spin moment: {S} , |S| = {        0.0        0.0   -2.40002 }    -2.40002
   scf:   14   -31574.379072   -31574.379061   -31574.391036  0.002886 -6.700334  0.024106
     spin moment: {S} , |S| = {        0.0        0.0   -2.40074 }    -2.40074
   scf:   15   -31574.379194   -31574.379132   -31574.391097  0.005614 -6.700545  0.012604
     spin moment: {S} , |S| = {        0.0        0.0   -2.40255 }    -2.40255
   scf:   16   -31574.379149   -31574.379140   -31574.391103  0.000666 -6.700617  0.010955
     spin moment: {S} , |S| = {        0.0        0.0   -2.40281 }    -2.40281
   scf:   17   -31574.379191   -31574.379165   -31574.391120  0.001001 -6.700822  0.009848
     spin moment: {S} , |S| = {        0.0        0.0   -2.40368 }    -2.40368
   scf:   18   -31574.379240   -31574.379201   -31574.391145  0.001655 -6.701019  0.007810
     spin moment: {S} , |S| = {        0.0        0.0   -2.40509 }    -2.40509
   scf:   19   -31574.379257   -31574.379228   -31574.391162  0.001358 -6.701167  0.006765
     spin moment: {S} , |S| = {        0.0        0.0   -2.40627 }    -2.40627
   scf:   20   -31574.379323   -31574.379272   -31574.391187  0.002747 -6.701470  0.004210
     spin moment: {S} , |S| = {        0.0        0.0   -2.40844 }    -2.40844
   scf:   21   -31574.379309   -31574.379290   -31574.391195  0.001169 -6.701602  0.002670
     spin moment: {S} , |S| = {        0.0        0.0   -2.40939 }    -2.40939
   scf:   22   -31574.379305   -31574.379297   -31574.391199  0.000536 -6.701593  0.002592
     spin moment: {S} , |S| = {        0.0        0.0   -2.40971 }    -2.40971
   scf:   23   -31574.379313   -31574.379305   -31574.391202  0.000548 -6.701553  0.002437
     spin moment: {S} , |S| = {        0.0        0.0   -2.40997 }    -2.40997
   scf:   24   -31574.379327   -31574.379316   -31574.391205  0.000763 -6.701551  0.002204
     spin moment: {S} , |S| = {        0.0        0.0   -2.41042 }    -2.41042
   scf:   25   -31574.379329   -31574.379322   -31574.391207  0.000490 -6.701540  0.001802
     spin moment: {S} , |S| = {        0.0        0.0   -2.41064 }    -2.41064

SCF Convergence by DM criterion
max |DM_out - DM_in|         :     0.0004901757
max |H_out - H_in|      (eV) :     0.0018016692
SCF cycle converged after 25 iterations

Using DM_out to compute the final energy and forces
No. of atoms with KB's overlaping orbs in proc 0. Max # of overlaps:     219    1344

siesta: E_KS(eV) =           -31574.3793

siesta: Atomic forces (eV/Ang):
     1    1.949017    0.000000    0.000000
     2   -1.337813    0.000000    0.000000
     3   -0.514994    0.000000    0.000000
     4    0.636267   -0.000000    0.000000
     5   -0.534973   -0.000000   -0.000000
     6    0.086319   -0.000000    0.000000
     7   -0.166992   -0.000000    0.000000
     8    0.154571    0.000000   -0.000000
     9   -0.251336   -0.000000   -0.000000
    10   -0.017289    0.000000   -0.000000
----------------------------------------
   Tot    0.002775    0.000000    0.000000
----------------------------------------
   Max    1.949017
   Res    0.471429    sqrt( Sum f_i^2 / 3N )
----------------------------------------
   Max    1.949017    constrained

Stress tensor Voigt[x,y,z,yz,xz,xy] (kbar):     -174.56     -309.33     -162.77        0.00       -0.00       -0.00
(Free)E + p*V (eV/cell)   -31559.2448
Target enthalpy (eV/cell)   -31574.3912

siesta: Stress tensor (static) (eV/Ang**3):
        -0.108952   -0.000000   -0.000000
        -0.000000   -0.193072    0.000000
        -0.000000    0.000000   -0.101590

siesta: Pressure (static):        215.55387571  kBar

siesta: Stress tensor (total) (eV/Ang**3):
        -0.108952   -0.000000   -0.000000
        -0.000000   -0.193072    0.000000
        -0.000000    0.000000   -0.101590

siesta: Pressure (total):        215.55387571  kBar

                     ====================================
                        Begin CG opt. move =      2
                     ====================================
k-point displ. along   1 input, could be:     0.00    0.50
k-point displ. along   2 input, could be:     0.00    0.50
k-point displ. along   3 input, could be:     0.00    0.50
 Kpoints in:           32 . Kpoints trimmed:           31

siesta: k-grid: Number of k-points = 31
siesta: k-points from Monkhorst-Pack grid
siesta: k-cutoff (effective) =     7.189 Ang
siesta: k-point supercell and displacements
siesta: k-grid:     2     0     0      0.000
siesta: k-grid:     0     6     0      0.000
siesta: k-grid:     0     0     4      0.000

superc: Internal auxiliary supercell:     5 x    13 x     9  =     585
superc: Number of atoms, orbitals, and projectors:   5850 137475 105300

outcell: Unit cell vectors (Ang):
       12.712972    0.000000   -0.000000
        0.000000    2.578255    0.000000
       -0.000000    0.000000    3.594563

outcell: Cell vector modules (Ang)   :   12.712972    2.578255    3.594563
outcell: Cell angles (23,13,12) (deg):     90.0000     90.0000     90.0000
outcell: Cell volume (Ang**3)        :    117.8200
<dSpData1D:S at geom step 2
  <sparsity:sparsity for geom step 2
    nrows_g=235 nrows=12 sparsity=1.7458 nnzs=96413, refcount: 7>
  <dData1D:(new from dSpData1D) n=96413, refcount: 1>
refcount: 1>
new_DM -- step:     3
Re-using DM from previous geometries...
Number of DMs in history: 1
 DM extrapolation coefficients: 
1   1.00000
New DM after history re-use:
<dSpData2D:SpM extrapolated using coords
  <sparsity:sparsity for geom step 2
    nrows_g=235 nrows=12 sparsity=1.7458 nnzs=96413, refcount: 9>
  <dData2D:(temp array for extrapolation) n=96413 m=2, refcount: 1>
refcount: 1>
Note: For starting DM, Qtot, Tr[D*S] =        152.00000000        152.19857532
No. of atoms with KB's overlaping orbs in proc 0. Max # of overlaps:     215    1318

InitMesh: MESH = 144 x 30 x 40 = 172800
InitMesh: Mesh cutoff (required, used) =   300.000   342.239 Ry
New grid distribution [1]: sub = 2
New grid distribution [2]: sub = 2
New grid distribution [3]: sub = 2
Setting up quadratic distribution...

        iscf     Eharris(eV)        E_KS(eV)     FreeEng(eV)     dDmax    Ef(eV) dHmax(eV)
   scf:    1   -31072.628722   -31406.297887   -31406.318316  3.309499 -6.732836 88.588360
     spin moment: {S} , |S| = {        0.0        0.0   -2.19702 }    -2.19702
   scf:    2    84684.848270     6078.671960     6078.667863********** -7.881143**********
     spin moment: {S} , |S| = {        0.0        0.0   -0.00672 }    -0.00672
   scf:    3   -37003.692680   -31391.172108   -31391.197085********** -5.816565 87.803472
     spin moment: {S} , |S| = {        0.0        0.0   -2.47973 }    -2.47973
   scf:    4   -31604.568159   -31518.090442   -31518.109103  5.164459 -6.273903 56.302393
     spin moment: {S} , |S| = {        0.0        0.0   -2.65213 }    -2.65213
   scf:    5   -31571.819138   -31547.927137   -31547.940699  1.900258 -6.507192 40.416631
     spin moment: {S} , |S| = {        0.0        0.0   -2.71792 }    -2.71792
   scf:    6   -31550.392472   -31549.285194   -31549.299706  0.084022 -6.528221 39.931465
     spin moment: {S} , |S| = {        0.0        0.0   -2.67374 }    -2.67374
   scf:    7   -31571.629035   -31561.450550   -31561.465772  0.698199 -6.541214 28.393655
     spin moment: {S} , |S| = {        0.0        0.0   -2.69173 }    -2.69173
   scf:    8   -31579.054461   -31572.651705   -31572.663844  0.432305 -6.543873 10.406631
     spin moment: {S} , |S| = {        0.0        0.0   -2.59169 }    -2.59169
   scf:    9   -31575.542395   -31574.357458   -31574.369366  0.204106 -6.565560  5.000796
     spin moment: {S} , |S| = {        0.0        0.0   -2.56808 }    -2.56808
   scf:   10   -31575.240694   -31575.018329   -31575.030686  0.146379 -6.592738  1.778618
     spin moment: {S} , |S| = {        0.0        0.0   -2.53511 }    -2.53511
   scf:   11   -31573.654927   -31574.572010   -31574.585777  0.171598 -6.635858  5.972161
     spin moment: {S} , |S| = {        0.0        0.0   -2.55401 }    -2.55401
   scf:   12   -31573.778517   -31574.855450   -31574.867444  0.216698 -6.609917  3.917643
     spin moment: {S} , |S| = {        0.0        0.0   -2.51086 }    -2.51086
   scf:   13   -31575.071125   -31575.083909   -31575.096855  0.078401 -6.618178  0.221080
     spin moment: {S} , |S| = {        0.0        0.0   -2.52389 }    -2.52389
   scf:   14   -31574.969944   -31575.044339   -31575.057496  0.062485 -6.611964  1.533196
     spin moment: {S} , |S| = {        0.0        0.0   -2.53965 }    -2.53965
   scf:   15   -31575.074412   -31575.085196   -31575.098022  0.029336 -6.615313  0.194114
     spin moment: {S} , |S| = {        0.0        0.0   -2.52580 }    -2.52580
   scf:   16   -31575.084243   -31575.085967   -31575.098794  0.038561 -6.612094  0.134709
     spin moment: {S} , |S| = {        0.0        0.0   -2.53260 }    -2.53260
   scf:   17   -31575.086427   -31575.086507   -31575.099315  0.014848 -6.614002  0.047898
     spin moment: {S} , |S| = {        0.0        0.0   -2.53385 }    -2.53385
   scf:   18   -31575.086735   -31575.086646   -31575.099424  0.004996 -6.613213  0.032968
     spin moment: {S} , |S| = {        0.0        0.0   -2.53501 }    -2.53501
   scf:   19   -31575.086750   -31575.086713   -31575.099475  0.004711 -6.612674  0.015411
     spin moment: {S} , |S| = {        0.0        0.0   -2.53658 }    -2.53658
   scf:   20   -31575.086921   -31575.086815   -31575.099548  0.003363 -6.613217  0.011878
     spin moment: {S} , |S| = {        0.0        0.0   -2.53991 }    -2.53991
   scf:   21   -31575.086939   -31575.086875   -31575.099587  0.001916 -6.613396  0.009774
     spin moment: {S} , |S| = {        0.0        0.0   -2.54222 }    -2.54222
   scf:   22   -31575.087023   -31575.086945   -31575.099628  0.002369 -6.613649  0.008081
     spin moment: {S} , |S| = {        0.0        0.0   -2.54540 }    -2.54540
   scf:   23   -31575.087101   -31575.087017   -31575.099662  0.003325 -6.613842  0.003536
     spin moment: {S} , |S| = {        0.0        0.0   -2.54945 }    -2.54945
   scf:   24   -31575.087048   -31575.087032   -31575.099667  0.000930 -6.613850  0.003189
     spin moment: {S} , |S| = {        0.0        0.0   -2.55043 }    -2.55043
   scf:   25   -31575.087055   -31575.087043   -31575.099671  0.000556 -6.613853  0.002758
     spin moment: {S} , |S| = {        0.0        0.0   -2.55113 }    -2.55113
   scf:   26   -31575.087085   -31575.087064   -31575.099676  0.001035 -6.613839  0.002192
     spin moment: {S} , |S| = {        0.0        0.0   -2.55242 }    -2.55242
   scf:   27   -31575.087092   -31575.087077   -31575.099679  0.000789 -6.613822  0.001576
     spin moment: {S} , |S| = {        0.0        0.0   -2.55333 }    -2.55333
   scf:   28   -31575.087085   -31575.087081   -31575.099679  0.000214 -6.613804  0.001431
     spin moment: {S} , |S| = {        0.0        0.0   -2.55353 }    -2.55353

SCF Convergence by DM criterion
max |DM_out - DM_in|         :     0.0002143217
max |H_out - H_in|      (eV) :     0.0014314810
SCF cycle converged after 28 iterations

Using DM_out to compute the final energy and forces
No. of atoms with KB's overlaping orbs in proc 0. Max # of overlaps:     215    1318

siesta: E_KS(eV) =           -31575.0871

siesta: Atomic forces (eV/Ang):
     1    1.252124    0.000000    0.000000
     2   -0.887864    0.000000   -0.000000
     3   -0.346089    0.000000    0.000000
     4    0.118918   -0.000000   -0.000000
     5   -0.000958   -0.000000   -0.000000
     6    0.185120    0.000000    0.000000
     7   -0.283522   -0.000000    0.000000
     8    0.177383   -0.000000    0.000000
     9   -0.144538    0.000000    0.000000
    10   -0.065208    0.000000   -0.000000
----------------------------------------
   Tot    0.005365    0.000000    0.000000
----------------------------------------
   Max    1.252124
   Res    0.297842    sqrt( Sum f_i^2 / 3N )
----------------------------------------
   Max    1.252124    constrained

Stress tensor Voigt[x,y,z,yz,xz,xy] (kbar):      -89.50     -183.61      -65.70        0.00        0.00       -0.00
(Free)E + p*V (eV/cell)   -31566.7949
Target enthalpy (eV/cell)   -31575.0997

siesta: Stress tensor (static) (eV/Ang**3):
        -0.055859   -0.000000    0.000000
        -0.000000   -0.114598    0.000000
         0.000000    0.000000   -0.041005

siesta: Pressure (static):        112.93291920  kBar

siesta: Stress tensor (total) (eV/Ang**3):
        -0.055859   -0.000000    0.000000
        -0.000000   -0.114598    0.000000
         0.000000    0.000000   -0.041005

siesta: Pressure (total):        112.93291920  kBar

                     ====================================
                        Begin CG opt. move =      3
                     ====================================
k-point displ. along   1 input, could be:     0.00    0.50
k-point displ. along   2 input, could be:     0.00    0.50
k-point displ. along   3 input, could be:     0.00    0.50
 Kpoints in:           32 . Kpoints trimmed:           31

siesta: k-grid: Number of k-points = 31
siesta: k-points from Monkhorst-Pack grid
siesta: k-cutoff (effective) =     7.277 Ang
siesta: k-point supercell and displacements
siesta: k-grid:     2     0     0      0.000
siesta: k-grid:     0     6     0      0.000
siesta: k-grid:     0     0     4      0.000

superc: Internal auxiliary supercell:     3 x    11 x     9  =     297
superc: Number of atoms, orbitals, and projectors:   2970  69795  53460

outcell: Unit cell vectors (Ang):
       12.871132    0.000000   -0.000000
        0.000000    2.630940    0.000000
       -0.000000    0.000000    3.638583

outcell: Cell vector modules (Ang)   :   12.871132    2.630940    3.638583
outcell: Cell angles (23,13,12) (deg):     90.0000     90.0000     90.0000
outcell: Cell volume (Ang**3)        :    123.2140
<dSpData1D:S at geom step 3
  <sparsity:sparsity for geom step 3
    nrows_g=235 nrows=12 sparsity=1.6719 nnzs=92328, refcount: 7>
  <dData1D:(new from dSpData1D) n=92328, refcount: 1>
refcount: 1>
new_DM -- step:     4
Re-using DM from previous geometries...
Number of DMs in history: 1
 DM extrapolation coefficients: 
1   1.00000
New DM after history re-use:
<dSpData2D:SpM extrapolated using coords
  <sparsity:sparsity for geom step 3
    nrows_g=235 nrows=12 sparsity=1.6719 nnzs=92328, refcount: 9>
  <dData2D:(temp array for extrapolation) n=92328 m=2, refcount: 1>
refcount: 1>
Note: For starting DM, Qtot, Tr[D*S] =        152.00000000        152.17952383
No. of atoms with KB's overlaping orbs in proc 0. Max # of overlaps:     206    1288

InitMesh: MESH = 144 x 30 x 40 = 172800
InitMesh: Mesh cutoff (required, used) =   300.000   334.008 Ry
New grid distribution [1]: sub = 2
New grid distribution [2]: sub = 2
New grid distribution [3]: sub = 2
Setting up quadratic distribution...

        iscf     Eharris(eV)        E_KS(eV)     FreeEng(eV)     dDmax    Ef(eV) dHmax(eV)
   scf:    1   -31124.030984   -31423.689347   -31423.709968  3.154184 -6.648364 83.180619
     spin moment: {S} , |S| = {        0.0        0.0   -2.31801 }    -2.31801
   scf:    2    81700.754668     5162.749687     5162.749500********** -7.189808**********
     spin moment: {S} , |S| = {        0.0        0.0   -0.00024 }    -0.00024
   scf:    3   -36599.437353   -31416.411563   -31416.433976********** -5.834937 81.429376
     spin moment: {S} , |S| = {        0.0        0.0   -2.82661 }    -2.82661
   scf:    4   -31594.069257   -31521.325875   -31521.342077  3.481583 -6.213496 54.447398
     spin moment: {S} , |S| = {        0.0        0.0   -2.88846 }    -2.88846
   scf:    5   -31577.683769   -31553.894150   -31553.909353  1.556816 -6.458114 36.321877
     spin moment: {S} , |S| = {        0.0        0.0   -2.80671 }    -2.80671
   scf:    6   -31555.315686   -31554.624495   -31554.640062  0.040175 -6.463998 35.909594
     spin moment: {S} , |S| = {        0.0        0.0   -2.79740 }    -2.79740
   scf:    7   -31569.397718   -31562.549307   -31562.563253  0.397492 -6.466756 27.836500
     spin moment: {S} , |S| = {        0.0        0.0   -2.81589 }    -2.81589
   scf:    8   -31579.631259   -31573.459138   -31573.470990  0.388083 -6.480686  9.890042
     spin moment: {S} , |S| = {        0.0        0.0   -2.74762 }    -2.74762
   scf:    9   -31575.914930   -31575.301445   -31575.314062  0.130715 -6.498793  2.396939
     spin moment: {S} , |S| = {        0.0        0.0   -2.67883 }    -2.67883
   scf:   10   -31575.452636   -31575.394358   -31575.406892  0.060537 -6.512022  1.297851
     spin moment: {S} , |S| = {        0.0        0.0   -2.66345 }    -2.66345
   scf:   11   -31575.434720   -31575.430263   -31575.442989  0.069730 -6.528727  0.227599
     spin moment: {S} , |S| = {        0.0        0.0   -2.65125 }    -2.65125
   scf:   12   -31575.431360   -31575.430864   -31575.443584  0.006904 -6.528335  0.198647
     spin moment: {S} , |S| = {        0.0        0.0   -2.65255 }    -2.65255
   scf:   13   -31575.430715   -31575.431653   -31575.444241  0.012989 -6.527294  0.193813
     spin moment: {S} , |S| = {        0.0        0.0   -2.65136 }    -2.65136
   scf:   14   -31575.404522   -31575.424189   -31575.437056  0.038438 -6.528238  0.764662
     spin moment: {S} , |S| = {        0.0        0.0   -2.66475 }    -2.66475
   scf:   15   -31575.430505   -31575.433011   -31575.445561  0.021477 -6.525228  0.134932
     spin moment: {S} , |S| = {        0.0        0.0   -2.66018 }    -2.66018
   scf:   16   -31575.433254   -31575.433330   -31575.445907  0.005332 -6.524862  0.030152
     spin moment: {S} , |S| = {        0.0        0.0   -2.66352 }    -2.66352
   scf:   17   -31575.433538   -31575.433439   -31575.445986  0.003234 -6.524766  0.020482
     spin moment: {S} , |S| = {        0.0        0.0   -2.66556 }    -2.66556
   scf:   18   -31575.433642   -31575.433538   -31575.446059  0.003500 -6.524961  0.017575
     spin moment: {S} , |S| = {        0.0        0.0   -2.66841 }    -2.66841
   scf:   19   -31575.433612   -31575.433575   -31575.446086  0.001191 -6.525075  0.012702
     spin moment: {S} , |S| = {        0.0        0.0   -2.66966 }    -2.66966
   scf:   20   -31575.433759   -31575.433664   -31575.446146  0.002985 -6.525157  0.011549
     spin moment: {S} , |S| = {        0.0        0.0   -2.67296 }    -2.67296
   scf:   21   -31575.433923   -31575.433783   -31575.446216  0.004779 -6.525379  0.005280
     spin moment: {S} , |S| = {        0.0        0.0   -2.67880 }    -2.67880
   scf:   22   -31575.433872   -31575.433825   -31575.446235  0.002047 -6.525479  0.003599
     spin moment: {S} , |S| = {        0.0        0.0   -2.68161 }    -2.68161
   scf:   23   -31575.433855   -31575.433840   -31575.446241  0.000904 -6.525459  0.003853
     spin moment: {S} , |S| = {        0.0        0.0   -2.68278 }    -2.68278
   scf:   24   -31575.433862   -31575.433850   -31575.446245  0.000696 -6.525430  0.003066
     spin moment: {S} , |S| = {        0.0        0.0   -2.68370 }    -2.68370
   scf:   25   -31575.433875   -31575.433862   -31575.446248  0.000787 -6.525336  0.002744
     spin moment: {S} , |S| = {        0.0        0.0   -2.68473 }    -2.68473
   scf:   26   -31575.433879   -31575.433871   -31575.446250  0.000765 -6.525270  0.001526
     spin moment: {S} , |S| = {        0.0        0.0   -2.68558 }    -2.68558
   scf:   27   -31575.433875   -31575.433873   -31575.446250  0.000359 -6.525246  0.001171
     spin moment: {S} , |S| = {        0.0        0.0   -2.68583 }    -2.68583

SCF Convergence by DM criterion
max |DM_out - DM_in|         :     0.0003592101
max |H_out - H_in|      (eV) :     0.0011706081
SCF cycle converged after 27 iterations

Using DM_out to compute the final energy and forces
No. of atoms with KB's overlaping orbs in proc 0. Max # of overlaps:     206    1288

siesta: E_KS(eV) =           -31575.4339

siesta: Atomic forces (eV/Ang):
     1    0.714957   -0.000000   -0.000000
     2   -0.558373   -0.000000   -0.000000
     3   -0.312321    0.000000    0.000000
     4   -0.259149   -0.000000    0.000000
     5    0.371951    0.000000    0.000000
     6    0.376489   -0.000000    0.000000
     7   -0.331981    0.000000   -0.000000
     8    0.175728    0.000000    0.000000
     9   -0.076402   -0.000000    0.000000
    10   -0.098667    0.000000   -0.000000
----------------------------------------
   Tot    0.002232   -0.000000    0.000000
----------------------------------------
   Max    0.714957
   Res    0.217899    sqrt( Sum f_i^2 / 3N )
----------------------------------------
   Max    0.714957    constrained

Stress tensor Voigt[x,y,z,yz,xz,xy] (kbar):      -22.04      -83.60        8.91        0.00        0.00       -0.00
(Free)E + p*V (eV/cell)   -31572.9666
Target enthalpy (eV/cell)   -31575.4463

siesta: Stress tensor (static) (eV/Ang**3):
        -0.013754   -0.000000    0.000000
        -0.000000   -0.052178    0.000000
         0.000000    0.000000    0.005558

siesta: Pressure (static):         32.24340334  kBar

siesta: Stress tensor (total) (eV/Ang**3):
        -0.013754   -0.000000    0.000000
        -0.000000   -0.052178    0.000000
         0.000000    0.000000    0.005558

siesta: Pressure (total):         32.24340334  kBar

                     ====================================
                        Begin CG opt. move =      4
                     ====================================
k-point displ. along   1 input, could be:     0.00    0.50
k-point displ. along   2 input, could be:     0.00    0.50
k-point displ. along   3 input, could be:     0.00    0.50
 Kpoints in:           32 . Kpoints trimmed:           31

siesta: k-grid: Number of k-points = 31
siesta: k-points from Monkhorst-Pack grid
siesta: k-cutoff (effective) =     7.365 Ang
siesta: k-point supercell and displacements
siesta: k-grid:     2     0     0      0.000
siesta: k-grid:     0     6     0      0.000
siesta: k-grid:     0     0     4      0.000

superc: Internal auxiliary supercell:     3 x    11 x     9  =     297
superc: Number of atoms, orbitals, and projectors:   2970  69795  53460

outcell: Unit cell vectors (Ang):
       13.029292    0.000000   -0.000000
        0.000000    2.683625    0.000000
       -0.000000    0.000000    3.682604

outcell: Cell vector modules (Ang)   :   13.029292    2.683625    3.682604
outcell: Cell angles (23,13,12) (deg):     90.0000     90.0000     90.0000
outcell: Cell volume (Ang**3)        :    128.7650
<dSpData1D:S at geom step 4
  <sparsity:sparsity for geom step 4
    nrows_g=235 nrows=12 sparsity=1.5819 nnzs=87363, refcount: 7>
  <dData1D:(new from dSpData1D) n=87363, refcount: 1>
refcount: 1>
new_DM -- step:     5
Re-using DM from previous geometries...
Number of DMs in history: 1
 DM extrapolation coefficients: 
1   1.00000
New DM after history re-use:
<dSpData2D:SpM extrapolated using coords
  <sparsity:sparsity for geom step 4
    nrows_g=235 nrows=12 sparsity=1.5819 nnzs=87363, refcount: 9>
  <dData2D:(temp array for extrapolation) n=87363 m=2, refcount: 1>
refcount: 1>
Note: For starting DM, Qtot, Tr[D*S] =        152.00000000        152.15674520
No. of atoms with KB's overlaping orbs in proc 0. Max # of overlaps:     197    1176

InitMesh: MESH = 144 x 30 x 40 = 172800
InitMesh: Mesh cutoff (required, used) =   300.000   326.071 Ry
New grid distribution [1]: sub = 2
New grid distribution [2]: sub = 2
New grid distribution [3]: sub = 2
Setting up quadratic distribution...

        iscf     Eharris(eV)        E_KS(eV)     FreeEng(eV)     dDmax    Ef(eV) dHmax(eV)
   scf:    1   -31288.150585   -31478.337424   -31478.356118  2.665233 -6.577920 64.481559
     spin moment: {S} , |S| = {        0.0        0.0   -2.56817 }    -2.56817
   scf:    2    72251.675333     2290.660802     2290.653852********** -3.062484998.640778
     spin moment: {S} , |S| = {        0.0        0.0   -0.03530 }    -0.03530
   scf:    3   -34844.890289   -31520.365297   -31520.384170********** -6.114962 51.613360
     spin moment: {S} , |S| = {        0.0        0.0   -3.17612 }    -3.17612
   scf:    4   -31577.044891   -31553.577598   -31553.593806  0.870516 -6.342601 35.893968
     spin moment: {S} , |S| = {        0.0        0.0   -2.94560 }    -2.94560
   scf:    5   -31574.477680   -31565.449348   -31565.465901  0.500616 -6.421312 25.407157
     spin moment: {S} , |S| = {        0.0        0.0   -2.96738 }    -2.96738
   scf:    6   -31565.160195   -31565.314635   -31565.331487  0.024299 -6.424381 25.747693
     spin moment: {S} , |S| = {        0.0        0.0   -2.97478 }    -2.97478
   scf:    7   -31572.881241   -31569.355589   -31569.370434  0.236903 -6.420431 19.979650
     spin moment: {S} , |S| = {        0.0        0.0   -2.89051 }    -2.89051
   scf:    8   -31575.198314   -31572.615438   -31572.627745  0.140840 -6.409337 12.690138
     spin moment: {S} , |S| = {        0.0        0.0   -2.86757 }    -2.86757
   scf:    9   -31576.436659   -31575.047500   -31575.060650  0.109574 -6.425168  4.678411
     spin moment: {S} , |S| = {        0.0        0.0   -2.80923 }    -2.80923
   scf:   10   -31575.449782   -31575.465207   -31575.478620  0.113790 -6.426314  0.574973
     spin moment: {S} , |S| = {        0.0        0.0   -2.74801 }    -2.74801
   scf:   11   -31575.473222   -31575.479106   -31575.492768  0.047639 -6.438098  0.571628
     spin moment: {S} , |S| = {        0.0        0.0   -2.73981 }    -2.73981
   scf:   12   -31575.225189   -31575.394515   -31575.407644  0.050111 -6.430651  2.453553
     spin moment: {S} , |S| = {        0.0        0.0   -2.72606 }    -2.72606
   scf:   13   -31575.386695   -31575.472400   -31575.486131  0.059582 -6.436920  0.871770
     spin moment: {S} , |S| = {        0.0        0.0   -2.75577 }    -2.75577
   scf:   14   -31575.461732   -31575.467557   -31575.481347  0.013897 -6.439134  1.099632
     spin moment: {S} , |S| = {        0.0        0.0   -2.75797 }    -2.75797
   scf:   15   -31575.492142   -31575.484734   -31575.498454  0.022404 -6.436468  0.305793
     spin moment: {S} , |S| = {        0.0        0.0   -2.75270 }    -2.75270
   scf:   16   -31575.478000   -31575.484327   -31575.497929  0.017202 -6.433739  0.347325
     spin moment: {S} , |S| = {        0.0        0.0   -2.74929 }    -2.74929
   scf:   17   -31575.486360   -31575.486400   -31575.500069  0.011427 -6.433126  0.023040
     spin moment: {S} , |S| = {        0.0        0.0   -2.75563 }    -2.75563
   scf:   18   -31575.486459   -31575.486431   -31575.500103  0.001201 -6.433115  0.017131
     spin moment: {S} , |S| = {        0.0        0.0   -2.75632 }    -2.75632
   scf:   19   -31575.486517   -31575.486473   -31575.500152  0.002142 -6.433125  0.014723
     spin moment: {S} , |S| = {        0.0        0.0   -2.75790 }    -2.75790
   scf:   20   -31575.486565   -31575.486516   -31575.500207  0.002371 -6.433166  0.012279
     spin moment: {S} , |S| = {        0.0        0.0   -2.75998 }    -2.75998
   scf:   21   -31575.486636   -31575.486569   -31575.500279  0.003698 -6.433213  0.010956
     spin moment: {S} , |S| = {        0.0        0.0   -2.76380 }    -2.76380
   scf:   22   -31575.486584   -31575.486576   -31575.500290  0.001069 -6.433281  0.008584
     spin moment: {S} , |S| = {        0.0        0.0   -2.76458 }    -2.76458
   scf:   23   -31575.486595   -31575.486585   -31575.500305  0.000904 -6.433274  0.006399
     spin moment: {S} , |S| = {        0.0        0.0   -2.76576 }    -2.76576
   scf:   24   -31575.486608   -31575.486593   -31575.500326  0.002121 -6.433210  0.003778
     spin moment: {S} , |S| = {        0.0        0.0   -2.76814 }    -2.76814
   scf:   25   -31575.486595   -31575.486593   -31575.500333  0.001272 -6.433202  0.002533
     spin moment: {S} , |S| = {        0.0        0.0   -2.76961 }    -2.76961
   scf:   26   -31575.486593   -31575.486593   -31575.500334  0.000406 -6.433205  0.002093
     spin moment: {S} , |S| = {        0.0        0.0   -2.76994 }    -2.76994

SCF Convergence by DM criterion
max |DM_out - DM_in|         :     0.0004056023
max |H_out - H_in|      (eV) :     0.0020932054
SCF cycle converged after 26 iterations

Using DM_out to compute the final energy and forces
No. of atoms with KB's overlaping orbs in proc 0. Max # of overlaps:     197    1176

siesta: E_KS(eV) =           -31575.4866

siesta: Atomic forces (eV/Ang):
     1    0.331531    0.000000   -0.000000
     2   -0.261666    0.000000   -0.000000
     3   -0.222520    0.000000   -0.000000
     4   -0.607202   -0.000000    0.000000
     5    0.733295    0.000000    0.000000
     6    0.421592    0.000000    0.000000
     7   -0.375045   -0.000000    0.000000
     8    0.147186    0.000000   -0.000000
     9    0.002160   -0.000000    0.000000
    10   -0.175053   -0.000000    0.000000
----------------------------------------
   Tot   -0.005722    0.000000    0.000000
----------------------------------------
   Max    0.733295
   Res    0.223981    sqrt( Sum f_i^2 / 3N )
----------------------------------------
   Max    0.733295    constrained

Stress tensor Voigt[x,y,z,yz,xz,xy] (kbar):       25.87       -6.27       65.28       -0.00        0.00        0.00
(Free)E + p*V (eV/cell)   -31577.7743
Target enthalpy (eV/cell)   -31575.5003

siesta: Stress tensor (static) (eV/Ang**3):
         0.016146   -0.000000    0.000000
         0.000000   -0.003915    0.000000
         0.000000   -0.000000    0.040747

siesta: Pressure (static):        -28.29364361  kBar

siesta: Stress tensor (total) (eV/Ang**3):
         0.016146   -0.000000    0.000000
         0.000000   -0.003915    0.000000
         0.000000   -0.000000    0.040747

siesta: Pressure (total):        -28.29364361  kBar

                     ====================================
                        Begin CG opt. move =      5
                     ====================================
k-point displ. along   1 input, could be:     0.00    0.50
k-point displ. along   2 input, could be:     0.00    0.50
k-point displ. along   3 input, could be:     0.00    0.50
 Kpoints in:           32 . Kpoints trimmed:           31

siesta: k-grid: Number of k-points = 31
siesta: k-points from Monkhorst-Pack grid
siesta: k-cutoff (effective) =     7.340 Ang
siesta: k-point supercell and displacements
siesta: k-grid:     2     0     0      0.000
siesta: k-grid:     0     6     0      0.000
siesta: k-grid:     0     0     4      0.000

superc: Internal auxiliary supercell:     3 x    11 x     9  =     297
superc: Number of atoms, orbitals, and projectors:   2970  69795  53460

outcell: Unit cell vectors (Ang):
       12.984411    0.000000   -0.000000
        0.000000    2.668675    0.000000
       -0.000000    0.000000    3.670112

outcell: Cell vector modules (Ang)   :   12.984411    2.668675    3.670112
outcell: Cell angles (23,13,12) (deg):     90.0000     90.0000     90.0000
outcell: Cell volume (Ang**3)        :    127.1737
<dSpData1D:S at geom step 5
  <sparsity:sparsity for geom step 5
    nrows_g=235 nrows=12 sparsity=1.6246 nnzs=89719, refcount: 7>
  <dData1D:(new from dSpData1D) n=89719, refcount: 1>
refcount: 1>
new_DM -- step:     6
Re-using DM from previous geometries...
Number of DMs in history: 1
 DM extrapolation coefficients: 
1   1.00000
New DM after history re-use:
<dSpData2D:SpM extrapolated using coords
  <sparsity:sparsity for geom step 5
    nrows_g=235 nrows=12 sparsity=1.6246 nnzs=89719, refcount: 9>
  <dData2D:(temp array for extrapolation) n=89719 m=2, refcount: 1>
refcount: 1>
No. of atoms with KB's overlaping orbs in proc 0. Max # of overlaps:     202    1214

InitMesh: MESH = 144 x 30 x 40 = 172800
InitMesh: Mesh cutoff (required, used) =   300.000   328.294 Ry
New grid distribution [1]: sub = 2
New grid distribution [2]: sub = 2
New grid distribution [3]: sub = 2
Setting up quadratic distribution...

        iscf     Eharris(eV)        E_KS(eV)     FreeEng(eV)     dDmax    Ef(eV) dHmax(eV)
   scf:    1   -31566.096516   -31572.894857   -31572.906827  0.761828 -6.401388  9.751656
     spin moment: {S} , |S| = {        0.0        0.0   -2.86166 }    -2.86166
   scf:    2   -22503.093946   -28582.409011   -28582.417710 42.188015 -5.070340390.493982
     spin moment: {S} , |S| = {        0.0        0.0   -0.64733 }    -0.64733
   scf:    3   -31624.367206   -31574.258032   -31574.273844 42.096373 -6.461340  7.312404
     spin moment: {S} , |S| = {        0.0        0.0   -2.83262 }    -2.83262
   scf:    4   -31575.822923   -31575.343633   -31575.357601  0.083735 -6.467504  2.349541
     spin moment: {S} , |S| = {        0.0        0.0   -2.75090 }    -2.75090
   scf:    5   -31575.525432   -31575.452079   -31575.465552  0.025437 -6.465646  1.315939
     spin moment: {S} , |S| = {        0.0        0.0   -2.75590 }    -2.75590
   scf:    6   -31575.511422   -31575.490816   -31575.504140  0.018957 -6.462936  0.422523
     spin moment: {S} , |S| = {        0.0        0.0   -2.75514 }    -2.75514
   scf:    7   -31575.499515   -31575.497863   -31575.511091  0.031917 -6.458196  0.059846
     spin moment: {S} , |S| = {        0.0        0.0   -2.75517 }    -2.75517
   scf:    8   -31575.498075   -31575.498003   -31575.511213  0.007998 -6.457282  0.055477
     spin moment: {S} , |S| = {        0.0        0.0   -2.75534 }    -2.75534
   scf:    9   -31575.498057   -31575.498105   -31575.511293  0.007142 -6.457686  0.041312
     spin moment: {S} , |S| = {        0.0        0.0   -2.75364 }    -2.75364
   scf:   10   -31575.498200   -31575.498157   -31575.511339  0.003487 -6.458105  0.029780
     spin moment: {S} , |S| = {        0.0        0.0   -2.75303 }    -2.75303
   scf:   11   -31575.498225   -31575.498202   -31575.511378  0.003533 -6.458844  0.008653
     spin moment: {S} , |S| = {        0.0        0.0   -2.75175 }    -2.75175
   scf:   12   -31575.498234   -31575.498219   -31575.511385  0.001474 -6.459019  0.005108
     spin moment: {S} , |S| = {        0.0        0.0   -2.75092 }    -2.75092
   scf:   13   -31575.498237   -31575.498228   -31575.511388  0.000600 -6.459091  0.004216
     spin moment: {S} , |S| = {        0.0        0.0   -2.75031 }    -2.75031
   scf:   14   -31575.498238   -31575.498233   -31575.511389  0.000397 -6.459130  0.003938
     spin moment: {S} , |S| = {        0.0        0.0   -2.75001 }    -2.75001

SCF Convergence by DM criterion
max |DM_out - DM_in|         :     0.0003974992
max |H_out - H_in|      (eV) :     0.0039383172
SCF cycle converged after 14 iterations

Using DM_out to compute the final energy and forces
No. of atoms with KB's overlaping orbs in proc 0. Max # of overlaps:     202    1214

siesta: E_KS(eV) =           -31575.4982

siesta: Atomic forces (eV/Ang):
     1    0.445024    0.000000    0.000000
     2   -0.321119    0.000000   -0.000000
     3   -0.222035    0.000000   -0.000000
     4   -0.534668    0.000000   -0.000000
     5    0.622766   -0.000000   -0.000000
     6    0.372904   -0.000000    0.000000
     7   -0.378197   -0.000000    0.000000
     8    0.174808    0.000000    0.000000
     9   -0.008031    0.000000   -0.000000
    10   -0.160324    0.000000   -0.000000
----------------------------------------
   Tot   -0.008873   -0.000000    0.000000
----------------------------------------
   Max    0.622766
   Res    0.213119    sqrt( Sum f_i^2 / 3N )
----------------------------------------
   Max    0.622766    constrained

Stress tensor Voigt[x,y,z,yz,xz,xy] (kbar):       14.49      -28.78       49.85        0.00       -0.00        0.00
(Free)E + p*V (eV/cell)   -31576.4522
Target enthalpy (eV/cell)   -31575.5114

siesta: Stress tensor (static) (eV/Ang**3):
         0.009043    0.000000   -0.000000
         0.000000   -0.017964    0.000000
        -0.000000    0.000000    0.031115

siesta: Pressure (static):        -11.85273868  kBar

siesta: Stress tensor (total) (eV/Ang**3):
         0.009043    0.000000   -0.000000
         0.000000   -0.017964    0.000000
        -0.000000    0.000000    0.031115

siesta: Pressure (total):        -11.85273868  kBar

cgvc: Finished line minimization    1.  Mean atomic displacement =    0.1487

                     ====================================
                        Begin CG opt. move =      6
                     ====================================
k-point displ. along   1 input, could be:     0.00    0.50
k-point displ. along   2 input, could be:     0.00    0.50
k-point displ. along   3 input, could be:     0.00    0.50
 Kpoints in:           32 . Kpoints trimmed:           31

siesta: k-grid: Number of k-points = 31
siesta: k-points from Monkhorst-Pack grid
siesta: k-cutoff (effective) =     7.191 Ang
siesta: k-point supercell and displacements
siesta: k-grid:     2     0     0      0.000
siesta: k-grid:     0     6     0      0.000
siesta: k-grid:     0     0     4      0.000

superc: Internal auxiliary supercell:     5 x    11 x     9  =     495
superc: Number of atoms, orbitals, and projectors:   4950 116325  89100

outcell: Unit cell vectors (Ang):
       12.943444   -0.000000    0.000000
       -0.000000    2.721360   -0.000000
        0.000000   -0.000000    3.595607

outcell: Cell vector modules (Ang)   :   12.943444    2.721360    3.595607
outcell: Cell angles (23,13,12) (deg):     90.0000     90.0000     90.0000
outcell: Cell volume (Ang**3)        :    126.6508
<dSpData1D:S at geom step 6
  <sparsity:sparsity for geom step 6
    nrows_g=235 nrows=12 sparsity=1.6040 nnzs=88580, refcount: 7>
  <dData1D:(new from dSpData1D) n=88580, refcount: 1>
refcount: 1>
new_DM -- step:     7
Re-using DM from previous geometries...
Number of DMs in history: 1
 DM extrapolation coefficients: 
1   1.00000
New DM after history re-use:
<dSpData2D:SpM extrapolated using coords
  <sparsity:sparsity for geom step 6
    nrows_g=235 nrows=12 sparsity=1.6040 nnzs=88580, refcount: 9>
  <dData2D:(temp array for extrapolation) n=88580 m=2, refcount: 1>
refcount: 1>
No. of atoms with KB's overlaping orbs in proc 0. Max # of overlaps:     199    1188

InitMesh: MESH = 144 x 30 x 40 = 172800
InitMesh: Mesh cutoff (required, used) =   300.000   335.871 Ry
New grid distribution [1]: sub = 2
New grid distribution [2]: sub = 2
New grid distribution [3]: sub = 2
Setting up quadratic distribution...

        iscf     Eharris(eV)        E_KS(eV)     FreeEng(eV)     dDmax    Ef(eV) dHmax(eV)
   scf:    1   -30861.799697   -31339.197074   -31339.212205  3.168571 -6.301937111.738734
     spin moment: {S} , |S| = {        0.0        0.0   -2.03419 }    -2.03419
   scf:    2   106267.180842    13062.559325    13062.538695********** -8.121080**********
     spin moment: {S} , |S| = {        0.0        0.0   -0.23308 }    -0.23308
   scf:    3   -39120.130509   -31191.317119   -31191.338618********** -5.228154116.829700
     spin moment: {S} , |S| = {        0.0        0.0   -2.09634 }    -2.09634
   scf:    4   -31536.576448   -31390.353135   -31390.376305  5.453010 -5.710346 91.465163
     spin moment: {S} , |S| = {        0.0        0.0   -2.87712 }    -2.87712
   scf:    5   -31622.798197   -31556.493849   -31556.508562  5.031725 -6.475627 34.934290
     spin moment: {S} , |S| = {        0.0        0.0   -3.02376 }    -3.02376
   scf:    6   -31537.610654   -31548.356058   -31548.368881  0.284293 -6.382184 40.383431
     spin moment: {S} , |S| = {        0.0        0.0   -3.02825 }    -3.02825
   scf:    7   -31556.052497   -31552.300101   -31552.313028  0.171289 -6.390129 36.609692
     spin moment: {S} , |S| = {        0.0        0.0   -3.03566 }    -3.03566
   scf:    8   -31557.897321   -31555.142795   -31555.155799  0.097909 -6.404113 34.205208
     spin moment: {S} , |S| = {        0.0        0.0   -3.03761 }    -3.03761
   scf:    9   -31563.552418   -31559.470436   -31559.483838  0.139186 -6.419884 30.325099
     spin moment: {S} , |S| = {        0.0        0.0   -3.04852 }    -3.04852
   scf:   10   -31519.866585   -31564.869047   -31564.878764  0.661278 -6.415936 26.661052
     spin moment: {S} , |S| = {        0.0        0.0   -2.66891 }    -2.66891
   scf:   11   -31579.325898   -31574.686710   -31574.699065  0.290478 -6.454407  7.923221
     spin moment: {S} , |S| = {        0.0        0.0   -2.69411 }    -2.69411
   scf:   12   -31574.282608   -31574.496891   -31574.508942  0.025390 -6.456748  8.722373
     spin moment: {S} , |S| = {        0.0        0.0   -2.69193 }    -2.69193
   scf:   13   -31576.016521   -31575.600560   -31575.612846  0.067779 -6.471297  1.978822
     spin moment: {S} , |S| = {        0.0        0.0   -2.71830 }    -2.71830
   scf:   14   -31575.329283   -31575.592149   -31575.605030  0.091771 -6.491665  2.099798
     spin moment: {S} , |S| = {        0.0        0.0   -2.76092 }    -2.76092
   scf:   15   -31575.661688   -31575.631139   -31575.643919  0.016281 -6.492753  1.355992
     spin moment: {S} , |S| = {        0.0        0.0   -2.75212 }    -2.75212
   scf:   16   -31575.660733   -31575.652780   -31575.665622  0.021252 -6.490646  0.553023
     spin moment: {S} , |S| = {        0.0        0.0   -2.73911 }    -2.73911
   scf:   17   -31575.663972   -31575.663805   -31575.676279  0.019360 -6.487226  0.321733
     spin moment: {S} , |S| = {        0.0        0.0   -2.74338 }    -2.74338
   scf:   18   -31575.665453   -31575.664940   -31575.677367  0.011810 -6.489376  0.233910
     spin moment: {S} , |S| = {        0.0        0.0   -2.74367 }    -2.74367
   scf:   19   -31575.664938   -31575.665892   -31575.678187  0.009094 -6.488249  0.141768
     spin moment: {S} , |S| = {        0.0        0.0   -2.74076 }    -2.74076
   scf:   20   -31575.665531   -31575.665747   -31575.677974  0.004639 -6.488751  0.192895
     spin moment: {S} , |S| = {        0.0        0.0   -2.73916 }    -2.73916
   scf:   21   -31575.666546   -31575.666409   -31575.678595  0.005851 -6.490043  0.011308
     spin moment: {S} , |S| = {        0.0        0.0   -2.73902 }    -2.73902
   scf:   22   -31575.666466   -31575.666438   -31575.678607  0.001088 -6.490312  0.009022
     spin moment: {S} , |S| = {        0.0        0.0   -2.73828 }    -2.73828
   scf:   23   -31575.666556   -31575.666496   -31575.678634  0.002493 -6.490914  0.006975
     spin moment: {S} , |S| = {        0.0        0.0   -2.73670 }    -2.73670
   scf:   24   -31575.666568   -31575.666532   -31575.678648  0.001404 -6.491229  0.007052
     spin moment: {S} , |S| = {        0.0        0.0   -2.73578 }    -2.73578
   scf:   25   -31575.666648   -31575.666588   -31575.678668  0.002148 -6.491759  0.004332
     spin moment: {S} , |S| = {        0.0        0.0   -2.73424 }    -2.73424
   scf:   26   -31575.666674   -31575.666630   -31575.678681  0.001598 -6.492158  0.003589
     spin moment: {S} , |S| = {        0.0        0.0   -2.73305 }    -2.73305
   scf:   27   -31575.666664   -31575.666647   -31575.678685  0.000589 -6.492280  0.002914
     spin moment: {S} , |S| = {        0.0        0.0   -2.73270 }    -2.73270
   scf:   28   -31575.666690   -31575.666668   -31575.678691  0.000808 -6.492421  0.002783
     spin moment: {S} , |S| = {        0.0        0.0   -2.73238 }    -2.73238
   scf:   29   -31575.666697   -31575.666682   -31575.678694  0.000523 -6.492544  0.002656
     spin moment: {S} , |S| = {        0.0        0.0   -2.73215 }    -2.73215
   scf:   30   -31575.666683   -31575.666682   -31575.678694  0.000327 -6.492509  0.002101
     spin moment: {S} , |S| = {        0.0        0.0   -2.73236 }    -2.73236

SCF Convergence by DM criterion
max |DM_out - DM_in|         :     0.0003270657
max |H_out - H_in|      (eV) :     0.0021007699
SCF cycle converged after 30 iterations

Using DM_out to compute the final energy and forces
No. of atoms with KB's overlaping orbs in proc 0. Max # of overlaps:     199    1188

siesta: E_KS(eV) =           -31575.6667

siesta: Atomic forces (eV/Ang):
     1   -0.010944   -0.000000   -0.000000
     2   -0.109547    0.000000    0.000000
     3    0.047232    0.000000    0.000000
     4    0.715847   -0.000000    0.000000
     5   -0.500567    0.000000   -0.000000
     6    0.025427   -0.000000    0.000002
     7    0.074593    0.000000    0.000001
     8   -0.019802   -0.000000    0.000001
     9    0.286557   -0.000000    0.000000
    10   -0.503594    0.000000   -0.000001
----------------------------------------
   Tot    0.005202   -0.000000    0.000004
----------------------------------------
   Max    0.715847
   Res    0.193191    sqrt( Sum f_i^2 / 3N )
----------------------------------------
   Max    0.715847    constrained

Stress tensor Voigt[x,y,z,yz,xz,xy] (kbar):       -2.08      -16.17       22.38        0.00        0.00        0.00
(Free)E + p*V (eV/cell)   -31575.7876
Target enthalpy (eV/cell)   -31575.6787

siesta: Stress tensor (static) (eV/Ang**3):
        -0.001297   -0.000000    0.000000
         0.000000   -0.010094    0.000000
         0.000000    0.000000    0.013969

siesta: Pressure (static):         -1.37723000  kBar

siesta: Stress tensor (total) (eV/Ang**3):
        -0.001297   -0.000000    0.000000
         0.000000   -0.010094    0.000000
         0.000000    0.000000    0.013969

siesta: Pressure (total):         -1.37723000  kBar

                     ====================================
                        Begin CG opt. move =      7
                     ====================================
k-point displ. along   1 input, could be:     0.00    0.50
k-point displ. along   2 input, could be:     0.00    0.50
k-point displ. along   3 input, could be:     0.00    0.50
 Kpoints in:           32 . Kpoints trimmed:           31

siesta: k-grid: Number of k-points = 31
siesta: k-points from Monkhorst-Pack grid
siesta: k-cutoff (effective) =     7.204 Ang
siesta: k-point supercell and displacements
siesta: k-grid:     2     0     0      0.000
siesta: k-grid:     0     6     0      0.000
siesta: k-grid:     0     0     4      0.000

superc: Internal auxiliary supercell:     5 x    11 x     9  =     495
superc: Number of atoms, orbitals, and projectors:   4950 116325  89100

outcell: Unit cell vectors (Ang):
       12.946934   -0.000000    0.000000
       -0.000000    2.716872   -0.000000
        0.000000   -0.000000    3.601953

outcell: Cell vector modules (Ang)   :   12.946934    2.716872    3.601953
outcell: Cell angles (23,13,12) (deg):     90.0000     90.0000     90.0000
outcell: Cell volume (Ang**3)        :    126.6993
<dSpData1D:S at geom step 7
  <sparsity:sparsity for geom step 7
    nrows_g=235 nrows=12 sparsity=1.5975 nnzs=88220, refcount: 7>
  <dData1D:(new from dSpData1D) n=88220, refcount: 1>
refcount: 1>
new_DM -- step:     8
Re-using DM from previous geometries...
Number of DMs in history: 1
 DM extrapolation coefficients: 
1   1.00000
New DM after history re-use:
<dSpData2D:SpM extrapolated using coords
  <sparsity:sparsity for geom step 7
    nrows_g=235 nrows=12 sparsity=1.5975 nnzs=88220, refcount: 9>
  <dData2D:(temp array for extrapolation) n=88220 m=2, refcount: 1>
refcount: 1>
No. of atoms with KB's overlaping orbs in proc 0. Max # of overlaps:     199    1178

InitMesh: MESH = 144 x 30 x 40 = 172800
InitMesh: Mesh cutoff (required, used) =   300.000   336.982 Ry
New grid distribution [1]: sub = 2
New grid distribution [2]: sub = 2
New grid distribution [3]: sub = 2
Setting up quadratic distribution...

        iscf     Eharris(eV)        E_KS(eV)     FreeEng(eV)     dDmax    Ef(eV) dHmax(eV)
   scf:    1   -31574.477201   -31575.227886   -31575.238432  0.273285 -6.483663  4.612289
     spin moment: {S} , |S| = {        0.0        0.0   -2.82143 }    -2.82143
   scf:    2   -27056.303850   -30076.445739   -30076.459099  3.521599 -5.358037286.672792
     spin moment: {S} , |S| = {        0.0        0.0   -0.50876 }    -0.50876
   scf:    3   -31577.699141   -31575.507566   -31575.519782  3.503303 -6.497636  2.542565
     spin moment: {S} , |S| = {        0.0        0.0   -2.76528 }    -2.76528
   scf:    4   -31575.655215   -31575.609516   -31575.621264  0.031022 -6.496579  1.777182
     spin moment: {S} , |S| = {        0.0        0.0   -2.74949 }    -2.74949
   scf:    5   -31575.655089   -31575.634078   -31575.645838  0.009717 -6.496175  1.362853
     spin moment: {S} , |S| = {        0.0        0.0   -2.74860 }    -2.74860
   scf:    6   -31575.676009   -31575.658648   -31575.670376  0.013474 -6.494358  0.738845
     spin moment: {S} , |S| = {        0.0        0.0   -2.74199 }    -2.74199
   scf:    7   -31575.671487   -31575.668617   -31575.680253  0.018628 -6.490280  0.109640
     spin moment: {S} , |S| = {        0.0        0.0   -2.73773 }    -2.73773
   scf:    8   -31575.662719   -31575.667188   -31575.678761  0.015556 -6.487021  0.314824
     spin moment: {S} , |S| = {        0.0        0.0   -2.73459 }    -2.73459
   scf:    9   -31575.669424   -31575.668844   -31575.680472  0.004980 -6.488354  0.066732
     spin moment: {S} , |S| = {        0.0        0.0   -2.73597 }    -2.73597
   scf:   10   -31575.668932   -31575.668903   -31575.680542  0.001037 -6.488629  0.027233
     spin moment: {S} , |S| = {        0.0        0.0   -2.73622 }    -2.73622
   scf:   11   -31575.668908   -31575.668911   -31575.680555  0.000765 -6.488778  0.002663
     spin moment: {S} , |S| = {        0.0        0.0   -2.73629 }    -2.73629
   scf:   12   -31575.668910   -31575.668911   -31575.680557  0.000586 -6.488767  0.001893
     spin moment: {S} , |S| = {        0.0        0.0   -2.73627 }    -2.73627
   scf:   13   -31575.668910   -31575.668910   -31575.680557  0.000372 -6.488752  0.001173
     spin moment: {S} , |S| = {        0.0        0.0   -2.73626 }    -2.73626

SCF Convergence by DM criterion
max |DM_out - DM_in|         :     0.0003724113
max |H_out - H_in|      (eV) :     0.0011728702
SCF cycle converged after 13 iterations

Using DM_out to compute the final energy and forces
No. of atoms with KB's overlaping orbs in proc 0. Max # of overlaps:     199    1178

siesta: E_KS(eV) =           -31575.6689

siesta: Atomic forces (eV/Ang):
     1    0.036865   -0.000000   -0.000000
     2   -0.125351   -0.000000    0.000000
     3    0.014069   -0.000000    0.000001
     4    0.631437   -0.000000    0.000000
     5   -0.425413    0.000000   -0.000000
     6    0.066532    0.000000   -0.000000
     7    0.030383   -0.000000   -0.000000
     8   -0.010223   -0.000000    0.000001
     9    0.254801    0.000000   -0.000001
    10   -0.470136    0.000000   -0.000000
----------------------------------------
   Tot    0.002964   -0.000000    0.000001
----------------------------------------
   Max    0.631437
   Res    0.172082    sqrt( Sum f_i^2 / 3N )
----------------------------------------
   Max    0.631437    constrained

Stress tensor Voigt[x,y,z,yz,xz,xy] (kbar):        1.12      -16.18       25.86       -0.00        0.00        0.00
(Free)E + p*V (eV/cell)   -31575.9652
Target enthalpy (eV/cell)   -31575.6806

siesta: Stress tensor (static) (eV/Ang**3):
         0.000697    0.000000    0.000000
         0.000000   -0.010097   -0.000000
         0.000000   -0.000000    0.016139

siesta: Pressure (static):         -3.59890091  kBar

siesta: Stress tensor (total) (eV/Ang**3):
         0.000697    0.000000    0.000000
         0.000000   -0.010097   -0.000000
         0.000000   -0.000000    0.016139

siesta: Pressure (total):         -3.59890091  kBar

cgvc: Finished line minimization    2.  Mean atomic displacement =    0.1136

                     ====================================
                        Begin CG opt. move =      8
                     ====================================
k-point displ. along   1 input, could be:     0.00    0.50
k-point displ. along   2 input, could be:     0.00    0.50
k-point displ. along   3 input, could be:     0.00    0.50
 Kpoints in:           32 . Kpoints trimmed:           31

siesta: k-grid: Number of k-points = 31
siesta: k-points from Monkhorst-Pack grid
siesta: k-cutoff (effective) =     7.055 Ang
siesta: k-point supercell and displacements
siesta: k-grid:     2     0     0      0.000
siesta: k-grid:     0     6     0      0.000
siesta: k-grid:     0     0     4      0.000

superc: Internal auxiliary supercell:     5 x    11 x     9  =     495
superc: Number of atoms, orbitals, and projectors:   4950 116325  89100

outcell: Unit cell vectors (Ang):
       12.921855   -0.000000   -0.000000
       -0.000000    2.758968    0.000000
       -0.000000    0.000000    3.527445

outcell: Cell vector modules (Ang)   :   12.921855    2.758968    3.527445
outcell: Cell angles (23,13,12) (deg):     90.0000     90.0000     90.0000
outcell: Cell volume (Ang**3)        :    125.7569
<dSpData1D:S at geom step 8
  <sparsity:sparsity for geom step 8
    nrows_g=235 nrows=12 sparsity=1.6019 nnzs=88465, refcount: 7>
  <dData1D:(new from dSpData1D) n=88465, refcount: 1>
refcount: 1>
new_DM -- step:     9
Re-using DM from previous geometries...
Number of DMs in history: 1
 DM extrapolation coefficients: 
1   1.00000
New DM after history re-use:
<dSpData2D:SpM extrapolated using coords
  <sparsity:sparsity for geom step 8
    nrows_g=235 nrows=12 sparsity=1.6019 nnzs=88465, refcount: 9>
  <dData2D:(temp array for extrapolation) n=88465 m=2, refcount: 1>
refcount: 1>
No. of atoms with KB's overlaping orbs in proc 0. Max # of overlaps:     197    1167

InitMesh: MESH = 144 x 30 x 40 = 172800
InitMesh: Mesh cutoff (required, used) =   300.000   326.777 Ry
New grid distribution [1]: sub = 2
New grid distribution [2]: sub = 2
New grid distribution [3]: sub = 2
Setting up quadratic distribution...

        iscf     Eharris(eV)        E_KS(eV)     FreeEng(eV)     dDmax    Ef(eV) dHmax(eV)
   scf:    1   -31568.007434   -31573.978111   -31573.989610  0.967932 -6.443799  8.260768
     spin moment: {S} , |S| = {        0.0        0.0   -2.96981 }    -2.96981
   scf:    2   -23019.934227   -28747.723592   -28747.742029 34.623355 -4.694596354.330621
     spin moment: {S} , |S| = {        0.0        0.0   -0.34927 }    -0.34927
   scf:    3   -31649.234168   -31574.688370   -31574.702568 34.623717 -6.506002  6.815846
     spin moment: {S} , |S| = {        0.0        0.0   -2.73981 }    -2.73981
   scf:    4   -31575.992503   -31575.614446   -31575.626934  0.105035 -6.493893  1.804124
     spin moment: {S} , |S| = {        0.0        0.0   -2.81657 }    -2.81657
   scf:    5   -31575.733804   -31575.702962   -31575.715403  0.047229 -6.498691  0.999724
     spin moment: {S} , |S| = {        0.0        0.0   -2.84257 }    -2.84257
   scf:    6   -31575.726106   -31575.723292   -31575.735568  0.046623 -6.503601  0.259957
     spin moment: {S} , |S| = {        0.0        0.0   -2.85643 }    -2.85643
   scf:    7   -31575.729945   -31575.727769   -31575.740041  0.030668 -6.510806  0.237776
     spin moment: {S} , |S| = {        0.0        0.0   -2.85707 }    -2.85707
   scf:    8   -31575.729811   -31575.729756   -31575.742059  0.018725 -6.514029  0.130900
     spin moment: {S} , |S| = {        0.0        0.0   -2.85343 }    -2.85343
   scf:    9   -31575.729555   -31575.730320   -31575.742624  0.035975 -6.513242  0.199433
     spin moment: {S} , |S| = {        0.0        0.0   -2.85644 }    -2.85644
   scf:   10   -31575.731658   -31575.731149   -31575.743417  0.002554 -6.513074  0.098586
     spin moment: {S} , |S| = {        0.0        0.0   -2.85783 }    -2.85783
   scf:   11   -31575.728203   -31575.730654   -31575.742787  0.013546 -6.513162  0.221148
     spin moment: {S} , |S| = {        0.0        0.0   -2.86350 }    -2.86350
   scf:   12   -31575.731485   -31575.731582   -31575.743779  0.003873 -6.513214  0.019389
     spin moment: {S} , |S| = {        0.0        0.0   -2.86104 }    -2.86104
   scf:   13   -31575.731699   -31575.731640   -31575.743823  0.002594 -6.513237  0.016596
     spin moment: {S} , |S| = {        0.0        0.0   -2.86194 }    -2.86194
   scf:   14   -31575.731856   -31575.731746   -31575.743898  0.005113 -6.513047  0.012494
     spin moment: {S} , |S| = {        0.0        0.0   -2.86391 }    -2.86391
   scf:   15   -31575.731825   -31575.731785   -31575.743923  0.001452 -6.512892  0.011947
     spin moment: {S} , |S| = {        0.0        0.0   -2.86457 }    -2.86457
   scf:   16   -31575.732045   -31575.731907   -31575.743996  0.004125 -6.512487  0.007128
     spin moment: {S} , |S| = {        0.0        0.0   -2.86650 }    -2.86650
   scf:   17   -31575.732055   -31575.731977   -31575.744029  0.002578 -6.512249  0.007442
     spin moment: {S} , |S| = {        0.0        0.0   -2.86768 }    -2.86768
   scf:   18   -31575.732073   -31575.732023   -31575.744044  0.001224 -6.512150  0.005321
     spin moment: {S} , |S| = {        0.0        0.0   -2.86772 }    -2.86772
   scf:   19   -31575.732083   -31575.732053   -31575.744052  0.000667 -6.512063  0.006168
     spin moment: {S} , |S| = {        0.0        0.0   -2.86764 }    -2.86764
   scf:   20   -31575.732138   -31575.732095   -31575.744061  0.000922 -6.511957  0.005294
     spin moment: {S} , |S| = {        0.0        0.0   -2.86727 }    -2.86727
   scf:   21   -31575.732144   -31575.732119   -31575.744065  0.000481 -6.511923  0.004174
     spin moment: {S} , |S| = {        0.0        0.0   -2.86686 }    -2.86686

SCF Convergence by DM criterion
max |DM_out - DM_in|         :     0.0004806129
max |H_out - H_in|      (eV) :     0.0041741807
SCF cycle converged after 21 iterations

Using DM_out to compute the final energy and forces
No. of atoms with KB's overlaping orbs in proc 0. Max # of overlaps:     197    1167

siesta: E_KS(eV) =           -31575.7321

siesta: Atomic forces (eV/Ang):
     1   -0.276919   -0.000000   -0.000000
     2    0.308922   -0.000000   -0.000000
     3   -0.002151   -0.000000   -0.000001
     4   -0.161380    0.000001    0.000000
     5    0.156214   -0.000000    0.000001
     6   -0.250031   -0.000000    0.000003
     7    0.140580    0.000001    0.000000
     8    0.022362   -0.000001   -0.000001
     9    0.028867   -0.000001   -0.000000
    10    0.033271   -0.000000    0.000002
----------------------------------------
   Tot   -0.000265   -0.000002    0.000002
----------------------------------------
   Max    0.308922
   Res    0.101207    sqrt( Sum f_i^2 / 3N )
----------------------------------------
   Max    0.308922    constrained

Stress tensor Voigt[x,y,z,yz,xz,xy] (kbar):      -34.11      -11.79        7.09        0.00        0.00       -0.00
(Free)E + p*V (eV/cell)   -31574.7286
Target enthalpy (eV/cell)   -31575.7441

siesta: Stress tensor (static) (eV/Ang**3):
        -0.021291   -0.000000    0.000000
        -0.000000   -0.007361    0.000000
         0.000000    0.000000    0.004427

siesta: Pressure (static):         12.93737038  kBar

siesta: Stress tensor (total) (eV/Ang**3):
        -0.021291   -0.000000    0.000000
        -0.000000   -0.007361    0.000000
         0.000000    0.000000    0.004427

siesta: Pressure (total):         12.93737038  kBar

                     ====================================
                        Begin CG opt. move =      9
                     ====================================
k-point displ. along   1 input, could be:     0.00    0.50
k-point displ. along   2 input, could be:     0.00    0.50
k-point displ. along   3 input, could be:     0.00    0.50
 Kpoints in:           32 . Kpoints trimmed:           31

siesta: k-grid: Number of k-points = 31
siesta: k-points from Monkhorst-Pack grid
siesta: k-cutoff (effective) =     7.080 Ang
siesta: k-point supercell and displacements
siesta: k-grid:     2     0     0      0.000
siesta: k-grid:     0     6     0      0.000
siesta: k-grid:     0     0     4      0.000

superc: Internal auxiliary supercell:     5 x    11 x     9  =     495
superc: Number of atoms, orbitals, and projectors:   4950 116325  89100

outcell: Unit cell vectors (Ang):
       12.926027   -0.000000   -0.000000
       -0.000000    2.751965    0.000000
       -0.000000    0.000000    3.539841

outcell: Cell vector modules (Ang)   :   12.926027    2.751965    3.539841
outcell: Cell angles (23,13,12) (deg):     90.0000     90.0000     90.0000
outcell: Cell volume (Ang**3)        :    125.9191
<dSpData1D:S at geom step 9
  <sparsity:sparsity for geom step 9
    nrows_g=235 nrows=12 sparsity=1.5901 nnzs=87815, refcount: 7>
  <dData1D:(new from dSpData1D) n=87815, refcount: 1>
refcount: 1>
new_DM -- step:    10
Re-using DM from previous geometries...
Number of DMs in history: 1
 DM extrapolation coefficients: 
1   1.00000
New DM after history re-use:
<dSpData2D:SpM extrapolated using coords
  <sparsity:sparsity for geom step 9
    nrows_g=235 nrows=12 sparsity=1.5901 nnzs=87815, refcount: 9>
  <dData2D:(temp array for extrapolation) n=87815 m=2, refcount: 1>
refcount: 1>
No. of atoms with KB's overlaping orbs in proc 0. Max # of overlaps:     197    1167

InitMesh: MESH = 144 x 30 x 40 = 172800
InitMesh: Mesh cutoff (required, used) =   300.000   328.442 Ry
New grid distribution [1]: sub = 2
New grid distribution [2]: sub = 2
New grid distribution [3]: sub = 2
Setting up quadratic distribution...

        iscf     Eharris(eV)        E_KS(eV)     FreeEng(eV)     dDmax    Ef(eV) dHmax(eV)
   scf:    1   -31575.556273   -31575.515580   -31575.528723  0.141556 -6.536464  2.605064
     spin moment: {S} , |S| = {        0.0        0.0   -2.81497 }    -2.81497
   scf:    2   -30776.811732   -31311.670333   -31311.699653  5.644289 -5.437242 94.859244
     spin moment: {S} , |S| = {        0.0        0.0   -2.96427 }    -2.96427
   scf:    3   -31583.212502   -31575.704561   -31575.716469  5.554397 -6.516689  0.952247
     spin moment: {S} , |S| = {        0.0        0.0   -2.85803 }    -2.85803
   scf:    4   -31575.736438   -31575.726491   -31575.738464  0.011893 -6.515763  0.552194
     spin moment: {S} , |S| = {        0.0        0.0   -2.84969 }    -2.84969
   scf:    5   -31575.734327   -31575.731153   -31575.743138  0.007273 -6.514825  0.361229
     spin moment: {S} , |S| = {        0.0        0.0   -2.84999 }    -2.84999
   scf:    6   -31575.717349   -31575.730873   -31575.742997  0.020292 -6.507830  0.365589
     spin moment: {S} , |S| = {        0.0        0.0   -2.84749 }    -2.84749
   scf:    7   -31575.734163   -31575.734721   -31575.746741  0.010732 -6.509557  0.062462
     spin moment: {S} , |S| = {        0.0        0.0   -2.84962 }    -2.84962
   scf:    8   -31575.734846   -31575.734790   -31575.746800  0.003021 -6.508850  0.051749
     spin moment: {S} , |S| = {        0.0        0.0   -2.84943 }    -2.84943
   scf:    9   -31575.734871   -31575.734881   -31575.746885  0.004848 -6.508080  0.023499
     spin moment: {S} , |S| = {        0.0        0.0   -2.84841 }    -2.84841
   scf:   10   -31575.734995   -31575.734953   -31575.746914  0.004142 -6.508185  0.016179
     spin moment: {S} , |S| = {        0.0        0.0   -2.84775 }    -2.84775
   scf:   11   -31575.734988   -31575.734973   -31575.746924  0.001395 -6.508091  0.003660
     spin moment: {S} , |S| = {        0.0        0.0   -2.84734 }    -2.84734
   scf:   12   -31575.735023   -31575.734998   -31575.746928  0.000830 -6.508088  0.003129
     spin moment: {S} , |S| = {        0.0        0.0   -2.84680 }    -2.84680
   scf:   13   -31575.735042   -31575.735020   -31575.746931  0.000616 -6.508098  0.003489
     spin moment: {S} , |S| = {        0.0        0.0   -2.84639 }    -2.84639
   scf:   14   -31575.735047   -31575.735034   -31575.746933  0.000211 -6.508104  0.003001
     spin moment: {S} , |S| = {        0.0        0.0   -2.84613 }    -2.84613

SCF Convergence by DM criterion
max |DM_out - DM_in|         :     0.0002112033
max |H_out - H_in|      (eV) :     0.0030012313
SCF cycle converged after 14 iterations

Using DM_out to compute the final energy and forces
No. of atoms with KB's overlaping orbs in proc 0. Max # of overlaps:     197    1167

siesta: E_KS(eV) =           -31575.7350

siesta: Atomic forces (eV/Ang):
     1   -0.224313   -0.000000   -0.000001
     2    0.254929    0.000000   -0.000001
     3   -0.028130    0.000000   -0.000001
     4   -0.033098    0.000000   -0.000000
     5    0.064047   -0.000001    0.000000
     6   -0.184032    0.000001    0.000002
     7    0.115991    0.000000    0.000002
     8    0.018292   -0.000001   -0.000000
     9    0.075552    0.000001   -0.000001
    10   -0.056574   -0.000000    0.000001
----------------------------------------
   Tot    0.002665    0.000000    0.000000
----------------------------------------
   Max    0.254929
   Res    0.076998    sqrt( Sum f_i^2 / 3N )
----------------------------------------
   Max    0.254929    constrained

Stress tensor Voigt[x,y,z,yz,xz,xy] (kbar):      -27.28      -12.20       10.74        0.00        0.00        0.00
(Free)E + p*V (eV/cell)   -31574.9938
Target enthalpy (eV/cell)   -31575.7469

siesta: Stress tensor (static) (eV/Ang**3):
        -0.017030    0.000000    0.000000
         0.000000   -0.007616    0.000000
         0.000000    0.000000    0.006702

siesta: Pressure (static):          9.58301169  kBar

siesta: Stress tensor (total) (eV/Ang**3):
        -0.017030    0.000000    0.000000
         0.000000   -0.007616    0.000000
         0.000000    0.000000    0.006702

siesta: Pressure (total):          9.58301169  kBar

cgvc: Finished line minimization    3.  Mean atomic displacement =    0.0947

                     ====================================
                        Begin CG opt. move =     10
                     ====================================
k-point displ. along   1 input, could be:     0.00    0.50
k-point displ. along   2 input, could be:     0.00    0.50
k-point displ. along   3 input, could be:     0.00    0.50
 Kpoints in:           32 . Kpoints trimmed:           31

siesta: k-grid: Number of k-points = 31
siesta: k-points from Monkhorst-Pack grid
siesta: k-cutoff (effective) =     6.964 Ang
siesta: k-point supercell and displacements
siesta: k-grid:     2     0     0      0.000
siesta: k-grid:     0     6     0      0.000
siesta: k-grid:     0     0     4      0.000

superc: Internal auxiliary supercell:     5 x    11 x     9  =     495
superc: Number of atoms, orbitals, and projectors:   4950 116325  89100

outcell: Unit cell vectors (Ang):
       13.125328   -0.000000   -0.000000
       -0.000000    2.790188   -0.000000
       -0.000000   -0.000000    3.482098

outcell: Cell vector modules (Ang)   :   13.125328    2.790188    3.482098
outcell: Cell angles (23,13,12) (deg):     90.0000     90.0000     90.0000
outcell: Cell volume (Ang**3)        :    127.5218
<dSpData1D:S at geom step 10
  <sparsity:sparsity for geom step 10
    nrows_g=235 nrows=12 sparsity=1.5895 nnzs=87779, refcount: 7>
  <dData1D:(new from dSpData1D) n=87779, refcount: 1>
refcount: 1>
new_DM -- step:    11
Re-using DM from previous geometries...
Number of DMs in history: 1
 DM extrapolation coefficients: 
1   1.00000
New DM after history re-use:
<dSpData2D:SpM extrapolated using coords
  <sparsity:sparsity for geom step 10
    nrows_g=235 nrows=12 sparsity=1.5895 nnzs=87779, refcount: 9>
  <dData2D:(temp array for extrapolation) n=87779 m=2, refcount: 1>
refcount: 1>
No. of atoms with KB's overlaping orbs in proc 0. Max # of overlaps:     197    1154

InitMesh: MESH = 144 x 30 x 40 = 172800
InitMesh: Mesh cutoff (required, used) =   300.000   319.505 Ry
New grid distribution [1]: sub = 2
New grid distribution [2]: sub = 2
New grid distribution [3]: sub = 2
Setting up quadratic distribution...

        iscf     Eharris(eV)        E_KS(eV)     FreeEng(eV)     dDmax    Ef(eV) dHmax(eV)
   scf:    1   -31558.039422   -31569.862294   -31569.875624  1.023976 -6.362307 15.679071
     spin moment: {S} , |S| = {        0.0        0.0   -3.10501 }    -3.10501
   scf:    2   -14167.204617   -25840.069933   -25840.081729118.542299 -3.896717408.877974
     spin moment: {S} , |S| = {        0.0        0.0   -0.12694 }    -0.12694
   scf:    3   -31862.102374   -31574.308216   -31574.321296118.610908 -6.502177  8.342165
     spin moment: {S} , |S| = {        0.0        0.0   -2.97582 }    -2.97582
   scf:    4   -31575.999445   -31575.416974   -31575.431442  0.077571 -6.500619  4.426734
     spin moment: {S} , |S| = {        0.0        0.0   -2.99720 }    -2.99720
   scf:    5   -31575.786141   -31575.714319   -31575.728578  0.060221 -6.487591  1.148449
     spin moment: {S} , |S| = {        0.0        0.0   -3.04853 }    -3.04853
   scf:    6   -31575.723891   -31575.755452   -31575.769406  0.029807 -6.482471  0.514014
     spin moment: {S} , |S| = {        0.0        0.0   -3.07447 }    -3.07447
   scf:    7   -31575.755682   -31575.762921   -31575.777073  0.041654 -6.482425  0.382056
     spin moment: {S} , |S| = {        0.0        0.0   -3.07144 }    -3.07144
   scf:    8   -31575.759236   -31575.761948   -31575.776055  0.032035 -6.481409  0.522934
     spin moment: {S} , |S| = {        0.0        0.0   -3.07809 }    -3.07809
   scf:    9   -31575.686458   -31575.748451   -31575.761922  0.034460 -6.476154  1.010364
     spin moment: {S} , |S| = {        0.0        0.0   -3.11630 }    -3.11630
   scf:   10   -31575.772377   -31575.769863   -31575.783600  0.015301 -6.478069  0.123941
     spin moment: {S} , |S| = {        0.0        0.0   -3.10836 }    -3.10836
   scf:   11   -31575.760628   -31575.767242   -31575.781082  0.007808 -6.479564  0.377853
     spin moment: {S} , |S| = {        0.0        0.0   -3.11208 }    -3.11208
   scf:   12   -31575.770741   -31575.770637   -31575.784325  0.007846 -6.478175  0.057502
     spin moment: {S} , |S| = {        0.0        0.0   -3.12182 }    -3.12182
   scf:   13   -31575.771292   -31575.770958   -31575.784588  0.005555 -6.477283  0.058046
     spin moment: {S} , |S| = {        0.0        0.0   -3.12889 }    -3.12889
   scf:   14   -31575.772697   -31575.771765   -31575.785229  0.016829 -6.474385  0.058479
     spin moment: {S} , |S| = {        0.0        0.0   -3.14931 }    -3.14931
   scf:   15   -31575.771568   -31575.771678   -31575.785155  0.003190 -6.474966  0.035977
     spin moment: {S} , |S| = {        0.0        0.0   -3.14589 }    -3.14589
   scf:   16   -31575.772796   -31575.772200   -31575.785565  0.013492 -6.472697  0.039868
     spin moment: {S} , |S| = {        0.0        0.0   -3.16103 }    -3.16103
   scf:   17   -31575.772773   -31575.772471   -31575.785771  0.008150 -6.471441  0.029641
     spin moment: {S} , |S| = {        0.0        0.0   -3.16972 }    -3.16972
   scf:   18   -31575.773238   -31575.772804   -31575.786025  0.014547 -6.469279  0.025006
     spin moment: {S} , |S| = {        0.0        0.0   -3.18445 }    -3.18445
   scf:   19   -31575.773068   -31575.772918   -31575.786117  0.008608 -6.468047  0.008993
     spin moment: {S} , |S| = {        0.0        0.0   -3.19306 }    -3.19306
   scf:   20   -31575.772935   -31575.772927   -31575.786119  0.000433 -6.468108  0.010800
     spin moment: {S} , |S| = {        0.0        0.0   -3.19258 }    -3.19258

SCF Convergence by DM criterion
max |DM_out - DM_in|         :     0.0004327916
max |H_out - H_in|      (eV) :     0.0108000524
SCF cycle converged after 20 iterations

Using DM_out to compute the final energy and forces
No. of atoms with KB's overlaping orbs in proc 0. Max # of overlaps:     197    1154

siesta: E_KS(eV) =           -31575.7729

siesta: Atomic forces (eV/Ang):
     1    0.144977    0.000001   -0.000001
     2    0.010343   -0.000000    0.000000
     3    0.017390    0.000001    0.000004
     4   -0.084747   -0.000001    0.000000
     5    0.056764    0.000000   -0.000000
     6    0.000125   -0.000002   -0.000005
     7   -0.109633   -0.000000   -0.000002
     8    0.022584    0.000000    0.000001
     9   -0.318891   -0.000000    0.000004
    10    0.263898    0.000001    0.000001
----------------------------------------
   Tot    0.002811   -0.000001    0.000001
----------------------------------------
   Max    0.318891
   Res    0.084793    sqrt( Sum f_i^2 / 3N )
----------------------------------------
   Max    0.318891    constrained

Stress tensor Voigt[x,y,z,yz,xz,xy] (kbar):        4.38      -10.07       18.18       -0.00        0.00       -0.00
(Free)E + p*V (eV/cell)   -31576.1175
Target enthalpy (eV/cell)   -31575.7861

siesta: Stress tensor (static) (eV/Ang**3):
         0.002734   -0.000000    0.000000
        -0.000000   -0.006283   -0.000000
         0.000000   -0.000000    0.011345

siesta: Pressure (static):         -4.16346102  kBar

siesta: Stress tensor (total) (eV/Ang**3):
         0.002734   -0.000000    0.000000
        -0.000000   -0.006283   -0.000000
         0.000000   -0.000000    0.011345

siesta: Pressure (total):         -4.16346102  kBar

                     ====================================
                        Begin CG opt. move =     11
                     ====================================
k-point displ. along   1 input, could be:     0.00    0.50
k-point displ. along   2 input, could be:     0.00    0.50
k-point displ. along   3 input, could be:     0.00    0.50
 Kpoints in:           32 . Kpoints trimmed:           31

siesta: k-grid: Number of k-points = 31
siesta: k-points from Monkhorst-Pack grid
siesta: k-cutoff (effective) =     6.815 Ang
siesta: k-point supercell and displacements
siesta: k-grid:     2     0     0      0.000
siesta: k-grid:     0     6     0      0.000
siesta: k-grid:     0     0     4      0.000

superc: Internal auxiliary supercell:     3 x    11 x     9  =     297
superc: Number of atoms, orbitals, and projectors:   2970  69795  53460

outcell: Unit cell vectors (Ang):
       13.382494   -0.000000   -0.000000
       -0.000000    2.839508   -0.000000
       -0.000000   -0.000000    3.407590

outcell: Cell vector modules (Ang)   :   13.382494    2.839508    3.407590
outcell: Cell angles (23,13,12) (deg):     90.0000     90.0000     90.0000
outcell: Cell volume (Ang**3)        :    129.4874
<dSpData1D:S at geom step 11
  <sparsity:sparsity for geom step 11
    nrows_g=235 nrows=12 sparsity=1.5624 nnzs=86284, refcount: 7>
  <dData1D:(new from dSpData1D) n=86284, refcount: 1>
refcount: 1>
new_DM -- step:    12
Re-using DM from previous geometries...
Number of DMs in history: 1
 DM extrapolation coefficients: 
1   1.00000
New DM after history re-use:
<dSpData2D:SpM extrapolated using coords
  <sparsity:sparsity for geom step 11
    nrows_g=235 nrows=12 sparsity=1.5624 nnzs=86284, refcount: 9>
  <dData2D:(temp array for extrapolation) n=86284 m=2, refcount: 1>
refcount: 1>
No. of atoms with KB's overlaping orbs in proc 0. Max # of overlaps:     194    1175

InitMesh: MESH = 144 x 30 x 36 = 155520
InitMesh: Mesh cutoff (required, used) =   300.000   308.470 Ry
New grid distribution [1]: sub = 2
New grid distribution [2]: sub = 2
New grid distribution [3]: sub = 2
Setting up quadratic distribution...

        iscf     Eharris(eV)        E_KS(eV)     FreeEng(eV)     dDmax    Ef(eV) dHmax(eV)
   scf:    1   -31555.961663   -31569.307893   -31569.321285  0.814847 -6.292084 16.533467
     spin moment: {S} , |S| = {        0.0        0.0   -3.60420 }    -3.60420
   scf:    2   -10380.882361   -24585.137370   -24585.143955138.692787 -3.115522464.797330
     spin moment: {S} , |S| = {        0.0        0.0   -0.18556 }    -0.18556
   scf:    3   -31924.121453   -31573.349457   -31573.366908138.696156 -6.399925  8.695868
     spin moment: {S} , |S| = {        0.0        0.0   -3.35927 }    -3.35927
   scf:    4   -31576.015230   -31575.030787   -31575.047565  0.093652 -6.401409  5.939224
     spin moment: {S} , |S| = {        0.0        0.0   -3.46684 }    -3.46684
   scf:    5   -31575.898645   -31575.682200   -31575.697989  0.107328 -6.385722  1.314328
     spin moment: {S} , |S| = {        0.0        0.0   -3.51865 }    -3.51865
   scf:    6   -31575.727752   -31575.710402   -31575.725884  0.014755 -6.383870  0.460295
     spin moment: {S} , |S| = {        0.0        0.0   -3.53300 }    -3.53300
   scf:    7   -31575.719859   -31575.720897   -31575.735967  0.028179 -6.381323  0.353525
     spin moment: {S} , |S| = {        0.0        0.0   -3.55512 }    -3.55512
   scf:    8   -31575.736078   -31575.731399   -31575.746317  0.064699 -6.380914  0.237957
     spin moment: {S} , |S| = {        0.0        0.0   -3.58813 }    -3.58813
   scf:    9   -31575.733847   -31575.734722   -31575.749707  0.020840 -6.377989  0.181222
     spin moment: {S} , |S| = {        0.0        0.0   -3.60658 }    -3.60658
   scf:   10   -31575.732535   -31575.735921   -31575.750576  0.034288 -6.375487  0.376989
     spin moment: {S} , |S| = {        0.0        0.0   -3.63897 }    -3.63897
   scf:   11   -31575.740179   -31575.738116   -31575.752703  0.011644 -6.374040  0.263650
     spin moment: {S} , |S| = {        0.0        0.0   -3.65478 }    -3.65478
   scf:   12   -31575.740212   -31575.739937   -31575.754580  0.009942 -6.371922  0.076204
     spin moment: {S} , |S| = {        0.0        0.0   -3.66619 }    -3.66619
   scf:   13   -31575.741573   -31575.740792   -31575.755307  0.012187 -6.370363  0.091669
     spin moment: {S} , |S| = {        0.0        0.0   -3.67912 }    -3.67912
   scf:   14   -31575.745454   -31575.742814   -31575.756935  0.039535 -6.362920  0.028359
     spin moment: {S} , |S| = {        0.0        0.0   -3.72300 }    -3.72300
   scf:   15   -31575.743138   -31575.742979   -31575.757037  0.005018 -6.362147  0.034650
     spin moment: {S} , |S| = {        0.0        0.0   -3.72793 }    -3.72793
   scf:   16   -31575.743258   -31575.743116   -31575.757123  0.005169 -6.361239  0.013399
     spin moment: {S} , |S| = {        0.0        0.0   -3.73373 }    -3.73373
   scf:   17   -31575.743301   -31575.743208   -31575.757170  0.003512 -6.361007  0.011870
     spin moment: {S} , |S| = {        0.0        0.0   -3.73684 }    -3.73684
   scf:   18   -31575.743274   -31575.743241   -31575.757183  0.001813 -6.360937  0.014311
     spin moment: {S} , |S| = {        0.0        0.0   -3.73743 }    -3.73743
   scf:   19   -31575.743323   -31575.743284   -31575.757200  0.003002 -6.360429  0.014665
     spin moment: {S} , |S| = {        0.0        0.0   -3.74019 }    -3.74019
   scf:   20   -31575.743325   -31575.743305   -31575.757207  0.000906 -6.360383  0.007738
     spin moment: {S} , |S| = {        0.0        0.0   -3.74063 }    -3.74063
   scf:   21   -31575.743331   -31575.743319   -31575.757210  0.000548 -6.360358  0.004696
     spin moment: {S} , |S| = {        0.0        0.0   -3.74058 }    -3.74058
   scf:   22   -31575.743338   -31575.743328   -31575.757211  0.000776 -6.360233  0.002893
     spin moment: {S} , |S| = {        0.0        0.0   -3.74121 }    -3.74121
   scf:   23   -31575.743341   -31575.743335   -31575.757213  0.000482 -6.360273  0.003078
     spin moment: {S} , |S| = {        0.0        0.0   -3.74061 }    -3.74061

SCF Convergence by DM criterion
max |DM_out - DM_in|         :     0.0004819040
max |H_out - H_in|      (eV) :     0.0030780910
SCF cycle converged after 23 iterations

Using DM_out to compute the final energy and forces
No. of atoms with KB's overlaping orbs in proc 0. Max # of overlaps:     194    1175

siesta: E_KS(eV) =           -31575.7433

siesta: Atomic forces (eV/Ang):
     1    0.578367    0.000001   -0.000000
     2   -0.225270   -0.000001    0.000002
     3   -0.022931    0.000001    0.000006
     4    0.101952   -0.000000   -0.000000
     5   -0.041200    0.000001   -0.000001
     6    0.172635   -0.000001   -0.000004
     7   -0.340895   -0.000003   -0.000004
     8    0.008471    0.000002    0.000002
     9   -0.713503    0.000001    0.000003
    10    0.485257    0.000001    0.000001
----------------------------------------
   Tot    0.002882    0.000001    0.000004
----------------------------------------
   Max    0.713503
   Res    0.207245    sqrt( Sum f_i^2 / 3N )
----------------------------------------
   Max    0.713503    constrained

Stress tensor Voigt[x,y,z,yz,xz,xy] (kbar):       22.52       -2.01       29.62       -0.00       -0.00       -0.00
(Free)E + p*V (eV/cell)   -31577.1078
Target enthalpy (eV/cell)   -31575.7572

siesta: Stress tensor (static) (eV/Ang**3):
         0.014057   -0.000000   -0.000000
        -0.000000   -0.001254   -0.000000
        -0.000000   -0.000000    0.018487

siesta: Pressure (static):        -16.71102561  kBar

siesta: Stress tensor (total) (eV/Ang**3):
         0.014057   -0.000000   -0.000000
        -0.000000   -0.001254   -0.000000
        -0.000000   -0.000000    0.018487

siesta: Pressure (total):        -16.71102561  kBar

                     ====================================
                        Begin CG opt. move =     12
                     ====================================
k-point displ. along   1 input, could be:     0.00    0.50
k-point displ. along   2 input, could be:     0.00    0.50
k-point displ. along   3 input, could be:     0.00    0.50
 Kpoints in:           32 . Kpoints trimmed:           31

siesta: k-grid: Number of k-points = 31
siesta: k-points from Monkhorst-Pack grid
siesta: k-cutoff (effective) =     6.964 Ang
siesta: k-point supercell and displacements
siesta: k-grid:     2     0     0      0.000
siesta: k-grid:     0     6     0      0.000
siesta: k-grid:     0     0     4      0.000

superc: Internal auxiliary supercell:     5 x    11 x     9  =     495
superc: Number of atoms, orbitals, and projectors:   4950 116325  89100

outcell: Unit cell vectors (Ang):
       13.125878   -0.000000   -0.000000
       -0.000000    2.790293   -0.000000
       -0.000000   -0.000000    3.481939

outcell: Cell vector modules (Ang)   :   13.125878    2.790293    3.481939
outcell: Cell angles (23,13,12) (deg):     90.0000     90.0000     90.0000
outcell: Cell volume (Ang**3)        :    127.5262
<dSpData1D:S at geom step 12
  <sparsity:sparsity for geom step 12
    nrows_g=235 nrows=12 sparsity=1.5895 nnzs=87779, refcount: 7>
  <dData1D:(new from dSpData1D) n=87779, refcount: 1>
refcount: 1>
new_DM -- step:    13
Re-using DM from previous geometries...
Number of DMs in history: 1
 DM extrapolation coefficients: 
1   1.00000
New DM after history re-use:
<dSpData2D:SpM extrapolated using coords
  <sparsity:sparsity for geom step 12
    nrows_g=235 nrows=12 sparsity=1.5895 nnzs=87779, refcount: 9>
  <dData2D:(temp array for extrapolation) n=87779 m=2, refcount: 1>
refcount: 1>
No. of atoms with KB's overlaping orbs in proc 0. Max # of overlaps:     197    1154

InitMesh: MESH = 144 x 30 x 40 = 172800
InitMesh: Mesh cutoff (required, used) =   300.000   319.481 Ry
New grid distribution [1]: sub = 2
New grid distribution [2]: sub = 2
New grid distribution [3]: sub = 2
Setting up quadratic distribution...

        iscf     Eharris(eV)        E_KS(eV)     FreeEng(eV)     dDmax    Ef(eV) dHmax(eV)
   scf:    1   -31532.094203   -31561.080861   -31561.095504  0.756639 -6.550549 25.230001
     spin moment: {S} , |S| = {        0.0        0.0   -3.10769 }    -3.10769
   scf:    2    -8050.115559   -23871.086279   -23871.094746163.634939 -5.061943511.953729
     spin moment: {S} , |S| = {        0.0        0.0    0.00188 }     0.00188
   scf:    3   -32363.554831   -31555.181606   -31555.196729163.106414 -6.399863 28.474823
     spin moment: {S} , |S| = {        0.0        0.0   -3.72976 }    -3.72976
   scf:    4   -31577.256590   -31567.732740   -31567.744852  0.251737 -6.422346 17.836858
     spin moment: {S} , |S| = {        0.0        0.0   -3.63121 }    -3.63121
   scf:    5   -31577.962705   -31575.434183   -31575.447079  0.278594 -6.485834  3.555386
     spin moment: {S} , |S| = {        0.0        0.0   -3.49406 }    -3.49406
   scf:    6   -31575.463074   -31575.716557   -31575.731312  0.112696 -6.446699  1.254624
     spin moment: {S} , |S| = {        0.0        0.0   -3.45298 }    -3.45298
   scf:    7   -31575.764032   -31575.744645   -31575.759255  0.011790 -6.449299  0.749219
     spin moment: {S} , |S| = {        0.0        0.0   -3.44892 }    -3.44892
   scf:    8   -31575.704265   -31575.730358   -31575.745005  0.023166 -6.449239  1.130236
     spin moment: {S} , |S| = {        0.0        0.0   -3.42843 }    -3.42843
   scf:    9   -31575.350980   -31575.661761   -31575.675766  0.060367 -6.450356  1.785672
     spin moment: {S} , |S| = {        0.0        0.0   -3.45480 }    -3.45480
   scf:   10   -31575.797598   -31575.754948   -31575.769379  0.027959 -6.450586  0.605112
     spin moment: {S} , |S| = {        0.0        0.0   -3.43646 }    -3.43646
   scf:   11   -31575.731096   -31575.758435   -31575.773196  0.034013 -6.448413  0.477180
     spin moment: {S} , |S| = {        0.0        0.0   -3.41033 }    -3.41033
   scf:   12   -31575.768154   -31575.765444   -31575.780243  0.021308 -6.451880  0.185486
     spin moment: {S} , |S| = {        0.0        0.0   -3.39811 }    -3.39811
   scf:   13   -31575.765338   -31575.765734   -31575.780494  0.011682 -6.452080  0.203100
     spin moment: {S} , |S| = {        0.0        0.0   -3.38316 }    -3.38316
   scf:   14   -31575.767378   -31575.766896   -31575.781643  0.004885 -6.453004  0.080827
     spin moment: {S} , |S| = {        0.0        0.0   -3.37966 }    -3.37966
   scf:   15   -31575.767912   -31575.767388   -31575.782125  0.010583 -6.453947  0.078126
     spin moment: {S} , |S| = {        0.0        0.0   -3.36708 }    -3.36708
   scf:   16   -31575.770334   -31575.768727   -31575.783328  0.030016 -6.456115  0.070938
     spin moment: {S} , |S| = {        0.0        0.0   -3.33118 }    -3.33118
   scf:   17   -31575.771408   -31575.769950   -31575.784271  0.027323 -6.458152  0.064489
     spin moment: {S} , |S| = {        0.0        0.0   -3.29894 }    -3.29894
   scf:   18   -31575.771676   -31575.770762   -31575.784828  0.017788 -6.459582  0.051078
     spin moment: {S} , |S| = {        0.0        0.0   -3.27802 }    -3.27802
   scf:   19   -31575.772813   -31575.771704   -31575.785412  0.022176 -6.461438  0.039567
     spin moment: {S} , |S| = {        0.0        0.0   -3.25256 }    -3.25256
   scf:   20   -31575.773753   -31575.772607   -31575.785909  0.026223 -6.463910  0.032098
     spin moment: {S} , |S| = {        0.0        0.0   -3.22335 }    -3.22335
   scf:   21   -31575.772750   -31575.772681   -31575.785951  0.002308 -6.464003  0.018805
     spin moment: {S} , |S| = {        0.0        0.0   -3.22080 }    -3.22080
   scf:   22   -31575.773162   -31575.772906   -31575.786060  0.009069 -6.464964  0.012345
     spin moment: {S} , |S| = {        0.0        0.0   -3.21108 }    -3.21108
   scf:   23   -31575.773198   -31575.773044   -31575.786128  0.006918 -6.465454  0.009072
     spin moment: {S} , |S| = {        0.0        0.0   -3.20422 }    -3.20422
   scf:   24   -31575.773287   -31575.773155   -31575.786169  0.007820 -6.466382  0.010927
     spin moment: {S} , |S| = {        0.0        0.0   -3.19630 }    -3.19630
   scf:   25   -31575.773225   -31575.773188   -31575.786180  0.003080 -6.466717  0.005374
     spin moment: {S} , |S| = {        0.0        0.0   -3.19325 }    -3.19325
   scf:   26   -31575.773166   -31575.773177   -31575.786180  0.001192 -6.466528  0.005807
     spin moment: {S} , |S| = {        0.0        0.0   -3.19475 }    -3.19475
   scf:   27   -31575.773210   -31575.773193   -31575.786187  0.002500 -6.466801  0.004830
     spin moment: {S} , |S| = {        0.0        0.0   -3.19321 }    -3.19321
   scf:   28   -31575.773198   -31575.773195   -31575.786188  0.001510 -6.466844  0.002348
     spin moment: {S} , |S| = {        0.0        0.0   -3.19306 }    -3.19306
   scf:   29   -31575.773179   -31575.773187   -31575.786188  0.000641 -6.466739  0.001425
     spin moment: {S} , |S| = {        0.0        0.0   -3.19403 }    -3.19403
   scf:   30   -31575.773192   -31575.773190   -31575.786189  0.000540 -6.466806  0.001109
     spin moment: {S} , |S| = {        0.0        0.0   -3.19357 }    -3.19357
   scf:   31   -31575.773186   -31575.773188   -31575.786189  0.000274 -6.466817  0.000919
     spin moment: {S} , |S| = {        0.0        0.0   -3.19358 }    -3.19358

SCF Convergence by DM criterion
max |DM_out - DM_in|         :     0.0002743909
max |H_out - H_in|      (eV) :     0.0009191366
SCF cycle converged after 31 iterations

Using DM_out to compute the final energy and forces
No. of atoms with KB's overlaping orbs in proc 0. Max # of overlaps:     197    1154

siesta: E_KS(eV) =           -31575.7732

siesta: Atomic forces (eV/Ang):
     1    0.146088    0.000001   -0.000001
     2    0.019555   -0.000000    0.000001
     3    0.014494   -0.000000    0.000004
     4   -0.083717   -0.000000   -0.000000
     5    0.057341    0.000000    0.000000
     6    0.001576   -0.000000   -0.000005
     7   -0.107352   -0.000001   -0.000003
     8    0.023721    0.000003   -0.000000
     9   -0.320515   -0.000001    0.000004
    10    0.251605    0.000002    0.000001
----------------------------------------
   Tot    0.002795    0.000002    0.000001
----------------------------------------
   Max    0.320515
   Res    0.083737    sqrt( Sum f_i^2 / 3N )
----------------------------------------
   Max    0.320515    constrained

Stress tensor Voigt[x,y,z,yz,xz,xy] (kbar):        4.12      -10.83       17.80       -0.00        0.00       -0.00
(Free)E + p*V (eV/cell)   -31576.0805
Target enthalpy (eV/cell)   -31575.7862

siesta: Stress tensor (static) (eV/Ang**3):
         0.002574    0.000000    0.000000
        -0.000000   -0.006757   -0.000000
         0.000000   -0.000000    0.011107

siesta: Pressure (static):         -3.69796287  kBar

siesta: Stress tensor (total) (eV/Ang**3):
         0.002574    0.000000    0.000000
        -0.000000   -0.006757   -0.000000
         0.000000   -0.000000    0.011107

siesta: Pressure (total):         -3.69796287  kBar

cgvc: Finished line minimization    4.  Mean atomic displacement =    0.0905

                     ====================================
                        Begin CG opt. move =     13
                     ====================================
k-point displ. along   1 input, could be:     0.00    0.50
k-point displ. along   2 input, could be:     0.00    0.50
k-point displ. along   3 input, could be:     0.00    0.50
 Kpoints in:           32 . Kpoints trimmed:           31

siesta: k-grid: Number of k-points = 31
siesta: k-points from Monkhorst-Pack grid
siesta: k-cutoff (effective) =     6.815 Ang
siesta: k-point supercell and displacements
siesta: k-grid:     2     0     0      0.000
siesta: k-grid:     0     6     0      0.000
siesta: k-grid:     0     0     4      0.000

superc: Internal auxiliary supercell:     3 x    11 x     9  =     297
superc: Number of atoms, orbitals, and projectors:   2970  69795  53460

outcell: Unit cell vectors (Ang):
       13.241376   -0.000000   -0.000000
       -0.000000    2.831925   -0.000000
       -0.000000   -0.000000    3.407431

outcell: Cell vector modules (Ang)   :   13.241376    2.831925    3.407431
outcell: Cell angles (23,13,12) (deg):     90.0000     90.0000     90.0000
outcell: Cell volume (Ang**3)        :    127.7738
<dSpData1D:S at geom step 13
  <sparsity:sparsity for geom step 13
    nrows_g=235 nrows=12 sparsity=1.5872 nnzs=87654, refcount: 7>
  <dData1D:(new from dSpData1D) n=87654, refcount: 1>
refcount: 1>
new_DM -- step:    14
Re-using DM from previous geometries...
Number of DMs in history: 1
 DM extrapolation coefficients: 
1   1.00000
New DM after history re-use:
<dSpData2D:SpM extrapolated using coords
  <sparsity:sparsity for geom step 13
    nrows_g=235 nrows=12 sparsity=1.5872 nnzs=87654, refcount: 9>
  <dData2D:(temp array for extrapolation) n=87654 m=2, refcount: 1>
refcount: 1>
No. of atoms with KB's overlaping orbs in proc 0. Max # of overlaps:     195    1177

InitMesh: MESH = 144 x 30 x 36 = 155520
InitMesh: Mesh cutoff (required, used) =   300.000   308.498 Ry
New grid distribution [1]: sub = 2
New grid distribution [2]: sub = 2
New grid distribution [3]: sub = 2
Setting up quadratic distribution...

        iscf     Eharris(eV)        E_KS(eV)     FreeEng(eV)     dDmax    Ef(eV) dHmax(eV)
   scf:    1   -31571.170655   -31574.727915   -31574.741014  0.841258 -6.397732  7.178418
     spin moment: {S} , |S| = {        0.0        0.0   -3.44587 }    -3.44587
   scf:    2   -24026.884945   -29072.783180   -29072.799104 32.300448 -4.256358308.994754
     spin moment: {S} , |S| = {        0.0        0.0   -0.47398 }    -0.47398
   scf:    3   -31549.207826   -31574.427728   -31574.439634 32.144377 -6.397813  7.995146
     spin moment: {S} , |S| = {        0.0        0.0   -3.47000 }    -3.47000
   scf:    4   -31576.149451   -31575.700651   -31575.712864  0.137584 -6.428463  2.169826
     spin moment: {S} , |S| = {        0.0        0.0   -3.45079 }    -3.45079
   scf:    5   -31575.844242   -31575.800130   -31575.812432  0.036214 -6.441662  0.579709
     spin moment: {S} , |S| = {        0.0        0.0   -3.44152 }    -3.44152
   scf:    6   -31575.819847   -31575.814502   -31575.826917  0.034738 -6.447988  0.439929
     spin moment: {S} , |S| = {        0.0        0.0   -3.43991 }    -3.43991
   scf:    7   -31575.820937   -31575.818895   -31575.831455  0.032917 -6.449805  0.160247
     spin moment: {S} , |S| = {        0.0        0.0   -3.45029 }    -3.45029
   scf:    8   -31575.820918   -31575.820055   -31575.832687  0.020908 -6.450772  0.116360
     spin moment: {S} , |S| = {        0.0        0.0   -3.45892 }    -3.45892
   scf:    9   -31575.821633   -31575.820907   -31575.833567  0.016620 -6.450427  0.071228
     spin moment: {S} , |S| = {        0.0        0.0   -3.47135 }    -3.47135
   scf:   10   -31575.821891   -31575.821443   -31575.834130  0.011166 -6.449420  0.061162
     spin moment: {S} , |S| = {        0.0        0.0   -3.48596 }    -3.48596
   scf:   11   -31575.821942   -31575.821723   -31575.834392  0.006366 -6.448536  0.061549
     spin moment: {S} , |S| = {        0.0        0.0   -3.49551 }    -3.49551
   scf:   12   -31575.822355   -31575.822031   -31575.834687  0.007186 -6.448133  0.056333
     spin moment: {S} , |S| = {        0.0        0.0   -3.50711 }    -3.50711
   scf:   13   -31575.823039   -31575.822508   -31575.835101  0.011888 -6.446939  0.044984
     spin moment: {S} , |S| = {        0.0        0.0   -3.52609 }    -3.52609
   scf:   14   -31575.823088   -31575.822786   -31575.835331  0.007980 -6.445966  0.044575
     spin moment: {S} , |S| = {        0.0        0.0   -3.53789 }    -3.53789
   scf:   15   -31575.823627   -31575.823179   -31575.835630  0.012038 -6.444122  0.042307
     spin moment: {S} , |S| = {        0.0        0.0   -3.55519 }    -3.55519
   scf:   16   -31575.823852   -31575.823493   -31575.835851  0.010906 -6.442521  0.034251
     spin moment: {S} , |S| = {        0.0        0.0   -3.57029 }    -3.57029
   scf:   17   -31575.824443   -31575.823903   -31575.836109  0.018927 -6.439685  0.020976
     spin moment: {S} , |S| = {        0.0        0.0   -3.59482 }    -3.59482
   scf:   18   -31575.824136   -31575.824011   -31575.836163  0.006990 -6.438653  0.014511
     spin moment: {S} , |S| = {        0.0        0.0   -3.60330 }    -3.60330
   scf:   19   -31575.824127   -31575.824066   -31575.836187  0.004458 -6.438000  0.007432
     spin moment: {S} , |S| = {        0.0        0.0   -3.60848 }    -3.60848
   scf:   20   -31575.824069   -31575.824067   -31575.836195  0.002689 -6.438176  0.005177
     spin moment: {S} , |S| = {        0.0        0.0   -3.60767 }    -3.60767
   scf:   21   -31575.824115   -31575.824090   -31575.836203  0.003029 -6.437665  0.007232
     spin moment: {S} , |S| = {        0.0        0.0   -3.61098 }    -3.61098
   scf:   22   -31575.824142   -31575.824114   -31575.836209  0.003468 -6.437179  0.003178
     spin moment: {S} , |S| = {        0.0        0.0   -3.61458 }    -3.61458
   scf:   23   -31575.824082   -31575.824097   -31575.836209  0.001976 -6.437573  0.002719
     spin moment: {S} , |S| = {        0.0        0.0   -3.61178 }    -3.61178
   scf:   24   -31575.824105   -31575.824101   -31575.836212  0.001572 -6.437382  0.002579
     spin moment: {S} , |S| = {        0.0        0.0   -3.61271 }    -3.61271
   scf:   25   -31575.824101   -31575.824101   -31575.836214  0.001394 -6.437266  0.001211
     spin moment: {S} , |S| = {        0.0        0.0   -3.61313 }    -3.61313
   scf:   26   -31575.824101   -31575.824101   -31575.836215  0.000495 -6.437207  0.001299
     spin moment: {S} , |S| = {        0.0        0.0   -3.61333 }    -3.61333

SCF Convergence by DM criterion
max |DM_out - DM_in|         :     0.0004946766
max |H_out - H_in|      (eV) :     0.0012988149
SCF cycle converged after 26 iterations

Using DM_out to compute the final energy and forces
No. of atoms with KB's overlaping orbs in proc 0. Max # of overlaps:     195    1177

siesta: E_KS(eV) =           -31575.8241

siesta: Atomic forces (eV/Ang):
     1    0.080543   -0.000000    0.000002
     2   -0.080594    0.000001    0.000002
     3   -0.058781    0.000000   -0.000002
     4    0.199029   -0.000000    0.000000
     5   -0.166299    0.000001   -0.000002
     6    0.111501   -0.000004    0.000003
     7    0.031709    0.000002   -0.000000
     8    0.009094   -0.000004    0.000001
     9   -0.069382    0.000000   -0.000003
    10   -0.043274   -0.000002   -0.000000
----------------------------------------
   Tot    0.013545   -0.000006    0.000000
----------------------------------------
   Max    0.199029
   Res    0.058854    sqrt( Sum f_i^2 / 3N )
----------------------------------------
   Max    0.199029    constrained

Stress tensor Voigt[x,y,z,yz,xz,xy] (kbar):        5.83       -9.58       14.76       -0.00       -0.00       -0.00
(Free)E + p*V (eV/cell)   -31576.1288
Target enthalpy (eV/cell)   -31575.8362

siesta: Stress tensor (static) (eV/Ang**3):
         0.003639   -0.000000    0.000000
        -0.000000   -0.005980   -0.000000
        -0.000000   -0.000000    0.009211

siesta: Pressure (static):         -3.66886232  kBar

siesta: Stress tensor (total) (eV/Ang**3):
         0.003639   -0.000000    0.000000
        -0.000000   -0.005980   -0.000000
        -0.000000   -0.000000    0.009211

siesta: Pressure (total):         -3.66886232  kBar

                     ====================================
                        Begin CG opt. move =     14
                     ====================================
k-point displ. along   1 input, could be:     0.00    0.50
k-point displ. along   2 input, could be:     0.00    0.50
k-point displ. along   3 input, could be:     0.00    0.50
 Kpoints in:           32 . Kpoints trimmed:           31

siesta: k-grid: Number of k-points = 31
siesta: k-points from Monkhorst-Pack grid
siesta: k-cutoff (effective) =     6.666 Ang
siesta: k-point supercell and displacements
siesta: k-grid:     2     0     0      0.000
siesta: k-grid:     0     6     0      0.000
siesta: k-grid:     0     0     4      0.000

superc: Internal auxiliary supercell:     3 x    11 x     9  =     297
superc: Number of atoms, orbitals, and projectors:   2970  69795  53460

outcell: Unit cell vectors (Ang):
       13.356874   -0.000000   -0.000000
       -0.000000    2.873558   -0.000000
       -0.000000   -0.000000    3.332923

outcell: Cell vector modules (Ang)   :   13.356874    2.873558    3.332923
outcell: Cell angles (23,13,12) (deg):     90.0000     90.0000     90.0000
outcell: Cell volume (Ang**3)        :    127.9234
<dSpData1D:S at geom step 14
  <sparsity:sparsity for geom step 14
    nrows_g=235 nrows=12 sparsity=1.5611 nnzs=86211, refcount: 7>
  <dData1D:(new from dSpData1D) n=86211, refcount: 1>
refcount: 1>
new_DM -- step:    15
Re-using DM from previous geometries...
Number of DMs in history: 1
 DM extrapolation coefficients: 
1   1.00000
New DM after history re-use:
<dSpData2D:SpM extrapolated using coords
  <sparsity:sparsity for geom step 14
    nrows_g=235 nrows=12 sparsity=1.5611 nnzs=86211, refcount: 9>
  <dData2D:(temp array for extrapolation) n=86211 m=2, refcount: 1>
refcount: 1>
No. of atoms with KB's overlaping orbs in proc 0. Max # of overlaps:     197    1178

InitMesh: MESH = 144 x 30 x 36 = 155520
InitMesh: Mesh cutoff (required, used) =   300.000   301.234 Ry
New grid distribution [1]: sub = 2
New grid distribution [2]: sub = 2
New grid distribution [3]: sub = 2
Setting up quadratic distribution...

        iscf     Eharris(eV)        E_KS(eV)     FreeEng(eV)     dDmax    Ef(eV) dHmax(eV)
   scf:    1   -31571.269083   -31574.892589   -31574.904197  0.864871 -6.339160  5.083105
     spin moment: {S} , |S| = {        0.0        0.0   -3.76126 }    -3.76126
   scf:    2   -24855.675644   -29349.802649   -29349.813485 11.824937 -4.939603336.173675
     spin moment: {S} , |S| = {        0.0        0.0   -0.42486 }    -0.42486
   scf:    3   -31595.405409   -31575.759365   -31575.770531 11.897691 -6.402575  1.380598
     spin moment: {S} , |S| = {        0.0        0.0   -3.71203 }    -3.71203
   scf:    4   -31575.807326   -31575.799434   -31575.810709  0.040596 -6.409339  1.072673
     spin moment: {S} , |S| = {        0.0        0.0   -3.71051 }    -3.71051
   scf:    5   -31575.824735   -31575.823850   -31575.834903  0.045931 -6.426972  0.457708
     spin moment: {S} , |S| = {        0.0        0.0   -3.70613 }    -3.70613
   scf:    6   -31575.831285   -31575.828292   -31575.839390  0.027716 -6.433265  0.320405
     spin moment: {S} , |S| = {        0.0        0.0   -3.70602 }    -3.70602
   scf:    7   -31575.831612   -31575.830905   -31575.842071  0.034642 -6.437552  0.114525
     spin moment: {S} , |S| = {        0.0        0.0   -3.70978 }    -3.70978
   scf:    8   -31575.831620   -31575.831311   -31575.842475  0.010813 -6.437520  0.075533
     spin moment: {S} , |S| = {        0.0        0.0   -3.71163 }    -3.71163
   scf:    9   -31575.831794   -31575.831595   -31575.842754  0.008896 -6.437269  0.043268
     spin moment: {S} , |S| = {        0.0        0.0   -3.71349 }    -3.71349
   scf:   10   -31575.831809   -31575.831712   -31575.842870  0.007080 -6.436748  0.043898
     spin moment: {S} , |S| = {        0.0        0.0   -3.71544 }    -3.71544
   scf:   11   -31575.831894   -31575.831815   -31575.842982  0.008883 -6.436242  0.030748
     spin moment: {S} , |S| = {        0.0        0.0   -3.71833 }    -3.71833
   scf:   12   -31575.831904   -31575.831861   -31575.843040  0.006372 -6.435984  0.019257
     spin moment: {S} , |S| = {        0.0        0.0   -3.72071 }    -3.72071
   scf:   13   -31575.831885   -31575.831872   -31575.843066  0.003518 -6.435663  0.015216
     spin moment: {S} , |S| = {        0.0        0.0   -3.72245 }    -3.72245
   scf:   14   -31575.831877   -31575.831874   -31575.843082  0.001880 -6.435255  0.013757
     spin moment: {S} , |S| = {        0.0        0.0   -3.72372 }    -3.72372
   scf:   15   -31575.831875   -31575.831874   -31575.843094  0.001603 -6.434894  0.011785
     spin moment: {S} , |S| = {        0.0        0.0   -3.72477 }    -3.72477
   scf:   16   -31575.831847   -31575.831856   -31575.843124  0.005784 -6.433610  0.007191
     spin moment: {S} , |S| = {        0.0        0.0   -3.72858 }    -3.72858
   scf:   17   -31575.831819   -31575.831836   -31575.843134  0.003039 -6.432971  0.004114
     spin moment: {S} , |S| = {        0.0        0.0   -3.73061 }    -3.73061
   scf:   18   -31575.831817   -31575.831827   -31575.843137  0.001250 -6.432718  0.004187
     spin moment: {S} , |S| = {        0.0        0.0   -3.73137 }    -3.73137
   scf:   19   -31575.831798   -31575.831812   -31575.843140  0.001636 -6.432397  0.001577
     spin moment: {S} , |S| = {        0.0        0.0   -3.73245 }    -3.73245
   scf:   20   -31575.831797   -31575.831804   -31575.843141  0.000780 -6.432223  0.002191
     spin moment: {S} , |S| = {        0.0        0.0   -3.73285 }    -3.73285
   scf:   21   -31575.831795   -31575.831800   -31575.843142  0.000442 -6.432141  0.001547
     spin moment: {S} , |S| = {        0.0        0.0   -3.73312 }    -3.73312

SCF Convergence by DM criterion
max |DM_out - DM_in|         :     0.0004418268
max |H_out - H_in|      (eV) :     0.0015466691
SCF cycle converged after 21 iterations

Using DM_out to compute the final energy and forces
No. of atoms with KB's overlaping orbs in proc 0. Max # of overlaps:     197    1178

siesta: E_KS(eV) =           -31575.8318

siesta: Atomic forces (eV/Ang):
     1   -0.038896   -0.000002    0.000009
     2   -0.273409    0.000002    0.000002
     3   -0.115403    0.000001   -0.000009
     4    0.479219   -0.000000    0.000001
     5   -0.346972    0.000003   -0.000002
     6    0.136458   -0.000001    0.000011
     7    0.153119    0.000002    0.000000
     8   -0.049209   -0.000003   -0.000001
     9    0.229476    0.000003   -0.000012
    10   -0.166140   -0.000003   -0.000003
----------------------------------------
   Tot    0.008244    0.000001   -0.000004
----------------------------------------
   Max    0.479219
   Res    0.137158    sqrt( Sum f_i^2 / 3N )
----------------------------------------
   Max    0.479219    constrained

Stress tensor Voigt[x,y,z,yz,xz,xy] (kbar):        9.98       -4.92        2.60       -0.00        0.00       -0.00
(Free)E + p*V (eV/cell)   -31576.0472
Target enthalpy (eV/cell)   -31575.8431

siesta: Stress tensor (static) (eV/Ang**3):
         0.006228   -0.000000    0.000000
        -0.000000   -0.003069   -0.000000
         0.000000   -0.000000    0.001626

siesta: Pressure (static):         -2.55571449  kBar

siesta: Stress tensor (total) (eV/Ang**3):
         0.006228   -0.000000    0.000000
        -0.000000   -0.003069   -0.000000
         0.000000   -0.000000    0.001626

siesta: Pressure (total):         -2.55571449  kBar

                     ====================================
                        Begin CG opt. move =     15
                     ====================================
k-point displ. along   1 input, could be:     0.00    0.50
k-point displ. along   2 input, could be:     0.00    0.50
k-point displ. along   3 input, could be:     0.00    0.50
 Kpoints in:           32 . Kpoints trimmed:           31

siesta: k-grid: Number of k-points = 31
siesta: k-points from Monkhorst-Pack grid
siesta: k-cutoff (effective) =     6.732 Ang
siesta: k-point supercell and displacements
siesta: k-grid:     2     0     0      0.000
siesta: k-grid:     0     6     0      0.000
siesta: k-grid:     0     0     4      0.000

superc: Internal auxiliary supercell:     3 x    11 x     9  =     297
superc: Number of atoms, orbitals, and projectors:   2970  69795  53460

outcell: Unit cell vectors (Ang):
       13.305302   -0.000000   -0.000000
       -0.000000    2.854968   -0.000000
       -0.000000   -0.000000    3.366192

outcell: Cell vector modules (Ang)   :   13.305302    2.854968    3.366192
outcell: Cell angles (23,13,12) (deg):     90.0000     90.0000     90.0000
outcell: Cell volume (Ang**3)        :    127.8689
<dSpData1D:S at geom step 15
  <sparsity:sparsity for geom step 15
    nrows_g=235 nrows=12 sparsity=1.5658 nnzs=86469, refcount: 7>
  <dData1D:(new from dSpData1D) n=86469, refcount: 1>
refcount: 1>
new_DM -- step:    16
Re-using DM from previous geometries...
Number of DMs in history: 1
 DM extrapolation coefficients: 
1   1.00000
New DM after history re-use:
<dSpData2D:SpM extrapolated using coords
  <sparsity:sparsity for geom step 15
    nrows_g=235 nrows=12 sparsity=1.5658 nnzs=86469, refcount: 9>
  <dData2D:(temp array for extrapolation) n=86469 m=2, refcount: 1>
refcount: 1>
No. of atoms with KB's overlaping orbs in proc 0. Max # of overlaps:     198    1178

InitMesh: MESH = 144 x 30 x 36 = 155520
InitMesh: Mesh cutoff (required, used) =   300.000   305.170 Ry
New grid distribution [1]: sub = 2
New grid distribution [2]: sub = 2
New grid distribution [3]: sub = 2
Setting up quadratic distribution...

        iscf     Eharris(eV)        E_KS(eV)     FreeEng(eV)     dDmax    Ef(eV) dHmax(eV)
   scf:    1   -31574.576470   -31575.081698   -31575.091263  0.583218 -6.523836  6.048580
     spin moment: {S} , |S| = {        0.0        0.0   -3.67055 }    -3.67055
   scf:    2   -26934.379240   -30038.280416   -30038.292206 20.401965 -4.017717290.414032
     spin moment: {S} , |S| = {        0.0        0.0   -2.42307 }    -2.42307
   scf:    3   -31590.013645   -31575.736180   -31575.746505 20.338730 -6.468287  2.524862
     spin moment: {S} , |S| = {        0.0        0.0   -3.70929 }    -3.70929
   scf:    4   -31575.843800   -31575.797569   -31575.807890  0.029229 -6.459269  1.522598
     spin moment: {S} , |S| = {        0.0        0.0   -3.70964 }    -3.70964
   scf:    5   -31575.838154   -31575.826909   -31575.837170  0.027332 -6.445903  0.533952
     spin moment: {S} , |S| = {        0.0        0.0   -3.71580 }    -3.71580
   scf:    6   -31575.822937   -31575.832988   -31575.843377  0.035151 -6.433405  0.313960
     spin moment: {S} , |S| = {        0.0        0.0   -3.71359 }    -3.71359
   scf:    7   -31575.835767   -31575.834571   -31575.844930  0.006797 -6.432024  0.186424
     spin moment: {S} , |S| = {        0.0        0.0   -3.71359 }    -3.71359
   scf:    8   -31575.834669   -31575.835498   -31575.845805  0.011260 -6.433274  0.089122
     spin moment: {S} , |S| = {        0.0        0.0   -3.71396 }    -3.71396
   scf:    9   -31575.835566   -31575.835713   -31575.846016  0.007523 -6.431900  0.046496
     spin moment: {S} , |S| = {        0.0        0.0   -3.71313 }    -3.71313
   scf:   10   -31575.835458   -31575.835714   -31575.846006  0.007662 -6.432558  0.085749
     spin moment: {S} , |S| = {        0.0        0.0   -3.71197 }    -3.71197
   scf:   11   -31575.835795   -31575.835813   -31575.846109  0.001906 -6.432161  0.011506
     spin moment: {S} , |S| = {        0.0        0.0   -3.71203 }    -3.71203
   scf:   12   -31575.835829   -31575.835821   -31575.846116  0.001416 -6.432171  0.007929
     spin moment: {S} , |S| = {        0.0        0.0   -3.71176 }    -3.71176
   scf:   13   -31575.835842   -31575.835832   -31575.846124  0.002719 -6.432158  0.004937
     spin moment: {S} , |S| = {        0.0        0.0   -3.71114 }    -3.71114
   scf:   14   -31575.835838   -31575.835835   -31575.846126  0.000629 -6.432198  0.004198
     spin moment: {S} , |S| = {        0.0        0.0   -3.71089 }    -3.71089
   scf:   15   -31575.835838   -31575.835837   -31575.846127  0.000383 -6.432256  0.004367
     spin moment: {S} , |S| = {        0.0        0.0   -3.71070 }    -3.71070

SCF Convergence by DM criterion
max |DM_out - DM_in|         :     0.0003830714
max |H_out - H_in|      (eV) :     0.0043671999
SCF cycle converged after 15 iterations

Using DM_out to compute the final energy and forces
No. of atoms with KB's overlaping orbs in proc 0. Max # of overlaps:     198    1178

siesta: E_KS(eV) =           -31575.8358

siesta: Atomic forces (eV/Ang):
     1    0.037902   -0.000000    0.000005
     2   -0.178690    0.000002    0.000001
     3   -0.112531    0.000001   -0.000006
     4    0.351524    0.000001    0.000000
     5   -0.273119    0.000002   -0.000002
     6    0.126165   -0.000002    0.000008
     7    0.101560    0.000001    0.000001
     8   -0.028906   -0.000002    0.000002
     9    0.100768    0.000002   -0.000007
    10   -0.125427   -0.000002   -0.000004
----------------------------------------
   Tot   -0.000754    0.000001   -0.000001
----------------------------------------
   Max    0.351524
   Res    0.099523    sqrt( Sum f_i^2 / 3N )
----------------------------------------
   Max    0.351524    constrained

Stress tensor Voigt[x,y,z,yz,xz,xy] (kbar):        7.41       -8.14       11.49       -0.00       -0.00       -0.00
(Free)E + p*V (eV/cell)   -31576.1325
Target enthalpy (eV/cell)   -31575.8461

siesta: Stress tensor (static) (eV/Ang**3):
         0.004626   -0.000000    0.000000
        -0.000000   -0.005082   -0.000000
        -0.000000   -0.000000    0.007173

siesta: Pressure (static):         -3.58765768  kBar

siesta: Stress tensor (total) (eV/Ang**3):
         0.004626   -0.000000    0.000000
        -0.000000   -0.005082   -0.000000
        -0.000000   -0.000000    0.007173

siesta: Pressure (total):         -3.58765768  kBar

cgvc: Finished line minimization    5.  Mean atomic displacement =    0.0869

                     ====================================
                        Begin CG opt. move =     16
                     ====================================
k-point displ. along   1 input, could be:     0.00    0.50
k-point displ. along   2 input, could be:     0.00    0.50
k-point displ. along   3 input, could be:     0.00    0.50
 Kpoints in:           32 . Kpoints trimmed:           31

siesta: k-grid: Number of k-points = 31
siesta: k-points from Monkhorst-Pack grid
siesta: k-cutoff (effective) =     6.583 Ang
siesta: k-point supercell and displacements
siesta: k-grid:     2     0     0      0.000
siesta: k-grid:     0     6     0      0.000
siesta: k-grid:     0     0     4      0.000

superc: Internal auxiliary supercell:     3 x    11 x     9  =     297
superc: Number of atoms, orbitals, and projectors:   2970  69795  53460

outcell: Unit cell vectors (Ang):
       13.369421   -0.000000   -0.000000
       -0.000000    2.895825   -0.000000
       -0.000000   -0.000000    3.291684

outcell: Cell vector modules (Ang)   :   13.369421    2.895825    3.291684
outcell: Cell angles (23,13,12) (deg):     90.0000     90.0000     90.0000
outcell: Cell volume (Ang**3)        :    127.4392
<dSpData1D:S at geom step 16
  <sparsity:sparsity for geom step 16
    nrows_g=235 nrows=12 sparsity=1.5633 nnzs=86333, refcount: 7>
  <dData1D:(new from dSpData1D) n=86333, refcount: 1>
refcount: 1>
new_DM -- step:    17
Re-using DM from previous geometries...
Number of DMs in history: 1
 DM extrapolation coefficients: 
1   1.00000
New DM after history re-use:
<dSpData2D:SpM extrapolated using coords
  <sparsity:sparsity for geom step 16
    nrows_g=235 nrows=12 sparsity=1.5633 nnzs=86333, refcount: 9>
  <dData2D:(temp array for extrapolation) n=86333 m=2, refcount: 1>
refcount: 1>
Note: For starting DM, Qtot, Tr[D*S] =        152.00000000        151.83398681
No. of atoms with KB's overlaping orbs in proc 0. Max # of overlaps:     197    1177

InitMesh: MESH = 144 x 32 x 36 = 165888
InitMesh: Mesh cutoff (required, used) =   300.000   320.628 Ry
New grid distribution [1]: sub = 2
New grid distribution [2]: sub = 2
New grid distribution [3]: sub = 2
Setting up quadratic distribution...

        iscf     Eharris(eV)        E_KS(eV)     FreeEng(eV)     dDmax    Ef(eV) dHmax(eV)
   scf:    1   -31531.457292   -31562.130254   -31562.147697  0.881168 -6.184479 21.900309
     spin moment: {S} , |S| = {        0.0        0.0   -3.78769 }    -3.78769
   scf:    2    -9847.599512   -24455.896162   -24455.918330119.793325 -7.493804545.070771
     spin moment: {S} , |S| = {        0.0        0.0   -0.25490 }    -0.25490
   scf:    3   -31971.657294   -31571.634935   -31571.645551119.683456 -6.413106 12.659378
     spin moment: {S} , |S| = {        0.0        0.0   -3.81579 }    -3.81579
   scf:    4   -31575.910020   -31574.415301   -31574.428724  0.164778 -6.432512  7.085371
     spin moment: {S} , |S| = {        0.0        0.0   -3.74897 }    -3.74897
   scf:    5   -31576.276336   -31575.606884   -31575.621320  0.097151 -6.424532  2.616337
     spin moment: {S} , |S| = {        0.0        0.0   -3.73592 }    -3.73592
   scf:    6   -31575.686430   -31575.819426   -31575.833538  0.075861 -6.433631  0.947338
     spin moment: {S} , |S| = {        0.0        0.0   -3.70402 }    -3.70402
   scf:    7   -31575.788802   -31575.826430   -31575.840594  0.040544 -6.435896  0.823682
     spin moment: {S} , |S| = {        0.0        0.0   -3.72519 }    -3.72519
   scf:    8   -31575.842500   -31575.838915   -31575.853236  0.017043 -6.438880  0.276657
     spin moment: {S} , |S| = {        0.0        0.0   -3.72439 }    -3.72439
   scf:    9   -31575.840263   -31575.841570   -31575.855806  0.023265 -6.438741  0.130689
     spin moment: {S} , |S| = {        0.0        0.0   -3.72952 }    -3.72952
   scf:   10   -31575.842183   -31575.842237   -31575.856404  0.015695 -6.439353  0.108850
     spin moment: {S} , |S| = {        0.0        0.0   -3.73610 }    -3.73610
   scf:   11   -31575.842555   -31575.842665   -31575.856764  0.018676 -6.441966  0.110437
     spin moment: {S} , |S| = {        0.0        0.0   -3.74814 }    -3.74814
   scf:   12   -31575.843039   -31575.842981   -31575.857041  0.002764 -6.441512  0.030296
     spin moment: {S} , |S| = {        0.0        0.0   -3.74846 }    -3.74846
   scf:   13   -31575.843131   -31575.843056   -31575.857089  0.002625 -6.441491  0.033304
     spin moment: {S} , |S| = {        0.0        0.0   -3.75070 }    -3.75070
   scf:   14   -31575.843586   -31575.843312   -31575.857236  0.008887 -6.440978  0.032071
     spin moment: {S} , |S| = {        0.0        0.0   -3.75828 }    -3.75828
   scf:   15   -31575.843571   -31575.843439   -31575.857301  0.004312 -6.440729  0.025334
     spin moment: {S} , |S| = {        0.0        0.0   -3.76209 }    -3.76209
   scf:   16   -31575.844137   -31575.843768   -31575.857440  0.012260 -6.439663  0.017079
     spin moment: {S} , |S| = {        0.0        0.0   -3.77256 }    -3.77256
   scf:   17   -31575.844137   -31575.843945   -31575.857491  0.007540 -6.438853  0.010745
     spin moment: {S} , |S| = {        0.0        0.0   -3.77894 }    -3.77894
   scf:   18   -31575.844131   -31575.844035   -31575.857508  0.004183 -6.438373  0.005206
     spin moment: {S} , |S| = {        0.0        0.0   -3.78281 }    -3.78281
   scf:   19   -31575.844129   -31575.844081   -31575.857513  0.002463 -6.438063  0.004583
     spin moment: {S} , |S| = {        0.0        0.0   -3.78497 }    -3.78497
   scf:   20   -31575.844117   -31575.844099   -31575.857514  0.000899 -6.437904  0.003236
     spin moment: {S} , |S| = {        0.0        0.0   -3.78611 }    -3.78611
   scf:   21   -31575.844095   -31575.844097   -31575.857515  0.000449 -6.437823  0.002749
     spin moment: {S} , |S| = {        0.0        0.0   -3.78626 }    -3.78626

SCF Convergence by DM criterion
max |DM_out - DM_in|         :     0.0004492241
max |H_out - H_in|      (eV) :     0.0027491339
SCF cycle converged after 21 iterations

Using DM_out to compute the final energy and forces
No. of atoms with KB's overlaping orbs in proc 0. Max # of overlaps:     197    1177

siesta: E_KS(eV) =           -31575.8441

siesta: Atomic forces (eV/Ang):
     1   -0.184295    0.000000    0.000002
     2   -0.035481    0.000001   -0.000001
     3    0.028998   -0.000001   -0.000004
     4    0.058791    0.000001    0.000001
     5    0.120551    0.000002   -0.000001
     6   -0.016668    0.000000    0.000002
     7    0.099393    0.000001   -0.000000
     8   -0.129758   -0.000002   -0.000000
     9    0.220098   -0.000002   -0.000002
    10   -0.159010   -0.000003   -0.000002
----------------------------------------
   Tot    0.002618   -0.000002   -0.000004
----------------------------------------
   Max    0.220098
   Res    0.071827    sqrt( Sum f_i^2 / 3N )
----------------------------------------
   Max    0.220098    constrained

Stress tensor Voigt[x,y,z,yz,xz,xy] (kbar):       -3.22      -10.95       -7.24       -0.00        0.00       -0.00
(Free)E + p*V (eV/cell)   -31575.2900
Target enthalpy (eV/cell)   -31575.8575

siesta: Stress tensor (static) (eV/Ang**3):
        -0.002007   -0.000000    0.000000
        -0.000000   -0.006832   -0.000000
         0.000000   -0.000000   -0.004522

siesta: Pressure (static):          7.13506710  kBar

siesta: Stress tensor (total) (eV/Ang**3):
        -0.002007   -0.000000    0.000000
        -0.000000   -0.006832   -0.000000
         0.000000   -0.000000   -0.004522

siesta: Pressure (total):          7.13506710  kBar

                     ====================================
                        Begin CG opt. move =     17
                     ====================================
k-point displ. along   1 input, could be:     0.00    0.50
k-point displ. along   2 input, could be:     0.00    0.50
k-point displ. along   3 input, could be:     0.00    0.50
 Kpoints in:           32 . Kpoints trimmed:           31

siesta: k-grid: Number of k-points = 31
siesta: k-points from Monkhorst-Pack grid
siesta: k-cutoff (effective) =     6.591 Ang
siesta: k-point supercell and displacements
siesta: k-grid:     2     0     0      0.000
siesta: k-grid:     0     6     0      0.000
siesta: k-grid:     0     0     4      0.000

superc: Internal auxiliary supercell:     3 x    11 x     9  =     297
superc: Number of atoms, orbitals, and projectors:   2970  69795  53460

outcell: Unit cell vectors (Ang):
       13.366061   -0.000000   -0.000000
       -0.000000    2.893684   -0.000000
       -0.000000   -0.000000    3.295588

outcell: Cell vector modules (Ang)   :   13.366061    2.893684    3.295588
outcell: Cell angles (23,13,12) (deg):     90.0000     90.0000     90.0000
outcell: Cell volume (Ang**3)        :    127.4640
<dSpData1D:S at geom step 17
  <sparsity:sparsity for geom step 17
    nrows_g=235 nrows=12 sparsity=1.5625 nnzs=86287, refcount: 7>
  <dData1D:(new from dSpData1D) n=86287, refcount: 1>
refcount: 1>
new_DM -- step:    18
Re-using DM from previous geometries...
Number of DMs in history: 1
 DM extrapolation coefficients: 
1   1.00000
New DM after history re-use:
<dSpData2D:SpM extrapolated using coords
  <sparsity:sparsity for geom step 17
    nrows_g=235 nrows=12 sparsity=1.5625 nnzs=86287, refcount: 9>
  <dData2D:(temp array for extrapolation) n=86287 m=2, refcount: 1>
refcount: 1>
No. of atoms with KB's overlaping orbs in proc 0. Max # of overlaps:     197    1177

InitMesh: MESH = 144 x 32 x 36 = 165888
InitMesh: Mesh cutoff (required, used) =   300.000   320.789 Ry
New grid distribution [1]: sub = 2
New grid distribution [2]: sub = 2
New grid distribution [3]: sub = 2
Setting up quadratic distribution...

        iscf     Eharris(eV)        E_KS(eV)     FreeEng(eV)     dDmax    Ef(eV) dHmax(eV)
   scf:    1   -31575.713124   -31575.739597   -31575.753145  0.065595 -6.454261  1.956320
     spin moment: {S} , |S| = {        0.0        0.0   -3.80565 }    -3.80565
   scf:    2   -31263.032329   -31472.605533   -31472.625806  2.751397 -5.816275 59.679201
     spin moment: {S} , |S| = {        0.0        0.0   -3.94924 }    -3.94924
   scf:    3   -31579.358483   -31575.836816   -31575.850148  2.691637 -6.441065  0.479939
     spin moment: {S} , |S| = {        0.0        0.0   -3.79519 }    -3.79519
   scf:    4   -31575.843969   -31575.841020   -31575.854359  0.005877 -6.441356  0.373694
     spin moment: {S} , |S| = {        0.0        0.0   -3.79267 }    -3.79267
   scf:    5   -31575.843901   -31575.842654   -31575.855993  0.003214 -6.440776  0.241769
     spin moment: {S} , |S| = {        0.0        0.0   -3.79349 }    -3.79349
   scf:    6   -31575.839318   -31575.843458   -31575.856806  0.014355 -6.437502  0.187425
     spin moment: {S} , |S| = {        0.0        0.0   -3.79152 }    -3.79152
   scf:    7   -31575.844202   -31575.844413   -31575.857760  0.006353 -6.437909  0.028211
     spin moment: {S} , |S| = {        0.0        0.0   -3.79255 }    -3.79255
   scf:    8   -31575.844407   -31575.844426   -31575.857776  0.001831 -6.437407  0.013600
     spin moment: {S} , |S| = {        0.0        0.0   -3.79267 }    -3.79267
   scf:    9   -31575.844419   -31575.844423   -31575.857774  0.000839 -6.437323  0.014907
     spin moment: {S} , |S| = {        0.0        0.0   -3.79265 }    -3.79265
   scf:   10   -31575.844426   -31575.844429   -31575.857781  0.000641 -6.437395  0.004151
     spin moment: {S} , |S| = {        0.0        0.0   -3.79276 }    -3.79276
   scf:   11   -31575.844426   -31575.844427   -31575.857782  0.000693 -6.437318  0.001293
     spin moment: {S} , |S| = {        0.0        0.0   -3.79283 }    -3.79283
   scf:   12   -31575.844426   -31575.844427   -31575.857782  0.000254 -6.437296  0.000811
     spin moment: {S} , |S| = {        0.0        0.0   -3.79286 }    -3.79286

SCF Convergence by DM criterion
max |DM_out - DM_in|         :     0.0002537153
max |H_out - H_in|      (eV) :     0.0008110411
SCF cycle converged after 12 iterations

Using DM_out to compute the final energy and forces
No. of atoms with KB's overlaping orbs in proc 0. Max # of overlaps:     197    1177

siesta: E_KS(eV) =           -31575.8444

siesta: Atomic forces (eV/Ang):
     1   -0.170948    0.000001    0.000001
     2   -0.041465    0.000001   -0.000001
     3    0.021539   -0.000000   -0.000004
     4    0.077472    0.000001    0.000001
     5    0.095338    0.000003   -0.000000
     6   -0.009834    0.000001    0.000004
     7    0.104171    0.000000    0.000001
     8   -0.124754   -0.000003    0.000000
     9    0.213623    0.000001   -0.000004
    10   -0.160787   -0.000001   -0.000002
----------------------------------------
   Tot    0.004354    0.000003   -0.000004
----------------------------------------
   Max    0.213623
   Res    0.069401    sqrt( Sum f_i^2 / 3N )
----------------------------------------
   Max    0.213623    constrained

Stress tensor Voigt[x,y,z,yz,xz,xy] (kbar):       -2.34      -10.19       -6.88       -0.00        0.00       -0.00
(Free)E + p*V (eV/cell)   -31575.3432
Target enthalpy (eV/cell)   -31575.8578

siesta: Stress tensor (static) (eV/Ang**3):
        -0.001459   -0.000000    0.000000
        -0.000000   -0.006359   -0.000000
         0.000000   -0.000000   -0.004294

siesta: Pressure (static):          6.46850265  kBar

siesta: Stress tensor (total) (eV/Ang**3):
        -0.001459   -0.000000    0.000000
        -0.000000   -0.006359   -0.000000
         0.000000   -0.000000   -0.004294

siesta: Pressure (total):          6.46850265  kBar

cgvc: Finished line minimization    6.  Mean atomic displacement =    0.0824

                     ====================================
                        Begin CG opt. move =     18
                     ====================================
k-point displ. along   1 input, could be:     0.00    0.50
k-point displ. along   2 input, could be:     0.00    0.50
k-point displ. along   3 input, could be:     0.00    0.50
 Kpoints in:           32 . Kpoints trimmed:           31

siesta: k-grid: Number of k-points = 31
siesta: k-points from Monkhorst-Pack grid
siesta: k-cutoff (effective) =     6.516 Ang
siesta: k-point supercell and displacements
siesta: k-grid:     2     0     0      0.000
siesta: k-grid:     0     6     0      0.000
siesta: k-grid:     0     0     4      0.000

superc: Internal auxiliary supercell:     3 x    11 x     9  =     297
superc: Number of atoms, orbitals, and projectors:   2970  69795  53460

outcell: Unit cell vectors (Ang):
       13.430951    0.000000   -0.000000
        0.000000    2.939462    0.000000
       -0.000000    0.000000    3.257910

outcell: Cell vector modules (Ang)   :   13.430951    2.939462    3.257910
outcell: Cell angles (23,13,12) (deg):     90.0000     90.0000     90.0000
outcell: Cell volume (Ang**3)        :    128.6215
<dSpData1D:S at geom step 18
  <sparsity:sparsity for geom step 18
    nrows_g=235 nrows=12 sparsity=1.5602 nnzs=86162, refcount: 7>
  <dData1D:(new from dSpData1D) n=86162, refcount: 1>
refcount: 1>
new_DM -- step:    19
Re-using DM from previous geometries...
Number of DMs in history: 1
 DM extrapolation coefficients: 
1   1.00000
New DM after history re-use:
<dSpData2D:SpM extrapolated using coords
  <sparsity:sparsity for geom step 18
    nrows_g=235 nrows=12 sparsity=1.5602 nnzs=86162, refcount: 9>
  <dData2D:(temp array for extrapolation) n=86162 m=2, refcount: 1>
refcount: 1>
No. of atoms with KB's overlaping orbs in proc 0. Max # of overlaps:     199    1181

InitMesh: MESH = 144 x 32 x 36 = 165888
InitMesh: Mesh cutoff (required, used) =   300.000   317.697 Ry
New grid distribution [1]: sub = 2
New grid distribution [2]: sub = 2
New grid distribution [3]: sub = 2
Setting up quadratic distribution...

        iscf     Eharris(eV)        E_KS(eV)     FreeEng(eV)     dDmax    Ef(eV) dHmax(eV)
   scf:    1   -31567.530947   -31573.206405   -31573.219960  1.453225 -6.291121 10.157874
     spin moment: {S} , |S| = {        0.0        0.0   -3.79888 }    -3.79888
   scf:    2   -21307.456361   -28188.509292   -28188.516037 23.829558 -5.198130413.938783
     spin moment: {S} , |S| = {        0.0        0.0   -0.41875 }    -0.41875
   scf:    3   -31592.448725   -31575.346086   -31575.355358 23.726258 -6.367722  5.053199
     spin moment: {S} , |S| = {        0.0        0.0   -3.81780 }    -3.81780
   scf:    4   -31575.832688   -31575.685720   -31575.695684  0.058117 -6.373681  2.363223
     spin moment: {S} , |S| = {        0.0        0.0   -3.78662 }    -3.78662
   scf:    5   -31575.849951   -31575.778590   -31575.788851  0.041102 -6.380142  1.478751
     spin moment: {S} , |S| = {        0.0        0.0   -3.78295 }    -3.78295
   scf:    6   -31575.843979   -31575.839120   -31575.849908  0.076545 -6.389643  0.155698
     spin moment: {S} , |S| = {        0.0        0.0   -3.77153 }    -3.77153
   scf:    7   -31575.843768   -31575.842333   -31575.853167  0.032271 -6.387923  0.130119
     spin moment: {S} , |S| = {        0.0        0.0   -3.77534 }    -3.77534
   scf:    8   -31575.843228   -31575.843324   -31575.854093  0.013782 -6.386468  0.140623
     spin moment: {S} , |S| = {        0.0        0.0   -3.77748 }    -3.77748
   scf:    9   -31575.844102   -31575.844148   -31575.854960  0.020784 -6.388008  0.079563
     spin moment: {S} , |S| = {        0.0        0.0   -3.77836 }    -3.77836
   scf:   10   -31575.844368   -31575.844335   -31575.855120  0.003731 -6.387744  0.037061
     spin moment: {S} , |S| = {        0.0        0.0   -3.77905 }    -3.77905
   scf:   11   -31575.844566   -31575.844467   -31575.855242  0.008448 -6.388234  0.029772
     spin moment: {S} , |S| = {        0.0        0.0   -3.78065 }    -3.78065
   scf:   12   -31575.844509   -31575.844490   -31575.855265  0.001746 -6.388181  0.015141
     spin moment: {S} , |S| = {        0.0        0.0   -3.78081 }    -3.78081
   scf:   13   -31575.844599   -31575.844544   -31575.855310  0.004922 -6.387632  0.015171
     spin moment: {S} , |S| = {        0.0        0.0   -3.78200 }    -3.78200
   scf:   14   -31575.844568   -31575.844556   -31575.855319  0.001166 -6.387505  0.012529
     spin moment: {S} , |S| = {        0.0        0.0   -3.78232 }    -3.78232
   scf:   15   -31575.844610   -31575.844582   -31575.855338  0.002293 -6.387202  0.006906
     spin moment: {S} , |S| = {        0.0        0.0   -3.78319 }    -3.78319
   scf:   16   -31575.844604   -31575.844593   -31575.855345  0.001216 -6.387004  0.004359
     spin moment: {S} , |S| = {        0.0        0.0   -3.78371 }    -3.78371
   scf:   17   -31575.844606   -31575.844599   -31575.855348  0.000689 -6.386841  0.003546
     spin moment: {S} , |S| = {        0.0        0.0   -3.78413 }    -3.78413
   scf:   18   -31575.844609   -31575.844604   -31575.855350  0.000722 -6.386705  0.002610
     spin moment: {S} , |S| = {        0.0        0.0   -3.78449 }    -3.78449
   scf:   19   -31575.844609   -31575.844607   -31575.855351  0.000470 -6.386634  0.001750
     spin moment: {S} , |S| = {        0.0        0.0   -3.78470 }    -3.78470

SCF Convergence by DM criterion
max |DM_out - DM_in|         :     0.0004699099
max |H_out - H_in|      (eV) :     0.0017504376
SCF cycle converged after 19 iterations

Using DM_out to compute the final energy and forces
No. of atoms with KB's overlaping orbs in proc 0. Max # of overlaps:     199    1181

siesta: E_KS(eV) =           -31575.8446

siesta: Atomic forces (eV/Ang):
     1    0.256064    0.000000   -0.000005
     2    0.118849   -0.000002   -0.000002
     3    0.095406   -0.000000    0.000010
     4   -0.358231   -0.000001    0.000001
     5    0.113865   -0.000002    0.000001
     6    0.007894    0.000000   -0.000014
     7   -0.269103    0.000001   -0.000006
     8    0.109605    0.000004    0.000001
     9   -0.215415   -0.000001    0.000009
    10    0.132475    0.000001    0.000003
----------------------------------------
   Tot   -0.008591   -0.000001   -0.000002
----------------------------------------
   Max    0.358231
   Res    0.112329    sqrt( Sum f_i^2 / 3N )
----------------------------------------
   Max    0.358231    constrained

Stress tensor Voigt[x,y,z,yz,xz,xy] (kbar):        2.47        1.34        0.35        0.00       -0.00        0.00
(Free)E + p*V (eV/cell)   -31575.9665
Target enthalpy (eV/cell)   -31575.8554

siesta: Stress tensor (static) (eV/Ang**3):
         0.001539    0.000000   -0.000000
         0.000000    0.000834    0.000000
        -0.000000    0.000000    0.000220

siesta: Pressure (static):         -1.38457809  kBar

siesta: Stress tensor (total) (eV/Ang**3):
         0.001539    0.000000   -0.000000
         0.000000    0.000834    0.000000
        -0.000000    0.000000    0.000220

siesta: Pressure (total):         -1.38457809  kBar

                     ====================================
                        Begin CG opt. move =     19
                     ====================================
k-point displ. along   1 input, could be:     0.00    0.50
k-point displ. along   2 input, could be:     0.00    0.50
k-point displ. along   3 input, could be:     0.00    0.50
 Kpoints in:           32 . Kpoints trimmed:           31

siesta: k-grid: Number of k-points = 31
siesta: k-points from Monkhorst-Pack grid
siesta: k-cutoff (effective) =     6.558 Ang
siesta: k-point supercell and displacements
siesta: k-grid:     2     0     0      0.000
siesta: k-grid:     0     6     0      0.000
siesta: k-grid:     0     0     4      0.000

superc: Internal auxiliary supercell:     3 x    11 x     9  =     297
superc: Number of atoms, orbitals, and projectors:   2970  69795  53460

outcell: Unit cell vectors (Ang):
       13.394404   -0.000000   -0.000000
       -0.000000    2.913679   -0.000000
       -0.000000   -0.000000    3.279130

outcell: Cell vector modules (Ang)   :   13.394404    2.913679    3.279130
outcell: Cell angles (23,13,12) (deg):     90.0000     90.0000     90.0000
outcell: Cell volume (Ang**3)        :    127.9746
<dSpData1D:S at geom step 19
  <sparsity:sparsity for geom step 19
    nrows_g=235 nrows=12 sparsity=1.5656 nnzs=86459, refcount: 7>
  <dData1D:(new from dSpData1D) n=86459, refcount: 1>
refcount: 1>
new_DM -- step:    20
Re-using DM from previous geometries...
Number of DMs in history: 1
 DM extrapolation coefficients: 
1   1.00000
New DM after history re-use:
<dSpData2D:SpM extrapolated using coords
  <sparsity:sparsity for geom step 19
    nrows_g=235 nrows=12 sparsity=1.5656 nnzs=86459, refcount: 9>
  <dData2D:(temp array for extrapolation) n=86459 m=2, refcount: 1>
refcount: 1>
No. of atoms with KB's overlaping orbs in proc 0. Max # of overlaps:     201    1177

InitMesh: MESH = 144 x 32 x 36 = 165888
InitMesh: Mesh cutoff (required, used) =   300.000   319.433 Ry
New grid distribution [1]: sub = 2
New grid distribution [2]: sub = 2
New grid distribution [3]: sub = 2
Setting up quadratic distribution...

        iscf     Eharris(eV)        E_KS(eV)     FreeEng(eV)     dDmax    Ef(eV) dHmax(eV)
   scf:    1   -31567.645728   -31573.096019   -31573.109393  0.487263 -6.471706 11.049223
     spin moment: {S} , |S| = {        0.0        0.0   -3.78321 }    -3.78321
   scf:    2   -18854.734136   -27366.857931   -27366.876306113.767671 -2.466710369.740562
     spin moment: {S} , |S| = {        0.0        0.0   -2.50212 }    -2.50212
   scf:    3   -31649.874424   -31575.460779   -31575.471556113.474947 -6.441818  2.775799
     spin moment: {S} , |S| = {        0.0        0.0   -3.82585 }    -3.82585
   scf:    4   -31575.827178   -31575.723689   -31575.735473  0.074371 -6.442171  1.718923
     spin moment: {S} , |S| = {        0.0        0.0   -3.78607 }    -3.78607
   scf:    5   -31575.807781   -31575.782341   -31575.794251  0.024931 -6.435797  1.303647
     spin moment: {S} , |S| = {        0.0        0.0   -3.79949 }    -3.79949
   scf:    6   -31575.869078   -31575.834381   -31575.846607  0.024386 -6.428003  0.704575
     spin moment: {S} , |S| = {        0.0        0.0   -3.79052 }    -3.79052
   scf:    7   -31575.859657   -31575.854293   -31575.866668  0.035608 -6.414164  0.083695
     spin moment: {S} , |S| = {        0.0        0.0   -3.78612 }    -3.78612
   scf:    8   -31575.847352   -31575.852679   -31575.865130  0.019355 -6.410303  0.230604
     spin moment: {S} , |S| = {        0.0        0.0   -3.78099 }    -3.78099
   scf:    9   -31575.856088   -31575.855006   -31575.867405  0.008682 -6.411871  0.065568
     spin moment: {S} , |S| = {        0.0        0.0   -3.78362 }    -3.78362
   scf:   10   -31575.855305   -31575.855241   -31575.867624  0.004840 -6.413303  0.026091
     spin moment: {S} , |S| = {        0.0        0.0   -3.78366 }    -3.78366
   scf:   11   -31575.855273   -31575.855268   -31575.867642  0.001886 -6.413269  0.016257
     spin moment: {S} , |S| = {        0.0        0.0   -3.78357 }    -3.78357
   scf:   12   -31575.855266   -31575.855271   -31575.867652  0.000972 -6.413284  0.012751
     spin moment: {S} , |S| = {        0.0        0.0   -3.78327 }    -3.78327
   scf:   13   -31575.855285   -31575.855279   -31575.867662  0.001917 -6.413361  0.005816
     spin moment: {S} , |S| = {        0.0        0.0   -3.78296 }    -3.78296
   scf:   14   -31575.855279   -31575.855279   -31575.867664  0.000667 -6.413431  0.005888
     spin moment: {S} , |S| = {        0.0        0.0   -3.78280 }    -3.78280
   scf:   15   -31575.855277   -31575.855278   -31575.867667  0.000918 -6.413579  0.005019
     spin moment: {S} , |S| = {        0.0        0.0   -3.78256 }    -3.78256
   scf:   16   -31575.855276   -31575.855277   -31575.867669  0.000738 -6.413703  0.004087
     spin moment: {S} , |S| = {        0.0        0.0   -3.78236 }    -3.78236
   scf:   17   -31575.855274   -31575.855276   -31575.867670  0.000634 -6.413805  0.003156
     spin moment: {S} , |S| = {        0.0        0.0   -3.78219 }    -3.78219
   scf:   18   -31575.855272   -31575.855274   -31575.867671  0.000614 -6.413901  0.002330
     spin moment: {S} , |S| = {        0.0        0.0   -3.78201 }    -3.78201
   scf:   19   -31575.855271   -31575.855273   -31575.867672  0.000323 -6.413949  0.001840
     spin moment: {S} , |S| = {        0.0        0.0   -3.78192 }    -3.78192

SCF Convergence by DM criterion
max |DM_out - DM_in|         :     0.0003228512
max |H_out - H_in|      (eV) :     0.0018401641
SCF cycle converged after 19 iterations

Using DM_out to compute the final energy and forces
No. of atoms with KB's overlaping orbs in proc 0. Max # of overlaps:     201    1177

siesta: E_KS(eV) =           -31575.8553

siesta: Atomic forces (eV/Ang):
     1    0.022051    0.000001   -0.000003
     2    0.030243   -0.000000   -0.000001
     3    0.043095   -0.000001    0.000003
     4   -0.086281   -0.000000    0.000001
     5    0.114045   -0.000001    0.000001
     6    0.001675    0.000002   -0.000009
     7   -0.060924    0.000003   -0.000001
     8   -0.023000   -0.000002    0.000001
     9    0.006037   -0.000002    0.000005
    10   -0.039668   -0.000001    0.000001
----------------------------------------
   Tot    0.007273   -0.000001   -0.000002
----------------------------------------
   Max    0.114045
   Res    0.031391    sqrt( Sum f_i^2 / 3N )
----------------------------------------
   Max    0.114045    constrained

Stress tensor Voigt[x,y,z,yz,xz,xy] (kbar):       -0.51       -8.06       -0.85        0.00       -0.00        0.00
(Free)E + p*V (eV/cell)   -31575.6167
Target enthalpy (eV/cell)   -31575.8677

siesta: Stress tensor (static) (eV/Ang**3):
        -0.000319    0.000000   -0.000000
         0.000000   -0.005032    0.000000
        -0.000000    0.000000   -0.000531

siesta: Pressure (static):          3.14150928  kBar

siesta: Stress tensor (total) (eV/Ang**3):
        -0.000319    0.000000   -0.000000
         0.000000   -0.005032    0.000000
        -0.000000    0.000000   -0.000531

siesta: Pressure (total):          3.14150928  kBar

cgvc: Finished line minimization    7.  Mean atomic displacement =    0.0360

                     ====================================
                        Begin CG opt. move =     20
                     ====================================
k-point displ. along   1 input, could be:     0.00    0.50
k-point displ. along   2 input, could be:     0.00    0.50
k-point displ. along   3 input, could be:     0.00    0.50
 Kpoints in:           32 . Kpoints trimmed:           31

siesta: k-grid: Number of k-points = 31
siesta: k-points from Monkhorst-Pack grid
siesta: k-cutoff (effective) =     6.553 Ang
siesta: k-point supercell and displacements
siesta: k-grid:     2     0     0      0.000
siesta: k-grid:     0     6     0      0.000
siesta: k-grid:     0     0     4      0.000

superc: Internal auxiliary supercell:     3 x    11 x     9  =     297
superc: Number of atoms, orbitals, and projectors:   2970  69795  53460

outcell: Unit cell vectors (Ang):
       13.407679   -0.000000   -0.000000
       -0.000000    2.934755   -0.000000
       -0.000000   -0.000000    3.276445

outcell: Cell vector modules (Ang)   :   13.407679    2.934755    3.276445
outcell: Cell angles (23,13,12) (deg):     90.0000     90.0000     90.0000
outcell: Cell volume (Ang**3)        :    128.9224
<dSpData1D:S at geom step 20
  <sparsity:sparsity for geom step 20
    nrows_g=235 nrows=12 sparsity=1.5493 nnzs=85562, refcount: 7>
  <dData1D:(new from dSpData1D) n=85562, refcount: 1>
refcount: 1>
new_DM -- step:    21
Re-using DM from previous geometries...
Number of DMs in history: 1
 DM extrapolation coefficients: 
1   1.00000
New DM after history re-use:
<dSpData2D:SpM extrapolated using coords
  <sparsity:sparsity for geom step 20
    nrows_g=235 nrows=12 sparsity=1.5493 nnzs=85562, refcount: 9>
  <dData2D:(temp array for extrapolation) n=85562 m=2, refcount: 1>
refcount: 1>
No. of atoms with KB's overlaping orbs in proc 0. Max # of overlaps:     195    1181

InitMesh: MESH = 144 x 32 x 36 = 165888
InitMesh: Mesh cutoff (required, used) =   300.000   318.801 Ry
New grid distribution [1]: sub = 2
New grid distribution [2]: sub = 2
New grid distribution [3]: sub = 2
Setting up quadratic distribution...

        iscf     Eharris(eV)        E_KS(eV)     FreeEng(eV)     dDmax    Ef(eV) dHmax(eV)
   scf:    1   -31520.528460   -31557.021659   -31557.038120  1.257124 -6.487382 28.947252
     spin moment: {S} , |S| = {        0.0        0.0   -3.64128 }    -3.64128
   scf:    2    16155.505777   -15860.136413   -15860.146588467.990653 -0.440075667.860223
     spin moment: {S} , |S| = {        0.0        0.0   -3.89773 }    -3.89773
   scf:    3   -32197.218616   -31571.922030   -31571.934934467.633048 -6.395646 13.602147
     spin moment: {S} , |S| = {        0.0        0.0   -3.92776 }    -3.92776
   scf:    4   -31575.802560   -31574.355755   -31574.366426  0.099432 -6.410263 10.215381
     spin moment: {S} , |S| = {        0.0        0.0   -3.81812 }    -3.81812
   scf:    5   -31575.781413   -31575.144182   -31575.154727  0.062561 -6.415339  6.926720
     spin moment: {S} , |S| = {        0.0        0.0   -3.80889 }    -3.80889
   scf:    6   -31575.564288   -31575.364047   -31575.374643  0.018976 -6.414167  5.743487
     spin moment: {S} , |S| = {        0.0        0.0   -3.80348 }    -3.80348
   scf:    7   -31575.697905   -31575.540177   -31575.550878  0.018609 -6.410596  4.575512
     spin moment: {S} , |S| = {        0.0        0.0   -3.79988 }    -3.79988
   scf:    8   -31575.946328   -31575.785146   -31575.796281  0.041339 -6.400509  2.112954
     spin moment: {S} , |S| = {        0.0        0.0   -3.79342 }    -3.79342
   scf:    9   -31575.873846   -31575.849089   -31575.860681  0.037211 -6.389754  0.468689
     spin moment: {S} , |S| = {        0.0        0.0   -3.79287 }    -3.79287
   scf:   10   -31575.850935   -31575.852162   -31575.863932  0.012667 -6.389171  0.087863
     spin moment: {S} , |S| = {        0.0        0.0   -3.79313 }    -3.79313
   scf:   11   -31575.852063   -31575.852276   -31575.863993  0.004820 -6.389408  0.073775
     spin moment: {S} , |S| = {        0.0        0.0   -3.79334 }    -3.79334
   scf:   12   -31575.852021   -31575.852278   -31575.864038  0.004482 -6.389342  0.065581
     spin moment: {S} , |S| = {        0.0        0.0   -3.79446 }    -3.79446
   scf:   13   -31575.852438   -31575.852367   -31575.864117  0.006776 -6.389025  0.032530
     spin moment: {S} , |S| = {        0.0        0.0   -3.79624 }    -3.79624
   scf:   14   -31575.852405   -31575.852399   -31575.864135  0.001571 -6.388888  0.011205
     spin moment: {S} , |S| = {        0.0        0.0   -3.79689 }    -3.79689
   scf:   15   -31575.852363   -31575.852387   -31575.864133  0.000954 -6.388867  0.021084
     spin moment: {S} , |S| = {        0.0        0.0   -3.79754 }    -3.79754
   scf:   16   -31575.852413   -31575.852403   -31575.864143  0.001289 -6.388772  0.005093
     spin moment: {S} , |S| = {        0.0        0.0   -3.79858 }    -3.79858
   scf:   17   -31575.852405   -31575.852404   -31575.864144  0.000405 -6.388736  0.004073
     spin moment: {S} , |S| = {        0.0        0.0   -3.79907 }    -3.79907

SCF Convergence by DM criterion
max |DM_out - DM_in|         :     0.0004050984
max |H_out - H_in|      (eV) :     0.0040728843
SCF cycle converged after 17 iterations

Using DM_out to compute the final energy and forces
No. of atoms with KB's overlaping orbs in proc 0. Max # of overlaps:     195    1181

siesta: E_KS(eV) =           -31575.8524

siesta: Atomic forces (eV/Ang):
     1    0.129441   -0.000003    0.000005
     2   -0.111308   -0.000001    0.000002
     3   -0.158824    0.000005   -0.000011
     4    0.189785   -0.000002   -0.000001
     5   -0.258762   -0.000000   -0.000002
     6    0.016202   -0.000006    0.000017
     7    0.079350   -0.000006    0.000002
     8    0.005072    0.000003   -0.000001
     9    0.030256    0.000006   -0.000010
    10    0.078523    0.000005   -0.000003
----------------------------------------
   Tot   -0.000264    0.000002   -0.000001
----------------------------------------
   Max    0.258762
   Res    0.075501    sqrt( Sum f_i^2 / 3N )
----------------------------------------
   Max    0.258762    constrained

Stress tensor Voigt[x,y,z,yz,xz,xy] (kbar):       11.53        3.95        9.45       -0.00        0.00       -0.00
(Free)E + p*V (eV/cell)   -31576.5326
Target enthalpy (eV/cell)   -31575.8641

siesta: Stress tensor (static) (eV/Ang**3):
         0.007195   -0.000000    0.000000
        -0.000000    0.002465   -0.000000
         0.000000   -0.000000    0.005896

siesta: Pressure (static):         -8.30773528  kBar

siesta: Stress tensor (total) (eV/Ang**3):
         0.007195   -0.000000    0.000000
        -0.000000    0.002465   -0.000000
         0.000000   -0.000000    0.005896

siesta: Pressure (total):         -8.30773528  kBar

                     ====================================
                        Begin CG opt. move =     21
                     ====================================
k-point displ. along   1 input, could be:     0.00    0.50
k-point displ. along   2 input, could be:     0.00    0.50
k-point displ. along   3 input, could be:     0.00    0.50
 Kpoints in:           32 . Kpoints trimmed:           31

siesta: k-grid: Number of k-points = 31
siesta: k-points from Monkhorst-Pack grid
siesta: k-cutoff (effective) =     6.556 Ang
siesta: k-point supercell and displacements
siesta: k-grid:     2     0     0      0.000
siesta: k-grid:     0     6     0      0.000
siesta: k-grid:     0     0     4      0.000

superc: Internal auxiliary supercell:     3 x    11 x     9  =     297
superc: Number of atoms, orbitals, and projectors:   2970  69795  53460

outcell: Unit cell vectors (Ang):
       13.399783   -0.000000   -0.000000
       -0.000000    2.922219   -0.000000
       -0.000000   -0.000000    3.278042

outcell: Cell vector modules (Ang)   :   13.399783    2.922219    3.278042
outcell: Cell angles (23,13,12) (deg):     90.0000     90.0000     90.0000
outcell: Cell volume (Ang**3)        :    128.3586
<dSpData1D:S at geom step 21
  <sparsity:sparsity for geom step 21
    nrows_g=235 nrows=12 sparsity=1.5648 nnzs=86414, refcount: 7>
  <dData1D:(new from dSpData1D) n=86414, refcount: 1>
refcount: 1>
new_DM -- step:    22
Re-using DM from previous geometries...
Number of DMs in history: 1
 DM extrapolation coefficients: 
1   1.00000
New DM after history re-use:
<dSpData2D:SpM extrapolated using coords
  <sparsity:sparsity for geom step 21
    nrows_g=235 nrows=12 sparsity=1.5648 nnzs=86414, refcount: 9>
  <dData2D:(temp array for extrapolation) n=86414 m=2, refcount: 1>
refcount: 1>
No. of atoms with KB's overlaping orbs in proc 0. Max # of overlaps:     201    1177

InitMesh: MESH = 144 x 32 x 36 = 165888
InitMesh: Mesh cutoff (required, used) =   300.000   319.177 Ry
New grid distribution [1]: sub = 2
New grid distribution [2]: sub = 2
New grid distribution [3]: sub = 2
Setting up quadratic distribution...

        iscf     Eharris(eV)        E_KS(eV)     FreeEng(eV)     dDmax    Ef(eV) dHmax(eV)
   scf:    1   -31563.542083   -31572.104670   -31572.118591  1.131385 -6.310460 11.514143
     spin moment: {S} , |S| = {        0.0        0.0   -3.73365 }    -3.73365
   scf:    2   -20100.588573   -27792.598460   -27792.608978 59.235471 -5.187818429.978599
     spin moment: {S} , |S| = {        0.0        0.0   -1.79944 }    -1.79944
   scf:    3   -31648.255562   -31573.397502   -31573.406631 59.077613 -6.375523 10.521840
     spin moment: {S} , |S| = {        0.0        0.0   -3.89667 }    -3.89667
   scf:    4   -31576.453499   -31575.239964   -31575.249969  0.080316 -6.391404  5.421117
     spin moment: {S} , |S| = {        0.0        0.0   -3.86060 }    -3.86060
   scf:    5   -31576.045996   -31575.743362   -31575.754565  0.071349 -6.399297  2.296023
     spin moment: {S} , |S| = {        0.0        0.0   -3.82070 }    -3.82070
   scf:    6   -31575.893046   -31575.847775   -31575.859560  0.039399 -6.403466  0.581324
     spin moment: {S} , |S| = {        0.0        0.0   -3.79607 }    -3.79607
   scf:    7   -31575.858924   -31575.854578   -31575.866529  0.026301 -6.401177  0.364305
     spin moment: {S} , |S| = {        0.0        0.0   -3.79400 }    -3.79400
   scf:    8   -31575.851373   -31575.856742   -31575.868815  0.013847 -6.402071  0.215071
     spin moment: {S} , |S| = {        0.0        0.0   -3.78506 }    -3.78506
   scf:    9   -31575.857971   -31575.857865   -31575.869939  0.008662 -6.400874  0.025399
     spin moment: {S} , |S| = {        0.0        0.0   -3.78840 }    -3.78840
   scf:   10   -31575.857808   -31575.857851   -31575.869927  0.002450 -6.401697  0.042432
     spin moment: {S} , |S| = {        0.0        0.0   -3.78767 }    -3.78767
   scf:   11   -31575.857816   -31575.857890   -31575.869957  0.003048 -6.402133  0.030372
     spin moment: {S} , |S| = {        0.0        0.0   -3.78847 }    -3.78847
   scf:   12   -31575.857914   -31575.857906   -31575.869978  0.001564 -6.402354  0.013623
     spin moment: {S} , |S| = {        0.0        0.0   -3.78799 }    -3.78799
   scf:   13   -31575.857890   -31575.857902   -31575.869983  0.002044 -6.402701  0.010057
     spin moment: {S} , |S| = {        0.0        0.0   -3.78738 }    -3.78738
   scf:   14   -31575.857906   -31575.857905   -31575.869985  0.000298 -6.402743  0.003033
     spin moment: {S} , |S| = {        0.0        0.0   -3.78738 }    -3.78738

SCF Convergence by DM criterion
max |DM_out - DM_in|         :     0.0002977567
max |H_out - H_in|      (eV) :     0.0030325264
SCF cycle converged after 14 iterations

Using DM_out to compute the final energy and forces
No. of atoms with KB's overlaping orbs in proc 0. Max # of overlaps:     201    1177

siesta: E_KS(eV) =           -31575.8579

siesta: Atomic forces (eV/Ang):
     1    0.064885   -0.000001    0.000001
     2   -0.025297   -0.000001   -0.000001
     3   -0.041273    0.000002   -0.000003
     4    0.038075   -0.000001    0.000001
     5   -0.053623   -0.000000   -0.000000
     6    0.007096   -0.000002    0.000004
     7   -0.001188   -0.000000   -0.000001
     8   -0.008728    0.000002    0.000000
     9    0.010860    0.000002   -0.000002
    10    0.004785    0.000002    0.000000
----------------------------------------
   Tot   -0.004409    0.000003   -0.000000
----------------------------------------
   Max    0.064885
   Res    0.019276    sqrt( Sum f_i^2 / 3N )
----------------------------------------
   Max    0.064885    constrained

Stress tensor Voigt[x,y,z,yz,xz,xy] (kbar):        5.16       -3.99        3.95        0.00       -0.00       -0.00
(Free)E + p*V (eV/cell)   -31576.0067
Target enthalpy (eV/cell)   -31575.8700

siesta: Stress tensor (static) (eV/Ang**3):
         0.003221   -0.000000   -0.000000
        -0.000000   -0.002493    0.000000
        -0.000000    0.000000    0.002467

siesta: Pressure (static):         -1.70658500  kBar

siesta: Stress tensor (total) (eV/Ang**3):
         0.003221   -0.000000   -0.000000
        -0.000000   -0.002493    0.000000
        -0.000000    0.000000    0.002467

siesta: Pressure (total):         -1.70658500  kBar

cgvc: Finished line minimization    8.  Mean atomic displacement =    0.0146

                     ====================================
                        Begin CG opt. move =     22
                     ====================================
k-point displ. along   1 input, could be:     0.00    0.50
k-point displ. along   2 input, could be:     0.00    0.50
k-point displ. along   3 input, could be:     0.00    0.50
 Kpoints in:           32 . Kpoints trimmed:           31

siesta: k-grid: Number of k-points = 31
siesta: k-points from Monkhorst-Pack grid
siesta: k-cutoff (effective) =     6.545 Ang
siesta: k-point supercell and displacements
siesta: k-grid:     2     0     0      0.000
siesta: k-grid:     0     6     0      0.000
siesta: k-grid:     0     0     4      0.000

superc: Internal auxiliary supercell:     3 x    11 x     9  =     297
superc: Number of atoms, orbitals, and projectors:   2970  69795  53460

outcell: Unit cell vectors (Ang):
       13.382019    0.000000   -0.000000
        0.000000    2.931672   -0.000000
       -0.000000   -0.000000    3.272582

outcell: Cell vector modules (Ang)   :   13.382019    2.931672    3.272582
outcell: Cell angles (23,13,12) (deg):     90.0000     90.0000     90.0000
outcell: Cell volume (Ang**3)        :    128.3889
<dSpData1D:S at geom step 22
  <sparsity:sparsity for geom step 22
    nrows_g=235 nrows=12 sparsity=1.5692 nnzs=86658, refcount: 7>
  <dData1D:(new from dSpData1D) n=86658, refcount: 1>
refcount: 1>
new_DM -- step:    23
Re-using DM from previous geometries...
Number of DMs in history: 1
 DM extrapolation coefficients: 
1   1.00000
New DM after history re-use:
<dSpData2D:SpM extrapolated using coords
  <sparsity:sparsity for geom step 22
    nrows_g=235 nrows=12 sparsity=1.5692 nnzs=86658, refcount: 9>
  <dData2D:(temp array for extrapolation) n=86658 m=2, refcount: 1>
refcount: 1>
No. of atoms with KB's overlaping orbs in proc 0. Max # of overlaps:     201    1189

InitMesh: MESH = 144 x 32 x 36 = 165888
InitMesh: Mesh cutoff (required, used) =   300.000   320.025 Ry
New grid distribution [1]: sub = 2
New grid distribution [2]: sub = 2
New grid distribution [3]: sub = 2
Setting up quadratic distribution...

        iscf     Eharris(eV)        E_KS(eV)     FreeEng(eV)     dDmax    Ef(eV) dHmax(eV)
   scf:    1   -31575.502756   -31575.721617   -31575.733481  1.283310 -6.409190  2.244571
     spin moment: {S} , |S| = {        0.0        0.0   -3.81483 }    -3.81483
   scf:    2   -29673.985285   -30944.313730   -30944.339396  3.277656 -5.464411159.093852
     spin moment: {S} , |S| = {        0.0        0.0   -1.62693 }    -1.62693
   scf:    3   -31575.242918   -31575.777771   -31575.789211  3.241684 -6.398244  1.713167
     spin moment: {S} , |S| = {        0.0        0.0   -3.81059 }    -3.81059
   scf:    4   -31575.871081   -31575.839533   -31575.851217  0.028500 -6.404337  0.908147
     spin moment: {S} , |S| = {        0.0        0.0   -3.79825 }    -3.79825
   scf:    5   -31575.861732   -31575.852077   -31575.863773  0.006350 -6.404260  0.572461
     spin moment: {S} , |S| = {        0.0        0.0   -3.79272 }    -3.79272
   scf:    6   -31575.859561   -31575.860057   -31575.871749  0.012730 -6.402754  0.029849
     spin moment: {S} , |S| = {        0.0        0.0   -3.78350 }    -3.78350
   scf:    7   -31575.859940   -31575.860022   -31575.871725  0.002644 -6.402193  0.062896
     spin moment: {S} , |S| = {        0.0        0.0   -3.78307 }    -3.78307
   scf:    8   -31575.859725   -31575.859892   -31575.871592  0.002279 -6.402054  0.100767
     spin moment: {S} , |S| = {        0.0        0.0   -3.78250 }    -3.78250
   scf:    9   -31575.860161   -31575.860122   -31575.871824  0.001531 -6.402404  0.009563
     spin moment: {S} , |S| = {        0.0        0.0   -3.78385 }    -3.78385
   scf:   10   -31575.860122   -31575.860124   -31575.871826  0.000536 -6.402506  0.006559
     spin moment: {S} , |S| = {        0.0        0.0   -3.78402 }    -3.78402
   scf:   11   -31575.860132   -31575.860128   -31575.871828  0.000676 -6.402570  0.002051
     spin moment: {S} , |S| = {        0.0        0.0   -3.78390 }    -3.78390
   scf:   12   -31575.860131   -31575.860129   -31575.871828  0.000260 -6.402586  0.001646
     spin moment: {S} , |S| = {        0.0        0.0   -3.78389 }    -3.78389

SCF Convergence by DM criterion
max |DM_out - DM_in|         :     0.0002603646
max |H_out - H_in|      (eV) :     0.0016461621
SCF cycle converged after 12 iterations

Using DM_out to compute the final energy and forces
No. of atoms with KB's overlaping orbs in proc 0. Max # of overlaps:     201    1189

siesta: E_KS(eV) =           -31575.8601

siesta: Atomic forces (eV/Ang):
     1    0.007542    0.000000    0.000001
     2   -0.031638    0.000000    0.000001
     3   -0.021441    0.000000   -0.000002
     4    0.026770   -0.000000    0.000000
     5   -0.053584    0.000000   -0.000000
     6    0.013229    0.000002    0.000005
     7    0.034689   -0.000001   -0.000001
     8    0.005061    0.000002   -0.000001
     9   -0.011612    0.000001   -0.000000
    10    0.030119    0.000001   -0.000000
----------------------------------------
   Tot   -0.000865    0.000006    0.000002
----------------------------------------
   Max    0.053584
   Res    0.015865    sqrt( Sum f_i^2 / 3N )
----------------------------------------
   Max    0.053584    constrained

Stress tensor Voigt[x,y,z,yz,xz,xy] (kbar):        2.27       -2.52        2.84       -0.00        0.00        0.00
(Free)E + p*V (eV/cell)   -31575.9409
Target enthalpy (eV/cell)   -31575.8718

siesta: Stress tensor (static) (eV/Ang**3):
         0.001416    0.000000    0.000000
         0.000000   -0.001576   -0.000000
         0.000000   -0.000000    0.001774

siesta: Pressure (static):         -0.86212765  kBar

siesta: Stress tensor (total) (eV/Ang**3):
         0.001416    0.000000    0.000000
         0.000000   -0.001576   -0.000000
         0.000000   -0.000000    0.001774

siesta: Pressure (total):         -0.86212765  kBar

                     ====================================
                        Begin CG opt. move =     23
                     ====================================
k-point displ. along   1 input, could be:     0.00    0.50
k-point displ. along   2 input, could be:     0.00    0.50
k-point displ. along   3 input, could be:     0.00    0.50
 Kpoints in:           32 . Kpoints trimmed:           31

siesta: k-grid: Number of k-points = 31
siesta: k-points from Monkhorst-Pack grid
siesta: k-cutoff (effective) =     6.528 Ang
siesta: k-point supercell and displacements
siesta: k-grid:     2     0     0      0.000
siesta: k-grid:     0     6     0      0.000
siesta: k-grid:     0     0     4      0.000

superc: Internal auxiliary supercell:     3 x    11 x     9  =     297
superc: Number of atoms, orbitals, and projectors:   2970  69795  53460

outcell: Unit cell vectors (Ang):
       13.353596    0.000000    0.000000
        0.000000    2.946797   -0.000000
        0.000000   -0.000000    3.263845

outcell: Cell vector modules (Ang)   :   13.353596    2.946797    3.263845
outcell: Cell angles (23,13,12) (deg):     90.0000     90.0000     90.0000
outcell: Cell volume (Ang**3)        :    128.4334
<dSpData1D:S at geom step 23
  <sparsity:sparsity for geom step 23
    nrows_g=235 nrows=12 sparsity=1.5734 nnzs=86891, refcount: 7>
  <dData1D:(new from dSpData1D) n=86891, refcount: 1>
refcount: 1>
new_DM -- step:    24
Re-using DM from previous geometries...
Number of DMs in history: 1
 DM extrapolation coefficients: 
1   1.00000
New DM after history re-use:
<dSpData2D:SpM extrapolated using coords
  <sparsity:sparsity for geom step 23
    nrows_g=235 nrows=12 sparsity=1.5734 nnzs=86891, refcount: 9>
  <dData2D:(temp array for extrapolation) n=86891 m=2, refcount: 1>
refcount: 1>
No. of atoms with KB's overlaping orbs in proc 0. Max # of overlaps:     201    1189

InitMesh: MESH = 144 x 32 x 36 = 165888
InitMesh: Mesh cutoff (required, used) =   300.000   321.389 Ry
New grid distribution [1]: sub = 2
New grid distribution [2]: sub = 2
New grid distribution [3]: sub = 2
Setting up quadratic distribution...

        iscf     Eharris(eV)        E_KS(eV)     FreeEng(eV)     dDmax    Ef(eV) dHmax(eV)
   scf:    1   -31574.989295   -31575.537032   -31575.548518  0.254707 -6.413123  3.361188
     spin moment: {S} , |S| = {        0.0        0.0   -3.82120 }    -3.82120
   scf:    2   -27493.692916   -30220.984239   -30221.001287  7.668439 -4.965522227.337174
     spin moment: {S} , |S| = {        0.0        0.0   -0.77951 }    -0.77951
   scf:    3   -31572.602549   -31575.670855   -31575.682103  7.614512 -6.397098  2.578088
     spin moment: {S} , |S| = {        0.0        0.0   -3.82579 }    -3.82579
   scf:    4   -31575.885887   -31575.811049   -31575.822320  0.031803 -6.406233  1.338349
     spin moment: {S} , |S| = {        0.0        0.0   -3.80176 }    -3.80176
   scf:    5   -31575.863261   -31575.840541   -31575.851772  0.011013 -6.405881  0.844418
     spin moment: {S} , |S| = {        0.0        0.0   -3.79369 }    -3.79369
   scf:    6   -31575.860295   -31575.859462   -31575.870602  0.019836 -6.402867  0.038234
     spin moment: {S} , |S| = {        0.0        0.0   -3.78139 }    -3.78139
   scf:    7   -31575.857618   -31575.858907   -31575.870039  0.005706 -6.401356  0.163298
     spin moment: {S} , |S| = {        0.0        0.0   -3.77915 }    -3.77915
   scf:    8   -31575.859184   -31575.859051   -31575.870190  0.002334 -6.401226  0.150858
     spin moment: {S} , |S| = {        0.0        0.0   -3.77942 }    -3.77942
   scf:    9   -31575.859764   -31575.859590   -31575.870744  0.002923 -6.401852  0.031217
     spin moment: {S} , |S| = {        0.0        0.0   -3.78115 }    -3.78115
   scf:   10   -31575.859589   -31575.859605   -31575.870764  0.001000 -6.402075  0.010858
     spin moment: {S} , |S| = {        0.0        0.0   -3.78165 }    -3.78165
   scf:   11   -31575.859618   -31575.859613   -31575.870770  0.001204 -6.402143  0.003002
     spin moment: {S} , |S| = {        0.0        0.0   -3.78156 }    -3.78156
   scf:   12   -31575.859615   -31575.859614   -31575.870771  0.000341 -6.402158  0.002456
     spin moment: {S} , |S| = {        0.0        0.0   -3.78158 }    -3.78158

SCF Convergence by DM criterion
max |DM_out - DM_in|         :     0.0003406706
max |H_out - H_in|      (eV) :     0.0024564837
SCF cycle converged after 12 iterations

Using DM_out to compute the final energy and forces
No. of atoms with KB's overlaping orbs in proc 0. Max # of overlaps:     201    1189

siesta: E_KS(eV) =           -31575.8596

siesta: Atomic forces (eV/Ang):
     1   -0.094444    0.000001    0.000004
     2   -0.049029    0.000002    0.000002
     3   -0.001923   -0.000003   -0.000001
     4    0.008514    0.000001   -0.000001
     5   -0.053884    0.000001   -0.000001
     6    0.056018    0.000006    0.000004
     7    0.083459   -0.000001    0.000000
     8    0.026806   -0.000000    0.000002
     9   -0.044870   -0.000002   -0.000004
    10    0.073758   -0.000000   -0.000001
----------------------------------------
   Tot    0.004405    0.000004    0.000003
----------------------------------------
   Max    0.094444
   Res    0.032954    sqrt( Sum f_i^2 / 3N )
----------------------------------------
   Max    0.094444    constrained

Stress tensor Voigt[x,y,z,yz,xz,xy] (kbar):       -2.30        1.98        0.72       -0.00        0.00        0.00
(Free)E + p*V (eV/cell)   -31575.8814
Target enthalpy (eV/cell)   -31575.8708

siesta: Stress tensor (static) (eV/Ang**3):
        -0.001435    0.000000    0.000000
         0.000000    0.001233   -0.000000
         0.000000   -0.000000    0.000451

siesta: Pressure (static):         -0.13283345  kBar

siesta: Stress tensor (total) (eV/Ang**3):
        -0.001435    0.000000    0.000000
         0.000000    0.001233   -0.000000
         0.000000   -0.000000    0.000451

siesta: Pressure (total):         -0.13283345  kBar

                     ====================================
                        Begin CG opt. move =     24
                     ====================================
k-point displ. along   1 input, could be:     0.00    0.50
k-point displ. along   2 input, could be:     0.00    0.50
k-point displ. along   3 input, could be:     0.00    0.50
 Kpoints in:           32 . Kpoints trimmed:           31

siesta: k-grid: Number of k-points = 31
siesta: k-points from Monkhorst-Pack grid
siesta: k-cutoff (effective) =     6.540 Ang
siesta: k-point supercell and displacements
siesta: k-grid:     2     0     0      0.000
siesta: k-grid:     0     6     0      0.000
siesta: k-grid:     0     0     4      0.000

superc: Internal auxiliary supercell:     3 x    11 x     9  =     297
superc: Number of atoms, orbitals, and projectors:   2970  69795  53460

outcell: Unit cell vectors (Ang):
       13.373569    0.000000   -0.000000
        0.000000    2.936169   -0.000000
       -0.000000   -0.000000    3.269985

outcell: Cell vector modules (Ang)   :   13.373569    2.936169    3.269985
outcell: Cell angles (23,13,12) (deg):     90.0000     90.0000     90.0000
outcell: Cell volume (Ang**3)        :    128.4027
<dSpData1D:S at geom step 24
  <sparsity:sparsity for geom step 24
    nrows_g=235 nrows=12 sparsity=1.5712 nnzs=86768, refcount: 7>
  <dData1D:(new from dSpData1D) n=86768, refcount: 1>
refcount: 1>
new_DM -- step:    25
Re-using DM from previous geometries...
Number of DMs in history: 1
 DM extrapolation coefficients: 
1   1.00000
New DM after history re-use:
<dSpData2D:SpM extrapolated using coords
  <sparsity:sparsity for geom step 24
    nrows_g=235 nrows=12 sparsity=1.5712 nnzs=86768, refcount: 9>
  <dData2D:(temp array for extrapolation) n=86768 m=2, refcount: 1>
refcount: 1>
No. of atoms with KB's overlaping orbs in proc 0. Max # of overlaps:     201    1189

InitMesh: MESH = 144 x 32 x 36 = 165888
InitMesh: Mesh cutoff (required, used) =   300.000   320.429 Ry
New grid distribution [1]: sub = 2
New grid distribution [2]: sub = 2
New grid distribution [3]: sub = 2
Setting up quadratic distribution...

        iscf     Eharris(eV)        E_KS(eV)     FreeEng(eV)     dDmax    Ef(eV) dHmax(eV)
   scf:    1   -31575.336209   -31575.714076   -31575.725021  0.179178 -6.392616  2.364084
     spin moment: {S} , |S| = {        0.0        0.0   -3.75479 }    -3.75479
   scf:    2   -31140.545355   -31432.284772   -31432.300262  1.899958 -6.125787 69.396201
     spin moment: {S} , |S| = {        0.0        0.0   -3.45113 }    -3.45113
   scf:    3   -31581.710854   -31575.771704   -31575.783077  1.864632 -6.396764  1.862941
     spin moment: {S} , |S| = {        0.0        0.0   -3.81141 }    -3.81141
   scf:    4   -31575.885680   -31575.841028   -31575.852490  0.016747 -6.400903  0.858213
     spin moment: {S} , |S| = {        0.0        0.0   -3.79571 }    -3.79571
   scf:    5   -31575.863185   -31575.860337   -31575.871830  0.013006 -6.403154  0.060651
     spin moment: {S} , |S| = {        0.0        0.0   -3.78325 }    -3.78325
   scf:    6   -31575.860439   -31575.860481   -31575.871978  0.004964 -6.402938  0.036255
     spin moment: {S} , |S| = {        0.0        0.0   -3.78210 }    -3.78210
   scf:    7   -31575.860486   -31575.860502   -31575.872007  0.008412 -6.402562  0.039020
     spin moment: {S} , |S| = {        0.0        0.0   -3.78205 }    -3.78205
   scf:    8   -31575.860551   -31575.860553   -31575.872053  0.001098 -6.402568  0.005805
     spin moment: {S} , |S| = {        0.0        0.0   -3.78273 }    -3.78273
   scf:    9   -31575.860550   -31575.860552   -31575.872052  0.000850 -6.402564  0.012011
     spin moment: {S} , |S| = {        0.0        0.0   -3.78289 }    -3.78289
   scf:   10   -31575.860556   -31575.860556   -31575.872058  0.000790 -6.402519  0.002582
     spin moment: {S} , |S| = {        0.0        0.0   -3.78275 }    -3.78275
   scf:   11   -31575.860557   -31575.860557   -31575.872058  0.000376 -6.402507  0.001203
     spin moment: {S} , |S| = {        0.0        0.0   -3.78280 }    -3.78280

SCF Convergence by DM criterion
max |DM_out - DM_in|         :     0.0003759189
max |H_out - H_in|      (eV) :     0.0012032434
SCF cycle converged after 11 iterations

Using DM_out to compute the final energy and forces
No. of atoms with KB's overlaping orbs in proc 0. Max # of overlaps:     201    1189

siesta: E_KS(eV) =           -31575.8606

siesta: Atomic forces (eV/Ang):
     1   -0.020696   -0.000000    0.000002
     2   -0.035452    0.000000    0.000001
     3   -0.012943   -0.000001   -0.000002
     4    0.021089    0.000000   -0.000001
     5   -0.054270   -0.000000    0.000000
     6    0.021358    0.000003    0.000007
     7    0.050855   -0.000003    0.000001
     8    0.011039    0.000001   -0.000003
     9   -0.022609   -0.000001   -0.000003
    10    0.042278   -0.000000   -0.000001
----------------------------------------
   Tot    0.000648   -0.000000    0.000001
----------------------------------------
   Max    0.054270
   Res    0.018890    sqrt( Sum f_i^2 / 3N )
----------------------------------------
   Max    0.054270    constrained

Stress tensor Voigt[x,y,z,yz,xz,xy] (kbar):        0.91       -1.39        2.25       -0.00        0.00        0.00
(Free)E + p*V (eV/cell)   -31575.9195
Target enthalpy (eV/cell)   -31575.8721

siesta: Stress tensor (static) (eV/Ang**3):
         0.000568    0.000000   -0.000000
         0.000000   -0.000866   -0.000000
         0.000000   -0.000000    0.001405

siesta: Pressure (static):         -0.59145122  kBar

siesta: Stress tensor (total) (eV/Ang**3):
         0.000568    0.000000   -0.000000
         0.000000   -0.000866   -0.000000
         0.000000   -0.000000    0.001405

siesta: Pressure (total):         -0.59145122  kBar

cgvc: Finished line minimization    9.  Mean atomic displacement =    0.0215

                     ====================================
                        Begin CG opt. move =     25
                     ====================================
k-point displ. along   1 input, could be:     0.00    0.50
k-point displ. along   2 input, could be:     0.00    0.50
k-point displ. along   3 input, could be:     0.00    0.50
 Kpoints in:           32 . Kpoints trimmed:           31

siesta: k-grid: Number of k-points = 31
siesta: k-points from Monkhorst-Pack grid
siesta: k-cutoff (effective) =     6.520 Ang
siesta: k-point supercell and displacements
siesta: k-grid:     2     0     0      0.000
siesta: k-grid:     0     6     0      0.000
siesta: k-grid:     0     0     4      0.000

superc: Internal auxiliary supercell:     3 x    11 x     9  =     297
superc: Number of atoms, orbitals, and projectors:   2970  69795  53460

outcell: Unit cell vectors (Ang):
       13.354645    0.000000   -0.000000
        0.000000    2.943919   -0.000000
       -0.000000   -0.000000    3.260168

outcell: Cell vector modules (Ang)   :   13.354645    2.943919    3.260168
outcell: Cell angles (23,13,12) (deg):     90.0000     90.0000     90.0000
outcell: Cell volume (Ang**3)        :    128.1735
<dSpData1D:S at geom step 25
  <sparsity:sparsity for geom step 25
    nrows_g=235 nrows=12 sparsity=1.5732 nnzs=86879, refcount: 7>
  <dData1D:(new from dSpData1D) n=86879, refcount: 1>
refcount: 1>
new_DM -- step:    26
Re-using DM from previous geometries...
Number of DMs in history: 1
 DM extrapolation coefficients: 
1   1.00000
New DM after history re-use:
<dSpData2D:SpM extrapolated using coords
  <sparsity:sparsity for geom step 25
    nrows_g=235 nrows=12 sparsity=1.5732 nnzs=86879, refcount: 9>
  <dData2D:(temp array for extrapolation) n=86879 m=2, refcount: 1>
refcount: 1>
No. of atoms with KB's overlaping orbs in proc 0. Max # of overlaps:     201    1189

InitMesh: MESH = 144 x 32 x 36 = 165888
InitMesh: Mesh cutoff (required, used) =   300.000   321.338 Ry
New grid distribution [1]: sub = 2
New grid distribution [2]: sub = 2
New grid distribution [3]: sub = 2
Setting up quadratic distribution...

        iscf     Eharris(eV)        E_KS(eV)     FreeEng(eV)     dDmax    Ef(eV) dHmax(eV)
   scf:    1   -31568.676786   -31573.708838   -31573.719821  1.487394 -6.335444  8.920988
     spin moment: {S} , |S| = {        0.0        0.0   -3.72007 }    -3.72007
   scf:    2   -23231.610739   -28818.587753   -28818.598723 28.262958 -4.649621377.460634
     spin moment: {S} , |S| = {        0.0        0.0   -2.03118 }    -2.03118
   scf:    3   -31606.550277   -31574.098293   -31574.107557 28.124584 -6.375590  9.071098
     spin moment: {S} , |S| = {        0.0        0.0   -3.88070 }    -3.88070
   scf:    4   -31576.314243   -31575.510011   -31575.520750  0.093360 -6.396351  4.025091
     spin moment: {S} , |S| = {        0.0        0.0   -3.80901 }    -3.80901
   scf:    5   -31575.952315   -31575.778093   -31575.789001  0.050218 -6.406887  1.829626
     spin moment: {S} , |S| = {        0.0        0.0   -3.78131 }    -3.78131
   scf:    6   -31575.885626   -31575.846994   -31575.857880  0.035658 -6.411241  0.651629
     spin moment: {S} , |S| = {        0.0        0.0   -3.76785 }    -3.76785
   scf:    7   -31575.860074   -31575.859033   -31575.869948  0.028666 -6.409451  0.066643
     spin moment: {S} , |S| = {        0.0        0.0   -3.76089 }    -3.76089
   scf:    8   -31575.859193   -31575.859187   -31575.870123  0.008323 -6.409028  0.037204
     spin moment: {S} , |S| = {        0.0        0.0   -3.76127 }    -3.76127
   scf:    9   -31575.859023   -31575.859145   -31575.870076  0.002432 -6.409583  0.067173
     spin moment: {S} , |S| = {        0.0        0.0   -3.76152 }    -3.76152
   scf:   10   -31575.858395   -31575.859045   -31575.869979  0.008889 -6.410025  0.097915
     spin moment: {S} , |S| = {        0.0        0.0   -3.75955 }    -3.75955
   scf:   11   -31575.859282   -31575.859266   -31575.870197  0.002922 -6.410438  0.006659
     spin moment: {S} , |S| = {        0.0        0.0   -3.76027 }    -3.76027
   scf:   12   -31575.859275   -31575.859272   -31575.870202  0.001720 -6.410820  0.005262
     spin moment: {S} , |S| = {        0.0        0.0   -3.75989 }    -3.75989
   scf:   13   -31575.859280   -31575.859276   -31575.870204  0.000804 -6.410971  0.004147
     spin moment: {S} , |S| = {        0.0        0.0   -3.75960 }    -3.75960
   scf:   14   -31575.859281   -31575.859278   -31575.870206  0.000592 -6.411080  0.003317
     spin moment: {S} , |S| = {        0.0        0.0   -3.75934 }    -3.75934
   scf:   15   -31575.859282   -31575.859280   -31575.870206  0.000326 -6.411153  0.002926
     spin moment: {S} , |S| = {        0.0        0.0   -3.75912 }    -3.75912

SCF Convergence by DM criterion
max |DM_out - DM_in|         :     0.0003258125
max |H_out - H_in|      (eV) :     0.0029255846
SCF cycle converged after 15 iterations

Using DM_out to compute the final energy and forces
No. of atoms with KB's overlaping orbs in proc 0. Max # of overlaps:     201    1189

siesta: E_KS(eV) =           -31575.8593

siesta: Atomic forces (eV/Ang):
     1   -0.043994   -0.000000   -0.000006
     2    0.125265    0.000001   -0.000002
     3    0.120568    0.000003    0.000013
     4   -0.158558    0.000002   -0.000002
     5    0.140539    0.000002   -0.000002
     6   -0.058968   -0.000007   -0.000016
     7   -0.080470    0.000003   -0.000004
     8   -0.002169   -0.000005    0.000005
     9   -0.007996    0.000004    0.000011
    10   -0.036588   -0.000003    0.000001
----------------------------------------
   Tot   -0.002370    0.000001   -0.000000
----------------------------------------
   Max    0.158558
   Res    0.054288    sqrt( Sum f_i^2 / 3N )
----------------------------------------
   Max    0.158558    constrained

Stress tensor Voigt[x,y,z,yz,xz,xy] (kbar):       -3.75       -1.89       -1.48        0.00       -0.00        0.00
(Free)E + p*V (eV/cell)   -31575.6803
Target enthalpy (eV/cell)   -31575.8702

siesta: Stress tensor (static) (eV/Ang**3):
        -0.002340    0.000000   -0.000000
         0.000000   -0.001182    0.000000
        -0.000000    0.000000   -0.000923

siesta: Pressure (static):          2.37382803  kBar

siesta: Stress tensor (total) (eV/Ang**3):
        -0.002340    0.000000   -0.000000
         0.000000   -0.001182    0.000000
        -0.000000    0.000000   -0.000923

siesta: Pressure (total):          2.37382803  kBar

                     ====================================
                        Begin CG opt. move =     26
                     ====================================
k-point displ. along   1 input, could be:     0.00    0.50
k-point displ. along   2 input, could be:     0.00    0.50
k-point displ. along   3 input, could be:     0.00    0.50
 Kpoints in:           32 . Kpoints trimmed:           31

siesta: k-grid: Number of k-points = 31
siesta: k-points from Monkhorst-Pack grid
siesta: k-cutoff (effective) =     6.533 Ang
siesta: k-point supercell and displacements
siesta: k-grid:     2     0     0      0.000
siesta: k-grid:     0     6     0      0.000
siesta: k-grid:     0     0     4      0.000

superc: Internal auxiliary supercell:     3 x    11 x     9  =     297
superc: Number of atoms, orbitals, and projectors:   2970  69795  53460

outcell: Unit cell vectors (Ang):
       13.366996    0.000000   -0.000000
        0.000000    2.938861   -0.000000
       -0.000000   -0.000000    3.266575

outcell: Cell vector modules (Ang)   :   13.366996    2.938861    3.266575
outcell: Cell angles (23,13,12) (deg):     90.0000     90.0000     90.0000
outcell: Cell volume (Ang**3)        :    128.3233
<dSpData1D:S at geom step 26
  <sparsity:sparsity for geom step 26
    nrows_g=235 nrows=12 sparsity=1.5720 nnzs=86813, refcount: 7>
  <dData1D:(new from dSpData1D) n=86813, refcount: 1>
refcount: 1>
new_DM -- step:    27
Re-using DM from previous geometries...
Number of DMs in history: 1
 DM extrapolation coefficients: 
1   1.00000
New DM after history re-use:
<dSpData2D:SpM extrapolated using coords
  <sparsity:sparsity for geom step 26
    nrows_g=235 nrows=12 sparsity=1.5720 nnzs=86813, refcount: 9>
  <dData2D:(temp array for extrapolation) n=86813 m=2, refcount: 1>
refcount: 1>
No. of atoms with KB's overlaping orbs in proc 0. Max # of overlaps:     201    1189

InitMesh: MESH = 144 x 32 x 36 = 165888
InitMesh: Mesh cutoff (required, used) =   300.000   320.745 Ry
New grid distribution [1]: sub = 2
New grid distribution [2]: sub = 2
New grid distribution [3]: sub = 2
Setting up quadratic distribution...

        iscf     Eharris(eV)        E_KS(eV)     FreeEng(eV)     dDmax    Ef(eV) dHmax(eV)
   scf:    1   -31572.514733   -31574.611941   -31574.623516  0.295637 -6.441131  6.542421
     spin moment: {S} , |S| = {        0.0        0.0   -3.80988 }    -3.80988
   scf:    2   -24041.149418   -29080.827502   -29080.847814 57.753262 -3.841735350.877880
     spin moment: {S} , |S| = {        0.0        0.0   -2.34807 }    -2.34807
   scf:    3   -31582.760696   -31575.212854   -31575.223199 57.500525 -6.408820  4.822950
     spin moment: {S} , |S| = {        0.0        0.0   -3.84681 }    -3.84681
   scf:    4   -31576.011262   -31575.767877   -31575.779158  0.063906 -6.423251  2.146010
     spin moment: {S} , |S| = {        0.0        0.0   -3.79079 }    -3.79079
   scf:    5   -31575.850213   -31575.812785   -31575.824112  0.013398 -6.421208  1.576397
     spin moment: {S} , |S| = {        0.0        0.0   -3.78435 }    -3.78435
   scf:    6   -31575.867401   -31575.843855   -31575.855185  0.013935 -6.416717  0.946224
     spin moment: {S} , |S| = {        0.0        0.0   -3.77849 }    -3.77849
   scf:    7   -31575.849981   -31575.860133   -31575.871435  0.032075 -6.405117  0.251845
     spin moment: {S} , |S| = {        0.0        0.0   -3.76867 }    -3.76867
   scf:    8   -31575.858583   -31575.860917   -31575.872238  0.009221 -6.408153  0.162126
     spin moment: {S} , |S| = {        0.0        0.0   -3.77249 }    -3.77249
   scf:    9   -31575.861485   -31575.861428   -31575.872740  0.008238 -6.406399  0.017445
     spin moment: {S} , |S| = {        0.0        0.0   -3.77158 }    -3.77158
   scf:   10   -31575.861437   -31575.861435   -31575.872749  0.000574 -6.406387  0.010109
     spin moment: {S} , |S| = {        0.0        0.0   -3.77153 }    -3.77153
   scf:   11   -31575.861447   -31575.861441   -31575.872755  0.001904 -6.406237  0.004533
     spin moment: {S} , |S| = {        0.0        0.0   -3.77189 }    -3.77189
   scf:   12   -31575.861443   -31575.861442   -31575.872756  0.000684 -6.406181  0.003398
     spin moment: {S} , |S| = {        0.0        0.0   -3.77206 }    -3.77206
   scf:   13   -31575.861444   -31575.861443   -31575.872757  0.000823 -6.406036  0.002311
     spin moment: {S} , |S| = {        0.0        0.0   -3.77232 }    -3.77232
   scf:   14   -31575.861443   -31575.861443   -31575.872758  0.000277 -6.405987  0.002333
     spin moment: {S} , |S| = {        0.0        0.0   -3.77249 }    -3.77249

SCF Convergence by DM criterion
max |DM_out - DM_in|         :     0.0002770270
max |H_out - H_in|      (eV) :     0.0023325501
SCF cycle converged after 14 iterations

Using DM_out to compute the final energy and forces
No. of atoms with KB's overlaping orbs in proc 0. Max # of overlaps:     201    1189

siesta: E_KS(eV) =           -31575.8614

siesta: Atomic forces (eV/Ang):
     1   -0.028009    0.000000   -0.000001
     2    0.019871    0.000000    0.000000
     3    0.033597    0.000001    0.000003
     4   -0.041801    0.000000    0.000000
     5    0.012333    0.000000   -0.000001
     6   -0.007214   -0.000001   -0.000003
     7    0.003466   -0.000001    0.000001
     8    0.007977   -0.000001    0.000001
     9   -0.018574   -0.000002    0.000002
    10    0.017182   -0.000001   -0.000001
----------------------------------------
   Tot   -0.001173   -0.000004    0.000002
----------------------------------------
   Max    0.041801
   Res    0.012878    sqrt( Sum f_i^2 / 3N )
----------------------------------------
   Max    0.041801    constrained

Stress tensor Voigt[x,y,z,yz,xz,xy] (kbar):       -0.64       -1.55        0.99       -0.00       -0.00        0.00
(Free)E + p*V (eV/cell)   -31575.8408
Target enthalpy (eV/cell)   -31575.8728

siesta: Stress tensor (static) (eV/Ang**3):
        -0.000396    0.000000   -0.000000
         0.000000   -0.000968   -0.000000
        -0.000000   -0.000000    0.000617

siesta: Pressure (static):          0.39925137  kBar

siesta: Stress tensor (total) (eV/Ang**3):
        -0.000396    0.000000   -0.000000
         0.000000   -0.000968   -0.000000
        -0.000000   -0.000000    0.000617

siesta: Pressure (total):          0.39925137  kBar

outcoor: Relaxed atomic coordinates (fractional):           
    0.02224274    0.00000014   -0.00000003   1       1  Ga
    0.58853415    0.00000000    0.00000003   1       2  Ga
    0.28903879    0.50000012    0.49999990   1       3  Ga
    0.70794188    0.50000002    0.50000007   1       4  Ga
    0.90324844    0.50000007    0.50000004   1       5  Ga
    0.20414944    0.00000019   -0.00000001   2       6  Ni
    0.39338525    0.00000008    0.00000004   2       7  Ni
    0.80480376    0.00000012   -0.00000000   2       8  Ni
    0.09928473    0.50000014    0.49999993   2       9  Ni
    0.48752090    0.50000007    0.50000005   3      10  Mn

outcell: Unit cell vectors (Ang):
       13.366996    0.000000   -0.000000
        0.000000    2.938861   -0.000000
       -0.000000   -0.000000    3.266575

outcell: Cell vector modules (Ang)   :   13.366996    2.938861    3.266575
outcell: Cell angles (23,13,12) (deg):     90.0000     90.0000     90.0000
outcell: Cell volume (Ang**3)        :    128.3233

coxmol: Writing XMOL coordinates into file hea.xyz                                                                                                                                                                                                                             
Writing WFSX for COOP/COHP in hea.fullBZ.WFSX

diag: Algorithm                                     = D&C
diag: Parallel over k                               =   F
diag: Use parallel 2D distribution                  =   T
diag: Parallel block-size                           = 6
diag: Parallel distribution                         =     6 x     6
diag: Used triangular part                          = Lower
diag: Absolute tolerance                            =  0.100E-15
diag: Orthogonalization factor                      =  0.100E-05
diag: Memory factor                                 =  1.0000

diag: Algorithm                                     = D&C
diag: Parallel over k                               =   F
diag: Use parallel 2D distribution                  =   T
diag: Parallel block-size                           = 6
diag: Parallel distribution                         =     6 x     6
diag: Used triangular part                          = Lower
diag: Absolute tolerance                            =  0.100E-15
diag: Orthogonalization factor                      =  0.100E-05
diag: Memory factor                                 =  1.0000

siesta: PDOS info
siesta: E1 -- E2, sigma [eV], nhist:  -20.000 --   20.000    0.100 1000

diag: Algorithm                                     = D&C
diag: Parallel over k                               =   F
diag: Use parallel 2D distribution                  =   T
diag: Parallel block-size                           = 6
diag: Parallel distribution                         =     6 x     6
diag: Used triangular part                          = Lower
diag: Absolute tolerance                            =  0.100E-15
diag: Orthogonalization factor                      =  0.100E-05
diag: Memory factor                                 =  1.0000

siesta: Program's energy decomposition (eV):
siesta: Ebs     =     -4697.044210
siesta: Eions   =     38426.747531
siesta: Ena     =      2249.038437
siesta: Ekin    =     18432.517588
siesta: Enl     =     -8258.878349
siesta: Eso     =         0.000000
siesta: Edftu   =         0.000000
siesta: DEna    =        55.486215
siesta: DUscf   =         0.979469
siesta: DUext   =         0.000000
siesta: Ex      =     -5305.353809
siesta: Ec      =      -322.903462
siesta: Exc     =     -5628.257271
siesta: EbV     =         0.000000
siesta: eta*DQ  =         0.000000
siesta: Emadel  =         0.000000
siesta: Emeta   =         0.000000
siesta: Emolmec =         0.000000
siesta: Ekinion =         0.000000
siesta: Eharris =    -31575.861443
siesta: Etot    =    -31575.861443
siesta: FreeEng =    -31575.872758

siesta: Final energy (eV):
siesta:  Band Struct. =   -4697.044210
siesta:       Kinetic =   18432.517588
siesta:       Hartree =    9458.407099
siesta:         Edftu =       0.000000
siesta:       Eso     =       0.000000
siesta:    Ext. field =       0.000000
siesta:         Exch. =   -5305.353809
siesta:         Corr. =    -322.903462
siesta:     Bulk bias =       0.000000
siesta:   Exch.-corr. =   -5628.257271
siesta:  Ion-electron =  -37368.693614
siesta:       Ion-ion =  -16469.835244
siesta:       Ekinion =       0.000000
siesta: D3 dispersion =       0.000000
siesta:         Total =  -31575.861443
siesta:         Fermi =      -6.405987

siesta: Stress tensor (static) (eV/Ang**3):
siesta:    -0.000396    0.000000   -0.000000
siesta:     0.000000   -0.000968   -0.000000
siesta:    -0.000000   -0.000000    0.000617

siesta: Constrained stress tensor (static) (eV/Ang**3):
siesta:    -0.000396    0.000000   -0.000000
siesta:     0.000000   -0.000968   -0.000000
siesta:    -0.000000   -0.000000    0.000617

siesta: Cell volume =        128.323289 Ang**3

siesta: Pressure (static):
siesta:                Solid            Molecule  Units
siesta:           0.00000271         -0.00000322  Ry/Bohr**3
siesta:           0.00024919         -0.00029596  eV/Ang**3
siesta:           0.39925137         -0.47418722  kBar
(Free)E+ p_basis*V_orbitals  =      -31525.463799
(Free)Eharris+ p_basis*V_orbitals  =      -31525.463799

mulliken: Atomic and Orbital Populations:

mulliken: Spin UP 

Species: Ga                  
Atom  Qatom  Qorb
               4s      4s      4s      4py     4pz     4px     4py     4pz     
               4px     4py     4pz     4px     3dxy    3dyz    3dz2    3dxz    
               3dx2-y2 4dxy    4dyz    4dz2    4dxz    4dx2-y2 
   1  6.599   0.934  -0.198   0.150   0.221  -0.241   0.483   0.191   0.267
              0.036  -0.278  -0.094  -0.142   0.999   0.998   0.999   0.998

              0.999   0.093   0.099   0.008   0.068   0.009
   2  6.846   0.836  -0.255   0.269   0.139  -0.400   0.861   0.281   0.396
              0.054  -0.171   0.030  -0.435   0.998   0.998   0.998   0.997

              0.999   0.077   0.047   0.059   0.043   0.025
   3  7.034   0.994  -0.101  -0.015   0.496   0.424   0.782  -0.015  -0.020
             -0.257  -0.269  -0.268  -0.069   0.998   0.997   0.998   0.997

              0.998   0.133   0.168  -0.072   0.129   0.005
   4  6.592   0.900  -0.304   0.281   0.192  -0.071   0.719   0.137   0.183
             -0.043  -0.169  -0.071  -0.372   0.998   0.998   0.998   0.998

              0.999   0.089   0.063   0.010   0.053   0.004
   5  6.662   0.853  -0.304   0.325   0.287  -0.073   0.866   0.140   0.205
             -0.088  -0.241  -0.091  -0.439   0.998   0.998   0.998   0.998

              0.999   0.081   0.066   0.029   0.044   0.010

Species: Ni                  
Atom  Qatom  Qorb
               3s      4s      4s      4s      3py     3pz     3px     4py     
               4pz     4px     3dxy    3dyz    3dz2    3dxz    3dx2-y2 3dxy    
               3dyz    3dz2    3dxz    3dx2-y2 3dxy    3dyz    3dz2    3dxz    
               3dx2-y2 
   6  8.779   0.980  -1.065   0.133   0.694   0.999   0.999   1.000   0.220
              0.204   0.224   1.187   1.180   1.201   1.182   1.195  -0.089

             -0.090  -0.088  -0.088  -0.087  -0.211  -0.235  -0.203  -0.232

             -0.231
   7  8.538   0.979  -1.090   0.076   0.819   0.998   0.998   0.999   0.212
              0.196   0.214   1.111   1.112   1.085   1.098   1.104  -0.083

             -0.083  -0.085  -0.083  -0.079  -0.184  -0.206  -0.171  -0.199

             -0.200
   8  8.763   0.980  -1.227   0.065   0.861   0.999   0.999   0.999   0.247
              0.189   0.224   1.194   1.209   1.197   1.172   1.163  -0.091

             -0.090  -0.086  -0.090  -0.078  -0.207  -0.258  -0.195  -0.220

             -0.190
   9  8.830   0.981  -1.062   0.129   0.706   0.999   0.999   0.999   0.227
              0.202   0.227   1.213   1.187   1.239   1.208   1.221  -0.092

             -0.093  -0.090  -0.093  -0.085  -0.225  -0.244  -0.230  -0.246

             -0.247

Species: Mn                  
Atom  Qatom  Qorb
               3s      4s      4s      4s      3py     3pz     3px     4py     
               4pz     4px     3dxy    3dyz    3dz2    3dxz    3dx2-y2 3dxy    
               3dyz    3dz2    3dxz    3dx2-y2 3dxy    3dyz    3dz2    3dxz    
               3dx2-y2 
  10  5.471   0.959  -0.891   0.242   0.465   0.995   0.994   0.994   0.162
              0.143   0.162   0.430   0.398   0.257   0.535   0.372  -0.047

             -0.048  -0.032  -0.061  -0.035  -0.115  -0.096  -0.054  -0.150

             -0.107

mulliken: Qtot =       74.114

mulliken: Spin DOWN 

Species: Ga                  
Atom  Qatom  Qorb
               4s      4s      4s      4py     4pz     4px     4py     4pz     
               4px     4py     4pz     4px     3dxy    3dyz    3dz2    3dxz    
               3dx2-y2 4dxy    4dyz    4dz2    4dxz    4dx2-y2 
   1  6.592   0.937  -0.197   0.145   0.227  -0.236   0.483   0.188   0.266
              0.034  -0.280  -0.097  -0.145   0.998   0.998   0.999   0.998

              0.999   0.092   0.099   0.008   0.067   0.010
   2  6.596   0.819  -0.247   0.261   0.201  -0.325   0.863   0.241   0.327
              0.057  -0.278  -0.033  -0.491   0.998   0.999   0.998   0.998

              0.999   0.082   0.048   0.037   0.045  -0.004
   3  6.906   0.961  -0.089  -0.012   0.480   0.393   0.767  -0.014  -0.025
             -0.232  -0.275  -0.275  -0.111   0.998   0.997   0.998   0.997

              0.998   0.120   0.162  -0.067   0.119   0.015
   4  6.572   0.892  -0.302   0.278   0.206  -0.056   0.825   0.147   0.192
             -0.068  -0.196  -0.106  -0.433   0.998   0.998   0.998   0.998

              0.999   0.088   0.058   0.011   0.053  -0.007
   5  6.663   0.851  -0.300   0.318   0.283  -0.079   0.867   0.144   0.205
             -0.096  -0.242  -0.087  -0.424   0.998   0.998   0.998   0.998

              0.999   0.080   0.066   0.030   0.042   0.012

Species: Ni                  
Atom  Qatom  Qorb
               3s      4s      4s      4s      3py     3pz     3px     4py     
               4pz     4px     3dxy    3dyz    3dz2    3dxz    3dx2-y2 3dxy    
               3dyz    3dz2    3dxz    3dx2-y2 3dxy    3dyz    3dz2    3dxz    
               3dx2-y2 
   6  8.838   0.980  -1.065   0.129   0.699   0.999   0.999   1.000   0.220
              0.204   0.225   1.212   1.187   1.200   1.208   1.201  -0.088

             -0.088  -0.086  -0.087  -0.085  -0.218  -0.236  -0.202  -0.239

             -0.230
   7  9.063   0.981  -0.852   0.040   0.684   0.999   0.998   0.999   0.196
              0.189   0.206   1.211   1.197   1.211   1.220   1.207  -0.065

             -0.067  -0.063  -0.066  -0.062  -0.212  -0.229  -0.200  -0.235

             -0.222
   8  8.773   0.980  -1.201   0.066   0.839   0.999   0.999   0.999   0.250
              0.190   0.220   1.188   1.202   1.203   1.172   1.167  -0.090

             -0.090  -0.085  -0.089  -0.076  -0.205  -0.256  -0.195  -0.221

             -0.192
   9  8.848   0.981  -1.065   0.129   0.708   0.999   0.999   0.999   0.229
              0.205   0.228   1.216   1.205   1.239   1.213   1.212  -0.091

             -0.093  -0.089  -0.093  -0.085  -0.226  -0.251  -0.229  -0.247

             -0.244

Species: Mn                  
Atom  Qatom  Qorb
               3s      4s      4s      4s      3py     3pz     3px     4py     
               4pz     4px     3dxy    3dyz    3dz2    3dxz    3dx2-y2 3dxy    
               3dyz    3dz2    3dxz    3dx2-y2 3dxy    3dyz    3dz2    3dxz    
               3dx2-y2 
  10  9.035   0.989  -0.927   0.221   0.537   0.997   0.996   0.996   0.229
              0.210   0.241   1.319   1.369   1.278   1.314   1.322  -0.079

             -0.101  -0.056  -0.091  -0.058  -0.324  -0.370  -0.291  -0.336

             -0.351

mulliken: Qtot =       77.886

Mulliken Atomic Populations:
Atom #   charge [q] valence [e]      Sz [e]  Species
     1    -0.191520   13.191520    0.006612  Ga
     2    -0.441405   13.441405    0.250020  Ga
     3    -0.939850   13.939850    0.128362  Ga
     4    -0.163847   13.163847    0.019388  Ga
     5    -0.324470   13.324470   -0.001228  Ga
     6     0.382797   17.617203   -0.059024  Ni
     7     0.398608   17.601392   -0.524897  Ni
     8     0.464135   17.535865   -0.009694  Ni
     9     0.321876   17.678124   -0.018121  Ni
    10     0.493677   14.506323   -3.563903  Mn
-------------------------------------------
 Total     0.000000               -3.772485

cite: Please indicate the Siesta version in published work: 5.2.2
cite: This calculation has made use of features in the following articles
cite: which we encourage you to cite in published work.
cite: (Please see "hea.bib" for a BibTeX file.)
        Primary SIESTA paper
          DOI: www.doi.org/10.1088/0953-8984/14/11/302
        PSML pseudopotential format
          DOI: www.doi.org/10.1016/j.cpc.2018.02.011


>> End of run:  30-JUL-2025   7:33:53
Job completed
