Executable      : /home/users/felipegc/woltsoft/SIESTA/siesta-5.2.2/build/bin/siesta
Version         : 5.2.2
Architecture    : x86_64
Compiler version: GNU-9.3.0
Compiler flags  : -O3 -march=native
Parallelisations: MPI
Lua support
Native ELPA support
ELSI support. Solvers:
   ELPA (internal) 
   NTPoly
   OMM
DFT-D3 support
Wannier90 wrapper support

Runtime information:
* Directory : /home/users/felipegc/MnNiGa/optimizations_afm/top/structure_calc_35
* Running on 48 nodes in parallel.
>> Start of run:  30-JUL-2025  12:12:11

                           *********************** 
                           *  WELCOME TO SIESTA  * 
                           *********************** 

 NOTE: Siesta V5 introduces some new defaults for basis-set generation
 NOTE: which might lead to slightly different numerical results.
 NOTE: Please see the manual for full details and compatibility measures.


reinit: Reading from standard input
reinit: Dumping input in INPUT_TMP.16021
************************** Dump of input data file ****************************
SystemName          hea
SystemLabel         hea
Reparametrize.Pseudos T
Restricted.Radial.Grid F
%include atoms.fdf
MaxSCFIterations     20000
SCF.Mix              Hamiltonian
SCF.Mixer.Method     Broyden
#SCF.Mixer.Variant    original #Pulay original
SCF.Mixer.History    8
SCF.Mixer.Weight     0.07
SCF.H.Converge       False
SCF.DM.Converge      True
SCF.DM.Tolerance     5.d-4
SCF.H.Tolerance      5.d-3 eV
MeshCutoff 300.0 Ry
MD.UseSaveCG         False
DM.UseSaveDM         False
NumberOfEigenStates -20
ElectronicTemperature 300 K
WriteCoorXmol        True
XC.Functional     GGA
XC.authors        PBEsol
Spin polarized
DM.InitSpin.AF true
SolutionMethod       diagon
#Diag.Algorithm        MRRR
###################################
###################################
# Full template for Basis param.
###################################
###################################
Basis.Pressure 0.3 GPa
PAO.SoftDefault T
PAO.SoftPotential 50.0 Ry
PAO.SoftInnerRadius 0.70
PAO.BasisType split
PAO.EnergyShift 0.0019 eV
PAO.BasisSize TZP
PAO.SplitTailNorm T
            %block kgrid_Monkhorst_Pack
            3  0  0  0.
            0  6  0  0.
            0  0  2  0.
            %endblock kgrid_Monkhorst_Pack
            MD.TypeOfRun CG
            MD.Steps         500
            MD.VariableCell true
            MD.MaxForceTol 0.05 eV/Ang
            WriteMDHistory true
            WriteForces true
            Write.OrbitalIndex true
            Charge.Mulliken end
            COOP.Write true
            %block ProjectedDensityOfStates
            -20.00 20.00 0.1 1000 eV
            %endblock ProjectedDensityOfStates
************************** End of input data file *****************************

reinit: -----------------------------------------------------------------------
reinit: System Name: hea
reinit: -----------------------------------------------------------------------
reinit: System Label: hea
reinit: -----------------------------------------------------------------------

NOTE on units for spin output: 
{S} is the spin magnetic moment, in units of the Bohr magneton,
assuming a g-factor for the electron spin of exactly 2.
The spin magnetic moment is then numerically equal to the charge inbalance,
in units of electrons, between the spin-up and -down channels.


initatom: Reading input for the pseudopotentials and atomic orbitals ----------
Species number:   1 Atomic number:   31 Label: Ga
Species number:   2 Atomic number:   28 Label: Ni
Species number:   3 Atomic number:   25 Label: Mn

Ground state valence configuration (from tables):   4s02  4p01  4d00  4f00
Ground state valence configuration (from tables):   4s02  4p00  3d08  4f00
Ground state valence configuration (from tables):   4s02  4p00  3d05  4f00

---- Processing specs for species: Ga
Reading pseudopotential information in PSML from:
  Ga.psml
PSML file version: 1.1
Using libxc ids:  101 130
GGA--PBE XC_GGA_X_PBE--XC_GGA_C_PBE pb
PSML uuid: 206972b0-be42-11e7-579b-1282fffb1a56
Semicore shell(s) with 10 electrons included in the valence for Ga

---- Processing specs for species: Ni
Reading pseudopotential information in PSML from:
  Ni.psml
PSML file version: 1.1
Using libxc ids:  101 130
GGA--PBE XC_GGA_X_PBE--XC_GGA_C_PBE pb
PSML uuid: 020bdba0-be42-11e7-6ded-a592ddfb3399
Semicore shell(s) with  8 electrons included in the valence for Ni

---- Processing specs for species: Mn
Reading pseudopotential information in PSML from:
  Mn.psml
PSML file version: 1.1
Using libxc ids:  101 130
GGA--PBE XC_GGA_X_PBE--XC_GGA_C_PBE pb
PSML uuid: e5ebd880-be41-11e7-659b-074ddfc7bd15
Semicore shell(s) with  8 electrons included in the valence for Mn

---- Pseudopotential check for Ga

Pseudized shells:
4s( 2.00) rc: 1.67
4p( 1.00) rc: 1.75
3d(10.00) rc: 1.90
Valence configuration for ps generation: 3d:4s:4p: Total charge:  13.000000
Semicore shell(s): 3d
Fallback to non-perturbative polarization scheme for Ga
Please see the manual if this is not desired in principle

---- Pseudopotential check for Ni

Pseudized shells:
3s( 2.00) rc: 1.26
3p( 6.00) rc: 1.35
3d( 8.00) rc: 1.66
Valence configuration for ps generation: 3s:3p:3d:4s: Total charge:  18.000000
Semicore shell(s): 3s 3p
Fallback to non-perturbative polarization scheme for Ni
Please see the manual if this is not desired in principle

---- Pseudopotential check for Mn

Pseudized shells:
3s( 2.00) rc: 1.41
3p( 6.00) rc: 1.21
3d( 5.00) rc: 1.61
Valence configuration for ps generation: 3s:3p:3d:4s: Total charge:  15.000000
Semicore shell(s): 3s 3p
Fallback to non-perturbative polarization scheme for Mn
Please see the manual if this is not desired in principle
For Ga, standard SIESTA heuristics set lmxkb to 3
 (one more than the basis l, including polarization orbitals).
Use PS.lmax or PS.KBprojectors blocks to override.
For Ni, standard SIESTA heuristics set lmxkb to 3
 (one more than the basis l, including polarization orbitals).
Use PS.lmax or PS.KBprojectors blocks to override.
For Mn, standard SIESTA heuristics set lmxkb to 3
 (one more than the basis l, including polarization orbitals).
Use PS.lmax or PS.KBprojectors blocks to override.
Ga pseudopotential only contains V_ls up to l=2 -- lmxkb reset.
Ni pseudopotential only contains V_ls up to l=2 -- lmxkb reset.
Mn pseudopotential only contains V_ls up to l=2 -- lmxkb reset.

<basis_specs>
===============================================================================
Ga                   Z=  31    Mass=  69.723        Charge= 0.17977+309
Lmxo=2 Lmxkb= 2    BasisType=split      Semic=T
L=0  Nsemic=0  Cnfigmx=4
          i=1  nzeta=3  polorb=0  (4s)
            splnorm:   0.15000    
               vcte:    50.000    
               rinn:  -0.70000    
               qcoe:    0.0000    
               qyuk:    0.0000    
               qwid:   0.10000E-01
                rcs:    0.0000      0.0000      0.0000    
            lambdas:    1.0000      1.0000      1.0000    
L=1  Nsemic=0  Cnfigmx=4
          i=1  nzeta=3  polorb=0  (4p)  (to be polarized non-perturbatively)
            splnorm:   0.15000    
               vcte:    50.000    
               rinn:  -0.70000    
               qcoe:    0.0000    
               qyuk:    0.0000    
               qwid:   0.10000E-01
                rcs:    0.0000      0.0000      0.0000    
            lambdas:    1.0000      1.0000      1.0000    
L=2  Nsemic=1  Cnfigmx=4
          i=1  nzeta=1  polorb=0  (3d)  (semicore shell)
            splnorm:   0.15000    
               vcte:    50.000    
               rinn:  -0.70000    
               qcoe:    0.0000    
               qyuk:    0.0000    
               qwid:   0.10000E-01
                rcs:    0.0000    
            lambdas:    1.0000    
          i=2  nzeta=1  polorb=0  (4d)  (non-perturbative polarization shell)
            splnorm:   0.15000    
               vcte:    50.000    
               rinn:  -0.70000    
               qcoe:   0.36937-315
               qyuk:    0.0000    
               qwid:   0.69530-309
                rcs:    0.0000    
            lambdas:    1.0000    
-------------------------------------------------------------------------------
L=0  Nkbl=1  erefs: 0.17977+309
L=1  Nkbl=1  erefs: 0.17977+309
L=2  Nkbl=2  erefs: 0.17977+309 0.17977+309
===============================================================================
</basis_specs>

Using PAO.SplitTailNorm
atom: Called for Ga                    (Z =  31)
Maximum radius (at nrval) set to   50.00000 8518

read_vps: Pseudopotential generation method:
read_vps: ONCVPSP-3.Hamann's oncvpsp                        
Valence charge in pseudo generation:   13.00000

read_vps: Pseudopotential includes a core correction:
read_vps: Pseudo-core for xc-correction

xc_check: Exchange-correlation functional:
xc_check: GGA PBEsol
xc_check: WARNING: Pseudopotential generated with GGA PBE functional
Got Vlocal (oncv-fit) from psml data
Choosing vlocal chloc cutoff:  4.295227
qtot up to nchloc:   13.00023270
atom: Maximum radius for chlocal:    4.29523
atom: Maximum radius for r*vlocal+2*Zval:    4.29523
Reading KB projs from Ga psml data
Using scalar-relativistic projectors in PSML file

PSML: Kleinman-Bylander projectors: 
   l= 0   rc=  1.688643   Ekb= 14.059564
   l= 0   rc=  1.688643   Ekb=  2.289351
   l= 1   rc=  1.772167   Ekb= 13.610457
   l= 1   rc=  1.772167   Ekb=  2.576326
   l= 2   rc=  1.926399   Ekb=-16.756509
   l= 2   rc=  1.926399   Ekb= -5.641527

PSML: Total number of  Kleinman-Bylander projectors:  18
atom: -------------------------------------------------------------------------

atom: SANKEY-TYPE ORBITALS:
atom: Selected multiple-zeta basis: split     

SPLIT: Orbitals with angular momentum L= 0

SPLIT: Basis orbitals for state 4s

SPLIT: PAO cut-off radius determined from an
SPLIT: energy shift=  0.000140 Ry
Split based on tail norm

   izeta = 1
                 lambda =    1.000000
                     rc =    8.573397
                 energy =   -0.660225
                kinetic =    0.501561
    potential(screened) =   -1.161786
       potential(ionic) =  -12.246649

   izeta = 2
                 rmatch =    4.547753
              splitnorm =    0.150000
                 energy =   -0.462291
                kinetic =    0.981430
    potential(screened) =   -1.443721
       potential(ionic) =  -13.770808

   izeta = 3
                 rmatch =    5.338573
              splitnorm =    0.075000
                 energy =   -0.599358
                kinetic =    0.744548
    potential(screened) =   -1.343906
       potential(ionic) =  -13.255962

SPLIT: Orbitals with angular momentum L= 1

SPLIT: Basis orbitals for state 4p

SPLIT: PAO cut-off radius determined from an
SPLIT: energy shift=  0.000140 Ry
Split based on tail norm

   izeta = 1
                 lambda =    1.000000
                     rc =   12.949509
                 energy =   -0.190428
                kinetic =    0.541974
    potential(screened) =   -0.732402
       potential(ionic) =   -9.174065

   izeta = 2
                 rmatch =    6.968471
              splitnorm =    0.150000
                 energy =   -0.153132
                kinetic =    0.764207
    potential(screened) =   -0.917338
       potential(ionic) =  -10.565779

   izeta = 3
                 rmatch =    8.212134
              splitnorm =    0.075000
                 energy =   -0.175794
                kinetic =    0.665884
    potential(screened) =   -0.841678
       potential(ionic) =  -10.014829

SPLIT: Orbitals with angular momentum L= 2

SPLIT: Basis orbitals for state 3d

SPLIT: PAO cut-off radius determined from an
SPLIT: energy shift=  0.000140 Ry
Split based on tail norm

   izeta = 1
                 lambda =    1.000000
                     rc =    4.873342
                 energy =   -1.390864
                kinetic =   12.335179
    potential(screened) =  -13.726043
       potential(ionic) =  -32.471836

SPLIT: Basis orbitals for state 4d
SPLIT: Non-perturbative polarization orbs for state 4p
SPLIT: rc(1st zeta) (re)set to: 12.9495 (expansion factor: 1.0000)
Split based on tail norm

   izeta = 1
                 lambda =    1.000000
                     rc =   12.949509
                 energy =    0.135451
                kinetic =    0.341434
    potential(screened) =   -0.205982
       potential(ionic) =   -4.584821
atom: Total number of Sankey-type orbitals: 22

atm_pop: Valence configuration (for local Pseudopot. screening):
 4s( 2.00)                                                            
 4p( 1.00)                                                            
 3d(10.00) 4d( 0.00)                                                  
Vna: chval, zval:   13.00000  13.00000

Vna:  Cut-off radius for the neutral-atom potential:  12.949509
comcore: Pseudo-core radius Rcore=  2.359857

atom: _________________________________________________________________________

<basis_specs>
===============================================================================
Ni                   Z=  28    Mass=  58.693        Charge= 0.17977+309
Lmxo=2 Lmxkb= 2    BasisType=split      Semic=T
L=0  Nsemic=1  Cnfigmx=4
          i=1  nzeta=1  polorb=0  (3s)  (semicore shell)
            splnorm:   0.15000    
               vcte:    50.000    
               rinn:  -0.70000    
               qcoe:    0.0000    
               qyuk:    0.0000    
               qwid:   0.10000E-01
                rcs:    0.0000    
            lambdas:    1.0000    
          i=2  nzeta=3  polorb=0  (4s)  (to be polarized non-perturbatively)
            splnorm:   0.15000    
               vcte:    50.000    
               rinn:  -0.70000    
               qcoe:    0.0000    
               qyuk:    0.0000    
               qwid:   0.10000E-01
                rcs:    0.0000      0.0000      0.0000    
            lambdas:    1.0000      1.0000      1.0000    
L=1  Nsemic=1  Cnfigmx=4
          i=1  nzeta=1  polorb=0  (3p)  (semicore shell)
            splnorm:   0.15000    
               vcte:    50.000    
               rinn:  -0.70000    
               qcoe:    0.0000    
               qyuk:    0.0000    
               qwid:   0.10000E-01
                rcs:    0.0000    
            lambdas:    1.0000    
          i=2  nzeta=1  polorb=0  (4p)  (non-perturbative polarization shell)
            splnorm:   0.15000    
               vcte:    50.000    
               rinn:  -0.70000    
               qcoe:   0.36937-315
               qyuk:    0.0000    
               qwid:   0.69530-309
                rcs:    0.0000    
            lambdas:    1.0000    
L=2  Nsemic=0  Cnfigmx=3
          i=1  nzeta=3  polorb=0  (3d)
            splnorm:   0.15000    
               vcte:    50.000    
               rinn:  -0.70000    
               qcoe:    0.0000    
               qyuk:    0.0000    
               qwid:   0.10000E-01
                rcs:    0.0000      0.0000      0.0000    
            lambdas:    1.0000      1.0000      1.0000    
-------------------------------------------------------------------------------
L=0  Nkbl=2  erefs: 0.17977+309 0.17977+309
L=1  Nkbl=2  erefs: 0.17977+309 0.17977+309
L=2  Nkbl=1  erefs: 0.17977+309
===============================================================================
</basis_specs>

Using PAO.SplitTailNorm
atom: Called for Ni                    (Z =  28)
Maximum radius (at nrval) set to   50.00000 8518

read_vps: Pseudopotential generation method:
read_vps: ONCVPSP-3.Hamann's oncvpsp                        
Valence charge in pseudo generation:   18.00000

read_vps: Pseudopotential includes a core correction:
read_vps: Pseudo-core for xc-correction

xc_check: Exchange-correlation functional:
xc_check: GGA PBEsol
xc_check: WARNING: Pseudopotential generated with GGA PBE functional
Got Vlocal (oncv-fit) from psml data
Choosing vlocal chloc cutoff:  3.188973
qtot up to nchloc:   17.99992641
atom: Maximum radius for chlocal:    3.18897
atom: Maximum radius for r*vlocal+2*Zval:    3.18897
Reading KB projs from Ni psml data
Using scalar-relativistic projectors in PSML file

PSML: Kleinman-Bylander projectors: 
   l= 0   rc=  1.276377   Ekb= 12.509070
   l= 0   rc=  1.276377   Ekb= -0.503495
   l= 1   rc=  1.371030   Ekb= -5.680418
   l= 1   rc=  1.371030   Ekb= -0.775211
   l= 2   rc=  1.680171   Ekb=-14.446879
   l= 2   rc=  1.680171   Ekb= -5.088878

PSML: Total number of  Kleinman-Bylander projectors:  18
atom: -------------------------------------------------------------------------

atom: SANKEY-TYPE ORBITALS:
atom: Selected multiple-zeta basis: split     

SPLIT: Orbitals with angular momentum L= 0

SPLIT: Basis orbitals for state 3s

SPLIT: PAO cut-off radius determined from an
SPLIT: energy shift=  0.000140 Ry
Split based on tail norm

   izeta = 1
                 lambda =    1.000000
                     rc =    2.999668
                 energy =   -8.139209
                kinetic =    3.776111
    potential(screened) =  -11.915319
       potential(ionic) =  -45.801861

SPLIT: Basis orbitals for state 4s

SPLIT: PAO cut-off radius determined from an
SPLIT: energy shift=  0.000140 Ry
Split based on tail norm

   izeta = 1
                 lambda =    1.000000
                     rc =    9.316220
                 energy =   -0.512978
                kinetic =    1.389681
    potential(screened) =   -1.902658
       potential(ionic) =  -17.770111

   izeta = 2
                 rmatch =    4.957068
              splitnorm =    0.150000
                 energy =   -0.410487
                kinetic =    2.329090
    potential(screened) =   -2.739576
       potential(ionic) =  -21.501560

   izeta = 3
                 rmatch =    5.824741
              splitnorm =    0.075000
                 energy =   -0.473172
                kinetic =    1.899833
    potential(screened) =   -2.373005
       potential(ionic) =  -19.995099

SPLIT: Orbitals with angular momentum L= 1

SPLIT: Basis orbitals for state 3p

SPLIT: PAO cut-off radius determined from an
SPLIT: energy shift=  0.000140 Ry
Split based on tail norm

   izeta = 1
                 lambda =    1.000000
                     rc =    3.414070
                 energy =   -5.225411
                kinetic =    9.244220
    potential(screened) =  -14.469631
       potential(ionic) =  -47.296381

SPLIT: Basis orbitals for state 4p
SPLIT: Non-perturbative polarization orbs for state 4s
SPLIT: rc(1st zeta) (re)set to: 9.3162 (expansion factor: 1.0000)
Split based on tail norm

   izeta = 1
                 lambda =    1.000000
                     rc =    9.316220
                 energy =   -0.065208
                kinetic =    0.825147
    potential(screened) =   -0.890355
       potential(ionic) =  -12.014212

SPLIT: Orbitals with angular momentum L= 2

SPLIT: Basis orbitals for state 3d

SPLIT: PAO cut-off radius determined from an
SPLIT: energy shift=  0.000140 Ry
Split based on tail norm

   izeta = 1
                 lambda =    1.000000
                     rc =    6.323353
                 energy =   -0.639566
                kinetic =   11.441999
    potential(screened) =  -12.081565
       potential(ionic) =  -40.678115

   izeta = 2
                 rmatch =    2.624859
              splitnorm =    0.150000
                 energy =   -0.513226
                kinetic =   13.528651
    potential(screened) =  -14.041878
       potential(ionic) =  -44.582092

   izeta = 3
                 rmatch =    3.356353
              splitnorm =    0.075000
                 energy =   -0.605538
                kinetic =   12.372939
    potential(screened) =  -12.978477
       potential(ionic) =  -42.595740
atom: Total number of Sankey-type orbitals: 25

atm_pop: Valence configuration (for local Pseudopot. screening):
 3s( 2.00) 4s( 2.00)                                                  
 3p( 6.00) 4p( 0.00)                                                  
 3d( 8.00)                                                            
Vna: chval, zval:   18.00000  18.00000

Vna:  Cut-off radius for the neutral-atom potential:   9.316220
comcore: Pseudo-core radius Rcore=  1.817282

atom: _________________________________________________________________________

<basis_specs>
===============================================================================
Mn                   Z=  25    Mass=  54.938        Charge= 0.17977+309
Lmxo=2 Lmxkb= 2    BasisType=split      Semic=T
L=0  Nsemic=1  Cnfigmx=4
          i=1  nzeta=1  polorb=0  (3s)  (semicore shell)
            splnorm:   0.15000    
               vcte:    50.000    
               rinn:  -0.70000    
               qcoe:    0.0000    
               qyuk:    0.0000    
               qwid:   0.10000E-01
                rcs:    0.0000    
            lambdas:    1.0000    
          i=2  nzeta=3  polorb=0  (4s)  (to be polarized non-perturbatively)
            splnorm:   0.15000    
               vcte:    50.000    
               rinn:  -0.70000    
               qcoe:    0.0000    
               qyuk:    0.0000    
               qwid:   0.10000E-01
                rcs:    0.0000      0.0000      0.0000    
            lambdas:    1.0000      1.0000      1.0000    
L=1  Nsemic=1  Cnfigmx=4
          i=1  nzeta=1  polorb=0  (3p)  (semicore shell)
            splnorm:   0.15000    
               vcte:    50.000    
               rinn:  -0.70000    
               qcoe:    0.0000    
               qyuk:    0.0000    
               qwid:   0.10000E-01
                rcs:    0.0000    
            lambdas:    1.0000    
          i=2  nzeta=1  polorb=0  (4p)  (non-perturbative polarization shell)
            splnorm:   0.15000    
               vcte:    50.000    
               rinn:  -0.70000    
               qcoe:   0.36937-315
               qyuk:    0.0000    
               qwid:   0.69530-309
                rcs:    0.0000    
            lambdas:    1.0000    
L=2  Nsemic=0  Cnfigmx=3
          i=1  nzeta=3  polorb=0  (3d)
            splnorm:   0.15000    
               vcte:    50.000    
               rinn:  -0.70000    
               qcoe:    0.0000    
               qyuk:    0.0000    
               qwid:   0.10000E-01
                rcs:    0.0000      0.0000      0.0000    
            lambdas:    1.0000      1.0000      1.0000    
-------------------------------------------------------------------------------
L=0  Nkbl=2  erefs: 0.17977+309 0.17977+309
L=1  Nkbl=2  erefs: 0.17977+309 0.17977+309
L=2  Nkbl=1  erefs: 0.17977+309
===============================================================================
</basis_specs>

Using PAO.SplitTailNorm
atom: Called for Mn                    (Z =  25)
Maximum radius (at nrval) set to   50.00000 8518

read_vps: Pseudopotential generation method:
read_vps: ONCVPSP-3.Hamann's oncvpsp                        
Valence charge in pseudo generation:   15.00000

read_vps: Pseudopotential includes a core correction:
read_vps: Pseudo-core for xc-correction

xc_check: Exchange-correlation functional:
xc_check: GGA PBEsol
xc_check: WARNING: Pseudopotential generated with GGA PBE functional
Got Vlocal (oncv-fit) from psml data
Choosing vlocal chloc cutoff:  3.504263
qtot up to nchloc:   15.00032895
atom: Maximum radius for chlocal:    3.50426
atom: Maximum radius for r*vlocal+2*Zval:    3.50426
Reading KB projs from Mn psml data
Using scalar-relativistic projectors in PSML file

PSML: Kleinman-Bylander projectors: 
   l= 0   rc=  1.427391   Ekb= 18.471374
   l= 0   rc=  1.430269   Ekb=  3.121111
   l= 1   rc=  1.224702   Ekb=  3.156115
   l= 1   rc=  1.224702   Ekb= -1.424352
   l= 2   rc=  1.630219   Ekb=-13.224142
   l= 2   rc=  1.630219   Ekb= -4.330632

PSML: Total number of  Kleinman-Bylander projectors:  18
atom: -------------------------------------------------------------------------

atom: SANKEY-TYPE ORBITALS:
atom: Selected multiple-zeta basis: split     

SPLIT: Orbitals with angular momentum L= 0

SPLIT: Basis orbitals for state 3s

SPLIT: PAO cut-off radius determined from an
SPLIT: energy shift=  0.000140 Ry
Split based on tail norm

   izeta = 1
                 lambda =    1.000000
                     rc =    3.380000
                 energy =   -6.293298
                kinetic =    2.848567
    potential(screened) =   -9.141865
       potential(ionic) =  -33.519753

SPLIT: Basis orbitals for state 4s

SPLIT: PAO cut-off radius determined from an
SPLIT: energy shift=  0.000140 Ry
Split based on tail norm

   izeta = 1
                 lambda =    1.000000
                     rc =   10.002455
                 energy =   -0.450676
                kinetic =    1.112603
    potential(screened) =   -1.563278
       potential(ionic) =  -13.199632

   izeta = 2
                 rmatch =    5.430276
              splitnorm =    0.150000
                 energy =   -0.360834
                kinetic =    1.875764
    potential(screened) =   -2.236598
       potential(ionic) =  -15.982656

   izeta = 3
                 rmatch =    6.342382
              splitnorm =    0.075000
                 energy =   -0.415048
                kinetic =    1.529261
    potential(screened) =   -1.944310
       potential(ionic) =  -14.865309

SPLIT: Orbitals with angular momentum L= 1

SPLIT: Basis orbitals for state 3p

SPLIT: PAO cut-off radius determined from an
SPLIT: energy shift=  0.000140 Ry
Split based on tail norm

   izeta = 1
                 lambda =    1.000000
                     rc =    3.873861
                 energy =   -3.996757
                kinetic =    6.976018
    potential(screened) =  -10.972775
       potential(ionic) =  -34.563053

SPLIT: Basis orbitals for state 4p
SPLIT: Non-perturbative polarization orbs for state 4s
SPLIT: rc(1st zeta) (re)set to: 10.0025 (expansion factor: 1.0000)
Split based on tail norm

   izeta = 1
                 lambda =    1.000000
                     rc =   10.002455
                 energy =   -0.085879
                kinetic =    0.770317
    potential(screened) =   -0.856196
       potential(ionic) =   -9.409918

SPLIT: Orbitals with angular momentum L= 2

SPLIT: Basis orbitals for state 3d

SPLIT: PAO cut-off radius determined from an
SPLIT: energy shift=  0.000140 Ry
Split based on tail norm

   izeta = 1
                 lambda =    1.000000
                     rc =    7.238756
                 energy =   -0.490123
                kinetic =    9.261574
    potential(screened) =   -9.751697
       potential(ionic) =  -30.334327

   izeta = 2
                 rmatch =    3.144499
              splitnorm =    0.150000
                 energy =   -0.401801
                kinetic =   11.021778
    potential(screened) =  -11.423579
       potential(ionic) =  -33.555539

   izeta = 3
                 rmatch =    3.972182
              splitnorm =    0.075000
                 energy =   -0.464167
                kinetic =   10.072383
    potential(screened) =  -10.536551
       potential(ionic) =  -31.940836
atom: Total number of Sankey-type orbitals: 25

atm_pop: Valence configuration (for local Pseudopot. screening):
 3s( 2.00) 4s( 2.00)                                                  
 3p( 6.00) 4p( 0.00)                                                  
 3d( 5.00)                                                            
Vna: chval, zval:   15.00000  15.00000

Vna:  Cut-off radius for the neutral-atom potential:  10.002455
comcore: Pseudo-core radius Rcore=  2.115123

atom: _________________________________________________________________________

prinput: Basis input 

PAO.BasisType split     

%block ChemicalSpeciesLabel
    1   31 Ga                      # Species index, atomic number, species label
    2   28 Ni                      # Species index, atomic number, species label
    3   25 Mn                      # Species index, atomic number, species label
%endblock ChemicalSpeciesLabel

%block PAO.Basis                 # Define Basis set
# WARNING: This information might be incomplete!
Ga                    4                    # Species label, number of l-shells
 n=4   0   3                         # n, l, Nzeta 
   8.573      4.548      5.339   
   1.000      1.000      1.000   
 n=4   1   3                         # n, l, Nzeta 
  12.950      6.968      8.212   
   1.000      1.000      1.000   
 n=3   2   1                         # n, l, Nzeta 
   4.873   
   1.000   
 n=4   2   1                         # n, l, Nzeta 
  12.950   
   1.000   
Ni                    5                    # Species label, number of l-shells
 n=3   0   1                         # n, l, Nzeta 
   3.000   
   1.000   
 n=4   0   3                         # n, l, Nzeta 
   9.316      4.957      5.825   
   1.000      1.000      1.000   
 n=3   1   1                         # n, l, Nzeta 
   3.414   
   1.000   
 n=4   1   1                         # n, l, Nzeta 
   9.316   
   1.000   
 n=3   2   3                         # n, l, Nzeta 
   6.323      2.625      3.356   
   1.000      1.000      1.000   
Mn                    5                    # Species label, number of l-shells
 n=3   0   1                         # n, l, Nzeta 
   3.380   
   1.000   
 n=4   0   3                         # n, l, Nzeta 
  10.002      5.430      6.342   
   1.000      1.000      1.000   
 n=3   1   1                         # n, l, Nzeta 
   3.874   
   1.000   
 n=4   1   1                         # n, l, Nzeta 
  10.002   
   1.000   
 n=3   2   3                         # n, l, Nzeta 
   7.239      3.144      3.972   
   1.000      1.000      1.000   
%endblock PAO.Basis

prinput: ----------------------------------------------------------------------

coor:   Atomic-coordinates input format  =     Fractional

siesta: Atomic coordinates (Bohr) and species
siesta:      0.00000   0.00000   0.00000  1        1
siesta:      2.35178   2.35178   3.32592  1        2
siesta:      4.70356   0.00000   6.65184  1        3
siesta:      2.35178   2.35178   9.97775  1        4
siesta:      7.05534   2.35178   9.97775  1        5
siesta:      4.70356   0.00000   0.00000  2        6
siesta:      7.05534   2.35178   3.32592  3        7
siesta:      0.00000   0.00000   6.65184  3        8

siesta: System type = bulk      

initatomlists: Number of atoms, orbitals, and projectors:      8   185   144

coxmol: Writing XMOL coordinates into file hea.xyz                                                                                                                                                                                                                             

siesta: ******************** Simulation parameters ****************************
siesta:
siesta: The following are some of the parameters of the simulation.
siesta: A complete list of the parameters used, including default values,
siesta: can be found in file out.fdf
siesta:
redata: Spin configuration                          = collinear
redata: Number of spin components                   = 2
redata: Time-Reversal Symmetry                      = T
redata: Spin spiral                                 = F
redata: Long output                                 =   F
redata: Number of Atomic Species                    =        3
redata: Charge density info will appear in .RHO file
redata: Write Mulliken charges (when)               = end
redata: Write Mulliken Pop.                         = Atomic and Orbital charges
redata: Write Hirshfeld charges (when)              = none
redata: Write Voronoi charges (when)                = none
redata: Write spin charge (when)                    = scf
redata: Matel table size (NRTAB)                    =     1024
redata: Mesh Cutoff                                 =   300.0000 Ry
redata: Net charge of the system                    =     0.0000 |e|
redata: Min. number of SCF Iter                     =        0
redata: Max. number of SCF Iter                     =    20000
redata: SCF convergence failure will abort job
redata: SCF mix quantity                            = Hamiltonian
redata: Mix DM or H after convergence               =   F
redata: Recompute H after scf cycle                 =   F
redata: Mix DM in first SCF step                    =   T
redata: Write Pulay info on disk                    =   F
redata: New DM Occupancy tolerance                  = 0.000000000001
redata: No kicks to SCF
redata: DM Mixing Weight for Kicks                  =     0.5000
redata: Require Harris convergence for SCF          =   F
redata: Harris energy tolerance for SCF             =     0.000100 eV
redata: Require DM convergence for SCF              =   T
redata: DM tolerance for SCF                        =     0.000500
redata: Require EDM convergence for SCF             =   F
redata: EDM tolerance for SCF                       =     0.001000 eV
redata: Require H convergence for SCF               =   F
redata: Hamiltonian tolerance for SCF               =     0.005000 eV
redata: Require (free) Energy convergence for SCF   =   F
redata: (free) Energy tolerance for SCF             =     0.000100 eV
redata: Antiferro initial spin density              =   T
redata: Using DFT-D3 dispersion                     =   F
redata: Using Saved Data (generic)                  =   F
redata: Use continuation files for DM               =   F
redata: Neglect nonoverlap interactions             =   F
redata: Method of Calculation                       = Diagonalization
redata: Electronic Temperature                      =   300.0000 K
redata: Fix the spin of the system                  =   F
redata: Max. number of TDED Iter                    =        1
redata: Number of TDED substeps                     =        3
redata: Dynamics option                             = CG coord. optimization
redata: Variable cell                               =   T
redata: Use continuation files for CG               =   F
redata: Max atomic displ per move                   =     0.1058 Ang
redata: Maximum number of optimization moves        =      500
redata: Force tolerance                             =     0.0500 eV/Ang
redata: Stress tolerance                            =     1.0000 GPa
mix.SCF: Broyden mixing                          = Broyden
mix.SCF:    History steps                        = 8
mix.SCF:    Linear mixing weight                 =     0.070000
mix.SCF:    Inverse Jacobian weight              =     0.070000
mix.SCF:    Weight prime                         =     0.070000
mix.SCF:    SVD condition                        = 0.1000E-07
mix.SCF: Spin-component mixing                   all
redata: ***********************************************************************

%block SCF.Mixers
  Broyden
%endblock SCF.Mixers

%block SCF.Mixer.Broyden
  # Mixing method
  method broyden

  # Mixing options
  weight 0.0700
  weight.linear 0.0700
  weight.prime 0.0700
  history 8
%endblock SCF.Mixer.Broyden

DM_history_depth set to one: no extrapolation allowed by default for geometry relaxation
Size of DM history Fstack: 1
Total number of electrons:   113.000000
Total ionic charge:   113.000000

* ProcessorY, Blocksize:    4   3


* Orbital distribution balance (max,min):     6     3

k-point displ. along   2 input, could be:     0.00    0.50
k-point displ. along   3 input, could be:     0.00    0.50
 Kpoints in:           24 . Kpoints trimmed:           23

siesta: k-grid: Number of k-points = 23
siesta: k-points from Monkhorst-Pack grid
siesta: k-cutoff (effective) =     7.040 Ang
siesta: k-point supercell and displacements
siesta: k-grid:     3     0     0      0.000
siesta: k-grid:     0     6     0      0.000
siesta: k-grid:     0     0     2      0.000
k-point displ. along   2 input, could be:     0.00    0.50
k-point displ. along   3 input, could be:     0.00    0.50
 Kpoints in:           24 . Kpoints trimmed:           23

siesta: PDOS k-grid: Number of k-points = 23
siesta: PDOS k-points from Monkhorst-Pack grid
siesta: PDOS k-cutoff (effective) =     0.000 Ang
siesta: PDOS k-point supercell and displacements
siesta: k-grid:     3     0     0      0.000
siesta: k-grid:     0     6     0      0.000
siesta: k-grid:     0     0     2      0.000

diag: Algorithm                                     = D&C
diag: Parallel over k                               =   F
diag: Use parallel 2D distribution                  =   T
diag: Parallel block-size                           = 3
diag: Parallel distribution                         =     6 x     8
diag: Used triangular part                          = Lower
diag: Absolute tolerance                            =  0.100E-15
diag: Orthogonalization factor                      =  0.100E-05
diag: Memory factor                                 =  1.0000
diag: The diagonalization method chosen cannot compute a reduced number of eigenvectors.
diag: Resetting neigwanted 79 to 185

superc: Internal auxiliary supercell:     7 x    13 x     5  =     455
superc: Number of atoms, orbitals, and projectors:   3640  84175  65520


ts: **************************************************************
ts: Save H and S matrices                           =    F
ts: Save DM and EDM matrices                        =    F
ts: Only save the overlap matrix S                  =    F
ts: **************************************************************

************************ Begin: TS CHECKS AND WARNINGS ************************
************************ End: TS CHECKS AND WARNINGS **************************


                     ====================================
                        Begin CG opt. move =      0
                     ====================================

superc: Internal auxiliary supercell:     7 x    13 x     5  =     455
superc: Number of atoms, orbitals, and projectors:   3640  84175  65520

outcell: Unit cell vectors (Ang):
        4.978032    0.000000    0.000000
        0.000000    2.489016    0.000000
        0.000000    0.000000    7.040000

outcell: Cell vector modules (Ang)   :    4.978032    2.489016    7.040000
outcell: Cell angles (23,13,12) (deg):     90.0000     90.0000     90.0000
outcell: Cell volume (Ang**3)        :     87.2284
<dSpData1D:S at geom step 0
  <sparsity:sparsity for geom step 0
    nrows_g=185 nrows=6 sparsity=1.1820 nnzs=40454, refcount: 7>
  <dData1D:(new from dSpData1D) n=40454, refcount: 1>
refcount: 1>
new_DM -- step:     1
Initializing Density Matrix...
DM filled with atomic data:
<dSpData2D:DM initialized from atoms
  <sparsity:sparsity for geom step 0
    nrows_g=185 nrows=6 sparsity=1.1820 nnzs=40454, refcount: 8>
  <dData2D:DM n=40454 m=2, refcount: 1>
refcount: 1>
No. of atoms with KB's overlaping orbs in proc 0. Max # of overlaps:     111    1638

InitMesh: MESH = 54 x 30 x 80 = 129600
InitMesh: Mesh cutoff (required, used) =   300.000   325.218 Ry
New grid distribution [1]: sub = 2
New grid distribution [2]: sub = 2
New grid distribution [3]: sub = 2
Setting up quadratic distribution...

stepf: Fermi-Dirac step function

siesta: Program's energy decomposition (eV):
siesta: Ebs     =     -3313.204491
siesta: Eions   =     25075.401833
siesta: Ena     =      1534.038586
siesta: Ekin    =     13183.467298
siesta: Enl     =     -6203.313243
siesta: Eso     =         0.000000
siesta: Edftu   =         0.000000
siesta: DEna    =       101.178744
siesta: DUscf   =         3.080922
siesta: DUext   =         0.000000
siesta: Ex      =     -4134.050071
siesta: Ec      =      -256.077879
siesta: Exc     =     -4390.127950
siesta: EbV     =         0.000000
siesta: eta*DQ  =         0.000000
siesta: Emadel  =         0.000000
siesta: Emeta   =         0.000000
siesta: Emolmec =         0.000000
siesta: Ekinion =         0.000000
siesta: Eharris =    -20756.509778
siesta: Etot    =    -20847.077477
siesta: FreeEng =    -20847.084849

        iscf     Eharris(eV)        E_KS(eV)     FreeEng(eV)     dDmax    Ef(eV) dHmax(eV)
   scf:    1   -20756.509778   -20847.077477   -20847.084849 12.709901 -6.491115  6.353427
     spin moment: {S} , |S| = {        0.0        0.0    0.00272 }     0.00272
timer: Routine,Calls,Time,% = IterSCF        1       7.637  14.60
   scf:    2   -20848.248957   -20848.106262   -20848.115223  0.716787 -6.578071  3.570407
     spin moment: {S} , |S| = {        0.0        0.0    0.14301 }     0.14301
   scf:    3   -20848.541779   -20848.341916   -20848.349975  0.336800 -6.633103  2.270206
     spin moment: {S} , |S| = {        0.0        0.0    0.16503 }     0.16503
   scf:    4   -20848.959870   -20848.664192   -20848.670847  0.625290 -6.734138  1.565336
     spin moment: {S} , |S| = {        0.0        0.0    0.19984 }     0.19984
   scf:    5   -20849.417056   -20849.053243   -20849.058835  0.908587 -6.879537  1.030177
     spin moment: {S} , |S| = {        0.0        0.0    0.21808 }     0.21808
   scf:    6   -20849.558807   -20849.304665   -20849.311285  0.561258 -6.959538  0.568483
     spin moment: {S} , |S| = {        0.0        0.0    0.24989 }     0.24989
   scf:    7   -20849.557854   -20849.431149   -20849.439192  0.392013 -7.018509  0.872225
     spin moment: {S} , |S| = {        0.0        0.0    0.32111 }     0.32111
   scf:    8   -20849.170007   -20849.401019   -20849.410731  0.216479 -6.997250  2.613316
     spin moment: {S} , |S| = {        0.0        0.0    0.48637 }     0.48637
   scf:    9   -20849.658738   -20849.598063   -20849.608459  0.118851 -7.019472  0.284089
     spin moment: {S} , |S| = {        0.0        0.0    0.50622 }     0.50622
   scf:   10   -20849.520404   -20849.580602   -20849.592363  0.093735 -7.036808  1.212156
     spin moment: {S} , |S| = {        0.0        0.0    0.55809 }     0.55809
   scf:   11   -20849.550045   -20849.566185   -20849.578461  0.043585 -7.039657  1.526581
     spin moment: {S} , |S| = {        0.0        0.0    0.59840 }     0.59840
   scf:   12   -20849.632958   -20849.636796   -20849.649181  0.095066 -7.022362  0.305303
     spin moment: {S} , |S| = {        0.0        0.0    0.68597 }     0.68597
   scf:   13   -20849.639454   -20849.640582   -20849.653006  0.024235 -7.024669  0.186429
     spin moment: {S} , |S| = {        0.0        0.0    0.70959 }     0.70959
   scf:   14   -20849.643263   -20849.642485   -20849.654862  0.019219 -7.022191  0.076832
     spin moment: {S} , |S| = {        0.0        0.0    0.72378 }     0.72378
   scf:   15   -20849.651546   -20849.646599   -20849.658634  0.050424 -7.021916  0.116037
     spin moment: {S} , |S| = {        0.0        0.0    0.78151 }     0.78151
   scf:   16   -20849.651610   -20849.649452   -20849.660905  0.037646 -7.026236  0.137111
     spin moment: {S} , |S| = {        0.0        0.0    0.82948 }     0.82948
   scf:   17   -20849.656459   -20849.652786   -20849.663362  0.038215 -7.029434  0.061814
     spin moment: {S} , |S| = {        0.0        0.0    0.88279 }     0.88279
   scf:   18   -20849.653699   -20849.653232   -20849.663636  0.006335 -7.029871  0.047487
     spin moment: {S} , |S| = {        0.0        0.0    0.89138 }     0.89138
   scf:   19   -20849.658486   -20849.655487   -20849.664780  0.040396 -7.032749  0.031002
     spin moment: {S} , |S| = {        0.0        0.0    0.94170 }     0.94170
   scf:   20   -20849.656171   -20849.655826   -20849.664926  0.006811 -7.033354  0.021863
     spin moment: {S} , |S| = {        0.0        0.0    0.94962 }     0.94962
   scf:   21   -20849.658678   -20849.657113   -20849.665365  0.024349 -7.035143  0.017423
     spin moment: {S} , |S| = {        0.0        0.0    0.98170 }     0.98170
   scf:   22   -20849.657233   -20849.657168   -20849.665421  0.004451 -7.034928  0.015771
     spin moment: {S} , |S| = {        0.0        0.0    0.98119 }     0.98119
   scf:   23   -20849.657750   -20849.657453   -20849.665500  0.005246 -7.035175  0.010848
     spin moment: {S} , |S| = {        0.0        0.0    0.98840 }     0.98840
   scf:   24   -20849.657635   -20849.657527   -20849.665544  0.009406 -7.034869  0.016034
     spin moment: {S} , |S| = {        0.0        0.0    0.98879 }     0.98879
   scf:   25   -20849.657848   -20849.657685   -20849.665579  0.003560 -7.035047  0.009925
     spin moment: {S} , |S| = {        0.0        0.0    0.99315 }     0.99315
   scf:   26   -20849.657912   -20849.657797   -20849.665600  0.002609 -7.035101  0.007723
     spin moment: {S} , |S| = {        0.0        0.0    0.99636 }     0.99636
   scf:   27   -20849.658005   -20849.657899   -20849.665615  0.002690 -7.035169  0.004650
     spin moment: {S} , |S| = {        0.0        0.0    0.99948 }     0.99948
   scf:   28   -20849.658048   -20849.657972   -20849.665624  0.002254 -7.035247  0.003372
     spin moment: {S} , |S| = {        0.0        0.0    1.00181 }     1.00181
   scf:   29   -20849.658143   -20849.658056   -20849.665633  0.002725 -7.035383  0.002188
     spin moment: {S} , |S| = {        0.0        0.0    1.00453 }     1.00453
   scf:   30   -20849.658189   -20849.658122   -20849.665637  0.002256 -7.035524  0.001495
     spin moment: {S} , |S| = {        0.0        0.0    1.00669 }     1.00669
   scf:   31   -20849.658182   -20849.658152   -20849.665638  0.001103 -7.035602  0.001100
     spin moment: {S} , |S| = {        0.0        0.0    1.00769 }     1.00769
   scf:   32   -20849.658169   -20849.658160   -20849.665639  0.000346 -7.035632  0.000922
     spin moment: {S} , |S| = {        0.0        0.0    1.00799 }     1.00799

SCF Convergence by DM criterion
max |DM_out - DM_in|         :     0.0003458446
max |H_out - H_in|      (eV) :     0.0009216542
SCF cycle converged after 32 iterations

Using DM_out to compute the final energy and forces
No. of atoms with KB's overlaping orbs in proc 0. Max # of overlaps:     111    1638

siesta: E_KS(eV) =           -20849.6582

siesta: E_KS - E_eggbox =    -20849.6582

siesta: Atomic forces (eV/Ang):
     1   -0.964600    0.000000    1.240216
     2    0.320210    0.000000    0.001930
     3    0.682471    0.000000   -1.401496
     4    0.237709   -0.000000    0.038536
     5   -0.200147    0.000000    0.129118
     6   -0.245690   -0.000000   -0.353004
     7    0.436046   -0.000000    0.365524
     8   -0.267220    0.000000   -0.020978
----------------------------------------
   Tot   -0.001221    0.000000   -0.000155
----------------------------------------
   Max    1.401496
   Res    0.487185    sqrt( Sum f_i^2 / 3N )
----------------------------------------
   Max    1.401496    constrained

Stress tensor Voigt[x,y,z,yz,xz,xy] (kbar):     -408.74     -573.58     -454.49       -0.00      -54.51        0.00
(Free)E + p*V (eV/cell)   -20823.5904
Target enthalpy (eV/cell)   -20849.6656

siesta: Stress tensor (static) (eV/Ang**3):
        -0.255116    0.000000   -0.034025
         0.000000   -0.358003   -0.000000
        -0.034025   -0.000000   -0.283673

siesta: Pressure (static):        478.94009103  kBar

siesta: Stress tensor (total) (eV/Ang**3):
        -0.255116    0.000000   -0.034025
         0.000000   -0.358003   -0.000000
        -0.034025   -0.000000   -0.283673

siesta: Pressure (total):        478.94009103  kBar

cgvc: No target stress found, assuming hydrostatic MD.TargetPressure.

cgvc: Target stress (kBar)
cgvc:        -0.000       0.000       0.000
cgvc:         0.000      -0.000       0.000
cgvc:         0.000       0.000      -0.000

                     ====================================
                        Begin CG opt. move =      1
                     ====================================
k-point displ. along   2 input, could be:     0.00    0.50
k-point displ. along   3 input, could be:     0.00    0.50
 Kpoints in:           24 . Kpoints trimmed:           23

siesta: k-grid: Number of k-points = 23
siesta: k-points from Monkhorst-Pack grid
siesta: k-cutoff (effective) =     7.118 Ang
siesta: k-point supercell and displacements
siesta: k-grid:     3     0     0      0.000
siesta: k-grid:     0     6     0      0.000
siesta: k-grid:     0     0     2      0.000

superc: Internal auxiliary supercell:     7 x    13 x     5  =     455
superc: Number of atoms, orbitals, and projectors:   3640  84175  65520

outcell: Unit cell vectors (Ang):
        5.027643   -0.000000    0.006617
       -0.000000    2.523826    0.000000
        0.009357    0.000000    7.118015

outcell: Cell vector modules (Ang)   :    5.027648    2.523826    7.118021
outcell: Cell angles (23,13,12) (deg):     90.0000     89.8493     90.0000
outcell: Cell volume (Ang**3)        :     90.3196
<dSpData1D:S at geom step 1
  <sparsity:sparsity for geom step 1
    nrows_g=185 nrows=6 sparsity=1.1630 nnzs=39804, refcount: 7>
  <dData1D:(new from dSpData1D) n=39804, refcount: 1>
refcount: 1>
new_DM -- step:     2
Re-using DM from previous geometries...
Number of DMs in history: 1
 DM extrapolation coefficients: 
1   1.00000
New DM after history re-use:
<dSpData2D:SpM extrapolated using coords
  <sparsity:sparsity for geom step 1
    nrows_g=185 nrows=6 sparsity=1.1630 nnzs=39804, refcount: 9>
  <dData2D:(temp array for extrapolation) n=39804 m=2, refcount: 1>
refcount: 1>
Note: For starting DM, Qtot, Tr[D*S] =        113.00000000        113.25328310
No. of atoms with KB's overlaping orbs in proc 0. Max # of overlaps:     111    1506

InitMesh: MESH = 54 x 30 x 80 = 129600
InitMesh: Mesh cutoff (required, used) =   300.000   318.833 Ry
New grid distribution [1]: sub = 2
New grid distribution [2]: sub = 2
New grid distribution [3]: sub = 2
Setting up quadratic distribution...

        iscf     Eharris(eV)        E_KS(eV)     FreeEng(eV)     dDmax    Ef(eV) dHmax(eV)
   scf:    1   -20855.077587   -20849.924666   -20849.934515  1.193780 -7.063066  5.642236
     spin moment: {S} , |S| = {        0.0        0.0    0.91959 }     0.91959
   scf:    2   -19577.173763   -20430.145589   -20430.156313  4.929949 -5.636050134.896970
     spin moment: {S} , |S| = {        0.0        0.0    1.65523 }     1.65523
   scf:    3   -20851.470485   -20850.389122   -20850.397894  4.707424 -7.001542  3.028730
     spin moment: {S} , |S| = {        0.0        0.0    0.96274 }     0.96274
   scf:    4   -20850.566045   -20850.492401   -20850.501065  0.079734 -6.980722  1.833270
     spin moment: {S} , |S| = {        0.0        0.0    0.96518 }     0.96518
   scf:    5   -20850.568361   -20850.550131   -20850.558634  0.122654 -6.952587  0.318351
     spin moment: {S} , |S| = {        0.0        0.0    0.97381 }     0.97381
   scf:    6   -20850.542365   -20850.551433   -20850.560142  0.106803 -6.934845  0.464081
     spin moment: {S} , |S| = {        0.0        0.0    0.96688 }     0.96688
   scf:    7   -20850.541541   -20850.554158   -20850.562994  0.037851 -6.934130  0.412436
     spin moment: {S} , |S| = {        0.0        0.0    0.95658 }     0.95658
   scf:    8   -20850.559066   -20850.557020   -20850.565896  0.030843 -6.930041  0.202576
     spin moment: {S} , |S| = {        0.0        0.0    0.95440 }     0.95440
   scf:    9   -20850.557651   -20850.557888   -20850.566774  0.008807 -6.928810  0.034313
     spin moment: {S} , |S| = {        0.0        0.0    0.95483 }     0.95483
   scf:   10   -20850.558063   -20850.558014   -20850.567013  0.012823 -6.927765  0.034531
     spin moment: {S} , |S| = {        0.0        0.0    0.94849 }     0.94849
   scf:   11   -20850.558096   -20850.558060   -20850.567093  0.002084 -6.927518  0.022742
     spin moment: {S} , |S| = {        0.0        0.0    0.94677 }     0.94677
   scf:   12   -20850.558250   -20850.558121   -20850.567333  0.009233 -6.926450  0.012979
     spin moment: {S} , |S| = {        0.0        0.0    0.93729 }     0.93729
   scf:   13   -20850.558128   -20850.558122   -20850.567387  0.002017 -6.926209  0.012572
     spin moment: {S} , |S| = {        0.0        0.0    0.93434 }     0.93434
   scf:   14   -20850.558096   -20850.558064   -20850.567548  0.007524 -6.925302  0.007505
     spin moment: {S} , |S| = {        0.0        0.0    0.92245 }     0.92245
   scf:   15   -20850.557877   -20850.557926   -20850.567624  0.007573 -6.924389  0.003625
     spin moment: {S} , |S| = {        0.0        0.0    0.91003 }     0.91003
   scf:   16   -20850.557886   -20850.557906   -20850.567627  0.000761 -6.924314  0.002687
     spin moment: {S} , |S| = {        0.0        0.0    0.90873 }     0.90873
   scf:   17   -20850.557863   -20850.557884   -20850.567630  0.000683 -6.924269  0.002652
     spin moment: {S} , |S| = {        0.0        0.0    0.90748 }     0.90748
   scf:   18   -20850.557836   -20850.557860   -20850.567632  0.000744 -6.924229  0.002457
     spin moment: {S} , |S| = {        0.0        0.0    0.90608 }     0.90608
   scf:   19   -20850.557831   -20850.557845   -20850.567633  0.000399 -6.924241  0.001767
     spin moment: {S} , |S| = {        0.0        0.0    0.90532 }     0.90532

SCF Convergence by DM criterion
max |DM_out - DM_in|         :     0.0003991383
max |H_out - H_in|      (eV) :     0.0017671084
SCF cycle converged after 19 iterations

Using DM_out to compute the final energy and forces
No. of atoms with KB's overlaping orbs in proc 0. Max # of overlaps:     111    1506

siesta: E_KS(eV) =           -20850.5578

siesta: Atomic forces (eV/Ang):
     1   -0.834447   -0.000000    1.011007
     2    0.281261    0.000000   -0.020201
     3    0.531295   -0.000000   -1.151178
     4    0.135015    0.000000    0.021463
     5   -0.125180   -0.000000    0.103046
     6   -0.205347   -0.000000   -0.278315
     7    0.342901    0.000000    0.252551
     8   -0.123873    0.000000    0.059768
----------------------------------------
   Tot    0.001624   -0.000000   -0.001859
----------------------------------------
   Max    1.151178
   Res    0.396354    sqrt( Sum f_i^2 / 3N )
----------------------------------------
   Max    1.151178    constrained

Stress tensor Voigt[x,y,z,yz,xz,xy] (kbar):     -316.00     -455.41     -354.83        0.00      -47.80       -0.00
(Free)E + p*V (eV/cell)   -20829.4046
Target enthalpy (eV/cell)   -20850.5676

siesta: Stress tensor (static) (eV/Ang**3):
        -0.197230   -0.000000   -0.029832
        -0.000000   -0.284242    0.000000
        -0.029832    0.000000   -0.221467

siesta: Pressure (static):        375.41064362  kBar

siesta: Stress tensor (total) (eV/Ang**3):
        -0.197230   -0.000000   -0.029832
        -0.000000   -0.284242    0.000000
        -0.029832    0.000000   -0.221467

siesta: Pressure (total):        375.41064362  kBar

                     ====================================
                        Begin CG opt. move =      2
                     ====================================
k-point displ. along   2 input, could be:     0.00    0.50
k-point displ. along   3 input, could be:     0.00    0.50
 Kpoints in:           24 . Kpoints trimmed:           23

siesta: k-grid: Number of k-points = 23
siesta: k-points from Monkhorst-Pack grid
siesta: k-cutoff (effective) =     7.236 Ang
siesta: k-point supercell and displacements
siesta: k-grid:     3     0     0      0.000
siesta: k-grid:     0     6     0      0.000
siesta: k-grid:     0     0     2      0.000

superc: Internal auxiliary supercell:     7 x    13 x     5  =     455
superc: Number of atoms, orbitals, and projectors:   3640  84175  65520

outcell: Unit cell vectors (Ang):
        5.102731   -0.000000    0.016631
       -0.000000    2.576511    0.000000
        0.023520    0.000000    7.236092

outcell: Cell vector modules (Ang)   :    5.102758    2.576511    7.236130
outcell: Cell angles (23,13,12) (deg):     90.0000     89.6270     90.0000
outcell: Cell volume (Ang**3)        :     95.1336
<dSpData1D:S at geom step 2
  <sparsity:sparsity for geom step 2
    nrows_g=185 nrows=6 sparsity=1.1442 nnzs=39161, refcount: 7>
  <dData1D:(new from dSpData1D) n=39161, refcount: 1>
refcount: 1>
new_DM -- step:     3
Re-using DM from previous geometries...
Number of DMs in history: 1
 DM extrapolation coefficients: 
1   1.00000
New DM after history re-use:
<dSpData2D:SpM extrapolated using coords
  <sparsity:sparsity for geom step 2
    nrows_g=185 nrows=6 sparsity=1.1442 nnzs=39161, refcount: 9>
  <dData2D:(temp array for extrapolation) n=39161 m=2, refcount: 1>
refcount: 1>
Note: For starting DM, Qtot, Tr[D*S] =        113.00000000        113.35476618
No. of atoms with KB's overlaping orbs in proc 0. Max # of overlaps:     111    1490

InitMesh: MESH = 54 x 30 x 80 = 129600
InitMesh: Mesh cutoff (required, used) =   300.000   309.527 Ry
New grid distribution [1]: sub = 2
New grid distribution [2]: sub = 2
New grid distribution [3]: sub = 2
Setting up quadratic distribution...

        iscf     Eharris(eV)        E_KS(eV)     FreeEng(eV)     dDmax    Ef(eV) dHmax(eV)
   scf:    1   -20856.255320   -20850.102535   -20850.114559  1.801545 -7.009358  8.233422
     spin moment: {S} , |S| = {        0.0        0.0    0.69544 }     0.69544
   scf:    2   -18828.463909   -20185.248664   -20185.264047 11.182397 -4.657805172.659536
     spin moment: {S} , |S| = {        0.0        0.0    1.77961 }     1.77961
   scf:    3   -20850.845673   -20851.217877   -20851.228905 10.757653 -6.884000  4.399918
     spin moment: {S} , |S| = {        0.0        0.0    0.79501 }     0.79501
   scf:    4   -20851.619928   -20851.460847   -20851.471836  0.129463 -6.847954  2.352339
     spin moment: {S} , |S| = {        0.0        0.0    0.80564 }     0.80564
   scf:    5   -20851.587099   -20851.554632   -20851.565657  0.148897 -6.811583  0.452871
     spin moment: {S} , |S| = {        0.0        0.0    0.81978 }     0.81978
   scf:    6   -20851.534667   -20851.556072   -20851.567234  0.130018 -6.789694  0.663383
     spin moment: {S} , |S| = {        0.0        0.0    0.80999 }     0.80999
   scf:    7   -20851.540882   -20851.563849   -20851.574824  0.093538 -6.789472  0.584787
     spin moment: {S} , |S| = {        0.0        0.0    0.78558 }     0.78558
   scf:    8   -20851.572570   -20851.571132   -20851.582222  0.060083 -6.779843  0.094917
     spin moment: {S} , |S| = {        0.0        0.0    0.78076 }     0.78076
   scf:    9   -20851.570347   -20851.571050   -20851.582193  0.006601 -6.779901  0.135222
     spin moment: {S} , |S| = {        0.0        0.0    0.77734 }     0.77734
   scf:   10   -20851.572542   -20851.572087   -20851.583231  0.019024 -6.779342  0.048464
     spin moment: {S} , |S| = {        0.0        0.0    0.76074 }     0.76074
   scf:   11   -20851.572431   -20851.572254   -20851.583412  0.003288 -6.779386  0.063881
     spin moment: {S} , |S| = {        0.0        0.0    0.75478 }     0.75478
   scf:   12   -20851.573976   -20851.573025   -20851.584236  0.016421 -6.778217  0.020120
     spin moment: {S} , |S| = {        0.0        0.0    0.72863 }     0.72863
   scf:   13   -20851.573341   -20851.573175   -20851.584388  0.004284 -6.778130  0.019991
     spin moment: {S} , |S| = {        0.0        0.0    0.72138 }     0.72138
   scf:   14   -20851.574820   -20851.573742   -20851.584915  0.025243 -6.777353  0.008392
     spin moment: {S} , |S| = {        0.0        0.0    0.68160 }     0.68160
   scf:   15   -20851.573948   -20851.573829   -20851.584972  0.006857 -6.777109  0.005174
     spin moment: {S} , |S| = {        0.0        0.0    0.67116 }     0.67116
   scf:   16   -20851.573902   -20851.573863   -20851.584992  0.003161 -6.777003  0.004899
     spin moment: {S} , |S| = {        0.0        0.0    0.66566 }     0.66566
   scf:   17   -20851.573919   -20851.573889   -20851.585006  0.002833 -6.776973  0.004153
     spin moment: {S} , |S| = {        0.0        0.0    0.66071 }     0.66071
   scf:   18   -20851.573905   -20851.573897   -20851.585011  0.000907 -6.777015  0.003834
     spin moment: {S} , |S| = {        0.0        0.0    0.65878 }     0.65878
   scf:   19   -20851.573928   -20851.573912   -20851.585019  0.001893 -6.777102  0.003106
     spin moment: {S} , |S| = {        0.0        0.0    0.65502 }     0.65502
   scf:   20   -20851.573936   -20851.573923   -20851.585024  0.001523 -6.777174  0.002523
     spin moment: {S} , |S| = {        0.0        0.0    0.65191 }     0.65191
   scf:   21   -20851.573936   -20851.573929   -20851.585027  0.000913 -6.777245  0.001996
     spin moment: {S} , |S| = {        0.0        0.0    0.64980 }     0.64980
   scf:   22   -20851.573953   -20851.573940   -20851.585030  0.001623 -6.777321  0.001590
     spin moment: {S} , |S| = {        0.0        0.0    0.64644 }     0.64644
   scf:   23   -20851.573955   -20851.573947   -20851.585032  0.001010 -6.777375  0.001486
     spin moment: {S} , |S| = {        0.0        0.0    0.64421 }     0.64421
   scf:   24   -20851.573957   -20851.573952   -20851.585033  0.000685 -6.777393  0.001329
     spin moment: {S} , |S| = {        0.0        0.0    0.64278 }     0.64278
   scf:   25   -20851.573957   -20851.573954   -20851.585033  0.000339 -6.777397  0.001095
     spin moment: {S} , |S| = {        0.0        0.0    0.64199 }     0.64199

SCF Convergence by DM criterion
max |DM_out - DM_in|         :     0.0003391680
max |H_out - H_in|      (eV) :     0.0010948375
SCF cycle converged after 25 iterations

Using DM_out to compute the final energy and forces
No. of atoms with KB's overlaping orbs in proc 0. Max # of overlaps:     111    1490

siesta: E_KS(eV) =           -20851.5740

siesta: Atomic forces (eV/Ang):
     1   -0.587157   -0.000000    0.702419
     2    0.248379    0.000000   -0.129524
     3    0.299606   -0.000000   -0.792311
     4    0.002434   -0.000000    0.060972
     5   -0.012971   -0.000000    0.117609
     6   -0.224002   -0.000000   -0.200656
     7    0.191550    0.000000    0.054529
     8    0.080541    0.000000    0.186630
----------------------------------------
   Tot   -0.001619   -0.000000   -0.000332
----------------------------------------
   Max    0.792311
   Res    0.275627    sqrt( Sum f_i^2 / 3N )
----------------------------------------
   Max    0.792311    constrained

Stress tensor Voigt[x,y,z,yz,xz,xy] (kbar):     -198.67     -303.79     -227.72        0.00      -40.07       -0.00
(Free)E + p*V (eV/cell)   -20837.1330
Target enthalpy (eV/cell)   -20851.5850

siesta: Stress tensor (static) (eV/Ang**3):
        -0.124001   -0.000000   -0.025010
        -0.000000   -0.189608    0.000000
        -0.025010    0.000000   -0.142129

siesta: Pressure (static):        243.39105248  kBar

siesta: Stress tensor (total) (eV/Ang**3):
        -0.124001   -0.000000   -0.025010
        -0.000000   -0.189608    0.000000
        -0.025010    0.000000   -0.142129

siesta: Pressure (total):        243.39105248  kBar

                     ====================================
                        Begin CG opt. move =      3
                     ====================================
k-point displ. along   2 input, could be:     0.00    0.50
k-point displ. along   3 input, could be:     0.00    0.50
 Kpoints in:           24 . Kpoints trimmed:           23

siesta: k-grid: Number of k-points = 23
siesta: k-points from Monkhorst-Pack grid
siesta: k-cutoff (effective) =     7.354 Ang
siesta: k-point supercell and displacements
siesta: k-grid:     3     0     0      0.000
siesta: k-grid:     0     6     0      0.000
siesta: k-grid:     0     0     2      0.000

superc: Internal auxiliary supercell:     7 x    11 x     5  =     385
superc: Number of atoms, orbitals, and projectors:   3080  71225  55440

outcell: Unit cell vectors (Ang):
        5.177819   -0.000000    0.026646
       -0.000000    2.629196    0.000000
        0.037683    0.000000    7.354169

outcell: Cell vector modules (Ang)   :    5.177888    2.629196    7.354265
outcell: Cell angles (23,13,12) (deg):     90.0000     89.4116     90.0000
outcell: Cell volume (Ang**3)        :    100.1133
<dSpData1D:S at geom step 3
  <sparsity:sparsity for geom step 3
    nrows_g=185 nrows=6 sparsity=1.0762 nnzs=36832, refcount: 7>
  <dData1D:(new from dSpData1D) n=36832, refcount: 1>
refcount: 1>
new_DM -- step:     4
Re-using DM from previous geometries...
Number of DMs in history: 1
 DM extrapolation coefficients: 
1   1.00000
New DM after history re-use:
<dSpData2D:SpM extrapolated using coords
  <sparsity:sparsity for geom step 3
    nrows_g=185 nrows=6 sparsity=1.0762 nnzs=36832, refcount: 9>
  <dData2D:(temp array for extrapolation) n=36832 m=2, refcount: 1>
refcount: 1>
Note: For starting DM, Qtot, Tr[D*S] =        113.00000000        113.30690434
No. of atoms with KB's overlaping orbs in proc 0. Max # of overlaps:     105    1433

InitMesh: MESH = 54 x 30 x 80 = 129600
InitMesh: Mesh cutoff (required, used) =   300.000   300.628 Ry
New grid distribution [1]: sub = 2
New grid distribution [2]: sub = 2
New grid distribution [3]: sub = 2
Setting up quadratic distribution...

        iscf     Eharris(eV)        E_KS(eV)     FreeEng(eV)     dDmax    Ef(eV) dHmax(eV)
   scf:    1   -20856.056221   -20850.741423   -20850.751586  2.067312 -6.871497  7.184391
     spin moment: {S} , |S| = {        0.0        0.0    0.43636 }     0.43636
   scf:    2   -19177.863704   -20300.809067   -20300.822899 15.107101 -4.334326149.917502
     spin moment: {S} , |S| = {        0.0        0.0    1.34077 }     1.34077
   scf:    3   -20849.852522   -20851.855323   -20851.865876 14.649705 -6.725784  4.599831
     spin moment: {S} , |S| = {        0.0        0.0    0.52427 }     0.52427
   scf:    4   -20852.317837   -20852.134379   -20852.144990  0.130220 -6.688244  2.162905
     spin moment: {S} , |S| = {        0.0        0.0    0.54147 }     0.54147
   scf:    5   -20852.247159   -20852.215905   -20852.226729  0.114291 -6.661203  0.488340
     spin moment: {S} , |S| = {        0.0        0.0    0.55320 }     0.55320
   scf:    6   -20852.180036   -20852.212062   -20852.222999  0.104632 -6.644234  0.785414
     spin moment: {S} , |S| = {        0.0        0.0    0.54771 }     0.54771
   scf:    7   -20852.166986   -20852.215020   -20852.225380  0.107440 -6.644618  0.863962
     spin moment: {S} , |S| = {        0.0        0.0    0.53195 }     0.53195
   scf:    8   -20852.227984   -20852.229650   -20852.240084  0.062916 -6.634448  0.101201
     spin moment: {S} , |S| = {        0.0        0.0    0.52843 }     0.52843
   scf:    9   -20852.230644   -20852.230307   -20852.240640  0.012250 -6.634496  0.034672
     spin moment: {S} , |S| = {        0.0        0.0    0.52430 }     0.52430
   scf:   10   -20852.231807   -20852.231029   -20852.241181  0.014060 -6.632552  0.060254
     spin moment: {S} , |S| = {        0.0        0.0    0.51402 }     0.51402
   scf:   11   -20852.231289   -20852.231192   -20852.241328  0.003031 -6.632105  0.027891
     spin moment: {S} , |S| = {        0.0        0.0    0.51255 }     0.51255
   scf:   12   -20852.233306   -20852.232119   -20852.241947  0.018188 -6.629775  0.016692
     spin moment: {S} , |S| = {        0.0        0.0    0.49576 }     0.49576
   scf:   13   -20852.232479   -20852.232291   -20852.242045  0.004269 -6.629196  0.013292
     spin moment: {S} , |S| = {        0.0        0.0    0.49171 }     0.49171
   scf:   14   -20852.233201   -20852.232681   -20852.242218  0.012133 -6.627668  0.004412
     spin moment: {S} , |S| = {        0.0        0.0    0.47979 }     0.47979
   scf:   15   -20852.232824   -20852.232748   -20852.242232  0.002897 -6.627250  0.002921
     spin moment: {S} , |S| = {        0.0        0.0    0.47684 }     0.47684
   scf:   16   -20852.232776   -20852.232762   -20852.242234  0.000786 -6.627160  0.002079
     spin moment: {S} , |S| = {        0.0        0.0    0.47616 }     0.47616
   scf:   17   -20852.232793   -20852.232778   -20852.242236  0.001040 -6.627076  0.001286
     spin moment: {S} , |S| = {        0.0        0.0    0.47532 }     0.47532
   scf:   18   -20852.232784   -20852.232781   -20852.242236  0.000286 -6.627086  0.001225
     spin moment: {S} , |S| = {        0.0        0.0    0.47509 }     0.47509

SCF Convergence by DM criterion
max |DM_out - DM_in|         :     0.0002857053
max |H_out - H_in|      (eV) :     0.0012245687
SCF cycle converged after 18 iterations

Using DM_out to compute the final energy and forces
No. of atoms with KB's overlaping orbs in proc 0. Max # of overlaps:     105    1433

siesta: E_KS(eV) =           -20852.2328

siesta: Atomic forces (eV/Ang):
     1   -0.438735   -0.000000    0.416843
     2    0.202679   -0.000000   -0.176197
     3    0.150937   -0.000000   -0.487581
     4   -0.064072    0.000000    0.075530
     5    0.028602   -0.000000    0.125762
     6   -0.178701    0.000000   -0.125170
     7    0.079850   -0.000000   -0.079231
     8    0.215885    0.000000    0.250602
----------------------------------------
   Tot   -0.003555   -0.000000    0.000559
----------------------------------------
   Max    0.487581
   Res    0.193110    sqrt( Sum f_i^2 / 3N )
----------------------------------------
   Max    0.487581    constrained

Stress tensor Voigt[x,y,z,yz,xz,xy] (kbar):     -106.57     -186.57     -131.46        0.00      -35.21       -0.00
(Free)E + p*V (eV/cell)   -20843.3985
Target enthalpy (eV/cell)   -20852.2422

siesta: Stress tensor (static) (eV/Ang**3):
        -0.066515   -0.000000   -0.021976
        -0.000000   -0.116446   -0.000000
        -0.021975    0.000000   -0.082051

siesta: Pressure (static):        141.53216762  kBar

siesta: Stress tensor (total) (eV/Ang**3):
        -0.066515   -0.000000   -0.021976
        -0.000000   -0.116446   -0.000000
        -0.021975    0.000000   -0.082051

siesta: Pressure (total):        141.53216762  kBar

                     ====================================
                        Begin CG opt. move =      4
                     ====================================
k-point displ. along   2 input, could be:     0.00    0.50
k-point displ. along   3 input, could be:     0.00    0.50
 Kpoints in:           24 . Kpoints trimmed:           23

siesta: k-grid: Number of k-points = 23
siesta: k-points from Monkhorst-Pack grid
siesta: k-cutoff (effective) =     7.472 Ang
siesta: k-point supercell and displacements
siesta: k-grid:     3     0     0      0.000
siesta: k-grid:     0     6     0      0.000
siesta: k-grid:     0     0     2      0.000

superc: Internal auxiliary supercell:     7 x    11 x     5  =     385
superc: Number of atoms, orbitals, and projectors:   3080  71225  55440

outcell: Unit cell vectors (Ang):
        5.252907   -0.000000    0.036660
       -0.000000    2.681881    0.000000
        0.051845    0.000000    7.472246

outcell: Cell vector modules (Ang)   :    5.253035    2.681881    7.472425
outcell: Cell angles (23,13,12) (deg):     90.0000     89.2026     90.0000
outcell: Cell volume (Ang**3)        :    105.2615
<dSpData1D:S at geom step 4
  <sparsity:sparsity for geom step 4
    nrows_g=185 nrows=6 sparsity=1.0095 nnzs=34549, refcount: 7>
  <dData1D:(new from dSpData1D) n=34549, refcount: 1>
refcount: 1>
new_DM -- step:     5
Re-using DM from previous geometries...
Number of DMs in history: 1
 DM extrapolation coefficients: 
1   1.00000
New DM after history re-use:
<dSpData2D:SpM extrapolated using coords
  <sparsity:sparsity for geom step 4
    nrows_g=185 nrows=6 sparsity=1.0095 nnzs=34549, refcount: 9>
  <dData2D:(temp array for extrapolation) n=34549 m=2, refcount: 1>
refcount: 1>
Note: For starting DM, Qtot, Tr[D*S] =        113.00000000        113.24578924
No. of atoms with KB's overlaping orbs in proc 0. Max # of overlaps:     104    1308

InitMesh: MESH = 60 x 30 x 80 = 144000
InitMesh: Mesh cutoff (required, used) =   300.000   316.842 Ry
New grid distribution [1]: sub = 2
New grid distribution [2]: sub = 2
New grid distribution [3]: sub = 2
Setting up quadratic distribution...

        iscf     Eharris(eV)        E_KS(eV)     FreeEng(eV)     dDmax    Ef(eV) dHmax(eV)
   scf:    1   -20856.051925   -20851.330461   -20851.340719  2.028795 -6.714583  5.381755
     spin moment: {S} , |S| = {        0.0        0.0    0.32621 }     0.32621
   scf:    2   -19769.363445   -20496.380238   -20496.399785 12.697244 -4.566965100.977852
     spin moment: {S} , |S| = {        0.0        0.0    0.53989 }     0.53989
   scf:    3   -20852.677159   -20852.293694   -20852.302951 12.328605 -6.566669  3.927808
     spin moment: {S} , |S| = {        0.0        0.0    0.40383 }     0.40383
   scf:    4   -20852.668164   -20852.525024   -20852.534158  0.100973 -6.535303  1.629868
     spin moment: {S} , |S| = {        0.0        0.0    0.42080 }     0.42080
   scf:    5   -20852.598970   -20852.580346   -20852.589433  0.083327 -6.512111  0.312183
     spin moment: {S} , |S| = {        0.0        0.0    0.43225 }     0.43225
   scf:    6   -20852.555210   -20852.576573   -20852.585684  0.070258 -6.497423  0.657462
     spin moment: {S} , |S| = {        0.0        0.0    0.43313 }     0.43313
   scf:    7   -20852.524140   -20852.573504   -20852.582530  0.068003 -6.503687  0.853111
     spin moment: {S} , |S| = {        0.0        0.0    0.42585 }     0.42585
   scf:    8   -20852.593571   -20852.589551   -20852.598527  0.071644 -6.490696  0.075337
     spin moment: {S} , |S| = {        0.0        0.0    0.42921 }     0.42921
   scf:    9   -20852.588968   -20852.589382   -20852.598343  0.006156 -6.491813  0.153728
     spin moment: {S} , |S| = {        0.0        0.0    0.42748 }     0.42748
   scf:   10   -20852.590993   -20852.590170   -20852.599118  0.013796 -6.489100  0.114849
     spin moment: {S} , |S| = {        0.0        0.0    0.42662 }     0.42662
   scf:   11   -20852.590732   -20852.590587   -20852.599535  0.004469 -6.488023  0.023459
     spin moment: {S} , |S| = {        0.0        0.0    0.42657 }     0.42657
   scf:   12   -20852.591583   -20852.590975   -20852.599919  0.009846 -6.485969  0.012841
     spin moment: {S} , |S| = {        0.0        0.0    0.42426 }     0.42426
   scf:   13   -20852.591034   -20852.591002   -20852.599948  0.001608 -6.485659  0.006393
     spin moment: {S} , |S| = {        0.0        0.0    0.42394 }     0.42394
   scf:   14   -20852.591071   -20852.591029   -20852.599981  0.003663 -6.485151  0.002355
     spin moment: {S} , |S| = {        0.0        0.0    0.42355 }     0.42355
   scf:   15   -20852.591034   -20852.591031   -20852.599985  0.001399 -6.484985  0.001427
     spin moment: {S} , |S| = {        0.0        0.0    0.42347 }     0.42347
   scf:   16   -20852.591030   -20852.591031   -20852.599986  0.000524 -6.484936  0.001110
     spin moment: {S} , |S| = {        0.0        0.0    0.42349 }     0.42349
   scf:   17   -20852.591030   -20852.591030   -20852.599986  0.000392 -6.484898  0.000945
     spin moment: {S} , |S| = {        0.0        0.0    0.42350 }     0.42350

SCF Convergence by DM criterion
max |DM_out - DM_in|         :     0.0003923986
max |H_out - H_in|      (eV) :     0.0009452559
SCF cycle converged after 17 iterations

Using DM_out to compute the final energy and forces
No. of atoms with KB's overlaping orbs in proc 0. Max # of overlaps:     104    1308

siesta: E_KS(eV) =           -20852.5910

siesta: Atomic forces (eV/Ang):
     1   -0.291801   -0.000000    0.215490
     2    0.189714   -0.000000   -0.263010
     3    0.037888   -0.000000   -0.219536
     4   -0.101358    0.000000    0.111271
     5    0.053927   -0.000000    0.127228
     6   -0.188648   -0.000000   -0.106032
     7   -0.002001   -0.000000   -0.189770
     8    0.302150    0.000000    0.324388
----------------------------------------
   Tot   -0.000129   -0.000000    0.000030
----------------------------------------
   Max    0.324388
   Res    0.159099    sqrt( Sum f_i^2 / 3N )
----------------------------------------
   Max    0.324388    constrained

Stress tensor Voigt[x,y,z,yz,xz,xy] (kbar):      -35.37      -96.64      -54.63       -0.00      -30.86       -0.00
(Free)E + p*V (eV/cell)   -20848.5125
Target enthalpy (eV/cell)   -20852.6000

siesta: Stress tensor (static) (eV/Ang**3):
        -0.022079   -0.000000   -0.019261
        -0.000000   -0.060319   -0.000000
        -0.019260   -0.000000   -0.034096

siesta: Pressure (static):         62.21522013  kBar

siesta: Stress tensor (total) (eV/Ang**3):
        -0.022079   -0.000000   -0.019261
        -0.000000   -0.060319   -0.000000
        -0.019260   -0.000000   -0.034096

siesta: Pressure (total):         62.21522013  kBar

                     ====================================
                        Begin CG opt. move =      5
                     ====================================
k-point displ. along   2 input, could be:     0.00    0.50
k-point displ. along   3 input, could be:     0.00    0.50
 Kpoints in:           24 . Kpoints trimmed:           23

siesta: k-grid: Number of k-points = 23
siesta: k-points from Monkhorst-Pack grid
siesta: k-cutoff (effective) =     7.591 Ang
siesta: k-point supercell and displacements
siesta: k-grid:     3     0     0      0.000
siesta: k-grid:     0     6     0      0.000
siesta: k-grid:     0     0     2      0.000

superc: Internal auxiliary supercell:     7 x    11 x     5  =     385
superc: Number of atoms, orbitals, and projectors:   3080  71225  55440

outcell: Unit cell vectors (Ang):
        5.327995   -0.000000    0.046674
       -0.000000    2.734566    0.000000
        0.066008    0.000000    7.590323

outcell: Cell vector modules (Ang)   :    5.328199    2.734566    7.590610
outcell: Cell angles (23,13,12) (deg):     90.0000     88.9998     90.0000
outcell: Cell volume (Ang**3)        :    110.5807
<dSpData1D:S at geom step 5
  <sparsity:sparsity for geom step 5
    nrows_g=185 nrows=6 sparsity=.9680 nnzs=33130, refcount: 7>
  <dData1D:(new from dSpData1D) n=33130, refcount: 1>
refcount: 1>
new_DM -- step:     6
Re-using DM from previous geometries...
Number of DMs in history: 1
 DM extrapolation coefficients: 
1   1.00000
New DM after history re-use:
<dSpData2D:SpM extrapolated using coords
  <sparsity:sparsity for geom step 5
    nrows_g=185 nrows=6 sparsity=.9680 nnzs=33130, refcount: 9>
  <dData2D:(temp array for extrapolation) n=33130 m=2, refcount: 1>
refcount: 1>
Note: For starting DM, Qtot, Tr[D*S] =        113.00000000        113.15119409
No. of atoms with KB's overlaping orbs in proc 0. Max # of overlaps:     103    1260

InitMesh: MESH = 60 x 30 x 80 = 144000
InitMesh: Mesh cutoff (required, used) =   300.000   307.087 Ry
New grid distribution [1]: sub = 2
New grid distribution [2]: sub = 2
New grid distribution [3]: sub = 2
Setting up quadratic distribution...

        iscf     Eharris(eV)        E_KS(eV)     FreeEng(eV)     dDmax    Ef(eV) dHmax(eV)
   scf:    1   -20856.554553   -20852.099465   -20852.111214  1.583093 -6.500904  4.361323
     spin moment: {S} , |S| = {        0.0        0.0    0.28897 }     0.28897
   scf:    2   -20417.685925   -20710.032063   -20710.044931  5.427714 -5.195649 72.286187
     spin moment: {S} , |S| = {        0.0        0.0   -0.34703 }    -0.34703
   scf:    3   -20855.947902   -20852.658046   -20852.669387  5.237588 -6.402468  1.134135
     spin moment: {S} , |S| = {        0.0        0.0    0.37294 }     0.37294
   scf:    4   -20852.719897   -20852.706922   -20852.718001  0.066854 -6.380444  0.345672
     spin moment: {S} , |S| = {        0.0        0.0    0.39341 }     0.39341
   scf:    5   -20852.711107   -20852.709555   -20852.720630  0.014040 -6.375628  0.287701
     spin moment: {S} , |S| = {        0.0        0.0    0.39611 }     0.39611
   scf:    6   -20852.716044   -20852.713221   -20852.724324  0.035892 -6.369895  0.143610
     spin moment: {S} , |S| = {        0.0        0.0    0.39765 }     0.39765
   scf:    7   -20852.710733   -20852.713459   -20852.724633  0.031625 -6.365330  0.236753
     spin moment: {S} , |S| = {        0.0        0.0    0.39672 }     0.39672
   scf:    8   -20852.717334   -20852.716144   -20852.727243  0.029369 -6.360192  0.053888
     spin moment: {S} , |S| = {        0.0        0.0    0.40253 }     0.40253
   scf:    9   -20852.717660   -20852.716910   -20852.727974  0.014944 -6.357658  0.062202
     spin moment: {S} , |S| = {        0.0        0.0    0.40743 }     0.40743
   scf:   10   -20852.717228   -20852.717187   -20852.728234  0.009011 -6.356097  0.086930
     spin moment: {S} , |S| = {        0.0        0.0    0.40807 }     0.40807
   scf:   11   -20852.718851   -20852.717978   -20852.728941  0.008818 -6.353788  0.044630
     spin moment: {S} , |S| = {        0.0        0.0    0.41295 }     0.41295
   scf:   12   -20852.718519   -20852.718228   -20852.729149  0.007291 -6.351908  0.011939
     spin moment: {S} , |S| = {        0.0        0.0    0.41575 }     0.41575
   scf:   13   -20852.718293   -20852.718259   -20852.729174  0.001272 -6.351588  0.009374
     spin moment: {S} , |S| = {        0.0        0.0    0.41619 }     0.41619
   scf:   14   -20852.718393   -20852.718318   -20852.729219  0.004045 -6.350860  0.006541
     spin moment: {S} , |S| = {        0.0        0.0    0.41764 }     0.41764
   scf:   15   -20852.718349   -20852.718332   -20852.729227  0.001904 -6.350577  0.002779
     spin moment: {S} , |S| = {        0.0        0.0    0.41834 }     0.41834
   scf:   16   -20852.718345   -20852.718339   -20852.729228  0.000873 -6.350550  0.002173
     spin moment: {S} , |S| = {        0.0        0.0    0.41870 }     0.41870
   scf:   17   -20852.718347   -20852.718343   -20852.729229  0.000528 -6.350532  0.001416
     spin moment: {S} , |S| = {        0.0        0.0    0.41895 }     0.41895
   scf:   18   -20852.718350   -20852.718346   -20852.729229  0.000448 -6.350495  0.001256
     spin moment: {S} , |S| = {        0.0        0.0    0.41917 }     0.41917

SCF Convergence by DM criterion
max |DM_out - DM_in|         :     0.0004477277
max |H_out - H_in|      (eV) :     0.0012561803
SCF cycle converged after 18 iterations

Using DM_out to compute the final energy and forces
No. of atoms with KB's overlaping orbs in proc 0. Max # of overlaps:     103    1260

siesta: E_KS(eV) =           -20852.7183

siesta: Atomic forces (eV/Ang):
     1   -0.168110   -0.000000    0.057847
     2    0.154325    0.000000   -0.308015
     3   -0.063825   -0.000000    0.001305
     4   -0.144591    0.000000    0.108377
     5    0.065141   -0.000000    0.117135
     6   -0.131783    0.000000   -0.061636
     7   -0.059900   -0.000000   -0.252762
     8    0.350695    0.000000    0.337689
----------------------------------------
   Tot    0.001951   -0.000000   -0.000058
----------------------------------------
   Max    0.350695
   Res    0.148696    sqrt( Sum f_i^2 / 3N )
----------------------------------------
   Max    0.350695    constrained

Stress tensor Voigt[x,y,z,yz,xz,xy] (kbar):       17.07      -32.40        1.67        0.00      -24.32       -0.00
(Free)E + p*V (eV/cell)   -20852.4151
Target enthalpy (eV/cell)   -20852.7292

siesta: Stress tensor (static) (eV/Ang**3):
         0.010652    0.000000   -0.015179
        -0.000000   -0.020220    0.000000
        -0.015180    0.000000    0.001045

siesta: Pressure (static):          4.55183546  kBar

siesta: Stress tensor (total) (eV/Ang**3):
         0.010652    0.000000   -0.015179
        -0.000000   -0.020220    0.000000
        -0.015180    0.000000    0.001045

siesta: Pressure (total):          4.55183546  kBar

                     ====================================
                        Begin CG opt. move =      6
                     ====================================
k-point displ. along   2 input, could be:     0.00    0.50
k-point displ. along   3 input, could be:     0.00    0.50
 Kpoints in:           24 . Kpoints trimmed:           23

siesta: k-grid: Number of k-points = 23
siesta: k-points from Monkhorst-Pack grid
siesta: k-cutoff (effective) =     7.709 Ang
siesta: k-point supercell and displacements
siesta: k-grid:     3     0     0      0.000
siesta: k-grid:     0     6     0      0.000
siesta: k-grid:     0     0     2      0.000

superc: Internal auxiliary supercell:     7 x    11 x     5  =     385
superc: Number of atoms, orbitals, and projectors:   3080  71225  55440

outcell: Unit cell vectors (Ang):
        5.403083   -0.000000    0.056689
       -0.000000    2.787252    0.000000
        0.080170    0.000000    7.708399

outcell: Cell vector modules (Ang)   :    5.403380    2.787252    7.708816
outcell: Cell angles (23,13,12) (deg):     90.0000     88.8030     90.0000
outcell: Cell volume (Ang**3)        :    116.0739
<dSpData1D:S at geom step 6
  <sparsity:sparsity for geom step 6
    nrows_g=185 nrows=6 sparsity=.9309 nnzs=31860, refcount: 7>
  <dData1D:(new from dSpData1D) n=31860, refcount: 1>
refcount: 1>
new_DM -- step:     7
Re-using DM from previous geometries...
Number of DMs in history: 1
 DM extrapolation coefficients: 
1   1.00000
New DM after history re-use:
<dSpData2D:SpM extrapolated using coords
  <sparsity:sparsity for geom step 6
    nrows_g=185 nrows=6 sparsity=.9309 nnzs=31860, refcount: 9>
  <dData2D:(temp array for extrapolation) n=31860 m=2, refcount: 1>
refcount: 1>
No. of atoms with KB's overlaping orbs in proc 0. Max # of overlaps:     100    1210

InitMesh: MESH = 60 x 30 x 90 = 162000
InitMesh: Mesh cutoff (required, used) =   300.000   320.178 Ry
New grid distribution [1]: sub = 2
New grid distribution [2]: sub = 2
New grid distribution [3]: sub = 2
Setting up quadratic distribution...

        iscf     Eharris(eV)        E_KS(eV)     FreeEng(eV)     dDmax    Ef(eV) dHmax(eV)
   scf:    1   -20856.142939   -20852.537858   -20852.550748  1.014639 -6.263755  1.981963
     spin moment: {S} , |S| = {        0.0        0.0    0.32535 }     0.32535
   scf:    2   -20768.096567   -20824.974950   -20824.985032  0.823219 -5.962460 33.058411
     spin moment: {S} , |S| = {        0.0        0.0    0.37737 }     0.37737
   scf:    3   -20854.132168   -20852.641716   -20852.654371  0.770613 -6.244295  0.372615
     spin moment: {S} , |S| = {        0.0        0.0    0.35697 }     0.35697
   scf:    4   -20852.645948   -20852.645645   -20852.658256  0.008093 -6.241087  0.301426
     spin moment: {S} , |S| = {        0.0        0.0    0.36047 }     0.36047
   scf:    5   -20852.650630   -20852.648593   -20852.661189  0.016513 -6.236076  0.162697
     spin moment: {S} , |S| = {        0.0        0.0    0.35640 }     0.35640
   scf:    6   -20852.646672   -20852.649356   -20852.661890  0.015528 -6.234837  0.278343
     spin moment: {S} , |S| = {        0.0        0.0    0.34978 }     0.34978
   scf:    7   -20852.648053   -20852.650737   -20852.663269  0.013021 -6.231124  0.162301
     spin moment: {S} , |S| = {        0.0        0.0    0.34766 }     0.34766
   scf:    8   -20852.653859   -20852.652882   -20852.665284  0.025393 -6.225832  0.062236
     spin moment: {S} , |S| = {        0.0        0.0    0.33977 }     0.33977
   scf:    9   -20852.655390   -20852.654059   -20852.666334  0.018667 -6.220119  0.060531
     spin moment: {S} , |S| = {        0.0        0.0    0.32982 }     0.32982
   scf:   10   -20852.654605   -20852.654337   -20852.666577  0.003458 -6.219143  0.055852
     spin moment: {S} , |S| = {        0.0        0.0    0.32474 }     0.32474
   scf:   11   -20852.656282   -20852.655158   -20852.667310  0.011107 -6.214293  0.012791
     spin moment: {S} , |S| = {        0.0        0.0    0.30690 }     0.30690
   scf:   12   -20852.655327   -20852.655235   -20852.667375  0.002229 -6.213392  0.011095
     spin moment: {S} , |S| = {        0.0        0.0    0.30315 }     0.30315
   scf:   13   -20852.655323   -20852.655275   -20852.667411  0.001860 -6.212885  0.007750
     spin moment: {S} , |S| = {        0.0        0.0    0.29975 }     0.29975
   scf:   14   -20852.655347   -20852.655303   -20852.667439  0.002753 -6.211975  0.002804
     spin moment: {S} , |S| = {        0.0        0.0    0.29466 }     0.29466
   scf:   15   -20852.655306   -20852.655305   -20852.667441  0.000405 -6.211881  0.002881
     spin moment: {S} , |S| = {        0.0        0.0    0.29384 }     0.29384

SCF Convergence by DM criterion
max |DM_out - DM_in|         :     0.0004046987
max |H_out - H_in|      (eV) :     0.0028813884
SCF cycle converged after 15 iterations

Using DM_out to compute the final energy and forces
No. of atoms with KB's overlaping orbs in proc 0. Max # of overlaps:     100    1210

siesta: E_KS(eV) =           -20852.6553

siesta: Atomic forces (eV/Ang):
     1   -0.091881   -0.000000   -0.084735
     2    0.148424   -0.000000   -0.365416
     3   -0.134057    0.000000    0.171337
     4   -0.156194    0.000000    0.157343
     5    0.059055    0.000000    0.162276
     6   -0.100751   -0.000000   -0.080862
     7   -0.092171    0.000000   -0.307628
     8    0.367817    0.000000    0.346240
----------------------------------------
   Tot    0.000241    0.000000   -0.001445
----------------------------------------
   Max    0.367817
   Res    0.167391    sqrt( Sum f_i^2 / 3N )
----------------------------------------
   Max    0.367817    constrained

Stress tensor Voigt[x,y,z,yz,xz,xy] (kbar):       57.55       13.27       43.11       -0.00      -19.52        0.00
(Free)E + p*V (eV/cell)   -20855.4188
Target enthalpy (eV/cell)   -20852.6674

siesta: Stress tensor (static) (eV/Ang**3):
         0.035920    0.000000   -0.012177
         0.000000    0.008282   -0.000000
        -0.012181   -0.000000    0.026908

siesta: Pressure (static):        -37.97679224  kBar

siesta: Stress tensor (total) (eV/Ang**3):
         0.035920    0.000000   -0.012177
         0.000000    0.008282   -0.000000
        -0.012181   -0.000000    0.026908

siesta: Pressure (total):        -37.97679224  kBar

                     ====================================
                        Begin CG opt. move =      7
                     ====================================
k-point displ. along   2 input, could be:     0.00    0.50
k-point displ. along   3 input, could be:     0.00    0.50
 Kpoints in:           24 . Kpoints trimmed:           23

siesta: k-grid: Number of k-points = 23
siesta: k-points from Monkhorst-Pack grid
siesta: k-cutoff (effective) =     7.612 Ang
siesta: k-point supercell and displacements
siesta: k-grid:     3     0     0      0.000
siesta: k-grid:     0     6     0      0.000
siesta: k-grid:     0     0     2      0.000

superc: Internal auxiliary supercell:     7 x    11 x     5  =     385
superc: Number of atoms, orbitals, and projectors:   3080  71225  55440

outcell: Unit cell vectors (Ang):
        5.341665   -0.000000    0.048498
       -0.000000    2.744158    0.000000
        0.068586    0.000000    7.611818

outcell: Cell vector modules (Ang)   :    5.341885    2.744158    7.612127
outcell: Cell angles (23,13,12) (deg):     90.0000     88.9636     90.0000
outcell: Cell volume (Ang**3)        :    111.5677
<dSpData1D:S at geom step 7
  <sparsity:sparsity for geom step 7
    nrows_g=185 nrows=6 sparsity=.9606 nnzs=32878, refcount: 7>
  <dData1D:(new from dSpData1D) n=32878, refcount: 1>
refcount: 1>
new_DM -- step:     8
Re-using DM from previous geometries...
Number of DMs in history: 1
 DM extrapolation coefficients: 
1   1.00000
New DM after history re-use:
<dSpData2D:SpM extrapolated using coords
  <sparsity:sparsity for geom step 7
    nrows_g=185 nrows=6 sparsity=.9606 nnzs=32878, refcount: 9>
  <dData2D:(temp array for extrapolation) n=32878 m=2, refcount: 1>
refcount: 1>
No. of atoms with KB's overlaping orbs in proc 0. Max # of overlaps:     103    1260

InitMesh: MESH = 60 x 30 x 80 = 144000
InitMesh: Mesh cutoff (required, used) =   300.000   305.360 Ry
New grid distribution [1]: sub = 2
New grid distribution [2]: sub = 2
New grid distribution [3]: sub = 2
Setting up quadratic distribution...

        iscf     Eharris(eV)        E_KS(eV)     FreeEng(eV)     dDmax    Ef(eV) dHmax(eV)
   scf:    1   -20850.237548   -20852.414230   -20852.426109  0.752662 -6.397772  3.243299
     spin moment: {S} , |S| = {        0.0        0.0    0.29268 }     0.29268
   scf:    2   -20528.446656   -20745.711856   -20745.735615  3.056656 -5.233220 74.228921
     spin moment: {S} , |S| = {        0.0        0.0    0.46019 }     0.46019
   scf:    3   -20851.399452   -20852.621635   -20852.633543  2.959424 -6.335810  2.211030
     spin moment: {S} , |S| = {        0.0        0.0    0.31917 }     0.31917
   scf:    4   -20852.734226   -20852.688944   -20852.701179  0.037257 -6.317218  1.105615
     spin moment: {S} , |S| = {        0.0        0.0    0.32866 }     0.32866
   scf:    5   -20852.723018   -20852.709403   -20852.721649  0.016118 -6.312094  0.516712
     spin moment: {S} , |S| = {        0.0        0.0    0.33927 }     0.33927
   scf:    6   -20852.709407   -20852.715467   -20852.727766  0.023518 -6.308872  0.265122
     spin moment: {S} , |S| = {        0.0        0.0    0.35096 }     0.35096
   scf:    7   -20852.715626   -20852.717083   -20852.729312  0.020660 -6.314556  0.159940
     spin moment: {S} , |S| = {        0.0        0.0    0.35341 }     0.35341
   scf:    8   -20852.718510   -20852.717883   -20852.730073  0.004779 -6.314594  0.074507
     spin moment: {S} , |S| = {        0.0        0.0    0.35842 }     0.35842
   scf:    9   -20852.716096   -20852.717764   -20852.729852  0.010841 -6.318194  0.206512
     spin moment: {S} , |S| = {        0.0        0.0    0.36907 }     0.36907
   scf:   10   -20852.720279   -20852.719328   -20852.731268  0.008353 -6.320533  0.040750
     spin moment: {S} , |S| = {        0.0        0.0    0.37608 }     0.37608
   scf:   11   -20852.719644   -20852.719524   -20852.731404  0.003340 -6.322276  0.038333
     spin moment: {S} , |S| = {        0.0        0.0    0.37882 }     0.37882
   scf:   12   -20852.720733   -20852.720040   -20852.731696  0.010086 -6.324759  0.006757
     spin moment: {S} , |S| = {        0.0        0.0    0.39078 }     0.39078
   scf:   13   -20852.720113   -20852.720076   -20852.731707  0.000961 -6.324932  0.004024
     spin moment: {S} , |S| = {        0.0        0.0    0.39201 }     0.39201
   scf:   14   -20852.720153   -20852.720114   -20852.731716  0.000974 -6.325135  0.003446
     spin moment: {S} , |S| = {        0.0        0.0    0.39338 }     0.39338
   scf:   15   -20852.720174   -20852.720143   -20852.731720  0.000784 -6.325328  0.002681
     spin moment: {S} , |S| = {        0.0        0.0    0.39457 }     0.39457
   scf:   16   -20852.720169   -20852.720156   -20852.731722  0.000375 -6.325396  0.002133
     spin moment: {S} , |S| = {        0.0        0.0    0.39512 }     0.39512

SCF Convergence by DM criterion
max |DM_out - DM_in|         :     0.0003754281
max |H_out - H_in|      (eV) :     0.0021332990
SCF cycle converged after 16 iterations

Using DM_out to compute the final energy and forces
No. of atoms with KB's overlaping orbs in proc 0. Max # of overlaps:     103    1260

siesta: E_KS(eV) =           -20852.7202

siesta: Atomic forces (eV/Ang):
     1   -0.147837   -0.000000    0.015419
     2    0.155888   -0.000000   -0.330719
     3   -0.078449    0.000000    0.027401
     4   -0.150266    0.000000    0.127839
     5    0.073170   -0.000000    0.133153
     6   -0.141773   -0.000000   -0.055249
     7   -0.065673    0.000000   -0.261202
     8    0.357415   -0.000000    0.343506
----------------------------------------
   Tot    0.002476    0.000000    0.000149
----------------------------------------
   Max    0.357415
   Res    0.153584    sqrt( Sum f_i^2 / 3N )
----------------------------------------
   Max    0.357415    constrained

Stress tensor Voigt[x,y,z,yz,xz,xy] (kbar):       25.78      -21.48       10.08       -0.00      -23.51        0.00
(Free)E + p*V (eV/cell)   -20853.0654
Target enthalpy (eV/cell)   -20852.7317

siesta: Stress tensor (static) (eV/Ang**3):
         0.016092    0.000000   -0.014672
         0.000000   -0.013408   -0.000000
        -0.014673   -0.000000    0.006288

siesta: Pressure (static):         -4.79212885  kBar

siesta: Stress tensor (total) (eV/Ang**3):
         0.016092    0.000000   -0.014672
         0.000000   -0.013408   -0.000000
        -0.014673   -0.000000    0.006288

siesta: Pressure (total):         -4.79212885  kBar

cgvc: Finished line minimization    1.  Mean atomic displacement =    0.1819

                     ====================================
                        Begin CG opt. move =      8
                     ====================================
k-point displ. along   2 input, could be:     0.00    0.50
k-point displ. along   3 input, could be:     0.00    0.50
 Kpoints in:           24 . Kpoints trimmed:           23

siesta: k-grid: Number of k-points = 23
siesta: k-points from Monkhorst-Pack grid
siesta: k-cutoff (effective) =     7.589 Ang
siesta: k-point supercell and displacements
siesta: k-grid:     3     0     0      0.000
siesta: k-grid:     0     6     0      0.000
siesta: k-grid:     0     0     2      0.000

superc: Internal auxiliary supercell:     7 x    11 x     5  =     385
superc: Number of atoms, orbitals, and projectors:   3080  71225  55440

outcell: Unit cell vectors (Ang):
        5.262919   -0.000000    0.138879
       -0.000000    2.796843    0.000000
        0.196404    0.000000    7.586434

outcell: Cell vector modules (Ang)   :    5.264751    2.796843    7.588976
outcell: Cell angles (23,13,12) (deg):     90.0000     87.0054     90.0000
outcell: Cell volume (Ang**3)        :    111.5927
<dSpData1D:S at geom step 8
  <sparsity:sparsity for geom step 8
    nrows_g=185 nrows=6 sparsity=.9628 nnzs=32951, refcount: 7>
  <dData1D:(new from dSpData1D) n=32951, refcount: 1>
refcount: 1>
new_DM -- step:     9
Re-using DM from previous geometries...
Number of DMs in history: 1
 DM extrapolation coefficients: 
1   1.00000
New DM after history re-use:
<dSpData2D:SpM extrapolated using coords
  <sparsity:sparsity for geom step 8
    nrows_g=185 nrows=6 sparsity=.9628 nnzs=32951, refcount: 9>
  <dData2D:(temp array for extrapolation) n=32951 m=2, refcount: 1>
refcount: 1>
No. of atoms with KB's overlaping orbs in proc 0. Max # of overlaps:     102    1237

InitMesh: MESH = 60 x 30 x 80 = 144000
InitMesh: Mesh cutoff (required, used) =   300.000   307.966 Ry
New grid distribution [1]: sub = 2
New grid distribution [2]: sub = 2
New grid distribution [3]: sub = 2
Setting up quadratic distribution...

        iscf     Eharris(eV)        E_KS(eV)     FreeEng(eV)     dDmax    Ef(eV) dHmax(eV)
   scf:    1   -20850.118873   -20851.888587   -20851.899850  0.861454 -6.476228  4.288828
     spin moment: {S} , |S| = {        0.0        0.0    0.12207 }     0.12207
   scf:    2   -19544.785065   -20421.626731   -20421.648026  7.075749 -4.927953116.308994
     spin moment: {S} , |S| = {        0.0        0.0    1.81089 }     1.81089
   scf:    3   -20853.638003   -20852.512016   -20852.521577  6.908237 -6.392705  3.211390
     spin moment: {S} , |S| = {        0.0        0.0    0.18875 }     0.18875
   scf:    4   -20852.733789   -20852.635346   -20852.644943  0.024466 -6.385119  2.154074
     spin moment: {S} , |S| = {        0.0        0.0    0.18101 }     0.18101
   scf:    5   -20852.776130   -20852.755213   -20852.764670  0.068429 -6.355088  0.147445
     spin moment: {S} , |S| = {        0.0        0.0    0.17473 }     0.17473
   scf:    6   -20852.766404   -20852.762087   -20852.771547  0.035137 -6.357146  0.218453
     spin moment: {S} , |S| = {        0.0        0.0    0.16442 }     0.16442
   scf:    7   -20852.762029   -20852.764532   -20852.773946  0.039926 -6.361942  0.271033
     spin moment: {S} , |S| = {        0.0        0.0    0.14728 }     0.14728
   scf:    8   -20852.766849   -20852.766205   -20852.775573  0.007682 -6.359481  0.087615
     spin moment: {S} , |S| = {        0.0        0.0    0.14583 }     0.14583
   scf:    9   -20852.765850   -20852.766568   -20852.775869  0.015575 -6.359601  0.183902
     spin moment: {S} , |S| = {        0.0        0.0    0.12640 }     0.12640
   scf:   10   -20852.763685   -20852.766569   -20852.775799  0.011045 -6.361379  0.226547
     spin moment: {S} , |S| = {        0.0        0.0    0.11890 }     0.11890
   scf:   11   -20852.766903   -20852.767440   -20852.776674  0.006367 -6.359809  0.064972
     spin moment: {S} , |S| = {        0.0        0.0    0.11757 }     0.11757
   scf:   12   -20852.768096   -20852.767783   -20852.776967  0.007645 -6.360345  0.012285
     spin moment: {S} , |S| = {        0.0        0.0    0.10436 }     0.10436
   scf:   13   -20852.767892   -20852.767836   -20852.777010  0.001964 -6.360375  0.010948
     spin moment: {S} , |S| = {        0.0        0.0    0.10072 }     0.10072
   scf:   14   -20852.768028   -20852.767924   -20852.777084  0.004658 -6.360371  0.007442
     spin moment: {S} , |S| = {        0.0        0.0    0.09231 }     0.09231
   scf:   15   -20852.767967   -20852.767944   -20852.777103  0.002134 -6.360355  0.005864
     spin moment: {S} , |S| = {        0.0        0.0    0.08880 }     0.08880
   scf:   16   -20852.767956   -20852.767950   -20852.777110  0.001024 -6.360380  0.004481
     spin moment: {S} , |S| = {        0.0        0.0    0.08714 }     0.08714
   scf:   17   -20852.767957   -20852.767953   -20852.777117  0.001264 -6.360455  0.003080
     spin moment: {S} , |S| = {        0.0        0.0    0.08495 }     0.08495
   scf:   18   -20852.767952   -20852.767952   -20852.777120  0.000881 -6.360495  0.002188
     spin moment: {S} , |S| = {        0.0        0.0    0.08340 }     0.08340
   scf:   19   -20852.767949   -20852.767951   -20852.777120  0.000230 -6.360493  0.001818
     spin moment: {S} , |S| = {        0.0        0.0    0.08303 }     0.08303

SCF Convergence by DM criterion
max |DM_out - DM_in|         :     0.0002301910
max |H_out - H_in|      (eV) :     0.0018175822
SCF cycle converged after 19 iterations

Using DM_out to compute the final energy and forces
No. of atoms with KB's overlaping orbs in proc 0. Max # of overlaps:     102    1237

siesta: E_KS(eV) =           -20852.7680

siesta: Atomic forces (eV/Ang):
     1    0.248365   -0.000000   -0.174531
     2   -0.221219   -0.000000    0.236294
     3    0.503345    0.000000   -0.191017
     4    0.441586   -0.000000    0.240775
     5   -0.498256   -0.000000   -0.093282
     6   -0.040098   -0.000000   -0.282683
     7   -0.014828   -0.000000    0.660623
     8   -0.418414    0.000000   -0.393634
----------------------------------------
   Tot    0.000481   -0.000000    0.002546
----------------------------------------
   Max    0.660623
   Res    0.277254    sqrt( Sum f_i^2 / 3N )
----------------------------------------
   Max    0.660623    constrained

Stress tensor Voigt[x,y,z,yz,xz,xy] (kbar):        4.80       -7.28      -10.34       -0.00        0.85       -0.00
(Free)E + p*V (eV/cell)   -20852.4795
Target enthalpy (eV/cell)   -20852.7771

siesta: Stress tensor (static) (eV/Ang**3):
         0.002999    0.000000    0.000531
        -0.000000   -0.004546   -0.000000
         0.000530   -0.000000   -0.006453

siesta: Pressure (static):          4.27248576  kBar

siesta: Stress tensor (total) (eV/Ang**3):
         0.002999    0.000000    0.000531
        -0.000000   -0.004546   -0.000000
         0.000530   -0.000000   -0.006453

siesta: Pressure (total):          4.27248576  kBar

                     ====================================
                        Begin CG opt. move =      9
                     ====================================
k-point displ. along   2 input, could be:     0.00    0.50
k-point displ. along   3 input, could be:     0.00    0.50
 Kpoints in:           24 . Kpoints trimmed:           23

siesta: k-grid: Number of k-points = 23
siesta: k-points from Monkhorst-Pack grid
siesta: k-cutoff (effective) =     7.599 Ang
siesta: k-point supercell and displacements
siesta: k-grid:     3     0     0      0.000
siesta: k-grid:     0     6     0      0.000
siesta: k-grid:     0     0     2      0.000

superc: Internal auxiliary supercell:     7 x    11 x     5  =     385
superc: Number of atoms, orbitals, and projectors:   3080  71225  55440

outcell: Unit cell vectors (Ang):
        5.297209   -0.000000    0.099521
       -0.000000    2.773901    0.000000
        0.140744    0.000000    7.597488

outcell: Cell vector modules (Ang)   :    5.298144    2.773901    7.598791
outcell: Cell angles (23,13,12) (deg):     90.0000     87.8624     90.0000
outcell: Cell volume (Ang**3)        :    111.5981
<dSpData1D:S at geom step 9
  <sparsity:sparsity for geom step 9
    nrows_g=185 nrows=6 sparsity=.9598 nnzs=32850, refcount: 7>
  <dData1D:(new from dSpData1D) n=32850, refcount: 1>
refcount: 1>
new_DM -- step:    10
Re-using DM from previous geometries...
Number of DMs in history: 1
 DM extrapolation coefficients: 
1   1.00000
New DM after history re-use:
<dSpData2D:SpM extrapolated using coords
  <sparsity:sparsity for geom step 9
    nrows_g=185 nrows=6 sparsity=.9598 nnzs=32850, refcount: 9>
  <dData2D:(temp array for extrapolation) n=32850 m=2, refcount: 1>
refcount: 1>
No. of atoms with KB's overlaping orbs in proc 0. Max # of overlaps:     101    1246

InitMesh: MESH = 60 x 30 x 80 = 144000
InitMesh: Mesh cutoff (required, used) =   300.000   306.759 Ry
New grid distribution [1]: sub = 2
New grid distribution [2]: sub = 2
New grid distribution [3]: sub = 2
Setting up quadratic distribution...

        iscf     Eharris(eV)        E_KS(eV)     FreeEng(eV)     dDmax    Ef(eV) dHmax(eV)
   scf:    1   -20853.230557   -20852.768975   -20852.777666  0.480016 -6.360442  0.667390
     spin moment: {S} , |S| = {        0.0        0.0    0.09725 }     0.09725
   scf:    2   -20841.822022   -20849.232113   -20849.244644  0.588884 -6.148913  8.775712
     spin moment: {S} , |S| = {        0.0        0.0    0.15931 }     0.15931
   scf:    3   -20852.941809   -20852.803825   -20852.812547  0.545938 -6.340922  0.182181
     spin moment: {S} , |S| = {        0.0        0.0    0.10232 }     0.10232
   scf:    4   -20852.810823   -20852.808103   -20852.816804  0.013234 -6.337553  0.092841
     spin moment: {S} , |S| = {        0.0        0.0    0.10232 }     0.10232
   scf:    5   -20852.811918   -20852.810355   -20852.818955  0.013194 -6.338661  0.054864
     spin moment: {S} , |S| = {        0.0        0.0    0.10315 }     0.10315
   scf:    6   -20852.811208   -20852.810845   -20852.819408  0.005122 -6.339617  0.037859
     spin moment: {S} , |S| = {        0.0        0.0    0.10264 }     0.10264
   scf:    7   -20852.811378   -20852.811149   -20852.819689  0.009952 -6.338262  0.024274
     spin moment: {S} , |S| = {        0.0        0.0    0.10394 }     0.10394
   scf:    8   -20852.811349   -20852.811254   -20852.819786  0.006064 -6.337599  0.008043
     spin moment: {S} , |S| = {        0.0        0.0    0.10568 }     0.10568
   scf:    9   -20852.811299   -20852.811277   -20852.819805  0.001818 -6.337585  0.004991
     spin moment: {S} , |S| = {        0.0        0.0    0.10635 }     0.10635
   scf:   10   -20852.811309   -20852.811293   -20852.819823  0.001934 -6.337483  0.003946
     spin moment: {S} , |S| = {        0.0        0.0    0.10756 }     0.10756
   scf:   11   -20852.811299   -20852.811296   -20852.819828  0.000668 -6.337471  0.003384
     spin moment: {S} , |S| = {        0.0        0.0    0.10808 }     0.10808
   scf:   12   -20852.811297   -20852.811296   -20852.819832  0.000610 -6.337484  0.002480
     spin moment: {S} , |S| = {        0.0        0.0    0.10870 }     0.10870
   scf:   13   -20852.811294   -20852.811295   -20852.819836  0.000595 -6.337502  0.001831
     spin moment: {S} , |S| = {        0.0        0.0    0.10932 }     0.10932
   scf:   14   -20852.811291   -20852.811293   -20852.819837  0.000328 -6.337511  0.001494
     spin moment: {S} , |S| = {        0.0        0.0    0.10974 }     0.10974

SCF Convergence by DM criterion
max |DM_out - DM_in|         :     0.0003284293
max |H_out - H_in|      (eV) :     0.0014943938
SCF cycle converged after 14 iterations

Using DM_out to compute the final energy and forces
No. of atoms with KB's overlaping orbs in proc 0. Max # of overlaps:     101    1246

siesta: E_KS(eV) =           -20852.8113

siesta: Atomic forces (eV/Ang):
     1    0.049285    0.000000   -0.060980
     2   -0.015194   -0.000000   -0.008672
     3    0.235284   -0.000000   -0.095878
     4    0.147434    0.000000    0.183488
     5   -0.251168   -0.000000    0.014279
     6   -0.086418    0.000000   -0.198888
     7   -0.016105   -0.000000    0.280102
     8   -0.059896    0.000000   -0.113342
----------------------------------------
   Tot    0.003222   -0.000000    0.000108
----------------------------------------
   Max    0.280102
   Res    0.117593    sqrt( Sum f_i^2 / 3N )
----------------------------------------
   Max    0.280102    constrained

Stress tensor Voigt[x,y,z,yz,xz,xy] (kbar):       19.42      -10.26        0.31       -0.00      -10.10       -0.00
(Free)E + p*V (eV/cell)   -20853.0395
Target enthalpy (eV/cell)   -20852.8198

siesta: Stress tensor (static) (eV/Ang**3):
         0.012119   -0.000000   -0.006304
        -0.000000   -0.006405    0.000000
        -0.006305   -0.000000    0.000192

siesta: Pressure (static):         -3.15398314  kBar

siesta: Stress tensor (total) (eV/Ang**3):
         0.012119   -0.000000   -0.006304
        -0.000000   -0.006405    0.000000
        -0.006305   -0.000000    0.000192

siesta: Pressure (total):         -3.15398314  kBar

cgvc: Finished line minimization    2.  Mean atomic displacement =    0.1027

                     ====================================
                        Begin CG opt. move =     10
                     ====================================
k-point displ. along   2 input, could be:     0.00    0.50
k-point displ. along   3 input, could be:     0.00    0.50
 Kpoints in:           24 . Kpoints trimmed:           23

siesta: k-grid: Number of k-points = 23
siesta: k-points from Monkhorst-Pack grid
siesta: k-cutoff (effective) =     7.591 Ang
siesta: k-point supercell and displacements
siesta: k-grid:     3     0     0      0.000
siesta: k-grid:     0     6     0      0.000
siesta: k-grid:     0     0     2      0.000

superc: Internal auxiliary supercell:     7 x    11 x     5  =     385
superc: Number of atoms, orbitals, and projectors:   3080  71225  55440

outcell: Unit cell vectors (Ang):
        5.224166    0.000000    0.153315
        0.000000    2.803392   -0.000000
        0.216820   -0.000000    7.588302

outcell: Cell vector modules (Ang)   :    5.226416    2.803392    7.591399
outcell: Cell angles (23,13,12) (deg):     90.0000     86.6823     90.0000
outcell: Cell volume (Ang**3)        :    111.0404
<dSpData1D:S at geom step 10
  <sparsity:sparsity for geom step 10
    nrows_g=185 nrows=6 sparsity=.9634 nnzs=32974, refcount: 7>
  <dData1D:(new from dSpData1D) n=32974, refcount: 1>
refcount: 1>
new_DM -- step:    11
Re-using DM from previous geometries...
Number of DMs in history: 1
 DM extrapolation coefficients: 
1   1.00000
New DM after history re-use:
<dSpData2D:SpM extrapolated using coords
  <sparsity:sparsity for geom step 10
    nrows_g=185 nrows=6 sparsity=.9634 nnzs=32974, refcount: 9>
  <dData2D:(temp array for extrapolation) n=32974 m=2, refcount: 1>
refcount: 1>
No. of atoms with KB's overlaping orbs in proc 0. Max # of overlaps:     102    1244

InitMesh: MESH = 60 x 30 x 80 = 144000
InitMesh: Mesh cutoff (required, used) =   300.000   307.961 Ry
New grid distribution [1]: sub = 2
New grid distribution [2]: sub = 2
New grid distribution [3]: sub = 2
Setting up quadratic distribution...

        iscf     Eharris(eV)        E_KS(eV)     FreeEng(eV)     dDmax    Ef(eV) dHmax(eV)
   scf:    1   -20851.939204   -20852.767392   -20852.778957  0.753008 -6.415763  0.847260
     spin moment: {S} , |S| = {        0.0        0.0    0.05364 }     0.05364
   scf:    2   -20845.856798   -20850.563977   -20850.576476  0.417156 -6.188356  8.457353
     spin moment: {S} , |S| = {        0.0        0.0   -0.08840 }    -0.08840
   scf:    3   -20852.847994   -20852.809011   -20852.820443  0.373070 -6.394074  0.350341
     spin moment: {S} , |S| = {        0.0        0.0    0.04471 }     0.04471
   scf:    4   -20852.818202   -20852.816154   -20852.827619  0.021197 -6.385193  0.093986
     spin moment: {S} , |S| = {        0.0        0.0    0.03393 }     0.03393
   scf:    5   -20852.817207   -20852.816746   -20852.828227  0.008259 -6.387207  0.059166
     spin moment: {S} , |S| = {        0.0        0.0    0.03227 }     0.03227
   scf:    6   -20852.817897   -20852.817371   -20852.828884  0.011177 -6.388713  0.043083
     spin moment: {S} , |S| = {        0.0        0.0    0.02591 }     0.02591
   scf:    7   -20852.818556   -20852.818022   -20852.829563  0.019007 -6.389961  0.025323
     spin moment: {S} , |S| = {        0.0        0.0    0.01362 }     0.01362
   scf:    8   -20852.818588   -20852.818303   -20852.829829  0.009836 -6.390411  0.030845
     spin moment: {S} , |S| = {        0.0        0.0   -0.00017 }    -0.00017
   scf:    9   -20852.818474   -20852.818389   -20852.829904  0.002859 -6.390748  0.019425
     spin moment: {S} , |S| = {        0.0        0.0   -0.00518 }    -0.00518
   scf:   10   -20852.818806   -20852.818584   -20852.830057  0.006506 -6.390711  0.013697
     spin moment: {S} , |S| = {        0.0        0.0   -0.01963 }    -0.01963
   scf:   11   -20852.818777   -20852.818675   -20852.830124  0.003707 -6.390587  0.013250
     spin moment: {S} , |S| = {        0.0        0.0   -0.02830 }    -0.02830
   scf:   12   -20852.818781   -20852.818726   -20852.830158  0.002226 -6.390531  0.011316
     spin moment: {S} , |S| = {        0.0        0.0   -0.03352 }    -0.03352
   scf:   13   -20852.818864   -20852.818791   -20852.830198  0.002933 -6.390385  0.009637
     spin moment: {S} , |S| = {        0.0        0.0   -0.04076 }    -0.04076
   scf:   14   -20852.818994   -20852.818882   -20852.830244  0.004873 -6.390034  0.005559
     spin moment: {S} , |S| = {        0.0        0.0   -0.05316 }    -0.05316
   scf:   15   -20852.818948   -20852.818913   -20852.830257  0.002139 -6.389871  0.004528
     spin moment: {S} , |S| = {        0.0        0.0   -0.05838 }    -0.05838
   scf:   16   -20852.818958   -20852.818934   -20852.830265  0.001761 -6.389772  0.003725
     spin moment: {S} , |S| = {        0.0        0.0   -0.06245 }    -0.06245
   scf:   17   -20852.818960   -20852.818947   -20852.830269  0.001254 -6.389722  0.002742
     spin moment: {S} , |S| = {        0.0        0.0   -0.06521 }    -0.06521
   scf:   18   -20852.818956   -20852.818951   -20852.830271  0.000594 -6.389697  0.002050
     spin moment: {S} , |S| = {        0.0        0.0   -0.06642 }    -0.06642
   scf:   19   -20852.818959   -20852.818955   -20852.830273  0.000707 -6.389661  0.001595
     spin moment: {S} , |S| = {        0.0        0.0   -0.06784 }    -0.06784
   scf:   20   -20852.818962   -20852.818959   -20852.830274  0.000815 -6.389616  0.001078
     spin moment: {S} , |S| = {        0.0        0.0   -0.06944 }    -0.06944
   scf:   21   -20852.818960   -20852.818959   -20852.830275  0.000503 -6.389589  0.000760
     spin moment: {S} , |S| = {        0.0        0.0   -0.07039 }    -0.07039
   scf:   22   -20852.818960   -20852.818960   -20852.830275  0.000325 -6.389573  0.000560
     spin moment: {S} , |S| = {        0.0        0.0   -0.07101 }    -0.07101

SCF Convergence by DM criterion
max |DM_out - DM_in|         :     0.0003246338
max |H_out - H_in|      (eV) :     0.0005595664
SCF cycle converged after 22 iterations

Using DM_out to compute the final energy and forces
No. of atoms with KB's overlaping orbs in proc 0. Max # of overlaps:     102    1244

siesta: E_KS(eV) =           -20852.8190

siesta: Atomic forces (eV/Ang):
     1   -0.202653   -0.000000    0.145638
     2   -0.091153   -0.000000    0.177865
     3   -0.208907   -0.000000    0.179539
     4   -0.238544   -0.000000   -0.274181
     5    0.295884   -0.000000   -0.104415
     6    0.106874   -0.000000    0.059023
     7    0.386440    0.000000   -0.216298
     8   -0.044438   -0.000000    0.034695
----------------------------------------
   Tot    0.003504   -0.000001    0.001867
----------------------------------------
   Max    0.386440
   Res    0.161094    sqrt( Sum f_i^2 / 3N )
----------------------------------------
   Max    0.386440    constrained

Stress tensor Voigt[x,y,z,yz,xz,xy] (kbar):       -4.65       -6.24      -10.61       -0.00        3.81        0.00
(Free)E + p*V (eV/cell)   -20852.3335
Target enthalpy (eV/cell)   -20852.8303

siesta: Stress tensor (static) (eV/Ang**3):
        -0.002902    0.000000    0.002378
         0.000000   -0.003898   -0.000000
         0.002377   -0.000000   -0.006622

siesta: Pressure (static):          7.16769237  kBar

siesta: Stress tensor (total) (eV/Ang**3):
        -0.002902    0.000000    0.002378
         0.000000   -0.003898   -0.000000
         0.002377   -0.000000   -0.006622

siesta: Pressure (total):          7.16769237  kBar

                     ====================================
                        Begin CG opt. move =     11
                     ====================================
k-point displ. along   2 input, could be:     0.00    0.50
k-point displ. along   3 input, could be:     0.00    0.50
 Kpoints in:           24 . Kpoints trimmed:           23

siesta: k-grid: Number of k-points = 23
siesta: k-points from Monkhorst-Pack grid
siesta: k-cutoff (effective) =     7.595 Ang
siesta: k-point supercell and displacements
siesta: k-grid:     3     0     0      0.000
siesta: k-grid:     0     6     0      0.000
siesta: k-grid:     0     0     2      0.000

superc: Internal auxiliary supercell:     7 x    11 x     5  =     385
superc: Number of atoms, orbitals, and projectors:   3080  71225  55440

outcell: Unit cell vectors (Ang):
        5.256518    0.000000    0.129489
        0.000000    2.790330    0.000000
        0.183125    0.000000    7.592370

outcell: Cell vector modules (Ang)   :    5.258113    2.790330    7.594579
outcell: Cell angles (23,13,12) (deg):     90.0000     87.2072     90.0000
outcell: Cell volume (Ang**3)        :    111.2943
<dSpData1D:S at geom step 11
  <sparsity:sparsity for geom step 11
    nrows_g=185 nrows=6 sparsity=.9604 nnzs=32871, refcount: 7>
  <dData1D:(new from dSpData1D) n=32871, refcount: 1>
refcount: 1>
new_DM -- step:    12
Re-using DM from previous geometries...
Number of DMs in history: 1
 DM extrapolation coefficients: 
1   1.00000
New DM after history re-use:
<dSpData2D:SpM extrapolated using coords
  <sparsity:sparsity for geom step 11
    nrows_g=185 nrows=6 sparsity=.9604 nnzs=32871, refcount: 9>
  <dData2D:(temp array for extrapolation) n=32871 m=2, refcount: 1>
refcount: 1>
No. of atoms with KB's overlaping orbs in proc 0. Max # of overlaps:     101    1244

InitMesh: MESH = 60 x 30 x 80 = 144000
InitMesh: Mesh cutoff (required, used) =   300.000   307.402 Ry
New grid distribution [1]: sub = 2
New grid distribution [2]: sub = 2
New grid distribution [3]: sub = 2
Setting up quadratic distribution...

        iscf     Eharris(eV)        E_KS(eV)     FreeEng(eV)     dDmax    Ef(eV) dHmax(eV)
   scf:    1   -20853.340659   -20852.821025   -20852.831794  0.236267 -6.383603  0.752869
     spin moment: {S} , |S| = {        0.0        0.0   -0.03938 }    -0.03938
   scf:    2   -20840.117216   -20848.659270   -20848.669015  0.511748 -6.293833 13.910624
     spin moment: {S} , |S| = {        0.0        0.0    0.07073 }     0.07073
   scf:    3   -20852.934756   -20852.833980   -20852.844593  0.487826 -6.378497  0.207628
     spin moment: {S} , |S| = {        0.0        0.0   -0.03098 }    -0.03098
   scf:    4   -20852.836281   -20852.835771   -20852.846297  0.019488 -6.375934  0.061399
     spin moment: {S} , |S| = {        0.0        0.0   -0.02634 }    -0.02634
   scf:    5   -20852.836192   -20852.836000   -20852.846497  0.004897 -6.375789  0.045584
     spin moment: {S} , |S| = {        0.0        0.0   -0.02325 }    -0.02325
   scf:    6   -20852.836558   -20852.836344   -20852.846780  0.009904 -6.376330  0.054254
     spin moment: {S} , |S| = {        0.0        0.0   -0.01650 }    -0.01650
   scf:    7   -20852.835888   -20852.836346   -20852.846714  0.011756 -6.374335  0.116666
     spin moment: {S} , |S| = {        0.0        0.0   -0.00927 }    -0.00927
   scf:    8   -20852.836658   -20852.836633   -20852.846994  0.003203 -6.374922  0.016470
     spin moment: {S} , |S| = {        0.0        0.0   -0.00705 }    -0.00705
   scf:    9   -20852.836717   -20852.836698   -20852.847010  0.005272 -6.374827  0.058622
     spin moment: {S} , |S| = {        0.0        0.0    0.00200 }     0.00200
   scf:   10   -20852.836870   -20852.836816   -20852.847103  0.002678 -6.374370  0.011258
     spin moment: {S} , |S| = {        0.0        0.0    0.00540 }     0.00540
   scf:   11   -20852.836985   -20852.836897   -20852.847144  0.003455 -6.374332  0.007913
     spin moment: {S} , |S| = {        0.0        0.0    0.01248 }     0.01248
   scf:   12   -20852.837111   -20852.836996   -20852.847183  0.005054 -6.374239  0.003844
     spin moment: {S} , |S| = {        0.0        0.0    0.02288 }     0.02288
   scf:   13   -20852.837049   -20852.837022   -20852.847191  0.001651 -6.374234  0.003999
     spin moment: {S} , |S| = {        0.0        0.0    0.02623 }     0.02623
   scf:   14   -20852.837081   -20852.837050   -20852.847199  0.002103 -6.374231  0.002916
     spin moment: {S} , |S| = {        0.0        0.0    0.03053 }     0.03053
   scf:   15   -20852.837075   -20852.837062   -20852.847202  0.001189 -6.374245  0.002139
     spin moment: {S} , |S| = {        0.0        0.0    0.03294 }     0.03294
   scf:   16   -20852.837070   -20852.837066   -20852.847203  0.000604 -6.374255  0.001556
     spin moment: {S} , |S| = {        0.0        0.0    0.03411 }     0.03411
   scf:   17   -20852.837068   -20852.837067   -20852.847204  0.000408 -6.374268  0.001261
     spin moment: {S} , |S| = {        0.0        0.0    0.03485 }     0.03485

SCF Convergence by DM criterion
max |DM_out - DM_in|         :     0.0004078253
max |H_out - H_in|      (eV) :     0.0012605893
SCF cycle converged after 17 iterations

Using DM_out to compute the final energy and forces
No. of atoms with KB's overlaping orbs in proc 0. Max # of overlaps:     101    1244

siesta: E_KS(eV) =           -20852.8371

siesta: Atomic forces (eV/Ang):
     1   -0.076830    0.000000    0.038853
     2   -0.060843    0.000000    0.105965
     3   -0.013573    0.000000    0.045646
     4   -0.047130   -0.000000   -0.041716
     5    0.051740    0.000000   -0.062740
     6   -0.006257    0.000000   -0.061058
     7    0.208150   -0.000000    0.007537
     8   -0.050006    0.000001   -0.031060
----------------------------------------
   Tot    0.005250    0.000002    0.001426
----------------------------------------
   Max    0.208150
   Res    0.059792    sqrt( Sum f_i^2 / 3N )
----------------------------------------
   Max    0.208150    constrained

Stress tensor Voigt[x,y,z,yz,xz,xy] (kbar):        5.42       -6.67       -4.59        0.00       -1.61        0.00
(Free)E + p*V (eV/cell)   -20852.7120
Target enthalpy (eV/cell)   -20852.8472

siesta: Stress tensor (static) (eV/Ang**3):
         0.003382    0.000000   -0.001001
         0.000000   -0.004162    0.000000
        -0.001003    0.000000   -0.002864

siesta: Pressure (static):          1.94612676  kBar

siesta: Stress tensor (total) (eV/Ang**3):
         0.003382    0.000000   -0.001001
         0.000000   -0.004162    0.000000
        -0.001003    0.000000   -0.002864

siesta: Pressure (total):          1.94612676  kBar

cgvc: Finished line minimization    3.  Mean atomic displacement =    0.0572

                     ====================================
                        Begin CG opt. move =     12
                     ====================================
k-point displ. along   2 input, could be:     0.00    0.50
k-point displ. along   3 input, could be:     0.00    0.50
 Kpoints in:           24 . Kpoints trimmed:           23

siesta: k-grid: Number of k-points = 23
siesta: k-points from Monkhorst-Pack grid
siesta: k-cutoff (effective) =     7.613 Ang
siesta: k-point supercell and displacements
siesta: k-grid:     3     0     0      0.000
siesta: k-grid:     0     6     0      0.000
siesta: k-grid:     0     0     2      0.000

superc: Internal auxiliary supercell:     7 x    11 x     5  =     385
superc: Number of atoms, orbitals, and projectors:   3080  71225  55440

outcell: Unit cell vectors (Ang):
        5.221095   -0.000000    0.148207
       -0.000000    2.808172   -0.000000
        0.209596   -0.000000    7.610069

outcell: Cell vector modules (Ang)   :    5.223198    2.808172    7.612954
outcell: Cell angles (23,13,12) (deg):     90.0000     86.7964     90.0000
outcell: Cell volume (Ang**3)        :    111.4896
<dSpData1D:S at geom step 12
  <sparsity:sparsity for geom step 12
    nrows_g=185 nrows=6 sparsity=.9607 nnzs=32881, refcount: 7>
  <dData1D:(new from dSpData1D) n=32881, refcount: 1>
refcount: 1>
new_DM -- step:    13
Re-using DM from previous geometries...
Number of DMs in history: 1
 DM extrapolation coefficients: 
1   1.00000
New DM after history re-use:
<dSpData2D:SpM extrapolated using coords
  <sparsity:sparsity for geom step 12
    nrows_g=185 nrows=6 sparsity=.9607 nnzs=32881, refcount: 9>
  <dData2D:(temp array for extrapolation) n=32881 m=2, refcount: 1>
refcount: 1>
No. of atoms with KB's overlaping orbs in proc 0. Max # of overlaps:     101    1242

InitMesh: MESH = 60 x 30 x 80 = 144000
InitMesh: Mesh cutoff (required, used) =   300.000   306.150 Ry
New grid distribution [1]: sub = 2
New grid distribution [2]: sub = 2
New grid distribution [3]: sub = 2
Setting up quadratic distribution...

        iscf     Eharris(eV)        E_KS(eV)     FreeEng(eV)     dDmax    Ef(eV) dHmax(eV)
   scf:    1   -20852.728971   -20852.803635   -20852.814389  5.683675 -6.388563  0.623187
     spin moment: {S} , |S| = {        0.0        0.0    0.01208 }     0.01208
   scf:    2   -20841.392575   -20849.092902   -20849.103254  0.574546 -6.275797 10.829045
     spin moment: {S} , |S| = {        0.0        0.0    0.11189 }     0.11189
   scf:    3   -20852.887568   -20852.830050   -20852.840627  0.548682 -6.379106  0.237317
     spin moment: {S} , |S| = {        0.0        0.0    0.01767 }     0.01767
   scf:    4   -20852.840547   -20852.837855   -20852.848345  0.023152 -6.371711  0.089621
     spin moment: {S} , |S| = {        0.0        0.0    0.01822 }     0.01822
   scf:    5   -20852.838472   -20852.838193   -20852.848700  0.003765 -6.372390  0.052542
     spin moment: {S} , |S| = {        0.0        0.0    0.01866 }     0.01866
   scf:    6   -20852.839583   -20852.839113   -20852.849674  0.017495 -6.375254  0.041525
     spin moment: {S} , |S| = {        0.0        0.0    0.01695 }     0.01695
   scf:    7   -20852.839013   -20852.839156   -20852.849709  0.003988 -6.374362  0.077617
     spin moment: {S} , |S| = {        0.0        0.0    0.01543 }     0.01543
   scf:    8   -20852.839247   -20852.839219   -20852.849779  0.001532 -6.374780  0.034610
     spin moment: {S} , |S| = {        0.0        0.0    0.01566 }     0.01566
   scf:    9   -20852.839355   -20852.839293   -20852.849860  0.003484 -6.375619  0.009041
     spin moment: {S} , |S| = {        0.0        0.0    0.01400 }     0.01400
   scf:   10   -20852.839338   -20852.839316   -20852.849880  0.001112 -6.375754  0.009025
     spin moment: {S} , |S| = {        0.0        0.0    0.01319 }     0.01319
   scf:   11   -20852.839385   -20852.839349   -20852.849906  0.001670 -6.376076  0.006644
     spin moment: {S} , |S| = {        0.0        0.0    0.01167 }     0.01167
   scf:   12   -20852.839386   -20852.839367   -20852.849917  0.001012 -6.376236  0.005264
     spin moment: {S} , |S| = {        0.0        0.0    0.01067 }     0.01067
   scf:   13   -20852.839415   -20852.839389   -20852.849930  0.001487 -6.376448  0.003036
     spin moment: {S} , |S| = {        0.0        0.0    0.00907 }     0.00907
   scf:   14   -20852.839409   -20852.839399   -20852.849935  0.000773 -6.376576  0.002293
     spin moment: {S} , |S| = {        0.0        0.0    0.00815 }     0.00815
   scf:   15   -20852.839408   -20852.839403   -20852.849937  0.000509 -6.376658  0.001729
     spin moment: {S} , |S| = {        0.0        0.0    0.00759 }     0.00759
   scf:   16   -20852.839409   -20852.839406   -20852.849938  0.000496 -6.376730  0.001334
     spin moment: {S} , |S| = {        0.0        0.0    0.00706 }     0.00706

SCF Convergence by DM criterion
max |DM_out - DM_in|         :     0.0004964194
max |H_out - H_in|      (eV) :     0.0013343638
SCF cycle converged after 16 iterations

Using DM_out to compute the final energy and forces
No. of atoms with KB's overlaping orbs in proc 0. Max # of overlaps:     101    1242

siesta: E_KS(eV) =           -20852.8394

siesta: Atomic forces (eV/Ang):
     1    0.048499    0.000000   -0.099185
     2    0.300917    0.000000   -0.050221
     3   -0.059167    0.000000   -0.080463
     4   -0.053379    0.000001   -0.063618
     5    0.040533    0.000000   -0.019530
     6   -0.003227   -0.000001    0.083215
     7   -0.287074    0.000000    0.154182
     8    0.017049    0.000001    0.075165
----------------------------------------
   Tot    0.004151    0.000001   -0.000454
----------------------------------------
   Max    0.300917
   Res    0.100668    sqrt( Sum f_i^2 / 3N )
----------------------------------------
   Max    0.300917    constrained

Stress tensor Voigt[x,y,z,yz,xz,xy] (kbar):        5.66        1.54       -5.32       -0.00        1.63        0.00
(Free)E + p*V (eV/cell)   -20852.8934
Target enthalpy (eV/cell)   -20852.8499

siesta: Stress tensor (static) (eV/Ang**3):
         0.003531    0.000000    0.001016
         0.000000    0.000959   -0.000000
         0.001016   -0.000000   -0.003322

siesta: Pressure (static):         -0.62390451  kBar

siesta: Stress tensor (total) (eV/Ang**3):
         0.003531    0.000000    0.001016
         0.000000    0.000959   -0.000000
         0.001016   -0.000000   -0.003322

siesta: Pressure (total):         -0.62390451  kBar

                     ====================================
                        Begin CG opt. move =     13
                     ====================================
k-point displ. along   2 input, could be:     0.00    0.50
k-point displ. along   3 input, could be:     0.00    0.50
 Kpoints in:           24 . Kpoints trimmed:           23

siesta: k-grid: Number of k-points = 23
siesta: k-points from Monkhorst-Pack grid
siesta: k-cutoff (effective) =     7.605 Ang
siesta: k-point supercell and displacements
siesta: k-grid:     3     0     0      0.000
siesta: k-grid:     0     6     0      0.000
siesta: k-grid:     0     0     2      0.000

superc: Internal auxiliary supercell:     7 x    11 x     5  =     385
superc: Number of atoms, orbitals, and projectors:   3080  71225  55440

outcell: Unit cell vectors (Ang):
        5.236056   -0.000000    0.140301
       -0.000000    2.800637   -0.000000
        0.198416   -0.000000    7.602594

outcell: Cell vector modules (Ang)   :    5.237936    2.800637    7.605182
outcell: Cell angles (23,13,12) (deg):     90.0000     86.9701     90.0000
outcell: Cell volume (Ang**3)        :    111.4087
<dSpData1D:S at geom step 13
  <sparsity:sparsity for geom step 13
    nrows_g=185 nrows=6 sparsity=.9601 nnzs=32861, refcount: 7>
  <dData1D:(new from dSpData1D) n=32861, refcount: 1>
refcount: 1>
new_DM -- step:    14
Re-using DM from previous geometries...
Number of DMs in history: 1
 DM extrapolation coefficients: 
1   1.00000
New DM after history re-use:
<dSpData2D:SpM extrapolated using coords
  <sparsity:sparsity for geom step 13
    nrows_g=185 nrows=6 sparsity=.9601 nnzs=32861, refcount: 9>
  <dData2D:(temp array for extrapolation) n=32861 m=2, refcount: 1>
refcount: 1>
No. of atoms with KB's overlaping orbs in proc 0. Max # of overlaps:     101    1242

InitMesh: MESH = 60 x 30 x 80 = 144000
InitMesh: Mesh cutoff (required, used) =   300.000   306.675 Ry
New grid distribution [1]: sub = 2
New grid distribution [2]: sub = 2
New grid distribution [3]: sub = 2
Setting up quadratic distribution...

        iscf     Eharris(eV)        E_KS(eV)     FreeEng(eV)     dDmax    Ef(eV) dHmax(eV)
   scf:    1   -20852.855947   -20852.838686   -20852.849929  0.095490 -6.377155  0.182834
     spin moment: {S} , |S| = {        0.0        0.0    0.00152 }     0.00152
   scf:    2   -20852.634101   -20852.776483   -20852.787466  0.078082 -6.397260  0.967739
     spin moment: {S} , |S| = {        0.0        0.0    0.00031 }     0.00031
   scf:    3   -20852.845751   -20852.842465   -20852.853675  0.067935 -6.380111  0.060744
     spin moment: {S} , |S| = {        0.0        0.0    0.00111 }     0.00111
   scf:    4   -20852.843054   -20852.842827   -20852.854016  0.003503 -6.380734  0.023599
     spin moment: {S} , |S| = {        0.0        0.0    0.00142 }     0.00142
   scf:    5   -20852.843150   -20852.843008   -20852.854185  0.003796 -6.380337  0.018772
     spin moment: {S} , |S| = {        0.0        0.0    0.00104 }     0.00104
   scf:    6   -20852.843154   -20852.843095   -20852.854256  0.003087 -6.379934  0.008162
     spin moment: {S} , |S| = {        0.0        0.0    0.00134 }     0.00134
   scf:    7   -20852.843128   -20852.843112   -20852.854266  0.000916 -6.379659  0.005842
     spin moment: {S} , |S| = {        0.0        0.0    0.00131 }     0.00131
   scf:    8   -20852.843163   -20852.843138   -20852.854279  0.001150 -6.379413  0.005134
     spin moment: {S} , |S| = {        0.0        0.0    0.00135 }     0.00135
   scf:    9   -20852.843173   -20852.843155   -20852.854286  0.000973 -6.379236  0.003433
     spin moment: {S} , |S| = {        0.0        0.0    0.00134 }     0.00134
   scf:   10   -20852.843173   -20852.843164   -20852.854290  0.000500 -6.379109  0.003042
     spin moment: {S} , |S| = {        0.0        0.0    0.00138 }     0.00138
   scf:   11   -20852.843181   -20852.843172   -20852.854293  0.000535 -6.378966  0.002451
     spin moment: {S} , |S| = {        0.0        0.0    0.00145 }     0.00145
   scf:   12   -20852.843183   -20852.843178   -20852.854294  0.000398 -6.378870  0.001980
     spin moment: {S} , |S| = {        0.0        0.0    0.00153 }     0.00153

SCF Convergence by DM criterion
max |DM_out - DM_in|         :     0.0003983859
max |H_out - H_in|      (eV) :     0.0019799619
SCF cycle converged after 12 iterations

Using DM_out to compute the final energy and forces
No. of atoms with KB's overlaping orbs in proc 0. Max # of overlaps:     101    1242

siesta: E_KS(eV) =           -20852.8432

siesta: Atomic forces (eV/Ang):
     1   -0.008013   -0.000000   -0.042858
     2    0.148718   -0.000000    0.015020
     3   -0.038727   -0.000001   -0.029929
     4   -0.048950    0.000001   -0.049400
     5    0.042767    0.000001   -0.034624
     6   -0.006595   -0.000000    0.026535
     7   -0.071351    0.000001    0.092023
     8   -0.013318   -0.000000    0.023413
----------------------------------------
   Tot    0.004531    0.000001    0.000181
----------------------------------------
   Max    0.148718
   Res    0.045431    sqrt( Sum f_i^2 / 3N )
----------------------------------------
   Max    0.148718    constrained

Stress tensor Voigt[x,y,z,yz,xz,xy] (kbar):        5.22       -1.38       -4.25       -0.00        0.48       -0.00
(Free)E + p*V (eV/cell)   -20852.8446
Target enthalpy (eV/cell)   -20852.8543

siesta: Stress tensor (static) (eV/Ang**3):
         0.003256   -0.000000    0.000297
        -0.000000   -0.000863   -0.000000
         0.000298   -0.000000   -0.002654

siesta: Pressure (static):          0.13984647  kBar

siesta: Stress tensor (total) (eV/Ang**3):
         0.003256   -0.000000    0.000297
        -0.000000   -0.000863   -0.000000
         0.000298   -0.000000   -0.002654

siesta: Pressure (total):          0.13984647  kBar

cgvc: Finished line minimization    4.  Mean atomic displacement =    0.0330

                     ====================================
                        Begin CG opt. move =     14
                     ====================================
k-point displ. along   2 input, could be:     0.00    0.50
k-point displ. along   3 input, could be:     0.00    0.50
 Kpoints in:           24 . Kpoints trimmed:           23

siesta: k-grid: Number of k-points = 23
siesta: k-points from Monkhorst-Pack grid
siesta: k-cutoff (effective) =     7.624 Ang
siesta: k-point supercell and displacements
siesta: k-grid:     3     0     0      0.000
siesta: k-grid:     0     6     0      0.000
siesta: k-grid:     0     0     2      0.000

superc: Internal auxiliary supercell:     7 x    11 x     5  =     385
superc: Number of atoms, orbitals, and projectors:   3080  71225  55440

outcell: Unit cell vectors (Ang):
        5.211636   -0.000000    0.146732
       -0.000000    2.809061   -0.000000
        0.207510   -0.000000    7.621618

outcell: Cell vector modules (Ang)   :    5.213701    2.809061    7.624442
outcell: Cell angles (23,13,12) (deg):     90.0000     86.8277     90.0000
outcell: Cell volume (Ang**3)        :    111.4935
<dSpData1D:S at geom step 14
  <sparsity:sparsity for geom step 14
    nrows_g=185 nrows=6 sparsity=.9614 nnzs=32903, refcount: 7>
  <dData1D:(new from dSpData1D) n=32903, refcount: 1>
refcount: 1>
new_DM -- step:    15
Re-using DM from previous geometries...
Number of DMs in history: 1
 DM extrapolation coefficients: 
1   1.00000
New DM after history re-use:
<dSpData2D:SpM extrapolated using coords
  <sparsity:sparsity for geom step 14
    nrows_g=185 nrows=6 sparsity=.9614 nnzs=32903, refcount: 9>
  <dData2D:(temp array for extrapolation) n=32903 m=2, refcount: 1>
refcount: 1>
No. of atoms with KB's overlaping orbs in proc 0. Max # of overlaps:     101    1239

InitMesh: MESH = 60 x 30 x 80 = 144000
InitMesh: Mesh cutoff (required, used) =   300.000   305.209 Ry
New grid distribution [1]: sub = 2
New grid distribution [2]: sub = 2
New grid distribution [3]: sub = 2
Setting up quadratic distribution...

        iscf     Eharris(eV)        E_KS(eV)     FreeEng(eV)     dDmax    Ef(eV) dHmax(eV)
   scf:    1   -20852.770309   -20852.838461   -20852.847971  5.656628 -6.377243  0.431537
     spin moment: {S} , |S| = {        0.0        0.0    0.02635 }     0.02635
   scf:    2   -20845.661278   -20850.487592   -20850.499558  0.226595 -6.328422  8.751195
     spin moment: {S} , |S| = {        0.0        0.0   -0.19058 }    -0.19058
   scf:    3   -20852.905073   -20852.846407   -20852.855971  0.219760 -6.374189  0.136768
     spin moment: {S} , |S| = {        0.0        0.0    0.02251 }     0.02251
   scf:    4   -20852.848094   -20852.847859   -20852.857427  0.008930 -6.372075  0.039701
     spin moment: {S} , |S| = {        0.0        0.0    0.02127 }     0.02127
   scf:    5   -20852.847974   -20852.847926   -20852.857503  0.001528 -6.372117  0.027683
     spin moment: {S} , |S| = {        0.0        0.0    0.02194 }     0.02194
   scf:    6   -20852.848020   -20852.848036   -20852.857646  0.010293 -6.373186  0.034074
     spin moment: {S} , |S| = {        0.0        0.0    0.02464 }     0.02464
   scf:    7   -20852.848093   -20852.848076   -20852.857689  0.001101 -6.373368  0.013359
     spin moment: {S} , |S| = {        0.0        0.0    0.02441 }     0.02441
   scf:    8   -20852.848123   -20852.848100   -20852.857716  0.001607 -6.373744  0.008544
     spin moment: {S} , |S| = {        0.0        0.0    0.02556 }     0.02556
   scf:    9   -20852.848130   -20852.848115   -20852.857730  0.001126 -6.374008  0.009069
     spin moment: {S} , |S| = {        0.0        0.0    0.02676 }     0.02676
   scf:   10   -20852.848153   -20852.848134   -20852.857740  0.001028 -6.374267  0.007603
     spin moment: {S} , |S| = {        0.0        0.0    0.02777 }     0.02777
   scf:   11   -20852.848177   -20852.848155   -20852.857749  0.001282 -6.374564  0.003574
     spin moment: {S} , |S| = {        0.0        0.0    0.02899 }     0.02899
   scf:   12   -20852.848178   -20852.848166   -20852.857752  0.000598 -6.374677  0.002603
     spin moment: {S} , |S| = {        0.0        0.0    0.02964 }     0.02964
   scf:   13   -20852.848185   -20852.848175   -20852.857754  0.000478 -6.374762  0.001858
     spin moment: {S} , |S| = {        0.0        0.0    0.03015 }     0.03015

SCF Convergence by DM criterion
max |DM_out - DM_in|         :     0.0004781474
max |H_out - H_in|      (eV) :     0.0018580898
SCF cycle converged after 13 iterations

Using DM_out to compute the final energy and forces
No. of atoms with KB's overlaping orbs in proc 0. Max # of overlaps:     101    1239

siesta: E_KS(eV) =           -20852.8482

siesta: Atomic forces (eV/Ang):
     1    0.031785    0.000000    0.104423
     2   -0.014653    0.000000   -0.106610
     3   -0.059604    0.000000    0.050083
     4    0.069890    0.000000   -0.004299
     5   -0.087950    0.000000    0.005209
     6    0.011694   -0.000001   -0.003540
     7    0.030838   -0.000001   -0.038722
     8    0.021300    0.000001   -0.006616
----------------------------------------
   Tot    0.003300    0.000001   -0.000072
----------------------------------------
   Max    0.106610
   Res    0.043454    sqrt( Sum f_i^2 / 3N )
----------------------------------------
   Max    0.106610    constrained

Stress tensor Voigt[x,y,z,yz,xz,xy] (kbar):        6.51        3.06       -3.62       -0.00        2.10       -0.00
(Free)E + p*V (eV/cell)   -20852.9959
Target enthalpy (eV/cell)   -20852.8578

siesta: Stress tensor (static) (eV/Ang**3):
         0.004066    0.000000    0.001310
        -0.000000    0.001909   -0.000000
         0.001312   -0.000000   -0.002259

siesta: Pressure (static):         -1.98487581  kBar

siesta: Stress tensor (total) (eV/Ang**3):
         0.004066    0.000000    0.001310
        -0.000000    0.001909   -0.000000
         0.001312   -0.000000   -0.002259

siesta: Pressure (total):         -1.98487581  kBar

                     ====================================
                        Begin CG opt. move =     15
                     ====================================
k-point displ. along   2 input, could be:     0.00    0.50
k-point displ. along   3 input, could be:     0.00    0.50
 Kpoints in:           24 . Kpoints trimmed:           23

siesta: k-grid: Number of k-points = 23
siesta: k-points from Monkhorst-Pack grid
siesta: k-cutoff (effective) =     7.621 Ang
siesta: k-point supercell and displacements
siesta: k-grid:     3     0     0      0.000
siesta: k-grid:     0     6     0      0.000
siesta: k-grid:     0     0     2      0.000

superc: Internal auxiliary supercell:     7 x    11 x     5  =     385
superc: Number of atoms, orbitals, and projectors:   3080  71225  55440

outcell: Unit cell vectors (Ang):
        5.216400   -0.000000    0.145477
       -0.000000    2.807418   -0.000000
        0.205736   -0.000000    7.617907

outcell: Cell vector modules (Ang)   :    5.218428    2.807418    7.620684
outcell: Cell angles (23,13,12) (deg):     90.0000     86.8555     90.0000
outcell: Cell volume (Ang**3)        :    111.4773
<dSpData1D:S at geom step 15
  <sparsity:sparsity for geom step 15
    nrows_g=185 nrows=6 sparsity=.9610 nnzs=32891, refcount: 7>
  <dData1D:(new from dSpData1D) n=32891, refcount: 1>
refcount: 1>
new_DM -- step:    16
Re-using DM from previous geometries...
Number of DMs in history: 1
 DM extrapolation coefficients: 
1   1.00000
New DM after history re-use:
<dSpData2D:SpM extrapolated using coords
  <sparsity:sparsity for geom step 15
    nrows_g=185 nrows=6 sparsity=.9610 nnzs=32891, refcount: 9>
  <dData2D:(temp array for extrapolation) n=32891 m=2, refcount: 1>
refcount: 1>
No. of atoms with KB's overlaping orbs in proc 0. Max # of overlaps:     101    1239

InitMesh: MESH = 60 x 30 x 80 = 144000
InitMesh: Mesh cutoff (required, used) =   300.000   305.494 Ry
New grid distribution [1]: sub = 2
New grid distribution [2]: sub = 2
New grid distribution [3]: sub = 2
Setting up quadratic distribution...

        iscf     Eharris(eV)        E_KS(eV)     FreeEng(eV)     dDmax    Ef(eV) dHmax(eV)
   scf:    1   -20852.866559   -20852.847504   -20852.857548  0.064288 -6.375904  0.086277
     spin moment: {S} , |S| = {        0.0        0.0    0.02623 }     0.02623
   scf:    2   -20852.502359   -20852.734719   -20852.744442  0.071974 -6.374859  1.834147
     spin moment: {S} , |S| = {        0.0        0.0    0.05133 }     0.05133
   scf:    3   -20852.851958   -20852.847900   -20852.857927  0.068643 -6.375897  0.022468
     spin moment: {S} , |S| = {        0.0        0.0    0.02752 }     0.02752
   scf:    4   -20852.847961   -20852.847940   -20852.857964  0.001307 -6.375985  0.004947
     spin moment: {S} , |S| = {        0.0        0.0    0.02748 }     0.02748
   scf:    5   -20852.847949   -20852.847945   -20852.857969  0.000393 -6.376012  0.002987
     spin moment: {S} , |S| = {        0.0        0.0    0.02753 }     0.02753

SCF Convergence by DM criterion
max |DM_out - DM_in|         :     0.0003927082
max |H_out - H_in|      (eV) :     0.0029865053
SCF cycle converged after 5 iterations

Using DM_out to compute the final energy and forces
No. of atoms with KB's overlaping orbs in proc 0. Max # of overlaps:     101    1239

siesta: E_KS(eV) =           -20852.8479

siesta: Atomic forces (eV/Ang):
     1    0.023396    0.000000    0.074428
     2    0.015436    0.000000   -0.077601
     3   -0.056797    0.000000    0.032822
     4    0.041508   -0.000000   -0.014041
     5   -0.057013   -0.000000   -0.005367
     6    0.010135   -0.000001    0.003556
     7    0.009532   -0.000000   -0.015495
     8    0.016551    0.000000    0.001451
----------------------------------------
   Tot    0.002747   -0.000000   -0.000248
----------------------------------------
   Max    0.077601
   Res    0.030667    sqrt( Sum f_i^2 / 3N )
----------------------------------------
   Max    0.077601    constrained

Stress tensor Voigt[x,y,z,yz,xz,xy] (kbar):        6.83        2.20       -3.81       -0.00        1.86       -0.00
(Free)E + p*V (eV/cell)   -20852.9788
Target enthalpy (eV/cell)   -20852.8580

siesta: Stress tensor (static) (eV/Ang**3):
         0.004260   -0.000000    0.001163
        -0.000000    0.001374   -0.000000
         0.001158   -0.000000   -0.002381

siesta: Pressure (static):         -1.73727836  kBar

siesta: Stress tensor (total) (eV/Ang**3):
         0.004260   -0.000000    0.001163
        -0.000000    0.001374   -0.000000
         0.001158   -0.000000   -0.002381

siesta: Pressure (total):         -1.73727836  kBar

cgvc: Finished line minimization    5.  Mean atomic displacement =    0.0266

                     ====================================
                        Begin CG opt. move =     16
                     ====================================
k-point displ. along   2 input, could be:     0.00    0.50
k-point displ. along   3 input, could be:     0.00    0.50
 Kpoints in:           24 . Kpoints trimmed:           23

siesta: k-grid: Number of k-points = 23
siesta: k-points from Monkhorst-Pack grid
siesta: k-cutoff (effective) =     7.642 Ang
siesta: k-point supercell and displacements
siesta: k-grid:     3     0     0      0.000
siesta: k-grid:     0     6     0      0.000
siesta: k-grid:     0     0     2      0.000

superc: Internal auxiliary supercell:     7 x    11 x     5  =     385
superc: Number of atoms, orbitals, and projectors:   3080  71225  55440

outcell: Unit cell vectors (Ang):
        5.189416   -0.000000    0.145521
       -0.000000    2.810055    0.000000
        0.205798    0.000000    7.639077

outcell: Cell vector modules (Ang)   :    5.191456    2.810055    7.641848
outcell: Cell angles (23,13,12) (deg):     90.0000     86.8506     90.0000
outcell: Cell volume (Ang**3)        :    111.3130
<dSpData1D:S at geom step 16
  <sparsity:sparsity for geom step 16
    nrows_g=185 nrows=6 sparsity=.9621 nnzs=32929, refcount: 7>
  <dData1D:(new from dSpData1D) n=32929, refcount: 1>
refcount: 1>
new_DM -- step:    17
Re-using DM from previous geometries...
Number of DMs in history: 1
 DM extrapolation coefficients: 
1   1.00000
New DM after history re-use:
<dSpData2D:SpM extrapolated using coords
  <sparsity:sparsity for geom step 16
    nrows_g=185 nrows=6 sparsity=.9621 nnzs=32929, refcount: 9>
  <dData2D:(temp array for extrapolation) n=32929 m=2, refcount: 1>
refcount: 1>
No. of atoms with KB's overlaping orbs in proc 0. Max # of overlaps:     101    1241

InitMesh: MESH = 60 x 30 x 80 = 144000
InitMesh: Mesh cutoff (required, used) =   300.000   303.807 Ry
New grid distribution [1]: sub = 2
New grid distribution [2]: sub = 2
New grid distribution [3]: sub = 2
Setting up quadratic distribution...

        iscf     Eharris(eV)        E_KS(eV)     FreeEng(eV)     dDmax    Ef(eV) dHmax(eV)
   scf:    1   -20852.633052   -20852.824136   -20852.832554  0.513254 -6.373902  0.686636
     spin moment: {S} , |S| = {        0.0        0.0    0.05471 }     0.05471
   scf:    2   -20821.980375   -20842.712183   -20842.722524  0.477650 -6.376509 15.462580
     spin moment: {S} , |S| = {        0.0        0.0   -0.43977 }    -0.43977
   scf:    3   -20853.108992   -20852.849782   -20852.858198  0.462567 -6.376449  0.169311
     spin moment: {S} , |S| = {        0.0        0.0    0.04387 }     0.04387
   scf:    4   -20852.852926   -20852.852099   -20852.860563  0.010113 -6.375810  0.054679
     spin moment: {S} , |S| = {        0.0        0.0    0.04163 }     0.04163
   scf:    5   -20852.852558   -20852.852397   -20852.860863  0.003694 -6.375503  0.031533
     spin moment: {S} , |S| = {        0.0        0.0    0.04106 }     0.04106
   scf:    6   -20852.852594   -20852.852543   -20852.861020  0.003418 -6.374868  0.026472
     spin moment: {S} , |S| = {        0.0        0.0    0.04202 }     0.04202
   scf:    7   -20852.852466   -20852.852565   -20852.861082  0.006000 -6.375842  0.033517
     spin moment: {S} , |S| = {        0.0        0.0    0.04144 }     0.04144
   scf:    8   -20852.852615   -20852.852608   -20852.861118  0.001169 -6.375873  0.007197
     spin moment: {S} , |S| = {        0.0        0.0    0.04216 }     0.04216
   scf:    9   -20852.852609   -20852.852610   -20852.861120  0.000841 -6.376042  0.015157
     spin moment: {S} , |S| = {        0.0        0.0    0.04270 }     0.04270
   scf:   10   -20852.852621   -20852.852616   -20852.861130  0.000743 -6.376268  0.006767
     spin moment: {S} , |S| = {        0.0        0.0    0.04286 }     0.04286
   scf:   11   -20852.852619   -20852.852618   -20852.861133  0.000332 -6.376360  0.002941
     spin moment: {S} , |S| = {        0.0        0.0    0.04290 }     0.04290

SCF Convergence by DM criterion
max |DM_out - DM_in|         :     0.0003317339
max |H_out - H_in|      (eV) :     0.0029407311
SCF cycle converged after 11 iterations

Using DM_out to compute the final energy and forces
No. of atoms with KB's overlaping orbs in proc 0. Max # of overlaps:     101    1241

siesta: E_KS(eV) =           -20852.8526

siesta: Atomic forces (eV/Ang):
     1    0.023696   -0.000000    0.018127
     2   -0.038777    0.000000   -0.052301
     3    0.030541    0.000001   -0.024411
     4   -0.016830    0.000000    0.054809
     5   -0.008521   -0.000000    0.036131
     6    0.024374    0.000002   -0.026517
     7    0.016217   -0.000002    0.012625
     8   -0.027707    0.000000   -0.018541
----------------------------------------
   Tot    0.002993   -0.000000   -0.000080
----------------------------------------
   Max    0.054809
   Res    0.024285    sqrt( Sum f_i^2 / 3N )
----------------------------------------
   Max    0.054809    constrained

Stress tensor Voigt[x,y,z,yz,xz,xy] (kbar):        1.31        1.18       -4.17        0.00        1.87        0.00
(Free)E + p*V (eV/cell)   -20852.8224
Target enthalpy (eV/cell)   -20852.8611

siesta: Stress tensor (static) (eV/Ang**3):
         0.000820    0.000000    0.001164
         0.000000    0.000737    0.000000
         0.001165    0.000000   -0.002600

siesta: Pressure (static):          0.55690068  kBar

siesta: Stress tensor (total) (eV/Ang**3):
         0.000820    0.000000    0.001164
         0.000000    0.000737    0.000000
         0.001165    0.000000   -0.002600

siesta: Pressure (total):          0.55690068  kBar

                     ====================================
                        Begin CG opt. move =     17
                     ====================================
k-point displ. along   2 input, could be:     0.00    0.50
k-point displ. along   3 input, could be:     0.00    0.50
 Kpoints in:           24 . Kpoints trimmed:           23

siesta: k-grid: Number of k-points = 23
siesta: k-points from Monkhorst-Pack grid
siesta: k-cutoff (effective) =     7.676 Ang
siesta: k-point supercell and displacements
siesta: k-grid:     3     0     0      0.000
siesta: k-grid:     0     6     0      0.000
siesta: k-grid:     0     0     2      0.000

superc: Internal auxiliary supercell:     7 x    11 x     5  =     385
superc: Number of atoms, orbitals, and projectors:   3080  71225  55440

outcell: Unit cell vectors (Ang):
        5.146243    0.000000    0.145592
        0.000000    2.814274    0.000000
        0.205898    0.000000    7.672948

outcell: Cell vector modules (Ang)   :    5.148302    2.814274    7.675711
outcell: Cell angles (23,13,12) (deg):     90.0000     86.8424     90.0000
outcell: Cell volume (Ang**3)        :    111.0424
<dSpData1D:S at geom step 17
  <sparsity:sparsity for geom step 17
    nrows_g=185 nrows=6 sparsity=.9677 nnzs=33121, refcount: 7>
  <dData1D:(new from dSpData1D) n=33121, refcount: 1>
refcount: 1>
new_DM -- step:    18
Re-using DM from previous geometries...
Number of DMs in history: 1
 DM extrapolation coefficients: 
1   1.00000
New DM after history re-use:
<dSpData2D:SpM extrapolated using coords
  <sparsity:sparsity for geom step 17
    nrows_g=185 nrows=6 sparsity=.9677 nnzs=33121, refcount: 9>
  <dData2D:(temp array for extrapolation) n=33121 m=2, refcount: 1>
refcount: 1>
No. of atoms with KB's overlaping orbs in proc 0. Max # of overlaps:     102    1231

InitMesh: MESH = 54 x 30 x 80 = 129600
InitMesh: Mesh cutoff (required, used) =   300.000   301.137 Ry
New grid distribution [1]: sub = 2
New grid distribution [2]: sub = 2
New grid distribution [3]: sub = 2
Setting up quadratic distribution...

        iscf     Eharris(eV)        E_KS(eV)     FreeEng(eV)     dDmax    Ef(eV) dHmax(eV)
   scf:    1   -20852.373699   -20852.776769   -20852.783812  1.034035 -6.375244  1.190837
     spin moment: {S} , |S| = {        0.0        0.0    0.07906 }     0.07906
   scf:    2   -20767.782068   -20824.912392   -20824.924993  0.829027 -6.421814 26.705090
     spin moment: {S} , |S| = {        0.0        0.0   -0.74845 }    -0.74845
   scf:    3   -20853.551610   -20852.845915   -20852.853284  0.802711 -6.382264  0.280694
     spin moment: {S} , |S| = {        0.0        0.0    0.06675 }     0.06675
   scf:    4   -20852.853955   -20852.851879   -20852.859368  0.015812 -6.381960  0.083456
     spin moment: {S} , |S| = {        0.0        0.0    0.06414 }     0.06414
   scf:    5   -20852.852966   -20852.852618   -20852.860141  0.005710 -6.381685  0.053843
     spin moment: {S} , |S| = {        0.0        0.0    0.06345 }     0.06345
   scf:    6   -20852.853172   -20852.853032   -20852.860542  0.006681 -6.380432  0.043747
     spin moment: {S} , |S| = {        0.0        0.0    0.06480 }     0.06480
   scf:    7   -20852.852846   -20852.853108   -20852.860678  0.008770 -6.382033  0.056326
     spin moment: {S} , |S| = {        0.0        0.0    0.06376 }     0.06376
   scf:    8   -20852.853278   -20852.853234   -20852.860782  0.001797 -6.381953  0.009586
     spin moment: {S} , |S| = {        0.0        0.0    0.06471 }     0.06471
   scf:    9   -20852.853270   -20852.853254   -20852.860797  0.001513 -6.382106  0.014266
     spin moment: {S} , |S| = {        0.0        0.0    0.06527 }     0.06527
   scf:   10   -20852.853287   -20852.853270   -20852.860817  0.001633 -6.382482  0.008972
     spin moment: {S} , |S| = {        0.0        0.0    0.06560 }     0.06560
   scf:   11   -20852.853277   -20852.853274   -20852.860823  0.000700 -6.382643  0.003912
     spin moment: {S} , |S| = {        0.0        0.0    0.06563 }     0.06563
   scf:   12   -20852.853293   -20852.853283   -20852.860832  0.001282 -6.382936  0.002314
     spin moment: {S} , |S| = {        0.0        0.0    0.06583 }     0.06583
   scf:   13   -20852.853287   -20852.853285   -20852.860834  0.000543 -6.383066  0.001698
     spin moment: {S} , |S| = {        0.0        0.0    0.06588 }     0.06588
   scf:   14   -20852.853285   -20852.853285   -20852.860835  0.000257 -6.383119  0.001446
     spin moment: {S} , |S| = {        0.0        0.0    0.06585 }     0.06585

SCF Convergence by DM criterion
max |DM_out - DM_in|         :     0.0002565009
max |H_out - H_in|      (eV) :     0.0014457656
SCF cycle converged after 14 iterations

Using DM_out to compute the final energy and forces
No. of atoms with KB's overlaping orbs in proc 0. Max # of overlaps:     102    1231

siesta: E_KS(eV) =           -20852.8533

siesta: Atomic forces (eV/Ang):
     1    0.056816    0.000001   -0.051162
     2   -0.125899   -0.000001   -0.021623
     3    0.158218    0.000002   -0.118826
     4   -0.103460    0.000000    0.139892
     5    0.080714   -0.000001    0.104600
     6    0.007143   -0.000001   -0.061966
     7    0.028916   -0.000002    0.055902
     8   -0.102445   -0.000000   -0.047828
----------------------------------------
   Tot    0.000005   -0.000002   -0.001011
----------------------------------------
   Max    0.158218
   Res    0.073507    sqrt( Sum f_i^2 / 3N )
----------------------------------------
   Max    0.158218    constrained

Stress tensor Voigt[x,y,z,yz,xz,xy] (kbar):      -12.15        0.67       -3.00        0.00        2.09        0.00
(Free)E + p*V (eV/cell)   -20852.5263
Target enthalpy (eV/cell)   -20852.8608

siesta: Stress tensor (static) (eV/Ang**3):
        -0.007585    0.000000    0.001303
         0.000000    0.000419    0.000000
         0.001305    0.000000   -0.001873

siesta: Pressure (static):          4.82732045  kBar

siesta: Stress tensor (total) (eV/Ang**3):
        -0.007585    0.000000    0.001303
         0.000000    0.000419    0.000000
         0.001305    0.000000   -0.001873

siesta: Pressure (total):          4.82732045  kBar

                     ====================================
                        Begin CG opt. move =     18
                     ====================================
k-point displ. along   2 input, could be:     0.00    0.50
k-point displ. along   3 input, could be:     0.00    0.50
 Kpoints in:           24 . Kpoints trimmed:           23

siesta: k-grid: Number of k-points = 23
siesta: k-points from Monkhorst-Pack grid
siesta: k-cutoff (effective) =     7.644 Ang
siesta: k-point supercell and displacements
siesta: k-grid:     3     0     0      0.000
siesta: k-grid:     0     6     0      0.000
siesta: k-grid:     0     0     2      0.000

superc: Internal auxiliary supercell:     7 x    11 x     5  =     385
superc: Number of atoms, orbitals, and projectors:   3080  71225  55440

outcell: Unit cell vectors (Ang):
        5.187035   -0.000000    0.145525
       -0.000000    2.810287    0.000000
        0.205804    0.000000    7.640945

outcell: Cell vector modules (Ang)   :    5.189076    2.810287    7.643716
outcell: Cell angles (23,13,12) (deg):     90.0000     86.8501     90.0000
outcell: Cell volume (Ang**3)        :    111.2983
<dSpData1D:S at geom step 18
  <sparsity:sparsity for geom step 18
    nrows_g=185 nrows=6 sparsity=.9635 nnzs=32977, refcount: 7>
  <dData1D:(new from dSpData1D) n=32977, refcount: 1>
refcount: 1>
new_DM -- step:    19
Re-using DM from previous geometries...
Number of DMs in history: 1
 DM extrapolation coefficients: 
1   1.00000
New DM after history re-use:
<dSpData2D:SpM extrapolated using coords
  <sparsity:sparsity for geom step 18
    nrows_g=185 nrows=6 sparsity=.9635 nnzs=32977, refcount: 9>
  <dData2D:(temp array for extrapolation) n=32977 m=2, refcount: 1>
refcount: 1>
No. of atoms with KB's overlaping orbs in proc 0. Max # of overlaps:     101    1241

InitMesh: MESH = 54 x 30 x 80 = 129600
InitMesh: Mesh cutoff (required, used) =   300.000   300.208 Ry
New grid distribution [1]: sub = 2
New grid distribution [2]: sub = 2
New grid distribution [3]: sub = 2
Setting up quadratic distribution...

        iscf     Eharris(eV)        E_KS(eV)     FreeEng(eV)     dDmax    Ef(eV) dHmax(eV)
   scf:    1   -20852.925613   -20852.788197   -20852.797194  0.202696 -6.390543  1.228944
     spin moment: {S} , |S| = {        0.0        0.0    0.01649 }     0.01649
   scf:    2   -20779.818452   -20828.863120   -20828.880230  1.340146 -6.241922 24.709652
     spin moment: {S} , |S| = {        0.0        0.0    0.80241 }     0.80241
   scf:    3   -20853.675388   -20852.853789   -20852.862393  1.290052 -6.379408  0.220018
     spin moment: {S} , |S| = {        0.0        0.0    0.04226 }     0.04226
   scf:    4   -20852.859686   -20852.857821   -20852.866348  0.013529 -6.378918  0.091923
     spin moment: {S} , |S| = {        0.0        0.0    0.04397 }     0.04397
   scf:    5   -20852.859158   -20852.858688   -20852.867204  0.006261 -6.378798  0.038349
     spin moment: {S} , |S| = {        0.0        0.0    0.04511 }     0.04511
   scf:    6   -20852.859274   -20852.859043   -20852.867548  0.005595 -6.380127  0.023445
     spin moment: {S} , |S| = {        0.0        0.0    0.04461 }     0.04461
   scf:    7   -20852.859322   -20852.859251   -20852.867706  0.008544 -6.379178  0.039284
     spin moment: {S} , |S| = {        0.0        0.0    0.04485 }     0.04485
   scf:    8   -20852.859291   -20852.859295   -20852.867754  0.001614 -6.378817  0.009904
     spin moment: {S} , |S| = {        0.0        0.0    0.04424 }     0.04424
   scf:    9   -20852.859337   -20852.859316   -20852.867767  0.001484 -6.378489  0.013001
     spin moment: {S} , |S| = {        0.0        0.0    0.04385 }     0.04385
   scf:   10   -20852.859353   -20852.859335   -20852.867777  0.000963 -6.378269  0.004613
     spin moment: {S} , |S| = {        0.0        0.0    0.04373 }     0.04373
   scf:   11   -20852.859352   -20852.859343   -20852.867782  0.000565 -6.378122  0.003264
     spin moment: {S} , |S| = {        0.0        0.0    0.04365 }     0.04365
   scf:   12   -20852.859368   -20852.859355   -20852.867788  0.001067 -6.377836  0.001959
     spin moment: {S} , |S| = {        0.0        0.0    0.04350 }     0.04350
   scf:   13   -20852.859365   -20852.859360   -20852.867790  0.000508 -6.377688  0.001397
     spin moment: {S} , |S| = {        0.0        0.0    0.04345 }     0.04345
   scf:   14   -20852.859363   -20852.859361   -20852.867790  0.000184 -6.377645  0.001238
     spin moment: {S} , |S| = {        0.0        0.0    0.04347 }     0.04347

SCF Convergence by DM criterion
max |DM_out - DM_in|         :     0.0001835124
max |H_out - H_in|      (eV) :     0.0012381722
SCF cycle converged after 14 iterations

Using DM_out to compute the final energy and forces
No. of atoms with KB's overlaping orbs in proc 0. Max # of overlaps:     101    1241

siesta: E_KS(eV) =           -20852.8594

siesta: Atomic forces (eV/Ang):
     1    0.022408    0.000000    0.016184
     2   -0.042444   -0.000000   -0.048546
     3    0.039963    0.000001   -0.031707
     4   -0.022897   -0.000000    0.058370
     5   -0.004467   -0.000001    0.038038
     6    0.023099    0.000002   -0.029243
     7    0.017915   -0.000001    0.017024
     8   -0.033073   -0.000001   -0.020181
----------------------------------------
   Tot    0.000505   -0.000000   -0.000063
----------------------------------------
   Max    0.058370
   Res    0.026159    sqrt( Sum f_i^2 / 3N )
----------------------------------------
   Max    0.058370    constrained

Stress tensor Voigt[x,y,z,yz,xz,xy] (kbar):        0.55        1.43       -3.99       -0.00        1.85        0.00
(Free)E + p*V (eV/cell)   -20852.8212
Target enthalpy (eV/cell)   -20852.8678

siesta: Stress tensor (static) (eV/Ang**3):
         0.000346    0.000000    0.001156
         0.000000    0.000891    0.000000
         0.001154   -0.000000   -0.002492

siesta: Pressure (static):          0.67010975  kBar

siesta: Stress tensor (total) (eV/Ang**3):
         0.000346    0.000000    0.001156
         0.000000    0.000891    0.000000
         0.001154   -0.000000   -0.002492

siesta: Pressure (total):          0.67010975  kBar

cgvc: Finished line minimization    6.  Mean atomic displacement =    0.0289

                     ====================================
                        Begin CG opt. move =     19
                     ====================================
k-point displ. along   2 input, could be:     0.00    0.50
k-point displ. along   3 input, could be:     0.00    0.50
 Kpoints in:           24 . Kpoints trimmed:           23

siesta: k-grid: Number of k-points = 23
siesta: k-points from Monkhorst-Pack grid
siesta: k-cutoff (effective) =     7.675 Ang
siesta: k-point supercell and displacements
siesta: k-grid:     3     0     0      0.000
siesta: k-grid:     0     6     0      0.000
siesta: k-grid:     0     0     2      0.000

superc: Internal auxiliary supercell:     7 x    11 x     5  =     385
superc: Number of atoms, orbitals, and projectors:   3080  71225  55440

outcell: Unit cell vectors (Ang):
        5.166022   -0.000000    0.140047
       -0.000000    2.810055    0.000000
        0.198056    0.000000    7.672942

outcell: Cell vector modules (Ang)   :    5.167920    2.810055    7.675498
outcell: Cell angles (23,13,12) (deg):     90.0000     86.9685     90.0000
outcell: Cell volume (Ang**3)        :    111.3087
<dSpData1D:S at geom step 19
  <sparsity:sparsity for geom step 19
    nrows_g=185 nrows=6 sparsity=.9628 nnzs=32953, refcount: 7>
  <dData1D:(new from dSpData1D) n=32953, refcount: 1>
refcount: 1>
new_DM -- step:    20
Re-using DM from previous geometries...
Number of DMs in history: 1
 DM extrapolation coefficients: 
1   1.00000
New DM after history re-use:
<dSpData2D:SpM extrapolated using coords
  <sparsity:sparsity for geom step 19
    nrows_g=185 nrows=6 sparsity=.9628 nnzs=32953, refcount: 9>
  <dData2D:(temp array for extrapolation) n=32953 m=2, refcount: 1>
refcount: 1>
No. of atoms with KB's overlaping orbs in proc 0. Max # of overlaps:     101    1229

InitMesh: MESH = 54 x 30 x 80 = 129600
InitMesh: Mesh cutoff (required, used) =   300.000   301.082 Ry
New grid distribution [1]: sub = 2
New grid distribution [2]: sub = 2
New grid distribution [3]: sub = 2
Setting up quadratic distribution...

        iscf     Eharris(eV)        E_KS(eV)     FreeEng(eV)     dDmax    Ef(eV) dHmax(eV)
   scf:    1   -20852.611396   -20852.799054   -20852.806768  0.149461 -6.359896  1.194468
     spin moment: {S} , |S| = {        0.0        0.0    0.04828 }     0.04828
   scf:    2   -20798.055093   -20834.873935   -20834.887534  0.676731 -6.526057 23.801588
     spin moment: {S} , |S| = {        0.0        0.0   -0.24362 }    -0.24362
   scf:    3   -20853.372023   -20852.854292   -20852.862219  0.654525 -6.374988  0.259240
     spin moment: {S} , |S| = {        0.0        0.0    0.03808 }     0.03808
   scf:    4   -20852.859982   -20852.858413   -20852.866309  0.008935 -6.376689  0.092865
     spin moment: {S} , |S| = {        0.0        0.0    0.03834 }     0.03834
   scf:    5   -20852.859507   -20852.859163   -20852.867102  0.004679 -6.376359  0.040915
     spin moment: {S} , |S| = {        0.0        0.0    0.03657 }     0.03657
   scf:    6   -20852.859654   -20852.859477   -20852.867425  0.004450 -6.374555  0.014334
     spin moment: {S} , |S| = {        0.0        0.0    0.03610 }     0.03610
   scf:    7   -20852.859645   -20852.859593   -20852.867569  0.005706 -6.375288  0.010964
     spin moment: {S} , |S| = {        0.0        0.0    0.03464 }     0.03464
   scf:    8   -20852.859590   -20852.859592   -20852.867576  0.000585 -6.375404  0.006502
     spin moment: {S} , |S| = {        0.0        0.0    0.03428 }     0.03428
   scf:    9   -20852.859582   -20852.859587   -20852.867585  0.001002 -6.375514  0.006529
     spin moment: {S} , |S| = {        0.0        0.0    0.03330 }     0.03330
   scf:   10   -20852.859584   -20852.859586   -20852.867588  0.000486 -6.375539  0.005409
     spin moment: {S} , |S| = {        0.0        0.0    0.03281 }     0.03281

SCF Convergence by DM criterion
max |DM_out - DM_in|         :     0.0004855418
max |H_out - H_in|      (eV) :     0.0054090167
SCF cycle converged after 10 iterations

Using DM_out to compute the final energy and forces
No. of atoms with KB's overlaping orbs in proc 0. Max # of overlaps:     101    1229

siesta: E_KS(eV) =           -20852.8596

siesta: Atomic forces (eV/Ang):
     1   -0.033731   -0.000000   -0.035913
     2    0.087523    0.000000    0.057140
     3   -0.084846   -0.000001    0.012607
     4   -0.019350    0.000001   -0.045599
     5    0.029935    0.000001   -0.001047
     6    0.014901   -0.000002    0.016890
     7   -0.041138    0.000000   -0.035041
     8    0.048826   -0.000000    0.029541
----------------------------------------
   Tot    0.002119   -0.000001   -0.001422
----------------------------------------
   Max    0.087523
   Res    0.035792    sqrt( Sum f_i^2 / 3N )
----------------------------------------
   Max    0.087523    constrained

Stress tensor Voigt[x,y,z,yz,xz,xy] (kbar):       -5.32        0.25       -0.46       -0.00       -0.12       -0.00
(Free)E + p*V (eV/cell)   -20852.7395
Target enthalpy (eV/cell)   -20852.8676

siesta: Stress tensor (static) (eV/Ang**3):
        -0.003321   -0.000000   -0.000072
        -0.000000    0.000154   -0.000000
        -0.000075   -0.000000   -0.000286

siesta: Pressure (static):          1.84412735  kBar

siesta: Stress tensor (total) (eV/Ang**3):
        -0.003321   -0.000000   -0.000072
        -0.000000    0.000154   -0.000000
        -0.000075   -0.000000   -0.000286

siesta: Pressure (total):          1.84412735  kBar

                     ====================================
                        Begin CG opt. move =     20
                     ====================================
k-point displ. along   2 input, could be:     0.00    0.50
k-point displ. along   3 input, could be:     0.00    0.50
 Kpoints in:           24 . Kpoints trimmed:           23

siesta: k-grid: Number of k-points = 23
siesta: k-points from Monkhorst-Pack grid
siesta: k-cutoff (effective) =     7.659 Ang
siesta: k-point supercell and displacements
siesta: k-grid:     3     0     0      0.000
siesta: k-grid:     0     6     0      0.000
siesta: k-grid:     0     0     2      0.000

superc: Internal auxiliary supercell:     7 x    11 x     5  =     385
superc: Number of atoms, orbitals, and projectors:   3080  71225  55440

outcell: Unit cell vectors (Ang):
        5.176773   -0.000000    0.142850
       -0.000000    2.810174    0.000000
        0.202020    0.000000    7.656571

outcell: Cell vector modules (Ang)   :    5.178744    2.810174    7.659236
outcell: Cell angles (23,13,12) (deg):     90.0000     86.9080     90.0000
outcell: Cell volume (Ang**3)        :    111.3039
<dSpData1D:S at geom step 20
  <sparsity:sparsity for geom step 20
    nrows_g=185 nrows=6 sparsity=.9632 nnzs=32965, refcount: 7>
  <dData1D:(new from dSpData1D) n=32965, refcount: 1>
refcount: 1>
new_DM -- step:    21
Re-using DM from previous geometries...
Number of DMs in history: 1
 DM extrapolation coefficients: 
1   1.00000
New DM after history re-use:
<dSpData2D:SpM extrapolated using coords
  <sparsity:sparsity for geom step 20
    nrows_g=185 nrows=6 sparsity=.9632 nnzs=32965, refcount: 9>
  <dData2D:(temp array for extrapolation) n=32965 m=2, refcount: 1>
refcount: 1>
No. of atoms with KB's overlaping orbs in proc 0. Max # of overlaps:     101    1241

InitMesh: MESH = 54 x 30 x 80 = 129600
InitMesh: Mesh cutoff (required, used) =   300.000   301.374 Ry
New grid distribution [1]: sub = 2
New grid distribution [2]: sub = 2
New grid distribution [3]: sub = 2
Setting up quadratic distribution...

        iscf     Eharris(eV)        E_KS(eV)     FreeEng(eV)     dDmax    Ef(eV) dHmax(eV)
   scf:    1   -20852.867155   -20852.845011   -20852.853322  0.184015 -6.386458  0.623524
     spin moment: {S} , |S| = {        0.0        0.0    0.02499 }     0.02499
   scf:    2   -20842.486015   -20849.468444   -20849.475307  0.306189 -6.261957 10.985072
     spin moment: {S} , |S| = {        0.0        0.0    0.18405 }     0.18405
   scf:    3   -20853.020677   -20852.859883   -20852.868100  0.283895 -6.377300  0.099817
     spin moment: {S} , |S| = {        0.0        0.0    0.03265 }     0.03265
   scf:    4   -20852.860850   -20852.860590   -20852.868792  0.007032 -6.376383  0.047987
     spin moment: {S} , |S| = {        0.0        0.0    0.03261 }     0.03261
   scf:    5   -20852.860700   -20852.860664   -20852.868869  0.001286 -6.376763  0.015505
     spin moment: {S} , |S| = {        0.0        0.0    0.03280 }     0.03280
   scf:    6   -20852.860762   -20852.860723   -20852.868921  0.001747 -6.377309  0.011720
     spin moment: {S} , |S| = {        0.0        0.0    0.03310 }     0.03310
   scf:    7   -20852.860674   -20852.860728   -20852.868921  0.002282 -6.377197  0.030797
     spin moment: {S} , |S| = {        0.0        0.0    0.03268 }     0.03268
   scf:    8   -20852.860768   -20852.860768   -20852.868954  0.000920 -6.376908  0.005766
     spin moment: {S} , |S| = {        0.0        0.0    0.03332 }     0.03332
   scf:    9   -20852.860775   -20852.860771   -20852.868955  0.000322 -6.376891  0.002651
     spin moment: {S} , |S| = {        0.0        0.0    0.03340 }     0.03340

SCF Convergence by DM criterion
max |DM_out - DM_in|         :     0.0003220749
max |H_out - H_in|      (eV) :     0.0026507189
SCF cycle converged after 9 iterations

Using DM_out to compute the final energy and forces
No. of atoms with KB's overlaping orbs in proc 0. Max # of overlaps:     101    1241

siesta: E_KS(eV) =           -20852.8608

siesta: Atomic forces (eV/Ang):
     1   -0.010150    0.000000   -0.010781
     2    0.025452   -0.000000    0.007916
     3   -0.020494    0.000000   -0.011540
     4   -0.019110   -0.000000    0.005876
     5    0.011258    0.000000    0.018923
     6    0.017827   -0.000002   -0.006763
     7   -0.011157   -0.000001   -0.009528
     8    0.008049    0.000001    0.004802
----------------------------------------
   Tot    0.001675   -0.000002   -0.001094
----------------------------------------
   Max    0.025452
   Res    0.011244    sqrt( Sum f_i^2 / 3N )
----------------------------------------
   Max    0.025452    constrained

Stress tensor Voigt[x,y,z,yz,xz,xy] (kbar):       -2.22        0.99       -2.31        0.00        0.77        0.00
(Free)E + p*V (eV/cell)   -20852.7870
Target enthalpy (eV/cell)   -20852.8690

siesta: Stress tensor (static) (eV/Ang**3):
        -0.001388    0.000000    0.000475
         0.000000    0.000617   -0.000000
         0.000478    0.000000   -0.001439

siesta: Pressure (static):          1.18028421  kBar

siesta: Stress tensor (total) (eV/Ang**3):
        -0.001388    0.000000    0.000475
         0.000000    0.000617   -0.000000
         0.000478    0.000000   -0.001439

siesta: Pressure (total):          1.18028421  kBar

outcoor: Relaxed atomic coordinates (fractional):           
   -0.02545173    0.00000003    0.01670191   1       1  Ga
    0.26609584    0.50000001    0.24015466   1       2  Ga
    0.51141329    0.00000004    0.48300048   1       3  Ga
    0.24775861    0.50000002    0.75622553   1       4  Ga
    0.74440508    0.50000004    0.75310776   1       5  Ga
    0.48602061    0.00000007   -0.01294692   2       6  Ni
    0.76317647    0.50000004    0.25548687   3       7  Mn
    0.00744403    0.00000007    0.50834696   3       8  Mn

outcell: Unit cell vectors (Ang):
        5.176773   -0.000000    0.142850
       -0.000000    2.810174    0.000000
        0.202020    0.000000    7.656571

outcell: Cell vector modules (Ang)   :    5.178744    2.810174    7.659236
outcell: Cell angles (23,13,12) (deg):     90.0000     86.9080     90.0000
outcell: Cell volume (Ang**3)        :    111.3039

coxmol: Writing XMOL coordinates into file hea.xyz                                                                                                                                                                                                                             
Writing WFSX for COOP/COHP in hea.fullBZ.WFSX

diag: Algorithm                                     = D&C
diag: Parallel over k                               =   F
diag: Use parallel 2D distribution                  =   T
diag: Parallel block-size                           = 3
diag: Parallel distribution                         =     6 x     8
diag: Used triangular part                          = Lower
diag: Absolute tolerance                            =  0.100E-15
diag: Orthogonalization factor                      =  0.100E-05
diag: Memory factor                                 =  1.0000

diag: Algorithm                                     = D&C
diag: Parallel over k                               =   F
diag: Use parallel 2D distribution                  =   T
diag: Parallel block-size                           = 3
diag: Parallel distribution                         =     6 x     8
diag: Used triangular part                          = Lower
diag: Absolute tolerance                            =  0.100E-15
diag: Orthogonalization factor                      =  0.100E-05
diag: Memory factor                                 =  1.0000

siesta: PDOS info
siesta: E1 -- E2, sigma [eV], nhist:  -20.000 --   20.000    0.100 1000

diag: Algorithm                                     = D&C
diag: Parallel over k                               =   F
diag: Use parallel 2D distribution                  =   T
diag: Parallel block-size                           = 3
diag: Parallel distribution                         =     6 x     8
diag: Used triangular part                          = Lower
diag: Absolute tolerance                            =  0.100E-15
diag: Orthogonalization factor                      =  0.100E-05
diag: Memory factor                                 =  1.0000

siesta: Program's energy decomposition (eV):
siesta: Ebs     =     -3075.469059
siesta: Eions   =     25075.401833
siesta: Ena     =      1563.596107
siesta: Ekin    =     13278.321940
siesta: Enl     =     -6281.881739
siesta: Eso     =         0.000000
siesta: Edftu   =         0.000000
siesta: DEna    =        47.092638
siesta: DUscf   =         0.837001
siesta: DUext   =         0.000000
siesta: Ex      =     -4132.056948
siesta: Ec      =      -253.367937
siesta: Exc     =     -4385.424886
siesta: EbV     =         0.000000
siesta: eta*DQ  =         0.000000
siesta: Emadel  =         0.000000
siesta: Emeta   =         0.000000
siesta: Emolmec =         0.000000
siesta: Ekinion =         0.000000
siesta: Eharris =    -20852.860775
siesta: Etot    =    -20852.860771
siesta: FreeEng =    -20852.868955

siesta: Final energy (eV):
siesta:  Band Struct. =   -3075.469059
siesta:       Kinetic =   13278.321940
siesta:       Hartree =    5350.376130
siesta:         Edftu =       0.000000
siesta:       Eso     =       0.000000
siesta:    Ext. field =       0.000000
siesta:         Exch. =   -4132.056948
siesta:         Corr. =    -253.367937
siesta:     Bulk bias =       0.000000
siesta:   Exch.-corr. =   -4385.424886
siesta:  Ion-electron =  -23746.401295
siesta:       Ion-ion =  -11349.732661
siesta:       Ekinion =       0.000000
siesta: D3 dispersion =       0.000000
siesta:         Total =  -20852.860771
siesta:         Fermi =      -6.376891

siesta: Stress tensor (static) (eV/Ang**3):
siesta:    -0.001388    0.000000    0.000475
siesta:     0.000000    0.000617   -0.000000
siesta:     0.000478    0.000000   -0.001439

siesta: Constrained stress tensor (static) (eV/Ang**3):
siesta:    -0.001388    0.000000    0.000477
siesta:     0.000000    0.000617   -0.000000
siesta:     0.000477   -0.000000   -0.001439

siesta: Cell volume =        111.303876 Ang**3

siesta: Pressure (static):
siesta:                Solid            Molecule  Units
siesta:           0.00000802          0.00000428  Ry/Bohr**3
siesta:           0.00073668          0.00039318  eV/Ang**3
siesta:           1.18028421          0.62994464  kBar
(Free)E+ p_basis*V_orbitals  =      -20807.050596
(Free)Eharris+ p_basis*V_orbitals  =      -20807.050599

mulliken: Atomic and Orbital Populations:

mulliken: Spin UP 

Species: Ga                  
Atom  Qatom  Qorb
               4s      4s      4s      4py     4pz     4px     4py     4pz     
               4px     4py     4pz     4px     3dxy    3dyz    3dz2    3dxz    
               3dx2-y2 4dxy    4dyz    4dz2    4dxz    4dx2-y2 
   1  6.773   0.733  -0.262   0.329  -0.006  -0.102   0.362   0.390   0.300
              0.062  -0.184  -0.010  -0.118   0.999   0.998   0.999   0.998

              0.998   0.082   0.031   0.105   0.019   0.052
   2  6.745   0.589  -0.228   0.362  -0.111  -0.265   0.188   0.378   0.258
              0.062  -0.076   0.223   0.066   0.999   0.998   0.999   0.998

              0.998   0.077   0.065   0.087   0.023   0.054
   3  6.790   0.723  -0.279   0.361  -0.266   0.025   0.110   0.446   0.258
              0.186  -0.041  -0.097   0.057   1.000   0.998   0.999   0.999

              0.997   0.119   0.050   0.087   0.037   0.021
   4  6.256   0.583  -0.283   0.437  -0.502  -0.299  -0.185   0.397   0.242
              0.132   0.171   0.153   0.186   0.998   0.997   0.999   0.997

              0.999   0.065   0.047   0.023   0.065   0.032
   5  6.654   0.623  -0.281   0.421  -0.653   0.071   0.095   0.432   0.278
              0.119   0.284  -0.083   0.035   0.999   0.998   0.999   0.997

              0.999   0.060   0.071   0.086   0.071   0.034

Species: Ni                  
Atom  Qatom  Qorb
               3s      4s      4s      4s      3py     3pz     3px     4py     
               4pz     4px     3dxy    3dyz    3dz2    3dxz    3dx2-y2 3dxy    
               3dyz    3dz2    3dxz    3dx2-y2 3dxy    3dyz    3dz2    3dxz    
               3dx2-y2 
   6  8.793   0.977  -1.056   0.093   0.694   0.999   0.999   0.999   0.227
              0.224   0.222   1.169   1.142   1.171   1.164   1.131  -0.076

             -0.075  -0.080  -0.078  -0.075  -0.181  -0.208  -0.180  -0.219

             -0.192

Species: Mn                  
Atom  Qatom  Qorb
               3s      4s      4s      4s      3py     3pz     3px     4py     
               4pz     4px     3dxy    3dyz    3dz2    3dxz    3dx2-y2 3dxy    
               3dyz    3dz2    3dxz    3dx2-y2 3dxy    3dyz    3dz2    3dxz    
               3dx2-y2 
   7  8.804   0.980  -1.141   0.285   0.613   0.996   0.997   0.996   0.247
              0.258   0.255   1.284   1.291   1.239   1.317   1.184  -0.070

             -0.090  -0.064  -0.096  -0.075  -0.297  -0.340  -0.283  -0.357

             -0.325
   8  5.702   0.955  -1.276   0.251   0.716   0.994   0.993   0.993   0.186
              0.166   0.178   0.263   0.333   0.426   0.562   0.780  -0.026

             -0.028  -0.039  -0.052  -0.075  -0.044  -0.076  -0.089  -0.159

             -0.229

mulliken: Qtot =       56.517

mulliken: Spin DOWN 

Species: Ga                  
Atom  Qatom  Qorb
               4s      4s      4s      4py     4pz     4px     4py     4pz     
               4px     4py     4pz     4px     3dxy    3dyz    3dz2    3dxz    
               3dx2-y2 4dxy    4dyz    4dz2    4dxz    4dx2-y2 
   1  6.852   0.695  -0.262   0.366  -0.000  -0.031   0.326   0.414   0.315
              0.067  -0.191  -0.081  -0.066   0.999   0.998   0.999   0.998

              0.998   0.083   0.029   0.109   0.022   0.064
   2  6.696   0.568  -0.230   0.388  -0.248  -0.228   0.077   0.379   0.236
              0.090   0.005   0.190   0.149   1.000   0.998   0.999   0.999

              0.997   0.097   0.067   0.077   0.044   0.041
   3  6.847   0.695  -0.264   0.355  -0.233  -0.017   0.233   0.490   0.282
              0.145  -0.054  -0.060  -0.029   0.999   0.998   0.999   0.998

              0.998   0.107   0.047   0.096   0.020   0.043
   4  6.221   0.550  -0.262   0.434  -0.457  -0.267  -0.139   0.389   0.237
              0.115   0.110   0.156   0.155   0.998   0.998   0.999   0.998

              0.999   0.056   0.039   0.021   0.063   0.029
   5  6.560   0.607  -0.256   0.391  -0.620   0.034   0.137   0.412   0.251
              0.113   0.249  -0.036  -0.021   0.999   0.998   0.999   0.997

              0.999   0.056   0.074   0.077   0.073   0.028

Species: Ni                  
Atom  Qatom  Qorb
               3s      4s      4s      4s      3py     3pz     3px     4py     
               4pz     4px     3dxy    3dyz    3dz2    3dxz    3dx2-y2 3dxy    
               3dyz    3dz2    3dxz    3dx2-y2 3dxy    3dyz    3dz2    3dxz    
               3dx2-y2 
   6  8.792   0.977  -1.095   0.083   0.742   0.999   0.999   0.999   0.228
              0.227   0.221   1.164   1.156   1.157   1.160   1.118  -0.077

             -0.074  -0.080  -0.078  -0.076  -0.176  -0.206  -0.176  -0.214

             -0.187

Species: Mn                  
Atom  Qatom  Qorb
               3s      4s      4s      4s      3py     3pz     3px     4py     
               4pz     4px     3dxy    3dyz    3dz2    3dxz    3dx2-y2 3dxy    
               3dyz    3dz2    3dxz    3dx2-y2 3dxy    3dyz    3dz2    3dxz    
               3dx2-y2 
   7  5.783   0.955  -1.113   0.307   0.532   0.995   0.994   0.994   0.193
              0.177   0.187   0.269   0.417   0.324   0.595   0.876  -0.032

             -0.051  -0.032  -0.066  -0.090  -0.042  -0.089  -0.062  -0.178

             -0.275
   8  8.734   0.979  -1.317   0.248   0.791   0.996   0.995   0.994   0.245
              0.244   0.249   1.278   1.284   1.203   1.271   1.136  -0.054

             -0.052  -0.057  -0.069  -0.065  -0.305  -0.354  -0.269  -0.351

             -0.289

mulliken: Qtot =       56.483

Mulliken Atomic Populations:
Atom #   charge [q] valence [e]      Sz [e]  Species
     1    -0.624647   13.624647   -0.078436  Ga
     2    -0.440557   13.440557    0.049258  Ga
     3    -0.636304   13.636304   -0.056883  Ga
     4     0.522151   12.477849    0.034857  Ga
     5    -0.213657   13.213657    0.094232  Ga
     6     0.415386   17.584614    0.000696  Ni
     7     0.413584   14.586416    3.020885  Mn
     8     0.564045   14.435955   -3.031212  Mn
-------------------------------------------
 Total    -0.000000                0.033396

cite: Please indicate the Siesta version in published work: 5.2.2
cite: This calculation has made use of features in the following articles
cite: which we encourage you to cite in published work.
cite: (Please see "hea.bib" for a BibTeX file.)
        Primary SIESTA paper
          DOI: www.doi.org/10.1088/0953-8984/14/11/302
        PSML pseudopotential format
          DOI: www.doi.org/10.1016/j.cpc.2018.02.011


>> End of run:  30-JUL-2025  13:00:00
Job completed
