#
#   partial DOS for atom species: Ga
#
#   Add data for atom_index =   1,  n,l,m,z=  4  0  0  1
#   Add data for atom_index =   1,  n,l,m,z=  4  0  0  2
#   Add data for atom_index =   1,  n,l,m,z=  4  1 -1  1
#   Add data for atom_index =   1,  n,l,m,z=  4  1  0  1
#   Add data for atom_index =   1,  n,l,m,z=  4  1  1  1
#   Add data for atom_index =   1,  n,l,m,z=  4  1 -1  2
#   Add data for atom_index =   1,  n,l,m,z=  4  1  0  2
#   Add data for atom_index =   1,  n,l,m,z=  4  1  1  2
#   Add data for atom_index =   1,  n,l,m,z=  3  2 -2  1
#   Add data for atom_index =   1,  n,l,m,z=  3  2 -1  1
#   Add data for atom_index =   1,  n,l,m,z=  3  2  0  1
#   Add data for atom_index =   1,  n,l,m,z=  3  2  1  1
#   Add data for atom_index =   1,  n,l,m,z=  3  2  2  1
#   Add data for atom_index =   1,  n,l,m,z=  4  2 -2  1
#   Add data for atom_index =   1,  n,l,m,z=  4  2 -1  1
#   Add data for atom_index =   1,  n,l,m,z=  4  2  0  1
#   Add data for atom_index =   1,  n,l,m,z=  4  2  1  1
#   Add data for atom_index =   1,  n,l,m,z=  4  2  2  1
#   Add data for atom_index =   2,  n,l,m,z=  4  0  0  1
#   Add data for atom_index =   2,  n,l,m,z=  4  0  0  2
#   Add data for atom_index =   2,  n,l,m,z=  4  1 -1  1
#   Add data for atom_index =   2,  n,l,m,z=  4  1  0  1
#   Add data for atom_index =   2,  n,l,m,z=  4  1  1  1
#   Add data for atom_index =   2,  n,l,m,z=  4  1 -1  2
#   Add data for atom_index =   2,  n,l,m,z=  4  1  0  2
#   Add data for atom_index =   2,  n,l,m,z=  4  1  1  2
#   Add data for atom_index =   2,  n,l,m,z=  3  2 -2  1
#   Add data for atom_index =   2,  n,l,m,z=  3  2 -1  1
#   Add data for atom_index =   2,  n,l,m,z=  3  2  0  1
#   Add data for atom_index =   2,  n,l,m,z=  3  2  1  1
#   Add data for atom_index =   2,  n,l,m,z=  3  2  2  1
#   Add data for atom_index =   2,  n,l,m,z=  4  2 -2  1
#   Add data for atom_index =   2,  n,l,m,z=  4  2 -1  1
#   Add data for atom_index =   2,  n,l,m,z=  4  2  0  1
#   Add data for atom_index =   2,  n,l,m,z=  4  2  1  1
#   Add data for atom_index =   2,  n,l,m,z=  4  2  2  1
#
#    Energy          spin 1        spin2
#
  -25.0000000     0.00000000     0.00000000
  -24.9883294     0.00000000     0.00000000
  -24.9766589     0.00000000     0.00000000
  -24.9649883     0.00000000     0.00000000
  -24.9533178     0.00000000     0.00000000
  -24.9416472     0.00000000     0.00000000
  -24.9299767     0.00000000     0.00000000
  -24.9183061     0.00000000     0.00000000
  -24.9066355     0.00000000     0.00000000
  -24.8949650     0.00000000     0.00000000
  -24.8832944     0.00000000     0.00000000
  -24.8716239     0.00000000     0.00000000
  -24.8599533     0.00000000     0.00000000
  -24.8482828     0.00000000     0.00000000
  -24.8366122     0.00000000     0.00000000
  -24.8249416     0.00000000     0.00000000
  -24.8132711     0.00000000     0.00000000
  -24.8016005     0.00000000     0.00000000
  -24.7899300     0.00000000     0.00000000
  -24.7782594     0.00000000     0.00000000
  -24.7665889     0.00000000     0.00000000
  -24.7549183     0.00000000     0.00000000
  -24.7432477     0.00000000     0.00000000
  -24.7315772     0.00000000     0.00000000
  -24.7199066     0.00000000     0.00000000
  -24.7082361     0.00000000     0.00000000
  -24.6965655     0.00000000     0.00000000
  -24.6848950     0.00000000     0.00000000
  -24.6732244     0.00000000     0.00000000
  -24.6615539     0.00000000     0.00000000
  -24.6498833     0.00000000     0.00000000
  -24.6382127     0.00000000     0.00000000
  -24.6265422     0.00000000     0.00000000
  -24.6148716     0.00000000     0.00000000
  -24.6032011     0.00000000     0.00000000
  -24.5915305     0.00000000     0.00000000
  -24.5798600     0.00000000     0.00000000
  -24.5681894     0.00000000     0.00000000
  -24.5565188     0.00000000     0.00000000
  -24.5448483     0.00000000     0.00000000
  -24.5331777     0.00000000     0.00000000
  -24.5215072     0.00000000     0.00000000
  -24.5098366     0.00000000     0.00000000
  -24.4981661     0.00000000     0.00000000
  -24.4864955     0.00000000     0.00000000
  -24.4748249     0.00000000     0.00000000
  -24.4631544     0.00000000     0.00000000
  -24.4514838     0.00000000     0.00000000
  -24.4398133     0.00000000     0.00000000
  -24.4281427     0.00000000     0.00000000
  -24.4164722     0.00000000     0.00000000
  -24.4048016     0.00000000     0.00000000
  -24.3931310     0.00000000     0.00000000
  -24.3814605     0.00000000     0.00000000
  -24.3697899     0.00000000     0.00000000
  -24.3581194     0.00000000     0.00000000
  -24.3464488     0.00000000     0.00000000
  -24.3347783     0.00000000     0.00000000
  -24.3231077     0.00000000     0.00000000
  -24.3114371     0.00000000     0.00000000
  -24.2997666     0.00000000     0.00000000
  -24.2880960     0.00000000     0.00000000
  -24.2764255     0.00000000     0.00000000
  -24.2647549     0.00000000     0.00000000
  -24.2530844     0.00000000     0.00000000
  -24.2414138     0.00000000     0.00000000
  -24.2297432     0.00000000     0.00000000
  -24.2180727     0.00000000     0.00000000
  -24.2064021     0.00000000     0.00000000
  -24.1947316     0.00000000     0.00000000
  -24.1830610     0.00000000     0.00000000
  -24.1713905     0.00000000     0.00000000
  -24.1597199     0.00000000     0.00000000
  -24.1480493     0.00000000     0.00000000
  -24.1363788     0.00000000     0.00000000
  -24.1247082     0.00000000     0.00000000
  -24.1130377     0.00000000     0.00000000
  -24.1013671     0.00000000     0.00000000
  -24.0896966     0.00000000     0.00000000
  -24.0780260     0.00000000     0.00000000
  -24.0663555     0.00000000     0.00000000
  -24.0546849     0.00000000     0.00000000
  -24.0430143     0.00000000     0.00000000
  -24.0313438     0.00000000     0.00000000
  -24.0196732     0.00000000     0.00000000
  -24.0080027     0.00000000     0.00000000
  -23.9963321     0.00000000     0.00000000
  -23.9846616     0.00000000     0.00000000
  -23.9729910     0.00000000     0.00000000
  -23.9613204     0.00000000     0.00000000
  -23.9496499     0.00000000     0.00000000
  -23.9379793     0.00000000     0.00000000
  -23.9263088     0.00000000     0.00000000
  -23.9146382     0.00000000     0.00000000
  -23.9029677     0.00000000     0.00000000
  -23.8912971     0.00000000     0.00000000
  -23.8796265     0.00000000     0.00000000
  -23.8679560     0.00000000     0.00000000
  -23.8562854     0.00000000     0.00000000
  -23.8446149     0.00000000     0.00000000
  -23.8329443     0.00000000     0.00000000
  -23.8212738     0.00000000     0.00000000
  -23.8096032     0.00000000     0.00000000
  -23.7979326     0.00000000     0.00000000
  -23.7862621     0.00000000     0.00000000
  -23.7745915     0.00000000     0.00000000
  -23.7629210     0.00000000     0.00000000
  -23.7512504     0.00000000     0.00000000
  -23.7395799     0.00000000     0.00000000
  -23.7279093     0.00000000     0.00000000
  -23.7162387     0.00000000     0.00000000
  -23.7045682     0.00000000     0.00000000
  -23.6928976     0.00000000     0.00000000
  -23.6812271     0.00000000     0.00000000
  -23.6695565     0.00000000     0.00000000
  -23.6578860     0.00000000     0.00000000
  -23.6462154     0.00000000     0.00000000
  -23.6345448     0.00000000     0.00000000
  -23.6228743     0.00000000     0.00000000
  -23.6112037     0.00000000     0.00000000
  -23.5995332     0.00000000     0.00000000
  -23.5878626     0.00000000     0.00000000
  -23.5761921     0.00000000     0.00000000
  -23.5645215     0.00000000     0.00000000
  -23.5528510     0.00000000     0.00000000
  -23.5411804     0.00000000     0.00000000
  -23.5295098     0.00000000     0.00000000
  -23.5178393     0.00000000     0.00000000
  -23.5061687     0.00000000     0.00000000
  -23.4944982     0.00000000     0.00000000
  -23.4828276     0.00000000     0.00000000
  -23.4711571     0.00000000     0.00000000
  -23.4594865     0.00000000     0.00000000
  -23.4478159     0.00000000     0.00000000
  -23.4361454     0.00000000     0.00000000
  -23.4244748     0.00000000     0.00000000
  -23.4128043     0.00000000     0.00000000
  -23.4011337     0.00000000     0.00000000
  -23.3894632     0.00000000     0.00000000
  -23.3777926     0.00000000     0.00000000
  -23.3661220     0.00000000     0.00000000
  -23.3544515     0.00000000     0.00000000
  -23.3427809     0.00000000     0.00000000
  -23.3311104     0.00000000     0.00000000
  -23.3194398     0.00000000     0.00000000
  -23.3077693     0.00000000     0.00000000
  -23.2960987     0.00000000     0.00000000
  -23.2844281     0.00000000     0.00000000
  -23.2727576     0.00000000     0.00000000
  -23.2610870     0.00000000     0.00000000
  -23.2494165     0.00000000     0.00000000
  -23.2377459     0.00000000     0.00000000
  -23.2260754     0.00000000     0.00000000
  -23.2144048     0.00000000     0.00000000
  -23.2027342     0.00000000     0.00000000
  -23.1910637     0.00000000     0.00000000
  -23.1793931     0.00000000     0.00000000
  -23.1677226     0.00000000     0.00000000
  -23.1560520     0.00000000     0.00000000
  -23.1443815     0.00000000     0.00000000
  -23.1327109     0.00000000     0.00000000
  -23.1210403     0.00000000     0.00000000
  -23.1093698     0.00000000     0.00000000
  -23.0976992     0.00000000     0.00000000
  -23.0860287     0.00000000     0.00000000
  -23.0743581     0.00000000     0.00000000
  -23.0626876     0.00000000     0.00000000
  -23.0510170     0.00000000     0.00000000
  -23.0393464     0.00000000     0.00000000
  -23.0276759     0.00000000     0.00000000
  -23.0160053     0.00000000     0.00000000
  -23.0043348     0.00000000     0.00000000
  -22.9926642     0.00000000     0.00000000
  -22.9809937     0.00000000     0.00000000
  -22.9693231     0.00000000     0.00000000
  -22.9576526     0.00000000     0.00000000
  -22.9459820     0.00000000     0.00000000
  -22.9343114     0.00000000     0.00000000
  -22.9226409     0.00000000     0.00000000
  -22.9109703     0.00000000     0.00000000
  -22.8992998     0.00000000     0.00000000
  -22.8876292     0.00000000     0.00000000
  -22.8759587     0.00000000     0.00000000
  -22.8642881     0.00000000     0.00000000
  -22.8526175     0.00000000     0.00000000
  -22.8409470     0.00000000     0.00000000
  -22.8292764     0.00000000     0.00000000
  -22.8176059     0.00000000     0.00000000
  -22.8059353     0.00000000     0.00000000
  -22.7942648     0.00000000     0.00000000
  -22.7825942     0.00000000     0.00000000
  -22.7709236     0.00000000     0.00000000
  -22.7592531     0.00000000     0.00000000
  -22.7475825     0.00000000     0.00000000
  -22.7359120     0.00000000     0.00000000
  -22.7242414     0.00000000     0.00000000
  -22.7125709     0.00000000     0.00000000
  -22.7009003     0.00000000     0.00000000
  -22.6892297     0.00000000     0.00000000
  -22.6775592     0.00000000     0.00000000
  -22.6658886     0.00000000     0.00000000
  -22.6542181     0.00000000     0.00000000
  -22.6425475     0.00000000     0.00000000
  -22.6308770     0.00000000     0.00000000
  -22.6192064     0.00000000     0.00000000
  -22.6075358     0.00000000     0.00000000
  -22.5958653     0.00000000     0.00000000
  -22.5841947     0.00000000     0.00000000
  -22.5725242     0.00000000     0.00000000
  -22.5608536     0.00000000     0.00000000
  -22.5491831     0.00000000     0.00000000
  -22.5375125     0.00000000     0.00000000
  -22.5258419     0.00000000     0.00000000
  -22.5141714     0.00000000     0.00000000
  -22.5025008     0.00000000     0.00000000
  -22.4908303     0.00000000     0.00000000
  -22.4791597     0.00000000     0.00000000
  -22.4674892     0.00000000     0.00000000
  -22.4558186     0.00000000     0.00000000
  -22.4441480     0.00000000     0.00000000
  -22.4324775     0.00000000     0.00000000
  -22.4208069     0.00000000     0.00000000
  -22.4091364     0.00000000     0.00000000
  -22.3974658     0.00000000     0.00000000
  -22.3857953     0.00000000     0.00000000
  -22.3741247     0.00000000     0.00000000
  -22.3624542     0.00000000     0.00000000
  -22.3507836     0.00000000     0.00000000
  -22.3391130     0.00000000     0.00000000
  -22.3274425     0.00000000     0.00000000
  -22.3157719     0.00000000     0.00000000
  -22.3041014     0.00000000     0.00000000
  -22.2924308     0.00000000     0.00000000
  -22.2807603     0.00000000     0.00000000
  -22.2690897     0.00000000     0.00000000
  -22.2574191     0.00000000     0.00000000
  -22.2457486     0.00000000     0.00000000
  -22.2340780     0.00000000     0.00000000
  -22.2224075     0.00000000     0.00000000
  -22.2107369     0.00000000     0.00000000
  -22.1990664     0.00000000     0.00000000
  -22.1873958     0.00000000     0.00000000
  -22.1757252     0.00000000     0.00000000
  -22.1640547     0.00000000     0.00000000
  -22.1523841     0.00000000     0.00000000
  -22.1407136     0.00000000     0.00000000
  -22.1290430     0.00000000     0.00000000
  -22.1173725     0.00000000     0.00000000
  -22.1057019     0.00000000     0.00000000
  -22.0940313     0.00000000     0.00000000
  -22.0823608     0.00000000     0.00000000
  -22.0706902     0.00000000     0.00000000
  -22.0590197     0.00000000     0.00000000
  -22.0473491     0.00000000     0.00000000
  -22.0356786     0.00000000     0.00000000
  -22.0240080     0.00000000     0.00000000
  -22.0123374     0.00000000     0.00000000
  -22.0006669     0.00000000     0.00000000
  -21.9889963     0.00000000     0.00000000
  -21.9773258     0.00000000     0.00000000
  -21.9656552     0.00000000     0.00000000
  -21.9539847     0.00000000     0.00000000
  -21.9423141     0.00000000     0.00000000
  -21.9306435     0.00000000     0.00000000
  -21.9189730     0.00000000     0.00000000
  -21.9073024     0.00000000     0.00000000
  -21.8956319     0.00000000     0.00000000
  -21.8839613     0.00000000     0.00000000
  -21.8722908     0.00000000     0.00000000
  -21.8606202     0.00000000     0.00000000
  -21.8489496     0.00000000     0.00000000
  -21.8372791     0.00000000     0.00000000
  -21.8256085     0.00000000     0.00000000
  -21.8139380     0.00000000     0.00000000
  -21.8022674     0.00000000     0.00000000
  -21.7905969     0.00000000     0.00000000
  -21.7789263     0.00000000     0.00000000
  -21.7672558     0.00000000     0.00000000
  -21.7555852     0.00000000     0.00000000
  -21.7439146     0.00000000     0.00000000
  -21.7322441     0.00000000     0.00000000
  -21.7205735     0.00000000     0.00000000
  -21.7089030     0.00000000     0.00000000
  -21.6972324     0.00000000     0.00000000
  -21.6855619     0.00000000     0.00000000
  -21.6738913     0.00000000     0.00000000
  -21.6622207     0.00000000     0.00000000
  -21.6505502     0.00000000     0.00000000
  -21.6388796     0.00000000     0.00000000
  -21.6272091     0.00000000     0.00000000
  -21.6155385     0.00000000     0.00000000
  -21.6038680     0.00000000     0.00000000
  -21.5921974     0.00000000     0.00000000
  -21.5805268     0.00000000     0.00000000
  -21.5688563     0.00000000     0.00000000
  -21.5571857     0.00000000     0.00000000
  -21.5455152     0.00000000     0.00000000
  -21.5338446     0.00000000     0.00000000
  -21.5221741     0.00000000     0.00000000
  -21.5105035     0.00000000     0.00000000
  -21.4988329     0.00000000     0.00000000
  -21.4871624     0.00000000     0.00000000
  -21.4754918     0.00000000     0.00000000
  -21.4638213     0.00000000     0.00000000
  -21.4521507     0.00000000     0.00000000
  -21.4404802     0.00000000     0.00000000
  -21.4288096     0.00000000     0.00000000
  -21.4171390     0.00000000     0.00000000
  -21.4054685     0.00000000     0.00000000
  -21.3937979     0.00000000     0.00000000
  -21.3821274     0.00000000     0.00000000
  -21.3704568     0.00000000     0.00000000
  -21.3587863     0.00000000     0.00000000
  -21.3471157     0.00000000     0.00000000
  -21.3354451     0.00000000     0.00000000
  -21.3237746     0.00000000     0.00000000
  -21.3121040     0.00000000     0.00000000
  -21.3004335     0.00000000     0.00000000
  -21.2887629     0.00000000     0.00000000
  -21.2770924     0.00000000     0.00000000
  -21.2654218     0.00000000     0.00000000
  -21.2537513     0.00000000     0.00000000
  -21.2420807     0.00000000     0.00000000
  -21.2304101     0.00000000     0.00000000
  -21.2187396     0.00000000     0.00000000
  -21.2070690     0.00000000     0.00000000
  -21.1953985     0.00000000     0.00000000
  -21.1837279     0.00000000     0.00000000
  -21.1720574     0.00000000     0.00000000
  -21.1603868     0.00000000     0.00000000
  -21.1487162     0.00000000     0.00000000
  -21.1370457     0.00000000     0.00000000
  -21.1253751     0.00000000     0.00000000
  -21.1137046     0.00000000     0.00000000
  -21.1020340     0.00000000     0.00000000
  -21.0903635     0.00000000     0.00000000
  -21.0786929     0.00000000     0.00000000
  -21.0670223     0.00000000     0.00000000
  -21.0553518     0.00000000     0.00000000
  -21.0436812     0.00000000     0.00000000
  -21.0320107     0.00000000     0.00000000
  -21.0203401     0.00000000     0.00000000
  -21.0086696     0.00000000     0.00000000
  -20.9969990     0.00000000     0.00000000
  -20.9853284     0.00000000     0.00000000
  -20.9736579     0.00000000     0.00000000
  -20.9619873     0.00000000     0.00000000
  -20.9503168     0.00000000     0.00000000
  -20.9386462     0.00000000     0.00000000
  -20.9269757     0.00000000     0.00000000
  -20.9153051     0.00000000     0.00000000
  -20.9036345     0.00000000     0.00000000
  -20.8919640     0.00000000     0.00000000
  -20.8802934     0.00000000     0.00000000
  -20.8686229     0.00000000     0.00000000
  -20.8569523     0.00000000     0.00000000
  -20.8452818     0.00000000     0.00000000
  -20.8336112     0.00000000     0.00000000
  -20.8219406     0.00000000     0.00000000
  -20.8102701     0.00000000     0.00000000
  -20.7985995     0.00000000     0.00000000
  -20.7869290     0.00000000     0.00000000
  -20.7752584     0.00000000     0.00000000
  -20.7635879     0.00000000     0.00000000
  -20.7519173     0.00000000     0.00000000
  -20.7402467     0.00000000     0.00000000
  -20.7285762     0.00000000     0.00000000
  -20.7169056     0.00000000     0.00000000
  -20.7052351     0.00000000     0.00000000
  -20.6935645     0.00000000     0.00000000
  -20.6818940     0.00000000     0.00000000
  -20.6702234     0.00000000     0.00000000
  -20.6585529     0.00000000     0.00000000
  -20.6468823     0.00000000     0.00000000
  -20.6352117     0.00000000     0.00000000
  -20.6235412     0.00000000     0.00000000
  -20.6118706     0.00000000     0.00000000
  -20.6002001     0.00000000     0.00000000
  -20.5885295     0.00000000     0.00000000
  -20.5768590     0.00000000     0.00000000
  -20.5651884     0.00000000     0.00000000
  -20.5535178     0.00000000     0.00000000
  -20.5418473     0.00000000     0.00000000
  -20.5301767     0.00000000     0.00000000
  -20.5185062     0.00000000     0.00000000
  -20.5068356     0.00000000     0.00000000
  -20.4951651     0.00000000     0.00000000
  -20.4834945     0.00000000     0.00000000
  -20.4718239     0.00000000     0.00000000
  -20.4601534     0.00000000     0.00000000
  -20.4484828     0.00000000     0.00000000
  -20.4368123     0.00000000     0.00000000
  -20.4251417     0.00000000     0.00000000
  -20.4134712     0.00000000     0.00000000
  -20.4018006     0.00000000     0.00000000
  -20.3901300     0.00000000     0.00000000
  -20.3784595     0.00000000     0.00000000
  -20.3667889     0.00000000     0.00000000
  -20.3551184     0.00000000     0.00000000
  -20.3434478     0.00000000     0.00000000
  -20.3317773     0.00000000     0.00000000
  -20.3201067     0.00000000     0.00000000
  -20.3084361     0.00000000     0.00000000
  -20.2967656     0.00000000     0.00000000
  -20.2850950     0.00000000     0.00000000
  -20.2734245     0.00000000     0.00000000
  -20.2617539     0.00000000     0.00000000
  -20.2500834     0.00000000     0.00000000
  -20.2384128     0.00000000     0.00000000
  -20.2267422     0.00000000     0.00000000
  -20.2150717     0.00000000     0.00000000
  -20.2034011     0.00000000     0.00000000
  -20.1917306     0.00000000     0.00000000
  -20.1800600     0.00000000     0.00000000
  -20.1683895     0.00000000     0.00000000
  -20.1567189     0.00000000     0.00000000
  -20.1450483     0.00000000     0.00000000
  -20.1333778     0.00000000     0.00000000
  -20.1217072     0.00000000     0.00000000
  -20.1100367     0.00000000     0.00000000
  -20.0983661     0.00000000     0.00000000
  -20.0866956     0.00000000     0.00000000
  -20.0750250     0.00000000     0.00000000
  -20.0633545     0.00000000     0.00000000
  -20.0516839     0.00000000     0.00000000
  -20.0400133     0.00000000     0.00000000
  -20.0283428     0.00000000     0.00000000
  -20.0166722     0.00000000     0.00000000
  -20.0050017     0.00000000     0.00000000
  -19.9933311     0.00000000     0.00000000
  -19.9816606     0.00000000     0.00000000
  -19.9699900     0.00000000     0.00000000
  -19.9583194     0.00000000     0.00000000
  -19.9466489     0.00000000     0.00000000
  -19.9349783     0.00000000     0.00000000
  -19.9233078     0.00000000     0.00000000
  -19.9116372     0.00000000     0.00000000
  -19.8999667     0.00000000     0.00000000
  -19.8882961     0.00000000     0.00000000
  -19.8766255     0.00000000     0.00000000
  -19.8649550     0.00000000     0.00000000
  -19.8532844     0.00000000     0.00000000
  -19.8416139     0.00000000     0.00000000
  -19.8299433     0.00000000     0.00000000
  -19.8182728     0.00000000     0.00000000
  -19.8066022     0.00000000     0.00000000
  -19.7949316     0.00000000     0.00000000
  -19.7832611     0.00000000     0.00000000
  -19.7715905     0.00000000     0.00000000
  -19.7599200     0.00000000     0.00000000
  -19.7482494     0.00000000     0.00000000
  -19.7365789     0.00000000     0.00000000
  -19.7249083     0.00000000     0.00000000
  -19.7132377     0.00000000     0.00000000
  -19.7015672     0.00000000     0.00000000
  -19.6898966     0.00000000     0.00000000
  -19.6782261     0.00000000     0.00000000
  -19.6665555     0.00000000     0.00000000
  -19.6548850     0.00000000     0.00000000
  -19.6432144     0.00000000     0.00000000
  -19.6315438     0.00000000     0.00000000
  -19.6198733     0.00000000     0.00000000
  -19.6082027     0.00000000     0.00000000
  -19.5965322     0.00000000     0.00000000
  -19.5848616     0.00000000     0.00000000
  -19.5731911     0.00000000     0.00000000
  -19.5615205     0.00000000     0.00000000
  -19.5498499     0.00000000     0.00000000
  -19.5381794     0.00000000     0.00000000
  -19.5265088     0.00000000     0.00000000
  -19.5148383     0.00000000     0.00000000
  -19.5031677     0.00000000     0.00000000
  -19.4914972     0.00000000     0.00000000
  -19.4798266     0.00000000     0.00000000
  -19.4681561     0.00000000     0.00000000
  -19.4564855     0.00000000     0.00000000
  -19.4448149     0.00000000     0.00000000
  -19.4331444     0.00000000     0.00000000
  -19.4214738     0.00000000     0.00000000
  -19.4098033     0.00000000     0.00000000
  -19.3981327     0.00000000     0.00000000
  -19.3864622     0.00000000     0.00000000
  -19.3747916     0.00000000     0.00000000
  -19.3631210     0.00000000     0.00000000
  -19.3514505     0.00000000     0.00000000
  -19.3397799     0.00000000     0.00000000
  -19.3281094     0.00000000     0.00000000
  -19.3164388     0.00000000     0.00000000
  -19.3047683     0.00000000     0.00000000
  -19.2930977     0.00000000     0.00000000
  -19.2814271     0.00000000     0.00000000
  -19.2697566     0.00000000     0.00000000
  -19.2580860     0.00000000     0.00000000
  -19.2464155     0.00000000     0.00000000
  -19.2347449     0.00000000     0.00000000
  -19.2230744     0.00000000     0.00000000
  -19.2114038     0.00000000     0.00000000
  -19.1997332     0.00000000     0.00000000
  -19.1880627     0.00000000     0.00000000
  -19.1763921     0.00000000     0.00000000
  -19.1647216     0.00000000     0.00000000
  -19.1530510     0.00000000     0.00000000
  -19.1413805     0.00000000     0.00000000
  -19.1297099     0.00000000     0.00000000
  -19.1180393     0.00000000     0.00000000
  -19.1063688     0.00000000     0.00000000
  -19.0946982     0.00000000     0.00000000
  -19.0830277     0.00000000     0.00000000
  -19.0713571     0.00000000     0.00000000
  -19.0596866     0.00000000     0.00000001
  -19.0480160     0.00000001     0.00000003
  -19.0363454     0.00000003     0.00000010
  -19.0246749     0.00000009     0.00000028
  -19.0130043     0.00000026     0.00000077
  -19.0013338     0.00000069     0.00000198
  -18.9896632     0.00000179     0.00000494
  -18.9779927     0.00000445     0.00001194
  -18.9663221     0.00001072     0.00002809
  -18.9546516     0.00002513     0.00006443
  -18.9429810     0.00005743     0.00014411
  -18.9313104     0.00012800     0.00031428
  -18.9196399     0.00027824     0.00066839
  -18.9079693     0.00058997     0.00138632
  -18.8962988     0.00122032     0.00280447
  -18.8846282     0.00246259     0.00553374
  -18.8729577     0.00484868     0.01065125
  -18.8612871     0.00931546     0.01999968
  -18.8496165     0.01746515     0.03663653
  -18.8379460     0.03195684     0.06547868
  -18.8262754     0.05707079     0.11418365
  -18.8146049     0.09948464     0.19428929
  -18.8029343     0.16928636     0.32259328
  -18.7912638     0.28121696     0.52268755
  -18.7795932     0.45608130     0.82646882
  -18.7679226     0.72218692     1.27533336
  -18.7562521     1.11657145     1.92064842
  -18.7445815     1.68567376     2.82300514
  -18.7329110     2.48501393     4.04973798
  -18.7212404     3.57740725     5.67028573
  -18.7095699     5.02928411     7.74920240
  -18.6978993     6.90485456    10.33701041
  -18.6862287     9.25815999    13.45959244
  -18.6745582    12.12347965    17.10736323
  -18.6628876    15.50505461    21.22592846
  -18.6512171    19.36755908    25.71018072
  -18.6395465    23.62906855    30.40367631
  -18.6278760    28.15831899    35.10460518
  -18.6162054    32.77773003    39.57873626
  -18.6045348    37.27295622    43.57851952
  -18.5928643    41.40870817    46.86629032
  -18.5811937    44.94942131    49.23852782
  -18.5695232    47.68228667    50.54763034
  -18.5578526    49.43945422    50.71784952
  -18.5461821    50.11607725    49.75288219
  -18.5345115    49.68137370    47.73399502
  -18.5228409    48.18097017    44.80916173
  -18.5111704    45.73024991    41.17517239
  -18.4994998    42.49993611    37.05571258
  -18.4878293    38.69637823    32.67880923
  -18.4761587    34.53971066    28.25676658
  -18.4644882    30.24310524    23.97089773
  -18.4528176    25.99578141    19.96223697
  -18.4411470    21.95145451    16.32827432
  -18.4294765    18.22275959    13.12482437
  -18.4178059    14.88114465    10.37157358
  -18.4061354    11.96098671     8.05967449
  -18.3944648     9.46633512     6.15991063
  -18.3827943     7.37871221     4.63031774
  -18.3711237     5.66470175     3.42258443
  -18.3594532     4.28249238     2.48695501
  -18.3477826     3.18698475     1.77565794
  -18.3361120     2.33342577     1.24506046
  -18.3244415     1.67975804     0.85682306
  -18.3127709     1.18797008     0.57832497
  -18.3011004     0.82473596     0.38259227
  -18.2894298     0.56158243     0.24790794
  -18.2777593     0.37475494     0.15723622
  -18.2660887     0.24489538     0.09755685
  -18.2544181     0.15660377     0.05917823
  -18.2427476     0.09793324     0.03507874
  -18.2310770     0.05985669     0.02030981
  -18.2194065     0.03573785     0.01148081
  -18.2077359     0.02083455     0.00633417
  -18.1960654     0.01185532     0.00340976
  -18.1843948     0.00658222     0.00179043
  -18.1727242     0.00356483     0.00091684
  -18.1610537     0.00188282     0.00045776
  -18.1493831     0.00096960     0.00022280
  -18.1377126     0.00048676     0.00010569
  -18.1260420     0.00023818     0.00004886
  -18.1143715     0.00011358     0.00002200
  -18.1027009     0.00005277     0.00000965
  -18.0910303     0.00002389     0.00000412
  -18.0793598     0.00001053     0.00000171
  -18.0676892     0.00000452     0.00000070
  -18.0560187     0.00000189     0.00000027
  -18.0443481     0.00000077     0.00000011
  -18.0326776     0.00000031     0.00000004
  -18.0210070     0.00000012     0.00000001
  -18.0093364     0.00000004     0.00000000
  -17.9976659     0.00000001     0.00000000
  -17.9859953     0.00000000     0.00000000
  -17.9743248     0.00000000     0.00000000
  -17.9626542     0.00000000     0.00000000
  -17.9509837     0.00000000     0.00000000
  -17.9393131     0.00000000     0.00000000
  -17.9276425     0.00000000     0.00000000
  -17.9159720     0.00000000     0.00000000
  -17.9043014     0.00000000     0.00000000
  -17.8926309     0.00000000     0.00000000
  -17.8809603     0.00000000     0.00000000
  -17.8692898     0.00000000     0.00000000
  -17.8576192     0.00000000     0.00000000
  -17.8459486     0.00000000     0.00000000
  -17.8342781     0.00000000     0.00000000
  -17.8226075     0.00000000     0.00000000
  -17.8109370     0.00000000     0.00000000
  -17.7992664     0.00000000     0.00000000
  -17.7875959     0.00000000     0.00000000
  -17.7759253     0.00000000     0.00000000
  -17.7642548     0.00000000     0.00000000
  -17.7525842     0.00000000     0.00000000
  -17.7409136     0.00000000     0.00000000
  -17.7292431     0.00000000     0.00000000
  -17.7175725     0.00000000     0.00000000
  -17.7059020     0.00000000     0.00000000
  -17.6942314     0.00000000     0.00000000
  -17.6825609     0.00000000     0.00000000
  -17.6708903     0.00000000     0.00000000
  -17.6592197     0.00000000     0.00000000
  -17.6475492     0.00000000     0.00000000
  -17.6358786     0.00000000     0.00000000
  -17.6242081     0.00000000     0.00000000
  -17.6125375     0.00000000     0.00000000
  -17.6008670     0.00000000     0.00000000
  -17.5891964     0.00000000     0.00000000
  -17.5775258     0.00000000     0.00000000
  -17.5658553     0.00000000     0.00000000
  -17.5541847     0.00000000     0.00000000
  -17.5425142     0.00000000     0.00000000
  -17.5308436     0.00000000     0.00000000
  -17.5191731     0.00000000     0.00000000
  -17.5075025     0.00000000     0.00000000
  -17.4958319     0.00000000     0.00000000
  -17.4841614     0.00000000     0.00000000
  -17.4724908     0.00000000     0.00000000
  -17.4608203     0.00000000     0.00000000
  -17.4491497     0.00000000     0.00000000
  -17.4374792     0.00000000     0.00000000
  -17.4258086     0.00000000     0.00000000
  -17.4141380     0.00000000     0.00000000
  -17.4024675     0.00000000     0.00000000
  -17.3907969     0.00000000     0.00000000
  -17.3791264     0.00000000     0.00000000
  -17.3674558     0.00000000     0.00000000
  -17.3557853     0.00000000     0.00000000
  -17.3441147     0.00000000     0.00000000
  -17.3324441     0.00000000     0.00000000
  -17.3207736     0.00000000     0.00000000
  -17.3091030     0.00000000     0.00000000
  -17.2974325     0.00000000     0.00000000
  -17.2857619     0.00000000     0.00000000
  -17.2740914     0.00000000     0.00000000
  -17.2624208     0.00000000     0.00000000
  -17.2507503     0.00000000     0.00000000
  -17.2390797     0.00000000     0.00000000
  -17.2274091     0.00000000     0.00000000
  -17.2157386     0.00000000     0.00000000
  -17.2040680     0.00000000     0.00000000
  -17.1923975     0.00000000     0.00000000
  -17.1807269     0.00000000     0.00000000
  -17.1690564     0.00000000     0.00000000
  -17.1573858     0.00000000     0.00000000
  -17.1457152     0.00000000     0.00000000
  -17.1340447     0.00000000     0.00000000
  -17.1223741     0.00000000     0.00000000
  -17.1107036     0.00000000     0.00000000
  -17.0990330     0.00000000     0.00000000
  -17.0873625     0.00000000     0.00000000
  -17.0756919     0.00000000     0.00000000
  -17.0640213     0.00000000     0.00000000
  -17.0523508     0.00000000     0.00000000
  -17.0406802     0.00000000     0.00000000
  -17.0290097     0.00000000     0.00000000
  -17.0173391     0.00000000     0.00000000
  -17.0056686     0.00000000     0.00000000
  -16.9939980     0.00000000     0.00000000
  -16.9823274     0.00000000     0.00000000
  -16.9706569     0.00000000     0.00000000
  -16.9589863     0.00000000     0.00000000
  -16.9473158     0.00000000     0.00000000
  -16.9356452     0.00000000     0.00000000
  -16.9239747     0.00000000     0.00000000
  -16.9123041     0.00000000     0.00000000
  -16.9006335     0.00000000     0.00000000
  -16.8889630     0.00000000     0.00000000
  -16.8772924     0.00000000     0.00000000
  -16.8656219     0.00000000     0.00000000
  -16.8539513     0.00000000     0.00000000
  -16.8422808     0.00000000     0.00000000
  -16.8306102     0.00000000     0.00000000
  -16.8189396     0.00000000     0.00000000
  -16.8072691     0.00000000     0.00000000
  -16.7955985     0.00000000     0.00000000
  -16.7839280     0.00000000     0.00000000
  -16.7722574     0.00000000     0.00000000
  -16.7605869     0.00000000     0.00000000
  -16.7489163     0.00000000     0.00000000
  -16.7372457     0.00000000     0.00000000
  -16.7255752     0.00000000     0.00000000
  -16.7139046     0.00000000     0.00000000
  -16.7022341     0.00000000     0.00000000
  -16.6905635     0.00000000     0.00000000
  -16.6788930     0.00000000     0.00000000
  -16.6672224     0.00000000     0.00000000
  -16.6555519     0.00000000     0.00000000
  -16.6438813     0.00000000     0.00000000
  -16.6322107     0.00000000     0.00000000
  -16.6205402     0.00000000     0.00000000
  -16.6088696     0.00000000     0.00000000
  -16.5971991     0.00000000     0.00000000
  -16.5855285     0.00000000     0.00000000
  -16.5738580     0.00000000     0.00000000
  -16.5621874     0.00000000     0.00000000
  -16.5505168     0.00000000     0.00000000
  -16.5388463     0.00000000     0.00000000
  -16.5271757     0.00000000     0.00000000
  -16.5155052     0.00000000     0.00000000
  -16.5038346     0.00000000     0.00000000
  -16.4921641     0.00000000     0.00000000
  -16.4804935     0.00000000     0.00000000
  -16.4688229     0.00000000     0.00000000
  -16.4571524     0.00000000     0.00000000
  -16.4454818     0.00000000     0.00000000
  -16.4338113     0.00000000     0.00000000
  -16.4221407     0.00000000     0.00000000
  -16.4104702     0.00000000     0.00000000
  -16.3987996     0.00000000     0.00000000
  -16.3871290     0.00000000     0.00000000
  -16.3754585     0.00000000     0.00000000
  -16.3637879     0.00000000     0.00000000
  -16.3521174     0.00000000     0.00000000
  -16.3404468     0.00000000     0.00000000
  -16.3287763     0.00000000     0.00000000
  -16.3171057     0.00000000     0.00000000
  -16.3054351     0.00000000     0.00000000
  -16.2937646     0.00000000     0.00000000
  -16.2820940     0.00000000     0.00000000
  -16.2704235     0.00000000     0.00000000
  -16.2587529     0.00000000     0.00000000
  -16.2470824     0.00000000     0.00000000
  -16.2354118     0.00000000     0.00000000
  -16.2237412     0.00000000     0.00000000
  -16.2120707     0.00000000     0.00000000
  -16.2004001     0.00000000     0.00000000
  -16.1887296     0.00000000     0.00000000
  -16.1770590     0.00000000     0.00000000
  -16.1653885     0.00000000     0.00000000
  -16.1537179     0.00000000     0.00000000
  -16.1420473     0.00000000     0.00000000
  -16.1303768     0.00000000     0.00000000
  -16.1187062     0.00000000     0.00000000
  -16.1070357     0.00000000     0.00000000
  -16.0953651     0.00000000     0.00000000
  -16.0836946     0.00000000     0.00000000
  -16.0720240     0.00000000     0.00000000
  -16.0603535     0.00000000     0.00000000
  -16.0486829     0.00000000     0.00000000
  -16.0370123     0.00000000     0.00000000
  -16.0253418     0.00000000     0.00000000
  -16.0136712     0.00000000     0.00000000
  -16.0020007     0.00000000     0.00000000
  -15.9903301     0.00000000     0.00000000
  -15.9786596     0.00000000     0.00000000
  -15.9669890     0.00000000     0.00000000
  -15.9553184     0.00000000     0.00000000
  -15.9436479     0.00000000     0.00000000
  -15.9319773     0.00000000     0.00000000
  -15.9203068     0.00000000     0.00000000
  -15.9086362     0.00000000     0.00000000
  -15.8969657     0.00000000     0.00000000
  -15.8852951     0.00000000     0.00000000
  -15.8736245     0.00000000     0.00000000
  -15.8619540     0.00000000     0.00000000
  -15.8502834     0.00000000     0.00000000
  -15.8386129     0.00000000     0.00000000
  -15.8269423     0.00000000     0.00000000
  -15.8152718     0.00000000     0.00000000
  -15.8036012     0.00000000     0.00000000
  -15.7919306     0.00000000     0.00000000
  -15.7802601     0.00000000     0.00000000
  -15.7685895     0.00000000     0.00000000
  -15.7569190     0.00000000     0.00000000
  -15.7452484     0.00000000     0.00000000
  -15.7335779     0.00000000     0.00000000
  -15.7219073     0.00000000     0.00000000
  -15.7102367     0.00000000     0.00000000
  -15.6985662     0.00000000     0.00000000
  -15.6868956     0.00000000     0.00000000
  -15.6752251     0.00000000     0.00000000
  -15.6635545     0.00000000     0.00000000
  -15.6518840     0.00000000     0.00000000
  -15.6402134     0.00000000     0.00000000
  -15.6285428     0.00000000     0.00000000
  -15.6168723     0.00000000     0.00000000
  -15.6052017     0.00000000     0.00000000
  -15.5935312     0.00000000     0.00000000
  -15.5818606     0.00000000     0.00000000
  -15.5701901     0.00000000     0.00000000
  -15.5585195     0.00000000     0.00000000
  -15.5468489     0.00000000     0.00000000
  -15.5351784     0.00000000     0.00000000
  -15.5235078     0.00000000     0.00000000
  -15.5118373     0.00000000     0.00000000
  -15.5001667     0.00000000     0.00000000
  -15.4884962     0.00000000     0.00000000
  -15.4768256     0.00000000     0.00000000
  -15.4651551     0.00000000     0.00000000
  -15.4534845     0.00000000     0.00000000
  -15.4418139     0.00000000     0.00000000
  -15.4301434     0.00000000     0.00000000
  -15.4184728     0.00000000     0.00000000
  -15.4068023     0.00000000     0.00000000
  -15.3951317     0.00000000     0.00000000
  -15.3834612     0.00000000     0.00000000
  -15.3717906     0.00000000     0.00000000
  -15.3601200     0.00000000     0.00000000
  -15.3484495     0.00000000     0.00000000
  -15.3367789     0.00000000     0.00000000
  -15.3251084     0.00000000     0.00000000
  -15.3134378     0.00000000     0.00000000
  -15.3017673     0.00000000     0.00000000
  -15.2900967     0.00000000     0.00000000
  -15.2784261     0.00000000     0.00000000
  -15.2667556     0.00000000     0.00000000
  -15.2550850     0.00000000     0.00000000
  -15.2434145     0.00000000     0.00000000
  -15.2317439     0.00000000     0.00000000
  -15.2200734     0.00000000     0.00000000
  -15.2084028     0.00000000     0.00000000
  -15.1967322     0.00000000     0.00000000
  -15.1850617     0.00000000     0.00000000
  -15.1733911     0.00000000     0.00000000
  -15.1617206     0.00000000     0.00000000
  -15.1500500     0.00000000     0.00000000
  -15.1383795     0.00000000     0.00000000
  -15.1267089     0.00000000     0.00000000
  -15.1150383     0.00000000     0.00000000
  -15.1033678     0.00000000     0.00000000
  -15.0916972     0.00000000     0.00000000
  -15.0800267     0.00000000     0.00000000
  -15.0683561     0.00000000     0.00000000
  -15.0566856     0.00000000     0.00000000
  -15.0450150     0.00000000     0.00000000
  -15.0333444     0.00000000     0.00000000
  -15.0216739     0.00000000     0.00000000
  -15.0100033     0.00000000     0.00000000
  -14.9983328     0.00000000     0.00000000
  -14.9866622     0.00000000     0.00000000
  -14.9749917     0.00000000     0.00000000
  -14.9633211     0.00000000     0.00000000
  -14.9516506     0.00000000     0.00000000
  -14.9399800     0.00000000     0.00000000
  -14.9283094     0.00000000     0.00000000
  -14.9166389     0.00000000     0.00000000
  -14.9049683     0.00000000     0.00000000
  -14.8932978     0.00000000     0.00000000
  -14.8816272     0.00000000     0.00000000
  -14.8699567     0.00000000     0.00000000
  -14.8582861     0.00000000     0.00000000
  -14.8466155     0.00000000     0.00000000
  -14.8349450     0.00000000     0.00000000
  -14.8232744     0.00000000     0.00000000
  -14.8116039     0.00000000     0.00000000
  -14.7999333     0.00000000     0.00000000
  -14.7882628     0.00000000     0.00000000
  -14.7765922     0.00000000     0.00000000
  -14.7649216     0.00000000     0.00000000
  -14.7532511     0.00000000     0.00000000
  -14.7415805     0.00000000     0.00000000
  -14.7299100     0.00000000     0.00000000
  -14.7182394     0.00000000     0.00000000
  -14.7065689     0.00000000     0.00000000
  -14.6948983     0.00000000     0.00000000
  -14.6832277     0.00000000     0.00000000
  -14.6715572     0.00000000     0.00000000
  -14.6598866     0.00000000     0.00000000
  -14.6482161     0.00000000     0.00000000
  -14.6365455     0.00000000     0.00000000
  -14.6248750     0.00000000     0.00000000
  -14.6132044     0.00000000     0.00000000
  -14.6015338     0.00000000     0.00000000
  -14.5898633     0.00000000     0.00000000
  -14.5781927     0.00000000     0.00000000
  -14.5665222     0.00000000     0.00000000
  -14.5548516     0.00000000     0.00000000
  -14.5431811     0.00000000     0.00000000
  -14.5315105     0.00000000     0.00000000
  -14.5198399     0.00000000     0.00000000
  -14.5081694     0.00000000     0.00000000
  -14.4964988     0.00000000     0.00000000
  -14.4848283     0.00000000     0.00000000
  -14.4731577     0.00000000     0.00000000
  -14.4614872     0.00000000     0.00000000
  -14.4498166     0.00000000     0.00000000
  -14.4381460     0.00000000     0.00000000
  -14.4264755     0.00000000     0.00000000
  -14.4148049     0.00000000     0.00000000
  -14.4031344     0.00000000     0.00000000
  -14.3914638     0.00000000     0.00000000
  -14.3797933     0.00000000     0.00000000
  -14.3681227     0.00000000     0.00000000
  -14.3564522     0.00000000     0.00000000
  -14.3447816     0.00000000     0.00000000
  -14.3331110     0.00000000     0.00000000
  -14.3214405     0.00000000     0.00000000
  -14.3097699     0.00000000     0.00000000
  -14.2980994     0.00000000     0.00000000
  -14.2864288     0.00000000     0.00000000
  -14.2747583     0.00000000     0.00000000
  -14.2630877     0.00000000     0.00000000
  -14.2514171     0.00000000     0.00000000
  -14.2397466     0.00000000     0.00000000
  -14.2280760     0.00000000     0.00000000
  -14.2164055     0.00000000     0.00000000
  -14.2047349     0.00000000     0.00000000
  -14.1930644     0.00000000     0.00000000
  -14.1813938     0.00000001     0.00000000
  -14.1697232     0.00000002     0.00000000
  -14.1580527     0.00000005     0.00000000
  -14.1463821     0.00000010     0.00000000
  -14.1347116     0.00000022     0.00000001
  -14.1230410     0.00000045     0.00000002
  -14.1113705     0.00000090     0.00000005
  -14.0996999     0.00000177     0.00000010
  -14.0880293     0.00000338     0.00000021
  -14.0763588     0.00000630     0.00000044
  -14.0646882     0.00001144     0.00000089
  -14.0530177     0.00002023     0.00000175
  -14.0413471     0.00003486     0.00000336
  -14.0296766     0.00005858     0.00000626
  -14.0180060     0.00009603     0.00001138
  -14.0063354     0.00015361     0.00002016
  -13.9946649     0.00023990     0.00003481
  -13.9829943     0.00036603     0.00005861
  -13.9713238     0.00054599     0.00009625
  -13.9596532     0.00079688     0.00015425
  -13.9479827     0.00113900     0.00024137
  -13.9363121     0.00159599     0.00036901
  -13.9246415     0.00219475     0.00055154
  -13.9129710     0.00296552     0.00080659
  -13.9013004     0.00394190     0.00115519
  -13.8896299     0.00516096     0.00162188
  -13.8779593     0.00666342     0.00223464
  -13.8662888     0.00849365     0.00302496
  -13.8546182     0.01069960     0.00402782
  -13.8429476     0.01333233     0.00528175
  -13.8312771     0.01644518     0.00682893
  -13.8196065     0.02009255     0.00871522
  -13.8079360     0.02432827     0.01098996
  -13.7962654     0.02920372     0.01370557
  -13.7845949     0.03476561     0.01691669
  -13.7729243     0.04105349     0.02067896
  -13.7612538     0.04809669     0.02504730
  -13.7495832     0.05591082     0.03007388
  -13.7379126     0.06449378     0.03580563
  -13.7262421     0.07382184     0.04228136
  -13.7145715     0.08384686     0.04952839
  -13.7029010     0.09449563     0.05755873
  -13.6912304     0.10567270     0.06636516
  -13.6795599     0.11726693     0.07591772
  -13.6678893     0.12916127     0.08616172
  -13.6562187     0.14124344     0.09701823
  -13.6445482     0.15341434     0.10838788
  -13.6328776     0.16559075     0.12015809
  -13.6212071     0.17769972     0.13221237
  -13.6095365     0.18966455     0.14443957
  -13.5978660     0.20138521     0.15673974
  -13.5861954     0.21271908     0.16902380
  -13.5745248     0.22346935     0.18120560
  -13.5628543     0.23338781     0.19318711
  -13.5511837     0.24219578     0.20484090
  -13.5395132     0.24962155     0.21599572
  -13.5278426     0.25544766     0.22643221
  -13.5161721     0.25955695     0.23589362
  -13.5045015     0.26196503     0.24411307
  -13.4928309     0.26282931     0.25085365
  -13.4811604     0.26243036     0.25595297
  -13.4694898     0.26112872     0.25936108
  -13.4578193     0.25930728     0.26116087
  -13.4461487     0.25731355     0.26156420
  -13.4344782     0.25541650     0.26088286
  -13.4228076     0.25378868     0.25948075
  -13.4111370     0.25251744     0.25771903
  -13.3994665     0.25164117     0.25590823
  -13.3877959     0.25119996     0.25427947
  -13.3761254     0.25128661     0.25298180
  -13.3644548     0.25208403     0.25210506
  -13.3527843     0.25387888     0.25172118
  -13.3411137     0.25704671     0.25193142
  -13.3294431     0.26201016     0.25290588
  -13.3177726     0.26917697     0.25490370
  -13.3061020     0.27886777     0.25826689
  -13.2944315     0.29124560     0.26338676
  -13.2827609     0.30625888     0.27064796
  -13.2710904     0.32360804     0.28035914
  -13.2594198     0.34274362     0.29268247
  -13.2477492     0.36289948     0.30757447
  -13.2360787     0.38315947     0.32474969
  -13.2244081     0.40254990     0.34367586
  -13.2127376     0.42014355     0.36360449
  -13.2010670     0.43515737     0.38363538
  -13.1893965     0.44702436     0.40280653
  -13.1777259     0.45542446     0.42019548
  -13.1660554     0.46026752     0.43501370
  -13.1543848     0.46163280     0.44667568
  -13.1427142     0.45968086     0.45482859
  -13.1310437     0.45456188     0.45933695
  -13.1193731     0.44634659     0.46022756
  -13.1077026     0.43500010     0.45761081
  -13.0960320     0.42040835     0.45160107
  -13.0843615     0.40245154     0.44225990
  -13.0726909     0.38110605     0.42957988
  -13.0610203     0.35654769     0.41351536
  -13.0493498     0.32922814     0.39405298
  -13.0376792     0.29990291     0.37130298
  -13.0260087     0.26960123     0.34558556
  -13.0143381     0.23954225     0.31748721
  -13.0026676     0.21101387     0.28786921
  -12.9909970     0.18523811     0.25782253
  -12.9793264     0.16324789     0.22857613
  -12.9676559     0.14579568     0.20137650
  -12.9559853     0.13330607     0.17736154
  -12.9443148     0.12587481     0.15745163
  -12.9326442     0.12330810     0.14227548
  -12.9209737     0.12519006     0.13213943
  -12.9093031     0.13096353     0.12704006
  -12.8976325     0.14000976     0.12671198
  -12.8859620     0.15171527     0.13069775
  -12.8742914     0.16551797     0.13842543
  -12.8626209     0.18092945     0.14928031
  -12.8509503     0.19753446     0.16266082
  -12.8392798     0.21497230     0.17801314
  -12.8276092     0.23290762     0.19484355
  -12.8159386     0.25099924     0.21271175
  -12.8042681     0.26887536     0.23121144
  -12.7925975     0.28612167     0.24994608
  -12.7809270     0.30228578     0.26850762
  -12.7692564     0.31689783     0.28646476
  -12.7575859     0.32950350     0.30336429
  -12.7459153     0.33970315     0.31874626
  -12.7342447     0.34718995     0.33217004
  -12.7225742     0.35177986     0.34324651
  -12.7109036     0.35342832     0.35167002
  -12.6992331     0.35223054     0.35724419
  -12.6875625     0.34840510     0.35989669
  -12.6758920     0.34226266     0.35968005
  -12.6642214     0.33416393     0.35675797
  -12.6525509     0.32447268     0.35137860
  -12.6408803     0.31351089     0.34383844
  -12.6292097     0.30152346     0.33444244
  -12.6175392     0.28865964     0.32346670
  -12.6058686     0.27497564     0.31113097
  -12.5941981     0.26045964     0.29758676
  -12.5825275     0.24507575     0.28292485
  -12.5708570     0.22881894     0.26720192
  -12.5591864     0.21176975     0.25048204
  -12.5475158     0.19413676     0.23288442
  -12.5358453     0.17627685     0.21462686
  -12.5241747     0.15868735     0.19605390
  -12.5125042     0.14197032     0.17764178
  -12.5008336     0.12677486     0.15997665
  -12.4891631     0.11372747     0.14370845
  -12.4774925     0.10336272     0.12948779
  -12.4658219     0.09606535     0.11789672
  -12.4541514     0.09203231     0.10938500
  -12.4424808     0.09125852     0.10422200
  -12.4308103     0.09354618     0.10247047
  -12.4191397     0.09853307     0.10398439
  -12.4074692     0.10573328     0.10842832
  -12.3957986     0.11458278     0.11531287
  -12.3841280     0.12448278     0.12403908
  -12.3724575     0.13483567     0.13394451
  -12.3607869     0.14507091     0.14434552
  -12.3491164     0.15466067     0.15457212
  -12.3374458     0.16312778     0.16399484
  -12.3257753     0.17004994     0.17204480
  -12.3141047     0.17506473     0.17822977
  -12.3024341     0.17787934     0.18214941
  -12.2907636     0.17828675     0.18351163
  -12.2790930     0.17618779     0.18215079
  -12.2674225     0.17161558     0.17804616
  -12.2557519     0.16475690     0.17133737
  -12.2440814     0.15596443     0.16233284
  -12.2324108     0.14575438     0.15150710
  -12.2207402     0.13478668     0.13948448
  -12.2090697     0.12382770     0.12700884
  -12.1973991     0.11369907     0.11490124
  -12.1857286     0.10521849     0.10400993
  -12.1740580     0.09913990     0.09515787
  -12.1623875     0.09610009     0.08909319
  -12.1507169     0.09657721     0.08644705
  -12.1390463     0.10086425     0.08770153
  -12.1273758     0.10905812     0.09316818
  -12.1157052     0.12106241     0.10297639
  -12.1040347     0.13660095     0.11706966
  -12.0923641     0.15523856     0.13520774
  -12.0806936     0.17640591     0.15697341
  -12.0690230     0.19942647     0.18178350
  -12.0573525     0.22354452     0.20890505
  -12.0456819     0.24795415     0.23747830
  -12.0340113     0.27182958     0.26654802
  -12.0223408     0.29435727     0.29510423
  -12.0106702     0.31476951     0.32213186
  -11.9989997     0.33237861     0.34666675
  -11.9873291     0.34661012     0.36785392
  -11.9756586     0.35703281     0.38500241
  -11.9639880     0.36338282     0.39763046
  -11.9523174     0.36557981     0.40549569
  -11.9406469     0.36373276     0.40860634
  -11.9289763     0.35813433     0.40721204
  -11.9173058     0.34924301     0.40177543
  -11.9056352     0.33765346     0.39292811
  -11.8939647     0.32405669     0.38141614
  -11.8822941     0.30919254     0.36804111
  -11.8706235     0.29379822     0.35360253
  -11.8589530     0.27855751     0.33884627
  -11.8472824     0.26405532     0.32442256
  -11.8356119     0.25074242     0.31085543
  -11.8239413     0.23891389     0.29852412
  -11.8122708     0.22870334     0.28765615
  -11.8006002     0.22009304     0.27833079
  -11.7889296     0.21293782     0.27049142
  -11.7772591     0.20699893     0.26396493
  -11.7655885     0.20198301     0.25848627
  -11.7539180     0.19758094     0.25372642
  -11.7422474     0.19350201     0.24932214
  -11.7305769     0.18950039     0.24490635
  -11.7189063     0.18539261     0.24013815
  -11.7072357     0.18106675     0.23473187
  -11.6955652     0.17648570     0.22848429
  -11.6838946     0.17168793     0.22129919
  -11.6722241     0.16678921     0.21320774
  -11.6605535     0.16198847     0.20438299
  -11.6488830     0.15757929     0.19514659
  -11.6372124     0.15396704     0.18596632
  -11.6255418     0.15168939     0.17744407
  -11.6138713     0.15143603     0.17029510
  -11.6022007     0.15406173     0.16532104
  -11.5905302     0.16058556     0.16338005
  -11.5788596     0.17216870     0.16535757
  -11.5671891     0.19006425     0.17214064
  -11.5555185     0.21553414     0.18459638
  -11.5438479     0.24973286     0.20355309
  -11.5321774     0.29356267     0.22977957
  -11.5205068     0.34751208     0.26395635
  -11.5088363     0.41149578     0.30663235
  -11.4971657     0.48471946     0.35816168
  -11.4854952     0.56559473     0.41861938
  -11.4738246     0.65172671     0.48770038
  -11.4621541     0.73998902     0.56461273
  -11.4504835     0.82668935     0.64798231
  -11.4388129     0.90781443     0.73579028
  -11.4271424     0.97933025     0.82536541
  -11.4154718     1.03750333     0.91344889
  -11.4038013     1.07920517     0.99634099
  -11.3921307     1.10216458     1.07012629
  -11.3804602     1.10514123     1.13096061
  -11.3687896     1.08800554     1.17539022
  -11.3571190     1.05172351     1.20066534
  -11.3454485     0.99825622     1.20500728
  -11.3337779     0.93039156     1.18779299
  -11.3221074     0.85153038     1.14963108
  -11.3104368     0.76544950     1.09231868
  -11.2987663     0.67606277     1.01868487
  -11.2870957     0.58719851     0.93234213
  -11.2754251     0.50240765     0.83737904
  -11.2637546     0.42481321     0.73803302
  -11.2520840     0.35700682     0.63838242
  -11.2404135     0.30099256     0.54209065
  -11.2287429     0.25817373     0.45222531
  -11.2170724     0.22937281     0.37116236
  -11.2054018     0.21487268     0.30057308
  -11.1937312     0.21446610     0.24148022
  -11.1820607     0.22750258     0.19436267
  -11.1703901     0.25292586     0.15928381
  -11.1587196     0.28930043     0.13601954
  -11.1470490     0.33483093     0.12416601
  -11.1353785     0.38738236     0.12321354
  -11.1237079     0.44451188     0.13258200
  -11.1120373     0.50352270     0.15162037
  -11.1003668     0.56154878     0.17958047
  -11.0886962     0.61567463     0.21557858
  -11.0770257     0.66308824     0.25855947
  -11.0653551     0.70125780     0.30727481
  -11.0536846     0.72811590     0.36028252
  -11.0420140     0.74222847     0.41596793
  -11.0303434     0.74292348     0.47258196
  -11.0186729     0.73035612     0.52828922
  -11.0070023     0.70549403     0.58121942
  -10.9953318     0.67001796     0.62951923
  -10.9836612     0.62614701     0.67140667
  -10.9719907     0.57641087     0.70523399
  -10.9603201     0.52340146     0.72956577
  -10.9486495     0.46953923     0.74327498
  -10.9369790     0.41688601     0.74565185
  -10.9253084     0.36702607     0.73651086
  -10.9136379     0.32102350     0.71627325
  -10.9019673     0.27945007     0.68599955
  -10.8902968     0.24246664     0.64735146
  -10.8786262     0.20993500     0.60247383
  -10.8669557     0.18153629     0.55380418
  -10.8552851     0.15687651     0.50383402
  -10.8436145     0.13556614     0.45485877
  -10.8319440     0.11726881     0.40875766
  -10.8202734     0.10172049     0.36684031
  -10.8086029     0.08872508     0.32978308
  -10.7969323     0.07813461     0.29766051
  -10.7852618     0.06982236     0.27005849
  -10.7735912     0.06365606     0.24624152
  -10.7619206     0.05947660     0.22533895
  -10.7502501     0.05708583     0.20651611
  -10.7385795     0.05624485     0.18910346
  -10.7269090     0.05668271     0.17266922
  -10.7152384     0.05811355     0.15703356
  -10.7035679     0.06025881     0.14223383
  -10.6918973     0.06287027     0.12845748
  -10.6802267     0.06574923     0.11596182
  -10.6685562     0.06875773     0.10499837
  -10.6568856     0.07181919     0.09575505
  -10.6452151     0.07490780     0.08832315
  -10.6335445     0.07802838     0.08269018
  -10.6218740     0.08119057     0.07875455
  -10.6102034     0.08438224     0.07635477
  -10.5985328     0.08754757     0.07530459
  -10.5868623     0.09057418     0.07542553
  -10.5751917     0.09329203     0.07657057
  -10.5635212     0.09548484     0.07863467
  -10.5518506     0.09691208     0.08155120
  -10.5401801     0.09733824     0.08527593
  -10.5285095     0.09656466     0.08976211
  -10.5168389     0.09445895     0.09493223
  -10.5051684     0.09097763     0.10065189
  -10.4934978     0.08617861     0.10671171
  -10.4818273     0.08022200     0.11282151
  -10.4701567     0.07335930     0.11861964
  -10.4584862     0.06591280     0.12369781
  -10.4468156     0.05824845     0.12763936
  -10.4351450     0.05074593     0.13006610
  -10.4234745     0.04376991     0.13068708
  -10.4118039     0.03764601     0.12934168
  -10.4001334     0.03264358     0.12602937
  -10.3884628     0.02896648     0.12092075
  -10.3767923     0.02675144     0.11434696
  -10.3651217     0.02607254     0.10676858
  -10.3534512     0.02694964     0.09872833
  -10.3417806     0.02935828     0.09079492
  -10.3301100     0.03323884     0.08350675
  -10.3184395     0.03850317     0.07732357
  -10.3067689     0.04503806     0.07259273
  -10.2950984     0.05270554     0.06953331
  -10.2834278     0.06134133     0.06823784
  -10.2717573     0.07075317     0.06868823
  -10.2600867     0.08072112     0.07078010
  -10.2484161     0.09100160     0.07434880
  -10.2367456     0.10133606     0.07919138
  -10.2250750     0.11146388     0.08508083
  -10.2134045     0.12113754     0.09177205
  -10.2017339     0.13013744     0.09900198
  -10.1900634     0.13828304     0.10648846
  -10.1783928     0.14543784     0.11393314
  -10.1667222     0.15150742     0.12103245
  -10.1550517     0.15643148     0.12749811
  -10.1433811     0.16017307     0.13308514
  -10.1317106     0.16270915     0.13762230
  -10.1200400     0.16402682     0.14103767
  -10.1083695     0.16412764     0.14337248
  -10.0966989     0.16304058     0.14477805
  -10.0850283     0.16084095     0.14549445
  -10.0733578     0.15767044     0.14581384
  -10.0616872     0.15375247     0.14603494
  -10.0500167     0.14939759     0.14641768
  -10.0383461     0.14499544     0.14714689
  -10.0266756     0.14099294     0.14831241
  -10.0150050     0.13786142     0.14990904
  -10.0033344     0.13605752     0.15185614
   -9.9916639     0.13598393     0.15403211
   -9.9799933     0.13795552     0.15631683
   -9.9683228     0.14217481     0.15863310
   -9.9566522     0.14871860     0.16097912
   -9.9449817     0.15753511     0.16344547
   -9.9333111     0.16844980     0.16621310
   -9.9216405     0.18117715     0.16953230
   -9.9099700     0.19533602     0.17368554
   -9.8982994     0.21046773     0.17894024
   -9.8866289     0.22605647     0.18549862
   -9.8749583     0.24155319     0.19345285
   -9.8632878     0.25640382     0.20275249
   -9.8516172     0.27008208     0.21318936
   -9.8399466     0.28212548     0.22440268
   -9.8282761     0.29217130     0.23590399
   -9.8166055     0.29998764     0.24711896
   -9.8049350     0.30549409     0.25744123
   -9.7932644     0.30876699     0.26629204
   -9.7815939     0.31002668     0.27317931
   -9.7699233     0.30960718     0.27774972
   -9.7582528     0.30791274     0.27982850
   -9.7465822     0.30536875     0.27944218
   -9.7349116     0.30237623     0.27682112
   -9.7232411     0.29927868     0.27238034
   -9.7115705     0.29634737     0.26667959
   -9.6999000     0.29378672     0.26036611
   -9.6882294     0.29175652     0.25410662
   -9.6765588     0.29040365     0.24851716
   -9.6648883     0.28989340     0.24410067
   -9.6532177     0.29043110     0.24120107
   -9.6415472     0.29226740     0.23998044
   -9.6298766     0.29568491     0.24042120
   -9.6182061     0.30096929     0.24235134
   -9.6065355     0.30837106     0.24548626
   -9.5948649     0.31806733     0.24947917
   -9.5831944     0.33013127     0.25397175
   -9.5715238     0.34451536     0.25863928
   -9.5598533     0.36105019     0.26322699
   -9.5481827     0.37945704     0.26757799
   -9.5365122     0.39936940     0.27165413
   -9.5248416     0.42035760     0.27555123
   -9.5131711     0.44195109     0.27950823
   -9.5015005     0.46365464     0.28390721
   -9.4898299     0.48495752     0.28925953
   -9.4781594     0.50533694     0.29617325
   -9.4664888     0.52425878     0.30529914
   -9.4548183     0.54117968     0.31725717
   -9.4431477     0.55555403     0.33255011
   -9.4314772     0.56684854     0.35147586
   -9.4198066     0.57456532     0.37405235
   -9.4081360     0.57827251     0.39996891
   -9.3964655     0.57763986     0.42857402
   -9.3847949     0.57247550     0.45890409
   -9.3731244     0.56275951     0.48975071
   -9.3614538     0.54867040     0.51975745
   -9.3497833     0.53060103     0.54753288
   -9.3381127     0.50916196     0.57176445
   -9.3264422     0.48517089     0.59131936
   -9.3147716     0.45962793     0.60532174
   -9.3031010     0.43367689     0.61320085
   -9.2914305     0.40855358     0.61471014
   -9.2797599     0.38552281     0.60992124
   -9.2680894     0.36580747     0.59919962
   -9.2564188     0.35051490     0.58316907
   -9.2447483     0.34056745     0.56267070
   -9.2330777     0.33664551     0.53871996
   -9.2214071     0.33915097     0.51246231
   -9.2097366     0.34819672     0.48512676
   -9.1980660     0.36362395     0.45797569
   -9.1863955     0.38504357     0.43225071
   -9.1747249     0.41189323     0.40911632
   -9.1630543     0.44349765     0.38960527
   -9.1513838     0.47912003     0.37457150
   -9.1397132     0.51799476     0.36465649
   -9.1280427     0.55933805     0.36027335
   -9.1163721     0.60234003     0.36160970
   -9.1047016     0.64614889     0.36864688
   -9.0930310     0.68986051     0.38118929
   -9.0813605     0.73252678     0.39889631
   -9.0696899     0.77318961     0.42130944
   -9.0580193     0.81093962     0.44787052
   -9.0463488     0.84498874     0.47793119
   -9.0346782     0.87474001     0.51075809
   -9.0230077     0.89983536     0.54554157
   -9.0113371     0.92016718     0.58141576
   -8.9996666     0.93584819     0.61749519
   -8.9879960     0.94714622     0.65292779
   -8.9763254     0.95440100     0.68695833
   -8.9646549     0.95794642     0.71899113
   -8.9529843     0.95806089     0.74863913
   -8.9413138     0.95496117     0.77574795
   -8.9296432     0.94884234     0.80038835
   -8.9179727     0.93995223     0.82281762
   -8.9063021     0.92867740     0.84341672
   -8.8946315     0.91561178     0.86261481
   -8.8829610     0.90158210     0.88081392
   -8.8712904     0.88761413     0.89832494
   -8.8596199     0.87483911     0.91532198
   -8.8479493     0.86435588     0.93181811
   -8.8362788     0.85707683     0.94766208
   -8.8246082     0.85359149     0.96255407
   -8.8129377     0.85407812     0.97607874
   -8.8012671     0.85828340     0.98775414
   -8.7895965     0.86557417     0.99709477
   -8.7779260     0.87504952     1.00368488
   -8.7662554     0.88568861     1.00725476
   -8.7545849     0.89650382     1.00774878
   -8.7429143     0.90667048     1.00537156
   -8.7312438     0.91561252     1.00059966
   -8.7195732     0.92303493     0.99415040
   -8.7079026     0.92890675     0.98690798
   -8.6962321     0.93340721     0.97981610
   -8.6845615     0.93685300     0.97375498
   -8.6728910     0.93962437     0.96942483
   -8.6612204     0.94210369     0.96725804
   -8.6495498     0.94463365     0.96737592
   -8.6378793     0.94749586     0.96959686
   -8.6262087     0.95090561     0.97349194
   -8.6145382     0.95501635     0.97847445
   -8.6028676     0.95992727     0.98390413
   -8.5911971     0.96568985     0.98918565
   -8.5795265     0.97231180     0.99384398
   -8.5678560     0.97975961     0.99756552
   -8.5561854     0.98796221     1.00020193
   -8.5445148     0.99681798     1.00174085
   -8.5328443     1.00620582     1.00225396
   -8.5211737     1.01599866     1.00183569
   -8.5095032     1.02607528     1.00054727
   -8.4978326     1.03632562     0.99837800
   -8.4861621     1.04664502     0.99523241
   -8.4744915     1.05691559     0.99094606
   -8.4628209     1.06697660     0.98532707
   -8.4511504     1.07659016     0.97821510
   -8.4394798     1.08541165     0.96954566
   -8.4278093     1.09297539     0.95940613
   -8.4161387     1.09870448     0.94807098
   -8.4044682     1.10194879     0.93600761
   -8.3927976     1.10204883     0.92384967
   -8.3811270     1.09841607     0.91234097
   -8.3694565     1.09061530     0.90225808
   -8.3577859     1.07843225     0.89432357
   -8.3461154     1.06191198     0.88912202
   -8.3344448     1.04135942     0.88703016
   -8.3227743     1.01730189     0.88816877
   -8.3111037     0.99042228     0.89238077
   -8.2994331     0.96147841     0.89923635
   -8.2877626     0.93122687     0.90806369
   -8.2760920     0.90036753     0.91800204
   -8.2644215     0.86951878     0.92807295
   -8.2527509     0.83922446     0.93726413
   -8.2410804     0.80998433     0.94461895
   -8.2294098     0.78229372     0.94932278
   -8.2177392     0.75667511     0.95077648
   -8.2060687     0.73368734     0.94864701
   -8.1943981     0.71390444     0.94288772
   -8.1827276     0.69786504     0.93372458
   -8.1710570     0.68600179     0.92161093
   -8.1593865     0.67856673     0.90715896
   -8.1477159     0.67557027     0.89106130
   -8.1360453     0.67674970     0.87401814
   -8.1243748     0.68157675     0.85668386
   -8.1127042     0.68930574     0.83964249
   -8.1010337     0.69905536     0.82341427
   -8.0893631     0.70991031     0.80848780
   -8.0776926     0.72102551     0.79536582
   -8.0660220     0.73171522     0.78460924
   -8.0543515     0.74151276     0.77686381
   -8.0426809     0.75019231     0.77285788
   -8.0310103     0.75775110     0.77336556
   -8.0193398     0.76435776     0.77913763
   -8.0076692     0.77027786     0.79080903
   -7.9959987     0.77579176     0.80879742
   -7.9843281     0.78112042     0.83320919
   -7.9726576     0.78637281     0.86376872
   -7.9609870     0.79152396     0.89978324
   -7.9493164     0.79642637     0.94015029
   -7.9376459     0.80085031     0.98340844
   -7.9259753     0.80454316     1.02782628
   -7.9143048     0.80729395     1.07151945
   -7.9026342     0.80898894     1.11258268
   -7.8909636     0.80964671     1.14922220
   -7.8792931     0.80942635     1.17987509
   -7.8676225     0.80860847     1.20330450
   -7.8559520     0.80755417     1.21866340
   -7.8442814     0.80665110     1.22552391
   -7.8326109     0.80625645     1.22387343
   -7.8209403     0.80664565     1.21408181
   -7.8092698     0.80797275     1.19684643
   -7.7975992     0.81024512     1.17312230
   -7.7859286     0.81331263     1.14404456
   -7.7742581     0.81687029     1.11084900
   -7.7625875     0.82047336     1.07479575
   -7.7509170     0.82356439     1.03709929
   -7.7392464     0.82551224     0.99886811
   -7.7275759     0.82566265     0.96105626
   -7.7159053     0.82339809     0.92442987
   -7.7042347     0.81820268     0.88955064
   -7.6925642     0.80972508     0.85677842
   -7.6808936     0.79783083     0.82629250
   -7.6692231     0.78263543     0.79812949
   -7.6575525     0.76451146     0.77223249
   -7.6458820     0.74406633     0.74850384
   -7.6342114     0.72209199     0.72685248
   -7.6225409     0.69949242     0.70722752
   -7.6108703     0.67719838     0.68963183
   -7.5991997     0.65608101     0.67411424
   -7.5875292     0.63687559     0.66074305
   -7.5758586     0.62012529     0.64956838
   -7.5641881     0.60615092     0.64058334
   -7.5525175     0.59504884     0.63369382
   -7.5408469     0.58671505     0.62870472
   -7.5291764     0.58088993     0.62532621
   -7.5175058     0.57721596     0.62319905
   -7.5058353     0.57529989     0.62193373
   -7.4941647     0.57477115     0.62115633
   -7.4824942     0.57533007     0.62055302
   -7.4708236     0.57678154     0.61990664
   -7.4591531     0.57905237     0.61912117
   -7.4474825     0.58219287     0.61823221
   -7.4358119     0.58636514     0.61740353
   -7.4241414     0.59182156     0.61691105
   -7.4124708     0.59887747     0.61711573
   -7.4008003     0.60788136     0.61842707
   -7.3891297     0.61918516     0.62125883
   -7.3774591     0.63311557     0.62597939
   -7.3657886     0.64994646     0.63286024
   -7.3541180     0.66987149     0.64202747
   -7.3424475     0.69297664     0.65342265
   -7.3307769     0.71921296     0.66677946
   -7.3191064     0.74837222     0.68162197
   -7.3074358     0.78006952     0.69728793
   -7.2957653     0.81373825     0.71297694
   -7.2840947     0.84864282     0.72781948
   -7.2724241     0.88391272     0.74095862
   -7.2607536     0.91859806     0.75163391
   -7.2490830     0.95174289     0.75925581
   -7.2374125     0.98246804     0.76346024
   -7.2257419     1.01005246     0.76413592
   -7.2140714     1.03400056     0.76142147
   -7.2024008     1.05408414     0.75567392
   -7.1907302     1.07035075     0.74741444
   -7.1790597     1.08309491     0.73726008
   -7.1673891     1.09279477     0.72585147
   -7.1557186     1.10002191     0.71378634
   -7.1440480     1.10533713     0.70156651
   -7.1323775     1.10918789     0.68956381
   -7.1207069     1.11182360     0.67800723
   -7.1090364     1.11324337     0.66699065
   -7.0973658     1.11318580     0.65649827
   -7.0856952     1.11116452     0.64644269
   -7.0740247     1.10654527     0.63670957
   -7.0623541     1.09865324     0.62720206
   -7.0506836     1.08689370     0.61787850
   -7.0390130     1.07086643     0.60877802
   -7.0273424     1.05045467     0.60003035
   -7.0156719     1.02587385     0.59184898
   -7.0040013     0.99767189     0.58450922
   -6.9923308     0.96668132     0.57831543
   -6.9806602     0.93393144     0.57356327
   -6.9689897     0.90053522     0.57050317
   -6.9573191     0.86756901     0.56931016
   -6.9456485     0.83596324     0.57006364
   -6.9339780     0.80641908     0.57273783
   -6.9223074     0.77936012     0.57720205
   -6.9106369     0.75492166     0.58322883
   -6.8989663     0.73297392     0.59050754
   -6.8872958     0.71317059     0.59866241
   -6.8756252     0.69501261     0.60727440
   -6.8639547     0.67791687     0.61590702
   -6.8522841     0.66128228     0.62413600
   -6.8406135     0.64454859     0.63158103
   -6.8289430     0.62724585     0.63793662
   -6.8172724     0.60903449     0.64299744
   -6.8056019     0.58973552     0.64667328
   -6.7939313     0.56935006     0.64898999
   -6.7822607     0.54806560     0.65007504
   -6.7705902     0.52624638     0.65012947
   -6.7589196     0.50440573     0.64939092
   -6.7472491     0.48316061     0.64809431
   -6.7355785     0.46317157     0.64643703
   -6.7239080     0.44507492     0.64455426
   -6.7122374     0.42941571     0.64250762
   -6.7005669     0.41659100     0.64028764
   -6.6888963     0.40681112     0.63782777
   -6.6772257     0.40008365     0.63502633
   -6.6655552     0.39622076     0.63177160
   -6.6538846     0.39486712     0.62796606
   -6.6422141     0.39554247     0.62354635
   -6.6305435     0.39769219     0.61849674
   -6.6188730     0.40073930     0.61285531
   -6.6072024     0.40413239     0.60671301
   -6.5955318     0.40738605     0.60020651
   -6.5838613     0.41011153     0.59350643
   -6.5721907     0.41203668     0.58680273
   -6.5605202     0.41301476     0.58028908
   -6.5488496     0.41302236     0.57414789
   -6.5371791     0.41214689     0.56853733
   -6.5255085     0.41056518     0.56358165
   -6.5138380     0.40851505     0.55936557
   -6.5021674     0.40626294     0.55593350
   -6.4904968     0.40407093     0.55329409
   -6.4788263     0.40216645     0.55142963
   -6.4671557     0.40071767     0.55030954
   -6.4554852     0.39981631     0.54990530
   -6.4438146     0.39946902     0.55020388
   -6.4321440     0.39959707     0.55121538
   -6.4204735     0.40004387     0.55297149
   -6.4088029     0.40058923     0.55551247
   -6.3971324     0.40096908     0.55886319
   -6.3854618     0.40089936     0.56300179
   -6.3737913     0.40010221     0.56782754
   -6.3621207     0.39833224     0.57313619
   -6.3504502     0.39540050     0.57861081
   -6.3387796     0.39119321     0.58383375
   -6.3271090     0.38568315     0.58832072
   -6.3154385     0.37893195     0.59157315
   -6.3037679     0.37108317     0.59313994
   -6.2920974     0.36234730     0.59267710
   -6.2804268     0.35298095     0.58999406
   -6.2687563     0.34326354     0.58507773
   -6.2570857     0.33347460     0.57809097
   -6.2454151     0.32387458     0.56934745
   -6.2337446     0.31469094     0.55926994
   -6.2220740     0.30611017     0.54834149
   -6.2104035     0.29827534     0.53705910
   -6.1987329     0.29128779     0.52589703
   -6.1870623     0.28521128     0.51528264
   -6.1753918     0.28007687     0.50558425
   -6.1637212     0.27588698     0.49710717
   -6.1520507     0.27261797     0.49009331
   -6.1403801     0.27022097     0.48472076
   -6.1287096     0.26862162     0.48110142
   -6.1170390     0.26771971     0.47927740
   -6.1053685     0.26738996     0.47921815
   -6.0936979     0.26748505     0.48082106
   -6.0820273     0.26784165     0.48391700
   -6.0703568     0.26828932     0.48828107
   -6.0586862     0.26866162     0.49364686
   -6.0470157     0.26880807     0.49972183
   -6.0353451     0.26860538     0.50620100
   -6.0236746     0.26796645     0.51277731
   -6.0120040     0.26684608     0.51914831
   -6.0003334     0.26524305     0.52502035
   -5.9886629     0.26319885     0.53011238
   -5.9769923     0.26079389     0.53416165
   -5.9653218     0.25814208     0.53693267
   -5.9536512     0.25538485     0.53822965
   -5.9419807     0.25268490     0.53791111
   -5.9303101     0.25021998     0.53590389
   -5.9186395     0.24817629     0.53221362
   -5.9069690     0.24674132     0.52692860
   -5.8952984     0.24609559     0.52021539
   -5.8836279     0.24640340     0.51230563
   -5.8719573     0.24780276     0.50347555
   -5.8602868     0.25039526     0.49402089
   -5.8486162     0.25423664     0.48423076
   -5.8369456     0.25932925     0.47436437
   -5.8252751     0.26561745     0.46463338
   -5.8136045     0.27298674     0.45519204
   -5.8019340     0.28126724     0.44613524
   -5.7902634     0.29024150     0.43750372
   -5.7785929     0.29965596     0.42929426
   -5.7669223     0.30923499     0.42147263
   -5.7552518     0.31869573     0.41398699
   -5.7435812     0.32776212     0.40678005
   -5.7319106     0.33617644     0.39979915
   -5.7202401     0.34370759     0.39300406
   -5.7085695     0.35015589     0.38637286
   -5.6968990     0.35535520     0.37990620
   -5.6852284     0.35917368     0.37363029
   -5.6735578     0.36151479     0.36759837
   -5.6618873     0.36231957     0.36189020
   -5.6502167     0.36157084     0.35660869
   -5.6385462     0.35929857     0.35187328
   -5.6268756     0.35558522     0.34780975
   -5.6152051     0.35056879     0.34453726
   -5.6035345     0.34444151     0.34215387
   -5.5918639     0.33744277     0.34072284
   -5.5801934     0.32984550     0.34026172
   -5.5685228     0.32193716     0.34073674
   -5.5568523     0.31399750     0.34206373
   -5.5451817     0.30627650     0.34411605
   -5.5335112     0.29897629     0.34673875
   -5.5218406     0.29224039     0.34976690
   -5.5101701     0.28615253     0.35304528
   -5.4984995     0.28074546     0.35644615
   -5.4868289     0.27601817     0.35988208
   -5.4751584     0.27195834     0.36331156
   -5.4634878     0.26856554     0.36673645
   -5.4518173     0.26587073     0.37019170
   -5.4401467     0.26394789     0.37372929
   -5.4284762     0.26291532     0.37739954
   -5.4168056     0.26292576     0.38123323
   -5.4051351     0.26414624     0.38522831
   -5.3934645     0.26673056     0.38934358
   -5.3817939     0.27078823     0.39350088
   -5.3701234     0.27635472     0.39759526
   -5.3584528     0.28336774     0.40151157
   -5.3467823     0.29165369     0.40514417
   -5.3351117     0.30092732     0.40841636
   -5.3234411     0.31080573     0.41129592
   -5.3117706     0.32083575     0.41380393
   -5.3001000     0.33053172     0.41601524
   -5.2884295     0.33941893     0.41805043
   -5.2767589     0.34707697     0.42006055
   -5.2650884     0.35317710     0.42220720
   -5.2534178     0.35750872     0.42464134
   -5.2417473     0.35999173     0.42748454
   -5.2300767     0.36067379     0.43081552
   -5.2184061     0.35971389     0.43466445
   -5.2067356     0.35735550     0.43901515
   -5.1950650     0.35389411     0.44381450
   -5.1833945     0.34964395     0.44898619
   -5.1717239     0.34490854     0.45444560
   -5.1600534     0.33995797     0.46011218
   -5.1483828     0.33501456     0.46591650
   -5.1367122     0.33024641     0.47180035
   -5.1250417     0.32576749     0.47771030
   -5.1133711     0.32164215     0.48358632
   -5.1017006     0.31789193     0.48934884
   -5.0900300     0.31450347     0.49488762
   -5.0783594     0.31143690     0.50005597
   -5.0666889     0.30863487     0.50467252
   -5.0550183     0.30603269     0.50853159
   -5.0433478     0.30356944     0.51142122
   -5.0316772     0.30119946     0.51314665
   -5.0200067     0.29890266     0.51355582
   -5.0083361     0.29669141     0.51256299
   -4.9966656     0.29461201     0.51016658
   -4.9849950     0.29273910     0.50645808
   -4.9733244     0.29116307     0.50162010
   -4.9616539     0.28997178     0.49591319
   -4.9499833     0.28922966     0.48965250
   -4.9383128     0.28895810     0.48317712
   -4.9266422     0.28912130     0.47681580
   -4.9149717     0.28962092     0.47085342
   -4.9033011     0.29030145     0.46550235
   -4.8916305     0.29096625     0.46088226
   -4.8799600     0.29140203     0.45701058
   -4.8682894     0.29140794     0.45380462
   -4.8566189     0.29082432     0.45109483
   -4.8449483     0.28955609     0.44864774
   -4.8332778     0.28758647     0.44619632
   -4.8216072     0.28497831     0.44347473
   -4.8099367     0.28186248     0.44025437
   -4.7982661     0.27841499     0.43637766
   -4.7865955     0.27482677     0.43178582
   -4.7749250     0.27127105     0.42653708
   -4.7632544     0.26787422     0.42081222
   -4.7515839     0.26469518     0.41490522
   -4.7399133     0.26171651     0.40919843
   -4.7282427     0.25884895     0.40412400
   -4.7165722     0.25594756     0.40011496
   -4.7049016     0.25283632     0.39755187
   -4.6932311     0.24933604     0.39671199
   -4.6815605     0.24529063     0.39772840
   -4.6698900     0.24058697     0.40056557
   -4.6582194     0.23516615     0.40501639
   -4.6465489     0.22902515     0.41072194
   -4.6348783     0.22221085     0.41721264
   -4.6232077     0.21480898     0.42396520
   -4.6115372     0.20693180     0.43046732
   -4.5998666     0.19870720     0.43628027
   -4.5881961     0.19027141     0.44108966
   -4.5765255     0.18176542     0.44473662
   -4.5648549     0.17333440     0.44722509
   -4.5531844     0.16512799     0.44870490
   -4.5415138     0.15729971     0.44943503
   -4.5298433     0.15000369     0.44973425
   -4.5181727     0.14338845     0.44992812
   -4.5065022     0.13758808     0.45030110
   -4.4948316     0.13271268     0.45106068
   -4.4831610     0.12883993     0.45231724
   -4.4714905     0.12601019     0.45408033
   -4.4598199     0.12422619     0.45626937
   -4.4481494     0.12345800     0.45873466
   -4.4364788     0.12365214     0.46128442
   -4.4248083     0.12474276     0.46371331
   -4.4131377     0.12666233     0.46582924
   -4.4014672     0.12934898     0.46747562
   -4.3897966     0.13274880     0.46854766
   -4.3781260     0.13681228     0.46900123
   -4.3664555     0.14148642     0.46885378
   -4.3547849     0.14670493     0.46817699
   -4.3431144     0.15238003     0.46708178
   -4.3314438     0.15839945     0.46569739
   -4.3197733     0.16463072     0.46414724
   -4.3081027     0.17093304     0.46252511
   -4.2964321     0.17717503     0.46087544
   -4.2847616     0.18325425     0.45918097
   -4.2730910     0.18911376     0.45735950
   -4.2614205     0.19475110     0.45527007
   -4.2497499     0.20021634     0.45272708
   -4.2380794     0.20559857     0.44951977
   -4.2264088     0.21100254     0.44543414
   -4.2147382     0.21651976     0.44027445
   -4.2030677     0.22219958     0.43388248
   -4.1913971     0.22802622     0.42615318
   -4.1797266     0.23390633     0.41704629
   -4.1680560     0.23966994     0.40659354
   -4.1563855     0.24508490     0.39490134
   -4.1447149     0.24988240     0.38214854
   -4.1330443     0.25378936     0.36857927
   -4.1213738     0.25656237     0.35449087
   -4.1097032     0.25801781     0.34021758
   -4.0980327     0.25805394     0.32611130
   -4.0863621     0.25666210     0.31252105
   -4.0746916     0.25392654     0.29977317
   -4.0630210     0.25001375     0.28815420
   -4.0513505     0.24515377     0.27789812
   -4.0396799     0.23961688     0.26917898
   -4.0280093     0.23368872     0.26210942
   -4.0163388     0.22764675     0.25674474
   -4.0046682     0.22174012     0.25309122
   -3.9929977     0.21617390     0.25111694
   -3.9813271     0.21109803     0.25076240
   -3.9696565     0.20660081     0.25194864
   -3.9579860     0.20270672     0.25458058
   -3.9463154     0.19937832     0.25854455
   -3.9346449     0.19652273     0.26370057
   -3.9229743     0.19400311     0.26987137
   -3.9113038     0.19165570     0.27683182
   -3.8996332     0.18931248     0.28430277
   -3.8879626     0.18682822     0.29195330
   -3.8762921     0.18410946     0.29941373
   -3.8646215     0.18114154     0.30629952
   -3.8529510     0.17800893     0.31224361
   -3.8412804     0.17490401     0.31693236
   -3.8296099     0.17212109     0.32013873
   -3.8179393     0.17003422     0.32174629
   -3.8062688     0.16906094     0.32175914
   -3.7945982     0.16961663     0.32029513
   -3.7829276     0.17206664     0.31756366
   -3.7712571     0.17668398     0.31383198
   -3.7595865     0.18361986     0.30938673
   -3.7479160     0.19289137     0.30449810
   -3.7362454     0.20438780     0.29939307
   -3.7245749     0.21789263     0.29424186
   -3.7129043     0.23311578     0.28915849
   -3.7012337     0.24972857     0.28421280
   -3.6895632     0.26739409     0.27944900
   -3.6778926     0.28578754     0.27490485
   -3.6662221     0.30460400     0.27062587
   -3.6545515     0.32355472     0.26667136
   -3.6428810     0.34235585     0.26311143
   -3.6312104     0.36071530     0.26001689
   -3.6195398     0.37832364     0.25744545
   -3.6078693     0.39485317     0.25542859
   -3.5961987     0.40996703     0.25396212
   -3.5845282     0.42333729     0.25300272
   -3.5728576     0.43466867     0.25247045
   -3.5611871     0.44372320     0.25225600
   -3.5495165     0.45034122     0.25223065
   -3.5378459     0.45445490     0.25225699
   -3.5261754     0.45609236     0.25219870
   -3.5145048     0.45537178     0.25192896
   -3.5028343     0.45248677     0.25133720
   -3.4911637     0.44768484     0.25033474
   -3.4794932     0.44124183     0.24885945
   -3.4678226     0.43343503     0.24687949
   -3.4561521     0.42451830     0.24439562
   -3.4444815     0.41470208     0.24144165
   -3.4328109     0.40414121     0.23808222
   -3.4211404     0.39293233     0.23440805
   -3.4094698     0.38112182     0.23052884
   -3.3977993     0.36872308     0.22656491
   -3.3861287     0.35574030     0.22263862
   -3.3744582     0.34219463     0.21886675
   -3.3627876     0.32814732     0.21535451
   -3.3511170     0.31371558     0.21219129
   -3.3394465     0.29907767     0.20944751
   -3.3277759     0.28446650     0.20717165
   -3.3161054     0.27015311     0.20538678
   -3.3044348     0.25642365     0.20408617
   -3.2927642     0.24355457     0.20322866
   -3.2810937     0.23179058     0.20273519
   -3.2694231     0.22132905     0.20248860
   -3.2577526     0.21231259     0.20233863
   -3.2460820     0.20482951     0.20211354
   -3.2344115     0.19892060     0.20163807
   -3.2227409     0.19458907     0.20075612
   -3.2110704     0.19181099     0.19935470
   -3.1993998     0.19054359     0.19738490
   -3.1877292     0.19073008     0.19487535
   -3.1760587     0.19230087     0.19193491
   -3.1643881     0.19517227     0.18874275
   -3.1527176     0.19924423     0.18552670
   -3.1410470     0.20439945     0.18253264
   -3.1293765     0.21050560     0.17998977
   -3.1177059     0.21742168     0.17807719
   -3.1060353     0.22500885     0.17689718
   -3.0943648     0.23314453     0.17645925
   -3.0826942     0.24173775     0.17667731
   -3.0710237     0.25074314     0.17738003
   -3.0593531     0.26017067     0.17833247
   -3.0476826     0.27008871     0.17926579
   -3.0360120     0.28061899     0.17991047
   -3.0243415     0.29192312     0.18002896
   -3.0126709     0.30418192     0.17944350
   -3.0010003     0.31756977     0.17805623
   -2.9893298     0.33222733     0.17585960
   -2.9776592     0.34823574     0.17293643
   -2.9659887     0.36559579     0.16945009
   -2.9543181     0.38421391     0.16562630
   -2.9426475     0.40389625     0.16172883
   -2.9309770     0.42435075     0.15803200
   -2.9193064     0.44519598     0.15479299
   -2.9076359     0.46597524     0.15222718
   -2.8959653     0.48617420     0.15048907
   -2.8842948     0.50524068     0.14966088
   -2.8726242     0.52260579     0.14974998
   -2.8609536     0.53770600     0.15069506
   -2.8492831     0.55000610     0.15238004
   -2.8376125     0.55902310     0.15465348
   -2.8259420     0.56435069     0.15735082
   -2.8142714     0.56568364     0.16031640
   -2.8026009     0.56284104     0.16342239
   -2.7909303     0.55578676     0.16658236
   -2.7792598     0.54464522     0.16975834
   -2.7675892     0.52971018     0.17296081
   -2.7559186     0.51144418     0.17624240
   -2.7442481     0.49046631     0.17968643
   -2.7325775     0.46752695     0.18339223
   -2.7209070     0.44346888     0.18745896
   -2.7092364     0.41917625     0.19196997
   -2.6975659     0.39551481     0.19697934
   -2.6858953     0.37326897     0.20250185
   -2.6742247     0.35308233     0.20850744
   -2.6625542     0.33540926     0.21492067
   -2.6508836     0.32048400     0.22162533
   -2.6392131     0.30831190     0.22847390
   -2.6275425     0.29868453     0.23530120
   -2.6158720     0.29121727     0.24194098
   -2.6042014     0.28540456     0.24824427
   -2.5925308     0.28068590     0.25409744
   -2.5808603     0.27651405     0.25943801
   -2.5691897     0.27241682     0.26426618
   -2.5575192     0.26804494     0.26864984
   -2.5458486     0.26320060     0.27272161
   -2.5341781     0.25784417     0.27666705
   -2.5225075     0.25207984     0.28070436
   -2.5108369     0.24612375     0.28505732
   -2.4991664     0.24026089     0.28992443
   -2.4874958     0.23479767     0.29544845
   -2.4758253     0.23001769     0.30169086
   -2.4641547     0.22614641     0.30861556
   -2.4524842     0.22332841     0.31608487
   -2.4408136     0.22161826     0.32386926
   -2.4291430     0.22098345     0.33166987
   -2.4174725     0.22131598     0.33915074
   -2.4058019     0.22244863     0.34597629
   -2.3941314     0.22417204     0.35184828
   -2.3824608     0.22625028     0.35653701
   -2.3707903     0.22843392     0.35990241
   -2.3591197     0.23047144     0.36190225
   -2.3474492     0.23212051     0.36258717
   -2.3357786     0.23316078     0.36208412
   -2.3241080     0.23340887     0.36057126
   -2.3124375     0.23273465     0.35824900
   -2.3007669     0.23107684     0.35531157
   -2.2890964     0.22845415     0.35192340
   -2.2774258     0.22496895     0.34820332
   -2.2657553     0.22080077     0.34421814
   -2.2540847     0.21618897     0.33998536
   -2.2424141     0.21140631     0.33548345
   -2.2307436     0.20672701     0.33066690
   -2.2190730     0.20239422     0.32548284
   -2.2074025     0.19859217     0.31988614
   -2.1957319     0.19542720     0.31385099
   -2.1840613     0.19292024     0.30737756
   -2.1723908     0.19101110     0.30049416
   -2.1607202     0.18957295     0.29325566
   -2.1490497     0.18843411     0.28573999
   -2.1373791     0.18740339     0.27804409
   -2.1257086     0.18629577     0.27028063
   -2.1140380     0.18495558     0.26257605
   -2.1023675     0.18327531     0.25506973
   -2.0906969     0.18120906     0.24791374
   -2.0790263     0.17877991     0.24127209
   -2.0673558     0.17608071     0.23531868
   -2.0556852     0.17326834     0.23023276
   -2.0440147     0.17055110     0.22619162
   -2.0323441     0.16817038     0.22336010
   -2.0206736     0.16637783     0.22187751
   -2.0090030     0.16541115     0.22184273
   -1.9973324     0.16547168     0.22329917
   -1.9856619     0.16670765     0.22622157
   -1.9739913     0.16920594     0.23050686
   -1.9623208     0.17299352     0.23597123
   -1.9506502     0.17804763     0.24235508
   -1.9389797     0.18431146     0.24933641
   -1.9273091     0.19171062     0.25655222
   -1.9156385     0.20016536     0.26362615
   -1.9039680     0.20959472     0.27019942
   -1.8922974     0.21991149     0.27596165
   -1.8806269     0.23100938     0.28067756
   -1.8689563     0.24274706     0.28420638
   -1.8572858     0.25493487     0.28651125
   -1.8456152     0.26732988     0.28765771
   -1.8339447     0.27964305     0.28780129
   -1.8222741     0.29155903     0.28716616
   -1.8106035     0.30276541     0.28601763
   -1.7989330     0.31298575     0.28463200
   -1.7872624     0.32200926     0.28326755
   -1.7755919     0.32971057     0.28213962
   -1.7639213     0.33605568     0.28140248
   -1.7522507     0.34109323     0.28113891
   -1.7405802     0.34493355     0.28135803
   -1.7289096     0.34772080     0.28200063
   -1.7172391     0.34960407     0.28295087
   -1.7055685     0.35071314     0.28405322
   -1.6938980     0.35114262     0.28513323
   -1.6822274     0.35094597     0.28602088
   -1.6705569     0.35013863     0.28657527
   -1.6588863     0.34870770     0.28670860
   -1.6472157     0.34662531     0.28640713
   -1.6355452     0.34386253     0.28574588
   -1.6238746     0.34040195     0.28489348
   -1.6122041     0.33624776     0.28410404
   -1.6005335     0.33143309     0.28369408
   -1.5888629     0.32602531     0.28400491
   -1.5771924     0.32012951     0.28535381
   -1.5655218     0.31389092     0.28798038
   -1.5538513     0.30749569     0.29199674
   -1.5421807     0.30116990     0.29735115
   -1.5305102     0.29517531     0.30381314
   -1.5188396     0.28980104     0.31098531
   -1.5071691     0.28535019     0.31834180
   -1.4954985     0.28212135     0.32528843
   -1.4838279     0.28038571     0.33123471
   -1.4721574     0.28036204     0.33566539
   -1.4604868     0.28219226     0.33819940
   -1.4488163     0.28592123     0.33862664
   -1.4371457     0.29148416     0.33691804
   -1.4254752     0.29870409     0.33321024
   -1.4138046     0.30730075     0.32777107
   -1.4021340     0.31691015     0.32095576
   -1.3904635     0.32711266     0.31316437
   -1.3787929     0.33746614     0.30480907
   -1.3671224     0.34753997     0.29629618
   -1.3554518     0.35694591     0.28802298
   -1.3437813     0.36536268     0.28038505
   -1.3321107     0.37255199     0.27378687
   -1.3204402     0.37836537     0.26864762
   -1.3087696     0.38274220     0.26539549
   -1.2970990     0.38570001     0.26444658
   -1.2854285     0.38731927     0.26616893
   -1.2737579     0.38772462     0.27083559
   -1.2620874     0.38706501     0.27857437
   -1.2504168     0.38549543     0.28932335
   -1.2387462     0.38316260     0.30280107
   -1.2270757     0.38019692     0.31849888
   -1.2154051     0.37671203     0.33569952
   -1.2037346     0.37281218     0.35352218
   -1.1920640     0.36860589     0.37099008
   -1.1803935     0.36422261     0.38711318
   -1.1687229     0.35982801     0.40097605
   -1.1570524     0.35563322     0.41182026
   -1.1453818     0.35189446     0.41911122
   -1.1337112     0.34890150     0.42258176
   -1.1220407     0.34695619     0.42224799
   -1.1103701     0.34634467     0.41839654
   -1.0986996     0.34730833     0.41154599
   -1.0870290     0.35001863     0.40238795
   -1.0753584     0.35455951     0.39171532
   -1.0636879     0.36091912     0.38034597
   -1.0520173     0.36898999     0.36905003
   -1.0403468     0.37857554     0.35848810
   -1.0286762     0.38940023     0.34916598
   -1.0170057     0.40112149     0.34140976
   -1.0053351     0.41334270     0.33536228
   -0.9936646     0.42562814     0.33099997
   -0.9819940     0.43752137     0.32816606
   -0.9703234     0.44856846     0.32661448
   -0.9586529     0.45834620     0.32605755
   -0.9469823     0.46649390     0.32621033
   -0.9353118     0.47274564     0.32682595
   -0.9236412     0.47695837     0.32771812
   -0.9119707     0.47913123     0.32876995
   -0.9003001     0.47941161     0.32993091
   -0.8886295     0.47808570     0.33120528
   -0.8769590     0.47555283     0.33263676
   -0.8652884     0.47228656     0.33429315
   -0.8536179     0.46878714     0.33625386
   -0.8419473     0.46553256     0.33860154
   -0.8302768     0.46293550     0.34141733
   -0.8186062     0.46131285     0.34477851
   -0.8069356     0.46087178     0.34875699
   -0.7952651     0.46171276     0.35341725
   -0.7835945     0.46384594     0.35881298
   -0.7719240     0.46721424     0.36498220
   -0.7602534     0.47171470     0.37194085
   -0.7485829     0.47721108     0.37967535
   -0.7369123     0.48353327     0.38813477
   -0.7252417     0.49046417     0.39722376
   -0.7135712     0.49771957     0.40679796
   -0.7019006     0.50492983     0.41666424
   -0.6902301     0.51163366     0.42658826
   -0.6785595     0.51729191     0.43631102
   -0.6668890     0.52132471     0.44557484
   -0.6552184     0.52316878     0.45415635
   -0.6435478     0.52234602     0.46190179
   -0.6318773     0.51853010     0.46875770
   -0.6202067     0.51159745     0.47478934
   -0.6085362     0.50165146     0.48018054
   -0.5968656     0.48901462     0.48521178
   -0.5851951     0.47419010     0.49021768
   -0.5735245     0.45780051     0.49552985
   -0.5618540     0.44051599     0.50141454
   -0.5501834     0.42298457     0.50801633
   -0.5385128     0.40577610     0.51531828
   -0.5268423     0.38934689     0.52312581
   -0.5151717     0.37402723     0.53107735
   -0.5035012     0.36002946     0.53867983
   -0.4918306     0.34747110     0.54536323
   -0.4801601     0.33640598     0.55054543
   -0.4684895     0.32685657     0.55369812
   -0.4568189     0.31884170     0.55440475
   -0.4451484     0.31239589     0.55240354
   -0.4334778     0.30757783     0.54761104
   -0.4218073     0.30446761     0.54012441
   -0.4101367     0.30315344     0.53020360
   -0.3984662     0.30371017     0.51823695
   -0.3867956     0.30617304     0.50469594
   -0.3751250     0.31051127     0.49008604
   -0.3634545     0.31660678     0.47490080
   -0.3517839     0.32424276     0.45958526
   -0.3401134     0.33310598     0.44451242
   -0.3284428     0.34280388     0.42997386
   -0.3167723     0.35289486     0.41618222
   -0.3051017     0.36292692     0.40328130
   -0.2934311     0.37247769     0.39135839
   -0.2817606     0.38118860     0.38045408
   -0.2700900     0.38878700     0.37056701
   -0.2584195     0.39509332     0.36165335
   -0.2467489     0.40001401     0.35362388
   -0.2350784     0.40352477     0.34634277
   -0.2234078     0.40565041     0.33963236
   -0.2117372     0.40644783     0.33328719
   -0.2000667     0.40599638     0.32709728
   -0.1883961     0.40439650     0.32087835
   -0.1767256     0.40177392     0.31450378
   -0.1650550     0.39828408     0.30793197
   -0.1533845     0.39411127     0.30122304
   -0.1417139     0.38945840     0.29454081
   -0.1300433     0.38452692     0.28813837
   -0.1183728     0.37949022     0.28232929
   -0.1067022     0.37446700     0.27744857
   -0.0950317     0.36950245     0.27380937
   -0.0833611     0.36456421     0.27166172
   -0.0716906     0.35955693     0.27115864
   -0.0600200     0.35435475     0.27233342
   -0.0483494     0.34884651     0.27509020
   -0.0366789     0.34298446     0.27920799
   -0.0250083     0.33682548     0.28435735
   -0.0133378     0.33055463     0.29012747
   -0.0016672     0.32448340     0.29606107
    0.0100033     0.31902051     0.30169383
    0.0216739     0.31461827     0.30659431
    0.0333444     0.31170338     0.31040055
    0.0450150     0.31060423     0.31284933
    0.0566856     0.31148844     0.31379523
    0.0683561     0.31432252     0.31321771
    0.0800267     0.31886158     0.31121632
    0.0916972     0.32467159     0.30799545
    0.1033678     0.33118071     0.30384131
    0.1150383     0.33775142     0.29909383
    0.1267089     0.34376241     0.29411583
    0.1383795     0.34868814     0.28926127
    0.1500500     0.35216606     0.28484347
    0.1617206     0.35404421     0.28110463
    0.1733911     0.35440549     0.27818864
    0.1850617     0.35356863     0.27612060
    0.1967322     0.35206795     0.27479746
    0.2084028     0.35061552     0.27399449
    0.2200734     0.35004944     0.27339106
    0.2317439     0.35127195     0.27261627
    0.2434145     0.35518053     0.27131073
    0.2550850     0.36259569     0.26919700
    0.2667556     0.37418971     0.26614735
    0.2784261     0.39042223     0.26223644
    0.2900967     0.41148894     0.25776743
    0.3017673     0.43729041     0.25326384
    0.3134378     0.46742606     0.24942457
    0.3251084     0.50121574     0.24704591
    0.3367789     0.53774721     0.24691991
    0.3484495     0.57594336     0.24972309
    0.3601200     0.61464000     0.25591139
    0.3717906     0.65266351     0.26563721
    0.3834612     0.68889821     0.27870169
    0.3951317     0.72233688     0.29455082
    0.4068023     0.75211141     0.31231788
    0.4184728     0.77750516     0.33090798
    0.4301434     0.79795170     0.34911433
    0.4418139     0.81302621     0.36575061
    0.4534845     0.82243551     0.37978126
    0.4651551     0.82601145     0.39043108
    0.4768256     0.82370992     0.39725911
    0.4884962     0.81561594     0.40018699
    0.5001667     0.80195317     0.39947954
    0.5118373     0.78309512     0.39568311
    0.5235078     0.75957412     0.38953340
    0.5351784     0.73208389     0.38184905
    0.5468490     0.70147101     0.37342799
    0.5585195     0.66871167     0.36496173
    0.5701901     0.63487129     0.35697820
    0.5818606     0.60104762     0.34981819
    0.5935312     0.56830131     0.34364435
    0.6052017     0.53758137     0.33847725
    0.6168723     0.50965524     0.33424968
    0.6285428     0.48505394     0.33086908
    0.6402134     0.46404073     0.32827814
    0.6518840     0.44660781     0.32650514
    0.6635545     0.43250095     0.32569720
    0.6752251     0.42126661     0.32613231
    0.6868956     0.41231341     0.32820845
    0.6985662     0.40497816     0.33241105
    0.7102367     0.39858825     0.33926292
    0.7219073     0.39251494     0.34926380
    0.7335779     0.38621521     0.36282833
    0.7452484     0.37926297     0.38023218
    0.7569190     0.37137144     0.40157439
    0.7685895     0.36240858     0.42676131
    0.7802601     0.35240592     0.45551249
    0.7919306     0.34155937     0.48738465
    0.8036012     0.33021931     0.52180578
    0.8152718     0.31886685     0.55811044
    0.8269423     0.30807465     0.59556804
    0.8386129     0.29845287     0.63339994
    0.8502834     0.29058426     0.67078551
    0.8619540     0.28495580     0.70686227
    0.8736245     0.28189658     0.74072748
    0.8852951     0.28153257     0.77144902
    0.8969657     0.28376781     0.79809077
    0.9086362     0.28829768     0.81975371
    0.9203068     0.29465480     0.83562945
    0.9319773     0.30228125     0.84505944
    0.9436479     0.31061508     0.84759169
    0.9553184     0.31917453     0.84302737
    0.9669890     0.32762297     0.83145179
    0.9786596     0.33580023     0.81324686
    0.9903301     0.34371310     0.78908454
    1.0020007     0.35148652     0.75990170
    1.0136712     0.35928611     0.72685750
    1.0253418     0.36722986     0.69127377
    1.0370123     0.37530895     0.65455926
    1.0486829     0.38333630     0.61811983
    1.0603535     0.39093440     0.58325907
    1.0720240     0.39756534     0.55107753
    1.0836946     0.40259675     0.52238201
    1.0953651     0.40539000     0.49761865
    1.1070357     0.40539400     0.47684284
    1.1187062     0.40222825     0.45973523
    1.1303768     0.39574246     0.44566654
    1.1420473     0.38604606     0.43380480
    1.1537179     0.37350612     0.42325020
    1.1653885     0.35871699     0.41317646
    1.1770590     0.34244759     0.40295483
    1.1887296     0.32557347     0.39223973
    1.2004001     0.30900088     0.38100207
    1.2120707     0.29358958     0.36950649
    1.2237413     0.28008117     0.35824008
    1.2354118     0.26903923     0.34780914
    1.2470824     0.26080716     0.33882575
    1.2587529     0.25548835     0.33180663
    1.2704235     0.25295143     0.32710129
    1.2820940     0.25286004     0.32485909
    1.2937646     0.25472345     0.32503473
    1.3054352     0.25796101     0.32742333
    1.3171057     0.26197167     0.33171112
    1.3287763     0.26619899     0.33752599
    1.3404468     0.27018362     0.34447538
    1.3521174     0.27359764     0.35216486
    1.3637879     0.27625861     0.36019780
    1.3754585     0.27812445     0.36816316
    1.3871290     0.27927258     0.37562216
    1.3987996     0.27986844     0.38210502
    1.4104702     0.28012821     0.38712590
    1.4221407     0.28028036     0.39021825
    1.4338113     0.28052922     0.39098651
    1.4454818     0.28102311     0.38916407
    1.4571524     0.28182887     0.38466483
    1.4688229     0.28291451     0.37761541
    1.4804935     0.28414147     0.36835913
    1.4921640     0.28526813     0.35742855
    1.5038346     0.28596512     0.34549027
    1.5155052     0.28584241     0.33327108
    1.5271757     0.28448630     0.32147879
    1.5388463     0.28150318     0.31073082
    1.5505168     0.27656560     0.30150183
    1.5621874     0.26945536     0.29409692
    1.5738580     0.26009847     0.28865142
    1.5855285     0.24858712     0.28515357
    1.5971991     0.23518546     0.28348259
    1.6088696     0.22031720     0.28345321
    1.6205402     0.20453562     0.28485846
    1.6322107     0.18847820     0.28750415
    1.6438813     0.17281069     0.29123157
    1.6555518     0.15816667     0.29592744
    1.6672224     0.14509010     0.30152178
    1.6788930     0.13398813     0.30797579
    1.6905635     0.12510061     0.31526193
    1.7022341     0.11849057     0.32333819
    1.7139046     0.11405699     0.33211927
    1.7255752     0.11156782     0.34144751
    1.7372458     0.11070811     0.35106776
    1.7489163     0.11113574     0.36061123
    1.7605869     0.11253615     0.36959359
    1.7722574     0.11466758     0.37743169
    1.7839280     0.11739020     0.38348070
    1.7955985     0.12067495     0.38709001
    1.8072691     0.12459146     0.38767193
    1.8189396     0.12927749     0.38477405
    1.8306102     0.13489539     0.37814358
    1.8422808     0.14158314     0.36777288
    1.8539513     0.14940845     0.35391739
    1.8656219     0.15833396     0.33708190
    1.8772924     0.16820012     0.31797624
    1.8889630     0.17872920     0.29744684
    1.9006335     0.18955052     0.27639403
    1.9123041     0.20024294     0.25568742
    1.9239747     0.21038718     0.23609097
    1.9356452     0.21961851     0.21820727
    1.9473158     0.22767003     0.20244670
    1.9589863     0.23439828     0.18902276
    1.9706569     0.23978701     0.17797049
    1.9823274     0.24392952     0.16918146
    1.9939980     0.24699500     0.16244715
    2.0056686     0.24918820     0.15750184
    2.0173391     0.25071330     0.15405825
    2.0290097     0.25175182     0.15183138
    2.0406802     0.25246096     0.15054987
    2.0523508     0.25299299     0.14995703
    2.0640213     0.25353091     0.14980634
    2.0756919     0.25433012     0.14985714
    2.0873625     0.25575334     0.14987537
    2.0990330     0.25828626     0.14964281
    2.1107036     0.26252442     0.14897490
    2.1223741     0.26912804     0.14774497
    2.1340447     0.27874846     0.14590992
    2.1457152     0.29193742     0.14353129
    2.1573858     0.30905546     0.14078585
    2.1690563     0.33019842     0.13796099
    2.1807269     0.35515921     0.13543288
    2.1923975     0.38343649     0.13362861
    2.2040680     0.41429277     0.13297645
    2.2157386     0.44685414     0.13385119
    2.2274091     0.48023408     0.13652294
    2.2390797     0.51365748     0.14111762
    2.2507502     0.54655969     0.14759578
    2.2624208     0.57864001     0.15575353
    2.2740914     0.60985884     0.16524551
    2.2857619     0.64038018     0.17562650
    2.2974325     0.67047368     0.18640491
    2.3091030     0.70039890     0.19710030
    2.3207736     0.73029782     0.20729674
    2.3324442     0.76011777     0.21668522
    2.3441147     0.78957864     0.22509069
    2.3557853     0.81818681     0.23248187
    2.3674558     0.84528771     0.23896449
    2.3791264     0.87014264     0.24476036
    2.3907969     0.89201322     0.25017581
    2.4024675     0.91024027     0.25556369
    2.4141381     0.92430966     0.26128308
    2.4258086     0.93390356     0.26766105
    2.4374792     0.93893900     0.27496032
    2.4491497     0.93959565     0.28335671
    2.4608203     0.93633151     0.29292921
    2.4724908     0.92988092     0.30366450
    2.4841614     0.92122611     0.31547579
    2.4958319     0.91153477     0.32823412
    2.5075025     0.90206096     0.34180776
    2.5191731     0.89401601     0.35610390
    2.5308436     0.88842597     0.37110561
    2.5425142     0.88599972     0.38689705
    2.5541847     0.88703423     0.40367063
    2.5658553     0.89137913     0.42171217
    2.5775258     0.89847188     0.44136265
    2.5891964     0.90744077     0.46295933
    2.6008670     0.91725860     0.48676316
    2.6125375     0.92691994     0.51288316
    2.6242081     0.93561043     0.54121206
    2.6358786     0.94284019     0.57138754
    2.6475492     0.94852166     0.60279165
    2.6592197     0.95298382     0.63459515
    2.6708903     0.95692604     0.66584491
    2.6825609     0.96132293     0.69558289
    2.6942314     0.96729635     0.72297676
    2.7059020     0.97597152     0.74743740
    2.7175725     0.98833294     0.76869946
    2.7292431     1.00509389     0.78684801
    2.7409136     1.02659127     0.80228631
    2.7525842     1.05271664     0.81565252
    2.7642548     1.08289179     0.82770531
    2.7759253     1.11609447     0.83920408
    2.7875959     1.15093446     0.85080908
    2.7992664     1.18577343     0.86301928
    2.8109370     1.21887489     0.87615405
    2.8226075     1.24856515     0.89037268
    2.8342781     1.27338385     0.90571584
    2.8459486     1.29220461     0.92214957
    2.8576192     1.30431194     0.93959429
    2.8692898     1.30942861     0.95792860
    2.8809603     1.30769607     0.97696751
    2.8926309     1.29961646     0.99642341
    2.9043014     1.28596887     1.01586485
    2.9159720     1.26771215     1.03468913
    2.9276425     1.24588499     1.05212282
    2.9393131     1.22151082     1.06725784
    2.9509837     1.19551284     1.07912371
    2.9626542     1.16864319     1.08678905
    2.9743248     1.14143031     1.08947981
    2.9859953     1.11414910     1.08669796
    2.9976659     1.08681803     1.07832357
    3.0093365     1.05922570     1.06468451
    3.0210070     1.03098580     1.04658146
    3.0326776     1.00161495     1.02526133
    3.0443481     0.97062380     1.00233835
    3.0560187     0.93760901     0.97966936
    3.0676892     0.90233362     0.95919623
    3.0793598     0.86478586     0.94277378
    3.0910303     0.82521086     0.93200449
    3.1027009     0.78411457     0.92810121
    3.1143715     0.74224325     0.93179557
    3.1260420     0.70054433     0.94330248
    3.1377126     0.66011449     0.96234217
    3.1493831     0.62213952     0.98821106
    3.1610537     0.58782866     1.01988401
    3.1727242     0.55834450     1.05612563
    3.1843948     0.53472928     1.09558777
    3.1960654     0.51782926     1.13687608
    3.2077359     0.50822081     1.17857811
    3.2194065     0.50614394     1.21925782
    3.2310770     0.51145059     1.25743250
    3.2427476     0.52357577     1.29155524
    3.2544181     0.54153818     1.32002674
    3.2660887     0.56397528     1.34125328
    3.2777592     0.58921393     1.35375528
    3.2894298     0.61537408     1.35631526
    3.3011004     0.64049884     1.34813999
    3.3127709     0.66270056     1.32900292
    3.3244415     0.68030977     1.29933248
    3.3361120     0.69201224     1.26021968
    3.3477826     0.69695941     1.21333383
    3.3594532     0.69483924     1.16075381
    3.3711237     0.68589791     1.10473985
    3.3827943     0.67090824     1.04748359
    3.3944648     0.65108616     0.99087880
    3.4061354     0.62796343     0.93635070
    3.4178059     0.60322981     0.88477015
    3.4294765     0.57856223     0.83646197
    3.4411471     0.55546057     0.79129899
    3.4528176     0.53510865     0.74885833
    3.4644882     0.51827642     0.70860693
    3.4761587     0.50527374     0.67008107
    3.4878293     0.49595929     0.63302947
    3.4994998     0.48980098     0.59749890
    3.5111704     0.48597730     0.56385446
    3.5228409     0.48350393     0.53273859
    3.5345115     0.48136790     0.50498300
    3.5461821     0.47865179     0.48149363
    3.5578526     0.47463404     0.46312985
    3.5695232     0.46885693     0.45059678
    3.5811937     0.46115925     0.44436409
    3.5928643     0.45167617     0.44461814
    3.6045348     0.44081205     0.45124768
    3.6162054     0.42919320     0.46385838
    3.6278760     0.41760702     0.48180775
    3.6395465     0.40693247     0.50425151
    3.6512171     0.39806515     0.53019300
    3.6628876     0.39183979     0.55853027
    3.6745582     0.38895332     0.58809829
    3.6862287     0.38989334     0.61770739
    3.6978993     0.39487837     0.64618057
    3.7095699     0.40381735     0.67239286
    3.7212404     0.41629579     0.69531482
    3.7329110     0.43159375     0.71405945
    3.7445815     0.44873758     0.72792914
    3.7562521     0.46658286     0.73645693
    3.7679226     0.48392135     0.73943516
    3.7795932     0.49960119     0.73692552
    3.7912638     0.51264666     0.72924636
    3.8029343     0.52236362     0.71693680
    3.8146049     0.52841735     0.70070061
    3.8262754     0.53087290     0.68133673
    3.8379460     0.53019223     0.65966566
    3.8496165     0.52718761     0.63646225
    3.8612871     0.52293636     0.61240476
    3.8729577     0.51866699     0.58804762
    3.8846282     0.51562990     0.56382103
    3.8962988     0.51496800     0.54005575
    3.9079693     0.51760110     0.51702592
    3.9196399     0.52413583     0.49499917
    3.9313104     0.53480840     0.47428125
    3.9429810     0.54946332     0.45524388
    3.9546515     0.56756764     0.43832787
    3.9663221     0.58825810     0.42401982
    3.9779927     0.61041740     0.41280675
    3.9896632     0.63277585     0.40511868
    4.0013338     0.65403342     0.40127197
    4.0130043     0.67299542     0.40142624
    4.0246749     0.68871130     0.40556438
    4.0363454     0.70060110     0.41349935
    4.0480160     0.70855101     0.42490485
    4.0596866     0.71295780     0.43936083
    4.0713571     0.71470628     0.45640140
    4.0830277     0.71507234     0.47555183
    4.0946982     0.71555777     0.49634479
    4.1063688     0.71767745     0.51831201
    4.1180394     0.72273251     0.54095496
    4.1297099     0.73160942     0.56370516
    4.1413805     0.74464340     0.58588962
    4.1530510     0.76157319     0.60671713
    4.1647216     0.78159630     0.62529794
    4.1763921     0.80351216     0.64070123
    4.1880627     0.82592170     0.65204581
    4.1997332     0.84743999     0.65861001
    4.2114038     0.86687694     0.65994052
    4.2230744     0.88335096     0.65593834
    4.2347449     0.89631833     0.64690343
    4.2464155     0.90552305     0.63352777
    4.2580860     0.91089130     0.61683663
    4.2697566     0.91240733     0.59808853
    4.2814271     0.91000971     0.57865184
    4.2930977     0.90353860     0.55987978
    4.3047683     0.89274951     0.54300401
    4.3164388     0.87739010     0.52906164
    4.3281094     0.85732031     0.51886219
    4.3397799     0.83264585     0.51299210
    4.3514505     0.80383258     0.51184712
    4.3631210     0.77177463     0.51567789
    4.3747916     0.73779988     0.52463332
    4.3864621     0.70360909     0.53878846
    4.3981327     0.67115718     0.55814891
    4.4098033     0.64249351     0.58262985
    4.4214738     0.61958272     0.61201425
    4.4331444     0.60412824     0.64589989
    4.4448149     0.59741741     0.68364730
    4.4564855     0.60020304     0.72434157
    4.4681561     0.61263047     0.76677872
    4.4798266     0.63421451     0.80948437
    4.4914972     0.66386630     0.85076782
    4.5031677     0.69996716     0.88881045
    4.5148383     0.74048473     0.92178300
    4.5265088     0.78312505     0.94798285
    4.5381794     0.82551313     0.96597885
    4.5498499     0.86539187     0.97474938
    4.5615205     0.90082569     0.97379724
    4.5731911     0.93039056     0.96322561
    4.5848616     0.95332750     0.94376094
    4.5965322     0.96963436     0.91671411
    4.6082027     0.98007282     0.88387782
    4.6198733     0.98607562     0.84736810
    4.6315438     0.98955372     0.80942675
    4.6432144     0.99262129     0.77221007
    4.6548850     0.99727571     0.73759332
    4.6665555     1.00508362     0.70701988
    4.6782261     1.01692879     0.68141808
    4.6898966     1.03287047     0.66119749
    4.7015672     1.05214131     0.64632260
    4.7132378     1.07328777     0.63644757
    4.7249083     1.09442635     0.63108401
    4.7365789     1.11356604     0.62976745
    4.7482494     1.12893465     0.63218846
    4.7599200     1.13924782     0.63826173
    4.7715905     1.14387472     0.64811942
    4.7832611     1.14287766     0.66203145
    4.7949316     1.13693060     0.68027119
    4.8066022     1.12714435     0.70295796
    4.8182728     1.11484230     0.72991351
    4.8299433     1.10133385     0.76056839
    4.8416139     1.08772664     0.79394466
    4.8532844     1.07480441     0.82872566
    4.8649550     1.06297968     0.86340552
    4.8766255     1.05231400     0.89649327
    4.8882961     1.04258703     0.92673390
    4.8999667     1.03339039     0.95330325
    4.9116372     1.02422382     0.97593768
    4.9233078     1.01457733     0.99497096
    4.9349783     1.00399179     1.01126880
    4.9466489     0.99209881     1.02607043
    4.9583194     0.97864653     1.04076417
    4.9699900     0.96352022     1.05663537
    4.9816605     0.94676497     1.07462875
    4.9933311     0.92861318     1.09516332
    5.0050017     0.90951348     1.11802780
    5.0166722     0.89015243     1.14237007
    5.0283428     0.87145640     1.16677934
    5.0400133     0.85456132     1.18944639
    5.0516839     0.84074103     1.20837737
    5.0633545     0.83129226     1.22163080
    5.0750250     0.82738318     1.22754652
    5.0866956     0.82988225     1.22493777
    5.0983661     0.83919204     1.21322441
    5.1100367     0.85511676     1.19249378
    5.1217072     0.87679200     1.16348656
    5.1333778     0.90269834     1.12751525
    5.1450483     0.93076960     1.08633195
    5.1567189     0.95859148     1.04196777
    5.1683895     0.98367073     0.99656724
    5.1800600     1.00374086     0.95223813
    5.1917306     1.01706096     0.91093003
    5.2034011     1.02266113     0.87434650
    5.2150717     1.02049305     0.84388736
    5.2267423     1.01145653     0.82061280
    5.2384128     0.99729162     0.80521895
    5.2500834     0.98034736     0.79801783
    5.2617539     0.96325921     0.79891957
    5.2734245     0.94858314     0.80742091
    5.2850950     0.93844233     0.82260853
    5.2967656     0.93423995     0.84318736
    5.3084362     0.93647983     0.86754147
    5.3201067     0.94471774     0.89382980
    5.3317773     0.95764358     0.92011206
    5.3434478     0.97327433     0.94449321
    5.3551184     0.98922240     0.96527043
    5.3667889     1.00299703     0.98106495
    5.3784595     1.01229752     0.99092284
    5.3901300     1.01526503     0.99437395
    5.4018006     1.01067115     0.99144418
    5.4134712     0.99803320     0.98262341
    5.4251417     0.97765609     0.96879698
    5.4368123     0.95060643     0.95115272
    5.4484828     0.91862758     0.93107709
    5.4601534     0.88400478     0.91005258
    5.4718239     0.84938937     0.88956528
    5.4834945     0.81759175     0.87102659
    5.4951651     0.79135464     0.85570803
    5.5068356     0.77312103     0.84468429
    5.5185062     0.76481407     0.83877880
    5.5301767     0.76764860     0.83850793
    5.5418473     0.78199350     0.84402526
    5.5535178     0.80730212     0.85507377
    5.5651884     0.84212281     0.87095980
    5.5768590     0.88419465     0.89056515
    5.5885295     0.93062469     0.91241169
    5.6002001     0.97813388     0.93478501
    5.6118706     1.02334965     0.95591148
    5.6235412     1.06311595     0.97416992
    5.6352117     1.09478647     0.98830727
    5.6468823     1.11646670     0.99762190
    5.6585529     1.12717447     1.00207982
    5.6702234     1.12689798     1.00233889
    5.6818940     1.11654329     0.99967178
    5.6935645     1.09777802     0.99579703
    5.7052351     1.07279195     0.99264392
    5.7169056     1.04400643     0.99208832
    5.7285762     1.01377053     0.99570026
    5.7402467     0.98408270     1.00453935
    5.7519173     0.95637230     1.01902364
    5.7635879     0.93136702     1.03888354
    5.7752584     0.90906066     1.06319797
    5.7869290     0.88878342     1.09049921
    5.7985995     0.86936345     1.11892596
    5.8102701     0.84935686     1.14640218
    5.8219407     0.82731354     1.17082162
    5.8336112     0.80204092     1.19022206
    5.8452818     0.77282716     1.20293759
    5.8569523     0.73959096     1.20772162
    5.8686229     0.70293622     1.20383501
    5.8802934     0.66410453     1.19109506
    5.8919640     0.62483468     1.16988186
    5.9036345     0.58715274     1.14110067
    5.9153051     0.55312594     1.10610165
    5.9269757     0.52461774     1.06656414
    5.9386462     0.50307847     1.02435730
    5.9503168     0.48939815     0.98139385
    5.9619873     0.48383687     0.93949507
    5.9736579     0.48603518     0.90028313
    5.9853284     0.49509595     0.86511102
    5.9969990     0.50971991     0.83503180
    6.0086696     0.52837220     0.81080039
    6.0203401     0.54945541     0.79289480
    6.0320107     0.57146734     0.78154098
    6.0436812     0.59312632     0.77672836
    6.0553518     0.61345420     0.77820925
    6.0670223     0.63181430     0.78548381
    6.0786929     0.64790890     0.79778039
    6.0903634     0.66174497     0.81404568
    6.1020340     0.67358016     0.83295990
    6.1137046     0.68385994     0.85298740
    6.1253751     0.69315483     0.87246542
    6.1370457     0.70210278     0.88972412
    6.1487162     0.71135791     0.90322262
    6.1603868     0.72154437     0.91168119
    6.1720574     0.73321272     0.91418933
    6.1837279     0.74679722     0.91027394
    6.1953985     0.76257471     0.89991990
    6.2070690     0.78062876     0.88354380
    6.2187396     0.80082523     0.86192961
    6.2304101     0.82280704     0.83613949
    6.2420807     0.84601481     0.80741405
    6.2537512     0.86973707     0.77707410
    6.2654218     0.89318835     0.74643173
    6.2770924     0.91560698     0.71671494
    6.2887629     0.93635854     0.68900696
    6.3004335     0.95502659     0.66420082
    6.3121040     0.97147197     0.64297022
    6.3237746     0.98584580     0.62575906
    6.3354451     0.99854896     0.61279196
    6.3471157     1.01014222     0.60410663
    6.3587863     1.02122152     0.59960554
    6.3704568     1.03228289     0.59911992
    6.3821274     1.04360506     0.60247464
    6.3937979     1.05517650     0.60954054
    6.4054685     1.06668529     0.62026118
    6.4171391     1.07757700     0.63464563
    6.4288096     1.08717090     0.65272566
    6.4404802     1.09481053     0.67448498
    6.4521507     1.10001599     0.69977541
    6.4638213     1.10260338     0.72824061
    6.4754918     1.10274354     0.75926763
    6.4871624     1.10094534     0.79198256
    6.4988329     1.09796666     0.82529719
    6.5105035     1.09467258     0.85800243
    6.5221741     1.09187302     0.88889366
    6.5338446     1.09017598     0.91690598
    6.5455152     1.08988791     0.94123485
    6.5571857     1.09097990     0.96142140
    6.5688563     1.09312158     0.97738955
    6.5805268     1.09576821     0.98943226
    6.5921974     1.09827469     0.99815410
    6.6038680     1.10000595     1.00438391
    6.6155385     1.10041801     1.00907445
    6.6272091     1.09909422     1.01320442
    6.6388796     1.09573542     1.01769434
    6.6505502     1.09011545     1.02334224
    6.6622207     1.08202210     1.03078023
    6.6738913     1.07120581     1.04044949
    6.6855619     1.05735468     1.05258945
    6.6972324     1.04010617     1.06723682
    6.7089030     1.01909534     1.08423116
    6.7205735     0.99403056     1.10322505
    6.7322441     0.96478071     1.12369840
    6.7439146     0.93145577     1.14497755
    6.7555852     0.89446410     1.16625991
    6.7672558     0.85453426     1.18664480
    6.7789263     0.81269585     1.20516986
    6.7905969     0.77022031     1.22085141
    6.8022674     0.72852887     1.23272585
    6.8139380     0.68907892     1.23988968
    6.8256085     0.65324247     1.24153619
    6.8372791     0.62219062     1.23698920
    6.8489496     0.59679656     1.22573585
    6.8606202     0.57756673     1.20746112
    6.8722908     0.56460656     1.18208558
    6.8839613     0.55762311     1.14980444
    6.8956319     0.55596361     1.11112145
    6.9073024     0.55868523     1.06686742
    6.9189730     0.56464875     1.01819143
    6.9306436     0.57262645     0.96651568
    6.9423141     0.58141332     0.91345083
    6.9539847     0.58993009     0.86067834
    6.9656552     0.59730781     0.80981479
    6.9773258     0.60294607     0.76228012
    6.9889963     0.60654015     0.71919267
    7.0006669     0.60807690     0.68130986
    7.0123375     0.60780301     0.64902409
    7.0240080     0.60617269     0.62241192
    7.0356786     0.60378377     0.60132322
    7.0473491     0.60131107     0.58548953
    7.0590197     0.59944511     0.57462727
    7.0706902     0.59884102     0.56851427
    7.0823608     0.60008011     0.56702453
    7.0940313     0.60364309     0.57011553
    7.1057019     0.60989225     0.57777255
    7.1173725     0.61905853     0.58992275
    7.1290430     0.63123008     0.60633830
    7.1407136     0.64634051     0.62654983
    7.1523841     0.66415795     0.64979086
    7.1640547     0.68427877     0.67498887
    7.1757252     0.70613240     0.70081154
    7.1873958     0.72900436     0.72576693
    7.1990664     0.75208269     0.74834685
    7.2107369     0.77452929     0.76719365
    7.2224075     0.79557125     0.78126452
    7.2340780     0.81460088     0.78996583
    7.2457486     0.83126764     0.79323315
    7.2574191     0.84554255     0.79154072
    7.2690897     0.85773802     0.78583576
    7.2807603     0.86847182     0.77740657
    7.2924308     0.87857455     0.76770477
    7.3041014     0.88895107     0.75815084
    7.3157719     0.90041711     0.74995466
    7.3274425     0.91353849     0.74397962
    7.3391130     0.92850201     0.74067037
    7.3507836     0.94504193     0.74005224
    7.3624541     0.96243631     0.74179732
    7.3741247     0.97957501     0.74534105
    7.3857953     0.99508878     0.75002509
    7.3974658     1.00751888     0.75523971
    7.4091364     1.01550135     0.76054089
    7.4208069     1.01793934     0.76572369
    7.4324775     1.01414108     0.77084249
    7.4441480     1.00390775     0.77617841
    7.4558186     0.98756416     0.78216348
    7.4674892     0.96593251     0.78927729
    7.4791597     0.94025653     0.79793570
    7.4908303     0.91208710     0.80839070
    7.5025008     0.88314299     0.82065763
    7.5141714     0.85516086     0.83448010
    7.5258420     0.82974778     0.84933685
    7.5375125     0.80824837     0.86448749
    7.5491831     0.79163659     0.87904933
    7.5608536     0.78044026     0.89209330
    7.5725242     0.77470409     0.90274619
    7.5841947     0.77399454     0.91028651
    7.5958653     0.77744697     0.91422386
    7.6075358     0.78385245     0.91435430
    7.6192064     0.79177794     0.91078757
    7.6308770     0.79971039     0.90394427
    7.6425475     0.80621203     0.89452376
    7.6542181     0.81007213     0.88344501
    7.6658886     0.81043980     0.87176484
    7.6775592     0.80692357     0.86057992
    7.6892297     0.79964579     0.85092112
    7.7009003     0.78924425     0.84365087
    7.7125709     0.77681788     0.83937507
    7.7242414     0.76381901     0.83838062
    7.7359120     0.75189966     0.84060731
    7.7475825     0.74272482     0.84565835
    7.7592531     0.73777083     0.85284885
    7.7709236     0.73813073     0.86128567
    7.7825942     0.74435171     0.86996762
    7.7942647     0.75632904     0.87789213
    7.8059353     0.77327718     0.88415405
    7.8176059     0.79378986     0.88802378
    7.8292764     0.81598872     0.88899640
    7.8409470     0.83774485     0.88680809
    7.8526175     0.85694360     0.88142207
    7.8642881     0.87175302     0.87299138
    7.8759587     0.88085280     0.86180870
    7.8876292     0.88358626     0.84825506
    7.8992998     0.88001119     0.83275726
    7.9109703     0.87084359     0.81576042
    7.9226409     0.85730885     0.79771674
    7.9343114     0.84093052     0.77908693
    7.9459820     0.82329714     0.76034689
    7.9576525     0.80584776     0.74199167
    7.9693231     0.78970960     0.72453017
    7.9809937     0.77560736     0.70846831
    7.9926642     0.76384845     0.69428282
    8.0043348     0.75437359     0.68239180
    8.0160053     0.74685284     0.67312965
    8.0276759     0.74080288     0.66673272
    8.0393465     0.73570335     0.66333812
    8.0510170     0.73109564     0.66299376
    8.0626876     0.72665540     0.66567307
    8.0743581     0.72223710     0.67128669
    8.0860287     0.71789375     0.67968400
    8.0976992     0.71387674     0.69064181
    8.1093698     0.71062015     0.70384267
    8.1210403     0.70871103     0.71885014
    8.1327109     0.70884504     0.73509182
    8.1443815     0.71176564     0.75186044
    8.1560520     0.71818615     0.76834025
    8.1677226     0.72869766     0.78366056
    8.1793931     0.74367052     0.79697191
    8.1910637     0.76316161     0.80753466
    8.2027342     0.78684293     0.81480679
    8.2144048     0.81396653     0.81851646
    8.2260754     0.84337700     0.81870708
    8.2377459     0.87357592     0.81574663
    8.2494165     0.90283386     0.81029801
    8.2610870     0.92933699     0.80325272
    8.2727576     0.95134901     0.79563529
    8.2844281     0.96736659     0.78848944
    8.2960987     0.97624753     0.78275944
    8.3077693     0.97729654     0.77918100
    8.3194398     0.97030063     0.77819463
    8.3311104     0.95551442     0.77989250
    8.3427809     0.93360255     0.78400579
    8.3544515     0.90555087     0.78993520
    8.3661220     0.87255962     0.79682253
    8.3777926     0.83593134     0.80365594
    8.3894631     0.79696375     0.80939724
    8.4011337     0.75685549     0.81311575
    8.4128043     0.71663057     0.81411114
    8.4244748     0.67708623     0.81200796
    8.4361454     0.63876791     0.80680740
    8.4478159     0.60197403     0.79888754
    8.4594865     0.56679085     0.78895188
    8.4711571     0.53315412     0.77793425
    8.4828276     0.50093001     0.76687707
    8.4944982     0.47000359     0.75680393
    8.5061687     0.44036089     0.74860841
    8.5178393     0.41215082     0.74297561
    8.5295098     0.38571651     0.74034448
    8.5411804     0.36159146     0.74090800
    8.5528509     0.34046239     0.74463934
    8.5645215     0.32310661     0.75132680
    8.5761921     0.31031575     0.76060076
    8.5878626     0.30281852     0.77194182
    8.5995332     0.30121354     0.78466928
    8.6112037     0.30591970     0.79791893
    8.6228743     0.31714739     0.81062696
    8.6345448     0.33488964     0.82153891
    8.6462154     0.35892980     0.82925873
    8.6578860     0.38886025     0.83234407
    8.6695565     0.42410664     0.82944198
    8.6812271     0.46395230     0.81944828
    8.6928976     0.50755891     0.80166604
    8.7045682     0.55398147     0.77593653
    8.7162388     0.60217771     0.74271920
    8.7279093     0.65101496     0.70310592
    8.7395799     0.69927951     0.65876499
    8.7512504     0.74569500     0.61182138
    8.7629210     0.78895634     0.56468845
    8.7745915     0.82778313     0.51987152
    8.7862621     0.86099307     0.47976544
    8.7979326     0.88758988     0.44646670
    8.8096032     0.90685567     0.42161631
    8.8212738     0.91843296     0.40628513
    8.8329443     0.92238105     0.40090782
    8.8446149     0.91919321     0.40526720
    8.8562854     0.90976709     0.41852722
    8.8679560     0.89532856     0.43930987
    8.8796265     0.87731745     0.46580934
    8.8912971     0.85725051     0.49593480
    8.9029677     0.83658033     0.52747155
    8.9146382     0.81656813     0.55824862
    8.9263088     0.79818473     0.58629982
    8.9379793     0.78204739     0.61000462
    8.9496499     0.76839425     0.62819638
    8.9613204     0.75709344     0.64022776
    8.9729910     0.74768158     0.64598719
    8.9846616     0.73942689     0.64586565
    8.9963321     0.73141297     0.64067896
    9.0080027     0.72263999     0.63155604
    9.0196732     0.71213913     0.61980773
    9.0313438     0.69909265     0.60679263
    9.0430143     0.68294809     0.59379601
    9.0546849     0.66351132     0.58193481
    9.0663554     0.64100204     0.57209728
    9.0780260     0.61605839     0.56491988
    9.0896966     0.58968438     0.56079823
    9.1013671     0.56314359     0.55992353
    9.1130377     0.53781333     0.56233229
    9.1247082     0.51502207     0.56795567
    9.1363788     0.49589658     0.57665624
    9.1480494     0.48124398     0.58824355
    9.1597199     0.47148622     0.60246670
    9.1713905     0.46665382     0.61898834
    9.1830610     0.46643346     0.63735144
    9.1947316     0.47025330     0.65695329
    9.2064021     0.47738438     0.67704138
    9.2180727     0.48703517     0.69674105
    9.2297433     0.49842170     0.71511724
    9.2414138     0.51080427     0.73126319
    9.2530844     0.52349203     0.74440043
    9.2647549     0.53582611     0.75396988
    9.2764255     0.54715728     0.75969346
    9.2880960     0.55683505     0.76159143
    9.2997666     0.56422061     0.75994980
    9.3114371     0.56872803     0.75524347
    9.3231077     0.56988857     0.74803100
    9.3347783     0.56742449     0.73884322
    9.3464488     0.56131427     0.72808924
    9.3581194     0.55183080     0.71599919
    9.3697899     0.53953980     0.70261454
    9.3814605     0.52525410     0.68782587
    9.3931310     0.50994993     0.67144796
    9.4048016     0.49466003     0.65331394
    9.4164722     0.48036328     0.63336704
    9.4281427     0.46789082     0.61172980
    9.4398133     0.45786390     0.58873561
    9.4514838     0.45067035     0.56491626
    9.4631544     0.44647747     0.54094784
    9.4748249     0.44527129     0.51756607
    9.4864955     0.44690747     0.49546794
    9.4981661     0.45115874     0.47521905
    9.5098366     0.45774727     0.45718485
    9.5215072     0.46635693     0.44149894
    9.5331777     0.47662710     0.42807443
    9.5448483     0.48813613     0.41665546
    9.5565188     0.50038620     0.40689809
    9.5681894     0.51280144     0.39846366
    9.5798599     0.52474836     0.39110575
    9.5915305     0.53558197     0.38473281
    9.6032011     0.54471424     0.37943463
    9.6148716     0.55169472     0.37546830
    9.6265422     0.55628843     0.37320825
    9.6382127     0.55853392     0.37307261
    9.6498833     0.55876613     0.37544267
    9.6615539     0.55759391     0.38059290
    9.6732244     0.55582985     0.38864554
    9.6848950     0.55437976     0.39955699
    9.6965655     0.55410765     0.41313491
    9.7082361     0.55569843     0.42907757
    9.7199066     0.55954272     0.44702157
    9.7315772     0.56566515     0.46658302
    9.7432478     0.57371061     0.48738038
    9.7549183     0.58299238     0.50903354
    9.7665889     0.59259506     0.53114193
    9.7782594     0.60151526     0.55325180
    9.7899300     0.60881703     0.57482747
    9.8016005     0.61377671     0.59524159
    9.8132711     0.61599475     0.61379507
    9.8249416     0.61545785     0.62976967
    9.8366122     0.61254342     0.64250663
    9.8482828     0.60796660     0.65149672
    9.8599533     0.60267889     0.65646190
    9.8716239     0.59773313     0.65740922
    9.8832944     0.59413439     0.65464211
    9.8949650     0.59269758     0.64872341
    9.9066356     0.59393177     0.64039515
    9.9183061     0.59796742     0.63046948
    9.9299767     0.60453668     0.61971208
    9.9416472     0.61300923     0.60874100
    9.9533178     0.62247772     0.59796045
    9.9649883     0.63187929     0.58754196
    9.9766589     0.64013474     0.57745494
    9.9883294     0.64628443     0.56753867
   10.0000000     0.64960184     0.55759930
