#
#   partial DOS for atom species: Ni
#
#   Add data for atom_index =   3,  n,l,m,z=  3  0  0  1
#   Add data for atom_index =   3,  n,l,m,z=  4  0  0  1
#   Add data for atom_index =   3,  n,l,m,z=  4  0  0  2
#   Add data for atom_index =   3,  n,l,m,z=  3  1 -1  1
#   Add data for atom_index =   3,  n,l,m,z=  3  1  0  1
#   Add data for atom_index =   3,  n,l,m,z=  3  1  1  1
#   Add data for atom_index =   3,  n,l,m,z=  4  1 -1  1
#   Add data for atom_index =   3,  n,l,m,z=  4  1  0  1
#   Add data for atom_index =   3,  n,l,m,z=  4  1  1  1
#   Add data for atom_index =   3,  n,l,m,z=  3  2 -2  1
#   Add data for atom_index =   3,  n,l,m,z=  3  2 -1  1
#   Add data for atom_index =   3,  n,l,m,z=  3  2  0  1
#   Add data for atom_index =   3,  n,l,m,z=  3  2  1  1
#   Add data for atom_index =   3,  n,l,m,z=  3  2  2  1
#   Add data for atom_index =   3,  n,l,m,z=  3  2 -2  2
#   Add data for atom_index =   3,  n,l,m,z=  3  2 -1  2
#   Add data for atom_index =   3,  n,l,m,z=  3  2  0  2
#   Add data for atom_index =   3,  n,l,m,z=  3  2  1  2
#   Add data for atom_index =   3,  n,l,m,z=  3  2  2  2
#   Add data for atom_index =   4,  n,l,m,z=  3  0  0  1
#   Add data for atom_index =   4,  n,l,m,z=  4  0  0  1
#   Add data for atom_index =   4,  n,l,m,z=  4  0  0  2
#   Add data for atom_index =   4,  n,l,m,z=  3  1 -1  1
#   Add data for atom_index =   4,  n,l,m,z=  3  1  0  1
#   Add data for atom_index =   4,  n,l,m,z=  3  1  1  1
#   Add data for atom_index =   4,  n,l,m,z=  4  1 -1  1
#   Add data for atom_index =   4,  n,l,m,z=  4  1  0  1
#   Add data for atom_index =   4,  n,l,m,z=  4  1  1  1
#   Add data for atom_index =   4,  n,l,m,z=  3  2 -2  1
#   Add data for atom_index =   4,  n,l,m,z=  3  2 -1  1
#   Add data for atom_index =   4,  n,l,m,z=  3  2  0  1
#   Add data for atom_index =   4,  n,l,m,z=  3  2  1  1
#   Add data for atom_index =   4,  n,l,m,z=  3  2  2  1
#   Add data for atom_index =   4,  n,l,m,z=  3  2 -2  2
#   Add data for atom_index =   4,  n,l,m,z=  3  2 -1  2
#   Add data for atom_index =   4,  n,l,m,z=  3  2  0  2
#   Add data for atom_index =   4,  n,l,m,z=  3  2  1  2
#   Add data for atom_index =   4,  n,l,m,z=  3  2  2  2
#   Add data for atom_index =   5,  n,l,m,z=  3  0  0  1
#   Add data for atom_index =   5,  n,l,m,z=  4  0  0  1
#   Add data for atom_index =   5,  n,l,m,z=  4  0  0  2
#   Add data for atom_index =   5,  n,l,m,z=  3  1 -1  1
#   Add data for atom_index =   5,  n,l,m,z=  3  1  0  1
#   Add data for atom_index =   5,  n,l,m,z=  3  1  1  1
#   Add data for atom_index =   5,  n,l,m,z=  4  1 -1  1
#   Add data for atom_index =   5,  n,l,m,z=  4  1  0  1
#   Add data for atom_index =   5,  n,l,m,z=  4  1  1  1
#   Add data for atom_index =   5,  n,l,m,z=  3  2 -2  1
#   Add data for atom_index =   5,  n,l,m,z=  3  2 -1  1
#   Add data for atom_index =   5,  n,l,m,z=  3  2  0  1
#   Add data for atom_index =   5,  n,l,m,z=  3  2  1  1
#   Add data for atom_index =   5,  n,l,m,z=  3  2  2  1
#   Add data for atom_index =   5,  n,l,m,z=  3  2 -2  2
#   Add data for atom_index =   5,  n,l,m,z=  3  2 -1  2
#   Add data for atom_index =   5,  n,l,m,z=  3  2  0  2
#   Add data for atom_index =   5,  n,l,m,z=  3  2  1  2
#   Add data for atom_index =   5,  n,l,m,z=  3  2  2  2
#
#    Energy          spin 1        spin2
#
  -25.0000000     0.00000000     0.00000000
  -24.9883294     0.00000000     0.00000000
  -24.9766589     0.00000000     0.00000000
  -24.9649883     0.00000000     0.00000000
  -24.9533178     0.00000000     0.00000000
  -24.9416472     0.00000000     0.00000000
  -24.9299767     0.00000000     0.00000000
  -24.9183061     0.00000000     0.00000000
  -24.9066355     0.00000000     0.00000000
  -24.8949650     0.00000000     0.00000000
  -24.8832944     0.00000000     0.00000000
  -24.8716239     0.00000000     0.00000000
  -24.8599533     0.00000000     0.00000000
  -24.8482828     0.00000000     0.00000000
  -24.8366122     0.00000000     0.00000000
  -24.8249416     0.00000000     0.00000000
  -24.8132711     0.00000000     0.00000000
  -24.8016005     0.00000000     0.00000000
  -24.7899300     0.00000000     0.00000000
  -24.7782594     0.00000000     0.00000000
  -24.7665889     0.00000000     0.00000000
  -24.7549183     0.00000000     0.00000000
  -24.7432477     0.00000000     0.00000000
  -24.7315772     0.00000000     0.00000000
  -24.7199066     0.00000000     0.00000000
  -24.7082361     0.00000000     0.00000000
  -24.6965655     0.00000000     0.00000000
  -24.6848950     0.00000000     0.00000000
  -24.6732244     0.00000000     0.00000000
  -24.6615539     0.00000000     0.00000000
  -24.6498833     0.00000000     0.00000000
  -24.6382127     0.00000000     0.00000000
  -24.6265422     0.00000000     0.00000000
  -24.6148716     0.00000000     0.00000000
  -24.6032011     0.00000000     0.00000000
  -24.5915305     0.00000000     0.00000000
  -24.5798600     0.00000000     0.00000000
  -24.5681894     0.00000000     0.00000000
  -24.5565188     0.00000000     0.00000000
  -24.5448483     0.00000000     0.00000000
  -24.5331777     0.00000000     0.00000000
  -24.5215072     0.00000000     0.00000000
  -24.5098366     0.00000000     0.00000000
  -24.4981661     0.00000000     0.00000000
  -24.4864955     0.00000000     0.00000000
  -24.4748249     0.00000000     0.00000000
  -24.4631544     0.00000000     0.00000000
  -24.4514838     0.00000000     0.00000000
  -24.4398133     0.00000000     0.00000000
  -24.4281427     0.00000000     0.00000000
  -24.4164722     0.00000000     0.00000000
  -24.4048016     0.00000000     0.00000000
  -24.3931310     0.00000000     0.00000000
  -24.3814605     0.00000000     0.00000000
  -24.3697899     0.00000000     0.00000000
  -24.3581194     0.00000000     0.00000000
  -24.3464488     0.00000000     0.00000000
  -24.3347783     0.00000000     0.00000000
  -24.3231077     0.00000000     0.00000000
  -24.3114371     0.00000000     0.00000000
  -24.2997666     0.00000000     0.00000000
  -24.2880960     0.00000000     0.00000000
  -24.2764255     0.00000000     0.00000000
  -24.2647549     0.00000000     0.00000000
  -24.2530844     0.00000000     0.00000000
  -24.2414138     0.00000000     0.00000000
  -24.2297432     0.00000000     0.00000000
  -24.2180727     0.00000000     0.00000000
  -24.2064021     0.00000000     0.00000000
  -24.1947316     0.00000000     0.00000000
  -24.1830610     0.00000000     0.00000000
  -24.1713905     0.00000000     0.00000000
  -24.1597199     0.00000000     0.00000000
  -24.1480493     0.00000000     0.00000000
  -24.1363788     0.00000000     0.00000000
  -24.1247082     0.00000000     0.00000000
  -24.1130377     0.00000000     0.00000000
  -24.1013671     0.00000000     0.00000000
  -24.0896966     0.00000000     0.00000000
  -24.0780260     0.00000000     0.00000000
  -24.0663555     0.00000000     0.00000000
  -24.0546849     0.00000000     0.00000000
  -24.0430143     0.00000000     0.00000000
  -24.0313438     0.00000000     0.00000000
  -24.0196732     0.00000000     0.00000000
  -24.0080027     0.00000000     0.00000000
  -23.9963321     0.00000000     0.00000000
  -23.9846616     0.00000000     0.00000000
  -23.9729910     0.00000000     0.00000000
  -23.9613204     0.00000000     0.00000000
  -23.9496499     0.00000000     0.00000000
  -23.9379793     0.00000000     0.00000000
  -23.9263088     0.00000000     0.00000000
  -23.9146382     0.00000000     0.00000000
  -23.9029677     0.00000000     0.00000000
  -23.8912971     0.00000000     0.00000000
  -23.8796265     0.00000000     0.00000000
  -23.8679560     0.00000000     0.00000000
  -23.8562854     0.00000000     0.00000000
  -23.8446149     0.00000000     0.00000000
  -23.8329443     0.00000000     0.00000000
  -23.8212738     0.00000000     0.00000000
  -23.8096032     0.00000000     0.00000000
  -23.7979326     0.00000000     0.00000000
  -23.7862621     0.00000000     0.00000000
  -23.7745915     0.00000000     0.00000000
  -23.7629210     0.00000000     0.00000000
  -23.7512504     0.00000000     0.00000000
  -23.7395799     0.00000000     0.00000000
  -23.7279093     0.00000000     0.00000000
  -23.7162387     0.00000000     0.00000000
  -23.7045682     0.00000000     0.00000000
  -23.6928976     0.00000000     0.00000000
  -23.6812271     0.00000000     0.00000000
  -23.6695565     0.00000000     0.00000000
  -23.6578860     0.00000000     0.00000000
  -23.6462154     0.00000000     0.00000000
  -23.6345448     0.00000000     0.00000000
  -23.6228743     0.00000000     0.00000000
  -23.6112037     0.00000000     0.00000000
  -23.5995332     0.00000000     0.00000000
  -23.5878626     0.00000000     0.00000000
  -23.5761921     0.00000000     0.00000000
  -23.5645215     0.00000000     0.00000000
  -23.5528510     0.00000000     0.00000000
  -23.5411804     0.00000000     0.00000000
  -23.5295098     0.00000000     0.00000000
  -23.5178393     0.00000000     0.00000000
  -23.5061687     0.00000000     0.00000000
  -23.4944982     0.00000000     0.00000000
  -23.4828276     0.00000000     0.00000000
  -23.4711571     0.00000000     0.00000000
  -23.4594865     0.00000000     0.00000000
  -23.4478159     0.00000000     0.00000000
  -23.4361454     0.00000000     0.00000000
  -23.4244748     0.00000000     0.00000000
  -23.4128043     0.00000000     0.00000000
  -23.4011337     0.00000000     0.00000000
  -23.3894632     0.00000000     0.00000000
  -23.3777926     0.00000000     0.00000000
  -23.3661220     0.00000000     0.00000000
  -23.3544515     0.00000000     0.00000000
  -23.3427809     0.00000000     0.00000000
  -23.3311104     0.00000000     0.00000000
  -23.3194398     0.00000000     0.00000000
  -23.3077693     0.00000000     0.00000000
  -23.2960987     0.00000000     0.00000000
  -23.2844281     0.00000000     0.00000000
  -23.2727576     0.00000000     0.00000000
  -23.2610870     0.00000000     0.00000000
  -23.2494165     0.00000000     0.00000000
  -23.2377459     0.00000000     0.00000000
  -23.2260754     0.00000000     0.00000000
  -23.2144048     0.00000000     0.00000000
  -23.2027342     0.00000000     0.00000000
  -23.1910637     0.00000000     0.00000000
  -23.1793931     0.00000000     0.00000000
  -23.1677226     0.00000000     0.00000000
  -23.1560520     0.00000000     0.00000000
  -23.1443815     0.00000000     0.00000000
  -23.1327109     0.00000000     0.00000000
  -23.1210403     0.00000000     0.00000000
  -23.1093698     0.00000000     0.00000000
  -23.0976992     0.00000000     0.00000000
  -23.0860287     0.00000000     0.00000000
  -23.0743581     0.00000000     0.00000000
  -23.0626876     0.00000000     0.00000000
  -23.0510170     0.00000000     0.00000000
  -23.0393464     0.00000000     0.00000000
  -23.0276759     0.00000000     0.00000000
  -23.0160053     0.00000000     0.00000000
  -23.0043348     0.00000000     0.00000000
  -22.9926642     0.00000000     0.00000000
  -22.9809937     0.00000000     0.00000000
  -22.9693231     0.00000000     0.00000000
  -22.9576526     0.00000000     0.00000000
  -22.9459820     0.00000000     0.00000000
  -22.9343114     0.00000000     0.00000000
  -22.9226409     0.00000000     0.00000000
  -22.9109703     0.00000000     0.00000000
  -22.8992998     0.00000000     0.00000000
  -22.8876292     0.00000000     0.00000000
  -22.8759587     0.00000000     0.00000000
  -22.8642881     0.00000000     0.00000000
  -22.8526175     0.00000000     0.00000000
  -22.8409470     0.00000000     0.00000000
  -22.8292764     0.00000000     0.00000000
  -22.8176059     0.00000000     0.00000000
  -22.8059353     0.00000000     0.00000000
  -22.7942648     0.00000000     0.00000000
  -22.7825942     0.00000000     0.00000000
  -22.7709236     0.00000000     0.00000000
  -22.7592531     0.00000000     0.00000000
  -22.7475825     0.00000000     0.00000000
  -22.7359120     0.00000000     0.00000000
  -22.7242414     0.00000000     0.00000000
  -22.7125709     0.00000000     0.00000000
  -22.7009003     0.00000000     0.00000000
  -22.6892297     0.00000000     0.00000000
  -22.6775592     0.00000000     0.00000000
  -22.6658886     0.00000000     0.00000000
  -22.6542181     0.00000000     0.00000000
  -22.6425475     0.00000000     0.00000000
  -22.6308770     0.00000000     0.00000000
  -22.6192064     0.00000000     0.00000000
  -22.6075358     0.00000000     0.00000000
  -22.5958653     0.00000000     0.00000000
  -22.5841947     0.00000000     0.00000000
  -22.5725242     0.00000000     0.00000000
  -22.5608536     0.00000000     0.00000000
  -22.5491831     0.00000000     0.00000000
  -22.5375125     0.00000000     0.00000000
  -22.5258419     0.00000000     0.00000000
  -22.5141714     0.00000000     0.00000000
  -22.5025008     0.00000000     0.00000000
  -22.4908303     0.00000000     0.00000000
  -22.4791597     0.00000000     0.00000000
  -22.4674892     0.00000000     0.00000000
  -22.4558186     0.00000000     0.00000000
  -22.4441480     0.00000000     0.00000000
  -22.4324775     0.00000000     0.00000000
  -22.4208069     0.00000000     0.00000000
  -22.4091364     0.00000000     0.00000000
  -22.3974658     0.00000000     0.00000000
  -22.3857953     0.00000000     0.00000000
  -22.3741247     0.00000000     0.00000000
  -22.3624542     0.00000000     0.00000000
  -22.3507836     0.00000000     0.00000000
  -22.3391130     0.00000000     0.00000000
  -22.3274425     0.00000000     0.00000000
  -22.3157719     0.00000000     0.00000000
  -22.3041014     0.00000000     0.00000000
  -22.2924308     0.00000000     0.00000000
  -22.2807603     0.00000000     0.00000000
  -22.2690897     0.00000000     0.00000000
  -22.2574191     0.00000000     0.00000000
  -22.2457486     0.00000000     0.00000000
  -22.2340780     0.00000000     0.00000000
  -22.2224075     0.00000000     0.00000000
  -22.2107369     0.00000000     0.00000000
  -22.1990664     0.00000000     0.00000000
  -22.1873958     0.00000000     0.00000000
  -22.1757252     0.00000000     0.00000000
  -22.1640547     0.00000000     0.00000000
  -22.1523841     0.00000000     0.00000000
  -22.1407136     0.00000000     0.00000000
  -22.1290430     0.00000000     0.00000000
  -22.1173725     0.00000000     0.00000000
  -22.1057019     0.00000000     0.00000000
  -22.0940313     0.00000000     0.00000000
  -22.0823608     0.00000000     0.00000000
  -22.0706902     0.00000000     0.00000000
  -22.0590197     0.00000000     0.00000000
  -22.0473491     0.00000000     0.00000000
  -22.0356786     0.00000000     0.00000000
  -22.0240080     0.00000000     0.00000000
  -22.0123374     0.00000000     0.00000000
  -22.0006669     0.00000000     0.00000000
  -21.9889963     0.00000000     0.00000000
  -21.9773258     0.00000000     0.00000000
  -21.9656552     0.00000000     0.00000000
  -21.9539847     0.00000000     0.00000000
  -21.9423141     0.00000000     0.00000000
  -21.9306435     0.00000000     0.00000000
  -21.9189730     0.00000000     0.00000000
  -21.9073024     0.00000000     0.00000000
  -21.8956319     0.00000000     0.00000000
  -21.8839613     0.00000000     0.00000000
  -21.8722908     0.00000000     0.00000000
  -21.8606202     0.00000000     0.00000000
  -21.8489496     0.00000000     0.00000000
  -21.8372791     0.00000000     0.00000000
  -21.8256085     0.00000000     0.00000000
  -21.8139380     0.00000000     0.00000000
  -21.8022674     0.00000000     0.00000000
  -21.7905969     0.00000000     0.00000000
  -21.7789263     0.00000000     0.00000000
  -21.7672558     0.00000000     0.00000000
  -21.7555852     0.00000000     0.00000000
  -21.7439146     0.00000000     0.00000000
  -21.7322441     0.00000000     0.00000000
  -21.7205735     0.00000000     0.00000000
  -21.7089030     0.00000000     0.00000000
  -21.6972324     0.00000000     0.00000000
  -21.6855619     0.00000000     0.00000000
  -21.6738913     0.00000000     0.00000000
  -21.6622207     0.00000000     0.00000000
  -21.6505502     0.00000000     0.00000000
  -21.6388796     0.00000000     0.00000000
  -21.6272091     0.00000000     0.00000000
  -21.6155385     0.00000000     0.00000000
  -21.6038680     0.00000000     0.00000000
  -21.5921974     0.00000000     0.00000000
  -21.5805268     0.00000000     0.00000000
  -21.5688563     0.00000000     0.00000000
  -21.5571857     0.00000000     0.00000000
  -21.5455152     0.00000000     0.00000000
  -21.5338446     0.00000000     0.00000000
  -21.5221741     0.00000000     0.00000000
  -21.5105035     0.00000000     0.00000000
  -21.4988329     0.00000000     0.00000000
  -21.4871624     0.00000000     0.00000000
  -21.4754918     0.00000000     0.00000000
  -21.4638213     0.00000000     0.00000000
  -21.4521507     0.00000000     0.00000000
  -21.4404802     0.00000000     0.00000000
  -21.4288096     0.00000000     0.00000000
  -21.4171390     0.00000000     0.00000000
  -21.4054685     0.00000000     0.00000000
  -21.3937979     0.00000000     0.00000000
  -21.3821274     0.00000000     0.00000000
  -21.3704568     0.00000000     0.00000000
  -21.3587863     0.00000000     0.00000000
  -21.3471157     0.00000000     0.00000000
  -21.3354451     0.00000000     0.00000000
  -21.3237746     0.00000000     0.00000000
  -21.3121040     0.00000000     0.00000000
  -21.3004335     0.00000000     0.00000000
  -21.2887629     0.00000000     0.00000000
  -21.2770924     0.00000000     0.00000000
  -21.2654218     0.00000000     0.00000000
  -21.2537513     0.00000000     0.00000000
  -21.2420807     0.00000000     0.00000000
  -21.2304101     0.00000000     0.00000000
  -21.2187396     0.00000000     0.00000000
  -21.2070690     0.00000000     0.00000000
  -21.1953985     0.00000000     0.00000000
  -21.1837279     0.00000000     0.00000000
  -21.1720574     0.00000000     0.00000000
  -21.1603868     0.00000000     0.00000000
  -21.1487162     0.00000000     0.00000000
  -21.1370457     0.00000000     0.00000000
  -21.1253751     0.00000000     0.00000000
  -21.1137046     0.00000000     0.00000000
  -21.1020340     0.00000000     0.00000000
  -21.0903635     0.00000000     0.00000000
  -21.0786929     0.00000000     0.00000000
  -21.0670223     0.00000000     0.00000000
  -21.0553518     0.00000000     0.00000000
  -21.0436812     0.00000000     0.00000000
  -21.0320107     0.00000000     0.00000000
  -21.0203401     0.00000000     0.00000000
  -21.0086696     0.00000000     0.00000000
  -20.9969990     0.00000000     0.00000000
  -20.9853284     0.00000000     0.00000000
  -20.9736579     0.00000000     0.00000000
  -20.9619873     0.00000000     0.00000000
  -20.9503168     0.00000000     0.00000000
  -20.9386462     0.00000000     0.00000000
  -20.9269757     0.00000000     0.00000000
  -20.9153051     0.00000000     0.00000000
  -20.9036345     0.00000000     0.00000000
  -20.8919640     0.00000000     0.00000000
  -20.8802934     0.00000000     0.00000000
  -20.8686229     0.00000000     0.00000000
  -20.8569523     0.00000000     0.00000000
  -20.8452818     0.00000000     0.00000000
  -20.8336112     0.00000000     0.00000000
  -20.8219406     0.00000000     0.00000000
  -20.8102701     0.00000000     0.00000000
  -20.7985995     0.00000000     0.00000000
  -20.7869290     0.00000000     0.00000000
  -20.7752584     0.00000000     0.00000000
  -20.7635879     0.00000000     0.00000000
  -20.7519173     0.00000000     0.00000000
  -20.7402467     0.00000000     0.00000000
  -20.7285762     0.00000000     0.00000000
  -20.7169056     0.00000000     0.00000000
  -20.7052351     0.00000000     0.00000000
  -20.6935645     0.00000000     0.00000000
  -20.6818940     0.00000000     0.00000000
  -20.6702234     0.00000000     0.00000000
  -20.6585529     0.00000000     0.00000000
  -20.6468823     0.00000000     0.00000000
  -20.6352117     0.00000000     0.00000000
  -20.6235412     0.00000000     0.00000000
  -20.6118706     0.00000000     0.00000000
  -20.6002001     0.00000000     0.00000000
  -20.5885295     0.00000000     0.00000000
  -20.5768590     0.00000000     0.00000000
  -20.5651884     0.00000000     0.00000000
  -20.5535178     0.00000000     0.00000000
  -20.5418473     0.00000000     0.00000000
  -20.5301767     0.00000000     0.00000000
  -20.5185062     0.00000000     0.00000000
  -20.5068356     0.00000000     0.00000000
  -20.4951651     0.00000000     0.00000000
  -20.4834945     0.00000000     0.00000000
  -20.4718239     0.00000000     0.00000000
  -20.4601534     0.00000000     0.00000000
  -20.4484828     0.00000000     0.00000000
  -20.4368123     0.00000000     0.00000000
  -20.4251417     0.00000000     0.00000000
  -20.4134712     0.00000000     0.00000000
  -20.4018006     0.00000000     0.00000000
  -20.3901300     0.00000000     0.00000000
  -20.3784595     0.00000000     0.00000000
  -20.3667889     0.00000000     0.00000000
  -20.3551184     0.00000000     0.00000000
  -20.3434478     0.00000000     0.00000000
  -20.3317773     0.00000000     0.00000000
  -20.3201067     0.00000000     0.00000000
  -20.3084361     0.00000000     0.00000000
  -20.2967656     0.00000000     0.00000000
  -20.2850950     0.00000000     0.00000000
  -20.2734245     0.00000000     0.00000000
  -20.2617539     0.00000000     0.00000000
  -20.2500834     0.00000000     0.00000000
  -20.2384128     0.00000000     0.00000000
  -20.2267422     0.00000000     0.00000000
  -20.2150717     0.00000000     0.00000000
  -20.2034011     0.00000000     0.00000000
  -20.1917306     0.00000000     0.00000000
  -20.1800600     0.00000000     0.00000000
  -20.1683895     0.00000000     0.00000000
  -20.1567189     0.00000000     0.00000000
  -20.1450483     0.00000000     0.00000000
  -20.1333778     0.00000000     0.00000000
  -20.1217072     0.00000000     0.00000000
  -20.1100367     0.00000000     0.00000000
  -20.0983661     0.00000000     0.00000000
  -20.0866956     0.00000000     0.00000000
  -20.0750250     0.00000000     0.00000000
  -20.0633545     0.00000000     0.00000000
  -20.0516839     0.00000000     0.00000000
  -20.0400133     0.00000000     0.00000000
  -20.0283428     0.00000000     0.00000000
  -20.0166722     0.00000000     0.00000000
  -20.0050017     0.00000000     0.00000000
  -19.9933311     0.00000000     0.00000000
  -19.9816606     0.00000000     0.00000000
  -19.9699900     0.00000000     0.00000000
  -19.9583194     0.00000000     0.00000000
  -19.9466489     0.00000000     0.00000000
  -19.9349783     0.00000000     0.00000000
  -19.9233078     0.00000000     0.00000000
  -19.9116372     0.00000000     0.00000000
  -19.8999667     0.00000000     0.00000000
  -19.8882961     0.00000000     0.00000000
  -19.8766255     0.00000000     0.00000000
  -19.8649550     0.00000000     0.00000000
  -19.8532844     0.00000000     0.00000000
  -19.8416139     0.00000000     0.00000000
  -19.8299433     0.00000000     0.00000000
  -19.8182728     0.00000000     0.00000000
  -19.8066022     0.00000000     0.00000000
  -19.7949316     0.00000000     0.00000000
  -19.7832611     0.00000000     0.00000000
  -19.7715905     0.00000000     0.00000000
  -19.7599200     0.00000000     0.00000000
  -19.7482494     0.00000000     0.00000000
  -19.7365789     0.00000000     0.00000000
  -19.7249083     0.00000000     0.00000000
  -19.7132377     0.00000000     0.00000000
  -19.7015672     0.00000000     0.00000000
  -19.6898966     0.00000000     0.00000000
  -19.6782261     0.00000000     0.00000000
  -19.6665555     0.00000000     0.00000000
  -19.6548850     0.00000000     0.00000000
  -19.6432144     0.00000000     0.00000000
  -19.6315438     0.00000000     0.00000000
  -19.6198733     0.00000000     0.00000000
  -19.6082027     0.00000000     0.00000000
  -19.5965322     0.00000000     0.00000000
  -19.5848616     0.00000000     0.00000000
  -19.5731911     0.00000000     0.00000000
  -19.5615205     0.00000000     0.00000000
  -19.5498499     0.00000000     0.00000000
  -19.5381794     0.00000000     0.00000000
  -19.5265088     0.00000000     0.00000000
  -19.5148383     0.00000000     0.00000000
  -19.5031677     0.00000000     0.00000000
  -19.4914972     0.00000000     0.00000000
  -19.4798266     0.00000000     0.00000000
  -19.4681561     0.00000000     0.00000000
  -19.4564855     0.00000000     0.00000000
  -19.4448149     0.00000000     0.00000000
  -19.4331444     0.00000000     0.00000000
  -19.4214738     0.00000000     0.00000000
  -19.4098033     0.00000000     0.00000000
  -19.3981327     0.00000000     0.00000000
  -19.3864622     0.00000000     0.00000000
  -19.3747916     0.00000000     0.00000000
  -19.3631210     0.00000000     0.00000000
  -19.3514505     0.00000000     0.00000000
  -19.3397799     0.00000000     0.00000000
  -19.3281094     0.00000000     0.00000000
  -19.3164388     0.00000000     0.00000000
  -19.3047683     0.00000000     0.00000000
  -19.2930977     0.00000000     0.00000000
  -19.2814271     0.00000000     0.00000000
  -19.2697566     0.00000000     0.00000000
  -19.2580860     0.00000000     0.00000000
  -19.2464155     0.00000000     0.00000000
  -19.2347449     0.00000000     0.00000000
  -19.2230744     0.00000000     0.00000000
  -19.2114038     0.00000000     0.00000000
  -19.1997332     0.00000000     0.00000000
  -19.1880627     0.00000000     0.00000000
  -19.1763921     0.00000000     0.00000000
  -19.1647216     0.00000000     0.00000000
  -19.1530510     0.00000000     0.00000000
  -19.1413805     0.00000000     0.00000000
  -19.1297099     0.00000000     0.00000000
  -19.1180393     0.00000000     0.00000000
  -19.1063688     0.00000000     0.00000000
  -19.0946982     0.00000000     0.00000000
  -19.0830277     0.00000000     0.00000000
  -19.0713571     0.00000000     0.00000000
  -19.0596866    -0.00000000    -0.00000000
  -19.0480160    -0.00000000    -0.00000000
  -19.0363454    -0.00000000    -0.00000000
  -19.0246749    -0.00000000    -0.00000000
  -19.0130043    -0.00000000    -0.00000000
  -19.0013338    -0.00000000     0.00000000
  -18.9896632    -0.00000000     0.00000000
  -18.9779927    -0.00000000     0.00000000
  -18.9663221    -0.00000000     0.00000000
  -18.9546516    -0.00000001     0.00000000
  -18.9429810    -0.00000002     0.00000000
  -18.9313104    -0.00000004     0.00000001
  -18.9196399    -0.00000008     0.00000003
  -18.9079693    -0.00000016     0.00000007
  -18.8962988    -0.00000032     0.00000016
  -18.8846282    -0.00000060     0.00000035
  -18.8729577    -0.00000110     0.00000076
  -18.8612871    -0.00000196     0.00000158
  -18.8496165    -0.00000335     0.00000320
  -18.8379460    -0.00000554     0.00000629
  -18.8262754    -0.00000880     0.00001198
  -18.8146049    -0.00001339     0.00002218
  -18.8029343    -0.00001939     0.00003987
  -18.7912638    -0.00002645     0.00006965
  -18.7795932    -0.00003340     0.00011828
  -18.7679226    -0.00003762     0.00019532
  -18.7562521    -0.00003424     0.00031368
  -18.7445815    -0.00001518     0.00049004
  -18.7329110     0.00003189     0.00074487
  -18.7212404     0.00012449     0.00110182
  -18.7095699     0.00028591     0.00158637
  -18.6978993     0.00054500     0.00222353
  -18.6862287     0.00093502     0.00303458
  -18.6745582     0.00149114     0.00403319
  -18.6628876     0.00224654     0.00522115
  -18.6512171     0.00322737     0.00658455
  -18.6395465     0.00444690     0.00809100
  -18.6278760     0.00589994     0.00968878
  -18.6162054     0.00755833     0.01130845
  -18.6045348     0.00936873     0.01286707
  -18.5928643     0.01125354     0.01427501
  -18.5811937     0.01311545     0.01544441
  -18.5695232     0.01484544     0.01629834
  -18.5578526     0.01633331     0.01677923
  -18.5461821     0.01747943     0.01685533
  -18.5345115     0.01820596     0.01652411
  -18.5228409     0.01846560     0.01581224
  -18.5111704     0.01824670     0.01477204
  -18.4994998     0.01757384     0.01347514
  -18.4878293     0.01650394     0.01200448
  -18.4761587     0.01511868     0.01044568
  -18.4644882     0.01351462     0.00887920
  -18.4528176     0.01179258     0.00737410
  -18.4411470     0.01004786     0.00598393
  -18.4294765     0.00836251     0.00474506
  -18.4178059     0.00680032     0.00367706
  -18.4061354     0.00540474     0.00278468
  -18.3944648     0.00419940     0.00206095
  -18.3827943     0.00319059     0.00149062
  -18.3711237     0.00237091     0.00105352
  -18.3594532     0.00172345     0.00072755
  -18.3477826     0.00122570     0.00049088
  -18.3361120     0.00085294     0.00032354
  -18.3244415     0.00058080     0.00020827
  -18.3127709     0.00038701     0.00013092
  -18.3011004     0.00025235     0.00008034
  -18.2894298     0.00016101     0.00004813
  -18.2777593     0.00010051     0.00002813
  -18.2660887     0.00006139     0.00001604
  -18.2544181     0.00003667     0.00000892
  -18.2427476     0.00002143     0.00000484
  -18.2310770     0.00001224     0.00000256
  -18.2194065     0.00000684     0.00000132
  -18.2077359     0.00000373     0.00000066
  -18.1960654     0.00000199     0.00000032
  -18.1843948     0.00000104     0.00000015
  -18.1727242     0.00000053     0.00000007
  -18.1610537     0.00000026     0.00000003
  -18.1493831     0.00000013     0.00000001
  -18.1377126     0.00000006     0.00000001
  -18.1260420     0.00000003     0.00000000
  -18.1143715     0.00000001     0.00000000
  -18.1027009     0.00000001     0.00000000
  -18.0910303     0.00000000     0.00000000
  -18.0793598     0.00000000     0.00000000
  -18.0676892     0.00000000     0.00000000
  -18.0560187     0.00000000     0.00000000
  -18.0443481     0.00000000     0.00000000
  -18.0326776     0.00000000    -0.00000000
  -18.0210070     0.00000000    -0.00000000
  -18.0093364     0.00000000     0.00000000
  -17.9976659     0.00000000     0.00000000
  -17.9859953     0.00000000     0.00000000
  -17.9743248     0.00000000     0.00000000
  -17.9626542     0.00000000     0.00000000
  -17.9509837     0.00000000     0.00000000
  -17.9393131     0.00000000     0.00000000
  -17.9276425     0.00000000     0.00000000
  -17.9159720     0.00000000     0.00000000
  -17.9043014     0.00000000     0.00000000
  -17.8926309     0.00000000     0.00000000
  -17.8809603     0.00000000     0.00000000
  -17.8692898     0.00000000     0.00000000
  -17.8576192     0.00000000     0.00000000
  -17.8459486     0.00000000     0.00000000
  -17.8342781     0.00000000     0.00000000
  -17.8226075     0.00000000     0.00000000
  -17.8109370     0.00000000     0.00000000
  -17.7992664     0.00000000     0.00000000
  -17.7875959     0.00000000     0.00000000
  -17.7759253     0.00000000     0.00000000
  -17.7642548     0.00000000     0.00000000
  -17.7525842     0.00000000     0.00000000
  -17.7409136     0.00000000     0.00000000
  -17.7292431     0.00000000     0.00000000
  -17.7175725     0.00000000     0.00000000
  -17.7059020     0.00000000     0.00000000
  -17.6942314     0.00000000     0.00000000
  -17.6825609     0.00000000     0.00000000
  -17.6708903     0.00000000     0.00000000
  -17.6592197     0.00000000     0.00000000
  -17.6475492     0.00000000     0.00000000
  -17.6358786     0.00000000     0.00000000
  -17.6242081     0.00000000     0.00000000
  -17.6125375     0.00000000     0.00000000
  -17.6008670     0.00000000     0.00000000
  -17.5891964     0.00000000     0.00000000
  -17.5775258     0.00000000     0.00000000
  -17.5658553     0.00000000     0.00000000
  -17.5541847     0.00000000     0.00000000
  -17.5425142     0.00000000     0.00000000
  -17.5308436     0.00000000     0.00000000
  -17.5191731     0.00000000     0.00000000
  -17.5075025     0.00000000     0.00000000
  -17.4958319     0.00000000     0.00000000
  -17.4841614     0.00000000     0.00000000
  -17.4724908     0.00000000     0.00000000
  -17.4608203     0.00000000     0.00000000
  -17.4491497     0.00000000     0.00000000
  -17.4374792     0.00000000     0.00000000
  -17.4258086     0.00000000     0.00000000
  -17.4141380     0.00000000     0.00000000
  -17.4024675     0.00000000     0.00000000
  -17.3907969     0.00000000     0.00000000
  -17.3791264     0.00000000     0.00000000
  -17.3674558     0.00000000     0.00000000
  -17.3557853     0.00000000     0.00000000
  -17.3441147     0.00000000     0.00000000
  -17.3324441     0.00000000     0.00000000
  -17.3207736     0.00000000     0.00000000
  -17.3091030     0.00000000     0.00000000
  -17.2974325     0.00000000     0.00000000
  -17.2857619     0.00000000     0.00000000
  -17.2740914     0.00000000     0.00000000
  -17.2624208     0.00000000     0.00000000
  -17.2507503     0.00000000     0.00000000
  -17.2390797     0.00000000     0.00000000
  -17.2274091     0.00000000     0.00000000
  -17.2157386     0.00000000     0.00000000
  -17.2040680     0.00000000     0.00000000
  -17.1923975     0.00000000     0.00000000
  -17.1807269     0.00000000     0.00000000
  -17.1690564     0.00000000     0.00000000
  -17.1573858     0.00000000     0.00000000
  -17.1457152     0.00000000     0.00000000
  -17.1340447     0.00000000     0.00000000
  -17.1223741     0.00000000     0.00000000
  -17.1107036     0.00000000     0.00000000
  -17.0990330     0.00000000     0.00000000
  -17.0873625     0.00000000     0.00000000
  -17.0756919     0.00000000     0.00000000
  -17.0640213     0.00000000     0.00000000
  -17.0523508     0.00000000     0.00000000
  -17.0406802     0.00000000     0.00000000
  -17.0290097     0.00000000     0.00000000
  -17.0173391     0.00000000     0.00000000
  -17.0056686     0.00000000     0.00000000
  -16.9939980     0.00000000     0.00000000
  -16.9823274     0.00000000     0.00000000
  -16.9706569     0.00000000     0.00000000
  -16.9589863     0.00000000     0.00000000
  -16.9473158     0.00000000     0.00000000
  -16.9356452     0.00000000     0.00000000
  -16.9239747     0.00000000     0.00000000
  -16.9123041     0.00000000     0.00000000
  -16.9006335     0.00000000     0.00000000
  -16.8889630     0.00000000     0.00000000
  -16.8772924     0.00000000     0.00000000
  -16.8656219     0.00000000     0.00000000
  -16.8539513     0.00000000     0.00000000
  -16.8422808     0.00000000     0.00000000
  -16.8306102     0.00000000     0.00000000
  -16.8189396     0.00000000     0.00000000
  -16.8072691     0.00000000     0.00000000
  -16.7955985     0.00000000     0.00000000
  -16.7839280     0.00000000     0.00000000
  -16.7722574     0.00000000     0.00000000
  -16.7605869     0.00000000     0.00000000
  -16.7489163     0.00000000     0.00000000
  -16.7372457     0.00000000     0.00000000
  -16.7255752     0.00000000     0.00000000
  -16.7139046     0.00000000     0.00000000
  -16.7022341     0.00000000     0.00000000
  -16.6905635     0.00000000     0.00000000
  -16.6788930     0.00000000     0.00000000
  -16.6672224     0.00000000     0.00000000
  -16.6555519     0.00000000     0.00000000
  -16.6438813     0.00000000     0.00000000
  -16.6322107     0.00000000     0.00000000
  -16.6205402     0.00000000     0.00000000
  -16.6088696     0.00000000     0.00000000
  -16.5971991     0.00000000     0.00000000
  -16.5855285     0.00000000     0.00000000
  -16.5738580     0.00000000     0.00000000
  -16.5621874     0.00000000     0.00000000
  -16.5505168     0.00000000     0.00000000
  -16.5388463     0.00000000     0.00000000
  -16.5271757     0.00000000     0.00000000
  -16.5155052     0.00000000     0.00000000
  -16.5038346     0.00000000     0.00000000
  -16.4921641     0.00000000     0.00000000
  -16.4804935     0.00000000     0.00000000
  -16.4688229     0.00000000     0.00000000
  -16.4571524     0.00000000     0.00000000
  -16.4454818     0.00000000     0.00000000
  -16.4338113     0.00000000     0.00000000
  -16.4221407     0.00000000     0.00000000
  -16.4104702     0.00000000     0.00000000
  -16.3987996     0.00000000     0.00000000
  -16.3871290     0.00000000     0.00000000
  -16.3754585     0.00000000     0.00000000
  -16.3637879     0.00000000     0.00000000
  -16.3521174     0.00000000     0.00000000
  -16.3404468     0.00000000     0.00000000
  -16.3287763     0.00000000     0.00000000
  -16.3171057     0.00000000     0.00000000
  -16.3054351     0.00000000     0.00000000
  -16.2937646     0.00000000     0.00000000
  -16.2820940     0.00000000     0.00000000
  -16.2704235     0.00000000     0.00000000
  -16.2587529     0.00000000     0.00000000
  -16.2470824     0.00000000     0.00000000
  -16.2354118     0.00000000     0.00000000
  -16.2237412     0.00000000     0.00000000
  -16.2120707     0.00000000     0.00000000
  -16.2004001     0.00000000     0.00000000
  -16.1887296     0.00000000     0.00000000
  -16.1770590     0.00000000     0.00000000
  -16.1653885     0.00000000     0.00000000
  -16.1537179     0.00000000     0.00000000
  -16.1420473     0.00000000     0.00000000
  -16.1303768     0.00000000     0.00000000
  -16.1187062     0.00000000     0.00000000
  -16.1070357     0.00000000     0.00000000
  -16.0953651     0.00000000     0.00000000
  -16.0836946     0.00000000     0.00000000
  -16.0720240     0.00000000     0.00000000
  -16.0603535     0.00000000     0.00000000
  -16.0486829     0.00000000     0.00000000
  -16.0370123     0.00000000     0.00000000
  -16.0253418     0.00000000     0.00000000
  -16.0136712     0.00000000     0.00000000
  -16.0020007     0.00000000     0.00000000
  -15.9903301     0.00000000     0.00000000
  -15.9786596     0.00000000     0.00000000
  -15.9669890     0.00000000     0.00000000
  -15.9553184     0.00000000     0.00000000
  -15.9436479     0.00000000     0.00000000
  -15.9319773     0.00000000     0.00000000
  -15.9203068     0.00000000     0.00000000
  -15.9086362     0.00000000     0.00000000
  -15.8969657     0.00000000     0.00000000
  -15.8852951     0.00000000     0.00000000
  -15.8736245     0.00000000     0.00000000
  -15.8619540     0.00000000     0.00000000
  -15.8502834     0.00000000     0.00000000
  -15.8386129     0.00000000     0.00000000
  -15.8269423     0.00000000     0.00000000
  -15.8152718     0.00000000     0.00000000
  -15.8036012     0.00000000     0.00000000
  -15.7919306     0.00000000     0.00000000
  -15.7802601     0.00000000     0.00000000
  -15.7685895     0.00000000     0.00000000
  -15.7569190     0.00000000     0.00000000
  -15.7452484     0.00000000     0.00000000
  -15.7335779     0.00000000     0.00000000
  -15.7219073     0.00000000     0.00000000
  -15.7102367     0.00000000     0.00000000
  -15.6985662     0.00000000     0.00000000
  -15.6868956     0.00000000     0.00000000
  -15.6752251     0.00000000     0.00000000
  -15.6635545     0.00000000     0.00000000
  -15.6518840     0.00000000     0.00000000
  -15.6402134     0.00000000     0.00000000
  -15.6285428     0.00000000     0.00000000
  -15.6168723     0.00000000     0.00000000
  -15.6052017     0.00000000     0.00000000
  -15.5935312     0.00000000     0.00000000
  -15.5818606     0.00000000     0.00000000
  -15.5701901     0.00000000     0.00000000
  -15.5585195     0.00000000     0.00000000
  -15.5468489     0.00000000     0.00000000
  -15.5351784     0.00000000     0.00000000
  -15.5235078     0.00000000     0.00000000
  -15.5118373     0.00000000     0.00000000
  -15.5001667     0.00000000     0.00000000
  -15.4884962     0.00000000     0.00000000
  -15.4768256     0.00000000     0.00000000
  -15.4651551     0.00000000     0.00000000
  -15.4534845     0.00000000     0.00000000
  -15.4418139     0.00000000     0.00000000
  -15.4301434     0.00000000     0.00000000
  -15.4184728     0.00000000     0.00000000
  -15.4068023     0.00000000     0.00000000
  -15.3951317     0.00000000     0.00000000
  -15.3834612     0.00000000     0.00000000
  -15.3717906     0.00000000     0.00000000
  -15.3601200     0.00000000     0.00000000
  -15.3484495     0.00000000     0.00000000
  -15.3367789     0.00000000     0.00000000
  -15.3251084     0.00000000     0.00000000
  -15.3134378     0.00000000     0.00000000
  -15.3017673     0.00000000     0.00000000
  -15.2900967     0.00000000     0.00000000
  -15.2784261     0.00000000     0.00000000
  -15.2667556     0.00000000     0.00000000
  -15.2550850     0.00000000     0.00000000
  -15.2434145     0.00000000     0.00000000
  -15.2317439     0.00000000     0.00000000
  -15.2200734     0.00000000     0.00000000
  -15.2084028     0.00000000     0.00000000
  -15.1967322     0.00000000     0.00000000
  -15.1850617     0.00000000     0.00000000
  -15.1733911     0.00000000     0.00000000
  -15.1617206     0.00000000     0.00000000
  -15.1500500     0.00000000     0.00000000
  -15.1383795     0.00000000     0.00000000
  -15.1267089     0.00000000     0.00000000
  -15.1150383     0.00000000     0.00000000
  -15.1033678     0.00000000     0.00000000
  -15.0916972     0.00000000     0.00000000
  -15.0800267     0.00000000     0.00000000
  -15.0683561     0.00000000     0.00000000
  -15.0566856     0.00000000     0.00000000
  -15.0450150     0.00000000     0.00000000
  -15.0333444     0.00000000     0.00000000
  -15.0216739     0.00000000     0.00000000
  -15.0100033     0.00000000     0.00000000
  -14.9983328     0.00000000     0.00000000
  -14.9866622     0.00000000     0.00000000
  -14.9749917     0.00000000     0.00000000
  -14.9633211     0.00000000     0.00000000
  -14.9516506     0.00000000     0.00000000
  -14.9399800     0.00000000     0.00000000
  -14.9283094     0.00000000     0.00000000
  -14.9166389     0.00000000     0.00000000
  -14.9049683     0.00000000     0.00000000
  -14.8932978     0.00000000     0.00000000
  -14.8816272     0.00000000     0.00000000
  -14.8699567     0.00000000     0.00000000
  -14.8582861     0.00000000     0.00000000
  -14.8466155     0.00000000     0.00000000
  -14.8349450     0.00000000     0.00000000
  -14.8232744     0.00000000     0.00000000
  -14.8116039     0.00000000     0.00000000
  -14.7999333     0.00000000     0.00000000
  -14.7882628     0.00000000     0.00000000
  -14.7765922     0.00000000     0.00000000
  -14.7649216     0.00000000     0.00000000
  -14.7532511     0.00000000     0.00000000
  -14.7415805     0.00000000     0.00000000
  -14.7299100     0.00000000     0.00000000
  -14.7182394     0.00000000     0.00000000
  -14.7065689     0.00000000     0.00000000
  -14.6948983     0.00000000     0.00000000
  -14.6832277     0.00000000     0.00000000
  -14.6715572     0.00000000     0.00000000
  -14.6598866     0.00000000     0.00000000
  -14.6482161     0.00000000     0.00000000
  -14.6365455     0.00000000     0.00000000
  -14.6248750     0.00000000     0.00000000
  -14.6132044     0.00000000     0.00000000
  -14.6015338     0.00000000     0.00000000
  -14.5898633     0.00000000     0.00000000
  -14.5781927     0.00000000     0.00000000
  -14.5665222     0.00000000     0.00000000
  -14.5548516     0.00000000     0.00000000
  -14.5431811     0.00000000     0.00000000
  -14.5315105     0.00000000     0.00000000
  -14.5198399     0.00000000     0.00000000
  -14.5081694     0.00000000     0.00000000
  -14.4964988     0.00000000     0.00000000
  -14.4848283     0.00000000     0.00000000
  -14.4731577     0.00000000     0.00000000
  -14.4614872     0.00000000     0.00000000
  -14.4498166     0.00000000     0.00000000
  -14.4381460     0.00000000     0.00000000
  -14.4264755     0.00000000     0.00000000
  -14.4148049     0.00000000     0.00000000
  -14.4031344     0.00000000     0.00000000
  -14.3914638     0.00000000     0.00000000
  -14.3797933     0.00000000     0.00000000
  -14.3681227     0.00000000     0.00000000
  -14.3564522     0.00000000     0.00000000
  -14.3447816     0.00000000     0.00000000
  -14.3331110     0.00000000     0.00000000
  -14.3214405     0.00000000     0.00000000
  -14.3097699     0.00000000     0.00000000
  -14.2980994     0.00000000     0.00000000
  -14.2864288     0.00000000     0.00000000
  -14.2747583     0.00000000     0.00000000
  -14.2630877     0.00000000     0.00000000
  -14.2514171     0.00000000     0.00000000
  -14.2397466     0.00000000     0.00000000
  -14.2280760     0.00000000     0.00000000
  -14.2164055     0.00000000     0.00000000
  -14.2047349     0.00000000     0.00000000
  -14.1930644     0.00000000     0.00000000
  -14.1813938     0.00000000     0.00000000
  -14.1697232     0.00000000     0.00000000
  -14.1580527     0.00000001     0.00000000
  -14.1463821     0.00000002     0.00000000
  -14.1347116     0.00000004     0.00000000
  -14.1230410     0.00000009     0.00000001
  -14.1113705     0.00000019     0.00000001
  -14.0996999     0.00000037     0.00000003
  -14.0880293     0.00000070     0.00000006
  -14.0763588     0.00000131     0.00000013
  -14.0646882     0.00000238     0.00000026
  -14.0530177     0.00000422     0.00000051
  -14.0413471     0.00000729     0.00000097
  -14.0296766     0.00001226     0.00000181
  -14.0180060     0.00002013     0.00000329
  -14.0063354     0.00003226     0.00000582
  -13.9946649     0.00005047     0.00001004
  -13.9829943     0.00007713     0.00001690
  -13.9713238     0.00011523     0.00002773
  -13.9596532     0.00016841     0.00004441
  -13.9479827     0.00024094     0.00006941
  -13.9363121     0.00033775     0.00010595
  -13.9246415     0.00046428     0.00015805
  -13.9129710     0.00062646     0.00023055
  -13.9013004     0.00083053     0.00032913
  -13.8896299     0.00108296     0.00046024
  -13.8779593     0.00139031     0.00063098
  -13.8662888     0.00175918     0.00084899
  -13.8546182     0.00219618     0.00112229
  -13.8429476     0.00270799     0.00145918
  -13.8312771     0.00330156     0.00186812
  -13.8196065     0.00398433     0.00235769
  -13.8079360     0.00476456     0.00293652
  -13.7962654     0.00565167     0.00361336
  -13.7845949     0.00665637     0.00439709
  -13.7729243     0.00779053     0.00529676
  -13.7612538     0.00906658     0.00632161
  -13.7495832     0.01049626     0.00748106
  -13.7379126     0.01208898     0.00878451
  -13.7262421     0.01384986     0.01024092
  -13.7145715     0.01577788     0.01185803
  -13.7029010     0.01786481     0.01364128
  -13.6912304     0.02009523     0.01559240
  -13.6795599     0.02244802     0.01770798
  -13.6678893     0.02489902     0.01997825
  -13.6562187     0.02742438     0.02238669
  -13.6445482     0.03000345     0.02491055
  -13.6328776     0.03262023     0.02752263
  -13.6212071     0.03526241     0.03019387
  -13.6095365     0.03791792     0.03289619
  -13.5978660     0.04056948     0.03560480
  -13.5861954     0.04318872     0.03829880
  -13.5745248     0.04573174     0.04095980
  -13.5628543     0.04813798     0.04356841
  -13.5511837     0.05033366     0.04609956
  -13.5395132     0.05223963     0.04851805
  -13.5278426     0.05378231     0.05077622
  -13.5161721     0.05490528     0.05281498
  -13.5045015     0.05557860     0.05456900
  -13.4928309     0.05580344     0.05597537
  -13.4811604     0.05561064     0.05698396
  -13.4694898     0.05505375     0.05756701
  -13.4578193     0.05419827     0.05772532
  -13.4461487     0.05311024     0.05748929
  -13.4344782     0.05184705     0.05691428
  -13.4228076     0.05045316     0.05607148
  -13.4111370     0.04896134     0.05503674
  -13.3994665     0.04739898     0.05388018
  -13.3877959     0.04579735     0.05265943
  -13.3761254     0.04420100     0.05141805
  -13.3644548     0.04267451     0.05018923
  -13.3527843     0.04130466     0.04900334
  -13.3411137     0.04019699     0.04789686
  -13.3294431     0.03946715     0.04691999
  -13.3177726     0.03922834     0.04614037
  -13.3061020     0.03957681     0.04564178
  -13.2944315     0.04057772     0.04551734
  -13.2827609     0.04225353     0.04585842
  -13.2710904     0.04457681     0.04674100
  -13.2594198     0.04746896     0.04821192
  -13.2477492     0.05080530     0.05027738
  -13.2360787     0.05442645     0.05289583
  -13.2244081     0.05815438     0.05597688
  -13.2127376     0.06181082     0.05938679
  -13.2010670     0.06523470     0.06296022
  -13.1893965     0.06829531     0.06651666
  -13.1777259     0.07089858     0.06987891
  -13.1660554     0.07298527     0.07289037
  -13.1543848     0.07452193     0.07542780
  -13.1427142     0.07548753     0.07740710
  -13.1310437     0.07585981     0.07878123
  -13.1193731     0.07560576     0.07953114
  -13.1077026     0.07467971     0.07965278
  -13.0960320     0.07303029     0.07914407
  -13.0843615     0.07061499     0.07799608
  -13.0726909     0.06741883     0.07619142
  -13.0610203     0.06347235     0.07371074
  -13.0493498     0.05886383     0.07054599
  -13.0376792     0.05374234     0.06671680
  -13.0260087     0.04831005     0.06228542
  -13.0143381     0.04280501     0.05736575
  -13.0026676     0.03747758     0.05212342
  -12.9909970     0.03256499     0.04676607
  -12.9793264     0.02826846     0.04152533
  -12.9676559     0.02473663     0.03663390
  -12.9559853     0.02205722     0.03230196
  -12.9443148     0.02025733     0.02869723
  -12.9326442     0.01931097     0.02593164
  -12.9209737     0.01915163     0.02405638
  -12.9093031     0.01968703     0.02306491
  -12.8976325     0.02081340     0.02290257
  -12.8859620     0.02242723     0.02348024
  -12.8742914     0.02443293     0.02468916
  -12.8626209     0.02674619     0.02641451
  -12.8509503     0.02929316     0.02854573
  -12.8392798     0.03200665     0.03098268
  -12.8276092     0.03482083     0.03363739
  -12.8159386     0.03766625     0.03643222
  -12.8042681     0.04046666     0.03929574
  -12.7925975     0.04313874     0.04215802
  -12.7809270     0.04559521     0.04494689
  -12.7692564     0.04775076     0.04758645
  -12.7575859     0.04952977     0.04999845
  -12.7459153     0.05087416     0.05210639
  -12.7342447     0.05174992     0.05384148
  -12.7225742     0.05215079     0.05514927
  -12.7109036     0.05209841     0.05599538
  -12.6992331     0.05163879     0.05636909
  -12.6875625     0.05083564     0.05628408
  -12.6758920     0.04976152     0.05577588
  -12.6642214     0.04848812     0.05489652
  -12.6525509     0.04707711     0.05370718
  -12.6408803     0.04557286     0.05226997
  -12.6292097     0.04399824     0.05064012
  -12.6175392     0.04235423     0.04885992
  -12.6058686     0.04062366     0.04695551
  -12.5941981     0.03877860     0.04493700
  -12.5825275     0.03679041     0.04280236
  -12.5708570     0.03464078     0.04054435
  -12.5591864     0.03233162     0.03815941
  -12.5475158     0.02989210     0.03565684
  -12.5358453     0.02738113     0.03306643
  -12.5241747     0.02488483     0.03044280
  -12.5125042     0.02250915     0.02786527
  -12.5008336     0.02036900     0.02543306
  -12.4891631     0.01857560     0.02325634
  -12.4774925     0.01722429     0.02144464
  -12.4658219     0.01638450     0.02009453
  -12.4541514     0.01609325     0.01927851
  -12.4424808     0.01635280     0.01903685
  -12.4308103     0.01713223     0.01937329
  -12.4191397     0.01837205     0.02025499
  -12.4074692     0.01999083     0.02161606
  -12.3957986     0.02189250     0.02336392
  -12.3841280     0.02397306     0.02538693
  -12.3724575     0.02612609     0.02756235
  -12.3607869     0.02824665     0.02976355
  -12.3491164     0.03023373     0.03186597
  -12.3374458     0.03199181     0.03375190
  -12.3257753     0.03343247     0.03531427
  -12.3141047     0.03447660     0.03646012
  -12.3024341     0.03505789     0.03711407
  -12.2907636     0.03512768     0.03722225
  -12.2790930     0.03466064     0.03675633
  -12.2674225     0.03366026     0.03571738
  -12.2557519     0.03216316     0.03413850
  -12.2440814     0.03024079     0.03208573
  -12.2324108     0.02799785     0.02965622
  -12.2207402     0.02556706     0.02697373
  -12.2090697     0.02310079     0.02418153
  -12.1973991     0.02076040     0.02143354
  -12.1857286     0.01870479     0.01888479
  -12.1740580     0.01707958     0.01668232
  -12.1623875     0.01600808     0.01495754
  -12.1507169     0.01558507     0.01382064
  -12.1390463     0.01587358     0.01335724
  -12.1273758     0.01690455     0.01362685
  -12.1157052     0.01867890     0.01466259
  -12.1040347     0.02117129     0.01647159
  -12.0923641     0.02433461     0.01903534
  -12.0806936     0.02810462     0.02230990
  -12.0690230     0.03240397     0.02622610
  -12.0573525     0.03714525     0.03069026
  -12.0456819     0.04223293     0.03558614
  -12.0340113     0.04756413     0.04077884
  -12.0223408     0.05302889     0.04612106
  -12.0106702     0.05851043     0.05146161
  -11.9989997     0.06388634     0.05665552
  -11.9873291     0.06903137     0.06157460
  -11.9756586     0.07382245     0.06611684
  -11.9639880     0.07814582     0.07021308
  -11.9523174     0.08190566     0.07382986
  -11.9406469     0.08503290     0.07696787
  -11.9289763     0.08749248     0.07965635
  -11.9173058     0.08928718     0.08194455
  -11.9056352     0.09045676     0.08389193
  -11.8939647     0.09107177     0.08555897
  -11.8822941     0.09122244     0.08699995
  -11.8706235     0.09100456     0.08825849
  -11.8589530     0.09050450     0.08936591
  -11.8472824     0.08978626     0.09034154
  -11.8356119     0.08888297     0.09119379
  -11.8239413     0.08779440     0.09192090
  -11.8122708     0.08649090     0.09251067
  -11.8006002     0.08492303     0.09293921
  -11.7889296     0.08303493     0.09316946
  -11.7772591     0.08077926     0.09315062
  -11.7655885     0.07813115     0.09281971
  -11.7539180     0.07509921     0.09210597
  -11.7422474     0.07173211     0.09093819
  -11.7305769     0.06812029     0.08925419
  -11.7189063     0.06439279     0.08701129
  -11.7072357     0.06070992     0.08419612
  -11.6955652     0.05725290     0.08083247
  -11.6838946     0.05421184     0.07698632
  -11.6722241     0.05177350     0.07276769
  -11.6605535     0.05011043     0.06832927
  -11.6488830     0.04937290     0.06386242
  -11.6372124     0.04968472     0.05959056
  -11.6255418     0.05114350     0.05576052
  -11.6138713     0.05382516     0.05263182
  -11.6022007     0.05779133     0.05046424
  -11.5905302     0.06309745     0.04950411
  -11.5788596     0.06979850     0.04997041
  -11.5671891     0.07794944     0.05204196
  -11.5555185     0.08759760     0.05584720
  -11.5438479     0.09876630     0.06145804
  -11.5321774     0.11143078     0.06888831
  -11.5205068     0.12548995     0.07809654
  -11.5088363     0.14073939     0.08899148
  -11.4971657     0.15685211     0.10143811
  -11.4854952     0.17337282     0.11526140
  -11.4738246     0.18972964     0.13024578
  -11.4621541     0.20526405     0.14612979
  -11.4504835     0.21927612     0.16259712
  -11.4388129     0.23107944     0.17926742
  -11.4271424     0.24005779     0.19569143
  -11.4154718     0.24571613     0.21135511
  -11.4038013     0.24771930     0.22569615
  -11.3921307     0.24591509     0.23813364
  -11.3804602     0.24034074     0.24810860
  -11.3687896     0.23121472     0.25513016
  -11.3571190     0.21891718     0.25882014
  -11.3454485     0.20396263     0.25894893
  -11.3337779     0.18696820     0.25545677
  -11.3221074     0.16861990     0.24845767
  -11.3104368     0.14963830     0.23822633
  -11.2987663     0.13074500     0.22517153
  -11.2870957     0.11263088     0.20980141
  -11.2754251     0.09592756     0.19268627
  -11.2637546     0.08118352     0.17442395
  -11.2520840     0.06884615     0.15561081
  -11.2404135     0.05925064     0.13681955
  -11.2287429     0.05261542     0.11858358
  -11.2170724     0.04904364     0.10138652
  -11.2054018     0.04852907     0.08565555
  -11.1937312     0.05096521     0.07175710
  -11.1820607     0.05615606     0.05999444
  -11.1703901     0.06382793     0.05060638
  -11.1587196     0.07364165     0.04376678
  -11.1470490     0.08520499     0.03958443
  -11.1353785     0.09808491     0.03810261
  -11.1237079     0.11181937     0.03929817
  -11.1120373     0.12592837     0.04308015
  -11.1003668     0.13992419     0.04928880
  -11.0886962     0.15332140     0.05769630
  -11.0770257     0.16564791     0.06801072
  -11.0653551     0.17645876     0.07988421
  -11.0536846     0.18535393     0.09292549
  -11.0420140     0.19200068     0.10671554
  -11.0303434     0.19615912     0.12082417
  -11.0186729     0.19770759     0.13482483
  -11.0070023     0.19666292     0.14830585
  -10.9953318     0.19318988     0.16087732
  -10.9836612     0.18759524     0.17217527
  -10.9719907     0.18030384     0.18186596
  -10.9603201     0.17181798     0.18965400
  -10.9486495     0.16266486     0.19529679
  -10.9369790     0.15334003     0.19862565
  -10.9253084     0.14425610     0.19957071
  -10.9136379     0.13570566     0.19818372
  -10.9019673     0.12784447     0.19465170
  -10.8902968     0.12069756     0.18929447
  -10.8786262     0.11418598     0.18254254
  -10.8669557     0.10816846     0.17489573
  -10.8552851     0.10248939     0.16686821
  -10.8436145     0.09702393     0.15892901
  -10.8319440     0.09171225     0.15144894
  -10.8202734     0.08657726     0.14466396
  -10.8086029     0.08172390     0.13866116
  -10.7969323     0.07732149     0.13338937
  -10.7852618     0.07357361     0.12869074
  -10.7735912     0.07068215     0.12434624
  -10.7619206     0.06881247     0.12012579
  -10.7502501     0.06806649     0.11583382
  -10.7385795     0.06846800     0.11134336
  -10.7269090     0.06996262     0.10661425
  -10.7152384     0.07243123     0.10169503
  -10.7035679     0.07571349     0.09671044
  -10.6918973     0.07963569     0.09183886
  -10.6802267     0.08403669     0.08728476
  -10.6685562     0.08878601     0.08325141
  -10.6568856     0.09379018     0.07991824
  -10.6452151     0.09898611     0.07742576
  -10.6335445     0.10432348     0.07586963
  -10.6218740     0.10974036     0.07530315
  -10.6102034     0.11513850     0.07574644
  -10.5985328     0.12036425     0.07719889
  -10.5868623     0.12520046     0.07965120
  -10.5751917     0.12937222     0.08309343
  -10.5635212     0.13256644     0.08751615
  -10.5518506     0.13446270     0.09290351
  -10.5401801     0.13477077     0.09921855
  -10.5285095     0.13326879     0.10638289
  -10.5168389     0.12983630     0.11425462
  -10.5051684     0.12447709     0.12260900
  -10.4934978     0.11732857     0.13112722
  -10.4818273     0.10865631     0.13939766
  -10.4701567     0.09883490     0.14693284
  -10.4584862     0.08831787     0.15320287
  -10.4468156     0.07760090     0.15768302
  -10.4351450     0.06718328     0.15991030
  -10.4234745     0.05753234     0.15954115
  -10.4118039     0.04905464     0.15640113
  -10.4001334     0.04207639     0.15051782
  -10.3884628     0.03683390     0.14213072
  -10.3767923     0.03347319     0.13167536
  -10.3651217     0.03205666     0.11974363
  -10.3534512     0.03257422     0.10702640
  -10.3417806     0.03495584     0.09424748
  -10.3301100     0.03908326     0.08209920
  -10.3184395     0.04479923     0.07118849
  -10.3067689     0.05191380     0.06199977
  -10.2950984     0.06020815     0.05487718
  -10.2834278     0.06943734     0.05002467
  -10.2717573     0.07933353     0.04751944
  -10.2600867     0.08961152     0.04733271
  -10.2484161     0.09997744     0.04935176
  -10.2367456     0.11014065     0.05339839
  -10.2250750     0.11982778     0.05924190
  -10.2134045     0.12879664     0.06660667
  -10.2017339     0.13684753     0.07517713
  -10.1900634     0.14382947     0.08460380
  -10.1783928     0.14964001     0.09451378
  -10.1667222     0.15421893     0.10452789
  -10.1550517     0.15753777     0.11428395
  -10.1433811     0.15958853     0.12346352
  -10.1317106     0.16037545     0.13181712
  -10.1200400     0.15991299     0.13918264
  -10.1083695     0.15823165     0.14549186
  -10.0966989     0.15539085     0.15076284
  -10.0850283     0.15149576     0.15507862
  -10.0733578     0.14671348     0.15855623
  -10.0616872     0.14128341     0.16131246
  -10.0500167     0.13551768     0.16343407
  -10.0383461     0.12978940     0.16495917
  -10.0266756     0.12450932     0.16587429
  -10.0150050     0.12009362     0.16612806
  -10.0033344     0.11692764     0.16565840
   -9.9916639     0.11533066     0.16442737
   -9.9799933     0.11552640     0.16245557
   -9.9683228     0.11762253     0.15984831
   -9.9566522     0.12160063     0.15680742
   -9.9449817     0.12731653     0.15362543
   -9.9333111     0.13450996     0.15066250
   -9.9216405     0.14282179     0.14830947
   -9.9099700     0.15181739     0.14694307
   -9.8982994     0.16101469     0.14688003
   -9.8866289     0.16991571     0.14833695
   -9.8749583     0.17804004     0.15140113
   -9.8632878     0.18495841     0.15601580
   -9.8516172     0.19032366     0.16198095
   -9.8399466     0.19389616     0.16896906
   -9.8282761     0.19556061     0.17655345
   -9.8166055     0.19533171     0.18424610
   -9.8049350     0.19334745     0.19154124
   -9.7932644     0.18985029     0.19796054
   -9.7815939     0.18515826     0.20309596
   -9.7699233     0.17962975     0.20664610
   -9.7582528     0.17362658     0.20844224
   -9.7465822     0.16748038     0.20846100
   -9.7349116     0.16146685     0.20682153
   -9.7232411     0.15579095     0.20376695
   -9.7115705     0.15058451     0.19963184
   -9.6999000     0.14591530     0.19479949
   -9.6882294     0.14180536     0.18965484
   -9.6765588     0.13825442     0.18453967
   -9.6648883     0.13526447     0.17971674
   -9.6532177     0.13286186     0.17534800
   -9.6415472     0.13111442     0.17148959
   -9.6298766     0.13014308     0.16810332
   -9.6182061     0.13012885     0.16508136
   -9.6065355     0.13131641     0.16227881
   -9.5948649     0.13401600     0.15954817
   -9.5831944     0.13860322     0.15677030
   -9.5715238     0.14551497     0.15387861
   -9.5598533     0.15523746     0.15087554
   -9.5481827     0.16828143     0.14784243
   -9.5365122     0.18514046     0.14494500
   -9.5248416     0.20623040     0.14243649
   -9.5131711     0.23181278     0.14065890
   -9.5015005     0.26190972     0.14004107
   -9.4898299     0.29622282     0.14109046
   -9.4781594     0.33407113     0.14437511
   -9.4664888     0.37436376     0.15049281
   -9.4548183     0.41561891     0.16002692
   -9.4431477     0.45603542     0.17349113
   -9.4314772     0.49361420     0.19126850
   -9.4198066     0.52631875     0.21355231
   -9.4081360     0.55225647     0.24029683
   -9.3964655     0.56985843     0.27118515
   -9.3847949     0.57803427     0.30561869
   -9.3731244     0.57628255     0.34272980
   -9.3614538     0.56474294     0.38141548
   -9.3497833     0.54418508     0.42038802
   -9.3381127     0.51593767     0.45823726
   -9.3264422     0.48176868     0.49349959
   -9.3147716     0.44373291     0.52473032
   -9.3031010     0.40400537     0.55057760
   -9.2914305     0.36471866     0.56985719
   -9.2797599     0.32781950     0.58162709
   -9.2680894     0.29495597     0.58525913
   -9.2564188     0.26740172     0.58050228
   -9.2447483     0.24601966     0.56752946
   -9.2330777     0.23126339     0.54695854
   -9.2214071     0.22321166     0.51983897
   -9.2097366     0.22162869     0.48759929
   -9.1980660     0.22604128     0.45195626
   -9.1863955     0.23582229     0.41479337
   -9.1747249     0.25026987     0.37802196
   -9.1630543     0.26867288     0.34344239
   -9.1513838     0.29035508     0.31262231
   -9.1397132     0.31469520     0.28680630
   -9.1280427     0.34112439     0.26686521
   -9.1163721     0.36910787     0.25328593
   -9.1047016     0.39812060     0.24619618
   -9.0930310     0.42762861     0.24541370
   -9.0813605     0.45708507     0.25050736
   -9.0696899     0.48594626     0.26085898
   -9.0580193     0.51370580     0.27571781
   -9.0463488     0.53993983     0.29424456
   -9.0346782     0.56435098     0.31554648
   -9.0230077     0.58679833     0.33870794
   -9.0113371     0.60730309     0.36282215
   -8.9996666     0.62602567     0.38702811
   -8.9879960     0.64321773     0.41055356
   -8.9763254     0.65915934     0.43276064
   -8.9646549     0.67409670     0.45318753
   -8.9529843     0.68819575     0.47157761
   -8.9413138     0.70152377     0.48788849
   -8.9296432     0.71406338     0.50227652
   -8.9179727     0.72575490     0.51505758
   -8.9063021     0.73655462     0.52664976
   -8.8946315     0.74649186     0.53750830
   -8.8829610     0.75570709     0.54806415
   -8.8712904     0.76445806     0.55867707
   -8.8596199     0.77308909     0.56960995
   -8.8479493     0.78196886     0.58102631
   -8.8362788     0.79141062     0.59300751
   -8.8246082     0.80159463     0.60558263
   -8.8129377     0.81251249     0.61876215
   -8.8012671     0.82394872     0.63256735
   -8.7895965     0.83550578     0.64704954
   -8.7779260     0.84666899     0.66229624
   -8.7662554     0.85689857     0.67842429
   -8.7545849     0.86573063     0.69556188
   -8.7429143     0.87286838     0.71382239
   -8.7312438     0.87824804     0.73327388
   -8.7195732     0.88207094     0.75390839
   -8.7079026     0.88480093     0.77561558
   -8.6962321     0.88713235     0.79816623
   -8.6845615     0.88993798     0.82121032
   -8.6728910     0.89420645     0.84429385
   -8.6612204     0.90097680     0.86689534
   -8.6495498     0.91127404     0.88847959
   -8.6378793     0.92604650     0.90856210
   -8.6262087     0.94610372     0.92677457
   -8.6145382     0.97205460     0.94292060
   -8.6028676     1.00424762     0.95701202
   -8.5911971     1.04271918     0.96927948
   -8.5795265     1.08715890     0.98015559
   -8.5678560     1.13690203     0.99023328
   -8.5561854     1.19095729     1.00020577
   -8.5445148     1.24807337     1.01079588
   -8.5328443     1.30683968     1.02268296
   -8.5211737     1.36580936     1.03643437
   -8.5095032     1.42362608     1.05244773
   -8.4978326     1.47913379     1.07090852
   -8.4861621     1.53145055     1.09176775
   -8.4744915     1.57999475     1.11474334
   -8.4628209     1.62446164     1.13934762
   -8.4511504     1.66475894     1.16494131
   -8.4394798     1.70091872     1.19080996
   -8.4278093     1.73300720     1.21625478
   -8.4161387     1.76105277     1.24068513
   -8.4044682     1.78500652     1.26369714
   -8.3927976     1.80474001     1.28512320
   -8.3811270     1.82007484     1.30504018
   -8.3694565     1.83083057     1.32373114
   -8.3577859     1.83687385     1.34160410
   -8.3461154     1.83815285     1.35908083
   -8.3344448     1.83470748     1.37647624
   -8.3227743     1.82665507     1.39389294
   -8.3111037     1.81415982     1.41115478
   -8.2994331     1.79740151     1.42779701
   -8.2877626     1.77656014     1.44312023
   -8.2760920     1.75182964     1.45630211
   -8.2644215     1.72346512     1.46654834
   -8.2527509     1.69185668     1.47325387
   -8.2410804     1.65761251     1.47614103
   -8.2294098     1.62162666     1.47534351
   -8.2177392     1.58510608     1.47141417
   -8.2060687     1.54953744     1.46524975
   -8.1943981     1.51658614     1.45794310
   -8.1827276     1.48793512     1.45059019
   -8.1710570     1.46508639     1.44409107
   -8.1593865     1.44915892     1.43898770
   -8.1477159     1.44072130     1.43537601
   -8.1360453     1.43969335     1.43291512
   -8.1243748     1.44533960     1.43093665
   -8.1127042     1.45636119     1.42863504
   -8.1010337     1.47107408     1.42530223
   -8.0893631     1.48764607     1.42055966
   -8.0776926     1.50435431     1.41454015
   -8.0660220     1.51982193     1.40798274
   -8.0543515     1.53319761     1.40222036
   -8.0426809     1.54425247     1.39906125
   -8.0310103     1.55338469     1.40058414
   -8.0193398     1.56153791     1.40888172
   -8.0076692     1.57005396     1.42579305
   -7.9959987     1.58048967     1.45266481
   -7.9843281     1.59443128     1.49017307
   -7.9726576     1.61333669     1.53822541
   -7.9609870     1.63842753     1.59594979
   -7.9493164     1.67064118     1.66176437
   -7.9376459     1.71063996     1.73351250
   -7.9259753     1.75886370     1.80864132
   -7.9143048     1.81560494     1.88439992
   -7.9026342     1.88108396     1.95803417
   -7.8909636     1.95550354     2.02695936
   -7.8792931     2.03906972     2.08889811
   -7.8676225     2.13197259     2.14197822
   -7.8559520     2.23432831     2.18479229
   -7.8442814     2.34608891     2.21642712
   -7.8326109     2.46692973     2.23647417
   -7.8209403     2.59612651     2.24503242
   -7.8092698     2.73243566     2.24271190
   -7.7975992     2.87399370     2.23064011
   -7.7859286     3.01825434     2.21046641
   -7.7742581     3.16198318     2.18435344
   -7.7625875     3.30132862     2.15494086
   -7.7509170     3.43198109     2.12526761
   -7.7392464     3.54942146     2.09864426
   -7.7275759     3.64924295     2.07847610
   -7.7159053     3.72751465     2.06804856
   -7.7042347     3.78114084     2.07029660
   -7.6925642     3.80816426     2.08758620
   -7.6808936     3.80796576     2.12153640
   -7.6692231     3.78132693     2.17290541
   -7.6575525     3.73034436     2.24155314
   -7.6458820     3.65820857     2.32647967
   -7.6342114     3.56888260     2.42592668
   -7.6225409     3.46672910     2.53752025
   -7.6108703     3.35613842     2.65843092
   -7.5991997     3.24120414     2.78553037
   -7.5875292     3.12547825     2.91553180
   -7.5758586     3.01182108     3.04511055
   -7.5641881     2.90234485     3.17100925
   -7.5525175     2.79843729     3.29013534
   -7.5408469     2.70084538     3.39965793
   -7.5291764     2.60979776     3.49710607
   -7.5175058     2.52514658     3.58046407
   -7.5058353     2.44651355     3.64825458
   -7.4941647     2.37342822     3.69959803
   -7.4824942     2.30544946     3.73423939
   -7.4708236     2.24226263     3.75253841
   -7.4591531     2.18374636     3.75542607
   -7.4474825     2.13000514     3.74433510
   -7.4358119     2.08136716     3.72111463
   -7.4241414     2.03835088     3.68793741
   -7.4124708     2.00160768     3.64720399
   -7.4008003     1.97185098     3.60144268
   -7.3891297     1.94978246     3.55320122
   -7.3774591     1.93602428     3.50492554
   -7.3657886     1.93106206     3.45882504
   -7.3541180     1.93519881     3.41673106
   -7.3424475     1.94851657     3.37996303
   -7.3307769     1.97084099     3.34922290
   -7.3191064     2.00170593     3.32454046
   -7.3074358     2.04031936     3.30528785
   -7.2957653     2.08553679     3.29027203
   -7.2840947     2.13585309     3.27790008
   -7.2724241     2.18942538     3.26639795
   -7.2607536     2.24413790     3.25405102
   -7.2490830     2.29771454     3.23942902
   -7.2374125     2.34787657     3.22155855
   -7.2257419     2.39253371     3.20001597
   -7.2140714     2.42998767     3.17492710
   -7.2024008     2.45912112     3.14687822
   -7.1907302     2.47954192     3.11675814
   -7.1790597     2.49165500     3.08556346
   -7.1673891     2.49664131     3.05420363
   -7.1557186     2.49633573     3.02334019
   -7.1440480     2.49301112     2.99328597
   -7.1323775     2.48909231     2.96397673
   -7.1207069     2.48683823     2.93501393
   -7.1090364     2.48803979     2.90576449
   -7.0973658     2.49378240     2.87549455
   -7.0856952     2.50431452     2.84351051
   -7.0740247     2.51904775     2.80928141
   -7.0623541     2.53669228     2.77252249
   -7.0506836     2.55550781     2.73322806
   -7.0390130     2.57362967     2.69165190
   -7.0273424     2.58941591     2.64824320
   -7.0156719     2.60175741     2.60355433
   -7.0040013     2.61029984     2.55814155
   -6.9923308     2.61554214     2.51248061
   -6.9806602     2.61879829     2.46691531
   -6.9689897     2.62203201     2.42164899
   -6.9573191     2.62759434     2.37677822
   -6.9456485     2.63790686     2.33235703
   -6.9339780     2.65513718     2.28847198
   -6.9223074     2.68090896     2.24530520
   -6.9106369     2.71607759     2.20316583
   -6.8989663     2.76058970     2.16247915
   -6.8872958     2.81343222     2.12373494
   -6.8756252     2.87266946     2.08740876
   -6.8639547     2.93556265     2.05387791
   -6.8522841     2.99876627     2.02335597
   -6.8406135     3.05859482     1.99586495
   -6.8289430     3.11134948     1.97125343
   -6.8172724     3.15368564     1.94925707
   -6.8056019     3.18298960     1.92958586
   -6.7939313     3.19772027     1.91201613
   -6.7822607     3.19766419     1.89646418
   -6.7705902     3.18405454     1.88302335
   -6.7589196     3.15951958     1.87195531
   -6.7472491     3.12785129     1.86363706
   -6.7355785     3.09361660     1.85847417
   -6.7239080     3.06166312     1.85679802
   -6.7122374     3.03659176     1.85876682
   -6.7005669     3.02227475     1.86428962
   -6.6888963     3.02148731     1.87298782
   -6.6772257     3.03569874     1.88420205
   -6.6655552     3.06503876     1.89704464
   -6.6538846     3.10842630     1.91048985
   -6.6422141     3.16382497     1.92348809
   -6.6305435     3.22857771     1.93508598
   -6.6188730     3.29977000     1.94453388
   -6.6072024     3.37457680     1.95136557
   -6.5955318     3.45055734     1.95544061
   -6.5838613     3.52587193     1.95694749
   -6.5721907     3.59940493     1.95637288
   -6.5605202     3.67078615     1.95444696
   -6.5488496     3.74031204     1.95207659
   -6.5371791     3.80877768     1.95027635
   -6.5255085     3.87724039     1.95010380
   -6.5138380     3.94674531     1.95260112
   -6.5021674     4.01804958     1.95874264
   -6.4904968     4.09138320     1.96938688
   -6.4788263     4.16627997     1.98523370
   -6.4671557     4.24150258     2.00678876
   -6.4554852     4.31507241     2.03433953
   -6.4438146     4.38440102     2.06794614
   -6.4321440     4.44650818     2.10744737
   -6.4204735     4.49830235     2.15247811
   -6.4088029     4.53689402     2.20249042
   -6.3971324     4.55990997     2.25677010
   -6.3854618     4.56577551     2.31444285
   -6.3737913     4.55393356     2.37447161
   -6.3621207     4.52497185     2.43565378
   -6.3504502     4.48063670     2.49663386
   -6.3387796     4.42372173     2.55594797
   -6.3271090     4.35783518     2.61211160
   -6.3154385     4.28706693     2.66375087
   -6.3037679     4.21559444     2.70976402
   -6.2920974     4.14728042     2.74948848
   -6.2804268     4.08532081     2.78284370
   -6.2687563     4.03199691     2.81042355
   -6.2570857     3.98856955     2.83352328
   -6.2454151     3.95532844     2.85410139
   -6.2337446     3.93178188     2.87469038
   -6.2220740     3.91694502     2.89827762
   -6.2104035     3.90966689     2.92817558
   -6.1987329     3.90892967     2.96789083
   -6.1870623     3.91406172     3.02098769
   -6.1753918     3.92482533     3.09093108
   -6.1637212     3.94136893     3.18088972
   -6.1520507     3.96406377     3.29348818
   -6.1403801     3.99327118     3.43051364
   -6.1287096     4.02910213     3.59260488
   -6.1170390     4.07123231     3.77897184
   -6.1053685     4.11882207     3.98720478
   -6.0936979     4.17056540     4.21322979
   -6.0820273     4.22485989     4.45144998
   -6.0703568     4.28006016     4.69508190
   -6.0586862     4.33475578     4.93666169
   -6.0470157     4.38800950     5.16866286
   -6.0353451     4.43950169     5.38414421
   -6.0236746     4.48955135     5.57733903
   -6.0120040     4.53901487     5.74410579
   -6.0003334     4.58909304     5.88218422
   -5.9886629     4.64109602     5.99123446
   -5.9769923     4.69622101     6.07267170
   -5.9653218     4.75538708     6.12933930
   -5.9536512     4.81915095     6.16508188
   -5.9419807     4.88770305     6.18428553
   -5.9303101     4.96092274     6.19144463
   -5.9186395     5.03846055     6.19079845
   -5.9069690     5.11981569     6.18605988
   -5.8952984     5.20438741     6.18024113
   -5.8836279     5.29149377     6.17556715
   -5.8719573     5.38036593     6.17346308
   -5.8602868     5.47013532     6.17460022
   -5.8486162     5.55983238     6.17898936
   -5.8369456     5.64841033     6.18611159
   -5.8252751     5.73479638     6.19507683
   -5.8136045     5.81796180     6.20479707
   -5.8019340     5.89699301     6.21415599
   -5.7902634     5.97114203     6.22215324
   -5.7785929     6.03983687     6.22800156
   -5.7669223     6.10264005     6.23116145
   -5.7552518     6.15915567     6.23130964
   -5.7435812     6.20889828     6.22825334
   -5.7319106     6.25114890     6.22181649
   -5.7202401     6.28483128     6.21173464
   -5.7085695     6.30844284     6.19759552
   -5.6968990     6.32006895     6.17885357
   -5.6852284     6.31749669     6.15492834
   -5.6735578     6.29842642     6.12537365
   -5.6618873     6.26075998     6.09008279
   -5.6502167     6.20292722     6.04948044
   -5.6385462     6.12420045     6.00464983
   -5.6268756     6.02494367     5.95735463
   -5.6152051     5.90674958     5.90993723
   -5.6035345     5.77243282     5.86510296
   -5.5918639     5.62586978     5.82562568
   -5.5801934     5.47169957     5.79402843
   -5.5685228     5.31492365     5.77229803
   -5.5568523     5.16045886     5.76168425
   -5.5451817     5.01270618     5.76261548
   -5.5335112     4.87519550     5.77473733
   -5.5218406     4.75035324     5.79705643
   -5.5101701     4.63941922     5.82815199
   -5.4984995     4.54251412     5.86640822
   -5.4868289     4.45883535     5.91022143
   -5.4751584     4.38694050     5.95814550
   -5.4634878     4.32506844     6.00895610
   -5.4518173     4.27144720     6.06163301
   -5.4401467     4.22454633     6.11527663
   -5.4284762     4.18324460     6.16898769
   -5.4168056     4.14689928     6.22174375
   -5.4051351     4.11531816     6.27230483
   -5.3934645     4.08864772     6.31917215
   -5.3817939     4.06720018     6.36061212
   -5.3701234     4.05124864     6.39474503
   -5.3584528     4.04082257     6.41968543
   -5.3467823     4.03553641     6.43371302
   -5.3351117     4.03447999     6.43544815
   -5.3234411     4.03619201     6.42400557
   -5.3117706     4.03872579     6.39910446
   -5.3001000     4.03980292     6.36111942
   -5.2884295     4.03703553     6.31106612
   -5.2767589     4.02818622     6.25052527
   -5.2650884     4.01142750     6.18151644
   -5.2534178     3.98556117     6.10634002
   -5.2417473     3.95016451     6.02740735
   -5.2300767     3.90564095     5.94707759
   -5.2184061     3.85316885     5.86751446
   -5.2067356     3.79455797     5.79056856
   -5.1950650     3.73203832     5.71768430
   -5.1833945     3.66801593     5.64982592
   -5.1717239     3.60483372     5.58741724
   -5.1600534     3.54457196     5.53029412
   -5.1483828     3.48891254     5.47767529
   -5.1367122     3.43907732     5.42816404
   -5.1250417     3.39583529     5.37979616
   -5.1133711     3.35956183     5.33014660
   -5.1017006     3.33032621     5.27649811
   -5.0900300     3.30798414     5.21606194
   -5.0783594     3.29225804     5.14622676
   -5.0666889     3.28279735     5.06480246
   -5.0550183     3.27922007     4.97022326
   -5.0433478     3.28114329     4.86168134
   -5.0316772     3.28821103     4.73917522
   -5.0200067     3.30012410     4.60347398
   -5.0083361     3.31666978     4.45601329
   -4.9966656     3.33774197     4.29874846
   -4.9849950     3.36333866     4.13399195
   -4.9733244     3.39352385     3.96425782
   -4.9616539     3.42834755     3.79212665
   -4.9499833     3.46772707     3.62013485
   -4.9383128     3.51130484     3.45068530
   -4.9266422     3.55830819     3.28597310
   -4.9149717     3.60744294     3.12792135
   -4.9033011     3.65685261     2.97812537
   -4.8916305     3.70416838     2.83780746
   -4.8799600     3.74666154     2.70778675
   -4.8682894     3.78149142     2.58846885
   -4.8566189     3.80602171     2.47985846
   -4.8449483     3.81815914     2.38159530
   -4.8332778     3.81665639     2.29301191
   -4.8216072     3.80131847     2.21320955
   -4.8099367     3.77306302     2.14114815
   -4.7982661     3.73380734     2.07574478
   -4.7865955     3.68618763     2.01597414
   -4.7749250     3.63315074     1.96096250
   -4.7632544     3.57748798     1.91006467
   -4.7515839     3.52139700     1.86291270
   -4.7399133     3.46615476     1.81942593
   -4.7282427     3.41196356     1.77977630
   -4.7165722     3.35799533     1.74430874
   -4.7049016     3.30261812     1.71342497
   -4.6932311     3.24375078     1.68744683
   -4.6815605     3.17926930     1.66648140
   -4.6698900     3.10738420     1.65031264
   -4.6582194     3.02692342     1.63834210
   -4.6465489     2.93748410     1.62959415
   -4.6348783     2.83944980     1.62279053
   -4.6232077     2.73389855     1.61648596
   -4.6115372     2.62244429     1.60924479
   -4.5998666     2.50705706     1.59982921
   -4.5881961     2.38989794     1.58736626
   -4.5765255     2.27318749     1.57146352
   -4.5648549     2.15910937     1.55225226
   -4.5531844     2.04973785     1.53035030
   -4.5415138     1.94697381     1.50675169
   -4.5298433     1.85247683     1.48266362
   -4.5181727     1.76758998     1.45931986
   -4.5065022     1.69326326     1.43780253
   -4.4948316     1.62998879     1.41890042
   -4.4831610     1.57776256     1.40302312
   -4.4714905     1.53608441     1.39017838
   -4.4598199     1.50400046     1.38000890
   -4.4481494     1.48018431     1.37187520
   -4.4364788     1.46304618     1.36496622
   -4.4248083     1.45085546     1.35841826
   -4.4131377     1.44186219     1.35142537
   -4.4014672     1.43440554     1.34332886
   -4.3897966     1.42700236     1.33367859
   -4.3781260     1.41841298     1.32226323
   -4.3664555     1.40768553     1.30911005
   -4.3547849     1.39418148     1.29445712
   -4.3431144     1.37758561     1.27870299
   -4.3314438     1.35790242     1.26234053
   -4.3197733     1.33543965     1.24588351
   -4.3081027     1.31077829     1.22979576
   -4.2964321     1.28472827     1.21443236
   -4.2847616     1.25826925     1.20000085
   -4.2730910     1.23247750     1.18654665
   -4.2614205     1.20844139     1.17396240
   -4.2497499     1.18716995     1.16201668
   -4.2380794     1.16950011     1.15039430
   -4.2264088     1.15600991     1.13873997
   -4.2147382     1.14694515     1.12669833
   -4.2030677     1.14216774     1.11394681
   -4.1913971     1.14113386     1.10022077
   -4.1797266     1.14290894     1.08533339
   -4.1680560     1.14622389     1.06919330
   -4.1563855     1.14957306     1.05182202
   -4.1447149     1.15134798     1.03337114
   -4.1330443     1.14999447     1.01413654
   -4.1213738     1.14417430     0.99456493
   -4.1097032     1.13290890     0.97524778
   -4.0980327     1.11568271     0.95689844
   -4.0863621     1.09248916     0.94031134
   -4.0746916     1.06381094     0.92630546
   -4.0630210     1.03053861     0.91565805
   -4.0513505     0.99384255     0.90903770
   -4.0396799     0.95502178     0.90694695
   -4.0280093     0.91535655     0.90968393
   -4.0163388     0.87598821     0.91732936
   -4.0046682     0.83784207     0.92975968
   -3.9929977     0.80159772     0.94668171
   -3.9813271     0.76770025     0.96767846
   -3.9696565     0.73639763     0.99225327
   -3.9579860     0.70778674     1.01986012
   -3.9463154     0.68185262     1.04991226
   -3.9346449     0.65849249     1.08176910
   -3.9229743     0.63752441     1.11470921
   -3.9113038     0.61868835     1.14790410
   -3.8996332     0.60165154     1.18041056
   -3.8879626     0.58602903     1.21119658
   -3.8762921     0.57142590     1.23920887
   -3.8646215     0.55749913     1.26347876
   -3.8529510     0.54402956     1.28325194
   -3.8412804     0.53098857     1.29811746
   -3.8296099     0.51858328     1.30810758
   -3.8179393     0.50726756     1.31374171
   -3.8062688     0.49771351     1.31599678
   -3.7945982     0.49074737     1.31620041
   -3.7829276     0.48726142     1.31585920
   -3.7712571     0.48811884     1.31644943
   -3.7595865     0.49406855     1.31920727
   -3.7479160     0.50568355     1.32495749
   -3.7362454     0.52332947     1.33401352
   -3.7245749     0.54716233     1.34616761
   -3.7129043     0.57714786     1.36077151
   -3.7012337     0.61309061     1.37688930
   -3.6895632     0.65466105     1.39348997
   -3.6778926     0.70141136     1.40964020
   -3.6662221     0.75277601     1.42466073
   -3.6545515     0.80805887     1.43821973
   -3.6428810     0.86641367     1.45035245
   -3.6312104     0.92682734     1.46141224
   -3.6195398     0.98811565     1.47197101
   -3.6078693     1.04893846     1.48269389
   -3.5961987     1.10783757     1.49421279
   -3.5845282     1.16329590     1.50701824
   -3.5728576     1.21381267     1.52138053
   -3.5611871     1.25798697     1.53730350
   -3.5495165     1.29460116     1.55450814
   -3.5378459     1.32269601     1.57244102
   -3.5261754     1.34163062     1.59030266
   -3.5145048     1.35112190     1.60709302
   -3.5028343     1.35125964     1.62167254
   -3.4911637     1.34249534     1.63283797
   -3.4794932     1.32560459     1.63941067
   -3.4678226     1.30162558     1.64033227
   -3.4561521     1.27177918     1.63475977
   -3.4444815     1.23737864     1.62214976
   -3.4328109     1.19973924     1.60232089
   -3.4211404     1.16009820     1.57548545
   -3.4094698     1.11955383     1.54224464
   -3.3977993     1.07902944     1.50354686
   -3.3861287     1.03926310     1.46061370
   -3.3744582     1.00081988     1.41484235
   -3.3627876     0.96412028     1.36769598
   -3.3511170     0.92947678     1.32059384
   -3.3394465     0.89713172     1.27481156
   -3.3277759     0.86729157     1.23139957
   -3.3161054     0.84015562     1.19112477
   -3.3044348     0.81593946     1.15443813
   -3.2927642     0.79489474     1.12146988
   -3.2810937     0.77732662     1.09205261
   -3.2694231     0.76360862     1.06577273
   -3.2577526     0.75419310     1.04204861
   -3.2460820     0.74961350     1.02023153
   -3.2344115     0.75047365     0.99972126
   -3.2227409     0.75741977     0.98008369
   -3.2110704     0.77109230     0.96115396
   -3.1993998     0.79205737     0.94310702
   -3.1877292     0.82072173     0.92647919
   -3.1760587     0.85723913     0.91213005
   -3.1643881     0.90142037     0.90114282
   -3.1527176     0.95266237     0.89467184
   -3.1410470     1.00991230     0.89375645
   -3.1293765     1.07168102     0.89912798
   -3.1177059     1.13611380     0.91104039
   -3.1060353     1.20111795     0.92915321
   -3.0943648     1.26453624     0.95248884
   -3.0826942     1.32434463     0.97947541
   -3.0710237     1.37884619     1.00807373
   -3.0593531     1.42683049     1.03597378
   -3.0476826     1.46767196     1.06083587
   -3.0360120     1.50135049     1.08054435
   -3.0243415     1.52839081     1.09344016
   -3.0126709     1.54973151     1.09850120
   -3.0010003     1.56654650     1.09544732
   -2.9893298     1.58004874     1.08475735
   -2.9776592     1.59130680     1.06759747
   -2.9659887     1.60110007     1.04567261
   -2.9543181     1.60982922     1.02102145
   -2.9426475     1.61748779     0.99578248
   -2.9309770     1.62369077     0.97196044
   -2.9193064     1.62774849     0.95122090
   -2.9076359     1.62877031     0.93473560
   -2.8959653     1.62578156     0.92309358
   -2.8842948     1.61783909     0.91628432
   -2.8726242     1.60413336     0.91375007
   -2.8609536     1.58406880     0.91449633
   -2.8492831     1.55731687     0.91724294
   -2.8376125     1.52383993     0.92059439
   -2.8259420     1.48388674     0.92320651
   -2.8142714     1.43796377     0.92392957
   -2.8026009     1.38678902     0.92191202
   -2.7909303     1.33123720     0.91665666
   -2.7792598     1.27228553     0.90802856
   -2.7675892     1.21096784     0.89622103
   -2.7559186     1.14834153     0.88169101
   -2.7442481     1.08546756     0.86507773
   -2.7325775     1.02339925     0.84711791
   -2.7209070     0.96317270     0.82856817
   -2.7092364     0.90579083     0.81014169
   -2.6975659     0.85219498     0.79246196
   -2.6858953     0.80322186     0.77603373
   -2.6742247     0.75954913     0.76122929
   -2.6625542     0.72163758     0.74828749
   -2.6508836     0.68968138     0.73732347
   -2.6392131     0.66357836     0.72834721
   -2.6275425     0.64293043     0.72128956
   -2.6158720     0.62707926     0.71603399
   -2.6042014     0.61517600     0.71245151
   -2.5925308     0.60627729     0.71043515
   -2.5808603     0.59945396     0.70992937
   -2.5691897     0.59389556     0.71094933
   -2.5575192     0.58899355     0.71358572
   -2.5458486     0.58438940     0.71799216
   -2.5341781     0.57997945     0.72435522
   -2.5225075     0.57587676     0.73284995
   -2.5108369     0.57233798     0.74358705
   -2.4991664     0.56966997     0.75656017
   -2.4874958     0.56813472     0.77160305
   -2.4758253     0.56787066     0.78836508
   -2.4641547     0.56884476     0.80631185
   -2.4524842     0.57084275     0.82475308
   -2.4408136     0.57349647     0.84289548
   -2.4291430     0.57633983     0.85991376
   -2.4174725     0.57887948     0.87502960
   -2.4058019     0.58066420     0.88758656
   -2.3941314     0.58133904     0.89711002
   -2.3824608     0.58067488     0.90334378
   -2.3707903     0.57857059     0.90625922
   -2.3591197     0.57503168     0.90603767
   -2.3474492     0.57013406     0.90303052
   -2.3357786     0.56398403     0.89770491
   -2.3241080     0.55668497     0.89058323
   -2.3124375     0.54831814     0.88218483
   -2.3007669     0.53894035     0.87297598
   -2.2890964     0.52859650     0.86333226
   -2.2774258     0.51734130     0.85351510
   -2.2657553     0.50526271     0.84366240
   -2.2540847     0.49249962     0.83379223
   -2.2424141     0.47924867     0.82381749
   -2.2307436     0.46575806     0.81356956
   -2.2190730     0.45230938     0.80282825
   -2.2074025     0.43919124     0.79135543
   -2.1957319     0.42666980     0.77892913
   -2.1840613     0.41496145     0.76537499
   -2.1723908     0.40421190     0.75059173
   -2.1607202     0.39448424     0.73456835
   -2.1490497     0.38575692     0.71739120
   -2.1373791     0.37793121     0.69924083
   -2.1257086     0.37084639     0.68037990
   -2.1140380     0.36430113     0.66113466
   -2.1023675     0.35807870     0.64187326
   -2.0906969     0.35197416     0.62298427
   -2.0790263     0.34582107     0.60485799
   -2.0673558     0.33951535     0.58787152
   -2.0556852     0.33303335     0.57237738
   -2.0440147     0.32644160     0.55869379
   -2.0323441     0.31989606     0.54709431
   -2.0206736     0.31363048     0.53779480
   -2.0090030     0.30793483     0.53093716
   -1.9973324     0.30312720     0.52657060
   -1.9856619     0.29952340     0.52463364
   -1.9739913     0.29740917     0.52494053
   -1.9623208     0.29701878     0.52717655
   -1.9506502     0.29852170     0.53090522
   -1.9389797     0.30201672     0.53558902
   -1.9273091     0.30753060     0.54062253
   -1.9156385     0.31501765     0.54537485
   -1.9039680     0.32435726     0.54923670
   -1.8922974     0.33534842     0.55166654
   -1.8806269     0.34770321     0.55223080
   -1.8689563     0.36104352     0.55063382
   -1.8572858     0.37490624     0.54673517
   -1.8456152     0.38876144     0.54055293
   -1.8339447     0.40204484     0.53225369
   -1.8222741     0.41420249     0.52213056
   -1.8106035     0.42474139     0.51057186
   -1.7989330     0.43327752     0.49802354
   -1.7872624     0.43957262     0.48494894
   -1.7755919     0.44355277     0.47178961
   -1.7639213     0.44530588     0.45893088
   -1.7522507     0.44505921     0.44667546
   -1.7405802     0.44314198     0.43522756
   -1.7289096     0.43994024     0.42468898
   -1.7172391     0.43585144     0.41506748
   -1.7055685     0.43124486     0.40629655
   -1.6938980     0.42643166     0.39826459
   -1.6822274     0.42164564     0.39085054
   -1.6705569     0.41703406     0.38396233
   -1.6588863     0.41265660     0.37757363
   -1.6472157     0.40849046     0.37175393
   -1.6355452     0.40444032     0.36668641
   -1.6238746     0.40035229     0.36266879
   -1.6122041     0.39603179     0.36009312
   -1.6005335     0.39126530     0.35940325
   -1.5888629     0.38584549     0.36103229
   -1.5771924     0.37959857     0.36532663
   -1.5655218     0.37241181     0.37246722
   -1.5538513     0.36425827     0.38240179
   -1.5421807     0.35521554     0.39480204
   -1.5305102     0.34547521     0.40905738
   -1.5188396     0.33534059     0.42431114
   -1.5071691     0.32521125     0.43953766
   -1.4954985     0.31555505     0.45365019
   -1.4838279     0.30686973     0.46562297
   -1.4721574     0.29963830     0.47460707
   -1.4604868     0.29428337     0.48002011
   -1.4488163     0.29112623     0.48159527
   -1.4371457     0.29035589     0.47938273
   -1.4254752     0.29201190     0.47370679
   -1.4138046     0.29598282     0.46509045
   -1.4021340     0.30201966     0.45416485
   -1.3904635     0.30976182     0.44158285
   -1.3787929     0.31877111     0.42795293
   -1.3671224     0.32856886     0.41380350
   -1.3554518     0.33867158     0.39957961
   -1.3437813     0.34862129     0.38566600
   -1.3321107     0.35800857     0.37242487
   -1.3204402     0.36648789     0.36023379
   -1.3087696     0.37378627     0.34951037
   -1.2970990     0.37970684     0.34071386
   -1.2854285     0.38412931     0.33431999
   -1.2737579     0.38700866     0.33077184
   -1.2620874     0.38837278     0.33041496
   -1.2504168     0.38831921     0.33342930
   -1.2387462     0.38701050     0.33977129
   -1.2270757     0.38466808     0.34913868
   -1.2154051     0.38156426     0.36096687
   -1.2037346     0.37801223     0.37446043
   -1.1920640     0.37435388     0.38865749
   -1.1803935     0.37094492     0.40251939
   -1.1687229     0.36813684     0.41503339
   -1.1570524     0.36625527     0.42531426
   -1.1453818     0.36557543     0.43269069
   -1.1337112     0.36629630     0.43676491
   -1.1220407     0.36851702     0.43743841
   -1.1103701     0.37221966     0.43490198
   -1.0986996     0.37726266     0.42959360
   -1.0870290     0.38338785     0.42213213
   -1.0753584     0.39024136     0.41323737
   -1.0636879     0.39740629     0.40364800
   -1.0520173     0.40444193     0.39404747
   -1.0403468     0.41092380     0.38500591
   -1.0286762     0.41647856     0.37694260
   -1.0170057     0.42081010     0.37011049
   -1.0053351     0.42371523     0.36460119
   -0.9936646     0.42509000     0.36036675
   -0.9819940     0.42492874     0.35725301
   -0.9703234     0.42331846     0.35503885
   -0.9586529     0.42043003     0.35347568
   -0.9469823     0.41650659     0.35232263
   -0.9353118     0.41184858     0.35137423
   -0.9236412     0.40679477     0.35047887
   -0.9119707     0.40169940     0.34954837
   -0.9003001     0.39690670     0.34855976
   -0.8886295     0.39272584     0.34755138
   -0.8769590     0.38940947     0.34661500
   -0.8652884     0.38713927     0.34588517
   -0.8536179     0.38602042     0.34552626
   -0.8419473     0.38608531     0.34571684
   -0.8302768     0.38730451     0.34663139
   -0.8186062     0.38960212     0.34841983
   -0.8069356     0.39287123     0.35118668
   -0.7952651     0.39698595     0.35497249
   -0.7835945     0.40180737     0.35974114
   -0.7719240     0.40718259     0.36537587
   -0.7602534     0.41293782     0.37168578
   -0.7485829     0.41886817     0.37842243
   -0.7369123     0.42472820     0.38530408
   -0.7252417     0.43022708     0.39204365
   -0.7135712     0.43503213     0.39837590
   -0.7019006     0.43878234     0.40407994
   -0.6902301     0.44111175     0.40899503
   -0.6785595     0.44167989     0.41302899
   -0.6668890     0.44020468     0.41616025
   -0.6552184     0.43649218     0.41843528
   -0.6435478     0.43045777     0.41996240
   -0.6318773     0.42213512     0.42090253
   -0.6202067     0.41167161     0.42145614
   -0.6085362     0.39931204     0.42184551
   -0.5968656     0.38537455     0.42229189
   -0.5851951     0.37022415     0.42298865
   -0.5735245     0.35424895     0.42407344
   -0.5618540     0.33784247     0.42560378
   -0.5501834     0.32139278     0.42754103
   -0.5385128     0.30527694     0.42974688
   -0.5268423     0.28985705     0.43199411
   -0.5151717     0.27547395     0.43399058
   -0.5035012     0.26243586     0.43541253
   -0.4918306     0.25100120     0.43594136
   -0.4801601     0.24135794     0.43529748
   -0.4684895     0.23360375     0.43326582
   -0.4568189     0.22773253     0.42970982
   -0.4451484     0.22363211     0.42457327
   -0.4334778     0.22109599     0.41787186
   -0.4218073     0.21984864     0.40967848
   -0.4101367     0.21958077     0.40010659
   -0.3984662     0.21998840     0.38929618
   -0.3867956     0.22080823     0.37740539
   -0.3751250     0.22184283     0.36460927
   -0.3634545     0.22297102     0.35110516
   -0.3517839     0.22414244     0.33712204
   -0.3401134     0.22535841     0.32293024
   -0.3284428     0.22664433     0.30884648
   -0.3167723     0.22801995     0.29523024
   -0.3051017     0.22947392     0.28246804
   -0.2934311     0.23094753     0.27094515
   -0.2817606     0.23232988     0.26100675
   -0.2700900     0.23346458     0.25291376
   -0.2584195     0.23416558     0.24680087
   -0.2467489     0.23423877     0.24264538
   -0.2350784     0.23350564     0.24025437
   -0.2234078     0.23182547     0.23927549
   -0.2117372     0.22911360     0.23923228
   -0.2000667     0.22535383     0.23958027
   -0.1883961     0.22060411     0.23977584
   -0.1767256     0.21499492     0.23934664
   -0.1650550     0.20872051     0.23795210
   -0.1533845     0.20202394     0.23542346
   -0.1417139     0.19517746     0.23177709
   -0.1300433     0.18846064     0.22719938
   -0.1183728     0.18213914     0.22200685
   -0.1067022     0.17644697     0.21658909
   -0.0950317     0.17157468     0.21134494
   -0.0833611     0.16766459     0.20662227
   -0.0716906     0.16481286     0.20267068
   -0.0600200     0.16307712     0.19961300
   -0.0483494     0.16248674     0.19743828
   -0.0366789     0.16305324     0.19601537
   -0.0250083     0.16477796     0.19512327
   -0.0133378     0.16765541     0.19449283
   -0.0016672     0.17167160     0.19385305
    0.0100033     0.17679790     0.19297561
    0.0216739     0.18298210     0.19171139
    0.0333444     0.19013856     0.19001436
    0.0450150     0.19813980     0.18794950
    0.0566856     0.20681131     0.18568394
    0.0683561     0.21593108     0.18346217
    0.0800267     0.22523438     0.18156911
    0.0916972     0.23442380     0.18028591
    0.1033678     0.24318401     0.17984499
    0.1150383     0.25119992     0.18039056
    0.1267089     0.25817713     0.18195025
    0.1383795     0.26386273     0.18442151
    0.1500500     0.26806507     0.18757464
    0.1617206     0.27067087     0.19107173
    0.1733911     0.27165829     0.19449915
    0.1850617     0.27110480     0.19740955
    0.1967322     0.26918892     0.19936854
    0.2084028     0.26618497     0.20000099
    0.2200734     0.26245040     0.19903205
    0.2317439     0.25840530     0.19631869
    0.2434145     0.25450445     0.19186852
    0.2550850     0.25120310     0.18584407
    0.2667556     0.24891870     0.17855231
    0.2784261     0.24799241     0.17042044
    0.2900967     0.24865492     0.16196093
    0.3017673     0.25100190     0.15372912
    0.3134378     0.25498348     0.14627791
    0.3251084     0.26041040     0.14011369
    0.3367789     0.26697689     0.13565727
    0.3484495     0.27429706     0.13321311
    0.3601200     0.28194884     0.13294903
    0.3717906     0.28951800     0.13488791
    0.3834612     0.29663484     0.13891201
    0.3951317     0.30299791     0.14477935
    0.4068023     0.30838213     0.15215087
    0.4184728     0.31263257     0.16062548
    0.4301434     0.31564807     0.16977942
    0.4418139     0.31736130     0.17920525
    0.4534845     0.31772202     0.18854555
    0.4651551     0.31668900     0.19751717
    0.4768256     0.31423369     0.20592289
    0.4884962     0.31035473     0.21364949
    0.5001667     0.30509991     0.22065350
    0.5118373     0.29858905     0.22693804
    0.5235078     0.29103098     0.23252545
    0.5351784     0.28272809     0.23743149
    0.5468490     0.27406453     0.24164587
    0.5585195     0.26547725     0.24512318
    0.5701901     0.25741331     0.24778560
    0.5818606     0.25027977     0.24953694
    0.5935312     0.24439519     0.25028526
    0.6052017     0.23995166     0.24996967
    0.6168723     0.23699504     0.24858634
    0.6285428     0.23542736     0.24620874
    0.6402134     0.23503092     0.24299840
    0.6518840     0.23550918     0.23920385
    0.6635545     0.23653579     0.23514750
    0.6752251     0.23780192     0.23120199
    0.6868956     0.23905260     0.22775910
    0.6985662     0.24010615     0.22519512
    0.7102367     0.24085498     0.22383702
    0.7219073     0.24125071     0.22393350
    0.7335779     0.24128025     0.22563419
    0.7452484     0.24094085     0.22897925
    0.7569190     0.24022190     0.23390027
    0.7685895     0.23909837     0.24023188
    0.7802601     0.23753719     0.24773209
    0.7919306     0.23551406     0.25610803
    0.8036012     0.23303504     0.26504329
    0.8152718     0.23015603     0.27422265
    0.8269423     0.22699343     0.28335071
    0.8386129     0.22372149     0.29216255
    0.8502834     0.22055487     0.30042584
    0.8619540     0.21771863     0.30793632
    0.8736245     0.21541119     0.31450954
    0.8852951     0.21376795     0.31997288
    0.8969657     0.21283396     0.32416144
    0.9086362     0.21255271     0.32692032
    0.9203068     0.21277533     0.32811410
    0.9319773     0.21328987     0.32764217
    0.9436479     0.21386581     0.32545740
    0.9553184     0.21430507     0.32158422
    0.9669890     0.21448829     0.31613270
    0.9786596     0.21440551     0.30930565
    0.9903301     0.21416337     0.30139701
    1.0020007     0.21396573     0.29278128
    1.0136712     0.21407045     0.28389430
    1.0253418     0.21473068     0.27520667
    1.0370123     0.21613225     0.26719093
    1.0486829     0.21834008     0.26028418
    1.0603535     0.22126446     0.25484824
    1.0720240     0.22465421     0.25113030
    1.0836946     0.22811849     0.24922867
    1.0953651     0.23117386     0.24906901
    1.1070357     0.23330873     0.25039695
    1.1187062     0.23405504     0.25279195
    1.1303768     0.23305596     0.25570451
    1.1420473     0.23011959     0.25851487
    1.1537179     0.22525071     0.26060686
    1.1653885     0.21865649     0.26144647
    1.1770590     0.21072510     0.26065287
    1.1887296     0.20198086     0.25804960
    1.2004001     0.19302223     0.25368725
    1.2120707     0.18445175     0.24783355
    1.2237413     0.17680801     0.24093339
    1.2354118     0.17050945     0.23354646
    1.2470824     0.16581731     0.22627397
    1.2587529     0.16282237     0.21968714
    1.2704235     0.16145566     0.21426809
    1.2820940     0.16151978     0.21037029
    1.2937646     0.16273421     0.20820066
    1.3054352     0.16478637     0.20782069
    1.3171057     0.16738024     0.20916092
    1.3287763     0.17027549     0.21204174
    1.3404468     0.17331277     0.21619447
    1.3521174     0.17642369     0.22127928
    1.3637879     0.17962636     0.22689981
    1.3754585     0.18300962     0.23261701
    1.3871290     0.18670950     0.23796635
    1.3987996     0.19088160     0.24248175
    1.4104702     0.19567244     0.24572764
    1.4221407     0.20119181     0.24733705
    1.4338113     0.20748792     0.24705056
    1.4454818     0.21452665     0.24474866
    1.4571524     0.22217676     0.24047044
    1.4688229     0.23020292     0.23441334
    1.4804935     0.23826839     0.22691243
    1.4921640     0.24594875     0.21840241
    1.5038346     0.25275660     0.20936874
    1.5155052     0.25817596     0.20029672
    1.5271757     0.26170335     0.19162690
    1.5388463     0.26289157     0.18372335
    1.5505168     0.26139165     0.17685760
    1.5621874     0.25698861     0.17120787
    1.5738580     0.24962736     0.16687009
    1.5855285     0.23942594     0.16387598
    1.5971991     0.22667454     0.16221359
    1.6088696     0.21181959     0.16184657
    1.6205402     0.19543375     0.16273063
    1.6322107     0.17817364     0.16482627
    1.6438813     0.16072898     0.16810816
    1.6555518     0.14376791     0.17257080
    1.6672224     0.12788454     0.17822960
    1.6788930     0.11355495     0.18511553
    1.6905635     0.10110736     0.19326160
    1.7022341     0.09071032     0.20267988
    1.7139046     0.08238047     0.21333039
    1.7255752     0.07600818     0.22508531
    1.7372458     0.07139698     0.23769522
    1.7489163     0.06831010     0.25076563
    1.7605869     0.06651664     0.26375195
    1.7722574     0.06583005     0.27597921
    1.7839280     0.06613263     0.28668824
    1.7955985     0.06738260     0.29510492
    1.8072691     0.06960296     0.30052356
    1.8189396     0.07285471     0.30239180
    1.8306102     0.07719984     0.30038287
    1.8422808     0.08266147     0.29444265
    1.8539513     0.08918930     0.28480326
    1.8656219     0.09663806     0.27196085
    1.8772924     0.10476391     0.25662133
    1.8889630     0.11324089     0.23962343
    1.9006335     0.12169508     0.22185119
    1.9123041     0.12975048     0.20414922
    1.9239747     0.13707786     0.18725183
    1.9356452     0.14343680     0.17173432
    1.9473158     0.14870240     0.15798966
    1.9589863     0.15287110     0.14622974
    1.9706569     0.15604466     0.13650669
    1.9823274     0.15839587     0.12874696
    1.9939980     0.16012390     0.12279050
    2.0056686     0.16140900     0.11842728
    2.0173391     0.16237673     0.11542612
    2.0290097     0.16307931     0.11355257
    2.0406802     0.16349803     0.11257630
    2.0523508     0.16356579     0.11227036
    2.0640213     0.16320437     0.11240685
    2.0756919     0.16236816     0.11275354
    2.0873625     0.16108438     0.11307570
    2.0990330     0.15948091     0.11314545
    2.1107036     0.15779530     0.11275864
    2.1223741     0.15636218     0.11175713
    2.1340447     0.15558090     0.11005237
    2.1457152     0.15586845     0.10764525
    2.1573858     0.15760605     0.10463736
    2.1690563     0.16108860     0.10122967
    2.1807269     0.16648567     0.09770716
    2.1923975     0.17382072     0.09441001
    2.2040680     0.18297153     0.09169486
    2.2157386     0.19369096     0.08989177
    2.2274091     0.20564321     0.08926342
    2.2390797     0.21844805     0.08997326
    2.2507502     0.23172446     0.09206762
    2.2624208     0.24512572     0.09547460
    2.2740914     0.25836093     0.10001914
    2.2857619     0.27120131     0.10545113
    2.2974325     0.28347377     0.11148108
    2.3091030     0.29504654     0.11781705
    2.3207736     0.30581328     0.12419703
    2.3324442     0.31568091     0.13041260
    2.3441147     0.32456424     0.13632182
    2.3557853     0.33238738     0.14185176
    2.3674558     0.33908947     0.14699251
    2.3791264     0.34463087     0.15178561
    2.3907969     0.34899663     0.15630959
    2.4024675     0.35219565     0.16066455
    2.4141381     0.35425671     0.16495712
    2.4258086     0.35522446     0.16928607
    2.4374792     0.35515912     0.17372883
    2.4491497     0.35414244     0.17832946
    2.4608203     0.35228966     0.18308925
    2.4724908     0.34976436     0.18796174
    2.4841614     0.34679007     0.19285416
    2.4958319     0.34365219     0.19763694
    2.5075025     0.34068529     0.20216190
    2.5191731     0.33824447     0.20628772
    2.5308436     0.33666433     0.20990953
    2.5425142     0.33621315     0.21298784
    2.5541847     0.33705221     0.21557078
    2.5658553     0.33920985     0.21780403
    2.5775258     0.34257665     0.21992427
    2.5891964     0.34692353     0.22223479
    2.6008670     0.35193899     0.22506540
    2.6125375     0.35727807     0.22872265
    2.6242081     0.36261343     0.23343903
    2.6358786     0.36767960     0.23933138
    2.6475492     0.37230409     0.24637760
    2.6592197     0.37642229     0.25441779
    2.6708903     0.38007652     0.26318075
    2.6825609     0.38340170     0.27233144
    2.6942314     0.38660121     0.28152971
    2.7059020     0.38991646     0.29048791
    2.7175725     0.39359319     0.29901496
    2.7292431     0.39784750     0.30703765
    2.7409136     0.40283466     0.31459541
    2.7525842     0.40862421     0.32181149
    2.7642548     0.41518514     0.32884891
    2.7759253     0.42238412     0.33586322
    2.7875959     0.42999838     0.34296387
    2.7992664     0.43774220     0.35019301
    2.8109370     0.44530335     0.35752528
    2.8226075     0.45238371     0.36488594
    2.8342781     0.45873736     0.37218018
    2.8459486     0.46419983     0.37932344
    2.8576192     0.46870457     0.38626337
    2.8692898     0.47228470     0.39298670
    2.8809603     0.47506100     0.39950912
    2.8926309     0.47721895     0.40585078
    2.9043014     0.47897839     0.41200421
    2.9159720     0.48055954     0.41790344
    2.9276425     0.48214871     0.42340270
    2.9393131     0.48386646     0.42827165
    2.9509837     0.48574117     0.43221013
    2.9626542     0.48769061     0.43488181
    2.9743248     0.48951435     0.43596242
    2.9859953     0.49089962     0.43519486
    2.9976659     0.49144151     0.43244244
    3.0093365     0.49067706     0.42773081
    3.0210070     0.48812990     0.42127112
    3.0326776     0.48336042     0.41345934
    3.0443481     0.47601473     0.40485100
    3.0560187     0.46586634     0.39611419
    3.0676892     0.45284545     0.38796748
    3.0793598     0.43705356     0.38111192
    3.0910303     0.41876343     0.37616671
    3.1027009     0.39840682     0.37361743
    3.1143715     0.37655312     0.37378296
    3.1260420     0.35388184     0.37680356
    3.1377126     0.33115117     0.38264879
    3.1493831     0.30916293     0.39114060
    3.1610537     0.28872405     0.40198449
    3.1727242     0.27060407     0.41480132
    3.1843948     0.25548957     0.42915310
    3.1960654     0.24393755     0.44455881
    3.2077359     0.23633182     0.46049965
    3.2194065     0.23284717     0.47641658
    3.2310770     0.23342663     0.49170619
    3.2427476     0.23777600     0.50572193
    3.2544181     0.24537808     0.51778778
    3.2660887     0.25552641     0.52722833
    3.2777592     0.26737596     0.53341584
    3.2894298     0.28000578     0.53582946
    3.3011004     0.29248775     0.53411799
    3.3127709     0.30395459     0.52815452
    3.3244415     0.31366131     0.51807112
    3.3361120     0.32103496     0.50426427
    3.3477826     0.32570926     0.48736650
    3.3594532     0.32754194     0.46818610
    3.3711237     0.32661402     0.44762291
    3.3827943     0.32321136     0.42657319
    3.3944648     0.31778992     0.40583889
    3.4061354     0.31092693     0.38605558
    3.4178059     0.30326203     0.36764965
    3.4294765     0.29543281     0.35082946
    3.4411471     0.28801122     0.33560873
    3.4528176     0.28144738     0.32185440
    3.4644882     0.27602755     0.30934802
    3.4761587     0.27185175     0.29784827
    3.4878293     0.26883429     0.28714420
    3.4994998     0.26672738     0.27709195
    3.5111704     0.26516445     0.26763254
    3.5228409     0.26371690     0.25879213
    3.5345115     0.26195576     0.25066913
    3.5461821     0.25950939     0.24341398
    3.5578526     0.25610936     0.23720702
    3.5695232     0.25161936     0.23223836
    3.5811937     0.24604498     0.22869201
    3.5928643     0.23952579     0.22673410
    3.6045348     0.23231327     0.22650424
    3.6162054     0.22473973     0.22810795
    3.6278760     0.21718330     0.23160846
    3.6395465     0.21003311     0.23701683
    3.6512171     0.20365767     0.24428058
    3.6628876     0.19837764     0.25327207
    3.6745582     0.19444374     0.26377917
    3.6862287     0.19201957     0.27550110
    3.6978993     0.19116954     0.28805232
    3.7095699     0.19185214     0.30097627
    3.7212404     0.19391897     0.31376925
    3.7329110     0.19712055     0.32591258
    3.7445815     0.20111926     0.33690943
    3.7562521     0.20550994     0.34632121
    3.7679226     0.20984772     0.35379827
    3.7795932     0.21368209     0.35910024
    3.7912638     0.21659512     0.36210305
    3.8029343     0.21824088     0.36279220
    3.8146049     0.21838227     0.36124413
    3.8262754     0.21692123     0.35760006
    3.8379460     0.21391822     0.35203753
    3.8496165     0.20959790     0.34474570
    3.8612871     0.20433926     0.33590903
    3.8729577     0.19864998     0.32570246
    3.8846282     0.19312672     0.31429832
    3.8962988     0.18840454     0.30188248
    3.9079693     0.18509954     0.28867500
    3.9196399     0.18374956     0.27494897
    3.9313104     0.18475800     0.26104144
    3.9429810     0.18834588     0.24735174
    3.9546515     0.19451716     0.23432492
    3.9663221     0.20304220     0.22242160
    3.9779927     0.21346339     0.21207834
    3.9896632     0.22512574     0.20366527
    4.0013338     0.23723239     0.19744829
    4.0130043     0.24892190     0.19356275
    4.0246749     0.25936007     0.19200335
    4.0363454     0.26783521     0.19263155
    4.0480160     0.27384362     0.19519894
    4.0596866     0.27715153     0.19938108
    4.0713571     0.27782249     0.20481531
    4.0830277     0.27620396     0.21113474
    4.0946982     0.27287404     0.21799255
    4.1063688     0.26855619     0.22507289
    4.1180394     0.26401609     0.23208872
    4.1297099     0.25995789     0.23877009
    4.1413805     0.25693708     0.24484909
    4.1530510     0.25530341     0.25004904
    4.1647216     0.25518122     0.25408387
    4.1763921     0.25648659     0.25667139
    4.1880627     0.25897402     0.25755972
    4.1997332     0.26230015     0.25656237
    4.2114038     0.26609014     0.25359425
    4.2230744     0.26999370     0.24869995
    4.2347449     0.27372171     0.24206688
    4.2464155     0.27706015     0.23401889
    4.2580860     0.27986387     0.22499057
    4.2697566     0.28203723     0.21548676
    4.2814271     0.28351136     0.20603474
    4.2930977     0.28422697     0.19713825
    4.3047683     0.28412968     0.18924119
    4.3164388     0.28317987     0.18270619
    4.3281094     0.28137478     0.17780958
    4.3397799     0.27877641     0.17474999
    4.3514505     0.27553664     0.17366520
    4.3631210     0.27191099     0.17465017
    4.3747916     0.26825470     0.17776960
    4.3864621     0.26499888     0.18306036
    4.3981327     0.26260863     0.19052225
    4.4098033     0.26152944     0.20009879
    4.4214738     0.26213067     0.21165269
    4.4331444     0.26465564     0.22494231
    4.4448149     0.26918685     0.23960592
    4.4564855     0.27563164     0.25515922
    4.4681561     0.28373021     0.27100949
    4.4798266     0.29308395     0.28648688
    4.4914972     0.30319904     0.30089021
    4.5031677     0.31353879     0.31354254
    4.5148383     0.32357755     0.32384973
    4.5265088     0.33285023     0.33135485
    4.5381794     0.34099298     0.33578175
    4.5498499     0.34777245     0.33706208
    4.5615205     0.35310238     0.33534234
    4.5731911     0.35704720     0.33096967
    4.5848616     0.35981263     0.32445779
    4.5965322     0.36172346     0.31643657
    4.6082027     0.36318909     0.30759107
    4.6198733     0.36465866     0.29859676
    4.6315438     0.36656939     0.29005844
    4.6432144     0.36929352     0.28245998
    4.6548850     0.37309137     0.27613079
    4.6665555     0.37807788     0.27123279
    4.6782261     0.38420883     0.26776933
    4.6898966     0.39128994     0.26561460
    4.7015672     0.39900737     0.26455891
    4.7132378     0.40697394     0.26436321
    4.7249083     0.41478193     0.26481413
    4.7365789     0.42205234     0.26577052
    4.7482494     0.42847155     0.26719326
    4.7599200     0.43381008     0.26915266
    4.7715905     0.43792280     0.27181126
    4.7832611     0.44073446     0.27538441
    4.7949316     0.44221763     0.28008553
    4.8066022     0.44237115     0.28606624
    4.8182728     0.44120567     0.29336317
    4.8299433     0.43873990     0.30186296
    4.8416139     0.43500700     0.31129336
    4.8532844     0.43006701     0.32124365
    4.8649550     0.42401935     0.33121176
    4.8766255     0.41700904     0.34066971
    4.8882961     0.40922242     0.34913520
    4.8999667     0.40087156     0.35623625
    4.9116372     0.39216994     0.36175699
    4.9233078     0.38330534     0.36565741
    4.9349783     0.37441697     0.36806539
    4.9466489     0.36558344     0.36924501
    4.9583194     0.35682542     0.36954986
    4.9699900     0.34812349     0.36937158
    4.9816605     0.33944749     0.36909341
    4.9933311     0.33079097     0.36905526
    5.0050017     0.32220260     0.36953245
    5.0166722     0.31380703     0.37072594
    5.0283428     0.30580962     0.37275943
    5.0400133     0.29848279     0.37567740
    5.0516839     0.29213521     0.37944045
    5.0633545     0.28706849     0.38391666
    5.0750250     0.28352804     0.38887211
    5.0866956     0.28165625     0.39396589
    5.0983661     0.28145572     0.39875635
    5.1100367     0.28276873     0.40272423
    5.1217072     0.28527733     0.40531478
    5.1333778     0.28852515     0.40599681
    5.1450483     0.29195929     0.40433156
    5.1567189     0.29498791     0.40004122
    5.1683895     0.29704678     0.39306487
    5.1800600     0.29766687     0.38359085
    5.1917306     0.29653433     0.37205787
    5.2034011     0.29353509     0.35912202
    5.2150717     0.28877752     0.34559247
    5.2267423     0.28258936     0.33234409
    5.2384128     0.27548790     0.32021895
    5.2500834     0.26812602     0.30993066
    5.2617539     0.26121984     0.30198518
    5.2734245     0.25546682     0.29662905
    5.2850950     0.25146429     0.29383191
    5.2967656     0.24963935     0.29330481
    5.3084362     0.25019881     0.29455043
    5.3201067     0.25310590     0.29693659
    5.3317773     0.25808585     0.29978125
    5.3434478     0.26465892     0.30243629
    5.3551184     0.27219558     0.30435798
    5.3667889     0.27998591     0.30515585
    5.3784595     0.28731424     0.30461527
    5.3901300     0.29353037     0.30269460
    5.4018006     0.29810986     0.29950171
    5.4134712     0.30069846     0.29525753
    5.4251417     0.30113761     0.29025575
    5.4368123     0.29947084     0.28482643
    5.4484828     0.29593200     0.27930903
    5.4601534     0.29091840     0.27403668
    5.4718239     0.28495226     0.26932996
    5.4834945     0.27863464     0.26549544
    5.4951651     0.27259604     0.26282291
    5.5068356     0.26744747     0.26157559
    5.5185062     0.26373538     0.26196984
    5.5301767     0.26190286     0.26414485
    5.5418473     0.26225878     0.26812665
    5.5535178     0.26495597     0.27379463
    5.5651884     0.26997903     0.28086058
    5.5768590     0.27714243     0.28886968
    5.5885295     0.28609975     0.29722955
    5.6002001     0.29636465     0.30526811
    5.6118706     0.30734404     0.31231433
    5.6235412     0.31838240     0.31779026
    5.6352117     0.32881471     0.32129888
    5.6468823     0.33802350     0.32269155
    5.6585529     0.34549378     0.32210205
    5.6702234     0.35085879     0.31993964
    5.6818940     0.35392994     0.31684122
    5.6935645     0.35470588     0.31358974
    5.7052351     0.35335856     0.31101154
    5.7169056     0.35019732     0.30986834
    5.7285762     0.34561586     0.31075945
    5.7402467     0.34002954     0.31404698
    5.7519173     0.33381275     0.31981262
    5.7635879     0.32724627     0.32784947
    5.7752584     0.32048363     0.33768769
    5.7869290     0.31354274     0.34864867
    5.7985995     0.30632490     0.35992009
    5.8102701     0.29865858     0.37064223
    5.8219407     0.29036073     0.37999567
    5.8336112     0.28130470     0.38728095
    5.8452818     0.27148208     0.39198172
    5.8569523     0.26104622     0.39380514
    5.8686229     0.25032821     0.39269572
    5.8802934     0.23982076     0.38882188
    5.8919640     0.23013103     0.38253761
    5.9036345     0.22190910     0.37432521
    5.9153051     0.21576299     0.36472711
    5.9269757     0.21217369     0.35427699
    5.9386462     0.21142383     0.34344018
    5.9503168     0.21355144     0.33257223
    5.9619873     0.21833661     0.32190121
    5.9736579     0.22532333     0.31153534
    5.9853284     0.23387356     0.30149274
    5.9969990     0.24324520     0.29174602
    6.0086696     0.25268188     0.28227172
    6.0203401     0.26150059     0.27309395
    6.0320107     0.26916379     0.26431318
    6.0436812     0.27532562     0.25611479
    6.0553518     0.27984688     0.24875595
    6.0670223     0.28277934     0.24253446
    6.0786929     0.28432548     0.23774601
    6.0903634     0.28478396     0.23463830
    6.1020340     0.28449289     0.23337021
    6.1137046     0.28378173     0.23398236
    6.1253751     0.28293952     0.23638277
    6.1370457     0.28220220     0.24034826
    6.1487162     0.28175708     0.24554005
    6.1603868     0.28175834     0.25153002
    6.1720574     0.28234585     0.25783422
    6.1837279     0.28365969     0.26394980
    6.1953985     0.28584484     0.26939276
    6.2070690     0.28904435     0.27373409
    6.2187396     0.29338253     0.27663261
    6.2304101     0.29894288     0.27786230
    6.2420807     0.30574712     0.27733188
    6.2537512     0.31374109     0.27509396
    6.2654218     0.32279214     0.27134164
    6.2770924     0.33269915     0.26639147
    6.2887629     0.34321362     0.26065340
    6.3004335     0.35406731     0.25459095
    6.3121040     0.36500029     0.24867666
    6.3237746     0.37578339     0.24334942
    6.3354451     0.38623010     0.23898018
    6.3471157     0.39619610     0.23585112
    6.3587863     0.40556723     0.23415047
    6.3704568     0.41424013     0.23398210
    6.3821274     0.42210155     0.23538550
    6.3937979     0.42901292     0.23835985
    6.4054685     0.43480558     0.24288516
    6.4171391     0.43928984     0.24893479
    6.4288096     0.44227709     0.25647611
    6.4404802     0.44361130     0.26545966
    6.4521507     0.44320310     0.27580048
    6.4638213     0.44105880     0.28735780
    6.4754918     0.43729730     0.29991990
    6.4871624     0.43215005     0.31320027
    6.4988329     0.42594311     0.32684823
    6.5105035     0.41906398     0.34047390
    6.5221741     0.41191913     0.35368334
    6.5338446     0.40488998     0.36611713
    6.5455152     0.39829482     0.37748414
    6.5571857     0.39236261     0.38758338
    6.5688563     0.38722140     0.39630922
    6.5805268     0.38290100     0.40363920
    6.5921974     0.37934673     0.40960802
    6.6038680     0.37643928     0.41427444
    6.6155385     0.37401617     0.41769003
    6.6272091     0.37189052     0.41987790
    6.6388796     0.36986563     0.42082763
    6.6505502     0.36774501     0.42050846
    6.6622207     0.36533940     0.41889801
    6.6738913     0.36247261     0.41601998
    6.6855619     0.35898777     0.41198093
    6.6972324     0.35475471     0.40699599
    6.7089030     0.34967800     0.40139473
    6.7205735     0.34370466     0.39560257
    6.7322441     0.33683008     0.39009820
    6.7439146     0.32910105     0.38535300
    6.7555852     0.32061531     0.38176290
    6.7672558     0.31151772     0.37958514
    6.7789263     0.30199332     0.37889212
    6.7905969     0.29225784     0.37955101
    6.8022674     0.28254585     0.38123307
    6.8139380     0.27309663     0.38345080
    6.8256085     0.26413779     0.38561604
    6.8372791     0.25586687     0.38710919
    6.8489496     0.24843211     0.38734873
    6.8606202     0.24191414     0.38585156
    6.8722908     0.23631147     0.38227760
    6.8839613     0.23153307     0.37645547
    6.8956319     0.22740090     0.36838896
    6.9073024     0.22366488     0.35824676
    6.9189730     0.22003017     0.34633841
    6.9306436     0.21619513     0.33308065
    6.9423141     0.21189534     0.31895764
    6.9539847     0.20694735     0.30447893
    6.9656552     0.20128504     0.29013849
    6.9773258     0.19498193     0.27637854
    6.9889963     0.18825461     0.26356134
    7.0006669     0.18144587     0.25195177
    7.0123375     0.17498951     0.24171229
    7.0240080     0.16936232     0.23291047
    7.0356786     0.16503092     0.22553735
    7.0473491     0.16240196     0.21953313
    7.0590197     0.16178326     0.21481537
    7.0706902     0.16336118     0.21130421
    7.0823608     0.16719593     0.20893960
    7.0940313     0.17323328     0.20768688
    7.1057019     0.18132783     0.20752947
    7.1173725     0.19127134     0.20845011
    7.1290430     0.20281894     0.21040485
    7.1407136     0.21570769     0.21329598
    7.1523841     0.22966406     0.21695080
    7.1640547     0.24440081     0.22111258
    7.1757252     0.25960698     0.22544767
    7.1873958     0.27493721     0.22956992
    7.1990664     0.29000788     0.23307953
    7.2107369     0.30440601     0.23561083
    7.2224075     0.31771420     0.23688100
    7.2340780     0.32955014     0.23673169
    7.2457486     0.33961464     0.23515619
    7.2574191     0.34773840     0.23230774
    7.2690897     0.35391617     0.22848753
    7.2807603     0.35831820     0.22411432
    7.2924308     0.36127290     0.21968070
    7.3041014     0.36322047     0.21570265
    7.3157719     0.36464376     0.21266957
    7.3274425     0.36598834     0.21100160
    7.3391130     0.36758640     0.21101904
    7.3507836     0.36959958     0.21292651
    7.3624541     0.37199203     0.21681184
    7.3741247     0.37453947     0.22265729
    7.3857953     0.37687296     0.23035894
    7.3974658     0.37854928     0.23974900
    7.4091364     0.37913511     0.25061625
    7.4208069     0.37828994     0.26272061
    7.4324775     0.37583315     0.27579999
    7.4441480     0.37178440     0.28956976
    7.4558186     0.36637152     0.30371744
    7.4674892     0.36000584     0.31789673
    7.4791597     0.35323047     0.33172567
    7.4908303     0.34665097     0.34479285
    7.5025008     0.34085972     0.35667422
    7.5141714     0.33636509     0.36696012
    7.5258420     0.33353461     0.37528958
    7.5375125     0.33255775     0.38138689
    7.5491831     0.33343050     0.38509387
    7.5608536     0.33596060     0.38639196
    7.5725242     0.33978987     0.38540964
    7.5841947     0.34442943     0.38241362
    7.5958653     0.34930328     0.37778550
    7.6075358     0.35379682     0.37198800
    7.6192064     0.35730743     0.36552692
    7.6308770     0.35929491     0.35891468
    7.6425475     0.35932925     0.35264011
    7.6542181     0.35713289     0.34714662
    7.6658886     0.35261364     0.34281842
    7.6775592     0.34588433     0.33997208
    7.6892297     0.33726527     0.33884998
    7.7009003     0.32726699     0.33961225
    7.7125709     0.31655241     0.34232554
    7.7242414     0.30588027     0.34694911
    7.7359120     0.29603415     0.35332069
    7.7475825     0.28774419     0.36114672
    7.7592531     0.28161024     0.37000160
    7.7709236     0.27803634     0.37934037
    7.7825942     0.27718608     0.38852720
    7.7942647     0.27896617     0.39687914
    7.8059353     0.28304239     0.40372196
    7.8176059     0.28888735     0.40845154
    7.8292764     0.29585401     0.41059299
    7.8409470     0.30326460     0.40984902
    7.8526175     0.31050105     0.40613052
    7.8642881     0.31708234     0.39956509
    7.8759587     0.32271620     0.39048274
    7.8876292     0.32731709     0.37938173
    7.8992998     0.33098891     0.36688032
    7.9109703     0.33397728     0.35366155
    7.9226409     0.33660208     0.34041822
    7.9343114     0.33918429     0.32780392
    7.9459820     0.34198132     0.31639362
    7.9576525     0.34514270     0.30665558
    7.9693231     0.34869301     0.29893432
    7.9809937     0.35254304     0.29344356
    7.9926642     0.35652463     0.29026774
    8.0043348     0.36044028     0.28937042
    8.0160053     0.36411667     0.29060827
    8.0276759     0.36745142     0.29374897
    8.0393465     0.37044500     0.29849143
    8.0510170     0.37321333     0.30448632
    8.0626876     0.37598091     0.31135550
    8.0743581     0.37905769     0.31870923
    8.0860287     0.38280553     0.32616106
    8.0976992     0.38760035     0.33334138
    8.1093698     0.39379568     0.33991108
    8.1210403     0.40169074     0.34557700
    8.1327109     0.41150440     0.35010990
    8.1443815     0.42335406     0.35336445
    8.1560520     0.43723788     0.35529902
    8.1677226     0.45301911     0.35599212
    8.1793931     0.47041270     0.35565123
    8.1910637     0.48897650     0.35461063
    8.2027342     0.50811112     0.35331596
    8.2144048     0.52707288     0.35229503
    8.2260754     0.54500406     0.35211679
    8.2377459     0.56098178     0.35334207
    8.2494165     0.57408374     0.35647091
    8.2610870     0.58346500     0.36189223
    8.2727576     0.58843702     0.36984114
    8.2844281     0.58853835     0.38036853
    8.2960987     0.58358663     0.39332636
    8.3077693     0.57370405     0.40837057
    8.3194398     0.55931197     0.42498167
    8.3311104     0.54109518     0.44250165
    8.3427809     0.51993988     0.46018418
    8.3544515     0.49685314     0.47725398
    8.3661220     0.47287246     0.49297036
    8.3777926     0.44897484     0.50668924
    8.3894631     0.42599367     0.51791816
    8.4011337     0.40455100     0.52635846
    8.4128043     0.38501133     0.53193011
    8.4244748     0.36746237     0.53477544
    8.4361454     0.35172632     0.53524028
    8.4478159     0.33740299     0.53383352
    8.4594865     0.32394266     0.53116922
    8.4711571     0.31074177     0.52789799
    8.4828276     0.29725037     0.52463658
    8.4944982     0.28307655     0.52190511
    8.5061687     0.26807177     0.52007991
    8.5178393     0.25238321     0.51936690
    8.5295098     0.23646378     0.51979630
    8.5411804     0.22103771     0.52123518
    8.5528509     0.20702717     0.52341130
    8.5645215     0.19545183     0.52594083
    8.5761921     0.18731707     0.52835383
    8.5878626     0.18350730     0.53011500
    8.5995332     0.18469805     0.53064111
    8.6112037     0.19129596     0.52931998
    8.6228743     0.20340995     0.52553730
    8.6345448     0.22085211     0.51871628
    8.6462154     0.24316282     0.50837116
    8.6578860     0.26965338     0.49417066
    8.6695565     0.29945934     0.47600253
    8.6812271     0.33159885     0.45402728
    8.6928976     0.36503219     0.42870947
    8.7045682     0.39871969     0.40081757
    8.7162388     0.43167572     0.37138941
    8.7279093     0.46301671     0.34166614
    8.7395799     0.49200013     0.31300326
    8.7512504     0.51805162     0.28677058
    8.7629210     0.54077772     0.26425340
    8.7745915     0.55996289     0.24656524
    8.7862621     0.57555186     0.23457826
    8.7979326     0.58762049     0.22887394
    8.8096032     0.59634027     0.22971309
    8.8212738     0.60194282     0.23702260
    8.8329443     0.60468981     0.25039709
    8.8446149     0.60485264     0.26911448
    8.8562854     0.60270298     0.29216690
    8.8679560     0.59851282     0.31830888
    8.8796265     0.59256011     0.34612464
    8.8912971     0.58513460     0.37411406
    8.9029677     0.57653881     0.40079327
    8.9146382     0.56707994     0.42480223
    8.9263088     0.55705147     0.44500817
    8.9379793     0.54670592     0.46059239
    8.9496499     0.53622345     0.47110874
    8.9613204     0.52568361     0.47650537
    8.9729910     0.51504824     0.47710645
    8.9846616     0.50416335     0.47355630
    8.9963321     0.49278477     0.46673430
    9.0080027     0.48062818     0.45765254
    9.0196732     0.46743840     0.44735042
    9.0313438     0.45306768     0.43679937
    9.0430143     0.43754862     0.42682844
    9.0546849     0.42114589     0.41807729
    9.0663554     0.40437313     0.41097829
    9.0780260     0.38796639     0.40576519
    9.0896966     0.37281359     0.40250234
    9.1013671     0.35984789     0.40112610
    9.1130377     0.34992106     0.40148974
    9.1247082     0.34367802     0.40340357
    9.1363788     0.34145500     0.40666421
    9.1480494     0.34322076     0.41107018
    9.1597199     0.34857254     0.41642410
    9.1713905     0.35678916     0.42252530
    9.1830610     0.36693219     0.42915883
    9.1947316     0.37797747     0.43608755
    9.2064021     0.38895327     0.44305268
    9.2180727     0.39906039     0.44978534
    9.2297433     0.40775386     0.45602772
    9.2414138     0.41477384     0.46155884
    9.2530844     0.42012450     0.46621752
    9.2647549     0.42400961     0.46991512
    9.2764255     0.42674247     0.47263293
    9.2880960     0.42865149     0.47440299
    9.2997666     0.43000194     0.47527631
    9.3114371     0.43094938     0.47528621
    9.3231077     0.43153144     0.47441685
    9.3347783     0.43169556     0.47258634
    9.3464488     0.43135206     0.46965068
    9.3581194     0.43043650     0.46542991
    9.3697899     0.42896462     0.45975233
    9.3814605     0.42706580     0.45250796
    9.3931310     0.42498731     0.44370005
    9.4048016     0.42306951     0.43348300
    9.4164722     0.42169908     0.42217754
    9.4281427     0.42125279     0.41025814
    9.4398133     0.42204580     0.39831262
    9.4514838     0.42429597     0.38697906
    9.4631544     0.42811093     0.37686928
    9.4748249     0.43349730     0.36849058
    9.4864955     0.44038533     0.36217850
    9.4981661     0.44865767     0.35805177
    9.5098366     0.45817089     0.35599790
    9.5215072     0.46876074     0.35569285
    9.5331777     0.48022896     0.35665322
    9.5448483     0.49231609     0.35831359
    9.5565188     0.50467134     0.36011733
    9.5681894     0.51683357     0.36160630
    9.5798599     0.52823661     0.36249477
    9.5915305     0.53824677     0.36271532
    9.6032011     0.54623240     0.36242921
    9.6148716     0.55165600     0.36200023
    9.6265422     0.55417202     0.36193753
    9.6382127     0.55370966     0.36281857
    9.6498833     0.55052082     0.36520650
    9.6615539     0.54517952     0.36957691
    9.6732244     0.53852832     0.37626574
    9.6848950     0.53157805     0.38544550
    9.6965655     0.52537689     0.39712999
    9.7082361     0.52087090     0.41120167
    9.7199066     0.51877981     0.42745093
    9.7315772     0.51950841     0.44561470
    9.7432478     0.52310709     0.46540325
    9.7549183     0.52928529     0.48650802
    9.7665889     0.53747288     0.50858998
    9.7782594     0.54691671     0.53125387
    9.7899300     0.55679541     0.55401933
    9.8016005     0.56633425     0.57630143
    9.8132711     0.57490397     0.59741217
    9.8249416     0.58209097     0.61658963
    9.8366122     0.58773163     0.63305457
    9.8482828     0.59190797     0.64608709
    9.8599533     0.59490728     0.65511000
    9.8716239     0.59715230     0.65976276
    9.8832944     0.59911235     0.65995083
    9.8949650     0.60120849     0.65586010
    9.9066356     0.60372710     0.64793315
    9.9183061     0.60675550     0.63681222
    9.9299767     0.61015064     0.62326080
    9.9416472     0.61354666     0.60807932
    9.9533178     0.61640120     0.59203103
    9.9649883     0.61807342     0.57579041
    9.9766589     0.61792166     0.55992015
    9.9883294     0.61540497     0.54487578
   10.0000000     0.61017265     0.53103042
