Executable      : /home/users/felipegc/woltsoft/SIESTA/siesta-5.2.2/build/bin/siesta
Version         : 5.2.2
Architecture    : x86_64
Compiler version: GNU-9.3.0
Compiler flags  : -O3 -march=native
Parallelisations: MPI
Lua support
Native ELPA support
ELSI support. Solvers:
   ELPA (internal) 
   NTPoly
   OMM
DFT-D3 support
Wannier90 wrapper support

Runtime information:
* Directory : /home/users/felipegc/MnGaNi/top/structure_calc_48
* Running on 24 nodes in parallel.
>> Start of run:  18-JUN-2025   2:03:16

                           *********************** 
                           *  WELCOME TO SIESTA  * 
                           *********************** 

 NOTE: Siesta V5 introduces some new defaults for basis-set generation
 NOTE: which might lead to slightly different numerical results.
 NOTE: Please see the manual for full details and compatibility measures.


reinit: Reading from standard input
reinit: Dumping input in INPUT_TMP.49330
************************** Dump of input data file ****************************
SystemName          hea
SystemLabel         hea
Reparametrize.Pseudos T
Restricted.Radial.Grid F
%include atoms.fdf
MaxSCFIterations     20000
SCF.Mix              Hamiltonian
SCF.Mixer.Method     Broyden
#SCF.Mixer.Variant    original #Pulay original
SCF.Mixer.History    8
SCF.Mixer.Weight     0.07
SCF.H.Converge       False
SCF.DM.Converge      True
SCF.DM.Tolerance     5.d-4
SCF.H.Tolerance      5.d-3 eV
MeshCutoff 300.0 Ry
MD.UseSaveCG         False
DM.UseSaveDM         False
NumberOfEigenStates -20
ElectronicTemperature 300 K
WriteCoorXmol        True
XC.Functional     GGA
XC.authors        PBEsol
SpinPolarized      True
SolutionMethod       diagon
#Diag.Algorithm        MRRR
###################################
###################################
# Full template for Basis param.
###################################
###################################
Basis.Pressure 0.3 GPa
PAO.SoftDefault T
PAO.SoftPotential 50.0 Ry
PAO.SoftInnerRadius 0.70
PAO.BasisType split
PAO.EnergyShift 0.0019 eV
PAO.BasisSize TZP
PAO.SplitTailNorm T
            %block kgrid_Monkhorst_Pack
            6  0  0  0.
            0  2  0  0.
            0  0  4  0.
            %endblock kgrid_Monkhorst_Pack
            MD.TypeOfRun CG
            MD.Steps         500
            MD.VariableCell true
            MD.MaxForceTol 0.05 eV/Ang
            WriteMDHistory true
            WriteForces true
            Write.OrbitalIndex true
            Charge.Mulliken end
            COOP.Write true
            %block ProjectedDensityOfStates
            -20.00 20.00 0.1 1000 eV
            %endblock ProjectedDensityOfStates
************************** End of input data file *****************************

reinit: -----------------------------------------------------------------------
reinit: System Name: hea
reinit: -----------------------------------------------------------------------
reinit: System Label: hea
reinit: -----------------------------------------------------------------------

NOTE on units for spin output: 
{S} is the spin magnetic moment, in units of the Bohr magneton,
assuming a g-factor for the electron spin of exactly 2.
The spin magnetic moment is then numerically equal to the charge inbalance,
in units of electrons, between the spin-up and -down channels.


initatom: Reading input for the pseudopotentials and atomic orbitals ----------
Species number:   1 Atomic number:   31 Label: Ga
Species number:   2 Atomic number:   28 Label: Ni
Species number:   3 Atomic number:   25 Label: Mn

Ground state valence configuration (from tables):   4s02  4p01  4d00  4f00
Ground state valence configuration (from tables):   4s02  4p00  3d08  4f00
Ground state valence configuration (from tables):   4s02  4p00  3d05  4f00

---- Processing specs for species: Ga
Reading pseudopotential information in PSML from:
  Ga.psml
PSML file version: 1.1
Using libxc ids:  101 130
GGA--PBE XC_GGA_X_PBE--XC_GGA_C_PBE pb
PSML uuid: 206972b0-be42-11e7-579b-1282fffb1a56
Semicore shell(s) with 10 electrons included in the valence for Ga

---- Processing specs for species: Ni
Reading pseudopotential information in PSML from:
  Ni.psml
PSML file version: 1.1
Using libxc ids:  101 130
GGA--PBE XC_GGA_X_PBE--XC_GGA_C_PBE pb
PSML uuid: 020bdba0-be42-11e7-6ded-a592ddfb3399
Semicore shell(s) with  8 electrons included in the valence for Ni

---- Processing specs for species: Mn
Reading pseudopotential information in PSML from:
  Mn.psml
PSML file version: 1.1
Using libxc ids:  101 130
GGA--PBE XC_GGA_X_PBE--XC_GGA_C_PBE pb
PSML uuid: e5ebd880-be41-11e7-659b-074ddfc7bd15
Semicore shell(s) with  8 electrons included in the valence for Mn

---- Pseudopotential check for Ga

Pseudized shells:
4s( 2.00) rc: 1.67
4p( 1.00) rc: 1.75
3d(10.00) rc: 1.90
Valence configuration for ps generation: 3d:4s:4p: Total charge:  13.000000
Semicore shell(s): 3d
Fallback to non-perturbative polarization scheme for Ga
Please see the manual if this is not desired in principle

---- Pseudopotential check for Ni

Pseudized shells:
3s( 2.00) rc: 1.26
3p( 6.00) rc: 1.35
3d( 8.00) rc: 1.66
Valence configuration for ps generation: 3s:3p:3d:4s: Total charge:  18.000000
Semicore shell(s): 3s 3p
Fallback to non-perturbative polarization scheme for Ni
Please see the manual if this is not desired in principle

---- Pseudopotential check for Mn

Pseudized shells:
3s( 2.00) rc: 1.41
3p( 6.00) rc: 1.21
3d( 5.00) rc: 1.61
Valence configuration for ps generation: 3s:3p:3d:4s: Total charge:  15.000000
Semicore shell(s): 3s 3p
Fallback to non-perturbative polarization scheme for Mn
Please see the manual if this is not desired in principle
For Ga, standard SIESTA heuristics set lmxkb to 3
 (one more than the basis l, including polarization orbitals).
Use PS.lmax or PS.KBprojectors blocks to override.
For Ni, standard SIESTA heuristics set lmxkb to 3
 (one more than the basis l, including polarization orbitals).
Use PS.lmax or PS.KBprojectors blocks to override.
For Mn, standard SIESTA heuristics set lmxkb to 3
 (one more than the basis l, including polarization orbitals).
Use PS.lmax or PS.KBprojectors blocks to override.
Ga pseudopotential only contains V_ls up to l=2 -- lmxkb reset.
Ni pseudopotential only contains V_ls up to l=2 -- lmxkb reset.
Mn pseudopotential only contains V_ls up to l=2 -- lmxkb reset.

<basis_specs>
===============================================================================
Ga                   Z=  31    Mass=  69.723        Charge= 0.17977+309
Lmxo=2 Lmxkb= 2    BasisType=split      Semic=T
L=0  Nsemic=0  Cnfigmx=4
          i=1  nzeta=3  polorb=0  (4s)
            splnorm:   0.15000    
               vcte:    50.000    
               rinn:  -0.70000    
               qcoe:    0.0000    
               qyuk:    0.0000    
               qwid:   0.10000E-01
                rcs:    0.0000      0.0000      0.0000    
            lambdas:    1.0000      1.0000      1.0000    
L=1  Nsemic=0  Cnfigmx=4
          i=1  nzeta=3  polorb=0  (4p)  (to be polarized non-perturbatively)
            splnorm:   0.15000    
               vcte:    50.000    
               rinn:  -0.70000    
               qcoe:    0.0000    
               qyuk:    0.0000    
               qwid:   0.10000E-01
                rcs:    0.0000      0.0000      0.0000    
            lambdas:    1.0000      1.0000      1.0000    
L=2  Nsemic=1  Cnfigmx=4
          i=1  nzeta=1  polorb=0  (3d)  (semicore shell)
            splnorm:   0.15000    
               vcte:    50.000    
               rinn:  -0.70000    
               qcoe:    0.0000    
               qyuk:    0.0000    
               qwid:   0.10000E-01
                rcs:    0.0000    
            lambdas:    1.0000    
          i=2  nzeta=1  polorb=0  (4d)  (non-perturbative polarization shell)
            splnorm:   0.15000    
               vcte:    50.000    
               rinn:  -0.70000    
               qcoe:   0.40488-315
               qyuk:    0.0000    
               qwid:   0.69528-309
                rcs:    0.0000    
            lambdas:    1.0000    
-------------------------------------------------------------------------------
L=0  Nkbl=1  erefs: 0.17977+309
L=1  Nkbl=1  erefs: 0.17977+309
L=2  Nkbl=2  erefs: 0.17977+309 0.17977+309
===============================================================================
</basis_specs>

Using PAO.SplitTailNorm
atom: Called for Ga                    (Z =  31)
Maximum radius (at nrval) set to   50.00000 8518

read_vps: Pseudopotential generation method:
read_vps: ONCVPSP-3.Hamann's oncvpsp                        
Valence charge in pseudo generation:   13.00000

read_vps: Pseudopotential includes a core correction:
read_vps: Pseudo-core for xc-correction

xc_check: Exchange-correlation functional:
xc_check: GGA PBEsol
xc_check: WARNING: Pseudopotential generated with GGA PBE functional
Got Vlocal (oncv-fit) from psml data
Choosing vlocal chloc cutoff:  4.295227
qtot up to nchloc:   13.00023270
atom: Maximum radius for chlocal:    4.29523
atom: Maximum radius for r*vlocal+2*Zval:    4.29523
Reading KB projs from Ga psml data
Using scalar-relativistic projectors in PSML file

PSML: Kleinman-Bylander projectors: 
   l= 0   rc=  1.688643   Ekb= 14.059564
   l= 0   rc=  1.688643   Ekb=  2.289351
   l= 1   rc=  1.772167   Ekb= 13.610457
   l= 1   rc=  1.772167   Ekb=  2.576326
   l= 2   rc=  1.926399   Ekb=-16.756509
   l= 2   rc=  1.926399   Ekb= -5.641527

PSML: Total number of  Kleinman-Bylander projectors:  18
atom: -------------------------------------------------------------------------

atom: SANKEY-TYPE ORBITALS:
atom: Selected multiple-zeta basis: split     

SPLIT: Orbitals with angular momentum L= 0

SPLIT: Basis orbitals for state 4s

SPLIT: PAO cut-off radius determined from an
SPLIT: energy shift=  0.000140 Ry
Split based on tail norm

   izeta = 1
                 lambda =    1.000000
                     rc =    8.573397
                 energy =   -0.660225
                kinetic =    0.501561
    potential(screened) =   -1.161786
       potential(ionic) =  -12.246649

   izeta = 2
                 rmatch =    4.547753
              splitnorm =    0.150000
                 energy =   -0.462291
                kinetic =    0.981430
    potential(screened) =   -1.443721
       potential(ionic) =  -13.770808

   izeta = 3
                 rmatch =    5.338573
              splitnorm =    0.075000
                 energy =   -0.599358
                kinetic =    0.744548
    potential(screened) =   -1.343906
       potential(ionic) =  -13.255962

SPLIT: Orbitals with angular momentum L= 1

SPLIT: Basis orbitals for state 4p

SPLIT: PAO cut-off radius determined from an
SPLIT: energy shift=  0.000140 Ry
Split based on tail norm

   izeta = 1
                 lambda =    1.000000
                     rc =   12.949509
                 energy =   -0.190428
                kinetic =    0.541974
    potential(screened) =   -0.732402
       potential(ionic) =   -9.174065

   izeta = 2
                 rmatch =    6.968471
              splitnorm =    0.150000
                 energy =   -0.153132
                kinetic =    0.764207
    potential(screened) =   -0.917338
       potential(ionic) =  -10.565779

   izeta = 3
                 rmatch =    8.212134
              splitnorm =    0.075000
                 energy =   -0.175794
                kinetic =    0.665884
    potential(screened) =   -0.841678
       potential(ionic) =  -10.014829

SPLIT: Orbitals with angular momentum L= 2

SPLIT: Basis orbitals for state 3d

SPLIT: PAO cut-off radius determined from an
SPLIT: energy shift=  0.000140 Ry
Split based on tail norm

   izeta = 1
                 lambda =    1.000000
                     rc =    4.873342
                 energy =   -1.390864
                kinetic =   12.335179
    potential(screened) =  -13.726043
       potential(ionic) =  -32.471836

SPLIT: Basis orbitals for state 4d
SPLIT: Non-perturbative polarization orbs for state 4p
SPLIT: rc(1st zeta) (re)set to: 12.9495 (expansion factor: 1.0000)
Split based on tail norm

   izeta = 1
                 lambda =    1.000000
                     rc =   12.949509
                 energy =    0.135451
                kinetic =    0.341434
    potential(screened) =   -0.205982
       potential(ionic) =   -4.584821
atom: Total number of Sankey-type orbitals: 22

atm_pop: Valence configuration (for local Pseudopot. screening):
 4s( 2.00)                                                            
 4p( 1.00)                                                            
 3d(10.00) 4d( 0.00)                                                  
Vna: chval, zval:   13.00000  13.00000

Vna:  Cut-off radius for the neutral-atom potential:  12.949509
comcore: Pseudo-core radius Rcore=  2.359857

atom: _________________________________________________________________________

<basis_specs>
===============================================================================
Ni                   Z=  28    Mass=  58.693        Charge= 0.17977+309
Lmxo=2 Lmxkb= 2    BasisType=split      Semic=T
L=0  Nsemic=1  Cnfigmx=4
          i=1  nzeta=1  polorb=0  (3s)  (semicore shell)
            splnorm:   0.15000    
               vcte:    50.000    
               rinn:  -0.70000    
               qcoe:    0.0000    
               qyuk:    0.0000    
               qwid:   0.10000E-01
                rcs:    0.0000    
            lambdas:    1.0000    
          i=2  nzeta=3  polorb=0  (4s)  (to be polarized non-perturbatively)
            splnorm:   0.15000    
               vcte:    50.000    
               rinn:  -0.70000    
               qcoe:    0.0000    
               qyuk:    0.0000    
               qwid:   0.10000E-01
                rcs:    0.0000      0.0000      0.0000    
            lambdas:    1.0000      1.0000      1.0000    
L=1  Nsemic=1  Cnfigmx=4
          i=1  nzeta=1  polorb=0  (3p)  (semicore shell)
            splnorm:   0.15000    
               vcte:    50.000    
               rinn:  -0.70000    
               qcoe:    0.0000    
               qyuk:    0.0000    
               qwid:   0.10000E-01
                rcs:    0.0000    
            lambdas:    1.0000    
          i=2  nzeta=1  polorb=0  (4p)  (non-perturbative polarization shell)
            splnorm:   0.15000    
               vcte:    50.000    
               rinn:  -0.70000    
               qcoe:   0.40488-315
               qyuk:    0.0000    
               qwid:   0.69528-309
                rcs:    0.0000    
            lambdas:    1.0000    
L=2  Nsemic=0  Cnfigmx=3
          i=1  nzeta=3  polorb=0  (3d)
            splnorm:   0.15000    
               vcte:    50.000    
               rinn:  -0.70000    
               qcoe:    0.0000    
               qyuk:    0.0000    
               qwid:   0.10000E-01
                rcs:    0.0000      0.0000      0.0000    
            lambdas:    1.0000      1.0000      1.0000    
-------------------------------------------------------------------------------
L=0  Nkbl=2  erefs: 0.17977+309 0.17977+309
L=1  Nkbl=2  erefs: 0.17977+309 0.17977+309
L=2  Nkbl=1  erefs: 0.17977+309
===============================================================================
</basis_specs>

Using PAO.SplitTailNorm
atom: Called for Ni                    (Z =  28)
Maximum radius (at nrval) set to   50.00000 8518

read_vps: Pseudopotential generation method:
read_vps: ONCVPSP-3.Hamann's oncvpsp                        
Valence charge in pseudo generation:   18.00000

read_vps: Pseudopotential includes a core correction:
read_vps: Pseudo-core for xc-correction

xc_check: Exchange-correlation functional:
xc_check: GGA PBEsol
xc_check: WARNING: Pseudopotential generated with GGA PBE functional
Got Vlocal (oncv-fit) from psml data
Choosing vlocal chloc cutoff:  3.188973
qtot up to nchloc:   17.99992641
atom: Maximum radius for chlocal:    3.18897
atom: Maximum radius for r*vlocal+2*Zval:    3.18897
Reading KB projs from Ni psml data
Using scalar-relativistic projectors in PSML file

PSML: Kleinman-Bylander projectors: 
   l= 0   rc=  1.276377   Ekb= 12.509070
   l= 0   rc=  1.276377   Ekb= -0.503495
   l= 1   rc=  1.371030   Ekb= -5.680418
   l= 1   rc=  1.371030   Ekb= -0.775211
   l= 2   rc=  1.680171   Ekb=-14.446879
   l= 2   rc=  1.680171   Ekb= -5.088878

PSML: Total number of  Kleinman-Bylander projectors:  18
atom: -------------------------------------------------------------------------

atom: SANKEY-TYPE ORBITALS:
atom: Selected multiple-zeta basis: split     

SPLIT: Orbitals with angular momentum L= 0

SPLIT: Basis orbitals for state 3s

SPLIT: PAO cut-off radius determined from an
SPLIT: energy shift=  0.000140 Ry
Split based on tail norm

   izeta = 1
                 lambda =    1.000000
                     rc =    2.999668
                 energy =   -8.139209
                kinetic =    3.776111
    potential(screened) =  -11.915319
       potential(ionic) =  -45.801861

SPLIT: Basis orbitals for state 4s

SPLIT: PAO cut-off radius determined from an
SPLIT: energy shift=  0.000140 Ry
Split based on tail norm

   izeta = 1
                 lambda =    1.000000
                     rc =    9.316220
                 energy =   -0.512978
                kinetic =    1.389681
    potential(screened) =   -1.902658
       potential(ionic) =  -17.770111

   izeta = 2
                 rmatch =    4.957068
              splitnorm =    0.150000
                 energy =   -0.410487
                kinetic =    2.329090
    potential(screened) =   -2.739576
       potential(ionic) =  -21.501560

   izeta = 3
                 rmatch =    5.824741
              splitnorm =    0.075000
                 energy =   -0.473172
                kinetic =    1.899833
    potential(screened) =   -2.373005
       potential(ionic) =  -19.995099

SPLIT: Orbitals with angular momentum L= 1

SPLIT: Basis orbitals for state 3p

SPLIT: PAO cut-off radius determined from an
SPLIT: energy shift=  0.000140 Ry
Split based on tail norm

   izeta = 1
                 lambda =    1.000000
                     rc =    3.414070
                 energy =   -5.225411
                kinetic =    9.244220
    potential(screened) =  -14.469631
       potential(ionic) =  -47.296381

SPLIT: Basis orbitals for state 4p
SPLIT: Non-perturbative polarization orbs for state 4s
SPLIT: rc(1st zeta) (re)set to: 9.3162 (expansion factor: 1.0000)
Split based on tail norm

   izeta = 1
                 lambda =    1.000000
                     rc =    9.316220
                 energy =   -0.065208
                kinetic =    0.825147
    potential(screened) =   -0.890355
       potential(ionic) =  -12.014212

SPLIT: Orbitals with angular momentum L= 2

SPLIT: Basis orbitals for state 3d

SPLIT: PAO cut-off radius determined from an
SPLIT: energy shift=  0.000140 Ry
Split based on tail norm

   izeta = 1
                 lambda =    1.000000
                     rc =    6.323353
                 energy =   -0.639566
                kinetic =   11.441999
    potential(screened) =  -12.081565
       potential(ionic) =  -40.678115

   izeta = 2
                 rmatch =    2.624859
              splitnorm =    0.150000
                 energy =   -0.513226
                kinetic =   13.528651
    potential(screened) =  -14.041878
       potential(ionic) =  -44.582092

   izeta = 3
                 rmatch =    3.356353
              splitnorm =    0.075000
                 energy =   -0.605538
                kinetic =   12.372939
    potential(screened) =  -12.978477
       potential(ionic) =  -42.595740
atom: Total number of Sankey-type orbitals: 25

atm_pop: Valence configuration (for local Pseudopot. screening):
 3s( 2.00) 4s( 2.00)                                                  
 3p( 6.00) 4p( 0.00)                                                  
 3d( 8.00)                                                            
Vna: chval, zval:   18.00000  18.00000

Vna:  Cut-off radius for the neutral-atom potential:   9.316220
comcore: Pseudo-core radius Rcore=  1.817282

atom: _________________________________________________________________________

<basis_specs>
===============================================================================
Mn                   Z=  25    Mass=  54.938        Charge= 0.17977+309
Lmxo=2 Lmxkb= 2    BasisType=split      Semic=T
L=0  Nsemic=1  Cnfigmx=4
          i=1  nzeta=1  polorb=0  (3s)  (semicore shell)
            splnorm:   0.15000    
               vcte:    50.000    
               rinn:  -0.70000    
               qcoe:    0.0000    
               qyuk:    0.0000    
               qwid:   0.10000E-01
                rcs:    0.0000    
            lambdas:    1.0000    
          i=2  nzeta=3  polorb=0  (4s)  (to be polarized non-perturbatively)
            splnorm:   0.15000    
               vcte:    50.000    
               rinn:  -0.70000    
               qcoe:    0.0000    
               qyuk:    0.0000    
               qwid:   0.10000E-01
                rcs:    0.0000      0.0000      0.0000    
            lambdas:    1.0000      1.0000      1.0000    
L=1  Nsemic=1  Cnfigmx=4
          i=1  nzeta=1  polorb=0  (3p)  (semicore shell)
            splnorm:   0.15000    
               vcte:    50.000    
               rinn:  -0.70000    
               qcoe:    0.0000    
               qyuk:    0.0000    
               qwid:   0.10000E-01
                rcs:    0.0000    
            lambdas:    1.0000    
          i=2  nzeta=1  polorb=0  (4p)  (non-perturbative polarization shell)
            splnorm:   0.15000    
               vcte:    50.000    
               rinn:  -0.70000    
               qcoe:   0.40488-315
               qyuk:    0.0000    
               qwid:   0.69528-309
                rcs:    0.0000    
            lambdas:    1.0000    
L=2  Nsemic=0  Cnfigmx=3
          i=1  nzeta=3  polorb=0  (3d)
            splnorm:   0.15000    
               vcte:    50.000    
               rinn:  -0.70000    
               qcoe:    0.0000    
               qyuk:    0.0000    
               qwid:   0.10000E-01
                rcs:    0.0000      0.0000      0.0000    
            lambdas:    1.0000      1.0000      1.0000    
-------------------------------------------------------------------------------
L=0  Nkbl=2  erefs: 0.17977+309 0.17977+309
L=1  Nkbl=2  erefs: 0.17977+309 0.17977+309
L=2  Nkbl=1  erefs: 0.17977+309
===============================================================================
</basis_specs>

Using PAO.SplitTailNorm
atom: Called for Mn                    (Z =  25)
Maximum radius (at nrval) set to   50.00000 8518

read_vps: Pseudopotential generation method:
read_vps: ONCVPSP-3.Hamann's oncvpsp                        
Valence charge in pseudo generation:   15.00000

read_vps: Pseudopotential includes a core correction:
read_vps: Pseudo-core for xc-correction

xc_check: Exchange-correlation functional:
xc_check: GGA PBEsol
xc_check: WARNING: Pseudopotential generated with GGA PBE functional
Got Vlocal (oncv-fit) from psml data
Choosing vlocal chloc cutoff:  3.504263
qtot up to nchloc:   15.00032895
atom: Maximum radius for chlocal:    3.50426
atom: Maximum radius for r*vlocal+2*Zval:    3.50426
Reading KB projs from Mn psml data
Using scalar-relativistic projectors in PSML file

PSML: Kleinman-Bylander projectors: 
   l= 0   rc=  1.427391   Ekb= 18.471374
   l= 0   rc=  1.430269   Ekb=  3.121111
   l= 1   rc=  1.224702   Ekb=  3.156115
   l= 1   rc=  1.224702   Ekb= -1.424352
   l= 2   rc=  1.630219   Ekb=-13.224142
   l= 2   rc=  1.630219   Ekb= -4.330632

PSML: Total number of  Kleinman-Bylander projectors:  18
atom: -------------------------------------------------------------------------

atom: SANKEY-TYPE ORBITALS:
atom: Selected multiple-zeta basis: split     

SPLIT: Orbitals with angular momentum L= 0

SPLIT: Basis orbitals for state 3s

SPLIT: PAO cut-off radius determined from an
SPLIT: energy shift=  0.000140 Ry
Split based on tail norm

   izeta = 1
                 lambda =    1.000000
                     rc =    3.380000
                 energy =   -6.293298
                kinetic =    2.848567
    potential(screened) =   -9.141865
       potential(ionic) =  -33.519753

SPLIT: Basis orbitals for state 4s

SPLIT: PAO cut-off radius determined from an
SPLIT: energy shift=  0.000140 Ry
Split based on tail norm

   izeta = 1
                 lambda =    1.000000
                     rc =   10.002455
                 energy =   -0.450676
                kinetic =    1.112603
    potential(screened) =   -1.563278
       potential(ionic) =  -13.199632

   izeta = 2
                 rmatch =    5.430276
              splitnorm =    0.150000
                 energy =   -0.360834
                kinetic =    1.875764
    potential(screened) =   -2.236598
       potential(ionic) =  -15.982656

   izeta = 3
                 rmatch =    6.342382
              splitnorm =    0.075000
                 energy =   -0.415048
                kinetic =    1.529261
    potential(screened) =   -1.944310
       potential(ionic) =  -14.865309

SPLIT: Orbitals with angular momentum L= 1

SPLIT: Basis orbitals for state 3p

SPLIT: PAO cut-off radius determined from an
SPLIT: energy shift=  0.000140 Ry
Split based on tail norm

   izeta = 1
                 lambda =    1.000000
                     rc =    3.873861
                 energy =   -3.996757
                kinetic =    6.976018
    potential(screened) =  -10.972775
       potential(ionic) =  -34.563053

SPLIT: Basis orbitals for state 4p
SPLIT: Non-perturbative polarization orbs for state 4s
SPLIT: rc(1st zeta) (re)set to: 10.0025 (expansion factor: 1.0000)
Split based on tail norm

   izeta = 1
                 lambda =    1.000000
                     rc =   10.002455
                 energy =   -0.085879
                kinetic =    0.770317
    potential(screened) =   -0.856196
       potential(ionic) =   -9.409918

SPLIT: Orbitals with angular momentum L= 2

SPLIT: Basis orbitals for state 3d

SPLIT: PAO cut-off radius determined from an
SPLIT: energy shift=  0.000140 Ry
Split based on tail norm

   izeta = 1
                 lambda =    1.000000
                     rc =    7.238756
                 energy =   -0.490123
                kinetic =    9.261574
    potential(screened) =   -9.751697
       potential(ionic) =  -30.334327

   izeta = 2
                 rmatch =    3.144499
              splitnorm =    0.150000
                 energy =   -0.401801
                kinetic =   11.021778
    potential(screened) =  -11.423579
       potential(ionic) =  -33.555539

   izeta = 3
                 rmatch =    3.972182
              splitnorm =    0.075000
                 energy =   -0.464167
                kinetic =   10.072383
    potential(screened) =  -10.536551
       potential(ionic) =  -31.940836
atom: Total number of Sankey-type orbitals: 25

atm_pop: Valence configuration (for local Pseudopot. screening):
 3s( 2.00) 4s( 2.00)                                                  
 3p( 6.00) 4p( 0.00)                                                  
 3d( 5.00)                                                            
Vna: chval, zval:   15.00000  15.00000

Vna:  Cut-off radius for the neutral-atom potential:  10.002455
comcore: Pseudo-core radius Rcore=  2.115123

atom: _________________________________________________________________________

prinput: Basis input 

PAO.BasisType split     

%block ChemicalSpeciesLabel
    1   31 Ga                      # Species index, atomic number, species label
    2   28 Ni                      # Species index, atomic number, species label
    3   25 Mn                      # Species index, atomic number, species label
%endblock ChemicalSpeciesLabel

%block PAO.Basis                 # Define Basis set
# WARNING: This information might be incomplete!
Ga                    4                    # Species label, number of l-shells
 n=4   0   3                         # n, l, Nzeta 
   8.573      4.548      5.339   
   1.000      1.000      1.000   
 n=4   1   3                         # n, l, Nzeta 
  12.950      6.968      8.212   
   1.000      1.000      1.000   
 n=3   2   1                         # n, l, Nzeta 
   4.873   
   1.000   
 n=4   2   1                         # n, l, Nzeta 
  12.950   
   1.000   
Ni                    5                    # Species label, number of l-shells
 n=3   0   1                         # n, l, Nzeta 
   3.000   
   1.000   
 n=4   0   3                         # n, l, Nzeta 
   9.316      4.957      5.825   
   1.000      1.000      1.000   
 n=3   1   1                         # n, l, Nzeta 
   3.414   
   1.000   
 n=4   1   1                         # n, l, Nzeta 
   9.316   
   1.000   
 n=3   2   3                         # n, l, Nzeta 
   6.323      2.625      3.356   
   1.000      1.000      1.000   
Mn                    5                    # Species label, number of l-shells
 n=3   0   1                         # n, l, Nzeta 
   3.380   
   1.000   
 n=4   0   3                         # n, l, Nzeta 
  10.002      5.430      6.342   
   1.000      1.000      1.000   
 n=3   1   1                         # n, l, Nzeta 
   3.874   
   1.000   
 n=4   1   1                         # n, l, Nzeta 
  10.002   
   1.000   
 n=3   2   3                         # n, l, Nzeta 
   7.239      3.144      3.972   
   1.000      1.000      1.000   
%endblock PAO.Basis

prinput: ----------------------------------------------------------------------

coor:   Atomic-coordinates input format  =     Fractional

siesta: Atomic coordinates (Bohr) and species
siesta:      2.35178   2.35178   3.32592  1        1
siesta:      0.00000  18.81423   0.00000  2        2
siesta:      2.35178  16.46245   3.32592  2        3
siesta:      0.00000   0.00000   0.00000  3        4
siesta:      0.00000   4.70356   0.00000  3        5
siesta:      0.00000   9.40712   0.00000  3        6
siesta:      0.00000  14.11067   0.00000  3        7
siesta:      2.35178   7.05534   3.32592  3        8
siesta:      2.35178  11.75890   3.32592  3        9
siesta:      2.35178  21.16601   3.32592  3       10

siesta: System type = bulk      

initatomlists: Number of atoms, orbitals, and projectors:     10   247   180

coxmol: Writing XMOL coordinates into file hea.xyz                                                                                                                                                                                                                             

siesta: ******************** Simulation parameters ****************************
siesta:
siesta: The following are some of the parameters of the simulation.
siesta: A complete list of the parameters used, including default values,
siesta: can be found in file out.fdf
siesta:
redata: Spin configuration                          = collinear
redata: Number of spin components                   = 2
redata: Time-Reversal Symmetry                      = T
redata: Spin spiral                                 = F
redata: Long output                                 =   F
redata: Number of Atomic Species                    =        3
redata: Charge density info will appear in .RHO file
redata: Write Mulliken charges (when)               = end
redata: Write Mulliken Pop.                         = Atomic and Orbital charges
redata: Write Hirshfeld charges (when)              = none
redata: Write Voronoi charges (when)                = none
redata: Write spin charge (when)                    = scf
redata: Matel table size (NRTAB)                    =     1024
redata: Mesh Cutoff                                 =   300.0000 Ry
redata: Net charge of the system                    =     0.0000 |e|
redata: Min. number of SCF Iter                     =        0
redata: Max. number of SCF Iter                     =    20000
redata: SCF convergence failure will abort job
redata: SCF mix quantity                            = Hamiltonian
redata: Mix DM or H after convergence               =   F
redata: Recompute H after scf cycle                 =   F
redata: Mix DM in first SCF step                    =   T
redata: Write Pulay info on disk                    =   F
redata: New DM Occupancy tolerance                  = 0.000000000001
redata: No kicks to SCF
redata: DM Mixing Weight for Kicks                  =     0.5000
redata: Require Harris convergence for SCF          =   F
redata: Harris energy tolerance for SCF             =     0.000100 eV
redata: Require DM convergence for SCF              =   T
redata: DM tolerance for SCF                        =     0.000500
redata: Require EDM convergence for SCF             =   F
redata: EDM tolerance for SCF                       =     0.001000 eV
redata: Require H convergence for SCF               =   F
redata: Hamiltonian tolerance for SCF               =     0.005000 eV
redata: Require (free) Energy convergence for SCF   =   F
redata: (free) Energy tolerance for SCF             =     0.000100 eV
redata: Antiferro initial spin density              =   F
redata: Using DFT-D3 dispersion                     =   F
redata: Using Saved Data (generic)                  =   F
redata: Use continuation files for DM               =   F
redata: Neglect nonoverlap interactions             =   F
redata: Method of Calculation                       = Diagonalization
redata: Electronic Temperature                      =   300.0000 K
redata: Fix the spin of the system                  =   F
redata: Max. number of TDED Iter                    =        1
redata: Number of TDED substeps                     =        3
redata: Dynamics option                             = CG coord. optimization
redata: Variable cell                               =   T
redata: Use continuation files for CG               =   F
redata: Max atomic displ per move                   =     0.1058 Ang
redata: Maximum number of optimization moves        =      500
redata: Force tolerance                             =     0.0500 eV/Ang
redata: Stress tolerance                            =     1.0000 GPa
mix.SCF: Broyden mixing                          = Broyden
mix.SCF:    History steps                        = 8
mix.SCF:    Linear mixing weight                 =     0.070000
mix.SCF:    Inverse Jacobian weight              =     0.070000
mix.SCF:    Weight prime                         =     0.070000
mix.SCF:    SVD condition                        = 0.1000E-07
mix.SCF: Spin-component mixing                   all
redata: ***********************************************************************

%block SCF.Mixers
  Broyden
%endblock SCF.Mixers

%block SCF.Mixer.Broyden
  # Mixing method
  method broyden

  # Mixing options
  weight 0.0700
  weight.linear 0.0700
  weight.prime 0.0700
  history 8
%endblock SCF.Mixer.Broyden

DM_history_depth set to one: no extrapolation allowed by default for geometry relaxation
Size of DM history Fstack: 1
Total number of electrons:   154.000000
Total ionic charge:   154.000000

* ProcessorY, Blocksize:    8  10


* Orbital distribution balance (max,min):    17    10

k-point displ. along   1 input, could be:     0.00    0.50
k-point displ. along   2 input, could be:     0.00    0.50
k-point displ. along   3 input, could be:     0.00    0.50
 Kpoints in:           32 . Kpoints trimmed:           31

siesta: k-grid: Number of k-points = 31
siesta: k-points from Monkhorst-Pack grid
siesta: k-cutoff (effective) =     7.040 Ang
siesta: k-point supercell and displacements
siesta: k-grid:     6     0     0      0.000
siesta: k-grid:     0     2     0      0.000
siesta: k-grid:     0     0     4      0.000
k-point displ. along   1 input, could be:     0.00    0.50
k-point displ. along   2 input, could be:     0.00    0.50
k-point displ. along   3 input, could be:     0.00    0.50
 Kpoints in:           32 . Kpoints trimmed:           31

siesta: PDOS k-grid: Number of k-points = 31
siesta: PDOS k-points from Monkhorst-Pack grid
siesta: PDOS k-cutoff (effective) =     0.000 Ang
siesta: PDOS k-point supercell and displacements
siesta: k-grid:     6     0     0      0.000
siesta: k-grid:     0     2     0      0.000
siesta: k-grid:     0     0     4      0.000

diag: Algorithm                                     = D&C
diag: Parallel over k                               =   F
diag: Use parallel 2D distribution                  =   T
diag: Parallel block-size                           = 10
diag: Parallel distribution                         =     4 x     6
diag: Used triangular part                          = Lower
diag: Absolute tolerance                            =  0.100E-15
diag: Orthogonalization factor                      =  0.100E-05
diag: Memory factor                                 =  1.0000
diag: The diagonalization method chosen cannot compute a reduced number of eigenvectors.
diag: Resetting neigwanted 99 to 247

superc: Internal auxiliary supercell:    13 x     3 x     9  =     351
superc: Number of atoms, orbitals, and projectors:   3510  86697  63180


ts: **************************************************************
ts: Save H and S matrices                           =    F
ts: Save DM and EDM matrices                        =    F
ts: Only save the overlap matrix S                  =    F
ts: **************************************************************

************************ Begin: TS CHECKS AND WARNINGS ************************
************************ End: TS CHECKS AND WARNINGS **************************


                     ====================================
                        Begin CG opt. move =      0
                     ====================================

superc: Internal auxiliary supercell:    13 x     3 x     9  =     351
superc: Number of atoms, orbitals, and projectors:   3510  86697  63180

outcell: Unit cell vectors (Ang):
        2.489016    0.000000    0.000000
        0.000000   12.445079    0.000000
        0.000000    0.000000    3.520000

outcell: Cell vector modules (Ang)   :    2.489016   12.445079    3.520000
outcell: Cell angles (23,13,12) (deg):     90.0000     90.0000     90.0000
outcell: Cell volume (Ang**3)        :    109.0355
<dSpData1D:S at geom step 0
  <sparsity:sparsity for geom step 0
    nrows_g=247 nrows=17 sparsity=1.4466 nnzs=88253, refcount: 7>
  <dData1D:(new from dSpData1D) n=88253, refcount: 1>
refcount: 1>
new_DM -- step:     1
Initializing Density Matrix...
DM filled with atomic data:
<dSpData2D:DM initialized from atoms
  <sparsity:sparsity for geom step 0
    nrows_g=247 nrows=17 sparsity=1.4466 nnzs=88253, refcount: 8>
  <dData2D:DM n=88253 m=2, refcount: 1>
refcount: 1>
No. of atoms with KB's overlaping orbs in proc 0. Max # of overlaps:     189     922

InitMesh: MESH = 30 x 144 x 40 = 172800
InitMesh: Mesh cutoff (required, used) =   300.000   356.892 Ry
New grid distribution [1]: sub = 2
New grid distribution [2]: sub = 2
New grid distribution [3]: sub = 2
Setting up quadratic distribution...

stepf: Fermi-Dirac step function

siesta: Program's energy decomposition (eV):
siesta: Ebs     =     -6143.273059
siesta: Eions   =     41909.877304
siesta: Ena     =      3717.399331
siesta: Ekin    =     14889.568371
siesta: Enl     =     -3704.357537
siesta: Eso     =         0.000000
siesta: Edftu   =         0.000000
siesta: DEna    =       248.028888
siesta: DUscf   =        53.416974
siesta: DUext   =         0.000000
siesta: Ex      =     -4847.227106
siesta: Ec      =      -299.833054
siesta: Exc     =     -5147.060160
siesta: EbV     =         0.000000
siesta: eta*DQ  =         0.000000
siesta: Emadel  =         0.000000
siesta: Emeta   =         0.000000
siesta: Emolmec =         0.000000
siesta: Ekinion =         0.000000
siesta: Eharris =    -31626.266007
siesta: Etot    =    -31852.881438
siesta: FreeEng =    -31852.899425

        iscf     Eharris(eV)        E_KS(eV)     FreeEng(eV)     dDmax    Ef(eV) dHmax(eV)
   scf:    1   -31626.266007   -31852.881438   -31852.899425 11.174093 -6.120531 46.131233
     spin moment: {S} , |S| = {        0.0        0.0   25.17498 }    25.17498
timer: Routine,Calls,Time,% = IterSCF        1       5.708  10.35
   scf:    2   -30249.009811   -31434.761173   -31434.777066  1.591075 -5.976372129.587236
     spin moment: {S} , |S| = {        0.0        0.0   20.29882 }    20.29882
   scf:    3   -31887.596823   -31891.872452   -31891.899132  1.604056 -6.346513 20.895886
     spin moment: {S} , |S| = {        0.0        0.0   24.22560 }    24.22560
   scf:    4   -31883.231558   -31895.793592   -31895.817825  0.400906 -6.340702 17.393837
     spin moment: {S} , |S| = {        0.0        0.0   23.35307 }    23.35307
   scf:    5   -31902.913134   -31900.650118   -31900.676602  0.145306 -6.402719  6.963151
     spin moment: {S} , |S| = {        0.0        0.0   23.72889 }    23.72889
   scf:    6   -31892.201202   -31899.727285   -31899.753032  0.977583 -6.677214 11.519065
     spin moment: {S} , |S| = {        0.0        0.0   23.53707 }    23.53707
   scf:    7   -31903.070654   -31903.058415   -31903.084994  0.668052 -6.911113  3.684805
     spin moment: {S} , |S| = {        0.0        0.0   22.31950 }    22.31950
   scf:    8   -31903.092312   -31903.426038   -31903.456295  0.129100 -6.964767  2.523130
     spin moment: {S} , |S| = {        0.0        0.0   21.80360 }    21.80360
   scf:    9   -31903.433728   -31903.881623   -31903.908956  0.251779 -7.033785  4.729423
     spin moment: {S} , |S| = {        0.0        0.0   19.84094 }    19.84094
   scf:   10   -31904.515612   -31904.243207   -31904.269789  0.057353 -7.064212  3.273823
     spin moment: {S} , |S| = {        0.0        0.0   19.61637 }    19.61637
   scf:   11   -31904.798567   -31904.760284   -31904.800345  0.288997 -7.165542  4.106939
     spin moment: {S} , |S| = {        0.0        0.0   17.25459 }    17.25459
   scf:   12   -31905.549311   -31905.263040   -31905.301678  0.067599 -7.180903  1.679759
     spin moment: {S} , |S| = {        0.0        0.0   16.79902 }    16.79902
   scf:   13   -31906.271364   -31905.762248   -31905.794414  0.249595 -7.207066  0.858504
     spin moment: {S} , |S| = {        0.0        0.0   15.06249 }    15.06249
   scf:   14   -31905.693967   -31905.736143   -31905.770062  0.051891 -7.182834  0.680361
     spin moment: {S} , |S| = {        0.0        0.0   15.25676 }    15.25676
   scf:   15   -31906.322995   -31906.025318   -31906.059829  0.150286 -7.203963  1.534400
     spin moment: {S} , |S| = {        0.0        0.0   13.90960 }    13.90960
   scf:   16   -31906.185053   -31906.145734   -31906.184569  0.133594 -7.222881  2.362069
     spin moment: {S} , |S| = {        0.0        0.0   12.70260 }    12.70260
   scf:   17   -31906.380307   -31906.260295   -31906.296115  0.122983 -7.263544  2.925165
     spin moment: {S} , |S| = {        0.0        0.0   11.78533 }    11.78533
   scf:   18   -31905.606783   -31906.139296   -31906.176882  0.175028 -7.197986  2.063214
     spin moment: {S} , |S| = {        0.0        0.0   13.04907 }    13.04907
   scf:   19   -31906.918417   -31906.537435   -31906.570976  0.214833 -7.262867  0.576503
     spin moment: {S} , |S| = {        0.0        0.0   11.35479 }    11.35479
   scf:   20   -31906.840930   -31906.683195   -31906.711781  0.103122 -7.283102  0.588156
     spin moment: {S} , |S| = {        0.0        0.0   10.53171 }    10.53171
   scf:   21   -31906.731723   -31906.708289   -31906.736784  0.031452 -7.283337  0.768930
     spin moment: {S} , |S| = {        0.0        0.0   10.39656 }    10.39656
   scf:   22   -31906.809159   -31906.757677   -31906.787688  0.046931 -7.289599  0.850667
     spin moment: {S} , |S| = {        0.0        0.0   10.06733 }    10.06733
   scf:   23   -31907.036982   -31906.911411   -31906.948492  0.143147 -7.297215  1.673491
     spin moment: {S} , |S| = {        0.0        0.0    8.61572 }     8.61572
   scf:   24   -31906.919548   -31906.917128   -31906.953515  0.033829 -7.303551  1.935825
     spin moment: {S} , |S| = {        0.0        0.0    8.29710 }     8.29710
   scf:   25   -31906.947685   -31906.941740   -31906.978702  0.044505 -7.297291  0.963350
     spin moment: {S} , |S| = {        0.0        0.0    8.66862 }     8.66862
   scf:   26   -31906.916454   -31906.945067   -31906.980377  0.103337 -7.299977  2.310788
     spin moment: {S} , |S| = {        0.0        0.0    7.84616 }     7.84616
   scf:   27   -31906.876316   -31906.913785   -31906.947893  0.060821 -7.298633  2.920678
     spin moment: {S} , |S| = {        0.0        0.0    7.47364 }     7.47364
   scf:   28   -31906.789057   -31906.879534   -31906.915129  0.209968 -7.285745  0.592746
     spin moment: {S} , |S| = {        0.0        0.0    9.39707 }     9.39707
   scf:   29   -31906.942463   -31906.911730   -31906.948125  0.027027 -7.288987  0.333374
     spin moment: {S} , |S| = {        0.0        0.0    9.19082 }     9.19082
   scf:   30   -31906.997765   -31906.953910   -31906.990798  0.041860 -7.288780  0.554222
     spin moment: {S} , |S| = {        0.0        0.0    8.87965 }     8.87965
   scf:   31   -31907.025197   -31906.988592   -31907.025220  0.050674 -7.286011  0.619796
     spin moment: {S} , |S| = {        0.0        0.0    8.67713 }     8.67713
   scf:   32   -31906.975439   -31906.982055   -31907.018732  0.006612 -7.285825  0.573280
     spin moment: {S} , |S| = {        0.0        0.0    8.73484 }     8.73484
   scf:   33   -31906.978623   -31906.980396   -31907.017063  0.003737 -7.285429  0.515918
     spin moment: {S} , |S| = {        0.0        0.0    8.76550 }     8.76550
   scf:   34   -31906.998457   -31906.989393   -31907.025989  0.010971 -7.285324  0.571481
     spin moment: {S} , |S| = {        0.0        0.0    8.69827 }     8.69827
   scf:   35   -31906.928048   -31906.959310   -31906.995912  0.031210 -7.286327  0.307652
     spin moment: {S} , |S| = {        0.0        0.0    8.95897 }     8.95897
   scf:   36   -31907.003476   -31906.981345   -31907.017848  0.023978 -7.286172  0.373696
     spin moment: {S} , |S| = {        0.0        0.0    8.82418 }     8.82418
   scf:   37   -31906.967606   -31906.974453   -31907.010927  0.010378 -7.287279  0.337984
     spin moment: {S} , |S| = {        0.0        0.0    8.89416 }     8.89416
   scf:   38   -31906.999470   -31906.986868   -31907.023292  0.015209 -7.286582  0.365633
     spin moment: {S} , |S| = {        0.0        0.0    8.80576 }     8.80576
   scf:   39   -31907.014849   -31907.000707   -31907.037017  0.018851 -7.285925  0.391654
     spin moment: {S} , |S| = {        0.0        0.0    8.71946 }     8.71946
   scf:   40   -31907.020533   -31907.010538   -31907.046763  0.013390 -7.285415  0.385389
     spin moment: {S} , |S| = {        0.0        0.0    8.65924 }     8.65924
   scf:   41   -31907.030451   -31907.020393   -31907.056521  0.012484 -7.285449  0.388381
     spin moment: {S} , |S| = {        0.0        0.0    8.60258 }     8.60258
   scf:   42   -31907.057932   -31907.038936   -31907.074901  0.014249 -7.286647  0.319605
     spin moment: {S} , |S| = {        0.0        0.0    8.48693 }     8.48693
   scf:   43   -31907.106353   -31907.071506   -31907.107475  0.024322 -7.287875  0.278583
     spin moment: {S} , |S| = {        0.0        0.0    8.25268 }     8.25268
   scf:   44   -31907.227806   -31907.143783   -31907.180098  0.072554 -7.289062  0.275125
     spin moment: {S} , |S| = {        0.0        0.0    7.65415 }     7.65415
   scf:   45   -31907.056068   -31907.098206   -31907.134200  0.057499 -7.289901  0.270446
     spin moment: {S} , |S| = {        0.0        0.0    8.06478 }     8.06478
   scf:   46   -31907.184400   -31907.139263   -31907.175457  0.042227 -7.291273  0.234313
     spin moment: {S} , |S| = {        0.0        0.0    7.72761 }     7.72761
   scf:   47   -31907.250285   -31907.191314   -31907.226467  0.059113 -7.294303  0.266257
     spin moment: {S} , |S| = {        0.0        0.0    7.29394 }     7.29394
   scf:   48   -31907.155007   -31907.173974   -31907.209315  0.027612 -7.295130  0.253271
     spin moment: {S} , |S| = {        0.0        0.0    7.41482 }     7.41482
   scf:   49   -31907.317964   -31907.243547   -31907.275845  0.094760 -7.297717  0.633771
     spin moment: {S} , |S| = {        0.0        0.0    6.77616 }     6.77616
   scf:   50   -31907.185171   -31907.215314   -31907.248996  0.056805 -7.294578  0.303839
     spin moment: {S} , |S| = {        0.0        0.0    7.04921 }     7.04921
   scf:   51   -31907.251586   -31907.234331   -31907.266363  0.036923 -7.297615  0.306361
     spin moment: {S} , |S| = {        0.0        0.0    6.85496 }     6.85496
   scf:   52   -31907.294143   -31907.263613   -31907.294523  0.037248 -7.299893  0.215108
     spin moment: {S} , |S| = {        0.0        0.0    6.58394 }     6.58394
   scf:   53   -31907.369509   -31907.313113   -31907.343426  0.069006 -7.302666  0.442336
     spin moment: {S} , |S| = {        0.0        0.0    6.06470 }     6.06470
   scf:   54   -31907.233234   -31907.273603   -31907.303987  0.055727 -7.298668  0.320731
     spin moment: {S} , |S| = {        0.0        0.0    6.49680 }     6.49680
   scf:   55   -31907.450185   -31907.353842   -31907.383428  0.116078 -7.303275  0.765608
     spin moment: {S} , |S| = {        0.0        0.0    5.60958 }     5.60958
   scf:   56   -31907.331923   -31907.343103   -31907.373008  0.024633 -7.302448  0.504089
     spin moment: {S} , |S| = {        0.0        0.0    5.79342 }     5.79342
   scf:   57   -31907.367587   -31907.355741   -31907.385311  0.028593 -7.300659  0.340432
     spin moment: {S} , |S| = {        0.0        0.0    5.71190 }     5.71190
   scf:   58   -31907.437590   -31907.393661   -31907.422071  0.073234 -7.302054  0.858654
     spin moment: {S} , |S| = {        0.0        0.0    5.17474 }     5.17474
   scf:   59   -31907.431614   -31907.413182   -31907.441174  0.031610 -7.299295  0.563268
     spin moment: {S} , |S| = {        0.0        0.0    5.10290 }     5.10290
   scf:   60   -31907.406293   -31907.412502   -31907.440682  0.019028 -7.295620  0.183408
     spin moment: {S} , |S| = {        0.0        0.0    5.22923 }     5.22923
   scf:   61   -31907.446466   -31907.428773   -31907.456307  0.022767 -7.295598  0.142605
     spin moment: {S} , |S| = {        0.0        0.0    5.06594 }     5.06594
   scf:   62   -31907.480880   -31907.453135   -31907.479396  0.035207 -7.297322  0.244090
     spin moment: {S} , |S| = {        0.0        0.0    4.79121 }     4.79121
   scf:   63   -31907.441002   -31907.447109   -31907.473684  0.009268 -7.296789  0.205788
     spin moment: {S} , |S| = {        0.0        0.0    4.87618 }     4.87618
   scf:   64   -31907.474993   -31907.460453   -31907.486342  0.024969 -7.297441  0.190563
     spin moment: {S} , |S| = {        0.0        0.0    4.76716 }     4.76716
   scf:   65   -31907.489539   -31907.474596   -31907.500124  0.024708 -7.298409  0.214086
     spin moment: {S} , |S| = {        0.0        0.0    4.60573 }     4.60573
   scf:   66   -31907.460624   -31907.472228   -31907.499796  0.184642 -7.300811  1.622971
     spin moment: {S} , |S| = {        0.0        0.0    3.92079 }     3.92079
   scf:   67   -31907.467264   -31907.469698   -31907.497047  0.009448 -7.300594  1.625090
     spin moment: {S} , |S| = {        0.0        0.0    3.98224 }     3.98224
   scf:   68   -31907.501297   -31907.487054   -31907.514249  0.031015 -7.302311  1.214520
     spin moment: {S} , |S| = {        0.0        0.0    4.05870 }     4.05870
   scf:   69   -31907.502029   -31907.494928   -31907.522118  0.017800 -7.303355  1.020090
     spin moment: {S} , |S| = {        0.0        0.0    4.04780 }     4.04780
   scf:   70   -31907.494760   -31907.498198   -31907.524861  0.068395 -7.304079  0.353110
     spin moment: {S} , |S| = {        0.0        0.0    4.23674 }     4.23674
   scf:   71   -31907.504087   -31907.501196   -31907.528047  0.023342 -7.304620  0.494893
     spin moment: {S} , |S| = {        0.0        0.0    4.17836 }     4.17836
   scf:   72   -31907.510419   -31907.505529   -31907.532194  0.021658 -7.305564  0.582336
     spin moment: {S} , |S| = {        0.0        0.0    4.16861 }     4.16861
   scf:   73   -31907.486209   -31907.496728   -31907.523052  0.063197 -7.304304  0.137846
     spin moment: {S} , |S| = {        0.0        0.0    4.29973 }     4.29973
   scf:   74   -31907.498313   -31907.497541   -31907.523882  0.004393 -7.304196  0.180632
     spin moment: {S} , |S| = {        0.0        0.0    4.29797 }     4.29797
   scf:   75   -31907.496654   -31907.497095   -31907.523487  0.013507 -7.303627  0.183269
     spin moment: {S} , |S| = {        0.0        0.0    4.29292 }     4.29292
   scf:   76   -31907.499745   -31907.498412   -31907.524809  0.007188 -7.303575  0.176369
     spin moment: {S} , |S| = {        0.0        0.0    4.29101 }     4.29101
   scf:   77   -31907.501786   -31907.500087   -31907.526592  0.005548 -7.303612  0.154992
     spin moment: {S} , |S| = {        0.0        0.0    4.26753 }     4.26753
   scf:   78   -31907.506649   -31907.503295   -31907.530058  0.013759 -7.303504  0.180568
     spin moment: {S} , |S| = {        0.0        0.0    4.20998 }     4.20998
   scf:   79   -31907.530035   -31907.515515   -31907.542590  0.042970 -7.303821  0.174192
     spin moment: {S} , |S| = {        0.0        0.0    4.06038 }     4.06038
   scf:   80   -31907.540495   -31907.526974   -31907.554206  0.033001 -7.303082  0.130307
     spin moment: {S} , |S| = {        0.0        0.0    3.89399 }     3.89399
   scf:   81   -31907.531450   -31907.529177   -31907.556424  0.006536 -7.302852  0.118712
     spin moment: {S} , |S| = {        0.0        0.0    3.86529 }     3.86529
   scf:   82   -31907.538165   -31907.533562   -31907.560843  0.016177 -7.302822  0.169953
     spin moment: {S} , |S| = {        0.0        0.0    3.81768 }     3.81768
   scf:   83   -31907.534668   -31907.534123   -31907.561369  0.003161 -7.303022  0.154225
     spin moment: {S} , |S| = {        0.0        0.0    3.81689 }     3.81689
   scf:   84   -31907.546418   -31907.539993   -31907.567246  0.022775 -7.303016  0.194958
     spin moment: {S} , |S| = {        0.0        0.0    3.75660 }     3.75660
   scf:   85   -31907.540018   -31907.540006   -31907.567241  0.001285 -7.303138  0.197779
     spin moment: {S} , |S| = {        0.0        0.0    3.76094 }     3.76094
   scf:   86   -31907.539502   -31907.539797   -31907.567100  0.009947 -7.302244  0.147251
     spin moment: {S} , |S| = {        0.0        0.0    3.73767 }     3.73767
   scf:   87   -31907.543956   -31907.541849   -31907.569107  0.006446 -7.302175  0.135138
     spin moment: {S} , |S| = {        0.0        0.0    3.72490 }     3.72490
   scf:   88   -31907.557166   -31907.549057   -31907.576210  0.027235 -7.301468  0.147403
     spin moment: {S} , |S| = {        0.0        0.0    3.64071 }     3.64071
   scf:   89   -31907.553206   -31907.551120   -31907.578208  0.007827 -7.300912  0.123026
     spin moment: {S} , |S| = {        0.0        0.0    3.63797 }     3.63797
   scf:   90   -31907.560480   -31907.555621   -31907.582597  0.015123 -7.299962  0.112406
     spin moment: {S} , |S| = {        0.0        0.0    3.58351 }     3.58351
   scf:   91   -31907.554501   -31907.555076   -31907.582123  0.006765 -7.299448  0.140457
     spin moment: {S} , |S| = {        0.0        0.0    3.59958 }     3.59958
   scf:   92   -31907.562000   -31907.558450   -31907.585339  0.011161 -7.299283  0.122774
     spin moment: {S} , |S| = {        0.0        0.0    3.56217 }     3.56217
   scf:   93   -31907.557348   -31907.557954   -31907.584939  0.009747 -7.298585  0.169670
     spin moment: {S} , |S| = {        0.0        0.0    3.57841 }     3.57841
   scf:   94   -31907.594363   -31907.573972   -31907.600220  0.039484 -7.296734  0.140035
     spin moment: {S} , |S| = {        0.0        0.0    3.44066 }     3.44066
   scf:   95   -31907.593679   -31907.582849   -31907.608988  0.024357 -7.294156  0.171535
     spin moment: {S} , |S| = {        0.0        0.0    3.37110 }     3.37110
   scf:   96   -31907.579145   -31907.581001   -31907.607179  0.006506 -7.294584  0.111845
     spin moment: {S} , |S| = {        0.0        0.0    3.39099 }     3.39099
   scf:   97   -31907.592209   -31907.586214   -31907.612389  0.015515 -7.293299  0.119829
     spin moment: {S} , |S| = {        0.0        0.0    3.34910 }     3.34910
   scf:   98   -31907.583909   -31907.585099   -31907.611276  0.004526 -7.293698  0.078291
     spin moment: {S} , |S| = {        0.0        0.0    3.36604 }     3.36604
   scf:   99   -31907.594879   -31907.589702   -31907.615857  0.014226 -7.293594  0.124027
     spin moment: {S} , |S| = {        0.0        0.0    3.34197 }     3.34197
   scf:  100   -31907.617396   -31907.601189   -31907.627555  0.043652 -7.292454  0.089694
     spin moment: {S} , |S| = {        0.0        0.0    3.24132 }     3.24132
   scf:  101   -31907.611794   -31907.606192   -31907.632598  0.022375 -7.292421  0.226356
     spin moment: {S} , |S| = {        0.0        0.0    3.22032 }     3.22032
   scf:  102   -31907.611365   -31907.608991   -31907.635594  0.017010 -7.291502  0.085737
     spin moment: {S} , |S| = {        0.0        0.0    3.16860 }     3.16860
   scf:  103   -31907.627740   -31907.616691   -31907.643453  0.039938 -7.290966  0.070427
     spin moment: {S} , |S| = {        0.0        0.0    3.08588 }     3.08588
   scf:  104   -31907.623022   -31907.619599   -31907.646386  0.015205 -7.290840  0.061411
     spin moment: {S} , |S| = {        0.0        0.0    3.05583 }     3.05583
   scf:  105   -31907.624758   -31907.622000   -31907.648787  0.012625 -7.291385  0.063758
     spin moment: {S} , |S| = {        0.0        0.0    3.03249 }     3.03249
   scf:  106   -31907.627756   -31907.624691   -31907.651446  0.010484 -7.291795  0.064264
     spin moment: {S} , |S| = {        0.0        0.0    3.01869 }     3.01869
   scf:  107   -31907.638434   -31907.630397   -31907.657158  0.031792 -7.292962  0.077473
     spin moment: {S} , |S| = {        0.0        0.0    2.97159 }     2.97159
   scf:  108   -31907.640905   -31907.634842   -31907.661638  0.028331 -7.295029  0.054986
     spin moment: {S} , |S| = {        0.0        0.0    2.93435 }     2.93435
   scf:  109   -31907.639276   -31907.636830   -31907.663702  0.017875 -7.295659  0.068795
     spin moment: {S} , |S| = {        0.0        0.0    2.90668 }     2.90668
   scf:  110   -31907.635488   -31907.636127   -31907.662963  0.007415 -7.295421  0.056850
     spin moment: {S} , |S| = {        0.0        0.0    2.91855 }     2.91855
   scf:  111   -31907.637287   -31907.636697   -31907.663533  0.002755 -7.295677  0.056049
     spin moment: {S} , |S| = {        0.0        0.0    2.91764 }     2.91764
   scf:  112   -31907.639885   -31907.638185   -31907.665056  0.010342 -7.296171  0.052312
     spin moment: {S} , |S| = {        0.0        0.0    2.90822 }     2.90822
   scf:  113   -31907.659781   -31907.645775   -31907.672831  0.061361 -7.298548  0.102911
     spin moment: {S} , |S| = {        0.0        0.0    2.86303 }     2.86303
   scf:  114   -31907.647804   -31907.646719   -31907.673788  0.010047 -7.299228  0.108770
     spin moment: {S} , |S| = {        0.0        0.0    2.85014 }     2.85014
   scf:  115   -31907.641466   -31907.643323   -31907.670306  0.034101 -7.297989  0.062846
     spin moment: {S} , |S| = {        0.0        0.0    2.88110 }     2.88110
   scf:  116   -31907.670966   -31907.651802   -31907.678758  0.095777 -7.301019  0.187828
     spin moment: {S} , |S| = {        0.0        0.0    2.79275 }     2.79275
   scf:  117   -31907.652576   -31907.652184   -31907.679113  0.002486 -7.301118  0.179828
     spin moment: {S} , |S| = {        0.0        0.0    2.79258 }     2.79258
   scf:  118   -31907.646481   -31907.647505   -31907.674548  0.061110 -7.299480  0.089504
     spin moment: {S} , |S| = {        0.0        0.0    2.85502 }     2.85502
   scf:  119   -31907.655923   -31907.650963   -31907.677929  0.029381 -7.300649  0.096167
     spin moment: {S} , |S| = {        0.0        0.0    2.84266 }     2.84266
   scf:  120   -31907.649732   -31907.650220   -31907.677093  0.022146 -7.300148  0.041592
     spin moment: {S} , |S| = {        0.0        0.0    2.88933 }     2.88933
   scf:  121   -31907.656900   -31907.653062   -31907.679763  0.017525 -7.300294  0.035013
     spin moment: {S} , |S| = {        0.0        0.0    2.90829 }     2.90829
   scf:  122   -31907.652937   -31907.652964   -31907.679607  0.008661 -7.299935  0.047153
     spin moment: {S} , |S| = {        0.0        0.0    2.93132 }     2.93132
   scf:  123   -31907.653917   -31907.653423   -31907.680018  0.003238 -7.300108  0.051106
     spin moment: {S} , |S| = {        0.0        0.0    2.93775 }     2.93775
   scf:  124   -31907.652921   -31907.653165   -31907.679762  0.003359 -7.300001  0.047788
     spin moment: {S} , |S| = {        0.0        0.0    2.94230 }     2.94230
   scf:  125   -31907.655113   -31907.654082   -31907.680625  0.006510 -7.300356  0.041399
     spin moment: {S} , |S| = {        0.0        0.0    2.94285 }     2.94285
   scf:  126   -31907.653222   -31907.653630   -31907.680182  0.006008 -7.300358  0.049746
     spin moment: {S} , |S| = {        0.0        0.0    2.94990 }     2.94990
   scf:  127   -31907.655803   -31907.654646   -31907.681138  0.007331 -7.300715  0.043864
     spin moment: {S} , |S| = {        0.0        0.0    2.95016 }     2.95016
   scf:  128   -31907.656051   -31907.655320   -31907.681787  0.005865 -7.300957  0.042422
     spin moment: {S} , |S| = {        0.0        0.0    2.94513 }     2.94513
   scf:  129   -31907.657211   -31907.656216   -31907.682654  0.008899 -7.301136  0.041581
     spin moment: {S} , |S| = {        0.0        0.0    2.93431 }     2.93431
   scf:  130   -31907.658449   -31907.657251   -31907.683598  0.006500 -7.301287  0.036793
     spin moment: {S} , |S| = {        0.0        0.0    2.93756 }     2.93756
   scf:  131   -31907.657890   -31907.657562   -31907.683917  0.004930 -7.301095  0.042631
     spin moment: {S} , |S| = {        0.0        0.0    2.92459 }     2.92459
   scf:  132   -31907.658670   -31907.658095   -31907.684401  0.003246 -7.301161  0.039788
     spin moment: {S} , |S| = {        0.0        0.0    2.92543 }     2.92543
   scf:  133   -31907.658240   -31907.658166   -31907.684462  0.000812 -7.301149  0.038128
     spin moment: {S} , |S| = {        0.0        0.0    2.92769 }     2.92769
   scf:  134   -31907.661148   -31907.659540   -31907.685735  0.011186 -7.301448  0.041007
     spin moment: {S} , |S| = {        0.0        0.0    2.91495 }     2.91495
   scf:  135   -31907.660321   -31907.659921   -31907.686084  0.003249 -7.301525  0.040436
     spin moment: {S} , |S| = {        0.0        0.0    2.91103 }     2.91103
   scf:  136   -31907.661057   -31907.660471   -31907.686591  0.004715 -7.301593  0.039730
     spin moment: {S} , |S| = {        0.0        0.0    2.90311 }     2.90311
   scf:  137   -31907.662247   -31907.661314   -31907.687363  0.006332 -7.301680  0.039105
     spin moment: {S} , |S| = {        0.0        0.0    2.89310 }     2.89310
   scf:  138   -31907.664598   -31907.662824   -31907.688725  0.013211 -7.301756  0.037636
     spin moment: {S} , |S| = {        0.0        0.0    2.87033 }     2.87033
   scf:  139   -31907.665231   -31907.663949   -31907.689739  0.008315 -7.301774  0.035599
     spin moment: {S} , |S| = {        0.0        0.0    2.85369 }     2.85369
   scf:  140   -31907.664330   -31907.664133   -31907.689921  0.002340 -7.301699  0.034015
     spin moment: {S} , |S| = {        0.0        0.0    2.84689 }     2.84689
   scf:  141   -31907.663615   -31907.663870   -31907.689689  0.001738 -7.301676  0.033649
     spin moment: {S} , |S| = {        0.0        0.0    2.84892 }     2.84892
   scf:  142   -31907.665247   -31907.664535   -31907.690272  0.005311 -7.301864  0.034004
     spin moment: {S} , |S| = {        0.0        0.0    2.84236 }     2.84236
   scf:  143   -31907.664092   -31907.664310   -31907.690085  0.001470 -7.301808  0.035010
     spin moment: {S} , |S| = {        0.0        0.0    2.84045 }     2.84045
   scf:  144   -31907.665061   -31907.664678   -31907.690410  0.003695 -7.301954  0.034484
     spin moment: {S} , |S| = {        0.0        0.0    2.83309 }     2.83309
   scf:  145   -31907.664021   -31907.664343   -31907.690114  0.003239 -7.301832  0.034235
     spin moment: {S} , |S| = {        0.0        0.0    2.83975 }     2.83975
   scf:  146   -31907.664059   -31907.664199   -31907.689987  0.000999 -7.301868  0.034847
     spin moment: {S} , |S| = {        0.0        0.0    2.84062 }     2.84062
   scf:  147   -31907.663585   -31907.663886   -31907.689714  0.001982 -7.301859  0.033915
     spin moment: {S} , |S| = {        0.0        0.0    2.84201 }     2.84201
   scf:  148   -31907.662833   -31907.663339   -31907.689215  0.004371 -7.301807  0.034757
     spin moment: {S} , |S| = {        0.0        0.0    2.85244 }     2.85244
   scf:  149   -31907.661723   -31907.662482   -31907.688442  0.005844 -7.301737  0.033377
     spin moment: {S} , |S| = {        0.0        0.0    2.86240 }     2.86240
   scf:  150   -31907.662835   -31907.662656   -31907.688582  0.001545 -7.301766  0.037127
     spin moment: {S} , |S| = {        0.0        0.0    2.86368 }     2.86368
   scf:  151   -31907.662537   -31907.662596   -31907.688523  0.000830 -7.301734  0.037251
     spin moment: {S} , |S| = {        0.0        0.0    2.86634 }     2.86634
   scf:  152   -31907.663670   -31907.663118   -31907.688979  0.003835 -7.301786  0.036772
     spin moment: {S} , |S| = {        0.0        0.0    2.86283 }     2.86283
   scf:  153   -31907.663903   -31907.663497   -31907.689329  0.003519 -7.301799  0.035703
     spin moment: {S} , |S| = {        0.0        0.0    2.85793 }     2.85793
   scf:  154   -31907.663709   -31907.663602   -31907.689417  0.000704 -7.301832  0.035680
     spin moment: {S} , |S| = {        0.0        0.0    2.85831 }     2.85831
   scf:  155   -31907.663702   -31907.663652   -31907.689460  0.000348 -7.301838  0.035625
     spin moment: {S} , |S| = {        0.0        0.0    2.85795 }     2.85795

SCF Convergence by DM criterion
max |DM_out - DM_in|         :     0.0003481405
max |H_out - H_in|      (eV) :     0.0356250754
SCF cycle converged after 155 iterations

Using DM_out to compute the final energy and forces
No. of atoms with KB's overlaping orbs in proc 0. Max # of overlaps:     189     922

siesta: E_KS(eV) =           -31907.6637

siesta: E_KS - E_eggbox =    -31907.6637

siesta: Atomic forces (eV/Ang):
     1    0.000000   -0.127760    0.000000
     2   -0.000000    0.123847   -0.000000
     3   -0.000000    0.312099   -0.000000
     4   -0.000000   -1.398755   -0.000000
     5    0.000000    0.971643   -0.000000
     6    0.000000    0.145328    0.000000
     7    0.000000   -0.351715   -0.000000
     8    0.000000    0.581448    0.000000
     9   -0.000000   -0.115780    0.000000
    10   -0.000000   -0.137039   -0.000000
----------------------------------------
   Tot    0.000000    0.003316    0.000000
----------------------------------------
   Max    1.398755
   Res    0.343742    sqrt( Sum f_i^2 / 3N )
----------------------------------------
   Max    1.398755    constrained

Stress tensor Voigt[x,y,z,yz,xz,xy] (kbar):      -13.41       10.19       21.82       -0.00        0.00        0.00
(Free)E + p*V (eV/cell)   -31908.1112
Target enthalpy (eV/cell)   -31907.6895

siesta: Stress tensor (static) (eV/Ang**3):
        -0.008373    0.000000   -0.000000
         0.000000    0.006358   -0.000000
         0.000000   -0.000000    0.013618

siesta: Pressure (static):         -6.19699085  kBar

siesta: Stress tensor (total) (eV/Ang**3):
        -0.008373    0.000000   -0.000000
         0.000000    0.006358   -0.000000
         0.000000   -0.000000    0.013618

siesta: Pressure (total):         -6.19699085  kBar

cgvc: No target stress found, assuming hydrostatic MD.TargetPressure.

cgvc: Target stress (kBar)
cgvc:        -0.000       0.000       0.000
cgvc:         0.000      -0.000       0.000
cgvc:         0.000       0.000      -0.000

                     ====================================
                        Begin CG opt. move =      1
                     ====================================
k-point displ. along   1 input, could be:     0.00    0.50
k-point displ. along   2 input, could be:     0.00    0.50
k-point displ. along   3 input, could be:     0.00    0.50
 Kpoints in:           32 . Kpoints trimmed:           31

siesta: k-grid: Number of k-points = 31
siesta: k-points from Monkhorst-Pack grid
siesta: k-cutoff (effective) =     7.017 Ang
siesta: k-point supercell and displacements
siesta: k-grid:     6     0     0      0.000
siesta: k-grid:     0     2     0      0.000
siesta: k-grid:     0     0     4      0.000

superc: Internal auxiliary supercell:    13 x     3 x     9  =     351
superc: Number of atoms, orbitals, and projectors:   3510  86697  63180

outcell: Unit cell vectors (Ang):
        2.494027   -0.000000   -0.000000
       -0.000000   12.426054    0.000000
       -0.000000    0.000000    3.508474

outcell: Cell vector modules (Ang)   :    2.494027   12.426054    3.508474
outcell: Cell angles (23,13,12) (deg):     90.0000     90.0000     90.0000
outcell: Cell volume (Ang**3)        :    108.7308
<dSpData1D:S at geom step 1
  <sparsity:sparsity for geom step 1
    nrows_g=247 nrows=17 sparsity=1.4481 nnzs=88345, refcount: 7>
  <dData1D:(new from dSpData1D) n=88345, refcount: 1>
refcount: 1>
new_DM -- step:     2
Re-using DM from previous geometries...
Number of DMs in history: 1
 DM extrapolation coefficients: 
1   1.00000
New DM after history re-use:
<dSpData2D:SpM extrapolated using coords
  <sparsity:sparsity for geom step 1
    nrows_g=247 nrows=17 sparsity=1.4481 nnzs=88345, refcount: 9>
  <dData2D:(temp array for extrapolation) n=88345 m=2, refcount: 1>
refcount: 1>
No. of atoms with KB's overlaping orbs in proc 0. Max # of overlaps:     189     922

InitMesh: MESH = 30 x 144 x 40 = 172800
InitMesh: Mesh cutoff (required, used) =   300.000   359.241 Ry
New grid distribution [1]: sub = 2
New grid distribution [2]: sub = 2
New grid distribution [3]: sub = 2
Setting up quadratic distribution...

        iscf     Eharris(eV)        E_KS(eV)     FreeEng(eV)     dDmax    Ef(eV) dHmax(eV)
   scf:    1   -31890.620831   -31902.423279   -31902.444488  0.387039 -7.331710 12.241401
     spin moment: {S} , |S| = {        0.0        0.0    2.93824 }     2.93824
   scf:    2    -7744.761185   -23928.825229   -23928.847358 59.389377 -4.790250467.725773
     spin moment: {S} , |S| = {        0.0        0.0    0.64713 }     0.64713
   scf:    3   -32257.087013   -31902.655590   -31902.676576 59.430049 -7.297652 13.013306
     spin moment: {S} , |S| = {        0.0        0.0    2.84372 }     2.84372
   scf:    4   -31908.552349   -31907.336775   -31907.358730  0.227663 -7.311741  4.307830
     spin moment: {S} , |S| = {        0.0        0.0    2.86949 }     2.86949
   scf:    5   -31907.741622   -31907.656786   -31907.678962  0.030577 -7.313534  1.973004
     spin moment: {S} , |S| = {        0.0        0.0    2.88201 }     2.88201
   scf:    6   -31907.762693   -31907.789563   -31907.811209  0.032100 -7.314348  0.544231
     spin moment: {S} , |S| = {        0.0        0.0    2.88280 }     2.88280
   scf:    7   -31907.773406   -31907.791248   -31907.813234  0.024813 -7.309815  0.600205
     spin moment: {S} , |S| = {        0.0        0.0    2.87653 }     2.87653
   scf:    8   -31907.681393   -31907.771685   -31907.793409  0.030746 -7.305752  1.155998
     spin moment: {S} , |S| = {        0.0        0.0    2.87294 }     2.87294
   scf:    9   -31907.789641   -31907.803581   -31907.825538  0.020730 -7.306164  0.228781
     spin moment: {S} , |S| = {        0.0        0.0    2.86787 }     2.86787
   scf:   10   -31907.805643   -31907.805491   -31907.827401  0.004200 -7.306521  0.107048
     spin moment: {S} , |S| = {        0.0        0.0    2.86711 }     2.86711
   scf:   11   -31907.810666   -31907.808038   -31907.830024  0.016480 -7.309285  0.069297
     spin moment: {S} , |S| = {        0.0        0.0    2.85853 }     2.85853
   scf:   12   -31907.809937   -31907.808972   -31907.830971  0.005973 -7.309796  0.068179
     spin moment: {S} , |S| = {        0.0        0.0    2.85508 }     2.85508
   scf:   13   -31907.809938   -31907.809448   -31907.831457  0.003314 -7.309938  0.066096
     spin moment: {S} , |S| = {        0.0        0.0    2.85306 }     2.85306
   scf:   14   -31907.813826   -31907.811483   -31907.833541  0.014490 -7.310150  0.072425
     spin moment: {S} , |S| = {        0.0        0.0    2.84421 }     2.84421
   scf:   15   -31907.814184   -31907.812772   -31907.834858  0.009133 -7.309805  0.068989
     spin moment: {S} , |S| = {        0.0        0.0    2.83826 }     2.83826
   scf:   16   -31907.814617   -31907.813664   -31907.835776  0.006633 -7.309730  0.073387
     spin moment: {S} , |S| = {        0.0        0.0    2.83391 }     2.83391
   scf:   17   -31907.812947   -31907.813300   -31907.835398  0.002805 -7.309663  0.069896
     spin moment: {S} , |S| = {        0.0        0.0    2.83567 }     2.83567
   scf:   18   -31907.812597   -31907.812945   -31907.835040  0.002291 -7.309844  0.079692
     spin moment: {S} , |S| = {        0.0        0.0    2.83745 }     2.83745
   scf:   19   -31907.813451   -31907.813197   -31907.835308  0.002978 -7.309979  0.086704
     spin moment: {S} , |S| = {        0.0        0.0    2.83642 }     2.83642
   scf:   20   -31907.809554   -31907.811215   -31907.833269  0.014567 -7.310000  0.082196
     spin moment: {S} , |S| = {        0.0        0.0    2.84614 }     2.84614
   scf:   21   -31907.807759   -31907.809335   -31907.831356  0.013389 -7.310126  0.083043
     spin moment: {S} , |S| = {        0.0        0.0    2.85525 }     2.85525
   scf:   22   -31907.802707   -31907.805293   -31907.827303  0.028791 -7.310269  0.076112
     spin moment: {S} , |S| = {        0.0        0.0    2.87353 }     2.87353
   scf:   23   -31907.808743   -31907.806893   -31907.828900  0.011725 -7.310042  0.082168
     spin moment: {S} , |S| = {        0.0        0.0    2.86664 }     2.86664
   scf:   24   -31907.805787   -31907.806321   -31907.828329  0.004191 -7.310182  0.081812
     spin moment: {S} , |S| = {        0.0        0.0    2.86911 }     2.86911
   scf:   25   -31907.804337   -31907.805242   -31907.827253  0.008489 -7.310672  0.078323
     spin moment: {S} , |S| = {        0.0        0.0    2.87309 }     2.87309
   scf:   26   -31907.800069   -31907.801879   -31907.823922  0.026965 -7.311713  0.063941
     spin moment: {S} , |S| = {        0.0        0.0    2.88613 }     2.88613
   scf:   27   -31907.802827   -31907.802342   -31907.824369  0.003238 -7.311446  0.065960
     spin moment: {S} , |S| = {        0.0        0.0    2.88386 }     2.88386
   scf:   28   -31907.796159   -31907.794611   -31907.817017  0.064606 -7.312488  0.065308
     spin moment: {S} , |S| = {        0.0        0.0    2.91422 }     2.91422
   scf:   29   -31907.802888   -31907.798104   -31907.820233  0.025389 -7.312568  0.058384
     spin moment: {S} , |S| = {        0.0        0.0    2.89692 }     2.89692
   scf:   30   -31907.803241   -31907.800403   -31907.822415  0.016363 -7.312406  0.062933
     spin moment: {S} , |S| = {        0.0        0.0    2.88364 }     2.88364
   scf:   31   -31907.805833   -31907.802736   -31907.824716  0.019685 -7.312044  0.053999
     spin moment: {S} , |S| = {        0.0        0.0    2.87282 }     2.87282
   scf:   32   -31907.810177   -31907.805867   -31907.827883  0.025104 -7.312109  0.054080
     spin moment: {S} , |S| = {        0.0        0.0    2.85561 }     2.85561
   scf:   33   -31907.807778   -31907.806767   -31907.828801  0.007289 -7.311923  0.054406
     spin moment: {S} , |S| = {        0.0        0.0    2.85138 }     2.85138
   scf:   34   -31907.805567   -31907.806139   -31907.828157  0.005256 -7.312129  0.054324
     spin moment: {S} , |S| = {        0.0        0.0    2.85445 }     2.85445
   scf:   35   -31907.805472   -31907.805793   -31907.827809  0.003998 -7.312241  0.054639
     spin moment: {S} , |S| = {        0.0        0.0    2.85526 }     2.85526
   scf:   36   -31907.802457   -31907.803762   -31907.825743  0.018309 -7.312643  0.050810
     spin moment: {S} , |S| = {        0.0        0.0    2.86274 }     2.86274
   scf:   37   -31907.804177   -31907.803635   -31907.825631  0.025948 -7.313423  0.051703
     spin moment: {S} , |S| = {        0.0        0.0    2.85194 }     2.85194
   scf:   38   -31907.801376   -31907.798774   -31907.820718  0.055934 -7.314576  0.054324
     spin moment: {S} , |S| = {        0.0        0.0    2.86771 }     2.86771
   scf:   39   -31907.799612   -31907.799097   -31907.821020  0.012844 -7.314762  0.038390
     spin moment: {S} , |S| = {        0.0        0.0    2.85915 }     2.85915
   scf:   40   -31907.797972   -31907.797683   -31907.819632  0.026524 -7.314801  0.051837
     spin moment: {S} , |S| = {        0.0        0.0    2.85964 }     2.85964
   scf:   41   -31907.794943   -31907.795930   -31907.818008  0.020511 -7.314458  0.053020
     spin moment: {S} , |S| = {        0.0        0.0    2.87419 }     2.87419
   scf:   42   -31907.798012   -31907.796620   -31907.818612  0.024758 -7.314844  0.069465
     spin moment: {S} , |S| = {        0.0        0.0    2.86219 }     2.86219
   scf:   43   -31907.796393   -31907.796358   -31907.818364  0.011713 -7.314757  0.069991
     spin moment: {S} , |S| = {        0.0        0.0    2.86254 }     2.86254
   scf:   44   -31907.798194   -31907.796974   -31907.819024  0.018437 -7.314250  0.055662
     spin moment: {S} , |S| = {        0.0        0.0    2.85268 }     2.85268
   scf:   45   -31907.796146   -31907.796392   -31907.818473  0.011916 -7.314303  0.032993
     spin moment: {S} , |S| = {        0.0        0.0    2.85773 }     2.85773
   scf:   46   -31907.797664   -31907.796947   -31907.819175  0.013866 -7.313703  0.054392
     spin moment: {S} , |S| = {        0.0        0.0    2.83470 }     2.83470
   scf:   47   -31907.798624   -31907.797218   -31907.819638  0.028949 -7.313491  0.027119
     spin moment: {S} , |S| = {        0.0        0.0    2.81708 }     2.81708
   scf:   48   -31907.798041   -31907.797574   -31907.820055  0.007294 -7.313506  0.028801
     spin moment: {S} , |S| = {        0.0        0.0    2.80624 }     2.80624
   scf:   49   -31907.800281   -31907.798123   -31907.821078  0.036679 -7.313218  0.038142
     spin moment: {S} , |S| = {        0.0        0.0    2.76889 }     2.76889
   scf:   50   -31907.799183   -31907.798365   -31907.821724  0.024878 -7.312828  0.020976
     spin moment: {S} , |S| = {        0.0        0.0    2.73903 }     2.73903
   scf:   51   -31907.799092   -31907.798528   -31907.822255  0.020673 -7.312491  0.034434
     spin moment: {S} , |S| = {        0.0        0.0    2.71068 }     2.71068
   scf:   52   -31907.798919   -31907.798613   -31907.822611  0.017080 -7.312097  0.041739
     spin moment: {S} , |S| = {        0.0        0.0    2.68968 }     2.68968
   scf:   53   -31907.798801   -31907.798676   -31907.822830  0.008894 -7.311882  0.034922
     spin moment: {S} , |S| = {        0.0        0.0    2.67423 }     2.67423
   scf:   54   -31907.798984   -31907.798752   -31907.823139  0.014220 -7.311545  0.028033
     spin moment: {S} , |S| = {        0.0        0.0    2.64930 }     2.64930
   scf:   55   -31907.798905   -31907.798783   -31907.823315  0.008806 -7.311392  0.032685
     spin moment: {S} , |S| = {        0.0        0.0    2.63065 }     2.63065
   scf:   56   -31907.798931   -31907.798832   -31907.823482  0.008985 -7.311286  0.024968
     spin moment: {S} , |S| = {        0.0        0.0    2.61611 }     2.61611
   scf:   57   -31907.798880   -31907.798855   -31907.823526  0.002148 -7.311311  0.021699
     spin moment: {S} , |S| = {        0.0        0.0    2.61313 }     2.61313
   scf:   58   -31907.799128   -31907.798933   -31907.823767  0.013978 -7.311137  0.028860
     spin moment: {S} , |S| = {        0.0        0.0    2.59246 }     2.59246
   scf:   59   -31907.799044   -31907.798969   -31907.823866  0.006293 -7.311185  0.014713
     spin moment: {S} , |S| = {        0.0        0.0    2.57735 }     2.57735
   scf:   60   -31907.799021   -31907.798993   -31907.823884  0.001893 -7.311200  0.015823
     spin moment: {S} , |S| = {        0.0        0.0    2.57831 }     2.57831
   scf:   61   -31907.799078   -31907.799027   -31907.823975  0.005615 -7.311118  0.019459
     spin moment: {S} , |S| = {        0.0        0.0    2.56974 }     2.56974
   scf:   62   -31907.799031   -31907.799024   -31907.823974  0.001634 -7.311155  0.016072
     spin moment: {S} , |S| = {        0.0        0.0    2.56527 }     2.56527
   scf:   63   -31907.799015   -31907.799018   -31907.823951  0.001070 -7.311215  0.013219
     spin moment: {S} , |S| = {        0.0        0.0    2.56473 }     2.56473
   scf:   64   -31907.799018   -31907.799012   -31907.823927  0.001701 -7.311271  0.012987
     spin moment: {S} , |S| = {        0.0        0.0    2.56187 }     2.56187
   scf:   65   -31907.799047   -31907.799024   -31907.823966  0.002999 -7.311258  0.012929
     spin moment: {S} , |S| = {        0.0        0.0    2.55403 }     2.55403
   scf:   66   -31907.799032   -31907.799023   -31907.823973  0.001992 -7.311278  0.014258
     spin moment: {S} , |S| = {        0.0        0.0    2.54877 }     2.54877
   scf:   67   -31907.799032   -31907.799026   -31907.823981  0.001176 -7.311293  0.012909
     spin moment: {S} , |S| = {        0.0        0.0    2.54509 }     2.54509
   scf:   68   -31907.799046   -31907.799034   -31907.824000  0.001181 -7.311299  0.013546
     spin moment: {S} , |S| = {        0.0        0.0    2.54108 }     2.54108
   scf:   69   -31907.799071   -31907.799049   -31907.824030  0.001672 -7.311295  0.014247
     spin moment: {S} , |S| = {        0.0        0.0    2.53564 }     2.53564
   scf:   70   -31907.799073   -31907.799059   -31907.824040  0.001640 -7.311315  0.013897
     spin moment: {S} , |S| = {        0.0        0.0    2.53204 }     2.53204
   scf:   71   -31907.799070   -31907.799064   -31907.824041  0.000877 -7.311330  0.013522
     spin moment: {S} , |S| = {        0.0        0.0    2.53059 }     2.53059
   scf:   72   -31907.799072   -31907.799068   -31907.824038  0.000559 -7.311344  0.013237
     spin moment: {S} , |S| = {        0.0        0.0    2.53024 }     2.53024
   scf:   73   -31907.799063   -31907.799065   -31907.824018  0.001177 -7.311372  0.012055
     spin moment: {S} , |S| = {        0.0        0.0    2.53192 }     2.53192
   scf:   74   -31907.799085   -31907.799074   -31907.824021  0.001407 -7.311393  0.012040
     spin moment: {S} , |S| = {        0.0        0.0    2.52920 }     2.52920
   scf:   75   -31907.799078   -31907.799075   -31907.824017  0.000493 -7.311397  0.011479
     spin moment: {S} , |S| = {        0.0        0.0    2.53052 }     2.53052

SCF Convergence by DM criterion
max |DM_out - DM_in|         :     0.0004925971
max |H_out - H_in|      (eV) :     0.0114793365
SCF cycle converged after 75 iterations

Using DM_out to compute the final energy and forces
No. of atoms with KB's overlaping orbs in proc 0. Max # of overlaps:     189     922

siesta: E_KS(eV) =           -31907.7991

siesta: Atomic forces (eV/Ang):
     1   -0.000000   -0.082804   -0.000000
     2    0.000000   -0.298394    0.000000
     3   -0.000000    0.046472   -0.000000
     4    0.000000   -0.289076   -0.000000
     5   -0.000000    0.264075    0.000000
     6   -0.000000    0.181115   -0.000000
     7    0.000000   -0.000935   -0.000000
     8   -0.000000    0.268513   -0.000000
     9    0.000000    0.031604    0.000000
    10   -0.000000   -0.123847   -0.000000
----------------------------------------
   Tot   -0.000000   -0.003277   -0.000000
----------------------------------------
   Max    0.298394
   Res    0.111444    sqrt( Sum f_i^2 / 3N )
----------------------------------------
   Max    0.298394    constrained

Stress tensor Voigt[x,y,z,yz,xz,xy] (kbar):      -17.78      -18.94       17.42        0.00        0.00       -0.00
(Free)E + p*V (eV/cell)   -31907.3873
Target enthalpy (eV/cell)   -31907.8240

siesta: Stress tensor (static) (eV/Ang**3):
        -0.011099    0.000000    0.000000
        -0.000000   -0.011820   -0.000000
         0.000000    0.000000    0.010871

siesta: Pressure (static):          6.43456547  kBar

siesta: Stress tensor (total) (eV/Ang**3):
        -0.011099    0.000000    0.000000
        -0.000000   -0.011820   -0.000000
         0.000000    0.000000    0.010871

siesta: Pressure (total):          6.43456547  kBar

                     ====================================
                        Begin CG opt. move =      2
                     ====================================
k-point displ. along   1 input, could be:     0.00    0.50
k-point displ. along   2 input, could be:     0.00    0.50
k-point displ. along   3 input, could be:     0.00    0.50
 Kpoints in:           32 . Kpoints trimmed:           31

siesta: k-grid: Number of k-points = 31
siesta: k-points from Monkhorst-Pack grid
siesta: k-cutoff (effective) =     6.985 Ang
siesta: k-point supercell and displacements
siesta: k-grid:     6     0     0      0.000
siesta: k-grid:     0     2     0      0.000
siesta: k-grid:     0     0     4      0.000

superc: Internal auxiliary supercell:    13 x     3 x     9  =     351
superc: Number of atoms, orbitals, and projectors:   3510  86697  63180

outcell: Unit cell vectors (Ang):
        2.500904   -0.000000   -0.000000
       -0.000000   12.399941    0.000000
       -0.000000    0.000000    3.492655

outcell: Cell vector modules (Ang)   :    2.500904   12.399941    3.492655
outcell: Cell angles (23,13,12) (deg):     90.0000     90.0000     90.0000
outcell: Cell volume (Ang**3)        :    108.3109
<dSpData1D:S at geom step 2
  <sparsity:sparsity for geom step 2
    nrows_g=247 nrows=17 sparsity=1.4539 nnzs=88703, refcount: 7>
  <dData1D:(new from dSpData1D) n=88703, refcount: 1>
refcount: 1>
new_DM -- step:     3
Re-using DM from previous geometries...
Number of DMs in history: 1
 DM extrapolation coefficients: 
1   1.00000
New DM after history re-use:
<dSpData2D:SpM extrapolated using coords
  <sparsity:sparsity for geom step 2
    nrows_g=247 nrows=17 sparsity=1.4539 nnzs=88703, refcount: 9>
  <dData2D:(temp array for extrapolation) n=88703 m=2, refcount: 1>
refcount: 1>
No. of atoms with KB's overlaping orbs in proc 0. Max # of overlaps:     189     922

InitMesh: MESH = 30 x 144 x 40 = 172800
InitMesh: Mesh cutoff (required, used) =   300.000   362.502 Ry
New grid distribution [1]: sub = 2
New grid distribution [2]: sub = 2
New grid distribution [3]: sub = 2
Setting up quadratic distribution...

        iscf     Eharris(eV)        E_KS(eV)     FreeEng(eV)     dDmax    Ef(eV) dHmax(eV)
   scf:    1   -31896.466827   -31904.833759   -31904.858976  0.416213 -7.333780  6.452929
     spin moment: {S} , |S| = {        0.0        0.0    2.56886 }     2.56886
   scf:    2   -28413.419802   -30763.436844   -30763.455298  5.497957 -6.127689175.825456
     spin moment: {S} , |S| = {        0.0        0.0   -1.23101 }    -1.23101
   scf:    3   -31947.694942   -31902.268604   -31902.291337  5.339805 -7.281493 16.209756
     spin moment: {S} , |S| = {        0.0        0.0    2.55713 }     2.55713
   scf:    4   -31908.540695   -31907.372315   -31907.400133  0.248958 -7.301947  2.749059
     spin moment: {S} , |S| = {        0.0        0.0    2.65258 }     2.65258
   scf:    5   -31907.806884   -31907.661391   -31907.689233  0.061081 -7.306063  0.956445
     spin moment: {S} , |S| = {        0.0        0.0    2.65947 }     2.65947
   scf:    6   -31907.697846   -31907.701649   -31907.729468  0.025646 -7.305654  0.432543
     spin moment: {S} , |S| = {        0.0        0.0    2.66106 }     2.66106
   scf:    7   -31907.579004   -31907.665551   -31907.693500  0.037914 -7.302337  1.114690
     spin moment: {S} , |S| = {        0.0        0.0    2.66127 }     2.66127
   scf:    8   -31907.711289   -31907.691344   -31907.719231  0.005763 -7.302246  0.648501
     spin moment: {S} , |S| = {        0.0        0.0    2.66585 }     2.66585
   scf:    9   -31907.722125   -31907.710352   -31907.738261  0.009828 -7.301595  0.391940
     spin moment: {S} , |S| = {        0.0        0.0    2.67258 }     2.67258
   scf:   10   -31907.717751   -31907.716034   -31907.743952  0.007677 -7.302142  0.111563
     spin moment: {S} , |S| = {        0.0        0.0    2.67964 }     2.67964
   scf:   11   -31907.718888   -31907.717588   -31907.745518  0.010970 -7.304836  0.050840
     spin moment: {S} , |S| = {        0.0        0.0    2.69146 }     2.69146
   scf:   12   -31907.718998   -31907.718346   -31907.746264  0.007856 -7.306686  0.034927
     spin moment: {S} , |S| = {        0.0        0.0    2.70235 }     2.70235
   scf:   13   -31907.718512   -31907.718444   -31907.746356  0.001268 -7.306163  0.040799
     spin moment: {S} , |S| = {        0.0        0.0    2.70361 }     2.70361
   scf:   14   -31907.719008   -31907.718727   -31907.746627  0.003315 -7.306433  0.036237
     spin moment: {S} , |S| = {        0.0        0.0    2.70826 }     2.70826
   scf:   15   -31907.720492   -31907.719557   -31907.747403  0.010232 -7.305953  0.032772
     spin moment: {S} , |S| = {        0.0        0.0    2.72172 }     2.72172
   scf:   16   -31907.720938   -31907.720210   -31907.747997  0.008364 -7.305626  0.035921
     spin moment: {S} , |S| = {        0.0        0.0    2.73247 }     2.73247
   scf:   17   -31907.720715   -31907.720457   -31907.748222  0.002937 -7.305441  0.029628
     spin moment: {S} , |S| = {        0.0        0.0    2.73607 }     2.73607
   scf:   18   -31907.721309   -31907.720866   -31907.748592  0.004912 -7.305441  0.031829
     spin moment: {S} , |S| = {        0.0        0.0    2.74159 }     2.74159
   scf:   19   -31907.723903   -31907.722199   -31907.749778  0.015249 -7.305172  0.032448
     spin moment: {S} , |S| = {        0.0        0.0    2.75796 }     2.75796
   scf:   20   -31907.724776   -31907.723353   -31907.750771  0.012564 -7.304844  0.034901
     spin moment: {S} , |S| = {        0.0        0.0    2.77099 }     2.77099
   scf:   21   -31907.723673   -31907.723512   -31907.750910  0.001616 -7.304719  0.027354
     spin moment: {S} , |S| = {        0.0        0.0    2.77185 }     2.77185
   scf:   22   -31907.724250   -31907.723868   -31907.751216  0.003868 -7.304658  0.028491
     spin moment: {S} , |S| = {        0.0        0.0    2.77492 }     2.77492
   scf:   23   -31907.724197   -31907.724030   -31907.751343  0.002073 -7.304592  0.030914
     spin moment: {S} , |S| = {        0.0        0.0    2.77776 }     2.77776
   scf:   24   -31907.724112   -31907.724072   -31907.751373  0.000700 -7.304588  0.025941
     spin moment: {S} , |S| = {        0.0        0.0    2.77863 }     2.77863
   scf:   25   -31907.724443   -31907.724254   -31907.751535  0.002348 -7.304547  0.031079
     spin moment: {S} , |S| = {        0.0        0.0    2.77935 }     2.77935
   scf:   26   -31907.722382   -31907.723201   -31907.750619  0.012323 -7.304859  0.027839
     spin moment: {S} , |S| = {        0.0        0.0    2.77194 }     2.77194
   scf:   27   -31907.724135   -31907.723648   -31907.750993  0.005097 -7.304709  0.028464
     spin moment: {S} , |S| = {        0.0        0.0    2.77742 }     2.77742
   scf:   28   -31907.723019   -31907.723322   -31907.750707  0.003946 -7.304775  0.025997
     spin moment: {S} , |S| = {        0.0        0.0    2.77529 }     2.77529
   scf:   29   -31907.722376   -31907.722818   -31907.750254  0.006381 -7.304873  0.026462
     spin moment: {S} , |S| = {        0.0        0.0    2.77281 }     2.77281
   scf:   30   -31907.721568   -31907.722139   -31907.749650  0.008114 -7.304977  0.026855
     spin moment: {S} , |S| = {        0.0        0.0    2.76734 }     2.76734
   scf:   31   -31907.721846   -31907.721990   -31907.749525  0.001903 -7.305003  0.026776
     spin moment: {S} , |S| = {        0.0        0.0    2.76494 }     2.76494
   scf:   32   -31907.722115   -31907.722052   -31907.749592  0.000907 -7.304986  0.026575
     spin moment: {S} , |S| = {        0.0        0.0    2.76436 }     2.76436
   scf:   33   -31907.721721   -31907.721883   -31907.749445  0.001947 -7.304978  0.027069
     spin moment: {S} , |S| = {        0.0        0.0    2.76254 }     2.76254
   scf:   34   -31907.721756   -31907.721819   -31907.749387  0.000747 -7.305009  0.026911
     spin moment: {S} , |S| = {        0.0        0.0    2.76191 }     2.76191
   scf:   35   -31907.720464   -31907.721062   -31907.748684  0.009877 -7.305114  0.029488
     spin moment: {S} , |S| = {        0.0        0.0    2.75698 }     2.75698
   scf:   36   -31907.724080   -31907.722365   -31907.749859  0.014844 -7.304855  0.033073
     spin moment: {S} , |S| = {        0.0        0.0    2.76941 }     2.76941
   scf:   37   -31907.721039   -31907.721635   -31907.749204  0.008837 -7.304975  0.028775
     spin moment: {S} , |S| = {        0.0        0.0    2.76343 }     2.76343
   scf:   38   -31907.719820   -31907.720485   -31907.748110  0.017677 -7.305048  0.028839
     spin moment: {S} , |S| = {        0.0        0.0    2.75912 }     2.75912
   scf:   39   -31907.719926   -31907.720180   -31907.747814  0.005745 -7.305015  0.028482
     spin moment: {S} , |S| = {        0.0        0.0    2.75871 }     2.75871
   scf:   40   -31907.719896   -31907.719926   -31907.747541  0.011233 -7.304784  0.033252
     spin moment: {S} , |S| = {        0.0        0.0    2.76589 }     2.76589
   scf:   41   -31907.719070   -31907.719423   -31907.747088  0.008957 -7.304697  0.027046
     spin moment: {S} , |S| = {        0.0        0.0    2.76128 }     2.76128
   scf:   42   -31907.720687   -31907.719932   -31907.747593  0.014412 -7.304195  0.031289
     spin moment: {S} , |S| = {        0.0        0.0    2.77464 }     2.77464
   scf:   43   -31907.720060   -31907.719975   -31907.747685  0.005098 -7.304005  0.027623
     spin moment: {S} , |S| = {        0.0        0.0    2.77480 }     2.77480
   scf:   44   -31907.721256   -31907.720539   -31907.748290  0.010864 -7.303774  0.030068
     spin moment: {S} , |S| = {        0.0        0.0    2.77794 }     2.77794
   scf:   45   -31907.721094   -31907.720474   -31907.748512  0.022711 -7.303308  0.035824
     spin moment: {S} , |S| = {        0.0        0.0    2.76450 }     2.76450
   scf:   46   -31907.722517   -31907.721314   -31907.749321  0.016977 -7.303040  0.025111
     spin moment: {S} , |S| = {        0.0        0.0    2.76936 }     2.76936
   scf:   47   -31907.722960   -31907.721889   -31907.749912  0.015273 -7.302885  0.029451
     spin moment: {S} , |S| = {        0.0        0.0    2.76491 }     2.76491
   scf:   48   -31907.723965   -31907.722699   -31907.750569  0.017296 -7.302809  0.045156
     spin moment: {S} , |S| = {        0.0        0.0    2.76523 }     2.76523
   scf:   49   -31907.721663   -31907.721769   -31907.749699  0.018844 -7.302793  0.020295
     spin moment: {S} , |S| = {        0.0        0.0    2.77319 }     2.77319
   scf:   50   -31907.721107   -31907.721349   -31907.749354  0.009373 -7.302956  0.019562
     spin moment: {S} , |S| = {        0.0        0.0    2.76952 }     2.76952
   scf:   51   -31907.724499   -31907.722437   -31907.750367  0.022916 -7.302662  0.028084
     spin moment: {S} , |S| = {        0.0        0.0    2.76319 }     2.76319
   scf:   52   -31907.721972   -31907.722174   -31907.750128  0.005616 -7.302777  0.019901
     spin moment: {S} , |S| = {        0.0        0.0    2.76587 }     2.76587
   scf:   53   -31907.722057   -31907.722114   -31907.750074  0.001259 -7.302809  0.015572
     spin moment: {S} , |S| = {        0.0        0.0    2.76606 }     2.76606
   scf:   54   -31907.722994   -31907.722385   -31907.750339  0.014846 -7.302995  0.017252
     spin moment: {S} , |S| = {        0.0        0.0    2.76143 }     2.76143
   scf:   55   -31907.725820   -31907.723516   -31907.751313  0.027511 -7.303074  0.036767
     spin moment: {S} , |S| = {        0.0        0.0    2.74794 }     2.74794
   scf:   56   -31907.722839   -31907.723124   -31907.751015  0.007622 -7.303026  0.028233
     spin moment: {S} , |S| = {        0.0        0.0    2.75088 }     2.75088
   scf:   57   -31907.723581   -31907.723323   -31907.751248  0.005648 -7.302928  0.053629
     spin moment: {S} , |S| = {        0.0        0.0    2.73854 }     2.73854
   scf:   58   -31907.724666   -31907.723867   -31907.751591  0.013575 -7.303010  0.059080
     spin moment: {S} , |S| = {        0.0        0.0    2.74430 }     2.74430
   scf:   59   -31907.724059   -31907.723958   -31907.751654  0.002444 -7.302971  0.068859
     spin moment: {S} , |S| = {        0.0        0.0    2.74242 }     2.74242
   scf:   60   -31907.723195   -31907.723504   -31907.751347  0.009002 -7.303132  0.037192
     spin moment: {S} , |S| = {        0.0        0.0    2.74436 }     2.74436
   scf:   61   -31907.723533   -31907.723518   -31907.751363  0.000769 -7.303111  0.042560
     spin moment: {S} , |S| = {        0.0        0.0    2.74331 }     2.74331
   scf:   62   -31907.723842   -31907.723664   -31907.751399  0.006028 -7.303139  0.018071
     spin moment: {S} , |S| = {        0.0        0.0    2.75280 }     2.75280
   scf:   63   -31907.723408   -31907.723529   -31907.751319  0.003117 -7.303072  0.019433
     spin moment: {S} , |S| = {        0.0        0.0    2.75005 }     2.75005
   scf:   64   -31907.723924   -31907.723712   -31907.751465  0.004893 -7.303049  0.022431
     spin moment: {S} , |S| = {        0.0        0.0    2.74831 }     2.74831
   scf:   65   -31907.723839   -31907.723774   -31907.751511  0.001865 -7.303052  0.021622
     spin moment: {S} , |S| = {        0.0        0.0    2.74812 }     2.74812
   scf:   66   -31907.723821   -31907.723797   -31907.751526  0.000423 -7.303059  0.021543
     spin moment: {S} , |S| = {        0.0        0.0    2.74839 }     2.74839

SCF Convergence by DM criterion
max |DM_out - DM_in|         :     0.0004226337
max |H_out - H_in|      (eV) :     0.0215429820
SCF cycle converged after 66 iterations

Using DM_out to compute the final energy and forces
No. of atoms with KB's overlaping orbs in proc 0. Max # of overlaps:     189     922

siesta: E_KS(eV) =           -31907.7238

siesta: Atomic forces (eV/Ang):
     1   -0.000000    0.068196   -0.000000
     2   -0.000000   -1.096650    0.000000
     3    0.000000   -0.408769    0.000000
     4   -0.000000    1.403618    0.000000
     5    0.000000   -0.487406    0.000000
     6   -0.000000    0.285969   -0.000000
     7   -0.000000    0.433071    0.000000
     8    0.000000   -0.033745    0.000000
     9    0.000000    0.204746   -0.000000
    10    0.000000   -0.362039    0.000000
----------------------------------------
   Tot   -0.000000    0.006992    0.000000
----------------------------------------
   Max    1.403618
   Res    0.366313    sqrt( Sum f_i^2 / 3N )
----------------------------------------
   Max    1.403618    constrained

Stress tensor Voigt[x,y,z,yz,xz,xy] (kbar):        1.88      -68.72       -2.31       -0.00       -0.00        0.00
(Free)E + p*V (eV/cell)   -31906.1932
Target enthalpy (eV/cell)   -31907.7515

siesta: Stress tensor (static) (eV/Ang**3):
         0.001176    0.000000    0.000000
         0.000000   -0.042894   -0.000000
        -0.000000   -0.000000   -0.001445

siesta: Pressure (static):         23.05109082  kBar

siesta: Stress tensor (total) (eV/Ang**3):
         0.001176    0.000000    0.000000
         0.000000   -0.042894   -0.000000
        -0.000000   -0.000000   -0.001445

siesta: Pressure (total):         23.05109082  kBar

                     ====================================
                        Begin CG opt. move =      3
                     ====================================
k-point displ. along   1 input, could be:     0.00    0.50
k-point displ. along   2 input, could be:     0.00    0.50
k-point displ. along   3 input, could be:     0.00    0.50
 Kpoints in:           32 . Kpoints trimmed:           31

siesta: k-grid: Number of k-points = 31
siesta: k-points from Monkhorst-Pack grid
siesta: k-cutoff (effective) =     7.009 Ang
siesta: k-point supercell and displacements
siesta: k-grid:     6     0     0      0.000
siesta: k-grid:     0     2     0      0.000
siesta: k-grid:     0     0     4      0.000

superc: Internal auxiliary supercell:    13 x     3 x     9  =     351
superc: Number of atoms, orbitals, and projectors:   3510  86697  63180

outcell: Unit cell vectors (Ang):
        2.495667   -0.000000   -0.000000
       -0.000000   12.419827    0.000000
       -0.000000    0.000000    3.504702

outcell: Cell vector modules (Ang)   :    2.495667   12.419827    3.504702
outcell: Cell angles (23,13,12) (deg):     90.0000     90.0000     90.0000
outcell: Cell volume (Ang**3)        :    108.6309
<dSpData1D:S at geom step 3
  <sparsity:sparsity for geom step 3
    nrows_g=247 nrows=17 sparsity=1.4480 nnzs=88343, refcount: 7>
  <dData1D:(new from dSpData1D) n=88343, refcount: 1>
refcount: 1>
new_DM -- step:     4
Re-using DM from previous geometries...
Number of DMs in history: 1
 DM extrapolation coefficients: 
1   1.00000
New DM after history re-use:
<dSpData2D:SpM extrapolated using coords
  <sparsity:sparsity for geom step 3
    nrows_g=247 nrows=17 sparsity=1.4480 nnzs=88343, refcount: 9>
  <dData2D:(temp array for extrapolation) n=88343 m=2, refcount: 1>
refcount: 1>
No. of atoms with KB's overlaping orbs in proc 0. Max # of overlaps:     189     922

InitMesh: MESH = 30 x 144 x 40 = 172800
InitMesh: Mesh cutoff (required, used) =   300.000   360.014 Ry
New grid distribution [1]: sub = 2
New grid distribution [2]: sub = 2
New grid distribution [3]: sub = 2
Setting up quadratic distribution...

        iscf     Eharris(eV)        E_KS(eV)     FreeEng(eV)     dDmax    Ef(eV) dHmax(eV)
   scf:    1   -31900.359026   -31904.787708   -31904.811929  0.371400 -7.285246  8.166824
     spin moment: {S} , |S| = {        0.0        0.0    2.65673 }     2.65673
   scf:    2   -23827.794680   -29246.336881   -29246.359295  3.713667 -7.677406277.185536
     spin moment: {S} , |S| = {        0.0        0.0    2.30871 }     2.30871
   scf:    3   -32005.631178   -31905.330636   -31905.354111  3.664731 -7.302394  7.717517
     spin moment: {S} , |S| = {        0.0        0.0    2.59054 }     2.59054
   scf:    4   -31907.333744   -31907.442341   -31907.468183  0.184412 -7.298678  3.739326
     spin moment: {S} , |S| = {        0.0        0.0    2.58877 }     2.58877
   scf:    5   -31907.839133   -31907.719439   -31907.744440  0.034737 -7.301141  1.658604
     spin moment: {S} , |S| = {        0.0        0.0    2.62037 }     2.62037
   scf:    6   -31907.732407   -31907.785487   -31907.810450  0.036708 -7.304874  0.747377
     spin moment: {S} , |S| = {        0.0        0.0    2.62958 }     2.62958
   scf:    7   -31907.606230   -31907.745033   -31907.770128  0.040897 -7.303405  1.631589
     spin moment: {S} , |S| = {        0.0        0.0    2.61860 }     2.61860
   scf:    8   -31907.441820   -31907.724338   -31907.749350  0.065511 -7.313757  1.998601
     spin moment: {S} , |S| = {        0.0        0.0    2.63000 }     2.63000
   scf:    9   -31907.828140   -31907.803204   -31907.828427  0.032048 -7.312280  0.372282
     spin moment: {S} , |S| = {        0.0        0.0    2.61927 }     2.61927
   scf:   10   -31907.807003   -31907.806004   -31907.831276  0.005599 -7.311282  0.084298
     spin moment: {S} , |S| = {        0.0        0.0    2.61433 }     2.61433
   scf:   11   -31907.806849   -31907.806551   -31907.831992  0.013158 -7.309111  0.027846
     spin moment: {S} , |S| = {        0.0        0.0    2.59946 }     2.59946
   scf:   12   -31907.806651   -31907.806606   -31907.832086  0.002766 -7.308830  0.018970
     spin moment: {S} , |S| = {        0.0        0.0    2.59537 }     2.59537
   scf:   13   -31907.806645   -31907.806626   -31907.832144  0.001386 -7.308875  0.018092
     spin moment: {S} , |S| = {        0.0        0.0    2.59191 }     2.59191
   scf:   14   -31907.806739   -31907.806674   -31907.832317  0.004041 -7.309045  0.016330
     spin moment: {S} , |S| = {        0.0        0.0    2.57996 }     2.57996
   scf:   15   -31907.806741   -31907.806701   -31907.832449  0.003646 -7.309120  0.016378
     spin moment: {S} , |S| = {        0.0        0.0    2.56933 }     2.56933
   scf:   16   -31907.806718   -31907.806709   -31907.832489  0.001132 -7.309192  0.015513
     spin moment: {S} , |S| = {        0.0        0.0    2.56604 }     2.56604
   scf:   17   -31907.806732   -31907.806720   -31907.832528  0.001082 -7.309218  0.013995
     spin moment: {S} , |S| = {        0.0        0.0    2.56299 }     2.56299
   scf:   18   -31907.806709   -31907.806714   -31907.832501  0.000751 -7.309200  0.014888
     spin moment: {S} , |S| = {        0.0        0.0    2.56524 }     2.56524
   scf:   19   -31907.806768   -31907.806736   -31907.832590  0.002506 -7.309162  0.015992
     spin moment: {S} , |S| = {        0.0        0.0    2.55824 }     2.55824
   scf:   20   -31907.806823   -31907.806771   -31907.832705  0.003347 -7.309166  0.014991
     spin moment: {S} , |S| = {        0.0        0.0    2.54940 }     2.54940
   scf:   21   -31907.806860   -31907.806807   -31907.832819  0.003344 -7.309111  0.015515
     spin moment: {S} , |S| = {        0.0        0.0    2.54064 }     2.54064
   scf:   22   -31907.806866   -31907.806833   -31907.832885  0.002064 -7.309028  0.015769
     spin moment: {S} , |S| = {        0.0        0.0    2.53616 }     2.53616
   scf:   23   -31907.806907   -31907.806866   -31907.832960  0.002391 -7.308953  0.015544
     spin moment: {S} , |S| = {        0.0        0.0    2.53120 }     2.53120
   scf:   24   -31907.806895   -31907.806880   -31907.832992  0.001007 -7.308922  0.016113
     spin moment: {S} , |S| = {        0.0        0.0    2.52914 }     2.52914
   scf:   25   -31907.806928   -31907.806902   -31907.833040  0.001514 -7.308868  0.015807
     spin moment: {S} , |S| = {        0.0        0.0    2.52616 }     2.52616
   scf:   26   -31907.806937   -31907.806919   -31907.833068  0.000960 -7.308829  0.015807
     spin moment: {S} , |S| = {        0.0        0.0    2.52483 }     2.52483
   scf:   27   -31907.807028   -31907.806967   -31907.833168  0.003093 -7.308739  0.015032
     spin moment: {S} , |S| = {        0.0        0.0    2.51851 }     2.51851
   scf:   28   -31907.806994   -31907.806980   -31907.833201  0.001035 -7.308732  0.017561
     spin moment: {S} , |S| = {        0.0        0.0    2.51596 }     2.51596
   scf:   29   -31907.806911   -31907.806941   -31907.833117  0.002559 -7.308787  0.017313
     spin moment: {S} , |S| = {        0.0        0.0    2.52154 }     2.52154
   scf:   30   -31907.806861   -31907.806894   -31907.833014  0.003213 -7.308863  0.016933
     spin moment: {S} , |S| = {        0.0        0.0    2.52834 }     2.52834
   scf:   31   -31907.806868   -31907.806880   -31907.832984  0.000961 -7.308885  0.016676
     spin moment: {S} , |S| = {        0.0        0.0    2.53038 }     2.53038
   scf:   32   -31907.806872   -31907.806876   -31907.832965  0.000601 -7.308882  0.016266
     spin moment: {S} , |S| = {        0.0        0.0    2.53210 }     2.53210
   scf:   33   -31907.806876   -31907.806876   -31907.832963  0.000093 -7.308884  0.016113
     spin moment: {S} , |S| = {        0.0        0.0    2.53235 }     2.53235

SCF Convergence by DM criterion
max |DM_out - DM_in|         :     0.0000934953
max |H_out - H_in|      (eV) :     0.0161128052
SCF cycle converged after 33 iterations

Using DM_out to compute the final energy and forces
No. of atoms with KB's overlaping orbs in proc 0. Max # of overlaps:     189     922

siesta: E_KS(eV) =           -31907.8069

siesta: Atomic forces (eV/Ang):
     1   -0.000000   -0.046089   -0.000000
     2    0.000000   -0.456403   -0.000000
     3    0.000000   -0.059518    0.000000
     4   -0.000000    0.126634    0.000000
     5   -0.000000    0.114638    0.000000
     6   -0.000000    0.206138    0.000000
     7   -0.000000    0.069832   -0.000000
     8   -0.000000    0.288393   -0.000000
     9    0.000000   -0.035109   -0.000000
    10    0.000000   -0.187847   -0.000000
----------------------------------------
   Tot   -0.000000    0.020667   -0.000000
----------------------------------------
   Max    0.456403
   Res    0.116934    sqrt( Sum f_i^2 / 3N )
----------------------------------------
   Max    0.456403    constrained

Stress tensor Voigt[x,y,z,yz,xz,xy] (kbar):       -3.78      -22.47       13.73        0.00        0.00        0.00
(Free)E + p*V (eV/cell)   -31907.5499
Target enthalpy (eV/cell)   -31907.8330

siesta: Stress tensor (static) (eV/Ang**3):
        -0.002362    0.000000    0.000000
         0.000000   -0.014025   -0.000000
         0.000000    0.000000    0.008569

siesta: Pressure (static):          4.17514652  kBar

siesta: Stress tensor (total) (eV/Ang**3):
        -0.002362    0.000000    0.000000
         0.000000   -0.014025   -0.000000
         0.000000    0.000000    0.008569

siesta: Pressure (total):          4.17514652  kBar

cgvc: Finished line minimization    1.  Mean atomic displacement =    0.0839

                     ====================================
                        Begin CG opt. move =      4
                     ====================================
k-point displ. along   1 input, could be:     0.00    0.50
k-point displ. along   2 input, could be:     0.00    0.50
k-point displ. along   3 input, could be:     0.00    0.50
 Kpoints in:           32 . Kpoints trimmed:           31

siesta: k-grid: Number of k-points = 31
siesta: k-points from Monkhorst-Pack grid
siesta: k-cutoff (effective) =     6.953 Ang
siesta: k-point supercell and displacements
siesta: k-grid:     6     0     0      0.000
siesta: k-grid:     0     2     0      0.000
siesta: k-grid:     0     0     4      0.000

superc: Internal auxiliary supercell:    13 x     3 x     9  =     351
superc: Number of atoms, orbitals, and projectors:   3510  86697  63180

outcell: Unit cell vectors (Ang):
        2.502222   -0.000000   -0.000000
       -0.000000   12.548135    0.000000
       -0.000000    0.000000    3.476674

outcell: Cell vector modules (Ang)   :    2.502222   12.548135    3.476674
outcell: Cell angles (23,13,12) (deg):     90.0000     90.0000     90.0000
outcell: Cell volume (Ang**3)        :    109.1614
<dSpData1D:S at geom step 4
  <sparsity:sparsity for geom step 4
    nrows_g=247 nrows=17 sparsity=1.4470 nnzs=88277, refcount: 7>
  <dData1D:(new from dSpData1D) n=88277, refcount: 1>
refcount: 1>
new_DM -- step:     5
Re-using DM from previous geometries...
Number of DMs in history: 1
 DM extrapolation coefficients: 
1   1.00000
New DM after history re-use:
<dSpData2D:SpM extrapolated using coords
  <sparsity:sparsity for geom step 4
    nrows_g=247 nrows=17 sparsity=1.4470 nnzs=88277, refcount: 9>
  <dData2D:(temp array for extrapolation) n=88277 m=2, refcount: 1>
refcount: 1>
No. of atoms with KB's overlaping orbs in proc 0. Max # of overlaps:     189     898

InitMesh: MESH = 30 x 144 x 40 = 172800
InitMesh: Mesh cutoff (required, used) =   300.000   363.973 Ry
New grid distribution [1]: sub = 2
New grid distribution [2]: sub = 2
New grid distribution [3]: sub = 2
Setting up quadratic distribution...

        iscf     Eharris(eV)        E_KS(eV)     FreeEng(eV)     dDmax    Ef(eV) dHmax(eV)
   scf:    1   -31822.747717   -31879.524288   -31879.550532  0.372800 -7.211976 28.812053
     spin moment: {S} , |S| = {        0.0        0.0    2.20699 }     2.20699
   scf:    2     9439.875430   -18400.076363   -18400.081555220.149059 -8.427741626.923101
     spin moment: {S} , |S| = {        0.0        0.0   -0.06420 }    -0.06420
   scf:    3   -34761.196032   -31659.526297   -31659.553793219.968605 -7.235519 85.961395
     spin moment: {S} , |S| = {        0.0        0.0    2.08302 }     2.08302
   scf:    4   -31968.564829   -31856.047090   -31856.075794  0.829775 -7.273487 39.701176
     spin moment: {S} , |S| = {        0.0        0.0    2.47780 }     2.47780
   scf:    5   -31898.396073   -31907.240025   -31907.266148  0.402325 -7.269544  4.005316
     spin moment: {S} , |S| = {        0.0        0.0    2.57452 }     2.57452
   scf:    6   -31905.360851   -31907.237774   -31907.260255  0.117681 -7.275451  4.491015
     spin moment: {S} , |S| = {        0.0        0.0    2.65749 }     2.65749
   scf:    7   -31907.831375   -31907.765354   -31907.790363  0.066154 -7.283285  1.435701
     spin moment: {S} , |S| = {        0.0        0.0    2.62258 }     2.62258
   scf:    8   -31907.756005   -31907.786143   -31907.811690  0.017358 -7.284618  1.070343
     spin moment: {S} , |S| = {        0.0        0.0    2.61778 }     2.61778
   scf:    9   -31907.792470   -31907.818973   -31907.843929  0.022489 -7.284531  0.278067
     spin moment: {S} , |S| = {        0.0        0.0    2.63202 }     2.63202
   scf:   10   -31907.822344   -31907.822892   -31907.847819  0.006145 -7.285098  0.253609
     spin moment: {S} , |S| = {        0.0        0.0    2.63408 }     2.63408
   scf:   11   -31907.824626   -31907.824757   -31907.849840  0.005767 -7.284203  0.082117
     spin moment: {S} , |S| = {        0.0        0.0    2.63472 }     2.63472
   scf:   12   -31907.824681   -31907.824890   -31907.849954  0.002637 -7.283645  0.080415
     spin moment: {S} , |S| = {        0.0        0.0    2.63547 }     2.63547
   scf:   13   -31907.827629   -31907.826390   -31907.851438  0.010489 -7.281482  0.049185
     spin moment: {S} , |S| = {        0.0        0.0    2.64851 }     2.64851
   scf:   14   -31907.827138   -31907.826764   -31907.851802  0.003131 -7.280952  0.051415
     spin moment: {S} , |S| = {        0.0        0.0    2.65339 }     2.65339
   scf:   15   -31907.827167   -31907.826963   -31907.851989  0.001893 -7.280919  0.053318
     spin moment: {S} , |S| = {        0.0        0.0    2.65628 }     2.65628
   scf:   16   -31907.828034   -31907.827478   -31907.852481  0.004684 -7.281005  0.045399
     spin moment: {S} , |S| = {        0.0        0.0    2.66353 }     2.66353
   scf:   17   -31907.829134   -31907.828249   -31907.853223  0.007229 -7.280798  0.041433
     spin moment: {S} , |S| = {        0.0        0.0    2.67475 }     2.67475
   scf:   18   -31907.829092   -31907.828653   -31907.853613  0.003785 -7.280782  0.038231
     spin moment: {S} , |S| = {        0.0        0.0    2.68051 }     2.68051
   scf:   19   -31907.829313   -31907.828973   -31907.853923  0.003058 -7.280760  0.036411
     spin moment: {S} , |S| = {        0.0        0.0    2.68491 }     2.68491
   scf:   20   -31907.829926   -31907.829426   -31907.854369  0.004310 -7.280566  0.036097
     spin moment: {S} , |S| = {        0.0        0.0    2.69066 }     2.69066
   scf:   21   -31907.829597   -31907.829511   -31907.854454  0.000802 -7.280526  0.035723
     spin moment: {S} , |S| = {        0.0        0.0    2.69155 }     2.69155
   scf:   22   -31907.829292   -31907.829400   -31907.854348  0.001024 -7.280541  0.036718
     spin moment: {S} , |S| = {        0.0        0.0    2.68973 }     2.68973
   scf:   23   -31907.829592   -31907.829495   -31907.854445  0.000897 -7.280507  0.035744
     spin moment: {S} , |S| = {        0.0        0.0    2.69071 }     2.69071
   scf:   24   -31907.829236   -31907.829364   -31907.854318  0.001263 -7.280589  0.033948
     spin moment: {S} , |S| = {        0.0        0.0    2.68901 }     2.68901
   scf:   25   -31907.829260   -31907.829312   -31907.854260  0.000531 -7.280623  0.036634
     spin moment: {S} , |S| = {        0.0        0.0    2.68870 }     2.68870
   scf:   26   -31907.829303   -31907.829308   -31907.854256  0.000062 -7.280638  0.036274
     spin moment: {S} , |S| = {        0.0        0.0    2.68872 }     2.68872

SCF Convergence by DM criterion
max |DM_out - DM_in|         :     0.0000619961
max |H_out - H_in|      (eV) :     0.0362739260
SCF cycle converged after 26 iterations

Using DM_out to compute the final energy and forces
No. of atoms with KB's overlaping orbs in proc 0. Max # of overlaps:     189     898

siesta: E_KS(eV) =           -31907.8293

siesta: Atomic forces (eV/Ang):
     1    0.000000    0.239499   -0.000000
     2   -0.000000    0.496246    0.000000
     3   -0.000000   -0.334607    0.000000
     4    0.000000   -0.383654    0.000001
     5   -0.000000   -0.008639   -0.000001
     6    0.000000   -0.004373    0.000000
     7   -0.000000   -0.045691    0.000000
     8    0.000000   -0.327400    0.000000
     9   -0.000000    0.373715   -0.000000
    10    0.000000   -0.018601    0.000001
----------------------------------------
   Tot    0.000000   -0.013506    0.000001
----------------------------------------
   Max    0.496246
   Res    0.164535    sqrt( Sum f_i^2 / 3N )
----------------------------------------
   Max    0.496246    constrained

Stress tensor Voigt[x,y,z,yz,xz,xy] (kbar):       -1.64        7.24       14.33        0.00        0.00       -0.00
(Free)E + p*V (eV/cell)   -31908.3070
Target enthalpy (eV/cell)   -31907.8543

siesta: Stress tensor (static) (eV/Ang**3):
        -0.001022   -0.000000    0.000000
        -0.000000    0.004520    0.000000
         0.000000    0.000000    0.008944

siesta: Pressure (static):         -6.64479626  kBar

siesta: Stress tensor (total) (eV/Ang**3):
        -0.001022   -0.000000    0.000000
        -0.000000    0.004520    0.000000
         0.000000    0.000000    0.008944

siesta: Pressure (total):         -6.64479626  kBar

                     ====================================
                        Begin CG opt. move =      5
                     ====================================
k-point displ. along   1 input, could be:     0.00    0.50
k-point displ. along   2 input, could be:     0.00    0.50
k-point displ. along   3 input, could be:     0.00    0.50
 Kpoints in:           32 . Kpoints trimmed:           31

siesta: k-grid: Number of k-points = 31
siesta: k-points from Monkhorst-Pack grid
siesta: k-cutoff (effective) =     6.974 Ang
siesta: k-point supercell and displacements
siesta: k-grid:     6     0     0      0.000
siesta: k-grid:     0     2     0      0.000
siesta: k-grid:     0     0     4      0.000

superc: Internal auxiliary supercell:    13 x     3 x     9  =     351
superc: Number of atoms, orbitals, and projectors:   3510  86697  63180

outcell: Unit cell vectors (Ang):
        2.499755   -0.000000   -0.000000
       -0.000000   12.499846    0.000000
       -0.000000    0.000000    3.487222

outcell: Cell vector modules (Ang)   :    2.499755   12.499846    3.487222
outcell: Cell angles (23,13,12) (deg):     90.0000     90.0000     90.0000
outcell: Cell volume (Ang**3)        :    108.9637
<dSpData1D:S at geom step 5
  <sparsity:sparsity for geom step 5
    nrows_g=247 nrows=17 sparsity=1.4482 nnzs=88353, refcount: 7>
  <dData1D:(new from dSpData1D) n=88353, refcount: 1>
refcount: 1>
new_DM -- step:     6
Re-using DM from previous geometries...
Number of DMs in history: 1
 DM extrapolation coefficients: 
1   1.00000
New DM after history re-use:
<dSpData2D:SpM extrapolated using coords
  <sparsity:sparsity for geom step 5
    nrows_g=247 nrows=17 sparsity=1.4482 nnzs=88353, refcount: 9>
  <dData2D:(temp array for extrapolation) n=88353 m=2, refcount: 1>
refcount: 1>
No. of atoms with KB's overlaping orbs in proc 0. Max # of overlaps:     189     922

InitMesh: MESH = 30 x 144 x 40 = 172800
InitMesh: Mesh cutoff (required, used) =   300.000   363.633 Ry
New grid distribution [1]: sub = 2
New grid distribution [2]: sub = 2
New grid distribution [3]: sub = 2
Setting up quadratic distribution...

        iscf     Eharris(eV)        E_KS(eV)     FreeEng(eV)     dDmax    Ef(eV) dHmax(eV)
   scf:    1   -31892.820029   -31902.875553   -31902.897159  0.218939 -7.299653 11.562210
     spin moment: {S} , |S| = {        0.0        0.0    2.72764 }     2.72764
   scf:    2     6951.749756   -19055.106681   -19055.114920 66.010484 -3.394775652.325271
     spin moment: {S} , |S| = {        0.0        0.0    0.65842 }     0.65842
   scf:    3   -32389.847029   -31904.340157   -31904.366617 65.921227 -7.280029 10.281011
     spin moment: {S} , |S| = {        0.0        0.0    2.58252 }     2.58252
   scf:    4   -31908.917239   -31907.283487   -31907.309851  0.103694 -7.288877  3.942593
     spin moment: {S} , |S| = {        0.0        0.0    2.64790 }     2.64790
   scf:    5   -31907.984560   -31907.729175   -31907.754815  0.035737 -7.290422  1.960698
     spin moment: {S} , |S| = {        0.0        0.0    2.66146 }     2.66146
   scf:    6   -31907.825079   -31907.806220   -31907.831671  0.017465 -7.289970  1.157697
     spin moment: {S} , |S| = {        0.0        0.0    2.66456 }     2.66456
   scf:    7   -31907.741777   -31907.819013   -31907.843857  0.022096 -7.289313  0.854311
     spin moment: {S} , |S| = {        0.0        0.0    2.67411 }     2.67411
   scf:    8   -31907.837226   -31907.840906   -31907.866072  0.012046 -7.287478  0.190099
     spin moment: {S} , |S| = {        0.0        0.0    2.66649 }     2.66649
   scf:    9   -31907.823640   -31907.836832   -31907.861815  0.012014 -7.286316  0.464731
     spin moment: {S} , |S| = {        0.0        0.0    2.67036 }     2.67036
   scf:   10   -31907.842360   -31907.842566   -31907.867712  0.006510 -7.286665  0.032562
     spin moment: {S} , |S| = {        0.0        0.0    2.66765 }     2.66765
   scf:   11   -31907.843213   -31907.842894   -31907.868058  0.003498 -7.287285  0.032143
     spin moment: {S} , |S| = {        0.0        0.0    2.66732 }     2.66732
   scf:   12   -31907.843395   -31907.843141   -31907.868330  0.002599 -7.287594  0.035033
     spin moment: {S} , |S| = {        0.0        0.0    2.66673 }     2.66673
   scf:   13   -31907.844003   -31907.843554   -31907.868789  0.004871 -7.288127  0.034221
     spin moment: {S} , |S| = {        0.0        0.0    2.66574 }     2.66574
   scf:   14   -31907.843582   -31907.843569   -31907.868803  0.000413 -7.287905  0.034240
     spin moment: {S} , |S| = {        0.0        0.0    2.66564 }     2.66564

SCF Convergence by DM criterion
max |DM_out - DM_in|         :     0.0004125487
max |H_out - H_in|      (eV) :     0.0342402559
SCF cycle converged after 14 iterations

Using DM_out to compute the final energy and forces
No. of atoms with KB's overlaping orbs in proc 0. Max # of overlaps:     189     922

siesta: E_KS(eV) =           -31907.8436

siesta: Atomic forces (eV/Ang):
     1    0.000000    0.137804    0.000000
     2   -0.000000    0.164320    0.000000
     3    0.000000   -0.269124    0.000000
     4    0.000000   -0.185314   -0.000000
     5   -0.000000    0.031627    0.000001
     6    0.000000    0.114710   -0.000000
     7   -0.000000   -0.014346   -0.000000
     8    0.000000   -0.093454   -0.000000
     9   -0.000000    0.209209   -0.000001
    10   -0.000000   -0.105852    0.000000
----------------------------------------
   Tot    0.000000   -0.010418   -0.000001
----------------------------------------
   Max    0.269124
   Res    0.087718    sqrt( Sum f_i^2 / 3N )
----------------------------------------
   Max    0.269124    constrained

Stress tensor Voigt[x,y,z,yz,xz,xy] (kbar):       -3.99       -3.73       13.05       -0.00        0.00       -0.00
(Free)E + p*V (eV/cell)   -31907.9897
Target enthalpy (eV/cell)   -31907.8688

siesta: Stress tensor (static) (eV/Ang**3):
        -0.002489    0.000000    0.000000
        -0.000000   -0.002325   -0.000000
         0.000000   -0.000000    0.008142

siesta: Pressure (static):         -1.77762664  kBar

siesta: Stress tensor (total) (eV/Ang**3):
        -0.002489    0.000000    0.000000
        -0.000000   -0.002325   -0.000000
         0.000000   -0.000000    0.008142

siesta: Pressure (total):         -1.77762664  kBar

cgvc: Finished line minimization    2.  Mean atomic displacement =    0.0524

                     ====================================
                        Begin CG opt. move =      6
                     ====================================
k-point displ. along   1 input, could be:     0.00    0.50
k-point displ. along   2 input, could be:     0.00    0.50
k-point displ. along   3 input, could be:     0.00    0.50
 Kpoints in:           32 . Kpoints trimmed:           31

siesta: k-grid: Number of k-points = 31
siesta: k-points from Monkhorst-Pack grid
siesta: k-cutoff (effective) =     6.920 Ang
siesta: k-point supercell and displacements
siesta: k-grid:     6     0     0      0.000
siesta: k-grid:     0     2     0      0.000
siesta: k-grid:     0     0     4      0.000

superc: Internal auxiliary supercell:    13 x     3 x     9  =     351
superc: Number of atoms, orbitals, and projectors:   3510  86697  63180

outcell: Unit cell vectors (Ang):
        2.505860   -0.000000   -0.000000
       -0.000000   12.567187    0.000000
       -0.000000    0.000000    3.459888

outcell: Cell vector modules (Ang)   :    2.505860   12.567187    3.459888
outcell: Cell angles (23,13,12) (deg):     90.0000     90.0000     90.0000
outcell: Cell volume (Ang**3)        :    108.9575
<dSpData1D:S at geom step 6
  <sparsity:sparsity for geom step 6
    nrows_g=247 nrows=17 sparsity=1.4462 nnzs=88229, refcount: 7>
  <dData1D:(new from dSpData1D) n=88229, refcount: 1>
refcount: 1>
new_DM -- step:     7
Re-using DM from previous geometries...
Number of DMs in history: 1
 DM extrapolation coefficients: 
1   1.00000
New DM after history re-use:
<dSpData2D:SpM extrapolated using coords
  <sparsity:sparsity for geom step 6
    nrows_g=247 nrows=17 sparsity=1.4462 nnzs=88229, refcount: 9>
  <dData2D:(temp array for extrapolation) n=88229 m=2, refcount: 1>
refcount: 1>
No. of atoms with KB's overlaping orbs in proc 0. Max # of overlaps:     189     898

InitMesh: MESH = 30 x 144 x 40 = 172800
InitMesh: Mesh cutoff (required, used) =   300.000   362.870 Ry
New grid distribution [1]: sub = 2
New grid distribution [2]: sub = 2
New grid distribution [3]: sub = 2
Setting up quadratic distribution...

        iscf     Eharris(eV)        E_KS(eV)     FreeEng(eV)     dDmax    Ef(eV) dHmax(eV)
   scf:    1   -31893.153763   -31903.158321   -31903.185336  0.239380 -7.243106 13.568338
     spin moment: {S} , |S| = {        0.0        0.0    2.51962 }     2.51962
   scf:    2   -12217.407736   -25405.784683   -25405.800526 48.533083 -5.027741451.893634
     spin moment: {S} , |S| = {        0.0        0.0   -0.39999 }    -0.39999
   scf:    3   -32259.161560   -31899.807739   -31899.829055 48.452019 -7.265090 15.753351
     spin moment: {S} , |S| = {        0.0        0.0    2.63203 }     2.63203
   scf:    4   -31907.110842   -31906.133237   -31906.156900  0.237239 -7.268814  7.895691
     spin moment: {S} , |S| = {        0.0        0.0    2.64686 }     2.64686
   scf:    5   -31908.254438   -31907.608141   -31907.632968  0.068816 -7.268239  3.199224
     spin moment: {S} , |S| = {        0.0        0.0    2.66111 }     2.66111
   scf:    6   -31907.844979   -31907.849511   -31907.875452  0.046447 -7.269303  0.525276
     spin moment: {S} , |S| = {        0.0        0.0    2.63199 }     2.63199
   scf:    7   -31907.857268   -31907.855601   -31907.881498  0.012539 -7.271646  0.277522
     spin moment: {S} , |S| = {        0.0        0.0    2.63491 }     2.63491
   scf:    8   -31907.807342   -31907.843378   -31907.869634  0.017652 -7.275229  0.835773
     spin moment: {S} , |S| = {        0.0        0.0    2.62344 }     2.62344
   scf:    9   -31907.862439   -31907.860419   -31907.886460  0.009392 -7.275540  0.108172
     spin moment: {S} , |S| = {        0.0        0.0    2.62822 }     2.62822
   scf:   10   -31907.861410   -31907.861060   -31907.887114  0.003755 -7.276062  0.071172
     spin moment: {S} , |S| = {        0.0        0.0    2.62797 }     2.62797
   scf:   11   -31907.862379   -31907.861760   -31907.887864  0.003839 -7.275681  0.076687
     spin moment: {S} , |S| = {        0.0        0.0    2.62673 }     2.62673
   scf:   12   -31907.864006   -31907.862864   -31907.889017  0.005992 -7.274802  0.049506
     spin moment: {S} , |S| = {        0.0        0.0    2.62495 }     2.62495
   scf:   13   -31907.865322   -31907.864041   -31907.890245  0.007261 -7.274204  0.048268
     spin moment: {S} , |S| = {        0.0        0.0    2.62328 }     2.62328
   scf:   14   -31907.864779   -31907.864403   -31907.890618  0.002303 -7.274097  0.048875
     spin moment: {S} , |S| = {        0.0        0.0    2.62281 }     2.62281
   scf:   15   -31907.864112   -31907.864256   -31907.890467  0.000923 -7.274147  0.048938
     spin moment: {S} , |S| = {        0.0        0.0    2.62301 }     2.62301
   scf:   16   -31907.864170   -31907.864213   -31907.890424  0.000362 -7.274171  0.048119
     spin moment: {S} , |S| = {        0.0        0.0    2.62302 }     2.62302

SCF Convergence by DM criterion
max |DM_out - DM_in|         :     0.0003615161
max |H_out - H_in|      (eV) :     0.0481192431
SCF cycle converged after 16 iterations

Using DM_out to compute the final energy and forces
No. of atoms with KB's overlaping orbs in proc 0. Max # of overlaps:     189     898

siesta: E_KS(eV) =           -31907.8642

siesta: Atomic forces (eV/Ang):
     1   -0.000000   -0.141603    0.000001
     2    0.000000    0.000628    0.000000
     3    0.000000    0.116201   -0.000001
     4   -0.000001    0.054491    0.000001
     5   -0.000000    0.072019   -0.000001
     6   -0.000001   -0.120050   -0.000001
     7    0.000001   -0.032345    0.000001
     8    0.000001   -0.073378    0.000002
     9    0.000001    0.028987   -0.000000
    10   -0.000001    0.098458   -0.000001
----------------------------------------
   Tot    0.000001    0.003407    0.000001
----------------------------------------
   Max    0.141603
   Res    0.049358    sqrt( Sum f_i^2 / 3N )
----------------------------------------
   Max    0.141603    constrained

Stress tensor Voigt[x,y,z,yz,xz,xy] (kbar):       -6.36       -4.41        6.61       -0.00       -0.00        0.00
(Free)E + p*V (eV/cell)   -31907.7962
Target enthalpy (eV/cell)   -31907.8904

siesta: Stress tensor (static) (eV/Ang**3):
        -0.003970    0.000000   -0.000000
         0.000000   -0.002752   -0.000000
        -0.000000   -0.000000    0.004129

siesta: Pressure (static):          1.38513825  kBar

siesta: Stress tensor (total) (eV/Ang**3):
        -0.003970    0.000000   -0.000000
         0.000000   -0.002752   -0.000000
        -0.000000   -0.000000    0.004129

siesta: Pressure (total):          1.38513825  kBar

                     ====================================
                        Begin CG opt. move =      7
                     ====================================
k-point displ. along   1 input, could be:     0.00    0.50
k-point displ. along   2 input, could be:     0.00    0.50
k-point displ. along   3 input, could be:     0.00    0.50
 Kpoints in:           32 . Kpoints trimmed:           31

siesta: k-grid: Number of k-points = 31
siesta: k-points from Monkhorst-Pack grid
siesta: k-cutoff (effective) =     6.929 Ang
siesta: k-point supercell and displacements
siesta: k-grid:     6     0     0      0.000
siesta: k-grid:     0     2     0      0.000
siesta: k-grid:     0     0     4      0.000

superc: Internal auxiliary supercell:    13 x     3 x     9  =     351
superc: Number of atoms, orbitals, and projectors:   3510  86697  63180

outcell: Unit cell vectors (Ang):
        2.504856   -0.000000   -0.000000
       -0.000000   12.556110    0.000000
       -0.000000    0.000000    3.464384

outcell: Cell vector modules (Ang)   :    2.504856   12.556110    3.464384
outcell: Cell angles (23,13,12) (deg):     90.0000     90.0000     90.0000
outcell: Cell volume (Ang**3)        :    108.9592
<dSpData1D:S at geom step 7
  <sparsity:sparsity for geom step 7
    nrows_g=247 nrows=17 sparsity=1.4462 nnzs=88229, refcount: 7>
  <dData1D:(new from dSpData1D) n=88229, refcount: 1>
refcount: 1>
new_DM -- step:     8
Re-using DM from previous geometries...
Number of DMs in history: 1
 DM extrapolation coefficients: 
1   1.00000
New DM after history re-use:
<dSpData2D:SpM extrapolated using coords
  <sparsity:sparsity for geom step 7
    nrows_g=247 nrows=17 sparsity=1.4462 nnzs=88229, refcount: 9>
  <dData2D:(temp array for extrapolation) n=88229 m=2, refcount: 1>
refcount: 1>
No. of atoms with KB's overlaping orbs in proc 0. Max # of overlaps:     189     898

InitMesh: MESH = 30 x 144 x 40 = 172800
InitMesh: Mesh cutoff (required, used) =   300.000   363.510 Ry
New grid distribution [1]: sub = 2
New grid distribution [2]: sub = 2
New grid distribution [3]: sub = 2
Setting up quadratic distribution...

        iscf     Eharris(eV)        E_KS(eV)     FreeEng(eV)     dDmax    Ef(eV) dHmax(eV)
   scf:    1   -31907.688387   -31907.775367   -31907.801476  0.039585 -7.279110  1.857068
     spin moment: {S} , |S| = {        0.0        0.0    2.62587 }     2.62587
   scf:    2   -29365.545600   -31062.864753   -31062.897601  1.745108 -7.025108184.435565
     spin moment: {S} , |S| = {        0.0        0.0    1.36016 }     1.36016
   scf:    3   -31911.775003   -31907.840483   -31907.866821  1.724720 -7.275765  0.807973
     spin moment: {S} , |S| = {        0.0        0.0    2.63241 }     2.63241
   scf:    4   -31907.864910   -31907.865388   -31907.891792  0.015321 -7.275700  0.458140
     spin moment: {S} , |S| = {        0.0        0.0    2.61891 }     2.61891
   scf:    5   -31907.866891   -31907.867328   -31907.893703  0.003822 -7.275317  0.286762
     spin moment: {S} , |S| = {        0.0        0.0    2.61981 }     2.61981
   scf:    6   -31907.869433   -31907.868477   -31907.894883  0.001727 -7.275078  0.221155
     spin moment: {S} , |S| = {        0.0        0.0    2.61987 }     2.61987
   scf:    7   -31907.870894   -31907.870315   -31907.896773  0.004952 -7.273867  0.085398
     spin moment: {S} , |S| = {        0.0        0.0    2.61749 }     2.61749
   scf:    8   -31907.871012   -31907.870683   -31907.897169  0.003271 -7.273404  0.068753
     spin moment: {S} , |S| = {        0.0        0.0    2.61687 }     2.61687
   scf:    9   -31907.872036   -31907.871350   -31907.897853  0.004532 -7.272839  0.060170
     spin moment: {S} , |S| = {        0.0        0.0    2.61622 }     2.61622
   scf:   10   -31907.872595   -31907.871955   -31907.898482  0.004414 -7.272438  0.055423
     spin moment: {S} , |S| = {        0.0        0.0    2.61515 }     2.61515
   scf:   11   -31907.872271   -31907.872112   -31907.898645  0.001121 -7.272361  0.056032
     spin moment: {S} , |S| = {        0.0        0.0    2.61487 }     2.61487
   scf:   12   -31907.871464   -31907.871782   -31907.898299  0.002418 -7.272510  0.053782
     spin moment: {S} , |S| = {        0.0        0.0    2.61555 }     2.61555
   scf:   13   -31907.868418   -31907.869902   -31907.896331  0.013895 -7.273605  0.050169
     spin moment: {S} , |S| = {        0.0        0.0    2.61912 }     2.61912
   scf:   14   -31907.865615   -31907.867375   -31907.893690  0.018285 -7.275032  0.048327
     spin moment: {S} , |S| = {        0.0        0.0    2.62353 }     2.62353
   scf:   15   -31907.863260   -31907.864911   -31907.891103  0.018623 -7.276607  0.048777
     spin moment: {S} , |S| = {        0.0        0.0    2.62732 }     2.62732
   scf:   16   -31907.863192   -31907.855449   -31907.880988  0.080179 -7.282851  0.087187
     spin moment: {S} , |S| = {        0.0        0.0    2.64214 }     2.64214
   scf:   17   -31907.858822   -31907.856868   -31907.882535  0.014046 -7.281863  0.078062
     spin moment: {S} , |S| = {        0.0        0.0    2.63959 }     2.63959
   scf:   18   -31907.857956   -31907.857377   -31907.883095  0.005250 -7.281512  0.075093
     spin moment: {S} , |S| = {        0.0        0.0    2.63834 }     2.63834
   scf:   19   -31907.856085   -31907.856671   -31907.882323  0.007488 -7.281973  0.075757
     spin moment: {S} , |S| = {        0.0        0.0    2.64002 }     2.64002
   scf:   20   -31907.855504   -31907.856031   -31907.881615  0.007163 -7.282507  0.081970
     spin moment: {S} , |S| = {        0.0        0.0    2.64180 }     2.64180
   scf:   21   -31907.853707   -31907.852225   -31907.877399  0.045563 -7.285683  0.123383
     spin moment: {S} , |S| = {        0.0        0.0    2.65185 }     2.65185
   scf:   22   -31907.862591   -31907.855581   -31907.881079  0.036130 -7.283223  0.064818
     spin moment: {S} , |S| = {        0.0        0.0    2.64552 }     2.64552
   scf:   23   -31907.852628   -31907.852218   -31907.877401  0.038016 -7.285753  0.125725
     spin moment: {S} , |S| = {        0.0        0.0    2.65149 }     2.65149
   scf:   24   -31907.873582   -31907.857939   -31907.883646  0.060673 -7.281394  0.046823
     spin moment: {S} , |S| = {        0.0        0.0    2.64067 }     2.64067
   scf:   25   -31907.858931   -31907.858414   -31907.884148  0.003848 -7.281104  0.043197
     spin moment: {S} , |S| = {        0.0        0.0    2.64063 }     2.64063
   scf:   26   -31907.856263   -31907.857156   -31907.882790  0.011054 -7.281957  0.050646
     spin moment: {S} , |S| = {        0.0        0.0    2.64245 }     2.64245
   scf:   27   -31907.861868   -31907.859076   -31907.884869  0.017804 -7.280637  0.047336
     spin moment: {S} , |S| = {        0.0        0.0    2.63894 }     2.63894
   scf:   28   -31907.855548   -31907.855882   -31907.881406  0.034290 -7.282823  0.047982
     spin moment: {S} , |S| = {        0.0        0.0    2.64531 }     2.64531
   scf:   29   -31907.857913   -31907.856776   -31907.882374  0.010071 -7.282272  0.047782
     spin moment: {S} , |S| = {        0.0        0.0    2.64387 }     2.64387
   scf:   30   -31907.854341   -31907.854153   -31907.879490  0.034990 -7.284270  0.043327
     spin moment: {S} , |S| = {        0.0        0.0    2.65092 }     2.65092
   scf:   31   -31907.859792   -31907.850537   -31907.875449  0.073878 -7.287595  0.086102
     spin moment: {S} , |S| = {        0.0        0.0    2.66423 }     2.66423
   scf:   32   -31907.856319   -31907.851971   -31907.877052  0.034156 -7.286312  0.062469
     spin moment: {S} , |S| = {        0.0        0.0    2.65946 }     2.65946
   scf:   33   -31907.856198   -31907.853509   -31907.878735  0.019589 -7.285299  0.032636
     spin moment: {S} , |S| = {        0.0        0.0    2.65883 }     2.65883
   scf:   34   -31907.853589   -31907.853493   -31907.878703  0.008561 -7.285412  0.040070
     spin moment: {S} , |S| = {        0.0        0.0    2.66094 }     2.66094
   scf:   35   -31907.852936   -31907.852426   -31907.877488  0.026719 -7.286396  0.031288
     spin moment: {S} , |S| = {        0.0        0.0    2.66573 }     2.66573
   scf:   36   -31907.854124   -31907.851286   -31907.876150  0.039877 -7.287861  0.044487
     spin moment: {S} , |S| = {        0.0        0.0    2.67203 }     2.67203
   scf:   37   -31907.852962   -31907.851720   -31907.876662  0.018638 -7.287207  0.021496
     spin moment: {S} , |S| = {        0.0        0.0    2.66891 }     2.66891
   scf:   38   -31907.852144   -31907.851571   -31907.876437  0.019125 -7.287714  0.028531
     spin moment: {S} , |S| = {        0.0        0.0    2.67294 }     2.67294
   scf:   39   -31907.853452   -31907.852261   -31907.877048  0.015951 -7.287667  0.021107
     spin moment: {S} , |S| = {        0.0        0.0    2.67846 }     2.67846
   scf:   40   -31907.852742   -31907.852480   -31907.877248  0.004584 -7.287676  0.024929
     spin moment: {S} , |S| = {        0.0        0.0    2.67965 }     2.67965
   scf:   41   -31907.852855   -31907.852563   -31907.877267  0.011057 -7.287975  0.014937
     spin moment: {S} , |S| = {        0.0        0.0    2.68255 }     2.68255
   scf:   42   -31907.853223   -31907.852762   -31907.877392  0.012602 -7.288216  0.018822
     spin moment: {S} , |S| = {        0.0        0.0    2.68593 }     2.68593
   scf:   43   -31907.853719   -31907.853102   -31907.877690  0.009649 -7.288048  0.022214
     spin moment: {S} , |S| = {        0.0        0.0    2.68783 }     2.68783
   scf:   44   -31907.854422   -31907.853499   -31907.877936  0.018403 -7.288426  0.012937
     spin moment: {S} , |S| = {        0.0        0.0    2.69378 }     2.69378
   scf:   45   -31907.854031   -31907.853732   -31907.878094  0.006160 -7.288499  0.009875
     spin moment: {S} , |S| = {        0.0        0.0    2.69631 }     2.69631
   scf:   46   -31907.854674   -31907.854114   -31907.878340  0.010988 -7.288693  0.017814
     spin moment: {S} , |S| = {        0.0        0.0    2.70104 }     2.70104
   scf:   47   -31907.854193   -31907.854150   -31907.878363  0.001755 -7.288789  0.014084
     spin moment: {S} , |S| = {        0.0        0.0    2.70188 }     2.70188
   scf:   48   -31907.854139   -31907.854145   -31907.878355  0.000550 -7.288828  0.010587
     spin moment: {S} , |S| = {        0.0        0.0    2.70238 }     2.70238
   scf:   49   -31907.854250   -31907.854195   -31907.878382  0.001352 -7.288855  0.011291
     spin moment: {S} , |S| = {        0.0        0.0    2.70345 }     2.70345
   scf:   50   -31907.854145   -31907.854161   -31907.878347  0.002586 -7.288854  0.011129
     spin moment: {S} , |S| = {        0.0        0.0    2.70409 }     2.70409
   scf:   51   -31907.854129   -31907.854137   -31907.878322  0.002236 -7.288842  0.009345
     spin moment: {S} , |S| = {        0.0        0.0    2.70481 }     2.70481
   scf:   52   -31907.854558   -31907.854330   -31907.878427  0.004285 -7.288936  0.009849
     spin moment: {S} , |S| = {        0.0        0.0    2.70866 }     2.70866
   scf:   53   -31907.854387   -31907.854284   -31907.878378  0.007088 -7.288854  0.007230
     spin moment: {S} , |S| = {        0.0        0.0    2.71049 }     2.71049
   scf:   54   -31907.854865   -31907.854507   -31907.878475  0.007166 -7.288904  0.006139
     spin moment: {S} , |S| = {        0.0        0.0    2.71710 }     2.71710
   scf:   55   -31907.854927   -31907.854683   -31907.878543  0.005769 -7.288970  0.004795
     spin moment: {S} , |S| = {        0.0        0.0    2.72220 }     2.72220
   scf:   56   -31907.855002   -31907.854822   -31907.878588  0.004431 -7.289038  0.004437
     spin moment: {S} , |S| = {        0.0        0.0    2.72611 }     2.72611
   scf:   57   -31907.855033   -31907.854918   -31907.878615  0.003083 -7.289078  0.004722
     spin moment: {S} , |S| = {        0.0        0.0    2.72858 }     2.72858
   scf:   58   -31907.854995   -31907.854951   -31907.878621  0.001898 -7.289071  0.003660
     spin moment: {S} , |S| = {        0.0        0.0    2.72981 }     2.72981
   scf:   59   -31907.854993   -31907.854969   -31907.878625  0.001410 -7.289048  0.004730
     spin moment: {S} , |S| = {        0.0        0.0    2.72986 }     2.72986
   scf:   60   -31907.854986   -31907.854970   -31907.878625  0.002272 -7.289001  0.003434
     spin moment: {S} , |S| = {        0.0        0.0    2.73008 }     2.73008
   scf:   61   -31907.855005   -31907.854984   -31907.878630  0.001555 -7.288967  0.003890
     spin moment: {S} , |S| = {        0.0        0.0    2.72994 }     2.72994
   scf:   62   -31907.855049   -31907.855015   -31907.878636  0.001286 -7.288976  0.003475
     spin moment: {S} , |S| = {        0.0        0.0    2.73084 }     2.73084
   scf:   63   -31907.855024   -31907.855015   -31907.878642  0.002121 -7.288929  0.003661
     spin moment: {S} , |S| = {        0.0        0.0    2.73006 }     2.73006
   scf:   64   -31907.855060   -31907.855035   -31907.878649  0.001248 -7.288907  0.003172
     spin moment: {S} , |S| = {        0.0        0.0    2.72984 }     2.72984
   scf:   65   -31907.855086   -31907.855059   -31907.878657  0.001388 -7.288894  0.003606
     spin moment: {S} , |S| = {        0.0        0.0    2.72928 }     2.72928
   scf:   66   -31907.855113   -31907.855083   -31907.878666  0.001513 -7.288869  0.003030
     spin moment: {S} , |S| = {        0.0        0.0    2.72871 }     2.72871
   scf:   67   -31907.855133   -31907.855107   -31907.878673  0.001350 -7.288857  0.003258
     spin moment: {S} , |S| = {        0.0        0.0    2.72790 }     2.72790
   scf:   68   -31907.855142   -31907.855123   -31907.878677  0.001042 -7.288843  0.003121
     spin moment: {S} , |S| = {        0.0        0.0    2.72717 }     2.72717
   scf:   69   -31907.855142   -31907.855132   -31907.878681  0.000607 -7.288828  0.002521
     spin moment: {S} , |S| = {        0.0        0.0    2.72685 }     2.72685
   scf:   70   -31907.855145   -31907.855139   -31907.878682  0.000394 -7.288824  0.003405
     spin moment: {S} , |S| = {        0.0        0.0    2.72632 }     2.72632

SCF Convergence by DM criterion
max |DM_out - DM_in|         :     0.0003938419
max |H_out - H_in|      (eV) :     0.0034052655
SCF cycle converged after 70 iterations

Using DM_out to compute the final energy and forces
No. of atoms with KB's overlaping orbs in proc 0. Max # of overlaps:     189     898

siesta: E_KS(eV) =           -31907.8551

siesta: Atomic forces (eV/Ang):
     1   -0.000000   -0.111471    0.000000
     2   -0.000000    0.062885    0.000000
     3   -0.000000    0.048314   -0.000001
     4    0.000000   -0.073323    0.000001
     5   -0.000000   -0.017149   -0.000001
     6   -0.000001   -0.044803   -0.000001
     7   -0.000000   -0.043972   -0.000000
     8   -0.000000   -0.126443    0.000001
     9   -0.000001    0.192324    0.000002
    10    0.000001    0.115705   -0.000001
----------------------------------------
   Tot   -0.000002    0.002066    0.000001
----------------------------------------
   Max    0.192324
   Res    0.056181    sqrt( Sum f_i^2 / 3N )
----------------------------------------
   Max    0.192324    constrained

Stress tensor Voigt[x,y,z,yz,xz,xy] (kbar):       -7.35       -5.43       11.68        0.00       -0.00       -0.00
(Free)E + p*V (eV/cell)   -31907.8537
Target enthalpy (eV/cell)   -31907.8787

siesta: Stress tensor (static) (eV/Ang**3):
        -0.004586   -0.000000   -0.000000
        -0.000000   -0.003388    0.000000
        -0.000000    0.000000    0.007288

siesta: Pressure (static):          0.36673056  kBar

siesta: Stress tensor (total) (eV/Ang**3):
        -0.004586   -0.000000   -0.000000
        -0.000000   -0.003388    0.000000
        -0.000000    0.000000    0.007288

siesta: Pressure (total):          0.36673056  kBar

cgvc: Finished line minimization    3.  Mean atomic displacement =    0.0437

                     ====================================
                        Begin CG opt. move =      8
                     ====================================
k-point displ. along   1 input, could be:     0.00    0.50
k-point displ. along   2 input, could be:     0.00    0.50
k-point displ. along   3 input, could be:     0.00    0.50
 Kpoints in:           32 . Kpoints trimmed:           31

siesta: k-grid: Number of k-points = 31
siesta: k-points from Monkhorst-Pack grid
siesta: k-cutoff (effective) =     6.873 Ang
siesta: k-point supercell and displacements
siesta: k-grid:     6     0     0      0.000
siesta: k-grid:     0     2     0      0.000
siesta: k-grid:     0     0     4      0.000

superc: Internal auxiliary supercell:    13 x     3 x     9  =     351
superc: Number of atoms, orbitals, and projectors:   3510  86697  63180

outcell: Unit cell vectors (Ang):
        2.515291    0.000000   -0.000000
        0.000000   12.609574   -0.000000
       -0.000000   -0.000000    3.436399

outcell: Cell vector modules (Ang)   :    2.515291   12.609574    3.436399
outcell: Cell angles (23,13,12) (deg):     90.0000     90.0000     90.0000
outcell: Cell volume (Ang**3)        :    108.9914
<dSpData1D:S at geom step 8
  <sparsity:sparsity for geom step 8
    nrows_g=247 nrows=17 sparsity=1.4483 nnzs=88359, refcount: 7>
  <dData1D:(new from dSpData1D) n=88359, refcount: 1>
refcount: 1>
new_DM -- step:     9
Re-using DM from previous geometries...
Number of DMs in history: 1
 DM extrapolation coefficients: 
1   1.00000
New DM after history re-use:
<dSpData2D:SpM extrapolated using coords
  <sparsity:sparsity for geom step 8
    nrows_g=247 nrows=17 sparsity=1.4483 nnzs=88359, refcount: 9>
  <dData2D:(temp array for extrapolation) n=88359 m=2, refcount: 1>
refcount: 1>
No. of atoms with KB's overlaping orbs in proc 0. Max # of overlaps:     189     914

InitMesh: MESH = 30 x 144 x 36 = 155520
InitMesh: Mesh cutoff (required, used) =   300.000   303.319 Ry
New grid distribution [1]: sub = 2
New grid distribution [2]: sub = 2
New grid distribution [3]: sub = 2
Setting up quadratic distribution...

        iscf     Eharris(eV)        E_KS(eV)     FreeEng(eV)     dDmax    Ef(eV) dHmax(eV)
   scf:    1   -31831.920624   -31882.764788   -31882.789687  0.302998 -7.244528 29.870858
     spin moment: {S} , |S| = {        0.0        0.0    2.59898 }     2.59898
   scf:    2    27082.294248   -12546.164634   -12546.173076147.746269 -8.000855770.371040
     spin moment: {S} , |S| = {        0.0        0.0    0.42869 }     0.42869
   scf:    3   -34721.315787   -31685.063732   -31685.084185147.669951 -7.159805 93.436298
     spin moment: {S} , |S| = {        0.0        0.0    2.85151 }     2.85151
   scf:    4   -31961.377803   -31863.921005   -31863.947763  0.499335 -7.222082 37.889636
     spin moment: {S} , |S| = {        0.0        0.0    2.77164 }     2.77164
   scf:    5   -31915.475425   -31907.176566   -31907.198700  0.378589 -7.268851  5.327046
     spin moment: {S} , |S| = {        0.0        0.0    2.73133 }     2.73133
   scf:    6   -31907.976676   -31907.693364   -31907.714575  0.044266 -7.268952  2.356916
     spin moment: {S} , |S| = {        0.0        0.0    2.72502 }     2.72502
   scf:    7   -31907.416077   -31907.782479   -31907.803484  0.038026 -7.272440  1.655505
     spin moment: {S} , |S| = {        0.0        0.0    2.70246 }     2.70246
   scf:    8   -31907.769785   -31907.777136   -31907.798070  0.007558 -7.274795  1.704155
     spin moment: {S} , |S| = {        0.0        0.0    2.70354 }     2.70354
   scf:    9   -31907.887325   -31907.858597   -31907.879538  0.012384 -7.276053  0.375791
     spin moment: {S} , |S| = {        0.0        0.0    2.71316 }     2.71316
   scf:   10   -31907.854087   -31907.861601   -31907.882516  0.007804 -7.277608  0.259355
     spin moment: {S} , |S| = {        0.0        0.0    2.71901 }     2.71901
   scf:   11   -31907.864129   -31907.863634   -31907.884531  0.002569 -7.277905  0.054430
     spin moment: {S} , |S| = {        0.0        0.0    2.71862 }     2.71862
   scf:   12   -31907.864634   -31907.864258   -31907.885086  0.004632 -7.277396  0.071241
     spin moment: {S} , |S| = {        0.0        0.0    2.72144 }     2.72144
   scf:   13   -31907.864634   -31907.864503   -31907.885305  0.001251 -7.277413  0.025435
     spin moment: {S} , |S| = {        0.0        0.0    2.72286 }     2.72286
   scf:   14   -31907.864858   -31907.864679   -31907.885444  0.001601 -7.277189  0.019645
     spin moment: {S} , |S| = {        0.0        0.0    2.72419 }     2.72419
   scf:   15   -31907.865060   -31907.864866   -31907.885586  0.002038 -7.277106  0.020041
     spin moment: {S} , |S| = {        0.0        0.0    2.72573 }     2.72573
   scf:   16   -31907.866295   -31907.865525   -31907.886073  0.007548 -7.276672  0.019358
     spin moment: {S} , |S| = {        0.0        0.0    2.73186 }     2.73186
   scf:   17   -31907.865620   -31907.865574   -31907.886109  0.000614 -7.276636  0.021020
     spin moment: {S} , |S| = {        0.0        0.0    2.73246 }     2.73246
   scf:   18   -31907.866509   -31907.866011   -31907.886415  0.005810 -7.276356  0.018904
     spin moment: {S} , |S| = {        0.0        0.0    2.73734 }     2.73734
   scf:   19   -31907.866070   -31907.866045   -31907.886437  0.000914 -7.276325  0.021745
     spin moment: {S} , |S| = {        0.0        0.0    2.73828 }     2.73828
   scf:   20   -31907.867565   -31907.866721   -31907.886886  0.009791 -7.275797  0.015506
     spin moment: {S} , |S| = {        0.0        0.0    2.74707 }     2.74707
   scf:   21   -31907.868301   -31907.867401   -31907.887300  0.010968 -7.275015  0.016206
     spin moment: {S} , |S| = {        0.0        0.0    2.75820 }     2.75820
   scf:   22   -31907.868313   -31907.867811   -31907.887526  0.007440 -7.274474  0.015946
     spin moment: {S} , |S| = {        0.0        0.0    2.76594 }     2.76594
   scf:   23   -31907.868106   -31907.867952   -31907.887599  0.002558 -7.274233  0.011646
     spin moment: {S} , |S| = {        0.0        0.0    2.76887 }     2.76887
   scf:   24   -31907.868386   -31907.868155   -31907.887700  0.003943 -7.273944  0.009490
     spin moment: {S} , |S| = {        0.0        0.0    2.77331 }     2.77331
   scf:   25   -31907.869420   -31907.868683   -31907.887935  0.010308 -7.273079  0.007108
     spin moment: {S} , |S| = {        0.0        0.0    2.78676 }     2.78676
   scf:   26   -31907.869144   -31907.868892   -31907.888013  0.004659 -7.272725  0.007956
     spin moment: {S} , |S| = {        0.0        0.0    2.79255 }     2.79255
   scf:   27   -31907.868956   -31907.868924   -31907.888026  0.000493 -7.272703  0.007937
     spin moment: {S} , |S| = {        0.0        0.0    2.79350 }     2.79350

SCF Convergence by DM criterion
max |DM_out - DM_in|         :     0.0004933712
max |H_out - H_in|      (eV) :     0.0079372302
SCF cycle converged after 27 iterations

Using DM_out to compute the final energy and forces
No. of atoms with KB's overlaping orbs in proc 0. Max # of overlaps:     189     914

siesta: E_KS(eV) =           -31907.8689

siesta: Atomic forces (eV/Ang):
     1   -0.000000   -0.005441    0.000001
     2    0.000001   -0.097270   -0.000000
     3    0.000002    0.209132   -0.000000
     4   -0.000001    0.217061   -0.000002
     5    0.000002   -0.158085    0.000002
     6    0.000001   -0.062150    0.000003
     7   -0.000000    0.204460    0.000003
     8   -0.000001    0.150685   -0.000001
     9    0.000002   -0.293086   -0.000004
    10   -0.000001   -0.142894    0.000002
----------------------------------------
   Tot    0.000003    0.022412    0.000004
----------------------------------------
   Max    0.293086
   Res    0.100004    sqrt( Sum f_i^2 / 3N )
----------------------------------------
   Max    0.293086    constrained

Stress tensor Voigt[x,y,z,yz,xz,xy] (kbar):      -10.61      -14.78        0.47       -0.00        0.00        0.00
(Free)E + p*V (eV/cell)   -31907.3230
Target enthalpy (eV/cell)   -31907.8880

siesta: Stress tensor (static) (eV/Ang**3):
        -0.006622    0.000000    0.000000
         0.000000   -0.009225   -0.000000
         0.000000   -0.000000    0.000295

siesta: Pressure (static):          8.30605434  kBar

siesta: Stress tensor (total) (eV/Ang**3):
        -0.006622    0.000000    0.000000
         0.000000   -0.009225   -0.000000
         0.000000   -0.000000    0.000295

siesta: Pressure (total):          8.30605434  kBar

                     ====================================
                        Begin CG opt. move =      9
                     ====================================
k-point displ. along   1 input, could be:     0.00    0.50
k-point displ. along   2 input, could be:     0.00    0.50
k-point displ. along   3 input, could be:     0.00    0.50
 Kpoints in:           32 . Kpoints trimmed:           31

siesta: k-grid: Number of k-points = 31
siesta: k-points from Monkhorst-Pack grid
siesta: k-cutoff (effective) =     6.896 Ang
siesta: k-point supercell and displacements
siesta: k-grid:     6     0     0      0.000
siesta: k-grid:     0     2     0      0.000
siesta: k-grid:     0     0     4      0.000

superc: Internal auxiliary supercell:    13 x     3 x     9  =     351
superc: Number of atoms, orbitals, and projectors:   3510  86697  63180

outcell: Unit cell vectors (Ang):
        2.511035    0.000000   -0.000000
        0.000000   12.587770   -0.000000
       -0.000000   -0.000000    3.447812

outcell: Cell vector modules (Ang)   :    2.511035   12.587770    3.447812
outcell: Cell angles (23,13,12) (deg):     90.0000     90.0000     90.0000
outcell: Cell volume (Ang**3)        :    108.9796
<dSpData1D:S at geom step 9
  <sparsity:sparsity for geom step 9
    nrows_g=247 nrows=17 sparsity=1.4491 nnzs=88409, refcount: 7>
  <dData1D:(new from dSpData1D) n=88409, refcount: 1>
refcount: 1>
new_DM -- step:    10
Re-using DM from previous geometries...
Number of DMs in history: 1
 DM extrapolation coefficients: 
1   1.00000
New DM after history re-use:
<dSpData2D:SpM extrapolated using coords
  <sparsity:sparsity for geom step 9
    nrows_g=247 nrows=17 sparsity=1.4491 nnzs=88409, refcount: 9>
  <dData2D:(temp array for extrapolation) n=88409 m=2, refcount: 1>
refcount: 1>
No. of atoms with KB's overlaping orbs in proc 0. Max # of overlaps:     189     918

InitMesh: MESH = 30 x 144 x 36 = 155520
InitMesh: Mesh cutoff (required, used) =   300.000   301.314 Ry
New grid distribution [1]: sub = 2
New grid distribution [2]: sub = 2
New grid distribution [3]: sub = 2
Setting up quadratic distribution...

        iscf     Eharris(eV)        E_KS(eV)     FreeEng(eV)     dDmax    Ef(eV) dHmax(eV)
   scf:    1   -31895.823305   -31903.830984   -31903.854420  0.211490 -7.277400 11.690780
     spin moment: {S} , |S| = {        0.0        0.0    2.84194 }     2.84194
   scf:    2    -9249.184585   -24426.271763   -24426.286028 53.586947 -4.256193473.798685
     spin moment: {S} , |S| = {        0.0        0.0    2.41737 }     2.41737
   scf:    3   -32375.233172   -31902.402220   -31902.423615 53.525189 -7.284635 13.373334
     spin moment: {S} , |S| = {        0.0        0.0    2.71642 }     2.71642
   scf:    4   -31907.926554   -31905.580470   -31905.601265  0.060611 -7.283838  9.291275
     spin moment: {S} , |S| = {        0.0        0.0    2.71228 }     2.71228
   scf:    5   -31908.467450   -31907.353108   -31907.372670  0.051264 -7.282422  4.256179
     spin moment: {S} , |S| = {        0.0        0.0    2.74796 }     2.74796
   scf:    6   -31908.006300   -31907.852685   -31907.872101  0.040563 -7.281250  0.875426
     spin moment: {S} , |S| = {        0.0        0.0    2.76620 }     2.76620
   scf:    7   -31907.853642   -31907.868446   -31907.887832  0.010881 -7.279951  0.269380
     spin moment: {S} , |S| = {        0.0        0.0    2.77139 }     2.77139
   scf:    8   -31907.856002   -31907.867813   -31907.887211  0.006665 -7.279254  0.403638
     spin moment: {S} , |S| = {        0.0        0.0    2.76665 }     2.76665
   scf:    9   -31907.869944   -31907.871501   -31907.890879  0.006073 -7.277739  0.093345
     spin moment: {S} , |S| = {        0.0        0.0    2.76734 }     2.76734
   scf:   10   -31907.871826   -31907.871686   -31907.891057  0.001004 -7.277855  0.062395
     spin moment: {S} , |S| = {        0.0        0.0    2.76655 }     2.76655
   scf:   11   -31907.871888   -31907.871820   -31907.891181  0.001408 -7.278030  0.015669
     spin moment: {S} , |S| = {        0.0        0.0    2.76542 }     2.76542
   scf:   12   -31907.871982   -31907.871903   -31907.891247  0.001493 -7.278275  0.013025
     spin moment: {S} , |S| = {        0.0        0.0    2.76390 }     2.76390
   scf:   13   -31907.871983   -31907.871944   -31907.891278  0.001077 -7.278477  0.009871
     spin moment: {S} , |S| = {        0.0        0.0    2.76301 }     2.76301
   scf:   14   -31907.872044   -31907.871992   -31907.891316  0.001326 -7.278504  0.009137
     spin moment: {S} , |S| = {        0.0        0.0    2.76186 }     2.76186
   scf:   15   -31907.872147   -31907.872065   -31907.891372  0.002117 -7.278531  0.009273
     spin moment: {S} , |S| = {        0.0        0.0    2.76015 }     2.76015
   scf:   16   -31907.872138   -31907.872100   -31907.891399  0.001036 -7.278546  0.010128
     spin moment: {S} , |S| = {        0.0        0.0    2.75938 }     2.75938
   scf:   17   -31907.872122   -31907.872111   -31907.891407  0.000308 -7.278556  0.010113
     spin moment: {S} , |S| = {        0.0        0.0    2.75921 }     2.75921

SCF Convergence by DM criterion
max |DM_out - DM_in|         :     0.0003082850
max |H_out - H_in|      (eV) :     0.0101132969
SCF cycle converged after 17 iterations

Using DM_out to compute the final energy and forces
No. of atoms with KB's overlaping orbs in proc 0. Max # of overlaps:     189     918

siesta: E_KS(eV) =           -31907.8721

siesta: Atomic forces (eV/Ang):
     1    0.000000   -0.049367   -0.000000
     2   -0.000000   -0.023320   -0.000004
     3    0.000001    0.148927    0.000001
     4   -0.000001    0.094271    0.000001
     5    0.000002   -0.110644    0.000000
     6    0.000000   -0.060905    0.000002
     7   -0.000000    0.114601    0.000000
     8    0.000000    0.012052   -0.000001
     9   -0.000001   -0.058728   -0.000000
    10   -0.000002   -0.050941    0.000001
----------------------------------------
   Tot   -0.000001    0.015945   -0.000001
----------------------------------------
   Max    0.148927
   Res    0.048070    sqrt( Sum f_i^2 / 3N )
----------------------------------------
   Max    0.148927    constrained

Stress tensor Voigt[x,y,z,yz,xz,xy] (kbar):      -11.78      -12.73        4.50        0.00       -0.00        0.00
(Free)E + p*V (eV/cell)   -31907.4378
Target enthalpy (eV/cell)   -31907.8914

siesta: Stress tensor (static) (eV/Ang**3):
        -0.007354    0.000000    0.000000
         0.000000   -0.007945    0.000000
        -0.000000    0.000000    0.002811

siesta: Pressure (static):          6.66909613  kBar

siesta: Stress tensor (total) (eV/Ang**3):
        -0.007354    0.000000    0.000000
         0.000000   -0.007945    0.000000
        -0.000000    0.000000    0.002811

siesta: Pressure (total):          6.66909613  kBar

cgvc: Finished line minimization    4.  Mean atomic displacement =    0.0259

                     ====================================
                        Begin CG opt. move =     10
                     ====================================
k-point displ. along   1 input, could be:     0.00    0.50
k-point displ. along   2 input, could be:     0.00    0.50
k-point displ. along   3 input, could be:     0.00    0.50
 Kpoints in:           32 . Kpoints trimmed:           31

siesta: k-grid: Number of k-points = 31
siesta: k-points from Monkhorst-Pack grid
siesta: k-cutoff (effective) =     6.867 Ang
siesta: k-point supercell and displacements
siesta: k-grid:     6     0     0      0.000
siesta: k-grid:     0     2     0      0.000
siesta: k-grid:     0     0     4      0.000

superc: Internal auxiliary supercell:    13 x     3 x     9  =     351
superc: Number of atoms, orbitals, and projectors:   3510  86697  63180

outcell: Unit cell vectors (Ang):
        2.521704    0.000000   -0.000000
        0.000000   12.644282   -0.000000
       -0.000000   -0.000000    3.433441

outcell: Cell vector modules (Ang)   :    2.521704   12.644282    3.433441
outcell: Cell angles (23,13,12) (deg):     90.0000     90.0000     90.0000
outcell: Cell volume (Ang**3)        :    109.4757
<dSpData1D:S at geom step 10
  <sparsity:sparsity for geom step 10
    nrows_g=247 nrows=17 sparsity=1.4467 nnzs=88259, refcount: 7>
  <dData1D:(new from dSpData1D) n=88259, refcount: 1>
refcount: 1>
new_DM -- step:    11
Re-using DM from previous geometries...
Number of DMs in history: 1
 DM extrapolation coefficients: 
1   1.00000
New DM after history re-use:
<dSpData2D:SpM extrapolated using coords
  <sparsity:sparsity for geom step 10
    nrows_g=247 nrows=17 sparsity=1.4467 nnzs=88259, refcount: 9>
  <dData2D:(temp array for extrapolation) n=88259 m=2, refcount: 1>
refcount: 1>
No. of atoms with KB's overlaping orbs in proc 0. Max # of overlaps:     189     890

InitMesh: MESH = 30 x 144 x 36 = 155520
InitMesh: Mesh cutoff (required, used) =   300.000   303.842 Ry
New grid distribution [1]: sub = 2
New grid distribution [2]: sub = 2
New grid distribution [3]: sub = 2
Setting up quadratic distribution...

        iscf     Eharris(eV)        E_KS(eV)     FreeEng(eV)     dDmax    Ef(eV) dHmax(eV)
   scf:    1   -31852.906654   -31889.363023   -31889.387813  0.235621 -7.235293 25.173324
     spin moment: {S} , |S| = {        0.0        0.0    2.55231 }     2.55231
   scf:    2    14452.890980   -16688.124651   -16688.129568104.374459 -6.970029678.795882
     spin moment: {S} , |S| = {        0.0        0.0    0.11933 }     0.11933
   scf:    3   -34178.253811   -31796.957312   -31796.979834104.303317 -7.187109 67.977734
     spin moment: {S} , |S| = {        0.0        0.0    3.10005 }     3.10005
   scf:    4   -31943.342531   -31894.010963   -31894.037067  0.524422 -7.230323 22.522749
     spin moment: {S} , |S| = {        0.0        0.0    2.91158 }     2.91158
   scf:    5   -31907.706640   -31901.611324   -31901.633790  0.096425 -7.242591 15.005749
     spin moment: {S} , |S| = {        0.0        0.0    2.88269 }     2.88269
   scf:    6   -31909.882188   -31906.922311   -31906.940853  0.091120 -7.250416  6.022983
     spin moment: {S} , |S| = {        0.0        0.0    2.83076 }     2.83076
   scf:    7   -31908.178225   -31907.719399   -31907.737456  0.032549 -7.253446  2.423735
     spin moment: {S} , |S| = {        0.0        0.0    2.80806 }     2.80806
   scf:    8   -31904.777102   -31907.070735   -31907.090007  0.073601 -7.258012  5.262701
     spin moment: {S} , |S| = {        0.0        0.0    2.73649 }     2.73649
   scf:    9   -31907.735194   -31907.431087   -31907.450063  0.016045 -7.260502  4.013474
     spin moment: {S} , |S| = {        0.0        0.0    2.75491 }     2.75491
   scf:   10   -31907.731059   -31907.870481   -31907.888577  0.042554 -7.258126  0.572283
     spin moment: {S} , |S| = {        0.0        0.0    2.79945 }     2.79945
   scf:   11   -31907.881242   -31907.879947   -31907.898065  0.004881 -7.258140  0.052762
     spin moment: {S} , |S| = {        0.0        0.0    2.79661 }     2.79661
   scf:   12   -31907.879824   -31907.880054   -31907.898140  0.001652 -7.257665  0.072046
     spin moment: {S} , |S| = {        0.0        0.0    2.79792 }     2.79792
   scf:   13   -31907.880343   -31907.880237   -31907.898294  0.000904 -7.257411  0.024335
     spin moment: {S} , |S| = {        0.0        0.0    2.79910 }     2.79910
   scf:   14   -31907.880939   -31907.880581   -31907.898530  0.002708 -7.256212  0.013619
     spin moment: {S} , |S| = {        0.0        0.0    2.80361 }     2.80361
   scf:   15   -31907.880750   -31907.880665   -31907.898583  0.000702 -7.256112  0.015082
     spin moment: {S} , |S| = {        0.0        0.0    2.80471 }     2.80471
   scf:   16   -31907.881301   -31907.880968   -31907.898774  0.002446 -7.255820  0.014074
     spin moment: {S} , |S| = {        0.0        0.0    2.80869 }     2.80869
   scf:   17   -31907.882623   -31907.881701   -31907.899225  0.006356 -7.255146  0.012301
     spin moment: {S} , |S| = {        0.0        0.0    2.81829 }     2.81829
   scf:   18   -31907.882271   -31907.881972   -31907.899387  0.002450 -7.254820  0.009235
     spin moment: {S} , |S| = {        0.0        0.0    2.82174 }     2.82174
   scf:   19   -31907.882219   -31907.882092   -31907.899460  0.001113 -7.254660  0.009393
     spin moment: {S} , |S| = {        0.0        0.0    2.82308 }     2.82308
   scf:   20   -31907.883041   -31907.882527   -31907.899720  0.003984 -7.254180  0.011035
     spin moment: {S} , |S| = {        0.0        0.0    2.82772 }     2.82772
   scf:   21   -31907.883667   -31907.883037   -31907.900029  0.004744 -7.253414  0.011864
     spin moment: {S} , |S| = {        0.0        0.0    2.83239 }     2.83239
   scf:   22   -31907.883431   -31907.883225   -31907.900145  0.001832 -7.253145  0.012004
     spin moment: {S} , |S| = {        0.0        0.0    2.83396 }     2.83396
   scf:   23   -31907.883374   -31907.883298   -31907.900193  0.000908 -7.253049  0.011827
     spin moment: {S} , |S| = {        0.0        0.0    2.83427 }     2.83427
   scf:   24   -31907.883284   -31907.883291   -31907.900188  0.000109 -7.253051  0.012043
     spin moment: {S} , |S| = {        0.0        0.0    2.83427 }     2.83427

SCF Convergence by DM criterion
max |DM_out - DM_in|         :     0.0001093091
max |H_out - H_in|      (eV) :     0.0120427472
SCF cycle converged after 24 iterations

Using DM_out to compute the final energy and forces
No. of atoms with KB's overlaping orbs in proc 0. Max # of overlaps:     189     890

siesta: E_KS(eV) =           -31907.8833

siesta: Atomic forces (eV/Ang):
     1    0.000000    0.021908    0.000001
     2    0.000002    0.040758   -0.000000
     3    0.000001    0.064761    0.000001
     4   -0.000001    0.013217   -0.000004
     5   -0.000000   -0.069083    0.000001
     6   -0.000000   -0.008717    0.000000
     7    0.000000    0.085214    0.000001
     8   -0.000000    0.055105   -0.000002
     9    0.000001   -0.130384   -0.000001
    10    0.000000   -0.041339   -0.000001
----------------------------------------
   Tot    0.000003    0.031441   -0.000004
----------------------------------------
   Max    0.130384
   Res    0.036681    sqrt( Sum f_i^2 / 3N )
----------------------------------------
   Max    0.130384    constrained

Stress tensor Voigt[x,y,z,yz,xz,xy] (kbar):       -3.98        0.84        7.07       -0.00       -0.00        0.00
(Free)E + p*V (eV/cell)   -31907.9896
Target enthalpy (eV/cell)   -31907.9002

siesta: Stress tensor (static) (eV/Ang**3):
        -0.002485    0.000000   -0.000000
         0.000000    0.000525   -0.000000
        -0.000000   -0.000000    0.004411

siesta: Pressure (static):         -1.30901890  kBar

siesta: Stress tensor (total) (eV/Ang**3):
        -0.002485    0.000000   -0.000000
         0.000000    0.000525   -0.000000
        -0.000000   -0.000000    0.004411

siesta: Pressure (total):         -1.30901890  kBar

                     ====================================
                        Begin CG opt. move =     11
                     ====================================
k-point displ. along   1 input, could be:     0.00    0.50
k-point displ. along   2 input, could be:     0.00    0.50
k-point displ. along   3 input, could be:     0.00    0.50
 Kpoints in:           32 . Kpoints trimmed:           31

siesta: k-grid: Number of k-points = 31
siesta: k-points from Monkhorst-Pack grid
siesta: k-cutoff (effective) =     6.821 Ang
siesta: k-point supercell and displacements
siesta: k-grid:     6     0     0      0.000
siesta: k-grid:     0     2     0      0.000
siesta: k-grid:     0     0     4      0.000

superc: Internal auxiliary supercell:    13 x     3 x     9  =     351
superc: Number of atoms, orbitals, and projectors:   3510  86697  63180

outcell: Unit cell vectors (Ang):
        2.538775    0.000000   -0.000000
        0.000000   12.734701   -0.000000
       -0.000000   -0.000000    3.410447

outcell: Cell vector modules (Ang)   :    2.538775   12.734701    3.410447
outcell: Cell angles (23,13,12) (deg):     90.0000     90.0000     90.0000
outcell: Cell volume (Ang**3)        :    110.2616
<dSpData1D:S at geom step 11
  <sparsity:sparsity for geom step 11
    nrows_g=247 nrows=17 sparsity=1.4486 nnzs=88378, refcount: 7>
  <dData1D:(new from dSpData1D) n=88378, refcount: 1>
refcount: 1>
new_DM -- step:    12
Re-using DM from previous geometries...
Number of DMs in history: 1
 DM extrapolation coefficients: 
1   1.00000
New DM after history re-use:
<dSpData2D:SpM extrapolated using coords
  <sparsity:sparsity for geom step 11
    nrows_g=247 nrows=17 sparsity=1.4486 nnzs=88378, refcount: 9>
  <dData2D:(temp array for extrapolation) n=88378 m=2, refcount: 1>
refcount: 1>
No. of atoms with KB's overlaping orbs in proc 0. Max # of overlaps:     193     892

InitMesh: MESH = 30 x 144 x 36 = 155520
InitMesh: Mesh cutoff (required, used) =   300.000   307.953 Ry
New grid distribution [1]: sub = 2
New grid distribution [2]: sub = 2
New grid distribution [3]: sub = 2
Setting up quadratic distribution...

        iscf     Eharris(eV)        E_KS(eV)     FreeEng(eV)     dDmax    Ef(eV) dHmax(eV)
   scf:    1   -31753.724295   -31856.299887   -31856.326971  0.533218 -7.182194 42.655240
     spin moment: {S} , |S| = {        0.0        0.0    2.50042 }     2.50042
   scf:    2    53736.412759    -3869.181538    -3869.185757485.591429 -9.292652937.888262
     spin moment: {S} , |S| = {        0.0        0.0    0.06164 }     0.06164
   scf:    3   -37929.284493   -31393.076494   -31393.107627485.393980 -7.070533140.120767
     spin moment: {S} , |S| = {        0.0        0.0    2.63869 }     2.63869
   scf:    4   -31984.338339   -31734.410656   -31734.432207  0.648130 -7.099046 83.405208
     spin moment: {S} , |S| = {        0.0        0.0    3.07399 }     3.07399
   scf:    5   -31931.664614   -31848.764015   -31848.789587  0.388841 -7.149270 46.224087
     spin moment: {S} , |S| = {        0.0        0.0    3.04100 }     3.04100
   scf:    6   -31926.958003   -31903.595995   -31903.614730  0.378243 -7.198385 11.968365
     spin moment: {S} , |S| = {        0.0        0.0    3.00660 }     3.00660
   scf:    7   -31903.517727   -31903.559662   -31903.578509  0.007573 -7.197541 12.251164
     spin moment: {S} , |S| = {        0.0        0.0    3.01007 }     3.01007
   scf:    8   -31905.833513   -31904.769306   -31904.787456  0.033024 -7.200823 10.548358
     spin moment: {S} , |S| = {        0.0        0.0    3.00424 }     3.00424
   scf:    9   -31907.520754   -31906.273663   -31906.290814  0.029691 -7.206241  7.708168
     spin moment: {S} , |S| = {        0.0        0.0    2.98216 }     2.98216
   scf:   10   -31907.933285   -31907.202111   -31907.218831  0.026177 -7.211894  5.006478
     spin moment: {S} , |S| = {        0.0        0.0    2.95931 }     2.95931
   scf:   11   -31907.740290   -31907.869239   -31907.886464  0.054106 -7.218058  0.513658
     spin moment: {S} , |S| = {        0.0        0.0    2.90797 }     2.90797
   scf:   12   -31907.878422   -31907.875562   -31907.892664  0.005922 -7.216497  0.183251
     spin moment: {S} , |S| = {        0.0        0.0    2.91219 }     2.91219
   scf:   13   -31907.876887   -31907.876342   -31907.893415  0.002858 -7.215096  0.086926
     spin moment: {S} , |S| = {        0.0        0.0    2.91355 }     2.91355
   scf:   14   -31907.877325   -31907.876866   -31907.893916  0.005750 -7.213059  0.038101
     spin moment: {S} , |S| = {        0.0        0.0    2.91511 }     2.91511
   scf:   15   -31907.877833   -31907.877353   -31907.894368  0.007560 -7.210537  0.036609
     spin moment: {S} , |S| = {        0.0        0.0    2.91696 }     2.91696
   scf:   16   -31907.877878   -31907.877611   -31907.894600  0.002658 -7.209769  0.026914
     spin moment: {S} , |S| = {        0.0        0.0    2.91827 }     2.91827
   scf:   17   -31907.878309   -31907.877947   -31907.894906  0.003003 -7.209223  0.034180
     spin moment: {S} , |S| = {        0.0        0.0    2.92012 }     2.92012
   scf:   18   -31907.878432   -31907.878183   -31907.895117  0.002027 -7.208733  0.029614
     spin moment: {S} , |S| = {        0.0        0.0    2.92152 }     2.92152
   scf:   19   -31907.879757   -31907.878894   -31907.895749  0.006953 -7.207695  0.026246
     spin moment: {S} , |S| = {        0.0        0.0    2.92608 }     2.92608
   scf:   20   -31907.880092   -31907.879442   -31907.896230  0.006032 -7.206879  0.026070
     spin moment: {S} , |S| = {        0.0        0.0    2.92997 }     2.92997
   scf:   21   -31907.880484   -31907.879920   -31907.896643  0.005569 -7.205852  0.020104
     spin moment: {S} , |S| = {        0.0        0.0    2.93355 }     2.93355
   scf:   22   -31907.880917   -31907.880372   -31907.897031  0.005637 -7.205161  0.017219
     spin moment: {S} , |S| = {        0.0        0.0    2.93708 }     2.93708
   scf:   23   -31907.882385   -31907.881191   -31907.897731  0.011004 -7.203228  0.016698
     spin moment: {S} , |S| = {        0.0        0.0    2.94377 }     2.94377
   scf:   24   -31907.883136   -31907.881955   -31907.898378  0.011748 -7.201540  0.019220
     spin moment: {S} , |S| = {        0.0        0.0    2.95069 }     2.95069
   scf:   25   -31907.881743   -31907.881844   -31907.898289  0.001905 -7.201847  0.017146
     spin moment: {S} , |S| = {        0.0        0.0    2.94948 }     2.94948
   scf:   26   -31907.882107   -31907.881969   -31907.898399  0.001790 -7.201618  0.017516
     spin moment: {S} , |S| = {        0.0        0.0    2.95046 }     2.95046
   scf:   27   -31907.882057   -31907.882012   -31907.898442  0.000740 -7.201561  0.017393
     spin moment: {S} , |S| = {        0.0        0.0    2.95056 }     2.95056
   scf:   28   -31907.881848   -31907.881927   -31907.898365  0.001168 -7.201709  0.016605
     spin moment: {S} , |S| = {        0.0        0.0    2.95001 }     2.95001
   scf:   29   -31907.881790   -31907.881857   -31907.898304  0.001018 -7.201855  0.016746
     spin moment: {S} , |S| = {        0.0        0.0    2.94941 }     2.94941
   scf:   30   -31907.881825   -31907.881841   -31907.898290  0.000226 -7.201882  0.016554
     spin moment: {S} , |S| = {        0.0        0.0    2.94932 }     2.94932

SCF Convergence by DM criterion
max |DM_out - DM_in|         :     0.0002262513
max |H_out - H_in|      (eV) :     0.0165545000
SCF cycle converged after 30 iterations

Using DM_out to compute the final energy and forces
No. of atoms with KB's overlaping orbs in proc 0. Max # of overlaps:     193     892

siesta: E_KS(eV) =           -31907.8818

siesta: Atomic forces (eV/Ang):
     1    0.000000    0.125728    0.000002
     2    0.000000    0.134364    0.000008
     3   -0.000003   -0.071381   -0.000003
     4   -0.000000   -0.095173   -0.000006
     5   -0.000002   -0.031266    0.000002
     6   -0.000000    0.031668   -0.000001
     7   -0.000000    0.108520    0.000002
     8   -0.000001    0.093801    0.000001
     9    0.000002   -0.241931   -0.000002
    10    0.000002   -0.036398    0.000000
----------------------------------------
   Tot   -0.000003    0.017933    0.000002
----------------------------------------
   Max    0.241931
   Res    0.065936    sqrt( Sum f_i^2 / 3N )
----------------------------------------
   Max    0.241931    constrained

Stress tensor Voigt[x,y,z,yz,xz,xy] (kbar):        6.45       18.17        7.92       -0.00       -0.00        0.00
(Free)E + p*V (eV/cell)   -31908.6447
Target enthalpy (eV/cell)   -31907.8983

siesta: Stress tensor (static) (eV/Ang**3):
         0.004023    0.000000   -0.000000
         0.000000    0.011343   -0.000000
        -0.000000   -0.000000    0.004943

siesta: Pressure (static):        -10.84569143  kBar

siesta: Stress tensor (total) (eV/Ang**3):
         0.004023    0.000000   -0.000000
         0.000000    0.011343   -0.000000
        -0.000000   -0.000000    0.004943

siesta: Pressure (total):        -10.84569143  kBar

                     ====================================
                        Begin CG opt. move =     12
                     ====================================
k-point displ. along   1 input, could be:     0.00    0.50
k-point displ. along   2 input, could be:     0.00    0.50
k-point displ. along   3 input, could be:     0.00    0.50
 Kpoints in:           32 . Kpoints trimmed:           31

siesta: k-grid: Number of k-points = 31
siesta: k-points from Monkhorst-Pack grid
siesta: k-cutoff (effective) =     6.856 Ang
siesta: k-point supercell and displacements
siesta: k-grid:     6     0     0      0.000
siesta: k-grid:     0     2     0      0.000
siesta: k-grid:     0     0     4      0.000

superc: Internal auxiliary supercell:    13 x     3 x     9  =     351
superc: Number of atoms, orbitals, and projectors:   3510  86697  63180

outcell: Unit cell vectors (Ang):
        2.525647    0.000000   -0.000000
        0.000000   12.665167   -0.000000
       -0.000000   -0.000000    3.428130

outcell: Cell vector modules (Ang)   :    2.525647   12.665167    3.428130
outcell: Cell angles (23,13,12) (deg):     90.0000     90.0000     90.0000
outcell: Cell volume (Ang**3)        :    109.6581
<dSpData1D:S at geom step 12
  <sparsity:sparsity for geom step 12
    nrows_g=247 nrows=17 sparsity=1.4467 nnzs=88259, refcount: 7>
  <dData1D:(new from dSpData1D) n=88259, refcount: 1>
refcount: 1>
new_DM -- step:    13
Re-using DM from previous geometries...
Number of DMs in history: 1
 DM extrapolation coefficients: 
1   1.00000
New DM after history re-use:
<dSpData2D:SpM extrapolated using coords
  <sparsity:sparsity for geom step 12
    nrows_g=247 nrows=17 sparsity=1.4467 nnzs=88259, refcount: 9>
  <dData2D:(temp array for extrapolation) n=88259 m=2, refcount: 1>
refcount: 1>
No. of atoms with KB's overlaping orbs in proc 0. Max # of overlaps:     189     890

InitMesh: MESH = 30 x 144 x 36 = 155520
InitMesh: Mesh cutoff (required, used) =   300.000   304.784 Ry
New grid distribution [1]: sub = 2
New grid distribution [2]: sub = 2
New grid distribution [3]: sub = 2
Setting up quadratic distribution...

        iscf     Eharris(eV)        E_KS(eV)     FreeEng(eV)     dDmax    Ef(eV) dHmax(eV)
   scf:    1   -31814.767210   -31877.232953   -31877.259583  0.387367 -7.218873 33.171443
     spin moment: {S} , |S| = {        0.0        0.0    3.02939 }     3.02939
   scf:    2    25317.180524   -13168.479355   -13168.487360353.895970 -6.347075786.854540
     spin moment: {S} , |S| = {        0.0        0.0    0.54072 }     0.54072
   scf:    3   -35656.752100   -31601.808710   -31601.840688353.687914 -7.212960 98.245125
     spin moment: {S} , |S| = {        0.0        0.0    3.01103 }     3.01103
   scf:    4   -31932.634011   -31791.032328   -31791.057808  0.420474 -7.218745 63.502839
     spin moment: {S} , |S| = {        0.0        0.0    2.63279 }     2.63279
   scf:    5   -31945.479570   -31899.538771   -31899.558725  0.543192 -7.238316 17.228874
     spin moment: {S} , |S| = {        0.0        0.0    2.68322 }     2.68322
   scf:    6   -31910.670811   -31906.947393   -31906.964390  0.113934 -7.237801  5.611580
     spin moment: {S} , |S| = {        0.0        0.0    2.82372 }     2.82372
   scf:    7   -31908.004547   -31907.875193   -31907.890972  0.056952 -7.232344  0.533656
     spin moment: {S} , |S| = {        0.0        0.0    2.88456 }     2.88456
   scf:    8   -31905.601622   -31907.080623   -31907.097666  0.046659 -7.234373  5.244020
     spin moment: {S} , |S| = {        0.0        0.0    2.82502 }     2.82502
   scf:    9   -31907.574227   -31907.865081   -31907.880863  0.061033 -7.227404  0.945309
     spin moment: {S} , |S| = {        0.0        0.0    2.89661 }     2.89661
   scf:   10   -31907.752248   -31907.817200   -31907.832906  0.007867 -7.226625  1.521733
     spin moment: {S} , |S| = {        0.0        0.0    2.90488 }     2.90488
   scf:   11   -31907.894925   -31907.887770   -31907.903588  0.015182 -7.227961  0.115987
     spin moment: {S} , |S| = {        0.0        0.0    2.88771 }     2.88771
   scf:   12   -31907.888153   -31907.887991   -31907.903816  0.001068 -7.228302  0.071514
     spin moment: {S} , |S| = {        0.0        0.0    2.88707 }     2.88707
   scf:   13   -31907.889034   -31907.888522   -31907.904374  0.005630 -7.229392  0.031873
     spin moment: {S} , |S| = {        0.0        0.0    2.88540 }     2.88540
   scf:   14   -31907.889163   -31907.888832   -31907.904692  0.003742 -7.230174  0.028497
     spin moment: {S} , |S| = {        0.0        0.0    2.88445 }     2.88445
   scf:   15   -31907.889556   -31907.889179   -31907.905043  0.004073 -7.230816  0.033077
     spin moment: {S} , |S| = {        0.0        0.0    2.88337 }     2.88337
   scf:   16   -31907.889411   -31907.889293   -31907.905158  0.001317 -7.230886  0.034361
     spin moment: {S} , |S| = {        0.0        0.0    2.88291 }     2.88291
   scf:   17   -31907.889497   -31907.889393   -31907.905260  0.001151 -7.230949  0.035513
     spin moment: {S} , |S| = {        0.0        0.0    2.88251 }     2.88251
   scf:   18   -31907.889373   -31907.889383   -31907.905249  0.000119 -7.230943  0.035510
     spin moment: {S} , |S| = {        0.0        0.0    2.88255 }     2.88255

SCF Convergence by DM criterion
max |DM_out - DM_in|         :     0.0001186084
max |H_out - H_in|      (eV) :     0.0355104218
SCF cycle converged after 18 iterations

Using DM_out to compute the final energy and forces
No. of atoms with KB's overlaping orbs in proc 0. Max # of overlaps:     189     890

siesta: E_KS(eV) =           -31907.8894

siesta: Atomic forces (eV/Ang):
     1    0.000001    0.044053    0.000001
     2    0.000001    0.085394    0.000005
     3   -0.000002    0.049082   -0.000001
     4   -0.000002   -0.031297   -0.000004
     5   -0.000001   -0.095421    0.000001
     6   -0.000001   -0.014294    0.000000
     7   -0.000000    0.138611    0.000001
     8    0.000001    0.033319   -0.000000
     9    0.000001   -0.144707   -0.000003
    10    0.000001   -0.040719   -0.000001
----------------------------------------
   Tot   -0.000002    0.024021    0.000000
----------------------------------------
   Max    0.144707
   Res    0.046495    sqrt( Sum f_i^2 / 3N )
----------------------------------------
   Max    0.144707    constrained

Stress tensor Voigt[x,y,z,yz,xz,xy] (kbar):       -6.42        1.14        3.54       -0.00       -0.00       -0.00
(Free)E + p*V (eV/cell)   -31907.8656
Target enthalpy (eV/cell)   -31907.9052

siesta: Stress tensor (static) (eV/Ang**3):
        -0.004009   -0.000000   -0.000000
        -0.000000    0.000714   -0.000000
        -0.000000   -0.000000    0.002210

siesta: Pressure (static):          0.57996477  kBar

siesta: Stress tensor (total) (eV/Ang**3):
        -0.004009   -0.000000   -0.000000
        -0.000000    0.000714   -0.000000
        -0.000000   -0.000000    0.002210

siesta: Pressure (total):          0.57996477  kBar

cgvc: Finished line minimization    5.  Mean atomic displacement =    0.0355

                     ====================================
                        Begin CG opt. move =     13
                     ====================================
k-point displ. along   1 input, could be:     0.00    0.50
k-point displ. along   2 input, could be:     0.00    0.50
k-point displ. along   3 input, could be:     0.00    0.50
 Kpoints in:           32 . Kpoints trimmed:           31

siesta: k-grid: Number of k-points = 31
siesta: k-points from Monkhorst-Pack grid
siesta: k-cutoff (effective) =     6.832 Ang
siesta: k-point supercell and displacements
siesta: k-grid:     6     0     0      0.000
siesta: k-grid:     0     2     0      0.000
siesta: k-grid:     0     0     4      0.000

superc: Internal auxiliary supercell:    13 x     3 x     9  =     351
superc: Number of atoms, orbitals, and projectors:   3510  86697  63180

outcell: Unit cell vectors (Ang):
        2.538317    0.000000    0.000000
        0.000000   12.680972    0.000000
        0.000000    0.000000    3.415770

outcell: Cell vector modules (Ang)   :    2.538317   12.680972    3.415770
outcell: Cell angles (23,13,12) (deg):     90.0000     90.0000     90.0000
outcell: Cell volume (Ang**3)        :    109.9479
<dSpData1D:S at geom step 13
  <sparsity:sparsity for geom step 13
    nrows_g=247 nrows=17 sparsity=1.4442 nnzs=88109, refcount: 7>
  <dData1D:(new from dSpData1D) n=88109, refcount: 1>
refcount: 1>
new_DM -- step:    14
Re-using DM from previous geometries...
Number of DMs in history: 1
 DM extrapolation coefficients: 
1   1.00000
New DM after history re-use:
<dSpData2D:SpM extrapolated using coords
  <sparsity:sparsity for geom step 13
    nrows_g=247 nrows=17 sparsity=1.4442 nnzs=88109, refcount: 9>
  <dData2D:(temp array for extrapolation) n=88109 m=2, refcount: 1>
refcount: 1>
No. of atoms with KB's overlaping orbs in proc 0. Max # of overlaps:     189     912

InitMesh: MESH = 30 x 144 x 36 = 155520
InitMesh: Mesh cutoff (required, used) =   300.000   306.994 Ry
New grid distribution [1]: sub = 2
New grid distribution [2]: sub = 2
New grid distribution [3]: sub = 2
Setting up quadratic distribution...

        iscf     Eharris(eV)        E_KS(eV)     FreeEng(eV)     dDmax    Ef(eV) dHmax(eV)
   scf:    1   -31861.794423   -31892.433406   -31892.459093  0.241732 -7.201234 22.353508
     spin moment: {S} , |S| = {        0.0        0.0    2.64616 }     2.64616
   scf:    2     7699.100095   -18895.531152   -18895.544313136.914650 -6.488392644.249825
     spin moment: {S} , |S| = {        0.0        0.0   -0.01277 }    -0.01277
   scf:    3   -33481.780911   -31831.721537   -31831.749348136.735690 -7.192334 52.629542
     spin moment: {S} , |S| = {        0.0        0.0    3.04927 }     3.04927
   scf:    4   -31920.622116   -31889.630177   -31889.655133  0.320379 -7.185583 24.810165
     spin moment: {S} , |S| = {        0.0        0.0    3.08695 }     3.08695
   scf:    5   -31907.850176   -31899.760574   -31899.782835  0.113230 -7.200785 16.109996
     spin moment: {S} , |S| = {        0.0        0.0    3.05969 }     3.05969
   scf:    6   -31910.277650   -31906.237037   -31906.254717  0.104392 -7.211921  7.624437
     spin moment: {S} , |S| = {        0.0        0.0    3.00816 }     3.00816
   scf:    7   -31908.418408   -31907.735849   -31907.752311  0.048816 -7.216922  2.237009
     spin moment: {S} , |S| = {        0.0        0.0    2.95317 }     2.95317
   scf:    8   -31907.110708   -31907.462754   -31907.479450  0.017361 -7.217665  3.859266
     spin moment: {S} , |S| = {        0.0        0.0    2.97035 }     2.97035
   scf:    9   -31907.378952   -31907.821234   -31907.837995  0.050893 -7.224856  1.483784
     spin moment: {S} , |S| = {        0.0        0.0    2.91044 }     2.91044
   scf:   10   -31907.807924   -31907.875607   -31907.892170  0.020892 -7.222828  0.589608
     spin moment: {S} , |S| = {        0.0        0.0    2.93594 }     2.93594
   scf:   11   -31907.886219   -31907.885774   -31907.902373  0.006680 -7.223078  0.045434
     spin moment: {S} , |S| = {        0.0        0.0    2.92941 }     2.92941
   scf:   12   -31907.886663   -31907.886219   -31907.902848  0.002985 -7.222696  0.057792
     spin moment: {S} , |S| = {        0.0        0.0    2.92942 }     2.92942
   scf:   13   -31907.887901   -31907.887040   -31907.903718  0.005496 -7.221640  0.046070
     spin moment: {S} , |S| = {        0.0        0.0    2.93030 }     2.93030
   scf:   14   -31907.888214   -31907.887606   -31907.904325  0.004331 -7.221356  0.045761
     spin moment: {S} , |S| = {        0.0        0.0    2.93065 }     2.93065
   scf:   15   -31907.887800   -31907.887702   -31907.904428  0.000805 -7.221353  0.044934
     spin moment: {S} , |S| = {        0.0        0.0    2.93069 }     2.93069
   scf:   16   -31907.888541   -31907.888108   -31907.904862  0.003323 -7.221362  0.043016
     spin moment: {S} , |S| = {        0.0        0.0    2.93081 }     2.93081
   scf:   17   -31907.888191   -31907.888149   -31907.904908  0.000330 -7.221353  0.042279
     spin moment: {S} , |S| = {        0.0        0.0    2.93088 }     2.93088

SCF Convergence by DM criterion
max |DM_out - DM_in|         :     0.0003296918
max |H_out - H_in|      (eV) :     0.0422792837
SCF cycle converged after 17 iterations

Using DM_out to compute the final energy and forces
No. of atoms with KB's overlaping orbs in proc 0. Max # of overlaps:     189     912

siesta: E_KS(eV) =           -31907.8881

siesta: Atomic forces (eV/Ang):
     1   -0.000001   -0.121803   -0.000003
     2   -0.000000   -0.105465   -0.000005
     3    0.000003   -0.027297    0.000005
     4    0.000002    0.114740    0.000008
     5    0.000000    0.182605    0.000000
     6    0.000002    0.012502   -0.000004
     7   -0.000001   -0.278418   -0.000002
     8   -0.000001   -0.152604    0.000001
     9    0.000001    0.265523    0.000003
    10   -0.000001    0.135096   -0.000001
----------------------------------------
   Tot    0.000004    0.024880    0.000002
----------------------------------------
   Max    0.278418
   Res    0.093618    sqrt( Sum f_i^2 / 3N )
----------------------------------------
   Max    0.278418    constrained

Stress tensor Voigt[x,y,z,yz,xz,xy] (kbar):        6.50        6.79        1.54        0.00        0.00        0.00
(Free)E + p*V (eV/cell)   -31908.2442
Target enthalpy (eV/cell)   -31907.9049

siesta: Stress tensor (static) (eV/Ang**3):
         0.004058    0.000000    0.000000
         0.000000    0.004239    0.000000
         0.000000    0.000000    0.000960

siesta: Pressure (static):         -4.94363941  kBar

siesta: Stress tensor (total) (eV/Ang**3):
         0.004058    0.000000    0.000000
         0.000000    0.004239    0.000000
         0.000000    0.000000    0.000960

siesta: Pressure (total):         -4.94363941  kBar

                     ====================================
                        Begin CG opt. move =     14
                     ====================================
k-point displ. along   1 input, could be:     0.00    0.50
k-point displ. along   2 input, could be:     0.00    0.50
k-point displ. along   3 input, could be:     0.00    0.50
 Kpoints in:           32 . Kpoints trimmed:           31

siesta: k-grid: Number of k-points = 31
siesta: k-points from Monkhorst-Pack grid
siesta: k-cutoff (effective) =     6.847 Ang
siesta: k-point supercell and displacements
siesta: k-grid:     6     0     0      0.000
siesta: k-grid:     0     2     0      0.000
siesta: k-grid:     0     0     4      0.000

superc: Internal auxiliary supercell:    13 x     3 x     9  =     351
superc: Number of atoms, orbitals, and projectors:   3510  86697  63180

outcell: Unit cell vectors (Ang):
        2.530379    0.000000    0.000000
        0.000000   12.671069   -0.000000
        0.000000   -0.000000    3.423514

outcell: Cell vector modules (Ang)   :    2.530379   12.671069    3.423514
outcell: Cell angles (23,13,12) (deg):     90.0000     90.0000     90.0000
outcell: Cell volume (Ang**3)        :    109.7668
<dSpData1D:S at geom step 14
  <sparsity:sparsity for geom step 14
    nrows_g=247 nrows=17 sparsity=1.4441 nnzs=88103, refcount: 7>
  <dData1D:(new from dSpData1D) n=88103, refcount: 1>
refcount: 1>
new_DM -- step:    15
Re-using DM from previous geometries...
Number of DMs in history: 1
 DM extrapolation coefficients: 
1   1.00000
New DM after history re-use:
<dSpData2D:SpM extrapolated using coords
  <sparsity:sparsity for geom step 14
    nrows_g=247 nrows=17 sparsity=1.4441 nnzs=88103, refcount: 9>
  <dData2D:(temp array for extrapolation) n=88103 m=2, refcount: 1>
refcount: 1>
No. of atoms with KB's overlaping orbs in proc 0. Max # of overlaps:     189     892

InitMesh: MESH = 30 x 144 x 36 = 155520
InitMesh: Mesh cutoff (required, used) =   300.000   305.607 Ry
New grid distribution [1]: sub = 2
New grid distribution [2]: sub = 2
New grid distribution [3]: sub = 2
Setting up quadratic distribution...

        iscf     Eharris(eV)        E_KS(eV)     FreeEng(eV)     dDmax    Ef(eV) dHmax(eV)
   scf:    1   -31889.695597   -31901.956780   -31901.977263  0.161101 -7.220954 13.868973
     spin moment: {S} , |S| = {        0.0        0.0    3.01679 }     3.01679
   scf:    2     -134.520652   -21416.856286   -21416.864544 80.255016 -3.881517542.064851
     spin moment: {S} , |S| = {        0.0        0.0    0.22948 }     0.22948
   scf:    3   -32504.673730   -31892.973510   -31892.994478 80.171787 -7.236361 23.110918
     spin moment: {S} , |S| = {        0.0        0.0    2.67286 }     2.67286
   scf:    4   -31909.925129   -31904.038268   -31904.056885  0.189555 -7.232338 11.552347
     spin moment: {S} , |S| = {        0.0        0.0    2.74367 }     2.74367
   scf:    5   -31909.144688   -31907.347015   -31907.363922  0.082315 -7.230746  4.176769
     spin moment: {S} , |S| = {        0.0        0.0    2.82841 }     2.82841
   scf:    6   -31908.020479   -31907.745751   -31907.762462  0.020634 -7.229211  2.339052
     spin moment: {S} , |S| = {        0.0        0.0    2.85554 }     2.85554
   scf:    7   -31907.943128   -31907.892869   -31907.909536  0.017269 -7.226861  0.534142
     spin moment: {S} , |S| = {        0.0        0.0    2.87918 }     2.87918
   scf:    8   -31907.822882   -31907.864412   -31907.881099  0.008364 -7.226556  1.193028
     spin moment: {S} , |S| = {        0.0        0.0    2.86914 }     2.86914
   scf:    9   -31907.914537   -31907.899015   -31907.915745  0.011154 -7.224549  0.327115
     spin moment: {S} , |S| = {        0.0        0.0    2.87671 }     2.87671
   scf:   10   -31907.902303   -31907.902056   -31907.918842  0.005689 -7.224057  0.081875
     spin moment: {S} , |S| = {        0.0        0.0    2.87868 }     2.87868
   scf:   11   -31907.903077   -31907.902556   -31907.919377  0.004114 -7.224341  0.080232
     spin moment: {S} , |S| = {        0.0        0.0    2.87669 }     2.87669
   scf:   12   -31907.905237   -31907.903814   -31907.920722  0.010854 -7.224941  0.073453
     spin moment: {S} , |S| = {        0.0        0.0    2.87118 }     2.87118
   scf:   13   -31907.904453   -31907.904128   -31907.921058  0.002777 -7.225037  0.072603
     spin moment: {S} , |S| = {        0.0        0.0    2.86975 }     2.86975
   scf:   14   -31907.903540   -31907.903830   -31907.920738  0.002579 -7.225053  0.072696
     spin moment: {S} , |S| = {        0.0        0.0    2.87114 }     2.87114
   scf:   15   -31907.901491   -31907.902562   -31907.919367  0.011482 -7.225251  0.075976
     spin moment: {S} , |S| = {        0.0        0.0    2.87727 }     2.87727
   scf:   16   -31907.900062   -31907.901180   -31907.917851  0.013337 -7.225946  0.056978
     spin moment: {S} , |S| = {        0.0        0.0    2.88416 }     2.88416
   scf:   17   -31907.896008   -31907.894236   -31907.910323  0.063476 -7.225943  0.137993
     spin moment: {S} , |S| = {        0.0        0.0    2.91549 }     2.91549
   scf:   18   -31907.892753   -31907.893390   -31907.909422  0.008926 -7.226034  0.127258
     spin moment: {S} , |S| = {        0.0        0.0    2.91925 }     2.91925
   scf:   19   -31907.892437   -31907.892866   -31907.908863  0.006411 -7.226233  0.108588
     spin moment: {S} , |S| = {        0.0        0.0    2.92162 }     2.92162
   scf:   20   -31907.889822   -31907.890063   -31907.905972  0.032601 -7.227559  0.103294
     spin moment: {S} , |S| = {        0.0        0.0    2.93217 }     2.93217
   scf:   21   -31907.888300   -31907.887695   -31907.903625  0.038518 -7.228023  0.095191
     spin moment: {S} , |S| = {        0.0        0.0    2.94345 }     2.94345
   scf:   22   -31907.886665   -31907.886680   -31907.902684  0.020001 -7.228517  0.058649
     spin moment: {S} , |S| = {        0.0        0.0    2.94892 }     2.94892
   scf:   23   -31907.886891   -31907.886783   -31907.902780  0.002666 -7.228556  0.039872
     spin moment: {S} , |S| = {        0.0        0.0    2.94880 }     2.94880
   scf:   24   -31907.886190   -31907.886320   -31907.902362  0.011698 -7.229231  0.042493
     spin moment: {S} , |S| = {        0.0        0.0    2.94950 }     2.94950
   scf:   25   -31907.886034   -31907.886086   -31907.902167  0.009056 -7.229580  0.041969
     spin moment: {S} , |S| = {        0.0        0.0    2.94583 }     2.94583
   scf:   26   -31907.885631   -31907.885660   -31907.901822  0.012716 -7.229896  0.043342
     spin moment: {S} , |S| = {        0.0        0.0    2.94743 }     2.94743
   scf:   27   -31907.885570   -31907.885495   -31907.901719  0.010600 -7.230073  0.031379
     spin moment: {S} , |S| = {        0.0        0.0    2.94282 }     2.94282
   scf:   28   -31907.885545   -31907.885212   -31907.901556  0.015732 -7.230727  0.023720
     spin moment: {S} , |S| = {        0.0        0.0    2.94103 }     2.94103
   scf:   29   -31907.885334   -31907.885156   -31907.901570  0.010890 -7.230968  0.020276
     spin moment: {S} , |S| = {        0.0        0.0    2.93702 }     2.93702
   scf:   30   -31907.885264   -31907.885188   -31907.901626  0.005408 -7.231267  0.014288
     spin moment: {S} , |S| = {        0.0        0.0    2.93308 }     2.93308
   scf:   31   -31907.885502   -31907.885220   -31907.901730  0.011989 -7.231705  0.012329
     spin moment: {S} , |S| = {        0.0        0.0    2.92753 }     2.92753
   scf:   32   -31907.885342   -31907.885253   -31907.901798  0.005834 -7.231836  0.015203
     spin moment: {S} , |S| = {        0.0        0.0    2.92486 }     2.92486
   scf:   33   -31907.885325   -31907.885269   -31907.901850  0.004467 -7.231911  0.015568
     spin moment: {S} , |S| = {        0.0        0.0    2.92341 }     2.92341
   scf:   34   -31907.885277   -31907.885273   -31907.901861  0.000566 -7.231919  0.012922
     spin moment: {S} , |S| = {        0.0        0.0    2.92302 }     2.92302
   scf:   35   -31907.885524   -31907.885373   -31907.901989  0.006663 -7.232084  0.017480
     spin moment: {S} , |S| = {        0.0        0.0    2.91653 }     2.91653
   scf:   36   -31907.885365   -31907.885360   -31907.901947  0.003135 -7.232118  0.014187
     spin moment: {S} , |S| = {        0.0        0.0    2.91757 }     2.91757
   scf:   37   -31907.885621   -31907.885467   -31907.902075  0.006544 -7.232362  0.014238
     spin moment: {S} , |S| = {        0.0        0.0    2.90979 }     2.90979
   scf:   38   -31907.885523   -31907.885492   -31907.902093  0.001823 -7.232515  0.012557
     spin moment: {S} , |S| = {        0.0        0.0    2.90679 }     2.90679
   scf:   39   -31907.885542   -31907.885489   -31907.902052  0.005025 -7.232659  0.009054
     spin moment: {S} , |S| = {        0.0        0.0    2.90545 }     2.90545
   scf:   40   -31907.885604   -31907.885518   -31907.902042  0.005540 -7.232913  0.008841
     spin moment: {S} , |S| = {        0.0        0.0    2.90180 }     2.90180
   scf:   41   -31907.885613   -31907.885547   -31907.902042  0.004527 -7.233092  0.006595
     spin moment: {S} , |S| = {        0.0        0.0    2.89836 }     2.89836
   scf:   42   -31907.885806   -31907.885611   -31907.902058  0.008773 -7.233498  0.003554
     spin moment: {S} , |S| = {        0.0        0.0    2.89044 }     2.89044
   scf:   43   -31907.885664   -31907.885629   -31907.902077  0.002786 -7.233775  0.002976
     spin moment: {S} , |S| = {        0.0        0.0    2.88453 }     2.88453
   scf:   44   -31907.885679   -31907.885646   -31907.902079  0.003113 -7.233947  0.002872
     spin moment: {S} , |S| = {        0.0        0.0    2.88162 }     2.88162
   scf:   45   -31907.885648   -31907.885645   -31907.902083  0.001003 -7.234113  0.002279
     spin moment: {S} , |S| = {        0.0        0.0    2.87910 }     2.87910
   scf:   46   -31907.885636   -31907.885639   -31907.902088  0.001605 -7.234218  0.002786
     spin moment: {S} , |S| = {        0.0        0.0    2.87736 }     2.87736
   scf:   47   -31907.885639   -31907.885638   -31907.902089  0.000289 -7.234270  0.002896
     spin moment: {S} , |S| = {        0.0        0.0    2.87681 }     2.87681

SCF Convergence by DM criterion
max |DM_out - DM_in|         :     0.0002886391
max |H_out - H_in|      (eV) :     0.0028963936
SCF cycle converged after 47 iterations

Using DM_out to compute the final energy and forces
No. of atoms with KB's overlaping orbs in proc 0. Max # of overlaps:     189     892

siesta: E_KS(eV) =           -31907.8856

siesta: Atomic forces (eV/Ang):
     1   -0.000001   -0.025241   -0.000001
     2   -0.000001   -0.026594   -0.000002
     3   -0.000000   -0.013503    0.000000
     4    0.000001    0.084899    0.000001
     5    0.000000    0.040497    0.000001
     6    0.000000    0.007603    0.000000
     7    0.000000   -0.037862   -0.000002
     8   -0.000001   -0.040839    0.000001
     9   -0.000000    0.016766   -0.000000
    10    0.000003    0.028002   -0.000001
----------------------------------------
   Tot    0.000002    0.033727   -0.000002
----------------------------------------
   Max    0.084899
   Res    0.022060    sqrt( Sum f_i^2 / 3N )
----------------------------------------
   Max    0.084899    constrained

Stress tensor Voigt[x,y,z,yz,xz,xy] (kbar):       -1.23        2.21        5.83       -0.00       -0.00        0.00
(Free)E + p*V (eV/cell)   -31908.0577
Target enthalpy (eV/cell)   -31907.9021

siesta: Stress tensor (static) (eV/Ang**3):
        -0.000765    0.000000    0.000000
         0.000000    0.001377   -0.000000
        -0.000000   -0.000000    0.003642

siesta: Pressure (static):         -2.27160777  kBar

siesta: Stress tensor (total) (eV/Ang**3):
        -0.000765    0.000000    0.000000
         0.000000    0.001377   -0.000000
        -0.000000   -0.000000    0.003642

siesta: Pressure (total):         -2.27160777  kBar

cgvc: Finished line minimization    6.  Mean atomic displacement =    0.0132

                     ====================================
                        Begin CG opt. move =     15
                     ====================================
k-point displ. along   1 input, could be:     0.00    0.50
k-point displ. along   2 input, could be:     0.00    0.50
k-point displ. along   3 input, could be:     0.00    0.50
 Kpoints in:           32 . Kpoints trimmed:           31

siesta: k-grid: Number of k-points = 31
siesta: k-points from Monkhorst-Pack grid
siesta: k-cutoff (effective) =     6.826 Ang
siesta: k-point supercell and displacements
siesta: k-grid:     6     0     0      0.000
siesta: k-grid:     0     2     0      0.000
siesta: k-grid:     0     0     4      0.000

superc: Internal auxiliary supercell:    13 x     3 x     9  =     351
superc: Number of atoms, orbitals, and projectors:   3510  86697  63180

outcell: Unit cell vectors (Ang):
        2.535399    0.000000    0.000000
        0.000000   12.666988    0.000000
        0.000000    0.000000    3.412808

outcell: Cell vector modules (Ang)   :    2.535399   12.666988    3.412808
outcell: Cell angles (23,13,12) (deg):     90.0000     90.0000     90.0000
outcell: Cell volume (Ang**3)        :    109.6053
<dSpData1D:S at geom step 15
  <sparsity:sparsity for geom step 15
    nrows_g=247 nrows=17 sparsity=1.4452 nnzs=88171, refcount: 7>
  <dData1D:(new from dSpData1D) n=88171, refcount: 1>
refcount: 1>
new_DM -- step:    16
Re-using DM from previous geometries...
Number of DMs in history: 1
 DM extrapolation coefficients: 
1   1.00000
New DM after history re-use:
<dSpData2D:SpM extrapolated using coords
  <sparsity:sparsity for geom step 15
    nrows_g=247 nrows=17 sparsity=1.4452 nnzs=88171, refcount: 9>
  <dData2D:(temp array for extrapolation) n=88171 m=2, refcount: 1>
refcount: 1>
No. of atoms with KB's overlaping orbs in proc 0. Max # of overlaps:     189     912

InitMesh: MESH = 30 x 144 x 36 = 155520
InitMesh: Mesh cutoff (required, used) =   300.000   307.527 Ry
New grid distribution [1]: sub = 2
New grid distribution [2]: sub = 2
New grid distribution [3]: sub = 2
Setting up quadratic distribution...

        iscf     Eharris(eV)        E_KS(eV)     FreeEng(eV)     dDmax    Ef(eV) dHmax(eV)
   scf:    1   -31903.735064   -31906.583293   -31906.600477  0.240920 -7.227067  6.590316
     spin moment: {S} , |S| = {        0.0        0.0    2.83381 }     2.83381
   scf:    2   -20826.962131   -28241.631498   -28241.646330  3.897516 -6.577029341.157212
     spin moment: {S} , |S| = {        0.0        0.0    0.05881 }     0.05881
   scf:    3   -32011.442295   -31907.296749   -31907.314046  3.874231 -7.227967  4.536004
     spin moment: {S} , |S| = {        0.0        0.0    2.89207 }     2.89207
   scf:    4   -31907.827074   -31907.692907   -31907.709456  0.039552 -7.228587  2.566169
     spin moment: {S} , |S| = {        0.0        0.0    2.90893 }     2.90893
   scf:    5   -31907.879673   -31907.798111   -31907.814746  0.011372 -7.229785  1.707120
     spin moment: {S} , |S| = {        0.0        0.0    2.90363 }     2.90363
   scf:    6   -31907.914168   -31907.873572   -31907.890234  0.011491 -7.231593  0.599012
     spin moment: {S} , |S| = {        0.0        0.0    2.89723 }     2.89723
   scf:    7   -31907.885798   -31907.880579   -31907.897221  0.006995 -7.233553  0.428509
     spin moment: {S} , |S| = {        0.0        0.0    2.89655 }     2.89655
   scf:    8   -31907.879208   -31907.884784   -31907.901473  0.010133 -7.236865  0.186073
     spin moment: {S} , |S| = {        0.0        0.0    2.89405 }     2.89405
   scf:    9   -31907.885837   -31907.885661   -31907.902338  0.001568 -7.236877  0.024186
     spin moment: {S} , |S| = {        0.0        0.0    2.89521 }     2.89521
   scf:   10   -31907.885695   -31907.885678   -31907.902353  0.000699 -7.236949  0.015719
     spin moment: {S} , |S| = {        0.0        0.0    2.89561 }     2.89561
   scf:   11   -31907.885756   -31907.885718   -31907.902386  0.002920 -7.237044  0.005873
     spin moment: {S} , |S| = {        0.0        0.0    2.89715 }     2.89715
   scf:   12   -31907.885738   -31907.885728   -31907.902393  0.000638 -7.237087  0.004809
     spin moment: {S} , |S| = {        0.0        0.0    2.89767 }     2.89767
   scf:   13   -31907.885741   -31907.885734   -31907.902398  0.000404 -7.237094  0.004841
     spin moment: {S} , |S| = {        0.0        0.0    2.89808 }     2.89808

SCF Convergence by DM criterion
max |DM_out - DM_in|         :     0.0004036006
max |H_out - H_in|      (eV) :     0.0048408938
SCF cycle converged after 13 iterations

Using DM_out to compute the final energy and forces
No. of atoms with KB's overlaping orbs in proc 0. Max # of overlaps:     189     912

siesta: E_KS(eV) =           -31907.8857

siesta: Atomic forces (eV/Ang):
     1    0.000000    0.020233   -0.000000
     2    0.000001   -0.007463   -0.000002
     3   -0.000001   -0.028699   -0.000000
     4    0.000001   -0.020602    0.000001
     5    0.000000    0.051874   -0.000002
     6    0.000001    0.004385   -0.000002
     7    0.000001   -0.099347    0.000001
     8   -0.000000   -0.037791   -0.000000
     9    0.000000    0.092872    0.000001
    10   -0.000003    0.053202    0.000002
----------------------------------------
   Tot    0.000001    0.028663   -0.000002
----------------------------------------
   Max    0.099347
   Res    0.030098    sqrt( Sum f_i^2 / 3N )
----------------------------------------
   Max    0.099347    constrained

Stress tensor Voigt[x,y,z,yz,xz,xy] (kbar):       -0.30       -2.34       -1.35        0.00        0.00        0.00
(Free)E + p*V (eV/cell)   -31907.8113
Target enthalpy (eV/cell)   -31907.9024

siesta: Stress tensor (static) (eV/Ang**3):
        -0.000190    0.000000    0.000000
         0.000000   -0.001461    0.000000
         0.000000    0.000000   -0.000842

siesta: Pressure (static):          1.33139568  kBar

siesta: Stress tensor (total) (eV/Ang**3):
        -0.000190    0.000000    0.000000
         0.000000   -0.001461    0.000000
         0.000000    0.000000   -0.000842

siesta: Pressure (total):          1.33139568  kBar

                     ====================================
                        Begin CG opt. move =     16
                     ====================================
k-point displ. along   1 input, could be:     0.00    0.50
k-point displ. along   2 input, could be:     0.00    0.50
k-point displ. along   3 input, could be:     0.00    0.50
 Kpoints in:           32 . Kpoints trimmed:           31

siesta: k-grid: Number of k-points = 31
siesta: k-points from Monkhorst-Pack grid
siesta: k-cutoff (effective) =     6.835 Ang
siesta: k-point supercell and displacements
siesta: k-grid:     6     0     0      0.000
siesta: k-grid:     0     2     0      0.000
siesta: k-grid:     0     0     4      0.000

superc: Internal auxiliary supercell:    13 x     3 x     9  =     351
superc: Number of atoms, orbitals, and projectors:   3510  86697  63180

outcell: Unit cell vectors (Ang):
        2.533220    0.000000    0.000000
        0.000000   12.668759    0.000000
        0.000000    0.000000    3.417454

outcell: Cell vector modules (Ang)   :    2.533220   12.668759    3.417454
outcell: Cell angles (23,13,12) (deg):     90.0000     90.0000     90.0000
outcell: Cell volume (Ang**3)        :    109.6755
<dSpData1D:S at geom step 16
  <sparsity:sparsity for geom step 16
    nrows_g=247 nrows=17 sparsity=1.4452 nnzs=88171, refcount: 7>
  <dData1D:(new from dSpData1D) n=88171, refcount: 1>
refcount: 1>
new_DM -- step:    17
Re-using DM from previous geometries...
Number of DMs in history: 1
 DM extrapolation coefficients: 
1   1.00000
New DM after history re-use:
<dSpData2D:SpM extrapolated using coords
  <sparsity:sparsity for geom step 16
    nrows_g=247 nrows=17 sparsity=1.4452 nnzs=88171, refcount: 9>
  <dData2D:(temp array for extrapolation) n=88171 m=2, refcount: 1>
refcount: 1>
No. of atoms with KB's overlaping orbs in proc 0. Max # of overlaps:     189     912

InitMesh: MESH = 30 x 144 x 36 = 155520
InitMesh: Mesh cutoff (required, used) =   300.000   306.691 Ry
New grid distribution [1]: sub = 2
New grid distribution [2]: sub = 2
New grid distribution [3]: sub = 2
Setting up quadratic distribution...

        iscf     Eharris(eV)        E_KS(eV)     FreeEng(eV)     dDmax    Ef(eV) dHmax(eV)
   scf:    1   -31907.217442   -31907.632029   -31907.648738  0.070276 -7.239204  2.892955
     spin moment: {S} , |S| = {        0.0        0.0    2.91689 }     2.91689
   scf:    2   -26071.079175   -29969.554095   -29969.584370  2.431609 -6.777629246.752011
     spin moment: {S} , |S| = {        0.0        0.0    1.96642 }     1.96642
   scf:    3   -31921.459300   -31907.857593   -31907.873874  2.418872 -7.236086  0.874588
     spin moment: {S} , |S| = {        0.0        0.0    2.89281 }     2.89281
   scf:    4   -31907.887585   -31907.880629   -31907.897044  0.013300 -7.236614  0.426802
     spin moment: {S} , |S| = {        0.0        0.0    2.89597 }     2.89597
   scf:    5   -31907.882876   -31907.882632   -31907.899121  0.003076 -7.236670  0.444176
     spin moment: {S} , |S| = {        0.0        0.0    2.89423 }     2.89423
   scf:    6   -31907.884946   -31907.883895   -31907.900388  0.000943 -7.236556  0.334352
     spin moment: {S} , |S| = {        0.0        0.0    2.89420 }     2.89420
   scf:    7   -31907.886643   -31907.886048   -31907.902603  0.003521 -7.236233  0.058000
     spin moment: {S} , |S| = {        0.0        0.0    2.89303 }     2.89303
   scf:    8   -31907.885845   -31907.886067   -31907.902645  0.001935 -7.236018  0.057036
     spin moment: {S} , |S| = {        0.0        0.0    2.89258 }     2.89258
   scf:    9   -31907.886092   -31907.886081   -31907.902660  0.000894 -7.235912  0.049855
     spin moment: {S} , |S| = {        0.0        0.0    2.89249 }     2.89249
   scf:   10   -31907.886171   -31907.886150   -31907.902720  0.001022 -7.235869  0.003730
     spin moment: {S} , |S| = {        0.0        0.0    2.89254 }     2.89254
   scf:   11   -31907.886152   -31907.886151   -31907.902723  0.000291 -7.235893  0.003462
     spin moment: {S} , |S| = {        0.0        0.0    2.89246 }     2.89246

SCF Convergence by DM criterion
max |DM_out - DM_in|         :     0.0002908242
max |H_out - H_in|      (eV) :     0.0034622170
SCF cycle converged after 11 iterations

Using DM_out to compute the final energy and forces
No. of atoms with KB's overlaping orbs in proc 0. Max # of overlaps:     189     912

siesta: E_KS(eV) =           -31907.8862

siesta: Atomic forces (eV/Ang):
     1   -0.000000    0.002266    0.000000
     2    0.000000   -0.015626   -0.000001
     3   -0.000001   -0.022035   -0.000000
     4    0.000000    0.025398    0.000000
     5   -0.000000    0.049939   -0.000000
     6    0.000001    0.003106   -0.000002
     7   -0.000001   -0.070915    0.000000
     8   -0.000001   -0.040226    0.000001
     9    0.000001    0.058515    0.000003
    10   -0.000002    0.043046    0.000002
----------------------------------------
   Tot   -0.000002    0.033467    0.000003
----------------------------------------
   Max    0.070915
   Res    0.022955    sqrt( Sum f_i^2 / 3N )
----------------------------------------
   Max    0.070915    constrained

Stress tensor Voigt[x,y,z,yz,xz,xy] (kbar):       -0.92       -0.55        1.90        0.00        0.00        0.00
(Free)E + p*V (eV/cell)   -31907.9126
Target enthalpy (eV/cell)   -31907.9027

siesta: Stress tensor (static) (eV/Ang**3):
        -0.000571    0.000000    0.000000
         0.000000   -0.000345    0.000000
         0.000000    0.000000    0.001187

siesta: Pressure (static):         -0.14438001  kBar

siesta: Stress tensor (total) (eV/Ang**3):
        -0.000571    0.000000    0.000000
         0.000000   -0.000345    0.000000
         0.000000    0.000000    0.001187

siesta: Pressure (total):         -0.14438001  kBar

cgvc: Finished line minimization    7.  Mean atomic displacement =    0.0075

                     ====================================
                        Begin CG opt. move =     17
                     ====================================
k-point displ. along   1 input, could be:     0.00    0.50
k-point displ. along   2 input, could be:     0.00    0.50
k-point displ. along   3 input, could be:     0.00    0.50
 Kpoints in:           32 . Kpoints trimmed:           31

siesta: k-grid: Number of k-points = 31
siesta: k-points from Monkhorst-Pack grid
siesta: k-cutoff (effective) =     6.829 Ang
siesta: k-point supercell and displacements
siesta: k-grid:     6     0     0      0.000
siesta: k-grid:     0     2     0      0.000
siesta: k-grid:     0     0     4      0.000

superc: Internal auxiliary supercell:    13 x     3 x     9  =     351
superc: Number of atoms, orbitals, and projectors:   3510  86697  63180

outcell: Unit cell vectors (Ang):
        2.534383   -0.000000   -0.000000
       -0.000000   12.670038    0.000000
       -0.000000    0.000000    3.414507

outcell: Cell vector modules (Ang)   :    2.534383   12.670038    3.414507
outcell: Cell angles (23,13,12) (deg):     90.0000     90.0000     90.0000
outcell: Cell volume (Ang**3)        :    109.6423
<dSpData1D:S at geom step 17
  <sparsity:sparsity for geom step 17
    nrows_g=247 nrows=17 sparsity=1.4452 nnzs=88171, refcount: 7>
  <dData1D:(new from dSpData1D) n=88171, refcount: 1>
refcount: 1>
new_DM -- step:    18
Re-using DM from previous geometries...
Number of DMs in history: 1
 DM extrapolation coefficients: 
1   1.00000
New DM after history re-use:
<dSpData2D:SpM extrapolated using coords
  <sparsity:sparsity for geom step 17
    nrows_g=247 nrows=17 sparsity=1.4452 nnzs=88171, refcount: 9>
  <dData2D:(temp array for extrapolation) n=88171 m=2, refcount: 1>
refcount: 1>
No. of atoms with KB's overlaping orbs in proc 0. Max # of overlaps:     189     912

InitMesh: MESH = 30 x 144 x 36 = 155520
InitMesh: Mesh cutoff (required, used) =   300.000   307.221 Ry
New grid distribution [1]: sub = 2
New grid distribution [2]: sub = 2
New grid distribution [3]: sub = 2
Setting up quadratic distribution...

        iscf     Eharris(eV)        E_KS(eV)     FreeEng(eV)     dDmax    Ef(eV) dHmax(eV)
   scf:    1   -31907.552994   -31907.809250   -31907.825290  0.039578 -7.232222  1.726873
     spin moment: {S} , |S| = {        0.0        0.0    2.90665 }     2.90665
   scf:    2   -30372.352090   -31397.896162   -31397.933489  1.146314 -7.165713143.781162
     spin moment: {S} , |S| = {        0.0        0.0    3.26618 }     3.26618
   scf:    3   -31912.267090   -31907.840340   -31907.857057  1.123449 -7.235735  1.331015
     spin moment: {S} , |S| = {        0.0        0.0    2.90729 }     2.90729
   scf:    4   -31907.863573   -31907.877846   -31907.894390  0.021072 -7.235059  0.575744
     spin moment: {S} , |S| = {        0.0        0.0    2.89721 }     2.89721
   scf:    5   -31907.885624   -31907.886199   -31907.902690  0.007910 -7.234621  0.133425
     spin moment: {S} , |S| = {        0.0        0.0    2.89937 }     2.89937
   scf:    6   -31907.886753   -31907.886583   -31907.903070  0.001556 -7.234678  0.060357
     spin moment: {S} , |S| = {        0.0        0.0    2.89927 }     2.89927
   scf:    7   -31907.885734   -31907.886466   -31907.902924  0.002457 -7.235105  0.121938
     spin moment: {S} , |S| = {        0.0        0.0    2.89928 }     2.89928
   scf:    8   -31907.886763   -31907.886633   -31907.903098  0.000590 -7.235084  0.079754
     spin moment: {S} , |S| = {        0.0        0.0    2.89934 }     2.89934
   scf:    9   -31907.886754   -31907.886769   -31907.903252  0.001668 -7.235196  0.010135
     spin moment: {S} , |S| = {        0.0        0.0    2.89983 }     2.89983
   scf:   10   -31907.886820   -31907.886796   -31907.903280  0.000998 -7.235369  0.010036
     spin moment: {S} , |S| = {        0.0        0.0    2.90018 }     2.90018
   scf:   11   -31907.886811   -31907.886803   -31907.903290  0.000398 -7.235391  0.007973
     spin moment: {S} , |S| = {        0.0        0.0    2.90031 }     2.90031

SCF Convergence by DM criterion
max |DM_out - DM_in|         :     0.0003980092
max |H_out - H_in|      (eV) :     0.0079734255
SCF cycle converged after 11 iterations

Using DM_out to compute the final energy and forces
No. of atoms with KB's overlaping orbs in proc 0. Max # of overlaps:     189     912

siesta: E_KS(eV) =           -31907.8868

siesta: Atomic forces (eV/Ang):
     1   -0.000001    0.031882   -0.000001
     2   -0.000001    0.013792    0.000000
     3    0.000000   -0.005013   -0.000001
     4    0.000001   -0.008196   -0.000000
     5   -0.000000   -0.002667    0.000001
     6   -0.000000   -0.002955    0.000001
     7    0.000001    0.026530    0.000002
     8   -0.000001    0.033437   -0.000001
     9   -0.000001   -0.042790   -0.000001
    10   -0.000001   -0.018875   -0.000000
----------------------------------------
   Tot   -0.000002    0.025144   -0.000001
----------------------------------------
   Max    0.042790
   Res    0.013322    sqrt( Sum f_i^2 / 3N )
----------------------------------------
   Max    0.042790    constrained

Stress tensor Voigt[x,y,z,yz,xz,xy] (kbar):       -0.56       -1.75        0.24        0.00       -0.00        0.00
(Free)E + p*V (eV/cell)   -31907.8561
Target enthalpy (eV/cell)   -31907.9033

siesta: Stress tensor (static) (eV/Ang**3):
        -0.000349    0.000000    0.000000
         0.000000   -0.001092    0.000000
        -0.000000    0.000000    0.000150

siesta: Pressure (static):          0.68916994  kBar

siesta: Stress tensor (total) (eV/Ang**3):
        -0.000349    0.000000    0.000000
         0.000000   -0.001092    0.000000
        -0.000000    0.000000    0.000150

siesta: Pressure (total):          0.68916994  kBar

outcoor: Relaxed atomic coordinates (fractional):           
    0.49999998    0.09790704    0.50000002   1       1  Ga
   -0.00000002    0.79705611   -0.00000001   2       2  Ni
    0.49999991    0.70061847    0.49999998   2       3  Ni
   -0.00000003   -0.01104033    0.00000000   3       4  Mn
   -0.00000001    0.20814876    0.00000001   3       5  Mn
   -0.00000003    0.40446609   -0.00000004   3       6  Mn
   -0.00000006    0.59916999   -0.00000001   3       7  Mn
    0.50000000    0.30572164    0.50000002   3       8  Mn
    0.49999995    0.50303201    0.50000005   3       9  Mn
    0.50000000    0.89605184    0.50000002   3      10  Mn

outcell: Unit cell vectors (Ang):
        2.534383   -0.000000   -0.000000
       -0.000000   12.670038    0.000000
       -0.000000    0.000000    3.414507

outcell: Cell vector modules (Ang)   :    2.534383   12.670038    3.414507
outcell: Cell angles (23,13,12) (deg):     90.0000     90.0000     90.0000
outcell: Cell volume (Ang**3)        :    109.6423

coxmol: Writing XMOL coordinates into file hea.xyz                                                                                                                                                                                                                             
Writing WFSX for COOP/COHP in hea.fullBZ.WFSX

diag: Algorithm                                     = D&C
diag: Parallel over k                               =   F
diag: Use parallel 2D distribution                  =   T
diag: Parallel block-size                           = 10
diag: Parallel distribution                         =     4 x     6
diag: Used triangular part                          = Lower
diag: Absolute tolerance                            =  0.100E-15
diag: Orthogonalization factor                      =  0.100E-05
diag: Memory factor                                 =  1.0000

diag: Algorithm                                     = D&C
diag: Parallel over k                               =   F
diag: Use parallel 2D distribution                  =   T
diag: Parallel block-size                           = 10
diag: Parallel distribution                         =     4 x     6
diag: Used triangular part                          = Lower
diag: Absolute tolerance                            =  0.100E-15
diag: Orthogonalization factor                      =  0.100E-05
diag: Memory factor                                 =  1.0000

siesta: PDOS info
siesta: E1 -- E2, sigma [eV], nhist:  -20.000 --   20.000    0.100 1000

diag: Algorithm                                     = D&C
diag: Parallel over k                               =   F
diag: Use parallel 2D distribution                  =   T
diag: Parallel block-size                           = 10
diag: Parallel distribution                         =     4 x     6
diag: Used triangular part                          = Lower
diag: Absolute tolerance                            =  0.100E-15
diag: Orthogonalization factor                      =  0.100E-05
diag: Memory factor                                 =  1.0000

siesta: Program's energy decomposition (eV):
siesta: Ebs     =     -5736.996819
siesta: Eions   =     41909.877304
siesta: Ena     =      3717.962879
siesta: Ekin    =     15111.650830
siesta: Enl     =     -3797.776727
siesta: Eso     =         0.000000
siesta: Edftu   =         0.000000
siesta: DEna    =       134.299532
siesta: DUscf   =         2.098755
siesta: DUext   =         0.000000
siesta: Ex      =     -4864.293704
siesta: Ec      =      -301.951065
siesta: Exc     =     -5166.244769
siesta: EbV     =         0.000000
siesta: eta*DQ  =         0.000000
siesta: Emadel  =         0.000000
siesta: Emeta   =         0.000000
siesta: Emolmec =         0.000000
siesta: Ekinion =         0.000000
siesta: Eharris =    -31907.886811
siesta: Etot    =    -31907.886803
siesta: FreeEng =    -31907.903290

siesta: Final energy (eV):
siesta:  Band Struct. =   -5736.996819
siesta:       Kinetic =   15111.650830
siesta:       Hartree =    8101.050823
siesta:         Edftu =       0.000000
siesta:       Eso     =       0.000000
siesta:    Ext. field =       0.000000
siesta:         Exch. =   -4864.293704
siesta:         Corr. =    -301.951065
siesta:     Bulk bias =       0.000000
siesta:   Exch.-corr. =   -5166.244769
siesta:  Ion-electron =  -32421.779832
siesta:       Ion-ion =  -17532.563855
siesta:       Ekinion =       0.000000
siesta: D3 dispersion =       0.000000
siesta:         Total =  -31907.886803
siesta:         Fermi =      -7.235391

siesta: Stress tensor (static) (eV/Ang**3):
siesta:    -0.000349    0.000000    0.000000
siesta:     0.000000   -0.001092    0.000000
siesta:    -0.000000    0.000000    0.000150

siesta: Constrained stress tensor (static) (eV/Ang**3):
siesta:    -0.000349    0.000000   -0.000000
siesta:     0.000000   -0.001092    0.000000
siesta:    -0.000000    0.000000    0.000150

siesta: Cell volume =        109.642314 Ang**3

siesta: Pressure (static):
siesta:                Solid            Molecule  Units
siesta:           0.00000468          0.00001085  Ry/Bohr**3
siesta:           0.00043015          0.00099621  eV/Ang**3
siesta:           0.68916994          1.59609886  kBar
(Free)E+ p_basis*V_orbitals  =      -31870.993011
(Free)Eharris+ p_basis*V_orbitals  =      -31870.993019

mulliken: Atomic and Orbital Populations:

mulliken: Spin UP 

Species: Ga                  
Atom  Qatom  Qorb
               4s      4s      4s      4py     4pz     4px     4py     4pz     
               4px     4py     4pz     4px     3dxy    3dyz    3dz2    3dxz    
               3dx2-y2 4dxy    4dyz    4dz2    4dxz    4dx2-y2 
   1  6.527   0.264  -0.034   0.426   0.082  -0.510   0.749  -0.039   0.105
             -0.093   0.169   0.388  -0.206   0.999   0.999   1.000   0.998

              1.000   0.087   0.104  -0.053   0.073   0.020

Species: Ni                  
Atom  Qatom  Qorb
               3s      4s      4s      4s      3py     3pz     3px     4py     
               4pz     4px     3dxy    3dyz    3dz2    3dxz    3dx2-y2 3dxy    
               3dyz    3dz2    3dxz    3dx2-y2 3dxy    3dyz    3dz2    3dxz    
               3dx2-y2 
   2  9.062   0.986  -0.085   0.040   0.173   0.997   0.998   0.998   0.191
              0.183   0.177   1.170   1.167   1.148   1.172   1.153  -0.057

             -0.058  -0.056  -0.062  -0.056  -0.203  -0.245  -0.195  -0.239

             -0.235
   3  9.037   0.987  -0.061   0.029   0.158   0.998   0.998   0.998   0.179
              0.172   0.173   1.164   1.165   1.162   1.167   1.125  -0.057

             -0.059  -0.054  -0.061  -0.051  -0.198  -0.240  -0.197  -0.237

             -0.224

Species: Mn                  
Atom  Qatom  Qorb
               3s      4s      4s      4s      3py     3pz     3px     4py     
               4pz     4px     3dxy    3dyz    3dz2    3dxz    3dx2-y2 3dxy    
               3dyz    3dz2    3dxz    3dx2-y2 3dxy    3dyz    3dz2    3dxz    
               3dx2-y2 
   4  7.453   0.978  -0.524   0.229   0.198   0.992   0.991   0.991   0.192
              0.195   0.198   0.988   1.041   0.822   0.989   1.041  -0.100

             -0.122  -0.067  -0.106  -0.085  -0.247  -0.290  -0.215  -0.292

             -0.345
   5  8.437   0.987  -0.732   0.256   0.326   0.994   0.994   0.993   0.229
              0.230   0.228   1.307   1.299   1.147   1.330   1.160  -0.111

             -0.134  -0.080  -0.134  -0.086  -0.345  -0.373  -0.297  -0.392

             -0.358
   6  8.244   0.992  -0.021   0.082   0.030   0.991   0.991   0.991   0.199
              0.194   0.197   1.158   1.284   0.956   1.234   1.016  -0.092

             -0.130  -0.069  -0.125  -0.084  -0.303  -0.369  -0.230  -0.346

             -0.302
   7  8.517   0.998  -0.022   0.088   0.020   0.993   0.993   0.993   0.180
              0.186   0.187   1.168   1.221   1.066   1.328   1.152  -0.079

             -0.106  -0.064  -0.112  -0.088  -0.286  -0.342  -0.239  -0.386

             -0.333
   8  6.619   0.972  -0.039   0.113   0.024   0.990   0.989   0.991   0.169
              0.155   0.144   0.474   0.799   0.456   0.713   0.852  -0.035

             -0.081  -0.040  -0.068  -0.079  -0.093  -0.219  -0.096  -0.196

             -0.275
   9  6.612   0.976   0.104   0.061  -0.052   0.991   0.988   0.990   0.142
              0.147   0.144   0.451   0.757   0.482   0.757   0.894  -0.038

             -0.078  -0.039  -0.076  -0.082  -0.078  -0.206  -0.110  -0.213

             -0.298
  10  7.942   0.989  -0.013   0.122   0.018   0.992   0.991   0.992   0.190
              0.177   0.165   1.019   1.079   0.929   1.081   1.097  -0.075

             -0.097  -0.071  -0.094  -0.094  -0.253  -0.316  -0.214  -0.325

             -0.345

mulliken: Qtot =       78.450

mulliken: Spin DOWN 

Species: Ga                  
Atom  Qatom  Qorb
               4s      4s      4s      4py     4pz     4px     4py     4pz     
               4px     4py     4pz     4px     3dxy    3dyz    3dz2    3dxz    
               3dx2-y2 4dxy    4dyz    4dz2    4dxz    4dx2-y2 
   1  6.644   0.252  -0.040   0.447   0.135  -0.508   0.762  -0.035   0.136
             -0.087   0.153   0.395  -0.185   0.998   0.997   1.000   0.997

              1.000   0.084   0.086  -0.038   0.068   0.028

Species: Ni                  
Atom  Qatom  Qorb
               3s      4s      4s      4s      3py     3pz     3px     4py     
               4pz     4px     3dxy    3dyz    3dz2    3dxz    3dx2-y2 3dxy    
               3dyz    3dz2    3dxz    3dx2-y2 3dxy    3dyz    3dz2    3dxz    
               3dx2-y2 
   2  8.937   0.985  -0.108   0.049   0.184   0.997   0.998   0.998   0.206
              0.195   0.190   1.120   1.139   1.098   1.164   1.126  -0.064

             -0.065  -0.064  -0.069  -0.063  -0.188  -0.239  -0.179  -0.240

             -0.232
   3  8.900   0.985  -0.152   0.054   0.191   0.998   0.998   0.998   0.199
              0.193   0.188   1.152   1.159   1.077   1.169   1.067  -0.065

             -0.068  -0.064  -0.070  -0.058  -0.193  -0.242  -0.169  -0.241

             -0.207

Species: Mn                  
Atom  Qatom  Qorb
               3s      4s      4s      4s      3py     3pz     3px     4py     
               4pz     4px     3dxy    3dyz    3dz2    3dxz    3dx2-y2 3dxy    
               3dyz    3dz2    3dxz    3dx2-y2 3dxy    3dyz    3dz2    3dxz    
               3dx2-y2 
   4  7.435   0.977  -0.565   0.250   0.206   0.992   0.991   0.990   0.203
              0.204   0.200   0.744   1.054   0.863   1.100   1.096  -0.078

             -0.126  -0.073  -0.123  -0.091  -0.170  -0.290  -0.227  -0.325

             -0.368
   5  6.333   0.967  -0.622   0.248   0.239   0.991   0.991   0.991   0.172
              0.181   0.173   0.393   0.677   0.516   0.691   0.960  -0.044

             -0.077  -0.046  -0.071  -0.093  -0.073  -0.184  -0.123  -0.203

             -0.321
   6  6.847   0.977   0.152   0.053  -0.044   0.990   0.988   0.989   0.161
              0.149   0.155   0.441   0.749   0.511   0.805   1.067  -0.032

             -0.069  -0.042  -0.078  -0.114  -0.081  -0.213  -0.106  -0.223

             -0.338
   7  6.469   0.976   0.141   0.067  -0.071   0.991   0.990   0.991   0.139
              0.144   0.144   0.433   0.745   0.385   0.760   0.802  -0.038

             -0.073  -0.034  -0.068  -0.077  -0.085  -0.226  -0.066  -0.244

             -0.256
   8  8.400   0.990  -0.234   0.159   0.118   0.992   0.992   0.992   0.216
              0.214   0.202   1.212   1.259   1.022   1.269   1.102  -0.096

             -0.122  -0.074  -0.126  -0.086  -0.312  -0.353  -0.249  -0.355

             -0.333
   9  8.376   0.994  -0.066   0.104   0.019   0.992   0.991   0.992   0.197
              0.203   0.204   1.206   1.274   0.999   1.269   1.096  -0.100

             -0.131  -0.071  -0.128  -0.086  -0.294  -0.343  -0.248  -0.357

             -0.337
  10  7.208   0.980   0.043   0.129  -0.024   0.991   0.991   0.991   0.178
              0.169   0.158   0.637   1.005   0.640   0.956   0.936  -0.048

             -0.102  -0.057  -0.089  -0.088  -0.155  -0.299  -0.134  -0.299

             -0.300

mulliken: Qtot =       75.550

Mulliken Atomic Populations:
Atom #   charge [q] valence [e]      Sz [e]  Species
     1    -0.171445   13.171445   -0.116837  Ga
     2     0.000290   17.999710    0.124895  Ni
     3     0.063658   17.936342    0.137204  Ni
     4     0.111927   14.888073    0.017922  Mn
     5     0.230223   14.769777    2.103680  Mn
     6    -0.091316   15.091316    1.397288  Mn
     7     0.014503   14.985497    2.048064  Mn
     8    -0.018610   15.018610   -1.781457  Mn
     9     0.011571   14.988429   -1.764483  Mn
    10    -0.150801   15.150801    0.734038  Mn
-------------------------------------------
 Total    -0.000000                2.900314

cite: Please indicate the Siesta version in published work: 5.2.2
cite: This calculation has made use of features in the following articles
cite: which we encourage you to cite in published work.
cite: (Please see "hea.bib" for a BibTeX file.)
        Primary SIESTA paper
          DOI: www.doi.org/10.1088/0953-8984/14/11/302
        PSML pseudopotential format
          DOI: www.doi.org/10.1016/j.cpc.2018.02.011


>> End of run:  18-JUN-2025   3:14:20
Job completed
