path,converged,n_atoms,n_Mn,n_Ni,n_Ga,x_Mn,x_Ni,x_Ga,VEC,avg_en,avg_r,avg_mass,avg_nd,delta_en,delta_r,S_mix,S_mix_norm,delta_mass,has_Mn,has_Ni,has_Ga,n_elements,x_Mn_x_Ni,x_Mn_x_Ga,x_Ni_x_Ga,x_Mn_sq,x_Ni_sq,x_Ga_sq,Mn_excess,Mn_to_TM,VEC_m6,VEC_m7,VEC_m8,abs_VEC_m7p5,E_KS_eV,E_per_atom,E_fermi_eV,n_cg_steps,a,b,c,alpha,beta,gamma,volume,vol_per_atom,b_over_a,c_over_a,tetragonality,stress_xx,stress_yy,stress_zz,stress_yz,stress_xz,stress_xy,pressure_kbar,stress_anisotropy,total_Sz,abs_Sz,max_abs_Sz,net_moment_per_atom,abs_moment_per_atom,mag_ordering,avg_abs_Sz_Mn,avg_Sz_Mn,std_Sz_Mn,avg_abs_Sz_Ni,avg_Sz_Ni,std_Sz_Ni,avg_abs_Sz_Ga,avg_Sz_Ga,std_Sz_Ga,mag_frustration,sublattice_imbalance,max_charge_transfer,charge_std,avg_valence_Mn,std_valence_Mn,avg_charge_Mn,std_charge_Mn,avg_valence_Ni,std_valence_Ni,avg_charge_Ni,std_charge_Ni,avg_valence_Ga,std_valence_Ga,avg_charge_Ga,std_charge_Ga,charge_transfer_Mn_Ni,charge_transfer_Mn_Ga,charge_transfer_Ni_Ga,system_id,Mn_3d_up_integral,Mn_3d_up_center,Mn_3d_up_width,Mn_3d_up_skew,Mn_3d_dn_integral,Mn_3d_dn_center,Mn_3d_dn_width,Mn_3d_dn_skew,Mn_3d_dos_ef_up,Mn_3d_dos_ef_dn,Mn_3d_spin_pol_ef,Mn_3d_up_occ_filling,Mn_3d_up_occ_center,Mn_3d_dn_occ_filling,Mn_3d_dn_occ_center,Mn_3d_exchange_split,Mn_4s_up_integral,Mn_4s_up_center,Mn_4s_up_width,Mn_4s_up_skew,Mn_4s_dn_integral,Mn_4s_dn_center,Mn_4s_dn_width,Mn_4s_dn_skew,Mn_4s_dos_ef_up,Mn_4s_dos_ef_dn,Mn_4s_spin_pol_ef,Mn_4s_up_occ_filling,Mn_4s_up_occ_center,Mn_4s_dn_occ_filling,Mn_4s_dn_occ_center,Mn_4s_exchange_split,Ni_3d_up_integral,Ni_3d_dn_integral,Ni_3d_up_center,Ni_3d_dn_center,Ni_3d_up_width,Ni_3d_dn_width,Ni_3d_up_skew,Ni_3d_dn_skew,Ni_3d_dos_ef_up,Ni_3d_dos_ef_dn,Ni_3d_spin_pol_ef,Ni_3d_up_occ_filling,Ni_3d_dn_occ_filling,Ni_3d_up_occ_center,Ni_3d_dn_occ_center,Ni_3d_exchange_split,Ga_4p_up_integral,Ga_4p_up_center,Ga_4p_up_width,Ga_4p_up_skew,Ga_4p_dn_integral,Ga_4p_dn_center,Ga_4p_dn_width,Ga_4p_dn_skew,Ga_4p_dos_ef_up,Ga_4p_dos_ef_dn,Ga_4p_spin_pol_ef,Ga_4p_up_occ_filling,Ga_4p_up_occ_center,Ga_4p_dn_occ_filling,Ga_4p_dn_occ_center,Ga_4p_exchange_split,total_dos_ef_up,total_dos_ef_dn,total_spin_pol_ef,minority_dos_min_near_ef,half_metallic_proxy,E_form_eV,E_form_per_atom
calculation000,True,8,3,2,3,0.375,0.25,0.375,6.25,1.7375,1.3175,61.42,7.625,0.1503121751555741,0.0547003237396568,1.0821955300387671,0.9850568223215076,0.1073129086790473,1,1,1,3,0.09375,0.140625,0.09375,0.140625,0.0625,0.140625,-0.125,0.6,0.25,-0.75,-1.75,1.25,-24223.4849,-3027.9356125,-6.637174,60,2.757618,6.460255,5.452559,90.0,90.0,90.0,97.13687769430985,12.14210971178873,2.342693948182816,1.9772713261952888,1.9772713261952888,0.004204,-0.001394,0.000711,-0.0,-0.0,0.0,-1.880421309438,0.005598,-0.4240290000000002,8.910197,3.360422,-0.053003625,1.113774625,AFM,2.6758450000000003,-0.4355636666666669,2.6841672061872166,0.2647859999999999,0.2647859999999999,1.000000000001e-06,0.1176966666666666,0.1176966666666666,0.0382690066444839,1.1198662225957847,0.696951555847623,0.877381,0.4303528415207688,14.890391333333334,0.3131830145717073,0.1096086666666666,0.3131830145717073,17.8105785,5.000000005139782e-07,0.1894215,5.000000000005e-07,13.235889666666663,0.5515562076285204,-0.2358896666666666,0.5515562076285204,-0.0798128333333333,0.3454983333333333,0.4253111666666667,system_0,21.89135849106581,-0.963500956327106,9.57282989087428,779.8838290405241,21.899168440036167,-1.120325953448991,9.707955216875828,814.705941909603,1.4566677167286295,1.246441370567631,0.0777720540946699,8.27253001793517,-8.835569400957812,9.077367428909191,-8.928085853021704,0.1568249971218854,0.3902383398868958,31.21759408022428,0.0,49026.5050437936,0.6373780406694327,14.758818525569186,0.0,1503.478829154382,-0.010550246294215,0.0091760575347464,0.0,-0.3377033769215105,0.0,-0.1507062831627454,0.0,16.458775554655094,0.0,0.0,0.0,0.0,0.0,0.0,0.0,0.0,0.0,0.0,0.0,0.0,0.0,0.0,0.0,0.0,9.005017593160666,1.6955578592387746,7.963483910561711,397.11986508339993,8.777921561018726,2.2758372683941337,7.733359335727346,434.6180958147829,0.2173961542713929,0.4415870187333947,-0.3402072672656437,2.034183495267045,-8.228615529182635,1.672458105603831,-7.595287849262032,-0.5802794091553591,2.3767305374625374,3.853357302697303,-0.2370154006041881,1.31426,0.0,-24192.9949,-3024.1243625
calculation001,True,6,1,1,4,0.1666666666666666,0.1666666666666666,0.6666666666666666,4.833333333333333,1.7833333333333332,1.36,65.41833333333332,8.833333333333332,0.1105541596785133,0.0521661682690999,0.8675632284814612,0.7896900821428474,0.0944542706629084,1,1,1,3,0.0277777777777777,0.1111111111111111,0.1111111111111111,0.0277777777777777,0.0277777777777777,0.4444444444444444,-0.3333333333333333,0.5,-1.166666666666667,-2.166666666666667,-3.166666666666667,2.666666666666667,-15819.5982,-2636.5997,-6.284496,17,2.74643,2.746429,11.306955,90.0,90.0,90.0,85.28694817832537,14.214491363054227,0.9999996358909564,4.116964568548989,4.116964568548989,0.000723,0.000723,0.002282,0.0,0.0,-0.0,-1.990971497184,0.001559,-1.948468,3.30823,2.628349,-0.3247446666666667,0.5513716666666667,FM,2.628349,-2.628349,0.0,0.124045,0.124045,0.0,0.138959,0.138959,0.0681527086292247,1.6876706884142958,0.9482655461660532,0.704388,0.4392883576750078,14.398894,0.0,0.601106,0.0,17.518318,0.0,0.481682,0.0,13.27069675,0.2604768093951695,-0.27069675,0.2604768093951696,0.119424,0.8718027500000001,0.75237875,system_1,7.350183463152097,0.1944383257321514,9.263045667762404,704.319794872291,7.364185670098365,-1.2327523260812625,10.13632876280821,938.948969712076,1.2025986173564438,0.3131120827854644,0.5868445307456769,1.7609216319189671,-8.086261132822345,4.143370470187151,-8.530130729701888,1.427190651813414,-0.1915400825812041,0.0,0.0,0.0,-0.0144277563803615,0.0,0.0,0.0,-0.0038854352956793,-0.0057158778886863,0.0,-0.33576280716309,0.0,-0.2475943037460779,0.0,0.0,6.473279994451079,6.4674845341977205,-2.9039100432437244,-2.8318574857066943,9.755558053812358,9.708482638218475,1236.4548630641202,1222.0809459527147,0.4278362204607143,0.5435196670729019,-0.1190948117954183,4.426166735328038,4.3575648705591,-8.540983274205992,-8.467470552273548,-0.0720525575370301,11.70319900318866,1.4935652241893518,7.917284441294113,443.8811377212135,11.542411570465337,1.7984860235182976,7.753407155598802,467.98846975977017,0.546777461728247,0.5237257183443053,0.0215335589964146,2.35375659629452,-7.859394397006103,2.045035358341788,-7.418356413639404,-0.3049207993289458,2.484595896103895,1.872268525974027,0.1405431316675744,0.75927,0.0,-15798.5182,-2633.086366666667
calculation002,True,8,6,0,2,0.75,0.0,0.25,6.0,1.6150000000000002,1.305,58.635,6.25,0.112583302491977,0.0464534699347974,0.5623351446188083,0.5118595071429147,0.1091485927170972,1,0,1,2,0.0,0.1875,0.0,0.5625,0.0,0.0625,0.25,1.0,0.0,-1.0,-2.0,1.5,-21904.1421,-2738.0177625,-7.140087,9,2.602405,2.602404,13.865393,90.0,90.0,90.0,93.90350139926969,11.73793767490871,0.9999996157400558,5.327915140033929,5.327915140033929,-0.002325,-0.002326,0.000102,-0.0,0.0,0.0,2.429433836022,0.002428,3.527358,12.682032,2.028342,0.44091975,1.585254,FiM,2.024899,0.676666,1.9084925084782665,0.0,0.0,0.0,0.266319,-0.266319,0.00015,0.4803581833872971,0.435224027554399,0.208187,0.1271945482626909,15.0004485,0.1468688074413692,-0.0004484999999999,0.1468688074413692,0.0,0.0,0.0,0.0,12.9986545,0.0002424999999997,0.0013455,0.0002424999999999,-0.0004484999999999,-0.0017939999999999,-0.0013455,system_2,43.08508165649002,-2.104642183756722,9.411078286375066,798.501152984647,43.14436357425784,-1.695234881365455,9.228664983874811,738.7038544536701,1.710964935890893,2.646821372291356,-0.2147550086710962,19.49470406068984,-9.324452106317889,15.832966322962328,-9.28803647428952,-0.409407302391267,2.0299042662042424,8.810919725368686,8.246320885193361,-640.5327319235824,1.7083588976765325,11.940088820143194,3.652446365978481,403.7430091367002,0.009032542004915,0.0101267208572156,-0.0571096529221545,0.0550831123206962,-23.19849568134616,-0.0935316799340534,0.0,-3.1291690947745074,0.0,0.0,0.0,0.0,0.0,0.0,0.0,0.0,0.0,0.0,0.0,0.0,0.0,0.0,0.0,0.0,5.597547163344435,2.365809251448735,7.759134317523709,456.57476447625214,5.808409287072887,1.4130431815011395,8.174784156300406,390.9536206663722,0.1095308107068413,0.046263927686694,0.4060912690153627,1.032194067323558,-7.640744306414223,1.4031693533550436,-8.724568552461227,0.9527660699475956,2.0724807465034933,2.765175361888119,-0.1431880646048914,1.71415,0.0,-21877.5221,-2734.6902625
calculation003,True,8,4,4,0,0.5,0.5,0.0,8.5,1.73,1.26,56.815,6.5,0.1799999999999999,0.0079365079365079,0.6931471805599453,0.6309297535714574,0.0330018481034937,1,1,0,2,0.25,0.0,0.0,0.25,0.25,0.0,0.0,0.5,2.5,1.5,0.5,1.0,-30076.3215,-3759.5401875,-6.810821,4,2.485039,4.928710000000101,6.970677000000287,89.99997193601017,90.0,90.0,85.37710681149201,10.672138351436502,1.9833531787630296,2.8050573854174066,2.8050573854174066,0.000206,0.001574,0.005178,1e-06,-0.0,0.0,-3.715981673124,0.004972,3.180457,8.948099,2.565107,0.3975571249999999,1.118512375,FiM,2.0034965,0.5615859999999999,2.003496500250375,0.23352825,0.23352825,0.129676750073741,0.0,0.0,0.0,0.8710832333385516,0.2990459532682508,0.208831,0.1681183309327373,14.957846,0.1587245001204917,0.042154,0.1587245001204918,18.04215425,0.1666737500138745,-0.04215425,0.1666737500138744,0.0,0.0,0.0,0.0,0.08430825,0.042154,-0.04215425,system_3,29.67978862650476,-1.5984692860955725,9.382287165523838,726.1578499715188,29.67811660216117,-1.2436691466508665,9.221532286155076,682.8760935271882,2.4996079191549447,2.311207088177372,0.039161936322728,12.760788101847378,-9.114849018909618,10.63086078236184,-9.07378482582318,-0.354800139444706,1.9865301811850569,4.894909909211389,9.957358584074582,-667.9385723277459,1.8994513831227469,5.061357992225319,9.753315369279711,-679.2097154336931,0.0103722338961039,-0.0032558769357642,1.9150403651502097,0.3673927989099847,-13.12595107225668,0.3383104952917495,-13.112137314387558,-0.1664480830139298,24.83318965007213,24.94305434162352,-4.480081466705922,-4.1820469545181576,8.871810616527634,8.801937520447218,1106.662002536516,1064.737269856836,1.5969802266698303,1.8831386788817184,-0.0822266307497146,17.82404838020081,16.685122695003095,-9.140801828676818,-9.007345222401788,-0.2980345121877645,0.0,0.0,0.0,0.0,0.0,0.0,0.0,0.0,0.0,0.0,0.0,0.0,0.0,0.0,0.0,0.0,4.435414157342657,4.500805636363636,-0.0073175772900118,2.89884,0.0,-30040.3215,-3755.0401875
calculation004,True,4,2,2,0,0.5,0.5,0.0,8.5,1.73,1.26,56.815,6.5,0.1799999999999999,0.0079365079365079,0.6931471805599453,0.6309297535714574,0.0330018481034937,1,1,0,2,0.25,0.0,0.0,0.25,0.25,0.0,0.0,0.5,2.5,1.5,0.5,1.0,-15038.3539,-3759.588475,-6.727713,9,5.041454,2.518428,3.432582,90.0,90.0,90.0,43.58191093956692,10.89547773489173,0.4995439807642795,0.6808714311387152,1.4687060644144845,-0.000154,-0.002159,0.002177,-0.0,-0.0,0.0,0.0726320074079999,0.004336,-0.0014400000000001,6.013654,2.764135,-0.00036,1.5034135,AFM,2.7635005,-0.0006345,2.7635005,0.2433265,-8.549999999998836e-05,0.2433265,0.0,0.0,0.0,0.8381507026003469,0.0004787955100952,0.019163,0.0187844349529071,14.9812175,0.0003805000000003,0.0187825,0.0003804999999999,18.0187825,2.450000000031593e-05,-0.0187825,2.4500000000000216e-05,0.0,0.0,0.0,0.0,0.037565,0.0187825,-0.0187825,system_4,14.884078559597796,-1.3447249296502266,9.280527874867044,696.6986704583885,14.884179370475328,-1.3450277830888402,9.280822507122297,696.7688258107497,0.7567525844459814,0.7609751583159114,-0.002782168205113,5.807502321406436,-9.094564265043775,5.8085339248494,-9.094683018116903,0.0003028534386135,1.0538033963004907,4.969122729554718,10.304934563166343,-691.8190667482165,1.0539461534441814,4.969143055141864,10.305887789253807,-691.9585288783851,0.0048856125454545,0.0049830032061188,-0.0098687255757027,0.2085179824228853,-13.043385344855825,0.2086093247612949,-13.042772967020442,-2.0325587146707846e-05,12.392898294377916,12.39301960786064,-4.209320323563027,-4.209161856932197,8.68603651015216,8.68652881086971,1044.4944452276536,1044.6455592748025,0.6595580623942316,0.6617787994312945,-0.0016806743997096,8.655002943721945,8.655111692259936,-8.835010011671375,-8.835189133646475,-0.0001584666308298,0.0,0.0,0.0,0.0,0.0,0.0,0.0,0.0,0.0,0.0,0.0,0.0,0.0,0.0,0.0,0.0,1.5559805012487538,1.563046033716286,-0.0022653005315363,1.01881,0.0,-15020.3539,-3755.088475
calculation005,True,8,6,1,1,0.75,0.125,0.125,6.875,1.6275000000000002,1.285,57.25625,6.0,0.1365421180442137,0.0371182568644726,0.7356219397587946,0.6695919455357792,0.0850238411358771,1,1,1,3,0.09375,0.09375,0.015625,0.5625,0.015625,0.015625,0.25,0.8571428571428571,0.875,-0.125,-1.125,0.625,-24388.8349,-3048.6043625,-7.036097,11,2.587613,2.587613,13.753827,90.0,90.0,90.0,92.09206387027533,11.511507983784414,1.0,5.315256570437696,5.315256570437696,-0.000374,-0.000374,0.001916,0.0,-0.0,0.0,-0.623780769504,0.00229,5.565459,14.612859,3.03184,0.695682375,1.826607375,FiM,2.270382333333333,0.8908026666666666,2.1258155081324803,0.605604,0.605604,0.0,0.384961,-0.384961,0.0,0.4620601293954127,0.2527127384948538,0.113472,0.0811194613209432,15.019574,0.079006767237581,-0.0195739999999999,0.0790067672375812,17.886528,0.0,0.113472,0.0,12.996028,0.0,0.003972,0.0,-0.133046,-0.0235459999999999,0.1095,system_5,43.3834734540296,-1.985558482055152,9.460312267512274,800.264980617548,43.4024502038456,-1.4355195578351614,9.181738018672627,714.0707671044461,2.691162283749988,2.53827259281213,0.029236369616743,19.92695870218715,-9.24906361122702,14.839127039250858,-9.224562619821931,-0.5500389242199903,2.609846934102793,6.605879640313883,9.578923815488409,-653.0213452763285,2.3951822764034603,7.121802579625259,9.507193450265795,-692.5885396590799,0.0026745705081406,0.0097629937519136,-0.5699205323134594,0.3435203739817002,-13.05748778567824,0.3230059368418216,-12.599569527959275,-0.515922939311376,6.108248373019023,6.203244752179973,-5.020419312716374,-4.29316480212665,8.857508692965684,8.668095615968923,1164.5523162278096,1046.8646249370552,0.4504282793084908,0.2995868428871059,0.2011178601036884,4.613684582533104,3.9690891347664543,-9.423167407674136,-9.136691484187413,-0.7272545105897237,2.8325728123455223,3.3100694566274598,7.406988935438496,502.0522221410209,2.9995137303769903,1.7429219354500656,8.335327003051335,356.1576564987889,0.0158580693601912,0.0350274696162596,-0.3767160698629848,0.3957776827124586,-6.221579335415787,0.7109020598757333,-8.756379043923584,1.5671475211773938,3.4604543181818164,3.373555176573426,0.0127156893292408,3.35512,0.0,-24359.664900000003,-3044.9581125000004
calculation006,True,6,1,4,1,0.1666666666666666,0.6666666666666666,0.1666666666666666,8.333333333333332,1.833333333333333,1.2799999999999998,59.90333333333333,7.833333333333333,0.1318669362990165,0.0457770724772055,0.8675632284814612,0.7896900821428474,0.0767693130519688,1,1,1,3,0.1111111111111111,0.0277777777777777,0.1111111111111111,0.0277777777777777,0.4444444444444444,0.0277777777777777,-0.3333333333333333,0.2,2.333333333333332,1.333333333333332,0.3333333333333321,0.8333333333333321,-23274.8618,-3879.143633333333,-6.470092,9,7.485443,2.549203,3.535721,90.0,90.0,90.0,67.46832317288415,11.244720528814026,0.3405547273554818,0.4723462592661516,2.1170909695646234,-0.000374,-0.000729,0.003037,-0.0,-0.0,-0.0,-1.032869870052,0.003766,4.460471,5.038989,3.172068,0.7434118333333334,0.8398315,FM,3.172068,3.172068,0.0,0.3944155,0.3944155,0.1121549545327802,0.289259,-0.289259,0.0,1.2475407530739095,0.6954995336577027,0.291821,0.1823089785117562,14.835421,0.0,0.164579,0.0,17.98193575,0.1695114857662672,0.0180642499999999,0.1695114857662674,13.236836,0.0,-0.236836,0.0,0.14651475,0.4014149999999999,0.25490025,system_7,7.604580798097611,-1.540993531068476,9.980674103009669,845.0440519252222,7.5755252271509,0.2908550833265627,8.96084782897959,590.5325872550229,0.145181781612013,0.7885310351835664,-0.6890226223727673,4.419932470931504,-8.80052328912316,1.4199200962305834,-8.563312086110532,-1.8318486143950383,0.3442074838291005,15.412746967067886,0.0,6859.982959937109,0.2664438129734381,18.564242401524808,0.0,10746.389141340209,0.0032814538344155,-0.0040056720751748,0.0,-0.0669261606592944,0.0,-0.062151382967077,0.0,-3.1514954344569226,25.136336208574832,25.249873884230084,-3.9063947680944615,-3.5193977316959573,8.864490790679158,8.718609754694937,1071.6840784930769,1004.7654004782604,0.5318940018748752,5.95871167136426,-0.8361034305109976,18.21834580241738,16.360864308321474,-8.606321425309556,-8.409509153088987,-0.3869970363985042,3.0422204083450755,4.012073208267982,7.510418119773621,408.5065656386774,3.172259510888332,2.8785665378554586,8.19230614186537,280.8110368743581,0.0199125622638611,0.1369016420721778,-0.7460362427221162,0.3700364241586852,-6.155074887923946,0.6009719861890852,-8.26363745499943,1.1335066704125238,0.8164311423576427,7.063171061438561,-0.7927735128648231,0.79599,0.0,-23246.1318,-3874.3553
calculation007,True,4,1,2,1,0.25,0.5,0.25,7.5,1.795,1.295,60.51,7.75,0.1472243186433545,0.0516567110434735,1.039720770839918,0.946394630357186,0.0914459440748936,1,1,1,3,0.125,0.0625,0.125,0.0625,0.25,0.0625,-0.25,0.3333333333333333,1.5,0.5,-0.5,0.0,-14154.998,-3538.7495,-6.285415,20,2.877746,5.536347,2.993613,90.0,90.0,90.0,47.694842337414926,11.923710584353731,1.923848386897245,1.040263108696876,1.040263108696876,0.002145,0.004046,0.000855,-0.0,0.0,-0.0,-3.762978854388,0.003191,4.409079999999999,4.916348,3.800966,1.10227,1.229087,FM,3.800966,3.800966,0.0,0.430874,0.430874,6.599999999998274e-05,0.253634,-0.253634,0.0,1.209545775372666,0.8368113506425657,0.202817,0.1183359375007757,15.202817,0.0,-0.202817,0.0,17.918446000000003,5.400000000044258e-05,0.081554,5.3999999999998494e-05,12.960292,0.0,0.039708,0.0,-0.284371,-0.242525,0.041846,system_8,7.194039591025927,-2.202115001578172,9.785828997384863,963.3514501275404,7.116485087031281,0.0445442755996562,8.420215614460114,604.906024898573,0.0635615432059442,0.149910342677523,-0.4044972906582926,4.613252447713375,-8.67919921961275,0.9643749732634304,-8.636231911937868,-2.246659277177828,0.6450919969507227,-0.1672853244208085,12.941964325776889,-343.5265975542279,0.5779784966029492,-4.602145472391147,11.941808317841616,550.3864807513706,-0.0004395359475774,0.004533492876923,-1.2147242656251804,0.2209924575392003,-16.73907348741467,0.3114138629824282,-15.22054662571473,4.434860147970339,12.969802245882908,13.080962020678063,-3.1249750295144585,-2.710044707840057,9.688866107187112,9.524529060507154,1222.6423785079703,1139.7256689211697,0.132647474397678,1.247981404252099,-0.8078448503447152,9.219407966339793,8.40412372648576,-8.620923896849355,-8.426255195729487,-0.4149303216744013,2.910633255414076,4.227694906523631,5.063588422109949,803.8992693736283,2.980080068441079,3.5215988853081845,6.2317959795407205,555.7976793457273,0.034299037977198,0.1669158748332667,-0.6590805572198697,0.3079412610999685,-0.0440145293174479,0.436982659146461,-4.303918800302601,0.7060960212154463,0.297711066433569,1.7513605594405623,-0.7094185848124603,0.13599,0.0,-14137.408,-3534.352
calculation008,True,6,2,1,3,0.3333333333333333,0.1666666666666666,0.5,5.5,1.74,1.336666666666667,62.955,8.0,0.138924439894498,0.0550890823799862,1.0114042647073518,0.920619835714305,0.109276703695538,1,1,1,3,0.0555555555555555,0.1666666666666666,0.0833333333333333,0.1111111111111111,0.0277777777777777,0.25,-0.1666666666666666,0.6666666666666666,-0.5,-1.5,-2.5,2.0,-16703.16,-2783.86,-6.5711,23,8.2939,2.750376,3.439184,90.0,90.0,90.0,78.4524076057148,13.075401267619132,0.331614318957306,0.4146642713319427,2.411589493321672,-0.002708,0.004012,-0.001917,-0.0,-0.0,-0.0,0.327378092214,0.00672,-0.6483289999999999,6.586088999999999,3.056675,-0.1080548333333333,1.0976815,AFM,2.917376,-0.1392989999999998,2.917376,0.341982,-0.341982,0.0,0.1364516666666666,-0.0092496666666666,0.1420111490091143,1.1766543956250948,0.3908125286303252,0.799431,0.4786056006732533,14.5843165,0.1200644999999998,0.4156835,0.1200644999999999,17.58704,0.0,0.41296,0.0,13.414775999999998,0.323166655242565,-0.414776,0.3231666552425647,0.0027234999999999,0.8304595,0.827736,system_9,14.866156482734352,-0.624257649967255,9.580940637114836,743.6063828031869,14.84859103352581,-0.7452953016379724,9.61124623829361,755.2057803880874,1.4704050797959047,1.5318915234427577,-0.0204798032214824,5.698433190279729,-8.569640515852788,6.031186942077098,-8.552221083702921,0.1210376516707174,-0.0324071372509617,0.0,0.0,0.0,-0.0422426556875193,0.0,0.0,0.0,-0.0010152435975024,-0.0242500870876623,0.0,-0.4339895830497628,0.0,-0.4593299434180548,0.0,0.0,6.264125190428414,6.221609840734722,-3.65957016783792,-4.011678803352988,9.033467522464608,9.12189262368984,1134.1109604730996,1190.4491358855655,0.3461434811124877,0.373679117547103,-0.0382533647677781,4.1675177575639895,4.51773225412457,-8.657343299309819,-8.798967859912535,0.3521086355150684,9.071894538320707,1.3375461933679398,8.268471017965549,353.22245769117563,9.08442465908376,1.3022302558160843,8.269187062625425,357.5330149401801,0.3500187385139862,0.4542007483946054,-0.1295442495196099,1.9993838507802413,-8.885462964395572,2.04984814827115,-8.837513485636721,0.0353159375518552,2.543882487512492,2.824446171328673,-0.0522627621455549,0.85997,0.0,-16681.67,-2780.278333333333
calculation009,True,6,5,0,1,0.8333333333333334,0.0,0.1666666666666666,6.333333333333334,1.5933333333333333,1.2933333333333334,57.40333333333333,5.833333333333334,0.0968962790249908,0.040341432583759,0.4505612088663046,0.410118486306518,0.0959557653662589,1,0,1,2,0.0,0.1388888888888889,0.0,0.6944444444444445,0.0,0.0277777777777777,0.3333333333333333,1.0,0.3333333333333339,-0.6666666666666661,-1.666666666666666,1.166666666666666,-16869.7407,-2811.62345,-7.444805,12,2.530607,7.535525,3.519401,90.0,90.0,90.0,67.1130495422001,11.18550825703335,2.977753953893276,1.3907339227307915,1.3907339227307915,-0.002308,0.001798,0.003362,-0.0,-0.0,-0.0,-1.5231359200559995,0.00567,-1.050928,5.703976,2.343034,-0.1751546666666666,0.9506626666666668,FiM,1.1259856,-0.2249951999999999,1.323313698157077,0.0,0.0,0.0,0.074048,0.074048,0.0,0.8138721444036215,0.6555800052820884,0.326963,0.2233584961528588,14.9372904,0.1904517203163045,0.0627096,0.1904517203163048,0.0,0.0,0.0,0.0,13.313548,0.0,-0.313548,0.0,0.0627096,0.3762575999999999,0.313548,system_10,36.13910832613821,-1.934016640837196,9.451101699246738,785.644340701192,36.113520932520416,-2.080763310170887,9.513407762184274,805.8674782408898,2.1983561240397247,2.3801942730034638,-0.0397152227659586,14.114910243562525,-9.542631215085342,15.174846389248586,-9.556882845827497,0.1467466693336911,1.5003507109408667,11.453748494985058,3.745415401179653,455.88517422630713,1.5487614995403742,11.009209777531227,4.528630262904057,326.92939878415064,-0.0191880408849878,-0.0083716571599221,0.0,-0.0313688564448572,0.0,-0.0284085671820032,0.0,0.4445387174538293,0.0,0.0,0.0,0.0,0.0,0.0,0.0,0.0,0.0,0.0,0.0,0.0,0.0,0.0,0.0,0.0,3.0719492199132223,1.3009692626448162,9.257114577008954,333.914774192283,3.0109652181902797,1.8279102255470367,9.128621884790173,330.6999796668339,0.0587972734021143,0.0477907079795754,0.1032627251202417,0.7513285305154132,-10.108665351444907,0.6615222463199095,-9.767000465537054,-0.5269409629022206,2.382950718031967,2.5394584840159826,-0.0317949523414065,2.07758,0.0,-16849.5707,-2808.2617833333334
calculation010,True,4,4,0,0,1.0,0.0,0.0,7.0,1.55,1.27,54.94,5.0,0.0,0.0,0.0,0.0,0.0,1,0,0,1,0.0,0.0,0.0,1.0,0.0,0.0,0.5,1.0,1.0,0.0,-1.0,0.5,-11835.8022,-2958.95055,-7.72717,3,4.893946,2.446642,3.466473,90.0,90.0,90.0,41.50662502856599,10.376656257141498,0.4999323654163737,0.7083186042510482,1.4117940627260042,0.0041,0.002374,-0.002275,0.0,-0.0,-0.0,-2.242513228722,0.006375,0.00508,0.045052,0.012533,0.00127,0.011263,NM,0.011263,0.00127,0.011263,0.0,0.0,0.0,0.0,0.0,0.0,0.1127585900736926,0.0,0.000644,0.0006435001942501,14.999999999999998,0.0006435001942499,2.710505431213761e-20,0.0006435001942501,0.0,0.0,0.0,0.0,0.0,0.0,0.0,0.0,2.710505431213761e-20,2.710505431213761e-20,0.0,system_11,28.86735660652664,-2.218340892143428,9.673383720155526,831.4385086563861,28.867618068370437,-2.217262966593032,9.673044229124764,831.3166533082039,2.828901443219148,2.8363360199867382,-0.0013123151175702,11.654419505322124,-9.947773379933388,11.64867862497693,-9.947757586412008,-0.0010779255503963,1.5029548135627238,4.962165988496714,10.371399049880296,-879.0311312948339,1.5027990403854572,4.963467673240458,10.370752978317327,-879.0715706202895,0.0062158057117239,0.0062484315215246,-0.0026175536609368,0.2702772262680893,-14.249254107530165,0.2701996609258693,-14.24861097846801,-0.0013016847437432,0.0,0.0,0.0,0.0,0.0,0.0,0.0,0.0,0.0,0.0,0.0,0.0,0.0,0.0,0.0,0.0,0.0,0.0,0.0,0.0,0.0,0.0,0.0,0.0,0.0,0.0,0.0,0.0,0.0,0.0,0.0,0.0,2.9191540209790223,2.926428916083917,-0.0012445114855474,1.49388,0.0,-11822.0822,-2955.52055
calculation011,True,8,4,0,4,0.5,0.0,0.5,5.0,1.6800000000000002,1.34,62.33,7.5,0.13,0.0522388059701492,0.6931471805599453,0.6309297535714574,0.1185624899727257,1,0,1,2,0.0,0.25,0.0,0.25,0.0,0.25,0.0,1.0,-1.0,-2.0,-3.0,2.5,-20135.0927,-2516.8865875,-6.407261,16,5.367836,2.782743,7.322182000000068,90.0,90.00000782495977,90.0,109.3736881625375,13.671711020317188,0.5184105848241265,1.3640845212111676,1.3640845212111676,0.001655,0.005653,0.006175,0.0,0.0,-0.0,-7.200715852074,0.00452,0.0003279999999999,11.861644,3.044669,4.0999999999988745e-05,1.4827055,AFM,2.9498230000000003,7.449999999997736e-05,2.951344544540377,0.0,0.0,0.0,0.015588,7.499999999999694e-06,0.0156559501548133,0.9905184054049272,5.53027776495426e-05,0.970205,0.570198177030898,14.5906555,0.0301325887827449,0.4093445,0.0301325887827448,0.0,0.0,0.0,0.0,13.40934425,0.5605517947377278,-0.4093442499999999,0.5605517947377275,0.4093445,0.81868875,0.4093442499999999,system_12,28.87568290203167,-1.0595802311231706,9.401062465173288,785.7797944167594,28.87565855553697,-1.0595320708094305,9.401043182142438,785.772412474123,2.855717605108693,2.85716714221194,-0.0002537312001483,11.700079875183494,-8.536620097527829,11.699848444819994,-8.536623504096548,-4.816031374010876e-05,0.2144983153375016,95.7434848480348,0.0,1731864.062863266,0.2144591862265307,95.76019948192172,0.0,1732773.7867684844,-0.0134816140648851,-0.0135397730004495,0.0,-0.7280886544937628,0.0,-0.7281000026450912,0.0,-0.0167146338869059,0.0,0.0,0.0,0.0,0.0,0.0,0.0,0.0,0.0,0.0,0.0,0.0,0.0,0.0,0.0,0.0,11.994355229113228,1.3467307458846942,7.945797362046454,381.3591423336552,11.994388481583016,1.346822215083555,7.945802168452037,381.3687839518445,0.4303146181936065,0.4307898108347654,-0.0005518408977353,2.5465795870332184,-8.393775376850778,2.546556401429676,-8.39367170540349,-9.146919886071636e-05,3.719926789210785,3.722529249500495,-0.0003496776166595,2.53303,0.0,-20109.2927,-2513.6615875
calculation012,True,8,5,0,3,0.625,0.0,0.375,5.5,1.6475,1.3224999999999998,60.4825,6.875,0.125871958751741,0.0512493070386614,0.6615632381579821,0.6021808102656678,0.1183042488673286,1,0,1,2,0.0,0.234375,0.0,0.390625,0.0,0.140625,0.125,1.0,-0.5,-1.5,-2.5,2.0,-21019.6766,-2627.459575,-6.783563,25,2.643801,2.643801,14.430099,90.0,90.0,90.0,100.86182816797144,12.607728520996432,1.0,5.458088184398146,5.458088184398146,3e-06,3e-06,-0.001057,0.0,0.0,0.0,0.561295880778,0.00106,-2.80906,11.09443,2.957404,-0.3511325,1.38680375,FiM,2.1632502,-0.6174478000000001,2.112803272172343,0.0,0.0,0.0,0.0927263333333333,0.0927263333333333,0.0249587200036825,0.7591840048279127,0.6424479033681472,0.595335,0.3003848389060429,14.8576012,0.2765098113169951,0.1423988,0.2765098113169946,0.0,0.0,0.0,0.0,13.237331,0.1518715805036171,-0.237331,0.1518715805036171,0.1423988,0.3797298,0.237331,system_13,35.99768840446009,-1.3226913539918352,9.31201656176377,763.0370825571342,35.997993286539,-1.6885924037228228,9.48722319919653,815.3179149017955,2.7783224307561447,1.8725392615673528,0.1947559891286031,13.294515660796268,-8.94472819323546,15.990209294776315,-9.021225842626349,0.3659010497309876,1.1146676444159482,19.3354396583106,0.0,10871.926651181471,1.2895929344153376,15.76031592500199,0.0,5111.14917536842,0.0014624378131673,-0.0059071031506664,0.0,-0.371068091981358,0.0,-0.2763474760111029,0.0,3.575123733308608,0.0,0.0,0.0,0.0,0.0,0.0,0.0,0.0,0.0,0.0,0.0,0.0,0.0,0.0,0.0,0.0,8.636074957039519,1.0627966006897482,7.980956494346772,415.1968014060439,8.456289304953632,1.5268102609780765,7.719809701732096,462.01485537984536,0.1670088126685246,0.3035965369059765,-0.2902383586607078,1.9248122361734383,-8.513070585523229,1.6532643639174216,-7.824500011079831,-0.464013660288328,3.1614493234265755,2.6072279755244745,0.0960742505050296,1.19651,0.0,-20993.4666,-2624.183325
calculation013,True,10,2,8,0,0.2,0.8,0.0,9.4,1.838,1.254,57.94,7.4,0.1439999999999999,0.0063795853269537,0.5004024235381879,0.4554859150035952,0.0258888505350362,1,1,0,2,0.16,0.0,0.0,0.04,0.6400000000000001,0.0,-0.3,0.2,3.4000000000000004,2.4000000000000004,1.4000000000000004,1.9000000000000004,-42398.8329,-4239.88329,-6.529698,4,12.320558,2.478177,3.478962,90.0,90.0,90.0,106.22148889107132,10.622148889107134,0.201141620371415,0.28237049003787,3.5414465579100893,-0.001402,-0.001386,0.002412,0.0,0.0,0.0,0.200806138128,0.003814,8.823056999999999,8.823056999999999,2.766804,0.8823056999999999,0.8823056999999999,FM,2.7658235,2.7658235,0.0009805,0.41142625,0.41142625,0.1558074683766394,0.0,0.0,0.0,1.0790070507332177,0.0,0.175271,0.1106218968536067,15.1037535,0.0001484999999998,-0.1037535,0.0001484999999999,17.974061749999997,0.1092360268532657,0.0259382499999999,0.1092360268532662,0.0,0.0,0.0,0.0,-0.12969175,-0.1037535,0.0259382499999999,system_14,15.270622359429415,-1.8210539302627988,9.53355684358,763.0828867895166,15.294563670638404,-0.068729945642917,8.717896587770726,557.9117797793496,3.788382585406503,0.8066897279827977,0.6488892130675578,8.498053703046683,-8.782344527581616,3.176779055929061,-8.681900075518707,-1.7523239846198817,1.214098673029834,3.829535890990914,10.301136957471524,-607.7528812492893,1.1974724783928798,2.4304495305237745,11.366118186383108,-456.9738328840992,0.0130876210640832,0.0155549990181093,-0.0861435841744141,0.2834934524742311,-12.853496984191883,0.3828672930263437,-12.897370382778504,1.3990863604671393,50.29403074343292,50.66728800825962,-4.057285950611544,-3.5666694656630837,8.826981313159553,8.716353885212708,1055.3970708707716,994.1926162348858,5.097844135623333,7.231267583662035,-0.1730395097889794,36.47838009860889,32.738244563567555,-8.731033270979756,-8.49831212167666,-0.4906164849484611,0.0,0.0,0.0,0.0,0.0,0.0,0.0,0.0,0.0,0.0,0.0,0.0,0.0,0.0,0.0,0.0,9.47248768131868,8.378689879120879,0.0612731456227176,3.64518,0.0,-42347.4129,-4234.74129
calculation014,True,4,1,1,2,0.25,0.25,0.5,5.75,1.77,1.335,63.2675,8.25,0.1334166406412633,0.0564289107614956,1.039720770839918,0.946394630357186,0.1041182850971735,1,1,1,3,0.0625,0.125,0.125,0.0625,0.0625,0.25,-0.25,0.5,-0.25,-1.25,-2.25,1.75,-11669.7334,-2917.43335,-6.579327,21,5.632718,2.719947,3.254346,90.0,90.0,90.0,49.85884062229965,12.464710155574911,0.4828835741466198,0.5777576651272086,1.7308294815609648,-0.002946,0.002696,0.00073,-0.0,0.0,0.0,-0.2563482614400001,0.0056419999999999,2.216233,3.028167,2.6222,0.55405825,0.75704175,FM,2.6222,2.6222,0.0,0.004179,-0.004179,0.0,0.200894,-0.200894,2.000000000002e-06,1.426394335930411,0.9233872320951872,0.434146,0.4302611144505014,14.565854,0.0,0.434146,0.0,17.573642,0.0,0.426358,0.0,13.4302525,0.0003045000000003,-0.4302525,0.0003045,0.0077879999999999,0.8643985000000001,0.8566105,system_15,7.539135983536588,-1.0057346314697748,10.382630555745664,921.779241079568,7.501826495483048,0.370776651755316,9.517190301098346,701.1621680304979,0.2472470472356644,0.8240017995001996,-0.5383947474220662,4.189139582203691,-8.713927094947529,1.818120250520029,-8.171335410328577,-1.3765112832250908,-0.116358516121293,0.0,0.0,0.0,-0.2767136270464522,0.0,0.0,0.0,-0.0036289489553446,-0.0209124472694305,0.0,-0.2623003345468502,0.0,-0.3310511610070392,0.0,0.0,6.55153417566124,6.54952434994871,-2.9195091515766087,-2.9264732471129373,9.95801129837019,9.939587297536244,1274.2421139323883,1268.798695947934,0.3386814096353651,0.2789392877632365,0.0967294686265541,4.38510939682508,4.396243993698348,-8.813869491275252,-8.800861749440909,0.0069640955363285,6.045171395717285,2.639312810842447,8.307777648491324,464.5623082013538,6.250489542947567,1.70879393772025,8.67711585885802,392.672992579318,0.2062817382016986,0.2181955142082915,-0.0280669363056604,1.109003470017442,-7.82194524948541,1.454406497659658,-8.881448925365653,0.9305188731221968,0.9383513926073924,1.5036043626373627,-0.2314755166288078,0.6186,0.0,-11654.693399999998,-2913.67335
calculation015,True,6,0,3,3,0.0,0.5,0.5,6.5,1.86,1.33,64.205,9.0,0.0499999999999999,0.0601503759398495,0.6931471805599453,0.6309297535714574,0.0858967370142512,0,1,1,2,0.0,0.0,0.25,0.0,0.25,0.25,-0.5,0.0,0.5,-0.5,-1.5,1.0,-19906.71,-3317.785,-6.567234,24,2.889879,7.846449,3.294349,90.0,90.0,90.0,74.70031297235447,12.450052162059078,2.715147935259573,1.1399608772547225,1.1399608772547225,-0.001086,0.004221,-0.000161,-0.0,0.0,0.0,-1.5882911031719995,0.005307,0.0,0.0,0.0,0.0,0.0,NM,0.0,0.0,0.0,0.0,0.0,0.0,0.0,0.0,0.0,0.0,0.0,0.704815,0.4002369086380451,0.0,0.0,0.0,0.0,17.647177333333335,0.0850452440854599,0.3528226666666667,0.0850452440854605,13.352823,0.2533348951250102,-0.352823,0.2533348951250103,-0.3528226666666667,0.352823,0.7056456666666667,system_16,0.0,0.0,0.0,0.0,0.0,0.0,0.0,0.0,0.0,0.0,0.0,0.0,0.0,0.0,0.0,0.0,0.0,0.0,0.0,0.0,0.0,0.0,0.0,0.0,0.0,0.0,0.0,0.0,0.0,0.0,0.0,0.0,19.6078148994725,19.607814898071094,-2.7757949771315213,-2.7757949285695958,9.630695793523744,9.63069577208319,1170.540830851676,1170.5408224495786,1.1053638548155345,1.1053638996488513,-2.0279890523047747e-08,13.060802029185435,13.060801940696935,-8.443969296448007,-8.443969248979341,-4.8561926035972653e-08,9.167831838101426,2.0012395701892047,7.981565154224003,367.7586489337386,9.167831849312645,2.001239556633992,7.981565172126847,367.7586454898854,0.3043423140269731,0.3043422985269232,2.54648296442403e-08,1.8053273051817345,-8.131133177964033,1.8053273157923455,-8.131133217817188,1.3555212952098829e-08,1.7732503506493509,1.7732503506493509,0.0,1.41971,0.0,-19880.94,-3313.49
calculation016,True,10,2,5,3,0.2,0.5,0.3,7.3,1.808,1.302,61.249,8.0,0.1360735095453923,0.0546125617039359,1.0296530140645737,0.9372305632161296,0.0934518957916293,1,1,1,3,0.1,0.06,0.15,0.04,0.25,0.09,-0.3,0.2857142857142857,1.2999999999999998,0.2999999999999998,-0.7000000000000002,0.2000000000000001,-34944.4459,-3494.44459,-6.522688,18,2.653534,13.29071,3.399406,90.0,90.0,90.0,119.88804414865974,11.988804414865974,5.0086827604244,1.2810862796557343,1.2810862796557343,-0.000442,-0.000804,-0.000394,-0.0,0.0,-0.0,0.8758565599200001,0.00041,-0.5244779999999998,7.678474,3.295117,-0.0524477999999999,0.7678474,AFM,3.1850525,-0.1100645,3.1850525,0.201294,-0.0214808,0.2455802212975629,0.1006329999999999,-0.0656483333333333,0.1139872091956909,1.5829331932026365,0.2355832087875549,0.543746,0.3053513598278055,14.97222,0.2977959999999999,0.02778,0.2977959999999999,17.799715799999998,0.143687798424779,0.2002842,0.1436877984247792,13.352326666666668,0.1605035787686854,-0.3523266666666666,0.1605035787686852,-0.1725042,0.3801066666666666,0.5526108666666667,system_17,14.716612944051867,-0.8685041107144432,9.33684426765715,720.8979921606062,14.705620343035667,-1.0010441085644362,9.383660067968876,741.4016176730842,0.6623901075894404,2.6379048849266065,-0.5985873328950794,5.610476941333244,-8.685120483111636,5.843876647495193,-8.646195548917596,0.1325399978499929,0.8892340098050268,4.952005200186767,11.63646857365528,-1210.0572431620694,0.7695767306485696,7.16013198705733,10.617880821169871,-1493.5266495588946,-0.0023179788959817,-0.0022812030706716,0.0,0.1771024599537028,-15.90967377202081,0.0838126045186832,-19.90585600208452,-2.2081267868705634,31.90150623629064,31.830686157568188,-3.323571175358932,-3.3682982947226336,9.17442958592736,9.180555874120865,1113.2730588708157,1121.7064738694755,1.5770791873350185,3.5317419179403564,-0.3826054368173023,21.710451890700583,21.78370015959142,-8.487735853571376,-8.492455513686528,0.0447271193637015,9.071200935608976,2.675654494180049,7.694779458978999,423.6523430256179,9.149452420807105,2.554667062533266,7.774151814267482,409.4596191106853,0.221141431987957,0.3002443965824261,-0.1517167522779932,1.5171249593105685,-7.239145185266072,1.631941088814947,-7.415908831523437,0.1209874316467836,2.935880248251748,7.023973270229768,-0.4104571432091998,2.30962,0.0,-34900.6759,-3490.06759
calculation017,True,8,1,3,4,0.125,0.375,0.5,6.125,1.815,1.3325,63.73625,8.625,0.1103403824535695,0.0583426334163834,0.9743147528693494,0.8868595071429147,0.0955957691320525,1,1,1,3,0.046875,0.0625,0.1875,0.015625,0.140625,0.25,-0.375,0.25,0.125,-0.875,-1.875,1.375,-24940.3739,-3117.5467375,-6.32614,30,5.289850698972609,2.849722,6.849349342661753,90.0,88.5923444152776,90.0,103.22006887356407,12.90250860919551,0.5387150152561907,1.2948095763821896,1.2948095763821896,0.000247,0.000285,0.001417,0.0,6.6e-05,-0.0,-1.040880753222,0.00117,-3.586514,4.423818,3.43219,-0.44831425,0.55297725,FM,3.43219,-3.43219,0.0,0.1799483333333333,-0.1799483333333333,0.1149570333250162,0.11294575,0.09638025,0.0757280625903469,1.973815504163559,0.8257866631911552,0.624444,0.4343896700942707,14.559198,0.0,0.440802,0.0,17.699561666666668,0.2045702114015846,0.3004383333333333,0.2045702114015843,13.335529,0.3422693934322791,-0.335529,0.3422693934322787,0.1403636666666667,0.7763310000000001,0.6359673333333333,system_18,7.333857541900089,0.2468499366963114,9.024845839404811,659.5698754718785,7.396891206206625,-1.656379798176435,10.169046700442738,959.858392700942,0.5816053661136459,0.4562553203308679,0.1207773330466925,1.317202481979392,-8.293171406021898,4.448541924370646,-8.78491032860801,1.9032297348727465,-0.0492151008484934,0.0,0.0,0.0,0.0860581188252024,67.67414879023228,0.0,607762.3805286954,0.0047704957038069,-0.0127872122611831,0.0,-0.2279237318947894,0.0,-0.191116552016148,0.0,-67.67414879023228,19.17925352179321,19.131297505046724,-3.048226805610208,-3.2078506347577576,9.317596706697143,9.386368447052192,1145.0158940656008,1178.56858909646,0.8413183502179815,1.1935548625637284,-0.1730999799561138,12.909946070585129,13.350867779600424,-8.345912840517725,-8.44121323426695,0.1596238291475495,12.008139196589244,1.855676536040782,7.919004463523064,377.2634246693217,11.883698636913998,2.179530861324981,7.769771772571836,408.23894356418987,0.2583517043127765,0.4784647885985048,-0.2987352840271339,2.418089951903877,-8.024907205655879,2.1412191826710094,-7.58786337387779,-0.3238543252841988,1.920816343656344,2.7702903521478497,-0.1810817923308566,1.91626,0.0,-24908.1539,-3113.5192375
calculation018,True,8,3,1,4,0.375,0.125,0.5,5.375,1.725,1.3375,62.79875,7.875,0.1391941090707505,0.0543986250873093,0.9743147528693494,0.8868595071429147,0.1117194779456232,1,1,1,3,0.046875,0.1875,0.0625,0.140625,0.015625,0.25,-0.125,0.75,-0.625,-1.625,-2.625,2.125,-21736.5455,-2717.0681875,-6.327974,29,5.306933260248616,2.8458,7.134727387344943,90.0,90.0368234403182,90.0,107.75198886667695,13.46899860833462,0.5362419047769751,1.3444162640573136,1.3444162640573136,-0.000378,0.001809,-4.7e-05,0.0,0.000933,0.0,-0.739137487152,0.002187,-2.203743,9.633113,3.28739,-0.275467875,1.204139125,FiM,3.0686060000000004,-0.8770126666666668,2.9477909619769327,0.08306,0.08306,0.0,0.08605875,0.08605875,0.0384512058092786,1.2041331636163115,0.7907842532960891,0.993859,0.5386227242677469,14.617446666666666,0.045878221887466,0.3825533333333333,0.0458782218874658,17.662534,0.0,0.337466,0.0,13.37128175,0.5500627391099928,-0.3712817499999999,0.5500627391099924,0.0450873333333333,0.7538350833333333,0.7087477499999999,system_19,21.67293756172243,-0.7464357821154245,9.27903871530846,736.7176118567992,21.638458597652217,-1.2662495763445918,9.5474439871525,823.8838371757462,1.3008556055049063,1.481700755106531,-0.064992448009889,7.580076941553106,-8.50381373989552,9.940449744880349,-8.554067915120816,0.5198137942291673,0.0968370927463888,159.3711772828362,0.0,8059645.598315624,0.2597213014664532,56.3280854897812,0.0,347334.87257331185,-0.0008659194825437,-0.0186757044954933,0.0,-0.5617840867948123,0.0,-0.4709793166427636,0.0,103.04309179305504,6.311200351618982,6.315009286430025,-3.37793009267132,-3.309112830356879,9.140882022539795,9.111822478211398,1130.2455598308252,1118.363692498445,0.1658288346972912,0.3049232384004536,-0.2954727374600034,4.4169750135711485,4.340430523255934,-8.387954112170085,-8.345101515226,-0.0688172623144409,12.024095737783869,1.437562619212326,7.889478937379629,364.04450623159954,11.975635183630066,1.53498213480092,7.847223367762443,373.196011987581,0.2015985774910402,0.3458088131710459,-0.2634422518585001,2.569115005900202,-8.289040491724801,2.4038051813652968,-8.253050530572901,-0.0974195155885941,1.844925374625375,2.500481320679321,-0.1508618161706907,1.79926,0.0,-21708.6055,-2713.5756875
calculation019,True,8,1,4,3,0.125,0.5,0.375,7.0,1.8275,1.3125,62.3575,8.375,0.1146461948779809,0.0577428814903776,0.9743147528693494,0.8868595071429147,0.0934122503141264,1,1,1,3,0.0625,0.046875,0.1875,0.015625,0.25,0.140625,-0.375,0.2,1.0,0.0,-1.0,0.5,-27425.6294,-3428.203675,-6.469711,16,2.678626,5.157016445447697,7.01097820552382,90.4210134197157,90.0,90.0,96.84506357964364,12.105632947455454,1.92524691593664,2.617378538670132,2.617378538670132,-0.001197,-0.000509,-0.001055,0.000351,-0.0,0.0,1.474536562158,0.0006879999999999,-3.63006,4.422332,3.204867,-0.4537575,0.5527915,FM,3.204867,-3.204867,0.0,0.20533225,-0.20533225,0.0929063772336834,0.1320453333333333,0.1320453333333333,0.0388503206707772,1.8187598494049704,0.8360172563216827,0.542383,0.3196778860708854,14.922283,0.0,0.077717,0.0,17.737737000000003,0.1335978387156774,0.262263,0.1335978387156768,13.375589666666665,0.118022352146626,-0.3755896666666666,0.1180223521466261,-0.184546,0.4533066666666666,0.6378526666666666,system_20,7.394380569973633,0.0746275779539475,8.898705786114343,636.0491358256588,7.419512964851009,-1.7815346886871826,9.904394450213248,900.6068484449847,0.935826114832168,0.1858617969265734,0.6686033700137627,1.3989095708607169,-8.367368342108232,4.377085358994558,-8.772975752035563,1.8561622666411304,0.2317358128060391,14.9582527201574,0.0,1166.112153376623,0.3376584280600101,9.960799898632342,7.423121394755431,-745.9608276944618,0.0077943674073426,-0.0042675885865384,3.420105599684495,-0.0396543765828488,0.0,-0.0127489131257918,0.0,4.997452821525059,25.5211270613111,25.400859571466956,-3.25806762669363,-3.499713616319817,9.2050017707308,9.229182137603749,1121.628323319633,1146.640067549633,1.663862927877623,0.703859845859266,0.4054541742246368,17.08456847346399,17.86797582785968,-8.467110336156031,-8.574307265956131,0.2416459896261868,9.186799177456962,2.377293342431678,8.084324167417492,362.57135921462975,9.019011446959716,2.743903165235544,7.792368506960245,405.9827058116781,0.2024774627998251,0.1418020458933566,0.1762388273899328,1.7555828281060648,-8.023977775945049,1.4748699174786108,-7.3485000037624,-0.3666098228038659,3.184595472027973,1.2431072010489512,0.4384865954944151,1.23858,0.0,-27390.8594,-3423.857425
calculation020,True,8,5,3,0,0.625,0.375,0.0,8.125,1.685,1.2625,56.34625,6.125,0.1742842505793337,0.0076692739528859,0.6615632381579821,0.6021808102656678,0.032219729680941,1,1,0,2,0.234375,0.0,0.0,0.390625,0.140625,0.0,0.125,0.625,2.125,1.125,0.125,0.625,-28475.0594,-3559.382425,-6.946958,6,2.471775,9.932963,3.502046,90.0,90.0,90.0,85.98240716115865,10.747800895144833,4.018554682363889,1.4168142326870363,1.4168142326870363,-0.001004,2.6e-05,0.001374,-0.0,-0.0,0.0,-0.211487315688,0.002378,-0.0832910000000004,8.955351,3.024028,-0.010411375,1.119418875,AFM,1.7496104000000003,-0.0119992,2.0606307136306983,0.0690996666666666,-0.007765,0.0773868602067991,0.0,0.0,0.0,1.0581736981954664,0.3887343863770083,0.23087,0.1606475001450672,15.1133542,0.0806207888162851,-0.1133541999999999,0.0806207888162848,17.81107666666667,0.0296672971168966,0.1889233333333333,0.0296672971168966,0.0,0.0,0.0,0.0,-0.3022775333333333,-0.1133541999999999,0.1889233333333333,system_21,37.078744644313566,-1.458709694523774,9.400162183678304,731.6500833257454,37.076513774468296,-1.465252619432064,9.402551031158774,732.6917265442488,3.0688196583956087,3.0417328345631933,0.0044327945572233,14.513257032625384,-9.193536334892745,14.562626415993147,-9.192016217596374,0.0065429249082897,2.6135541668058484,2.639567469948277,11.36566427329944,-554.3093148237696,2.6177980722091867,2.621213907467036,11.375523394452811,-551.5378437456334,0.0208108728214285,0.0187141416401098,0.053048207821884,0.7497010071997667,-13.578160397466988,0.7535988445486066,-13.578755681536377,0.0183535624812409,18.44848270549537,18.44959376752412,-4.516851104949375,-4.522096493099556,8.96104137850242,8.96420806263885,1159.650590476966,1160.8796218591094,1.1373409319340697,1.1488307298928615,-0.0050257809379066,12.87495782692822,12.891551476048146,-9.26554706324015,-9.269950449398872,0.0052453881501808,0.0,0.0,0.0,0.0,0.0,0.0,0.0,0.0,0.0,0.0,0.0,0.0,0.0,0.0,0.0,0.0,4.648371646353649,4.619452573426577,0.0031203734815502,3.74992,0.0,-28441.1994,-3555.149925
calculation021,True,6,4,0,2,0.6666666666666666,0.0,0.3333333333333333,5.666666666666666,1.6366666666666665,1.3166666666666669,59.86666666666666,6.666666666666666,0.1225651754056682,0.050124024995502,0.6365141682948128,0.5793801642856949,0.1163812720037546,1,0,1,2,0.0,0.2222222222222222,0.0,0.4444444444444444,0.0,0.1111111111111111,0.1666666666666666,1.0,-0.3333333333333339,-1.333333333333334,-2.333333333333334,1.833333333333334,-15986.1761,-2664.3626833333333,-7.011891,11,7.941372,2.630201,3.471489,90.0,90.0,90.0,72.51039522334217,12.08506587055703,0.3312023413586468,0.4371397033157495,2.2875982035374447,-0.002946,-0.005894,-0.004051,0.0,0.0,-0.0,6.884552996297999,0.002948,3.881469000000001,9.821081,2.68586,0.6469115000000001,1.6368468333333333,FiM,2.3175985,1.1080390000000002,2.051239533892251,0.0,0.0,0.0,0.2753434999999999,-0.2753434999999999,2.4999999999886224e-06,0.6015604332601904,0.5665323607649672,0.578135,0.4318591037330796,14.71094675,0.170580757307756,0.28905325,0.1705807573077558,0.0,0.0,0.0,0.0,13.578107,2.799999999947289e-05,-0.5781069999999999,2.799999999997249e-05,0.28905325,0.86716025,0.5781069999999999,system_22,28.92692807500365,-2.005438845082149,9.53963438798158,826.818737125773,28.97963417234301,-1.3353114901818697,9.233399950857097,727.0752096946611,1.2468067800659337,1.3959297275824178,-0.0564274747349602,13.833481293321562,-9.189996480096765,9.761622664833212,-9.12136879675766,-0.6701273549002795,0.563167029467263,34.90569505549267,0.0,87582.85571148885,0.271632395550878,77.44062638197863,0.0,950821.0802097772,-0.0032000215824175,-0.0086486412527472,0.0,-0.5337215499987529,0.0,-0.6419313779699961,0.0,-42.53493132648596,0.0,0.0,0.0,0.0,0.0,0.0,0.0,0.0,0.0,0.0,0.0,0.0,0.0,0.0,0.0,0.0,5.71844655610675,1.7811751069086594,8.546072705442935,353.9508490076269,6.091181232061928,0.4461576425211982,9.05814759619419,327.49727272736163,0.1194483941978022,0.0723868307032967,0.2453228468273654,1.175056333814857,-9.072572474166574,1.715626828293972,-10.131700964528845,1.335017464387461,1.5443391038961,1.5182344145854174,0.0085237755610274,1.39562,0.0,-15966.4161,-2661.06935
calculation022,True,8,2,1,5,0.25,0.125,0.625,4.875,1.7575,1.355,64.64625000000001,8.5,0.1240715519367755,0.0525749330213099,0.9002560512685369,0.8194483718728035,0.1026978993233648,1,1,1,3,0.03125,0.15625,0.078125,0.0625,0.015625,0.390625,-0.25,0.6666666666666666,-1.125,-2.125,-3.125,2.625,-20852.8922,-2606.611525,-6.136725,19,2.750331,2.75033,15.279844,90.0,90.0,90.0,115.58159685544835,14.447699606931046,0.9999996364073996,5.555638212273359,5.555638212273359,-0.000387,-0.000387,0.000202,0.0,0.0,0.0,0.305481678216,0.000589,-1.0453770000000002,7.093333,3.313193,-0.130672125,0.8866666249999999,FiM,3.0146605,-0.2985325000000001,3.0146605,0.314893,-0.314893,0.0,0.1498238,-0.0266838,0.1814037079449039,1.4002932845304878,0.1925824195810949,0.698002,0.3632371833850438,14.5348395,0.2328415000000001,0.4651605,0.2328415,17.68409,0.0,0.31591,0.0,13.249246199999998,0.1441760258925181,-0.2492462,0.1441760258925179,0.1492504999999999,0.7144067000000001,0.5651562000000001,system_23,14.504818468774491,-0.6507778538372221,9.461833911787178,783.3259721927817,14.484898311526653,-0.9046096619099075,9.520075899961236,812.2031775014157,1.1121797132113636,1.7941621147678577,-0.2346531970159464,5.620023603810123,-8.36517105587506,6.238260598469677,-8.340323102940069,0.2538318080726854,0.1588637990265537,76.47076365302838,0.0,857495.5533537415,0.1311959079872919,98.78477704138557,0.0,1873692.3915922367,0.0207334996600649,0.0163817022633117,0.1172510769505559,-0.3846697871364126,0.0,-0.4261895371529975,0.0,-22.314013388357186,6.340230356730748,6.276791486677988,-3.210448498057863,-3.59327699334298,9.095141255491454,9.174072884780298,1102.7875496836966,1164.3211736732803,0.4418456618863635,0.1518938115435064,0.4883486163853732,4.203531506612037,4.528162143728494,-8.363146379869818,-8.495928678837682,0.3828284952851168,14.314952831729888,1.6530678276406667,7.514754461653501,467.27887789372994,14.371424594499022,1.6015713157287823,7.524655652080289,463.6914314711563,0.5852460209584416,0.6208443483905843,-0.0295154727513134,2.586116931894676,-7.128196973133388,2.6423708540129227,-7.187018996083646,0.0514965119118844,2.791723457792207,3.283884139610392,-0.0810060021039854,1.4964,0.0,-20825.3622,-2603.170275
calculation023,True,8,3,5,0,0.375,0.625,0.0,8.875,1.775,1.2575,57.28375,6.875,0.1742842505793337,0.0076997680839114,0.6615632381579821,0.6021808102656678,0.0316924248767709,1,1,0,2,0.234375,0.0,0.0,0.140625,0.390625,0.0,-0.125,0.375,2.875,1.875,0.875,1.375,-31677.5222,-3959.690275,-6.482301,6,2.518488,4.92581,7.022359,90.0,90.0,90.0,87.11653028923789,10.889566286154736,1.9558600239508783,2.7883233908599125,2.7883233908599125,-0.000771,-0.002305,0.004778,-0.0,-0.0,0.0,-0.908968210356,0.007083,-5.138415999999999,10.830278,3.273318,-0.6423019999999999,1.35378475,FiM,3.063063,-1.1657756666666663,2.837919829411951,0.3282178,-0.3282178,0.0616746005853301,0.0,0.0,0.0,0.981842510311262,0.5992098894878337,0.352925,0.2061643051069946,15.161562333333334,0.1554846029790594,-0.1615623333333333,0.1554846029790588,17.9030626,0.1686487000016302,0.0969374,0.1686487000016306,0.0,0.0,0.0,0.0,-0.2584997333333333,-0.1615623333333333,0.0969374,system_24,22.805747685979703,-0.7459260721890505,9.01717830348646,607.2341008717875,22.775143688592784,-1.5099927635180863,9.320813900398608,695.0939108823261,1.521938411178574,2.386524297233517,-0.2212086824300806,7.035562874374812,-8.953840255017239,10.375365758097916,-8.925216701667495,0.7640666913290358,1.8539182091586095,2.1179995418467734,11.527776427189645,-342.7293329479974,1.861524309926439,2.71182922000506,11.057192599006658,-441.602578396618,-0.0040547615947802,0.0123711293914835,-1.9751280111463003,0.6086795730410536,-12.994624976259948,0.5425034512783158,-12.863163355327467,-0.5938296781582864,31.100718694289785,30.89581649353829,-3.860138668761934,-4.268226490375535,8.651977410524044,8.721953518207203,1016.7395859205284,1062.6390946611557,3.818642859506875,1.6890521527760982,0.3866573406808974,20.6606765173464,22.50839241249097,-8.60960128889681,-8.789585982540867,0.4080878216136012,0.0,0.0,0.0,0.0,0.0,0.0,0.0,0.0,0.0,0.0,0.0,0.0,0.0,0.0,0.0,0.0,5.596544847152852,4.366308472027972,0.1234823333950312,1.72629,0.0,-31639.3822,-3954.922775
calculation024,True,4,1,1,2,0.25,0.25,0.5,5.75,1.77,1.335,63.2675,8.25,0.1334166406412633,0.0564289107614956,1.039720770839918,0.946394630357186,0.1041182850971735,1,1,1,3,0.0625,0.125,0.125,0.0625,0.0625,0.25,-0.25,0.5,-0.25,-1.25,-2.25,1.75,-11669.0658,-2917.26645,-6.211886,21,2.747669,2.747668,7.117895,90.0,90.0,90.0,53.73784508254974,13.434461270637437,0.9999996360551434,2.5905212745785606,2.5905212745785606,-0.002268,-0.002268,-0.000672,-0.0,-0.0,-0.0,2.781378636624,0.001596,3.074975,3.619871,3.060863,0.76874375,0.90496775,FM,3.060863,3.060863,0.0,0.28656,0.28656,0.0,0.136224,-0.136224,0.091164,1.3789276179018757,0.9186096289593518,0.326056,0.2864873680155898,14.756073,0.0,0.243927,0.0,17.673944,0.0,0.326056,0.0,13.2849915,0.0048395000000001,-0.2849915,0.0048394999999999,-0.082129,0.5289185000000001,0.6110475,system_25,7.16275694020222,-2.055676583924525,9.594645307551112,915.589817302122,7.1730329507233,-0.171547919253178,8.680835018217955,651.1282147947431,0.2306106412423078,1.1499639112367122,-0.6659207706991074,4.361441240006298,-8.501091563489402,1.5621473415649794,-8.036649411322744,-1.884128664671347,0.2847638965732402,15.886785449719143,0.0,5119.26348985777,0.1654016035293221,30.54608648858157,0.0,47893.17343146744,-0.0022020728758741,0.0250770692461537,-1.192530992375166,-0.0811585949283184,0.0,-0.1309129423122937,0.0,-14.659301038862424,6.255332070689299,6.3306938309003655,-3.71446864747038,-3.2896546139285125,9.065079743864192,9.08046255119612,1136.4969923160454,1101.4867769402977,0.1364486650286712,1.0409276689940556,-0.7682157164439193,4.538117193077495,4.220882285655498,-8.521780100597091,-8.410324880559594,-0.4248140335418671,5.817799308661124,1.793986113195437,7.480846133694559,449.2396370801594,5.901531382270486,1.3908809153969488,7.741742996600884,406.7881619765052,0.0908426452769229,0.3508302409482517,-0.5886428707303107,1.037504769342236,-7.294932417230136,1.2510715082426964,-7.922579844041164,0.4031051977984885,0.5975508351648352,3.067999120879119,-0.6739638840935389,0.59345,0.0,-11654.0258,-2913.50645
calculation025,True,8,2,4,2,0.25,0.5,0.25,7.5,1.795,1.295,60.51,7.75,0.1472243186433545,0.0516567110434735,1.039720770839918,0.946394630357186,0.0914459440748936,1,1,1,3,0.125,0.0625,0.125,0.0625,0.25,0.0625,-0.25,0.3333333333333333,1.5,0.5,-0.5,0.0,-28309.8088,-3538.7261,-6.495602,11,5.223026011930249,5.0620897829339215,3.536682,90.0,90.0,91.60437478190808,93.47118725790922,11.683898407238653,0.9691871668590732,0.677132756360324,1.476815278255226,-0.000479,-0.002689,0.000587,0.0,0.0,0.002747,1.3784059641179998,0.003276,0.0020859999999998,7.589274000000001,3.248246,0.0002607499999999,0.9486592500000002,AFM,3.2473555000000003,0.0008904999999999,3.2473555000000003,0.270234,0.0001229999999999,0.3042571857968189,0.0068135,-9.349999999999983e-05,0.0068135,1.4074261281854883,0.0005999007643258,0.371692,0.2259933323009774,14.781947,9.000000000014552e-05,0.218053,9.000000000000674e-05,17.923278,0.059001001970305,0.076722,0.0590010019703055,13.371497,0.0001949999999997,-0.371497,0.000195,0.1413309999999999,0.58955,0.448219,system_26,14.953912804264888,-0.993685857772436,9.572664219279918,736.4518778319558,14.953945874136023,-0.9931504917366856,9.572370239727016,736.3910956522428,0.935325023038586,0.9358982672352644,-0.0003063472967966,5.767216638286336,-9.038999515679556,5.765825262003885,-9.038601510666911,-0.0005353660357504,0.4641393986468022,19.768178295169516,0.0,11589.883809047908,0.4640073145644982,19.775353515881832,0.0,11605.180648419377,-0.0110956443340409,-0.0111698677543706,0.0,-0.1524898239584792,0.0,-0.1525182319526337,0.0,-0.0071752207123196,25.1338154787544,25.133866162108514,-3.756282093927622,-3.756177138247209,8.948097368680221,8.94806135923542,1088.710093656694,1088.6866713375698,1.2651696273389117,1.2662451719419336,-0.0004248788477209,17.443816689763388,17.443483430507488,-8.632814062996243,-8.632733347052367,-0.0001049556804129,5.892779014936513,3.432898191394168,7.07810766962138,537.5248559066553,5.892997121155409,3.43196722848418,7.078625439926005,537.3934712514806,0.1491304851429819,0.1492500060528221,-0.0004005654302704,0.8465299361183939,-5.289619853026768,0.8467644195609211,-5.292021354162483,0.0009309629099885,2.7334727222777224,2.735184919080919,-0.0003130927030881,1.67333,0.0,-28274.6288,-3534.3286
calculation026,True,8,2,6,0,0.25,0.75,0.0,9.25,1.82,1.255,57.7525,7.25,0.1558845726811989,0.0069006008269675,0.5623351446188083,0.5118595071429147,0.0281164907509774,1,1,0,2,0.1875,0.0,0.0,0.0625,0.5625,0.0,-0.25,0.25,3.25,2.25,1.25,1.75,-33278.6987,-4159.8373375,-6.589201,4,4.932268041263369,2.471575,6.967564058514641,90.0,89.98516309816543,90.0,84.93788045672085,10.617235057090106,0.5011031394325686,1.4126491099477925,1.4126491099477925,-0.003194,-0.00355,0.000578,0.0,-8.5e-05,0.0,3.2930070417479995,0.004128,-0.9278370000000004,7.151523000000001,2.791444,-0.115979625,0.8939403750000001,FiM,2.781906,0.0095379999999998,2.781906,0.2646185,-0.1578188333333333,0.234255303199605,0.0,0.0,0.0,1.2231019753396437,0.5672789404863934,0.213928,0.1456914598492307,14.9231475,0.0016175,0.0768524999999999,0.0016175,18.0256175,0.1602355702403492,-0.0256175,0.1602355702403495,0.0,0.0,0.0,0.0,0.10247,0.0768524999999999,-0.0256175,system_27,15.184158497677098,-1.1292087987645707,9.23657092544718,653.9071733877112,15.176514186502066,-1.1321682144069485,9.229708680035364,655.8318291524872,1.046834698555844,0.917486717143256,0.0658486846291156,5.812226791994302,-9.00433884993044,5.815583018318196,-8.96704012537164,0.0029594156423777,1.0551629314400266,5.441189385640559,9.467173890277698,-629.364018408002,1.0542039345030505,5.570587705002144,9.428746533251983,-621.3294292751008,-0.0006879117702297,-0.00076178808991,0.0,0.1788087725904434,-12.66844728343549,0.1739932603826214,-12.648230408939376,-0.1293983193615844,37.815593106329786,37.78923727682627,-3.775821387784704,-3.9185470996387033,8.754205572447537,8.811289140747181,1019.1706510836032,1042.8586137008642,5.537674854320081,2.585153263810984,0.3634844351708904,25.35592221049655,26.367300801079367,-8.608641425445096,-8.694811098207568,0.1427257118539997,0.0,0.0,0.0,0.0,0.0,0.0,0.0,0.0,0.0,0.0,0.0,0.0,0.0,0.0,0.0,0.0,6.902053501748252,3.730765526223776,0.2982546742478818,2.17299,0.0,-33238.4187,-4154.8023375
calculation027,True,8,1,1,6,0.125,0.125,0.75,4.375,1.79,1.3724999999999998,66.49375,9.125,0.0964365076099295,0.0474638040830432,0.7356219397587946,0.6695919455357792,0.0852128971722859,1,1,1,3,0.015625,0.09375,0.09375,0.015625,0.015625,0.5625,-0.375,0.5,-1.625,-2.625,-3.625,3.125,-19968.9409,-2496.1176125,-6.175691,16,5.658371953824262,5.658367954346642,3.690632,90.0,90.0,91.85197623833898,118.10179815427256,14.76272476928407,0.9999992931752008,0.6522427352103731,1.5331715418454783,0.000295,0.000294,-0.001322,-0.0,-0.0,0.000911,0.3914651575739999,0.001617,-2.338086,3.868016,3.103051,-0.2922607499999999,0.483502,FM,3.103051,-3.103051,0.0,0.088596,0.088596,0.0,0.1127281666666666,0.1127281666666666,0.0457265514568821,2.049463212586325,0.9647828172061258,0.806006,0.440804297071274,14.193994,0.0,0.806006,0.0,17.332268,0.0,0.667732,0.0,13.245623,0.1271297119074314,-0.245623,0.127129711907432,0.138274,1.051629,0.913355,system_28,7.502909391458412,1.0254132984783986,9.54183501968031,703.5854236086781,7.58188294159923,-0.6667299859296824,10.583944651606576,964.977041999429,0.7125830421502692,0.164662364514374,0.6245922446252903,1.5584931914607272,-7.617732275681432,4.37706216186852,-8.439390768885017,1.6921432844080808,-0.4199849257120562,0.0,0.0,0.0,-0.2322292841410926,0.0,0.0,0.0,0.0005157857971633,-0.0008710089363662,0.0,-0.4103340285583827,0.0,-0.3743216740094827,0.0,0.0,6.546331621217211,6.523527010464697,-2.1694667418948983,-2.131011522528,10.06494245084827,10.0066033860749,1299.330459863057,1287.403705029963,0.3100833489585435,0.1982496236040366,0.2200009273267026,4.416671693414541,4.379094481982992,-8.102057779196947,-8.016229805150083,-0.0384552193668983,18.23942221787737,1.69408646316517,8.073178437778042,376.2280045413357,18.028790252091262,1.8782858945807015,7.975444527597694,388.6941758292549,0.5811334778268777,0.4475230228353062,0.1298883105347232,3.557177032440109,-8.150207221365992,3.1714690576801794,-7.991277811196023,-0.1841994314155317,1.9708149980019969,1.2166115876623362,0.2366182843964913,0.38049,0.0,-19941.8209,-2492.7276125000003
calculation028,True,8,0,1,7,0.0,0.125,0.875,3.875,1.8225,1.39,68.34125,9.75,0.0330718913883073,0.0380683641879796,0.3767701612564367,0.3429509801981277,0.0533766886050563,0,1,1,2,0.0,0.0,0.109375,0.0,0.015625,0.765625,-0.5,0.0,-2.125,-3.125,-4.125,3.625,-19084.8877,-2385.6109625,-6.010112,17,2.870625,5.741113000000087,8.032319000000061,89.99998288693664,90.0,90.0,132.3772959909964,16.54716199887455,1.999952275201424,2.7981080775092746,2.7981080775092746,-0.001368,-0.000826,0.00033,-0.0,-0.0,0.0,0.995485748592,0.001698,0.0,0.0,0.0,0.0,0.0,NM,0.0,0.0,0.0,0.0,0.0,0.0,0.0,0.0,0.0,0.0,0.0,0.65034,0.3148011195864134,0.0,0.0,0.0,0.0,17.42879,0.0,0.57121,0.0,13.081601285714283,0.2449214761135345,-0.0816012857142857,0.2449214761135345,-0.57121,0.0816012857142857,0.6528112857142857,system_29,0.0,0.0,0.0,0.0,0.0,0.0,0.0,0.0,0.0,0.0,0.0,0.0,0.0,0.0,0.0,0.0,0.0,0.0,0.0,0.0,0.0,0.0,0.0,0.0,0.0,0.0,0.0,0.0,0.0,0.0,0.0,0.0,6.403133545887993,6.403133543085192,-2.4457824024463344,-2.445782417131223,9.447720662673772,9.447720666394376,1171.1026438237582,1171.1026466333008,0.1316168842507496,0.131616878225275,2.2890204050232628e-08,4.394441886041733,4.39444189104674,-7.787924617366646,-7.787924627877112,1.4684888416383046e-08,19.80591867659591,1.847123699337964,7.035084837553693,452.7914470707088,19.805918674994302,1.847123700202891,7.035084837155884,452.79144716434354,0.5790703868151867,0.5790703807897122,5.2027134630648355e-09,2.804075108611855,-6.031176705133213,2.804075104407651,-6.031176702448038,-8.649272409400054e-10,1.2388844510489512,1.2388844510489512,0.0,0.95958,0.0,-19058.1777,-2382.2722125
calculation029,True,8,1,4,3,0.125,0.5,0.375,7.0,1.8275,1.3125,62.3575,8.375,0.1146461948779809,0.0577428814903776,0.9743147528693494,0.8868595071429147,0.0934122503141264,1,1,1,3,0.0625,0.046875,0.1875,0.015625,0.25,0.140625,-0.375,0.2,1.0,0.0,-1.0,0.5,-27425.9162,-3428.239525,-6.373113,49,3.483612000487138,5.266978303369969,5.287137444239085,89.60746410172004,90.00174344369574,89.9982934394247,97.00669646882574,12.125837058603215,1.5119302329402502,1.5177170831595903,1.5177170831595903,-0.001231,-0.000115,0.000872,0.000119,-0.000147,0.000187,0.253143908172,0.002103,-4.788879,5.575476999999999,3.678671,-0.598609875,0.6969346249999999,FM,3.678671,-3.678671,0.0,0.37587675,-0.37587675,0.0818052850657431,0.1310996666666666,0.1310996666666666,0.0621586904695464,1.6282545309547547,0.8735091049876456,0.446918,0.2936078569992423,15.1771,0.0,-0.1771,0.0,17.7468195,0.1864780652375771,0.2531805,0.1864780652375769,13.27854,0.1000480670377994,-0.27854,0.1000480670377993,-0.4302804999999999,0.10144,0.5317205,system_30,7.398691891088862,0.2637496011397226,8.859565306742132,621.080793783856,7.432999769416639,-1.9631829267164695,9.985289847377652,920.366065564636,0.5458325850437062,0.1670453335982517,0.531349395934509,1.1505421793197814,-8.584253476231376,4.564723409372427,-8.917017916517468,2.226932527856192,0.3183328145270944,5.7844022251269145,14.148932921007244,-2816.525294332335,0.3920308188105342,6.14234880803104,11.748330666024495,-1967.0335059496772,0.0002787489465034,-0.0038610795800699,0.0,0.0702222746676034,-20.148725795586444,0.0424577349356056,-24.508540109470268,-0.3579465829041259,25.358515548734086,25.17397306904622,-3.2388227975003105,-3.6412407080571993,9.136453495975344,9.204565033234944,1114.2528786595738,1163.6346416581375,2.2333931884209792,0.6863262928433567,0.5298683334152674,16.800070025105768,18.13476837803177,-8.396721701185715,-8.591393827687178,0.4024179105568879,9.407786149346515,2.198296780060833,8.188403850610218,361.1218248599786,9.205284150801829,2.575705849645236,7.851143874654261,407.1438940866898,0.2055140033832168,0.1842609609608391,0.0545264431186439,1.9844377996685136,-8.221591779407875,1.710997208146687,-7.507729337769343,-0.3774090695844032,3.393710137362636,1.3977771346153864,0.4165581351786181,1.20936,0.0,-27391.1462,-3423.893275
calculation030,True,8,0,7,1,0.0,0.875,0.125,9.125,1.8975,1.27,60.06875,8.25,0.0330718913883073,0.0416653749773951,0.3767701612564367,0.3429509801981277,0.0607275766539225,0,1,1,2,0.0,0.0,0.109375,0.0,0.765625,0.015625,-0.5,0.0,3.125,2.125,1.125,1.625,-33996.8986,-4249.612325,-6.539233,4,4.931369,4.931369,3.523253,90.0,90.0,90.0,85.67987650974338,10.709984563717924,1.0,0.7144573849574023,1.3996636063319892,0.002224,0.002223,0.00076,0.0,0.0,-0.0,-2.780844577746,0.0014639999999999,2.498574,2.838108,0.396943,0.31232175,0.3547635,FM,0.0,0.0,0.0,0.3811915714285713,0.3811915714285713,0.0200301596517219,0.169767,-0.169767,0.0,0.2040484136628938,0.554641254622254,0.331427,0.1873966972060874,0.0,0.0,0.0,0.0,17.952653285714284,0.1489987253950415,0.0473467142857142,0.1489987253950413,13.331427,0.0,-0.331427,0.0,-0.0473467142857142,0.331427,0.3787737142857143,system_31,0.0,0.0,0.0,0.0,0.0,0.0,0.0,0.0,0.0,0.0,0.0,0.0,0.0,0.0,0.0,0.0,0.0,0.0,0.0,0.0,0.0,0.0,0.0,0.0,0.0,0.0,0.0,0.0,0.0,0.0,0.0,0.0,44.34831067233732,44.46351638143004,-3.7483695298660313,-3.3960336308583776,9.010090868505875,8.885413222943544,1083.7041698014743,1027.4732894801,0.1740199748221161,10.2751654610002,-0.9666921453560324,31.847187107758085,29.01267388739332,-8.62063137272402,-8.410770341942447,-0.3523358990076537,2.981916976252693,5.093028988286759,4.647487107665122,860.4655326729563,3.0610624673484823,4.537436724996946,5.600375671935256,684.0065062100088,0.0018759026989942,0.0421010377733072,-0.9146869846402444,0.1525022904039298,9.024822894114497,0.2740889514808853,-0.4431449283099058,0.5555922632898138,0.1904149835164844,10.47903933166834,-0.9643065187981572,0.12407,0.0,-33954.8886,-4244.361075
calculation031,True,6,3,1,2,0.5,0.1666666666666666,0.3333333333333333,6.166666666666666,1.6966666666666663,1.3133333333333332,60.49166666666666,7.166666666666666,0.150406855635713,0.0523236754520007,1.0114042647073518,0.920619835714305,0.1100770574703753,1,1,1,3,0.0833333333333333,0.1666666666666666,0.0555555555555555,0.25,0.0277777777777777,0.1111111111111111,0.0,0.75,0.166666666666666,-0.8333333333333339,-1.833333333333334,1.333333333333334,-17586.5981,-2931.0996833333334,-6.564873,15,2.666678,2.666679,10.743615,90.0,90.0,90.0,76.39971804298172,12.733286340496951,1.000000374998406,4.028838502436365,4.028838502436365,0.000449,0.000449,0.002914,0.0,-0.0,0.0,-2.035832442936,0.0024649999999999,1.990047,7.659288999999999,2.907817,0.3316745,1.2765481666666665,FiM,2.4466853333333334,0.7422960000000001,2.3704143856241675,0.041196,0.041196,0.0,0.1390185,-0.1390185,0.0449365,0.9474337063556432,0.4124733556796032,0.276101,0.2012525897368914,14.91933,0.2523845992805426,0.08067,0.2523845992805425,18.021041,0.0,-0.021041,0.0,13.110485,0.0614090000000002,-0.110485,0.061409,0.101711,0.191155,0.089444,system_32,21.858402628141445,-1.329866707618333,9.544901853238787,811.9354901514155,21.85010406637784,-0.930646139133286,9.323384134152018,747.36586087612,1.381895027703897,2.4811306051036977,-0.2845530115214097,9.74160816778522,-8.765368454761862,7.732565890568626,-8.72636276240697,-0.3992205684850469,1.1100997790688736,9.78774502352411,6.167295427825267,81.13593124960653,0.9373768256727588,12.1529742749608,0.0,1348.9242170700104,0.0107814124803197,0.0052640448691308,0.3438585445729141,-0.0017159988531296,0.0,-0.0794763550413523,0.0,-2.3652292514366917,6.160353335853436,6.161682471897963,-4.077266045775303,-3.99718490088402,8.701671363174366,8.679508001841373,1073.4480780263086,1060.5928147769448,0.3326191458397607,0.5385679030541463,-0.2364001593869722,4.354970258223204,4.266689821597448,-8.63534804928524,-8.599793794029836,-0.0800811448912832,5.514638420637379,1.9385323151359024,6.944141528395826,493.2335581883567,5.611242509869364,1.4857708255456603,7.228510246143909,432.6762035947395,0.1882832270157842,0.1823408133702298,0.0160335353296706,0.8694760500535037,-6.2313186679562325,1.0785310646462858,-7.1991896780256965,0.4527614895902421,2.2512812927072976,3.458816487262742,-0.2114736456512624,1.82452,0.0,-17564.698099999998,-2927.449683333333
calculation032,True,8,2,1,5,0.25,0.125,0.625,4.875,1.7575,1.355,64.64625000000001,8.5,0.1240715519367755,0.0525749330213099,0.9002560512685369,0.8194483718728035,0.1026978993233648,1,1,1,3,0.03125,0.15625,0.078125,0.0625,0.015625,0.390625,-0.25,0.6666666666666666,-1.125,-2.125,-3.125,2.625,-20852.8608,-2606.6076,-6.376891,20,5.178743555731351,2.810174,7.659235703282737,90.0,86.90794908996618,90.0,111.30388652619172,13.912985815773965,0.5426362533224803,1.478975666753417,1.478975666753417,-0.001388,0.000617,-0.001439,-0.0,0.000475,0.0,1.18027012038,0.002056,0.0333969999999997,6.366459,3.031212,0.0041746249999999,0.795807375,AFM,3.0260485,-0.0051635,3.0260485,0.000696,0.000696,0.0,0.0627332,0.0086056,0.0656332703210803,1.618352516740253,0.2422546944905955,0.636304,0.4961340698088666,14.5111855,0.0752304999999999,0.4888145,0.0752305,17.584614,0.0,0.415386,0.0,13.278602800000002,0.4288007707280384,-0.2786028,0.4288007707280387,0.0734285,0.7674173,0.6939888,system_35,14.606196392000896,-0.5645418970269855,9.68326441383438,809.0148930956485,14.5927119863256,-0.575197152567552,9.68746890395618,810.0110029741874,1.18655225702817,1.3500605013523983,-0.0644592848411815,5.806973698343322,-8.383870536391068,5.783308681461007,-8.391916307499894,0.0106552555405664,-0.2003899854638878,0.0,0.0,0.0,-0.1852540028160184,0.0,0.0,0.0,0.0005151489453046,0.0024981194455544,-0.6580796142372202,-0.5380816484823334,0.0,-0.5381234560834234,0.0,0.0,6.486358373799869,6.480378635064553,-2.5984390160976405,-2.645293456520676,9.85471663907026,9.802095041291231,1269.6195219370495,1257.8655590694666,0.2737135859005493,0.4489169312956041,-0.2424521816139921,4.401655531101401,4.389472839115193,-8.30800910645788,-8.316335292376714,0.0468544404230355,14.674156221372169,1.6360111294993056,8.01199516990423,377.69058462956417,14.724555188042896,1.5955556305241745,8.043553233750723,374.9890802012248,0.452515712698701,0.5235091874240259,-0.0727373602009518,3.0097483965527188,-8.16940972266171,3.019412044745883,-8.263994969687671,0.0404554989751313,2.19286054020979,2.745817730769231,-0.1119646108167774,1.29253,0.0,-20825.3308,-2603.16635
calculation033,True,4,0,3,1,0.0,0.75,0.25,8.25,1.885,1.29,61.4475,8.5,0.0433012701892218,0.0537070017850814,0.5623351446188083,0.5118595071429147,0.0777270043837614,0,1,1,2,0.0,0.0,0.1875,0.0,0.5625,0.0625,-0.5,0.0,2.25,1.25,0.25,0.75,-15755.9847,-3938.996175,-6.539521,13,2.632892,2.632892,6.427901,90.0,90.0,90.0,44.55898290348411,11.139745725871029,1.0,2.441384226926133,2.441384226926133,0.002169,0.002169,0.004097,-0.0,-0.0,-0.0,-4.50478663593,0.001928,1e-06,1e-06,1e-06,2.5e-07,2.5e-07,NM,0.0,0.0,0.0,3.333333333333333e-07,3.333333333333333e-07,4.714045207910317e-07,0.0,0.0,0.0,0.0,0.0,0.267367,0.1547870575871897,0.0,0.0,0.0,0.0,18.02348533333333,0.1724503814673144,-0.0234853333333333,0.1724503814673143,12.929544,0.0,0.070456,0.0,0.0234853333333333,-0.070456,-0.0939413333333333,system_36,0.0,0.0,0.0,0.0,0.0,0.0,0.0,0.0,0.0,0.0,0.0,0.0,0.0,0.0,0.0,0.0,0.0,0.0,0.0,0.0,0.0,0.0,0.0,0.0,0.0,0.0,0.0,0.0,0.0,0.0,0.0,0.0,19.17876078357905,19.17876084423949,-3.325482449481824,-3.3254821173052487,9.155458295513402,9.155458174249254,1108.5032333100232,1108.5031732254113,1.6932005748731864,1.693205368782817,-1.41563347996621e-06,13.142363651835645,13.142362298281654,-8.441477207553792,-8.441477037973012,-3.3217657469108985e-07,2.940213638752598,4.032474683467302,6.645713935067796,565.4114716822735,2.9402136900038247,4.0324744266841055,6.645714319909648,565.4113978585083,0.0644535469398179,0.0644535497501505,-2.180122511046139e-08,0.374437815411257,-4.506155548381623,0.3744378790749278,-4.506156902894771,2.567831964839229e-07,1.83538587087912,1.83539587087912,-2.724215358838971e-06,0.5897,0.0,-15736.2547,-3934.063675
calculation034,True,10,9,0,1,0.9,0.0,0.1,6.6,1.576,1.284,56.418,5.5,0.078,0.0327102803738317,0.3250829733914482,0.2959032742893845,0.0785919387429544,1,0,1,2,0.0,0.09,0.0,0.81,0.0,0.01,0.4,1.0,0.5999999999999996,-0.4000000000000003,-1.4000000000000004,0.9000000000000004,-28705.6623,-2870.56623,-7.282718,12,2.576017,2.576017,17.016765,90.0,90.0,90.0,112.92093118590356,11.292093118590357,1.0,6.605843439697797,6.605843439697797,0.00072,0.00072,-0.000383,0.0,0.0,0.0,-0.5645002340460001,0.001103,-1.5511769999999998,18.052691,2.105873,-0.1551176999999999,1.8052691,AFM,1.9816386666666663,-0.1965688888888888,1.973130528352932,0.0,0.0,0.0,0.217943,0.217943,0.0,0.2954335719626704,0.158252136772192,0.112798,0.0675543460034955,15.003957222222224,0.0701004631475866,-0.0039572222222222,0.0701004631475867,0.0,0.0,0.0,0.0,12.964387,0.0,0.035613,0.0,-0.0039572222222222,-0.0395702222222222,-0.035613,system_37,64.47391129248138,-2.02988169506024,9.280164679763068,759.4790548951175,64.48710238795587,-2.1374038501510606,9.3429963775604,779.5898178625321,4.356508234779146,4.648421840113264,-0.0324170874072673,25.281763791417536,-9.52366572625074,26.941423777193485,-9.51820068953666,0.1075221550908205,3.582174663209923,6.872086888927408,9.315555423856225,-749.2126460295865,3.699935076977249,6.458581942941972,9.518837251888176,-763.8843791942705,-0.0109676463986013,0.0018768769891358,0.0,0.4263896186400056,-13.662504046977237,0.4665759846696862,-13.91137793361202,0.4135049459854354,0.0,0.0,0.0,0.0,0.0,0.0,0.0,0.0,0.0,0.0,0.0,0.0,0.0,0.0,0.0,0.0,2.9509350777209638,1.6298114278873297,8.427493402587762,409.2842090929535,2.8556986388468646,2.575008567540315,8.014389448533088,467.34785381681024,0.0487625961711538,0.0160521704704795,0.5046755144785631,0.6909615281428458,-8.87545320258535,0.5153941973869971,-7.773375678595586,-0.9451971396529856,4.898238771228771,4.936865704295704,-0.0039274552866275,0.75791,0.0,-28671.7723,-2867.17723
calculation035,True,4,4,0,0,1.0,0.0,0.0,7.0,1.55,1.27,54.94,5.0,0.0,0.0,0.0,0.0,0.0,1,0,0,1,0.0,0.0,0.0,1.0,0.0,0.0,0.5,1.0,1.0,0.0,-1.0,0.5,-11835.8014,-2958.95035,-7.726682,3,2.446896,2.446896,6.933593,90.0,90.0,90.0,41.51350161029998,10.378375402574996,1.0,2.8336279923625685,2.8336279923625685,0.002712,0.002712,-0.001959,0.0,-0.0,0.0,-1.85051401227,0.004671,0.043954,0.043954,0.011012,0.0109885,0.0109885,NM,0.0109885,0.0109885,2.079062288629176e-05,0.0,0.0,0.0,0.0,0.0,0.0,0.0018920346622643,0.0,0.000128,7.749838707999025e-05,15.0,7.74983870798894e-05,3.3881317890172014e-21,7.749838707999025e-05,0.0,0.0,0.0,0.0,0.0,0.0,0.0,0.0,3.3881317890172014e-21,3.3881317890172014e-21,0.0,system_38,28.88415870174732,-2.209818618311808,9.68243302034987,832.6002923298238,28.886774608998543,-2.200246845201578,9.679693731208042,831.580642736541,3.0626560809590138,3.106029563503438,-0.0070312356706586,11.677646660692488,-9.940943048577276,11.624290007382054,-9.94145493131201,-0.0095717731102293,1.4980564005171195,4.938612541302882,10.386360023625874,-878.0787897565186,1.496940384934336,4.952799797046865,10.381600694311985,-878.5534272061815,0.0007978742292102,0.0021977007970509,-0.467298116578259,0.2711292550858373,-14.234527314677273,0.2704667491555803,-14.228228890883058,-0.014187255743983,0.0,0.0,0.0,0.0,0.0,0.0,0.0,0.0,0.0,0.0,0.0,0.0,0.0,0.0,0.0,0.0,0.0,0.0,0.0,0.0,0.0,0.0,0.0,0.0,0.0,0.0,0.0,0.0,0.0,0.0,0.0,0.0,3.1952068091908097,3.2272557242757234,-0.0049901287734901,1.54192,0.0,-11822.0814,-2955.52035
calculation036,True,8,3,0,5,0.375,0.0,0.625,4.5,1.7125,1.3575,64.17750000000001,8.125,0.125871958751741,0.0499279621058046,0.6615632381579821,0.6021808102656678,0.1114929178001355,1,0,1,2,0.0,0.234375,0.0,0.140625,0.0,0.390625,-0.125,1.0,-1.5,-2.5,-3.5,3.0,-19251.3769,-2406.4221125,-6.450118,33,5.448797124993002,2.732274,7.862777251297024,90.0000072869646,99.49432959510555,90.0,115.45446773715636,14.431808467144544,0.5014453534097233,1.4430299148469623,1.4430299148469623,-0.000215,-0.001792,-0.000288,0.0,-0.000544,0.0,1.22566512501,0.001577,-2.813609,8.437104999999999,3.038094,-0.351701125,1.054638125,FiM,2.650542666666667,-1.0996953333333332,2.4295055924323825,0.0,0.0,0.0,0.0970953999999999,0.0970953999999999,0.0349019122719658,1.1847957654394452,0.8333884705746972,0.707197,0.3820336709041495,14.573811,0.0113079900070697,0.426189,0.0113079900070702,0.0,0.0,0.0,0.0,13.2557134,0.2430457931589027,-0.2557134,0.2430457931589024,0.426189,0.6819024,0.2557134,system_39,21.809211577520838,-0.6316171643405645,9.378467227177945,754.1375275381998,21.78994271193837,-1.2866440422391698,9.70114934060033,853.9742557984417,1.9958473966773849,2.3995719622958505,-0.0918512052312512,7.372917464804953,-8.494711495964479,10.363851109276206,-8.60063406280852,0.6550268778986054,-0.0716236382287491,0.0,0.0,0.0,0.1474294147068032,110.9880752771968,0.0,2693349.3672259883,0.0010034148389489,-0.0082333050396727,0.0,-0.7296467184221002,0.0,-0.5901984627193475,0.0,-110.9880752771968,0.0,0.0,0.0,0.0,0.0,0.0,0.0,0.0,0.0,0.0,0.0,0.0,0.0,0.0,0.0,0.0,14.03683741269277,1.236610817447812,7.955849817174163,485.399949196909,13.848511421830857,1.4569960782801046,7.804017385031056,500.3655680317862,0.4588171469356473,0.6460686703322174,-0.1694759046320289,3.0738803772169963,-7.866325961178931,2.737809757494345,-7.568012079097448,-0.2203852608322927,2.784980811188813,3.5299031888111903,-0.1179629550792027,2.00798,0.0,-19225.9869,-2403.2483625
calculation037,True,4,0,0,4,0.0,0.0,1.0,3.0,1.81,1.41,69.72,10.0,0.0,0.0,0.0,0.0,0.0,0,0,1,1,0.0,0.0,0.0,0.0,0.0,1.0,-0.5,0.0,-3.0,-4.0,-5.0,4.5,-8299.7883,-2074.947075,-5.970854,11,5.814642,2.906851,4.222431,90.0,90.0,90.0,71.36878667630815,17.842196669077037,0.4999191695722625,0.7261721357909912,1.377083959453689,-0.000376,-0.000528,0.003003,-0.0,0.0,-0.0,-1.120989584922,0.003531,0.0,0.0,0.0,0.0,0.0,NM,0.0,0.0,0.0,0.0,0.0,0.0,0.0,0.0,0.0,0.0,0.0,9e-05,7.639494420444327e-05,0.0,0.0,0.0,0.0,0.0,0.0,0.0,0.0,12.99999975,7.639494420460938e-05,2.500000000000027e-07,7.639494420444327e-05,0.0,-2.500000000000027e-07,-2.500000000000027e-07,system_40,0.0,0.0,0.0,0.0,0.0,0.0,0.0,0.0,0.0,0.0,0.0,0.0,0.0,0.0,0.0,0.0,0.0,0.0,0.0,0.0,0.0,0.0,0.0,0.0,0.0,0.0,0.0,0.0,0.0,0.0,0.0,0.0,0.0,0.0,0.0,0.0,0.0,0.0,0.0,0.0,0.0,0.0,0.0,0.0,0.0,0.0,0.0,0.0,10.475293507689244,1.3306808034457231,5.637139321813956,434.2337192670025,10.475293507689244,1.330680801973417,5.637139320819664,434.2337190560535,0.8256600354897505,0.8256600354897505,0.0,1.2609726500398677,-3.860607918664049,1.2609726500398677,-3.860607919795597,1.4723058328058867e-09,1.2884214285714295,1.2884214285714295,0.0,0.15099,0.0,-8287.7083,-2071.927075
calculation038,True,8,8,0,0,1.0,0.0,0.0,7.0,1.55,1.27,54.94,5.0,0.0,0.0,0.0,0.0,0.0,1,0,0,1,0.0,0.0,0.0,1.0,0.0,0.0,0.5,1.0,1.0,0.0,-1.0,0.5,-23671.5986,-2958.949825,-7.735356,5,2.445658,9.857178,3.449331,90.0,90.0,90.0,83.15400972978783,10.39425121622348,4.030480958498695,1.4103897601381714,1.4103897601381714,-0.002584,0.003068,0.002165,0.0,0.0,-0.0,-1.414721967822,0.005652,-2.1684043449710093e-19,0.0115059999999999,0.001472,-2.710505431213761e-20,0.0014382499999999,NM,0.0014382499999999,-2.710505431213761e-20,0.0014385563075528,0.0,0.0,0.0,0.0,0.0,0.0,0.0,0.0,0.000239,0.0001851958422859,15.0,0.0001851958422861,0.0,0.0001851958422859,0.0,0.0,0.0,0.0,0.0,0.0,0.0,0.0,0.0,0.0,0.0,system_41,57.95373255020991,-2.1466696168220114,9.761641721270372,851.6665565838139,57.9537325077674,-2.1466696737225397,9.761641745960498,851.6665650172018,4.542087740078817,4.542089199363359,-1.6064025963183745e-07,23.40182000613221,-9.948249063950763,23.401820577703685,-9.948249074540788,5.690052784501631e-08,3.146547400565522,5.468878159349097,10.51742184339889,-902.383563337808,3.1465474183834043,5.46887806639219,10.517421875897805,-902.3835607857942,0.0005419382428615,0.0005419382428615,0.0,0.5406496011023618,-14.28535509574442,0.5406496095107713,-14.28535514494484,9.295690706068173e-08,0.0,0.0,0.0,0.0,0.0,0.0,0.0,0.0,0.0,0.0,0.0,0.0,0.0,0.0,0.0,0.0,0.0,0.0,0.0,0.0,0.0,0.0,0.0,0.0,0.0,0.0,0.0,0.0,0.0,0.0,0.0,0.0,4.693196474025967,4.693196474025967,0.0,4.00156,0.0,-23644.1586,-2955.5198250000003
calculation039,True,8,7,0,1,0.875,0.0,0.125,6.5,1.5825,1.2875,56.7875,5.625,0.0859869176095992,0.0359616683057322,0.3767701612564367,0.3429509801981277,0.0860757305250598,1,0,1,2,0.0,0.109375,0.0,0.765625,0.0,0.015625,0.375,1.0,0.5,-0.5,-1.5,1.0,-22787.8054,-2848.475675,-7.388838,19,2.577118,5.16597,6.763822,90.0,90.0,90.0,90.04888798250659,11.256110997813323,2.004553148129034,2.624568219227835,2.624568219227835,0.000675,0.000466,0.002704,0.0,0.0,-0.0,-2.05345638591,0.002238,0.5161939999999998,12.516968,2.475115,0.0645242499999999,1.564621,AFM,1.765290285714286,0.09659,1.786702114534405,0.0,0.0,0.0,0.159936,-0.159936,0.0,0.3816580610242621,0.079212396807467,0.656062,0.2938174140774973,14.906277142857144,0.1684908717412379,0.0937228571428571,0.1684908717412384,0.0,0.0,0.0,0.0,13.656062,0.0,-0.656062,0.0,0.0937228571428571,0.7497848571428571,0.656062,system_42,50.65766987403343,-1.9325358691723864,9.568322269833851,821.8447725699378,50.64097534492474,-1.897034388088606,9.5399620232817,811.05329071521,2.6444040357887606,3.22064358562073,-0.0982497648831515,20.63051252279886,-9.553516191420403,19.997707530102343,-9.582797412102018,-0.0355014810837805,2.3211351458108034,10.637018525452634,4.070291783167204,609.8304592941425,2.205320795081681,11.695035212851344,0.0,1155.0281677189632,0.0006295665270229,0.0132135787711288,-0.9090428492277652,-0.0277312985183005,0.0,-0.0913545867944451,0.0,-1.058016687398709,0.0,0.0,0.0,0.0,0.0,0.0,0.0,0.0,0.0,0.0,0.0,0.0,0.0,0.0,0.0,0.0,3.2553415854431678,1.3240055332892935,9.750741450336708,177.4118077543672,3.3879275792543995,0.3148656721467695,9.93484673990246,237.86483388566748,0.0172525083203296,0.0277958880768731,-0.2340456175971254,0.7822167962754514,-11.254717078629026,0.9707539087764232,-11.589462288229091,1.009139861142524,2.885013414585415,3.4282365374625354,-0.0860449256726964,2.41462,0.0,-22760.7754,-2845.0969250000003
calculation040,True,10,7,1,2,0.7,0.1,0.2,6.5,1.638,1.2959999999999998,58.271,6.3,0.1368795090581493,0.044217743153995,0.8018185525433373,0.7298466991620975,0.1000666461232587,1,1,1,3,0.0699999999999999,0.1399999999999999,0.02,0.4899999999999999,0.01,0.04,0.1999999999999999,0.875,0.5,-0.5,-1.5,1.0,-29422.7286,-2942.27286,-7.245605,14,2.560173,12.786178,3.443039,90.0,90.0,90.0,112.7072883907976,11.27072883907976,4.994263278301896,1.3448462271885535,1.3448462271885535,-0.001703,-0.001111,1.1e-05,-0.0,-0.0,0.0,1.496967035034,0.001714,2.4594100000000005,8.540156000000001,2.336522,0.245941,0.8540156000000001,FiM,1.1734844285714288,0.3632398571428571,1.4286314605850123,0.121248,0.121248,0.0,0.1022585,-0.1022585,0.0003825,1.0442191541557748,0.4471830979513193,0.342216,0.2255119082587214,14.905497142857143,0.1738349104453735,0.0945028571428571,0.1738349104453735,17.977415,0.0,0.022585,0.0,13.342053,0.0001630000000005,-0.342053,0.0001629999999999,0.0719178571428571,0.4365558571428572,0.3646380000000001,system_43,50.99379654014687,-1.900834947175276,9.528098712616307,802.2050794399432,51.04638177192814,-1.6699180667455042,9.429131017643154,769.7920123311092,3.713196061428269,4.140326017357678,-0.0543870573794118,21.737355773452972,-9.362853485638729,19.33953832097739,-9.338508829325267,-0.2309168804297718,1.9838693071013265,13.300635129389676,0.0,2287.449347463452,1.846900433403484,14.705987704599416,0.0,3555.5666542518693,0.0039150788749029,0.0074400822494699,-0.3104318235521024,-0.1965512016642605,0.0,-0.2489056688848533,0.0,-1.40535257520974,6.044762072638106,6.061326772870238,-5.276394961665191,-5.134549599437473,8.674186889496239,8.634865670214566,1119.0788379730673,1094.5363233011676,0.2962258178155901,0.4914960999418584,-0.2478924068561908,4.356926242078639,4.219341479770499,-9.662566079774892,-9.608842210536348,-0.141845362227718,5.895968898921973,2.0279512144979925,8.891878698967444,356.42931520157646,6.048909450877043,1.3969847966636677,9.138496312393231,348.5858971145136,0.1289887904627112,0.1095823571178894,0.0813444271934241,1.2377363082543773,-9.326406035995875,1.4578097534073549,-9.877859511780184,0.6309664178343248,4.414239501748255,5.001192281468541,-0.0623394437169139,4.23452,0.0,-29387.1086,-2938.71086
calculation041,True,8,7,1,0,0.875,0.125,0.0,7.375,1.595,1.2675,55.40875,5.375,0.1190588089979065,0.0052184444005219,0.3767701612564367,0.3429509801981277,0.0223826729002463,1,1,0,2,0.109375,0.0,0.0,0.765625,0.015625,0.0,0.375,0.875,1.375,0.375,-0.625,0.125,-25272.7471,-3159.0933875,-7.492789,6,2.44475,2.44475,13.99271,90.0,90.0,90.0,83.63166498431939,10.453958123039923,1.0,5.7235750076694965,5.7235750076694965,0.001654,0.001654,0.002593,0.0,-0.0,-0.0,-3.151481439078,0.0009389999999999,1.304857,5.487197,1.000415,0.163107125,0.685899625,FiM,0.7696455714285715,0.1721684285714286,0.7698371379307365,0.099678,0.099678,0.0,0.0,0.0,0.0,0.4000401941197475,0.0256094913373851,0.185047,0.0858054550850898,15.026435142857142,0.0531393038892748,-0.0264351428571428,0.0531393038892751,17.814953,0.0,0.185047,0.0,0.0,0.0,0.0,0.0,-0.2114821428571428,-0.0264351428571428,0.185047,system_44,50.716353854646215,-2.069292382273136,9.587532706208709,804.5410973828524,50.739317724812864,-1.9466228357414013,9.534786284459775,788.6050782464642,4.723335324525477,2.932471646083417,0.2339222612739968,21.18900735212785,-9.664851793783251,19.90619940844227,-9.658922008452976,-0.1226695465317349,2.864416586835712,4.220570752580211,10.682501603068696,-810.3164436554338,2.845119868614778,4.1370318387886105,10.777725972947694,-819.4826827781828,-0.022734978870005,-0.0052793727844655,0.0,0.5935560486741227,-14.104747816619987,0.6119268918161045,-14.068427479566024,0.0835389137916005,6.158110765152237,6.195910522787546,-5.235469762424076,-5.033081083917427,9.061093279404387,9.072171700190914,1195.5625022123268,1182.3442140976738,0.3073324020794205,0.202472678129246,0.2056859141286993,4.370257085128795,4.235620233246793,-9.990243342610198,-9.949239204198433,-0.2023886785066491,0.0,0.0,0.0,0.0,0.0,0.0,0.0,0.0,0.0,0.0,0.0,0.0,0.0,0.0,0.0,0.0,5.550066223776229,3.296401751748253,0.2547530244006069,3.20518,0.0,-25243.1671,-3155.3958875
calculation042,True,4,2,2,0,0.5,0.5,0.0,8.5,1.73,1.26,56.815,6.5,0.1799999999999999,0.0079365079365079,0.6931471805599453,0.6309297535714574,0.0330018481034937,1,1,0,2,0.25,0.0,0.0,0.25,0.25,0.0,0.0,0.5,2.5,1.5,0.5,1.0,-15038.224,-3759.556,-6.529296,9,5.05311,2.58964,3.448611,90.0,90.0,90.0,45.12761235538103,11.281903088845258,0.5124843908009127,0.6824729720904552,1.465259491430028,-0.003432,-0.001452,-0.000509,-0.0,0.0,0.0,2.880179529054,0.002923,3.999999999670933e-06,6.877292,3.432841,9.999999999177334e-07,1.719323,AFM,3.43284,9.999999999177334e-07,3.43284,0.005806,9.99999999999699e-07,0.005806,0.0,0.0,0.0,0.9966230894371167,5.826078166263648e-07,0.215438,0.2154340000185671,15.215434,0.0,-0.215434,0.0,17.784565999999998,3.999999998782755e-06,0.215434,3.9999999999901226e-06,0.0,0.0,0.0,0.0,-0.430868,-0.215434,0.215434,system_45,15.025442606053698,-1.1190754088997623,9.160874920872455,664.4367660936948,15.025442579025896,-1.1190753975217198,9.160874648608338,664.4367219202002,0.6668767738767628,0.6668771686754771,-2.96005658675377e-07,5.766779384862139,-8.89469056721089,5.766777512989605,-8.89469090969056,-1.1378042730214588e-08,1.379683712781512,1.7928475648583555,11.712945983477516,-222.23290272279968,1.3796832857546086,1.7928504537806966,11.712943123024704,-222.23310347134148,0.0324573943333557,0.0324573628332096,4.852540081421094e-07,0.4778744152148,-12.86962711563233,0.4778739961957944,-12.869625447898704,-2.8889223411265874e-06,12.352504568316224,12.352504771717914,-3.981020714269005,-3.9810198831627286,8.778770958364039,8.778770634004218,1080.6738366056898,1080.673640010462,0.6627969467139434,0.6627927851877234,3.139377229475799e-06,8.646828115265409,8.646827047396298,-8.650580889667134,-8.65058028071026,-8.311062758004084e-07,0.0,0.0,0.0,0.0,0.0,0.0,0.0,0.0,0.0,0.0,0.0,0.0,0.0,0.0,0.0,0.0,1.4898478731268678,1.4898421823176768,1.909866155574227e-06,0.63434,0.0,-15020.224,-3755.056
calculation043,True,8,8,0,0,1.0,0.0,0.0,7.0,1.55,1.27,54.94,5.0,0.0,0.0,0.0,0.0,0.0,1,0,0,1,0.0,0.0,0.0,1.0,0.0,0.0,0.5,1.0,1.0,0.0,-1.0,0.5,-23671.6044,-2958.95055,-7.72769,3,4.894029,2.446685,6.932301,90.0,90.0,90.0,83.00839360602268,10.376049200752837,0.4999326730593546,1.4164813898732518,1.4164813898732518,0.003951,0.002222,-0.00253,-0.0,-0.0,0.0,-1.945576492554,0.006481,0.0773949999999999,0.093365,0.021347,0.0096743749999999,0.011670625,NM,0.011670625,0.0096743749999999,0.0116706253895999,0.0,0.0,0.0,0.0,0.0,0.0,0.8289509319330877,0.0,0.000613,0.0005828860174811,15.000000125,0.0005828860174814,-1.2499999999996238e-07,0.0005828860174811,0.0,0.0,0.0,0.0,0.0,0.0,0.0,0.0,-1.2499999999996238e-07,-1.2499999999996238e-07,0.0,system_46,57.74259246585909,-2.220797890787132,9.675652164594243,831.9716152335735,57.74693906950415,-2.21244655052938,9.67314988704891,831.0554022019857,5.315180217543636,5.450364672498244,-0.0125571400551822,23.38080954045237,-9.945739850438734,23.29572160161809,-9.945333934460471,-0.0083513402577515,2.9946498427206256,4.969382318849971,10.34970515777575,-876.7512825435306,2.992488161009642,4.980521524363086,10.345129946478924,-877.0868961567223,0.0117432896120389,0.0122650198345158,-0.0217312353307676,0.536189907049746,-14.241382758088186,0.5350156108055091,-14.236224746731198,-0.0111392055131149,0.0,0.0,0.0,0.0,0.0,0.0,0.0,0.0,0.0,0.0,0.0,0.0,0.0,0.0,0.0,0.0,0.0,0.0,0.0,0.0,0.0,0.0,0.0,0.0,0.0,0.0,0.0,0.0,0.0,0.0,0.0,0.0,5.4776212587412605,5.609048756243758,-0.0118545512155459,3.2269,0.0,-23644.1644,-2955.52055
calculation044,True,10,7,2,1,0.7,0.2,0.1,7.199999999999999,1.648,1.2799999999999998,57.168,6.1,0.1519078668140659,0.0344104930399144,0.8018185525433372,0.7298466991620974,0.0776259390691111,1,1,1,3,0.1399999999999999,0.0699999999999999,0.02,0.4899999999999999,0.04,0.01,0.1999999999999999,0.7777777777777778,1.1999999999999993,0.1999999999999993,-0.8000000000000007,0.3000000000000007,-31907.8868,-3190.78868,-7.235391,17,2.534383,12.670038,3.414507,90.0,90.0,90.0,109.64230866067604,10.964230866067606,4.999259385815009,1.3472734783969116,1.3472734783969116,-0.000349,-0.001092,0.00015,0.0,0.0,0.0,0.689470011498,0.001242,2.900314,10.225868,2.10368,0.2900314,1.0225868,FiM,1.4067045714285715,0.3935788571428573,1.5266322183896373,0.1310494999999999,0.1310494999999999,0.0061544999999999,0.116837,-0.116837,0.0,0.8175841470390475,0.2320708343111564,0.230223,0.1143443075775965,14.984643285714286,0.1168940869514113,0.0153567142857142,0.1168940869514112,17.968026000000002,0.0316840000000002,0.031974,0.031684,13.171445,0.0,-0.171445,0.0,-0.0166172857142857,0.1868017142857142,0.203419,system_48,51.04363685020856,-1.8449864067706112,9.566614576511626,801.2332188154844,51.05225620714612,-1.6012423560411813,9.43366922511981,762.9875206314792,4.023315281195427,2.7302899187296488,0.1914570550378223,21.74018826230509,-9.38902317349486,19.138498549808205,-9.352625404870311,-0.2437440507294299,2.736091965148172,7.846438774016483,8.704322279409208,-623.9578603945009,2.664231488259321,7.930050240411372,8.83108457794493,-690.8906947645215,-0.0002715459427424,0.0024284189069208,-1.2517959539131605,0.244600311820386,-13.722736387943216,0.2605272540418346,-13.646981121181048,-0.0836114663948892,12.380592764695106,12.418493411058812,-4.7810762128499125,-4.633262669000363,8.865528394207988,8.78428753198951,1119.367779536778,1080.2992905337012,0.8845101610924552,0.6154585933044374,0.1793714482380654,8.765035256598292,8.460573314717246,-9.443937615183966,-9.378279098374104,-0.1478135438495496,2.963335079690367,2.5204946681939635,8.78549246791585,368.2213133732748,3.047514172814325,1.8076215458586795,9.060183976338656,354.6999818416241,0.0433763502038706,0.0393605673434132,0.0485367714861069,0.5796715026642817,-8.896544209203967,0.7042623769488225,-9.539995471042111,0.712873122335284,5.193852466283722,3.5713259672827182,0.1851104927639013,3.53559,0.0,-31869.7168,-3186.97168
calculation045,True,8,3,2,3,0.375,0.25,0.375,6.25,1.7375,1.3175,61.42,7.625,0.1503121751555741,0.0547003237396568,1.0821955300387671,0.9850568223215076,0.1073129086790473,1,1,1,3,0.09375,0.140625,0.09375,0.140625,0.0625,0.140625,-0.125,0.6,0.25,-0.75,-1.75,1.25,-24222.883,-3027.860375,-6.665734,15,5.322328473360602,2.704896,6.854085216296118,90.0,90.6402164031386,90.0,98.66761549447574,12.333451936809467,0.5082166599710233,1.2877982354156243,1.2877982354156243,-0.00063,0.001131,0.002072,0.0,-0.000163,0.0,-1.374133493094,0.002702,8.360126,10.726502,3.086675,1.04501575,1.34081275,FM,2.958776333333333,2.958776333333333,0.0993708121543857,0.3403435,0.3266415,0.3403435,0.3898286666666666,-0.3898286666666666,0.045250368767067,0.9440383147176424,0.8760191690224172,1.041693,0.4735270408690379,14.634432666666669,0.040023007769143,0.3655673333333333,0.0400230077691431,17.906263,0.1935420000000007,0.093737,0.193542,13.428058,0.4986340349601767,-0.428058,0.4986340349601766,0.2718303333333333,0.7936253333333334,0.521795,system_49,22.085660837638358,-1.8299433644011296,9.904868342913472,903.6573170179596,22.04860029380531,-0.1508953744538617,8.948068220008942,647.4417219137907,0.8265241934824309,3.064757837796151,-0.5751918330058153,12.853301807097244,-8.839556885184692,4.782738007361825,-8.355929053110456,-1.679047989947268,0.2737741937038266,56.60691161333788,0.0,379890.454342952,-0.1802652209685986,0.0,0.0,0.0,-0.027378258681172,0.0041929947796084,0.0,-0.5051238281858881,0.0,-0.6814385623850061,0.0,56.60691161333788,12.46569084386968,12.557887012379112,-4.032249898759858,-3.690929669994391,9.058549881055242,8.946774090651164,1156.4828514930969,1090.4869326302637,0.5089189977614677,1.1190197615193247,-0.3747688666294754,9.019069302323924,8.388862291134213,-8.81014684119659,-8.649498028807718,-0.3413202287654666,8.760664717292492,2.396239346347836,8.076889122181338,390.7724989406032,9.315299376898793,1.02639063096673,8.733088905366573,323.6592901725649,0.1797624794406107,0.2375772215702005,-0.1385316134304032,1.5537358871021707,-8.091681993174502,2.4925746607547365,-9.423154299701444,1.369848715381106,1.7908017142857129,4.739702935064931,-0.451557939105432,1.32538,0.0,-24192.393,-3024.049125
calculation046,True,6,1,1,4,0.1666666666666666,0.1666666666666666,0.6666666666666666,4.833333333333333,1.7833333333333332,1.36,65.41833333333332,8.833333333333332,0.1105541596785133,0.0521661682690999,0.8675632284814612,0.7896900821428474,0.0944542706629084,1,1,1,3,0.0277777777777777,0.1111111111111111,0.1111111111111111,0.0277777777777777,0.0277777777777777,0.4444444444444444,-0.3333333333333333,0.5,-1.166666666666667,-2.166666666666667,-3.166666666666667,2.666666666666667,-15819.4473,-2636.57455,-6.586257,16,8.009781,2.90455,3.482147,90.0,90.0,90.0,81.01148627014342,13.501914378357236,0.3626253951262837,0.4347368548528355,2.3002420633017504,-0.004293,0.004048,0.003343,0.0,-0.0,0.0,-1.654514404044,0.008341,-1.7341680000000002,2.712288,2.223228,-0.289028,0.452048,FM,2.223228,-2.223228,0.0,0.032905,0.032905,0.0,0.11403875,0.11403875,0.0548932501423216,1.7562643209306803,0.956004512357707,0.555437,0.396422696585945,14.450525,0.0,0.549475,0.0,17.444563,0.0,0.555437,0.0,13.27622825,0.0825598347030046,-0.27622825,0.0825598347030049,-0.0059619999999999,0.8257032500000001,0.8316652499999999,system_50,7.466237395088668,0.1778260015714504,9.440185593244085,705.5530435026812,7.519088597685913,-0.9478337279805096,10.231705007935874,898.383072513758,1.0671341058005972,0.1744891619336683,0.7189338079140881,2.1344408183968286,-7.910725900010021,3.9670771214019664,-8.602887524704956,1.12565972955196,-0.2215525668904015,0.0,0.0,0.0,-0.1133038083678954,0.0,0.0,0.0,-0.0105223305610389,-0.0009903775120878,0.0,-0.3795745478606999,0.0,-0.3342956941412484,0.0,0.0,6.559974028061303,6.563769320651501,-2.8478223675520336,-2.797061599584595,9.868798680199625,9.874862012802945,1232.639233579955,1233.5313453509675,0.5055709669078907,0.1321861632403597,0.5854655103279449,4.428932184151828,4.364217080418274,-8.6735384967975,-8.6632467545955,-0.0507607679674384,12.549913510718058,0.7534943532614619,8.70200179680183,280.0890893692213,12.41726048886886,0.9563262856441782,8.625888449287958,287.65916706013417,0.3847103530245745,0.1268173787160841,0.5041622541771412,3.264903966363093,-9.657315009110487,2.939210690984208,-9.682380105433868,-0.2028319323827163,2.303868561938059,0.6011145651848164,0.5861493586159542,0.44001,0.0,-15798.3673,-2633.0612166666665
calculation047,True,8,6,1,1,0.75,0.125,0.125,6.875,1.6275000000000002,1.285,57.25625,6.0,0.1365421180442137,0.0371182568644726,0.7356219397587946,0.6695919455357792,0.0850238411358771,1,1,1,3,0.09375,0.09375,0.015625,0.5625,0.015625,0.015625,0.25,0.8571428571428571,0.875,-0.125,-1.125,0.625,-24388.9542,-3048.619275,-7.116581,13,2.568134,10.26614,3.452743,90.0,90.0,90.0,91.03095869051232,11.37886983631404,3.9975094757516554,1.3444559357105197,1.3444559357105197,-0.003707,-0.001065,0.003215,0.0,-0.0,0.0,0.831529673046,0.0069219999999999,4.169111000000001,14.006547,2.353362,0.5211388750000001,1.750818375,FiM,2.234663166666667,0.6660685000000003,2.1350683768424337,0.385634,0.385634,0.0,0.212934,-0.212934,0.0,0.481443721084232,0.097929402794294,0.41465,0.2098005293561228,14.95098783333333,0.1587680424292168,0.0490121666666666,0.1587680424292167,17.879424,0.0,0.120576,0.0,13.41465,0.0,-0.41465,0.0,-0.0715638333333333,0.4636621666666667,0.535226,system_51,43.57373394858386,-1.910197243665012,9.47408904137475,793.3721199635341,43.64477405328136,-1.4697484492017898,9.290946531627384,732.6822847798621,3.234199686976505,3.927862646597487,-0.0968524047004254,19.31892125847144,-9.281767813852008,15.406952951969275,-9.279901224347876,-0.4404487944632218,2.330159983314005,8.361941717027495,8.040485895910152,-457.66344591516975,2.235066854760434,8.391437612229685,8.425801648983985,-636.1152238333411,0.008390285654831,0.0083328724821616,0.0034331537260539,0.1460365493468677,-13.761026194663309,0.177356566066326,-14.019183143475583,-0.0294958952021904,6.099405594018196,6.159913857064357,-5.107960384803513,-4.664006008424055,8.852692933126573,8.774447880680446,1154.3742265268995,1095.163460071576,0.4817893890366653,0.6324736828343096,-0.135232242368607,4.473504646143367,4.081953977584908,-9.604143067764102,-9.457404985398544,-0.443954376379458,2.9928226124294484,2.560954248346318,8.582284654227404,328.9203055070509,3.1430737882528104,1.1350267713998854,9.020522956465022,316.41059694831165,0.0763846307028454,0.0357798225794141,0.3620113764674627,0.564148778137171,-8.763806313160753,0.8192802843954211,-9.837517437623347,1.4259274769464323,4.191102076923079,4.945734384615381,-0.0825922966739011,2.0912,0.0,-24359.7842,-3044.973025
calculation048,True,6,6,0,0,1.0,0.0,0.0,7.0,1.55,1.27,54.94,5.0,0.0,0.0,0.0,0.0,0.0,1,0,0,1,0.0,0.0,0.0,1.0,0.0,0.0,0.5,1.0,1.0,0.0,-1.0,0.5,-17753.6849,-2958.9474833333334,-7.760416,3,2.447606,2.447606,10.407125,90.0,90.0,90.0,62.34674563766446,10.391124272944078,1.0,4.251960895667032,4.251960895667032,0.003085,0.003085,-0.003965,-0.0,-0.0,0.0,-1.17759982599,0.00705,-0.0031719999999999,0.0031719999999999,0.00059,-0.0005286666666666,0.0005286666666666,NM,0.0005286666666666,-0.0005286666666666,3.644020978107687e-05,0.0,0.0,0.0,0.0,0.0,0.0,0.0,0.0,0.000508,0.0003510816619154,15.0,0.0003510816619153,0.0,0.0003510816619154,0.0,0.0,0.0,0.0,0.0,0.0,0.0,0.0,0.0,0.0,0.0,system_52,43.043295445311614,-2.3604940244878705,9.55611200472136,810.4513367516361,43.04304121350493,-2.361081227894952,9.556304058375678,810.5215032162698,3.184212512520629,3.184560436924276,-5.462973894782922e-05,17.478291456923188,-9.952464494324053,17.481726290471986,-9.952627055333592,0.0005872034070817,2.358649387424478,5.488650159126601,10.442654573604267,-926.5689509359464,2.358754868366085,5.487698067166472,10.442963751747172,-926.5440661617622,-0.0007691625582917,-0.0007556489295704,0.0,0.405836219701181,-14.25882813779686,0.4058947079675275,-14.25934416048824,0.0009520919601291,0.0,0.0,0.0,0.0,0.0,0.0,0.0,0.0,0.0,0.0,0.0,0.0,0.0,0.0,0.0,0.0,0.0,0.0,0.0,0.0,0.0,0.0,0.0,0.0,0.0,0.0,0.0,0.0,0.0,0.0,0.0,0.0,3.284693544455544,3.285578844155844,-0.0001347432264504,1.94546,0.0,-17733.1049,-2955.517483333333
calculation049,True,10,0,10,0,0.0,1.0,0.0,10.0,1.91,1.25,58.69,8.0,0.0,0.0,0.0,0.0,0.0,0,1,0,1,0.0,0.0,0.0,0.0,1.0,0.0,-0.5,0.0,4.0,3.0,2.0,2.5,-45601.1585,-4560.11585,-6.272301,3,2.449122,12.265148,3.465736,90.0,90.0,90.0,104.10670235623088,10.410670235623089,5.0079775527719725,1.4150932456610985,1.4150932456610985,0.002743,-0.002073,0.001815,-0.0,-0.0,0.0,-1.32713631183,0.004816,6.632641,6.632641,0.663281,0.6632640999999999,0.6632640999999999,FM,0.0,0.0,0.0,0.6632640999999999,0.6632640999999999,1.3648809471872324e-05,0.0,0.0,0.0,2.057824247064228e-05,0.0,0.000605,0.0003648156931931,0.0,0.0,0.0,0.0,18.0000001,0.0003648156931936,-9.999999999998889e-08,0.0003648156931931,0.0,0.0,0.0,0.0,9.999999999998889e-08,0.0,-9.999999999998889e-08,system_53,0.0,0.0,0.0,0.0,0.0,0.0,0.0,0.0,0.0,0.0,0.0,0.0,0.0,0.0,0.0,0.0,0.0,0.0,0.0,0.0,0.0,0.0,0.0,0.0,0.0,0.0,0.0,0.0,0.0,0.0,0.0,0.0,63.77695766715679,64.05532698885989,-3.893704771445191,-3.26640574507523,8.869392919644412,8.6445901508267,1037.1102900624778,942.26042464328,0.5005965429594411,14.775997071934976,-0.9344622818962248,46.86573281757803,39.54866050836683,-8.64442416282791,-8.281127536088375,-0.6272990263699603,0.0,0.0,0.0,0.0,0.0,0.0,0.0,0.0,0.0,0.0,0.0,0.0,0.0,0.0,0.0,0.0,0.643567171328671,14.947939388111886,-0.9174464418976888,0.28815,0.0,-45545.4585,-4554.54585
calculation050,True,8,5,2,1,0.625,0.25,0.125,7.25,1.6725,1.2825,57.725,6.375,0.1607599141577277,0.0381489001769608,0.9002560512685369,0.8194483718728035,0.0831987927238649,1,1,1,3,0.15625,0.078125,0.03125,0.390625,0.0625,0.015625,0.125,0.7142857142857143,1.25,0.25,-0.75,0.25,-25990.1956,-3248.77445,-6.888243,16,5.0760611537287454,5.057575338610884,3.499599,90.0,90.0,88.70259662299655,89.82063864202728,11.22757983025341,0.9963582363257616,0.6894320013125301,1.4504693691273616,-0.00188,-0.002107,-0.001019,-0.0,0.0,-0.001343,2.673498743268,0.001088,-1.8418170000000005,10.387691,2.805307,-0.230227125,1.298461375,FiM,2.0211362,-0.3520198,2.1363397498670853,0.090932,-0.090932,0.02852,0.100146,0.100146,0.0,0.860162435510151,0.1413745627422074,0.443948,0.1778330705264332,14.952669,0.0478504881354417,0.047331,0.0478504881354412,17.896354,0.0767220000000001,0.103646,0.076722,13.443948,0.0,-0.443948,0.0,-0.056315,0.491279,0.547594,system_54,36.74084992417359,-1.3472253984115874,9.45347053876805,755.1362429402918,36.76512424787871,-1.5574489422077231,9.588292499433573,789.8230263670448,2.2990482034130344,3.344724264773579,-0.1852796276346923,13.766664412409613,-9.159552206799592,15.374260076068698,-9.210643002600992,0.2102235437961359,1.6253041148934515,9.849739873760928,6.881518354234872,-183.4143700291864,1.6580613526550405,10.028796019383998,6.357002199681268,-0.4603381377520522,-0.0071195664820679,-0.0081637884854395,0.0,0.0769150829233527,-11.324963288387968,0.0528355631508279,-9.879666319874314,-0.1790561456230701,12.257860857239988,12.22839217209658,-4.689831777062168,-4.777980536618378,8.757188273613686,8.796380254545067,1103.2175390063533,1123.6411216614172,0.5664251514192553,0.6187713478707797,-0.0441666816286423,8.55477725908436,8.711661664906044,-9.30983709610651,-9.340730623508136,0.0881487595562093,2.921350600040338,2.6348063070554284,7.513883235737023,459.6287740283794,2.8858248794729957,2.9517705389127724,7.259608126921016,501.8964851628085,0.0387594798404345,0.0418889387843656,-0.038803723585583,0.5124575434597543,-6.924362945192418,0.440115168687583,-6.126260612032395,-0.316964231857344,3.240296612637356,4.350270535714293,-0.1462306967823841,1.9626,0.0,-25958.8856,-3244.8607
calculation051,True,6,5,0,1,0.8333333333333334,0.0,0.1666666666666666,6.333333333333334,1.5933333333333333,1.2933333333333334,57.40333333333333,5.833333333333334,0.0968962790249908,0.040341432583759,0.4505612088663046,0.410118486306518,0.0959557653662589,1,0,1,2,0.0,0.1388888888888889,0.0,0.6944444444444445,0.0,0.0277777777777777,0.3333333333333333,1.0,0.3333333333333339,-0.6666666666666661,-1.666666666666666,1.166666666666666,-16869.926,-2811.6543333333334,-7.370021,12,2.5843,7.675196,3.451499,90.0,90.0,90.0,68.46051380718517,11.41008563453086,2.96993228340363,1.3355643694617498,1.3355643694617498,0.000742,0.001889,0.001893,-0.0,-0.0,0.0,-2.416082364072,0.001151,2.307094,9.435669999999998,2.164549,0.3845156666666667,1.5726116666666663,FiM,1.8453018,0.503251,1.7949242646584285,0.0,0.0,0.0,0.209161,-0.209161,0.0,0.4169919138067138,0.3929388345026776,0.372956,0.2385469111593496,14.9254088,0.1868220326507556,0.0745912,0.1868220326507556,0.0,0.0,0.0,0.0,13.372956,0.0,-0.372956,0.0,0.0745912,0.4475472,0.372956,system_55,36.15203154970443,-2.0100126558042275,9.559618954724163,817.8270080650593,36.17671265008036,-1.706209144952872,9.392500543844154,767.9897787809853,2.579032012410713,2.7105215884989566,-0.0248583502520194,15.767953314062986,-9.46769891962159,13.34840119773358,-9.437692711587848,-0.3038035108513555,1.7015636613011338,10.002364099169757,6.365745471301014,-92.96397186312625,1.5790449782117246,10.977593468673067,4.919467961670644,195.11673269205556,-0.0072488888190339,-0.0001939045364022,0.0,0.0122573589672181,-23.66693893835033,-0.0085596458044516,0.0,-0.975229369503312,0.0,0.0,0.0,0.0,0.0,0.0,0.0,0.0,0.0,0.0,0.0,0.0,0.0,0.0,0.0,0.0,2.979624081738417,2.577979775334222,8.7374889450259,386.64072768631695,3.1000993771835117,1.24382368417607,9.05344893600718,357.44732274917453,0.0714172194203062,0.0315412991748522,0.3873008352251987,0.5567884366234618,-8.709200250384647,0.7797803815810018,-9.744333752080108,1.334156091158152,2.8561317032967093,2.9294929450549474,-0.0126799172461246,2.31764,0.0,-16849.756,-2808.2926666666667
calculation052,True,10,7,1,2,0.7,0.1,0.2,6.5,1.638,1.2959999999999998,58.271,6.3,0.1368795090581493,0.044217743153995,0.8018185525433373,0.7298466991620975,0.1000666461232587,1,1,1,3,0.0699999999999999,0.1399999999999999,0.02,0.4899999999999999,0.01,0.04,0.1999999999999999,0.875,0.5,-0.5,-1.5,1.0,-29422.6879,-2942.26879,-7.221795,16,2.546021,12.887142,3.455269,90.0,90.0,90.0,113.3706036709374,11.33706036709374,5.061679381277688,1.357125098339723,1.357125098339723,0.001017,0.000832,0.000958,0.0,-0.0,0.0,-1.499103270546,0.0001849999999999,4.968503999999999,8.95288,2.782955,0.4968503999999999,0.8952880000000001,FM,1.1927317142857146,0.760496,1.3221199723274522,0.124395,0.124395,0.0,0.2396815,-0.2396815,0.0258054999999999,1.0237574996953638,0.4269551046448931,0.57743,0.2891718628227857,14.894565285714284,0.2378171427881479,0.1054347142857142,0.237817142788148,17.916548,0.0,0.083452,0.0,13.4107475,0.0951265000000001,-0.4107475,0.0951265,0.0219827142857142,0.5161822142857143,0.4941995,system_56,51.07065124060391,-1.9116969398844657,9.650527187288391,830.772390521042,51.095516333926696,-1.4548509571126624,9.411531256134104,759.329098421144,3.505707543785717,5.055809091905495,-0.1810545507390269,23.14247695974549,-9.334752770346386,18.141094762813665,-9.2595985817604,-0.4568459827718032,2.033115622099837,12.74858954635921,0.0,2238.702958216611,1.7831323274444235,15.334503766294247,0.0,4827.6419059969085,-0.0105562783394105,-0.0107411954973525,0.0,-0.1533664807863683,0.0,-0.2531345337588039,0.0,-2.585914219935038,6.083977456686981,6.105912413226837,-5.113358589810237,-4.946030407436539,8.859148371939163,8.830795597767176,1168.0119269690454,1145.1330182562824,0.4095973731009996,0.5867835653273227,-0.1778297691100094,4.3598195477035455,4.21916161077811,-9.656165108895369,-9.587151894583782,-0.1673281823736978,5.729862290958673,1.9163138230478087,8.669756978517647,355.5981068645455,6.021988673130946,0.7414495804802905,9.111702206603873,322.20847545382634,0.1016034229802696,0.1042369841008991,-0.0127941892360861,1.159053387201609,-9.1653932822125,1.6039142882270618,-10.142748013778968,1.1748642425675182,4.351324190809195,6.012716624625376,-0.1603035402313318,3.39559,0.0,-29387.0679,-2938.70679
calculation053,True,8,1,3,4,0.125,0.375,0.5,6.125,1.815,1.3325,63.73625,8.625,0.1103403824535695,0.0583426334163834,0.9743147528693494,0.8868595071429147,0.0955957691320525,1,1,1,3,0.046875,0.0625,0.1875,0.015625,0.140625,0.25,-0.375,0.25,0.125,-0.875,-1.875,1.375,-24940.4582,-3117.557275,-6.130061,56,13.458737000001856,2.94422400000068,2.754993,90.0,89.99999574285614,89.99993127919113,109.16807563762346,13.646009454702932,0.218759308544351,0.2046992225198858,4.885216405269217,0.00404,-0.002231,0.003392,0.0,0.0,-0.0,-2.7776402244780005,0.006271,4.041125,4.589384999999999,3.622908,0.505140625,0.5736731249999999,FM,3.622908,3.622908,0.0,0.238244,0.2233206666666667,0.1737435546935642,0.06293625,-0.06293625,0.043741412170705,2.0212617168730005,0.961884523626066,0.399915,0.2065572778559254,15.276155,0.0,-0.276155,0.0,17.77474133333333,0.1346829688226716,0.2252586666666667,0.1346829688226722,13.09990525,0.0680046787889443,-0.09990525,0.0680046787889443,-0.5014136666666666,-0.1762497499999999,0.3251639166666666,system_57,7.17141002819858,-2.140021487651971,9.675955996383648,922.1127151693864,7.132242883812371,0.1237553058057943,8.48155804177185,600.7317070883332,0.2279952130507745,0.3736202981437305,-0.2420567328854569,4.593308744628367,-8.539091587750292,1.0250554433739287,-8.493261835738627,-2.2637767934577657,0.6926211610958534,-1.585231996798696,13.337617174872262,241.0936223189061,0.6327527104285631,-3.915149343870846,13.184344073554476,1023.3238524732276,-0.0021662085966533,0.0035230277753996,-4.1930689521280495,0.3152718245256899,-15.323599699016397,0.3604730435923693,-14.878779972079002,2.3299173470721497,19.274264797902365,19.377513609503712,-3.048732673062239,-2.813466505168387,9.530186244803875,9.43412263272544,1193.1511401802873,1143.1259153597582,0.741844213564511,1.4287019119038722,-0.3164446450964703,13.666728774300244,12.964243399840637,-8.391104039355552,-8.288654161941764,-0.2352661678938519,10.820723716423906,2.7677189274648524,6.1912835848130605,578.3983077065952,10.903100202923866,2.6083694742060697,6.457309302922759,534.235067456484,0.4398822824027473,0.5609943380722523,-0.121005979350409,1.294358419617227,-3.484293141007732,1.4284935756976311,-4.466239158328835,0.1593494532587827,1.9186482902097923,3.193995737012986,-0.249449685918378,1.03052,0.0,-24908.2382,-3113.529775
calculation054,True,10,7,0,3,0.7,0.0,0.3,5.799999999999999,1.628,1.3119999999999998,59.374,6.5,0.1191469680688518,0.0488994357693457,0.6108643020548935,0.556032649876389,0.1140742897083695,1,0,1,2,0.0,0.21,0.0,0.4899999999999999,0.0,0.09,0.1999999999999999,1.0,-0.200000000000001,-1.200000000000001,-2.200000000000001,1.700000000000001,-26938.1808,-2693.81808,-7.032305,21,2.622313,2.622313,17.555464,90.0,90.0,90.0,120.72059533312388,12.072059533312387,1.0,6.694648579326724,6.694648579326724,-0.000664,-0.000664,0.001687,0.0,-0.0,0.0,-0.1917271372019999,0.002351,6.615517,16.982031,2.896282,0.6615517,1.6982031,FiM,2.2857044285714285,1.0853738571428573,2.0500397829753334,0.0,0.0,0.0,0.3273666666666666,-0.3273666666666666,0.0258203105110858,0.5632591305579716,0.5606952891885209,0.655355,0.3531097188753093,14.824160857142855,0.2493785406986328,0.1758391428571428,0.2493785406986327,0.0,0.0,0.0,0.0,13.410291333333332,0.1732862525463448,-0.4102913333333333,0.1732862525463447,0.1758391428571428,0.5861304761904762,0.4102913333333333,system_58,50.47150750137405,-1.9788698341741164,9.56224321937304,839.0552803896585,50.4983257562326,-1.3428207937061636,9.243175587370548,738.7635219869736,1.1625817822107611,2.604244692498068,-0.3827261276745554,23.872037090361623,-9.212850653379288,17.080157166038173,-9.12993315940545,-0.6360490404679529,1.627788597472338,17.280030620333015,0.0,9187.464305534728,1.1290111414973014,27.163379432416043,0.0,38258.73433870002,0.0031289874352711,-0.0073691322502191,0.0,-0.4513940680191234,0.0,-0.653911064420355,0.0,-9.883348812083028,0.0,0.0,0.0,0.0,0.0,0.0,0.0,0.0,0.0,0.0,0.0,0.0,0.0,0.0,0.0,0.0,8.771932042912567,1.6613668013075065,8.363487036910191,361.0159499317662,9.28846267781702,0.4742428029371652,8.824644068953198,319.50015005149663,0.0099602342315828,0.0704742421187259,-0.7523391788316258,1.808571992177534,-8.955704507283002,2.616056049057118,-9.891892560480835,1.1871239983703412,1.2484854183316674,2.9141120791708306,-0.4001411767144233,0.95867,0.0,-26905.1108,-2690.51108
calculation055,True,8,6,0,2,0.75,0.0,0.25,6.0,1.6150000000000002,1.305,58.635,6.25,0.112583302491977,0.0464534699347974,0.5623351446188083,0.5118595071429147,0.1091485927170972,1,0,1,2,0.0,0.1875,0.0,0.5625,0.0,0.0625,0.25,1.0,0.0,-1.0,-2.0,1.5,-21904.0466,-2738.005825,-7.250258,7,2.615959,2.615959,13.692989,90.0,90.0,90.0,93.70443044254556,11.713053805318197,1.0,5.234405049926242,5.234405049926242,-0.006074,-0.006074,0.000451,-0.0,0.0,0.0,6.246886695966,0.006525,-0.0002240000000001,12.242638,2.097635,-2.8000000000016727e-05,1.53032975,AFM,2.0368313333333337,-3.1666666666726094e-05,2.037323288247733,0.0,0.0,0.0,0.010825,-1.6999999999999654e-05,0.010825,0.5738258738560369,3.659275094340262e-05,0.154403,0.1017720085644869,14.9925025,0.1165555902159282,0.0074974999999999,0.116555590215928,0.0,0.0,0.0,0.0,13.0224925,1.4999999997655775e-06,-0.0224925,1.4999999999997654e-06,0.0074974999999999,0.0299899999999999,0.0224925,system_59,43.41923316964257,-1.7944814038845214,9.44923914084064,791.3901926214505,43.4192139517049,-1.794509457503156,9.449240150678069,791.3916308551569,3.146987844533555,3.1486310820497945,-0.0002610128623416,17.524501435952104,-9.352898077549632,17.524582169976508,-9.35290637375604,2.805361863456035e-05,1.82078853137591,10.875997438108284,4.288793693445218,546.3496907652041,1.820758396414044,10.876154012241734,4.28804980104784,546.5030791736175,0.005884479587863,0.0059080935696213,-0.0020024452206429,-0.0701034493200743,0.0,-0.0701185164008313,0.0,-0.0001565741334506,0.0,0.0,0.0,0.0,0.0,0.0,0.0,0.0,0.0,0.0,0.0,0.0,0.0,0.0,0.0,0.0,5.760319339638143,1.674165087968535,8.251069932021856,378.2235787767092,5.760347892243842,1.674056102987771,8.251122556234353,378.21751530482527,0.1005074168274307,0.1005367368445635,-0.0001458386956163,1.2722066704088422,-8.81719270987966,1.2722460055508262,-8.81732510315526,0.000108984980764,3.4812724965034967,3.483076327672328,-0.0002590093078866,0.63289,0.0,-21877.426600000003,-2734.6783250000003
calculation056,True,8,8,0,0,1.0,0.0,0.0,7.0,1.55,1.27,54.94,5.0,0.0,0.0,0.0,0.0,0.0,1,0,0,1,0.0,0.0,0.0,1.0,0.0,0.0,0.5,1.0,1.0,0.0,-1.0,0.5,-23671.5986,-2958.949825,-7.73548,5,9.857297,2.445683,3.449274,90.0,90.0,90.0,83.15448948103058,10.394311185128824,0.2481088882682544,0.349920875874999,2.857788914420832,0.003087,-0.002553,0.002155,-0.0,-0.0,-0.0,-1.4360843229419995,0.00564,1.0000000000000243e-06,0.004535,0.000594,1.2500000000000304e-07,0.000566875,NM,0.000566875,1.2500000000000304e-07,0.0005673602113075,0.0,0.0,0.0,0.0,0.0,0.0,0.0,0.0,0.000293,0.0002199505626271,15.0,0.0002199505626271,2.710505431213761e-20,0.0002199505626271,0.0,0.0,0.0,0.0,0.0,0.0,0.0,0.0,2.710505431213761e-20,2.710505431213761e-20,0.0,system_60,57.953705986307774,-2.1467571109476653,9.76168797036022,851.6861155703373,57.9537059923137,-2.1467570929700166,9.761687969302516,851.6861146649695,4.5400275330270174,4.5400271980467855,3.6891873663606374e-08,23.40248021518281,-9.948274971730102,23.40248015472231,-9.948274961423191,-1.7977648703038085e-08,3.1466349512723424,5.468842962198858,10.517461935524594,-902.3902974480898,3.14663495247356,5.468842975419032,10.517461928737497,-902.3902940192644,0.0005403037538367,0.0005403037538367,0.0,0.5406680003019009,-14.285481535814494,0.5406680003019018,-14.285481500795136,-1.3220174288619546e-08,0.0,0.0,0.0,0.0,0.0,0.0,0.0,0.0,0.0,0.0,0.0,0.0,0.0,0.0,0.0,0.0,0.0,0.0,0.0,0.0,0.0,0.0,0.0,0.0,0.0,0.0,0.0,0.0,0.0,0.0,0.0,0.0,4.6912230794205785,4.6912230794205785,0.0,4.00206,0.0,-23644.1586,-2955.5198250000003
calculation057,True,10,3,3,4,0.3,0.3,0.4,6.300000000000001,1.762,1.3199999999999998,61.977,7.9,0.1448309359218533,0.0559786460663974,1.0888999753452238,0.9911594714322188,0.1046648410504326,1,1,1,3,0.09,0.12,0.12,0.09,0.09,0.16,-0.2,0.5,0.3000000000000007,-0.6999999999999993,-1.6999999999999993,1.1999999999999993,-30858.0016,-3085.80016,-6.478864,23,2.88055,13.352676,3.275254,90.0,90.0,90.0,125.97626115456136,12.597626115456135,4.635460589123605,1.137023832254257,1.137023832254257,0.000861,-0.000261,0.000515,-0.0,-0.0,0.0,-0.59547564897,0.001122,-2.490054,9.427768,3.536473,-0.2490054,0.9427768,FiM,2.9690410000000003,-0.8469443333333332,2.9024292919600225,0.0767443333333333,-0.0725389999999999,0.1035817713338918,0.0726029999999999,0.0670989999999999,0.0634761787641631,1.4472988175685828,0.4184367633461625,0.44368,0.2165818351854328,15.006963333333331,0.1454918601442094,-0.0069633333333333,0.1454918601442095,17.771632666666665,0.1977655158503511,0.2283673333333333,0.1977655158503513,13.16605275,0.07305002990203,-0.16605275,0.0730500299020301,-0.2353306666666666,0.1590894166666666,0.3944200833333333,system_61,21.76551318690825,-0.8553418354008215,9.22073684657466,714.188732472015,21.810168854661818,-1.3320863161402392,9.494736576535283,793.6113541998355,1.7531227403115637,0.5500475670866627,0.5223561494173452,7.255898222884663,-8.763295863654042,9.74162298389939,-8.75580779522328,0.4767444807394176,1.2112957811464873,4.214492534382663,11.66361785786099,-1001.6106794891348,1.3003729631263636,4.532165116793045,11.25981003518302,-973.8687995543492,0.0209272509190809,0.0014788438555195,0.8679962866892875,0.2909651131825042,-14.38573825934142,0.2558133563591027,-15.076456635623911,-0.3176725824103821,19.36959715864228,19.31050279085521,-3.104316513026074,-3.1911238249678435,9.461661204788026,9.501166079005266,1160.6803444214922,1182.3982977696303,1.03641356246004,0.5386717044917573,0.3160094684470916,12.91352294956371,13.227347852221609,-8.59424635412873,-8.611557561958572,0.0868073119417696,12.13199169062278,1.8885999557316315,8.076147658946324,333.2738456249785,12.065363784743615,2.063184497118286,8.005425523303375,350.1163019055065,0.2569002428178074,0.1457988276192556,0.2758919087594853,2.445142170330284,-8.452081641887618,2.268839614428,-8.300698383369102,-0.1745845413866547,3.5990069290709297,1.582852045954045,0.3890794583245422,1.22016,0.0,-30818.9216,-3081.89216
calculation058,True,8,3,0,5,0.375,0.0,0.625,4.5,1.7125,1.3575,64.17750000000001,8.125,0.125871958751741,0.0499279621058046,0.6615632381579821,0.6021808102656678,0.1114929178001355,1,0,1,2,0.0,0.234375,0.0,0.140625,0.0,0.390625,-0.125,1.0,-1.5,-2.5,-3.5,3.0,-19251.3768,-2406.4221,-6.450022,33,5.448547856248306,2.7324,7.86276201580596,90.00000728697873,80.51843929395724,90.0,115.4585865102323,14.432323313779037,0.5014914197489388,1.4430931366031912,1.4430931366031912,-0.00029,-0.001719,-0.000286,0.0,0.00048,-0.0,1.22566512501,0.001433,-2.8163659999999995,8.433751999999998,3.038416,-0.3520457499999999,1.0542189999999998,FiM,2.649280333333333,-1.1007589999999998,2.427824738992088,0.0,0.0,0.0,0.0971822,0.0971822,0.0348980980478879,1.1847771637774784,0.833560679096877,0.706087,0.3816552968104857,14.57402,0.0117988191782064,0.42598,0.0117988191782059,0.0,0.0,0.0,0.0,13.255588,0.2424316309172546,-0.255588,0.2424316309172547,0.42598,0.6815680000000001,0.255588,system_62,21.810375456575464,-0.6304610097606527,9.379375601731928,754.1946362892315,21.79113922619509,-1.2860930068848506,9.702420037414036,854.1271947791945,1.98834733246833,2.4038958661533583,-0.0946096367831885,7.371326925892716,-8.495211559235797,10.365254434489607,-8.601227581086114,0.655631997124198,-0.0712818270363497,0.0,0.0,0.0,0.1479961454529981,110.49894016028276,0.0,2657566.019294765,0.0009929141082814,-0.0081492651585785,0.0,-0.7292090958788251,0.0,-0.5895890577924858,0.0,-110.49894016028276,0.0,0.0,0.0,0.0,0.0,0.0,0.0,0.0,0.0,0.0,0.0,0.0,0.0,0.0,0.0,0.0,14.035173011049448,1.2372664723296931,7.954094122905805,485.55417934700426,13.846406247555036,1.4579501189267572,7.801715097325068,500.5687133495743,0.457693313194423,0.6471685861056297,-0.1714922679759725,3.072041900904662,-7.863390712210916,2.73581289490956,-7.563662944124908,-0.220683646597064,2.775362325674329,3.5359422077922096,-0.1205107245395628,2.00091,0.0,-19225.9868,-2403.24835
calculation059,True,4,1,0,3,0.25,0.0,0.75,4.0,1.745,1.375,66.025,8.75,0.112583302491977,0.0440885660108441,0.5623351446188083,0.5118595071429147,0.0969318854065429,1,0,1,2,0.0,0.1875,0.0,0.0625,0.0,0.5625,-0.25,1.0,-2.0,-3.0,-4.0,3.5,-9183.6204,-2295.9051,-6.096485,10,2.874934,5.464108,3.855684,90.0,90.0,90.0,60.56874666621188,15.14218666655297,1.9006029355804344,1.3411382661306313,1.3411382661306313,0.00107,0.004874,0.004656,0.0,-0.0,-0.0,-5.661024106799999,0.003804,-2.700468,3.802258,3.251363,-0.675117,0.9505645,FM,3.251363,-3.251363,0.0,0.0,0.0,0.0,0.1836316666666666,0.1836316666666666,0.0730424806092698,1.3990338551021682,0.943521634875384,0.888572,0.5150485341180844,14.111428,0.0,0.888572,0.0,0.0,0.0,0.0,0.0,13.296191,0.0527650305979257,-0.296191,0.0527650305979253,0.888572,1.184763,0.296191,system_63,7.366023860510051,0.9245615788012068,9.39958987007962,719.0812855521134,7.430899498043558,-0.8237494112614487,10.53377563946698,1008.9593586482875,1.2272950044117896,0.6028383218726269,0.3412083008219684,1.5012745797419678,-7.528685889487665,4.350319344742396,-8.37997084226899,1.7483109900626554,-0.3185434221451416,0.0,0.0,0.0,-0.1141843989616095,0.0,0.0,0.0,-0.0043215159938062,-0.0081141434544455,0.0,-0.4027151331052854,0.0,-0.3285265383448985,0.0,0.0,0.0,0.0,0.0,0.0,0.0,0.0,0.0,0.0,0.0,0.0,0.0,0.0,0.0,0.0,0.0,0.0,9.30099344730867,1.388609864489335,8.313186078231091,372.0267007507291,9.208597674644407,1.6792223501683947,8.281839629422342,396.6390831580292,0.3730668603643866,0.4023317610311923,-0.0377417496746822,2.1082436754902,-8.446008064605985,1.714049361623141,-8.515342195699796,-0.2906124856790597,1.7232624038461553,1.2432480769230754,0.1618111009668874,0.46594,0.0,-9171.1304,-2292.7826
calculation060,True,10,5,4,1,0.5,0.4,0.1,7.8,1.72,1.276,57.918,6.7,0.1723368793961408,0.0357765273056844,0.9433483923290392,0.8586727110732548,0.0744661234018802,1,1,1,3,0.2,0.05,0.04,0.25,0.16,0.01,0.0,0.5555555555555556,1.7999999999999998,0.7999999999999998,-0.2000000000000001,0.2999999999999998,-35110.3944,-3511.03944,-6.767494,10,12.655972,2.529334,3.494859,90.0,90.0,90.0,111.8745615114349,11.18745615114349,0.1998530022032286,0.2761430730093271,3.621311188806186,-0.002287,-0.001226,-0.000546,-0.0,0.0,0.0,2.167744985802,0.001741,0.3645399999999998,11.896656,3.31188,0.0364539999999999,1.1896656,AFM,2.2474746,0.1106865999999999,2.4662367909134435,0.14999,-0.0323925,0.1570825549201756,0.059323,-0.059323,0.0,1.077319003749999,0.3729749256652179,0.315313,0.2029667813293594,15.09073,0.1574036487925232,-0.0907299999999999,0.1574036487925232,17.8154175,0.0860093539113624,0.1845824999999999,0.0860093539113624,13.28468,0.0,-0.28468,0.0,-0.2753124999999999,0.19395,0.4692624999999999,system_64,37.11401279044543,-1.2760218495162703,9.355727251372738,720.5504420506331,37.08246613855872,-1.2208624851182135,9.32429062530552,710.7982243078875,3.244107785618569,3.107090124351961,0.0215735146674469,14.77989930550027,-8.936432153539547,14.329617619335297,-8.934464886981798,-0.0551593643980565,2.5685183585712497,4.1587974973699575,11.494234199653947,-712.552042755391,2.517930509529399,4.131582176009567,11.60720697143694,-763.3152437727076,0.009448485667793,0.0065131649980394,0.1838983154816769,0.643262876197954,-13.496334892978094,0.6478500539355032,-13.647363566182348,0.0272153213603907,24.721451272329936,24.72588493290976,-4.287282110598003,-4.311804713287881,8.88360861772087,8.88665308560986,1110.7819541980562,1112.920336970707,1.6305564642386765,1.5210631304810422,0.034741925688329,17.22733070457408,17.351560729529538,-9.030900709070558,-9.03994213772484,0.0245226026898777,3.153037585262336,3.110153709638773,8.294802228372498,306.5177900246407,3.187482816842877,2.621848790736039,8.37360211942915,304.7000190827551,0.1064064234138526,0.129775289646904,-0.0989444353256928,0.538903787923745,-8.23299099775374,0.6287078510109761,-8.503877861529132,0.4883049189027342,5.429794563436569,5.102250735264732,0.0310997359850157,3.77785,0.0,-35067.9444,-3506.79444
calculation061,True,4,3,1,0,0.75,0.25,0.0,7.75,1.64,1.265,55.8775,5.75,0.1558845726811989,0.0068460506228018,0.5623351446188083,0.5118595071429147,0.0290599549388541,1,1,0,2,0.1875,0.0,0.0,0.5625,0.0625,0.0,0.25,0.75,1.75,0.75,-0.25,0.25,-13436.996,-3359.249,-7.24214,7,4.927792,2.449318,3.476611,90.0,90.0,90.0,41.96175485380908,10.490438713452267,0.4970416770837729,0.7055109063044869,1.417412531916858,0.005622,-0.003221,-0.0054,0.0,-0.0,0.0,1.601642575122,0.011022,0.6027760000000002,3.64199,1.519607,0.150694,0.9104975,FiM,1.191390333333333,0.178319,1.2017388294054023,0.067819,0.067819,0.0,0.0,0.0,0.0,0.5802568461712849,0.5344447610467706,0.109568,0.1019786183055055,15.031360333333334,0.0996609389959553,-0.0313603333333333,0.0996609389959554,17.905919,0.0,0.094081,0.0,0.0,0.0,0.0,0.0,-0.1254413333333333,-0.0313603333333333,0.094081,system_66,21.91923919753661,-1.8967562017833743,9.487533303900936,770.809798190037,21.9434005990401,-1.7516816588418986,9.443791985018091,757.4580170401173,2.2581075398397354,0.4001995840153745,0.6989064352842721,9.075720323169248,-9.472034582647195,8.531986050782162,-9.456095336867032,-0.1450745429414759,1.2994251435188269,4.130247242850977,10.698696240540867,-793.6453450017478,1.3149563141521177,3.764627074765013,11.036795600965538,-787.1333894670264,-0.0007290348585543,-4.804312301918555e-06,0.0,0.2753564020748643,-14.077951891008857,0.3085990136800212,-14.083854929643154,0.3656201680859641,6.114065953631347,6.143069887098983,-5.071197463606705,-4.945793537416813,9.047286390032452,9.063441525895945,1211.0811192250856,1203.4922434358734,0.3857745754403709,0.2453844816252956,0.2224321939825525,4.32720150522546,4.256094758410834,-9.790222397699944,-9.774169124948044,-0.1254039261898913,0.0,0.0,0.0,0.0,0.0,0.0,0.0,0.0,0.0,0.0,0.0,0.0,0.0,0.0,0.0,0.0,2.917145979020976,0.7456590909090908,0.5928480622511929,0.73391,0.0,-13421.136,-3355.284
calculation062,True,8,4,3,1,0.5,0.375,0.125,7.625,1.7175,1.28,58.19375,6.75,0.1702755120385782,0.0390625,0.9743147528693494,0.8868595071429147,0.0805864321209094,1,1,1,3,0.1875,0.0625,0.046875,0.25,0.140625,0.015625,0.0,0.5714285714285714,1.625,0.625,-0.375,0.125,-27591.5785,-3448.9473125,-6.978321,16,10.082063,2.546019,3.442682,90.0,90.0,90.0,88.37063100321087,11.04632887540136,0.252529566617467,0.341466027339841,2.92854902079251,-0.002779,-0.000802,0.000555,0.0,0.0,-0.0,1.6160621648279998,0.0033339999999999,-0.5076140000000002,7.889576,2.107591,-0.06345175,0.986197,AFM,1.88273125,-0.19153675,1.9042302046959,0.082747,0.0493743333333333,0.1007800538279056,0.11041,0.11041,0.0,0.943099147319228,0.4725405522561714,0.293731,0.1719677203859782,14.96475575,0.1259417107799774,0.03524425,0.1259417107799774,17.949082,0.1571766093878685,0.0509179999999999,0.1571766093878687,13.293731,0.0,-0.293731,0.0,-0.0156737499999999,0.32897525,0.344649,system_67,29.21428235063263,-1.4264134256091603,9.441715523724652,752.9308185260013,29.198654678592145,-1.5371791714466752,9.492940746170358,767.6539836967914,2.707265477972029,2.350735799237764,0.070488253994855,11.326179888269202,-9.155497258404257,11.99388049265061,-9.172833996138497,0.1107657458375148,1.587155076466833,8.550819485090054,8.466795478470532,-568.9848758343971,1.6764956683057166,7.578141623131089,9.352409555975065,-728.3607489977842,-0.0002068754405594,0.0054078392552447,-1.079552732120645,0.1237851963491677,-13.595460120656092,0.1890547050427333,-13.63289921712798,0.9726778619589648,18.95784866617475,18.97273594918302,-4.040655031469357,-3.99682338679026,9.034736039606988,9.000771048410597,1110.9300526284708,1096.3716876608416,1.6198824271713308,1.506556668667833,0.0362475503374806,13.115962496152868,12.969402830879844,-8.980550505559519,-8.95890070263357,-0.0438316446790971,3.145525470396288,2.769520931370026,8.397560341985278,350.68803692033816,3.076487866126602,3.401479036835303,8.137044972518346,394.5068044464017,0.0793900580034965,0.057483631513986,0.1600484838739767,0.6009472293447382,-8.358517996804288,0.4867349185389147,-7.546962556792391,-0.631958105465277,4.684804987012996,4.141615041458548,0.0615413660127514,1.98513,0.0,-27558.1285,-3444.7660625
calculation063,True,8,6,2,0,0.75,0.25,0.0,7.75,1.64,1.265,55.8775,5.75,0.1558845726811989,0.0068460506228018,0.5623351446188083,0.5118595071429147,0.0290599549388541,1,1,0,2,0.1875,0.0,0.0,0.5625,0.0625,0.0,0.25,0.75,1.75,0.75,-0.25,0.25,-26873.9131,-3359.2391375,-7.261619,8,4.870063000000103,4.803594000000104,3.527321,90.0,90.0,89.9999763074152,82.51746107998234,10.314682634997792,0.9863515112638178,0.7242865236034781,1.3806690686784964,-0.001619,-0.004974,-0.000454,0.0,0.0,0.0,3.763512913266,0.00452,0.294372,0.294372,0.077203,0.0367965,0.0367965,FM,0.0435898333333333,0.0435898333333333,0.0313554459087873,0.0164165,0.0164165,5.000000000005e-07,0.0,0.0,0.0,0.8042687537696569,0.0,0.083965,0.0799607645558706,15.025285166666668,0.0772501214161217,-0.0252851666666666,0.0772501214161217,17.924144,9.999999992515995e-07,0.075856,9.999999999940612e-07,0.0,0.0,0.0,0.0,-0.1011411666666666,-0.0252851666666666,0.075856,system_68,43.802408539647786,-1.946871077698726,9.522948486744726,779.9110059241975,43.80640380865317,-1.9173408708267483,9.507019351995329,775.0732315936564,3.3525436545041805,3.33104070522584,0.0032172780533601,17.793026607460057,-9.581119488451268,17.573001428481234,-9.573902981882034,-0.0295302068719776,2.4590413870746373,4.309480628414453,10.747433514415324,-842.2886039347947,2.4469618887165536,4.29226956300638,10.73105840136638,-842.9865634572384,0.0028384830258166,0.0023020752414704,0.1043481576232146,0.5038736655948756,-14.346890833313626,0.5023685396442675,-14.33385414754564,0.0172110654080723,12.18400131382388,12.181204656143873,-5.155284981595925,-5.145159669527426,8.942421665539314,8.927796319977867,1179.6709976029929,1174.530444801959,0.6008046553679917,0.5998393558440169,0.0008039847906293,8.593843767869698,8.56965568299025,-9.812611698350972,-9.801415565533276,-0.0101253120684994,0.0,0.0,0.0,0.0,0.0,0.0,0.0,0.0,0.0,0.0,0.0,0.0,0.0,0.0,0.0,0.0,4.2750832165334645,4.227900036963039,0.0055490147591462,3.54145,0.0,-26842.1931,-3355.2741375
calculation064,True,8,5,0,3,0.625,0.0,0.375,5.5,1.6475,1.3224999999999998,60.4825,6.875,0.125871958751741,0.0512493070386614,0.6615632381579821,0.6021808102656678,0.1183042488673286,1,0,1,2,0.0,0.234375,0.0,0.390625,0.0,0.140625,0.125,1.0,-0.5,-1.5,-2.5,2.0,-21020.278,-2627.53475,-6.909099,9,2.653067,5.309863,7.017361,90.0,90.0,90.0,98.8565278372942,12.357065979661774,2.0014055430940867,2.6449995420394585,2.6449995420394585,-0.000208,0.001294,-0.000972,-0.0,-0.0,-0.0,-0.0608827120919999,0.002266,6.219779999999999,13.418712,2.678958,0.7774724999999999,1.677339,FiM,2.4996408,1.4280576,2.0535078000000486,0.0,0.0,0.0,0.306836,-0.306836,0.0263436077382477,0.6343816413231166,0.6334274546131138,1.127418,0.4972413855178891,14.714102,0.1624380000110812,0.285898,0.1624380000110811,0.0,0.0,0.0,0.0,13.476496666666668,0.5020710084183537,-0.4764966666666667,0.5020710084183533,0.285898,0.7623946666666668,0.4764966666666667,system_69,36.37398522353197,-1.857529641880662,9.685495093045285,861.6730189587591,36.34044012740915,-1.072706761133528,9.21677776410453,723.0047147454185,1.1212988255678171,2.072079432743976,-0.2977350411594513,17.95720811312877,-9.09282354658663,11.431215417196146,-8.960416326694947,-0.784822880747134,0.5535145386263851,45.07650652162966,0.0,189094.6329837098,0.0994668970683283,278.2250792121452,0.0,43365264.10849566,0.001569328383046,-0.0116977378023031,0.0,-0.7457688550600758,0.0,-0.9420627412337448,0.0,-233.14857269051555,0.0,0.0,0.0,0.0,0.0,0.0,0.0,0.0,0.0,0.0,0.0,0.0,0.0,0.0,0.0,0.0,8.77123557568126,1.9898098318205548,8.7480088574335,376.1765222755545,9.278307107833264,0.6818905548313103,9.149260879371496,359.7179284490538,0.1330098149651973,0.1363120565881453,-0.0122613198991301,1.804242662840806,-9.10838494533098,2.6139668452641063,-9.97237738680576,1.3079192769892445,1.4932619917582393,2.301734304945057,-0.2130363905464507,0.82817,0.0,-20994.068,-2624.2585
calculation065,True,8,2,4,2,0.25,0.5,0.25,7.5,1.795,1.295,60.51,7.75,0.1472243186433545,0.0516567110434735,1.039720770839918,0.946394630357186,0.0914459440748936,1,1,1,3,0.125,0.0625,0.125,0.0625,0.25,0.0625,-0.25,0.3333333333333333,1.5,0.5,-0.5,0.0,-28309.2942,-3538.661775,-6.679728,20,2.645278,2.645277,13.031948,90.0,90.0,90.0,91.1909655841035,11.398870698012937,0.9999996219678992,4.926494682222436,4.926494682222436,0.000728,0.000727,0.002272,-0.0,0.0,0.0,-1.990437438306,0.001545,-1.268971,5.1708490000000005,2.398109,-0.158621375,0.6463561250000001,FiM,2.1319705,-0.2661384999999999,2.1319705,0.2005375,-0.1595995,0.2227150659278577,0.052379,-0.049148,0.052379,1.3620783811810844,0.1934731094968491,0.430759,0.20799723610089,15.009815,0.1186759999999997,-0.0098149999999999,0.118676,17.882271499999998,0.2002526878502497,0.1177285,0.2002526878502508,13.2256415,0.0058915000000006,-0.2256415,0.0058914999999999,-0.1275435,0.2158265,0.34337,system_70,14.502942749350751,-1.2348264107849285,9.288973709843944,737.289631109279,14.486239082868725,-1.465793670175699,9.373855527412603,763.6359539885261,0.9839334376414324,0.7744261158479021,0.119149306737509,5.5189421476029965,-8.877373791896892,6.130592582195015,-8.883224686644521,0.2309672593907707,0.7826015517378118,6.002054046714807,9.823942719800632,-766.0282268850738,0.7417943342903206,7.406850353798394,8.854710905364795,-617.2583475323977,0.018081494545979,0.0028042581702797,0.7314668799945405,0.1010947452745663,-14.568242461089511,0.0558080135304099,-15.501619792425428,-1.404796307083588,25.73201487256794,25.67224867271372,-3.2956571238417505,-3.4561295708534754,9.329847068741154,9.38752729070765,1140.5511929734323,1169.9670207340691,3.7426486978318154,1.2817140395437068,0.4898003561688657,16.943676954523358,17.740927815397445,-8.658603575720285,-8.729227377358738,0.1604724470117249,5.954711440115131,3.0508203771421645,7.572134587553693,468.7248778979729,5.983693994288364,2.886190126526356,7.621807180377738,457.2443113652072,0.1611333936870629,0.1278349742517484,0.1152320569646757,1.0244541522739097,-6.81818902261611,1.0823383780695877,-7.033724476807901,0.1646302506158088,5.0756005069930055,2.444401621378622,0.3498933698020295,1.49819,0.0,-28274.1142,-3534.264275
calculation066,True,10,5,4,1,0.5,0.4,0.1,7.8,1.72,1.276,57.918,6.7,0.1723368793961408,0.0357765273056844,0.9433483923290392,0.8586727110732548,0.0744661234018802,1,1,1,3,0.2,0.05,0.04,0.25,0.16,0.01,0.0,0.5555555555555556,1.7999999999999998,0.7999999999999998,-0.2000000000000001,0.2999999999999998,-35111.0271,-3511.10271,-6.904524,12,2.503799,12.593182,3.463941,90.0,90.0,90.0,109.22081875352654,10.922081875352657,5.029629774594526,1.3834740727989747,1.3834740727989747,0.000827,-0.000698,-0.00047,-0.0,-0.0,-0.0,0.1821140773979999,0.001525,-0.2235749999999996,9.196433,2.689142,-0.0223574999999999,0.9196433,AFM,1.7421418000000002,-0.0485974000000001,1.9071517158365352,0.113617,0.012667,0.1469889669584081,0.031256,-0.031256,0.0,1.078016303438446,0.4742977583896872,0.293126,0.1660970406873343,15.059962,0.0782801240264732,-0.059962,0.078280124026473,17.85176575,0.1155960094193891,0.14823425,0.1155960094193891,13.293126,0.0,-0.293126,0.0,-0.20819625,0.2331639999999999,0.44136025,system_71,36.46662576666907,-1.5142754286296496,9.366032698029237,742.8843270505697,36.46588753380921,-1.553012423450312,9.384210080743316,748.5631884379399,2.6681957947594164,3.246702314715584,-0.0978049848448724,14.439184460909932,-9.127098844731828,14.723764919153384,-9.123174917794238,0.0387369948206623,2.4362642854526637,3.575808699052262,11.754207282823826,-858.3740975067983,2.403843861278496,3.769143257696186,11.60710689961359,-883.0055689960896,-0.0091659760516233,-0.0006157891477272,0.0,0.6179630076944428,-14.612987650869515,0.5838185278221457,-14.615575015230828,-0.1933345586439236,25.21827724095214,25.18450894317326,-4.085590272996102,-4.093287045252976,9.167425352636174,9.14988159640594,1148.495089709969,1144.316697351097,1.420395364161364,1.5979810708350652,-0.0588348439958289,17.404609305480502,17.35261681565296,-9.1378044863608,-9.126551237970686,0.0076967722568737,3.1848567808821064,3.180583155997553,8.031151635294684,346.1206296184355,3.186853390331208,3.2899633654964178,8.035743818810845,340.02578954772173,0.0443270002194804,0.0754263117551948,-0.2596947927610644,0.5219467502462525,-7.851352551670121,0.5172502516968875,-7.778436282952066,-0.1093802094988642,4.550482160839163,5.283721088911088,-0.0745600746141327,3.77638,0.0,-35068.5771,-3506.85771
calculation067,True,10,2,5,3,0.2,0.5,0.3,7.3,1.808,1.302,61.249,8.0,0.1360735095453923,0.0546125617039359,1.0296530140645737,0.9372305632161296,0.0934518957916293,1,1,1,3,0.1,0.06,0.15,0.04,0.25,0.09,-0.3,0.2857142857142857,1.2999999999999998,0.2999999999999998,-0.7000000000000002,0.2000000000000001,-34944.0704,-3494.40704,-6.555825,30,2.568173,2.568176,17.628982,90.0,90.0,90.0,116.27230798733105,11.627230798733104,1.0000011681456038,6.864405941500047,6.864405941500047,8.3e-05,8.2e-05,-0.00036,0.0,-0.0,-0.0,0.10414148121,0.000443,-0.148218,0.507428,0.179605,-0.0148218,0.0507428,FiM,0.1655015,0.0141034999999999,0.1655015,0.0329461999999999,-0.0329461999999999,0.0136290683526057,0.003898,-0.003898,0.0024749280124211,1.1799837508254316,0.7066442099793063,0.323931,0.2049728382068219,15.1249265,0.0665035000000004,-0.1249265,0.0665035,17.8240286,0.1307658283506829,0.1759714,0.1307658283506819,13.210002,0.0498305621548329,-0.210002,0.0498305621548329,-0.3008979,0.0850755,0.3859734,system_72,14.337475434959448,-1.484708183108195,9.181082147468366,743.2886651151042,14.336459923967515,-1.4757043221985764,9.176665576331445,741.9957999359841,0.980220848341658,0.7925432853846139,0.1058671931513833,5.866956323817021,-8.67085935832632,5.838097806962856,-8.66948818354021,-0.0090038609096185,1.1092446885346643,3.4055982421752398,11.798836537554148,-734.4146868447993,1.1089123576037418,3.3891655247896737,11.79457904003518,-730.8749621149734,0.0027539031820179,0.003153370127872,-0.0676228989075805,0.3110776784113374,-13.648027789348337,0.3115742332552345,-13.637398675761755,0.0164327173855656,31.50770070019302,31.50446772075236,-3.7758453707673056,-3.8045519819003735,8.979349039902122,8.990891345329732,1095.416938519645,1100.4311864248389,2.110329189783415,1.859082502486308,0.0632956989032909,21.764875542312403,21.88958282591264,-8.677177622406369,-8.698519573902438,0.0287066111330678,8.698710657971986,2.811374835905416,7.5722768006978365,471.35621195515847,8.69350270141322,2.820027290767601,7.564601457481396,473.7438375539373,0.2173439997686312,0.1977201800831163,0.0472790007861532,1.3561247800853784,-6.8277778108188985,1.3522944726976374,-6.79599441934463,-0.0086524548621853,3.5407629020979003,3.060107377622373,0.0728169929277714,2.64416,0.0,-34900.3004,-3490.03004
calculation068,True,8,2,4,2,0.25,0.5,0.25,7.5,1.795,1.295,60.51,7.75,0.1472243186433545,0.0516567110434735,1.039720770839918,0.946394630357186,0.0914459440748936,1,1,1,3,0.125,0.0625,0.125,0.0625,0.25,0.0625,-0.25,0.3333333333333333,1.5,0.5,-0.5,0.0,-28308.5493,-3538.5686625,-6.576487,17,10.449577,2.614767,3.436535,90.0,90.0,90.0,93.89716439669914,11.737145549587392,0.2502270666075765,0.3288683360101562,3.0407305614521603,-0.00029,-0.002028,0.00166,0.0,0.0,-0.0,0.3514107417239998,0.003688,2.265244,6.886220000000001,2.895912,0.2831555,0.8607775000000001,FiM,2.5844655000000003,0.3114464999999999,2.5844655000000003,0.3931059999999999,0.3931059999999999,0.1388403182940747,0.0724325,0.0349635,0.0724325,1.1857147445461833,0.3398606701268304,0.228931,0.1334631406653162,14.935153,0.1097239999999999,0.064847,0.109724,17.96015875,0.1091286170176621,0.03984125,0.1091286170176617,13.1445295,0.0844014999999993,-0.1445295,0.0844014999999999,0.02500575,0.2093765,0.18437075,system_73,14.683444377256045,-1.2000106766021743,9.420888650377954,738.6205274448558,14.710698831194003,-0.9508125482458808,9.331717623026677,711.5500906672391,1.7657749852692304,0.986425720265035,0.2831731215812277,6.130383360775256,-8.77069180638822,5.491288642295949,-8.776781115476226,-0.2491981283562936,0.7540357134283686,9.27963994684466,8.234771089619839,-764.7047143216552,0.7648760814486694,9.061825195656558,8.446075268775264,-767.3561713701406,0.0137830253342657,-0.010212910906993,6.721335332545531,0.0310055349985925,-19.9455386126142,0.038762870638941,-17.563379099833853,0.2178147511881007,25.146233653453915,25.254015864549288,-3.963335310244452,-3.567478681595184,8.906481858379983,8.784970358624555,1090.5639645898202,1031.1005374580989,1.3813541252482515,6.02588945960979,-0.6270261374765563,18.18877680430123,16.469996432538608,-8.68953895678442,-8.475625667367554,-0.3958566286492684,5.84956675029691,2.909531792722733,7.5754606110095875,413.850556324091,5.888512078654266,2.9284629443778547,7.708224798560264,398.72746064848593,0.22960757066993,0.2222858827041958,0.0162022439384013,0.9513946128930636,-6.913592583214052,0.9409040156610396,-7.17020870910004,-0.0189311516551216,3.8157835564435567,7.656942572677322,-0.3348078715558167,1.01395,0.0,-28273.3693,-3534.1711625
calculation069,True,10,3,5,2,0.3,0.5,0.2,7.7,1.782,1.288,59.771,7.5,0.1565119803721107,0.0478351608718923,1.0296530140645737,0.9372305632161296,0.0875477496713969,1,1,1,3,0.15,0.06,0.1,0.09,0.25,0.04,-0.2,0.3749999999999999,1.7000000000000002,0.7000000000000002,-0.2999999999999998,0.2000000000000001,-35828.253,-3582.8252999999995,-6.513979,14,12.675123,2.613427,3.516596,90.0,90.0,90.0,116.48903130981904,11.648903130981903,0.2061855336630658,0.2774407790756744,3.604372808249796,0.000204,-0.00035,6.6e-05,-0.0,0.0,0.0,0.0427247102399999,0.000554,-2.53751,11.686642,3.362418,-0.2537509999999999,1.1686641999999998,FiM,3.2851816666666664,-1.0435696666666667,3.116395079386259,0.279567,0.0319874,0.3251447332980191,0.216631,0.216631,0.0410919999999999,1.191085479947205,0.3567889319517958,0.702987,0.3765923046882397,14.854855666666666,0.2455829509952911,0.1451443333333333,0.2455829509952911,17.8247706,0.1766245592261734,0.1752294,0.1766245592261733,13.65579,0.0471969999999997,-0.6557900000000001,0.0471969999999999,-0.0300850666666666,0.8009343333333334,0.8310194000000001,system_74,22.387848025000917,-0.6110478098063017,9.238410683667992,668.4943166413248,22.426413851777955,-1.185731669694348,9.564438250992591,746.0595422264099,2.1322637859919453,0.7411069000104145,0.4841550353243871,7.224071641584779,-8.724856431118283,10.10746708614822,-8.859944151174682,0.5746838598880464,0.9524922576119568,13.008996385293615,0.0,2086.069413204605,1.1167850643732082,11.025259495546276,1.0264594908484943,1180.669154706481,-0.0020856461284312,-0.0028297230625048,0.0,-0.0642816604983922,0.0,-0.0247195026133992,0.0,1.983736889747341,31.321429027255128,31.338377244507512,-3.790811422146615,-3.747019509295944,8.806465321553725,8.810515718661858,1052.5409514741768,1050.040340889731,1.8107355965595984,3.4055109100756447,-0.3057323520825631,21.82812860446012,21.536454644128565,-8.54978306872363,-8.544167393277373,-0.0437919128506711,6.730393510526298,1.801809771799275,8.800808440481733,255.8208914935227,6.541091411225732,2.407431031735177,8.573366901009875,275.24850080961585,0.2285580541583065,0.1276336398815938,0.2833429750481694,1.6085795502793143,-9.372685790107894,1.2887011147743082,-9.011234979515915,-0.6056212599359021,4.434186134615383,4.7212329615384645,-0.0313526692670648,3.24075,0.0,-35784.073,-3578.4073
calculation070,True,4,1,1,2,0.25,0.25,0.5,5.75,1.77,1.335,63.2675,8.25,0.1334166406412633,0.0564289107614956,1.039720770839918,0.946394630357186,0.1041182850971735,1,1,1,3,0.0625,0.125,0.125,0.0625,0.0625,0.25,-0.25,0.5,-0.25,-1.25,-2.25,1.75,-11669.3483,-2917.337075,-6.669981,13,5.136017,2.755215,3.667439,90.0,90.0,90.0,51.89730978027142,12.974327445067855,0.5364497430596511,0.7140628623308685,1.4004369261492828,-0.003318,-4.4e-05,0.00388,0.0,-0.0,0.0,-0.2766424988039999,0.007198,-2.759954,3.644214,2.929079,-0.6899885,0.9110535,FM,2.929079,-2.929079,0.0,0.273005,-0.273005,0.0,0.221065,0.221065,0.041624,1.2794771582909223,0.8619242968017079,0.396685,0.3128534706104441,14.793005,0.0,0.206995,0.0,17.603315,0.0,0.396685,0.0,13.30184,0.0674109999999998,-0.30184,0.067411,-0.18969,0.508835,0.6985250000000001,system_75,7.300531181298187,-0.1618357806839936,8.927172278995924,665.2044601504742,7.359003464609172,-1.7217905014746182,9.945813885344045,928.16134001805,0.8108040627120858,0.5424687240436813,0.1982862149409589,1.587003081838332,-8.189770369642861,4.2363025296712005,-8.76080333042582,1.5599547207906246,-0.0209058539615289,0.0,0.0,0.0,0.1238644730991141,37.880664195573885,0.0,98925.7424814286,0.0018875394535714,0.0029009401428571,-0.2116330807886424,-0.1958276291732154,0.0,-0.1502443677472968,0.0,-37.880664195573885,6.28029627534916,6.263763653186352,-3.5629397152625537,-3.779319009157228,9.026128721972814,9.18897186965578,1114.750112941122,1185.737641188075,0.3553396868326915,0.5019395217936808,-0.171005937722306,4.214936359840952,4.472255215561723,-8.557791589767234,-8.696947321779264,0.2163792938946738,6.074202548151682,1.2466093315429785,8.129231000524898,345.0974240998605,5.900496465727906,1.843633211911388,7.854626184733987,394.1999433309778,0.1215778583442304,0.2292375824200549,-0.3068842233434122,1.407368861805705,-8.651436897509427,1.1107599182791437,-8.01042105278574,-0.5970238803684096,1.3785027500000002,1.6109614615384615,-0.0777593224368562,0.9778,0.0,-11654.3083,-2913.577075
calculation071,True,8,1,3,4,0.125,0.375,0.5,6.125,1.815,1.3325,63.73625,8.625,0.1103403824535695,0.0583426334163834,0.9743147528693494,0.8868595071429147,0.0955957691320525,1,1,1,3,0.046875,0.0625,0.1875,0.015625,0.140625,0.25,-0.375,0.25,0.125,-0.875,-1.875,1.375,-24940.4998,-3117.562475,-6.454661,22,2.815287,2.815287,12.782475,90.0,90.0,90.0,101.31186306068444,12.663982882585556,1.0,4.540380785333786,4.540380785333786,-0.000168,-0.000168,0.00233,0.0,0.0,0.0,-1.064913402732,0.002498,2.0910959999999994,3.407376,2.749236,0.2613869999999999,0.425922,FM,2.749236,2.749236,0.0,0.0787166666666666,-0.0787166666666666,0.0263987267916886,0.1054975,-0.1054975,0.0862720206222736,2.067238283171154,0.9658014081002868,0.538412,0.3886414560058658,14.461588,0.0,0.538412,0.0,17.697229000000004,0.0498112782878204,0.302771,0.0498112782878201,13.3616815,0.1678850897496553,-0.3616815,0.1678850897496558,0.235641,0.9000935,0.6644525,system_76,7.4296555967329345,-1.1276273366675973,10.385545698957156,969.922476270586,7.393624098567122,0.2865241336439735,9.444728328217932,730.336399970882,0.2022099439304339,1.1609491581622189,-0.7033215805550336,4.1698098003996,-8.698866972676118,1.6964890764565437,-8.216450134453822,-1.414151470311571,-0.0841561805889829,0.0,0.0,0.0,-0.2786773386734869,0.0,0.0,0.0,-0.006218855739621,-0.0066769829797128,0.0,-0.2186212215752429,0.0,-0.3101214746391769,0.0,0.0,19.01800261689664,19.02589929055092,-3.285056958941744,-3.3316258042164937,9.185786608618509,9.2312078001146,1119.6891022755185,1135.3551370984635,0.5228349553681921,1.0048854380596457,-0.3155358040418953,12.99012727916249,13.121013133390155,-8.421938929254852,-8.475483817282303,0.0465688452747499,12.509113327869075,1.8297584465521628,8.315990293777324,379.7860549671432,12.685932453190258,1.5459722418468858,8.433626457397004,362.9535646937841,0.2401132332402516,0.2832832305208533,-0.0824804909272483,2.568888011661455,-8.605523067201911,2.8461390492001817,-8.86189868076575,0.283786204705277,1.1552185367132857,2.802428342657345,-0.4162093931447488,1.06461,0.0,-24908.2798,-3113.534975
calculation072,True,4,2,2,0,0.5,0.5,0.0,8.5,1.73,1.26,56.815,6.5,0.1799999999999999,0.0079365079365079,0.6931471805599453,0.6309297535714574,0.0330018481034937,1,1,0,2,0.25,0.0,0.0,0.25,0.25,0.0,0.0,0.5,2.5,1.5,0.5,1.0,-15037.9776,-3759.4944,-6.825191,9,2.426085,2.426085,7.132791,90.0,90.0,90.0,41.98281200071464,10.49570300017866,1.0,2.9400416720766174,2.9400416720766174,0.000289,0.000289,-0.000192,-0.0,-0.0,0.0,-0.2061467269079999,0.000481,3.427164,3.427164,1.433727,0.856791,0.856791,FM,1.42318,1.42318,0.0105469999999999,0.290402,0.290402,8.000000000008e-06,0.0,0.0,0.0,0.6611158358116431,0.0,0.235967,0.2351150229476787,15.2351145,0.0008525000000005,-0.2351145,0.0008525,17.764886,1.2999999999152578e-05,0.235114,1.2999999999999123e-05,0.0,0.0,0.0,0.0,-0.4702285,-0.2351145,0.235114,system_77,15.0957002676383,-1.747241835125351,9.601535189996987,775.5720000946437,15.104207836992552,-0.8186231441689407,9.15076980641938,654.6972903138999,3.315264475634766,0.313928915038361,0.8269979682840023,7.338583875509422,-9.028703467149027,4.486172468600959,-8.950373885509789,-0.9286186909564104,1.1796945797919405,1.6166869836525424,11.75235986152642,-329.2350913914313,1.1470253718333707,0.5762777574835476,12.110918486085692,-110.23657178151798,0.0196147872856643,-0.0025418964376623,1.2977698926669834,0.3865361828460812,-13.684595085272088,0.4407383683636975,-13.663875401213204,1.0404092261689948,12.184442312481252,12.228743240798064,-4.880487005881786,-4.600259327274486,8.969392335549918,8.772221776233023,1188.513454831703,1103.759877717944,0.797890665831918,0.3795327743828162,0.3553164283639565,8.923647755415374,8.28324833941909,-9.438687627666306,-9.306904332955051,-0.2802276786073001,0.0,0.0,0.0,0.0,0.0,0.0,0.0,0.0,0.0,0.0,0.0,0.0,0.0,0.0,0.0,0.0,4.27614387912088,0.8079020384615377,0.6821814548654926,0.40465,0.0,-15019.9776,-3754.9944
calculation073,True,6,3,3,0,0.5,0.5,0.0,8.5,1.73,1.26,56.815,6.5,0.1799999999999999,0.0079365079365079,0.6931471805599453,0.6309297535714574,0.0330018481034937,1,1,0,2,0.25,0.0,0.0,0.25,0.25,0.0,0.0,0.5,2.5,1.5,0.5,1.0,-22557.0743,-3759.512383333333,-6.887113,10,2.447568,2.447568,10.518498,90.0,90.0,90.0,63.0119996209943,10.501999936832384,1.0,4.29753044654939,4.29753044654939,-0.005141,-0.005141,-0.004063,-0.0,-0.0,-0.0,7.66107460491,0.001078,3.147409,4.263227,2.436235,0.5245681666666666,0.7105378333333333,FM,1.2270976666666666,0.8551583333333334,1.228113709515351,0.1939779999999999,0.1939779999999999,0.1155026853223191,0.0,0.0,0.0,1.1262591884958566,0.2471509867709061,0.199431,0.1378206313183915,15.131604666666666,0.0481060606045529,-0.1316046666666666,0.0481060606045526,17.868395333333336,0.0321758168540005,0.1316046666666666,0.0321758168540011,0.0,0.0,0.0,0.0,-0.2632093333333333,-0.1316046666666666,0.1316046666666666,system_78,22.204045010398456,-1.7620886384017254,9.462801581863424,752.2898887789279,22.24970142940668,-1.1566285911249232,9.236971591689802,682.030309902871,3.4636206796000018,2.538763618548425,0.1540816140907323,10.042395685194004,-9.120870454622622,7.544352788881009,-9.077630042941497,-0.6054600472768021,1.6305138739220495,2.7785009388722046,11.113805516172434,-559.3567059068837,1.6150986064795014,2.480099901410634,11.462344349900665,-504.55759185386233,0.0105040685106643,0.0069098982342656,0.2063958389862589,0.4498092342413469,-13.424049619209711,0.4889650786703663,-13.335026477864895,0.29840103746157,18.58862089723083,18.70141932598425,-4.57202602329629,-4.294853862619848,8.893252532387853,8.861978830339837,1112.9995487616225,1084.195999537437,1.727120790342484,1.4993315754722027,0.07060052002744,13.261591245524158,12.605282156482396,-9.252411055724007,-9.147689571878749,-0.2771721606764421,0.0,0.0,0.0,0.0,0.0,0.0,0.0,0.0,0.0,0.0,0.0,0.0,0.0,0.0,0.0,0.0,5.517648759240764,4.347683810439559,0.1185935639308221,3.06702,0.0,-22530.0743,-3755.012383333333
calculation074,True,4,1,2,1,0.25,0.5,0.25,7.5,1.795,1.295,60.51,7.75,0.1472243186433545,0.0516567110434735,1.039720770839918,0.946394630357186,0.0914459440748936,1,1,1,3,0.125,0.0625,0.125,0.0625,0.25,0.0625,-0.25,0.3333333333333333,1.5,0.5,-0.5,0.0,-14154.7022,-3538.67555,-6.532173,12,2.631095,5.076655,3.5031,90.0,90.0,90.0,46.7914727562079,11.697868189051976,1.9294837320583251,1.3314228486618689,1.3314228486618689,-0.003035,-0.003926,0.00093,-0.0,-0.0,0.0,3.220909093218,0.004856,-3.543841,4.251099,3.2824,-0.88596025,1.06277475,FM,3.2824,-3.2824,0.0,0.307535,-0.307535,0.144643,0.353629,0.353629,0.0,1.209770871877054,0.7278011120034279,0.529076,0.3155301412266346,14.815789,0.0,0.184211,0.0,17.8275675,0.1116154999999992,0.1724325,0.1116155,13.529076,0.0,-0.529076,0.0,0.0117784999999999,0.713287,0.7015085,system_79,7.465720993848242,0.1490361075913838,8.920278040040456,608.6403972188822,7.4819093336400595,-1.7976239543425865,9.942032013204722,875.7923912464765,1.1974493554919945,0.2614388091215057,0.6415917059814272,1.3577630287141589,-8.543750203529966,4.4382965789051845,-8.872863778320546,1.94666006193397,0.2296626518729183,18.4783439302887,0.0,10692.609326268885,0.322979440495351,14.100684469931709,0.0,4888.90097492191,-0.0102879459577273,-0.0049539921915529,0.0,-0.0621574021203981,0.0,-0.0569082986506129,0.0,4.377659460356989,12.620310554718692,12.52287285703358,-3.5644104989788983,-3.907729134952275,8.85496075009482,8.936548858882343,1045.3715651760594,1097.3013785845935,1.5143267915629333,0.4791786006150584,0.5192602914491895,8.38648849576269,9.04316171939232,-8.51570373181709,-8.652706245451748,0.3433186359733766,3.23949925675553,2.0168524057069668,8.598424587178734,258.1701094033773,3.090398753664678,3.1266913917882624,7.900136119894053,336.3688312556303,0.144593997482224,0.0605167617359347,0.4099113867394131,0.7209286972454001,-9.178775243290795,0.4620365676775232,-7.719228994204998,-1.1098389860812956,3.161118857142859,0.9582885384615408,0.5347444685931868,0.7114,0.0,-14137.1122,-3534.27805
calculation075,True,8,4,3,1,0.5,0.375,0.125,7.625,1.7175,1.28,58.19375,6.75,0.1702755120385782,0.0390625,0.9743147528693494,0.8868595071429147,0.0805864321209094,1,1,1,3,0.1875,0.0625,0.046875,0.25,0.140625,0.015625,0.0,0.5714285714285714,1.625,0.625,-0.375,0.125,-27591.2274,-3448.903425,-6.85578,11,2.545208,9.992809,3.532725,90.0,90.0,90.0,89.85054129817043,11.231317662271303,3.926126666268533,1.387990686812237,1.387990686812237,0.000687,-0.00079,0.002774,-0.0,0.0,-0.0,-1.426471263138,0.003564,5.262838,10.002524,2.933073,0.65785475,1.2503155,FM,2.2488645,1.148235,1.9855800253091036,0.2794939999999999,0.2794939999999999,0.118248989461503,0.168584,-0.168584,0.0,0.8408487918504454,0.0685410539232544,0.249763,0.1532104119609695,14.97600925,0.1742436440754363,0.0239907499999999,0.1742436440754368,17.96211166666667,0.0725519412298677,0.0378883333333333,0.072551941229868,13.209628,0.0,-0.209628,0.0,-0.0138975833333333,0.23361875,0.2475163333333333,system_80,29.6829113548592,-1.6549146151535854,9.560070350156897,786.497336245615,29.71632551679776,-0.8953583960701298,9.230730038936471,688.7964335438808,4.092675892146301,1.919531878065962,0.3614552419241517,13.924199459346434,-9.01236262099715,9.505326505898156,-8.933081801266617,-0.7595562190834556,1.5740365490219526,8.872722909242999,6.905307629749033,79.40533650149068,1.527025723758933,8.321266646073754,8.36396080866924,-306.8443190701677,-0.0022484390875896,0.0046595139084317,-2.8650927529527026,0.0976172927922404,-8.177813725008987,0.1765673408103818,-10.374028654061242,0.5514562631692446,18.408929318545237,18.606181468302324,-4.60975142216381,-4.205497102239115,8.722294909652229,8.68659410204965,1085.5228269738875,1042.5101361741422,1.8828329161813544,1.2647050496320185,0.1963845625574852,13.408323985872585,12.459063130576306,-9.076269829037113,-8.94795867948481,-0.4042543199246946,3.024804393529985,2.7854388284103635,8.513141677154001,303.95651185920866,3.0989020599711194,2.265047421306772,8.910252229471476,272.55005646674897,0.0824121071563758,0.047756659617833,0.2662347381584726,0.5581453490129625,-8.619231819579985,0.6776942581802997,-9.307321830770142,0.5203914071035913,6.296388638861144,3.4608105019979987,0.2906139452446869,2.10852,0.0,-27557.7774,-3444.722175
calculation076,True,10,3,5,2,0.3,0.5,0.2,7.7,1.782,1.288,59.771,7.5,0.1565119803721107,0.0478351608718923,1.0296530140645737,0.9372305632161296,0.0875477496713969,1,1,1,3,0.15,0.06,0.1,0.09,0.25,0.04,-0.2,0.3749999999999999,1.7000000000000002,0.7000000000000002,-0.2999999999999998,0.2000000000000001,-35828.2132,-3582.82132,-6.543974,12,2.613588,12.685821,3.507075,90.0,90.0,90.0,116.27885860508344,11.627885860508345,4.853795242402399,1.3418622215896308,1.3418622215896308,0.000558,-0.000549,0.000382,0.0,-0.0,0.0,-0.208817021298,0.001107,-4.359326000000001,11.429416,3.305909,-0.4359326000000001,1.1429416,FiM,3.240013,-1.150597,3.02977372942084,0.2756113999999999,-0.239833,0.1692298394338303,0.16566,0.145815,0.16566,1.2052295615515602,0.0429253779957943,0.674894,0.3688732261875345,14.860022666666667,0.2471966103790444,0.1399773333333333,0.247196610379044,17.828229800000003,0.1737160167012816,0.1717701999999999,0.1737160167012817,13.6393915,0.0355024999999997,-0.6393915,0.0355024999999999,-0.0317928666666666,0.7793688333333333,0.8111617,system_81,22.389362970875062,-0.545936505651556,9.21564627023217,658.9109824157916,22.419549847997587,-1.2374867750286664,9.583280827674873,758.2900057113725,1.3799412286298731,1.2097022075356716,0.0657384019424205,7.086755315144523,-8.73679883047398,10.36685584937295,-8.798379335945357,0.6915502693771104,1.0071727596688853,11.900958565525446,0.0,1386.2184715210656,1.0693139226795214,11.648464897963436,0.0,1473.5861797231762,-0.0053521676123436,-0.0106305510418305,0.0,-0.0279415527287184,0.0,-0.0517292130721485,0.0,0.2524936675620104,31.416650378193395,31.278506396009547,-3.651284044063439,-3.8935777248185945,8.788071360742132,8.86507167610977,1035.7398044509862,1076.8390721838668,4.283439528246436,1.4317322389203844,0.4989714054980587,21.114592146235054,22.3899296675624,-8.503388382570732,-8.610984987330044,0.2422936807551559,6.705014413364256,1.881702311144563,8.839149664889202,254.9818229081496,6.53219404575708,2.344735419666504,8.496206868590733,285.50745525153,0.1798439262177666,0.1695192657318787,0.0295527998478328,1.5514341159764686,-9.4582200397916,1.3410702561166232,-8.813143992930605,-0.4630331085219403,6.211093818181825,3.161638671328678,0.3253539082936535,2.61206,0.0,-35784.0332,-3578.40332
calculation077,True,6,6,0,0,1.0,0.0,0.0,7.0,1.55,1.27,54.94,5.0,0.0,0.0,0.0,0.0,0.0,1,0,0,1,0.0,0.0,0.0,1.0,0.0,0.0,0.5,1.0,1.0,0.0,-1.0,0.5,-17753.685,-2958.9475,-7.759892,3,2.44645,2.44645,10.417005,90.0,90.0,90.0,62.3469999908305,10.391166665138416,1.0,4.258008542990864,4.258008542990864,0.002266,0.002266,-0.002234,0.0,0.0,-0.0,-1.2272673016439997,0.0045,0.002405,0.002405,0.00045,0.0004008333333333,0.0004008333333333,NM,0.0004008333333333,0.0004008333333333,2.763703232178801e-05,0.0,0.0,0.0,0.0,0.0,0.0,0.0,0.0,0.00028,0.000202094862214,15.0,0.000202094862214,-1.3552527156068804e-20,0.000202094862214,0.0,0.0,0.0,0.0,0.0,0.0,0.0,0.0,-1.3552527156068804e-20,-1.3552527156068804e-20,0.0,system_82,43.04179129344781,-2.361621551865485,9.555603007953977,810.348596035826,43.042036578699054,-2.361159427986644,9.555443025254046,810.2879601326978,3.213945178225325,3.213789803474725,2.4172550835114844e-05,17.47734780810455,-9.952852729733502,17.474737726286122,-9.95272062071709,-0.0004621238788407,2.358680550845163,5.484657659346628,10.44557126976338,-926.7747877985032,2.3585951958499445,5.485358819542832,10.44532160702312,-926.78970231313,-0.0006115475901598,-0.0006265784777722,0.0,0.4061867220277845,-14.26070996009239,0.406140088808238,-14.260307537363987,-0.0007011601962041,0.0,0.0,0.0,0.0,0.0,0.0,0.0,0.0,0.0,0.0,0.0,0.0,0.0,0.0,0.0,0.0,0.0,0.0,0.0,0.0,0.0,0.0,0.0,0.0,0.0,0.0,0.0,0.0,0.0,0.0,0.0,0.0,3.3137567272727275,3.313220733766234,8.088053862335921e-05,1.92588,0.0,-17733.105,-2955.5175
calculation078,True,6,2,2,2,0.3333333333333333,0.3333333333333333,0.3333333333333333,6.666666666666666,1.7566666666666664,1.31,61.11666666666666,7.666666666666666,0.1517307556898805,0.0543362760917623,1.0986122886681096,0.9999999999999998,0.1026422290805847,1,1,1,3,0.1111111111111111,0.1111111111111111,0.1111111111111111,0.1111111111111111,0.1111111111111111,0.1111111111111111,-0.1666666666666666,0.5,0.6666666666666661,-0.3333333333333339,-1.333333333333334,0.8333333333333339,-19188.3878,-3198.0646333333334,-6.514378,14,2.70315,7.894294,3.493685,90.0,90.0,90.0,74.55335419623319,12.42555903270553,2.920405452897546,1.2924495495995414,1.2924495495995414,0.001786,-0.001039,0.000704,0.0,0.0,0.0,-0.7749194319780001,0.002825,0.853739,6.6720690000000005,3.391224,0.1422898333333333,1.1120115000000002,FiM,3.123584,0.2676399999999999,3.123584,0.1504465,0.1351015,0.1504465,0.062004,0.024128,0.062004,1.2890265284857665,0.2268830137574596,0.386286,0.2357912421637811,15.1087345,0.2421695000000001,-0.1087345,0.2421694999999999,17.760013,0.146298999999999,0.239987,0.146299,13.131253,0.009938,-0.131253,0.009938,-0.3487215,0.0225185,0.37124,system_83,14.695218036485436,-1.1270991370081134,9.399658450619034,745.0336758864929,14.683030590644936,-0.9365961255134702,9.286161981942168,714.1050501025043,1.1368760416068109,0.9258104321335338,0.1023255895456297,6.040054724169248,-8.72627916828539,5.460934721885771,-8.727695354148093,-0.1905030114946432,0.8415791080517752,4.34992240025637,12.025587272115688,-1074.3548418493046,0.886279850739028,2.9054294609019533,12.451167315043964,-735.6636262741042,-0.0045150658531572,0.003944593672718,0.0,0.1894790230364256,-15.42823998116834,0.2526027117945543,-14.613681354413028,1.4444929393544164,12.462959948152577,12.523989307705923,-3.837583269037319,-3.687169059058711,8.968552426068213,8.910384567412184,1120.7593048650688,1087.9011189528203,0.5229039290988768,0.6753806412420529,-0.1272458278418741,8.81635206523748,8.540047614979946,-8.62639200489729,-8.570328307860967,-0.1504142099786078,5.901560527914927,2.6123049500120024,7.662385452684339,416.99657187476765,5.91324564381625,2.5484890137131804,7.745903035066092,396.641531054598,0.1467218031851062,0.2226456012959253,-0.205550888328908,1.020866068533043,-7.136803073726218,1.015319728497171,-7.441691144977411,0.0638159362988219,2.042328559440561,2.149049342657344,-0.0254619806921648,1.84139,0.0,-19164.3478,-3194.0579666666667
calculation079,True,10,0,10,0,0.0,1.0,0.0,10.0,1.91,1.25,58.69,8.0,0.0,0.0,0.0,0.0,0.0,0,1,0,1,0.0,0.0,0.0,0.0,1.0,0.0,-0.5,0.0,4.0,3.0,2.0,2.5,-45601.2651,-4560.12651,-6.262617,3,2.450243,2.450243,17.302181,90.0,90.0,90.0,103.8769441810932,10.38769441810932,1.0,7.061414316865715,7.061414316865715,-0.000636,-0.000636,0.005203,0.0,0.0,-0.0,-2.099385449418,0.005839,5.725867,5.725867,0.572711,0.5725867,0.5725867,FM,0.0,0.0,0.0,0.5725867,0.5725867,0.0001401699325818,0.0,0.0,0.0,0.0002448012372306,0.0,0.000855,0.0005713278305841,0.0,0.0,0.0,0.0,17.9999999,0.0005713278305845,1.0000000000001328e-07,0.0005713278305841,0.0,0.0,0.0,0.0,-1.0000000000001328e-07,0.0,1.0000000000001328e-07,system_84,0.0,0.0,0.0,0.0,0.0,0.0,0.0,0.0,0.0,0.0,0.0,0.0,0.0,0.0,0.0,0.0,0.0,0.0,0.0,0.0,0.0,0.0,0.0,0.0,0.0,0.0,0.0,0.0,0.0,0.0,0.0,0.0,63.82870137256808,64.11952688304719,-3.8258745910275582,-3.2654522411552027,8.852691129941432,8.662001777218013,1028.2484650052386,945.274449601775,0.5081603031918772,9.491492022566142,-0.8983644057538058,46.551806207503056,40.42896892545492,-8.589108964650677,-8.255218173146293,-0.5604223498723555,0.0,0.0,0.0,0.0,0.0,0.0,0.0,0.0,0.0,0.0,0.0,0.0,0.0,0.0,0.0,0.0,0.8300343279220773,9.600657045454543,-0.8408476872318046,0.10354,0.0,-45545.5651,-4554.55651
calculation080,True,6,5,1,0,0.8333333333333334,0.1666666666666666,0.0,7.5,1.61,1.2666666666666666,55.565,5.5,0.1341640786499873,0.0058843894144731,0.4505612088663046,0.410118486306518,0.0251514889937436,1,1,0,2,0.1388888888888889,0.0,0.0,0.6944444444444445,0.0277777777777777,0.0,0.3333333333333333,0.8333333333333334,1.5,0.5,-0.5,0.0,-19354.826,-3225.804333333333,-7.424342,9,2.442957,2.442957,10.514333,90.0,90.0,90.0,62.74994839202336,10.458324732003891,1.0,4.303936991113639,4.303936991113639,0.003787,0.003787,-0.001434,-0.0,-0.0,-0.0,-3.27912151092,0.005221,0.969465,4.137389000000001,0.890822,0.1615775,0.6895648333333334,FiM,0.8118345999999999,0.1782498,0.7931094071159162,0.078216,0.078216,0.0,0.0,0.0,0.0,0.4002705570099008,0.1939746660589079,0.175977,0.1000706563500676,15.0351954,0.0677101648782516,-0.0351954,0.0677101648782514,17.824023,0.0,0.175977,0.0,0.0,0.0,0.0,0.0,-0.2111723999999999,-0.0351954,0.175977,system_85,36.16519555442417,-2.0885900000345448,9.500427435130046,785.8058127033859,36.172722663093936,-1.967141815950624,9.439554978116028,768.1218436684229,3.768663736542407,2.810582877333468,0.1456216669532209,15.21706704325586,-9.587149089513272,14.218231181701452,-9.589476177771084,-0.121448184083921,2.178258521810837,4.442848929397068,10.83211987226668,-838.2410337191851,2.1701391488860318,4.324690796784485,10.97918668104984,-852.0769739204486,-0.0101529959136863,-0.0053179170108891,0.0,0.4547176078766238,-14.067447335087191,0.4746473338537605,-14.06879709320111,0.1181581326125833,6.153570176046927,6.176813857052284,-5.190620389229541,-5.065517471439619,9.04012026906965,9.009897223981412,1189.0525696847712,1167.2328048612874,0.3780301965064433,0.1825330761071928,0.3487512114158704,4.36342888885368,4.255528368425805,-9.9344598863776,-9.90853688229278,-0.1251029177899223,0.0,0.0,0.0,0.0,0.0,0.0,0.0,0.0,0.0,0.0,0.0,0.0,0.0,0.0,0.0,0.0,4.417171886113886,3.237315612387613,0.1541391600622838,2.77062,0.0,-19332.106,-3222.017666666666
calculation081,True,8,7,0,1,0.875,0.0,0.125,6.5,1.5825,1.2875,56.7875,5.625,0.0859869176095992,0.0359616683057322,0.3767701612564367,0.3429509801981277,0.0860757305250598,1,0,1,2,0.0,0.109375,0.0,0.765625,0.0,0.015625,0.375,1.0,0.5,-0.5,-1.5,1.0,-22787.7888,-2848.4736,-7.256314,21,2.583942,2.583942,13.639169,90.0,90.0,90.0,91.06540699327344,11.383175874159178,1.0,5.278434655267031,5.278434655267031,0.001542,0.001542,0.000553,0.0,0.0,-0.0,-1.942372139286,0.0009889999999999,1.7041790000000003,14.297179,2.069637,0.213022375,1.787147375,FiM,2.007938285714286,0.27797,1.9893950675506504,0.0,0.0,0.0,0.241611,-0.241611,0.0,0.3281809422091546,0.213004296260355,0.110402,0.0775915243776664,15.00532085714286,0.0815721521816793,-0.0053208571428571,0.0815721521816791,0.0,0.0,0.0,0.0,12.962754,0.0,0.037246,0.0,-0.0053208571428571,-0.0425668571428571,-0.037246,system_86,50.37663687390086,-2.02699058913396,9.453088366574242,799.955385245323,50.33474535253262,-1.8876369364990244,9.349812802104305,770.0670372668378,5.505452019339168,3.3133094637134306,0.2485771454232517,21.113024866770186,-9.501710733538344,19.480990956126966,-9.473752362775892,-0.1393536526349355,2.8763778428408884,6.958796288290858,9.464065909456668,-730.7961807512289,2.7359581507931297,7.62262413768495,9.040730832395436,-675.0344949178187,0.0134467628442986,-0.0012965728971205,1.213424300814609,0.3297192503523271,-13.79923602341768,0.2773524847033553,-13.31881660735362,-0.6638278493940915,0.0,0.0,0.0,0.0,0.0,0.0,0.0,0.0,0.0,0.0,0.0,0.0,0.0,0.0,0.0,0.0,2.825643131878284,2.569206112206542,7.89625518920111,452.5245216975629,2.9434210618554486,1.5607621249579582,8.400087489486713,391.21372257242274,0.0673580989092434,0.0494688775300261,0.1531257756081422,0.4942908791031454,-7.680104365188915,0.6924272160535572,-8.932605127978444,1.008443987248584,6.049628637362639,3.803905571428572,0.2279104145120294,1.40748,0.0,-22760.7588,-2845.09485
calculation082,True,6,6,0,0,1.0,0.0,0.0,7.0,1.55,1.27,54.94,5.0,0.0,0.0,0.0,0.0,0.0,1,0,0,1,0.0,0.0,0.0,1.0,0.0,0.0,0.5,1.0,1.0,0.0,-1.0,0.5,-17753.7405,-2958.95675,-7.729006,6,2.449414,7.347134,3.483599,90.0,90.0,90.0,62.69144984676971,10.448574974461618,2.9995476469065663,1.4222173140187817,1.4222173140187817,0.00181,0.002534,-0.002395,0.0,0.0,0.0,-1.0408807532219997,0.0049289999999999,-0.0140989999999999,4.476861,0.750385,-0.0023498333333333,0.7461435,AFM,0.7461435,-0.0023498333333333,0.7461455018282105,0.0,0.0,0.0,0.0,0.0,0.0,0.0039094664155476,0.0062788357055063,0.002121,0.0014400800903653,15.0,0.0014400800903655,3.614007241618348e-20,0.0014400800903653,0.0,0.0,0.0,0.0,0.0,0.0,0.0,0.0,3.614007241618348e-20,3.614007241618348e-20,0.0,system_87,43.30115143285711,-2.189564096888544,9.636231157802612,822.0820522734101,43.301019792168056,-2.1913920941500606,9.637214497894604,822.381071793588,3.5163051534799115,3.5142712819425523,0.000289289442486,17.517216750836017,-9.896138850778412,17.52827354949884,-9.897000114177551,0.0018279972615165,2.3094475225888007,5.066394207407967,10.391996057575026,-868.0421982911226,2.3103405305888773,5.066676778371979,10.394329072376117,-868.1126183848829,0.0041883889758017,0.0038918807075656,0.0366953430832183,0.413918686495878,-14.15813366899641,0.4141393752679415,-14.159724375846714,-0.0002825709640115,0.0,0.0,0.0,0.0,0.0,0.0,0.0,0.0,0.0,0.0,0.0,0.0,0.0,0.0,0.0,0.0,0.0,0.0,0.0,0.0,0.0,0.0,0.0,0.0,0.0,0.0,0.0,0.0,0.0,0.0,0.0,0.0,3.736586263736264,3.736584351648352,2.558603316332026e-07,2.55714,0.0,-17733.160499999998,-2955.5267499999995
calculation083,True,8,1,3,4,0.125,0.375,0.5,6.125,1.815,1.3325,63.73625,8.625,0.1103403824535695,0.0583426334163834,0.9743147528693494,0.8868595071429147,0.0955957691320525,1,1,1,3,0.046875,0.0625,0.1875,0.015625,0.140625,0.25,-0.375,0.25,0.125,-0.875,-1.875,1.375,-24940.7639,-3117.5954875,-6.278945,29,10.947948,2.959881,3.140443,90.0,90.0,90.0,101.7648723290608,12.7206090411326,0.270359431740085,0.2868522028054938,3.4861158123232934,-0.001688,0.000679,0.00101,-0.0,0.0,-0.0,-0.000534058878,0.002698,3.5853180000000004,4.434970000000001,3.619831,0.44816475,0.5543712500000001,FM,3.619831,3.619831,0.0,0.1301043333333333,0.1301043333333333,0.1693693210006529,0.1062065,-0.1062065,0.0746260758900667,2.1006078617518247,0.9204037078710068,0.661805,0.3890274113447655,14.468947,0.0,0.531053,0.0,17.71137966666667,0.0094424997514192,0.2886203333333333,0.0094424997514193,13.34922875,0.2183494179410315,-0.34922875,0.218349417941032,0.2424326666666666,0.88028175,0.6378490833333333,system_88,7.353977027443999,-1.6244889579999242,10.285174074948022,1014.5631085525076,7.286165960073719,0.3950127344410426,9.09421654186588,696.0388123658463,0.1368535922047456,0.9880197368961292,-0.7566773277234078,4.527831422700106,-8.749612864121858,1.2152177143549714,-8.225097174254227,-2.019501692440967,0.0722376730896156,66.50227672645316,0.0,592106.0353082699,-0.1139720266582505,0.0,0.0,0.0,-0.0027967042703047,-0.003429706802997,0.0,-0.1848624828922974,0.0,-0.2296031512565075,0.0,66.50227672645316,19.83769714492125,19.88649064441332,-2.550194261248042,-2.4357401052998915,9.978986345468844,9.916066868591388,1236.1745400962836,1207.2415898403815,0.5406764394020985,1.1331266824481028,-0.353954557326382,13.445169000031592,13.078062028824544,-8.50721316563994,-8.443774969901018,-0.1144541559481506,12.365217659547548,2.1530143886982662,7.907072992501166,382.7261398907259,12.575352627990966,1.7623182578430132,8.104162376690654,348.05230521566705,0.317961923804321,0.3711062639678572,-0.0771249364092062,2.4413647223143142,-7.912679126522744,2.7855273102390514,-8.386254009935453,0.390696130855253,1.3826632142857178,2.8966982629870164,-0.3537992891561484,0.33228,0.0,-24908.5439,-3113.5679875
calculation084,True,8,5,0,3,0.625,0.0,0.375,5.5,1.6475,1.3224999999999998,60.4825,6.875,0.125871958751741,0.0512493070386614,0.6615632381579821,0.6021808102656678,0.1183042488673286,1,0,1,2,0.0,0.234375,0.0,0.390625,0.0,0.140625,0.125,1.0,-0.5,-1.5,-2.5,2.0,-21019.9369,-2627.4921125,-7.141985,15,5.16876266901867,5.16876266901867,3.748712,90.0,90.0,83.29950690997636,99.46692609377438,12.433365761721795,1.0,0.725262938163056,1.378810287111592,0.000983,0.000983,-0.003935,-0.0,-0.0,-6.5e-05,1.051561930782,0.004918,10.708661,13.482315,2.681425,1.338582625,1.685289375,FM,2.4190976,2.4190976,0.4195915787861333,0.0,0.0,0.0,0.4622756666666666,-0.4622756666666666,0.1031150249586461,0.596766268918673,0.8089057396168445,0.737543,0.3550162488135006,14.7640418,0.1327773805185205,0.2359582,0.1327773805185205,0.0,0.0,0.0,0.0,13.393264,0.2434420188751319,-0.393264,0.2434420188751317,0.2359582,0.6292222000000001,0.393264,system_89,36.05452543449247,-2.2192345577995067,9.778334160933792,931.1178598676528,35.876609566442404,-0.9516981367278852,8.862406132007173,682.3125026979717,3.177385972189205,1.8473043201327668,0.2647091809994504,20.24022558545534,-9.073977243824125,9.36034886723222,-8.676510627917311,-1.2675364210716216,0.6038089739576372,34.70110048446918,0.0,78333.52864413669,-0.1678766495223389,0.0,0.0,0.0,-0.0196364743638002,-0.0016745480812735,0.0,-0.5525154172728083,0.0,-1.0190392277182456,0.0,34.70110048446918,0.0,0.0,0.0,0.0,0.0,0.0,0.0,0.0,0.0,0.0,0.0,0.0,0.0,0.0,0.0,0.0,8.070567379833017,2.905314701575655,7.35273685874635,633.7836584133668,8.911304716919432,0.7637025307982966,8.500339062423457,429.848008033036,0.1617067585115171,0.1354487330848074,0.0883645975568248,1.170704796258113,-5.5434979067867705,2.422701291461486,-9.012362519393784,2.1416121707773583,3.721134498002,2.1354443044455547,0.2707536681473081,2.10178,0.0,-20993.7269,-2624.2158625
calculation085,True,8,2,5,1,0.25,0.625,0.125,8.375,1.8075,1.275,59.13125,7.5,0.1521307003862139,0.0405650213050533,0.9002560512685369,0.8194483718728035,0.0727953254948233,1,1,1,3,0.15625,0.03125,0.078125,0.0625,0.390625,0.015625,-0.25,0.2857142857142857,2.375,1.375,0.375,0.875,-30793.9261,-3849.2407625,-6.422168,14,2.603789,2.60379,13.37772,90.0,90.0,90.0,90.69719263189428,11.337149078986783,1.0000003840556972,5.137789582796455,5.137789582796455,0.000187,0.000187,0.000277,0.0,0.0,0.0,-0.347672329578,9.000000000000002e-05,-0.0004000000000001,8.184658,3.41573,-5.000000000002225e-05,1.02308225,AFM,3.4155385000000003,0.0001914999999999,3.4155385000000003,0.2707152,-0.0001556,0.3641300804463152,5e-06,-5e-06,0.0,1.3658449520141136,2.468152885685242e-05,0.262837,0.1598794381369912,15.1633355,0.0001334999999995,-0.1633355,0.0001334999999999,17.8820984,0.0500944032107384,0.1179015999999999,0.050094403210738,13.262837,0.0,-0.262837,0.0,-0.2812371,0.0995014999999999,0.3807386,system_91,14.889841126928411,-0.990808791192646,9.12113178067716,670.035280214234,14.889796569942154,-0.9906705598350112,9.1210107695445,669.9961811863872,0.9892347454143844,0.9898400364011976,-0.0003058454346317,5.763794015915683,-8.669859994596878,5.763370488305765,-8.669791876488128,-0.000138231357635,1.3607365451944815,2.225127005580802,11.468129211397969,-335.5114657827568,1.3606913879949076,2.225182100729139,11.468325444114733,-335.5410925025773,0.004606717447952,0.0046254698231768,-0.0020311952816877,0.4471260470643239,-12.720698211775012,0.4471196720684623,-12.7207771324341,-5.509514833690332e-05,31.722897819733525,31.722993042632066,-3.462357211958973,-3.4624974746186723,9.074498015446284,9.07462302020384,1107.896205669999,1107.932762904724,1.3517807885216775,1.3521783882815177,-0.0001470435512676,21.77470847195628,21.775235150305388,-8.488383300269357,-8.488557895998118,0.0001402626596993,3.0137841713326288,3.686723544235989,7.174413632583589,440.4958220580485,3.0137787330592736,3.686735641409575,7.174437557801061,440.5059140860832,0.0795287758263738,0.0795181027448553,6.710651359126907e-05,0.4271839252368998,-6.042378744231988,0.4271866215336777,-6.042333984210053,-1.2097173586411714e-05,2.656362443056945,2.6572112647352664,-0.0001597459120736,2.43191,0.0,-30756.1961,-3844.5245125
calculation086,True,6,5,1,0,0.8333333333333334,0.1666666666666666,0.0,7.5,1.61,1.2666666666666666,55.565,5.5,0.1341640786499873,0.0058843894144731,0.4505612088663046,0.410118486306518,0.0251514889937436,1,1,0,2,0.1388888888888889,0.0,0.0,0.6944444444444445,0.0277777777777777,0.0,0.3333333333333333,0.8333333333333334,1.5,0.5,-0.5,0.0,-19354.9086,-3225.8181,-7.413085,9,2.449092,7.378242,3.481739,90.0,90.0,90.0,62.91500094641916,10.48583349106986,3.0126438696463835,1.4216448381685949,1.4216448381685949,0.002475,0.001469,-0.001494,-0.0,0.0,0.0,-1.3084442511000005,0.003969,-0.7808529999999998,5.077891,1.112119,-0.1301421666666666,0.8463151666666667,FiM,1.0071588,-0.1477511999999999,1.0034820979683494,0.042097,-0.042097,0.0,0.0,0.0,0.0,0.4442929912014904,0.3182811043327986,0.090187,0.0638976911643831,15.0180376,0.0542899983039233,-0.0180375999999999,0.0542899983039233,17.909813,0.0,0.090187,0.0,0.0,0.0,0.0,0.0,-0.1082246,-0.0180375999999999,0.090187,system_92,36.35125884254022,-1.8973283917093875,9.49340940976308,776.7495722843408,36.3428126618554,-2.0020151626560496,9.54385710357025,791.3088376326679,1.393688425404596,3.2933127650589418,-0.4052963211358765,14.291820712832385,-9.59080866390136,15.059955001593355,-9.59837429836784,0.1046867709466621,2.081036852601287,4.390339311097875,10.819425150681624,-848.667044270481,2.0842452533572,4.641027991690742,10.638328809407543,-841.7619236784067,0.001675782051948,-0.0096374323528471,0.0,0.4362950937666048,-14.157521152226217,0.4081829096175299,-14.162205021922864,-0.2506886805928676,6.1587546887427855,6.13608170599308,-5.039910448908782,-5.11858248228451,9.091103370036636,9.107942174152468,1206.2263907732197,1222.304255719756,0.1627822598045953,0.4189616587992008,-0.4403645501089967,4.270546673026945,4.323553892684,-9.898353455740228,-9.904651397776377,0.078672033375728,0.0,0.0,0.0,0.0,0.0,0.0,0.0,0.0,0.0,0.0,0.0,0.0,0.0,0.0,0.0,0.0,1.750946374875126,4.091638190559443,-0.4006260909824276,1.70679,0.0,-19332.1886,-3222.031433333333
calculation087,True,10,6,2,2,0.6,0.2,0.2,6.800000000000001,1.674,1.294,58.646,6.6,0.1551257554373225,0.0452202127923579,0.9502705392332348,0.8649735207179272,0.0976078788267914,1,1,1,3,0.12,0.12,0.04,0.36,0.04,0.04,0.0999999999999999,0.7499999999999999,0.8000000000000007,-0.1999999999999993,-1.1999999999999993,0.6999999999999993,-31024.6043,-3102.46043,-6.923439,16,13.034322,2.587322,3.417465,90.0,90.0,90.0,115.25054887489276,11.525054887489276,0.1985006968525098,0.2621897019269587,3.814032330982175,0.000117,-0.000625,0.000313,-0.0,0.0,0.0,0.1041414812099999,0.000938,-0.0051969999999998,13.715761,2.407563,-0.0005196999999999,1.3715761,AFM,2.246090333333333,-0.0007989999999999,2.249020921385793,0.0008985,-0.0006225,0.0008985,0.118711,0.0004209999999999,0.118711,0.7840513275941906,0.0005761808134704,0.489243,0.2885590393636803,14.947971666666668,0.1403985895271824,0.0520283333333333,0.1403985895271823,17.6870015,0.1762444999999992,0.3129984999999999,0.1762445,13.469083,0.0025329999999996,-0.469083,0.0025329999999999,-0.2609701666666666,0.5211113333333334,0.7820815,system_93,43.607467249976864,-1.5325353111743898,9.38548770496156,755.771170810541,43.60739710256732,-1.533169209680865,9.385728056770049,755.833975965799,3.48349223635865,3.475615343092,0.0011318826698281,17.37856272429342,-9.124344820376786,17.382841106943385,-9.124742243790662,0.0006338985064748,2.2698874902344905,8.153062736069373,8.519868082030838,-632.4971481383625,2.270439468839627,8.14885901081142,8.523176496021016,-633.1114174643166,0.0057019914199015,0.0055355144339049,0.0148144070545821,0.1607046004942781,-15.07119798762721,0.1610636645544557,-15.066593938730923,0.0042037252579536,12.603488812055968,12.603369796880632,-4.093600772340354,-4.094505064633864,9.223454716273448,9.223567773411938,1169.7574585630512,1169.8488127321928,0.7319251354725888,0.7321166971853716,-0.0001308444256917,8.694899202475796,8.696147205820077,-9.179894968221994,-9.180372192702752,0.0009042922935105,6.084504809163651,1.962347334687603,8.483414131110122,327.0136332662929,6.08412843893213,1.963796268815801,8.482790200071344,326.96482412765056,0.1018329864672166,0.1015622112564903,0.0013312763219418,1.2798493793695642,-8.954363606600854,1.279197501928417,-8.95340941644882,-0.001448934128198,4.620831946303696,4.611704691308692,0.000988596672102,4.33169,0.0,-30986.8443,-3098.68443
calculation088,True,4,1,2,1,0.25,0.5,0.25,7.5,1.795,1.295,60.51,7.75,0.1472243186433545,0.0516567110434735,1.039720770839918,0.946394630357186,0.0914459440748936,1,1,1,3,0.125,0.0625,0.125,0.0625,0.25,0.0625,-0.25,0.3333333333333333,1.5,0.5,-0.5,0.0,-14154.9656,-3538.7414,-6.316732,14,5.3695,2.739686,3.229808,90.0,90.0,90.0,47.51287858286641,11.878219645716603,0.5102311202160349,0.6015100102430393,1.6624827234312385,0.002642,0.000228,0.004439,0.0,0.0,0.0,-3.903436339302,0.004211,-4.339028,4.907109999999999,3.682013,-1.084757,1.2267775,FM,3.682013,-3.682013,0.0,0.470528,-0.470528,0.0003659999999999,0.284041,0.284041,0.0,1.1571567871792514,0.8156802331957408,0.288894,0.2309952440899758,15.164669,0.0,-0.164669,0.0,17.773219,0.0004150000000002,0.226781,0.0004149999999999,13.288894,0.0,-0.288894,0.0,-0.39145,0.1242249999999999,0.515675,system_94,7.271062248337506,0.1640169932495729,8.640234143864062,617.269441679612,7.274532756341106,-2.165209496778638,9.771188867729371,926.6122148263272,0.1439062262696397,0.1614173865022564,-0.0573527873381318,1.0245172296923966,-8.734152772297087,4.589150214055367,-8.746440664573635,2.329226490028211,0.5663691800492492,-1.4231129894574313,12.939001508031708,187.88032472161555,0.6129712861744855,1.337887847416709,12.527637537661583,-677.5037326272726,0.0008728017721733,0.0002963811355116,0.493011515027233,0.2598679858086616,-14.608765378318877,0.1847025155690143,-16.062324573904075,-2.7610008368741403,13.000418326188036,12.857226657995517,-2.918238416455333,-3.433466042156682,9.360342542209946,9.479902019545191,1104.9764591156224,1180.1373112968813,0.6036647237603554,0.2856958662653439,0.3575252389875105,8.187620886991263,9.18172704140527,-8.533157670773859,-8.72637023074604,0.5152276257013493,3.0792667233448707,2.877383123354999,7.413765723180861,364.7713670779645,2.961534109750527,3.770990658123178,6.418600032457603,565.1227237390931,0.0971689326248186,0.0716513124515173,0.1511526070926085,0.5252270869010875,-6.991856495460724,0.3619050695652634,-3.8075072142138326,-0.8936075347681789,0.961540646353646,0.6619158806193808,0.1845597715467766,0.49764,0.0,-14137.3756,-3534.3439
calculation089,True,10,2,8,0,0.2,0.8,0.0,9.4,1.838,1.254,57.94,7.4,0.1439999999999999,0.0063795853269537,0.5004024235381879,0.4554859150035952,0.0258888505350362,1,1,0,2,0.16,0.0,0.0,0.04,0.6400000000000001,0.0,-0.3,0.2,3.4000000000000004,2.4000000000000004,1.4000000000000004,1.9000000000000004,-42398.9614,-4239.89614,-6.558009,5,2.444453,2.444453,17.322263,90.0,90.0,90.0,103.50659234481172,10.35065923448117,1.0,7.086355515937512,7.086355515937512,0.003068,0.003068,0.002344,-0.0,-0.0,-0.0,-4.52881928544,0.0007239999999999,3.826099,3.826099,0.629992,0.3826099,0.3826099,FM,0.094468,0.094468,0.059099,0.454645375,0.454645375,0.1906281538505904,0.0,0.0,0.0,0.5874925128991692,0.0,0.110824,0.0652179214403525,15.1104145,0.0004094999999999,-0.1104145,0.0004095,17.972396375000002,0.0388185407760824,0.027603625,0.0388185407760824,0.0,0.0,0.0,0.0,-0.138018125,-0.1104145,0.027603625,system_95,14.633037903446931,-1.3973037159499415,9.32777855935943,722.9838225732598,14.649155632416942,-1.315231236724454,9.297749355564822,712.6072907547186,0.310527971299101,1.8219357981102893,-0.7087613156634262,5.994016803738447,-8.85856669350683,5.769490077665514,-8.865944693143456,-0.0820724792254876,1.0239006669869155,2.894072804094308,10.659979189601971,-586.5513073705808,1.0162775372908883,2.871627387861001,10.663518733584953,-593.6606705837686,0.0008847711864135,0.001407930688911,-0.2281847056209243,0.2738531969622588,-12.994229051817962,0.2745743118501126,-12.992351924850556,0.0224454162333063,50.714938248400905,50.904697134692334,-4.118847162751918,-3.6687852909944825,8.835367077095231,8.69098582613803,1037.777582588668,971.9768218883112,0.244641336200999,9.105046849222775,-0.9476685572076304,36.6388933963453,32.60889871876905,-8.860619848811787,-8.609208833827202,-0.4500618717574358,0.0,0.0,0.0,0.0,0.0,0.0,0.0,0.0,0.0,0.0,0.0,0.0,0.0,0.0,0.0,0.0,0.5768058181818214,11.115606463286705,-0.9013367294452986,0.39415,0.0,-42347.5414,-4234.75414
calculation090,True,10,6,2,2,0.6,0.2,0.2,6.800000000000001,1.674,1.294,58.646,6.6,0.1551257554373225,0.0452202127923579,0.9502705392332348,0.8649735207179272,0.0976078788267914,1,1,1,3,0.12,0.12,0.04,0.36,0.04,0.04,0.0999999999999999,0.7499999999999999,0.8000000000000007,-0.1999999999999993,-1.1999999999999993,0.6999999999999993,-31023.3957,-3102.33957,-6.894723,19,2.577083,13.35555,3.415535,90.0,90.0,90.0,117.5571161621802,11.75571161621802,5.182429126264074,1.3253492417589965,1.3253492417589965,0.001631,-0.00062,-3.9e-05,-0.0,0.0,-0.0,-0.5191052294160001,0.002251,-2.320709,12.013357,2.657828,-0.2320709,1.2013357,FiM,1.9305166666666669,-0.4303153333333333,2.022882221068877,0.0422685,-0.0422685,0.0007344999999999,0.17286,0.17286,0.013808,0.8846641771332477,0.3238033088448176,0.2502,0.158830047437788,14.970318666666666,0.1484114789986122,0.0296813333333333,0.1484114789986123,17.881184,0.0040060000000003,0.118816,0.004006,13.2078605,0.0086485000000005,-0.2078605,0.0086485,-0.0891346666666666,0.2375418333333333,0.3266765,system_96,43.82973036952745,-1.2914986728308204,9.350556976272149,739.5625805054223,43.89145217570147,-1.5281103886982692,9.483406386450936,779.9365629456307,4.038447984798227,2.6099768391154847,0.2148585843288286,16.294650665174014,-9.005443786961267,18.771299013417785,-9.014572569448951,0.2366117158674487,2.379747097944547,6.814359230095265,10.17144182863191,-1013.8334573698268,2.477896718285411,6.834584316423388,9.895047432507548,-930.5358247401144,-0.0023492440662837,0.0011570526920829,0.0,0.3289911702923102,-14.804345021033022,0.3041922106800638,-14.940775319226503,-0.0202250863281232,12.310093101639564,12.294637413562938,-4.497402049994031,-4.518550269057948,8.885086436151454,8.910712711572833,1122.4427134468476,1133.776489738952,1.2504351608236262,0.93873297757997,0.1423838478989367,8.544864602267207,8.63834740412455,-9.234001773315228,-9.220465888779245,0.0211482190639165,5.800372784397668,1.660779257128382,7.937121948086912,413.67344675503625,5.7065572679733965,2.1651719981795856,7.733751432038798,447.7429800845285,0.1580327029849151,0.1252018714528971,0.1159139261058908,1.1857669192571412,-8.090706066269787,0.9486931897441896,-7.506349255844253,-0.5043927410512035,5.9153395891608405,4.027140919580417,0.1899122324575191,3.7375,0.0,-30985.635700000003,-3098.5635700000003
calculation091,True,8,0,5,3,0.0,0.625,0.375,7.375,1.8725,1.31,62.82625,8.75,0.0484122918275926,0.059129516735991,0.6615632381579821,0.6021808102656678,0.0849943421513057,0,1,1,2,0.0,0.0,0.234375,0.0,0.390625,0.140625,-0.5,0.0,1.375,0.375,-0.625,0.125,-29027.4968,-3628.4371,-6.515587,14,5.031729,5.184306,3.588972,90.0,90.0,90.0,93.62200558233091,11.702750697791366,1.0303229764560056,0.7132681430180361,1.4019972850164335,-0.000138,0.00061,-0.001016,0.0,-0.0,0.0,0.290528029632,0.0016259999999999,0.0,0.0,0.0,0.0,0.0,NM,0.0,0.0,0.0,0.0,0.0,0.0,0.0,0.0,0.0,0.0,0.0,0.447903,0.3061739999995917,0.0,0.0,0.0,0.0,17.8257538,0.1984335536570365,0.1742462,0.1984335536570365,13.290410333333332,0.2222892964349734,-0.2904103333333333,0.2222892964349735,-0.1742462,0.2904103333333333,0.4646565333333333,system_97,0.0,0.0,0.0,0.0,0.0,0.0,0.0,0.0,0.0,0.0,0.0,0.0,0.0,0.0,0.0,0.0,0.0,0.0,0.0,0.0,0.0,0.0,0.0,0.0,0.0,0.0,0.0,0.0,0.0,0.0,0.0,0.0,31.70300520712596,31.70300520752636,-3.4729647168396043,-3.47296471886277,9.085383653154114,9.085383653612336,1096.569472580237,1096.569472872289,1.789860171988207,1.789860171988207,0.0,21.91181133643748,21.91181134364468,-8.498666518604843,-8.498666520080187,2.0231656350233607e-09,9.050461717003596,3.102483395206317,7.709788847293038,448.20972266967874,9.050461717403996,3.102483400864216,7.70978884142789,448.2097233247415,0.1494691742650743,0.1494691742650743,0.0,1.450409076008749,-6.90371402744376,1.450409074006746,-6.903714013578301,-5.657899038169489e-09,2.238826048451548,2.238826048451548,0.0,1.59751,0.0,-28990.5868,-3623.82335
calculation092,True,4,2,0,2,0.5,0.0,0.5,5.0,1.6800000000000002,1.34,62.33,7.5,0.13,0.0522388059701492,0.6931471805599453,0.6309297535714574,0.1185624899727257,1,0,1,2,0.0,0.25,0.0,0.25,0.0,0.25,0.0,1.0,-1.0,-2.0,-3.0,2.5,-10067.813,-2516.95325,-6.580927,12,2.687245,2.687245,7.409377,90.0,90.0,90.0,53.50522810210036,13.37630702552509,1.0,2.757239105477915,2.757239105477915,-0.001496,-0.001495,0.001756,0.0,-0.0,0.0,0.6595627143299998,0.0032519999999999,3.0000000001972893e-06,2.993171,1.472987,7.500000000493223e-07,0.7482927500000001,AFM,1.4729825,4.500000000073889e-06,1.4729825,0.0,0.0,0.0,0.023603,-2.999999999999531e-06,0.023603,0.9684575321758636,2.0045610446952226e-06,0.250492,0.2502815448599836,14.7497185,2.4500000000315936e-05,0.2502815,2.449999999998287e-05,0.0,0.0,0.0,0.0,13.2502815,0.0002104999999996,-0.2502815,0.0002105,0.2502815,0.500563,0.2502815,system_98,14.486151813439282,-1.2875437036948492,9.539231895080546,817.8875714393105,14.486155620826764,-1.287538922670136,9.53923579850938,817.888104400989,1.0657042907775245,1.0656951336044975,4.29631955522299e-06,6.004430059340989,-8.81922057843562,6.004428788869772,-8.819221525617019,-4.781024713240711e-06,0.2850437329297814,39.3794123153985,0.0,117301.65865478713,0.2850393925891109,39.38051098989989,0.0,117312.0111894863,0.0104650955580419,0.0104694742909091,-0.000209162781883,-0.3377846172268491,0.0,-0.3377915349447581,0.0,-0.0010986745013852,0.0,0.0,0.0,0.0,0.0,0.0,0.0,0.0,0.0,0.0,0.0,0.0,0.0,0.0,0.0,0.0,5.514528461163488,0.6381644931010063,7.195593199579322,415.1070579852809,5.514546504601303,0.6381115606911082,7.195650169122842,415.1024158665796,0.2846747553354651,0.2846667079512493,1.4134547955325624e-05,1.1484589124562838,-7.820171135292937,1.1484784329767042,-7.820292330597516,5.293240989812098e-05,1.6744127377622389,1.674392737762239,5.9722788158594525e-06,1.2302,0.0,-10054.913,-2513.72825
calculation093,True,4,1,3,0,0.25,0.75,0.0,9.25,1.82,1.255,57.7525,7.25,0.1558845726811989,0.0069006008269675,0.5623351446188083,0.5118595071429147,0.0281164907509774,1,1,0,2,0.1875,0.0,0.0,0.0625,0.5625,0.0,-0.25,0.25,3.25,2.25,1.25,1.75,-16639.3115,-4159.827875,-6.618483,4,4.932576,2.472569,3.47919,90.0,90.0,90.0,42.43266921799785,10.608167304499462,0.5012733711553558,0.7053494968957397,1.417736887034051,-0.004292,-0.006172,0.004412,0.0,-0.0,-0.0,3.2321243296560005,0.010584,-3.10022,3.222568,2.643504,-0.775055,0.805642,FM,2.643504,-2.643504,0.0,0.1930213333333333,-0.1522386666666666,0.1509055438109842,0.0,0.0,0.0,1.3208813321649011,0.9419490262839748,0.176335,0.1360950769737832,15.088709,0.0,-0.088709,0.0,17.970430333333333,0.1455965861145872,0.0295696666666666,0.1455965861145865,0.0,0.0,0.0,0.0,-0.1182786666666666,-0.088709,0.0295696666666666,system_99,7.675334660193787,-0.2172959328885812,8.81048793210417,575.8977407337024,7.675022618229939,-1.8657779732021924,9.603780657670898,774.4832037703156,0.359643420242656,1.9454734120221775,-0.6879607877494889,1.6599134189873106,-8.805712146581538,4.2115218982205045,-8.934939190130828,1.6484820403136111,0.5735509598895118,2.691567420237288,11.183952864491282,-492.39986865002766,0.5977812855602678,4.318934140654962,10.316699327378558,-621.5252732618612,0.0076571669534465,0.0086997688783216,-0.0637406624075782,0.1752650187476677,-12.88381379370134,0.1300710493747756,-12.961030869097524,-1.6273667204176738,18.903475240852547,18.78085263613904,-3.764556500137207,-4.019808717975012,8.775367123214695,8.799487389358664,1024.7126400875752,1049.160138600848,1.449599791159141,3.160288754636664,-0.3710911763881281,12.691822762131954,13.311892897304933,-8.635093661554702,-8.708719549657566,0.2552522178378051,0.0,0.0,0.0,0.0,0.0,0.0,0.0,0.0,0.0,0.0,0.0,0.0,0.0,0.0,0.0,0.0,1.9748878281718267,5.368880163086913,-0.462159526139026,0.86813,0.0,-16619.1715,-4154.792875
calculation094,True,4,0,1,3,0.0,0.25,0.75,4.75,1.835,1.37,66.9625,9.5,0.0433012701892218,0.0505708264983613,0.5623351446188083,0.5118595071429147,0.0713254448664727,0,1,1,2,0.0,0.0,0.1875,0.0,0.0625,0.5625,-0.5,0.0,-1.25,-2.25,-3.25,2.75,-10785.5211,-2696.380275,-6.152214,15,2.828443,2.828442,7.54297,90.0,90.0,90.0,60.34441605589538,15.086104013973843,0.9999996464485936,2.6668276504069555,2.6668276504069555,0.001392,0.001392,-0.001164,0.0,0.0,-0.0,-0.86517538236,0.002556,0.0,0.0,0.0,0.0,0.0,NM,0.0,0.0,0.0,0.0,0.0,0.0,0.0,0.0,0.0,0.0,0.0,0.46172,0.2765350788100851,0.0,0.0,0.0,0.0,17.53828,0.0,0.46172,0.0,13.153906666666666,0.0849302747683196,-0.1539066666666666,0.0849302747683193,-0.46172,0.1539066666666666,0.6156266666666667,system_100,0.0,0.0,0.0,0.0,0.0,0.0,0.0,0.0,0.0,0.0,0.0,0.0,0.0,0.0,0.0,0.0,0.0,0.0,0.0,0.0,0.0,0.0,0.0,0.0,0.0,0.0,0.0,0.0,0.0,0.0,0.0,0.0,6.408616900252063,6.408616900252063,-2.7987556739079538,-2.7987556739079538,9.508652403343785,9.508652403343785,1185.796462410051,1185.796462410051,0.2783734040406243,0.2783734040406243,0.0,4.393079580691063,4.393079580691063,-8.20390436943942,-8.20390436943942,0.0,8.583980301326894,1.7405669200679328,7.232756628882835,473.0502032384124,8.583980301727294,1.7405669180751824,7.23275662725601,473.0502028037541,0.3532117269725107,0.3532117269725107,0.0,1.39087545849239,-6.552016174590886,1.3908754588927903,-6.552016176571885,1.9927504091299397e-09,0.7677254565434556,0.7677254565434556,0.0,0.29093,0.0,-10770.8911,-2692.722775
calculation095,True,10,10,0,0,1.0,0.0,0.0,7.0,1.55,1.27,54.94,5.0,0.0,0.0,0.0,0.0,0.0,1,0,0,1,0.0,0.0,0.0,1.0,0.0,0.0,0.5,1.0,1.0,0.0,-1.0,0.5,-29589.4398,-2958.94398,-7.739936,5,2.436035,2.436035,17.516521,90.0,90.0,90.0,103.94770413863463,10.394770413863466,1.0,7.19058675265339,7.19058675265339,0.000137,0.000137,0.003709,-0.0,-0.0,-0.0,-2.1271565110740003,0.003572,0.000346,0.000346,5.9e-05,3.460000000000001e-05,3.460000000000001e-05,NM,3.460000000000001e-05,3.460000000000001e-05,1.1155267813907472e-05,0.0,0.0,0.0,0.0,0.0,0.0,0.0,0.0,0.000197,0.0001269834634903,14.999999999999996,0.0001269834634903,-8.131516293641283e-21,0.0001269834634903,0.0,0.0,0.0,0.0,0.0,0.0,0.0,0.0,-8.131516293641283e-21,-8.131516293641283e-21,0.0,system_101,71.66106075456477,-2.3858854964800047,9.544855618838284,813.2259228034944,71.66108398107147,-2.385835660368749,9.544843731572517,813.2214968422953,5.028388852820443,5.026898844328682,0.0001481815873039,29.25104573888516,-9.944712827400831,29.25064920035979,-9.944693338276632,-4.983611125553011e-05,3.934900548012716,5.594973285555643,10.525173835482752,-932.8557561493582,3.9348875994378014,5.595027300089801,10.525152659808326,-932.8568512552124,-0.002033860030819,-0.0020341294897864,0.0,0.6721682185625311,-14.323414606638824,0.672163121866507,-14.32337130830168,-5.4014534158319805e-05,0.0,0.0,0.0,0.0,0.0,0.0,0.0,0.0,0.0,0.0,0.0,0.0,0.0,0.0,0.0,0.0,0.0,0.0,0.0,0.0,0.0,0.0,0.0,0.0,0.0,0.0,0.0,0.0,0.0,0.0,0.0,0.0,6.0341186993006914,6.032668658841151,0.0001201678969309,3.8738,0.0,-29555.1398,-2955.51398
calculation096,True,6,2,0,4,0.3333333333333333,0.0,0.6666666666666666,4.333333333333333,1.7233333333333332,1.3633333333333333,64.79333333333332,8.333333333333332,0.1225651754056682,0.04840828819859,0.6365141682948128,0.5793801642856949,0.1075320323689389,1,0,1,2,0.0,0.2222222222222222,0.0,0.1111111111111111,0.0,0.4444444444444444,-0.1666666666666666,1.0,-1.666666666666667,-2.666666666666667,-3.666666666666667,3.166666666666667,-14217.4004,-2369.5667333333336,-6.410639,24,2.891867,8.370896,3.661675,90.0,90.0,90.0,88.64006311685236,14.773343852808727,2.8946338126891726,1.266197581009085,1.266197581009085,-0.000447,0.002964,-0.000868,-0.0,-0.0,0.0,-0.880663089822,0.003832,4.437558,6.347704,2.69632,0.7395930000000001,1.0579506666666667,FM,2.6963155,2.6963155,4.499999999962867e-06,0.0,0.0,0.0,0.23876825,-0.23876825,0.0474447540692066,1.0956525836713835,0.9114464720467615,0.27947,0.2110938013948617,14.7205685,3.849999999960829e-05,0.2794315,3.849999999999687e-05,0.0,0.0,0.0,0.0,13.13971575,0.0909912981866257,-0.13971575,0.090991298186626,0.2794315,0.4191472499999999,0.13971575,system_102,14.470366045474067,-1.4874268794163072,9.920555742298683,950.9349904598872,14.429771705693518,-0.0162646174347667,8.974935437155604,693.0597304430562,1.320130720520528,0.96876966535944,0.1535064860526934,8.373100076732264,-8.404904720639855,3.4790004802349594,-7.909579871758924,-1.4711622619815403,0.2347498785749833,45.6868107763506,0.0,171312.4023899533,-0.038467110243697,0.0,0.0,0.0,-0.0018656942000499,0.0011054684461038,0.0,-0.331837679483826,0.0,-0.4953303933679052,0.0,45.6868107763506,0.0,0.0,0.0,0.0,0.0,0.0,0.0,0.0,0.0,0.0,0.0,0.0,0.0,0.0,0.0,0.0,10.953895324423408,1.6594743342080127,6.935810100648649,497.75486066234953,11.275261325166896,1.023298222930827,7.22299885997981,429.32291883992485,0.3327283301124867,0.218758595287712,0.2066589969328284,1.6845350841025568,-6.091174039525852,2.3249890621601184,-7.206140135947439,0.6361761112771858,1.9844558406593409,1.2944195027472527,0.210449091728865,1.26171,0.0,-14198.4604,-2366.410066666667
calculation097,True,8,0,4,4,0.0,0.5,0.5,6.5,1.86,1.33,64.205,9.0,0.0499999999999999,0.0601503759398495,0.6931471805599453,0.6309297535714574,0.0858967370142512,0,1,1,2,0.0,0.0,0.25,0.0,0.25,0.25,-0.5,0.0,0.5,-0.5,-1.5,1.0,-26542.6514,-3317.831425,-6.576316,39,3.015888000000166,3.015899000000664,10.842277000009451,90.00010669404143,89.99994929514924,90.0000000000126,98.61716217198033,12.32714527149754,1.0000036473504643,3.595052933003101,3.595052933003101,-0.001337,-0.001336,-0.000878,-6e-06,2e-06,-0.0,1.896443075778,0.000459,0.0,0.0,0.0,0.0,0.0,NM,0.0,0.0,0.0,0.0,0.0,0.0,0.0,0.0,0.0,0.0,0.0,0.540759,0.2842164785711049,0.0,0.0,0.0,0.0,17.81853175,0.039717317560323,0.18146825,0.0397173175603224,13.1814685,0.3067882100378857,-0.1814685,0.3067882100378859,-0.18146825,0.1814685,0.36293675,system_104,0.0,0.0,0.0,0.0,0.0,0.0,0.0,0.0,0.0,0.0,0.0,0.0,0.0,0.0,0.0,0.0,0.0,0.0,0.0,0.0,0.0,0.0,0.0,0.0,0.0,0.0,0.0,0.0,0.0,0.0,0.0,0.0,26.15223076584317,26.15223076584317,-2.6143785460844597,-2.6143785460844597,9.86521694276814,9.86521694276814,1235.7926468201051,1235.7926468201051,1.3979516758943555,1.3979516758943555,0.0,17.379399530032362,17.379399530032362,-8.457975157195595,-8.457975157195595,0.0,12.452442958435686,1.9518011486702824,8.080895590120992,392.0169899237822,12.452442956433686,1.95180114909158,8.080895590170929,392.0169901269479,0.2251027271230269,0.2251027271230269,0.0,2.624318988744148,-8.180850018408636,2.624318988744148,-8.180850016832503,-4.212974413775328e-10,1.9407843461538457,1.9407843461538457,0.0,1.00849,0.0,-26508.2914,-3313.536425
calculation098,True,8,7,0,1,0.875,0.0,0.125,6.5,1.5825,1.2875,56.7875,5.625,0.0859869176095992,0.0359616683057322,0.3767701612564367,0.3429509801981277,0.0860757305250598,1,0,1,2,0.0,0.109375,0.0,0.765625,0.0,0.015625,0.375,1.0,0.5,-0.5,-1.5,1.0,-22787.8239,-2848.4779875,-7.358738,25,2.578236,10.258889,3.415014,90.0,90.0,90.0,90.32656344714782,11.290820430893476,3.979034114797869,1.3245544628187649,1.3245544628187649,-0.001564,-0.002512,0.00129,0.0,0.0,-0.0,1.487888034108,0.003802,2.129213,13.585815,2.115075,0.266151625,1.698226875,FiM,1.9121965714285711,0.3328074285714286,1.8938654453105657,0.0,0.0,0.0,0.200439,-0.200439,0.0,0.3515133837207115,0.2709779454417771,0.350095,0.1723776026586962,14.949986285714283,0.1181017677655461,0.0500137142857142,0.1181017677655459,0.0,0.0,0.0,0.0,13.350095,0.0,-0.350095,0.0,0.0500137142857142,0.4001087142857142,0.350095,system_105,50.51200862724985,-2.025828686015503,9.509706932307612,805.9274698122666,50.54450615639243,-1.8211179854602284,9.40932366978882,774.3948951691727,2.931629550005543,4.279013741033139,-0.18686046953704,21.437635141578067,-9.51694032569658,19.164689731219205,-9.510026698947373,-0.2047107005552744,2.628464434473804,8.228991365950282,8.308004064864887,-550.939573522763,2.5050715319311547,8.836014721884053,7.787403895676017,-471.9843480672337,0.0023654368526302,-0.0011086401857388,2.764231581678113,0.1833873011305979,-14.110409848957335,0.1510691639682446,-13.586376137323048,-0.6070233559337712,0.0,0.0,0.0,0.0,0.0,0.0,0.0,0.0,0.0,0.0,0.0,0.0,0.0,0.0,0.0,0.0,2.940934948775013,2.4786212152666005,8.57536119893672,376.9709275862752,3.096364480172749,1.1923662463518907,9.054706236073027,353.9799588204687,0.0479012633732682,0.0555930705640345,-0.0743210463620742,0.5507617594499317,-8.668514482858317,0.7796528629120577,-9.837552774396162,1.2862549689147098,3.237337077922079,4.680819168831168,-0.1823002787424121,2.87055,0.0,-22760.7939,-2845.0992375
calculation099,True,8,5,3,0,0.625,0.375,0.0,8.125,1.685,1.2625,56.34625,6.125,0.1742842505793337,0.0076692739528859,0.6615632381579821,0.6021808102656678,0.032219729680941,1,1,0,2,0.234375,0.0,0.0,0.390625,0.140625,0.0,0.125,0.625,2.125,1.125,0.125,0.625,-28475.4658,-3559.433225,-6.86983,9,4.942384000000101,4.9971950000001,3.500892,90.0,90.0,89.99997694167052,86.46522881157517,10.808153601446897,1.0110899921980967,0.7083407521552207,1.4117499197347707,-0.000383,0.001153,6e-05,0.0,0.0,-0.0,-0.4432688687399999,0.001536,-0.1433909999999998,11.697553,2.761254,-0.0179238749999999,1.462194125,AFM,2.2835082,-0.0846806,2.315193377928729,0.0933373333333333,0.0933373333333333,0.0315195204842262,0.0,0.0,0.0,0.7554535671034905,0.4145317130120706,0.125372,0.0743155903697198,15.0090952,0.0919272628014126,-0.0090952,0.0919272628014127,17.984841333333335,0.0165969746707713,0.0151586666666666,0.0165969746707712,0.0,0.0,0.0,0.0,-0.0242538666666666,-0.0090952,0.0151586666666666,system_106,36.91452657035128,-1.526956279374556,9.303150023190458,709.3130538126065,36.89049232072832,-1.5725771405381237,9.31839190688851,722.5548427040708,4.1810496440099625,2.0229830709316454,0.3478489995516777,14.25492243713972,-9.25567411937195,14.691512479563457,-9.200733634589811,0.0456208611635673,2.4003470124056334,4.893318503543749,10.302014433794142,-737.4628386206027,2.488903587137602,4.171861963909267,10.881169599036555,-741.8018036025427,-0.0033824520083916,-0.0041154592066433,0.0,0.4630071804490918,-13.401247824681434,0.5636284673406526,-13.684655107737148,0.7214565396344819,18.42949479200092,18.4668089479136,-4.612132848663025,-4.524765944241458,8.82863117278666,8.796452176335483,1115.0686864411502,1096.9444220887915,1.430422071104371,1.388953433341784,0.0147084479159271,13.01231067407632,12.753080351556406,-9.246750020826006,-9.218537951370577,-0.0873669044215672,0.0,0.0,0.0,0.0,0.0,0.0,0.0,0.0,0.0,0.0,0.0,0.0,0.0,0.0,0.0,0.0,6.134873546453544,3.658418391608397,0.2528725959062168,2.07459,0.0,-28441.6058,-3555.200725
calculation100,True,8,3,2,3,0.375,0.25,0.375,6.25,1.7375,1.3175,61.42,7.625,0.1503121751555741,0.0547003237396568,1.0821955300387671,0.9850568223215076,0.1073129086790473,1,1,1,3,0.09375,0.140625,0.09375,0.140625,0.0625,0.140625,-0.125,0.6,0.25,-0.75,-1.75,1.25,-24222.6515,-3027.8314375,-6.56843,16,10.71139,2.68824,3.453493,90.0,90.0,90.0,99.44259552609824,12.43032444076228,0.2509702288871939,0.322413150860906,3.1016104564277387,0.002733,7e-05,0.001693,-0.0,0.0,0.0,-2.401128715488,0.002663,-2.249237,8.549363,2.785204,-0.281154625,1.068670375,FiM,2.68079,-0.8239873333333333,2.5546202547417667,0.08105,-0.061084,0.08105,0.1149643333333333,0.1149643333333333,0.0569630014092968,1.1719519481690988,0.6499476228399979,0.563322,0.3002545538844655,14.938051000000002,0.2096793450819612,0.061949,0.2096793450819608,17.6731805,0.2365025000000002,0.3268195,0.2365025,13.279829,0.0761827059683931,-0.2798289999999999,0.0761827059683932,-0.2648705,0.3417779999999999,0.6066484999999999,system_107,22.03916352925657,-0.8307919619300631,9.3353646498229,718.6799315377926,22.060029518751925,-1.280233002069305,9.588066726332086,789.2312596903354,1.8878607575769228,1.5788780868038463,0.0891277608851056,7.578551096495277,-8.760371819970095,9.828899906187598,-8.823972119358364,0.4494410401392416,0.8927274104084594,10.358666410666224,6.656348821909417,-266.81509702328503,1.052571894276252,8.212440841027187,8.875879304943455,-711.6720806315022,-0.0062465096846153,0.0072054104307692,-14.028480183522838,0.004841728625103,-45.52238630589692,0.0697579809801866,-15.995286972899988,2.146225569639037,12.534049588504947,12.527705146551888,-3.7309018985835887,-3.793641959608299,9.107797141778953,9.13083863522575,1142.0874165844805,1153.5652102523588,0.7263196657461538,0.7084169867692308,0.0124780244134252,8.640260591702546,8.793155959287247,-8.718615307863539,-8.742920412280084,0.0627400610247104,9.052453556998316,1.734688201227288,8.205524950256855,330.1525957532276,8.94644282339222,2.0878659303053126,8.074672609111419,350.8902741929369,0.2387534139499999,0.4167564971923077,-0.271549034143687,1.9222071000752157,-8.625461864487798,1.6795141481128562,-8.330839648746476,-0.3531777290780247,3.2641987712287723,3.1667710289710285,0.0151497744950873,1.60899,0.0,-24192.1615,-3024.0201875
calculation101,True,8,7,1,0,0.875,0.125,0.0,7.375,1.595,1.2675,55.40875,5.375,0.1190588089979065,0.0052184444005219,0.3767701612564367,0.3429509801981277,0.0223826729002463,1,1,0,2,0.109375,0.0,0.0,0.765625,0.015625,0.0,0.375,0.875,1.375,0.375,-0.625,0.125,-25272.8377,-3159.1047125,-7.501164,8,2.44994,9.857509,3.492428,90.0,90.0,90.0,84.34320348411089,10.54290043551386,4.02357159767178,1.4255157269157612,1.4255157269157612,0.002541,0.003942,0.003948,0.0,-0.0,0.0,-5.570768156417999,0.001407,0.9741409999999996,7.855106999999999,1.407178,0.1217676249999999,0.981888375,FiM,1.1097405714285713,0.1267454285714286,1.1379856149061762,0.086923,0.086923,0.0,0.0,0.0,0.0,0.4369011902449899,0.230115539010075,0.090493,0.0592299503059896,15.012927571428571,0.0516950651633682,-0.0129275714285714,0.0516950651633683,17.909507,0.0,0.090493,0.0,0.0,0.0,0.0,0.0,-0.1034205714285714,-0.0129275714285714,0.090493,system_108,50.85611650085771,-1.990087873928205,9.587169271335377,804.6490764879203,50.89530510592648,-1.8883991639550013,9.553738132079278,793.6267397268459,3.554469931325302,3.585821057187315,-0.0043907350432147,20.9880371487314,-9.631668478028814,20.016493287289705,-9.627759353014488,-0.1016887099732037,2.9472113521874244,4.905804456270073,10.602098287666784,-852.0947361753892,2.955047972408195,4.73446974239056,10.791669245150471,-865.4249635852602,0.0042035932563686,0.0009714559681568,0.6245616511035488,0.5607664443398374,-14.069741900530198,0.5962643300793469,-14.078669844089951,0.1713347138795127,6.160802650596187,6.191155235719181,-5.113704365419025,-4.978624442372227,9.2317663069691,9.219658828045675,1258.765444487184,1240.501133338127,0.3249648821549699,0.2389789704534214,0.152472469207423,4.348333796364318,4.2516489815821705,-9.986691948948502,-9.964930568810514,-0.1350799230467982,0.0,0.0,0.0,0.0,0.0,0.0,0.0,0.0,0.0,0.0,0.0,0.0,0.0,0.0,0.0,0.0,4.058469891608395,4.029679920579424,0.0035595249466803,2.88151,0.0,-25243.2577,-3155.4072125
calculation102,True,8,1,7,0,0.125,0.875,0.0,9.625,1.865,1.2525,58.22125,7.625,0.1190588089979065,0.0052809407406479,0.3767701612564367,0.3429509801981277,0.0213014307844906,1,1,0,2,0.109375,0.0,0.0,0.015625,0.765625,0.0,-0.375,0.125,3.625,2.625,1.625,2.125,-34879.6718,-4359.958975,-6.460514,5,2.457016,2.457016,13.945133,90.0,90.0,90.0,84.18575863162394,10.523219828952993,1.0,5.675637846884189,5.675637846884189,-0.000987,-0.000987,-0.000262,0.0,-0.0,0.0,1.194155651208,0.000725,6.772107,6.772107,2.443282,0.846513375,0.846513375,FM,2.443282,2.443282,0.0,0.6184035714285715,0.6184035714285715,0.0748488522420964,0.0,0.0,0.0,0.7177316579120753,0.0,0.258209,0.1083142184953111,15.258209,0.0,-0.258209,0.0,17.963113,0.0502270791534375,0.036887,0.0502270791534378,0.0,0.0,0.0,0.0,-0.295096,-0.258209,0.036887,system_109,7.611610559728592,-1.5715795538326884,9.598801299980266,765.5500807714949,7.615858009831019,-0.0147978923325913,8.858207883750353,577.6352871966309,1.8022686401258747,0.3504421959678181,0.6744177712193522,4.132398973359216,-8.644572576221513,1.743249441898587,-8.525656200777407,-1.5567816615000971,0.6613832424346838,1.4449262795793998,11.030815553686708,-284.76598595116087,0.6450619672487741,0.7665141965119783,11.506223338425112,-66.08757000803261,-0.0006566288837939,0.0058632769825999,-1.2522271032469297,0.2189326080736464,-12.86493679827042,0.2469492829736176,-12.64345252516068,0.6784120830674215,44.26721306952852,44.51735618998482,-4.094174901547956,-3.4769503917951514,8.82871550368658,8.627607508757034,1043.0752164917435,953.1368425081312,1.2954540740744394,7.461548086856999,-0.7041329783258502,32.60568543012769,28.014133743931733,-8.768268400609308,-8.416375664700642,-0.6172245097528046,0.0,0.0,0.0,0.0,0.0,0.0,0.0,0.0,0.0,0.0,0.0,0.0,0.0,0.0,0.0,0.0,3.2067227532467526,7.973790067932067,-0.4263728677682155,0.0478,0.0,-34837.2518,-4354.656475
calculation103,True,2,1,1,0,0.5,0.5,0.0,8.5,1.73,1.26,56.815,6.5,0.1799999999999999,0.0079365079365079,0.6931471805599453,0.6309297535714574,0.0330018481034937,1,1,0,2,0.25,0.0,0.0,0.25,0.25,0.0,0.0,0.5,2.5,1.5,0.5,1.0,-7518.9887,-3759.49435,-6.825403,5,2.427991,2.427991,3.556847,90.0,90.0,90.0,20.96811207669482,10.48405603834741,1.0,1.4649341780920933,1.4649341780920933,6.1e-05,6.1e-05,-0.005574,0.0,-0.0,-0.0,2.911689002856,0.005635,1.711137,1.711137,1.418943,0.8555685000000001,0.8555685000000001,FM,1.418943,1.418943,0.0,0.292194,0.292194,0.0,0.0,0.0,0.0,0.6584797126121403,0.0,0.237514,0.237514,15.237514,0.0,-0.237514,0.0,17.762486,0.0,0.237514,0.0,0.0,0.0,0.0,0.0,-0.475028,-0.237514,0.237514,system_110,7.547043452385608,-1.753618293425634,9.594255457057782,774.3564911485495,7.549819706311223,-0.8348371700946619,9.144284065928536,653.9435043734524,1.6523251724279713,0.1619418585027979,0.8214795774360545,3.668573535730901,-9.029151749939606,2.245947749286731,-8.957521249928316,-0.918781123330972,0.5871455939730768,1.6054807049514714,11.734079874977631,-333.631421058766,0.5660880306538184,0.4403281719790411,12.005620908079887,-116.07266854748094,0.0090270110171328,-0.0013297779776223,1.3455210387411998,0.1918566515879383,-13.706074925973644,0.2180289253900652,-13.67777135940322,1.1651525329724304,6.098832612522496,6.114014711529793,-4.86509440179782,-4.609518550374245,9.001050269763958,8.771392841525255,1196.3148021820025,1102.9176288539777,0.4003278316699301,0.2198104803769244,0.291092080244458,4.462477514274166,4.141437874510362,-9.4508044566851,-9.316678553845264,-0.2555758514235746,0.0,0.0,0.0,0.0,0.0,0.0,0.0,0.0,0.0,0.0,0.0,0.0,0.0,0.0,0.0,0.0,2.129183106643356,0.4433711835664363,0.6553066458082178,0.2033,0.0,-7509.9887,-3754.99435
calculation104,True,6,2,4,0,0.3333333333333333,0.6666666666666666,0.0,9.0,1.7899999999999998,1.2566666666666666,57.44,7.0,0.1697056274847713,0.0075024592168333,0.6365141682948128,0.5793801642856949,0.0307758870641777,1,1,0,2,0.2222222222222222,0.0,0.0,0.1111111111111111,0.4444444444444444,0.0,-0.1666666666666666,0.3333333333333333,3.0,2.0,1.0,1.5,-24158.3875,-4026.397916666667,-6.559313,8,7.456985,2.533811,3.462193,90.0,90.0,90.0,65.4167193818584,10.902786563643067,0.3397902771696603,0.4642885831203898,2.15383284525155,-0.002176,0.001398,0.001924,-0.0,-0.0,0.0,-0.6120314741879999,0.0040999999999999,0.9755430000000004,7.129551000000001,3.283697,0.1625905,1.1882585,FiM,3.1803505000000003,0.1033465,3.1803505000000003,0.1922125,0.1922125,0.1504771089011548,0.0,0.0,0.0,1.1910104181971843,0.7365913726468992,0.169062,0.1554708887781639,15.1614515,0.0076105000000001,-0.1614515,0.0076104999999999,17.9192745,0.1291430844247967,0.0807255,0.129143084424796,0.0,0.0,0.0,0.0,-0.242177,-0.1614515,0.0807255,system_111,15.16774639455871,-1.0881099534330825,9.187778918026485,655.6100149583048,15.171247029819416,-1.0211640887532476,9.16765590619225,643.5534095263076,1.3495786820379636,1.478551991535264,-0.0456037306558922,5.876685378150374,-8.854958840801178,5.680859214257913,-8.916479995070777,-0.0669458646798348,1.2732976118415156,2.152745028253492,11.290886556908733,-384.2266796113815,1.2672996483427956,2.0136414272010854,11.281156624334656,-370.2254364760502,0.0080738395804195,0.0245189891252747,-0.5045634330591866,0.407514007810464,-12.932424860061763,0.4084494310215365,-12.975667155780888,0.1391036010524065,24.971796709185217,25.00279197726417,-4.005900955506971,-3.822133905167555,8.74156832178428,8.67831626332426,1043.2489463249972,1014.4559584569978,1.595932231025377,4.563702888319679,-0.4818094903014093,17.672854563988626,16.83235845320445,-8.66959912986881,-8.565672382382763,-0.1837670503394157,0.0,0.0,0.0,0.0,0.0,0.0,0.0,0.0,0.0,0.0,0.0,0.0,0.0,0.0,0.0,0.0,3.1751250054945146,6.256943268481516,-0.3267383328309899,1.64583,0.0,-24129.2475,-4021.54125
calculation105,True,4,1,1,2,0.25,0.25,0.5,5.75,1.77,1.335,63.2675,8.25,0.1334166406412633,0.0564289107614956,1.039720770839918,0.946394630357186,0.1041182850971735,1,1,1,3,0.0625,0.125,0.125,0.0625,0.0625,0.25,-0.25,0.5,-0.25,-1.25,-2.25,1.75,-11669.3483,-2917.337075,-6.670141,13,5.136608,2.755009,3.667265,90.0,90.0,90.0,51.89693857649023,12.974234644122555,0.5363479167575178,0.7139468302817735,1.4006645279247614,-0.003311,-0.000131,0.003726,0.0,0.0,0.0,-0.1516727213519999,0.007037,2.759365,3.643303,2.928876,0.68984125,0.91082575,FM,2.928876,2.928876,0.0,0.272458,0.272458,0.0,0.2209845,-0.2209845,0.0418625,1.2798136715944612,0.861942240328563,0.397326,0.312921336540831,14.793613,0.0,0.206387,0.0,17.602674,0.0,0.397326,0.0,13.3018565,0.0670105000000003,-0.3018564999999999,0.0670105,-0.190939,0.5082435,0.6991825,system_112,7.359512691358493,-1.7188505847047744,9.94808660022031,928.4598611300636,7.299836087711441,-0.162472560307593,8.926463897712983,665.0717261525049,0.5414524405515484,0.8082194928147091,-0.197653256075207,4.235841970453965,-8.760788502195677,1.5875184681247076,-8.188993237011845,-1.5563780243971812,0.1245668689728226,37.571743368118646,0.0,96320.60061976184,-0.0202518706922059,0.0,0.0,0.0,0.0029769465006743,0.0018513873538211,0.2331154350077072,-0.1495412556128628,0.0,-0.1951610795151979,0.0,37.571743368118646,6.265061023232378,6.28024186607847,-3.7749487859879807,-3.5640594132959715,9.193684569160537,9.02560824632854,1186.7930702507877,1114.6206776022875,0.502157363477772,0.3543623849202792,0.1725529140850676,4.471991714241578,4.215552203693616,-8.69719776106393,-8.558186342897825,-0.2108893726920091,5.900174332451181,1.8443579751594883,7.854286239229297,394.3187467488169,6.073851480831825,1.2473427600309348,8.128823811827468,345.2090367137929,0.228803033056943,0.1214165574905092,0.3066261239086328,1.1103816826811084,-8.00885372944807,1.4071166437897262,-8.649792538770766,0.5970152151285537,1.60849813961039,1.3747909870129889,0.0783387538645714,0.97485,0.0,-11654.3083,-2913.577075
calculation106,True,8,8,0,0,1.0,0.0,0.0,7.0,1.55,1.27,54.94,5.0,0.0,0.0,0.0,0.0,0.0,1,0,0,1,0.0,0.0,0.0,1.0,0.0,0.0,0.5,1.0,1.0,0.0,-1.0,0.5,-23671.6066,-2958.950825,-7.72847,3,4.893759,4.893759,3.465738,90.0,90.0,90.0,83.00053359636742,10.375066699545927,1.0,0.7081954791807279,1.4120395136620254,0.00349,0.00349,-0.003079,-0.0,-0.0,-0.0,-2.083363683078,0.006569,0.048682,0.284854,0.041693,0.00608525,0.03560675,FiM,0.03560675,0.00608525,0.0356067500509032,0.0,0.0,0.0,0.0,0.0,0.0,0.1709015930364707,0.2919145159742876,0.000707,0.0006949176997134,15.000000125,0.0006949176997136,-1.2499999999996238e-07,0.0006949176997134,0.0,0.0,0.0,0.0,0.0,0.0,0.0,0.0,-1.2499999999996238e-07,-1.2499999999996238e-07,0.0,system_113,57.71121393328862,-2.2311181459779283,9.668544532043164,831.3824048557286,57.71336406197983,-2.22600698185817,9.666702476300893,830.7474527649125,4.868392702007207,5.008056507742531,-0.014141094918754,23.37447784420553,-9.951750825761373,23.32345266068612,-9.951169626914814,-0.0051111641197585,3.008021336796641,5.003174193605218,10.342486202138687,-877.820015942792,3.00614816349415,5.007729471557592,10.338651740219255,-877.9303082361471,0.0126317278202351,0.0128253617398557,-0.0076062866166816,0.5346586199498525,-14.260234658721162,0.5339134019908904,-14.256980910416512,-0.0045552779523738,0.0,0.0,0.0,0.0,0.0,0.0,0.0,0.0,0.0,0.0,0.0,0.0,0.0,0.0,0.0,0.0,0.0,0.0,0.0,0.0,0.0,0.0,0.0,0.0,0.0,0.0,0.0,0.0,0.0,0.0,0.0,0.0,5.020322537462537,5.162028011988011,-0.0139167743083762,3.07246,0.0,-23644.1666,-2955.520825
calculation107,True,2,1,0,1,0.5,0.0,0.5,5.0,1.6800000000000002,1.34,62.33,7.5,0.13,0.0522388059701492,0.6931471805599453,0.6309297535714574,0.1185624899727257,1,0,1,2,0.0,0.25,0.0,0.25,0.0,0.25,0.0,1.0,-1.0,-2.0,-3.0,2.5,-5034.144,-2517.072,-6.799273,8,2.68339,2.683393,3.579243,90.0,90.0,90.0,25.772661146740305,12.886330573370152,1.0000011179888126,1.3338512105955525,1.3338512105955525,0.003502,0.003503,0.002242,0.0,-0.0,0.0,-4.938442444865999,0.001261,-2.340029,3.120671,2.73035,-1.1700145,1.5603355,FM,2.73035,-2.73035,0.0,0.0,0.0,0.0,0.390321,0.390321,0.0,0.7498480294782756,0.8570436024685479,0.539479,0.539479,14.460521,0.0,0.539479,0.0,0.0,0.0,0.0,0.0,13.539479,0.0,-0.539479,0.0,0.539479,1.078958,0.539479,system_114,7.284773988732152,-0.3795875886844973,9.0415513521787,683.4017733536448,7.340807127185664,-1.7721516605391825,10.055864318571883,952.15959444548,0.392204709680621,0.2187671976867145,0.2838715003137295,1.7360343022404614,-8.471427561364326,4.186116952420309,-8.92533528228384,1.392564071854685,-0.2476034741715285,0.0,0.0,0.0,-0.0861166018019511,0.0,0.0,0.0,-0.0033134122090909,-0.0008685774476523,0.0,-0.3386112114058458,0.0,-0.2681285649301063,0.0,0.0,0.0,0.0,0.0,0.0,0.0,0.0,0.0,0.0,0.0,0.0,0.0,0.0,0.0,0.0,0.0,0.0,3.228168054310549,0.3226236042432991,9.378050141794104,350.0068624189194,3.0371639238041386,1.4607862686869435,8.972247277116915,339.9761522145286,0.038323253428122,0.0416264643832669,-0.0413161052417659,0.9783177395170006,-10.257214804899728,0.6728069410624312,-9.714438487057084,-1.138162664443645,0.4764951428571445,0.3564592937062952,0.1441085416941736,0.02799,0.0,-5027.694,-2513.847
calculation108,True,10,1,6,3,0.1,0.6,0.3,7.6,1.844,1.3,61.624,8.3,0.1077218640759617,0.0555765903636567,0.8979457248567798,0.8173454221465101,0.0878325505304365,1,1,1,3,0.06,0.03,0.18,0.01,0.36,0.09,-0.4,0.1428571428571428,1.5999999999999996,0.5999999999999996,-0.4000000000000003,0.0999999999999996,-36545.5951,-3654.55951,-6.535398,12,2.617184,12.843949,3.473889,90.0,90.0,90.0,116.774701682808,11.6774701682808,4.907545285314292,1.327338467604876,1.327338467604876,0.0003,-0.001589,-0.001158,-0.0,0.0,-0.0,1.306842074466,0.0018889999999999,-2.205889,4.491863,2.828886,-0.2205889,0.4491862999999999,FiM,2.828886,-2.828886,0.0,0.2266649999999999,0.0533349999999999,0.2603761016305708,0.1009956666666666,0.1009956666666666,0.0807592642790218,1.7891777665950934,0.8537265723100612,0.323271,0.2064559270362563,14.953389,0.0,0.046611,0.0,17.896351666666664,0.1727658596701201,0.1036483333333333,0.1727658596701198,13.222833666666666,0.1025626119998037,-0.2228336666666666,0.1025626119998034,-0.0570373333333333,0.2694446666666666,0.326482,system_115,7.431230040518312,0.0190109079080699,8.963436436438684,619.4290405694662,7.441166317107632,-1.647715292911959,9.838778404805808,851.2776659605759,1.1051759016698517,0.2622983391924594,0.6163754587039862,1.6265998506558417,-8.330183583968697,4.253576947510916,-8.717750970026295,1.666726200820029,0.1936668865213395,15.866248092295193,0.0,3034.516283005203,0.2888327128697088,11.04587137530943,4.827027228356999,268.90643130904465,-0.008914661467329,-0.004160684291173,0.0,-0.040209463669377,0.0,-0.0239955112552021,0.0,4.820376716985763,37.97553382706983,37.940587328261046,-3.5588682568021777,-3.5263674438179917,8.976541609488626,8.950710003983332,1078.7342459076442,1070.2250885863589,2.6242292957457662,5.778644222822564,-0.3753971686121776,26.336269218148637,25.92522426559128,-8.485796070819639,-8.453425183856798,-0.0325008129841863,9.19456627142813,2.828871555977849,7.929483899593814,350.7073786900328,9.126571791038788,3.1098114737516247,7.769766604778377,379.41152143170495,0.3034670798917338,0.1665972588014267,0.291172526447811,1.5983072514093313,-7.746551555032232,1.4068461874381946,-7.326885647539844,-0.2809399177737761,4.57895011988012,6.547588501498503,-0.1769317888166788,2.1816,0.0,-36499.6851,-3649.96851
calculation109,True,6,1,0,5,0.1666666666666666,0.0,0.8333333333333334,3.6666666666666665,1.7666666666666668,1.3866666666666667,67.25666666666666,9.166666666666668,0.0968962790249908,0.0376261438521598,0.4505612088663046,0.410118486306518,0.0818979152189297,1,0,1,2,0.0,0.1388888888888889,0.0,0.0277777777777777,0.0,0.6944444444444445,-0.3333333333333333,1.0,-2.333333333333333,-3.333333333333333,-4.333333333333334,3.8333333333333335,-13333.4403,-2222.24005,-6.097622,17,8.515528,2.913431,3.928824,90.0,90.0,90.0,97.47177894008252,16.245296490013754,0.3421315742253445,0.4613717434785019,2.167449598149472,-0.003991,-0.002203,0.002874,-0.0,-0.0,-0.0,1.7730754749599995,0.006865,-3.268918,4.081732000000001,3.642151,-0.5448196666666667,0.6802886666666668,FM,3.642151,-3.642151,0.0,0.0,0.0,0.0,0.0879162,0.0746466,0.0754141660077203,1.9487243608425584,0.8894228401569929,0.98751,0.4579531144107137,14.01249,0.0,0.98751,0.0,0.0,0.0,0.0,0.0,13.1975022,0.1327514481026852,-0.1975022,0.1327514481026855,0.98751,1.1850122,0.1975022,system_116,7.232317508760968,0.8158700459130702,9.106273913874206,689.03061891261,7.299930101349297,-1.2163914660429171,10.356506425714729,1014.099264748346,0.4545710114203544,0.1866092553352401,0.4179195305573185,1.184590924078169,-7.553499783392598,4.48664507101814,-8.399737155372792,2.0322615119559875,-0.3015990918634877,0.0,0.0,0.0,-0.0708281405644599,0.0,0.0,0.0,-0.0037700143013486,-0.0025625962222277,0.0,-0.3970147149271626,0.0,-0.3243729776782521,0.0,0.0,0.0,0.0,0.0,0.0,0.0,0.0,0.0,0.0,0.0,0.0,0.0,0.0,0.0,0.0,0.0,0.0,14.698889325578126,1.507852936996835,7.391988870633329,381.4879680867456,14.577021376897736,1.4872451524570265,7.319564388270037,383.8648132344788,0.2847368438702046,0.4902605012321182,-0.2651927244147891,2.698180655262897,-7.21505213816672,2.4292283187983275,-7.262303703727085,0.0206077845398087,0.9349975104895104,0.9142189330669334,0.0112364225912978,0.71888,0.0,-13314.9103,-2219.1517166666667
calculation110,True,10,6,2,2,0.6,0.2,0.2,6.800000000000001,1.674,1.294,58.646,6.6,0.1551257554373225,0.0452202127923579,0.9502705392332348,0.8649735207179272,0.0976078788267914,1,1,1,3,0.12,0.12,0.04,0.36,0.04,0.04,0.0999999999999999,0.7499999999999999,0.8000000000000007,-0.1999999999999993,-1.1999999999999993,0.6999999999999993,-31024.4001,-3102.44001,-6.873508,14,12.958338,2.626429,3.411677,90.0,90.0,90.0,116.11354285561389,11.611354285561388,0.2026825508024254,0.2632804453781033,3.7982311924604817,0.000955,-0.000303,3.2e-05,-0.0,0.0,0.0,-0.365296272552,0.001258,2.102835,15.166467,2.832799,0.2102834999999999,1.5166467,FiM,2.3863351666666666,0.2188021666666666,2.4062932547905445,0.364569,0.364569,0.0136059999999999,0.059659,0.030442,0.059659,0.731304940978369,0.1187084878079848,0.544584,0.3136478040541014,14.8279725,0.203836303567961,0.1720275,0.2038363035679611,17.9888075,0.0019615000000001,0.0111925,0.0019615,13.527274,0.0173100000000001,-0.527274,0.0173099999999999,0.160835,0.6993015,0.5384665000000001,system_117,43.98096988816426,-1.5475999648033982,9.4695928316383,770.986098665196,43.99555339432735,-1.3790989687803648,9.41067345249595,751.376063221939,3.260779349166614,2.091462727253298,0.2184722972574264,18.1151610616496,-9.13881590840249,16.86412726277244,-9.136680332205664,-0.1685009960230334,1.6874327186344331,16.329536344847703,0.0,6326.020816191267,1.6906177791081352,15.709894218688213,0.0,5461.754097960479,0.0148507288780968,0.0037275574248751,0.5987189169025953,-0.3791858340865252,0.0,-0.3400771387693437,0.0,0.6196421261594924,12.278535362679811,12.388659101689983,-4.60676366551218,-4.169373502570598,8.659476008806882,8.553407961605293,1079.7280045637522,1014.1285353194666,0.5928258887419845,0.6746833195557945,-0.0645813302798342,9.015895504018204,8.217773827364779,-9.007442507564926,-8.83123706338588,-0.4373901629415817,6.166660248830395,1.1605255820010694,8.928190324671466,313.07459082112695,6.139688832784785,1.474426976095941,8.981479301639567,306.15421573436976,0.0669943084183568,0.0751378008600399,-0.0572952338709915,1.570176195165977,-9.737022254418358,1.4664413977038893,-9.712886636457563,-0.3139013940948716,4.232360288711301,3.0545203281718307,0.1616384324741793,3.02421,0.0,-30986.6401,-3098.66401
calculation111,True,8,4,1,3,0.5,0.125,0.375,5.875,1.6925,1.3199999999999998,60.95125,7.25,0.145752358471484,0.053030303030303,0.9743147528693494,0.8868595071429147,0.1131229677795015,1,1,1,3,0.0625,0.1875,0.046875,0.25,0.015625,0.140625,0.0,0.8,-0.125,-1.125,-2.125,1.625,-22621.0257,-2827.6282125,-6.592232,17,2.66385,2.66385,14.155556,90.0,90.0,90.0,100.44919595232082,12.556149494040104,1.0,5.313946355838355,5.313946355838355,5.6e-05,5.6e-05,0.000854,0.0,-0.0,-0.0,-0.515900876148,0.000798,5.986248000000001,9.686758,2.866317,0.7482810000000001,1.21084475,FM,2.23158425,1.56872925,1.711497656052934,0.235876,0.235876,0.0,0.1748483333333333,-0.1748483333333333,0.0876177517185999,0.923431959412278,0.7638927720693784,0.599803,0.3002035667967654,14.86545175,0.3103929846721532,0.1345482499999999,0.3103929846721531,17.794998,0.0,0.205002,0.0,13.247731666666668,0.1111313788280438,-0.2477316666666666,0.1111313788280439,-0.07045375,0.3822799166666666,0.4527336666666667,system_118,28.773784117896117,-1.8353274996084656,9.58080801642756,850.3564114993227,28.791608445990956,-0.8849610825273295,9.095138025742996,708.3645550733352,2.848208562357642,0.7691085117937059,0.5747630102488901,14.479510455505372,-8.889582746173698,8.838929145920567,-8.719010265038534,-0.950366417081136,1.2998417814861682,11.676651494804778,2.553232677868568,574.4212320891768,0.9960713509251872,17.14344986570879,0.0,5919.842379551204,0.0163361007522977,0.0016442389108891,0.8171070244845768,-0.0846527914867215,0.0,-0.2355692691149299,0.0,-5.46679837090401,6.306947713216608,6.343424847993399,-3.973098279048093,-3.723971303338807,9.124587590231366,9.011231487160533,1135.5905872417277,1075.2271542629558,0.4115738214413584,0.085510593165934,0.6559514213154751,4.497225528437001,4.25762413251965,-8.907111432277631,-8.800972467905039,-0.2491269757092866,8.496460914856073,1.889410589745876,7.524978565590701,460.6780553143294,8.779637862865734,1.210143850819122,8.004461847885313,393.57832827040295,0.3493966715492506,0.0597107245027973,0.7080926667226483,1.5048948961953614,-7.355720388111976,1.9709767109649792,-8.480505193424444,0.6792667389267539,4.143722090909091,1.0114551363636364,0.6075963670026017,1.00728,0.0,-22592.6757,-2824.0844625
calculation112,True,6,0,6,0,0.0,1.0,0.0,10.0,1.91,1.25,58.69,8.0,0.0,0.0,0.0,0.0,0.0,0,1,0,1,0.0,0.0,0.0,0.0,1.0,0.0,-0.5,0.0,4.0,3.0,2.0,2.5,-27360.7392,-4560.1232,-6.299378,3,2.451867,2.451867,10.394041,90.0,90.0,90.0,62.48535513817468,10.414225856362446,1.0,4.239235243999777,4.239235243999777,-0.000374,-0.000374,0.003267,0.0,-0.0,-0.0,-1.345294313682,0.003641,4.0948910000000005,4.0948910000000005,0.682489,0.6824818333333335,0.6824818333333335,FM,0.0,0.0,0.0,0.6824818333333335,0.6824818333333335,5.899623340142899e-06,0.0,0.0,0.0,8.644366856372341e-06,0.0,1.2e-05,9.13631338244383e-06,0.0,0.0,0.0,0.0,18.000000166666666,9.136313383215911e-06,-1.6666666666666678e-07,9.13631338244383e-06,0.0,0.0,0.0,0.0,1.6666666666666678e-07,0.0,-1.6666666666666678e-07,system_119,0.0,0.0,0.0,0.0,0.0,0.0,0.0,0.0,0.0,0.0,0.0,0.0,0.0,0.0,0.0,0.0,0.0,0.0,0.0,0.0,0.0,0.0,0.0,0.0,0.0,0.0,0.0,0.0,0.0,0.0,0.0,0.0,38.35189310044978,38.50946242186306,-3.8503720826584633,-3.2160245118629067,8.915671383987801,8.6715990808631,1045.1942581600315,944.1418583609492,0.347297928421977,7.261464589247775,-0.9087110610653308,28.183542122647985,23.86455010832618,-8.641346114613158,-8.252224723719372,-0.6343475707955566,0.0,0.0,0.0,0.0,0.0,0.0,0.0,0.0,0.0,0.0,0.0,0.0,0.0,0.0,0.0,0.0,0.4413301828171836,7.351390052947054,-0.8867327019410439,0.05641,0.0,-27327.3192,-4554.5532
calculation113,True,4,3,1,0,0.75,0.25,0.0,7.75,1.64,1.265,55.8775,5.75,0.1558845726811989,0.0068460506228018,0.5623351446188083,0.5118595071429147,0.0290599549388541,1,1,0,2,0.1875,0.0,0.0,0.5625,0.0625,0.0,0.25,0.75,1.75,0.75,-0.25,0.25,-13436.9963,-3359.249075,-7.243452,7,2.451273,4.920413,3.479115,90.0,90.0,90.0,41.962564635557385,10.490641158889346,2.0072888658260424,1.419309477157379,1.419309477157379,-0.000834,0.003912,-0.003976,-0.0,0.0,-0.0,0.4795848724440004,0.007888,0.5983949999999998,3.638733,1.520169,0.1495987499999999,0.90968325,FiM,1.191276,0.1778299999999999,1.2024242334586686,0.064905,0.064905,0.0,0.0,0.0,0.0,0.5833616223438473,0.5354542817278869,0.10891,0.101480885094189,15.03124,0.0991332923526027,-0.03124,0.099133292352603,17.90628,0.0,0.09372,0.0,0.0,0.0,0.0,0.0,-0.12496,-0.03124,0.09372,system_120,21.92157731977754,-1.896731445134655,9.48844604542792,770.9052121600517,21.94219863877107,-1.7553506525405491,9.44182028203397,757.0515939544697,2.2326143079679897,0.3981306320405047,0.697324794976727,9.076562243740224,-9.473217505785604,8.533732965957569,-9.45774091464044,-0.1413807925941057,1.2978449668816363,4.11996428120082,10.689501091271817,-793.3525434776084,1.3133530285024548,3.7565115803678006,11.027302246407578,-787.0176100231454,-0.0008447159928671,5.022798497007536e-05,0.0,0.2749884244261888,-14.08088055815743,0.3079762399885948,-14.089012029259566,0.3634527008330197,6.112419261998074,6.141813264999879,-5.076506732667661,-4.951970900754561,9.038870901229876,9.057706257588906,1208.74102699204,1202.055789314523,0.3851435959453155,0.2454300947030104,0.221565700114539,4.326164130655237,4.25751946358194,-9.789051411826051,-9.77418564795106,-0.1245358319131,0.0,0.0,0.0,0.0,0.0,0.0,0.0,0.0,0.0,0.0,0.0,0.0,0.0,0.0,0.0,0.0,2.8885745389610404,0.7414802857142858,0.5914770869717627,0.72787,0.0,-13421.1363,-3355.284075
calculation114,True,8,1,5,2,0.125,0.625,0.25,7.875,1.84,1.2925,60.97875,8.125,0.1174734012447072,0.052723455204793,0.9002560512685369,0.8194483718728035,0.0851093431751632,1,1,1,3,0.078125,0.03125,0.15625,0.015625,0.390625,0.0625,-0.375,0.1666666666666666,1.875,0.875,-0.125,0.375,-29911.3068,-3738.91335,-6.56961,11,5.021251027459691,5.103914478365895,3.568331,90.0,90.0,87.57257352811189,91.36725451268204,11.420906814085257,1.016462720237276,0.7106458092785813,1.4071707550279642,-0.001319,0.000226,-0.000684,-0.0,0.0,-0.003769,0.949022626206,0.001545,-4.049,5.035482,3.384371,-0.506125,0.62943525,FM,3.384371,-3.384371,0.0,0.2492966,-0.2138514,0.1547618873891114,0.202314,0.202314,0.00214,1.6581786798492535,0.8190170153161549,0.334845,0.1966326211863366,14.915911,0.0,0.084089,0.0,17.9109694,0.1501333718299839,0.0890306,0.1501333718299832,13.2646215,0.0702235,-0.2646215,0.0702235,-0.0049416,0.3487105,0.3536521,system_121,7.528102311460358,0.1262001747304137,8.976778632831087,610.4503866059428,7.567064921730236,-1.8514110120558664,10.04916420712408,887.1175663308079,0.3891855411939062,0.2114778159670326,0.2958524489771054,1.3224347172151083,-8.765526233821365,4.480000315946809,-9.068190009805132,1.97761118678628,0.2354213409797232,14.268777205357337,0.0,1735.5284499585653,0.292326645977056,14.514429263669776,0.0,4128.228168008913,-0.0029488602950549,-0.0025169291265734,0.0,-0.0175222938397066,0.0,-0.055169077274875,0.0,-0.2456520583124408,31.56678675359485,31.44080688934296,-3.564680626456805,-3.7797246039996697,8.9198507416979,8.99385565041593,1058.105301602223,1096.0178974587532,1.4509823235492,1.503658238594005,-0.0178281973515572,21.310451340268013,22.371983667415684,-8.519127282144025,-8.626665148545953,0.2150439775428645,5.951256294164228,3.349487451034347,6.995681843880332,539.6871297271585,5.764332883467198,4.189699599803781,6.21268628494239,709.0618441598798,0.111612709127872,0.1447159479601399,-0.1291437298050593,0.9057175251998812,-5.402594845190976,0.573481108043423,-1.6056896138240029,-0.8402121487694338,2.2562886913086917,2.1428014785214784,0.0257978828362124,1.57871,0.0,-29873.9868,-3734.24835
calculation115,True,6,1,3,2,0.1666666666666666,0.5,0.3333333333333333,7.166666666666666,1.8166666666666664,1.3066666666666666,61.74166666666666,8.166666666666666,0.1273664878302852,0.0561803967998603,1.0114042647073518,0.920619835714305,0.0938625778829493,1,1,1,3,0.0833333333333333,0.0555555555555555,0.1666666666666666,0.0277777777777777,0.25,0.1111111111111111,-0.3333333333333333,0.25,1.166666666666666,0.166666666666666,-0.8333333333333339,0.3333333333333339,-20790.4883,-3465.0813833333336,-6.524803,43,3.002814,3.002815,7.92894,90.0,90.0,90.0,71.4944188181646,11.9157364696941,1.0000003330209597,2.6405032079909048,2.6405032079909048,0.000425,0.000425,-0.00052,-0.0,0.0,0.0,-0.17623942974,0.0009449999999999,3.452678,4.30134,3.368998,0.5754463333333333,0.7168899999999999,FM,3.368998,3.368998,0.0,0.1971443333333333,0.1415296666666666,0.2606340867414612,0.1704545,-0.1704545,0.0538354999999999,1.6694688694452464,0.9283409796916472,0.437505,0.2180172909789623,14.833936,0.0,0.166064,0.0,17.876042,0.0577870053385706,0.123958,0.0577870053385707,13.2689685,0.1685365000000001,-0.2689685,0.1685365,0.0421059999999999,0.4350325,0.3929265,system_122,7.186286929630391,-2.159895471157566,9.95649509537121,987.80420184301,7.146147761505443,-0.1825757147026698,8.860961436448749,676.0929210943165,0.3637032485105183,0.7499625866935143,-0.3468359412428506,4.366592768519047,-8.933533425556563,1.3097610360587386,-8.676056517300585,-1.977319756454896,0.2429068441981596,12.40067190683051,0.0,2895.203770485092,0.1510124702805359,16.891216062711145,0.0,7564.384117223024,-0.0106344060146952,-0.0052767860731866,0.0,-0.0580464738715594,0.0,-0.058706737870059,0.0,-4.4905441558806345,19.12911668653292,19.208977161456893,-3.3076385168190945,-3.1451573955873493,9.38895534462576,9.340493188650274,1182.6505310762566,1153.611570024215,0.813613688153851,0.8889571109947023,-0.0442527399615511,13.256907469333692,12.73866723723182,-8.556270116980855,-8.504616688771618,-0.1624811212317451,6.305056237175027,1.977149387901104,7.992518530516547,372.44643624468944,6.382944637694923,1.5688768579549832,8.166418276678465,344.2823626199836,0.1538262885162374,0.1338278494549963,0.069522514789066,1.3131020155044195,-8.23552906408487,1.51663759643488,-8.601026231534243,0.4082725299461209,1.4910635192307715,1.985384766483508,-0.142191457092586,0.85741,0.0,-20764.3083,-3460.71805
calculation116,True,4,4,0,0,1.0,0.0,0.0,7.0,1.55,1.27,54.94,5.0,0.0,0.0,0.0,0.0,0.0,1,0,0,1,0.0,0.0,0.0,1.0,0.0,0.0,0.5,1.0,1.0,0.0,-1.0,0.5,-11835.8014,-2958.95035,-7.726832,3,2.447016,2.447016,6.932207,90.0,90.0,90.0,41.50927428577458,10.377318571443643,1.0,2.8329226290306235,2.8329226290306235,0.002611,0.002611,-0.002479,-0.0,0.0,-0.0,-1.4649235023540002,0.00509,0.056443,0.056443,0.014131,0.01411075,0.01411075,NM,0.01411075,0.01411075,1.213208555855062e-05,0.0,0.0,0.0,0.0,0.0,0.0,0.0008597760968446,0.0,4.9e-05,2.89946115683587e-05,15.000000250000005,2.899461156832397e-05,-2.5000000000000057e-07,2.89946115683587e-05,0.0,0.0,0.0,0.0,0.0,0.0,0.0,0.0,-2.5000000000000057e-07,-2.5000000000000057e-07,0.0,system_123,28.88434465958821,-2.2109892983927657,9.68370659652867,832.9068908022675,28.88771430436798,-2.198699123087968,9.680202055426474,831.6012675718886,3.054888836290918,3.098421140115734,-0.0070746157745555,11.686776804630984,-9.941396758553651,11.618227141918751,-9.942078405108402,-0.0122901753047979,1.4980162724221533,4.937046458009041,10.387658512560728,-878.0689509507826,1.4965843769269478,4.955256766997355,10.381575321955111,-878.6799126174001,0.0004286502069425,0.0022255190307966,-0.6769985870926288,0.2712077126523848,-14.234960118344077,0.2703590985016683,-14.22688976037281,-0.0182103089883138,0.0,0.0,0.0,0.0,0.0,0.0,0.0,0.0,0.0,0.0,0.0,0.0,0.0,0.0,0.0,0.0,0.0,0.0,0.0,0.0,0.0,0.0,0.0,0.0,0.0,0.0,0.0,0.0,0.0,0.0,0.0,0.0,3.190291683816184,3.2191987977022976,-0.0045100486488693,1.54168,0.0,-11822.0814,-2955.52035
calculation117,True,2,2,0,0,1.0,0.0,0.0,7.0,1.55,1.27,54.94,5.0,0.0,0.0,0.0,0.0,0.0,1,0,0,1,0.0,0.0,0.0,1.0,0.0,0.0,0.5,1.0,1.0,0.0,-1.0,0.5,-5917.9007,-2958.95035,-7.726547,3,2.447089,2.447089,3.466768,90.0,90.0,90.0,20.75985466504296,10.37992733252148,1.0,1.4166906066759322,1.4166906066759322,0.003078,0.003078,-0.001783,-0.0,0.0,-0.0,-2.335439473494,0.004861,0.000223,0.000223,0.000112,0.0001115,0.0001115,NM,0.0001115,0.0001115,4.999999999999986e-07,0.0,0.0,0.0,0.0,0.0,0.0,0.0,0.0,4e-05,4e-05,15.0,4.000000000026205e-05,0.0,4e-05,0.0,0.0,0.0,0.0,0.0,0.0,0.0,0.0,0.0,0.0,0.0,system_124,14.43890049107388,-2.208662156955215,9.677831289726477,831.6033640199736,14.438914054897154,-2.2085580194554546,9.677803823720687,831.592954898009,1.603723548750727,1.6038166959934417,-2.90400854258942e-05,5.816575054730063,-9.943633612996818,5.816299338487989,-9.943634679357691,-0.0001041374997603,0.7511582359499739,4.906213863777276,10.402025879517517,-878.9127622748927,0.7511533903005698,4.90636802758841,10.401984092763838,-878.9180931657406,0.0008914328506672,0.0008986170869453,-0.0040134278531431,0.1368892295476279,-14.237822930912593,0.1368860233426234,-14.237754265222796,-0.0001541638111346,0.0,0.0,0.0,0.0,0.0,0.0,0.0,0.0,0.0,0.0,0.0,0.0,0.0,0.0,0.0,0.0,0.0,0.0,0.0,0.0,0.0,0.0,0.0,0.0,0.0,0.0,0.0,0.0,0.0,0.0,0.0,0.0,1.6716452272727271,1.6716729545454545,-8.29333949665323e-06,0.73207,0.0,-5911.0407000000005,-2955.52035
calculation118,True,8,7,0,1,0.875,0.0,0.125,6.5,1.5825,1.2875,56.7875,5.625,0.0859869176095992,0.0359616683057322,0.3767701612564367,0.3429509801981277,0.0860757305250598,1,0,1,2,0.0,0.109375,0.0,0.765625,0.0,0.015625,0.375,1.0,0.5,-0.5,-1.5,1.0,-22787.7888,-2848.4736,-7.253135,17,2.584851,2.584851,13.622276,90.0,90.0,90.0,91.01661989865708,11.377077487332134,1.0,5.270043031493885,5.270043031493885,0.001422,0.001422,-0.00137,0.0,0.0,0.0,-0.7872027861720001,0.002792,1.6941449999999998,14.314241,2.086423,0.2117681249999999,1.789280125,FiM,2.010502,0.2764102857142857,1.9920631543940797,0.0,0.0,0.0,0.240727,-0.240727,0.0,0.3281980669005345,0.2116571901751995,0.111169,0.07760223541239,15.006210428571428,0.0810792979017759,-0.0062104285714285,0.0810792979017757,0.0,0.0,0.0,0.0,12.956527,0.0,0.043473,0.0,-0.0062104285714285,-0.0496834285714285,-0.043473,system_125,50.37165396917329,-2.030027281707408,9.451976654921264,799.7027465433198,50.347269074968594,-1.885358693436257,9.356796003887084,771.4983769302864,5.4488557418632295,3.2483828054571275,0.2530082306508741,21.096591537164088,-9.506176065165391,19.483721809279093,-9.478827779850754,-0.1446685882711511,2.874072399193396,6.952141666343895,9.461084114921524,-728.4794491617954,2.7369501407661896,7.635291524763311,9.034987136174834,-671.6934317826596,0.0131089261178168,-0.001002717520211,1.1656534351158157,0.329042407345686,-13.801777993468294,0.2759509608932692,-13.3172629427668,-0.6831498584194167,0.0,0.0,0.0,0.0,0.0,0.0,0.0,0.0,0.0,0.0,0.0,0.0,0.0,0.0,0.0,0.0,2.8211100873429458,2.575439665761828,7.892876527224002,452.6823138379396,2.940083487479736,1.5574763605637725,8.403089610517643,391.1497425146364,0.0653386551739381,0.0486325856154205,0.1465814484672822,0.4935665949246225,-7.672555941720966,0.6922121502946207,-8.938972244043947,1.0179633051980552,5.979012321428565,3.723962499999996,0.2324080875123367,1.41342,0.0,-22760.7588,-2845.09485
calculation119,True,4,3,1,0,0.75,0.25,0.0,7.75,1.64,1.265,55.8775,5.75,0.1558845726811989,0.0068460506228018,0.5623351446188083,0.5118595071429147,0.0290599549388541,1,1,0,2,0.1875,0.0,0.0,0.5625,0.0625,0.0,0.25,0.75,1.75,0.75,-0.25,0.25,-13436.9966,-3359.24915,-7.245261,8,4.918834,2.449485,3.478911,90.0,90.0,90.0,41.91604221330577,10.479010553326445,0.4979808222843055,0.7072633473705353,1.4139004993229205,0.001317,-0.001813,-0.004519,0.0,-0.0,0.0,2.67830527317,0.0058359999999999,0.595043,3.533739,1.469348,0.14876075,0.88343475,FiM,1.1579203333333334,0.1783549999999999,1.165985949877899,0.059978,0.059978,0.0,0.0,0.0,0.0,0.581541001251326,0.5316764079487409,0.108191,0.1005803715692082,15.030884333333333,0.0983523259082139,-0.0308843333333333,0.098352325908214,17.907347,0.0,0.092653,0.0,0.0,0.0,0.0,0.0,-0.1235373333333333,-0.0308843333333333,0.092653,system_126,21.92128140354074,-1.9007952386589415,9.4942502565336,772.2121864133445,21.943570190189774,-1.7568746158083497,9.44934099847304,758.7244374052686,2.206469680194604,0.4207601422455985,0.6796929308188262,9.07889108760154,-9.480110150492692,8.536988333856682,-9.463031991272564,-0.143920622850592,1.2947573361948332,4.127821855405813,10.693944983093964,-795.496636017412,1.3097195292118131,3.7809876733694896,11.02450399466263,-790.0640043560444,-0.0012195232137532,0.0002485088919857,0.0,0.2739151819313348,-14.09343564783691,0.3058936400210872,-14.09612654732221,0.3468341820363232,6.112567119013223,6.142485563617027,-5.075850107254313,-4.953473454027621,9.042398141326348,9.06725990961888,1209.7534533580294,1205.2418016834138,0.3785803978338962,0.2498767651796573,0.2047930077478697,4.324145860972263,4.260626184611665,-9.79221029072257,-9.779778094608169,-0.1223766532266923,0.0,0.0,0.0,0.0,0.0,0.0,0.0,0.0,0.0,0.0,0.0,0.0,0.0,0.0,0.0,0.0,2.8567800681818145,0.7648045129870124,0.5776409492332332,0.73012,0.0,-13421.1366,-3355.28415
calculation120,True,10,9,0,1,0.9,0.0,0.1,6.6,1.576,1.284,56.418,5.5,0.078,0.0327102803738317,0.3250829733914482,0.2959032742893845,0.0785919387429544,1,0,1,2,0.0,0.09,0.0,0.81,0.0,0.01,0.4,1.0,0.5999999999999996,-0.4000000000000003,-1.4000000000000004,0.9000000000000004,-28705.6702,-2870.56702,-7.358732,17,2.570489,12.847139,3.403976,90.0,90.0,90.0,112.41096139091772,11.241096139091772,4.997935801320294,1.3242523115251612,1.3242523115251612,-0.000272,0.000816,0.000931,0.0,-0.0,-0.0,-0.7877368450499999,0.001203,2.012475,17.490773,2.147534,0.2012475,1.7490773000000002,FiM,1.9215204444444445,0.245507111111111,1.91230355954891,0.0,0.0,0.0,0.197089,-0.197089,0.0,0.3079252047976903,0.2063733179211995,0.341225,0.1513357222868745,14.962086,0.1052263513743376,0.0379139999999999,0.1052263513743375,0.0,0.0,0.0,0.0,13.341225,0.0,-0.341225,0.0,0.0379139999999999,0.379139,0.341225,system_127,65.03793998922643,-1.9736815658736584,9.531903005662086,807.549976311671,65.05718981206391,-1.8271338450467651,9.459301670157185,785.1464787010997,4.175721311307963,4.845921356962395,-0.0742880282779947,27.08556344652856,-9.54081509943386,25.04813104571476,-9.527753532102423,-0.1465477208268932,3.597273540711243,7.5047658636637635,9.07344034171648,-706.3160617465571,3.4769328258081744,7.863024301197386,8.841193692086131,-695.5814403033207,-0.0106753435597563,0.0057894066092742,0.0,0.3604845852795881,-13.91818597390007,0.3308595027568143,-13.73834008942328,-0.3582584375336228,0.0,0.0,0.0,0.0,0.0,0.0,0.0,0.0,0.0,0.0,0.0,0.0,0.0,0.0,0.0,0.0,2.97113531399769,2.491662000549264,8.639568046669357,381.2879853764879,3.115538220282423,1.169662331668957,9.0617546742785,355.17884168315874,0.0418488245513122,0.039708449108169,0.0262438326724813,0.5602062054331213,-8.723532303334094,0.7859041223852149,-9.863740199579263,1.3219996688803066,4.537333370629372,5.324240538461539,-0.0797952918151082,2.64346,0.0,-28671.7802,-2867.1780200000003
calculation121,True,10,2,5,3,0.2,0.5,0.3,7.3,1.808,1.302,61.249,8.0,0.1360735095453923,0.0546125617039359,1.0296530140645737,0.9372305632161296,0.0934518957916293,1,1,1,3,0.1,0.06,0.15,0.04,0.25,0.09,-0.3,0.2857142857142857,1.2999999999999998,0.2999999999999998,-0.7000000000000002,0.2000000000000001,-34945.4172,-3494.54172,-6.588664,35,2.908919,2.908917,13.661250000000036,90.00000419403638,90.0,90.0,115.5988189485896,11.55988189485896,0.9999993124593708,4.696332211381629,4.696332211381629,-0.000575,-0.000574,0.001179,-0.0,0.0,-0.0,-0.01602176634,0.001754,-1.110336,5.391268,2.677524,-0.1110336,0.5391268,FiM,2.3370715,-0.3404525,2.3370715,0.1120612,-0.0765551999999999,0.1655252163682621,0.052273,-0.0155516666666666,0.0581158465041066,1.7026482972210504,0.2402250435769513,0.507532,0.2426344077904038,15.0846325,0.2427834999999998,-0.0846324999999999,0.2427834999999999,17.843362399999997,0.0985780173499138,0.1566376,0.0985780173499142,13.204641,0.2306533833453706,-0.204641,0.230653383345371,-0.2412701,0.1200085,0.3612786,system_128,14.265614376473092,-1.4058606387305088,9.33713926038414,791.1975476981414,14.231759089554716,-1.7170232078087635,9.42338047962088,828.0667996577091,1.1325085197558464,1.6514307999292286,-0.1863985599485278,5.377762549757136,-9.04189538299748,6.111000148173238,-9.00413691544524,0.3111625690782547,0.6962630571725671,6.265950441382118,9.806850022842363,-943.7337910386822,0.6449794161741503,8.011708657853074,8.434886169628353,-706.053028984042,-0.000121522524026,0.0188847370883118,-1.0129532733966935,0.053312592779646,-21.15883827967124,0.0015969522345983,-267.2976398066783,-1.7457582164709562,32.00577858321953,31.932986296881666,-3.1972392961869907,-3.2871506018745937,9.439177938030603,9.451560597491016,1187.8905925823328,1199.6981288615705,1.79844022655389,2.1101668444168835,-0.079753889864803,21.624580857646563,21.861043232038742,-8.565134719324929,-8.611524443661617,0.089911305687603,9.5545692823323,1.838278783282777,8.17522228451176,355.49639144028185,9.574706954170356,1.7652466782642455,8.168955871755124,352.0701979254846,0.2422433751435054,0.3659309319155842,-0.2033751760579742,2.163980654046932,-8.595817165732608,2.1852905313260225,-8.6367341776761,0.0730321050185314,3.645474275724272,4.736020236263743,-0.1301135446643397,2.08323,0.0,-34901.64720000001,-3490.1647200000007
calculation122,True,8,2,0,6,0.25,0.0,0.75,4.0,1.745,1.375,66.025,8.75,0.112583302491977,0.0440885660108441,0.5623351446188083,0.5118595071429147,0.0969318854065429,1,0,1,2,0.0,0.1875,0.0,0.0625,0.0,0.5625,-0.25,1.0,-2.0,-3.0,-4.0,3.5,-18367.5354,-2295.941925,-6.351509,38,5.4376500924528965,2.822406,8.070925202506213,90.0,101.25804188298814,90.0,121.48310311226383,15.18538788903298,0.5190488449996654,1.4842671126831295,1.4842671126831295,0.002069,-0.001452,4.1e-05,-0.0,0.000635,-0.0,-0.3514107417240001,0.003521,-0.000304,6.322396,2.914821,-3.800000000001025e-05,0.7902995,AFM,2.914665,-0.000156,2.914665,0.0,0.0,0.0,0.0821776666666666,1.3333333333346669e-06,0.0834294847474333,1.5520272739758922,9.616145001339932e-05,0.576577,0.3702420772990963,14.423677,0.0002539999999999,0.576323,0.0002539999999999,0.0,0.0,0.0,0.0,13.192107666666663,0.1874855119644062,-0.1921076666666666,0.1874855119644063,0.576323,0.7684306666666667,0.1921076666666666,system_129,14.648826848307332,-0.4961575116326454,9.790433503229703,832.0809776663001,14.648829707147998,-0.4963099705800677,9.79051292638642,832.0990641131858,1.7847889437783206,1.7849626465881108,-4.865963510146969e-05,5.762571542463912,-8.390548096236882,5.762889289413589,-8.39067252886966,0.0001524589474223,-0.3384859606106407,0.0,0.0,0.0,-0.3384713480042913,0.0,0.0,0.0,-0.0165166636361638,-0.0165521152272727,0.0,-0.6446005748581829,0.0,-0.6446034122930978,0.0,0.0,0.0,0.0,0.0,0.0,0.0,0.0,0.0,0.0,0.0,0.0,0.0,0.0,0.0,0.0,0.0,0.0,16.7387197222792,1.5249107434693965,7.76700410789036,474.7904045202396,16.73873161772667,1.5248881482356689,7.767012087911457,474.78826417975705,0.74951889067952,0.7496142408463533,-6.3603535155155e-05,3.145280222703464,-7.461385540848663,3.145285384836387,-7.461374939763889,2.2595233727606967e-05,2.9569456730769232,2.9572737115384617,-5.546606241760808e-05,0.79349,0.0,-18342.5554,-2292.819425
calculation123,True,4,1,3,0,0.25,0.75,0.0,9.25,1.82,1.255,57.7525,7.25,0.1558845726811989,0.0069006008269675,0.5623351446188083,0.5118595071429147,0.0281164907509774,1,1,0,2,0.1875,0.0,0.0,0.0625,0.5625,0.0,-0.25,0.25,3.25,2.25,1.25,1.75,-16639.3152,-4159.8288,-6.595888,10,4.9645,2.49199,3.437541,90.0,90.0,90.0,42.527484701171055,10.631871175292764,0.5019619297008762,0.6924244133346762,1.4442009564395015,-0.000403,0.002866,0.00132,0.0,0.0,0.0,-2.020344735474,0.003269,-3.0685900000000004,3.261508,2.66936,-0.7671475000000001,0.815377,FM,2.66936,-2.66936,0.0,0.1973826666666666,-0.1330766666666666,0.1623062366317313,0.0,0.0,0.0,1.3149503790850847,0.9085710837336168,0.164977,0.1341606250898526,15.099294,0.0,-0.099294,0.0,17.966902,0.1400601799822732,0.0330979999999999,0.1400601799822728,0.0,0.0,0.0,0.0,-0.1323919999999999,-0.099294,0.0330979999999999,system_130,7.638594364819458,-0.2625714889840796,8.743070629986166,567.6579448905908,7.644206842111614,-1.9152892288647083,9.56809950393118,772.8218706354012,0.3382675461096404,1.936317556670629,-0.702567694041283,1.6308753152309552,-8.808509955115241,4.186866877485223,-8.94292988703997,1.6527177398806288,0.5798479935070073,1.9763165712328836,11.071962305088691,-421.3370988039541,0.6036710158270766,3.763407510745012,10.309569966696628,-590.9441887226308,0.0087928830194305,0.0098250094340659,-0.0554373389583921,0.1881225237555177,-12.891305212172975,0.1399473271146661,-12.972869011959748,-1.7870909395121282,18.859802038529292,18.76221484784947,-3.818513204241472,-4.029774917534711,8.68658205062742,8.75111653681951,1001.3301760310892,1036.2904507317392,1.3064843890829176,3.2973720989863624,-0.4324391333793212,12.682602004277893,13.235436577408825,-8.622034168130897,-8.694692732146791,0.2112617132932395,0.0,0.0,0.0,0.0,0.0,0.0,0.0,0.0,0.0,0.0,0.0,0.0,0.0,0.0,0.0,0.0,1.788569209790212,5.408372757242754,-0.5029641150413297,1.14258,0.0,-16619.1752,-4154.7938
calculation124,True,6,3,3,0,0.5,0.5,0.0,8.5,1.73,1.26,56.815,6.5,0.1799999999999999,0.0079365079365079,0.6931471805599453,0.6309297535714574,0.0330018481034937,1,1,0,2,0.25,0.0,0.0,0.25,0.25,0.0,0.0,0.5,2.5,1.5,0.5,1.0,-22557.2908,-3759.5484666666666,-6.761154,7,7.559224,2.51937,3.427705,90.0,90.0,90.0,65.27886675268081,10.879811125446802,0.3332842101252721,0.4534466765371683,2.205330972181095,0.003847,-0.00228,1.1e-05,0.0,0.0,-0.0,-0.8427449094840002,0.006127,3.768752,8.62763,2.651456,0.6281253333333333,1.437938333333333,FiM,2.5774306666666664,0.9578046666666666,2.3951429663522985,0.298446,0.298446,0.1513229726534166,0.0,0.0,0.0,0.7975965910889279,0.4897430229777327,0.114248,0.089167210625132,15.050719,0.0518280986595754,-0.0507189999999999,0.0518280986595752,17.949281,0.0898365024289502,0.050719,0.0898365024289496,0.0,0.0,0.0,0.0,-0.101438,-0.0507189999999999,0.050719,system_131,22.132202045137102,-1.714243785972223,9.432093439034787,755.2809751797881,22.130734033012,-1.087054614692145,9.139613324412467,670.0224078747974,1.285171842386008,2.256523423504435,-0.2742617611609261,10.125234214196142,-9.08360491258471,7.2080833953813475,-9.110781787215542,-0.6271891712800781,1.6722286211340796,4.638145223362149,10.406254212437224,-684.5305989552487,1.6349651861832046,3.7078722497599736,10.791444128160467,-642.3121703422227,0.001394967739641,-0.0002920741872272,1.5296507293710562,0.3407271730188346,-13.209762542795202,0.4052476970025576,-13.123116239009448,0.9302729736021752,18.716313934043868,18.83213414884178,-4.304345918950404,-3.94534843105754,8.769886915734025,8.697040326627164,1059.4725745953554,1015.303730558413,1.3017202854715668,1.9853842966817288,-0.2079836506942871,13.458820358435496,12.446665627040511,-8.922841438963413,-8.77626438952567,-0.3589974878928643,0.0,0.0,0.0,0.0,0.0,0.0,0.0,0.0,0.0,0.0,0.0,0.0,0.0,0.0,0.0,0.0,2.7721383896103933,4.631997077922079,-0.2511918773592494,1.95685,0.0,-22530.2908,-3755.0484666666666
calculation125,True,10,1,4,5,0.1,0.4,0.5,6.2,1.824,1.332,63.83,8.7,0.1027813212602367,0.0587123567447962,0.9433483923290392,0.858672711073255,0.0937605972891389,1,1,1,3,0.04,0.05,0.2,0.01,0.16,0.25,-0.4,0.2,0.2000000000000001,-0.7999999999999998,-1.7999999999999998,1.2999999999999998,-31575.8614,-3157.5861400000003,-6.405987,26,13.366996,2.938861,3.266575,90.0,90.0,90.0,128.32329354662005,12.832329354662004,0.2198594957311276,0.2443761485377866,4.09205237902084,-0.000396,-0.000968,0.000617,-0.0,-0.0,0.0,0.3989419818659999,0.001585,-3.772485,4.581249,3.563903,-0.3772485,0.4581248999999999,FM,3.563903,-3.563903,0.0,0.152934,-0.152934,0.2155619423959155,0.081122,0.0806308,0.0968517371788446,2.285336376297961,0.8726915501764906,0.93985,0.4599051256549442,14.506323,0.0,0.493677,0.0,17.608146,0.0506189421313797,0.391854,0.05061894213138,13.4122184,0.2819017136312581,-0.4122184,0.2819017136312584,0.1018229999999999,0.9058954,0.8040724,system_132,7.435418786137669,0.5517833788848912,9.14493976242239,657.4680061579567,7.490986586385519,-1.465439501318111,10.301362380403448,954.652664943604,0.8512334466766761,0.3289277310295201,0.442571511005241,1.2433471218620056,-8.256016178299529,4.495311173143511,-8.79946491572552,2.0172228802030023,0.032953967173704,165.85029798479786,0.0,8825513.46654786,0.1702792455440165,32.89901204040624,0.0,60651.3519561185,-0.0082745807233766,-0.0107567472491008,0.0,-0.1806310896048459,0.0,-0.1617774397704099,0.0,132.95128594439163,26.05435468220243,26.002150269708,-2.7532887011149016,-2.8887907845328824,9.559600950554108,9.617421036035454,1163.137346670575,1189.4692955645146,1.8812540424705824,1.6115857647058422,0.0772060250832794,17.225075592608412,17.777242179430633,-8.368701131531262,-8.447805121684413,0.1355020834179807,15.596377462224716,1.6799277294770332,8.056693201859712,356.5185767783677,15.421671400004207,1.8778159165429475,7.932675854803334,375.505700579692,0.5469683846364146,0.5940911643744248,-0.0412973887110974,3.361748725694323,-8.35227574757681,3.0723089768189897,-8.118054524505133,-0.1978881870659143,3.974719742257743,3.4970052902097897,0.063936299846702,1.08272,0.0,-31535.0514,-3153.50514
calculation126,True,4,2,0,2,0.5,0.0,0.5,5.0,1.6800000000000002,1.34,62.33,7.5,0.13,0.0522388059701492,0.6931471805599453,0.6309297535714574,0.1185624899727257,1,0,1,2,0.0,0.25,0.0,0.25,0.0,0.25,0.0,1.0,-1.0,-2.0,-3.0,2.5,-10068.2881,-2517.072025,-6.799237,8,2.683398,2.683399,7.158563,90.0,90.0,90.0,51.546145668450734,12.886536417112683,1.0000003726618265,2.667723162944893,2.667723162944893,0.003515,0.003516,0.002263,-0.0,0.0,0.0,-4.963543212132,0.001253,4.68008,6.241492,2.730394,1.17002,1.560373,FM,2.7303930000000003,2.7303930000000003,9.999999999177334e-07,0.0,0.0,0.0,0.390353,-0.390353,4.799999999999249e-05,0.7498335337079743,0.8570341339140556,0.539704,0.5394947703404431,14.460505,2.000000000279556e-06,0.5394950000000001,2.000000000002e-06,0.0,0.0,0.0,0.0,13.5394945,0.0002095000000004,-0.5394945,0.0002094999999999,0.5394950000000001,1.0789895,0.5394945,system_134,14.685598449666422,-1.7770125382559527,10.04727469559864,949.3788121337078,14.582218883993573,-0.3730754478174554,9.043389236430723,682.3822600657129,0.3952068685772721,0.6598740565195795,-0.2508501306835891,8.378941659430673,-8.925026191224477,3.4870398137323053,-8.46445694611284,-1.4039370904384971,-0.1771534118495621,0.0,0.0,0.0,-0.5024459652959747,0.0,0.0,0.0,-0.0016002556031468,-0.0037557431825174,0.0,-0.5387708274096504,0.0,-0.680693626697107,0.0,0.0,0.0,0.0,0.0,0.0,0.0,0.0,0.0,0.0,0.0,0.0,0.0,0.0,0.0,0.0,0.0,0.0,6.070652296029666,1.4535706448242316,8.954154254224708,338.6519728380176,6.460614907955797,0.3269621146560753,9.377815604372906,349.060138099958,0.0726402858370628,0.0614404145293705,0.0835308234300973,1.3431180695533185,-9.706287868374533,1.9558341896956728,-10.25884625504202,1.1266085301681563,0.6358753099400585,0.7953186963036946,-0.1114058511061711,0.06464,0.0,-10055.3881,-2513.847025
calculation127,True,8,5,0,3,0.625,0.0,0.375,5.5,1.6475,1.3224999999999998,60.4825,6.875,0.125871958751741,0.0512493070386614,0.6615632381579821,0.6021808102656678,0.1183042488673286,1,0,1,2,0.0,0.234375,0.0,0.390625,0.0,0.140625,0.125,1.0,-0.5,-1.5,-2.5,2.0,-21019.8097,-2627.4762125,-7.014712,21,5.326446572137376,5.367996482565353,3.468695,90.0,90.0,90.23794230201548,99.17727398644656,12.39715924830582,1.007800680972813,0.6512212134342494,1.5355765128203476,0.002455,3.4e-05,0.000241,0.0,-0.0,0.001509,-1.4579807369400002,0.002421,4.588845000000001,11.671463,2.93452,0.5736056250000001,1.458932875,FiM,2.2129348,1.0391268,2.0113962182636618,0.0,0.0,0.0,0.2022629999999999,-0.2022629999999999,0.0954930579082409,0.7168302927113621,0.5644228879305362,0.558498,0.4021191059830524,14.6967004,0.111388557533707,0.3032996,0.1113885575337072,0.0,0.0,0.0,0.0,13.505499,0.0409071942409483,-0.505499,0.0409071942409482,0.3032996,0.8087986,0.505499,system_135,36.31040890368375,-1.787085026626408,9.578252265382533,828.8193840355256,36.41494713662847,-1.136405718851112,9.27976388262548,732.3418198124915,1.3496785863686316,3.34407933774975,-0.4249049021324896,17.14009891133766,-9.03609375292653,12.226107125072872,-8.953573444271845,-0.6506793077752961,0.6298858831175915,40.35070432177175,0.0,128443.82711450284,0.3463543744368966,79.50047562023994,0.0,1002239.139879172,-0.0026560376510989,0.0153905554008491,-1.417139887554987,-0.7479209696671291,0.0,-0.9044021141684296,0.0,-39.14977129846819,0.0,0.0,0.0,0.0,0.0,0.0,0.0,0.0,0.0,0.0,0.0,0.0,0.0,0.0,0.0,0.0,8.774294314832495,1.6613098879061174,8.371310505156872,385.8444877851615,9.105251850012362,0.9057678339086824,8.725546097995483,363.63798957339134,0.1244448947952047,0.1317544192894605,-0.0285306169548924,1.7919236883705938,-8.88602495467159,2.306805061692989,-9.561758271814176,0.755542053997435,1.659801976023979,3.7082053071928063,-0.3815947376921811,1.48314,0.0,-20993.5997,-2624.1999625000003
calculation128,True,8,2,0,6,0.25,0.0,0.75,4.0,1.745,1.375,66.025,8.75,0.112583302491977,0.0440885660108441,0.5623351446188083,0.5118595071429147,0.0969318854065429,1,0,1,2,0.0,0.1875,0.0,0.0625,0.0,0.5625,-0.25,1.0,-2.0,-3.0,-4.0,3.5,-18367.5292,-2295.94115,-6.215074,10,2.767443,5.536014,8.003111,90.0,90.0,90.0,122.61248793414696,15.32656099176837,2.0004075964708217,2.8918792546043406,2.8918792546043406,-0.000372,-0.000275,-0.005817,-0.0,0.0,0.0,3.452156587392,0.005542,4.77981,6.46368,2.810876,0.5974762499999999,0.80796,FM,2.8108725,2.8108725,3.5000000000451337e-06,0.0,0.0,0.0,0.1403225,-0.1403225,0.0959183279805446,1.434924724812375,0.9259493271217388,0.721397,0.4194622897520109,14.27861,7.000000000090267e-06,0.72139,6.999999999979245e-06,0.0,0.0,0.0,0.0,13.240463333333333,0.0575125317174924,-0.2404633333333333,0.0575125317174922,0.72139,0.9618533333333332,0.2404633333333333,system_136,14.58995997061384,-1.4105828089029635,10.060272317004856,959.8502966166486,14.490004987091478,0.0562687914277079,9.070612952479143,697.4097308225307,0.3736878007630366,2.4063154348487004,-0.731160168465914,8.422974658644518,-8.50384432217371,3.4615363520185176,-7.92125305095057,-1.4668516003306713,-0.1476812271874078,0.0,0.0,0.0,-0.530177045465937,0.0,0.0,0.0,0.0031726778591408,0.0020528339222277,0.2143032077558067,-0.632152281998837,0.0,-0.7982830758976911,0.0,0.0,0.0,0.0,0.0,0.0,0.0,0.0,0.0,0.0,0.0,0.0,0.0,0.0,0.0,0.0,0.0,0.0,16.5969223994655,1.708427967670131,7.2287562282547775,501.2804778693536,16.909682094641266,1.2240317459840977,7.425318635741277,446.2242494049751,0.4441225225280216,1.0073857288693806,-0.3880537405137668,2.511194004153237,-6.478439229954392,3.198072028469722,-7.329492030219483,0.4843962216860336,1.119764051948051,3.9455827012987,-0.5578726959885569,0.64933,0.0,-18342.5492,-2292.81865
calculation129,True,10,6,4,0,0.6,0.4,0.0,8.2,1.694,1.262,56.44,6.2,0.1763632614803887,0.0077638343669831,0.6730116670092565,0.6126016192893442,0.0325499168513002,1,1,0,2,0.24,0.0,0.0,0.36,0.16,0.0,0.0999999999999999,0.6,2.1999999999999997,1.1999999999999993,0.1999999999999993,0.6999999999999993,-35994.4367,-3599.44367,-6.766198,7,2.552245,12.67845,3.444924,90.0,90.0,90.0,111.4726098399541,11.14726098399541,4.96756776876828,1.3497622681208112,1.3497622681208112,0.000545,-0.001514,0.000422,0.0,-0.0,0.0,0.2921302062659999,0.002059,-0.0030839999999998,17.624601999999996,3.244493,-0.0003083999999999,1.7624601999999996,AFM,2.932170333333333,-0.0004433333333332,2.9404959645809563,0.007895,-0.0001059999999999,0.0106443023021708,0.0,0.0,0.0,0.8186318671563674,0.0005307559937246,0.232362,0.1341753290772935,15.089727166666668,0.0827389083229422,-0.0897271666666666,0.0827389083229421,17.865409250000003,0.0674376768890169,0.1345907499999999,0.0674376768890173,0.0,0.0,0.0,0.0,-0.2243179166666666,-0.0897271666666666,0.1345907499999999,system_137,44.61428609328664,-1.2956395534463507,9.263747534007445,699.5909867382296,44.614293799760055,-1.2960240310591518,9.26395182322453,699.652871765649,2.31469576147452,2.308052427029876,0.0014370963274971,17.352500696817206,-9.030119737379964,17.355269185942248,-9.030240821881446,0.000384477612801,3.49722211266792,3.225783269070089,11.2673373295617,-561.0938728973617,3.497747160389851,3.2263062562239626,11.267930856311244,-561.0673300803716,0.0162899478833469,0.0164061428591087,-0.0035537880255183,0.963796322725218,-13.178962210761878,0.9639264946364724,-13.179092023500363,-0.0005229871538734,24.53706517116704,24.53695662469207,-4.318983016204814,-4.319214610376314,8.748908378896186,8.749068482437062,1091.743278972032,1091.8158221993915,1.1571724501685303,1.1530994366675404,0.0017630018026008,17.25977406604375,17.260486523092062,-8.918191527461602,-8.918400933216503,0.0002315941714998,0.0,0.0,0.0,0.0,0.0,0.0,0.0,0.0,0.0,0.0,0.0,0.0,0.0,0.0,0.0,0.0,3.912746571428568,3.902643428571424,0.0012927240812221,3.71262,0.0,-35951.5767,-3595.15767
calculation130,True,4,0,2,2,0.0,0.5,0.5,6.5,1.86,1.33,64.205,9.0,0.0499999999999999,0.0601503759398495,0.6931471805599453,0.6309297535714574,0.0858967370142512,0,1,1,2,0.0,0.0,0.25,0.0,0.25,0.25,-0.5,0.0,0.5,-0.5,-1.5,1.0,-13271.1436,-3317.7859,-6.544044,20,2.791144,5.0162380000008975,3.5816960000005587,90.00006625984345,90.0,90.0,50.1474782628803,12.536869565720076,1.7971978514906064,1.2832358344824053,1.2832358344824053,-0.001836,-0.000351,-0.001306,-1e-06,0.0,-0.0,1.865467660854,0.001485,0.237487,0.237487,0.11186,0.05937175,0.05937175,FM,0.0,0.0,0.0,0.111769,0.111769,9.10000000000008e-05,0.0069745,0.0069745,7.500000000000128e-06,0.8825289768118448,0.0,0.245792,0.2452763392298572,0.0,0.0,0.0,0.0,17.754724,0.0002579999999987,0.245276,0.0002579999999999,13.245276,0.0005160000000001,-0.245276,0.000516,-0.245276,0.245276,0.490552,system_138,0.0,0.0,0.0,0.0,0.0,0.0,0.0,0.0,0.0,0.0,0.0,0.0,0.0,0.0,0.0,0.0,0.0,0.0,0.0,0.0,0.0,0.0,0.0,0.0,0.0,0.0,0.0,0.0,0.0,0.0,0.0,0.0,12.914744535586198,12.908766101712963,-3.056524411405355,-2.9759584107188157,9.557750628116976,9.502915337798184,1196.986343593857,1177.2348694819382,0.4081159777204109,1.024073583564029,-0.4300810608416983,8.90746942074028,8.781481561876358,-8.507162834622495,-8.420100180069552,-0.0805660006865398,5.899535297951886,2.2310735288196857,7.654789296512916,431.0645381697698,5.907946612998426,2.2121528399138013,7.66843720628213,426.2519025971301,0.1000698084343696,0.1387321997965042,-0.1619014498603204,1.0728888564965566,-7.2390331407187505,1.0851993816294854,-7.285875738237688,0.0189206889058843,0.7096708146853165,1.414788646853152,-0.3319045832285313,0.49164,0.0,-13253.9636,-3313.4909
calculation131,True,8,8,0,0,1.0,0.0,0.0,7.0,1.55,1.27,54.94,5.0,0.0,0.0,0.0,0.0,0.0,1,0,0,1,0.0,0.0,0.0,1.0,0.0,0.0,0.5,1.0,1.0,0.0,-1.0,0.5,-23671.5987,-2958.9498375,-7.734676,5,9.85715,2.445675,3.44933,90.0,90.0,90.0,83.15432742739391,10.39429092842424,0.2481117767305965,0.3499317754117569,2.8576999011402218,0.002606,-0.0023,0.0023,0.0,0.0,0.0,-1.3917574360679998,0.004906,0.0001049999999999,0.004177,0.000538,1.3124999999999951e-05,0.000522125,NM,0.000522125,1.3124999999999951e-05,0.0005221270050236,0.0,0.0,0.0,0.0,0.0,0.0,0.0,0.0,0.000247,0.0001972650501229,15.0,0.000197265050123,0.0,0.0001972650501229,0.0,0.0,0.0,0.0,0.0,0.0,0.0,0.0,0.0,0.0,0.0,system_139,57.95380904543229,-2.146254453162463,9.761458793432368,851.5966266004979,57.95382407477268,-2.1462358928286127,9.761451847704464,851.5939711320597,4.5280546665603705,4.527599161301667,5.030064834218599e-05,23.398921530019763,-9.948097232338124,23.398794585642563,-9.948090720219172,-1.8560333850281552e-05,3.14664298082741,5.4676028087919,10.517885233401458,-902.2666047477012,3.146637736382715,5.467631292927331,10.517873864580649,-902.267017712375,0.0005486029627048,0.0005476995228783,0.0008240789731432,0.5408357714869543,-14.28416652444554,0.5408329236389897,-14.284150004517295,-2.8484135430772994e-05,0.0,0.0,0.0,0.0,0.0,0.0,0.0,0.0,0.0,0.0,0.0,0.0,0.0,0.0,0.0,0.0,0.0,0.0,0.0,0.0,0.0,0.0,0.0,0.0,0.0,0.0,0.0,0.0,0.0,0.0,0.0,0.0,4.680028420579414,4.679576789710284,4.8253196473900165e-05,3.99861,0.0,-23644.1587,-2955.5198375
calculation132,True,6,1,4,1,0.1666666666666666,0.6666666666666666,0.1666666666666666,8.333333333333332,1.833333333333333,1.2799999999999998,59.90333333333333,7.833333333333333,0.1318669362990165,0.0457770724772055,0.8675632284814612,0.7896900821428474,0.0767693130519688,1,1,1,3,0.1111111111111111,0.0277777777777777,0.1111111111111111,0.0277777777777777,0.4444444444444444,0.0277777777777777,-0.3333333333333333,0.2,2.333333333333332,1.333333333333332,0.3333333333333321,0.8333333333333321,-23274.8617,-3879.1436166666663,-6.477823,10,2.548078,7.479683,3.529209,90.0,90.0,90.0,67.26254389521908,11.210423982536511,2.935421521633168,1.385047474998803,1.385047474998803,-0.003891,-0.004016,-0.001298,-0.0,0.0,-0.0,4.91601197199,0.002718,-4.457495,5.035140999999999,3.163862,-0.7429158333333333,0.8391901666666666,FM,3.163862,-3.163862,0.0,0.395614,-0.395614,0.1117578373649919,0.288823,0.288823,0.0,1.2444736035678257,0.6957399398860338,0.284511,0.1759061101421248,14.840329,0.0,0.159671,0.0,17.98635575,0.1684607235639431,0.01364425,0.1684607235639438,13.214248,0.0,-0.214248,0.0,0.14602675,0.373919,0.22789225,system_140,7.572935248798521,0.2734147905189489,8.95928176792277,590.1244839747839,7.599262372163889,-1.5634161198870358,9.971347854500776,843.7100922669258,0.7911402118048207,0.1512427725136111,0.6790205786175229,1.431950069100709,-8.569079746196213,4.418921151816856,-8.812063592555083,1.8368309104059848,0.2660619033666166,18.485382360427497,0.0,10627.11286490686,0.3419669959666989,15.34846351641256,0.0,6825.909607033039,-0.0042580673004495,0.0033160315464535,0.0,-0.0616831705094906,0.0,-0.066357571672331,0.0,3.136918844014936,25.24934351824606,25.131078468107734,-3.531372814414013,-3.92351314413803,8.723294099953023,8.863676621922803,1005.7908708733132,1071.3979713991366,5.906682223186939,0.5453095699511726,0.8309639604529174,16.404538159320758,18.226059795202183,-8.420102398801637,-8.620824629207887,0.3921403297240173,3.1554147430145054,2.8995628353244784,8.167178777507393,286.11602062684204,3.02173650031484,4.040133615615178,7.4496703233356545,419.75965254857,0.1361495191544707,0.0201474477653596,0.7421901632205834,0.5956030200243713,-8.20608624024208,0.3626157800348468,-5.9771522620654,-1.1405707802907,7.009550183066934,0.8392648159340654,0.7861422861818281,0.78434,0.0,-23246.1317,-3874.355283333334
calculation133,True,6,6,0,0,1.0,0.0,0.0,7.0,1.55,1.27,54.94,5.0,0.0,0.0,0.0,0.0,0.0,1,0,0,1,0.0,0.0,0.0,1.0,0.0,0.0,0.5,1.0,1.0,0.0,-1.0,0.5,-17753.6849,-2958.9474833333334,-7.760638,3,2.447598,2.447598,10.407148,90.0,90.0,90.0,62.346475864592335,10.39107931076539,1.0,4.251984190214242,4.251984190214242,0.003056,0.003056,-0.003975,0.0,-0.0,0.0,-1.141283822286,0.007031,0.000777,0.000777,0.000141,0.0001295,0.0001295,NM,0.0001295,0.0001295,8.519585279421373e-06,0.0,0.0,0.0,0.0,0.0,0.0,0.0,0.0,0.000106,5.596725232967341e-05,15.0,5.5967252329968905e-05,-1.694065894508601e-21,5.596725232967341e-05,0.0,0.0,0.0,0.0,0.0,0.0,0.0,0.0,-1.694065894508601e-21,-1.694065894508601e-21,0.0,system_141,43.04312471174141,-2.3609730760121472,9.556344170600536,810.5186125484626,43.0431878165532,-2.3608287935326637,9.556296718487305,810.5012977878124,3.183929336661938,3.183676146813886,3.976217570463806e-05,17.48114556324859,-9.952677676692026,17.480304934095518,-9.95263727554821,-0.0001442824794839,2.3588259556029936,5.487048620086393,10.443423774612311,-926.4986305508878,2.3587996687011774,5.4872832436142085,10.443347125142497,-926.5047045167396,-0.0007571390973026,-0.0007607818776723,0.0,0.4059908222827335,-14.25864867263804,0.4059762713370825,-14.258522209337736,-0.0002346235278158,0.0,0.0,0.0,0.0,0.0,0.0,0.0,0.0,0.0,0.0,0.0,0.0,0.0,0.0,0.0,0.0,0.0,0.0,0.0,0.0,0.0,0.0,0.0,0.0,0.0,0.0,0.0,0.0,0.0,0.0,0.0,0.0,3.284728945054945,3.284345852147852,5.83176351190363e-05,1.95093,0.0,-17733.1049,-2955.517483333333
calculation134,True,8,8,0,0,1.0,0.0,0.0,7.0,1.55,1.27,54.94,5.0,0.0,0.0,0.0,0.0,0.0,1,0,0,1,0.0,0.0,0.0,1.0,0.0,0.0,0.5,1.0,1.0,0.0,-1.0,0.5,-23671.6045,-2958.9505625,-7.727146,3,2.446766,4.89419,6.931275,90.0,90.0,90.0,83.00158623406638,10.375198279258298,2.0002689264114344,2.832831173884221,2.832831173884221,0.002198,0.003933,-0.002914,-0.0,0.0,0.0,-1.7180674105259996,0.006847,0.1088599999999999,0.18752,0.037048,0.0136074999999999,0.02344,FM,0.02344,0.0136074999999999,0.0234400003252986,0.0,0.0,0.0,0.0,0.0,0.0,0.5805247679331371,0.0,0.000532,0.0005286346653171,15.000000125,0.0005286346653172,-1.2499999999996238e-07,0.0005286346653171,0.0,0.0,0.0,0.0,0.0,0.0,0.0,0.0,-1.2499999999996238e-07,-1.2499999999996238e-07,0.0,system_142,57.7423569071927,-2.222138465146461,9.676483110755742,832.2138657462947,57.74853473337424,-2.210307192760306,9.672961180261076,830.9219320968423,5.293673796919739,5.457117285098191,-0.0152029266434012,23.398044926566488,-9.945909722059293,23.2772630583091,-9.94538731533282,-0.0118312723861544,2.993848908752024,4.971996415175836,10.34854919588652,-877.0945145503499,2.9908181289908047,4.987851542636645,10.342159743737543,-877.5741024007446,0.011495806967565,0.0122361190209564,-0.0311947733930037,0.535638698288688,-14.244806289396424,0.5339847262219086,-14.237546314057523,-0.0158551274608091,0.0,0.0,0.0,0.0,0.0,0.0,0.0,0.0,0.0,0.0,0.0,0.0,0.0,0.0,0.0,0.0,0.0,0.0,0.0,0.0,0.0,0.0,0.0,0.0,0.0,0.0,0.0,0.0,0.0,0.0,0.0,0.0,5.456975806193811,5.614752479520483,-0.0142504105280698,3.23968,0.0,-23644.164500000003,-2955.5205625000003
calculation135,True,10,5,5,0,0.5,0.5,0.0,8.5,1.73,1.26,56.815,6.5,0.1799999999999999,0.0079365079365079,0.6931471805599453,0.6309297535714574,0.0330018481034937,1,1,0,2,0.25,0.0,0.0,0.25,0.25,0.0,0.0,0.5,2.5,1.5,0.5,1.0,-37595.4003,-3759.54003,-6.912336,5,2.453473,12.324936,3.472019,90.0,90.0,90.0,104.99002736292796,10.499002736292796,5.023465104364304,1.415144572611967,1.415144572611967,0.004486,0.000421,-0.002737,0.0,-0.0,0.0,-1.1589077652600004,0.007223,-4.31635,7.446836,1.872667,-0.431635,0.7446836,FM,1.4251594,-0.8067422000000001,1.270363305955332,0.0642078,-0.0565278,0.0442572931273479,0.0,0.0,0.0,1.022995458913092,0.060594265554933,0.184308,0.0852366318309798,15.0485086,0.0832814128544899,-0.0485086,0.0832814128544899,17.9514916,0.0537459202194913,0.0485084,0.053745920219492,0.0,0.0,0.0,0.0,-0.0970169999999999,-0.0485086,0.0485084,system_143,37.10781207721159,-1.2180588348100645,9.240547126687698,695.0659938820419,37.075467959107954,-1.7616639137274233,9.485878835328595,764.4547808016147,1.3161437848731876,6.236464415410177,-0.6514730408433455,12.64179623762643,-9.105276998579106,16.588288189470912,-9.166098581089493,0.543605078917359,2.4595345797903496,3.271716736551556,11.283663626807476,-702.7349388319766,2.448928549686758,4.241487058876332,10.547328073046994,-735.2397489387046,0.0002630465543542,0.0079941124711726,-0.93628642647161,0.6606581334196421,-13.69628847205926,0.524215120907199,-13.572867495825603,-0.9697703223247762,31.19853429509871,31.026415914605145,-4.330139485391591,-4.474437734702033,8.936092446930228,8.942296720258303,1104.9068070290598,1120.8070544386958,0.8856132976074226,3.9184996712149065,-0.6313103778554483,21.299808040219165,21.71766365929387,-9.214371639863328,-9.236658844646437,0.1442982493104425,0.0,0.0,0.0,0.0,0.0,0.0,0.0,0.0,0.0,0.0,0.0,0.0,0.0,0.0,0.0,0.0,2.4355624999999983,10.507093375124876,-0.6236379111831251,2.21063,0.0,-37550.4003,-3755.04003
calculation136,True,8,0,1,7,0.0,0.125,0.875,3.875,1.8225,1.39,68.34125,9.75,0.0330718913883073,0.0380683641879796,0.3767701612564367,0.3429509801981277,0.0533766886050563,0,1,1,2,0.0,0.0,0.109375,0.0,0.015625,0.765625,-0.5,0.0,-2.125,-3.125,-4.125,3.625,-19084.8877,-2385.6109625,-6.010113,17,5.741114,2.870629,8.032314000000062,90.0,90.00000713315983,90.0,132.37742110356956,16.547177637946195,0.5000125411200684,1.3990863097301434,1.3990863097301434,-0.000826,-0.001368,0.000329,0.0,0.0,-0.0,0.99601980747,0.001697,0.0,0.0,0.0,0.0,0.0,NM,0.0,0.0,0.0,0.0,0.0,0.0,0.0,0.0,0.0,0.0,0.0,0.650514,0.3148170780985364,0.0,0.0,0.0,0.0,17.428861,0.0,0.571139,0.0,13.081591285714286,0.244971898868721,-0.0815912857142857,0.2449718988687211,-0.571139,0.0815912857142857,0.6527302857142857,system_144,0.0,0.0,0.0,0.0,0.0,0.0,0.0,0.0,0.0,0.0,0.0,0.0,0.0,0.0,0.0,0.0,0.0,0.0,0.0,0.0,0.0,0.0,0.0,0.0,0.0,0.0,0.0,0.0,0.0,0.0,0.0,0.0,6.403335572370377,6.403335571569575,-2.445096008764368,-2.445096005129324,9.448379609637207,9.448379598078557,1171.220631735889,1171.2206291227003,0.1316195148049449,0.1316195208306692,-2.2890694254772722e-08,4.394440034791813,4.394440030988005,-7.787928045068296,-7.787928032927023,-3.6350442655930237e-09,19.805706060730117,1.8468539773265849,7.034800425555973,452.7523733362779,19.80570606653592,1.8468539776454616,7.034800424296222,452.75237299231327,0.5791288931513481,0.5791288991770723,-5.202403379291846e-09,2.8040863122225725,-6.031202587488271,2.804086313623974,-6.03120258885214,-3.1887714690981284e-10,1.239005961538456,1.239005961538456,0.0,0.95967,0.0,-19058.1777,-2382.2722125
calculation137,True,10,5,2,3,0.5,0.2,0.3,6.4,1.7000000000000002,1.308,60.124,7.1,0.1539480431834065,0.0513770569309217,1.0296530140645737,0.9372305632161296,0.1071114055781278,1,1,1,3,0.1,0.15,0.06,0.25,0.04,0.09,0.0,0.7142857142857143,0.4000000000000003,-0.5999999999999996,-1.5999999999999996,1.0999999999999996,-30140.2162,-3014.02162,-6.788571,12,13.103951,2.659641,3.4971,90.0,90.0,90.0,121.88024846007792,12.18802484600779,0.2029648157261882,0.2668737085479028,3.747090732321066,-0.000707,0.000819,-0.000932,-0.0,0.0,-0.0,0.4379282799599999,0.001751,8.009173,14.822505,3.030669,0.8009173,1.4822505,FM,2.6266838,1.6107722,2.0904997544225066,0.4110995,0.4110995,0.1701174999999999,0.2889623333333334,-0.2889623333333334,0.1126992766919508,0.784966061464774,0.5523763956376748,0.388735,0.2412669633770027,14.954765400000005,0.1841005541584274,0.0452346,0.1841005541584272,17.719878,0.0872320000000002,0.280122,0.087232,13.262138333333333,0.0896224115473112,-0.2621383333333333,0.0896224115473108,-0.2348873999999999,0.3073729333333334,0.5422603333333333,system_145,36.25457047912689,-1.8528269169154412,9.544638674774074,832.518730201538,36.2804481535068,-0.8755064094378302,9.050964540444742,686.3035078048623,2.0832873423802174,2.9342373646615383,-0.1695955818786642,18.189404000545192,-8.924624011505122,10.71121895903816,-8.791042173499742,-0.9773205074776112,1.7703022474011934,7.88944927481522,8.350252101295856,-616.8469033354014,1.440005888858124,10.239050768770852,6.223813682220446,-206.7362147782188,0.0049229829494505,0.021485478593956,-0.6271662443221961,0.0858378677908097,-18.063861503896494,-0.009663946002405,0.0,-2.349601493955632,12.464368531988438,12.595263885202652,-4.233235546119868,-3.788937776810205,9.12505057489887,8.9998865677759,1178.1506299005816,1100.059982618484,0.5019803195450548,0.8705785859384614,-0.2685482312786853,9.053244159304151,8.23367080664282,-9.045492167726565,-8.867152184555774,-0.4442977693096628,8.84107135718222,2.770812763614555,7.88647322926905,398.76499307022505,9.244625339533844,1.7127262609302978,8.489739657785229,318.18760892030275,0.1584391386637363,0.146465749129121,0.0392692607235264,1.4037995291261018,-7.589694164031552,2.0923696406145678,-8.988831424325147,1.0580865026842572,3.161255724025972,4.378934470779221,-0.1614917814131754,2.84608,0.0,-30102.8662,-3010.28662
calculation138,True,4,3,0,1,0.75,0.0,0.25,6.0,1.6150000000000002,1.305,58.635,6.25,0.112583302491977,0.0464534699347974,0.5623351446188083,0.5118595071429147,0.1091485927170972,1,0,1,2,0.0,0.1875,0.0,0.5625,0.0,0.0625,0.25,1.0,0.0,-1.0,-2.0,1.5,-10952.0606,-2738.01515,-7.159016,12,2.617607,5.234951,3.454329,90.0,90.0,90.0,47.33482359791744,11.83370589947936,1.9998995265523047,1.319651498486977,1.319651498486977,-0.000992,-0.002564,0.002582,-0.0,-0.0,0.0,0.520173347172,0.0051459999999999,1.6961500000000005,6.927514,2.408645,0.4240375,1.7318785,FiM,2.240159,0.6343956666666668,2.151754690995132,0.0,0.0,0.0,0.207037,-0.207037,0.0,0.5118101447267679,0.3933710775373438,0.669343,0.3905321386992369,14.776885666666669,0.0650674946053883,0.2231143333333333,0.0650674946053882,0.0,0.0,0.0,0.0,13.669343,0.0,-0.669343,0.0,0.2231143333333333,0.8924573333333333,0.669343,system_146,21.75768744378919,-1.8882057994935992,9.554757471277084,822.6110271998805,21.805325947813465,-1.489996935767932,9.393784529737582,764.7783375551123,0.691470309737463,1.7205606753986031,-0.4266488996214481,9.630044528978583,-9.302999086909114,7.847796859847299,-9.29224626040066,-0.3982088637256673,0.7046978461916509,19.13775011540693,0.0,12121.492772034004,0.574658240154183,24.715622171126697,0.0,27465.18847901777,-0.0043905638697302,0.0040429079104895,0.0,-0.246765698160664,0.0,-0.2983586620107987,0.0,-5.577872055719766,0.0,0.0,0.0,0.0,0.0,0.0,0.0,0.0,0.0,0.0,0.0,0.0,0.0,0.0,0.0,0.0,2.999573423700572,2.132372380846769,8.914099133730147,341.0497726712709,3.138513124700114,0.8532489567842135,9.241936399050283,345.1549548556958,0.0381603655492507,0.0350460087256743,0.0425421536638398,0.6099151863674007,-9.370523323756046,0.8362557862151918,-10.197594881812028,1.2791234240625555,0.8076346938061952,1.829951328171832,-0.3875955611862706,0.74893,0.0,-10938.7506,-2734.6876500000003
calculation139,True,8,8,0,0,1.0,0.0,0.0,7.0,1.55,1.27,54.94,5.0,0.0,0.0,0.0,0.0,0.0,1,0,0,1,0.0,0.0,0.0,1.0,0.0,0.0,0.5,1.0,1.0,0.0,-1.0,0.5,-23671.6034,-2958.950425,-7.727044,3,2.446861,2.446861,13.867767,90.0,90.0,90.0,83.02810655005611,10.378513318757014,1.0,5.667574496467106,5.667574496467106,0.002798,0.002798,-0.001892,-0.0,0.0,0.0,-1.978154084112,0.00469,0.037602,0.037602,0.004763,0.00470025,0.00470025,NM,0.00470025,0.00470025,5.827467288625476e-05,0.0,0.0,0.0,0.0,0.0,0.0,0.0,0.0,0.000587,0.000373130004154,15.0,0.0003731300041538,0.0,0.000373130004154,0.0,0.0,0.0,0.0,0.0,0.0,0.0,0.0,0.0,0.0,0.0,system_147,57.76914111894953,-2.2073387438626626,9.681299386352489,832.215311564083,57.7714311559514,-2.203224160524368,9.680155529047171,831.7851291559205,6.146536855236251,6.192299929615336,-0.0037088645532023,23.327197800240008,-9.940783549454547,23.28160753615869,-9.940999013056889,-0.0041145833382945,2.995994071047284,4.932002344837092,10.387420473473036,-877.5086507013929,2.9950656478529565,4.938159298553384,10.385435416373024,-877.7171997418161,0.0027519800029221,0.0039593649631244,-0.1799020861408078,0.5429307535397666,-14.229876247278948,0.5423655861190171,-14.227186170007991,-0.0061569537162924,0.0,0.0,0.0,0.0,0.0,0.0,0.0,0.0,0.0,0.0,0.0,0.0,0.0,0.0,0.0,0.0,0.0,0.0,0.0,0.0,0.0,0.0,0.0,0.0,0.0,0.0,0.0,0.0,0.0,0.0,0.0,0.0,6.397587835664336,6.433661734265733,-0.0028114096296542,3.03195,0.0,-23644.1634,-2955.520425
calculation140,True,8,4,0,4,0.5,0.0,0.5,5.0,1.6800000000000002,1.34,62.33,7.5,0.13,0.0522388059701492,0.6931471805599453,0.6309297535714574,0.1185624899727257,1,0,1,2,0.0,0.25,0.0,0.25,0.0,0.25,0.0,1.0,-1.0,-2.0,-3.0,2.5,-20135.6264,-2516.9533,-6.584316,16,2.69071,2.69071,14.701476,90.0,90.0,90.0,106.43751459263886,13.304689324079858,1.0,5.463790598020596,5.463790598020596,-5.4e-05,-5.4e-05,-0.000888,-0.0,-0.0,-0.0,0.5319226424879999,0.000834,-3.999999999998449e-05,5.848988,1.435378,-4.9999999999980616e-06,0.7311235,AFM,1.435276,-9.499999999995625e-06,1.4352760028545903,0.0,0.0,0.0,0.026971,-5.000000000005e-07,0.0269710014691705,0.9631102036379996,1.3677486242248129e-05,0.247562,0.247351522651974,14.7526485,6.31723832070456e-05,0.2473515,6.317238320658208e-05,0.0,0.0,0.0,0.0,13.2473515,0.0001357249055998,-0.2473515,0.0001357249055995,0.2473515,0.494703,0.2473515,system_148,28.899173892121,-1.3349943931598238,9.508036123221029,814.8023910181236,28.89917149294036,-1.334997559024485,9.50803251847725,814.8026579689869,1.9334143904240773,1.933551909925526,-3.556263250506449e-05,12.0358914073466,-8.815917785472138,12.035923896064809,-8.815903715822316,3.165864661092144e-06,0.5368795853161662,40.35915096236944,0.0,127942.54782025376,0.5368866840145358,40.358987159241735,0.0,127940.60964535692,0.0195424208542457,0.0195339120982517,0.0002177470440829,-0.6728429140700045,0.0,-0.6728416556114565,0.0,0.0001638031277053,0.0,0.0,0.0,0.0,0.0,0.0,0.0,0.0,0.0,0.0,0.0,0.0,0.0,0.0,0.0,0.0,11.060749671608097,0.6307216940307495,7.21304863654197,411.1680475458248,11.060736247181032,0.6307153227355556,7.213041214518265,411.1663421554364,0.5197167052090413,0.5198079811136367,-8.78054228016784e-05,2.320277979927638,-7.881423534706253,2.3202681168656274,-7.881428190564676,6.37129519387436e-06,3.030504828671326,3.030762556943054,-4.2520525053867815e-05,2.36979,0.0,-20109.8264,-2513.7283
calculation141,True,2,1,1,0,0.5,0.5,0.0,8.5,1.73,1.26,56.815,6.5,0.1799999999999999,0.0079365079365079,0.6931471805599453,0.6309297535714574,0.0330018481034937,1,1,0,2,0.25,0.0,0.0,0.25,0.25,0.0,0.0,0.5,2.5,1.5,0.5,1.0,-7518.9888,-3759.4944,-6.823455,10,2.426971,2.426971,3.563083,90.0,90.0,90.0,20.98722956636197,10.493614783180988,1.0,1.4681193141574411,1.4681193141574411,0.000788,0.000788,-0.001847,0.0,0.0,0.0,0.1447299559379999,0.0026349999999999,1.710784,1.710784,1.41813,0.8553919999999999,0.8553919999999999,FM,1.41813,1.41813,0.0,0.292654,0.292654,0.0,0.0,0.0,0.0,0.6578714788073772,0.0,0.23647,0.23647,15.23647,0.0,-0.23647,0.0,17.76353,0.0,0.23647,0.0,0.0,0.0,0.0,0.0,-0.47294,-0.23647,0.23647,system_149,7.550692993192651,-1.744487944914995,9.599089824228194,775.008394055789,7.552244071856771,-0.8298697014958325,9.14631707574737,654.242925191964,1.6686610927262735,0.1647596379450549,0.8202707810719189,3.6657895733897568,-9.028104815728351,2.245721994707688,-8.95509071950885,-0.9146182434191624,0.5872761315331692,1.661408246722362,11.733923251442436,-339.0991775966166,0.5666061164228055,0.5200206786329343,12.0193046593586,-124.32286887616158,0.0092191571672827,-0.0011922173021978,1.2970540012100091,0.1909417639715528,-13.69450664007194,0.2169926254446122,-13.666278641782242,1.1413875680894274,6.095143652477289,6.115168182389423,-4.871077318221908,-4.596622365263901,8.985512506326058,8.778892000968598,1192.726979778728,1105.522580587975,0.4011599651548451,0.2084723982857642,0.3160717481952589,4.46200210616136,4.140458902654707,-9.44284528259685,-9.30902364216803,-0.2744549529580071,0.0,0.0,0.0,0.0,0.0,0.0,0.0,0.0,0.0,0.0,0.0,0.0,0.0,0.0,0.0,0.0,2.148678652597402,0.434263034465535,0.663745382529843,0.2001,0.0,-7509.9888,-3754.9944
calculation142,True,4,3,1,0,0.75,0.25,0.0,7.75,1.64,1.265,55.8775,5.75,0.1558845726811989,0.0068460506228018,0.5623351446188083,0.5118595071429147,0.0290599549388541,1,1,0,2,0.1875,0.0,0.0,0.5625,0.0625,0.0,0.25,0.75,1.75,0.75,-0.25,0.25,-13436.9964,-3359.2491,-7.24327,7,4.920447,2.451317,3.479108,90.0,90.0,90.0,41.96352339263473,10.490880848158682,0.4981899002265444,0.707071532322165,1.4142840636163063,0.004113,-0.000586,-0.003795,0.0,0.0,0.0,0.143127779304,0.007908,0.597824,3.628536,1.515356,0.149456,0.907134,FiM,1.1880433333333331,0.177806,1.1987978768494156,0.064406,0.064406,0.0,0.0,0.0,0.0,0.5830015223776807,0.5351631343833836,0.108844,0.1014824619438625,15.031268,0.0991004440756949,-0.031268,0.0991004440756952,17.906197,0.0,0.093803,0.0,0.0,0.0,0.0,0.0,-0.125071,-0.031268,0.093803,system_150,21.9215946860863,-1.8969201869060035,9.48843248962411,770.9498850275271,21.94206983578308,-1.7557329552446022,9.441772797681038,757.1068506350828,2.231043882602067,0.3999238046452682,0.6959872927487826,9.07590234708117,-9.473227326720464,8.534031351728682,-9.457517344056049,-0.1411872316614013,1.2979668375352569,4.119252443616056,10.689913489948417,-793.2892281907637,1.3133732887715206,3.757148093254071,11.02643648180704,-786.9980047153434,-0.0008655114924288,7.371202402092091e-05,0.0,0.2750553717590392,-14.080911963399016,0.3079202695945993,-14.088850148967165,0.3621043503619856,6.112431767957474,6.1417051853918725,-5.076061856043785,-4.952430848679714,9.038735089468082,9.05751264057769,1208.690289812332,1202.0574435162002,0.3847408412722997,0.2458943892490279,0.2201691965551805,4.325822740106518,4.257739908644576,-9.788749184942224,-9.774177504131586,-0.1236310073640716,0.0,0.0,0.0,0.0,0.0,0.0,0.0,0.0,0.0,0.0,0.0,0.0,0.0,0.0,0.0,0.0,2.886563506493505,0.7435171528471528,0.5903577784510166,0.72867,0.0,-13421.1364,-3355.2841
calculation143,True,10,4,4,2,0.4,0.4,0.2,7.4,1.7460000000000002,1.29,59.396,7.2,0.1641462762294654,0.0470255841491569,1.0549201679861442,0.9602297178607612,0.0913797392782415,1,1,1,3,0.16,0.08,0.08,0.16,0.16,0.04,-0.0999999999999999,0.5,1.4000000000000004,0.4000000000000003,-0.5999999999999996,0.0999999999999996,-34226.6884,-3422.66884,-6.966767,14,2.547965,12.731642,3.411481,90.0,90.0,90.0,110.66768700261416,11.066768700261417,4.996788417423317,1.3389041843196434,1.3389041843196434,0.000671,-0.00081,0.000523,-0.0,-0.0,0.0,-0.205078609152,0.001481,2.646961,3.014305,0.966718,0.2646961,0.3014305,FM,0.59401125,0.59401125,0.2667167958175628,0.113647,0.113647,0.028053124852679,0.091836,-0.091836,0.0020879999999999,0.972338652365341,0.7404509874646412,0.343723,0.2016247160426766,14.984787999999998,0.1536214335940788,0.0152119999999999,0.1536214335940789,17.89498625,0.1932454395365842,0.1050137499999999,0.1932454395365839,13.240452,0.0322519999999997,-0.240452,0.032252,-0.08980175,0.255664,0.34546575,system_151,29.49852571287288,-1.4893191119384988,9.689484961823162,803.7587151268413,29.53243086405229,-1.110139885089172,9.508418662670396,751.2957480336381,2.64409882961039,3.2936689171128872,-0.1093963447561516,12.898604079834142,-9.060006157686049,10.650422222901511,-8.987990938187268,-0.3791792268493268,1.3396538670069302,10.015144384157594,6.969164877634603,-329.16297478757576,1.2625800478816036,11.046362249688912,5.463306291554143,42.10001722275041,0.0037549742557442,-0.0289197187412587,0.0,0.0252559084324891,-22.621023117960103,-0.0182236128756788,0.0,-1.0312178655313176,25.204599245318825,25.24419035374105,-4.173103074666385,-4.056983709340817,9.093659616009557,9.051302708101176,1140.4082736905357,1119.1103835308866,1.3971345788211789,2.188326846463536,-0.2206667911870032,17.635807102360687,17.139793461690136,-9.11022400065828,-9.049730382242016,-0.1161193653255683,6.000092113544416,3.1057929495197296,8.208162712716419,391.314617320998,6.080031079618111,2.7656226645674984,8.43080721473506,357.34268912479246,0.0895695577472527,0.1343898245804195,-0.2001267656989284,0.9983259892684772,-7.841934784269887,1.130624137856846,-8.404528545985395,0.3401702849522312,4.351919561188812,5.962385188811189,-0.1561390386126003,3.53206,0.0,-34184.6484,-3418.46484
calculation144,True,8,3,4,1,0.375,0.5,0.125,8.0,1.7625,1.2775,58.6625,7.125,0.1676119029186172,0.0398660445938617,0.9743147528693494,0.8868595071429147,0.0771449538388907,1,1,1,3,0.1875,0.046875,0.0625,0.140625,0.25,0.015625,-0.125,0.4285714285714285,2.0,1.0,0.0,0.5,-29192.8689,-3649.1086125,-6.548937,12,2.631408,10.20395,3.433954,90.0,90.0,90.0,92.20425980717395,11.525532475896746,3.877752898828308,1.3049872919744867,1.3049872919744867,0.001575,-7.3e-05,0.00063,-0.0,0.0,0.0,-1.138613527896,0.001648,-3.141734,11.278366,3.481368,-0.39271675,1.40979575,FiM,3.290871333333333,-0.9699593333333332,3.148873254343669,0.30997775,-0.0994242499999999,0.3198808095442543,0.165841,0.165841,0.0,1.0384013644879355,0.4357437188369013,0.351529,0.2035728614479577,15.082447333333334,0.1715755832207939,-0.0824473333333333,0.1715755832207938,17.870178000000003,0.1427041267851076,0.129822,0.1427041267851073,13.271947,0.0,-0.271947,0.0,-0.2122693333333333,0.1894996666666666,0.401769,system_152,22.447717466237837,-0.6244441181208918,9.192407693659383,662.4612433628942,22.49053281378457,-1.181657554727032,9.5034531691313,745.8969330350135,1.4975175690229745,1.1681143106621348,0.1235741742403501,7.260489568422447,-8.791140012858866,10.006810790862003,-8.797119396714477,0.5572134366061402,1.6078913183171903,3.8517815405060194,11.48327356670164,-614.3595975606225,1.69449980889238,3.9250896515164895,11.235743564444682,-557.1942047281076,0.0101083351072927,-0.0025920870741259,1.6897289878375077,0.4361265994274743,-13.065241435458615,0.435373079759326,-12.894822582794902,-0.07330811101047,24.99051341672529,24.892133486200784,-3.794759945548547,-3.9440581478466537,8.764041152894604,8.79757473315546,1041.6950226084812,1067.0078545059737,1.6478800567208762,1.61965035511568,0.0086394610140229,17.03004632076199,17.55143366618973,-8.587229874574986,-8.635548236603507,0.1492982022981066,3.1617232526622256,3.107859380453901,8.049051411464848,352.601183004118,3.0962854457679247,3.9088746972941135,7.64857613800929,407.3515423518661,0.0992125654461534,0.0608163565338663,0.2399329348546197,0.5804174534752972,-7.568834657944127,0.415789291136364,-6.324420937401607,-0.8010153168402132,3.5512635961538424,3.1283915384615346,0.0633074685998227,1.65825,0.0,-29157.2789,-3644.6598625
calculation145,True,8,0,4,4,0.0,0.5,0.5,6.5,1.86,1.33,64.205,9.0,0.0499999999999999,0.0601503759398495,0.6931471805599453,0.6309297535714574,0.0858967370142512,0,1,1,2,0.0,0.0,0.25,0.0,0.25,0.25,-0.5,0.0,0.5,-0.5,-1.5,1.0,-26542.6357,-3317.8294625,-6.387498,56,5.198733000018946,3.6984640000597535,5.133081000385831,89.99900494877559,89.99963362518938,89.99997348624244,98.69542610702813,12.336928263378514,0.7114164162780192,0.9873715384819962,1.0127899792791466,-0.001302,0.003453,-0.001869,2.6e-05,-0.0,0.0,-0.150604603596,0.005322,0.0,0.0,0.0,0.0,0.0,NM,0.0,0.0,0.0,0.0,0.0,0.0,0.0,0.0,0.0,0.0,0.0,0.653294,0.411041897000305,0.0,0.0,0.0,0.0,17.746755,0.2228400021652303,0.253245,0.2228400021652306,13.25324525,0.3999837858484865,-0.25324525,0.399983785848486,-0.253245,0.25324525,0.5064902499999999,system_153,0.0,0.0,0.0,0.0,0.0,0.0,0.0,0.0,0.0,0.0,0.0,0.0,0.0,0.0,0.0,0.0,0.0,0.0,0.0,0.0,0.0,0.0,0.0,0.0,0.0,0.0,0.0,0.0,0.0,0.0,0.0,0.0,25.3704792627954,25.3704792627954,-3.3092167595046478,-3.3092167595046478,9.274269632965424,9.274269632965424,1147.6009992545808,1147.6009992545808,1.2554659069279717,1.2554659069279717,0.0,17.678890514411147,17.678890514411147,-8.454200644750449,-8.454200644750449,0.0,11.739441885118191,2.7751659571736047,7.641506206316041,474.2332627396207,11.73944188351659,2.7751659579072903,7.641506205952643,474.2332628170674,0.367106888283916,0.367106888283916,0.0,2.075915707729933,-6.75902964625282,2.075915707329533,-6.759029645173984,-7.336855567530164e-10,2.001856521478522,2.001856521478522,0.0,0.66744,0.0,-26508.2757,-3313.5344625
calculation146,True,6,0,5,1,0.0,0.8333333333333334,0.1666666666666666,8.833333333333334,1.893333333333333,1.2766666666666668,60.52833333333333,8.333333333333334,0.0372677996249964,0.046706380731066,0.4505612088663046,0.410118486306518,0.0679126298753275,0,1,1,2,0.0,0.0,0.1388888888888889,0.0,0.6944444444444445,0.0277777777777777,-0.5,0.0,2.833333333333334,1.833333333333334,0.8333333333333339,1.333333333333334,-24876.3446,-4146.057433333333,-6.482024,6,7.463912,2.527608,3.453677,90.0,90.0,90.0,65.15653041183174,10.85942173530529,0.3386438639683855,0.4627167362101804,2.161149406849569,-0.003471,0.001941,0.001665,0.0,-0.0,-0.0,-0.0720979485299999,0.005412,-1.2755070000000002,1.449289,0.51429,-0.2125845,0.2415481666666666,FM,0.0,0.0,0.0,0.2724796,-0.2724796,0.1702111737255812,0.086891,0.086891,0.0,0.7041217078910296,0.6811100720934705,0.2229,0.1580360068581418,0.0,0.0,0.0,0.0,17.9820214,0.1674248339065622,0.0179785999999999,0.1674248339065623,13.089893,0.0,-0.089893,0.0,-0.0179785999999999,0.089893,0.1078716,system_154,0.0,0.0,0.0,0.0,0.0,0.0,0.0,0.0,0.0,0.0,0.0,0.0,0.0,0.0,0.0,0.0,0.0,0.0,0.0,0.0,0.0,0.0,0.0,0.0,0.0,0.0,0.0,0.0,0.0,0.0,0.0,0.0,31.934587737207508,31.8756229264714,-3.328158543854205,-3.579202629754032,8.965868814938366,9.061526216435212,1045.7549432520532,1088.333560590048,6.251615061682695,0.7250155729239519,0.7921588196664422,20.992577069620506,22.539343000482635,-8.40450908983418,-8.54912092874623,0.2510440858998266,3.0770430687673795,4.292383084775009,7.138934093957273,476.90998048323263,3.029413112029593,4.595183835036732,6.781470935964487,548.324096401035,0.0332756106031468,0.0234176217001749,0.173882992774683,0.3877951279833738,-5.244221129902107,0.3204412524679636,-3.752754327221768,-0.3028007502617225,6.397295307692308,0.8851259230769226,0.7569143846452759,0.73496,0.0,-24845.4746,-4140.912433333334
calculation147,True,6,6,0,0,1.0,0.0,0.0,7.0,1.55,1.27,54.94,5.0,0.0,0.0,0.0,0.0,0.0,1,0,0,1,0.0,0.0,0.0,1.0,0.0,0.0,0.5,1.0,1.0,0.0,-1.0,0.5,-17753.6849,-2958.9474833333334,-7.760743,3,2.447596,2.447596,10.407196,90.0,90.0,90.0,62.34666152943204,10.39111025490534,1.0,4.252007275710534,4.252007275710534,0.003063,0.003063,-0.003954,-0.0,0.0,0.0,-1.159975883016,0.007017,0.006887,0.006887,0.001194,0.0011478333333333,0.0011478333333333,NM,0.0011478333333333,0.0011478333333333,3.449355817476005e-05,0.0,0.0,0.0,0.0,0.0,0.0,0.0,0.0,0.000319,0.0002162120872353,15.0,0.0002162120872349,4.517509052022935e-21,0.0002162120872353,0.0,0.0,0.0,0.0,0.0,0.0,0.0,0.0,4.517509052022935e-21,4.517509052022935e-21,0.0,system_155,43.04282693890647,-2.361643329721999,9.556539937746924,810.5940070349884,43.04340178856001,-2.360359643933884,9.556115109551437,810.438048208896,3.184100048944256,3.183438408169431,0.0001039084065658,17.484820854087886,-9.952873179177947,17.477344083490898,-9.95251609485622,-0.0012836857881151,2.3589624609767856,5.485920413262381,10.443794049036288,-926.4713751877435,2.358729652636792,5.487989383542917,10.443112338760306,-926.5242027977948,-0.0007433684751248,-0.000773931647952,0.0,0.4060675147533005,-14.259193182501054,0.4059385838689185,-14.258067897870134,-0.0020689702805363,0.0,0.0,0.0,0.0,0.0,0.0,0.0,0.0,0.0,0.0,0.0,0.0,0.0,0.0,0.0,0.0,0.0,0.0,0.0,0.0,0.0,0.0,0.0,0.0,0.0,0.0,0.0,0.0,0.0,0.0,0.0,0.0,3.285390070679321,3.283572846653347,0.0002766378877218,1.94404,0.0,-17733.1049,-2955.517483333333
calculation148,True,8,8,0,0,1.0,0.0,0.0,7.0,1.55,1.27,54.94,5.0,0.0,0.0,0.0,0.0,0.0,1,0,0,1,0.0,0.0,0.0,1.0,0.0,0.0,0.5,1.0,1.0,0.0,-1.0,0.5,-23671.6044,-2958.95055,-7.727125,3,2.446665,4.893988,6.932401,90.0,90.0,90.0,83.0082170615478,10.376027132693476,2.0002689375129004,2.833408333384423,2.833408333384423,0.00228,0.004006,-0.002501,0.0,0.0,-0.0,-2.02141285323,0.006507,0.073969,0.108481,0.022807,0.009246125,0.013560125,FM,0.013560125,0.009246125,0.0135601254735852,0.0,0.0,0.0,0.0,0.0,0.0,0.6818613909936442,0.0,0.000615,0.000607902631492,14.999999875,0.0006079026314918,1.2499999999998949e-07,0.000607902631492,0.0,0.0,0.0,0.0,0.0,0.0,0.0,0.0,1.2499999999998949e-07,1.2499999999998949e-07,0.0,system_156,57.74270526873319,-2.2202778305000423,9.675281378409036,831.8866053943284,57.746829870100925,-2.2123027524503143,9.672901020847329,831.0150051829726,5.3337166152659705,5.453125709605844,-0.0110698840998672,23.375853254023944,-9.945423020129702,23.2943575484375,-9.9450638986923,-0.007975078049728,2.993814772847274,4.974108781578386,10.347391029919145,-877.0841219152989,2.9917657947641496,4.984718062117739,10.34306157980198,-877.4030485858312,0.0117576702038206,0.0122381441442703,-0.0200232396150342,0.5354555245317131,-14.24375039752182,0.5343435962242651,-14.238830860157606,-0.0106092805393531,0.0,0.0,0.0,0.0,0.0,0.0,0.0,0.0,0.0,0.0,0.0,0.0,0.0,0.0,0.0,0.0,0.0,0.0,0.0,0.0,0.0,0.0,0.0,0.0,0.0,0.0,0.0,0.0,0.0,0.0,0.0,0.0,5.496072293956046,5.611760535714288,-0.0104150146596755,3.22083,0.0,-23644.1644,-2955.52055
calculation149,True,8,1,5,2,0.125,0.625,0.25,7.875,1.84,1.2925,60.97875,8.125,0.1174734012447072,0.052723455204793,0.9002560512685369,0.8194483718728035,0.0851093431751632,1,1,1,3,0.078125,0.03125,0.15625,0.015625,0.390625,0.0625,-0.375,0.1666666666666666,1.875,0.875,-0.125,0.375,-29911.0904,-3738.8863,-6.496109,13,5.1923800000003855,5.095006000000392,3.454004,90.0,90.0,89.99995543986526,91.37639167709833,11.422048959637287,0.9812467500452612,0.6652063215711761,1.5032929898171472,0.0013,0.00127,0.002879,0.0,0.0,1e-06,-2.9100868262220003,0.001609,-4.34461,5.209052,3.370788,-0.54307625,0.6511315,FM,3.370788,-3.370788,0.0,0.2836438,-0.2787734,0.1718422117753376,0.2100225,0.2100225,6.499999999992623e-06,1.591864406746396,0.8491953486875853,0.439496,0.2800349966263145,14.932759,0.0,0.067241,0.0,17.8376632,0.1447858276039466,0.1623367999999999,0.1447858276039474,13.4394625,3.349999999979758e-05,-0.4394625,3.349999999999187e-05,-0.0950957999999999,0.5067035,0.6017992999999999,system_157,7.598622832762709,0.3573452242800115,9.102290166494932,612.9245393331498,7.633640821988203,-1.6069622600171856,10.167862859541067,883.8701859482301,0.4067789750705541,0.0990068521041464,0.6085028611529318,1.3196095535857228,-8.698423354145548,4.479749835389915,-8.999889369869212,1.964307484297197,0.3004240330740231,10.189724886769184,6.227087563456263,360.1993182580854,0.362195379252424,10.994497864032622,0.0,1728.0675410453207,0.0028989758797452,-0.0032376169973776,0.0,0.0152643743516906,-4.509074895484948,-0.0191211208251659,0.0,-0.804772977263438,31.81517737482617,31.67582497519088,-3.368955879842637,-3.6451973305289966,9.037230079659231,9.128254843480375,1078.00686055836,1124.353464644444,1.4468660270161118,0.5758992880132383,0.4305821997893195,21.165453870575316,22.559911602404544,-8.468830877516544,-8.610490485611855,0.2762414506863595,6.301141199717248,2.9695540929697364,8.159803878286521,324.7507889743532,6.10638030728352,3.74958893554121,7.562369698088887,425.63086305811527,0.0901256455575673,0.0974920853178072,-0.0392630255459867,1.1284986556268886,-8.07555581669225,0.7908811038496466,-6.358186606136517,-0.7800348425714736,2.205294153846154,0.9908005382117884,0.3799930016630271,0.92457,0.0,-29873.7704,-3734.2213
calculation150,True,6,3,1,2,0.5,0.1666666666666666,0.3333333333333333,6.166666666666666,1.6966666666666663,1.3133333333333332,60.49166666666666,7.166666666666666,0.150406855635713,0.0523236754520007,1.0114042647073518,0.920619835714305,0.1100770574703753,1,1,1,3,0.0833333333333333,0.1666666666666666,0.0555555555555555,0.25,0.0277777777777777,0.1111111111111111,0.0,0.75,0.166666666666666,-0.8333333333333339,-1.833333333333334,1.333333333333334,-17586.8816,-2931.146933333333,-6.594145,14,2.632071,2.632072,10.800327,90.0,90.0,90.0,74.8225095067342,12.470418251122368,1.000000379928961,4.103357014305465,4.103357014305465,-0.002571,-0.002571,-6.1e-05,-0.0,-0.0,-0.0,2.778708342234,0.00251,-2.971478,6.875713999999999,2.716255,-0.4952463333333333,1.1459523333333332,FiM,2.123334,-0.925814,1.956480857025866,0.349874,-0.349874,0.0,0.077919,0.077919,0.0643649999999999,0.8954946121535722,0.6035178353382366,0.414587,0.2503958299033751,15.034793333333331,0.2098570416661994,-0.0347933333333333,0.2098570416661992,17.585413,0.0,0.414587,0.0,13.1551035,0.1010944999999994,-0.1551035,0.1010945,-0.4493803333333333,0.1203101666666666,0.5696905,system_158,21.499042005862268,-1.1590851968938916,9.11899531470342,722.6628167427608,21.487014871211773,-1.738753823339324,9.408186155777484,809.158813671121,1.801418233637562,1.7036287986189822,0.0278996070861917,7.388332312390614,-8.800190189907205,9.979684321219535,-8.867199205227221,0.5796686264454325,1.219393861398217,6.6514733019083305,9.962940937250842,-904.1921159837938,1.3041678597987558,5.784380701235601,10.266966443237756,-902.8976945196276,0.0141799957014985,0.0122536701114885,0.0728739480796324,0.1660939055027965,-13.936293717711182,0.1966364813850275,-14.50578057554458,0.8670926006727298,6.390233737428218,6.338197352033918,-3.458442993763715,-3.854198387030692,9.323646637181714,9.407563112456328,1162.3107228435615,1221.8103562350273,0.4590983251172829,0.276789251711888,0.247740387452846,4.181573761305262,4.540461246982892,-8.812908537074751,-8.962981209830822,0.395755393266977,5.623701291043281,1.725484128246888,7.411281189307163,457.0803922241466,5.550453844169832,2.047615757140904,7.111815596469725,505.8531253943232,0.2043405046809191,0.3511727722769232,-0.2643181966776773,1.0171528677771935,-7.254451531004548,0.8988638520436081,-6.399870586829267,-0.3221316288940161,2.8031239073426573,2.806112953296702,-0.0005328792540424,2.17446,0.0,-17564.9816,-2927.4969333333333
calculation151,True,2,0,1,1,0.0,0.5,0.5,6.5,1.86,1.33,64.205,9.0,0.0499999999999999,0.0601503759398495,0.6931471805599453,0.6309297535714574,0.0858967370142512,0,1,1,2,0.0,0.0,0.25,0.0,0.25,0.25,-0.5,0.0,0.5,-0.5,-1.5,1.0,-6635.8172,-3317.9086,-6.417927,23,2.931417,2.931431,2.788287,90.0,90.0,90.0,23.960437971416518,11.980218985708255,1.000004775847312,0.9511737838731236,1.0513325923766097,-0.003665,-0.003667,-0.005789,-3e-06,-2e-06,-1e-05,7.007386538238,0.002124,0.0,0.0,0.0,0.0,0.0,NM,0.0,0.0,0.0,0.0,0.0,0.0,0.0,0.0,0.0,0.0,0.0,0.214105,0.214105,0.0,0.0,0.0,0.0,17.785895,0.0,0.214105,0.0,13.214105,0.0,-0.214105,0.0,-0.214105,0.214105,0.42821,system_159,0.0,0.0,0.0,0.0,0.0,0.0,0.0,0.0,0.0,0.0,0.0,0.0,0.0,0.0,0.0,0.0,0.0,0.0,0.0,0.0,0.0,0.0,0.0,0.0,0.0,0.0,0.0,0.0,0.0,0.0,0.0,0.0,6.630471772440426,6.630471771639627,-2.4030021488823885,-2.4030021484012907,10.159306522145847,10.15930652406739,1266.3364160177764,1266.3364166814636,0.4391450377818192,0.4391450456590919,-8.968873577781067e-09,4.429102128476616,4.429102127876017,-8.556491859950345,-8.55649186061926,-4.810978282421273e-10,3.1614263395852302,2.736491453251425,8.275049258858013,363.4721428501225,3.161426339184832,2.7364914633168462,8.275049258585293,363.4721419030602,0.129550038445455,0.129550038445455,0.0,0.6417602408111972,-8.133845747756093,0.6417602396099968,-8.133845748129033,-1.0065421385263562e-08,0.7442384725274728,0.7442384725274728,0.0,9e-05,1.0,-6627.2272,-3313.6136
calculation152,True,8,7,0,1,0.875,0.0,0.125,6.5,1.5825,1.2875,56.7875,5.625,0.0859869176095992,0.0359616683057322,0.3767701612564367,0.3429509801981277,0.0860757305250598,1,0,1,2,0.0,0.109375,0.0,0.765625,0.0,0.015625,0.375,1.0,0.5,-0.5,-1.5,1.0,-22787.8246,-2848.478075,-7.348911,17,2.581183,10.269954,3.411653,90.0,90.0,90.0,90.43824937024137,11.304781171280167,3.978777947940925,1.3217400703475888,1.3217400703475888,0.000424,-0.001009,0.001063,-0.0,-0.0,-0.0,-0.255280143684,0.002072,2.155886,13.670718,2.130097,0.2694857499999999,1.70883975,FiM,1.9239035714285715,0.3370398571428571,1.9052852771166715,0.0,0.0,0.0,0.203393,-0.203393,0.0,0.3514966536125041,0.2724382312213032,0.350671,0.1726687021701077,14.949904,0.1183085740885129,0.050096,0.1183085740885128,0.0,0.0,0.0,0.0,13.350671,0.0,-0.350671,0.0,0.050096,0.400767,0.350671,system_160,50.5090773857403,-2.022274440116279,9.508355268834514,805.9722544073745,50.54279631351966,-1.814099228789969,9.407374723966337,774.1783843568123,2.850811182661284,4.260479642942225,-0.1982296174986356,21.41309813266893,-9.51434237681471,19.10468262111809,-9.508309382667234,-0.2081752113263097,2.636198730697846,8.169583652072015,8.3370808251844,-557.5996784673227,2.5137098767007218,8.799028775344699,7.813981974973226,-477.9814162992444,0.0027999215207004,-0.0008790066109225,1.9151957813936893,0.1872404444228479,-14.11627745918214,0.1533535546804971,-13.606803302411596,-0.6294451232726832,0.0,0.0,0.0,0.0,0.0,0.0,0.0,0.0,0.0,0.0,0.0,0.0,0.0,0.0,0.0,0.0,2.9374969330268046,2.4872742517702187,8.54233383574372,378.3727942696826,3.0947897397598627,1.18824328178871,9.030712016650227,353.26105500377395,0.0468525170473101,0.0543477598837665,-0.074063461719192,0.5470049107831892,-8.620877355580213,0.7785599858576376,-9.814994969185618,1.2990309699815088,3.1514069562937137,4.659073134615384,-0.1930311787205626,2.78419,0.0,-22760.7946,-2845.099325
calculation153,True,6,6,0,0,1.0,0.0,0.0,7.0,1.55,1.27,54.94,5.0,0.0,0.0,0.0,0.0,0.0,1,0,0,1,0.0,0.0,0.0,1.0,0.0,0.0,0.5,1.0,1.0,0.0,-1.0,0.5,-17753.7033,-2958.95055,-7.726588,3,7.340999,2.446731,3.466468,90.0,90.0,90.0,62.262791049434114,10.377131841572352,0.3332967352263636,0.4722065756990295,2.117717226871848,0.003841,0.00242,-0.002176,0.0,0.0,-0.0,-2.1816305166299994,0.006017,0.0978139999999999,0.0978139999999999,0.017066,0.0163023333333333,0.0163023333333333,NM,0.0163023333333333,0.0163023333333333,0.0005392923346592,0.0,0.0,0.0,0.0,0.0,0.0,0.0330806838280357,0.0,0.001925,0.001340824797984,14.999999833333334,0.0013408247979841,1.6666666666663457e-07,0.001340824797984,0.0,0.0,0.0,0.0,0.0,0.0,0.0,0.0,1.6666666666663457e-07,1.6666666666663457e-07,0.0,system_161,43.29544516232664,-2.2280195674996066,9.671222342196106,831.097488102641,43.30085367189322,-2.2139960758479003,9.6669259320791,829.5364334355639,4.34234803191073,4.473699983667997,-0.0148991874278765,17.534281225599262,-9.946680538111202,17.419514253988954,-9.946940180111875,-0.0140234916517063,2.2535646825311986,4.946292000581091,10.359467474830408,-874.8330309161004,2.2508590964550823,4.965739544724003,10.35190245459935,-875.4513664051588,0.0077866919803646,0.0091822210142581,-0.0822403317369698,0.4055524048135357,-14.235242421911744,0.4040224127970512,-14.226972241611964,-0.0194475441429116,0.0,0.0,0.0,0.0,0.0,0.0,0.0,0.0,0.0,0.0,0.0,0.0,0.0,0.0,0.0,0.0,0.0,0.0,0.0,0.0,0.0,0.0,0.0,0.0,0.0,0.0,0.0,0.0,0.0,0.0,0.0,0.0,4.498112611888111,4.623250504495505,-0.0137192096192973,2.2426,0.0,-17733.1233,-2955.52055
calculation154,True,8,8,0,0,1.0,0.0,0.0,7.0,1.55,1.27,54.94,5.0,0.0,0.0,0.0,0.0,0.0,1,0,0,1,0.0,0.0,0.0,1.0,0.0,0.0,0.5,1.0,1.0,0.0,-1.0,0.5,-23671.6064,-2958.9508,-7.72852,3,4.893659,4.893659,3.465846,90.0,90.0,90.0,82.99972790674708,10.374965988343384,1.0,0.7082320202531479,1.4119666597996563,0.00345,0.00345,-0.003008,-0.0,-0.0,-0.0,-2.078557153176,0.006458,0.04063,0.23613,0.034598,0.00507875,0.02951625,FiM,0.02951625,0.00507875,0.0295162676110564,0.0,0.0,0.0,0.0,0.0,0.0,0.172069702263961,0.2936117936117936,0.000659,0.000647305762372,15.0,0.0006473057623721,0.0,0.000647305762372,0.0,0.0,0.0,0.0,0.0,0.0,0.0,0.0,0.0,0.0,0.0,system_162,57.711476386174354,-2.230691044323644,9.668440848153084,831.336005722392,57.71324628912367,-2.2264554311427665,9.66691580727304,830.8106316780189,4.882558446421155,4.998114903728005,-0.0116952006418778,23.36997941579163,-9.95178319355511,23.327710690713328,-9.95129840810589,-0.0042356131808776,3.007697745165616,5.003531344620895,10.342054743903734,-877.8412132891104,3.006146989863624,5.007292161844883,10.338879356525624,-877.9320702820427,0.0126872583295995,0.012843796803904,-0.0061312967084974,0.534544603151597,-14.2601741399018,0.5339285511137435,-14.257477038724652,-0.0037608172239878,0.0,0.0,0.0,0.0,0.0,0.0,0.0,0.0,0.0,0.0,0.0,0.0,0.0,0.0,0.0,0.0,0.0,0.0,0.0,0.0,0.0,0.0,0.0,0.0,0.0,0.0,0.0,0.0,0.0,0.0,0.0,0.0,5.03503474275724,5.152252877122875,-0.0115063144125711,3.07163,0.0,-23644.1664,-2955.5208
calculation155,True,6,1,2,3,0.1666666666666666,0.3333333333333333,0.5,6.0,1.7999999999999998,1.3333333333333333,63.58,8.5,0.1204159457879229,0.057716981903076,1.0114042647073518,0.920619835714305,0.0985521807767709,1,1,1,3,0.0555555555555555,0.0833333333333333,0.1666666666666666,0.0277777777777777,0.1111111111111111,0.25,-0.3333333333333333,0.3333333333333333,0.0,-1.0,-2.0,1.5,-18305.033,-3050.838833333333,-6.154358,35,3.095294,3.09531,8.166672000000123,89.99999298419486,89.99999298419486,90.0,78.24402261241384,13.040670435402308,1.0000051691374066,2.638415607693525,2.638415607693525,0.000593,0.000594,-0.000689,0.0,1e-06,0.0,-0.265961321244,0.001283,3.83795,4.610692,3.717547,0.6396583333333333,0.7684486666666667,FM,3.717547,3.717547,0.0,0.253387,0.253387,0.1599779999999999,0.1287903333333333,-0.1287903333333333,0.0599589677158934,1.7228994867765468,0.9085365435060452,0.522236,0.3851250775912505,14.477764,0.0,0.522236,0.0,17.705983,0.0162370000000002,0.294017,0.0162369999999999,13.37009,0.1046874959518406,-0.37009,0.1046874959518407,0.228219,0.892326,0.664107,system_163,7.197164027159131,-1.9458247462062324,10.123022727143844,1041.5071574154088,7.099788728007994,0.0997822402401195,8.83304200878242,691.4962581519105,0.303522586059026,0.8246084917907793,-0.4619019154449078,4.533395859042512,-8.747172314103292,1.1544877014244717,-8.321238456942384,-2.045606986446352,0.089156457215223,57.03652284529527,0.0,371691.9635009628,-0.0550817524614125,0.0,0.0,0.0,-0.0037700050196677,0.0006863787793986,0.0,-0.1929653789996155,0.0,-0.205927247562141,0.0,57.03652284529527,12.932267746947982,12.978814148465332,-2.9118191141744765,-2.7015551684390227,9.698047414715226,9.57721098167193,1228.187616065669,1175.5960814633554,0.5039698291915605,0.5323361339654744,-0.0273725191038155,8.985687805871272,8.530419824135617,-8.45901677595364,-8.33047123735623,-0.2102639457354538,9.212001357173104,1.5313543981352544,7.881746002376582,375.634003364322,9.35840637131336,1.1222442639695671,8.015450644249546,345.4600088139949,0.3677794909528947,0.2071539972922894,0.2793810013587268,2.004306015602086,-8.169298773413011,2.248871995535656,-8.564031626814904,0.4091101341656871,1.7327372307692328,1.7558593646353609,-0.0066279184863581,0.57301,0.0,-18281.403,-3046.9005
calculation156,True,6,6,0,0,1.0,0.0,0.0,7.0,1.55,1.27,54.94,5.0,0.0,0.0,0.0,0.0,0.0,1,0,0,1,0.0,0.0,0.0,1.0,0.0,0.0,0.5,1.0,1.0,0.0,-1.0,0.5,-17753.7034,-2958.9505666666664,-7.728337,3,2.446792,7.341219,3.465734,90.0,90.0,90.0,62.25302488885219,10.375504148142031,3.00034453275963,1.41643997528192,1.41643997528192,0.002257,0.003704,-0.002894,-0.0,-0.0,0.0,-1.6379585788259998,0.006598,-0.0013699999999999,0.129264,0.032694,-0.0002283333333333,0.0215439999999999,AFM,0.0215439999999999,-0.0002283333333333,0.023141117724854,0.0,0.0,0.0,0.0,0.0,0.0,0.392267341835681,0.0209746314129553,0.001899,0.0013351655848204,15.000000166666666,0.0013351655848204,-1.6666666666667073e-07,0.0013351655848204,0.0,0.0,0.0,0.0,0.0,0.0,0.0,0.0,-1.6666666666667073e-07,-1.6666666666667073e-07,0.0,system_164,43.2987840611046,-2.220941142948448,9.670063147359995,830.4859236485821,43.29870584979767,-2.22114126746888,9.670124955840423,830.5083916827859,4.430351475215869,4.428844964098939,0.0001700505375684,17.47948741358825,-9.94754076090192,17.481096002043152,-9.947540718585744,0.0002001245204317,2.2514832564476017,4.95636069773044,10.35621518756327,-875.3744110611873,2.2515221194883344,4.956084559789942,10.35632225503042,-875.3652337183732,0.0086888543150491,0.0086737557214642,0.0008696039105398,0.4046747439449342,-14.23146914667562,0.4046966256155517,-14.23157933417198,0.0002761379404976,0.0,0.0,0.0,0.0,0.0,0.0,0.0,0.0,0.0,0.0,0.0,0.0,0.0,0.0,0.0,0.0,0.0,0.0,0.0,0.0,0.0,0.0,0.0,0.0,0.0,0.0,0.0,0.0,0.0,0.0,0.0,0.0,4.582975507492508,4.581577952297702,0.0001524957217978,2.20106,0.0,-17733.123399999997,-2955.520566666666
calculation157,True,6,6,0,0,1.0,0.0,0.0,7.0,1.55,1.27,54.94,5.0,0.0,0.0,0.0,0.0,0.0,1,0,0,1,0.0,0.0,0.0,1.0,0.0,0.0,0.5,1.0,1.0,0.0,-1.0,0.5,-17753.7033,-2958.95055,-7.726611,3,7.340998,2.446731,3.466467,90.0,90.0,90.0,62.262764606472025,10.377127434412005,0.333296780628465,0.4722065038023441,2.1177175493088494,0.003833,0.002412,-0.002177,0.0,0.0,-0.0,-2.1725515157040003,0.00601,0.098036,0.098036,0.017113,0.0163393333333333,0.0163393333333333,NM,0.0163393333333333,0.0163393333333333,0.0005418218239318,0.0,0.0,0.0,0.0,0.0,0.0,0.033160583291764,0.0,0.001891,0.0013064556908759,15.000000166666666,0.0013064556908761,-1.6666666666663457e-07,0.0013064556908759,0.0,0.0,0.0,0.0,0.0,0.0,0.0,0.0,-1.6666666666663457e-07,-1.6666666666663457e-07,0.0,system_165,43.29544420045492,-2.228048142126826,9.67124960968994,831.1030371689898,43.30086955475006,-2.213990533839865,9.666941683064076,829.5377607653062,4.340943456518315,4.473270058348356,-0.0150128654821952,17.534533181166562,-9.946700245957608,17.41950270746032,-9.94695837689388,-0.014057608286961,2.253612332175184,4.945900709849327,10.359644603473564,-874.8016398315107,2.2508986325899527,4.96540275703085,10.352056627136829,-875.4219457796407,0.0077830125487199,0.009184077654851,-0.0825754498456213,0.4055959625677857,-14.235035776102652,0.4040611289115347,-14.2267459885065,-0.0195020471815228,0.0,0.0,0.0,0.0,0.0,0.0,0.0,0.0,0.0,0.0,0.0,0.0,0.0,0.0,0.0,0.0,0.0,0.0,0.0,0.0,0.0,0.0,0.0,0.0,0.0,0.0,0.0,0.0,0.0,0.0,0.0,0.0,4.496726602897105,4.622824442807193,-0.0138271982116362,2.24272,0.0,-17733.1233,-2955.52055
calculation158,True,8,2,0,6,0.25,0.0,0.75,4.0,1.745,1.375,66.025,8.75,0.112583302491977,0.0440885660108441,0.5623351446188083,0.5118595071429147,0.0969318854065429,1,0,1,2,0.0,0.1875,0.0,0.0625,0.0,0.5625,-0.25,1.0,-2.0,-3.0,-4.0,3.5,-18367.5354,-2295.941925,-6.351841,38,5.4374417548492415,2.822305,8.0708548559748,90.0,78.73951375453062,90.0,121.47201104079022,15.184001380098778,0.5190501576376428,1.4843110454980075,1.4843110454980075,0.00203,-0.001503,1e-06,-0.0,-0.000608,-0.0,-0.2819830875840001,0.003533,-0.0003020000000001,6.321146,2.914159,-3.7750000000021273e-05,0.79014325,AFM,2.9139995,-0.0001595,2.9139995,0.0,0.0,0.0,0.0821911666666666,2.8333333333350106e-06,0.0834406001924256,1.5519619599862515,9.554772893806116e-05,0.576303,0.3700894876673199,14.423986,0.0002889999999995,0.576014,0.0002889999999999,0.0,0.0,0.0,0.0,13.192004833333334,0.1875056761277881,-0.1920048333333333,0.1875056761277879,0.576014,0.7680188333333333,0.1920048333333333,system_166,14.64933003203346,-0.495906177344134,9.791009464500188,832.1452932613715,14.649325891105716,-0.4960644585117035,9.791079130819844,832.1637408238126,1.7837987156390087,1.7839641190853623,-4.636054973828087e-05,5.763239197537931,-8.390786184160465,5.763579995362318,-8.39088313608175,0.0001582811675694,-0.3384069480090693,0.0,0.0,0.0,-0.3383918270918566,0.0,0.0,0.0,-0.0164858919881118,-0.0165203773803695,0.0,-0.6445498663743773,0.0,-0.6445537602655503,0.0,0.0,0.0,0.0,0.0,0.0,0.0,0.0,0.0,0.0,0.0,0.0,0.0,0.0,0.0,0.0,0.0,0.0,16.738185679097565,1.5250048689906908,7.767559064556792,474.8104659170984,16.73820798216947,1.524973529718203,7.767575699202201,474.8077199637326,0.7491021867720771,0.7491999149805686,-6.522597036819408e-05,3.1456247951864373,-7.462044819842805,3.1456357387004608,-7.462057714829414,3.1339272487773684e-05,2.9552782644855125,2.95559529170829,-5.3634580365115146e-05,0.79167,0.0,-18342.5554,-2292.819425
calculation159,True,8,1,5,2,0.125,0.625,0.25,7.875,1.84,1.2925,60.97875,8.125,0.1174734012447072,0.052723455204793,0.9002560512685369,0.8194483718728035,0.0851093431751632,1,1,1,3,0.078125,0.03125,0.15625,0.015625,0.390625,0.0625,-0.375,0.1666666666666666,1.875,0.875,-0.125,0.375,-29910.4407,-3738.8050875,-6.543763,11,5.053006647967129,2.58648,7.037333442165221,90.0,87.97794960619902,90.0,91.91716342130896,11.48964542766362,0.5118695026931273,1.3927021934547434,1.3927021934547434,-0.003002,-0.00078,0.001769,0.0,0.000965,-0.0,1.075060521414,0.004771,-3.374284,4.07666,3.059798,-0.4217855,0.5095824999999999,FM,3.059798,-3.059798,0.0,0.1331348,-0.1331348,0.0594845913473396,0.175594,0.175594,0.040254,1.8945194579101303,0.7171998608498467,0.563371,0.3364085518088227,14.835561,0.0,0.164439,0.0,17.807664199999998,0.1088926353495038,0.1923358,0.1088926353495037,13.5630595,0.0003115000000004,-0.5630595,0.0003114999999999,-0.0278968,0.7274985,0.7553953,system_167,7.507233101983576,0.3311362199773425,9.118397660206648,638.9970444420858,7.53073767850556,-1.4403771880171423,10.095772471743796,891.1972961934489,0.897481203752913,0.4950534082507538,0.2889894384191432,1.498213947812627,-8.316204231931472,4.333361707880316,-8.763417148825408,1.771513407994485,0.1852666057126851,22.400979029328877,0.0,18305.58603935824,0.273932413887209,16.615106949549332,0.0,7183.396304313961,0.0033237640990157,0.0008472534266647,0.5937425717114236,-0.0677492131898429,0.0,-0.0621809688739609,0.0,5.785872079779541,31.642031219791924,31.50987357595924,-3.5330770634405755,-3.70835635769434,8.949193503568198,8.951767289710425,1073.7767216774992,1087.2498904940649,2.748010532240804,1.9262372166749584,0.1758086776115928,21.470659297104643,22.17051851181344,-8.482290978051639,-8.54854906111176,0.1752792942537646,6.385751059806881,2.48284326234482,8.606752412762823,237.7365446766003,6.278967944672368,2.79443964582078,8.397036507342396,256.9207599308464,0.1172711057053054,0.0969667860492605,0.0947746427569674,1.2290093149769854,-9.158512906776767,1.0250456869464264,-8.90310272107551,-0.3115963834759601,4.014108401348654,2.825628205294707,0.1737611057857972,2.15975,0.0,-29873.1207,-3734.1400875
calculation160,True,6,6,0,0,1.0,0.0,0.0,7.0,1.55,1.27,54.94,5.0,0.0,0.0,0.0,0.0,0.0,1,0,0,1,0.0,0.0,0.0,1.0,0.0,0.0,0.5,1.0,1.0,0.0,-1.0,0.5,-17753.7033,-2958.95055,-7.726838,3,2.446727,7.340987,3.466356,90.0,90.0,90.0,62.26057580626828,10.376762634378046,3.000329419669624,1.416731821735731,1.416731821735731,0.002369,0.00379,-0.002296,-0.0,0.0,-0.0,-2.0630694457139995,0.0060859999999999,0.092798,0.092798,0.016151,0.0154663333333333,0.0154663333333333,NM,0.0154663333333333,0.0154663333333333,0.0004775711697979,0.0,0.0,0.0,0.0,0.0,0.0,0.0308781117996934,0.0,0.001899,0.0013351680813873,15.000000166666668,0.0013351680813875,-1.6666666666667073e-07,0.0013351680813873,0.0,0.0,0.0,0.0,0.0,0.0,0.0,0.0,-1.6666666666667073e-07,-1.6666666666667073e-07,0.0,system_168,43.29575404478065,-2.2276398557421704,9.671339132226452,831.0950125162312,43.30087514110762,-2.2143499300755964,9.667269175453766,829.616314354001,4.350097213526013,4.472009419871228,-0.0138189449993384,17.531898911694352,-9.946855709559266,17.423136780299647,-9.94710190772112,-0.0132899256665739,2.25330267687609,4.946981359045449,10.359342299268192,-874.9106742298987,2.2507440248590997,4.965433283919543,10.352188021662164,-875.4975410108659,0.0078494746937944,0.009165245951084,-0.0773313464706008,0.4054711511427932,-14.235196036567958,0.4040220665872212,-14.227361946397211,-0.0184519248740944,0.0,0.0,0.0,0.0,0.0,0.0,0.0,0.0,0.0,0.0,0.0,0.0,0.0,0.0,0.0,0.0,0.0,0.0,0.0,0.0,0.0,0.0,0.0,0.0,0.0,0.0,0.0,0.0,0.0,0.0,0.0,0.0,4.505754545454546,4.6217654085914095,-0.0127100092600114,2.23896,0.0,-17733.1233,-2955.52055
calculation161,True,10,1,4,5,0.1,0.4,0.5,6.2,1.824,1.332,63.83,8.7,0.1027813212602367,0.0587123567447962,0.9433483923290392,0.858672711073255,0.0937605972891389,1,1,1,3,0.04,0.05,0.2,0.01,0.16,0.25,-0.4,0.2,0.2000000000000001,-0.7999999999999998,-1.7999999999999998,1.2999999999999998,-31576.4205,-3157.64205,-6.329973,20,13.521125,2.819114,3.283765,90.0,90.0,90.0,125.16921706588892,12.516921706588892,0.2084970000647135,0.2428618180809658,4.117567791848686,-0.000304,0.001039,0.000821,0.0,-0.0,0.0,-0.830995614168,0.001343,-3.2956070000000004,4.114173,3.248505,-0.3295607,0.4114173,FM,3.248505,-3.248505,0.0,0.12032075,-0.10750575,0.1758923771292761,0.076877,0.0765842,0.0836925254449882,2.317961522691122,0.9352829441940652,0.649087,0.4126873811979232,14.64209,0.0,0.35791,0.0,17.59819475,0.0219887036609138,0.4018052499999999,0.0219887036609141,13.3930262,0.1760325881209496,-0.3930262,0.1760325881209499,-0.0438952499999999,0.7509361999999999,0.79483145,system_169,7.342672223747217,0.2917565803517482,9.086543464624796,678.6626431391809,7.379456205378744,-1.5457868638171557,10.12874009310725,956.096600417124,1.2120845334018897,0.3811913759990857,0.52149985605142,1.3412207175359732,-8.243449028048776,4.412260865682065,-8.659350342709034,1.837543444168904,0.0057067950395995,866.3507554556979,0.0,1300599559.8308177,0.1479556470289809,33.03558846411816,0.0,70001.03174925907,0.0017306715914795,-0.0024052014604359,0.0,-0.1907451061981859,0.0,-0.1531813284380114,0.0,833.3151669915798,26.323903909539457,26.27079570361701,-2.659796591348349,-2.763550844559191,9.791936801397188,9.834405808473642,1189.732900097183,1211.722355220125,2.051364278379374,0.9929015252601012,0.3476906490405211,17.33226725323556,17.867978612153237,-8.531177573484888,-8.56837729427435,0.1037542532108424,16.091518645958296,1.4437444781586186,8.614936658712104,298.3632201539963,15.92251616615978,1.6995915797801109,8.51887623197531,311.2957501945361,0.5227670954898964,0.4386137427328851,0.0875338361357171,3.797222634146474,-9.320262739894616,3.55135148454667,-9.08946027188145,-0.2558471016214922,4.3535862002997,2.3018472192807176,0.3082802954624601,1.16105,0.0,-31535.6105,-3153.56105
calculation162,True,6,2,0,4,0.3333333333333333,0.0,0.6666666666666666,4.333333333333333,1.7233333333333332,1.3633333333333333,64.79333333333332,8.333333333333332,0.1225651754056682,0.04840828819859,0.6365141682948128,0.5793801642856949,0.1075320323689389,1,0,1,2,0.0,0.2222222222222222,0.0,0.1111111111111111,0.0,0.4444444444444444,-0.1666666666666666,1.0,-1.666666666666667,-2.666666666666667,-3.666666666666667,3.166666666666667,-14217.6357,-2369.60595,-6.339402,16,8.02705,2.811082,3.704025,90.0,90.0,90.0,83.5801972424366,13.930032873739432,0.3502011324210015,0.4614428712914458,2.167115502730138,-0.002571,-0.005583,0.000951,-0.0,-0.0,0.0,3.846826098234,0.006534,4.433387,6.256235,2.672997,0.7388978333333333,1.0427058333333334,FM,2.6724055,2.6724055,0.0005915,0.0,0.0,0.0,0.2278559999999999,-0.2278559999999999,0.0953520658743165,1.1076937025078644,0.914737490249889,0.581712,0.4377651403532175,14.4183145,2.6499999999707317e-05,0.5816855000000001,2.649999999998487e-05,0.0,0.0,0.0,0.0,13.2908425,0.1835459249077732,-0.2908425,0.1835459249077734,0.5816855000000001,0.8725280000000001,0.2908425,system_170,14.609591168613804,-1.4345908087636203,10.012382042408666,932.2316304164282,14.576294121856396,0.0798716862141915,9.155867763565988,696.0881994951608,1.0187603688170117,1.4128592192476788,-0.1620725759757215,8.310591627728774,-8.536293008461408,3.537539217876976,-7.963877363473943,-1.5144624949778118,-0.2942050445822831,0.0,0.0,0.0,-0.6311385120822901,0.0,0.0,0.0,0.0014957604625862,-0.0140758392616152,0.0,-0.5853673521689167,0.0,-0.7203074973178032,0.0,0.0,0.0,0.0,0.0,0.0,0.0,0.0,0.0,0.0,0.0,0.0,0.0,0.0,0.0,0.0,0.0,0.0,11.965658926434845,1.2437529203331834,8.344498941375802,319.9046318843933,12.319394413197656,0.7790029218862097,8.555313969952236,301.29299543194,0.4097329857697409,0.3141551507898581,0.1320339844691095,2.55402836148934,-9.145103745142968,3.1522894122427725,-9.389929601959455,0.4647499984469737,1.8449943326673344,1.906104592407591,-0.0162912951540023,0.28804,0.0,-14198.6957,-2366.4492833333334
calculation163,True,8,7,0,1,0.875,0.0,0.125,6.5,1.5825,1.2875,56.7875,5.625,0.0859869176095992,0.0359616683057322,0.3767701612564367,0.3429509801981277,0.0860757305250598,1,0,1,2,0.0,0.109375,0.0,0.765625,0.0,0.015625,0.375,1.0,0.5,-0.5,-1.5,1.0,-22787.8252,-2848.47815,-7.345659,17,10.281767,2.581547,3.409086,90.0,90.0,90.0,90.48690863121736,11.310863578902168,0.2510800915834797,0.3315661597855699,3.0159893296913016,0.000332,0.000344,0.001201,-0.0,-0.0,0.0,-1.002428514006,0.000869,2.172828000000001,13.664778,2.136218,0.2716035000000001,1.70809725,FiM,1.9229725714285717,0.3395425714285714,1.9053533689925837,0.0,0.0,0.0,0.20397,-0.20397,0.0,0.3537267653977242,0.2743884397679801,0.351771,0.1728900030496269,14.949747,0.1181447300874166,0.050253,0.1181447300874168,0.0,0.0,0.0,0.0,13.351771,0.0,-0.351771,0.0,0.050253,0.402024,0.351771,system_171,50.50186954347794,-2.0223187116053114,9.507615667069247,806.0922573752905,50.53672801678545,-1.8122015052477147,9.406620633795892,774.2337366680316,2.7774678113790983,4.195690888028271,-0.2033831636113063,21.53132548940909,-9.500678984747983,19.25070354371562,-9.488270621672228,-0.2101172063575966,2.638155907905196,8.133804781369298,8.359474087913567,-564.2816377033663,2.514135268493898,8.764904669667466,7.831485851075264,-484.2929238836789,0.0028071297160589,-0.0004964847201797,1.4297369098803243,0.1894666922743705,-14.144393391358362,0.1547735960228681,-13.64403259499368,-0.6310998882981682,0.0,0.0,0.0,0.0,0.0,0.0,0.0,0.0,0.0,0.0,0.0,0.0,0.0,0.0,0.0,0.0,2.9367419342535137,2.4840808263885013,8.524205682818222,379.4150994465027,3.094664757390833,1.1843891993133495,9.015673918467922,353.6224641923712,0.0462266435096154,0.0526733585941059,-0.0651841754030446,0.5478342890155988,-8.594521776878448,0.7803158413537795,-9.793414198391996,1.2996916270751515,3.069223448801205,4.586106318431568,-0.1981472928995299,2.73457,0.0,-22760.7952,-2845.0994
calculation164,True,8,7,1,0,0.875,0.125,0.0,7.375,1.595,1.2675,55.40875,5.375,0.1190588089979065,0.0052184444005219,0.3767701612564367,0.3429509801981277,0.0223826729002463,1,1,0,2,0.109375,0.0,0.0,0.765625,0.015625,0.0,0.375,0.875,1.375,0.375,-0.625,0.125,-25272.9458,-3159.118225,-7.390207,14,4.940765,4.94155,3.488908,90.0,90.0,90.0,85.18181890655147,10.647727363318934,1.0001588822783518,0.7061473273875605,1.41613507722187,0.000651,0.001085,0.005701,-0.0,0.0,0.0,-3.971795875686,0.00505,-1.0093300000000005,10.363738,2.003804,-0.12616625,1.2954672500000002,AFM,1.4803745714285714,-0.1443494285714285,1.5198440378941007,0.001116,0.001116,0.0,0.0,0.0,0.0,0.4639131273580183,0.3832682614752677,0.189229,0.0920547822046742,15.017302428571428,0.0853795872925422,-0.0173024285714285,0.0853795872925425,17.878883,0.0,0.121117,0.0,0.0,0.0,0.0,0.0,-0.1384194285714285,-0.0173024285714285,0.121117,system_172,50.927550219162526,-1.8520641827313475,9.486616895799996,776.2007487412036,50.88031913023376,-1.9611389422939791,9.521513088694222,788.0184083537956,3.528529752886008,3.115960276162252,0.062091970176807,19.912762578013457,-9.571262361381066,20.82841367982272,-9.589995283190351,0.1090747595626315,3.0832832479928176,4.9573552538497125,10.79726066828032,-848.2254797963504,3.123966286427048,4.666011968204965,10.940953662914136,-838.105135355463,-0.017763129390909,-0.0062093070174825,0.0,0.6037943890931573,-14.032430876087275,0.6460954330501933,-14.075653011712832,0.2913432856447473,6.114829213016069,6.114861582740769,-5.190237042426081,-5.233452279987213,9.144049075918971,9.12695231113224,1247.5023945946275,1241.9215922470646,0.1687245479202794,0.2597786758503509,-0.212493449008008,4.274568008058212,4.288491859951163,-10.016791047385489,-10.046901993735334,0.0432152375611316,0.0,0.0,0.0,0.0,0.0,0.0,0.0,0.0,0.0,0.0,0.0,0.0,0.0,0.0,0.0,0.0,4.275311871378618,3.760877129620388,0.0640147639253231,1.81216,0.0,-25243.3658,-3155.420725
calculation165,True,8,7,1,0,0.875,0.125,0.0,7.375,1.595,1.2675,55.40875,5.375,0.1190588089979065,0.0052184444005219,0.3767701612564367,0.3429509801981277,0.0223826729002463,1,1,0,2,0.109375,0.0,0.0,0.765625,0.015625,0.0,0.375,0.875,1.375,0.375,-0.625,0.125,-25272.8378,-3159.104725,-7.507729,16,9.849669,2.452626,3.485012,90.0,90.0,90.0,84.18936655921847,10.523670819902309,0.2490059310622519,0.3538202146691427,2.826294141885308,-0.001376,0.002784,-0.001384,0.0,-0.0,-0.0,-0.0128174130719999,0.004168,0.9860189999999998,7.846354999999999,1.403154,0.1232523749999999,0.980794375,FiM,1.1082237142857143,0.1281757142857142,1.1364330758676104,0.088789,0.088789,0.0,0.0,0.0,0.0,0.436695706077413,0.2275269899316885,0.091815,0.0594390418715626,15.013116285714286,0.051588681908547,-0.0131162857142857,0.0515886819085468,17.908185,0.0,0.091815,0.0,0.0,0.0,0.0,0.0,-0.1049312857142857,-0.0131162857142857,0.091815,system_173,50.86899118909101,-1.986918210219352,9.600461410029498,807.0128540714549,50.90635817228919,-1.8864488124994885,9.566590599531605,795.8804780087336,3.5130034164734063,3.581541287700428,-0.0096606440701825,20.86061068860246,-9.656004108332658,19.883974869779344,-9.654326827552092,-0.1004693977198636,2.9401506216885687,4.931067544479624,10.612612265692905,-855.6961635774035,2.947197700279731,4.75113200780975,10.802017648688672,-868.8282876783147,0.0041741732950799,3.1537270229896504e-06,0.9984900741520584,0.5576978027998888,-14.08757975261814,0.5937457066622135,-14.093601580365991,0.1799355366698733,6.166290384375427,6.197039799825488,-5.1040619396246125,-4.966735079305058,9.255476799272191,9.245381228173008,1264.492252861056,1246.741572377464,0.32829729265984,0.2363338541232519,0.1628734777748927,4.33818444399606,4.242343303139976,-10.004540185537868,-9.98214026087352,-0.1373268603195541,0.0,0.0,0.0,0.0,0.0,0.0,0.0,0.0,0.0,0.0,0.0,0.0,0.0,0.0,0.0,0.0,4.019700216783224,4.020668336663341,-0.0001204074009396,3.67421,0.0,-25243.2578,-3155.407225
calculation166,True,10,10,0,0,1.0,0.0,0.0,7.0,1.55,1.27,54.94,5.0,0.0,0.0,0.0,0.0,0.0,1,0,0,1,0.0,0.0,0.0,1.0,0.0,0.0,0.5,1.0,1.0,0.0,-1.0,0.5,-29589.4828,-2958.94828,-7.78869,8,12.374726,2.457892,3.446853,90.0,90.0,90.0,104.8385847957941,10.48385847957941,0.1986219331240142,0.2785397430213808,3.590151944396817,-0.000373,0.000777,0.001186,0.0,0.0,0.0,-0.84915361602,0.001559,0.0003590000000002,7.736433,0.865046,3.590000000002203e-05,0.7736433,AFM,0.7736433,3.590000000002203e-05,0.7777302968856813,0.0,0.0,0.0,0.0,0.0,0.0,0.102924703998917,9.280332210051176e-05,0.004736,0.0021756784137367,14.9999998,0.0021756784137367,1.999999999999832e-07,0.0021756784137367,0.0,0.0,0.0,0.0,0.0,0.0,0.0,0.0,1.999999999999832e-07,1.999999999999832e-07,0.0,system_174,72.21767778653253,-2.184001985510888,9.664932791864166,831.9622723187914,72.21754710046721,-2.1840473109198237,9.664899671536908,831.9563428118294,5.731028516807784,5.729925921533758,9.620448977071052e-05,28.986740288556536,-9.918897080123696,28.98691963273572,-9.918893154808584,4.5325408935426026e-05,4.003376794850095,5.340587797494689,10.47798690026354,-886.7709567427419,4.003325980162984,5.340360901854544,10.477914392709575,-886.7473670571977,0.0037434304103896,0.003770134424026,-0.0035541070350583,0.6994236267018762,-14.207866775097248,0.6994482757533496,-14.207510306121236,0.0002268956401456,0.0,0.0,0.0,0.0,0.0,0.0,0.0,0.0,0.0,0.0,0.0,0.0,0.0,0.0,0.0,0.0,0.0,0.0,0.0,0.0,0.0,0.0,0.0,0.0,0.0,0.0,0.0,0.0,0.0,0.0,0.0,0.0,6.154884860139853,6.153179999999993,0.0001385156935093,4.119,0.0,-29555.1828,-2955.51828
calculation167,True,8,5,2,1,0.625,0.25,0.125,7.25,1.6725,1.2825,57.725,6.375,0.1607599141577277,0.0381489001769608,0.9002560512685369,0.8194483718728035,0.0831987927238649,1,1,1,3,0.15625,0.078125,0.03125,0.390625,0.0625,0.015625,0.125,0.7142857142857143,1.25,0.25,-0.75,0.25,-25990.0359,-3248.7544875,-6.94023,15,5.087793952675854,2.575818,6.909739099380888,90.0,89.13249035683629,90.0,90.54334935050996,11.317918668813745,0.5062740401751695,1.3581012052869803,1.3581012052869803,0.000806,-6.3e-05,0.001544,-0.0,2.7e-05,0.0,-1.2213926539859998,0.001607,1.1098589999999997,11.991299,2.622823,0.1387323749999999,1.4989123750000002,AFM,2.2681304,0.2669195999999999,2.2803256857356677,0.243358,-0.030404,0.243358,0.163931,-0.163931,0.0,0.6888517134402401,0.169429145118317,0.698318,0.2961413711027376,14.8835086,0.1588921856877799,0.1164914,0.1588921856877801,17.942069,0.0810950000000012,0.057931,0.081095,13.698318,0.0,-0.698318,0.0,0.0585603999999999,0.8148094,0.756249,system_175,36.64275248733269,-1.526461456708217,9.534849153107723,789.9543772614975,36.60390058073274,-1.39999169021032,9.425660259793256,757.9091606452356,4.190449598218586,3.1185248236601546,0.1466587119732863,15.153678307840668,-9.150475876811807,13.911953051658356,-9.161643773322638,-0.1264697664978973,1.8245122802914304,9.916044262081863,5.954645304248593,69.85512942980624,1.7172877671526765,11.05673939980958,3.5999978438977918,568.0198499515367,-0.0222576307804925,-0.006795177903152,0.0,0.0223257470622389,-11.522238162179274,-0.0366419622717467,0.0,-1.1406951377277164,12.40951434054167,12.397788954330371,-4.482893990311572,-4.537919057511668,8.880069279745445,8.849002914386896,1114.6569622046147,1108.6940825704287,1.2402533128855824,0.8987765090778993,0.1596409738197249,8.596231237315026,8.666189385721307,-9.23519062956388,-9.254169783960544,0.0550250672000958,3.3023612281237225,2.3769868915740413,9.234177422777243,161.44890996017878,3.4260236256756347,1.341574134985971,9.56329240875025,169.71366247993095,0.0666524100115383,0.0630084062356237,0.0281041249113251,0.6608108215398628,-10.280599674698506,0.8568867344336415,-10.858017918174406,1.0354127565880706,5.984398951048952,4.305268321678317,0.163186095805174,3.13546,0.0,-25958.7259,-3244.8407375
calculation168,True,8,7,1,0,0.875,0.125,0.0,7.375,1.595,1.2675,55.40875,5.375,0.1190588089979065,0.0052184444005219,0.3767701612564367,0.3429509801981277,0.0223826729002463,1,1,0,2,0.109375,0.0,0.0,0.765625,0.015625,0.0,0.375,0.875,1.375,0.375,-0.625,0.125,-25272.8382,-3159.104775,-7.509166,8,2.446127,9.857058,3.487993,90.0,90.0,90.0,84.10114683039862,10.512643353799827,4.029659130535741,1.4259247373501047,1.4259247373501047,-0.002199,0.001242,-0.000144,0.0,0.0,0.0,0.5879988246779999,0.003441,0.9392460000000002,7.517084,1.339205,0.11740575,0.9396355,FiM,1.0620634285714283,0.1223722857142857,1.0879141776420096,0.08264,0.08264,0.0,0.0,0.0,0.0,0.4344593123133279,0.2286526363221471,0.089235,0.0585240817655433,15.012747857142855,0.0511302327602995,-0.0127478571428571,0.0511302327602999,17.910765,0.0,0.089235,0.0,0.0,0.0,0.0,0.0,-0.1019828571428571,-0.0127478571428571,0.089235,system_176,50.86089305616208,-1.9937824027186184,9.60168971080597,807.2863801403918,50.89676914599765,-1.897461289147022,9.56921128111092,796.7312117540507,3.551471032179064,3.5490196393016924,0.0003452427431836,20.8554295907252,-9.661696462637476,19.911040441157887,-9.660178134272645,-0.0963211135715964,2.9266466601474725,4.927507629430194,10.615401351281696,-858.1659002640266,2.933738096819435,4.765405398384734,10.79590970806109,-871.1704277996564,0.0042523378100649,0.0018429589896353,0.3952849056584152,0.5547984852127519,-14.104146881579211,0.5885132520876368,-14.107728975634425,0.1621022310454591,6.1632289621629965,6.191637587337355,-5.112009068441153,-4.985798185909405,9.247048467456295,9.233550991593008,1263.2625922177676,1245.379494719941,0.3138790786196305,0.2469304424995003,0.1193785654468382,4.336588863317472,4.245291222543408,-10.0043344603482,-9.98393988218463,-0.1262108825317476,0.0,0.0,0.0,0.0,0.0,0.0,0.0,0.0,0.0,0.0,0.0,0.0,0.0,0.0,0.0,0.0,4.04277129470529,3.9967789830169775,0.0057207567711538,3.05865,0.0,-25243.2582,-3155.407275
calculation169,True,8,3,3,2,0.375,0.375,0.25,7.125,1.75,1.2975,60.04125,7.375,0.159687194226713,0.0505022829367289,1.0821955300387671,0.985056822321508,0.0969196009576307,1,1,1,3,0.140625,0.09375,0.09375,0.140625,0.140625,0.0625,-0.125,0.5,1.125,0.125,-0.875,0.375,-26708.1899,-3338.5237375,-6.621241,14,10.411147,2.664766,3.393673,90.0,90.0,90.0,94.15158818569846,11.768948523212307,0.2559531625093758,0.3259653331184355,3.067810893978294,-0.001126,0.001088,9.2e-05,-0.0,0.0,-0.0,-0.0288391794119999,0.002214,-4.883115,9.759536999999998,3.369299,-0.610389375,1.2199421249999998,FM,2.8254486666666665,-1.4222186666666663,2.498509373392108,0.3166083333333333,-0.3166083333333333,0.1650656911057601,0.166683,0.166683,0.013077,1.058033314069559,0.444952321478377,0.593466,0.3014735396713947,14.922092666666666,0.1011002808612433,0.0779073333333333,0.101100280861243,17.76629,0.1233024957736048,0.23371,0.1233024957736054,13.467426,0.1260399999999997,-0.467426,0.12604,-0.1558026666666666,0.5453333333333333,0.701136,system_177,21.950992945028936,-0.7733888433791364,9.215713215442404,703.4966605274866,21.92712858896055,-1.6903845212137505,9.628823855203908,822.5124836447164,1.5192850030241738,1.562752019314287,-0.0141033400880866,6.684696172525539,-8.861151558163245,10.72000732568875,-8.969884950877857,0.916995677834614,0.9438541075500338,10.358011201085656,5.6361715682201385,124.05879047861168,1.0156678326486894,10.077374300440615,5.0731359958376245,282.6341693720259,-0.0033839804615384,0.0051063497142857,-4.929448294714885,-0.0005593997623541,0.0,-0.01718881628114,0.0,0.2806369006450406,19.119285085717763,18.98521584375169,-3.437630249585125,-3.783537670084524,9.089835975514342,9.169572763041216,1089.259211511089,1138.7004253773548,1.3649073130417586,0.5928860345494517,0.3943323637513483,12.593362403587909,13.571747869163442,-8.620232713234023,-8.764882920458646,0.3459074204993992,6.240675703775814,2.2349210811135305,8.380884124336438,313.450040953046,6.09646099712891,2.736870220109159,7.997871022649368,360.3294142678864,0.1023784336879119,0.1200097036527474,-0.0792815218278818,1.293418039255204,-8.681114257981962,1.0745922472631109,-7.865995952801298,-0.5019491389956285,3.303657190059937,2.5772015596903137,0.1235288350362903,1.78232,0.0,-26675.1499,-3334.3937375
calculation170,True,8,6,1,1,0.75,0.125,0.125,6.875,1.6275000000000002,1.285,57.25625,6.0,0.1365421180442137,0.0371182568644726,0.7356219397587946,0.6695919455357792,0.0850238411358771,1,1,1,3,0.09375,0.09375,0.015625,0.5625,0.015625,0.015625,0.25,0.8571428571428571,0.875,-0.125,-1.125,0.625,-24389.1649,-3048.6456125,-7.171466,16,10.239816,2.575103,3.417964,90.0,90.0,90.0,90.1268602508696,11.2658575313587,0.2514794211145981,0.3337915446918187,2.99588175884825,-0.000576,0.001933,0.002515,0.0,0.0,0.0,-2.067875975616,0.003091,-0.447387,11.990815,2.574474,-0.055923375,1.498851875,AFM,1.9527285,-0.0288238333333332,1.9826243218252768,0.247229,-0.247229,0.0,0.027215,-0.027215,0.0,0.562133399525521,0.3534917703822471,0.389667,0.205725558105597,14.990000166666666,0.1136236782928876,0.0099998333333333,0.1136236782928873,17.670331,0.0,0.329669,0.0,13.389667,0.0,-0.389667,0.0,-0.3196691666666666,0.3996668333333333,0.719336,system_178,43.42208050130272,-1.6940944508704412,9.442026450045994,773.952411634693,43.375843523419086,-1.7415637934474488,9.438974913309794,774.94281703203,2.459710814726369,3.49429943425714,-0.1737633252659247,17.310874701238664,-9.320704729441363,17.534137713838188,-9.323305650417891,0.0474693425770076,2.5332796239703503,6.387020895708938,10.404041462547156,-1008.8294055415404,2.4736150899430176,6.617429444784354,10.218285733056854,-1027.1595990414298,0.0026403663846153,-0.0002982302461538,1.2546651676274931,0.3735988720469909,-14.76513011602803,0.3369546512286954,-15.138666171163797,-0.2304085490754159,6.363514930078626,6.332500765439144,-4.115234427991396,-4.38323298644503,9.310334779713124,9.363758753615455,1178.4706196520035,1216.8397318710752,0.285696292891209,0.313802205360439,-0.0468823734357915,4.243513145086614,4.477862010339789,-9.399585717095045,-9.502242584935026,0.2679985584536339,3.0813200092262383,2.844588357251341,8.40016187430437,359.0759675609211,3.126461821648609,2.39349455796093,8.490710730718419,361.88342472258506,0.0532647147967032,0.0864160996593406,-0.2373367093522339,0.5514104651295006,-8.298704614796247,0.6205197139322658,-8.636097848404745,0.4510937992904109,2.9973482927072888,4.211705161838159,-0.168448864582242,2.75966,0.0,-24359.9949,-3044.9993625
calculation171,True,2,1,1,0,0.5,0.5,0.0,8.5,1.73,1.26,56.815,6.5,0.1799999999999999,0.0079365079365079,0.6931471805599453,0.6309297535714574,0.0330018481034937,1,1,0,2,0.25,0.0,0.0,0.25,0.25,0.0,0.0,0.5,2.5,1.5,0.5,1.0,-7518.9888,-3759.4944,-6.823081,10,2.426891,2.426891,3.563962,90.0,90.0,90.0,20.991023123442694,10.495511561721347,1.0,1.4685299010132715,1.4685299010132715,0.000977,0.000977,-0.001255,0.0,-0.0,-0.0,-0.3733071557219999,0.002232,-1.710812,1.710812,1.418066,-0.855406,0.855406,FM,1.418066,-1.418066,0.0,0.292746,-0.292746,0.0,0.0,0.0,0.0,0.6577695269848469,0.0,0.23633,0.23633,15.23633,0.0,-0.23633,0.0,17.76367,0.0,0.23633,0.0,0.0,0.0,0.0,0.0,-0.47266,-0.23633,0.23633,system_179,7.552806646171613,-0.8284200988188481,9.14689427477725,654.3353327295965,7.550847004892451,-1.744152890172979,9.598597649069688,774.8947052712955,0.1650668481603893,1.6706769394641858,-0.8201635225207724,2.245619295254256,-8.954362290708254,3.665211429001976,-9.027767532907976,0.9157327913541308,0.5668084198277799,0.534671276578694,12.022644893249248,-125.65341973296606,0.5873928088109437,1.671385861946333,11.734603895493873,-339.9676586916762,-0.0011816944090909,0.0092396736638861,-1.293297952681548,0.2168604625380657,-13.664284694083689,0.1908238680966233,-13.692537228344062,-1.1367145853676393,6.115533212538266,6.09468486381336,-4.593770179505786,-4.87159119250045,8.780773417029557,8.983520542969536,1106.1073602875656,1192.280276980796,0.2068844078473522,0.4012468992714785,-0.3196061264218834,4.140302971466848,4.461919795528591,-9.30762190779646,-9.441585374969383,0.2778210129946634,0.0,0.0,0.0,0.0,0.0,0.0,0.0,0.0,0.0,0.0,0.0,0.0,0.0,0.0,0.0,0.0,0.4328967964535463,2.151145572177822,-0.6649460537422774,0.19985,0.0,-7509.9888,-3754.9944
calculation172,True,6,5,0,1,0.8333333333333334,0.0,0.1666666666666666,6.333333333333334,1.5933333333333333,1.2933333333333334,57.40333333333333,5.833333333333334,0.0968962790249908,0.040341432583759,0.4505612088663046,0.410118486306518,0.0959557653662589,1,0,1,2,0.0,0.1388888888888889,0.0,0.6944444444444445,0.0,0.0277777777777777,0.3333333333333333,1.0,0.3333333333333339,-0.6666666666666661,-1.666666666666666,1.166666666666666,-16869.9259,-2811.6543166666665,-7.369104,12,7.675062,2.583816,3.453257,90.0,90.0,90.0,68.48135998586729,11.413559997644548,0.3366508309639714,0.4499321308414186,2.2225574291169177,0.002241,0.000577,0.002227,0.0,0.0,0.0,-2.69432703951,0.001664,2.31267,9.45245,2.167599,0.385445,1.575408333333333,FiM,1.8486642,0.5043597999999999,1.7980133408768022,0.0,0.0,0.0,0.209129,-0.209129,0.0,0.4169160735229617,0.3931400614698363,0.374903,0.2393811095770368,14.9250194,0.1871668680312841,0.0749805999999999,0.1871668680312838,0.0,0.0,0.0,0.0,13.374903,0.0,-0.374903,0.0,0.0749805999999999,0.4498835999999999,0.374903,system_180,36.15260879414545,-2.009166842578392,9.558937587827758,817.7057567699766,36.1776793658588,-1.7044119751948013,9.391833445910294,767.850689474177,2.583215163357312,2.7028767173221606,-0.0226370552510085,15.7667965554943,-9.466460817605734,13.343070860029684,-9.436357137761869,-0.3047548673835907,1.7022804107326306,10.007918322819895,6.353776276706002,-88.94073650252709,1.5795812583619124,10.984451267300075,4.903319453600305,199.3763171757873,-0.0071751794555458,-7.978281924869832e-05,0.0,0.0120757631033257,-23.57834516438329,-0.0088092570687231,0.0,-0.9765329444801818,0.0,0.0,0.0,0.0,0.0,0.0,0.0,0.0,0.0,0.0,0.0,0.0,0.0,0.0,0.0,0.0,2.981582032577019,2.5772546931451785,8.741827608796033,385.2244034596004,3.1018646703246486,1.2419935993254358,9.05543023583849,356.39703582408697,0.0715898090096928,0.0315415407647333,0.3883229331581033,0.5574982906018168,-8.719230331544502,0.7805283711873607,-9.74994289740785,1.335261093819743,2.8620038576423608,2.9219303336663347,-0.0103608502520694,2.31874,0.0,-16849.7559,-2808.29265
calculation173,True,8,7,0,1,0.875,0.0,0.125,6.5,1.5825,1.2875,56.7875,5.625,0.0859869176095992,0.0359616683057322,0.3767701612564367,0.3429509801981277,0.0860757305250598,1,0,1,2,0.0,0.109375,0.0,0.765625,0.0,0.015625,0.375,1.0,0.5,-0.5,-1.5,1.0,-22787.8219,-2848.4777375,-7.367192,14,10.229464,2.57653,3.423074,90.0,90.0,90.0,90.22032135451128,11.27754016931391,0.2518734119402541,0.3346288720503831,2.98838529345261,-0.006142,-0.001844,0.00182,-0.0,-0.0,-0.0,3.2930070417479995,0.007962,2.0697399999999995,13.551482,2.082836,0.2587174999999999,1.69393525,FiM,1.908323571428572,0.3232795714285713,1.890829565475872,0.0,0.0,0.0,0.193217,-0.193217,0.0,0.3517502332114978,0.2649907926537372,0.345868,0.1703411434536864,14.950590428571427,0.1167506669052313,0.0494095714285714,0.1167506669052315,0.0,0.0,0.0,0.0,13.345868,0.0,-0.345868,0.0,0.0494095714285714,0.3952775714285714,0.345868,system_181,50.516989863063856,-2.031457818122413,9.506000491588582,805.1480062250092,50.54312289376556,-1.8339134032738469,9.405928702988978,773.9643314869744,2.918325257843514,4.27070951891711,-0.1881176406943158,21.45198894990253,-9.518322157319377,19.23315172104336,-9.511940924798784,-0.1975444148485656,2.625739374227234,8.322013959578404,8.239789658189581,-526.8417245237993,2.500315835552297,8.88112890754238,7.726043301404116,-450.7147307139265,0.0018293499613387,-0.0014178525865569,7.891186546736836,0.1784184786872449,-13.9652148719711,0.1488120184810615,-13.417663008402856,-0.559114947963975,0.0,0.0,0.0,0.0,0.0,0.0,0.0,0.0,0.0,0.0,0.0,0.0,0.0,0.0,0.0,0.0,2.94345238523164,2.4918645846128635,8.633271146852262,371.7875288650251,3.094884930844879,1.218262864544253,9.095657751962326,351.8721741177412,0.0467098125801883,0.0570581053533832,-0.0997253580805141,0.5539551798918477,-8.74577866702383,0.7776696668186991,-9.879947334077956,1.2736017200686105,3.2213603316683352,4.674270729270728,-0.1840144741298983,2.93252,0.0,-22760.7919,-2845.0989875
calculation174,True,10,8,0,2,0.8,0.0,0.2,6.200000000000001,1.6020000000000003,1.298,57.896,6.0,0.104,0.0431432973805854,0.5004024235381879,0.4554859150035952,0.1021141356915849,1,0,1,2,0.0,0.16,0.0,0.6400000000000001,0.0,0.04,0.3,1.0,0.200000000000001,-0.7999999999999989,-1.799999999999999,1.299999999999999,-27821.5325,-2782.1532500000003,-7.392652,10,2.544354,12.628681,3.505692,90.0,90.0,90.0,112.64431696467618,11.264431696467618,4.96341350299526,1.3778318583027362,1.3778318583027362,-0.002533,-0.002772,0.00121,0.0,-0.0,0.0,2.18697110541,0.003982,2.7470070000000004,7.619471000000001,2.145152,0.2747007,0.7619471000000001,FiM,0.927306125,0.3685036250000001,1.271050522214886,0.0,0.0,0.0,0.100511,-0.100511,0.005983,1.1903038840835989,0.2949682621233559,0.456476,0.2676025506016151,14.88596325,0.1564994936155946,0.1140367499999999,0.1564994936155944,0.0,0.0,0.0,0.0,13.4561465,0.0003295000000003,-0.4561465,0.0003294999999999,0.1140367499999999,0.57018325,0.4561465,system_183,57.90241983507502,-2.075362778122177,9.544077916589456,814.6367231871371,57.9378149200844,-1.8578757808298367,9.443742649900669,782.0781135038366,5.23564846965989,3.9182494192417576,0.1439167299446688,24.76228643052488,-9.521315126810796,22.07126022902638,-9.512174632939924,-0.2174869972923403,2.089870019509216,14.378729965901542,0.0,3674.115025634252,1.9432688926469308,15.74466703181033,0.0,5201.944476065051,-0.0089789460527472,-0.0205942072340659,0.0,-0.3157926743419646,0.0,-0.3560224515210491,0.0,-1.3659370659087884,0.0,0.0,0.0,0.0,0.0,0.0,0.0,0.0,0.0,0.0,0.0,0.0,0.0,0.0,0.0,0.0,6.046170345865109,1.5542511597056048,9.246107827207362,322.8639249446569,6.19330297732489,0.8917606132593654,9.39172114694307,329.4900238795133,0.1533515716906593,0.1166944876170329,0.1357438215080896,1.3806060454522129,-10.105240364272762,1.6066436139021991,-10.49216458917112,0.6624905464462394,5.70658376973027,4.239751632367632,0.1474746304104374,4.14254,0.0,-27788.0525,-2778.8052500000003
calculation175,True,8,3,3,2,0.375,0.375,0.25,7.125,1.75,1.2975,60.04125,7.375,0.159687194226713,0.0505022829367289,1.0821955300387671,0.985056822321508,0.0969196009576307,1,1,1,3,0.140625,0.09375,0.09375,0.140625,0.140625,0.0625,-0.125,0.5,1.125,0.125,-0.875,0.375,-26708.0997,-3338.5124625,-6.610974,26,2.748862,2.748863,12.248767,90.0,90.0,90.0,92.55468493770935,11.569335617213673,1.0000003637869053,4.455941040328689,4.455941040328689,0.001969,0.001969,0.001621,0.0,0.0,-0.0,-2.9688333028019995,0.0003479999999999,4.565411999999999,5.21294,3.561219,0.5706764999999999,0.6516175,FM,1.384462,1.2643906666666669,1.6419969008444837,0.305299,0.305299,0.2214685974233518,0.0718285,-0.0718285,0.0309815,1.7094806247152663,0.9115514723925836,0.409606,0.2173523340037078,15.127578,0.1834763335928279,-0.127578,0.1834763335928279,17.800008666666667,0.1482383720124076,0.1999913333333333,0.1482383720124074,13.1086195,0.0964555000000002,-0.1086195,0.0964555,-0.3275693333333333,-0.0189584999999999,0.3086108333333333,system_184,21.382325224516965,-1.9974077567811612,9.428554874531194,834.0317642561313,21.43632914040081,-1.1266808852229695,9.08141195811872,718.168326430515,2.300150794056841,2.577332846474828,-0.0568289045840392,10.51160631258179,-8.936416119912334,6.81524594303922,-8.910514662547614,-0.870726871558192,1.356561657804057,3.7041998412764423,11.00595473567259,-933.9379551758124,1.3274366416501018,2.836597762241223,11.447874247365808,-838.5339730125488,-0.0155491689870129,0.002395720335964,0.0,0.2626406474036629,-16.102408374747185,0.3267181243742399,-15.250769456903294,0.8676020790352199,19.28745403516254,19.42842560038389,-3.4417143772575245,-3.0979327359582096,9.707487842236937,9.626403869880042,1256.1493767182117,1204.1788242245684,0.8972396617253232,2.276953581980818,-0.4346660125344356,13.51326657514566,12.5381963156368,-8.928859899580718,-8.790510955436202,-0.3437816412993149,6.09368425568376,2.7473663879729777,7.71033566611094,441.17942002923263,6.139574736995846,2.567485799916517,7.976172955028778,402.5422070001957,0.197488402044505,0.1988235711484015,-0.0033689850274761,1.1253084671176223,-7.2814854173819645,1.2121675307814723,-7.791309944118426,0.1798805880564602,3.886412493506492,5.422706265734266,-0.1650310638375692,2.31424,0.0,-26675.0597,-3334.3824625
calculation176,True,6,2,1,3,0.3333333333333333,0.1666666666666666,0.5,5.5,1.74,1.336666666666667,62.955,8.0,0.138924439894498,0.0550890823799862,1.0114042647073518,0.920619835714305,0.109276703695538,1,1,1,3,0.0555555555555555,0.1666666666666666,0.0833333333333333,0.1111111111111111,0.0277777777777777,0.25,-0.1666666666666666,0.6666666666666666,-0.5,-1.5,-2.5,2.0,-16703.4672,-2783.9112,-6.576726,22,2.746005,8.203782,3.369449,90.0,90.0,90.0,75.90568821522531,12.650948035870885,2.9875335259768283,1.2270367315427322,1.2270367315427322,0.000676,-0.000397,0.000158,0.0,-0.0,-0.0,-0.2333837296859999,0.001073,0.43431,4.475284,2.304853,0.0723849999999999,0.7458806666666667,AFM,2.1066935,0.1981595,2.1066935,0.044811,0.044811,0.0,0.072362,-0.0022733333333333,0.083899806198955,1.2998496981564385,0.1769229797820348,0.654453,0.4325546794969009,14.625252,0.0019210000000002,0.3747479999999999,0.0019209999999999,17.513862,0.0,0.486138,0.0,13.411878000000002,0.1793331920773916,-0.4118779999999999,0.1793331920773916,-0.11139,0.7866259999999999,0.8980159999999999,system_185,14.549534101990655,-1.210186136508444,9.553252156000015,791.0204767397374,14.553306063983218,-1.0929007522093797,9.49257710762054,775.0347922274125,1.1268806238169824,1.1859339889638367,-0.025533116584667,6.0991261640935255,-8.746926576376197,5.623749303548048,-8.755161773752967,-0.1172853842990644,0.1585954287890076,74.92682164428741,0.0,822007.405776523,0.1357647692149876,89.13942006634967,0.0,1391601.1779198272,0.0074074081491508,0.029939799932967,-0.6033219868610425,-0.3929262233055429,0.0,-0.4128171776922709,0.0,-14.212598422062255,6.535656257995146,6.533308816323236,-3.1020845347120125,-3.068824134235264,9.746530796983672,9.719727072964863,1208.0307943683551,1199.838413397161,0.3279122029689807,0.2586320074319674,0.1181158969920698,4.439181943928172,4.379860541598285,-8.813511307990115,-8.79006907426538,-0.0332604004767489,9.24823557557448,1.267194862371789,8.61273167797709,330.76391649751946,9.289546910885424,1.166501397741199,8.656012161266437,330.5256106577358,0.3247881993145851,0.1481925764648851,0.3733674430185267,2.160748094027896,-9.378260409632796,2.1713739665237606,-9.53794633055372,0.1006934646305899,2.082084625374625,1.7786167032967033,0.0786043509308089,1.31856,0.0,-16681.977199999998,-2780.329533333333
calculation177,True,6,1,0,5,0.1666666666666666,0.0,0.8333333333333334,3.6666666666666665,1.7666666666666668,1.3866666666666667,67.25666666666666,9.166666666666668,0.0968962790249908,0.0376261438521598,0.4505612088663046,0.410118486306518,0.0818979152189297,1,0,1,2,0.0,0.1388888888888889,0.0,0.0277777777777777,0.0,0.6944444444444445,-0.3333333333333333,1.0,-2.333333333333333,-3.333333333333333,-4.333333333333334,3.8333333333333335,-13333.6558,-2222.2759666666666,-5.985535,14,2.840105,2.840106,12.019565,90.0,90.0,90.0,96.95220620190834,16.15870103365139,1.0000003520996583,4.2320847292617705,4.2320847292617705,-8.5e-05,-8.5e-05,-0.001877,-0.0,0.0,-0.0,1.093218523266,0.001792,-2.665507,3.597891,3.131699,-0.4442511666666666,0.5996484999999999,FM,3.131699,-3.131699,0.0,0.0,0.0,0.0,0.0932384,0.0932384,0.0885761703769134,1.8931935298299416,0.970227534638546,0.697586,0.3155967266757883,14.302414,0.0,0.697586,0.0,0.0,0.0,0.0,0.0,13.1395174,0.0522609058880535,-0.1395173999999999,0.0522609058880536,0.697586,0.8371034,0.1395173999999999,system_187,7.166799496176489,0.2666400014152812,8.970195707067179,684.3291500198096,7.211290763373522,-1.4188984321043758,10.041284489745614,970.2406039107452,1.0564651287403877,0.5140666134492671,0.3453597916683313,1.5838722795245,-7.699843572814776,4.332633897191688,-8.348209421665565,1.685538433519657,-0.1696751548621665,0.0,0.0,0.0,0.0250766358089264,279.67422902456246,0.0,43183476.0935788,-0.0016796615008703,-0.0135758046659473,0.0,-0.3408261115623424,0.0,-0.2453167389613439,0.0,-279.67422902456246,0.0,0.0,0.0,0.0,0.0,0.0,0.0,0.0,0.0,0.0,0.0,0.0,0.0,0.0,0.0,0.0,14.228286199103083,1.4359756614987216,7.104317232648,455.0194922509552,14.058545652559037,1.6865360813447747,6.968218707342862,485.2926982564062,0.7466178758219884,0.79238346740153,-0.0297372005431023,2.358330848172382,-6.552779406003291,2.1362934385881465,-5.963270195824159,-0.2505604198460531,2.4508871590909136,1.7325121590909065,0.1717203989774099,1.0337,0.0,-13315.1258,-2219.187633333333
calculation178,True,2,0,1,1,0.0,0.5,0.5,6.5,1.86,1.33,64.205,9.0,0.0499999999999999,0.0601503759398495,0.6931471805599453,0.6309297535714574,0.0858967370142512,0,1,1,2,0.0,0.0,0.25,0.0,0.25,0.25,-0.5,0.0,0.5,-0.5,-1.5,1.0,-6635.8172,-3317.9086,-6.417985,23,2.931447,2.931461,2.788185,90.0,90.0,90.0,23.960051863911296,11.980025931955648,1.0000047757984367,0.9511292545967912,1.0513818128997896,-0.003664,-0.003667,-0.005818,2e-06,2e-06,-8e-06,7.022340186822,0.002154,0.0,0.0,0.0,0.0,0.0,NM,0.0,0.0,0.0,0.0,0.0,0.0,0.0,0.0,0.0,0.0,0.0,0.214124,0.214124,0.0,0.0,0.0,0.0,17.785876,0.0,0.214124,0.0,13.214124,0.0,-0.214124,0.0,-0.214124,0.214124,0.428248,system_188,0.0,0.0,0.0,0.0,0.0,0.0,0.0,0.0,0.0,0.0,0.0,0.0,0.0,0.0,0.0,0.0,0.0,0.0,0.0,0.0,0.0,0.0,0.0,0.0,0.0,0.0,0.0,0.0,0.0,0.0,0.0,0.0,6.630495488354058,6.630495490356061,-2.4029650701400005,-2.4029650696356937,10.159430081351973,10.15943008313717,1266.3747841740742,1266.3747850026714,0.4389170694972536,0.4389170694972536,0.0,4.429129303538154,4.429129304338956,-8.556542088624706,-8.556542089090199,-5.043068185273113e-10,3.1611121711913057,2.734718265231769,8.274135496557406,363.348400177886,3.161112173593705,2.7347182796413456,8.274135503762162,363.3483980768714,0.129485712837363,0.129485712837363,0.0,0.6418004265290342,-8.134356097113615,0.6418004269294347,-8.134356105065793,-1.4409576643004131e-08,0.7438841458541459,0.7438841458541459,0.0,9e-05,1.0,-6627.2272,-3313.6136
calculation179,True,8,3,4,1,0.375,0.5,0.125,8.0,1.7625,1.2775,58.6625,7.125,0.1676119029186172,0.0398660445938617,0.9743147528693494,0.8868595071429147,0.0771449538388907,1,1,1,3,0.1875,0.046875,0.0625,0.140625,0.25,0.015625,-0.125,0.4285714285714285,2.0,1.0,0.0,0.5,-29192.6951,-3649.0868875,-6.819226,9,4.986282227890635,2.509427,7.029983089400429,90.0,90.22079587656604,90.0,87.96349535780932,10.995436919726163,0.5032661380383942,1.4098646582976004,1.4098646582976004,-0.000925,-0.001409,0.000916,0.0,0.000426,0.0,0.7572954890039999,0.002325,0.2490379999999998,5.683948,2.553464,0.0311297499999999,0.7104935,AFM,1.6719113333333333,0.0747926666666665,2.020487081908936,0.14909525,0.02412325,0.1802221857310789,0.071833,-0.071833,0.0,1.4390403725559962,0.0839503076528411,0.513559,0.2397483481036678,15.020284333333334,0.1564515073248647,-0.0202843333333333,0.1564515073248648,17.8563965,0.0986634063989783,0.1436035,0.0986634063989785,13.513559,0.0,-0.513559,0.0,-0.1638878333333333,0.4932746666666666,0.6571625,system_189,22.187239037018927,-1.2253451649187923,9.510340875051511,747.7564935599758,22.187673080625785,-1.1895829192611715,9.48838604005758,741.7115282930951,2.503397522896705,1.6183150807666336,0.2147365736619818,8.896671322634617,-8.955793992066548,8.688983539213249,-8.970495369322462,-0.0357622456576207,1.2680144532280897,6.663765663885666,10.130419245776704,-882.330015419974,1.2478168627853787,7.019381426583315,9.97620337422023,-901.9425191189962,-0.017318578847952,0.0017761931956044,0.0,0.1878064077837155,-14.099269512083572,0.170476520389574,-14.226798708104308,-0.3556157626976493,25.08016566800906,25.05139226871785,-4.112063825909219,-4.122544545175783,8.894003207234174,8.87146107836537,1078.7276784006788,1073.8442599285895,1.6781193010065938,1.6074180982227773,0.0215189158401909,17.386126542020023,17.332432903460106,-8.938960043454632,-8.931040349430532,0.0104807192665639,3.402082116671196,2.067024422122988,9.10496038159436,121.4455562866977,3.4438064298009388,1.7266415977464564,9.184530426331117,121.60161425002394,0.0458140903050949,0.0580390144795205,-0.1177136128937042,0.6999111902825617,-10.517605006209148,0.7688087826510799,-10.651940569194544,0.3403828243765316,4.534711591408594,3.504884438561439,0.1280943904405348,3.37548,0.0,-29157.1051,-3644.6381375
calculation180,True,4,1,0,3,0.25,0.0,0.75,4.0,1.745,1.375,66.025,8.75,0.112583302491977,0.0440885660108441,0.5623351446188083,0.5118595071429147,0.0969318854065429,1,0,1,2,0.0,0.1875,0.0,0.0625,0.0,0.5625,-0.25,1.0,-2.0,-3.0,-4.0,3.5,-9183.6204,-2295.9051,-6.09636,10,2.874823,5.464606,3.855456,90.0,90.0,90.0,60.56834633922171,15.142086584805428,1.9008495479547785,1.341110739687278,1.341110739687278,0.001029,0.004855,0.004663,0.0,0.0,0.0,-5.632718986266,0.003826,-2.700495,3.802231,3.251363,-0.67512375,0.95055775,FM,3.251363,-3.251363,0.0,0.0,0.0,0.0,0.1836226666666666,0.1836226666666666,0.0729993475237203,1.3990460162934857,0.9435244029452674,0.888714,0.5151277275911165,14.111286,0.0,0.888714,0.0,0.0,0.0,0.0,0.0,13.296237666666668,0.0527366529106862,-0.2962376666666667,0.0527366529106865,0.888714,1.1849516666666666,0.2962376666666667,system_190,7.366463206669788,0.9254040322243589,9.400153552890762,719.0798872749334,7.430784886422249,-0.8243881366199498,10.533208918157111,1008.8573261188616,1.2275089279545457,0.6029973849227273,0.3411687458483454,1.5012897895482096,-7.528722665843861,4.350373982934411,-8.380013465931937,1.7497921688443083,-0.3186380958783211,0.0,0.0,0.0,-0.114323028064393,0.0,0.0,0.0,-0.0043388805272727,-0.0080257901113636,0.0,-0.402738065653055,0.0,-0.3285546634652305,0.0,0.0,0.0,0.0,0.0,0.0,0.0,0.0,0.0,0.0,0.0,0.0,0.0,0.0,0.0,0.0,0.0,0.0,9.301782289165494,1.3895867898850682,8.314185145788139,372.1084166977431,9.208911733762797,1.6792099382080987,8.281997319202143,396.6122603882797,0.3732205563704545,0.4027771805431819,-0.0380885442917429,2.1082246207273228,-8.446317345410893,1.7142104156935092,-8.515491699721117,-0.2896231483230305,1.7236373376623362,1.2443857142857155,0.1614716648046468,0.46683,0.0,-9171.1304,-2292.7826
calculation181,True,10,3,7,0,0.3,0.7,0.0,9.1,1.802,1.256,57.565,7.1,0.1649727250184101,0.0072970950556621,0.6108643020548935,0.556032649876389,0.0298526167915997,1,1,0,2,0.21,0.0,0.0,0.09,0.4899999999999999,0.0,-0.2,0.3,3.1,2.1,1.0999999999999996,1.5999999999999996,-40797.73,-4079.773,-6.617745,4,12.352714,2.483306,3.468199,90.0,90.0,90.0,106.3889770105242,10.63889770105242,0.201033230430171,0.2807641300527155,3.561708540945892,-0.005372,-0.002386,0.002934,0.0,-0.0,0.0,2.576300027472,0.008306,-2.078486,8.810356,2.764851,-0.2078486,0.8810356,FiM,2.5622256666666665,-0.7189916666666667,2.463704298465265,0.1605255714285714,0.0112127142857142,0.170722067108849,0.0,0.0,0.0,1.2538349102107589,0.0726465679270577,0.180336,0.0881369579829596,15.043098666666667,0.0138828484669231,-0.0430986666666666,0.0138828484669233,17.981529,0.0993854711198488,0.0184709999999999,0.0993854711198487,0.0,0.0,0.0,0.0,-0.0615696666666666,-0.0430986666666666,0.0184709999999999,system_191,22.798323157048785,-0.9197045930321112,9.08082716312108,634.5511323055805,22.788246119766704,-1.3805023781833792,9.294659978315556,689.5292260917621,3.02625669858182,4.079164741163639,-0.1481837567990249,7.717684682712566,-8.862236332398945,9.814688166614236,-8.89794488959864,0.4607977851512679,1.6659907233875235,3.3315456540281105,10.969455330935032,-626.6641397166395,1.6691384714868027,3.991036473231745,10.483049771462246,-648.5400733573309,0.0071459556363636,0.0109261744363636,-0.2091739482168037,0.4497185778708445,-13.125271395466276,0.3921200895918456,-12.952485890132351,-0.6594908192036346,43.86236247737894,43.76785533281975,-3.954887269571964,-3.985765008433056,8.805336346721285,8.78981368077699,1048.5565156082123,1047.5981296707964,4.244702530218185,5.832819153636368,-0.1575899981403705,30.2516055267935,30.27515463158268,-8.746818623706586,-8.736045863689883,0.0308777388610921,0.0,0.0,0.0,0.0,0.0,0.0,0.0,0.0,0.0,0.0,0.0,0.0,0.0,0.0,0.0,0.0,7.596919572927083,10.228113946053956,-0.1476123099754644,2.72649,0.0,-40748.45,-4074.845
calculation182,True,6,3,3,0,0.5,0.5,0.0,8.5,1.73,1.26,56.815,6.5,0.1799999999999999,0.0079365079365079,0.6931471805599453,0.6309297535714574,0.0330018481034937,1,1,0,2,0.25,0.0,0.0,0.25,0.25,0.0,0.0,0.5,2.5,1.5,0.5,1.0,-22557.2916,-3759.5486,-6.774627,21,2.52188,7.527405,3.431788,90.0,90.0,90.0,65.14635955967506,10.857726593279176,2.984838691769632,1.3608054308690345,1.3608054308690345,0.00055,-0.003943,0.000351,-0.0,0.0,-0.0,1.6246071068759995,0.004493,-3.6891030000000007,8.484643,2.62516,-0.6148505000000001,1.4141071666666667,FiM,2.547677,-0.9491636666666668,2.3666403930706403,0.2805373333333333,-0.2805373333333333,0.1513296626184775,0.0,0.0,0.0,0.8069222382741167,0.4922888350425603,0.115247,0.0895605194182806,15.052418333333335,0.0516580208443524,-0.0524183333333333,0.0516580208443524,17.947581333333332,0.0887593593650202,0.0524186666666666,0.0887593593650207,0.0,0.0,0.0,0.0,-0.104837,-0.0524183333333333,0.0524186666666666,system_192,22.12609341542777,-1.103476957422597,9.138837589321014,669.3804746818863,22.132259312042883,-1.720505640168641,9.431624514403731,754.1998757176414,2.1206938860957893,1.3026589345634252,0.2389572429098441,7.265091238543572,-9.106237757383536,10.131211939619444,-9.089039680334436,0.6170286827460438,1.6187943782052954,3.613732619251298,10.75877695319598,-641.5230244872001,1.6616958952215175,4.581514584601451,10.4084650174707,-686.0354556884736,-4.270798809194671e-05,0.0011929009659066,-1.074262300180424,0.4032574123363781,-13.142344557547515,0.3404078007114856,-13.236843135146747,-0.9677819653501532,18.81163957063851,18.73076534131384,-3.990549483314663,-4.290713905422039,8.675410563372699,8.789692223096177,1010.422831173336,1063.8804463030851,1.8003268030318351,1.3626026605921806,0.1383920025640153,12.508065949562264,13.44485587772893,-8.791168534519928,-8.929544040141693,0.3001644221073758,0.0,0.0,0.0,0.0,0.0,0.0,0.0,0.0,0.0,0.0,0.0,0.0,0.0,0.0,0.0,0.0,4.311017650599401,2.866048721278721,0.2013314151562674,2.09719,0.0,-22530.2916,-3755.0486
calculation183,True,10,0,7,3,0.0,0.7,0.3,7.9,1.88,1.298,61.999,8.6,0.0458257569495583,0.0564878359932922,0.6108643020548935,0.556032649876389,0.0815268148121146,0,1,1,2,0.0,0.0,0.21,0.0,0.4899999999999999,0.09,-0.5,0.0,1.9000000000000004,0.9000000000000004,-0.0999999999999996,0.4000000000000003,-38146.5805,-3814.65805,-6.406396,16,2.652023,2.652025,16.571941,90.0,90.0,90.0,116.5542940861944,11.65542940861944,1.0000007541412723,6.248792337019702,6.248792337019702,-0.000154,-0.000154,-0.001416,-0.0,0.0,0.0,0.9207175056719998,0.0012619999999999,-1.030142,1.305342,0.48303,-0.1030142,0.1305342,FM,0.0,0.0,0.0,0.1742114285714285,-0.1594291428571428,0.2030567846162592,0.0286206666666666,0.0286206666666666,0.0088624688935357,1.324346941810273,0.882165752366533,0.366226,0.2345242129979119,0.0,0.0,0.0,0.0,17.97515742857143,0.2583598081623249,0.0248425714285714,0.2583598081623251,13.057966333333331,0.1509604480437031,-0.0579663333333333,0.150960448043703,-0.0248425714285714,0.0579663333333333,0.0828089047619047,system_193,0.0,0.0,0.0,0.0,0.0,0.0,0.0,0.0,0.0,0.0,0.0,0.0,0.0,0.0,0.0,0.0,0.0,0.0,0.0,0.0,0.0,0.0,0.0,0.0,0.0,0.0,0.0,0.0,0.0,0.0,0.0,0.0,44.33203308992273,44.28873751530435,-3.340200523269876,-3.484170010362242,8.939413291865085,8.995280006951264,1060.11195084005,1085.3481450687343,7.116194861620772,2.54728046135584,0.4728024077840334,29.775248833369155,31.182844142017867,-8.304098292428211,-8.378611661256313,0.1439694870923662,8.71173097099851,3.103165218475746,7.01221478922917,491.5854524823552,8.674978489497555,3.177529967665643,6.926154371829953,505.3226306518765,0.2443487215740257,0.2895975385766235,-0.0847441407115223,1.2644655591970206,-5.72297613839332,1.2105855391323423,-5.444027588733103,-0.0743647491898968,7.728927986013992,3.237840807692311,0.4095178135695778,0.68194,0.0,-38098.53049999999,-3809.8530499999993
calculation184,True,6,1,0,5,0.1666666666666666,0.0,0.8333333333333334,3.6666666666666665,1.7666666666666668,1.3866666666666667,67.25666666666666,9.166666666666668,0.0968962790249908,0.0376261438521598,0.4505612088663046,0.410118486306518,0.0818979152189297,1,0,1,2,0.0,0.1388888888888889,0.0,0.0277777777777777,0.0,0.6944444444444445,-0.3333333333333333,1.0,-2.333333333333333,-3.333333333333333,-4.333333333333334,3.8333333333333335,-13333.6557,-2222.27595,-5.98574,14,2.840545,2.840546,12.024991,90.0,90.0,90.0,97.0260297009906,16.171004950165102,1.000000352045118,4.233339376774527,4.233339376774527,0.000206,0.000206,-0.00143,-0.0,0.0,0.0,0.543671937804,0.001636,-2.662045,3.592207,3.127126,-0.4436741666666666,0.5987011666666667,FM,3.127126,-3.127126,0.0,0.0,0.0,0.0,0.0930162,0.0930162,0.0888339558601326,1.8935158461726345,0.9702550520829668,0.695168,0.3142917278140379,14.304832,0.0,0.695168,0.0,0.0,0.0,0.0,0.0,13.1390336,0.0505281766249288,-0.1390336,0.0505281766249287,0.695168,0.8342016,0.1390336,system_194,7.165490591548171,0.2574326081544504,8.967381418792767,684.3125829369445,7.21435554600099,-1.412970745849221,10.04690964902331,971.2058197291052,1.0593728135568332,0.5161435633812108,0.3447944166923657,1.5868838921224044,-7.704078336050579,4.331526852597143,-8.349949993272185,1.6704033540036718,-0.1688484319112334,0.0,0.0,0.0,0.0252538626922004,276.75910759467854,0.0,41849311.30683488,-0.0018813912176793,-0.0136219716655053,0.0,-0.3404002766915259,0.0,-0.2451060353444359,0.0,-276.75910759467854,0.0,0.0,0.0,0.0,0.0,0.0,0.0,0.0,0.0,0.0,0.0,0.0,0.0,0.0,0.0,0.0,14.218462823944533,1.4273589437344063,7.092184660428585,454.92741493144905,14.060761570638844,1.6947583054526012,6.973032673096651,487.9544909068944,0.7493030154638965,0.8050316000411344,-0.0358536598370297,2.353044762098222,-6.5418064928072805,2.1320161880943966,-5.946709627523612,-0.2673993617181949,2.448990322177825,1.743268194305693,0.168339362922708,1.02047,0.0,-13315.1257,-2219.1876166666666
calculation185,True,4,0,2,2,0.0,0.5,0.5,6.5,1.86,1.33,64.205,9.0,0.0499999999999999,0.0601503759398495,0.6931471805599453,0.6309297535714574,0.0858967370142512,0,1,1,2,0.0,0.0,0.25,0.0,0.25,0.25,-0.5,0.0,0.5,-0.5,-1.5,1.0,-13271.6345,-3317.908625,-6.41653,23,5.861272,2.930421,2.790996,90.0,90.0,90.0,47.93813210045576,11.98453302511394,0.4999633185424597,0.4761758198561677,2.1000646364237,-0.003829,-0.003817,-0.005223,-0.0,-0.0,1e-06,6.872803700981999,0.001406,0.0,0.0,0.0,0.0,0.0,NM,0.0,0.0,0.0,0.0,0.0,0.0,0.0,0.0,0.0,0.0,0.0,0.214888,0.2137123706882395,0.0,0.0,0.0,0.0,17.786289500000002,1.05000000001354e-05,0.2137105,1.0499999999996625e-05,13.213711,0.0011770000000002,-0.2137109999999999,0.0011769999999999,-0.2137105,0.2137109999999999,0.4274215,system_195,0.0,0.0,0.0,0.0,0.0,0.0,0.0,0.0,0.0,0.0,0.0,0.0,0.0,0.0,0.0,0.0,0.0,0.0,0.0,0.0,0.0,0.0,0.0,0.0,0.0,0.0,0.0,0.0,0.0,0.0,0.0,0.0,13.305224665795423,13.305224666195825,-2.356720865905418,-2.3567208655206087,10.184262514365429,10.184262514453769,1259.999521891829,1259.9995217970952,0.4948623480880137,0.4948623480880137,0.0,8.82193283771522,8.82193283771522,-8.577196877508749,-8.577196877508749,-3.8480951758401716e-10,6.002342521401847,3.541179115218696,7.263193548828787,557.2454385777434,6.002342519800246,3.5411791184445933,7.263193545567145,557.2454392608821,0.13664451942058,0.13664451942058,0.0,0.950423642520315,-5.67969730849028,0.9504236413191136,-5.679697298791861,-3.2258977711308034e-09,0.7668351648351646,0.7668351648351646,0.0,0.1436,0.0,-13254.4545,-3313.613625
calculation186,True,4,1,2,1,0.25,0.5,0.25,7.5,1.795,1.295,60.51,7.75,0.1472243186433545,0.0516567110434735,1.039720770839918,0.946394630357186,0.0914459440748936,1,1,1,3,0.125,0.0625,0.125,0.0625,0.25,0.0625,-0.25,0.3333333333333333,1.5,0.5,-0.5,0.0,-14154.702,-3538.6755,-6.532274,12,5.074747,2.631962,3.502904,90.0,90.0,90.0,46.78668181847854,11.696670454619635,0.5186390572771411,0.6902618002434406,1.4487256858880515,-0.005296,-0.002969,0.000781,0.0,0.0,0.0,3.996896642951999,0.006077,-3.54422,4.251742,3.283486,-0.886055,1.0629355,FM,3.283486,-3.283486,0.0,0.3072475,-0.3072475,0.1445445,0.353761,0.353761,0.0,1.210085993132069,0.7277352044558452,0.528647,0.3152069426482981,14.814691,0.0,0.185309,0.0,17.8283305,0.1110715000000013,0.1716695,0.1110715,13.528647,0.0,-0.528647,0.0,0.0136394999999999,0.713956,0.7003165,system_196,7.466515944781876,0.1511377166911067,8.921925941159811,608.8049537720032,7.482113483310236,-1.7975621253012315,9.942515164536475,875.7598258719698,1.1964508090697326,0.2619170191500769,0.6408080127908581,1.3571599559099812,-8.544729885513988,4.438579427428854,-8.873463533724081,1.9486998419923385,0.2302657937783338,18.39236372162521,0.0,10503.016642874987,0.3235884530533626,14.048415839984097,0.0,4813.523810288842,-0.0105537011718252,-0.0050223103264976,0.0,-0.0616170496953431,0.0,-0.0563942320151334,0.0,4.343947881641112,12.621646907275125,12.523560291333611,-3.563195611908279,-3.907495264283157,8.857488141067602,8.937490202974091,1045.9646327529283,1097.4594533228096,1.5088610929391282,0.4808473358506845,0.5166655285838566,8.387420420327032,9.04355706023123,-8.516559499916339,-8.653306236062713,0.344299652374878,3.238049145139767,2.018272305003836,8.59291634724126,258.56116247681825,3.089409730576937,3.1283237354204982,7.894968635891038,337.25769367506325,0.1445407301915829,0.0606354843133008,0.4089423624505209,0.7204385596564811,-9.169543002119342,0.4616792130802536,-7.70607562883421,-1.1100514304166629,3.1538579460539475,0.9605610249750268,0.5330757359721194,0.71616,0.0,-14137.112,-3534.278
calculation187,True,8,2,2,4,0.25,0.25,0.5,5.75,1.77,1.335,63.2675,8.25,0.1334166406412633,0.0564289107614956,1.039720770839918,0.946394630357186,0.1041182850971735,1,1,1,3,0.0625,0.125,0.125,0.0625,0.0625,0.25,-0.25,0.5,-0.25,-1.25,-2.25,1.75,-23339.0386,-2917.379825,-6.581354,14,10.651994,2.732474,3.507991,90.0,90.0,90.0,102.10462670260137,12.76307833782517,0.2565222999562335,0.3293271663502627,3.0364941073109937,8.3e-05,0.000181,0.00113,0.0,0.0,-0.0,-0.7444780759319999,0.001047,5.501849,7.013262999999999,3.226921,0.687731125,0.8766578749999999,FM,2.881245,2.881245,0.3456759999999999,0.2545805,0.2404855,0.2545805,0.1854029999999999,-0.1854029999999999,0.11851999177354,1.3456386687554625,0.9275397295685408,0.757593,0.4678242978270361,14.5858865,0.1174795000000008,0.4141135,0.1174794999999999,17.549167500000003,0.0504385000000002,0.4508325,0.0504385,13.43247325,0.2348261713239976,-0.43247325,0.2348261713239976,-0.036719,0.8465867499999999,0.88330575,system_197,14.769316525033954,-1.5863221157637355,10.036137673103855,928.4694279337798,14.67743771657658,-0.0199697097772313,9.049283820203676,670.9681013711435,0.7938444328197305,2.387280844301946,-0.500903382504941,8.50557915482941,-8.739537711446317,3.2018840728605418,-8.251692567987167,-1.5663524059865042,0.0483914248139226,237.3254781460172,0.0,26968715.129016917,-0.2180853533167903,0.0,0.0,0.0,-0.0027574470730269,-0.005235085340959,0.0,-0.4279988251802579,0.0,-0.5176902089782297,0.0,237.3254781460172,12.83502762185248,12.895358916884293,-3.4124328299124334,-3.164098424400021,9.489234865301722,9.423067978085076,1195.9147805520486,1155.025694162882,0.8291295570689313,1.1433730274660834,-0.159312070291269,8.9651797382435,8.514551323501802,-8.742986325320704,-8.624716262626116,-0.2483344055124123,12.522764413674736,1.443811133107372,8.621844463745083,297.2600608922084,12.867256866535747,0.9336520876696764,8.844299482777737,281.34647468267383,0.5236096551948551,0.4045350093193305,0.1282931965544953,2.8191698307785646,-9.409739171320746,3.3613093361343185,-9.734598799355902,0.5101590454376955,2.7319794615384616,4.345475384615384,-0.2279768586519145,0.79395,0.0,-23308.9586,-2913.619825
calculation188,True,4,1,1,2,0.25,0.25,0.5,5.75,1.77,1.335,63.2675,8.25,0.1334166406412633,0.0564289107614956,1.039720770839918,0.946394630357186,0.1041182850971735,1,1,1,3,0.0625,0.125,0.125,0.0625,0.0625,0.25,-0.25,0.5,-0.25,-1.25,-2.25,1.75,-11669.3483,-2917.337075,-6.669982,13,5.136017,2.755213,3.66744,90.0,90.0,90.0,51.89728625903412,12.97432156475853,0.5364493536528403,0.7140630570342739,1.4004365442924764,-0.003318,-4.4e-05,0.00388,0.0,-0.0,-0.0,-0.2766424988039999,0.007198,-2.759951,3.644213,2.92908,-0.68998775,0.91105325,FM,2.92908,-2.92908,0.0,0.273002,-0.273002,0.0,0.2210655,0.2210655,0.0416125,1.279478047287153,0.8619238982636922,0.396628,0.3127773815258826,14.79316,0.0,0.20684,0.0,17.603372,0.0,0.396628,0.0,13.3017345,0.0675825000000003,-0.3017345,0.0675825,-0.1897879999999999,0.5085745,0.6983625,system_198,7.300537794286061,-0.1618570226747129,8.927123980331395,665.1864465292477,7.359037550661069,-1.721726089323012,9.94584168210033,928.1532668122404,0.8107985830070665,0.5424676636672326,0.1982839075453679,1.587005238995579,-8.189773020989193,4.236302224565705,-8.760804814618067,1.559869066648299,-0.0208583458555024,0.0,0.0,0.0,0.1239247265525456,37.85386351373514,0.0,98697.40565323705,0.0018870321273226,0.0029010104337162,-0.2117730353202196,-0.1957680421868594,0.0,-0.1501778694482378,0.0,-37.85386351373514,6.2802504016768825,6.2637528493746695,-3.5630870961199177,-3.779331347713265,9.025996585048253,9.188991510308028,1114.7315838680777,1185.7569238756255,0.3553364418244251,0.5019427453855891,-0.1710134874944173,4.214938350431915,4.472254596743036,-8.5577917705586,-8.69694724700084,0.2162442515933476,6.074119296929149,1.246997975471735,8.12909141444433,345.1110223090732,5.900388394252909,1.8440483001437544,7.854413996509828,394.2326666356588,0.1215779539948299,0.2292369744977272,-0.3068826659273178,1.407247076823285,-8.651002396947657,1.1106303258830486,-8.009727575334521,-0.5970503246720196,1.378492593406595,1.6109628331668333,-0.0777634072392576,0.97779,0.0,-11654.3083,-2913.577075
calculation189,True,4,0,4,0,0.0,1.0,0.0,10.0,1.91,1.25,58.69,8.0,0.0,0.0,0.0,0.0,0.0,0,1,0,1,0.0,0.0,0.0,0.0,1.0,0.0,-0.5,0.0,4.0,3.0,2.0,2.5,-18240.5001,-4560.125025,-6.30894,3,4.898291,2.449017,3.469843,90.0,90.0,90.0,41.62422944524109,10.406057361310271,0.4999737663605531,0.70837828948913,1.411675110372429,0.002953,0.002712,-0.003519,-0.0,-0.0,-0.0,-1.146090352188,0.006472,2.739155,2.739155,0.684826,0.68478875,0.68478875,FM,0.0,0.0,0.0,0.68478875,0.68478875,2.155661151482516e-05,0.0,0.0,0.0,3.147921386679492e-05,0.0,0.000438,0.0004023300883602,0.0,0.0,0.0,0.0,18.0,0.0004023300883591,0.0,0.0004023300883602,0.0,0.0,0.0,0.0,0.0,0.0,0.0,system_199,0.0,0.0,0.0,0.0,0.0,0.0,0.0,0.0,0.0,0.0,0.0,0.0,0.0,0.0,0.0,0.0,0.0,0.0,0.0,0.0,0.0,0.0,0.0,0.0,0.0,0.0,0.0,0.0,0.0,0.0,0.0,0.0,25.512863231874743,25.651696353489797,-3.918152026891185,-3.2516502363025634,8.864605030923244,8.65733986773816,1033.078519307644,941.4045580178336,0.1989730119188252,4.668961349639388,-0.9182515633365546,18.77634048947609,15.716895364725168,-8.665341535327432,-8.296941917526471,-0.666501790588621,0.0,0.0,0.0,0.0,0.0,0.0,0.0,0.0,0.0,0.0,0.0,0.0,0.0,0.0,0.0,0.0,0.2429682192807188,4.739444787712288,-0.9024696592034004,0.00028,1.0,-18218.2201,-4554.555025000001
calculation190,True,6,6,0,0,1.0,0.0,0.0,7.0,1.55,1.27,54.94,5.0,0.0,0.0,0.0,0.0,0.0,1,0,0,1,0.0,0.0,0.0,1.0,0.0,0.0,0.5,1.0,1.0,0.0,-1.0,0.5,-17753.6849,-2958.9474833333334,-7.76066,3,2.447598,2.447598,10.407166,90.0,90.0,90.0,62.34658369783979,10.391097282973298,1.0,4.251991544363086,4.251991544363086,0.003054,0.003054,-0.00397,-0.0,0.0,-0.0,-1.141817881164,0.0070239999999999,0.000248,0.000354,9.2e-05,4.133333333333333e-05,5.9e-05,NM,5.9e-05,4.133333333333333e-05,5.166774192429504e-05,0.0,0.0,0.0,0.0,0.0,0.0,0.0,0.0,0.000284,0.000191358302668,15.0,0.0001913583026681,-9.03501810404587e-21,0.000191358302668,0.0,0.0,0.0,0.0,0.0,0.0,0.0,0.0,-9.03501810404587e-21,-9.03501810404587e-21,0.0,system_201,43.043140877357416,-2.3609410754273505,9.556330921272904,810.5134837530733,43.04316328158603,-2.3608941564984844,9.556315063267611,810.5076058527994,3.1835988893318183,3.183609344361189,-1.6420115358201358e-06,17.4809331018371,-9.95267215012489,17.480662447667484,-9.95265893257846,-4.691892886610205e-05,2.358857331372228,5.486839225227534,10.44352612178343,-926.4784812028043,2.358848676512653,5.486913872579076,10.44350069843401,-926.4802493054876,-0.0007575207867132,-0.0007586412461538,0.0,0.40601806372595,-14.258450246076432,0.4060132703341745,-14.258409217092488,-7.464735154183444e-05,0.0,0.0,0.0,0.0,0.0,0.0,0.0,0.0,0.0,0.0,0.0,0.0,0.0,0.0,0.0,0.0,0.0,0.0,0.0,0.0,0.0,0.0,0.0,0.0,0.0,0.0,0.0,0.0,0.0,0.0,0.0,0.0,3.2843514660339665,3.284320811688312,4.666749132585948e-06,1.95184,0.0,-17733.1049,-2955.517483333333
calculation191,True,8,3,1,4,0.375,0.125,0.5,5.375,1.725,1.3375,62.79875,7.875,0.1391941090707505,0.0543986250873093,0.9743147528693494,0.8868595071429147,0.1117194779456232,1,1,1,3,0.046875,0.1875,0.0625,0.140625,0.015625,0.25,-0.125,0.75,-0.625,-1.625,-2.625,2.125,-21737.3746,-2717.171825,-6.767634,21,10.986854,2.795565,3.284845,90.0,90.0,90.0,100.89225514874744,12.611531893593432,0.2544463592580733,0.2989795805059392,3.344710024369491,-0.000294,-0.00118,0.001513,-0.0,-0.0,-0.0,-0.0208282962419999,0.002693,-1.0417979999999998,6.329914,2.426583,-0.1302247499999999,0.79123925,FiM,1.942405,-0.324683,1.9544580090783903,0.041313,-0.041313,0.0,0.1153465,-0.0066089999999999,0.1199997697393624,1.1675124211603571,0.1635911163824695,0.740693,0.4053577585873989,14.646461,0.030569921895004,0.353539,0.0305699218950043,17.566533,0.0,0.433467,0.0,13.373521,0.2183923509340473,-0.373521,0.2183923509340471,-0.079928,0.72706,0.806988,system_202,22.18678749059788,-0.7118252281183823,9.71823022659345,783.6878182800006,22.126830098612206,-0.9572148923255192,9.819066905639836,817.4705656377868,0.8473127958552545,3.039917374994469,-0.5640531902591003,8.446082130381097,-8.722721775181418,9.325562103564714,-8.716420857711276,0.2453896642071369,-0.0072305374424566,0.0,0.0,0.0,0.0065492879856828,2768.5073013192477,0.0,42426781119.82689,-8.368270368954269e-05,-0.0171880107462019,0.0,-0.6975043509125503,0.0,-0.6552486368690462,0.0,-2768.5073013192477,6.551500773042675,6.55058957543567,-3.087280607999996,-3.12792412943356,9.886669798762656,9.899129599499306,1253.6041752950096,1259.727780415703,0.3163506190409617,0.3290277323571622,-0.0196429168854785,4.393905613936786,4.42410256464661,-8.922067195436938,-8.948688836169115,0.0406435214335636,12.308490657333206,1.0637801078016835,8.588489448870243,347.6559901338073,12.339691918269008,1.031139527051737,8.593124548095242,340.6621916106443,0.1811328933183734,0.3633572406841643,-0.3346696955301334,2.959216185626776,-9.452346256711078,2.9496445642167064,-9.494271737637556,0.0326405807499468,1.561968838161838,4.050411692307696,-0.4433845568090291,0.98315,0.0,-21709.4346,-2713.679325
calculation192,True,10,10,0,0,1.0,0.0,0.0,7.0,1.55,1.27,54.94,5.0,0.0,0.0,0.0,0.0,0.0,1,0,0,1,0.0,0.0,0.0,1.0,0.0,0.0,0.5,1.0,1.0,0.0,-1.0,0.5,-29589.4807,-2958.94807,-7.795696,7,2.454252,12.35334,3.444555,90.0,90.0,90.0,104.43273978560384,10.443273978560384,5.033443998415811,1.403505019044499,1.403505019044499,-0.005902,-0.005797,-0.004818,-0.0,0.0,-0.0,8.821050487926,0.001084,0.0003910000000003,7.042891000000001,0.960139,3.910000000003633e-05,0.7042891000000001,AFM,0.7042891000000001,3.910000000003633e-05,0.7289745076697058,0.0,0.0,0.0,0.0,0.0,0.0,0.2670743813795741,0.0001110277850583,0.006077,0.0034262694129329,15.0000001,0.0034262694129329,-1.0000000000010001e-07,0.0034262694129329,0.0,0.0,0.0,0.0,0.0,0.0,0.0,0.0,-1.0000000000010001e-07,-1.0000000000010001e-07,0.0,system_203,72.23724789995201,-2.1895125519082383,9.686105878704865,835.7428091497136,72.23715264862932,-2.1895377586102844,9.68607512803226,835.7363779934252,5.56049544659336,5.558993643065887,0.0001350604794306,29.073169048143928,-9.939501973708786,29.07323962408913,-9.939492233054116,2.520670204608777e-05,3.966038563757991,5.380052946044418,10.490640131178669,-894.5436550354058,3.965998996894097,5.379900701084278,10.49058622093264,-894.5242229482951,0.0037141897513486,0.0037403064795703,-0.0035034866760619,0.6887701526364541,-14.24526957666838,0.6887987646474432,-14.244851423741832,0.0001522449601401,0.0,0.0,0.0,0.0,0.0,0.0,0.0,0.0,0.0,0.0,0.0,0.0,0.0,0.0,0.0,0.0,0.0,0.0,0.0,0.0,0.0,0.0,0.0,0.0,0.0,0.0,0.0,0.0,0.0,0.0,0.0,0.0,5.930574178821183,5.928410801198805,0.0001824251928831,4.48912,0.0,-29555.1807,-2955.51807
calculation193,True,8,6,2,0,0.75,0.25,0.0,7.75,1.64,1.265,55.8775,5.75,0.1558845726811989,0.0068460506228018,0.5623351446188083,0.5118595071429147,0.0290599549388541,1,1,0,2,0.1875,0.0,0.0,0.5625,0.0625,0.0,0.25,0.75,1.75,0.75,-0.25,0.25,-26873.9462,-3359.243275,-7.21814,6,2.462178,9.913268,3.496071,90.0,90.0,90.0,85.33290638481002,10.666613298101252,4.026219062959704,1.4199099334004284,1.4199099334004284,0.001029,-0.000674,0.001642,-0.0,-0.0,0.0,-1.066515579366,0.002316,-1.1267360000000002,9.132878,2.780336,-0.140842,1.14160975,FiM,1.4902765,-0.1559195,1.6367035795008569,0.0956095,-0.0956095,0.0027815,0.0,0.0,0.0,0.746542030912856,0.2311192581895249,0.162861,0.1098272900346693,15.054215833333332,0.065766373171545,-0.0542158333333333,0.0657663731715448,17.837352000000003,0.0002130000000004,0.162648,0.000213,0.0,0.0,0.0,0.0,-0.2168638333333333,-0.0542158333333333,0.162648,system_204,43.92486597123218,-1.6524913353170037,9.440826702320466,755.0991866131804,43.91337520883267,-1.7598692915290195,9.481752282364203,769.6549006798642,3.669846321509692,3.404219528428972,0.0375493808957153,17.07089565003545,-9.378893991592603,18.0206940370382,-9.377401431825453,0.107377956212016,2.779061296464646,3.58808683707842,11.143608990040844,-738.72712454127,2.7867978909274216,3.806217578866239,10.96810534004302,-741.4072040741863,0.0094623859220779,0.0143181153450549,-0.2041895319375863,0.6873906739932498,-13.829011098120445,0.6534142528283559,-13.791004151304792,-0.2181307417878191,12.3382350328408,12.298975434054428,-4.709695211813775,-4.832066635984184,8.998102494177928,9.042645202537434,1166.4672079011843,1191.7274281721525,0.7239147227768232,1.0932360786051951,-0.2032419959573459,8.502939386483153,8.71956717612457,-9.537251371817158,-9.579525640618575,0.1223714241704092,0.0,0.0,0.0,0.0,0.0,0.0,0.0,0.0,0.0,0.0,0.0,0.0,0.0,0.0,0.0,0.0,4.834805284715286,4.967852000499503,-0.0135725152795956,3.97198,0.0,-26842.2262,-3355.278275
calculation194,True,6,4,2,0,0.6666666666666666,0.3333333333333333,0.0,7.999999999999999,1.67,1.2633333333333332,56.19,6.0,0.1697056274847713,0.0074628684030242,0.6365141682948128,0.5793801642856949,0.031460525947079,1,1,0,2,0.2222222222222222,0.0,0.0,0.4444444444444444,0.1111111111111111,0.0,0.1666666666666666,0.6666666666666666,1.9999999999999991,0.9999999999999992,-8.881784197001252e-16,0.4999999999999991,-20956.0137,-3492.66895,-7.101931,8,2.445138,7.343029,3.513695,90.0,90.0,90.0,63.0874072305399,10.51456787175665,3.0031143436484973,1.4370129620495855,1.4370129620495855,0.004181,0.003379,0.001837,-0.0,-0.0,0.0,-5.018551276565999,0.0023439999999999,2.3252939999999995,5.525246,1.599976,0.3875489999999999,0.9208743333333334,FiM,1.30437275,0.50438475,1.2186230734011594,0.1538775,0.1538775,0.0006855,0.0,0.0,0.0,0.6138251621318158,0.5093338900083502,0.164377,0.1465674396264963,15.0821885,0.109353431319049,-0.0821885,0.1093534313190491,17.835623,0.0,0.164377,0.0,0.0,0.0,0.0,0.0,-0.2465655,-0.0821885,0.164377,system_205,29.41948222308912,-1.862828230301142,9.475981152561252,764.4489766355746,29.46480952782189,-1.4952239139980086,9.333508869270204,722.4841183318936,3.555597028409065,0.9075613362628374,0.5933098213827085,12.839849717515197,-9.303211887762036,10.754667207811517,-9.27919859839744,-0.3676043163031335,1.9011531616533892,3.424699710450958,11.081457082207598,-711.1947568621092,1.899221401461607,2.9222600677009054,11.449517969814854,-664.725558619929,0.0210106666236263,-0.0081429966640359,2.265652086136529,0.4634245464395334,-13.982491777674383,0.5256914303262358,-13.909598855809238,0.5024396427500526,12.229999029351143,12.303845890537849,-4.996439899920628,-4.768425287712194,9.016979279864817,8.994311631383573,1194.3186882264624,1168.04420606122,0.7672083890345655,0.4281870371646354,0.2836060306403042,8.772897802031318,8.418124719268791,-9.664692868327489,-9.606770198603034,-0.2280146122084341,0.0,0.0,0.0,0.0,0.0,0.0,0.0,0.0,0.0,0.0,0.0,0.0,0.0,0.0,0.0,0.0,4.704577671578419,1.4602346918081923,0.5262679200162975,1.43563,0.0,-20931.1537,-3488.5256166666663
calculation195,True,8,7,1,0,0.875,0.125,0.0,7.375,1.595,1.2675,55.40875,5.375,0.1190588089979065,0.0052184444005219,0.3767701612564367,0.3429509801981277,0.0223826729002463,1,1,0,2,0.109375,0.0,0.0,0.765625,0.015625,0.0,0.375,0.875,1.375,0.375,-0.625,0.125,-25272.946,-3159.11825,-7.39252,11,4.944070000000101,4.9453600000001,3.481059,90.0,90.0,90.00002317455323,85.11260970106262,10.639076212632828,1.0002609186358606,0.7040877252951372,1.420277564959428,0.000235,0.000902,0.003065,-0.0,0.0,-0.0,-2.244115405356,0.00283,-0.996942999999999,10.349119,1.998619,-0.1246178749999998,1.293639875,AFM,1.4778532857142856,-0.1430127142857143,1.517081124601988,0.004146,0.004146,0.0,0.0,0.0,0.0,0.4626707276305428,0.3823484306713642,0.189043,0.0927687518146601,15.017648714285714,0.0856951507324725,-0.0176487142857142,0.0856951507324727,17.876459,0.0,0.123541,0.0,0.0,0.0,0.0,0.0,-0.1411897142857142,-0.0176487142857142,0.123541,system_206,50.90282678969227,-1.8659404599476448,9.480481146621392,775.160735195494,50.86319462367386,-1.9708861078727344,9.518508354709171,787.5389458546249,3.640560922975268,3.1908496979384746,0.0658299215187041,19.92450388486388,-9.576675276142774,20.829865129935616,-9.59569810151986,0.1049456479250896,3.0740481122647814,4.910797652907227,10.792426744765196,-845.9867134801351,3.116708649880933,4.630350991794815,10.939113767756028,-835.991957808745,-0.0172485461835165,-0.0078165608170329,0.0,0.6043556472547778,-14.04026681096396,0.6480321930028772,-14.066035872566482,0.2804466611124114,6.113739669299141,6.113176004069654,-5.19639421734226,-5.238573043789446,9.143980064358844,9.125058209629268,1247.4320145904237,1241.3329110119273,0.1866742746307688,0.2632667950247265,-0.1702278932941194,4.274472141026983,4.287047560855526,-10.022624597523372,-10.051161813630053,0.042178826447186,0.0,0.0,0.0,0.0,0.0,0.0,0.0,0.0,0.0,0.0,0.0,0.0,0.0,0.0,0.0,0.0,4.391533154345651,3.8373704945055023,0.0673434376543606,1.78701,0.0,-25243.366,-3155.42075
calculation196,True,6,6,0,0,1.0,0.0,0.0,7.0,1.55,1.27,54.94,5.0,0.0,0.0,0.0,0.0,0.0,1,0,0,1,0.0,0.0,0.0,1.0,0.0,0.0,0.5,1.0,1.0,0.0,-1.0,0.5,-17753.7034,-2958.9505666666664,-7.728378,3,7.341167,2.446784,3.46569,90.0,90.0,90.0,62.25159005322581,10.375265008870969,0.3332963274095249,0.4720897917184011,2.1182411006177704,0.00365,0.002217,-0.002946,0.0,0.0,0.0,-1.5599859826379998,0.0065959999999999,-0.0214149999999999,0.1215489999999999,0.031637,-0.0035691666666666,0.0202581666666666,FiM,0.0202581666666666,-0.0035691666666666,0.0214311570259802,0.0,0.0,0.0,0.0,0.0,0.0,0.3875534588328433,0.1063624408942109,0.001893,0.00133486828314,15.0,0.0013348682831402,-1.807003620809174e-20,0.00133486828314,0.0,0.0,0.0,0.0,0.0,0.0,0.0,0.0,-1.807003620809174e-20,-1.807003620809174e-20,0.0,system_207,43.29944808035562,-2.219504687026067,9.66977573355277,830.3527284113508,43.298273942983286,-2.222567567585489,9.670713112492994,830.6930441268732,4.441324281176921,4.416075551238059,0.0028505803527645,17.468139264177218,-9.94768436394209,17.49320201005228,-9.947628439471185,0.0030628805594217,2.251078690547588,4.958548076800293,10.35548020288842,-875.4795746619842,2.251664986021952,4.954281434260876,10.35711710115421,-875.3432330405369,0.0088201525869316,0.0085287686320214,0.0167955085640643,0.4044835812370177,-14.23078164244392,0.4048168717649322,-14.232579125412508,0.0042666425394166,0.0,0.0,0.0,0.0,0.0,0.0,0.0,0.0,0.0,0.0,0.0,0.0,0.0,0.0,0.0,0.0,0.0,0.0,0.0,0.0,0.0,0.0,0.0,0.0,0.0,0.0,0.0,0.0,0.0,0.0,0.0,0.0,4.593359460539462,4.569484103896106,0.0026056710971281,2.20423,0.0,-17733.123399999997,-2955.520566666666
calculation197,True,2,0,2,0,0.0,1.0,0.0,10.0,1.91,1.25,58.69,8.0,0.0,0.0,0.0,0.0,0.0,0,1,0,1,0.0,0.0,0.0,0.0,1.0,0.0,-0.5,0.0,4.0,3.0,2.0,2.5,-9120.2492,-4560.1246,-6.303982,3,2.449161,2.449161,3.469976,90.0,90.0,90.0,20.81426796425538,10.40713398212769,1.0,1.41680191706466,1.41680191706466,0.00312,0.00312,-0.00314,0.0,-0.0,-0.0,-1.6555825218,0.00626,1.370528,1.370528,0.685264,0.685264,0.685264,FM,0.0,0.0,0.0,0.685264,0.685264,0.0,0.0,0.0,0.0,0.0,0.0,0.0,0.0,0.0,0.0,0.0,0.0,18.0,0.0,0.0,0.0,0.0,0.0,0.0,0.0,0.0,0.0,0.0,system_208,0.0,0.0,0.0,0.0,0.0,0.0,0.0,0.0,0.0,0.0,0.0,0.0,0.0,0.0,0.0,0.0,0.0,0.0,0.0,0.0,0.0,0.0,0.0,0.0,0.0,0.0,0.0,0.0,0.0,0.0,0.0,0.0,12.7595542022793,12.83059681606582,-3.9083549452911184,-3.235784982542143,8.874977892164194,8.668411708207145,1035.6341628254995,943.764736547594,0.0916289723631871,2.3160414872263733,-0.923885785948624,9.39014421496212,7.948774096371259,-8.663628268419398,-8.268421009870943,-0.6725699627489754,0.0,0.0,0.0,0.0,0.0,0.0,0.0,0.0,0.0,0.0,0.0,0.0,0.0,0.0,0.0,0.0,0.1119064795204804,2.348688217782217,-0.9090411113677906,0.00099,1.0,-9109.1092,-4554.5546
calculation198,True,10,3,0,7,0.3,0.0,0.7,4.199999999999999,1.7319999999999998,1.368,65.286,8.5,0.1191469680688518,0.0468977044805421,0.6108643020548935,0.556032649876389,0.1037442465022322,1,0,1,2,0.0,0.21,0.0,0.09,0.0,0.4899999999999999,-0.2,1.0,-1.8000000000000007,-2.8000000000000007,-3.8000000000000007,3.3000000000000007,-23401.8752,-2340.18752,-6.333636,88,19.87822700000204,2.833439000000706,2.673499,90.0,90.0,90.00006638361813,150.58147227810605,15.058147227810604,0.1425398251061533,0.1344938358939017,7.435284995431843,0.00131,-0.0018,-0.000613,-0.0,0.0,0.0,0.589066942434,0.00311,2.678008,5.231656,2.6747,0.2678008,0.5231656,FM,1.600358333333333,1.0361963333333335,1.4477311811742617,0.0,0.0,0.0,0.0615115714285714,-0.0615115714285714,0.0499896549265292,1.5780492527965635,0.9192870898182276,0.565812,0.2700185540146455,14.671092666666668,0.1747072109413023,0.3289073333333333,0.1747072109413028,0.0,0.0,0.0,0.0,13.140959999999998,0.157618079771507,-0.14096,0.157618079771507,0.3289073333333333,0.4698673333333333,0.14096,system_209,21.643624201733477,-1.2625358403656626,9.69381557286463,860.627846567654,21.60222340002587,-0.6920149749366201,9.356736377333084,765.224774204158,1.405207791891255,2.5478282863824777,-0.2890488404017294,10.51212702419493,-8.466413718609596,7.54868031010028,-8.342821004933613,-0.5705208654290425,0.0141535348233566,1140.7381941016338,0.0,2969157349.4360585,-0.2237704870434347,0.0,0.0,0.0,-0.004457205164048,-0.0067618842979912,0.0,-0.5956316248255872,0.0,-0.7219371714286558,0.0,1140.7381941016338,0.0,0.0,0.0,0.0,0.0,0.0,0.0,0.0,0.0,0.0,0.0,0.0,0.0,0.0,0.0,0.0,17.557858390791687,2.1607664639115347,6.059478855187616,585.3092891718361,17.835964820429076,1.861968931155669,6.337277177203378,530.9605134495589,0.7504362383536766,0.9172382330981448,-0.1000207160329413,1.9987128131661964,-3.2340325401479446,2.36704651522901,-4.654376777749572,0.2987975327558656,2.490138805194807,3.783438285714287,-0.2061502491765938,1.44224,0.0,-23370.4452,-2337.04452
calculation199,True,10,6,1,3,0.6,0.1,0.3,6.1,1.664,1.31,59.749,6.8,0.1422814112946592,0.0501730587027632,0.8979457248567798,0.8173454221465101,0.1107840513690982,1,1,1,3,0.06,0.18,0.03,0.36,0.01,0.09,0.0999999999999999,0.8571428571428572,0.0999999999999996,-0.9000000000000004,-1.9000000000000004,1.4000000000000004,-28538.4478,-2853.8447800000004,-6.973166,15,2.629622,13.487718,3.382664,90.0,90.0,90.0,119.9749736275281,11.99749736275281,5.129147078933778,1.2863689153802331,1.2863689153802331,-0.001051,-0.000563,0.00084,-0.0,0.0,0.0,0.4133615715719999,0.001891,3.6630569999999993,10.925661000000002,2.667691,0.3663056999999999,1.0925661000000002,FiM,1.7011200000000002,0.6503363333333332,1.8463460953226567,0.23999,0.23999,0.0,0.1596503333333333,-0.1596503333333333,0.0201909772313168,0.9681991006942964,0.6681177880057726,0.525218,0.250703051304307,14.894683333333331,0.2410761334265362,0.1053166666666666,0.2410761334265357,17.895367,0.0,0.104633,0.0,13.245511333333331,0.084634264031905,-0.2455113333333333,0.084634264031905,0.0006836666666666,0.350828,0.3501443333333333,system_210,43.88319175647644,-1.582575574204169,9.64071170586984,820.5923048983412,43.88032522460054,-1.1932668089096743,9.45498674597756,763.0814019621165,2.276235466386613,3.943002618266733,-0.2680018242094721,19.42443918255053,-9.084308823234316,15.778544544435478,-9.020243894572356,-0.3893087652944946,1.7126481007619774,12.449826373675505,0.0,1332.701479100193,1.5349422889703317,14.054513951074028,0.0,2552.683602882449,-0.0023009899483017,0.0097798816658341,-1.6153291250112851,-0.1275668624185662,0.0,-0.1685348701345793,0.0,-1.604687577398524,6.071152449702059,6.096689915986951,-4.9268808567448525,-4.691399988437553,8.673715878554697,8.617637456669454,1107.2906649344102,1073.2232843721076,0.4651473787337662,0.7443819452792209,-0.2308621717570333,4.409056986742801,4.167062799477059,-9.318111228991206,-9.239418357757511,-0.2354808683072997,8.53967872744996,1.8233379784806305,8.19465033851723,387.6073087998242,8.752424890818654,1.2393177222943632,8.441802872254593,354.896082144781,0.0687577656518481,0.1696875656758242,-0.4232827686832667,1.6338537741997707,-8.58249976170217,1.9976262896103956,-9.13809737538914,0.5840202561862673,2.9944644215784213,5.251628301698303,-0.27372526066175,2.98671,0.0,-28503.237800000003,-2850.32378
calculation200,True,4,4,0,0,1.0,0.0,0.0,7.0,1.55,1.27,54.94,5.0,0.0,0.0,0.0,0.0,0.0,1,0,0,1,0.0,0.0,0.0,1.0,0.0,0.0,0.5,1.0,1.0,0.0,-1.0,0.5,-11835.8022,-2958.95055,-7.727306,3,4.894048,2.446693,3.466528,90.0,90.0,90.0,41.509013915008175,10.377253478752044,0.4999323668259894,0.7083150798684443,1.4118010874281126,0.004134,0.002403,-0.002166,-0.0,-0.0,-0.0,-2.334371355738,0.0063,0.035057,0.035057,0.014251,0.00876425,0.00876425,NM,0.00876425,0.00876425,0.0054862500113921,0.0,0.0,0.0,0.0,0.0,0.0,0.0,0.0,0.000429,0.0004032377555487,14.99999975,0.0004032377555488,2.500000000000197e-07,0.0004032377555487,0.0,0.0,0.0,0.0,0.0,0.0,0.0,0.0,2.500000000000197e-07,2.500000000000197e-07,0.0,system_211,28.866424063284175,-2.2218708041919166,9.674393826324778,831.8104107313955,28.868239827910557,-2.214435625112347,9.672031555554517,830.963291687953,2.7952535845174187,2.8536051584768254,-0.0103297987459457,11.672452078179855,-9.947878434875166,11.632854744350368,-9.947756584686724,-0.0074351790795694,1.5041339112795862,4.953229162029084,10.375966420195365,-878.4419432768607,1.503041333085753,4.962159129974617,10.371441396303627,-878.7187214270646,0.0060826886868913,0.0063320321087859,-0.0200844969450605,0.2709721795442673,-14.247941530073264,0.2704358259561278,-14.243403287561966,-0.0089299679455328,0.0,0.0,0.0,0.0,0.0,0.0,0.0,0.0,0.0,0.0,0.0,0.0,0.0,0.0,0.0,0.0,0.0,0.0,0.0,0.0,0.0,0.0,0.0,0.0,0.0,0.0,0.0,0.0,0.0,0.0,0.0,0.0,2.885909075924075,2.9432744305694296,-0.0098410617166969,1.50756,0.0,-11822.0822,-2955.52055
calculation201,True,4,2,0,2,0.5,0.0,0.5,5.0,1.6800000000000002,1.34,62.33,7.5,0.13,0.0522388059701492,0.6931471805599453,0.6309297535714574,0.1185624899727257,1,0,1,2,0.0,0.25,0.0,0.25,0.0,0.25,0.0,1.0,-1.0,-2.0,-3.0,2.5,-10067.813,-2516.95325,-6.580357,12,2.687368,2.687368,7.409829,90.0,90.0,90.0,53.51339059371462,13.378347648428656,1.0,2.7572811018066745,2.7572811018066745,-0.001314,-0.001314,0.001908,0.0,-0.0,-0.0,0.38452239216,0.003222,-2.0000000000575118e-06,2.994796,1.473673,-5.000000000143778e-07,0.748699,AFM,1.473669,-4.000000000004e-06,1.473669,0.0,0.0,0.0,0.023729,2.999999999999531e-06,0.023729,0.9683063554360576,1.335649349195149e-06,0.250556,0.2503070636867845,14.749693,4.199999999965343e-05,0.250307,4.199999999998649e-05,0.0,0.0,0.0,0.0,13.250307,0.0002490000000001,-0.250307,0.0002489999999999,0.250307,0.500614,0.250307,system_212,14.486717194499109,-1.2857834155140158,9.539939116925044,818.0275165295105,14.486716756458996,-1.2857823977552,9.539939712891307,818.0278639448154,1.0655492998441565,1.0655398717428577,4.4240763945882265e-06,6.003662699267668,-8.818356949920457,6.003666407377957,-8.818353407168763,-1.0177588158910569e-06,0.2859928113470624,39.26530710323323,0.0,116190.23368001124,0.2860053777135855,39.263236913427335,0.0,116170.7079551923,0.0104799217662337,0.0104807475506493,-3.939685336855465e-05,-0.3374405142236646,0.0,-0.3374307870966081,0.0,0.0020701898058987,0.0,0.0,0.0,0.0,0.0,0.0,0.0,0.0,0.0,0.0,0.0,0.0,0.0,0.0,0.0,0.0,5.514795201740199,0.6386970751682598,7.195246001430046,415.10974667464535,5.514792329669794,0.6387190902957552,7.195220335683968,415.1083088758327,0.2841626687844157,0.2841633315090911,-1.1660995186171746e-06,1.1482496381607925,-7.819344426840144,1.148243151874698,-7.819301247859094,-2.2015127495444983e-05,1.673334963036962,1.6733180764235756,5.04582135865032e-06,1.23049,0.0,-10054.913,-2513.72825
calculation202,True,8,8,0,0,1.0,0.0,0.0,7.0,1.55,1.27,54.94,5.0,0.0,0.0,0.0,0.0,0.0,1,0,0,1,0.0,0.0,0.0,1.0,0.0,0.0,0.5,1.0,1.0,0.0,-1.0,0.5,-23671.6045,-2958.9505625,-7.727527,3,2.446762,4.894182,6.931256,90.0,90.0,90.0,83.0010873456447,10.375135918205588,2.000268926851079,2.832828039670389,2.832828039670389,0.002103,0.003839,-0.002932,0.0,-0.0,-0.0,-1.6075172227799994,0.006771,0.127083,0.151981,0.034885,0.015885375,0.018997625,FM,0.018997625,0.015885375,0.0189976254367322,0.0,0.0,0.0,0.0,0.0,0.0,0.8361769180250922,0.0,0.000432,0.0004108973221803,14.999999875,0.0004108973221805,1.250000000000166e-07,0.0004108973221803,0.0,0.0,0.0,0.0,0.0,0.0,0.0,0.0,1.250000000000166e-07,1.250000000000166e-07,0.0,system_213,57.74189064844809,-2.223454481900901,9.677153344242932,832.3951294300315,57.749147794254014,-2.2096554595055475,9.673034621887904,830.8840048323249,5.267732591131442,5.459328059353124,-0.0178609476038552,23.411176196875765,-9.946326864242817,23.270490908840472,-9.945699621367694,-0.0137990223953532,2.994838492329425,4.965994139613439,10.351447401043744,-876.7335081310728,2.991282257398935,4.984555918395816,10.343955550399304,-877.2989340473173,0.011396012095724,0.0122791259333518,-0.0373013173795734,0.5365033584173351,-14.24289781336905,0.5345601806897167,-14.234437592342225,-0.0185617787823764,0.0,0.0,0.0,0.0,0.0,0.0,0.0,0.0,0.0,0.0,0.0,0.0,0.0,0.0,0.0,0.0,0.0,0.0,0.0,0.0,0.0,0.0,0.0,0.0,0.0,0.0,0.0,0.0,0.0,0.0,0.0,0.0,5.431636258741263,5.61663842657343,-0.0167448921303586,3.26251,0.0,-23644.164500000003,-2955.5205625000003
calculation203,True,8,6,2,0,0.75,0.25,0.0,7.75,1.64,1.265,55.8775,5.75,0.1558845726811989,0.0068460506228018,0.5623351446188083,0.5118595071429147,0.0290599549388541,1,1,0,2,0.1875,0.0,0.0,0.5625,0.0625,0.0,0.25,0.75,1.75,0.75,-0.25,0.25,-26873.9465,-3359.2433125,-7.216532,6,9.916633,2.46236,3.496974,90.0,90.0,90.0,85.39023168094705,10.673778960118382,0.2483060530726507,0.3526372308020272,2.835775444713057,-0.001037,0.000124,0.002055,0.0,-0.0,0.0,-0.609895238676,0.003092,-1.146562,9.247486,2.814791,-0.1433202499999999,1.15593575,FiM,1.5088836666666663,-0.1587296666666666,1.658554402258351,0.097092,-0.097092,0.001353,0.0,0.0,0.0,0.7482830196480253,0.2301583374933525,0.162725,0.1094031523654597,15.054089333333332,0.0652383281404079,-0.0540893333333333,0.065238328140408,17.837732000000003,0.000456999999999,0.162268,0.0004569999999999,0.0,0.0,0.0,0.0,-0.2163573333333333,-0.0540893333333333,0.162268,system_214,43.92650032930356,-1.6476240938867877,9.438181073052112,754.1708699668507,43.91642167007587,-1.7566969924089308,9.480797166158087,769.1744693283304,3.6568545394791214,3.348951380115085,0.0439497129806117,17.054413630685925,-9.376815924186651,18.02119043962804,-9.375857361497255,0.1090728985221431,2.7821567772400067,3.589158813732573,11.1415792459552,-737.5219732470993,2.7915364460878127,3.814046015119088,10.96760392142498,-740.4698066797042,0.0093824502277722,0.0147665978981019,-0.2229548610887446,0.6884557837589882,-13.819236534525013,0.654399556179462,-13.781286823171838,-0.2248872013865148,12.337143777848391,12.297713362563032,-4.703753809092764,-4.8276982931548185,8.99158353342028,9.03822680090626,1164.488714321305,1190.5669748772114,0.7059020741254746,1.074485144635165,-0.2070241049956919,8.500876501388296,8.720070456571946,-9.527328857759374,-9.571565059722491,0.1239444840620542,0.0,0.0,0.0,0.0,0.0,0.0,0.0,0.0,0.0,0.0,0.0,0.0,0.0,0.0,0.0,0.0,4.80837401848152,4.890758738261741,-0.0084940295020648,3.99001,0.0,-26842.2265,-3355.2783125
calculation204,True,8,0,4,4,0.0,0.5,0.5,6.5,1.86,1.33,64.205,9.0,0.0499999999999999,0.0601503759398495,0.6931471805599453,0.6309297535714574,0.0858967370142512,0,1,1,2,0.0,0.0,0.25,0.0,0.25,0.25,-0.5,0.0,0.5,-0.5,-1.5,1.0,-26541.9251,-3317.7406375,-6.413711,29,5.200718456151323,2.880185,6.69995641564406,90.0,91.773987016672,90.0,100.31075659754232,12.53884457469279,0.5538052144686596,1.288275162774763,1.288275162774763,-0.000164,0.000286,0.000301,0.0,0.000109,0.0,-0.2259069053939999,0.000465,0.0,0.0,0.0,0.0,0.0,NM,0.0,0.0,0.0,0.0,0.0,0.0,0.0,0.0,0.0,0.0,0.0,0.565495,0.3578058598734095,0.0,0.0,0.0,0.0,17.7550825,0.1841624757727533,0.2449175,0.1841624757727534,13.2449175,0.3196327355329078,-0.2449175,0.3196327355329081,-0.2449175,0.2449175,0.489835,system_215,0.0,0.0,0.0,0.0,0.0,0.0,0.0,0.0,0.0,0.0,0.0,0.0,0.0,0.0,0.0,0.0,0.0,0.0,0.0,0.0,0.0,0.0,0.0,0.0,0.0,0.0,0.0,0.0,0.0,0.0,0.0,0.0,25.853362853512287,25.853362853512287,-2.895342452406716,-2.8953424524327613,9.55187832375759,9.551878323767436,1183.5831882155126,1183.583188221604,1.6758513877569932,1.6758513877569932,0.0,17.512133741863245,17.512133742263643,-8.391268170999735,-8.391268170975867,2.604538806849632e-11,11.86630473544594,2.2657947906051694,7.714125709132867,413.31051079210994,11.86630473544594,2.2657947904200744,7.714125708346943,413.3105108233896,0.4136058501254246,0.4136058501254246,0.0,2.1438255321420217,-7.460632754942523,2.143825531741621,-7.460632754417769,1.8509505039787652e-10,2.6118931643356635,2.6118931643356635,0.0,1.09927,0.0,-26507.5651,-3313.4456375
calculation205,True,6,0,6,0,0.0,1.0,0.0,10.0,1.91,1.25,58.69,8.0,0.0,0.0,0.0,0.0,0.0,0,1,0,1,0.0,0.0,0.0,0.0,1.0,0.0,-0.5,0.0,4.0,3.0,2.0,2.5,-27360.7505,-4560.125083333333,-6.308587,3,7.347735,2.449117,3.469968,90.0,90.0,90.0,62.44367971417626,10.40727995236271,0.3333159129990398,0.4722500199040929,2.11752240942856,0.003103,0.002883,-0.003342,0.0,0.0,0.0,-1.412051673432,0.0064449999999999,4.108925,4.108925,0.684829,0.6848208333333333,0.6848208333333333,FM,0.0,0.0,0.0,0.6848208333333333,0.6848208333333333,8.78287475085142e-06,0.0,0.0,0.0,1.2825069453715636e-05,0.0,0.000229,0.0001609088769044,0.0,0.0,0.0,0.0,18.0,0.0001609088769053,2.258754526011468e-21,0.0001609088769044,0.0,0.0,0.0,0.0,-2.258754526011468e-21,0.0,2.258754526011468e-21,system_216,0.0,0.0,0.0,0.0,0.0,0.0,0.0,0.0,0.0,0.0,0.0,0.0,0.0,0.0,0.0,0.0,0.0,0.0,0.0,0.0,0.0,0.0,0.0,0.0,0.0,0.0,0.0,0.0,0.0,0.0,0.0,0.0,38.265860209453294,38.47773935366241,-3.919638790316128,-3.2508524997067862,8.86081319951298,8.655855497023751,1031.6043589501082,940.550724505916,0.3640678093546721,6.995890085475535,-0.9010679640951746,28.155353960583906,23.585908503818786,-8.665638712218223,-8.295395862165668,-0.6687862906093418,0.0,0.0,0.0,0.0,0.0,0.0,0.0,0.0,0.0,0.0,0.0,0.0,0.0,0.0,0.0,0.0,0.4458895219780237,7.09852010164835,-0.8817960465503734,0.00125,1.0,-27327.3305,-4554.555083333334
calculation206,True,4,4,0,0,1.0,0.0,0.0,7.0,1.55,1.27,54.94,5.0,0.0,0.0,0.0,0.0,0.0,1,0,0,1,0.0,0.0,0.0,1.0,0.0,0.0,0.5,1.0,1.0,0.0,-1.0,0.5,-11835.8013,-2958.950325,-7.726841,3,2.447131,2.447131,6.932476,90.0,90.0,90.0,41.51478681147049,10.378696702867623,1.0,2.8328994238559355,2.8328994238559355,0.002924,0.002924,-0.002236,0.0,-0.0,0.0,-1.929020667336,0.00516,0.023503,0.023503,0.005886,0.00587575,0.00587575,NM,0.00587575,0.00587575,8.699856320652534e-06,0.0,0.0,0.0,0.0,0.0,0.0,0.0,0.0,2.2e-05,1.620185174601965e-05,15.0,1.620185174587225e-05,4.235164736271503e-22,1.620185174601965e-05,0.0,0.0,0.0,0.0,0.0,0.0,0.0,0.0,4.235164736271503e-22,4.235164736271503e-22,0.0,system_217,28.88467240806933,-2.2075629776338146,9.681657765387172,832.3519325866519,28.88606271010404,-2.202455112382072,9.680202963196496,831.8100587910347,3.0718585270712118,3.0989509181758788,-0.0043904112329274,11.6647238034684,-9.940994152924924,11.636387384773528,-9.941240263474215,-0.0051078652517424,1.498046458541721,4.941127623678995,10.385136564223153,-877.9945209237818,1.4974519322755353,4.948685030126638,10.382592038391806,-878.2475682719656,0.0011184674978334,0.0018886158239614,-0.2561114022169318,0.2710673847389673,-14.231827091444057,0.2707145863470793,-14.228453076896844,-0.0075574064476429,0.0,0.0,0.0,0.0,0.0,0.0,0.0,0.0,0.0,0.0,0.0,0.0,0.0,0.0,0.0,0.0,0.0,0.0,0.0,0.0,0.0,0.0,0.0,0.0,0.0,0.0,0.0,0.0,0.0,0.0,0.0,0.0,3.202058631118881,3.2230500681818173,-0.0032670944641326,1.52867,0.0,-11822.0813,-2955.520325
calculation207,True,8,0,4,4,0.0,0.5,0.5,6.5,1.86,1.33,64.205,9.0,0.0499999999999999,0.0601503759398495,0.6931471805599453,0.6309297535714574,0.0858967370142512,0,1,1,2,0.0,0.0,0.25,0.0,0.25,0.25,-0.5,0.0,0.5,-0.5,-1.5,1.0,-26541.3664,-3317.6708,-6.358408,25,11.151323,2.714163,3.39211,90.0,90.0,90.0,102.66732542761704,12.83341567845213,0.2433938107612881,0.3041890186482806,3.287429652929887,-0.001038,-0.000946,-8.6e-05,0.0,-0.0,0.0,1.10550187746,0.000952,0.0,0.0,0.0,0.0,0.0,NM,0.0,0.0,0.0,0.0,0.0,0.0,0.0,0.0,0.0,0.0,0.0,0.555275,0.3286812980635649,0.0,0.0,0.0,0.0,17.70506375,0.1802189970027796,0.29493625,0.1802189970027785,13.29493625,0.0980261260312141,-0.29493625,0.0980261260312142,-0.29493625,0.29493625,0.5898725,system_218,0.0,0.0,0.0,0.0,0.0,0.0,0.0,0.0,0.0,0.0,0.0,0.0,0.0,0.0,0.0,0.0,0.0,0.0,0.0,0.0,0.0,0.0,0.0,0.0,0.0,0.0,0.0,0.0,0.0,0.0,0.0,0.0,25.72091738610217,25.72091738610217,-2.966178095594412,-2.966178095942841,9.335855801591077,9.33585580133243,1134.104174228749,1134.104174226014,1.8183210084299692,1.8183210084299692,0.0,17.48688107105632,17.48688107145672,-8.2684045513302,-8.268404551306359,3.484292854238902e-10,11.885855730494722,2.463152473045753,7.780003142335395,409.51913340336256,11.885855731295525,2.463152474212449,7.780003141434346,409.5191334809876,0.481112408403796,0.481112408403796,0.0,1.9375068133108384,-7.41190457848678,1.937506812510037,-7.411904576080737,-1.1666956289957398e-09,2.8236184835164817,2.8236184835164817,0.0,1.55934,0.0,-26507.0064,-3313.3758
calculation208,True,4,3,1,0,0.75,0.25,0.0,7.75,1.64,1.265,55.8775,5.75,0.1558845726811989,0.0068460506228018,0.5623351446188083,0.5118595071429147,0.0290599549388541,1,1,0,2,0.1875,0.0,0.0,0.5625,0.0625,0.0,0.25,0.75,1.75,0.75,-0.25,0.25,-13436.9963,-3359.249075,-7.243454,7,4.920389,2.451235,3.479203,90.0,90.0,90.0,41.96277082114906,10.490692705287266,0.4981791073835829,0.7070991744758393,1.414228775958172,0.003896,-0.000857,-0.003953,-0.0,-0.0,-0.0,0.4881298144919999,0.007849,0.5984280000000001,3.639162,1.520367,0.149607,0.9097905,FiM,1.19144,0.177862,1.2026613603690222,0.064842,0.064842,0.0,0.0,0.0,0.0,0.5835404044321532,0.5354641346464373,0.10894,0.1014669017561884,15.03122,0.0991394099370514,-0.03122,0.0991394099370511,17.90634,0.0,0.09366,0.0,0.0,0.0,0.0,0.0,-0.1248799999999999,-0.03122,0.09366,system_219,21.921538819193284,-1.896778806628944,9.48840839853474,770.8929934086902,21.942177054195607,-1.7553490945170187,9.441782108297415,757.0374184875329,2.2323163302267237,0.3978983328435494,0.6974404116665678,9.076610045119596,-9.473239888403835,8.533683493223077,-9.457753609221973,-0.1414297121119254,1.2978147274210126,4.120501640698469,10.689307507267554,-793.3701326574544,1.313316507176488,3.756934997173047,11.027157659363672,-787.0490710985673,-0.0008468356366992,4.9763258258598295e-05,0.0,0.2749575841814118,-14.080815642206622,0.3079480211647977,-14.088971445484397,0.3635666435254223,6.112379528467358,6.1417749579150405,-5.076508050513207,-4.952071892683822,9.038754655704846,9.05760564412798,1208.7271822158862,1202.0506201933215,0.3850675462740854,0.2453209838279875,0.2216832251428656,4.326155347658871,4.257568705430316,-9.788923921760391,-9.774131864574176,-0.1244361578293844,0.0,0.0,0.0,0.0,0.0,0.0,0.0,0.0,0.0,0.0,0.0,0.0,0.0,0.0,0.0,0.0,2.888229792207791,0.7411002597402596,0.5916049248028723,0.72739,0.0,-13421.1363,-3355.284075
calculation209,True,6,0,3,3,0.0,0.5,0.5,6.5,1.86,1.33,64.205,9.0,0.0499999999999999,0.0601503759398495,0.6931471805599453,0.6309297535714574,0.0858967370142512,0,1,1,2,0.0,0.0,0.25,0.0,0.25,0.25,-0.5,0.0,0.5,-0.5,-1.5,1.0,-19905.5908,-3317.598466666667,-6.228863,25,2.764097,2.764098,10.464224,90.0,90.0,90.0,79.94913034282843,13.324855057138072,1.0000003617818043,3.785765839621402,3.785765839621402,-0.000407,-0.000407,0.000276,-0.0,-0.0,-0.0,0.287323676364,0.000683,2.4e-05,2.8000000000000003e-05,2e-05,4e-06,4.666666666666667e-06,NM,0.0,0.0,0.0,8.666666666666668e-06,8.666666666666668e-06,8.013876853447539e-06,6.666666666666666e-07,-6.666666666666666e-07,4.714045207910317e-07,0.0,0.0,0.368491,0.2460129215617207,0.0,0.0,0.0,0.0,17.937089666666665,0.3050468083221903,0.0629103333333333,0.305046808322191,13.062910333333337,0.1416888838366964,-0.0629103333333333,0.1416888838366965,-0.0629103333333333,0.0629103333333333,0.1258206666666666,system_220,0.0,0.0,0.0,0.0,0.0,0.0,0.0,0.0,0.0,0.0,0.0,0.0,0.0,0.0,0.0,0.0,0.0,0.0,0.0,0.0,0.0,0.0,0.0,0.0,0.0,0.0,0.0,0.0,0.0,0.0,0.0,0.0,18.783558284389255,18.7835593898704,-3.37099778228135,-3.370989199316005,8.833785242477314,8.833782164406985,1050.7682656370791,1050.76678171977,1.8829036593831616,1.8830932182091888,-5.033430249368409e-05,13.05704649382131,13.057010565460864,-8.144103514238255,-8.144099205532774,-8.582965345116378e-06,8.52727580136873,1.9606243717346403,7.035162730121377,463.5805725205148,8.52727681358135,1.9606234401241331,7.035164736171467,463.580316328413,0.3293787155515095,0.3293760020653543,4.119114569646829e-06,1.2987374293502336,-6.29216364776213,1.2987386505728409,-6.292169368968814,9.316105069601122e-07,2.5528935412087845,2.5530828836163773,-3.7082507210988936e-05,1.23399,0.0,-19879.8208,-3313.3034666666667
calculation210,True,8,4,3,1,0.5,0.375,0.125,7.625,1.7175,1.28,58.19375,6.75,0.1702755120385782,0.0390625,0.9743147528693494,0.8868595071429147,0.0805864321209094,1,1,1,3,0.1875,0.0625,0.046875,0.25,0.140625,0.015625,0.0,0.5714285714285714,1.625,0.625,-0.375,0.125,-27591.8595,-3448.9824375,-6.852155,17,2.56199,5.061148000000889,6.942211000001153,89.99993302488899,90.0,90.0,90.01694649369622,11.252118311712028,1.9754753141116432,2.709694807552392,2.709694807552392,0.000111,0.001621,0.005982,0.0,-0.0,0.0,-4.119730184892,0.005871,0.2408519999999998,10.368246,2.466116,0.0301064999999999,1.29603075,AFM,2.35629125,0.1098082499999999,2.3565504699481163,0.279107,-0.0308736666666666,0.2851221890492254,0.10576,-0.10576,0.0,0.8221071322497359,0.4272428815343209,0.562059,0.2962754524325452,15.00291925,0.2480425968723669,-0.0029192499999999,0.2480425968723668,17.80875433333333,0.1007695516854605,0.1912456666666666,0.1007695516854614,13.562059,0.0,-0.562059,0.0,-0.1941649166666667,0.5591397499999999,0.7533046666666666,system_221,29.401953052601776,-1.355915058928668,9.47601459662371,752.0520863793881,29.38959909846796,-1.3065454085417922,9.443735602260404,745.8963191987325,1.6322570650572052,2.514471573593622,-0.2127495154405504,11.793315666506466,-9.103334294479977,11.418317508287998,-9.077148420119066,-0.0493696503868756,1.8108434810531084,6.209781822409722,10.462657818625614,-848.6474428233108,1.7602840215245608,6.44940068340494,10.449858441571418,-928.8294831954864,0.0007010652885232,-0.0052710125652533,0.0,0.2993595110195054,-13.651422301890202,0.2788202685121103,-14.093294299166011,-0.2396188609952174,18.80073777920233,18.824235977515315,-4.047664484203222,-4.049123172576035,9.04258341671204,9.064478928272475,1132.355938645608,1136.8649188926304,0.7897635873739827,1.4697528831947964,-0.3009446068121126,12.985213609152812,13.01414729692997,-8.976195028747378,-8.991735034099882,0.0014586883728133,3.4877760980594665,2.130051257681492,9.28083202277558,146.7473094599471,3.515665092583026,1.9332502797406323,9.263734915404171,162.49936753511926,0.0416531165910924,0.0775024917132574,-0.3008618363190907,0.7189070398750517,-10.544280969441804,0.7798500901375425,-10.413495210084765,0.1968009779408592,2.62397918956044,4.47501438061938,-0.2607461427820469,2.58893,0.0,-27558.4095,-3444.8011875
calculation211,True,10,7,1,2,0.7,0.1,0.2,6.5,1.638,1.2959999999999998,58.271,6.3,0.1368795090581493,0.044217743153995,0.8018185525433373,0.7298466991620975,0.1000666461232587,1,1,1,3,0.0699999999999999,0.1399999999999999,0.02,0.4899999999999999,0.01,0.04,0.1999999999999999,0.875,0.5,-0.5,-1.5,1.0,-29422.3177,-2942.23177,-7.082951,15,2.565986,13.075029,3.475843,90.0,90.0,90.0,116.61571917625864,11.661571917625864,5.095518447879295,1.3545837740346205,1.3545837740346205,0.000281,0.000414,0.000534,0.0,0.0,-0.0,-0.656358361062,0.0002529999999999,-0.6865689999999995,11.555393,2.653533,-0.0686568999999999,1.1555393,AFM,1.6021577142857144,-0.100268857142857,1.8351221044195571,0.057278,0.057278,0.0,0.1415055,-0.0209824999999999,0.1415055,0.8797977643124097,0.1121664974944377,0.261938,0.1290164904533137,14.981746,0.1259533045514431,0.018254,0.125953304551443,17.876366,0.0,0.123634,0.0,13.1257065,0.0555915000000002,-0.1257065,0.0555914999999999,-0.10538,0.1439605,0.2493405,system_222,50.77727629026787,-1.5866305651374857,9.40925063340464,766.7947946438503,50.74215482608473,-1.6650175944768568,9.44019975383767,775.4918407924345,3.0070105780448286,3.333267697721879,-0.0514578549216118,20.05686036424297,-9.180392882527196,20.7544156431975,-9.197290090039871,0.0783870293393713,2.6773511556041547,7.16348328743874,9.811636267148076,-971.1561453263608,2.699202186792665,6.9181815997337575,10.031686093044426,-1011.4193244135668,-0.0131594522402097,-0.012768469161963,0.0,0.3169690190315328,-14.948035140995234,0.3508858678451951,-14.921410623463714,0.2453016877049822,6.153099564417622,6.155637996177527,-4.589647566764851,-4.520264947463369,8.982341327882583,8.962474255596753,1164.5380748897162,1153.8362312163165,0.4642614750198801,0.4021237335571935,0.0717206859576236,4.340925413145196,4.2695484346763966,-9.323098374709812,-9.2960734865696,-0.0693826193014821,5.8176272110970295,1.8135120064432664,8.209803164191442,384.8269276906629,5.811740440404938,1.833030998245472,8.197614804590579,385.5922519750925,0.1536653819573427,0.1260510456954547,0.0987226116592791,1.113746585999594,-8.610872103989008,1.1383892788945882,-8.527405821903436,-0.0195189918022054,4.065354314685312,4.236135960289714,-0.0205724080794537,3.87586,0.0,-29386.6977,-2938.66977
calculation212,True,6,3,3,0,0.5,0.5,0.0,8.5,1.73,1.26,56.815,6.5,0.1799999999999999,0.0079365079365079,0.6931471805599453,0.6309297535714574,0.0330018481034937,1,1,0,2,0.25,0.0,0.0,0.25,0.25,0.0,0.0,0.5,2.5,1.5,0.5,1.0,-22557.1868,-3759.531133333333,-6.892769,6,2.464163,7.426722,3.465742,90.0,90.0,90.0,63.425343683116246,10.570890613852708,3.013892343972375,1.4064580955074806,1.4064580955074806,-0.002489,-0.002759,0.002433,-0.0,0.0,-0.0,1.5033757415700002,0.005192,0.974487,4.667357,2.677575,0.1624145,0.7778928333333334,FiM,1.479064666666667,0.3059853333333333,1.7858406857481872,0.076721,0.0188436666666666,0.0786112250777344,0.0,0.0,0.0,1.3107159632474512,0.3454498210159656,0.097069,0.0713005135722504,15.042781333333332,0.0422495047492335,-0.0427813333333333,0.0422495047492341,17.957218666666666,0.0687169619251481,0.0427813333333333,0.0687169619251478,0.0,0.0,0.0,0.0,-0.0855626666666666,-0.0427813333333333,0.0427813333333333,system_223,22.35770421813825,-1.5273658214747945,9.382746953345352,726.9740070568043,22.34921371918058,-1.3314512118170254,9.299875017663362,702.5934611386807,2.8404398488395097,1.4028502910421328,0.3387912469821061,9.239450693088958,-9.097308176050731,8.338701083523672,-9.092202547929942,-0.1959146096577688,1.477829266735594,4.111162387101416,10.706888246626418,-742.0130467251026,1.4946576670490077,3.389014382059617,11.220745121695211,-707.896681662902,0.0122631991288461,0.0052724422272727,0.3986598927066925,0.3286812636528081,-13.655145634218831,0.3929900849880432,-13.701037012813536,0.7221480050417992,18.58434365362709,18.65179249301597,-4.429243675979076,-4.355524459266476,8.902743012145182,8.91179754713215,1110.9818418034258,1105.7329105317965,1.9896821208134612,0.7212969239601398,0.4678697901773145,12.979916578589089,12.885101139118346,-9.173641898439282,-9.172639761520976,-0.0737192167125995,0.0,0.0,0.0,0.0,0.0,0.0,0.0,0.0,0.0,0.0,0.0,0.0,0.0,0.0,0.0,0.0,5.158676521728271,2.381252743256744,0.3683620470247273,2.3708,0.0,-22530.1868,-3755.031133333333
calculation213,True,2,2,0,0,1.0,0.0,0.0,7.0,1.55,1.27,54.94,5.0,0.0,0.0,0.0,0.0,0.0,1,0,0,1,0.0,0.0,0.0,1.0,0.0,0.0,0.5,1.0,1.0,0.0,-1.0,0.5,-5917.9134,-2958.9567,-7.722228,11,2.448096,2.448096,3.491404,90.0,90.0,90.0,20.924591764335243,10.462295882167622,1.0,1.4261711959008143,1.4261711959008143,0.001121,0.001121,0.001994,0.0,-0.0,0.0,-2.262273407208,0.000873,-1.0000000000287557e-06,1.563319,0.78166,-5.000000000143778e-07,0.7816595,AFM,0.7816595,-5.000000000143778e-07,0.7816595,0.0,0.0,0.0,0.0,0.0,0.0,6.396647133622477e-07,1.2793286083831278e-06,4e-06,4e-06,15.0,4.000000000559112e-06,0.0,4e-06,0.0,0.0,0.0,0.0,0.0,0.0,0.0,0.0,0.0,0.0,0.0,system_224,14.428338697448226,-2.191992891480749,9.623585795352197,819.1203141897097,14.428338699249204,-2.191993058121135,9.623585827178616,819.1203500720717,1.2058677085501284,1.205868325154008,-2.556680627123863e-07,5.834532953503167,-9.885290429435424,5.834533037787026,-9.885290418357654,1.666403859346133e-07,0.7660557054834137,4.8950033357184175,10.393321314945409,-865.028066218783,0.7660557433212518,4.895003354258067,10.393321790832768,-865.0282371983185,-0.0019409590967804,-0.0019409727232199,0.0,0.1404019480953303,-14.157559151260529,0.1404019396869233,-14.157561526778087,-1.853964981535228e-08,0.0,0.0,0.0,0.0,0.0,0.0,0.0,0.0,0.0,0.0,0.0,0.0,0.0,0.0,0.0,0.0,0.0,0.0,0.0,0.0,0.0,0.0,0.0,0.0,0.0,0.0,0.0,0.0,0.0,0.0,0.0,0.0,1.3095755979020969,1.3095792237762225,-1.3843680013115511e-06,0.87175,0.0,-5911.053400000001,-2955.5267000000003
calculation214,True,8,3,4,1,0.375,0.5,0.125,8.0,1.7625,1.2775,58.6625,7.125,0.1676119029186172,0.0398660445938617,0.9743147528693494,0.8868595071429147,0.0771449538388907,1,1,1,3,0.1875,0.046875,0.0625,0.140625,0.25,0.015625,-0.125,0.4285714285714285,2.0,1.0,0.0,0.5,-29193.0649,-3649.1331125,-6.443786,11,5.080309871879568,5.048778095230766,3.572359,90.0,90.0,88.99059822380505,91.61449289463204,11.451811611829006,0.9937933359491836,0.7031773828942308,1.4221162743944735,-0.000505,3.3e-05,-0.00075,-0.0,0.0,-0.001845,0.652619948916,0.000783,-3.605429,10.691647,3.604432,-0.450678625,1.3364558750000002,FiM,3.289011666666667,-1.1049796666666667,3.10810720094576,0.15270625,-0.12606925,0.1074792133493146,0.213787,0.213787,0.0,1.1381761701001067,0.1739315554220084,0.477271,0.231224251388364,15.009019666666669,0.1591409804802715,-0.0090196666666666,0.1591409804802717,17.87391775,0.1225979962874081,0.12608225,0.1225979962874087,13.477271,0.0,-0.477271,0.0,-0.1351019166666666,0.4682513333333333,0.6033532500000001,system_225,22.3510135940604,-0.7200229309675509,9.214094451579191,658.8520889091261,22.37660687725144,-1.3560384444986302,9.559980477504489,762.2410691246423,1.9756812072999077,0.8225035073929385,0.4121163602430556,7.038052895039395,-8.97823804824416,10.190611250405508,-8.906673372881572,0.6360155135310793,1.232930786369815,6.050221246121769,10.282272859095874,-751.5488298976788,1.3271990019460302,6.118225032750705,9.94918014935218,-664.5057368297262,0.005232194447791,0.0004009016649309,0.8576620540787542,0.2347493507280134,-12.518550420087411,0.2343936127652069,-12.42925704159462,-0.0680037866289362,24.85725726872952,24.79473295239704,-3.899486022516351,-4.029163688710239,8.740536931271995,8.807034634881674,1050.7697448144145,1080.9889054283449,1.895643550757491,0.9619472393934329,0.3267424834172093,17.095008080034606,17.63349282905554,-8.617309133869114,-8.681543211225264,0.1296776661938876,3.120119288755247,3.3305705055370503,7.163789656974905,419.1605113953258,3.01936905846961,4.23200272282527,6.500326412835559,555.3193062005469,0.0715141735841319,0.0723678014177037,-0.0059328337240362,0.4808229777764097,-6.074132362103312,0.2993811702643622,-2.959992316955512,-0.90143221728822,4.480104682317679,2.280307218781221,0.3253939990222907,2.15051,0.0,-29157.4749,-3644.6843625
calculation215,True,4,0,0,4,0.0,0.0,1.0,3.0,1.81,1.41,69.72,10.0,0.0,0.0,0.0,0.0,0.0,0,0,1,1,0.0,0.0,0.0,0.0,0.0,1.0,-0.5,0.0,-3.0,-4.0,-5.0,4.5,-8299.7883,-2074.947075,-5.970865,11,2.906846,5.814628,4.222419,90.0,90.0,90.0,71.36828925455397,17.842072313638493,2.000321998482204,1.4525774671241616,1.4525774671241616,-0.00053,-0.000379,0.003001,0.0,0.0,-0.0,-1.117251172776,0.003531,0.0,0.0,0.0,0.0,0.0,NM,0.0,0.0,0.0,0.0,0.0,0.0,0.0,0.0,0.0,0.0,0.0,0.000384,0.0003253790097716,0.0,0.0,0.0,0.0,0.0,0.0,0.0,0.0,13.0,0.0003253790097715,0.0,0.0003253790097716,0.0,0.0,0.0,system_226,0.0,0.0,0.0,0.0,0.0,0.0,0.0,0.0,0.0,0.0,0.0,0.0,0.0,0.0,0.0,0.0,0.0,0.0,0.0,0.0,0.0,0.0,0.0,0.0,0.0,0.0,0.0,0.0,0.0,0.0,0.0,0.0,0.0,0.0,0.0,0.0,0.0,0.0,0.0,0.0,0.0,0.0,0.0,0.0,0.0,0.0,0.0,0.0,10.475188659270325,1.330541774489579,5.636882748295761,434.1989790644126,10.475188658469522,1.3305417734725158,5.636882747335302,434.19897900079263,0.8256681878267303,0.8256681878267303,0.0,1.2609966908863208,-3.860647961388085,1.2609966908863208,-3.860647961388085,1.0170633224504402e-09,1.2884510714285689,1.2884510714285689,0.0,0.151,0.0,-8287.7083,-2071.927075
calculation216,True,8,0,4,4,0.0,0.5,0.5,6.5,1.86,1.33,64.205,9.0,0.0499999999999999,0.0601503759398495,0.6931471805599453,0.6309297535714574,0.0858967370142512,0,1,1,2,0.0,0.0,0.25,0.0,0.25,0.25,-0.5,0.0,0.5,-0.5,-1.5,1.0,-26540.6187,-3317.5773375,-6.337154,30,2.675117,11.598349000000043,3.434934,90.0,90.0,90.00000493999444,106.57549312051798,13.321936640064749,4.335641768191837,1.284031315265837,1.284031315265837,0.000416,-0.000114,-0.00112,0.0,-0.0,0.0,0.436860162204,0.0015359999999999,-0.072214,0.072538,0.027818,-0.00902675,0.00906725,NM,0.0,0.0,0.0,0.0178315,-0.0178315,0.0099860000125175,0.000303,-0.0002219999999999,0.000303,0.0,0.0,0.355715,0.2565634303395739,0.0,0.0,0.0,0.0,17.8586745,0.2139310003114318,0.1413255,0.2139310003114322,13.141325749999998,0.2143297695554389,-0.14132575,0.2143297695554387,-0.1413255,0.14132575,0.28265125,system_227,0.0,0.0,0.0,0.0,0.0,0.0,0.0,0.0,0.0,0.0,0.0,0.0,0.0,0.0,0.0,0.0,0.0,0.0,0.0,0.0,0.0,0.0,0.0,0.0,0.0,0.0,0.0,0.0,0.0,0.0,0.0,0.0,25.389091652310448,25.38732939064352,-3.143893004374658,-3.157008948694152,9.006095408317204,9.011450721158011,1079.8129774413298,1082.118989825358,4.021458023600367,3.478491644627188,0.0723960030389773,17.39747335826347,17.489551059891955,-8.116358724848967,-8.121967722461422,0.0131159443194941,11.48900714009389,2.754463801452657,7.395362385887815,510.54811167052895,11.487008605921003,2.757308717074505,7.392519130893414,511.1427534370721,0.3787132297107899,0.383337925000512,-0.0060687465154147,1.5470522761771155,-5.865379287188635,1.545054668982333,-5.853620611452911,-0.0028449156218477,4.872216373626371,4.3373235604395575,0.0580802968461273,1.31557,0.0,-26506.2587,-3313.2823375
calculation217,True,6,5,1,0,0.8333333333333334,0.1666666666666666,0.0,7.5,1.61,1.2666666666666666,55.565,5.5,0.1341640786499873,0.0058843894144731,0.4505612088663046,0.410118486306518,0.0251514889937436,1,1,0,2,0.1388888888888889,0.0,0.0,0.6944444444444445,0.0277777777777777,0.0,0.3333333333333333,0.8333333333333334,1.5,0.5,-0.5,0.0,-19354.9087,-3225.818116666667,-7.412788,5,7.374165,2.449282,3.483468,90.0,90.0,90.0,62.91634237485557,10.486057062475927,0.3321436393137393,0.4723881280117816,2.116903327373755,0.000203,0.002919,-0.000903,-0.0,-0.0,-0.0,-1.185076650282,0.003822,0.7816260000000004,5.10364,1.089621,0.130271,0.8506066666666667,FiM,1.0125236000000002,0.1481208000000001,1.0081964248685669,0.041022,0.041022,0.0,0.0,0.0,0.0,0.4431396894786618,0.3191523673916835,0.089564,0.0637682532441147,15.017912999999998,0.0543548577221945,-0.017913,0.0543548577221944,17.910436,0.0,0.089564,0.0,0.0,0.0,0.0,0.0,-0.107477,-0.017913,0.089564,system_228,36.34353440045991,-2.001710101824435,9.54370488454147,791.301282342841,36.35190717435393,-1.8962422845231377,9.492612560910011,776.5483126867329,3.3037036369895603,1.401332760206793,0.4043264953096549,15.060833742497882,-9.597946163924052,14.29078581103377,-9.58967641888674,-0.1054678173012975,2.0850334278478377,4.650523218527886,10.637702633015149,-842.144718985838,2.082066646596409,4.399732656137147,10.821393862820646,-849.2941334174398,-0.0098219959011488,0.001844528676923,0.0,0.4078602072463649,-14.161444023235951,0.4361471409254938,-14.157874822574769,0.2507905623907396,6.1359001524578325,6.1588017093333285,-5.119965912750671,-5.041831732418944,9.106975529870835,9.091004855358252,1221.7105590987624,1205.919961430841,0.419586855697952,0.1622084206183816,0.4423866015364976,4.323141393574666,4.271055656053713,-9.905809535166393,-9.900376525704395,-0.0781341803317268,0.0,0.0,0.0,0.0,0.0,0.0,0.0,0.0,0.0,0.0,0.0,0.0,0.0,0.0,0.0,0.0,4.107134142857144,1.7591479905094909,0.400251146973075,1.71162,0.0,-19332.1887,-3222.03145
calculation218,True,8,0,6,2,0.0,0.75,0.25,8.25,1.885,1.29,61.4475,8.5,0.0433012701892218,0.0537070017850814,0.5623351446188083,0.5118595071429147,0.0777270043837614,0,1,1,2,0.0,0.0,0.1875,0.0,0.5625,0.0625,-0.5,0.0,2.25,1.25,0.25,0.75,-31512.0438,-3939.005475,-6.569727,9,2.571998,4.952796567762499,7.0530483918137135,87.19827967375727,90.0,90.0,89.7384459866287,11.217305748328588,1.9256611271713664,2.742244897474148,2.742244897474148,0.001109,-0.005449,-0.003502,0.000611,-0.0,-0.0,4.188089721276,0.006558,0.2233409999999999,0.2617469999999999,0.063995,0.0279176249999999,0.0327183749999999,FM,0.0,0.0,0.0,0.0404239999999999,0.0404239999999999,0.0166724913255338,0.0096014999999999,-0.0096014999999999,9.49999999999996e-06,0.6009581593679575,0.0,0.431184,0.2670217141457963,0.0,0.0,0.0,0.0,17.856282,0.1115712795137419,0.143718,0.111571279513741,13.4311535,3.0500000000266425e-05,-0.4311534999999999,3.0500000000016625e-05,-0.143718,0.4311534999999999,0.5748715,system_229,0.0,0.0,0.0,0.0,0.0,0.0,0.0,0.0,0.0,0.0,0.0,0.0,0.0,0.0,0.0,0.0,0.0,0.0,0.0,0.0,0.0,0.0,0.0,0.0,0.0,0.0,0.0,0.0,0.0,0.0,0.0,0.0,38.08236333712536,38.091306135035865,-3.5120136955359147,-3.4757169295722528,9.0382248286492,9.023845132015524,1088.334114102244,1081.970594760057,2.643459364659141,3.1534100056971037,-0.0879700073363259,26.2808630198729,26.065808167947857,-8.500455290018648,-8.475259013378636,-0.0362967659636619,6.213976921638803,2.9210412866009894,8.148900131980959,289.5213990911724,6.223127739077694,2.894048235983698,8.173231712261844,285.7706127795203,0.0693943764795204,0.0556444101050948,0.1099656094720721,0.9928350291364184,-8.37340430663647,1.0086155939884736,-8.429648329957262,0.0269930506172912,2.950655173076927,3.423233557692309,-0.0741428670277946,1.90323,0.0,-31472.5838,-3934.072975
calculation219,True,8,7,0,1,0.875,0.0,0.125,6.5,1.5825,1.2875,56.7875,5.625,0.0859869176095992,0.0359616683057322,0.3767701612564367,0.3429509801981277,0.0860757305250598,1,0,1,2,0.0,0.109375,0.0,0.765625,0.0,0.015625,0.375,1.0,0.5,-0.5,-1.5,1.0,-22787.7888,-2848.4736,-7.260019,16,2.583403,2.583403,13.630934,90.0,90.0,90.0,90.9724590423451,11.371557380293137,1.0,5.27634828944613,5.27634828944613,0.00036,0.00036,-0.000744,-0.0,0.0,0.0,0.0128174130719999,0.001104,1.693979,14.276539,2.073802,0.211747375,1.7845673750000002,FiM,2.005063285714286,0.2764392857142857,1.9865944279598344,0.0,0.0,0.0,0.241096,-0.241096,0.0,0.328032830599719,0.212138266272891,0.111373,0.0773221318097824,15.006434142857143,0.0806327545434566,-0.0064341428571428,0.0806327545434565,0.0,0.0,0.0,0.0,12.954962,0.0,0.045038,0.0,-0.0064341428571428,-0.0514721428571428,-0.045038,system_230,50.37851278873479,-2.0310653464526176,9.453351810594476,799.8125738395647,50.34927359655867,-1.887532486449909,9.356141919815798,771.2192973409201,5.517734689547907,3.29119691841317,0.2527591165678368,21.133112878091428,-9.504622290633304,19.505236937292736,-9.47760800752265,-0.1435328600027086,2.872194322716881,6.947953843565427,9.470186336457283,-729.1772725186582,2.7353888326318585,7.630874347647624,9.045207228102358,-672.6586551711563,0.0131693070234589,-0.0016393020211737,1.284354086723952,0.3302879107091696,-13.788143973390763,0.2772929893231172,-13.30131255484513,-0.6829205040821966,0.0,0.0,0.0,0.0,0.0,0.0,0.0,0.0,0.0,0.0,0.0,0.0,0.0,0.0,0.0,0.0,2.8209335265143154,2.5806328191774144,7.904094788032883,453.90856679524256,2.940572239788815,1.555783852052197,8.418513649512285,392.2911588382126,0.0667690489613162,0.0497369578676376,0.1461906691101678,0.4940874633733121,-7.680149318027668,0.6935973783421876,-8.95413392165605,1.0248489671252174,6.065072919830171,3.785229935564436,0.2314490242314892,1.38513,0.0,-22760.7588,-2845.09485
calculation220,True,8,5,1,2,0.625,0.125,0.25,6.375,1.66,1.3025,59.10375,6.625,0.1449137674618943,0.0479078079629507,0.9002560512685369,0.8194483718728035,0.1057064472598437,1,1,1,3,0.078125,0.15625,0.03125,0.390625,0.015625,0.0625,0.125,0.8333333333333334,0.375,-0.625,-1.625,1.125,-23505.1085,-2938.1385625,-6.94623,13,5.173220907654341,5.180930287233365,3.530792,90.0,90.0,88.54626011587246,94.60217024951018,11.825271281188773,1.0014902475105243,0.6825132858285272,1.4651729435362777,-0.00132,-0.001466,0.000296,-0.0,-0.0,-0.000287,1.32980660622,0.001762,-4.567615,11.490481,2.797771,-0.570951875,1.436310125,FiM,2.1753570000000004,-0.9802818000000002,2.131947919700235,0.139951,-0.139951,0.0,0.2368725,0.2368725,0.0658545,0.8225871810608615,0.5688862490297729,0.525056,0.2687185812632044,14.8723544,0.1043343999486268,0.1276456,0.1043343999486267,17.774013,0.0,0.225987,0.0,13.432106999999998,0.0929489999999999,-0.432107,0.0929489999999999,-0.0983414,0.5597526,0.658094,system_231,36.6757363103342,-1.126077940292404,9.338766131377977,733.4254609407348,36.51787106259181,-1.785789193465209,9.578032013261032,814.2367548399372,2.761983948670232,2.441243371037933,0.0616426225349478,12.401685834178922,-9.03418926888268,17.039652106140842,-9.098941541493025,0.6597112531728051,0.849247229486891,24.319757899517413,0.0,24095.780044593423,1.0928902273085468,17.93307372408772,0.0,8861.736606647444,-0.0055035270706616,-0.0051294753466399,0.0,-0.3991377198655996,0.0,-0.3126040304053474,0.0,6.386684175429693,6.176467621224317,6.107742133836935,-4.568456696387469,-4.8460907715884645,8.933188442722717,8.859016446025208,1149.0842319780818,1153.884381896895,0.3456890632602815,0.1980036118317636,0.2716340649678889,4.252709630432905,4.39665478064326,-9.36548727125122,-9.41324929091366,0.2776340752009956,6.115641308061882,1.4924246774643717,8.544553392178303,392.31305646190407,5.807397669085194,2.591107552993528,8.018563472543464,457.8106853111346,0.115896635824361,0.0700134365110476,0.246803192193554,1.4572049906420763,-8.930419804566366,1.009734453131561,-7.567436017542174,-1.0986828755291564,3.4978987212787245,2.9179159940059978,0.0903989209493541,2.54114,0.0,-23476.3485,-2934.5435625
calculation221,True,8,4,0,4,0.5,0.0,0.5,5.0,1.6800000000000002,1.34,62.33,7.5,0.13,0.0522388059701492,0.6931471805599453,0.6309297535714574,0.1185624899727257,1,0,1,2,0.0,0.25,0.0,0.25,0.0,0.25,0.0,1.0,-1.0,-2.0,-3.0,2.5,-20135.7579,-2516.9697375,-6.906545,21,5.436414557389273,5.807233457942688,3.294035,90.0,90.0,90.08396879099196,103.99431419812797,12.999289274765994,1.0682101956425292,0.6059204950664935,1.6503815403871764,-0.006222,0.000628,-0.004304,0.0,0.0,-0.001364,5.286114774444,0.00685,-4.000000000031756e-06,9.819974,2.359981,-5.000000000039695e-07,1.22749675,AFM,2.359959,-4.000000000004e-06,2.359959000042904,0.0,0.0,0.0,0.0950345,2.9999999999960614e-06,0.0950345006326649,0.9225786138144714,8.146657759890614e-07,0.370666,0.3703985195137799,14.6296015,3.310966626177756e-05,0.3703985,3.310966626230044e-05,0.0,0.0,0.0,0.0,13.3703985,0.0001667790454463,-0.3703984999999999,0.0001667790454463,0.3703985,0.7407969999999999,0.3703984999999999,system_232,29.4401123280986,-0.9726389238175348,9.695623001137818,803.3448821997783,29.440110795338363,-0.972643246262938,9.695622163458722,803.3449044581467,2.923525536788468,2.9235336020000062,-1.3793620599241178e-06,11.896910806815102,-8.77776520757458,11.896913176772472,-8.777765916842094,4.322445403270869e-06,0.1338341261061697,195.71236753843715,0.0,14762163.17243984,0.1338539068895696,195.68239930105617,0.0,14755329.91484798,0.0132346128096154,0.0132329351596154,6.338516896051687e-05,-0.9153546543987988,0.0,-0.9153398848286084,0.0,0.0299682373809844,0.0,0.0,0.0,0.0,0.0,0.0,0.0,0.0,0.0,0.0,0.0,0.0,0.0,0.0,0.0,0.0,11.331691233433794,1.5363945314355971,7.609371618982265,460.80870752845306,11.33167316215075,1.5364183661506268,7.609355910529814,460.8123050113076,0.2731677779307697,0.2731662778153851,2.74578413847845e-06,2.2219324064325874,-7.6830682797153,2.2219151215482675,-7.683017267045438,-2.383471502964696e-05,3.495960327172839,3.495970236013998,-1.417182431826788e-06,1.14773,0.0,-20109.9579,-2513.7447375
calculation222,True,6,4,2,0,0.6666666666666666,0.3333333333333333,0.0,7.999999999999999,1.67,1.2633333333333332,56.19,6.0,0.1697056274847713,0.0074628684030242,0.6365141682948128,0.5793801642856949,0.031460525947079,1,1,0,2,0.2222222222222222,0.0,0.0,0.4444444444444444,0.1111111111111111,0.0,0.1666666666666666,0.6666666666666666,1.9999999999999991,0.9999999999999992,-8.881784197001252e-16,0.4999999999999991,-20956.0672,-3492.677866666667,-7.194319,7,7.439083,2.430948,3.454915,90.0,90.0,90.0,62.47876557302827,10.413127595504712,0.326780599167935,0.4644275376414001,2.1531884286588814,-0.000643,0.001024,-0.000625,0.0,-0.0,0.0,0.130310366232,0.001667,-1.203545,2.836969,1.011835,-0.2005908333333333,0.4728281666666666,FiM,0.7074725,-0.302656,0.7074739287376602,0.0035395,0.0035395,0.0001755,0.0,0.0,0.0,0.8750416731404596,0.5992425716134135,0.030096,0.0215064769656078,15.0147725,0.006243016478434,-0.0147725,0.0062430164784341,17.9704555,0.0005515000000002,0.0295445,0.0005514999999999,0.0,0.0,0.0,0.0,-0.044317,-0.0147725,0.0295445,system_233,29.25760449439561,-1.667344072040868,9.467203452952964,757.7024781632101,29.24409026116616,-1.8759739025456352,9.558792527894711,785.2920216553674,2.114915309142209,2.838607443184415,-0.1460964590709297,11.11681921230256,-9.436977464068908,12.26570560703392,-9.46676628205156,0.2086298305047673,1.70576105362071,4.426116251740685,10.574541425305084,-832.693183948002,1.722557231605877,4.66660964807533,10.385348246368824,-815.0432859029705,-0.0044515298831168,-0.0044667011194805,0.0,0.3516383651989631,-13.954249986618237,0.3306736314594426,-13.951566762772952,-0.2404933963346449,12.459223961719657,12.428253042340067,-4.653229526353698,-4.688586889651944,8.940269290194895,8.940384092950692,1120.4664033189476,1125.578962432601,0.6802262011383117,0.8653578805064935,-0.1197810468979244,8.603016310592682,8.626391504195187,-9.481143724356746,-9.477362864708631,0.035357363298246,0.0,0.0,0.0,0.0,0.0,0.0,0.0,0.0,0.0,0.0,0.0,0.0,0.0,0.0,0.0,0.0,3.10539995054945,3.9870129260739264,-0.1243036736383857,2.58375,0.0,-20931.2072,-3488.534533333333
calculation223,True,4,4,0,0,1.0,0.0,0.0,7.0,1.55,1.27,54.94,5.0,0.0,0.0,0.0,0.0,0.0,1,0,0,1,0.0,0.0,0.0,1.0,0.0,0.0,0.5,1.0,1.0,0.0,-1.0,0.5,-11835.8022,-2958.95055,-7.727331,3,2.446661,4.893983,3.466464,90.0,90.0,90.0,41.50715340073068,10.37678835018267,2.0002701641134597,1.4168141806322985,1.4168141806322985,0.002293,0.004022,-0.002237,0.0,0.0,0.0,-2.177892104484,0.006259,0.042293,0.042293,0.01626,0.01057325,0.01057325,NM,0.01057325,0.01057325,0.0056862500109914,0.0,0.0,0.0,0.0,0.0,0.0,0.5377958537811388,0.0,0.000535,0.0004933899953383,14.99999975,0.000493389995338,2.4999999999997897e-07,0.0004933899953383,0.0,0.0,0.0,0.0,0.0,0.0,0.0,0.0,2.4999999999997897e-07,2.4999999999997897e-07,0.0,system_234,28.86637154734243,-2.2226426316886347,9.674935272657226,831.9498841356458,28.868581892616945,-2.2136464411526906,9.672071776709776,830.9220862911259,2.781735266450509,2.857389465750411,-0.0134159471358907,11.676997545683344,-9.948141892774128,11.629163732686976,-9.947980070086627,-0.0089961905359441,1.5040394770060457,4.952381489876459,10.37638954609138,-878.4927892132637,1.5027197628887494,4.963225634030218,10.370913092737611,-878.8265688555251,0.0060313573370196,0.006343620921651,-0.025233465312362,0.2709800529867728,-14.248775809211809,0.2703299861174558,-14.243266531275657,-0.0108441441537587,0.0,0.0,0.0,0.0,0.0,0.0,0.0,0.0,0.0,0.0,0.0,0.0,0.0,0.0,0.0,0.0,0.0,0.0,0.0,0.0,0.0,0.0,0.0,0.0,0.0,0.0,0.0,0.0,0.0,0.0,0.0,0.0,2.872500945804199,2.9470209702797225,-0.0128051797982865,1.51163,0.0,-11822.0822,-2955.52055
calculation224,True,10,8,1,1,0.8,0.1,0.1,6.9,1.6120000000000003,1.282,56.793,5.8,0.1259999999999999,0.0336047725874228,0.639031859650177,0.5816718657178868,0.0783843596956032,1,1,1,3,0.08,0.08,0.01,0.6400000000000001,0.01,0.01,0.3,0.888888888888889,0.9000000000000004,-0.0999999999999996,-1.0999999999999996,0.5999999999999996,-30306.8134,-3030.68134,-7.228649,13,2.557327,12.775386,3.439662,90.0,90.0,90.0,112.37664531931468,11.237664531931468,4.995601266478632,1.3450223612389032,1.3450223612389032,0.001395,0.000979,0.002986,0.0,-0.0,-0.0,-2.86255558608,0.002007,4.285621999999998,16.672952,2.279543,0.4285621999999998,1.6672952,FiM,2.021528,0.52441875,1.9605542024729736,0.2955,0.2955,0.0,0.205228,-0.205228,0.0,0.435858910506321,0.1134418305367533,0.375956,0.1749010094936275,14.968955875,0.1325556651424573,0.031044125,0.1325556651424577,17.872396,0.0,0.127604,0.0,13.375956,0.0,-0.375956,0.0,-0.0965598749999999,0.407000125,0.50356,system_235,58.11903886182118,-1.912122906692647,9.530794857814051,802.9867987254758,58.19094400352584,-1.5658750059335698,9.37689307271176,754.3274407656872,5.476619865161603,5.123942165502059,0.0332697170809786,25.126226403189065,-9.39511693197019,21.078278555148916,-9.37238896617281,-0.3462479007590773,3.2724081580570683,7.537651224888672,9.0507152339087,-676.0308861053741,3.1618175416308083,7.616565253560544,9.259665563815746,-780.8744511806075,0.0017763499350151,0.0090070831577593,-0.6705409270438374,0.3271703755666627,-13.76118474287045,0.3539171311700285,-13.743287279964836,-0.0789140286718721,6.118069522310352,6.170290570384336,-5.040975547080797,-4.69630377238765,8.97330438890331,8.888763065436748,1192.0379644060663,1134.8098135600026,0.5362216312253217,0.566323074259255,-0.0273017891104047,4.42794648294139,4.114935788566454,-9.650207501464338,-9.54277996014662,-0.3446717746931469,3.0078193851584967,2.533341503290712,8.735352495412764,345.5229080890152,3.161779841693175,1.239503160787279,9.187580336321698,339.0126789299929,0.058455117969086,0.041343497427354,0.1714615024843556,0.5765112407255454,-8.902776135347754,0.8127882702309203,-9.934380905964376,1.2938383425034328,6.456317700549456,6.192198475274724,0.0208814394987736,1.67269,0.0,-30270.7834,-3027.07834
calculation225,True,8,6,1,1,0.75,0.125,0.125,6.875,1.6275000000000002,1.285,57.25625,6.0,0.1365421180442137,0.0371182568644726,0.7356219397587946,0.6695919455357792,0.0850238411358771,1,1,1,3,0.09375,0.09375,0.015625,0.5625,0.015625,0.015625,0.25,0.8571428571428571,0.875,-0.125,-1.125,0.625,-24388.8355,-3048.6044375,-7.03096,15,2.589751,2.589751,13.736423,90.0,90.0,90.0,92.12758246485812,11.515947808107263,1.0,5.304148159417642,5.304148159417642,0.000452,0.000452,0.00077,0.0,0.0,0.0,-0.894014561772,0.000318,5.574214,14.639648,3.032045,0.69677675,1.829956,FiM,2.272908333333333,0.8906143333333332,2.1290089484693477,0.616363,0.616363,0.0,0.385835,-0.385835,0.0,0.4610275063965566,0.2525398329786426,0.11489,0.0815330681242279,15.019789000000005,0.0799856891429128,-0.019789,0.0799856891429127,17.888689,0.0,0.111311,0.0,12.992577,0.0,0.007423,0.0,-0.1311,-0.027212,0.103888,system_236,43.38037134476933,-1.985334872801774,9.45935605466461,800.4836095575387,43.38901638585762,-1.4407059301975933,9.176979483934804,713.6879903120357,2.5530868568630445,2.5216991697738766,0.0061850267034743,19.91613191249485,-9.248415014470872,14.827464803414772,-9.22520811115271,-0.5446289426041806,2.6110389759855592,6.563138435071093,9.575586138927118,-652.4435710227746,2.3939922113439653,7.0663850886517325,9.494435179275168,-690.0991530123483,0.0024953037377778,0.0106303679709591,-0.6197826986459062,0.3445474858797733,-13.079135016061588,0.3233034745916172,-12.620449171940662,-0.5032466535806392,6.113649777583015,6.204393984064816,-5.0048258722349805,-4.286464918040819,8.880542848168684,8.665929177210483,1169.8819802854025,1044.8788820301052,0.4137348833547618,0.3082464538946706,0.1461096347198885,4.616540945662065,3.961968741598349,-9.426514176836296,-9.13556201375654,-0.7183609541941616,2.829756223662091,3.298839136367417,7.387137346085929,503.0653470431083,2.9954313239369155,1.7119489394997796,8.311015938083521,354.655528932406,0.0142491351817303,0.0354829966384949,-0.4269646339216276,0.3962688625174513,-6.199864882224832,0.7120345369750282,-8.750276277685197,1.586890196867638,3.2590204845154918,3.3645853571428583,-0.0159376743047464,2.37717,0.0,-24359.665500000003,-3044.9581875000003
calculation226,True,4,4,0,0,1.0,0.0,0.0,7.0,1.55,1.27,54.94,5.0,0.0,0.0,0.0,0.0,0.0,1,0,0,1,0.0,0.0,0.0,1.0,0.0,0.0,0.5,1.0,1.0,0.0,-1.0,0.5,-11835.8014,-2958.95035,-7.726797,3,2.447025,2.447025,6.932159,90.0,90.0,90.0,41.50929220361725,10.377323050904312,1.0,2.832892594068308,2.832892594068308,0.002614,0.002614,-0.002489,0.0,0.0,0.0,-1.462787266842,0.005103,0.058021,0.058021,0.014535,0.01450525,0.01450525,NM,0.01450525,0.01450525,1.949839737004034e-05,0.0,0.0,0.0,0.0,0.0,0.0,0.0013442303559084,0.0,6.5e-05,5.297640984438262e-05,15.0,5.297640984367303e-05,-1.694065894508601e-21,5.297640984438262e-05,0.0,0.0,0.0,0.0,0.0,0.0,0.0,0.0,-1.694065894508601e-21,-1.694065894508601e-21,0.0,system_237,28.884296211494764,-2.2111682195596343,9.683762729242838,832.9272396692211,28.8877625291184,-2.198529979120887,9.680158834316613,831.5845405639121,3.0533721208992493,3.0981311462488854,-0.0072761117739577,11.687777397123783,-9.941393692742984,11.61729433982555,-9.942093592785785,-0.012638240438747,1.4980479547018806,4.936713815349379,10.387774516250357,-878.0516690940597,1.4965751472887572,4.955440352648276,10.381517901040423,-878.6800231029738,0.0003859916545663,0.0022369356833524,-0.7056787285059858,0.2712266329676628,-14.235018771438876,0.2703538660773018,-14.226719436702714,-0.0187265372988969,0.0,0.0,0.0,0.0,0.0,0.0,0.0,0.0,0.0,0.0,0.0,0.0,0.0,0.0,0.0,0.0,0.0,0.0,0.0,0.0,0.0,0.0,0.0,0.0,0.0,0.0,0.0,0.0,0.0,0.0,0.0,0.0,3.189070807192808,3.2187763946053933,-0.0046358139445412,1.54226,0.0,-11822.0814,-2955.52035
calculation227,True,2,0,0,2,0.0,0.0,1.0,3.0,1.81,1.41,69.72,10.0,0.0,0.0,0.0,0.0,0.0,0,0,1,1,0.0,0.0,0.0,0.0,0.0,1.0,-0.5,0.0,-3.0,-4.0,-5.0,4.5,-4149.8941,-2074.94705,-5.971133,11,2.90692,2.906919,4.222627,90.0,90.0,90.0,35.68196235883869,17.840981179419344,0.9999996559932848,1.4526120429870792,1.4526120429870792,-0.000309,-0.00031,0.002728,0.0,0.0,-0.0,-1.126330173702,0.003038,0.0,0.0,0.0,0.0,0.0,NM,0.0,0.0,0.0,0.0,0.0,0.0,0.0,0.0,0.0,0.0,0.0,1.1e-05,1.1e-05,0.0,0.0,0.0,0.0,0.0,0.0,0.0,0.0,13.0,1.100000000064938e-05,0.0,1.1e-05,0.0,0.0,0.0,system_238,0.0,0.0,0.0,0.0,0.0,0.0,0.0,0.0,0.0,0.0,0.0,0.0,0.0,0.0,0.0,0.0,0.0,0.0,0.0,0.0,0.0,0.0,0.0,0.0,0.0,0.0,0.0,0.0,0.0,0.0,0.0,0.0,0.0,0.0,0.0,0.0,0.0,0.0,0.0,0.0,0.0,0.0,0.0,0.0,0.0,0.0,0.0,0.0,5.45814167199271,1.0868222514477572,5.8369816970183335,374.4968724056492,5.45814167199271,1.086822249638397,5.836981697228634,374.4968723659501,0.4470527919907553,0.4470527919907553,0.0,0.7051761775521814,-4.947317356382672,0.7051761779525818,-4.94731736040539,1.8093602172086774e-09,0.6787793041958041,0.6787793041958041,0.0,0.02738,0.0,-4143.8541000000005,-2071.92705
calculation228,True,8,1,6,1,0.125,0.75,0.125,8.75,1.8525,1.2725,59.6,7.875,0.1189274989226629,0.0411637069543358,0.7356219397587946,0.6695919455357792,0.0674014924477262,1,1,1,3,0.09375,0.015625,0.09375,0.015625,0.5625,0.015625,-0.375,0.1428571428571428,2.75,1.75,0.75,1.25,-32395.4458,-4049.430725,-6.450377,12,2.552902,10.098767,3.420669,90.0,90.0,90.0,88.18882325136595,11.023602906420743,3.9557989300020138,1.3399139489099072,1.3399139489099072,0.001708,-0.000273,0.00104,-0.0,0.0,-0.0,-1.3217957230499997,0.001981,5.6454770000000005,6.036607000000001,3.35822,0.7056846250000001,0.7545758750000001,FM,3.35822,3.35822,0.0,0.4138036666666667,0.4138036666666667,0.1688624090235071,0.195565,-0.195565,0.0,1.3218721419384312,0.7656317143413794,0.29516,0.1862182000661035,15.251202,0.0,-0.251202,0.0,17.91848716666667,0.1401572070443476,0.0815128333333333,0.1401572070443479,13.237876,0.0,-0.237876,0.0,-0.3327148333333333,-0.0133259999999999,0.3193888333333333,system_239,7.537928245363848,-1.76130137204264,9.802490891227652,848.0123076158608,7.537577622901365,0.3252824911903921,8.777116770486979,582.1831772938413,0.3809339314907289,0.2358224488263773,0.2352816886786681,4.517523174903033,-8.69802825852719,1.2755083357252348,-8.61578596659098,-2.086583863233032,0.6667718469033618,1.8502452192105037,12.096565213063212,-589.2699495222092,0.6437656693062621,0.1033734079497028,12.8247396174941,-33.90245578788777,0.0018385735847313,-0.0009119768148181,2.96844375985379,0.2093913971583733,-14.564397709750777,0.2693526905293122,-14.032758622945783,1.7468718112608006,38.06721518323028,38.2863359163766,-3.742589028066003,-3.309030592749592,9.03790178483952,8.914480554722571,1097.1978184986767,1034.234382949344,0.787393660944129,5.3358570424206055,-0.7428184148947373,27.46343336918549,24.734488153246296,-8.619277283657006,-8.401715277723442,-0.433558435316411,3.145228217335122,4.527817289677525,7.171605908820305,501.291777554352,3.2264990371687747,4.036638132378665,7.803519166796324,375.86936370133856,0.0612585058699405,0.0351481692575693,0.2708353604959089,0.3625694188544677,-4.722862617607976,0.4810718896416244,-6.7492893842318695,0.4911791572988599,1.3652388461538458,5.7883775000000055,-0.6183080612401396,1.34622,0.0,-32355.5758,-4044.446975
calculation229,True,6,3,1,2,0.5,0.1666666666666666,0.3333333333333333,6.166666666666666,1.6966666666666663,1.3133333333333332,60.49166666666666,7.166666666666666,0.150406855635713,0.0523236754520007,1.0114042647073518,0.920619835714305,0.1100770574703753,1,1,1,3,0.0833333333333333,0.1666666666666666,0.0555555555555555,0.25,0.0277777777777777,0.1111111111111111,0.0,0.75,0.166666666666666,-0.8333333333333339,-1.833333333333334,1.333333333333334,-17587.8901,-2931.315016666667,-6.934526,12,2.650359,2.650359,10.118551,90.0,90.0,90.0,71.07677826857666,11.846129711429445,1.0,3.817803927694324,3.817803927694324,0.003811,0.003811,0.002272,0.0,-0.0,-0.0,-5.283978538932,0.001539,-1.854252,6.442948,2.074304,-0.309042,1.0738246666666666,FiM,2.0252126666666665,-0.7405206666666667,1.8862488224157727,0.042244,0.042244,0.0,0.162533,0.162533,1.000000000001e-06,0.8879447144000053,0.7234792460107023,0.37953,0.2377595352598923,14.974850333333334,0.1729488977594887,0.0251496666666666,0.1729488977594891,17.62047,0.0,0.37953,0.0,13.2274895,0.0002575,-0.2274895,0.0002575,-0.3543803333333333,0.2526391666666667,0.6070195,system_240,21.539350416658028,-1.5059029446070809,9.203067766760366,736.8364039315694,21.57467604787997,-1.8749047568040027,9.464271844655824,810.3447224689216,1.5799835802355642,1.0454786297979275,0.2035850862354701,7.811467660623873,-9.083204176162605,9.752346455459282,-9.137630077410632,0.3690018121969218,0.8262243624605239,12.433812062824998,0.0,1008.439292460216,1.025588284842748,8.246637116215846,8.62464053568719,-771.9616379829224,0.0083465883334956,0.0255562364314275,-0.5076169380357186,-0.0950934141416075,0.0,0.0251469440258728,-30.834293614884885,4.187174946609153,6.42057261619375,6.43532023771362,-3.631276576993689,-3.5535399910985266,9.498884370706126,9.545962099573584,1182.4158645082548,1193.8767797553353,0.2706169558658697,0.3508387436861799,-0.1290868969069472,4.443059622449662,4.384713072122336,-9.02279482817532,-9.024568260624504,-0.0777365858951624,5.823147527185675,1.8674924179080648,7.908484988253994,404.47928264655934,5.714793762886849,2.395228920672193,7.649412286930494,456.2854639773044,0.1115288835622788,0.1335304762266078,-0.0897806665425181,1.2779151096369863,-8.113935922752747,1.0513614627731585,-7.408975872233496,-0.5277365027641288,2.104338121878121,1.833008189810189,0.0689118788617777,1.28818,0.0,-17565.9901,-2927.6650166666664
calculation230,True,8,8,0,0,1.0,0.0,0.0,7.0,1.55,1.27,54.94,5.0,0.0,0.0,0.0,0.0,0.0,1,0,0,1,0.0,0.0,0.0,1.0,0.0,0.0,0.5,1.0,1.0,0.0,-1.0,0.5,-23671.6544,-2958.9568,-7.721636,17,2.448616,2.448616,13.960872,90.0,90.0,90.0,83.70548387188084,10.463185483985106,1.0,5.701535888028176,5.701535888028176,0.001446,0.001446,0.001002,-0.0,0.0,-0.0,-2.079625270932,0.0004439999999999,-3.100000000000325e-05,6.305130999999999,0.791061,-3.875000000000406e-06,0.7881413749999999,AFM,0.7881413749999999,-3.875000000000406e-06,0.7881433452468272,0.0,0.0,0.0,0.0,0.0,0.0,0.0022360142858376,9.8332128498675e-06,0.001095,0.0006010271286514,15.000000125,0.0006010271286514,-1.2499999999998949e-07,0.0006010271286514,0.0,0.0,0.0,0.0,0.0,0.0,0.0,0.0,-1.2499999999998949e-07,-1.2499999999998949e-07,0.0,system_241,57.71866704553321,-2.190740317634306,9.6235352711614,819.0052953000782,57.71865940123861,-2.190746064817802,9.623534442972993,819.0053674986124,4.76218671586567,4.7622389273476085,-5.48185096872426e-06,23.359194339125192,-9.883098876502851,23.359208671847348,-9.883102178541922,5.747183496218611e-06,3.0599355676963835,4.899254998752795,10.383077254610315,-863.4272916180532,3.059934234156229,4.899237090213613,10.383077774844418,-863.4285829575188,-0.0088499680926621,-0.0088348238776126,0.0,0.5599935556790574,-14.14715480217287,0.5599835570787068,-14.147284585166636,1.7908539182265315e-05,0.0,0.0,0.0,0.0,0.0,0.0,0.0,0.0,0.0,0.0,0.0,0.0,0.0,0.0,0.0,0.0,0.0,0.0,0.0,0.0,0.0,0.0,0.0,0.0,0.0,0.0,0.0,0.0,0.0,0.0,0.0,0.0,5.167889357142856,5.1679606593406575,-6.8985325530397385e-06,3.54972,0.0,-23644.2144,-2955.5268
calculation231,True,6,2,0,4,0.3333333333333333,0.0,0.6666666666666666,4.333333333333333,1.7233333333333332,1.3633333333333333,64.79333333333332,8.333333333333332,0.1225651754056682,0.04840828819859,0.6365141682948128,0.5793801642856949,0.1075320323689389,1,0,1,2,0.0,0.2222222222222222,0.0,0.1111111111111111,0.0,0.4444444444444444,-0.1666666666666666,1.0,-1.666666666666667,-2.666666666666667,-3.666666666666667,3.166666666666667,-14217.637,-2369.606166666667,-6.335479,16,2.818525,8.030372,3.693411,90.0,90.0,90.0,83.59594155666409,13.93265692611068,2.8491398869976314,1.3104056199607952,1.3104056199607952,-0.003323,-0.00301,0.001059,-0.0,0.0,-0.0,2.816626522572,0.004382,4.418255,6.230637,2.662476,0.7363758333333333,1.0384395,FM,2.662223,2.662223,0.0002529999999998,0.0,0.0,0.0,0.22654775,-0.22654775,0.0946439570848952,1.1081876820318202,0.9149027898864972,0.581379,0.4374302409154325,14.4186245,3.5000000000451337e-06,0.5813755,3.4999999999896225e-06,0.0,0.0,0.0,0.0,13.29068775,0.1830839138064499,-0.29068775,0.1830839138064496,0.5813755,0.8720632500000001,0.29068775,system_242,14.638571436869343,-1.389139354811813,10.04134417355979,934.7600327440182,14.583245323052848,0.0892920789035289,9.162397352880078,696.4068097642061,1.0156920471987565,1.4289368107089406,-0.1690419231424237,8.294988630184703,-8.533724053878764,3.542767091555443,-7.9618512185274355,-1.478431433715342,-0.2964678470521701,0.0,0.0,0.0,-0.6369486355183634,0.0,0.0,0.0,-0.0018622058726627,-0.0144410113958256,0.0,-0.5871493182184911,0.0,-0.7202330930131341,0.0,0.0,0.0,0.0,0.0,0.0,0.0,0.0,0.0,0.0,0.0,0.0,0.0,0.0,0.0,0.0,0.0,0.0,11.981925950595958,1.260568599162503,8.356578947537532,322.0771846761458,12.306638400779695,0.7582135177268438,8.528224218525523,298.1465000582051,0.4262618586674603,0.3200507491488782,0.1423145052169878,2.5473641425556925,-9.147131159095164,3.1458248023113424,-9.38439509972727,0.5023550814356593,1.8688156416083896,1.926428568181819,-0.0151802949662134,0.28242,0.0,-14198.697,-2366.4495
calculation232,True,6,1,2,3,0.1666666666666666,0.3333333333333333,0.5,6.0,1.7999999999999998,1.3333333333333333,63.58,8.5,0.1204159457879229,0.057716981903076,1.0114042647073518,0.920619835714305,0.0985521807767709,1,1,1,3,0.0555555555555555,0.0833333333333333,0.1666666666666666,0.0277777777777777,0.1111111111111111,0.25,-0.3333333333333333,0.3333333333333333,0.0,-1.0,-2.0,1.5,-18304.4665,-3050.7444166666664,-6.011944,18,2.905017,8.180934,3.402733,90.0,90.0,90.0,80.86850977714649,13.478084962857748,2.816139802279987,1.171329806331598,1.171329806331598,0.000963,0.000255,0.001257,-0.0,-0.0,-0.0,-1.3217957230499997,0.001002,3.90813,4.7013560000000005,3.778007,0.651355,0.7835593333333334,FM,3.778007,3.778007,0.0,0.263368,0.263368,3.100000000000325e-05,0.1322043333333333,-0.1322043333333333,0.005932861947567,1.7107170842110218,0.9078660445002176,0.367008,0.2850233402205374,14.943023,0.0,0.056977,0.0,17.6330005,8.499999999855845e-06,0.3669995,8.499999999994623e-06,13.263658333333334,0.0456765145367095,-0.2636583333333333,0.0456765145367093,-0.3100225,0.3206353333333333,0.6306578333333334,system_243,7.167398492155625,-1.996242245281508,9.747358522367804,966.6240032143156,7.120431445954102,0.3006541756936878,8.534876159938324,637.38394796857,0.1918791235804196,0.2811192368176822,-0.1886689695121843,4.557978861711083,-8.454515500726215,1.0630855678083275,-8.00421939563979,-2.2968964209751954,0.4541552514719658,4.457362652492212,11.256804726202471,-1197.2690857683365,0.3248560466514949,2.743594485717848,13.011608838827998,-1166.0340384295855,-0.0103346381778221,0.0226493524500499,-2.678421106550389,0.0947349131260982,-14.94605473485104,0.1053953514229713,-14.60880810055358,1.7137681667743645,12.645427554114397,12.797378625120931,-3.20869235637177,-2.870100923882087,9.133334856128586,9.086385325131134,1123.757251956307,1074.492273325338,0.374168764004995,0.5357692435484513,-0.1775950429611706,9.016872447616343,8.590659505133598,-8.168755137551013,-8.033770954247025,-0.3385914324896828,8.618016428777336,2.634106272078384,7.122606313697921,478.2350325433456,8.80139359033079,2.159568806545101,7.458879107030644,418.2864989171646,0.1755397676813187,0.1732757152782217,0.0064906878097483,1.2471844348485992,-5.913451923665335,1.5660820430909066,-7.033434560525191,0.4745374655332823,0.9965541138861156,1.2280874095904042,-0.1040766762918566,0.83793,0.0,-18280.8365,-3046.806083333333
calculation233,True,8,3,2,3,0.375,0.25,0.375,6.25,1.7375,1.3175,61.42,7.625,0.1503121751555741,0.0547003237396568,1.0821955300387671,0.9850568223215076,0.1073129086790473,1,1,1,3,0.09375,0.140625,0.09375,0.140625,0.0625,0.140625,-0.125,0.6,0.25,-0.75,-1.75,1.25,-24222.5928,-3027.8241,-6.487826,18,5.36212,2.763074,6.745436,90.0,90.0,90.0,99.9399369845352,12.4924921230669,0.5152950698604284,1.2579793066921292,1.2579793066921292,0.00125,-0.003332,-0.000205,0.0,-0.0,-0.0,1.2213926539859996,0.004582,-4.557157,10.130423,3.222924,-0.569644625,1.266302875,FiM,2.9582696666666664,-1.3389483333333334,2.6643290897522816,0.4489815,-0.4489815,0.0340074999999999,0.119217,0.119217,0.0993958789320094,1.0566900457535644,0.6205456583044995,0.891851,0.4065258225022235,14.703165333333333,0.1071714679453231,0.2968346666666666,0.1071714679453237,17.768826500000003,0.0859524999999994,0.2311735,0.0859525,13.45095,0.3117641095668327,-0.4509499999999999,0.3117641095668326,0.0656611666666666,0.7477846666666665,0.6821235,system_244,22.01090056657057,-0.577482044296577,9.284766547490662,710.6385139044172,22.071475085776363,-1.3586374325953094,9.738092876631072,831.5595793085952,1.4569554153310431,1.0344668744842649,0.1695772501409618,6.807146897891024,-8.668438116648426,10.547514367631702,-8.818078107264935,0.7811553882987324,0.4769778923082013,28.531360158117398,0.0,39232.99804404708,0.5411988637886674,25.999344621768863,0.0,29899.67796852866,0.0092024044421828,0.0079665312652347,0.0719830977300547,-0.3465548627530759,0.0,-0.3724642879665228,0.0,2.532015536348528,12.651151711793208,12.55785389336546,-3.5818656235114346,-4.00755473597466,8.958310893983128,9.128608653202146,1066.229971826184,1151.066932926963,1.363840619039585,0.1876901488439058,0.7580581027085375,8.302260178355736,9.143787858065505,-8.653885234234815,-8.865455231706958,0.4256891124632251,9.318867126283491,1.3281870827501716,8.307473494881213,282.99557306349766,9.177520714070145,1.7479599265632926,8.086857924257997,317.2153729337921,0.2394545556125125,0.1411083082422576,0.2584231324467476,2.127112911534163,-9.177363975954286,1.856707348018877,-8.70373067118524,-0.4197728438131209,3.3879762617382627,1.591318181818184,0.3608258359264292,1.25866,0.0,-24192.1028,-3024.01285
calculation234,True,8,6,2,0,0.75,0.25,0.0,7.75,1.64,1.265,55.8775,5.75,0.1558845726811989,0.0068460506228018,0.5623351446188083,0.5118595071429147,0.0290599549388541,1,1,0,2,0.1875,0.0,0.0,0.5625,0.0625,0.0,0.25,0.75,1.75,0.75,-0.25,0.25,-26873.7069,-3359.2133625,-7.204418,5,2.456955,4.890799000036906,6.951311000048624,90.00043688876757,90.0,90.0,83.5302413414268,10.44128016767835,1.9905936413312035,2.829238223756082,2.829238223756082,0.002692,0.001475,-0.000801,9e-06,0.0,-0.0,-1.797642183348,0.003493,0.000652,4.86967,1.215608,8.150000000001212e-05,0.60870875,AFM,0.8103961666666667,5.833333333334541e-06,0.9906033986962048,0.0036465,0.0003085,0.0036465,0.0,0.0,0.0,0.9931239232873752,0.003905469137539,0.259479,0.1503933032139708,14.978577,0.168290726542889,0.021423,0.1682907265428886,18.0642685,4.2499999999279225e-05,-0.0642685,4.249999999999393e-05,0.0,0.0,0.0,0.0,0.0856915,0.021423,-0.0642685,system_245,43.97322020453551,-1.823797159391688,9.497744198280476,772.2307669308459,43.97656395103623,-1.8220672760616203,9.499337279738976,772.5352308619672,4.322907394958541,4.26580130821049,0.0066489723568085,17.559682207747063,-9.480525732016272,17.550497344573618,-9.48165719135006,-0.0017298833300674,2.6021575432524253,4.810020328143025,10.478650120830476,-836.7650285096389,2.604745283372785,4.8195729715786,10.485565657005887,-837.1043875699469,0.0062263190765234,0.0056708088620379,0.0466927999223219,0.4888530891293341,-14.218261482155444,0.4892783976216537,-14.217589722521232,-0.0095526434355743,12.267271665134205,12.26878059225838,-5.014319193036051,-5.011096472856429,9.190727001055564,9.194279265404882,1249.457568780747,1250.4420978058752,0.7539230021507488,0.7567102375877117,-0.0018450775235459,8.573869122900355,8.571246433380566,-9.879547694198893,-9.880238903538595,-0.0032227201796217,0.0,0.0,0.0,0.0,0.0,0.0,0.0,0.0,0.0,0.0,0.0,0.0,0.0,0.0,0.0,0.0,5.765250575424575,5.706900357642356,0.0050862491369453,4.25645,0.0,-26841.9869,-3355.2483625
calculation235,True,8,6,1,1,0.75,0.125,0.125,6.875,1.6275000000000002,1.285,57.25625,6.0,0.1365421180442137,0.0371182568644726,0.7356219397587946,0.6695919455357792,0.0850238411358771,1,1,1,3,0.09375,0.09375,0.015625,0.5625,0.015625,0.015625,0.25,0.8571428571428571,0.875,-0.125,-1.125,0.625,-24388.5024,-3048.5628,-7.085056,17,5.100043000000098,5.123478000000098,3.469841,90.0,90.0,90.00002241735721,90.66679997680951,11.33334999710119,1.004595059296559,0.6803552440636155,1.4698203750546777,-0.000989,0.00055,0.001999,0.0,0.0,-0.0,-0.8331318496799999,0.002988,2.50653,12.463104,2.519238,0.31331625,1.5578880000000002,FiM,2.044059333333333,0.4178996666666667,2.0521234643297874,0.09894,0.09894,0.0,0.099808,-0.099808,0.0,0.59694200991395,0.3348819349891921,0.535616,0.2106523917571315,14.931781333333332,0.0635551236609257,0.0682186666666666,0.0635551236609256,17.873696,0.0,0.126304,0.0,13.535616,0.0,-0.535616,0.0,-0.0580853333333333,0.6038346666666666,0.66192,system_246,43.73083147922544,-1.7652951633830614,9.522953595053233,796.850138271752,43.77684051282632,-1.489899736672779,9.40259869774667,758.918957999791,3.5394735009737723,3.283759006817533,0.0374770306983154,18.70104084541516,-9.24826168448456,16.311713609223485,-9.228113371469876,-0.2753954267102823,1.955043163835428,10.435212864678697,5.2740921171075765,268.3714570864658,1.8427557247079347,11.154797589216397,3.6586323966012553,566.1604226762256,-0.0171162287392857,0.001740049271953,0.0,0.0319759460869096,-2.6160896802974323,-0.0067057440285819,0.0,-0.7195847245377021,6.066901729913699,6.09664587515601,-5.121767470927688,-4.958981506406984,8.816533033675269,8.806692725129556,1155.0470660911635,1136.4225755847044,0.2869294588350892,0.3490842180893859,-0.0977255073426311,4.345282576897829,4.232688974121789,-9.653994985057782,-9.597067470608152,-0.1627859645207037,2.838363413700581,2.513338441368155,7.585070249628576,503.1842601693209,2.9078370860427007,1.9076773515917795,7.862457889283527,455.85343026887375,0.0426896078581668,0.0233572153560939,0.292707378814529,0.4931852628632376,-6.919143122155085,0.5937783493014223,-7.818166693248084,0.6056610897763754,4.201281513486512,3.833414862637363,0.0457847606964105,1.63148,0.0,-24359.332400000003,-3044.9165500000004
calculation236,True,8,6,1,1,0.75,0.125,0.125,6.875,1.6275000000000002,1.285,57.25625,6.0,0.1365421180442137,0.0371182568644726,0.7356219397587946,0.6695919455357792,0.0850238411358771,1,1,1,3,0.09375,0.09375,0.015625,0.5625,0.015625,0.015625,0.25,0.8571428571428571,0.875,-0.125,-1.125,0.625,-24389.0412,-3048.63015,-7.157464,13,2.578806,5.146302280616249,6.792286589442248,90.6462228571884,90.0,90.0,90.1368428180138,11.267105352251724,1.9956143582015275,2.6338881596530515,2.6338881596530515,-0.001461,-0.001855,0.001754,5.3e-05,0.0,-0.0,0.8341999674360001,0.003609,-1.297383,12.248591,2.540617,-0.162172875,1.531073875,FiM,1.9714205,-0.1462191666666666,1.9899255022580968,0.34557,-0.34557,0.0,0.074498,-0.074498,0.0,0.5295326955499922,0.257836724496512,0.670698,0.3140761247317281,14.921185166666666,0.2093305287525099,0.0788148333333333,0.2093305287525103,17.802191,0.0,0.197809,0.0,13.670698,0.0,-0.670698,0.0,-0.1189941666666666,0.7495128333333334,0.868507,system_247,43.67734519110403,-1.604957015125501,9.518750164552758,793.6924153859,43.604148734308616,-1.7458759015222982,9.550703049391672,805.4302199292969,3.530732976945455,3.909739891174025,-0.0509385520176435,16.875301725796998,-9.36176085091254,17.82405145738529,-9.38149511310625,0.1409188863967971,2.197993331148016,8.985207432692874,7.645133501387528,-341.35783706177983,2.1136869171456296,9.9148151746278,6.234847688627519,6.5542665234813775,0.0013609119532467,-0.0028330700311688,0.0,0.1230871991923133,-12.432582753333364,0.0321911179543311,-11.239684500573048,-0.9296077419349248,6.260502807259568,6.225374536809568,-4.346122951593425,-4.691032224652123,9.118782777834154,9.204625044887567,1170.2482814512057,1222.2228148779195,0.4650271553038961,0.3313563922545454,0.1678472181641114,4.158393243573269,4.482350783812889,-9.413773667706582,-9.5505300624709,0.3449092730586987,3.333196510047558,1.8089722616866808,9.617205914466211,147.76247733859756,3.417642327722245,1.1212905618449018,9.738395750502836,179.54616857030172,0.0402662827168831,0.0478919802181818,-0.0865000879941972,0.7518374746563257,-10.9419492702571,0.8704869131502558,-11.190465088114992,0.687681699841779,4.313910940059939,4.51237953796204,-0.0224860714018306,3.05801,0.0,-24359.8712,-3044.9839
calculation237,True,8,7,1,0,0.875,0.125,0.0,7.375,1.595,1.2675,55.40875,5.375,0.1190588089979065,0.0052184444005219,0.3767701612564367,0.3429509801981277,0.0223826729002463,1,1,0,2,0.109375,0.0,0.0,0.765625,0.015625,0.0,0.375,0.875,1.375,0.375,-0.625,0.125,-25272.78,-3159.0975,-7.493388,5,2.454365,4.914674,6.958473,90.0,90.0,90.0,83.93591151930758,10.491988939913448,2.002421807677342,2.8351418798752426,2.8351418798752426,-0.003034,-0.001043,-0.000144,0.0,0.0,-0.0,2.254262524038,0.0028899999999999,0.0743910000000003,7.406315,1.694994,0.009298875,0.925789375,AFM,1.0522237142857145,0.004806,1.0871319620517883,0.040749,0.040749,0.0,0.0,0.0,0.0,0.4547787731465728,0.3878245873797928,0.169827,0.082938209302826,15.001004714285717,0.0886191120852352,-0.0010047142857142,0.0886191120852353,17.992966,0.0,0.007034,0.0,0.0,0.0,0.0,0.0,-0.0080387142857142,-0.0010047142857142,0.007034,system_248,50.78458574518297,-2.00005024986244,9.537054679448657,790.5361416690844,50.80905687511213,-1.9820057374004365,9.541078488742691,791.475102433318,4.53058209042932,3.0508282047924644,0.1951818761965008,20.56650266120313,-9.650486855866276,20.45785398643456,-9.651513415980853,-0.0180445124620036,2.8299278588665944,4.789866366156714,10.35160417114416,-829.5429889457722,2.8708834858569885,4.570594495433796,10.599601515985563,-840.2414480495833,-0.0152065759594155,-0.005636417166958,0.0,0.5197869790220577,-14.128975127591524,0.5666830475758016,-14.147481731807874,0.2192718707229177,6.1243664755481095,6.146916741605402,-5.268083273786009,-5.192862611249318,9.071232832432525,9.108596341978226,1215.0468749814736,1220.8365374084735,0.2578781907047949,0.1949293810204797,0.1390188981259068,4.306291171493768,4.286914782655861,-10.029778723132384,-10.031345205301738,-0.0752206625366911,0.0,0.0,0.0,0.0,0.0,0.0,0.0,0.0,0.0,0.0,0.0,0.0,0.0,0.0,0.0,0.0,5.314711013986012,3.4948232772227863,0.2065816054066929,2.32261,0.0,-25243.2,-3155.4
calculation238,True,4,4,0,0,1.0,0.0,0.0,7.0,1.55,1.27,54.94,5.0,0.0,0.0,0.0,0.0,0.0,1,0,0,1,0.0,0.0,0.0,1.0,0.0,0.0,0.5,1.0,1.0,0.0,-1.0,0.5,-11835.8014,-2958.95035,-7.724595,3,2.447064,2.447064,6.932249,90.0,90.0,90.0,41.51115427213828,10.37778856803457,1.0,2.8328842237064498,2.8328842237064498,0.002613,0.002613,-0.002329,0.0,0.0,0.0,-1.5471685695659998,0.004942,0.109817,0.109817,0.027461,0.02745425,0.02745425,FM,0.02745425,0.02745425,7.562241731126162e-06,0.0,0.0,0.0,0.0,0.0,0.0,0.0002754488551363,0.0,4.8e-05,3.32490601370926e-05,15.0,3.324906013691841e-05,0.0,3.32490601370926e-05,0.0,0.0,0.0,0.0,0.0,0.0,0.0,0.0,0.0,0.0,0.0,system_250,28.882441760783493,-2.217062408563356,9.685112045296895,833.497967206873,28.889157673108336,-2.192804374423975,9.678165196624862,830.9084112302227,3.000751921236409,3.0832312342134767,-0.0135567950912527,11.719939467185403,-9.940878222348116,11.5847751477514,-9.942219984619689,-0.0242580341393807,1.4988956106517348,4.927604430170345,10.390474082872164,-877.6738823548595,1.4960520619461168,4.9635822598692485,10.378434453844967,-878.8825732164457,-0.0011149293811204,0.0025862809481744,-2.515517305429408,0.2716745933862878,-14.23856886021202,0.2699950451544878,-14.22262211036288,-0.0359778296989032,0.0,0.0,0.0,0.0,0.0,0.0,0.0,0.0,0.0,0.0,0.0,0.0,0.0,0.0,0.0,0.0,0.0,0.0,0.0,0.0,0.0,0.0,0.0,0.0,0.0,0.0,0.0,0.0,0.0,0.0,0.0,0.0,3.1461187500000003,3.1991352197802194,-0.0083552951596128,1.57683,0.0,-11822.0814,-2955.52035
calculation239,True,6,6,0,0,1.0,0.0,0.0,7.0,1.55,1.27,54.94,5.0,0.0,0.0,0.0,0.0,0.0,1,0,0,1,0.0,0.0,0.0,1.0,0.0,0.0,0.5,1.0,1.0,0.0,-1.0,0.5,-17753.7035,-2958.9505833333333,-7.728461,3,2.44678,7.341142,3.465706,90.0,90.0,90.0,62.25156368441586,10.37526061406931,3.0003277777323665,1.4164354784655753,1.4164354784655753,0.002211,0.003639,-0.002952,-0.0,0.0,0.0,-1.5477026284439994,0.006591,-0.003773,0.160539,0.032792,-0.0006288333333333,0.0267565,AFM,0.0267565,-0.0006288333333333,0.0270295132242311,0.0,0.0,0.0,0.0,0.0,0.0,0.1451334091906029,0.045924825940893,0.001896,0.001338524737247,14.999999833333334,0.0013385247372468,1.6666666666665265e-07,0.001338524737247,0.0,0.0,0.0,0.0,0.0,0.0,0.0,0.0,1.6666666666665265e-07,1.6666666666665265e-07,0.0,system_251,43.29898318874272,-2.220748869410732,9.670165331570066,830.4919044932191,43.2987736411219,-2.221293116637024,9.670332148875872,830.5524959364828,4.42989564629007,4.425394145583028,0.0005083403042521,17.478775615953992,-9.94761879599064,17.483217642090906,-9.94761019244114,0.0005442472262924,2.251310125694224,4.956826997295698,10.356141303056772,-875.4230409805141,2.251414523049728,4.956069074374513,10.35643226414501,-875.3987167215319,0.0086933291184337,0.0086430341811833,0.0029011238620914,0.4046162528438477,-14.231510809538888,0.4046755334955206,-14.231828222745284,0.0007579229211849,0.0,0.0,0.0,0.0,0.0,0.0,0.0,0.0,0.0,0.0,0.0,0.0,0.0,0.0,0.0,0.0,0.0,0.0,0.0,0.0,0.0,0.0,0.0,0.0,0.0,0.0,0.0,0.0,0.0,0.0,0.0,0.0,4.582332126373629,4.57808014735265,0.0004641689581127,2.19847,0.0,-17733.123499999998,-2955.520583333333
calculation240,True,4,1,2,1,0.25,0.5,0.25,7.5,1.795,1.295,60.51,7.75,0.1472243186433545,0.0516567110434735,1.039720770839918,0.946394630357186,0.0914459440748936,1,1,1,3,0.125,0.0625,0.125,0.0625,0.25,0.0625,-0.25,0.3333333333333333,1.5,0.5,-0.5,0.0,-14154.5235,-3538.630875,-6.618947,19,2.656953,2.656953,6.621327,90.0,90.0,90.0,46.742590819460645,11.68564770486516,1.0,2.492075320865668,2.492075320865668,0.00052,0.00052,0.002968,-0.0,-0.0,0.0,-2.1405079830240004,0.002448,-3.275605,3.965347,3.043696,-0.81890125,0.99133675,FM,3.043696,-3.043696,0.0,0.28839,-0.28839,0.271262,0.344871,0.344871,0.0,1.211067776862346,0.714232879875464,0.138881,0.0930698272562058,14.971055,0.0,0.028945,0.0,17.9799275,0.1188085000000001,0.0200725,0.1188085,13.06909,0.0,-0.06909,0.0,0.0088724999999999,0.098035,0.0891625,system_252,7.431770536227564,0.0829511493709602,8.964928138358756,636.8118230394721,7.456184267457896,-1.6106886162505452,10.004502483323645,907.6767546675816,0.4979541201434574,0.3176449048899112,0.2210758101950516,1.5422705291394718,-8.383222444549666,4.324682515127847,-8.753920915391724,1.6936397656215054,0.2168173799203015,13.525964754141205,0.0,1860.2341515647984,0.3691756417413251,6.604859459325781,9.814447856634988,-789.0497856560165,0.0044096495623376,-0.0009931407085914,1.5813775120192706,-0.0335622489361829,0.0,0.0274631752512827,-20.11223775494626,6.921105294815424,12.624200653325332,12.58504524565638,-3.567593736432759,-3.830309423203929,8.897432849662884,9.028919666877297,1064.6509684709097,1123.022749442643,0.8465795568090905,0.4407955568173839,0.3152026132062102,8.425911747175725,9.015073356650644,-8.511395938442146,-8.664321622655516,0.2627156867711697,3.020416046096491,2.4070332643906047,7.55160396242894,332.5219812497604,2.9074459063641127,3.468308263620632,6.717738871201642,490.36687087312674,0.0536514193352647,0.0309369742518481,0.2685290986171077,0.6366242097465712,-7.651088173203073,0.3915796136620059,-5.3252131039804205,-1.0612749992300272,1.473998561688313,0.8675644707792248,0.2589868743657214,0.35976,0.0,-14136.9335,-3534.233375
calculation241,True,6,2,3,1,0.3333333333333333,0.5,0.1666666666666666,7.833333333333333,1.7733333333333332,1.2833333333333332,59.27833333333333,7.333333333333333,0.1618298145858447,0.0446874039846369,1.0114042647073516,0.9206198357143048,0.0837012592365915,1,1,1,3,0.1666666666666666,0.0555555555555555,0.0833333333333333,0.1111111111111111,0.25,0.0277777777777777,-0.1666666666666666,0.4,1.833333333333333,0.833333333333333,-0.1666666666666669,0.333333333333333,-21674.1147,-3612.35245,-6.671802,11,2.554029,7.621633,3.47012,90.0,90.0,90.0,67.5489107360739,11.258151789345652,2.9841607123489986,1.3586846508007546,1.3586846508007546,0.000375,-0.002392,0.000812,-0.0,0.0,0.0,0.6435409479900001,0.003204,0.42625,6.008458,2.830877,0.0710416666666666,1.0014096666666668,AFM,2.7059975,0.1248795,2.7059975,0.1962493333333333,0.0614019999999999,0.2120022752535138,0.007715,-0.007715,0.0,1.2097202922799566,0.2293916995911578,0.362324,0.2437014175140007,15.118865,0.0527699999999997,-0.118865,0.05277,17.799982,0.1540723652400603,0.200018,0.1540723652400606,13.362324,0.0,-0.362324,0.0,-0.318883,0.2434589999999999,0.562342,system_253,14.59466283130177,-1.3648324934207652,9.330328886076163,731.8890991576026,14.580971128314156,-1.3088396189468214,9.268557092775708,721.1987021235607,1.1265420422203034,1.2970779668385637,-0.0703641346336639,5.8489966548739245,-8.986944750923884,5.602973076454996,-8.957047970491587,-0.0559928744739437,1.0913217655972236,2.6241468812385293,12.39006630450803,-828.5027722884256,1.0793157420273587,2.6037179350051565,12.45133844922646,-828.285401194363,-0.0055681961015484,0.0037794541784715,0.0,0.3068547738039597,-15.47591991289518,0.3073772026382637,-15.431860167888344,0.0204289462333728,19.026993750605364,19.003680282308988,-3.727313449650086,-3.699354602685797,9.126757009785049,9.07623244318155,1113.4211785696243,1097.801266538877,1.0264777541731491,1.457836433205622,-0.1736329008721735,13.1260442895233,12.949771782619164,-8.793949020627437,-8.754944975023342,-0.0279588469642888,3.192486124282204,3.529993073460995,7.9670682349472015,368.6410210490671,3.1917511942057875,3.721145586147971,7.935241946345863,370.2380218541392,0.0884762933771479,0.0934974883976775,-0.0275929585655523,0.4987119893023682,-7.358408305911851,0.4771190041524173,-7.149892566914375,-0.1911525126869762,2.658490871128869,3.226051985014988,-0.0964494826124932,1.76879,0.0,-21647.5247,-3607.920783333333
calculation242,True,8,2,1,5,0.25,0.125,0.625,4.875,1.7575,1.355,64.64625000000001,8.5,0.1240715519367755,0.0525749330213099,0.9002560512685369,0.8194483718728035,0.1026978993233648,1,1,1,3,0.03125,0.15625,0.078125,0.0625,0.015625,0.390625,-0.25,0.6666666666666666,-1.125,-2.125,-3.125,2.625,-20853.2601,-2606.6575125,-6.364286,9,2.791556,5.320853,7.384266,90.0,90.0,90.0,109.6818931420321,13.710236642754012,1.90605275337482,2.645215070018298,2.645215070018298,-0.003222,-0.005593,0.005719,-0.0,-0.0,-0.0,1.6534462862879995,0.011312,-0.8154680000000001,6.177672,3.401813,-0.1019335,0.772209,FiM,2.990527,-0.411286,2.990527,0.094757,-0.094757,0.0,0.0203722,0.0203722,0.0076216076886704,1.680098397659499,0.6938745113067949,0.716896,0.4603027820346726,14.4395405,0.0910535000000001,0.5604595,0.0910535,17.446057,0.0,0.553943,0.0,13.3349726,0.190961758571291,-0.3349726,0.1909617585712909,0.0065165,0.8954321000000001,0.8889156,system_254,14.738693430014536,-0.4210182184708814,9.654128102596372,766.0308902111763,14.729349293778682,-0.6767076889713767,9.780802418795696,803.1095464853348,0.8491279521608391,1.139312197155245,-0.1459356194825443,5.546281530239542,-8.417620069319428,6.33959053403571,-8.453865821201303,0.2556894705004953,-0.3811663212312738,0.0,0.0,0.0,-0.313346506137466,0.0,0.0,0.0,-0.0027887423706293,-0.00779389896993,0.0,-0.6300445631129056,0.0,-0.5968578027553982,0.0,0.0,6.268055551928062,6.277506547182821,-3.317081968409944,-3.397425587746947,9.316511309153848,9.360265652242925,1209.5690578913811,1225.5936857607649,0.3844623119419579,0.3098249372363635,0.107502153890809,4.365803421148828,4.487610704089186,-8.387554988703192,-8.441495300281796,0.080343619337003,15.125357791833888,1.6180363528190511,8.239937450275619,378.1494190376104,15.16709645866442,1.543359502752673,8.26081614736959,376.2246650224787,0.4882926379146852,0.4103227117965035,0.086766741902685,3.192615630859515,-8.467562482620608,3.253330908705025,-8.562716833500353,0.0746768500663783,1.9884268911088911,2.182624167832168,-0.0465583551913122,1.23717,0.0,-20825.7301,-2603.2162625
calculation243,True,8,8,0,0,1.0,0.0,0.0,7.0,1.55,1.27,54.94,5.0,0.0,0.0,0.0,0.0,0.0,1,0,0,1,0.0,0.0,0.0,1.0,0.0,0.0,0.5,1.0,1.0,0.0,-1.0,0.5,-23671.6035,-2958.9504375,-7.725375,3,2.446817,2.446817,13.868946,90.0,90.0,90.0,83.03217908799563,10.379022385999454,1.0,5.668158264390022,5.668158264390022,0.00291,0.00291,-0.001623,0.0,-0.0,0.0,-2.241445110966,0.004533,0.09966,0.09966,0.012559,0.0124575,0.0124575,NM,0.0124575,0.0124575,8.692956919253658e-05,0.0,0.0,0.0,0.0,0.0,0.0,0.0069780910449557,0.0,0.000569,0.0003968160783032,15.0,0.0003968160783032,2.710505431213761e-20,0.0003968160783032,0.0,0.0,0.0,0.0,0.0,0.0,0.0,0.0,2.710505431213761e-20,2.710505431213761e-20,0.0,system_255,57.76683500855301,-2.210348617083861,9.681391814509013,832.4059376326022,57.77276749733174,-2.199341678422112,9.678372693923318,831.2720443127542,6.098686710298724,6.233636420334915,-0.0109427646848609,23.35794390389695,-9.940063598015078,23.23641414160092,-9.94058883863914,-0.0110069386617492,2.9959781628607494,4.932665116716953,10.385954287958857,-877.7410193450637,2.9935513037528736,4.9489097374850965,10.380755737118614,-878.2880659105898,0.0014212054949162,0.0047316396455302,-0.5380330684503214,0.5425027690324806,-14.235283735676632,0.5410329609921676,-14.228025631879008,-0.0162446207681439,0.0,0.0,0.0,0.0,0.0,0.0,0.0,0.0,0.0,0.0,0.0,0.0,0.0,0.0,0.0,0.0,0.0,0.0,0.0,0.0,0.0,0.0,0.0,0.0,0.0,0.0,0.0,0.0,0.0,0.0,0.0,0.0,6.358947885864136,6.467813307942058,-0.0084873664078576,3.06132,0.0,-23644.1635,-2955.5204375000003
calculation244,True,8,5,2,1,0.625,0.25,0.125,7.25,1.6725,1.2825,57.725,6.375,0.1607599141577277,0.0381489001769608,0.9002560512685369,0.8194483718728035,0.0831987927238649,1,1,1,3,0.15625,0.078125,0.03125,0.390625,0.0625,0.015625,0.125,0.7142857142857143,1.25,0.25,-0.75,0.25,-25990.1947,-3248.7743375,-7.007989,9,5.038945024982908,2.543031,6.93507612278892,90.0,91.19147094543514,90.0,88.84819268959086,11.106024086198858,0.5046752817091165,1.376295253948011,1.376295253948011,-0.004423,0.000894,0.003334,-0.0,-0.001043,0.0,0.1041414812099999,0.007757,-0.8941060000000001,9.241996,2.480382,-0.11176325,1.1552495,AFM,1.7849160000000002,-0.115338,1.871179316073048,0.1305795,-0.1305795,0.0017734999999999,0.056257,-0.056257,0.0,0.8058544621656122,0.5952629147405312,0.674557,0.3506578912401659,14.920472,0.3028844821109197,0.079528,0.3028844821109197,17.8615415,0.0004654999999988,0.1384584999999999,0.0004654999999999,13.674557,0.0,-0.674557,0.0,-0.0589304999999999,0.754085,0.8130154999999999,system_256,36.44905426830574,-1.5884495971568349,9.39402368562956,756.0205184705503,36.456796626005286,-1.669192809608959,9.452366913639008,773.0329643347891,3.089693000432568,3.5557416993026973,-0.0701306565977836,14.212392642840594,-9.220568396466309,14.891581521510858,-9.227664921097878,0.0807432124521241,1.976966598403496,7.577520288076095,9.515345365121895,-851.6170622644806,1.8902760600183892,9.024759468949023,7.943166549260534,-470.93950129571954,-0.0001483943351648,-0.0197801538856143,0.0,0.2331222819789798,-14.08955322021648,0.0974274644961354,-15.137880445780194,-1.4472391808729297,12.423053767007968,12.40842584954342,-4.554193679372958,-4.627962475708217,9.054993107845394,9.139398383830214,1163.8521328821248,1196.9333137522076,0.7272534834960039,0.6945797338636364,0.022980015682179,8.531821207660455,8.734326495661504,-9.465043052335846,-9.5005076581622,0.0737687963352593,3.393157942040088,1.8472295520512445,9.559393526348876,136.0714737413925,3.4516212257286227,1.3439147605521973,9.716871436717897,152.9803527983613,0.0562798186938061,0.0489110010704295,0.0700519079506402,0.7597967900612682,-10.895892763983683,0.848984173524247,-11.1507930618222,0.5033147914990472,4.20509227747253,4.532791725274723,-0.0375032957291676,3.00853,0.0,-25958.8847,-3244.8605875
calculation245,True,8,3,4,1,0.375,0.5,0.125,8.0,1.7625,1.2775,58.6625,7.125,0.1676119029186172,0.0398660445938617,0.9743147528693494,0.8868595071429147,0.0771449538388907,1,1,1,3,0.1875,0.046875,0.0625,0.140625,0.25,0.015625,-0.125,0.4285714285714285,2.0,1.0,0.0,0.5,-29192.5032,-3649.0629,-6.816739,11,2.490335,2.490335,13.967286,90.0,90.0,90.0,86.62187311931245,10.827734139914057,1.0,5.608597236917925,5.608597236917925,-0.000793,-0.000793,0.001342,-0.0,-0.0,0.0,0.1303103662319999,0.002135,1.8011859999999995,3.803062,1.695099,0.2251482499999999,0.4753827499999999,FiM,1.1254436666666667,0.6021876666666667,1.0335945840777654,0.07559075,0.02974775,0.0850048673205687,0.124368,-0.124368,0.0,1.1836294839275174,0.6427931097981389,0.154355,0.0886890237233447,15.106270666666669,0.036314160271473,-0.1062706666666666,0.0363141602714729,17.923849,0.0205648880011537,0.076151,0.0205648880011538,12.985792,0.0,0.014208,0.0,-0.1824216666666666,-0.1204786666666666,0.061943,system_258,22.128152594851123,-1.552200881161381,9.509973096169878,756.6915777082236,22.16182822186234,-1.1590561034406324,9.34450257181456,706.484023078417,3.64042728662927,0.8865491464800689,0.6083261489960329,9.704465502066537,-9.01144295530296,8.035842758233901,-8.967280375398692,-0.3931447777207486,1.3720353539331889,5.278682425183421,10.588021483836965,-670.0734941514917,1.2929779005491553,5.748745399116688,10.35681178535472,-642.0247793119263,-0.0074475888145354,-0.0044439442140359,0.0,0.2735997401092178,-12.848762066723792,0.2510142973830293,-12.279238620027185,-0.4700629739332669,25.0559818886301,25.07652797469685,-4.214172501355225,-4.169197720950714,8.884531409919484,8.873247743545631,1087.0911677196095,1080.4879114951257,2.3859492434458045,0.9864739972841652,0.4149761599492237,17.431013592479463,17.28826300908192,-9.000187149694668,-8.982823632145966,-0.0449747804045115,2.934900230767048,3.828154423270953,7.548983600620505,503.1218803067454,2.975097700865033,3.2990664314351035,7.903358714447519,431.0458477075563,0.0483911797845654,0.0174958201526473,0.468914348222865,0.4117774989971049,-6.320208941109267,0.5260317200362704,-7.4189910259827965,0.5290879918358491,6.401994237512487,2.015944281968032,0.521036111797966,1.822,0.0,-29156.9132,-3644.61415
calculation246,True,8,7,0,1,0.875,0.0,0.125,6.5,1.5825,1.2875,56.7875,5.625,0.0859869176095992,0.0359616683057322,0.3767701612564367,0.3429509801981277,0.0860757305250598,1,0,1,2,0.0,0.109375,0.0,0.765625,0.0,0.015625,0.375,1.0,0.5,-0.5,-1.5,1.0,-22787.8057,-2848.4757125,-7.388083,14,5.168806000000097,2.578077,6.753414000000075,90.0,89.99998043111154,90.0,89.99315762557866,11.249144703197333,0.4987761196686336,1.306571382249585,1.306571382249585,-5.7e-05,-0.000334,0.000361,0.0,0.0,-0.0,0.0160217663399999,0.000695,0.533164,12.488276,2.497031,0.0666455,1.5610345,AFM,1.7610048571428571,0.0992008571428572,1.783891525603459,0.0,0.0,0.0,0.161242,-0.161242,0.0,0.384102691034138,0.0818901749729676,0.653345,0.2929742893847513,14.906665,0.1685364858014004,0.093335,0.1685364858014006,0.0,0.0,0.0,0.0,13.653345,0.0,-0.653345,0.0,0.093335,0.74668,0.653345,system_259,50.675794394048886,-1.926928485788559,9.579754430565847,824.1024124736448,50.66502040829606,-1.88515154356678,9.5521496724248,813.2505715637653,2.686193982044553,3.190688133601002,-0.0858438440024811,20.63595955100288,-9.55927515866991,19.987325601994264,-9.585660391713926,-0.041776942221779,2.3209110251690057,10.646456777359097,4.087160211715793,608.9586037861078,2.204272372042445,11.720772208880522,0.0,1166.5603520938766,0.0004513450417582,0.0128163358514485,-0.9319632352645248,-0.0279475741581585,0.0,-0.0927459855658375,0.0,-1.0743154315214252,0.0,0.0,0.0,0.0,0.0,0.0,0.0,0.0,0.0,0.0,0.0,0.0,0.0,0.0,0.0,0.0,3.252691603254973,1.327804184768192,9.746307604655044,178.0179847330836,3.38646190204119,0.3066277202566052,9.934433477615253,238.2886828960258,0.0173698556015984,0.0279570821291708,-0.2335747142341253,0.7810042901873273,-11.246007725100664,0.9716236830477534,-11.589531700126638,1.0211764645115868,2.9299978269230764,3.39187151923077,-0.0730596706476846,2.45277,0.0,-22760.7757,-2845.0969625
calculation247,True,2,1,0,1,0.5,0.0,0.5,5.0,1.6800000000000002,1.34,62.33,7.5,0.13,0.0522388059701492,0.6931471805599453,0.6309297535714574,0.1185624899727257,1,0,1,2,0.0,0.25,0.0,0.25,0.0,0.25,0.0,1.0,-1.0,-2.0,-3.0,2.5,-5034.144,-2517.072,-6.799272,8,2.68339,2.683393,3.579244,90.0,90.0,90.0,25.77266834733025,12.886334173665125,1.0000011179888126,1.33385158325849,1.33385158325849,0.003502,0.003503,0.002242,-0.0,0.0,-0.0,-4.938442444865999,0.001261,-2.340029,3.120669,2.730349,-1.1700145,1.5603345,FM,2.730349,-2.730349,0.0,0.0,0.0,0.0,0.39032,0.39032,0.0,0.7498485100470444,0.8570439163638055,0.539482,0.539482,14.460518,0.0,0.539482,0.0,0.0,0.0,0.0,0.0,13.539482,0.0,-0.539482,0.0,0.539482,1.078964,0.539482,system_261,7.284774678221442,-0.3795846489976724,9.04154959392956,683.4010420410873,7.340808766826351,-1.772145771888686,10.05586499487364,952.158943986804,0.3922010936363648,0.2187652213636371,0.2838714148630715,1.7360327086469325,-8.471426360406774,4.1861147786471,-8.92533432948778,1.3925611228910135,-0.2476062995970799,0.0,0.0,0.0,-0.0861193649649886,0.0,0.0,0.0,-0.0033133447363636,-0.0008684843363636,0.0,-0.3386137805750404,0.0,-0.2681311000652358,0.0,0.0,0.0,0.0,0.0,0.0,0.0,0.0,0.0,0.0,0.0,0.0,0.0,0.0,0.0,0.0,0.0,0.0,3.2281723091653194,0.3225951210872904,9.37806477588117,350.007408477334,3.037168319399962,1.460755868684649,8.972270404717708,339.97474321343753,0.0383228385727274,0.041626025009091,-0.0413162400111315,0.9783241677452844,-10.257238546931598,0.6728135929143099,-9.714481194040363,-1.1381607475973583,0.4764905714285725,0.3564621693306702,0.1440998945372283,0.02799,0.0,-5027.694,-2513.847
calculation248,True,8,6,1,1,0.75,0.125,0.125,6.875,1.6275000000000002,1.285,57.25625,6.0,0.1365421180442137,0.0371182568644726,0.7356219397587946,0.6695919455357792,0.0850238411358771,1,1,1,3,0.09375,0.09375,0.015625,0.5625,0.015625,0.015625,0.25,0.8571428571428571,0.875,-0.125,-1.125,0.625,-24389.164,-3048.6455,-7.172764,12,2.573202,10.273308,3.406449,90.0,90.0,90.0,90.0504899819025,11.256311247737813,3.992421893034437,1.3238171740889364,1.3238171740889364,-0.001264,0.003614,-0.000575,-0.0,-0.0,-0.0,-0.94795450845,0.004878,0.4441420000000002,11.912534,2.549327,0.05551775,1.48906675,AFM,1.938479833333333,0.0270811666666666,1.96844611672468,0.251893,0.251893,0.0,0.029762,0.029762,0.0,0.5608071179605284,0.3535270158187826,0.375238,0.201187035417567,14.991391166666666,0.1139114802473345,0.0086088333333333,0.1139114802473345,17.676416,0.0,0.323584,0.0,13.375238,0.0,-0.375238,0.0,-0.3149751666666666,0.3838468333333333,0.698822,system_262,43.374376210408975,-1.7413379071707018,9.446927193908683,776.5214567353183,43.41191696651888,-1.698958797465603,9.446506661760727,774.9565847833475,3.671565545850548,2.4753550806263718,0.1946032066969732,17.534244792765286,-9.328927035068276,17.318575481983856,-9.327246340270849,-0.0423791097050987,2.4644837808123268,6.545107615311323,10.231825005898347,-1032.3437715205998,2.525506213027596,6.2940483152443365,10.427038437315552,-1013.7583313647092,0.0009484289648351,0.0026620039802197,-0.4746175989036518,0.3385299225164573,-15.17798830559488,0.3769924146998659,-14.80752074698873,0.251059300066986,6.336038900624327,6.365959803403114,-4.37432784342992,-4.107075304993013,9.378827981953416,9.31728920718776,1219.6877065273136,1178.7876890935536,0.3233179354505491,0.2963378801076926,0.0435403891409467,4.480608135845877,4.240548338977743,-9.506561667460211,-9.401686160745529,-0.2672525384369066,3.1228862856431063,2.388159434573612,8.4665949563027,367.4162879871207,3.0758292214491623,2.846637119303536,8.366893646574965,365.7418744268375,0.0912460462175824,0.0547213397296703,0.2502251187885956,0.6197487856107963,-8.594100096210717,0.5481541964673647,-8.237961883032048,-0.4584776847299245,4.415383498001996,3.0265448361638345,0.1866234931962479,2.81553,0.0,-24359.994,-3044.9992500000003
calculation249,True,4,3,1,0,0.75,0.25,0.0,7.75,1.64,1.265,55.8775,5.75,0.1558845726811989,0.0068460506228018,0.5623351446188083,0.5118595071429147,0.0290599549388541,1,1,0,2,0.1875,0.0,0.0,0.5625,0.0625,0.0,0.25,0.75,1.75,0.75,-0.25,0.25,-13436.9963,-3359.249075,-7.243506,7,2.451232,4.920376,3.479074,90.0,90.0,90.0,41.96105272889377,10.490263182223442,2.007307345857104,1.4193164906463362,1.4193164906463362,-0.000896,0.003854,-0.004045,0.0,-0.0,0.0,0.5805220003860001,0.007899,0.59834,3.638004,1.519832,0.149585,0.909501,FiM,1.191035,0.1778136666666666,1.2022897473638468,0.064899,0.064899,0.0,0.0,0.0,0.0,0.5835659927968634,0.5354372500820267,0.108907,0.1014701377031686,15.031232,0.09912870673019,-0.031232,0.0991287067301899,17.906304,0.0,0.093696,0.0,0.0,0.0,0.0,0.0,-0.124928,-0.031232,0.093696,system_263,21.92160151423705,-1.8967657877554036,9.488602791854424,770.9301172913472,21.942284999484137,-1.7553367006365628,9.44204893294729,757.0906138674815,2.2319797840942703,0.3985006528382296,0.6970130267891779,9.076713221419242,-9.47338346246934,8.533819731688427,-9.457945610351633,-0.1414290871188406,1.2977420557688393,4.12006653906392,10.6896320193468,-793.428572863815,1.3132597146410991,3.756895575839686,11.027450557588084,-787.1081213088996,-0.0008465971742078,5.13867280800993e-05,0.0,0.2749601820112963,-14.081288891008152,0.3079385605427332,-14.08937016748031,0.3631709632242343,6.11245188146752,6.141876957529181,-5.07655265304204,-4.951884257277819,9.039055377532506,9.05806322693633,1208.7805259107197,1202.1449882904994,0.3850046244265623,0.2455224984073216,0.221215108705146,4.326186325527777,4.257543424400796,-9.789252818316626,-9.774388404243732,-0.1246683957642202,0.0,0.0,0.0,0.0,0.0,0.0,0.0,0.0,0.0,0.0,0.0,0.0,0.0,0.0,0.0,0.0,2.887885350649348,0.7419139090909089,0.5912093997484592,0.72783,0.0,-13421.1363,-3355.284075
calculation250,True,8,2,3,3,0.25,0.375,0.375,6.625,1.7825,1.315,61.88875,8.0,0.1410452055193652,0.0562686258058887,1.0821955300387671,0.9850568223215076,0.1007857548224191,1,1,1,3,0.09375,0.09375,0.140625,0.0625,0.140625,0.140625,-0.25,0.4,0.625,-0.375,-1.375,0.875,-25824.731,-3228.091375,-6.593952,9,5.271725309787015,5.271724309928393,3.487547,90.0,90.0,88.0730750074427,96.86789892881232,12.10848736610154,0.9999998103355991,0.661557041586619,1.511585452407384,0.001331,0.001331,0.003285,0.0,0.0,0.003612,-3.176048147466,0.001954,5.785432,7.801725999999999,3.001814,0.723179,0.97521575,FM,3.0018135,3.0018135,5.00000000069889e-07,0.2633173333333333,0.2633173333333333,0.2060556300829678,0.336049,-0.336049,0.0091655190069448,1.207195210081781,0.7526716035833247,1.145175,0.4911848754070196,14.8511525,2.499999999905356e-06,0.1488475,2.5000000000025e-06,17.624781666666667,0.1943421705777945,0.3752183333333332,0.1943421705777953,13.474449666666668,0.4742745367754373,-0.4744496666666666,0.4742745367754373,-0.2263708333333332,0.6232971666666667,0.8496679999999999,system_264,14.989909060204972,-1.7561467491599974,10.013237626158812,896.5556174838429,14.92226347714083,-0.0064935416005889,9.043921876898535,640.5045586091151,0.3567350994430053,1.4237802145853122,-0.5992900520064476,8.700647914193603,-8.94958699381008,3.0678170098831017,-8.421777730228172,-1.7496532075594085,0.1740929612106141,56.90230898804597,0.0,404923.4639861831,0.0086916587222857,1029.7536270365997,0.0,2190606392.645525,-0.0095596825150349,0.0015354693681818,0.0,-0.317963809030947,0.0,-0.2745731625056211,0.0,-972.8513180485536,18.86285404911152,19.03955799870416,-3.7524621065305994,-3.4933944695318844,9.243744107263424,9.178229239386804,1184.1647991186856,1134.510544411649,0.3097824880349635,1.2000245663944031,-0.5896396335860993,13.445312861643318,12.748191337191718,-8.741887356248613,-8.64641477032909,-0.2590676369987141,8.7067193213444,3.259951171865911,7.723986125395801,442.5129200195936,9.197425482275786,1.9968429790697344,8.547190679660051,323.57725453451184,0.1021746847447548,0.1447121304426571,-0.1722953316304561,1.2118527919823352,-6.656265720527125,2.0469440083115864,-8.789047379782929,1.2631081927961765,0.8744865409590388,3.037546652347649,-0.5529247847614146,0.63384,0.0,-25792.101,-3224.012625
calculation251,True,8,7,0,1,0.875,0.0,0.125,6.5,1.5825,1.2875,56.7875,5.625,0.0859869176095992,0.0359616683057322,0.3767701612564367,0.3429509801981277,0.0860757305250598,1,0,1,2,0.0,0.109375,0.0,0.765625,0.0,0.015625,0.375,1.0,0.5,-0.5,-1.5,1.0,-22787.8792,-2848.4849,-7.363189,15,5.145901000000097,5.147067000000097,3.418796,90.0,90.0,89.99997773401014,90.55124699863596,11.318905874829497,1.0002265881135295,0.6643726725407145,1.5051793087391283,0.000642,0.001555,0.002751,-0.0,0.0,0.0,-2.642523328344,0.0021089999999999,-0.4105629999999989,13.434133,2.50643,-0.0513203749999998,1.679266625,AFM,1.9080744285714284,-0.0475644285714285,1.9454891909934968,0.0,0.0,0.0,0.077612,-0.077612,0.0,0.4188042150152961,0.0593097891062396,0.639389,0.2647498855051688,14.908658714285716,0.1155849151968422,0.0913412857142857,0.1155849151968422,0.0,0.0,0.0,0.0,13.639389,0.0,-0.639389,0.0,0.0913412857142857,0.7307302857142857,0.639389,system_265,50.66641145601472,-1.851478747879267,9.506894093716616,803.0064548628964,50.72065796834791,-1.874073789017364,9.550237250310076,808.742079046778,2.462044414035673,3.376514768918719,-0.1566260315649161,20.25116702717772,-9.47594609528383,20.43433958341832,-9.533818234412792,0.0225950411380968,2.2486574803139057,10.509935364456592,4.595844849155394,302.95316632668295,2.194208046060001,11.36662835964654,2.1367983606719587,694.0649579388637,0.0094233684182607,-0.0002762953182684,1.0604117437890972,-0.0202317216187161,0.0,-0.0669691757581171,0.0,-0.8566929951899471,0.0,0.0,0.0,0.0,0.0,0.0,0.0,0.0,0.0,0.0,0.0,0.0,0.0,0.0,0.0,0.0,2.8276471909162284,2.5560103864609385,7.797606318908698,515.2880426223417,2.9403559250415827,1.7419473417356144,8.340483991178841,465.6599681457236,0.0418502792513754,0.0065147732270149,0.7305999727830026,0.4950721971555871,-7.09517663483987,0.6279921016406753,-8.463038496798381,0.8140630447253241,2.698701315434557,3.620283070929087,-0.1458433348060333,1.92314,0.0,-22760.8492,-2845.10615
calculation252,True,8,2,5,1,0.25,0.625,0.125,8.375,1.8075,1.275,59.13125,7.5,0.1521307003862139,0.0405650213050533,0.9002560512685369,0.8194483718728035,0.0727953254948233,1,1,1,3,0.15625,0.03125,0.078125,0.0625,0.390625,0.015625,-0.25,0.2857142857142857,2.375,1.375,0.375,0.875,-30794.4604,-3849.30755,-6.650314,8,10.083713,2.539587,3.439952,90.0,90.0,90.0,88.0918953696772,11.01148692120965,0.2518503848731117,0.3411394195768959,2.9313528212021565,-0.001511,2.7e-05,-0.000503,0.0,0.0,-0.0,1.061174990586,0.0015379999999999,-0.2329750000000002,6.314185,2.770352,-0.029121875,0.789273125,AFM,2.7590965,0.0112554999999998,2.7590965,0.1539375999999999,-0.0458363999999999,0.1955768643920849,0.026304,-0.026304,0.0,1.4476634618722275,0.5701559393607522,0.246025,0.155184852276245,15.0400955,0.0036614999999997,-0.0400955,0.0036614999999999,17.9387448,0.1546228771836816,0.0612551999999999,0.1546228771836819,13.226085,0.0,-0.226085,0.0,-0.1013506999999999,0.1859895,0.2873402,system_266,14.770309753030014,-1.2242297960419324,9.343741539541332,720.3459780675562,14.785187922668888,-1.202905556963724,9.36052641000188,720.4913221561189,1.0918920623118085,1.0217360620252942,0.03319221554573,5.777941765004657,-8.972062325392626,5.762546502999025,-8.99018831218112,-0.0213242390782082,1.1093751775280838,3.9872574362521513,11.45458991427202,-739.22040658498,1.1079384586517422,4.090235003306924,11.43730870998916,-744.7890637125113,-0.0055241253484381,-0.0034131469468108,0.0,0.2758519038694387,-13.809302316664263,0.2722582279050176,-13.779824170067304,-0.102977567054773,31.75359904289104,31.751122631316186,-3.5795690897118217,-3.620510745840177,9.059309011807034,9.082557704019813,1090.5921999800846,1100.4037797650772,2.855853240781689,2.152183834654481,0.1405080265037618,21.618871802103488,21.88506886337876,-8.625127811342002,-8.650901098145322,0.0409416561283553,3.1801041848781324,4.081023162430413,7.511919762209083,450.7168075361888,3.187274248710456,4.011987179045744,7.542661774554453,444.0090138868927,0.0511121999971529,0.0791768488775502,-0.2154029760965301,0.4229214841016849,-6.041834384466705,0.4394136517543899,-6.179089253252458,0.0690359833846692,4.372024390609392,3.6219252647352658,0.0938333562524526,2.43385,0.0,-30756.7304,-3844.5913
calculation253,True,6,3,2,1,0.5,0.3333333333333333,0.1666666666666666,7.333333333333333,1.7133333333333334,1.2866666666666666,58.65333333333333,6.833333333333333,0.1666999966673331,0.0434276026275652,1.0114042647073516,0.9206198357143048,0.0890926932314337,1,1,1,3,0.1666666666666666,0.0833333333333333,0.0555555555555555,0.25,0.1111111111111111,0.0277777777777777,0.0,0.6000000000000001,1.333333333333333,0.333333333333333,-0.666666666666667,0.1666666666666669,-20072.2833,-3345.38055,-6.690296,13,2.605552,2.605552,10.295085000000048,90.00000556535275,90.0,90.0,69.89231516493177,11.648719194155296,1.0,3.95121072233448,3.95121072233448,-0.000482,-0.000482,-0.000858,-0.0,-0.0,-0.0,0.973055275716,0.000376,-2.818105,9.550475,2.867975,-0.4696841666666667,1.5917458333333332,FiM,2.775752,-0.918826,2.620473701119831,0.513646,-0.1287769999999999,0.513646,0.195927,0.195927,0.0,0.7491037898780486,0.4556877183961296,0.198995,0.1091851794307878,15.068230333333332,0.0540324751998486,-0.0682303333333333,0.0540324751998483,17.865188,0.0641829999999998,0.134812,0.064183,13.064933,0.0,-0.064933,0.0,-0.2030423333333333,-0.0032973333333333,0.199745,system_267,21.834999694476387,-1.0640585458767424,9.05433943097459,678.3974965100516,21.82015984962307,-1.624063342124106,9.334606059786475,761.9576918256818,1.1734735639395852,1.7413327170902346,-0.1948188313049816,7.424851805877797,-8.813894869751318,9.96248075377748,-8.845126691089451,0.5600047962473635,1.3968167577567785,5.159209822910066,10.9662975240661,-880.6088658334464,1.5183272268617372,4.453977107524263,10.889678828892288,-763.892211770986,0.0133436349388611,0.0029033427186813,0.642599038433037,0.2857344430262192,-13.71330669114452,0.3201142374269906,-13.760149362346551,0.7052327153858036,12.560622987475522,12.518559423861364,-3.980385624562917,-4.14909343588675,8.964053431142794,9.03421834032508,1100.990705216523,1136.9100872084427,0.4707270204026723,0.6473613743896104,-0.1579788814637978,8.521905523204524,8.820384137822359,-8.93030618998271,-9.012627079965466,0.1687078113238338,2.9975187523141664,2.802902346939084,7.683681044648832,397.0009453463151,2.925771987154285,3.489195503633895,7.288557916348443,461.642100928938,0.0361822659003995,0.0570868570160089,-0.2241319577363765,0.5786701392451287,-7.3469923757613955,0.4096727426750364,-6.149509649642713,-0.686293156694811,1.9252217252747248,2.7225265869130864,-0.1715464797324728,1.87083,0.0,-20047.8333,-3341.30555
calculation254,True,8,7,1,0,0.875,0.125,0.0,7.375,1.595,1.2675,55.40875,5.375,0.1190588089979065,0.0052184444005219,0.3767701612564367,0.3429509801981277,0.0223826729002463,1,1,0,2,0.109375,0.0,0.0,0.765625,0.015625,0.0,0.375,0.875,1.375,0.375,-0.625,0.125,-25272.7876,-3159.09845,-7.498703,9,9.862755,2.446857,3.47203,90.0,90.0,90.0,83.78963584004686,10.473704480005855,0.2480906197102128,0.3520344974603952,2.840630697315403,0.000591,-0.000258,-0.001884,-0.0,0.0,0.0,0.828325319778,0.002475,0.3283929999999997,5.488189,1.743185,0.0410491249999999,0.686023625,AFM,0.7771711428571428,0.0400574285714285,0.9427048850725628,0.047991,0.047991,0.0,0.0,0.0,0.0,0.8098558879797344,0.1536014129290066,0.092729,0.0544289747800688,15.01324714285714,0.0445181044501753,-0.0132471428571428,0.0445181044501754,17.907271,0.0,0.092729,0.0,0.0,0.0,0.0,0.0,-0.1059761428571428,-0.0132471428571428,0.092729,system_268,50.913953224988646,-1.9641573900981275,9.626758295550808,811.7588747492248,50.923411214426125,-1.9327110678109705,9.617283810736993,808.3747470514927,3.3744633420169827,4.277009909970155,-0.1179572270894072,20.692506116582827,-9.67364079933788,20.35645176756468,-9.67826240339013,-0.031446322287157,2.916118214465876,4.907800944431001,10.697907581280198,-868.9929020549187,2.9194829877682964,4.833217667469596,10.764557938150622,-872.2627823513284,0.0012778795425824,0.003328740172952,-0.4451985961536419,0.5614362782119813,-14.14188427858994,0.5744422986005944,-14.14589852444362,0.0745832769614054,6.178023462633107,6.186371513852361,-5.016407755063755,-4.9617346658978025,9.262289248736154,9.247382524379727,1260.5353894346426,1250.6904022748538,0.2908096612488761,0.389999841506868,-0.145694470856378,4.326051779453406,4.275331861142679,-9.951141928331472,-9.937354542277507,-0.0546730891659521,0.0,0.0,0.0,0.0,0.0,0.0,0.0,0.0,0.0,0.0,0.0,0.0,0.0,0.0,0.0,0.0,3.874263597152848,4.911590237262738,-0.118067823533157,3.56626,0.0,-25243.2076,-3155.40095
calculation255,True,4,2,2,0,0.5,0.5,0.0,8.5,1.73,1.26,56.815,6.5,0.1799999999999999,0.0079365079365079,0.6931471805599453,0.6309297535714574,0.0330018481034937,1,1,0,2,0.25,0.0,0.0,0.25,0.25,0.0,0.0,0.5,2.5,1.5,0.5,1.0,-15038.3539,-3759.588475,-6.727713,9,5.041454,2.518428,3.432582,90.0,90.0,90.0,43.58191093956692,10.89547773489173,0.4995439807642795,0.6808714311387152,1.4687060644144845,-0.000154,-0.002159,0.002177,-0.0,-0.0,-0.0,0.0726320074079999,0.004336,-0.0014379999999998,6.01366,2.764137,-0.0003594999999999,1.503415,AFM,2.763503,-0.000634,2.763503,0.243327,-8.499999999998786e-05,0.243327,0.0,0.0,0.0,0.8381505314108438,0.0004781301983775,0.019158,0.0187824062489341,14.981219500000002,0.0003774999999999,0.0187805,0.0003775,18.0187805,2.649999999881913e-05,-0.0187805,2.650000000000048e-05,0.0,0.0,0.0,0.0,0.037561,0.0187805,-0.0187805,system_269,14.88407813217107,-1.3447268758513586,9.280528630012194,696.6992337988723,14.884178762867656,-1.3450295465235054,9.280822913259769,696.7692993029035,0.7567520729940582,0.7609696427498275,-0.0027788821310381,5.807504263548688,-9.094564678383213,5.808534861185806,-9.094683405334838,0.0003026706721467,1.0538023230272189,4.9691633208915365,10.304907861372088,-691.8174869532803,1.0539449318224894,4.969182162588273,10.305860322110838,-691.9568452371739,0.0048855892697552,0.0049828304230769,-0.0098537715610442,0.2085156655059958,-13.043378206370466,0.2086072088453778,-13.042758596006855,-1.884169673616043e-05,12.392898959442917,12.393020038091084,-4.209319362635288,-4.209161212261988,8.686037820535235,8.686529337130406,1044.4947943614416,1044.6456829381546,0.659558081408917,0.6617769994312945,-0.0016793000159857,8.655003536714721,8.65511212589384,-8.835009984170375,-8.835188851432266,-0.0001581503732994,0.0,0.0,0.0,0.0,0.0,0.0,0.0,0.0,0.0,0.0,0.0,0.0,0.0,0.0,0.0,0.0,1.5559805012487538,1.5630412792207815,-0.0022637796299598,1.01881,0.0,-15020.3539,-3755.088475
calculation256,True,2,1,1,0,0.5,0.5,0.0,8.5,1.73,1.26,56.815,6.5,0.1799999999999999,0.0079365079365079,0.6931471805599453,0.6309297535714574,0.0330018481034937,1,1,0,2,0.25,0.0,0.0,0.25,0.25,0.0,0.0,0.5,2.5,1.5,0.5,1.0,-7518.9888,-3759.4944,-6.823464,10,2.426969,2.426969,3.563072,90.0,90.0,90.0,20.987130184415985,10.493565092207993,1.0,1.4681159915928057,1.4681159915928057,0.000781,0.000781,-0.001858,0.0,-0.0,-0.0,0.158081427888,0.002639,1.710782,1.710782,1.418128,0.855391,0.855391,FM,1.418128,1.418128,0.0,0.292654,0.292654,0.0,0.0,0.0,0.0,0.6578710788399691,0.0,0.236467,0.236467,15.236467,0.0,-0.236467,0.0,17.763533,0.0,0.236467,0.0,0.0,0.0,0.0,0.0,-0.472934,-0.236467,0.236467,system_270,7.550692173560629,-1.7444852041564032,9.599109333283176,775.0111864454142,7.552227602600676,-0.8299070745957297,9.146297222255075,654.23862062009,1.668652316654546,0.1647604615153839,0.8202691030878011,3.665799603017493,-9.0281162164587,2.245722045762111,-8.95511134878337,-0.9145781295606736,0.5872704746734448,1.6611895895555917,11.73390550206245,-339.0840040288052,0.5665976029163414,0.5196561568629854,12.019206854660448,-124.29562431640151,0.0092191393755244,-0.001192126520979,1.297028681174706,0.1909430904976193,-13.694564449329745,0.2169942026257337,-13.666333026858124,1.141533432692606,6.095150568807416,6.115155034471568,-4.871081656839438,-4.596703840646538,8.985548738029733,8.778829759601967,1192.736249732052,1105.5051056272248,0.4011555055342657,0.2084922612111876,0.3160238662918302,4.462007436306034,4.140463392170507,-9.442876717867511,-9.309052977806846,-0.2743778161929002,0.0,0.0,0.0,0.0,0.0,0.0,0.0,0.0,0.0,0.0,0.0,0.0,0.0,0.0,0.0,0.0,2.148661961538462,0.4342834670329655,0.6637300484717105,0.2001,0.0,-7509.9888,-3754.9944
calculation257,True,4,0,1,3,0.0,0.25,0.75,4.75,1.835,1.37,66.9625,9.5,0.0433012701892218,0.0505708264983613,0.5623351446188083,0.5118595071429147,0.0713254448664727,0,1,1,2,0.0,0.0,0.1875,0.0,0.0625,0.5625,-0.5,0.0,-1.25,-2.25,-3.25,2.75,-10785.3322,-2696.33305,-6.103346,27,2.812715,6.145665,3.402317,90.0,90.0,90.0,58.8124657151853,14.703116428796326,2.184958305409542,1.209620242363695,1.209620242363695,-0.002477,-0.000624,-0.003342,0.0,-0.0,-0.0,3.440941350954,0.002718,0.0,0.0,0.0,0.0,0.0,NM,0.0,0.0,0.0,0.0,0.0,0.0,0.0,0.0,0.0,0.0,0.0,0.626625,0.3621179848357438,0.0,0.0,0.0,0.0,17.373375,0.0,0.626625,0.0,13.208875,0.0180051128479296,-0.208875,0.0180051128479292,-0.626625,0.208875,0.8355,system_271,0.0,0.0,0.0,0.0,0.0,0.0,0.0,0.0,0.0,0.0,0.0,0.0,0.0,0.0,0.0,0.0,0.0,0.0,0.0,0.0,0.0,0.0,0.0,0.0,0.0,0.0,0.0,0.0,0.0,0.0,0.0,0.0,6.581927535404994,6.5819275354049935,-2.1512560045055,-2.151256004503066,9.84665235188596,9.846652351891038,1193.699975384704,1193.6999753870757,0.3893826634470283,0.3893826634470283,0.0,4.368580144774383,4.368580144774383,-8.03862639624977,-8.03862639624977,-2.4340529591881928e-12,9.241239406150893,2.066252403809536,7.945978154080405,391.925340946114,9.24123940254729,2.066252403386134,7.945978151892753,391.9253411148694,0.3191083184122379,0.3191083184122379,0.0,1.5787507892419828,-7.759092947116224,1.5787507880407814,-7.759092943997148,4.234022021876172e-10,0.8930914475524476,0.8930914475524476,0.0,0.79203,0.0,-10770.702200000002,-2692.6755500000004
calculation258,True,8,7,0,1,0.875,0.0,0.125,6.5,1.5825,1.2875,56.7875,5.625,0.0859869176095992,0.0359616683057322,0.3767701612564367,0.3429509801981277,0.0860757305250598,1,0,1,2,0.0,0.109375,0.0,0.765625,0.0,0.015625,0.375,1.0,0.5,-0.5,-1.5,1.0,-22787.8244,-2848.47805,-7.355977,17,10.262029,2.579714,3.413327,90.0,90.0,90.0,90.36134659309724,11.295168324137157,0.2513843997127664,0.3326171656696741,3.0064593869851906,-0.002936,-0.001222,0.000778,-0.0,-0.0,0.0,1.80511900764,0.003714,2.156683,13.642671,2.136629,0.269585375,1.705333875,FiM,1.919938428571429,0.3371121428571428,1.9022884278199867,0.0,0.0,0.0,0.203102,-0.203102,0.0,0.3532005814147273,0.2730090103683986,0.351161,0.1729941964850266,14.949834142857142,0.1186143785904903,0.0501658571428571,0.1186143785904903,0.0,0.0,0.0,0.0,13.351161,0.0,-0.351161,0.0,0.0501658571428571,0.4013268571428571,0.351161,system_272,50.507914726970576,-2.02628758532039,9.509545885094358,806.112006141869,50.54185555428957,-1.8177894401584165,9.40829713112034,774.2056561247916,2.8363821394059485,4.242391275284577,-0.1986232717889724,21.440021187864694,-9.517034160957875,19.135496693877474,-9.509740362476832,-0.2084981451619736,2.628577150564461,8.200282374663074,8.313389873525846,-551.705441852837,2.5045639726329982,8.82170660888305,7.785270602987484,-471.1182592306324,0.0021754103279711,-0.0006521473988825,1.8562506005089523,0.1844636657188404,-14.106523469166165,0.1511302246589401,-13.581720114609674,-0.6214242342199761,0.0,0.0,0.0,0.0,0.0,0.0,0.0,0.0,0.0,0.0,0.0,0.0,0.0,0.0,0.0,0.0,2.937283432167966,2.49058830691984,8.554145955158202,378.483863398751,3.0952640258875395,1.189816775897283,9.043086028241508,354.03039572655734,0.0485586056899458,0.054959253566,-0.0618313392689925,0.5474831611638563,-8.633031320982889,0.7794679023096046,-9.825567379818631,1.3007715310225565,3.139948285214792,4.644618982267732,-0.193288932493166,2.77754,0.0,-22760.7944,-2845.0993000000003
calculation259,True,10,7,2,1,0.7,0.2,0.1,7.199999999999999,1.648,1.2799999999999998,57.168,6.1,0.1519078668140659,0.0344104930399144,0.8018185525433372,0.7298466991620974,0.0776259390691111,1,1,1,3,0.1399999999999999,0.0699999999999999,0.02,0.4899999999999999,0.04,0.01,0.1999999999999999,0.7777777777777778,1.1999999999999993,0.1999999999999993,-0.8000000000000007,0.3000000000000007,-31907.7819,-3190.77819,-6.999011,9,2.574295,2.574295,17.145431,90.0,90.0,90.0,113.6226811724796,11.36226811724796,1.0,6.66024328991044,6.66024328991044,-7e-06,-7e-06,-0.000883,-0.0,-0.0,0.0,0.479050813566,0.000876,8.209284,16.766889999999997,3.132772,0.8209284,1.6766889999999997,FiM,2.2340161428571426,1.0750304285714285,1.9986706681605624,0.453212,0.453212,6.999999999979245e-06,0.222353,-0.222353,0.0,0.5466222574555882,0.2005281780414671,0.192132,0.1179061835133764,15.054936714285711,0.0793405153638674,-0.0549367142857142,0.0793405153638674,17.80787,2.000000000279556e-06,0.19213,2.000000000002e-06,12.999704,0.0,0.000296,0.0,-0.2470667142857142,-0.0552327142857142,0.191834,system_273,50.61958625337272,-2.096194687014327,9.34260358978534,777.8789375835486,50.732582140554776,-1.3718399530004208,9.03920299575313,682.5994971275127,4.137235043060936,3.9934477577942062,0.0176845277067759,23.984529403129635,-9.176879165169954,16.600905049313866,-9.149729601069764,-0.724354734013906,3.283490909281425,5.580737033508124,10.16529680426911,-724.3300015942363,3.1151836607349006,5.60896375228043,10.660784395266573,-843.6221373727802,0.0011650596063936,-0.014332250057942,0.0,0.5480954733431599,-13.40459745966016,0.6074169796469917,-13.27887114809108,-0.0282267187723057,12.240754121979217,12.40287834264016,-4.925417556248318,-4.358250796883453,8.834281735999461,8.635022982136276,1137.8711483519182,1028.684929236778,0.8854629929790206,1.0245653345734262,-0.072827370980751,9.123321888944654,8.046658073573996,-9.378794319516553,-9.164729040186694,-0.5671667593648646,2.8436519826887867,2.770973835886084,7.962645054212561,450.64859587393113,2.9452738422682536,1.8333969672904205,8.396558342606685,394.271271685206,0.05948110818981,0.0486617578981019,0.1000468240125323,0.5025817585781078,-7.558079648637297,0.6878552573031792,-8.665068815910116,0.9375768685956636,5.497550002747237,5.527792704545454,-0.0027430169384406,2.86289,0.0,-31869.611900000004,-3186.9611900000004
calculation260,True,4,2,2,0,0.5,0.5,0.0,8.5,1.73,1.26,56.815,6.5,0.1799999999999999,0.0079365079365079,0.6931471805599453,0.6309297535714574,0.0330018481034937,1,1,0,2,0.25,0.0,0.0,0.25,0.25,0.0,0.0,0.5,2.5,1.5,0.5,1.0,-15038.1708,-3759.5427,-6.980033,17,2.415184,2.415184,7.045984,90.0,90.0,90.0,41.10002617984932,10.275006544962327,1.0,2.917369442659441,2.917369442659441,9.5e-05,9.5e-05,-0.000735,-0.0,0.0,0.0,0.2910620885099999,0.00083,0.002366,0.048572,0.024174,0.0005915,0.012143,NM,0.0236385,0.0005355,0.0236385,0.0006475,0.0006475,0.0004464999999999,0.0,0.0,0.0,0.9475473244186648,0.0443037974683545,0.114136,0.1141235006319907,15.1141235,1.1499999999387e-05,-0.1141235,1.1499999999997623e-05,17.885876500000002,1.24999999986386e-05,0.1141235,1.2499999999998623e-05,0.0,0.0,0.0,0.0,-0.228247,-0.1141235,0.1141235,system_274,14.75817592280764,-1.5149397239140694,9.557083701637842,763.0924289566974,14.75823322090017,-1.514473664366475,9.556895790226022,763.0312761482363,1.5178570232437538,1.5227545962532445,-0.001610719691422,5.86881202035428,-9.26089803803744,5.8677111332234695,-9.260822104619656,-0.0004660595475947,1.0171973917916763,2.856948543293437,11.094026019772649,-575.8600571231497,1.017178131154412,2.8572239001584365,11.09403551075264,-575.8844331096052,-0.0066204052522477,-0.0065815901928072,0.0,0.2730355641262207,-13.516055538276037,0.2730325403015242,-13.51580174333966,-0.0002753568649995,12.548595146026203,12.548637952902022,-4.399180475511493,-4.398556640549979,8.999496691003516,8.999267844539007,1117.7851828198293,1117.6813347474813,1.1682273940984005,1.170864515179819,-0.0011274123393604,8.637380244040466,8.636236777504363,-9.302339139795931,-9.30194599361413,-0.0006238349615133,0.0,0.0,0.0,0.0,0.0,0.0,0.0,0.0,0.0,0.0,0.0,0.0,0.0,0.0,0.0,0.0,2.83983048976024,2.8470239805194804,-0.0012649331536149,1.68392,0.0,-15020.1708,-3755.0427
calculation261,True,4,2,1,1,0.5,0.25,0.25,6.75,1.705,1.3,59.5725,7.0,0.1589811309558464,0.0492548018264065,1.039720770839918,0.946394630357186,0.1016472945056464,1,1,1,3,0.125,0.125,0.0625,0.25,0.0625,0.0625,0.0,0.6666666666666666,0.75,-0.25,-1.25,0.75,-12553.0357,-3138.258925,-6.561706,10,2.632765,2.632765,7.057766,90.0,90.0,90.0,48.92056304653647,12.230140761634116,1.0,2.6807428691888564,2.6807428691888564,-1.5e-05,-1.5e-05,0.001998,-0.0,-0.0,-0.0,-1.051027871904,0.002013,6.2766660000000005,7.388948,3.095154,1.5691665,1.847237,FM,3.0947845000000003,3.0947845000000003,0.0003694999999999,0.643238,0.643238,0.0,0.556141,-0.556141,0.0,0.675564375059745,0.7558217289029238,0.104251,0.063542968367869,14.981882,1.09999999997612e-05,0.018118,1.0999999999998858e-05,17.931985,0.0,0.068015,0.0,13.104251,0.0,-0.104251,0.0,-0.049897,0.122369,0.172266,system_275,14.68565456253851,-2.003696916191227,9.709896477205596,873.3393448553785,14.725652152083995,-0.1014802740652781,8.7753705801223,614.711964157114,0.8244471089937572,1.36305292641099,-0.2462197982628037,8.70075462644678,-8.773841479775516,2.9608189856296385,-8.39755712248723,-1.9022166421259488,0.7397880359318069,8.493607751786227,7.440074774837389,-3.756276923371352,0.4708188535076899,14.321800233107275,0.0,2872.857655656386,0.0130268862796203,0.0349038852726773,-0.4564291014841429,0.0303628521673409,-9.633398861300046,-0.0434796904694421,0.0,-5.828192481321048,6.041665239265262,6.177825244253709,-4.887788859586459,-3.997584916173321,8.541044908624903,8.510066714821924,1087.6675496705586,1009.956294516196,0.2217409955913089,0.5023620951485521,-0.387543021354204,4.640099854222534,3.96402933281352,-9.007345753534102,-8.714551207787292,-0.8902039434131384,2.816870841493686,3.428223291951048,6.756293672027023,500.5341963764238,3.046286064959915,1.5750992239515602,8.07964009924133,293.00652168452825,0.0743640491383616,0.0465529141755744,0.2300019302550736,0.3610437571968286,-5.109050719476428,0.7799758266534604,-8.514339352375842,1.8531240679994871,1.3164718261738255,2.087123696303696,-0.2264228710610426,0.66898,0.0,-12537.5857,-3134.396425
calculation262,True,4,4,0,0,1.0,0.0,0.0,7.0,1.55,1.27,54.94,5.0,0.0,0.0,0.0,0.0,0.0,1,0,0,1,0.0,0.0,0.0,1.0,0.0,0.0,0.5,1.0,1.0,0.0,-1.0,0.5,-11835.8014,-2958.95035,-7.726696,3,2.447016,2.447016,6.932223,90.0,90.0,90.0,41.50937009197144,10.37734252299286,1.0,2.832929167606587,2.832929167606587,0.002607,0.002607,-0.002467,0.0,-0.0,0.0,-1.467059737866,0.005074,0.061006,0.061006,0.015278,0.0152515,0.0152515,NM,0.0152515,0.0152515,1.6695807857063826e-05,0.0,0.0,0.0,0.0,0.0,0.0,0.0010946993972438,0.0,4.1e-05,2.9192250684042847e-05,15.00000025,2.9192250683873268e-05,-2.499999999999993e-07,2.9192250684042847e-05,0.0,0.0,0.0,0.0,0.0,0.0,0.0,0.0,-2.499999999999993e-07,-2.499999999999993e-07,0.0,system_276,28.88419593403296,-2.211490675631328,9.683835739476155,832.956921409019,28.887844395949088,-2.1981932575905407,9.680042557297648,831.5437271885146,3.0510714477939103,3.098144451095752,-0.0076551228767787,11.689560525712956,-9.941360846901052,11.615392782898684,-9.942099058124366,-0.0132974180407874,1.4980852790522072,4.936257412208597,10.387900266778674,-878.0410730732608,1.496535234174136,4.955963681843532,10.38131633703653,-878.7022879755638,0.0003172237246659,0.0022667901895349,-0.754472123449045,0.2712466521769703,-14.235273106003644,0.2703281445707048,-14.226541256678344,-0.0197062696349341,0.0,0.0,0.0,0.0,0.0,0.0,0.0,0.0,0.0,0.0,0.0,0.0,0.0,0.0,0.0,0.0,0.0,0.0,0.0,0.0,0.0,0.0,0.0,0.0,0.0,0.0,0.0,0.0,0.0,0.0,0.0,0.0,3.1872312087912085,3.218462445054945,-0.0048755432200515,1.54411,0.0,-11822.0814,-2955.52035
calculation263,True,8,7,0,1,0.875,0.0,0.125,6.5,1.5825,1.2875,56.7875,5.625,0.0859869176095992,0.0359616683057322,0.3767701612564367,0.3429509801981277,0.0860757305250598,1,0,1,2,0.0,0.109375,0.0,0.765625,0.0,0.015625,0.375,1.0,0.5,-0.5,-1.5,1.0,-22787.8239,-2848.4779875,-7.359224,17,10.257685,2.578278,3.415766,90.0,90.0,90.0,90.33732210665032,11.292165263331292,0.2513508652293378,0.3329957977847828,3.0030408991716646,-0.002259,-0.001386,0.001665,0.0,0.0,0.0,1.05743657844,0.003924,2.128794,13.576936,2.117643,0.26609925,1.697117,FiM,1.9109604285714288,0.3327152857142857,1.89327574322795,0.0,0.0,0.0,0.200213,-0.200213,0.0,0.3526055577587931,0.2710850116486148,0.350169,0.1722974856423839,14.94997557142857,0.117932157090249,0.0500244285714285,0.117932157090249,0.0,0.0,0.0,0.0,13.350169,0.0,-0.350169,0.0,0.0500244285714285,0.4001934285714286,0.350169,system_277,50.50908158559156,-2.0273712062899887,9.50778627056927,805.7581488565316,50.541103967680925,-1.8227391409553888,9.407174662121102,774.1768433612935,2.907638189182947,4.272632836331977,-0.190103499199202,21.440665804333555,-9.515612428769472,19.1658401988128,-9.508630429813987,-0.2046320653345998,2.629199614074227,8.227870514461003,8.301530928700275,-547.8295554935123,2.505680056402868,8.832604422607906,7.780677509461163,-468.972352436152,0.0022210121868326,-0.0009921309015711,2.614689577374381,0.1834752811422044,-14.081766603831962,0.1512159362194541,-13.554526855442454,-0.604733908146903,0.0,0.0,0.0,0.0,0.0,0.0,0.0,0.0,0.0,0.0,0.0,0.0,0.0,0.0,0.0,0.0,2.940089295312596,2.482666110120332,8.575633438324365,376.327478525619,3.0957922484991527,1.1943974009059932,9.055645851700543,353.3815765271906,0.0480904316467741,0.0554868733522143,-0.0714098682671119,0.5501345106577067,-8.670288469917152,0.7792514777288742,-9.840789001180106,1.2882687092143388,3.212502527472534,4.674159865134864,-0.1853328144276115,2.86364,0.0,-22760.7939,-2845.0992375
calculation264,True,10,3,3,4,0.3,0.3,0.4,6.300000000000001,1.762,1.3199999999999998,61.977,7.9,0.1448309359218533,0.0559786460663974,1.0888999753452238,0.9911594714322188,0.1046648410504326,1,1,1,3,0.09,0.12,0.12,0.09,0.09,0.16,-0.2,0.5,0.3000000000000007,-0.6999999999999993,-1.6999999999999993,1.1999999999999993,-30857.5245,-3085.75245,-6.521314,31,2.776969,12.90344,3.53308,90.0,90.0,90.0,126.59892259781074,12.659892259781074,4.646591301523352,1.2722792368225933,1.2722792368225933,0.000736,0.00075,0.00071,-0.0,-0.0,0.0,-1.172793296088,4e-05,-1.3072589999999993,9.087311,3.338703,-0.1307258999999999,0.9087311,FiM,2.7642356666666665,-0.5384336666666666,2.742025474334904,0.1091969999999999,0.0684143333333333,0.0938590771114985,0.11675325,0.02569975,0.1323535622855973,1.3603227614525333,0.50101819187005,0.506932,0.281003163255505,14.88215,0.2620676995142033,0.11785,0.2620676995142031,17.771507333333336,0.092723114451336,0.2284926666666666,0.092723114451336,13.259757,0.1496740228730427,-0.259757,0.1496740228730423,-0.1106426666666666,0.377607,0.4882496666666667,system_278,22.00955811635839,-0.7834385043520428,9.336665756903042,725.40996089273,21.93147662791069,-1.1200081381441058,9.489990122950688,782.8303246616822,1.6002930264854731,2.6558201250774096,-0.2480025932121511,7.928267840360988,-8.640876126623569,9.375244344116703,-8.60245723424858,0.336569633792063,0.9149108306562804,11.411287853379054,3.521851973325528,687.2029600690008,1.0030616964450203,9.378561021208792,7.947384214506308,-517.3551160287187,0.0091599205949785,-0.0003396242264629,1.0770097085796966,-0.0537369586970105,0.0,0.0446128279024389,-16.282143577391068,2.032726832170262,18.953392619543507,18.98741179325513,-3.4942065494352463,-3.430078877021036,9.182650379473165,9.159183882029795,1156.105803107684,1143.123318911464,1.419416819024378,1.746464857853152,-0.103303936220174,13.162116144611806,12.955495608853758,-8.53321354434264,-8.503236892960429,-0.0641276724142105,11.956229531796057,2.131969941340665,8.095789449799224,377.7075389382894,11.868429285260769,2.2750633819072656,7.994318542567421,391.5838741460548,0.3796313124167272,0.3015278798248256,0.1146625245339191,2.2722430029763747,-8.089474658482699,2.143041440562027,-7.857521892187869,-0.1430934405666004,4.003660234765237,5.142624143856153,-0.1245274979371012,2.741,0.0,-30818.4445,-3081.84445
calculation265,True,10,0,2,8,0.0,0.2,0.8,4.4,1.83,1.378,67.51400000000001,9.6,0.0399999999999999,0.04644412191582,0.5004024235381879,0.4554859150035952,0.0653494090114643,0,1,1,2,0.0,0.0,0.16,0.0,0.04,0.6400000000000001,-0.5,0.0,-1.5999999999999996,-2.6,-3.6,3.1,-25720.3991,-2572.03991,-6.057822,26,2.869128,14.100754,3.899965,90.0,90.0,90.0,157.7803696874125,15.778036968741253,4.914647934842921,1.3592858178512774,1.3592858178512774,-0.000123,0.001528,-8.1e-05,-0.0,-0.0,0.0,-0.707093954472,0.001651,0.0,0.0,0.0,0.0,0.0,NM,0.0,0.0,0.0,0.0,0.0,0.0,0.0,0.0,0.0,0.0,0.0,0.282824,0.1607050748283948,0.0,0.0,0.0,0.0,17.717176,0.0,0.282824,0.0,13.070706,0.0853578301299885,-0.0707059999999999,0.0853578301299886,-0.282824,0.0707059999999999,0.35353,system_281,0.0,0.0,0.0,0.0,0.0,0.0,0.0,0.0,0.0,0.0,0.0,0.0,0.0,0.0,0.0,0.0,0.0,0.0,0.0,0.0,0.0,0.0,0.0,0.0,0.0,0.0,0.0,0.0,0.0,0.0,0.0,0.0,12.964612761257056,12.964612760856651,-2.476440895215419,-2.4764408958131288,9.614507370176147,9.61450736972304,1196.9701811426412,1196.970181121491,0.4278581296605656,0.4278581296605656,0.0,8.837038730241906,8.837038730241906,-8.015034199106267,-8.015034199106267,5.977098815890257e-10,22.33568710079844,2.102955748022353,7.05330368654101,504.8375365347979,22.33568710360124,2.102955748817544,7.053303686752716,504.83753644539655,0.8462040126321865,0.8462040126321865,0.0,3.1267190794243294,-5.522750521467579,3.1267190794243294,-5.522750521698313,-7.951910241388305e-10,1.67469107092907,1.67469107092907,0.0,0.72012,0.0,-25685.0991,-2568.50991
calculation266,True,8,5,2,1,0.625,0.25,0.125,7.25,1.6725,1.2825,57.725,6.375,0.1607599141577277,0.0381489001769608,0.9002560512685369,0.8194483718728035,0.0831987927238649,1,1,1,3,0.15625,0.078125,0.03125,0.390625,0.0625,0.015625,0.125,0.7142857142857143,1.25,0.25,-0.75,0.25,-25990.5776,-3248.8222,-6.919859,16,5.114989415828736,5.052873605338649,3.501642,90.0,90.0,89.7169324633105,90.5002161938386,11.312527024229825,0.9878561214031324,0.6845844077729455,1.4607402515244952,-0.000267,0.000881,0.000532,0.0,0.0,0.001481,-0.6120314741879999,0.001148,-0.56901,12.123968,2.991369,-0.07112625,1.5154960000000002,AFM,2.3366504,-0.0424532,2.3937082762800816,0.199365,-0.199365,0.0045039999999999,0.041986,0.041986,0.0,0.7511023011496327,0.0896574468182329,0.53908,0.2461982417961184,14.9553664,0.163973949412216,0.0446336,0.163973949412216,17.842044,0.0012410000000002,0.1579559999999999,0.001241,13.53908,0.0,-0.53908,0.0,-0.1133223999999999,0.5837136,0.697036,system_282,36.536199642581735,-1.4772540015515696,9.406404844716958,754.8240988968779,36.54732383464534,-1.518072799634531,9.430099550066924,750.5040271086908,1.2731180569711356,4.106888199701476,-0.5267224623048953,14.430508465054302,-9.1159487294595,14.593348765631571,-9.201864598634428,0.0408187980829612,1.8989649349678777,7.865774325483565,9.374230176571736,-857.7005080124741,1.8551031779882852,8.75264426923509,7.982304150141992,-491.008586799894,-0.0049340744651736,-0.0282320133647768,0.0,0.2164144596506921,-14.129772009365336,0.1097525663561777,-14.517145631327145,-0.886869943751524,12.370686952193472,12.322678179857952,-4.469030627792431,-4.648588402676991,8.8699055581546,8.898101606151528,1116.771962793504,1137.5453357640924,0.5113312741097797,0.9080560748515616,-0.2795042530371229,8.50401012079157,8.812047365538064,-9.236014124431474,-9.30651607108956,0.17955777488456,3.001850341506419,3.1601026640241616,7.489557821138072,451.0242998493464,2.9442062114819327,3.564318407501119,7.378084860668208,488.27831597854174,0.0129124037107299,0.1163166311967502,-0.8001624987763093,0.4683053685090128,-6.5019964613583205,0.4057729406281778,-5.731648717646714,-0.4042157434769575,2.0438893456543448,5.5609343661338695,-0.462475548910853,1.99014,0.0,-25959.2676,-3244.90845
calculation267,True,4,0,3,1,0.0,0.75,0.25,8.25,1.885,1.29,61.4475,8.5,0.0433012701892218,0.0537070017850814,0.5623351446188083,0.5118595071429147,0.0777270043837614,0,1,1,2,0.0,0.0,0.1875,0.0,0.5625,0.0625,-0.5,0.0,2.25,1.25,0.25,0.75,-15756.1736,-3939.0434,-6.68615,11,2.571769,5.074797,3.400534,90.0,90.0,90.0,44.38106840382975,11.095267100957438,1.9732709275210956,1.322254837040185,1.322254837040185,0.000802,0.000757,-0.002659,-0.0,-0.0,0.0,0.5874647657999998,0.0034609999999999,-0.000432,0.000518,0.000165,-0.000108,0.0001295,NM,0.0,0.0,0.0,0.0001583333333333,-0.0001583333333333,9.428090415820634e-06,4.3e-05,4.3e-05,0.0,0.0,0.0,0.366532,0.2413791823939825,0.0,0.0,0.0,0.0,17.87782233333333,0.1340743388978254,0.1221776666666666,0.1340743388978252,13.366532,0.0,-0.366532,0.0,-0.1221776666666666,0.366532,0.4887096666666667,system_283,0.0,0.0,0.0,0.0,0.0,0.0,0.0,0.0,0.0,0.0,0.0,0.0,0.0,0.0,0.0,0.0,0.0,0.0,0.0,0.0,0.0,0.0,0.0,0.0,0.0,0.0,0.0,0.0,0.0,0.0,0.0,0.0,19.247028840435476,19.24701532021445,-3.301343100089924,-3.301469298078018,9.233980845738031,9.234029466182015,1114.4330325628982,1114.4544216861118,2.246190885012552,2.242242539922392,0.0008796710826154,13.03226219920606,13.032828222816075,-8.52288765339631,-8.522950651234536,0.0001261979880942,3.129915085426142,3.6595723118013592,7.759946820503699,407.3334887907037,3.129892380941161,3.6597087898939735,7.759814848998801,407.35677375411154,0.0680794661287212,0.0680783181978521,8.430886818571372e-06,0.4466318450209042,-6.930476816170858,0.4465985901658647,-6.930071620995157,-0.0001364780926143,2.454025924075915,2.45009105894105,0.0008023595579982,0.59095,0.0,-15736.4436,-3934.1109
calculation268,True,8,8,0,0,1.0,0.0,0.0,7.0,1.55,1.27,54.94,5.0,0.0,0.0,0.0,0.0,0.0,1,0,0,1,0.0,0.0,0.0,1.0,0.0,0.0,0.5,1.0,1.0,0.0,-1.0,0.5,-23671.6062,-2958.950775,-7.727462,3,4.893728,4.893728,3.465803,90.0,90.0,90.0,83.00103870682618,10.375129838353272,1.0,0.7082132476508707,1.412004086787391,0.003452,0.003452,-0.002942,-0.0,-0.0,-0.0,-2.115941274636,0.006394,0.1315879999999999,0.19894,0.041316,0.0164484999999999,0.0248675,FM,0.0248675,0.0164484999999999,0.0248675000100532,0.0,0.0,0.0,0.0,0.0,0.0,0.6614456626198433,0.0,0.000733,0.0007270106601694,15.0,0.0007270106601695,0.0,0.0007270106601694,0.0,0.0,0.0,0.0,0.0,0.0,0.0,0.0,0.0,0.0,0.0,system_284,57.70941000974763,-2.235417979508626,9.670076956361449,831.9168868942965,57.71522651741049,-2.2217032051309857,9.665144833680296,830.2156804918509,4.743228206512096,5.090615941860609,-0.0353257312305481,23.41581806435661,-9.952358382767938,23.278723277096177,-9.950835972791156,-0.0137147743776404,3.009655559025979,4.999675965223235,10.345702178504862,-877.7347906763204,3.0046329045971136,5.012000274630544,10.335462480689342,-878.0392788693541,0.0123431167407923,0.0129092487168363,-0.022418968115836,0.535260954470773,-14.263146035728338,0.5332683117095831,-14.254356029773746,-0.0123243094073082,0.0,0.0,0.0,0.0,0.0,0.0,0.0,0.0,0.0,0.0,0.0,0.0,0.0,0.0,0.0,0.0,0.0,0.0,0.0,0.0,0.0,0.0,0.0,0.0,0.0,0.0,0.0,0.0,0.0,0.0,0.0,0.0,4.892868275724281,5.24553237562438,-0.0347849835519359,3.16208,0.0,-23644.1662,-2955.520775
calculation269,True,10,9,1,0,0.9,0.1,0.0,7.3,1.586,1.268,55.315,5.3,0.1079999999999999,0.0047318611987381,0.3250829733914482,0.2959032742893845,0.0203380638163247,1,1,0,2,0.09,0.0,0.0,0.81,0.01,0.0,0.4,0.9,1.2999999999999998,0.2999999999999998,-0.7000000000000002,0.2000000000000001,-31190.6902,-3119.06902,-7.590468,7,12.286401,2.441609,3.492604,90.0,90.0,90.0,104.7731858558624,10.47731858558624,0.1987245085033445,0.284265831792402,3.517833971443656,0.00343,0.002546,0.000318,0.0,-0.0,-0.0,-3.361366578132,0.0031119999999999,-0.5791479999999997,7.579812,0.979461,-0.0579147999999999,0.7579812,AFM,0.8363675555555555,-0.058516,0.8421575184612964,0.052504,-0.052504,0.0,0.0,0.0,0.0,0.3418174102543583,0.2230298916407548,0.089112,0.0484561420895225,15.009901333333334,0.0403549541251683,-0.0099013333333333,0.0403549541251683,17.910888,0.0,0.089112,0.0,0.0,0.0,0.0,0.0,-0.0990133333333333,-0.0099013333333333,0.089112,system_285,65.29839973441656,-2.0085444335830918,9.60101721915144,808.4941032177227,65.28079589804668,-2.0543587833364585,9.618307066146704,813.7375767743515,5.011049325923183,5.832986425640359,-0.07579623661778,25.902766828175206,-9.740794284911704,26.47441573230852,-9.743671248933156,0.0458143497533671,3.699940124498047,4.903547039032926,10.716153040521306,-883.7879595690214,3.691324309456922,5.002436827170553,10.600925191021265,-874.1480832411581,0.0058726386608391,0.0048636600017981,0.0939782592442469,0.7141169268864485,-14.194530365277796,0.686865343673442,-14.192739863226738,-0.0988897881376269,6.167677715193358,6.145094278527503,-5.132098118828196,-5.226334427009576,9.168328256818947,9.171069405822696,1231.94358248974,1242.7894488998318,0.2451354914609399,0.3679172641737263,-0.2002792933956815,4.251904011880039,4.31446943630561,-10.05334325565229,-10.06466375249748,0.0942363081813795,0.0,0.0,0.0,0.0,0.0,0.0,0.0,0.0,0.0,0.0,0.0,0.0,0.0,0.0,0.0,0.0,5.490079207792223,6.528909871128872,-0.0864324492280761,4.23905,0.0,-31154.2502,-3115.42502
calculation270,True,6,4,1,1,0.6666666666666666,0.1666666666666666,0.1666666666666666,6.833333333333332,1.653333333333333,1.29,58.02833333333333,6.333333333333333,0.1489593531433621,0.0419846945976018,0.8675632284814612,0.7896900821428474,0.0931441360050269,1,1,1,3,0.1111111111111111,0.1111111111111111,0.0277777777777777,0.4444444444444444,0.0277777777777777,0.0277777777777777,0.1666666666666666,0.8,0.8333333333333321,-0.1666666666666678,-1.166666666666668,0.6666666666666679,-18471.0233,-3078.5038833333333,-6.972378,12,7.72832,2.58914,3.485255,90.0,90.0,90.0,69.73891549425143,11.62315258237524,0.3350197714380357,0.4509718800463749,2.217433157688605,0.000617,0.000954,0.000345,0.0,0.0,-0.0,-1.023256810248,0.000609,4.812611,10.506021,2.918182,0.8021018333333334,1.7510034999999995,FiM,2.42892625,1.19052675,2.142491670088402,0.42041,0.42041,0.0,0.369906,-0.369906,0.0,0.5686206168960436,0.2566686111396892,0.337639,0.2319128976328661,14.9428915,0.2143186790068708,0.0571085,0.2143186790068705,17.890794,0.0,0.109206,0.0,13.337639,0.0,-0.337639,0.0,-0.0520974999999999,0.3947475,0.446845,system_286,29.12861728397884,-1.8723485658263848,9.540736365709458,812.5621519542655,29.17530429714785,-1.121189393077056,9.186846240691713,703.3999783557271,1.7179074150017484,2.897353224426573,-0.2555534565802809,13.929367704516311,-9.107675334980602,9.36120839563626,-9.056127295114225,-0.7511591727493292,1.4909316923699618,9.113129354130278,6.837733606277905,-32.68849518477437,1.356977410486425,9.696422087500371,6.987704762008584,-173.0769788191552,-0.0033230242465034,0.0110171174597902,-1.863785804093213,0.0563328067840334,-10.017924000232604,0.0665832699558541,-10.914454261232194,-0.5832927333700937,6.137067625365382,6.215247386588556,-4.817160340186253,-4.321003837532454,8.916754717275543,8.817453623110517,1156.321922071094,1083.4298409692697,0.3647957344213287,0.6534719318391609,-0.2834973622190848,4.520826449826539,4.084299625161055,-9.372021218049884,-9.208776244459866,-0.4961565026537986,2.9440677058563485,3.0853120878832376,8.087452163277662,383.43063440039833,3.1547496081063784,1.317023905595847,8.855908522111138,303.62949179296345,0.0500167084825174,0.0290878367062937,0.2645723039841714,0.4579229038660808,-7.661270381254828,0.809725425719804,-9.540533492366492,1.7682881822873906,2.4618346233766237,3.836282597402597,-0.2182315644255225,1.38464,0.0,-18448.7133,-3074.78555
calculation271,True,8,3,3,2,0.375,0.375,0.25,7.125,1.75,1.2975,60.04125,7.375,0.159687194226713,0.0505022829367289,1.0821955300387671,0.985056822321508,0.0969196009576307,1,1,1,3,0.140625,0.09375,0.09375,0.140625,0.140625,0.0625,-0.125,0.5,1.125,0.125,-0.875,0.375,-26706.9976,-3338.3747,-6.541346,31,10.770279,2.635954,3.452468,90.0,90.0,90.0,98.01542845983026,12.251928557478784,0.2447433348755403,0.3205551128248395,3.1195883640340765,0.000148,5.8e-05,-0.000173,-0.0,-0.0,-0.0,-0.0176239429739999,0.000321,-2.608669,10.275913,3.272036,-0.326083625,1.284489125,FiM,3.062991333333333,-0.881634,2.937489632135008,0.2176499999999999,-0.1325853333333333,0.2220417164353481,0.2169944999999999,0.2169944999999999,0.0323615,1.0772017265858995,0.4049287745617203,0.203163,0.1370445843840609,14.968863666666666,0.1353587155409241,0.0311363333333333,0.1353587155409243,17.916517,0.0588695281448728,0.0834829999999999,0.058869528144873,13.171929,0.0312340000000004,-0.171929,0.031234,-0.0523466666666666,0.2030653333333333,0.255412,system_287,22.31513645295804,-0.6392441942934846,9.272999870853369,687.5355960281231,22.34808091776781,-1.1193793401218832,9.548941985035972,760.4564774250117,2.1118786731089823,1.1868525750451169,0.2804187514764929,7.523186520540598,-8.653679029692627,9.916106520562993,-8.740161913274054,0.4801351458283986,1.158566781881873,7.354073206687176,9.709532702069849,-813.4255543458131,1.305745503686938,6.529884104990301,10.007584943295653,-765.9403496478444,0.0094607971270301,0.0023157153980134,0.6067230611628106,0.1459735812476747,-13.641929722765337,0.1885103303468809,-13.39985122727616,0.8241891016968754,18.62585665681017,18.64089844496888,-3.8013467376229055,-3.898452971430842,8.748244891702571,8.800652743799462,1058.858154795648,1076.958985229942,1.7759666893012491,1.1975700572119683,0.1945147080383356,12.804673770729108,13.157528744878846,-8.503749710391814,-8.579254738589157,0.0971062338079367,5.727821182288427,2.295413492548388,7.306110273827726,456.98905707132064,5.634134167655656,2.735600033652834,7.037888454570882,506.0793729606928,0.1405856358479624,0.1326590298645606,0.0290091883870161,1.0370539765488518,-6.601026115445929,0.7676834324683166,-5.653152712654323,-0.4401865411044467,4.401417726273727,3.0136315294705303,0.1871580550497507,2.00528,0.0,-26673.9576,-3334.2447
calculation272,True,10,10,0,0,1.0,0.0,0.0,7.0,1.55,1.27,54.94,5.0,0.0,0.0,0.0,0.0,0.0,1,0,0,1,0.0,0.0,0.0,1.0,0.0,0.0,0.5,1.0,1.0,0.0,-1.0,0.5,-29589.4827,-2958.94827,-7.787315,10,2.458063,12.375631,3.445825,90.0,90.0,90.0,104.82227444973086,10.482227444973086,5.034708630332095,1.4018456809284383,1.4018456809284383,0.000992,0.000287,0.000806,0.0,0.0,0.0,-1.11351276063,0.000705,0.0011449999999999,7.552569,0.924751,0.0001144999999999,0.7552569,AFM,0.7552569,0.0001144999999999,0.7638258339167706,0.0,0.0,0.0,0.0,0.0,0.0,0.1510635295380162,0.0003031621266042,0.005555,0.0028635693967494,14.999999900000002,0.0028635693967493,1.0000000000010001e-07,0.0028635693967494,0.0,0.0,0.0,0.0,0.0,0.0,0.0,0.0,1.0000000000010001e-07,1.0000000000010001e-07,0.0,system_288,72.21813033190949,-2.184907003029293,9.666174635605936,832.3445177366341,72.21824587818182,-2.18478419421572,9.666150233935388,832.3332005550608,5.661881946618982,5.663468655469932,-0.0001401024044816,29.230195129720094,-9.90255395164743,29.22929943325563,-9.902509711376643,-0.0001228088135731,4.002718143563396,5.342576224202028,10.479104655048216,-887.0616932996694,4.002715064721686,5.342837152569849,10.47906720360364,-887.0528931125299,0.0037107561524475,0.0037170373434565,-0.0008456334997,0.6991197619378331,-14.210095972194727,0.6991304700492011,-14.209505084889724,-0.0002609283678207,0.0,0.0,0.0,0.0,0.0,0.0,0.0,0.0,0.0,0.0,0.0,0.0,0.0,0.0,0.0,0.0,0.0,0.0,0.0,0.0,0.0,0.0,0.0,0.0,0.0,0.0,0.0,0.0,0.0,0.0,0.0,0.0,6.069544269480521,6.0707709128371645,-0.0001010388394553,4.19926,0.0,-29555.1827,-2955.51827
calculation273,True,8,1,7,0,0.125,0.875,0.0,9.625,1.865,1.2525,58.22125,7.625,0.1190588089979065,0.0052809407406479,0.3767701612564367,0.3429509801981277,0.0213014307844906,1,1,0,2,0.109375,0.0,0.0,0.015625,0.765625,0.0,-0.375,0.125,3.625,2.625,1.625,2.125,-34879.6713,-4359.9589125,-6.459992,7,2.457864,2.457864,13.93678,90.0,90.0,90.0,84.19341814106939,10.524177267633672,1.0,5.6702811872422565,5.6702811872422565,-0.000257,-0.000257,-0.001182,-0.0,0.0,-0.0,0.905763857088,0.000925,6.738543,6.738543,2.417114,0.842317875,0.842317875,FM,2.417114,2.417114,0.0,0.617347,0.617347,0.076408368612345,0.0,0.0,0.0,0.7117181107435738,0.0,0.260398,0.1088726474274387,15.260398,0.0,-0.260398,0.0,17.962800142857144,0.0497595688699414,0.0371998571428571,0.0497595688699414,0.0,0.0,0.0,0.0,-0.2975978571428571,-0.260398,0.0371998571428571,system_289,7.609600707194742,-1.5777432396852462,9.596252268050089,764.0202088075795,7.613439629718597,-0.0391065508505915,8.86265976441686,577.6632419509996,1.7830526819584378,0.3698483381152409,0.6564186326572659,4.120007965907684,-8.6559827630411,1.7575413453129398,-8.54390580262011,-1.5386366888346548,0.6624600178811548,1.4377369138391292,11.04045012046778,-284.659147007339,0.6467507416383221,0.7482370501120572,11.504175044840634,-66.20561619484964,-0.0006885403639351,0.0060537787703827,-1.2566672016317832,0.2194189224624693,-12.875766116811024,0.2477531433259601,-12.65484581475417,0.689499863727072,44.2658984206535,44.51634408191395,-4.094312310375114,-3.4773334542661787,8.826582738278603,8.626799357823062,1042.5557262322866,953.0586010115242,1.325172548577749,7.47738072587783,-0.6989117799665442,32.59878467097213,28.010423200973552,-8.767406230505449,-8.416138386058984,-0.6169788561089358,0.0,0.0,0.0,0.0,0.0,0.0,0.0,0.0,0.0,0.0,0.0,0.0,0.0,0.0,0.0,0.0,3.2216938241758237,8.015052216783216,-0.4265788667942777,0.04737,0.0,-34837.2513,-4354.6564125
calculation274,True,8,3,3,2,0.375,0.375,0.25,7.125,1.75,1.2975,60.04125,7.375,0.159687194226713,0.0505022829367289,1.0821955300387671,0.985056822321508,0.0969196009576307,1,1,1,3,0.140625,0.09375,0.09375,0.140625,0.140625,0.0625,-0.125,0.5,1.125,0.125,-0.875,0.375,-26708.1277,-3338.5159625,-6.593466,15,10.562493,2.673915,3.335716,90.0,90.0,90.0,94.2113223850314,11.776415298128926,0.2531518837456271,0.3158076412453007,3.166484496881629,0.001809,-0.002555,0.001559,0.0,0.0,-0.0,-0.434189867814,0.004364,-4.419192,9.656098,3.187082,-0.552399,1.20701225,FiM,2.8273650000000004,-1.234133666666667,2.565124566441733,0.3011396666666666,-0.3011396666666666,0.2027153299651728,0.135292,0.093314,0.135292,1.0603071285661685,0.104096324560087,0.502484,0.2688263124356506,14.916839,0.1329937701874285,0.083161,0.1329937701874289,17.847453,0.2478060945349537,0.152547,0.2478060945349542,13.353562,0.0119139999999999,-0.353562,0.011914,-0.069386,0.436723,0.506109,system_290,22.156329430655184,-0.6611746728814466,9.281846186950066,691.8789644009431,22.17473371205769,-1.4290985402601724,9.67875670082176,803.9628601197116,0.7462084695829672,1.797526619297802,-0.4132970270018997,6.946872033627507,-8.851168713501815,10.496312011053188,-8.89552178152132,0.7679238673787258,1.0053888580695574,8.978930383433486,6.975578214930674,-64.07456479761302,1.0664707665100923,9.926422556990724,4.949147811537419,462.3697403655004,0.004386656915934,0.0138873995280219,-0.5199033198362579,0.0422653352285104,-10.533527638525111,-0.0181995115853038,0.0,-0.9474921735572366,18.9023663068066,18.76486176049705,-3.666456443176893,-4.01445710554948,8.880035216957614,8.970691880252755,1051.7714831275207,1107.8056313359273,0.7580271717060438,0.8676972966714285,-0.0674592325443924,12.568422651854446,13.543219677250814,-8.642612499351344,-8.777998186274111,0.3480006623725864,5.975436651842796,2.19370831295975,8.036794807298048,324.4875725771116,5.898419014428244,2.5126064914648505,7.790381827807829,361.1432735811551,0.1180866098873626,0.1572511420203296,-0.1422417807279004,1.2102707431884738,-8.251703536600163,1.074644983765665,-7.711131394949157,-0.3188981785051004,1.8327840369630368,3.227697866133868,-0.2756484176570563,1.82499,0.0,-26675.0877,-3334.3859625
calculation275,True,8,5,1,2,0.625,0.125,0.25,6.375,1.66,1.3025,59.10375,6.625,0.1449137674618943,0.0479078079629507,0.9002560512685369,0.8194483718728035,0.1057064472598437,1,1,1,3,0.078125,0.15625,0.03125,0.390625,0.015625,0.0625,0.125,0.8333333333333334,0.375,-0.625,-1.625,1.125,-23505.4403,-2938.1800375,-7.000839,20,5.265347017639958,2.629029,6.793015027388427,90.0,89.99016494586643,90.0,94.03400741517332,11.754250926896663,0.4993078312202844,1.2901362445116111,1.2901362445116111,3.4e-05,-0.000211,-0.000439,-0.0,0.000214,0.0,0.3289802688479999,0.000473,-0.7512019999999997,11.927032,2.515209,-0.0939002499999999,1.490879,AFM,2.2717722,-0.2638745999999999,2.2657132460382186,0.36133,0.36133,0.0,0.1034205,0.1034205,1.2499999999998623e-05,0.6867208356791569,0.4711015745568349,0.557878,0.3350782547858923,14.8227054,0.1157247577774091,0.1772945999999999,0.115724757777409,17.771312,0.0,0.228688,0.0,13.557581,0.0002970000000006,-0.557581,0.0002969999999999,-0.0513934,0.7348756,0.786269,system_291,36.4847259530346,-1.4153596316287635,9.493238742561006,778.9015353198391,36.48335181960546,-1.544938973670787,9.56025853487081,802.318474022206,4.546430133114884,1.8723610401298691,0.4166001075297874,13.870610132918843,-9.184736806205745,15.061197179596713,-9.18671692978233,0.1295793420420234,1.1919153753227103,19.070754737188214,0.0,10210.871138916762,1.350375655084374,15.746913991178022,0.0,4938.761689487584,-0.0098845476213786,-0.0107131071698301,0.0,-0.3963189875295299,0.0,-0.2862674921732561,0.0,3.323840746010191,6.2824465201198105,6.296809575728984,-4.317683443979545,-4.050261850494475,9.292268932160653,9.119209539496826,1221.1845612164022,1148.027786267012,0.3463647276233764,0.432854755748252,-0.1109957206801853,4.516915774416553,4.1910209194421295,-9.294422236891895,-9.141518470094232,-0.2674215934850705,6.198638406651817,1.5801882219993428,8.826821257349364,335.32531604001923,6.057084531655859,2.346911412792284,8.642225552877823,341.7216863409455,0.1323178405044954,0.159027310103896,-0.0916763829554928,1.4410998294011073,-9.470406240008348,1.1917385024878608,-8.911238290450852,-0.766723190792941,5.347043821428576,2.792008343406595,0.3139229760758911,1.78392,0.0,-23476.6803,-2934.5850375
calculation276,True,8,3,3,2,0.375,0.375,0.25,7.125,1.75,1.2975,60.04125,7.375,0.159687194226713,0.0505022829367289,1.0821955300387671,0.985056822321508,0.0969196009576307,1,1,1,3,0.140625,0.09375,0.09375,0.140625,0.140625,0.0625,-0.125,0.5,1.125,0.125,-0.875,0.375,-26708.1819,-3338.5227375,-6.684126,15,5.192247131279096,5.261638586496131,3.395106,90.0,90.0,90.76463452563236,92.74511242517288,11.59313905314661,1.0133644361415326,0.6538798932637909,1.529332848894584,-0.000167,-0.000604,0.000456,-0.0,0.0,-0.000791,0.1682285465699999,0.00106,-1.491093,7.797563,2.95396,-0.186386625,0.974695375,FiM,2.4472166666666664,-0.47791,2.433690046763693,0.1170473333333333,-0.0540446666666666,0.1435729910819657,0.0523855,0.0523855,0.0462515,1.1994241154657586,0.3211431349755807,0.480675,0.2773318663683626,14.929226333333334,0.1372719899963406,0.0707736666666666,0.137271989996341,17.784161,0.0986145354431431,0.215839,0.0986145354431417,13.4299185,0.0507564999999994,-0.4299185,0.0507565,-0.1450653333333333,0.5006921666666666,0.6457575,system_292,22.2723914076352,-0.9165507944525082,9.51058424613194,735.6680816671,22.27226442789322,-1.1954784340359457,9.66920997046815,787.4845108484137,1.3479457190781714,1.5315624559065442,-0.0637667010024541,8.060361518373806,-8.949489597345272,9.451600946352771,-8.921004733769351,0.2789276395834374,0.8989828495841624,11.616099776707758,2.701909290419008,782.6551921763213,0.9276069372735276,11.336292826399845,3.213469341450108,698.8401725121545,-0.0019913288972527,-0.0038336145909091,0.0,-0.0342350256818374,0.0,-0.0354966212929184,0.0,0.279806950307913,18.864725286466555,18.835033697516643,-3.925613384663923,-3.977835653564351,9.039309916957745,9.077251704447963,1123.6775651218456,1141.5343649367287,0.9238690555365382,0.7672238765706546,0.0926295509796113,12.98777751001182,13.169683476702524,-8.87949548643266,-8.902083122032677,0.0522222689004276,5.989763792337565,2.934259081798556,8.009290931893169,390.6536888193664,5.937002607606159,3.099084389133414,7.850763980132422,419.0226828322987,0.0855957947907342,0.1011478926383117,-0.0832804474501262,1.0173743188772737,-7.642553175579549,0.9443726929197904,-7.233759801846391,-0.164825307334858,2.588349938061938,2.6814774365634366,-0.0176718309502726,2.33159,0.0,-26675.1419,-3334.3927375
calculation277,True,4,0,3,1,0.0,0.75,0.25,8.25,1.885,1.29,61.4475,8.5,0.0433012701892218,0.0537070017850814,0.5623351446188083,0.5118595071429147,0.0777270043837614,0,1,1,2,0.0,0.0,0.1875,0.0,0.5625,0.0625,-0.5,0.0,2.25,1.25,0.25,0.75,-15755.9846,-3938.99615,-6.539187,13,2.632739,2.632739,6.429375,90.0,90.0,90.0,44.5640210771867,11.141005269296675,1.0,2.4420859796584478,2.4420859796584478,0.002286,0.002286,0.004277,0.0,0.0,-0.0,-4.725887011422,0.001991,1e-06,1e-06,1e-06,2.5e-07,2.5e-07,NM,0.0,0.0,0.0,3.333333333333333e-07,3.333333333333333e-07,4.714045207910317e-07,0.0,0.0,0.0,0.0,0.0,0.266738,0.1544560786702404,0.0,0.0,0.0,0.0,18.023191,0.1722137354510381,-0.0231909999999999,0.1722137354510376,12.930426,0.0,0.069574,0.0,0.0231909999999999,-0.069574,-0.0927649999999999,system_293,0.0,0.0,0.0,0.0,0.0,0.0,0.0,0.0,0.0,0.0,0.0,0.0,0.0,0.0,0.0,0.0,0.0,0.0,0.0,0.0,0.0,0.0,0.0,0.0,0.0,0.0,0.0,0.0,0.0,0.0,0.0,0.0,19.178575556946395,19.17857560619548,-3.325487801080756,-3.325487547484565,9.15478529187863,9.154785203242565,1108.3380741040264,1108.3380287249463,1.691058109302224,1.6910617013347111,-1.0620654171258977e-06,13.141610471241435,13.141609447817688,-8.441045680017371,-8.4410455530411,-2.535961898253447e-07,2.9404205463844093,4.03309950519853,6.646929232827821,565.3191842491894,2.940420584622632,4.033099294079321,6.646929520055117,565.319129456174,0.0644192836494414,0.0644192820300149,1.2569423719486206e-08,0.3744481302859623,-4.507459974146269,0.3744481791348168,-4.507460998284137,2.111192092257852e-07,1.8331149285714303,1.8331230896603412,-2.2260117510922765e-06,0.59296,0.0,-15736.2546,-3934.06365
calculation278,True,10,10,0,0,1.0,0.0,0.0,7.0,1.55,1.27,54.94,5.0,0.0,0.0,0.0,0.0,0.0,1,0,0,1,0.0,0.0,0.0,1.0,0.0,0.0,0.5,1.0,1.0,0.0,-1.0,0.5,-29589.483,-2958.9483,-7.790017,8,2.457666,12.374119,3.446423,90.0,90.0,90.0,104.81072607239535,10.481072607239536,5.034906696027857,1.402315448885243,1.402315448885243,0.000604,-0.000506,0.00079,0.0,0.0,0.0,-0.4742442836639999,0.001296,0.0004940000000002,7.666108,0.8484,4.940000000002165e-05,0.7666108,AFM,0.7666108,4.940000000002165e-05,0.7697742707487956,0.0,0.0,0.0,0.0,0.0,0.0,0.0909404557786047,0.0001288706522135,0.004207,0.0020200712363676,15.0,0.0020200712363678,8.673617379884036e-20,0.0020200712363676,0.0,0.0,0.0,0.0,0.0,0.0,0.0,0.0,8.673617379884036e-20,8.673617379884036e-20,0.0,system_294,72.21839267459114,-2.1847826613100163,9.666368589374631,832.2778561219344,72.21825302369665,-2.1848214837480096,9.66632929370723,832.270197871464,5.72506039156972,5.723873526055335,0.0001036660289005,28.995187975260336,-9.920133944357524,28.995275796302906,-9.920127131698209,3.8822437993246695e-05,4.000997414639414,5.343123156689501,10.478960490940183,-887.3313001658469,4.000937373506964,5.342887410633644,10.47887677852819,-887.3084965200541,0.0038345008326673,0.0038640594903097,-0.0038395045829721,0.6987134757108492,-14.211080905019791,0.6987326985369492,-14.21077503422978,0.000235746055857,0.0,0.0,0.0,0.0,0.0,0.0,0.0,0.0,0.0,0.0,0.0,0.0,0.0,0.0,0.0,0.0,0.0,0.0,0.0,0.0,0.0,0.0,0.0,0.0,0.0,0.0,0.0,0.0,0.0,0.0,0.0,0.0,6.145032596903087,6.143258381868122,0.0001443825702068,4.10487,0.0,-29555.183,-2955.5183
calculation279,True,8,8,0,0,1.0,0.0,0.0,7.0,1.55,1.27,54.94,5.0,0.0,0.0,0.0,0.0,0.0,1,0,0,1,0.0,0.0,0.0,1.0,0.0,0.0,0.5,1.0,1.0,0.0,-1.0,0.5,-23671.6508,-2958.95635,-7.740979,11,2.444055,2.444055,13.945231,90.0,90.0,90.0,83.30051039250237,10.412563799062797,1.0,5.705776261172519,5.705776261172519,-0.00568,-0.00568,-0.004096,-0.0,0.0,-0.0,8.254414018368,0.001584,3.2999999999949736e-05,5.605599,0.701026,4.124999999993717e-06,0.700699875,AFM,0.700699875,4.124999999993717e-06,0.7006999347658449,0.0,0.0,0.0,0.0,0.0,0.0,0.0004130661716754,1.1773873133367222e-05,0.000959,0.0005635238321269,15.000000125,0.0005635238321271,-1.2499999999999626e-07,0.0005635238321269,0.0,0.0,0.0,0.0,0.0,0.0,0.0,0.0,-1.2499999999999626e-07,-1.2499999999999626e-07,0.0,system_295,57.74370609108226,-2.193139937171798,9.650898292985644,823.82054957041,57.74369855291637,-2.19314811310518,9.650893495449052,823.8219511947701,4.913671813098945,4.9141893177813,-5.265689812494794e-05,23.42349823644641,-9.906007821214034,23.42334194385193,-9.90600637752845,8.175933382315037e-06,3.0159908235357573,4.90668780836193,10.388055712252145,-871.8675584293029,3.01598854066299,4.906659372886593,10.388048938145957,-871.8657750186777,-0.0035125889691832,-0.003502589279672,0.0,0.5503011932222954,-14.185337800184222,0.5502948084424705,-14.185432323278322,2.8435475337040828e-05,0.0,0.0,0.0,0.0,0.0,0.0,0.0,0.0,0.0,0.0,0.0,0.0,0.0,0.0,0.0,0.0,0.0,0.0,0.0,0.0,0.0,0.0,0.0,0.0,0.0,0.0,0.0,0.0,0.0,0.0,0.0,0.0,5.268678840909093,5.268933328671331,-2.415042024153564e-05,3.84561,0.0,-23644.2108,-2955.52635
calculation280,True,6,5,0,1,0.8333333333333334,0.0,0.1666666666666666,6.333333333333334,1.5933333333333333,1.2933333333333334,57.40333333333333,5.833333333333334,0.0968962790249908,0.040341432583759,0.4505612088663046,0.410118486306518,0.0959557653662589,1,0,1,2,0.0,0.1388888888888889,0.0,0.6944444444444445,0.0,0.0277777777777777,0.3333333333333333,1.0,0.3333333333333339,-0.6666666666666661,-1.666666666666666,1.166666666666666,-16869.9258,-2811.6543,-7.368713,12,2.583264,7.675012,3.45475,90.0,90.0,90.0,68.49588485257564,11.415980808762606,2.9710521263022285,1.3373584736209696,1.3373584736209696,0.000349,0.00258,0.002554,0.0,0.0,0.0,-2.928244828074,0.002231,2.316262,9.46105,2.169136,0.3860436666666667,1.5768416666666667,FiM,1.8504006,0.5050618,1.7995826538482085,0.0,0.0,0.0,0.209047,-0.209047,0.0,0.4169093272043846,0.3933430650389494,0.37616,0.2399421096403602,14.924768,0.1874234143067508,0.075232,0.1874234143067509,0.0,0.0,0.0,0.0,13.37616,0.0,-0.37616,0.0,0.075232,0.451392,0.37616,system_296,36.15335019870171,-2.008424729288193,9.558559084647417,817.644645145823,36.17903583927399,-1.702809322291279,9.391620894411684,767.8042490301799,2.586024160173149,2.6969211817741456,-0.0209915140935605,15.766699298888897,-9.465394115694084,13.340242243918295,-9.435128520585282,-0.3056154069969141,1.7027741683069988,10.012406500073672,6.345185864047785,-86.13842528969188,1.5800808876291277,10.989963750132482,4.893254514304881,202.01625814470728,-0.0071063144950437,-7.049024403041131e-06,0.0,0.0119519791083036,-23.51468152994432,-0.0089451777732956,0.0,-0.97755725005881,0.0,0.0,0.0,0.0,0.0,0.0,0.0,0.0,0.0,0.0,0.0,0.0,0.0,0.0,0.0,0.0,2.9831801819627524,2.575368454448109,8.746545230466447,383.94604849501314,3.1032347114666976,1.2398718294882871,9.057836820496323,355.54807783161925,0.0716039593559456,0.0315944923947492,0.3876944496982432,0.5582817198792438,-8.729967657132349,0.7812157305216393,-9.755663300622782,1.335496624959822,2.8657730274725264,2.9159548219280715,-0.0086793767819333,2.3202,0.0,-16849.755800000003,-2808.292633333334
calculation281,True,8,4,0,4,0.5,0.0,0.5,5.0,1.6800000000000002,1.34,62.33,7.5,0.13,0.0522388059701492,0.6931471805599453,0.6309297535714574,0.1185624899727257,1,0,1,2,0.0,0.25,0.0,0.25,0.0,0.25,0.0,1.0,-1.0,-2.0,-3.0,2.5,-20135.466,-2516.93325,-6.563691,17,10.652698,2.732374,3.627901,90.0,90.0,90.0,105.59787689509918,13.199734611887395,0.2564959599906052,0.3405617055885748,2.9363254399720384,-0.001232,0.000811,-0.000418,0.0,0.0,0.0,0.4480753986420001,0.002043,4.030483,10.823529,2.732885,0.503810375,1.352941125,FiM,2.52623575,1.18726725,2.237216774299976,0.0,0.0,0.0,0.1796465,-0.1796465,0.0987138299163293,0.8739042267754183,0.7256076270841844,0.708473,0.4023210202531058,14.66014,0.1572937880718753,0.33986,0.1572937880718752,0.0,0.0,0.0,0.0,13.339860000000002,0.2607171488586818,-0.33986,0.2607171488586817,0.33986,0.6797200000000001,0.33986,system_298,28.93552756795173,-1.555422367455671,9.580499500175602,841.3641392793267,28.94875658071833,-0.8518997831756601,9.23173873368484,734.0415668378762,1.3863411055545454,2.635633348436364,-0.3106166528835547,13.836800879467138,-8.748476072797544,9.52937892454432,-8.617364821896413,-0.703522584280011,0.504864319803015,38.83042917205928,0.0,113875.31689865571,0.1815678933627477,113.60443877109329,0.0,2925352.5592210223,0.0012458001909091,-0.0199651202818181,0.0,-0.5615142361460911,0.0,-0.683839226733129,0.0,-74.774009599034,0.0,0.0,0.0,0.0,0.0,0.0,0.0,0.0,0.0,0.0,0.0,0.0,0.0,0.0,0.0,0.0,11.919522442371177,1.580844537938279,8.46913227452626,321.04320035655365,12.234034002483948,1.09750561833271,8.690221469079162,306.1024543252544,0.2293579838181819,0.2088971790454546,0.0466869680188884,2.4479810883909456,-9.17572978605994,2.9672297789370474,-9.497036878032707,0.4833389196055688,1.838830328171828,2.9905746825674333,-0.2384857662247097,1.83278,0.0,-20109.666,-2513.70825
calculation282,True,8,3,2,3,0.375,0.25,0.375,6.25,1.7375,1.3175,61.42,7.625,0.1503121751555741,0.0547003237396568,1.0821955300387671,0.9850568223215076,0.1073129086790473,1,1,1,3,0.09375,0.140625,0.09375,0.140625,0.0625,0.140625,-0.125,0.6,0.25,-0.75,-1.75,1.25,-24222.4131,-3027.8016375,-6.686796,23,2.743131,10.595062,3.36939,90.0,90.0,90.0,97.92674815219948,12.240843519024937,3.862397384594465,1.2283007993420658,1.2283007993420658,-0.000162,0.000608,-0.000756,-0.0,0.0,-0.0,0.16555825218,0.001364,-0.0705689999999999,6.820267,3.089439,-0.0088211249999999,0.852533375,AFM,2.122265333333333,-0.0626393333333333,2.2390969416179574,0.082432,0.082432,0.030022,0.0962023333333333,-0.0158383333333333,0.1105297211351871,1.2640622549549847,0.4122891910357465,0.502159,0.2783930387792589,14.946678,0.2258651471830035,0.053322,0.2258651471830038,17.710811,0.2129700000000003,0.289189,0.21297,13.246114666666664,0.0790701933952079,-0.2461146666666666,0.0790701933952077,-0.235867,0.2994366666666667,0.5353036666666667,system_299,21.96205847072484,-1.0932164264551811,9.472360647010332,762.0385390522432,21.9080901871806,-1.1576198278181886,9.494058721883606,776.1383412399675,1.8028773818822676,2.3573594544896848,-0.133281371810305,8.685411230827507,-8.784751755957137,8.764961318285163,-8.761896508551176,0.0644034013630074,0.9165942605353096,9.776664967933412,7.3093006121926045,-344.0891116198077,0.9001722031757466,9.341310506653915,8.190534754768224,-698.7156731118994,0.0073265384905344,-0.0016074440913586,1.5621323864107868,-0.0001521036691075,0.0,0.0327733703060414,-21.182599835093285,0.4353544612794948,12.705834772793889,12.720750140082426,-3.69642523459837,-3.63394417261513,9.372763406988405,9.331605695222253,1189.397738141534,1172.1396082934343,0.7838030458636864,0.5042352353454046,0.2170493024911103,8.800677732752487,8.650697507644118,-8.916812039827388,-8.882682890093852,-0.0624810619832398,9.05284181305059,1.8463118653299373,8.32764795295057,339.2792659852067,9.07148949728112,1.7555338337932984,8.341424363863247,335.9837877586228,0.3454811981529471,0.0732377335418581,0.6501818857560543,1.8713504166989956,-8.783859536712951,1.9038398101965932,-8.865472285173468,0.0907780315366388,3.4908939895104893,3.120510076923076,0.0560219748884917,2.90254,0.0,-24191.9231,-3023.9903875
calculation283,True,6,5,0,1,0.8333333333333334,0.0,0.1666666666666666,6.333333333333334,1.5933333333333333,1.2933333333333334,57.40333333333333,5.833333333333334,0.0968962790249908,0.040341432583759,0.4505612088663046,0.410118486306518,0.0959557653662589,1,0,1,2,0.0,0.1388888888888889,0.0,0.6944444444444445,0.0,0.0277777777777777,0.3333333333333333,1.0,0.3333333333333339,-0.6666666666666661,-1.666666666666666,1.166666666666666,-16869.7413,-2811.6235500000003,-7.444686,12,2.53098,7.536189,3.518315,90.0,90.0,90.0,67.10814200094906,11.18469033349151,2.977577460114264,1.3900998822590458,1.3900998822590458,-0.002364,0.001825,0.003395,0.0,0.0,0.0,-1.525272155568,0.005759,-1.074572,5.678230000000001,2.340611,-0.1790953333333333,0.9463716666666668,FiM,1.1204144,-0.230146,1.320061821654577,0.0,0.0,0.0,0.076158,0.076158,0.0,0.8195970132176489,0.6591297953057115,0.326794,0.223050873006897,14.9373512,0.1901385605093292,0.0626487999999999,0.1901385605093296,0.0,0.0,0.0,0.0,13.313245,0.0,-0.313245,0.0,0.0626487999999999,0.3758938,0.313245,system_300,36.14017515324284,-1.932044584969882,9.451244153763993,785.5831412209438,36.11277779330983,-2.082676992178929,9.514476883827111,806.1598197903785,2.209972858982296,2.3823628230101326,-0.0375386243439948,14.102635260638763,-9.543000586733791,15.189832210139157,-9.557238694958524,0.150632407209047,1.5011042390265406,11.4644474295985,3.7510297835029127,455.20333735739206,1.5502584828607069,11.00917016403494,4.551552934833698,322.5827540623422,-0.0195384258975876,-0.0086423623519671,0.0,-0.0313545580979982,0.0,-0.0282527225088698,0.0,0.4552772655635575,0.0,0.0,0.0,0.0,0.0,0.0,0.0,0.0,0.0,0.0,0.0,0.0,0.0,0.0,0.0,0.0,3.072013443736428,1.2990680678096171,9.256702750536212,334.739232052916,3.009742541294403,1.834980736084736,9.124067070337164,331.5944624017692,0.0595678551469901,0.0479226175295266,0.1083373933288843,0.7518427868099188,-10.105477045561171,0.6600582431532175,-9.75640784842582,-0.535912668275119,2.3951376523476524,2.5415634465534467,-0.0296606562302077,2.09548,0.0,-16849.571300000003,-2808.261883333334
calculation284,True,6,6,0,0,1.0,0.0,0.0,7.0,1.55,1.27,54.94,5.0,0.0,0.0,0.0,0.0,0.0,1,0,0,1,0.0,0.0,0.0,1.0,0.0,0.0,0.5,1.0,1.0,0.0,-1.0,0.5,-17753.6849,-2958.9474833333334,-7.760155,3,2.447599,2.447599,10.407132,90.0,90.0,90.0,62.34643095777815,10.39107182629636,1.0,4.251975915989507,4.251975915989507,0.003108,0.003108,-0.003952,-0.0,0.0,0.0,-1.209109299792,0.00706,0.000167,0.000295,7.7e-05,2.7833333333333337e-05,4.916666666666667e-05,NM,4.916666666666667e-05,2.7833333333333337e-05,4.807430591167062e-05,0.0,0.0,0.0,0.0,0.0,0.0,0.0,0.0,2.7e-05,1.3909429255804216e-05,14.999999833333334,1.3909429255632384e-05,1.666666666666666e-07,1.3909429255804216e-05,0.0,0.0,0.0,0.0,0.0,0.0,0.0,0.0,1.666666666666666e-07,1.666666666666666e-07,0.0,system_303,43.04315220794288,-2.360681153994801,9.556109993659971,810.4701654649223,43.04316502838315,-2.360650350412973,9.556100071167132,810.466561178815,3.1859968362311686,3.185978424057143,2.889555165127131e-06,17.479270954713677,-9.952439573367323,17.479089731146836,-9.952431116375877,-3.080358182749876e-05,2.358396638729245,5.490483790630221,10.441742347255802,-926.7302349505254,2.3583911580453467,5.490534170864206,10.441726229021414,-926.7315791932384,-0.0007686146311688,-0.0007692846701298,0.0,0.4055992595344065,-14.260462626415164,0.4055962088849445,-14.260435519423138,-5.038023398462599e-05,0.0,0.0,0.0,0.0,0.0,0.0,0.0,0.0,0.0,0.0,0.0,0.0,0.0,0.0,0.0,0.0,0.0,0.0,0.0,0.0,0.0,0.0,0.0,0.0,0.0,0.0,0.0,0.0,0.0,0.0,0.0,0.0,3.286763625124875,3.286716017732268,7.242342745970255e-06,1.94622,0.0,-17733.1049,-2955.517483333333
calculation285,True,10,3,6,1,0.3,0.6,0.1,8.4,1.7919999999999998,1.272,58.668,7.3,0.1611086589851705,0.0368408003580502,0.8979457248567797,0.81734542214651,0.0689943304731771,1,1,1,3,0.18,0.03,0.06,0.09,0.36,0.01,-0.2,0.3333333333333333,2.4000000000000004,1.4000000000000004,0.4000000000000003,0.9000000000000004,-38312.9747,-3831.29747,-6.700004,11,2.495334,2.495335,17.279116,90.0,90.0,90.0,107.59177253412726,10.759177253412728,1.000000400747956,6.924570418228581,6.924570418228581,0.000376,0.000376,-0.001678,0.0,0.0,-0.0,0.494538521028,0.002054,2.79759,4.68893,2.554254,0.279759,0.468893,FM,1.3148026666666666,0.8101053333333333,1.357613829360257,0.1160505,0.0692488333333333,0.1520147061267611,0.048219,-0.048219,0.0,1.5772194093798808,0.7974188669706443,0.19418,0.1119077405199926,15.113539666666668,0.0620412981291936,-0.1135396666666666,0.0620412981291941,17.924892166666666,0.0695926092014964,0.0751078333333333,0.0695926092014965,13.110029,0.0,-0.110029,0.0,-0.1886475,-0.0035106666666666,0.1851368333333333,system_304,21.96309509361413,-1.737839899863149,9.252459936476034,723.1872643305061,21.98331889735733,-1.1908838222563831,9.022299775016084,654.101901089892,2.661683219261464,1.303896902740834,0.3423928592407451,10.033638939214017,-8.866234220251211,7.612517297004363,-8.838594913655458,-0.5469560776067657,1.620280557952475,3.2433379798027904,11.10923690516952,-595.2018296463212,1.6065236060424852,2.7596369982005817,11.454336115742755,-532.2772613543843,0.00158583896993,0.0020850212616633,-0.1359850989250511,0.4368391631120726,-13.239993440285607,0.483893303508118,-13.180364625142902,0.4837009816022086,37.60493369011472,37.71107243109059,-4.087189748737743,-3.9847599875386113,8.860651288289084,8.849555969535592,1066.7268383196583,1056.3174187411312,2.87342032934895,1.7685427551582915,0.2380194659191144,26.350324838540107,25.85858701263332,-8.857032717496434,-8.823324586583661,-0.102429761199132,2.9449058904628123,4.464067568573627,6.988596660397575,602.1770796205351,2.960238112579276,4.282804251615754,7.190457130018784,559.7999266566634,0.0258335746083416,0.0472561930610389,-0.2931001032812401,0.3380617098696972,-4.45842088502671,0.3723239363804052,-5.238406692882981,0.1812633169578736,5.752343716783216,3.3066749090909093,0.2699706125680163,3.30293,0.0,-38266.2447,-3826.62447
calculation286,True,10,7,0,3,0.7,0.0,0.3,5.799999999999999,1.628,1.3119999999999998,59.374,6.5,0.1191469680688518,0.0488994357693457,0.6108643020548935,0.556032649876389,0.1140742897083695,1,0,1,2,0.0,0.21,0.0,0.4899999999999999,0.0,0.09,0.1999999999999999,1.0,-0.200000000000001,-1.200000000000001,-2.200000000000001,1.700000000000001,-26938.0601,-2693.80601,-7.096044,53,2.784362,15.229914,2.751881,90.0,90.0,90.0,116.69514788533397,11.669514788533396,5.469803854527537,0.9883344909893182,1.0118031993389247,0.001496,-0.002025,0.001577,-0.0,-0.0,0.0,-0.5596937041440001,0.003602,-4.089865,9.066237,2.709196,-0.4089865,0.9066237,FiM,1.239895857142857,-0.6395472857142858,1.323971120412668,0.0,0.0,0.0,0.1289886666666666,0.1289886666666666,0.0484093287451453,0.9208985421543662,0.7478294609350602,0.567766,0.2719564365647557,14.898844857142858,0.210193952950554,0.1011551428571428,0.2101939529505537,0.0,0.0,0.0,0.0,13.236028666666668,0.2527036564441091,-0.2360286666666666,0.2527036564441089,0.1011551428571428,0.3371838095238095,0.2360286666666666,system_305,50.36933567972571,-1.5421819311774012,9.558331272165644,825.12452986901,50.25462199433841,-1.975892079332563,9.737848371674431,887.126201315381,3.10249814959396,6.93681372299513,-0.3819301185243803,18.64812589466275,-9.294226283890607,22.909399531718623,-9.321263496034089,0.4337101481551617,0.6474894778137759,41.03788064547394,0.0,144617.16358096112,0.9154135247819424,26.16772871640158,0.0,36655.27077003294,0.0090599575294705,-0.0026219195255494,1.814508868680972,-0.8139782434281286,0.0,-0.642128487217179,0.0,14.87015192907236,0.0,0.0,0.0,0.0,0.0,0.0,0.0,0.0,0.0,0.0,0.0,0.0,0.0,0.0,0.0,0.0,8.905652818581137,1.0310186564298385,8.702887199162513,379.7877218603642,8.597651481531614,1.6112472962972495,8.322703044201083,427.5542119805807,0.1199843901853898,0.1632171104888362,-0.1526571017474165,2.175997503768984,-9.607292175995154,1.8444773235219865,-8.814730618488177,-0.580228639867411,3.3623859450549403,7.4103542142857135,-0.3757603181137648,2.0213,0.0,-26904.9901,-2690.49901
calculation287,True,8,3,4,1,0.375,0.5,0.125,8.0,1.7625,1.2775,58.6625,7.125,0.1676119029186172,0.0398660445938617,0.9743147528693494,0.8868595071429147,0.0771449538388907,1,1,1,3,0.1875,0.046875,0.0625,0.140625,0.25,0.015625,-0.125,0.4285714285714285,2.0,1.0,0.0,0.5,-29192.9095,-3649.1136875,-6.803996,14,2.528187,4.972894000000905,6.996104000001144,89.99993267647135,90.0,90.0,87.95785964858312,10.99473245607289,1.9669802906196836,2.767241505474533,2.767241505474533,-0.000413,7.4e-05,0.002519,1e-06,0.0,0.0,-1.16424835404,0.002932,-0.1838240000000001,6.822522,2.519872,-0.022978,0.85281525,AFM,1.9591296666666669,-0.279215,1.9792533996920825,0.2268389999999999,0.154011,0.1765435860446365,0.037777,0.037777,0.0,1.0478787612378826,0.4314841430897075,0.522526,0.2547808772739822,14.905642666666669,0.0266581627315579,0.0943573333333333,0.0266581627315578,17.9401365,0.2253311431033223,0.0598635,0.2253311431033225,13.522526,0.0,-0.522526,0.0,0.0344938333333333,0.6168833333333333,0.5823895,system_306,22.25118524060669,-1.1327998165435922,9.3864040162376,709.1274903559513,22.242190020377,-1.308909054598789,9.473780924503282,737.1538723827834,2.02646159085934,2.020688511189111,0.0014264555365285,8.352657381644784,-8.979327207686383,9.15001569320136,-8.979295956737063,0.1761092380551967,1.1636374035557409,9.211866512292662,7.27274004794252,-67.58616569749876,1.1741658483007296,9.808131812058088,6.08980554948349,278.22850555075775,0.0014633265918081,-0.0046819056555444,0.0,0.0766944001468579,-8.840564159024513,0.0432291723953968,-4.234289358251283,-0.5962652997654256,25.0380803151958,25.07576118261529,-4.174994341221708,-4.002405517526031,9.012631670198184,8.977873353898666,1127.4416745629244,1105.905585649661,2.076910808928871,1.976837452680521,0.0246866232903716,17.633875771933795,16.993851329585354,-9.015885170523434,-8.924604618737762,-0.1725888236956763,3.444178166202048,1.6552879796431237,9.2717976423475,120.31525325565632,3.4645786895275967,1.634149913806881,9.433263037637325,114.19495190253406,0.0743251575203796,0.048064096958941,0.2145699855200586,0.791924401990392,-10.711861213381724,0.7757532636800569,-11.073312238587802,0.0211380658362427,4.494467475524474,4.29597824825175,0.0225801095314034,2.73012,0.0,-29157.3195,-3644.6649375
calculation288,True,10,1,9,0,0.1,0.9,0.0,9.7,1.874,1.252,58.315,7.7,0.1079999999999999,0.0047923322683705,0.3250829733914482,0.2959032742893845,0.0192917774157592,1,1,0,2,0.09,0.0,0.0,0.01,0.81,0.0,-0.4,0.1,3.6999999999999993,2.6999999999999997,1.6999999999999993,2.1999999999999997,-43999.9778,-4399.99778,-6.382,6,12.362485,2.469893,3.464952,90.0,90.0,90.0,105.79889691089592,10.579889691089594,0.1997893627373461,0.2802795716233427,3.5678661638025577,0.000208,0.000143,0.000398,-0.0,-0.0,-0.0,-0.4000100996219999,0.000255,8.759194,8.759194,3.11221,0.8759194000000001,0.8759194000000001,FM,3.11221,3.11221,0.0,0.6274426666666666,0.6274426666666666,0.0664622762709126,0.0,0.0,0.0,0.8540649238537464,0.0,0.089918,0.0642181868810541,15.086767,0.0,-0.086767,0.0,17.99035911111111,0.0604379593071269,0.0096408888888888,0.0604379593071264,0.0,0.0,0.0,0.0,-0.0964078888888888,-0.086767,0.0096408888888888,system_307,7.618193495873421,-1.6997667572345414,9.50135953203636,757.5735969183469,7.615297295525201,0.2409227945228862,8.560433144279552,527.6338245536865,1.5867666564523444,0.3549552788459542,0.634391235538652,4.4235021992638135,-8.535288280653276,1.417352674274927,-8.482269097636449,-1.940689551757428,0.6152761717629974,3.688829502022113,10.305803882209688,-589.9145992463183,0.6006897322461006,2.3034007056248726,11.37084357543473,-428.4080536112098,0.0050459076975025,0.0027168103818181,0.3000363135547652,0.1498812046310275,-12.652516054443709,0.1987424626573131,-12.722052371044652,1.3854287963972405,57.0084803015713,57.39581937699993,-4.014490837754597,-3.36155850222952,8.838369597702824,8.655903188944563,1044.423005573366,958.1235302337687,1.9395261380151816,11.429146369291129,-0.7098401300570145,42.04332501142,36.07887760056395,-8.698373581191959,-8.333441596975673,-0.6529323355250773,0.0,0.0,0.0,0.0,0.0,0.0,0.0,0.0,0.0,0.0,0.0,0.0,0.0,0.0,0.0,0.0,3.973051423576425,12.029776156343654,-0.5034563231110852,0.93755,0.0,-43946.4178,-4394.64178
calculation289,True,4,1,0,3,0.25,0.0,0.75,4.0,1.745,1.375,66.025,8.75,0.112583302491977,0.0440885660108441,0.5623351446188083,0.5118595071429147,0.0969318854065429,1,0,1,2,0.0,0.1875,0.0,0.0625,0.0,0.5625,-0.25,1.0,-2.0,-3.0,-4.0,3.5,-9183.764,-2295.941,-6.182388,12,2.775152,2.775151,8.043698,90.0,90.0,90.0,61.948265438239794,15.487066359559948,0.9999996396593772,2.8984711468056523,2.8984711468056523,0.005614,0.005614,0.003322,-0.0,0.0,-0.0,-7.7705566749,0.002292,-2.395287,3.268663,2.831975,-0.5988217499999999,0.81716575,FM,2.831975,-2.831975,0.0,0.0,0.0,0.0,0.1455626666666666,0.1455626666666666,0.0984368066302211,1.427336138804288,0.9240219281596768,0.74192,0.4313663182105204,14.25808,0.0,0.74192,0.0,0.0,0.0,0.0,0.0,13.247306666666669,0.0588233327081094,-0.2473066666666666,0.058823332708109,0.74192,0.9892266666666668,0.2473066666666666,system_308,7.188059924364428,0.0110903437400582,8.971399393098853,683.9706121927084,7.236543604919019,-1.4779443498032503,9.973833450721363,949.226571301572,1.0445327436287364,0.3190846143252132,0.5320027096105813,1.7017050105719715,-7.895106783829643,4.200287342568169,-8.454784466530509,1.4890346935433088,-0.196231073779795,0.0,0.0,0.0,-0.0210208566208535,0.0,0.0,0.0,-0.0012609048010619,0.0085128331868551,-1.3477433129461331,-0.3731350268339136,0.0,-0.2911033843185525,0.0,0.0,0.0,0.0,0.0,0.0,0.0,0.0,0.0,0.0,0.0,0.0,0.0,0.0,0.0,0.0,0.0,0.0,8.655576392156185,1.2289828579218722,7.590700955175784,451.1054059272717,8.522661220056653,1.6073103873590833,7.425929630861422,486.0750310719532,0.5393106439892763,0.3396537602521476,0.2271501357434824,1.7089592633648794,-7.470707915718834,1.3889641544830011,-6.911766182816205,-0.378327529437211,1.780176517482517,0.696983426573426,0.4372721646449442,0.4828,0.0,-9171.274,-2292.8185
calculation290,True,10,6,4,0,0.6,0.4,0.0,8.2,1.694,1.262,56.44,6.2,0.1763632614803887,0.0077638343669831,0.6730116670092565,0.6126016192893442,0.0325499168513002,1,1,0,2,0.24,0.0,0.0,0.36,0.16,0.0,0.0999999999999999,0.6,2.1999999999999997,1.1999999999999993,0.1999999999999993,0.6999999999999993,-35994.4042,-3599.44042,-7.054004,16,12.377222,2.450733,3.47227,90.0,90.0,90.0,105.32529093566568,10.532529093566568,0.1980034776785938,0.2805371027521361,3.564590887229392,0.00321,0.003089,-0.000504,-0.0,-0.0,-0.0,-3.09487119801,0.003714,0.0025919999999995,5.726586,2.512855,0.0002591999999999,0.5726586,AFM,0.8770016666666667,0.0005089999999999,1.4515514040893167,0.116144,-0.0001154999999999,0.1361346376946367,0.0,0.0,0.0,1.696351007740529,0.0009048418464218,0.049865,0.0324208419045526,15.003544500000002,0.0383740208854465,-0.0035445,0.0383740208854462,17.99468325,0.0192825362747614,0.00531675,0.0192825362747616,0.0,0.0,0.0,0.0,-0.00886125,-0.0035445,0.00531675,system_309,44.12574692740802,-1.615270250156735,9.460407713426584,752.7321885195146,44.125770975266384,-1.614947816875957,9.460238260791773,752.6877010976889,3.1907147277151675,3.1791164113418064,0.0018208200688783,17.58498951174822,-9.308744596054428,17.581737631181277,-9.308730142939076,-0.000322433280778,2.739156451502688,4.822699636547776,10.447545177760023,-798.8560303215709,2.7391287171971004,4.822259524596158,10.448027291434467,-798.8987284064694,-0.0017026558439164,-0.0017097719377823,0.0,0.5369951586026958,-13.689955296743424,0.5370423279581893,-13.69030997677326,0.0004401119516179,24.86097504028421,24.861053668230618,-4.501217204550431,-4.501267426942341,8.884053211781302,8.884091734387958,1105.2336157420973,1105.2423918443017,1.3589593803545943,1.3537953836910244,0.0019035987815827,17.276184329142932,17.27645829312747,-9.263925172474467,-9.264009455504498,5.0222391910104136e-05,0.0,0.0,0.0,0.0,0.0,0.0,0.0,0.0,0.0,0.0,0.0,0.0,0.0,0.0,0.0,0.0,5.0586823726273735,5.041620021978023,0.0016892910709746,4.96667,0.0,-35951.5442,-3595.15442
calculation291,True,6,0,2,4,0.0,0.3333333333333333,0.6666666666666666,5.333333333333333,1.8433333333333333,1.3566666666666665,66.04333333333332,9.333333333333332,0.0471404520791031,0.0555956191596302,0.6365141682948128,0.5793801642856949,0.0787300034975785,0,1,1,2,0.0,0.0,0.2222222222222222,0.0,0.1111111111111111,0.4444444444444444,-0.5,0.0,-0.666666666666667,-1.666666666666667,-2.666666666666667,2.166666666666667,-17421.3554,-2903.5592333333334,-6.142547,40,10.586784000000048,3.002801,2.68694,90.0,90.0,90.00000541200987,85.41783759845607,14.236306266409343,0.2836367493660007,0.2538013432596705,3.94008946980582,0.001562,-0.002635,-0.00126,-0.0,0.0,0.0,1.245959362374,0.004197,0.0,0.0,0.0,0.0,0.0,NM,0.0,0.0,0.0,0.0,0.0,0.0,0.0,0.0,0.0,0.0,0.0,0.409734,0.3053861184371989,0.0,0.0,0.0,0.0,17.590282000000002,1.600000000046009e-05,0.409718,1.5999999999988246e-05,13.20485925,0.1182763281501734,-0.20485925,0.1182763281501734,-0.409718,0.20485925,0.61457725,system_311,0.0,0.0,0.0,0.0,0.0,0.0,0.0,0.0,0.0,0.0,0.0,0.0,0.0,0.0,0.0,0.0,0.0,0.0,0.0,0.0,0.0,0.0,0.0,0.0,0.0,0.0,0.0,0.0,0.0,0.0,0.0,0.0,12.997245934030452,12.997245934030452,-2.636907124047269,-2.636907124047269,9.773365865036205,9.773365865036205,1232.87130182563,1232.87130182563,0.2884069834123627,0.2884069834123627,0.0,8.965920654459177,8.965920654459177,-8.286204495158051,-8.286204495158051,0.0,10.716352176654365,2.601875023513253,6.593553609681869,524.0321038278612,10.71635217465236,2.601875021147136,6.5935536095830685,524.0321039967577,0.2902553895292454,0.2902553895292454,0.0,1.4231091454390414,-4.715904397321076,1.4231091458394425,-4.715904399007757,2.36611663595454e-09,0.8157653026973023,0.8157653026973023,0.0,0.73328,0.0,-17398.1354,-2899.689233333333
calculation292,True,8,3,2,3,0.375,0.25,0.375,6.25,1.7375,1.3175,61.42,7.625,0.1503121751555741,0.0547003237396568,1.0821955300387671,0.9850568223215076,0.1073129086790473,1,1,1,3,0.09375,0.140625,0.09375,0.140625,0.0625,0.140625,-0.125,0.6,0.25,-0.75,-1.75,1.25,-24223.246,-3027.90575,-6.715639,20,2.800376,5.586609354127152,6.135542108887364,90.77778049809066,90.0,90.0,95.97929951162294,11.997412438952868,1.9949497332240929,2.1909708228064244,2.1909708228064244,-0.001664,-0.00097,0.000785,-5.7e-05,-0.0,0.0,0.987474865422,0.002449,0.3624090000000002,7.584663,3.203463,0.045301125,0.948082875,AFM,2.27153,-0.1358879999999999,2.361277746738123,0.234189,0.234189,0.0,0.100565,0.100565,0.0362096029896306,1.1635495524546828,0.6332136753982897,0.686038,0.399767148221761,15.002108666666668,0.2229121337587725,-0.0021086666666666,0.2229121337587725,17.7488245,6.750000000010914e-05,0.2511755,6.749999999999812e-05,13.165341333333336,0.5541467442788856,-0.1653413333333333,0.5541467442788859,-0.2532841666666666,0.1632326666666666,0.4165168333333333,system_313,21.708338178411427,-1.2735959332415472,9.535368252755308,805.6852460983434,21.724368856236744,-1.2846696143803589,9.550610471949373,812.1997333988121,2.322754666262658,0.4618969872870123,0.6682551035076723,8.667386403156804,-8.870942672530358,8.973958736728987,-8.881549873731114,0.0110736811388116,0.4297099516740998,20.062135207537185,0.0,10126.532470076954,0.540149569842695,13.430883823478432,0.0,893.3660564812712,-0.0094459911827922,0.0027431460464285,0.0,-0.2228702712059969,0.0,-0.1462073328291495,0.0,6.6312513840587535,12.72075561408728,12.742098200434812,-3.6384406375225216,-3.4678310629151614,9.624688927190189,9.522051647943798,1259.1649786215917,1216.292323647722,0.2897682387759731,0.3132564098474026,-0.038950598661348,8.965010660762525,8.57177354651922,-8.99438445902851,-8.897964933494642,-0.170609574607361,9.0451442300811,1.7035343404221863,7.849187112943836,421.2756116301776,8.807813395764764,2.1662575386239875,7.625585899930259,452.4130872012392,0.1427857857363631,0.0682425174217532,0.3532382490833807,1.9982931469545455,-8.092710012189432,1.7018984033907665,-7.526223020649591,-0.4627231982018009,2.960874306193802,0.9533018251748246,0.512897839453385,0.90087,0.0,-24192.756,-3024.0945
calculation293,True,8,3,4,1,0.375,0.5,0.125,8.0,1.7625,1.2775,58.6625,7.125,0.1676119029186172,0.0398660445938617,0.9743147528693494,0.8868595071429147,0.0771449538388907,1,1,1,3,0.1875,0.046875,0.0625,0.140625,0.25,0.015625,-0.125,0.4285714285714285,2.0,1.0,0.0,0.5,-29192.8683,-3649.1085375,-6.559917,10,5.036363996619982,2.593555,6.956359781369132,90.0,91.42260568349045,90.0,90.83656987392312,11.354571234240389,0.5149657573877888,1.3812265725904052,1.3812265725904052,0.002959,-0.001042,0.000988,0.0,0.000106,0.0,-1.5514410405899997,0.0040009999999999,-4.248516,10.449188,3.087797,-0.5310645,1.3061485,FiM,2.995375,-1.1216676666666667,2.780505555403109,0.2933219999999999,-0.2933219999999999,0.212106887067582,0.289775,0.289775,0.0,1.0101964108460266,0.2098864983236227,0.643755,0.2897845458031869,14.8805,0.2448456226768199,0.1195,0.2448456226768206,17.928686,0.0598926762008507,0.071314,0.0598926762008511,13.643755,0.0,-0.643755,0.0,0.048186,0.763255,0.715069,system_314,22.23676913621953,-0.8360404570532056,9.212808274313344,680.8261374566092,22.285218641962096,-1.4761895220577397,9.563453949965162,775.6275893712456,2.0987633771338645,1.0418074879540462,0.3365489697842662,7.098408275172728,-8.95495091434205,10.238573852732255,-8.98714591001006,0.6401490650045341,1.213962483246234,8.712021942424771,7.603821974294955,-324.8039036861626,1.2935318791168502,7.971185835508559,7.809043102566888,-349.1034136912707,-0.0417041801080919,-0.0146176284633367,0.0,0.0620952030884767,-14.191292611623869,0.084495169849491,-13.41776597750328,0.7408361069162117,25.09106555600389,25.01282535329712,-3.715273925180152,-3.9905596609321208,8.852004579578416,8.983671027652811,1062.2557454498642,1120.9759091907183,2.9229973576429567,1.1298591992849167,0.4424381009223938,16.685508909714173,17.93384301486382,-8.617365467129948,-8.772219461468904,0.2752857357519689,3.508961496333838,1.930086686623853,9.126887254064451,143.90215641003962,3.3872600919448264,2.885179937722204,8.705182677717747,158.79630532774178,0.0780343532275724,0.0431857310653347,0.2874822465725405,0.8044714295043219,-10.173821096747057,0.5752367040206344,-9.58775132119911,-0.9550932510983507,5.4985963349150815,2.5272884068431622,0.3702156240311258,1.89237,0.0,-29157.2783,-3644.6597875
calculation294,True,8,5,2,1,0.625,0.25,0.125,7.25,1.6725,1.2825,57.725,6.375,0.1607599141577277,0.0381489001769608,0.9002560512685369,0.8194483718728035,0.0831987927238649,1,1,1,3,0.15625,0.078125,0.03125,0.390625,0.0625,0.015625,0.125,0.7142857142857143,1.25,0.25,-0.75,0.25,-25990.4088,-3248.8011,-7.149407,9,5.01826000035869,5.084544000354014,3.48639,90.0,90.0,90.00136116458698,88.9572063715325,11.119650796441562,1.0132085623284937,0.6947408065247325,1.4393857257388558,-0.001979,-0.001011,0.002177,-0.0,0.0,3e-05,0.4341898678139996,0.004156,4.112636999999999,9.243153,2.591198,0.5140796249999999,1.155394125,FiM,1.7184154,0.7981330000000001,1.793687803524571,0.193262,0.193262,3.999999999999837e-05,0.264552,-0.264552,0.0,0.9044876771021326,0.1322646688949026,0.43547,0.2021539854661771,14.974854400000002,0.1312741408329911,0.0251455999999999,0.1312741408329912,17.8451295,3.5000000000451337e-06,0.1548705,3.5000000000035003e-06,13.43547,0.0,-0.43547,0.0,-0.1297249,0.4606156,0.5903405,system_315,36.46055444528554,-1.8551765042482584,9.538411498827951,794.3041554563754,36.52258274100346,-1.3283867981259585,9.308122866769056,726.8287925420495,2.5285756249786218,2.152452232273377,0.0803505990938598,16.406517173546778,-9.244839435158138,12.679597495829954,-9.158472112317405,-0.5267897061222999,1.882769092335868,7.884827054365511,8.868013737130946,-680.517599256839,1.721288602206031,8.595825890844791,8.749702478227537,-793.9694725793805,-3.57663531468527e-05,-0.0023487429334665,0.0,0.1759422856581759,-14.233730511468874,0.1514617139935442,-14.72502524028088,-0.7109988364792805,12.329771815747836,12.384636991740408,-4.78830806317078,-4.6013131896611945,8.956429595233725,8.897596014389565,1157.2978763930755,1123.9445845495552,0.3319617075326174,0.6993454849477523,-0.356231179316756,8.819164465640608,8.463605475313216,-9.481937700437776,-9.400516247609357,-0.1869948735095858,2.821649536048488,4.146683273636929,6.828693676586698,617.2440894269196,2.9838941318814545,2.790412500794815,7.677003378999983,449.6422315774675,0.0345954786610389,0.033795339635914,0.0116995094524337,0.2806091263912624,-3.052005787318488,0.521980486048383,-7.062128132628874,1.3562707728421135,3.1893636885614427,3.0526560337162856,0.0219011891867704,2.30489,0.0,-25959.0988,-3244.88735
calculation295,True,8,1,6,1,0.125,0.75,0.125,8.75,1.8525,1.2725,59.6,7.875,0.1189274989226629,0.0411637069543358,0.7356219397587946,0.6695919455357792,0.0674014924477262,1,1,1,3,0.09375,0.015625,0.09375,0.015625,0.5625,0.015625,-0.375,0.1428571428571428,2.75,1.75,0.75,1.25,-32395.473,-4049.434125,-6.528627,8,10.021371,2.546636,3.440965,90.0,90.0,90.0,87.81612506008106,10.977015632510131,0.2541205190387622,0.3433626995747388,2.9123722560386405,-0.003019,0.001813,0.000845,0.0,-0.0,0.0,0.1927952549579999,0.0048319999999999,-5.081668,5.391153999999999,3.235549,-0.6352085,0.6738942499999999,FM,3.235549,-3.235549,0.0,0.3334769999999999,-0.3334769999999999,0.2030772401164969,0.154743,0.154743,0.0,1.4628337925102175,0.7931405689889507,0.235554,0.1545323075152895,15.126187,0.0,-0.126187,0.0,17.939709833333335,0.1276868574957459,0.0602901666666666,0.1276868574957457,13.235554,0.0,-0.235554,0.0,-0.1864771666666666,0.109367,0.2958441666666667,system_316,7.454601861534552,0.0053027338770339,8.598400065537168,563.6822830500222,7.470814228679677,-1.9858615956381835,9.6305101065938,827.9446471921349,0.2468623913311156,1.3214693772114452,-0.6851911103471136,1.3303024318863184,-8.668100518548737,4.41888901206153,-8.768701047707841,1.9911643295152173,0.618974821654368,1.2488321658986925,12.451353490213272,-238.00892200377325,0.6321465717308322,2.972605686963056,11.646568455176498,-639.4105952102635,-0.0015412677793761,-0.0013790522609334,0.0,0.2302587353073431,-13.736546630114882,0.1740808902470772,-14.075554042693176,-1.7237735210643634,38.21223658699199,38.07143426324047,-3.3735867653976315,-3.6964328246982823,8.928027371743724,9.063479669207286,1041.9010936557902,1101.5242532793031,4.763267692905288,2.516278087489641,0.3086716772174408,25.015334887930404,27.165393817301403,-8.438571535578362,-8.617129913611917,0.3228460593006512,3.18451484152067,3.825981520890383,7.500832176300343,405.4301929630884,3.1180339765139418,4.432190302963389,6.910008166874206,525.5902143374332,0.0140618858488615,0.0241138090112162,-0.2633068814908865,0.472040352813097,-6.459524058563487,0.3514823245411859,-4.312723466570154,-0.606208782073006,5.213906615384617,4.112449443806201,0.1181015569840876,1.02133,0.0,-32355.603000000003,-4044.450375
calculation296,True,8,6,0,2,0.75,0.0,0.25,6.0,1.6150000000000002,1.305,58.635,6.25,0.112583302491977,0.0464534699347974,0.5623351446188083,0.5118595071429147,0.1091485927170972,1,0,1,2,0.0,0.1875,0.0,0.5625,0.0,0.0625,0.25,1.0,0.0,-1.0,-2.0,1.5,-21903.3019,-2737.9127375,-7.072186,6,5.118213000000098,5.179630000000096,3.626656,90.0,90.0,90.0000222562405,96.14428110884973,12.018035138606214,1.011999695987642,0.7085785605249197,1.4112761177239026,0.004589,-0.001609,0.002695,-0.0,0.0,0.0,-3.03078413265,0.006198,-8.199999999982527e-05,14.310206,2.429972,-1.024999999997816e-05,1.78877575,AFM,2.3811705,-1.2499999999970868e-05,2.381419977726507,0.0,0.0,0.0,0.0115915,-3.500000000000031e-06,0.0115915,0.573851673679362,1.1460286473607725e-05,0.4489,0.2633678934126356,14.8503955,0.0543842910031623,0.1496045,0.0543842910031625,0.0,0.0,0.0,0.0,13.448813,8.69999999997262e-05,-0.448813,8.700000000000374e-05,0.1496045,0.5984175,0.448813,system_317,43.22419424261372,-1.7669488129651914,9.278116657157431,761.0450739850387,43.22419697517606,-1.7669572233505226,9.278122610566903,761.0467464704133,4.327670779584242,4.327509890048553,1.8588813085475422e-05,17.469520671878193,-9.135902711077746,17.46958297919801,-9.13590696719778,8.410385331281134e-06,0.8858936991299802,29.62042547673474,0.0,49224.57580232405,0.8858782168444146,29.620989330132364,0.0,49227.673573338674,-0.0319173171957542,-0.031918135615934,0.0,-0.5794555104971411,0.0,-0.5794650067945096,0.0,-0.0005638533976224,0.0,0.0,0.0,0.0,0.0,0.0,0.0,0.0,0.0,0.0,0.0,0.0,0.0,0.0,0.0,0.0,5.468917943316157,2.74971029917702,7.392432879279969,617.1872603664934,5.46895418655723,2.749696894762964,7.392506502521837,617.1765261511772,0.159626163236988,0.1596275089192807,-4.215087906802758e-06,0.916999342434334,-5.79662455731879,0.9170163292212994,-5.796782695751444,1.3404414056061851e-05,5.063293975024975,5.063142084915086,1.4999364928640485e-05,3.03709,0.0,-21876.6819,-2734.5852375
calculation297,True,8,6,0,2,0.75,0.0,0.25,6.0,1.6150000000000002,1.305,58.635,6.25,0.112583302491977,0.0464534699347974,0.5623351446188083,0.5118595071429147,0.1091485927170972,1,0,1,2,0.0,0.1875,0.0,0.5625,0.0,0.0625,0.25,1.0,0.0,-1.0,-2.0,1.5,-21903.772,-2737.9715,-7.188617,11,10.117303,2.605549,3.556638,90.0,90.0,90.0,93.75699210833768,11.719624013542209,0.2575339495120389,0.3515401288268227,2.8446254580871035,-0.005029,-1.3e-05,0.001444,0.0,-0.0,0.0,1.921543843044,0.006473,0.0030909999999999,12.231387000000002,2.197719,0.0003863749999999,1.5289233750000002,AFM,2.0286965,0.0004881666666666,2.036202906474403,0.0,0.0,0.0,0.029604,8.099999999999948e-05,0.029604,0.5747518627118421,0.0005052933194205,0.673082,0.4272832855010939,14.775784,0.205758262557465,0.224216,0.2057582625574649,0.0,0.0,0.0,0.0,13.6726485,0.0004335000000006,-0.6726485,0.0004334999999999,0.224216,0.8968645,0.6726485,system_318,43.3316620714663,-1.859733062788436,9.330612014610391,764.1743246986256,43.33174497894778,-1.8593457092840324,9.330474614572854,764.1369613352023,4.054526243987567,4.0472982156886665,0.0008921482235113,17.426932581871604,-9.30759100446904,17.42435474963094,-9.307556450192532,-0.0003873535044032,1.2243570219584976,22.509998729901245,0.0,20658.391964110477,1.2242708877299189,22.51386137350736,0.0,20670.085999518877,-0.0074269511070928,-0.0073401757040958,0.0,-0.5639141571831371,0.0,-0.5638985810256666,0.0,-0.0038626436061157,0.0,0.0,0.0,0.0,0.0,0.0,0.0,0.0,0.0,0.0,0.0,0.0,0.0,0.0,0.0,0.0,6.391745072375478,0.8584212634363477,9.4061371236893,291.2038330265018,6.391757613022443,0.8585303388005427,9.40621329930152,291.1702269367925,0.14016089774016,0.1398464331557943,0.0011230583976477,1.6927176450723782,-10.52545411355837,1.6924433209747447,-10.526225530304105,-0.000109075364195,4.395606206793211,4.387984739510493,0.0008676937859822,2.61084,0.0,-21877.152,-2734.644
calculation298,True,8,0,6,2,0.0,0.75,0.25,8.25,1.885,1.29,61.4475,8.5,0.0433012701892218,0.0537070017850814,0.5623351446188083,0.5118595071429147,0.0777270043837614,0,1,1,2,0.0,0.0,0.1875,0.0,0.5625,0.0625,-0.5,0.0,2.25,1.25,0.25,0.75,-31512.3531,-3939.0441375,-6.685648,9,5.133095,5.071407,3.406247,90.0,90.0,90.0,88.6714693007859,11.083933662598238,0.987982299178176,0.6635854197126685,1.5069649969599972,-0.001745,0.000337,-0.002535,-0.0,-0.0,-0.0,2.105794155954,0.002872,0.0,0.0,0.0,0.0,0.0,NM,0.0,0.0,0.0,0.0,0.0,0.0,0.0,0.0,0.0,0.0,0.0,0.365992,0.2415997430728339,0.0,0.0,0.0,0.0,17.878018333333333,0.1353117179782374,0.1219816666666666,0.135311717978238,13.3659445,4.749999999997812e-05,-0.3659445,4.750000000000587e-05,-0.1219816666666666,0.3659445,0.4879261666666666,system_319,0.0,0.0,0.0,0.0,0.0,0.0,0.0,0.0,0.0,0.0,0.0,0.0,0.0,0.0,0.0,0.0,0.0,0.0,0.0,0.0,0.0,0.0,0.0,0.0,0.0,0.0,0.0,0.0,0.0,0.0,0.0,0.0,38.54816481222916,38.548164812629565,-3.271078784531694,-3.271078784645153,9.270366988803376,9.270366988726312,1122.9636799718432,1122.9636799942052,4.799520018416865,4.799520018416865,0.0,26.087120363541267,26.087120364742468,-8.524044108059345,-8.524044108010079,1.1345857586775308e-10,6.213454480230679,3.847050740838722,7.679555404644097,434.4219898819872,6.2134544814318815,3.8470507341024502,7.679555408565957,434.4219890972525,0.1770006228727274,0.1770006228727274,0.0,0.8423622727843313,-6.542515218639317,0.8423622747863326,-6.542515233436953,6.736271540574989e-09,5.348336249750235,5.348336249750235,0.0,1.01205,0.0,-31472.8931,-3934.1116375
calculation299,True,10,4,1,5,0.4,0.1,0.5,5.300000000000001,1.7160000000000002,1.338,62.705,7.8,0.13857849761056,0.0539774890441488,0.9433483923290392,0.858672711073255,0.1131446009205758,1,1,1,3,0.04,0.2,0.05,0.16,0.01,0.25,-0.0999999999999999,0.8,-0.6999999999999993,-1.6999999999999993,-2.6999999999999997,2.1999999999999997,-26770.6285,-2677.06285,-6.521716,49,2.704332,14.864255000000034,3.418103,90.0,90.0,90.00000385460149,137.4004957688785,13.74004957688785,5.4964608635330405,1.2639361587260736,1.2639361587260736,-0.000472,-0.000977,-0.000559,-0.0,0.0,0.0,1.072390227024,0.000505,-1.2373150000000002,10.266362999999998,3.081221,-0.1237315,1.0266362999999998,FiM,2.4469570000000003,-0.3367255,2.4669184818303687,0.175975,-0.175975,0.0,0.0605119999999999,0.0571124,0.0521800175300852,1.1655066195046426,0.6069774730383366,0.704731,0.3415453551582864,14.82846425,0.36184704884065,0.17153575,0.3618470488406496,17.535453,0.0,0.464547,0.0,13.230138,0.0943182747318882,-0.230138,0.0943182747318885,-0.29301125,0.40167375,0.694685,system_320,28.90376595554737,-0.9861576605076184,9.398159522847344,771.4887355557754,28.97762742746573,-1.1573539397996735,9.500873150544589,793.5891970357674,2.7141005409379577,1.728394946157168,0.2218810570869766,11.03961677713476,-8.587937271182616,12.229115922885423,-8.690700262128388,0.1711962792920554,1.010052223679108,14.950823207371078,0.0,2581.3415527222573,1.082961883183217,14.338074193250073,0.0,2492.033588333184,0.0050692857378228,0.0154000582525768,-0.5046948509732042,-0.1491694584012662,0.0,-0.1586130452393757,0.0,0.6127490141210057,6.403139796311881,6.375337485001143,-3.251820979302222,-3.417329484648953,9.3317277555135,9.410611338480088,1149.569414929886,1190.2034882823923,0.4639104278753782,0.202587280511686,0.3920840898254529,4.258650772755872,4.460399602873348,-8.591413925931157,-8.661315239865845,0.1655085053467311,14.50924523662816,1.884212451630107,7.760397598516305,467.9204146706739,14.360853565330908,2.042546855177659,7.652939661822616,483.32383915749335,0.5075940864880705,0.3924376430363539,0.1279470930570026,2.453477116985141,-7.369947113473475,2.2696670738139075,-7.048779377584163,-0.158334403547552,4.143765892607393,2.767097896103895,0.1992034626340412,1.26182,0.0,-26736.2385,-2673.62385
calculation300,True,8,8,0,0,1.0,0.0,0.0,7.0,1.55,1.27,54.94,5.0,0.0,0.0,0.0,0.0,0.0,1,0,0,1,0.0,0.0,0.0,1.0,0.0,0.0,0.5,1.0,1.0,0.0,-1.0,0.5,-23671.5986,-2958.949825,-7.735403,5,2.445663,9.857248,3.449307,90.0,90.0,90.0,83.15419166605902,10.394273958257378,4.030501340536288,1.4103770633975328,1.4103770633975328,-0.00258,0.003082,0.00216,0.0,-0.0,0.0,-1.421664733236,0.005662,0.0001419999999999,0.013738,0.001736,1.774999999999997e-05,0.00171725,NM,0.00171725,1.774999999999997e-05,0.001717251128257,0.0,0.0,0.0,0.0,0.0,0.0,0.0,0.0,0.000279,0.0001795494360893,15.0,0.0001795494360895,0.0,0.0001795494360893,0.0,0.0,0.0,0.0,0.0,0.0,0.0,0.0,0.0,0.0,0.0,system_321,57.953721595051725,-2.1467092726734665,9.761666677420893,851.6760055002004,57.95374230324133,-2.146684582168481,9.76165729111223,851.6724068434929,4.541431538135048,4.540825661857966,6.670987880443001e-05,23.402151508726977,-9.948261437510546,23.401980524098004,-9.94825303734877,-2.4690504985436235e-05,3.14657817091723,5.4688282093211225,10.517444208639082,-902.3855319711056,3.146570968114325,5.468866624440298,10.517428507384231,-902.3859666174192,0.0005417709059667,0.0005402304234504,0.0014237344025327,0.5406588295318359,-14.28541547221369,0.5406551110132739,-14.285390244655789,-3.841511917546114e-05,0.0,0.0,0.0,0.0,0.0,0.0,0.0,0.0,0.0,0.0,0.0,0.0,0.0,0.0,0.0,0.0,0.0,0.0,0.0,0.0,0.0,0.0,0.0,0.0,0.0,0.0,0.0,0.0,0.0,0.0,0.0,0.0,4.692583916083916,4.691982155094905,6.412240954422756e-05,4.0014,0.0,-23644.1586,-2955.5198250000003
calculation301,True,2,1,0,1,0.5,0.0,0.5,5.0,1.6800000000000002,1.34,62.33,7.5,0.13,0.0522388059701492,0.6931471805599453,0.6309297535714574,0.1185624899727257,1,0,1,2,0.0,0.25,0.0,0.25,0.0,0.25,0.0,1.0,-1.0,-2.0,-3.0,2.5,-5034.144,-2517.072,-6.799272,8,2.68339,2.683393,3.579244,90.0,90.0,90.0,25.77266834733025,12.886334173665125,1.0000011179888126,1.33385158325849,1.33385158325849,0.003502,0.003503,0.002242,0.0,0.0,-0.0,-4.938442444865999,0.001261,-2.340029,3.120669,2.730349,-1.1700145,1.5603345,FM,2.730349,-2.730349,0.0,0.0,0.0,0.0,0.39032,0.39032,0.0,0.7498485100470444,0.8570439163638055,0.539486,0.539486,14.460514,0.0,0.539486,0.0,0.0,0.0,0.0,0.0,13.539486,0.0,-0.539486,0.0,0.539486,1.078972,0.539486,system_322,7.284774568310963,-0.3795828039825152,9.04154932155357,683.4007019449728,7.340809057516701,-1.7721427618233878,10.055865750976126,952.1586643021292,0.3922029568636375,0.2187656969545463,0.2838725993964067,1.736031588326597,-8.471426309381268,4.186113860729163,-8.925333718423104,1.3925599578408725,-0.247608148646126,0.0,0.0,0.0,-0.0861212416416776,0.0,0.0,0.0,-0.0033132197909091,-0.0008685005727272,0.0,-0.3386153813758349,0.0,-0.2681328728380358,0.0,0.0,0.0,0.0,0.0,0.0,0.0,0.0,0.0,0.0,0.0,0.0,0.0,0.0,0.0,0.0,0.0,0.0,3.228173358814832,0.3225950259098973,9.378061538397173,350.0082399247304,3.037169528008412,1.4607553820046884,8.972268622751095,339.97587476241654,0.0383230723363637,0.0416259500636364,-0.0413122966125561,0.9783245012787652,-10.257232115757205,0.6728141232446272,-9.714473685994529,-1.138160356094791,0.4764974540459551,0.3564621693306702,0.1441069667082896,0.02799,0.0,-5027.694,-2513.847
calculation302,True,6,5,0,1,0.8333333333333334,0.0,0.1666666666666666,6.333333333333334,1.5933333333333333,1.2933333333333334,57.40333333333333,5.833333333333334,0.0968962790249908,0.040341432583759,0.4505612088663046,0.410118486306518,0.0959557653662589,1,0,1,2,0.0,0.1388888888888889,0.0,0.6944444444444445,0.0,0.0277777777777777,0.3333333333333333,1.0,0.3333333333333339,-0.6666666666666661,-1.666666666666666,1.166666666666666,-16869.9191,-2811.6531833333333,-7.250241,12,2.590438,2.590438,10.280622,90.0,90.0,90.0,68.98676749689412,11.497794582815686,1.0,3.968680972098155,3.968680972098155,-5.4e-05,-5.4e-05,0.0001,-0.0,-0.0,-0.0,0.0042724710239999,0.000154,1.7011479999999994,10.262974000000002,2.056929,0.2835246666666666,1.7104956666666669,FiM,2.0065336,0.3862907999999999,1.970261224181545,0.0,0.0,0.0,0.230306,-0.230306,0.0,0.3888251080411632,0.2843749002225152,0.103498,0.0804823960399622,15.0032842,0.0877962611331483,-0.0032841999999999,0.0877962611331484,0.0,0.0,0.0,0.0,12.983579,0.0,0.016421,0.0,-0.0032841999999999,-0.0197052,-0.016421,system_323,35.885308967840544,-2.081617425534052,9.41731602509546,800.0215698749848,35.84185356057525,-1.8898400825537631,9.271519708526064,757.4086292984696,1.9285527951920207,2.8151418733725686,-0.1868984283612891,15.447150036744814,-9.438990693618791,13.672066148730508,-9.42746419908601,-0.1917773429802889,1.8833172533394016,7.320929914610263,8.925801360791004,-688.9989529992534,1.7376022113778913,8.269615465074127,8.178954418914318,-557.1195699566815,0.0128818479679621,0.0047614085448587,0.4602574030028094,0.1682591841581361,-14.394759852354508,0.1187229669919172,-13.771541347610205,-0.948685550463864,0.0,0.0,0.0,0.0,0.0,0.0,0.0,0.0,0.0,0.0,0.0,0.0,0.0,0.0,0.0,0.0,2.831205025181616,2.5603476465459165,7.86615017691217,469.34593657042507,2.932521655238832,1.6048566311371688,8.289885980776736,403.18788631623215,0.0140222894721541,0.0420655463437903,-0.4999882142655996,0.5024508781463068,-7.585711094335156,0.6831462999753386,-8.746760894516632,0.9554910154087476,2.092811326423576,3.0860689093406606,-0.1917900275155739,1.98804,0.0,-16849.7491,-2808.2915166666667
calculation303,True,8,4,3,1,0.5,0.375,0.125,7.625,1.7175,1.28,58.19375,6.75,0.1702755120385782,0.0390625,0.9743147528693494,0.8868595071429147,0.0805864321209094,1,1,1,3,0.1875,0.0625,0.046875,0.25,0.140625,0.015625,0.0,0.5714285714285714,1.625,0.625,-0.375,0.125,-27591.5341,-3448.9417625,-6.725052,9,2.570534,2.570534,13.738164,90.0,90.0,90.0,90.77691128414052,11.347113910517564,1.0,5.344478618061461,5.344478618061461,-0.000523,-0.000523,-0.000346,-0.0,-0.0,0.0,0.743409958176,0.000177,-0.3443019999999998,10.816316,3.279881,-0.0430377499999999,1.3520395,AFM,2.5105575000000004,-0.0716984999999999,2.558591243458644,0.2405613333333333,-0.0366366666666666,0.2694399295827468,0.052402,0.052402,0.0,0.8985205954305944,0.0616994506935008,0.273226,0.2042710577743455,15.1308845,0.1210542489413322,-0.1308845,0.121054248941332,17.762970666666664,0.0313585138076121,0.2370293333333333,0.0313585138076124,13.18755,0.0,-0.18755,0.0,-0.3679138333333334,0.0566654999999999,0.4245793333333333,system_324,28.961593636993285,-1.4397779302586593,9.162977807633592,714.5946601693496,29.006936787934947,-1.4559023345289006,9.194003006166438,722.2234906613874,2.545795669890785,1.9848361361055933,0.1238148580166569,11.403547152061822,-8.905494710581236,11.608656741128597,-8.914705014858598,0.0161244042702413,2.304438856254813,2.629157392320408,11.900886296205552,-596.2640690855102,2.287708321236012,2.8179254977584294,11.84641963443813,-657.3508966344241,0.0136822244194805,-0.0092346285345654,5.152638312256055,0.6922283221889095,-13.76938308370447,0.6699646185835999,-13.866500100515868,-0.1887681054380214,19.00366157983158,18.974269617929927,-3.856053468961453,-3.903324477894517,9.164422049425855,9.18176941176246,1133.3514629572535,1143.0729240767607,0.9005913740505496,0.6033181421069176,0.1976669664962116,12.989939855413766,13.116375137085512,-8.961468705953246,-8.979042894785357,0.0472710089330639,3.12823894062912,3.211763062390471,7.879200625988751,375.1701951457882,3.112489568457038,3.367296001669541,7.713380345652133,406.6882503451024,0.0684533059823426,0.0468306695033965,0.1875597747895225,0.528624708688392,-7.527532769577219,0.4848354450913511,-7.120578297653634,-0.15553293927907,3.7909928216783215,2.9901250939060926,0.1181026104754305,2.33566,0.0,-27558.0841,-3444.7605125
calculation304,True,8,5,3,0,0.625,0.375,0.0,8.125,1.685,1.2625,56.34625,6.125,0.1742842505793337,0.0076692739528859,0.6615632381579821,0.6021808102656678,0.032219729680941,1,1,0,2,0.234375,0.0,0.0,0.390625,0.140625,0.0,0.125,0.625,2.125,1.125,0.125,0.625,-28475.1192,-3559.3899,-7.091685,9,2.428702,9.828411,3.50249,90.0,90.0,90.0,83.60542208464376,10.45067776058047,4.046775191027964,1.4421242293208472,1.4421242293208472,0.000235,0.001889,-0.001029,0.0,0.0,0.0,-0.5847944714100001,0.002918,2.944144,4.321082,2.197281,0.3680179999999999,0.54013525,FM,0.7890554,0.5136678,0.9386238045823044,0.1252683333333333,0.1252683333333333,0.0602690238532384,0.0,0.0,0.0,1.2155091282579251,0.4314266342161965,0.148699,0.0806064746832372,15.0405628,0.0597016551643253,-0.0405627999999999,0.0597016551643252,17.932395,0.0638220968683001,0.067605,0.0638220968682999,0.0,0.0,0.0,0.0,-0.1081678,-0.0405627999999999,0.067605,system_325,36.76815150252273,-1.8247829253778016,9.576661252855704,789.1941097772786,36.791181985472434,-1.473520811280564,9.42080967216593,741.4376685012272,4.162750893216659,2.867922076962341,0.1841685457062799,15.957512701951543,-9.353400451093314,13.410724187100865,-9.327805967271482,-0.3512621140972378,2.2897592731958056,4.317215760482352,10.773604415138694,-788.4990093360408,2.2788986217759044,3.9063152719181926,11.160030273522825,-788.6397366144474,-0.0039563630704295,-0.0083784722263986,0.0,0.4879409225374596,-13.895829083521807,0.5477452623293724,-13.884679245960513,0.4109004885641591,18.6098427453752,18.69035613855491,-4.663493623418638,-4.4904992478924,9.04940232735786,8.998235592920915,1165.8285058042593,1135.2349707106382,1.6949657057833665,1.048719287414536,0.2355395827039159,13.15653477826284,12.708143792791152,-9.462351791185114,-9.402843035409148,-0.1729943755262386,0.0,0.0,0.0,0.0,0.0,0.0,0.0,0.0,0.0,0.0,0.0,0.0,0.0,0.0,0.0,0.0,6.296854013486513,4.34379613386613,0.1835468559321346,3.55606,0.0,-28441.2592,-3555.1574
calculation305,True,8,4,0,4,0.5,0.0,0.5,5.0,1.6800000000000002,1.34,62.33,7.5,0.13,0.0522388059701492,0.6931471805599453,0.6309297535714574,0.1185624899727257,1,0,1,2,0.0,0.25,0.0,0.25,0.0,0.25,0.0,1.0,-1.0,-2.0,-3.0,2.5,-20136.0132,-2517.00165,-6.781521,18,10.874913,2.715948,3.500382,90.0,90.0,90.0,103.3862263805512,12.9232782975689,0.2497443427823285,0.321876781910807,3.1067789172724574,-0.000453,-0.000268,0.000608,-0.0,0.0,0.0,0.060348653214,0.001061,4.806515,10.932229,2.795004,0.600814375,1.3665286250000002,FiM,2.51413125,1.38976275,2.109797644136799,0.0,0.0,0.0,0.218926,-0.188134,0.1528886803282048,0.8513001675343443,0.6107876206640123,0.814643,0.4911037781648091,14.540615,0.0977887827488408,0.459385,0.0977887827488409,0.0,0.0,0.0,0.0,13.459385,0.225242179384768,-0.459385,0.2252421793847679,0.459385,0.91877,0.459385,system_326,29.36804392565769,-1.473151947669174,9.845600336284544,869.7734687269437,29.294773029448585,-0.7264529380921889,9.369183170451167,741.0443065899436,1.069938563286704,2.4183267492183584,-0.3865497790829801,14.366230706059628,-8.911034354191779,9.371511543670438,-8.686422897715783,-0.7466990095769852,-0.0847005561625533,0.0,0.0,0.0,-0.4099566306831725,0.0,0.0,0.0,0.0128305107588642,-0.0166807034360303,0.0,-0.9429189957965858,0.0,-1.0855291645524658,0.0,0.0,0.0,0.0,0.0,0.0,0.0,0.0,0.0,0.0,0.0,0.0,0.0,0.0,0.0,0.0,0.0,0.0,12.026734253265795,1.2325647439042524,8.674407967832968,349.8212655765156,12.434177250834445,0.6078491977772288,8.94080730984472,336.33594530801,0.1355610814036677,0.2657528999093908,-0.3244138618837767,2.746266295010422,-9.451521890227497,3.3680689359155127,-9.882538195609015,0.6247155461270236,1.4239526126373612,2.9111429340659334,-0.34305825682655,1.03196,0.0,-20110.2132,-2513.77665
calculation306,True,4,2,0,2,0.5,0.0,0.5,5.0,1.6800000000000002,1.34,62.33,7.5,0.13,0.0522388059701492,0.6931471805599453,0.6309297535714574,0.1185624899727257,1,0,1,2,0.0,0.25,0.0,0.25,0.0,0.25,0.0,1.0,-1.0,-2.0,-3.0,2.5,-10067.8068,-2516.9517,-6.925661,23,5.351434,2.763887,3.467799,90.0,90.0,90.0,51.29137879767469,12.822844699418672,0.5164759576591994,0.6480130372531923,1.5431788289921071,-0.002708,-0.002148,-0.002332,0.0,-0.0,0.0,3.838815215064,0.0005599999999999,-5.600000000027805e-05,4.515764,2.182287,-1.4000000000069512e-05,1.128941,AFM,2.1822545,-3.250000000010189e-05,2.1822545,0.0,0.0,0.0,0.0756275,4.5000000000045e-06,0.0756275,0.9330102283959066,2.480169714463108e-05,0.338285,0.3381770088119534,14.661823,1.600000000046009e-05,0.338177,1.6000000000016e-05,0.0,0.0,0.0,0.0,13.338177000000002,0.0001079999999999,-0.338177,0.0001079999999999,0.338177,0.676354,0.338177,system_329,14.479423878232437,-1.483947049293529,9.37390477228892,766.8236717336465,14.479420317290208,-1.4839833691298738,9.373916235632018,766.8278610440237,0.9999673289904868,0.9994253424319616,0.0002710755952404,5.855269406802217,-8.923637676647353,5.85537263087028,-8.923644119798167,3.631983634488911e-05,0.1123848292450577,103.49491996290666,0.0,2188210.4423939846,0.1123832186323423,103.495763661783,0.0,2188268.5084514995,0.007880112386008,0.0078730517810145,0.0004482023369168,-0.4118316697884101,0.0,-0.4118301466651136,0.0,-0.0008436988763236,0.0,0.0,0.0,0.0,0.0,0.0,0.0,0.0,0.0,0.0,0.0,0.0,0.0,0.0,0.0,0.0,5.908478850586378,0.8988053910139377,8.314173622478378,352.8674517155726,5.908485559318364,0.8988194635750001,8.314183844653627,352.8654582414311,0.1023163400588159,0.1022659167523057,0.0002464695975896,1.3846544010380872,-9.2614168816546,1.3846542006453475,-9.261427928837373,-1.407256106233934e-05,1.2113630224775211,1.2106768256743243,0.0002833135894607,0.75754,0.0,-10054.9068,-2513.7267
calculation307,True,8,8,0,0,1.0,0.0,0.0,7.0,1.55,1.27,54.94,5.0,0.0,0.0,0.0,0.0,0.0,1,0,0,1,0.0,0.0,0.0,1.0,0.0,0.0,0.5,1.0,1.0,0.0,-1.0,0.5,-23671.6063,-2958.9507875,-7.727538,3,4.893686,4.893686,3.465836,90.0,90.0,90.0,83.0004043037444,10.37505053796805,1.0,0.7082260692655802,1.4119785240848095,0.003502,0.003502,-0.002965,-0.0,0.0,0.0,-2.1570638082419995,0.006467,0.095959,0.239375,0.041917,0.011994875,0.029921875,FiM,0.029921875,0.011994875,0.029921885829763,0.0,0.0,0.0,0.0,0.0,0.0,0.4008740099146084,0.5723189417118456,0.000719,0.0006474026471215,15.00000025,0.0006474026471215,-2.500000000000332e-07,0.0006474026471215,0.0,0.0,0.0,0.0,0.0,0.0,0.0,0.0,-2.500000000000332e-07,-2.500000000000332e-07,0.0,system_331,57.71018467082775,-2.233329502293849,9.669172088157424,831.6362171230153,57.71439180695596,-2.223310343485957,9.66557990044901,830.3973673897251,4.806319968666935,5.062533217547632,-0.0259618056978081,23.395858731119336,-9.951863728576516,23.295614359120364,-9.950760556944612,-0.0100191588078923,3.008247428567705,5.004330260826271,10.342489047700209,-877.9996261867143,3.004599677967654,5.013294630082843,10.335046151224756,-878.2191322076554,0.0124798158547805,0.0128722458011343,-0.0154792123686013,0.534442210653803,-14.263856370077583,0.532996449590883,-14.257439613722909,-0.0089643692565717,0.0,0.0,0.0,0.0,0.0,0.0,0.0,0.0,0.0,0.0,0.0,0.0,0.0,0.0,0.0,0.0,0.0,0.0,0.0,0.0,0.0,0.0,0.0,0.0,0.0,0.0,0.0,0.0,0.0,0.0,0.0,0.0,4.9571128611388655,5.217128058941063,-0.0255562257513512,3.11907,0.0,-23644.1663,-2955.5207875
calculation308,True,4,2,1,1,0.5,0.25,0.25,6.75,1.705,1.3,59.5725,7.0,0.1589811309558464,0.0492548018264065,1.039720770839918,0.946394630357186,0.1016472945056464,1,1,1,3,0.125,0.125,0.0625,0.25,0.0625,0.0625,0.0,0.6666666666666666,0.75,-0.25,-1.25,0.75,-12553.0357,-3138.258925,-6.561725,10,2.63276,2.63276,7.057792,90.0,90.0,90.0,48.92055744937554,12.230139362343886,1.0,2.680757835883256,2.680757835883256,-1.3e-05,-1.3e-05,0.002002,-0.0,-0.0,-0.0,-1.055300342928,0.002015,6.276613,7.388861,3.095146,1.56915325,1.84721525,FM,3.094751,3.094751,0.0003950000000001,0.643235,0.643235,0.0,0.556124,-0.556124,0.0,0.6755660387304724,0.7558266914122408,0.10426,0.0635502458335135,14.981885,4.000000000559112e-06,0.018115,4.000000000000531e-06,17.93197,0.0,0.06803,0.0,13.10426,0.0,-0.10426,0.0,-0.0499149999999999,0.122375,0.17229,system_332,14.685641121663275,-2.003721789767988,9.709849022335485,873.3280723085156,14.725665673175726,-0.1014907780263696,8.775389886711075,614.7157370083826,0.8243245180733276,1.3631084961326685,-0.2463087895996262,8.700748123120857,-8.773827064081424,2.9608749750076995,-8.39754012406923,-1.9022310117416183,0.7397919960904025,8.493287202266394,7.440478514278075,-3.83782486162771,0.4708203257786419,14.321333582909984,0.0,2872.4176719484494,0.0130319449276723,0.0349108595534465,-0.4563545012138522,0.0303746413523989,-9.634272994734864,-0.0434689259069651,0.0,-5.828046380643588,6.041650131767821,6.17781414371159,-4.887859314971478,-3.997603323483799,8.540961414146613,8.510035553383307,1087.6483541743712,1009.9531257746202,0.2217047000989013,0.5023498093282724,-0.3876021840557277,4.640103258422958,3.964037022683244,-9.007346259368571,-8.714526940519935,-0.8902559914876789,2.816850598454348,3.42829823142614,6.756191575724209,500.552397176348,3.0462701854913155,1.5751751771968587,8.079588771259553,293.01575719741805,0.074356967005994,0.0465405365686313,0.2300827528683636,0.3610315696092642,-5.108737586051165,0.7799577117394969,-8.514243359619565,1.8531230542292807,1.316309364385614,2.0871580806693304,-0.2264892286258587,0.66913,0.0,-12537.5857,-3134.396425
calculation309,True,6,3,2,1,0.5,0.3333333333333333,0.1666666666666666,7.333333333333333,1.7133333333333334,1.2866666666666666,58.65333333333333,6.833333333333333,0.1666999966673331,0.0434276026275652,1.0114042647073516,0.9206198357143048,0.0890926932314337,1,1,1,3,0.1666666666666666,0.0833333333333333,0.0555555555555555,0.25,0.1111111111111111,0.0277777777777777,0.0,0.6000000000000001,1.333333333333333,0.333333333333333,-0.666666666666667,0.1666666666666669,-20072.4539,-3345.4089833333333,-6.946042,14,2.582451,2.582451,10.176768,90.0,90.0,90.0,67.86940686430513,11.311567810717522,1.0,3.940740017913215,3.940740017913215,0.001243,0.001243,0.001418,-0.0,-0.0,-0.0,-2.084965859712,0.000175,2.3628690000000003,6.888915,2.472061,0.3938115,1.1481525,FiM,2.1281773333333334,0.7503020000000001,2.0083488860290184,0.1696804999999999,0.1384925,0.1696804999999999,0.165022,-0.165022,0.0,0.8711753038170944,0.5107920807489671,0.088617,0.0638867787506843,15.034672,0.0655583682581157,-0.034672,0.0655583682581153,17.9503655,0.0389824999999994,0.0496345,0.0389824999999999,12.995252,0.0,0.004748,0.0,-0.0843065,-0.03942,0.0448864999999999,system_333,21.6545578412279,-1.8790023984914892,9.395164842187318,777.4332389777855,21.68865523575829,-1.3885771996448388,9.176293322330777,707.5775238807305,1.7962189005522693,0.9881573650129012,0.2902127652547521,9.850273851362426,-9.116647014638954,7.682781366637787,-9.104376878182734,-0.4904251988466506,1.3117821523716455,6.128030649674161,10.121996450405884,-862.2785917045267,1.2240771526660734,6.840016969670002,9.895543553320593,-875.0036173798948,0.0038882059293308,0.0107426784280259,-0.4684933823052524,0.1941963242404671,-14.153018034681876,0.1736518391888795,-13.622607028902484,-0.7119863199958418,12.573047252413549,12.624755027578008,-4.130832517626333,-3.959737170553269,8.924565154514726,8.897140592957436,1097.1163059110015,1075.4415222411017,0.9097875316794166,0.7095911558340031,0.1236254233732185,8.8675204579987,8.578071747015755,-8.91843117221504,-8.853312895156531,-0.1710953470730642,2.8559813866280632,3.545230758519034,7.163499287796851,543.2710895430893,2.930199954739424,2.8854035136952563,7.680511553780344,452.0975392715508,0.0474623717170286,0.0421056419989211,0.0598062801202159,0.3998124916528056,-5.652701552471805,0.5352413673399018,-7.217697464114137,0.6598272448237776,2.980903226773226,1.855427006993008,0.2327128556942579,1.3225,0.0,-20048.0039,-3341.333983333333
calculation310,True,10,2,5,3,0.2,0.5,0.3,7.3,1.808,1.302,61.249,8.0,0.1360735095453923,0.0546125617039359,1.0296530140645737,0.9372305632161296,0.0934518957916293,1,1,1,3,0.1,0.06,0.15,0.04,0.25,0.09,-0.3,0.2857142857142857,1.2999999999999998,0.2999999999999998,-0.7000000000000002,0.2000000000000001,-34945.1503,-3494.51503,-6.391282,20,2.751999,2.751998,15.635942,90.0,90.0,90.0,118.41874019046212,11.841874019046212,0.9999996366277748,5.6816670354894745,5.6816670354894745,0.00049,0.00049,0.000491,0.0,0.0,-0.0,-0.785600609538,1.0000000000000243e-06,7.588006,8.670166,3.603934,0.7588006,0.8670166,FM,3.3767315,3.3767315,0.2272025000000002,0.2935942,0.2566549999999999,0.3281781519223972,0.1495773333333333,-0.1495773333333333,0.1219776072819196,1.475710269006893,0.9178908305312552,0.510814,0.2599947209090985,14.9176945,0.0635775,0.0823055,0.0635775,17.8316324,0.1577749488120337,0.1683676,0.1577749488120341,13.335483000000002,0.129731152072276,-0.335483,0.1297311520722759,-0.0860621,0.4177885,0.5038506,system_334,14.41561983768,-2.201849372143674,9.58696052741776,900.7358123341324,14.421802443399477,-0.1365702662053793,8.51354491057421,605.4913194268989,0.6361584673572429,0.6404124725309692,-0.0033323688020807,8.93500723335478,-8.653212756559341,2.579166064250033,-8.450720353905872,-2.0652791059382944,0.9957790090382758,4.898213166417592,9.402621800843315,-528.5294661846743,0.7778301398394509,6.7356152473572415,8.761783649013918,-483.6251737579287,-0.0023032786601398,0.0012383780204795,0.0,0.1481146145945717,-13.63019314232594,0.1039932889580062,-11.820118174513254,-1.8374020809396496,32.0626358540418,32.25837506484762,-3.310521820056493,-3.014811191015653,9.47181491056572,9.385331897459706,1179.1068746044211,1129.5315332161608,0.6586040398615383,2.2263190004616398,-0.5434165621362576,22.5013707000247,21.12080301085833,-8.635712118196482,-8.504238240422552,-0.29571062904084,9.329995223015075,2.49138295766588,7.980420652418515,363.6040698108066,9.50759504622745,2.0801786592096385,8.285034959772409,332.32847315177344,0.2011859436717281,0.2810060940737263,-0.1655360191661536,1.83478877622662,-7.97874834934569,2.1341730710885467,-8.532766729860803,0.4112042984562412,1.7399825694305686,3.5173174505494544,-0.3380698979255971,0.21827,0.0,-34901.380300000004,-3490.1380300000005
calculation311,True,8,1,5,2,0.125,0.625,0.25,7.875,1.84,1.2925,60.97875,8.125,0.1174734012447072,0.052723455204793,0.9002560512685369,0.8194483718728035,0.0851093431751632,1,1,1,3,0.078125,0.03125,0.15625,0.015625,0.390625,0.0625,-0.375,0.1666666666666666,1.875,0.875,-0.125,0.375,-29910.6823,-3738.8352875,-6.490986,12,4.979503872484687,2.615383,7.083811091726896,90.0,92.9968717098261,90.0,92.1284979115357,11.516062238941965,0.5252296347135821,1.4225937509296875,1.4225937509296875,-0.00171,1e-05,0.002695,0.0,-0.000101,0.0,-0.53138858361,0.004405,-3.751175,4.369227,3.200253,-0.4688968749999999,0.5461533749999999,FM,3.200253,-3.200253,0.0,0.1719896,-0.1719896,0.0665751988344007,0.154513,0.154513,0.02044,1.8394361724878967,0.7716669691968452,0.429021,0.2668363582675719,14.792274,0.0,0.207726,0.0,17.874431,0.1402021796734998,0.125569,0.1402021796734986,13.4177855,0.0112355000000006,-0.4177855,0.0112354999999999,0.082157,0.6255115,0.5433545,system_336,7.425857235927101,-0.2130133609314097,8.610973510029881,578.7278931437245,7.435297328085206,-2.1481303335890827,9.57241854209498,827.3939970451631,0.5738727933354147,0.2625939008088161,0.3721354295463738,1.41620874043692,-8.610237450168912,4.410815736015492,-8.864441204451788,1.935116972657673,0.3439093024797254,11.488618821201502,0.0,1436.971626301038,0.3999012322773178,10.36258371525173,2.050877371568068,1088.6256039458542,-0.0057213186618381,-0.000254948146978,0.0,-0.014374195810693,0.0,-0.016578678755095,0.0,1.1260351059497715,31.763000022589864,31.638207312976725,-3.380254228205989,-3.579934797149185,9.07098661130436,9.11843760189204,1090.270393517715,1119.6849555431356,2.748328143158592,1.4563891177032964,0.3072594291846564,21.336731846689272,22.28877866424265,-8.473753553082831,-8.557023183960279,0.1996805689431955,6.400126368072311,2.3419289446343607,8.550269065865285,254.0695695085093,6.261404430119848,2.889539119443274,8.144802117243254,302.9517936002315,0.1335725152086663,0.1298599702455044,0.0140929656293574,1.2450457421891712,-9.131180111830298,1.0028780435668423,-8.280047629236758,-0.5476101748089133,3.744333611388616,2.102875443556439,0.2807250694147793,1.79784,0.0,-29873.3623,-3734.1702875
calculation312,True,8,3,2,3,0.375,0.25,0.375,6.25,1.7375,1.3175,61.42,7.625,0.1503121751555741,0.0547003237396568,1.0821955300387671,0.9850568223215076,0.1073129086790473,1,1,1,3,0.09375,0.140625,0.09375,0.140625,0.0625,0.140625,-0.125,0.6,0.25,-0.75,-1.75,1.25,-24222.9989,-3027.8748625,-6.528899,17,2.701621,2.701622,13.529992,90.0,90.0,90.0,98.75214721684502,12.344018402105627,1.0000003701481444,5.0081014324363045,5.0081014324363045,-0.000975,-0.000975,-0.000682,-0.0,-0.0,0.0,1.4056429668959998,0.0002929999999999,8.541927999999999,11.088268,3.234664,1.0677409999999998,1.3860335,FM,3.0209056666666663,3.0209056666666663,0.1772360726683168,0.4889219999999999,0.263459,0.4889219999999999,0.3492356666666666,-0.3492356666666666,0.111312563203301,0.9240592359599212,0.8702845351111115,0.76357,0.3939041722855954,14.714432666666667,0.2301523145576036,0.2855673333333333,0.2301523145576038,17.8326735,0.2283364999999992,0.1673265,0.2283365,13.397118333333331,0.2609899516486324,-0.3971183333333333,0.2609899516486325,0.1182408333333333,0.6826856666666666,0.5644448333333333,system_337,22.068560623445496,-1.776182116339043,9.934934963812855,918.2844976723763,22.09908838087375,0.0020497970573778,8.99647177101038,659.0161023095338,1.4140809890045452,1.5799389237370285,-0.0553964033527786,12.937099310112195,-8.77252034473796,4.680214618475213,-8.36422460552045,-1.7782319133964208,0.6220262565123367,21.248880922306064,0.0,18035.03860695974,0.1519107323763163,100.71500656604076,0.0,2040369.542239395,-0.001992655690645,0.012590371276695,-1.3760538154596378,-0.3037359679926696,0.0,-0.478331110762362,0.0,-79.4661256437347,12.566618772484674,12.744808188254355,-3.886555257791969,-3.42003489063412,9.24834249998714,9.293381367942397,1179.258987890884,1148.9492011564132,0.6586521674054246,0.4582389577151152,0.1794384476541345,9.005305348051701,8.417532224099993,-8.875629671158698,-8.750915764089426,-0.4665203671578495,8.964917835369336,2.288058293329581,8.145313321598548,385.4232283075781,9.357454424919563,1.230194729200608,8.648998890792226,328.8097839039871,0.3224074439552342,0.1295447500285963,0.4267325095307269,1.7262470094664986,-8.198470056145375,2.485139926246257,-9.177190097897869,1.0578635641289735,2.8687953396603465,2.332706141608392,0.1030643170981454,2.2655,0.0,-24192.5089,-3024.0636125
calculation313,True,6,6,0,0,1.0,0.0,0.0,7.0,1.55,1.27,54.94,5.0,0.0,0.0,0.0,0.0,0.0,1,0,0,1,0.0,0.0,0.0,1.0,0.0,0.0,0.5,1.0,1.0,0.0,-1.0,0.5,-17753.7044,-2958.950733333333,-7.728437,3,2.446793,7.341302,3.465752,90.0,90.0,90.0,62.25407749369504,10.375679582282508,3.000377228478257,1.4164467529537643,1.4164467529537643,0.002253,0.003739,-0.002953,0.0,-0.0,0.0,-1.623004930242,0.006692,-0.005576,0.339886,0.072701,-0.0009293333333333,0.0566476666666666,AFM,0.0566476666666666,-0.0009293333333333,0.0578570733954707,0.0,0.0,0.0,0.0,0.0,0.0,0.2083847579298263,0.0322814086643394,0.00197,0.0013670280010137,15.000000333333332,0.0013670280010135,-3.3333333333334145e-07,0.0013670280010137,0.0,0.0,0.0,0.0,0.0,0.0,0.0,0.0,-3.3333333333334145e-07,-3.3333333333334145e-07,0.0,system_338,43.29884417842235,-2.220446801777443,9.669744590503589,830.39816305557,43.29851353487123,-2.221288325281574,9.670004649281545,830.4928076077196,4.414805247459369,4.407266751408559,0.0008545040271465,17.478721970868598,-9.94702049703972,17.4855617181653,-9.94701003243968,0.000841523504131,2.2513298327840787,4.958229822425064,10.355271707410864,-875.4658084075381,2.251492793674277,4.957056098812352,10.355724049238797,-875.4279812625098,0.0085382784087202,0.008463850166458,0.0043775837791742,0.4044969628264506,-14.23176555745581,0.4045891775961632,-14.232252545535104,0.0011737236127125,0.0,0.0,0.0,0.0,0.0,0.0,0.0,0.0,0.0,0.0,0.0,0.0,0.0,0.0,0.0,0.0,0.0,0.0,0.0,0.0,0.0,0.0,0.0,0.0,0.0,0.0,0.0,0.0,0.0,0.0,0.0,0.0,4.566046043706293,4.558897923076922,0.0007833604957346,2.18047,0.0,-17733.124399999997,-2955.520733333333
calculation314,True,6,4,0,2,0.6666666666666666,0.0,0.3333333333333333,5.666666666666666,1.6366666666666665,1.3166666666666669,59.86666666666666,6.666666666666666,0.1225651754056682,0.050124024995502,0.6365141682948128,0.5793801642856949,0.1163812720037546,1,0,1,2,0.0,0.2222222222222222,0.0,0.4444444444444444,0.0,0.1111111111111111,0.1666666666666666,1.0,-0.3333333333333339,-1.333333333333334,-2.333333333333334,1.833333333333334,-15985.4796,-2664.2466,-7.128812,17,7.882214,2.664465,3.475598,90.0,90.0,90.0,72.99410368237591,12.165683947062652,0.3380351002903499,0.4409418470495726,2.267872751681869,-0.000982,-0.002638,0.002069,0.0,-0.0,0.0,0.828325319778,0.004707,0.0007679999999998,7.931938,2.109292,0.0001279999999999,1.3219896666666666,AFM,1.915037,0.000236,1.924791208800061,0.0,0.0,0.0,0.135895,-8.799999999999086e-05,0.135895,0.6455812948498904,0.0001936287566939,0.258752,0.1831329573697754,14.929814,0.1884895099375561,0.070186,0.1884895099375559,0.0,0.0,0.0,0.0,13.140372,4.399999999993298e-05,-0.140372,4.400000000000237e-05,0.070186,0.210558,0.140372,system_339,28.89858413937024,-1.6517563195094702,9.393371819086148,774.012666473356,28.898574974809584,-1.6515949794802025,9.39329300722624,773.987387601003,2.163248563421318,2.1653749243105764,-0.0004912325812778,11.663379588390088,-9.139465419011549,11.66253650535297,-9.139402272889326,-0.0001613400292677,1.1588727378357588,10.468624485075908,7.111869350511189,-795.9602798158514,1.1588019538568408,10.469829499641117,7.110214627616715,-795.5368129207977,-0.0114019776412646,-0.0114095399715035,0.0,-0.0375587481121239,0.0,-0.0375990366063214,0.0,-0.0012050145652064,0.0,0.0,0.0,0.0,0.0,0.0,0.0,0.0,0.0,0.0,0.0,0.0,0.0,0.0,0.0,0.0,5.85256510201647,1.5230924791389069,8.400908311279144,331.7728009541374,5.8526408733968935,1.522935328797495,8.401043297127002,331.7723272535722,0.1046574938125776,0.1048712860535061,-0.001020347854195,1.249813212833195,-9.128225903960788,1.2499188264364325,-9.128345697079048,0.0001571503414117,2.4550709350649367,2.457770012987015,-0.0005493924901331,1.78125,0.0,-15965.7196,-2660.953266666667
calculation315,True,2,2,0,0,1.0,0.0,0.0,7.0,1.55,1.27,54.94,5.0,0.0,0.0,0.0,0.0,0.0,1,0,0,1,0.0,0.0,0.0,1.0,0.0,0.0,0.5,1.0,1.0,0.0,-1.0,0.5,-5917.9128,-2958.9564,-7.721691,16,2.453292,2.453292,3.477147,90.0,90.0,90.0,20.9277017130876,10.4638508565438,1.0,1.4173392323457623,1.4173392323457623,0.005208,0.005208,-0.005358,-0.0,0.0,-0.0,-2.701269804924,0.0105659999999999,4.999999999921734e-06,1.552615,0.77631,2.499999999960867e-06,0.7763074999999999,AFM,0.7763074999999999,2.499999999960867e-06,0.7763074999999999,0.0,0.0,0.0,0.0,0.0,0.0,3.220373370038119e-06,6.440725998533748e-06,1e-06,1e-06,15.0,9.999999992515995e-07,0.0,1e-06,0.0,0.0,0.0,0.0,0.0,0.0,0.0,0.0,0.0,0.0,0.0,system_340,14.428647350561052,-2.191418238515978,9.625886318288815,820.0128971501294,14.42864762163479,-2.1914158357928706,9.625885479736205,820.0126144522667,1.2184500975162404,1.2184464105983506,1.5129562858336162e-06,5.83236312326487,-9.887248741825603,5.832359093437641,-9.887247666679738,-2.4027231075862687e-06,0.7685314196344923,4.914496775256777,10.392972893994449,-864.4946746289006,0.7685312050200594,4.914499357498752,10.39297106779948,-864.4948003871941,-0.003429905304682,-0.0034295776895412,0.0,0.1405435652445203,-14.154690367547367,0.1405434645438658,-14.154689179417616,-2.582241974913302e-06,0.0,0.0,0.0,0.0,0.0,0.0,0.0,0.0,0.0,0.0,0.0,0.0,0.0,0.0,0.0,0.0,0.0,0.0,0.0,0.0,0.0,0.0,0.0,0.0,0.0,0.0,0.0,0.0,0.0,0.0,0.0,0.0,1.3348878159340656,1.334884324175824,1.3078862383793313e-06,0.79401,0.0,-5911.0528,-2955.5264
calculation316,True,8,2,1,5,0.25,0.125,0.625,4.875,1.7575,1.355,64.64625000000001,8.5,0.1240715519367755,0.0525749330213099,0.9002560512685369,0.8194483718728035,0.1026978993233648,1,1,1,3,0.03125,0.15625,0.078125,0.0625,0.015625,0.390625,-0.25,0.6666666666666666,-1.125,-2.125,-3.125,2.625,-20853.6703,-2606.7087875,-6.308078,64,2.861019,14.582109000000068,2.684751000000186,89.99997472962731,90.0,90.00000392918332,112.0069818878164,14.000872735977053,5.096823544338597,0.9383897835002794,1.0656552507103274,0.002019,-0.001065,0.001362,0.0,0.0,-0.0,-1.236880361448,0.003084,-0.155844,1.093444,0.570462,-0.0194805,0.1366805,FiM,0.503294,-0.067168,0.503294,0.002965,0.002965,0.0,0.0167782,-0.0048946,0.0202482131023949,1.5699433938525031,0.1122829465630108,0.358966,0.2326570674600481,14.779272,0.0101230000000001,0.2207279999999999,0.010123,17.641034,0.0,0.358966,0.0,13.1600846,0.1252164950357581,-0.1600846,0.1252164950357579,-0.138238,0.3808126,0.5190506,system_341,14.425680726541918,-0.9487861645022588,9.578124267064284,815.4059563664181,14.426539484084918,-0.9870545389957964,9.597517523090362,820.8641156704201,1.7613855623938257,1.6640878184094194,0.0284041745966189,5.962083813592613,-8.418756558256321,6.052869059348497,-8.435228310660662,0.0382683744935377,0.0758378742461313,135.56296927761647,0.0,4998004.811196683,0.0902243769361084,112.8684385236058,0.0,2881624.2918804903,-0.0026150585608427,0.0010668858356497,0.0,-0.374230853896859,0.0,-0.3654336617853445,0.0,22.69453075401067,6.503866018369474,6.505587707205157,-2.8172692582397336,-2.813083429309119,9.867265125196894,9.871824993060608,1265.8885622591972,1266.6932054537256,0.257854890418955,0.2114373549945679,0.0989096578476077,4.472780458832009,4.476260442960935,-8.532969432900085,-8.532431496416535,-0.0041858289306144,13.264327666880988,2.189034452842248,6.841460812806133,545.7324129433539,13.260611529108868,2.194459479549157,6.836901339733598,547.598257506386,0.4426939412491977,0.3826186376323735,0.0727909705414107,1.8565433607905677,-5.416770142686792,1.8607981592450875,-5.39629172178827,-0.0054250267069098,2.8228816363636358,2.5814955064935066,0.0446649305719094,1.56091,0.0,-20826.140300000003,-2603.2675375000003
calculation317,True,8,3,1,4,0.375,0.125,0.5,5.375,1.725,1.3375,62.79875,7.875,0.1391941090707505,0.0543986250873093,0.9743147528693494,0.8868595071429147,0.1117194779456232,1,1,1,3,0.046875,0.1875,0.0625,0.140625,0.015625,0.25,-0.125,0.75,-0.625,-1.625,-2.625,2.125,-21736.2257,-2717.0282125,-6.357635,19,10.839185,2.789331,3.639339,90.0,90.0,90.0,110.0320473128554,13.754005914106925,0.2573377057407913,0.33575762384349,2.978338923634209,-0.000828,-0.000384,-0.000237,0.0,-0.0,0.0,0.7738513142219999,0.0005909999999999,-2.227576,9.003804,3.076702,-0.278447,1.1254755,FiM,2.816156,-0.7650213333333333,2.718396830524483,0.120675,-0.120675,0.0,0.10866525,0.04704075,0.1309795348372695,1.1704832330006718,0.3966700441085601,0.425041,0.277831720889839,14.827318333333332,0.2578102862472504,0.1726816666666666,0.2578102862472498,17.911457,0.0,0.088543,0.0,13.15164675,0.2391869592895639,-0.15164675,0.2391869592895638,0.0841386666666666,0.3243284166666667,0.2401897499999999,system_342,21.871023090763494,-0.6637137597119641,9.20657334487258,707.8669502653768,21.813929007112403,-1.1300467408138632,9.467655922228635,788.6290270667048,1.566075391576922,2.016445370022577,-0.1257131523906584,7.664939700558879,-8.420514273459979,9.74915967178112,-8.460197194525653,0.4663329811018991,0.7457480366841832,15.340168451423386,0.0,3629.007654665025,0.7835093305155769,13.689403276984276,0.0,1771.7697926929457,0.0232774570515484,1.135941943057378e-05,0.999024474305534,-0.1462881389681523,0.0,-0.0914075180532259,0.0,1.65076517443911,6.028689771557914,6.010890416689742,-4.219616773384419,-4.398080940093545,8.320995616695601,8.319836734849094,1016.4176460350386,1028.2050308523292,0.4261488356819177,0.4626375242740261,-0.0410545101006243,4.257392149292817,4.375235926089208,-8.44019816493865,-8.504153732976533,0.1784641667091264,11.345813854867398,1.825816336389068,7.600764475874922,424.39683621191386,11.26618319515264,1.982001959813152,7.481112524091148,440.9531964138256,0.6077478132322676,0.4366895286112384,0.1637803224452882,2.0477397396883315,-7.303812604324545,1.8580976283023127,-6.980429476010025,-0.1561856234240839,3.1461911863136853,3.2454420666833164,-0.0155282502047646,1.55972,0.0,-21708.2857,-2713.5357125
calculation318,True,2,1,1,0,0.5,0.5,0.0,8.5,1.73,1.26,56.815,6.5,0.1799999999999999,0.0079365079365079,0.6931471805599453,0.6309297535714574,0.0330018481034937,1,1,0,2,0.25,0.0,0.0,0.25,0.25,0.0,0.0,0.5,2.5,1.5,0.5,1.0,-7518.9888,-3759.4944,-6.823109,10,2.426891,2.426891,3.563908,90.0,90.0,90.0,20.9907050742467,10.49535253712335,1.0,1.4685076503229852,1.4685076503229852,0.000959,0.000959,-0.001296,-0.0,-0.0,0.0,-0.332184622116,0.002255,-1.710808,1.710808,1.418063,-0.855404,0.855404,FM,1.418063,-1.418063,0.0,0.292745,-0.292745,0.0,0.0,0.0,0.0,0.6577698958620721,0.0,0.236335,0.236335,15.236335,0.0,-0.236335,0.0,17.763665,0.0,0.236335,0.0,0.0,0.0,0.0,0.0,-0.47267,-0.236335,0.236335,system_344,7.55275775094111,-0.828548379504469,9.14683980300088,654.3263353754319,7.550840533965355,-1.744166610721548,9.59865001138422,774.9056699649889,0.1650527288679828,1.6705761781819175,-0.8201676512784444,2.2456294874670766,-8.954424341816932,3.6652530011659943,-9.027798811132405,0.9156182312170787,0.5667852993269533,0.5335898204079231,12.022339106518114,-125.5725249120468,0.5873771919838078,1.6707091104651826,11.734519445600014,-339.92008359974653,-0.0011820397276223,0.0092390880030969,-1.2934175611732344,0.2168658563436087,-13.664434867853595,0.1908282200469813,-13.692695340577057,-1.137119290057259,6.115498786843327,6.094714987785695,-4.593998561527669,-4.87156952384463,8.78060552665151,8.983663191032106,1106.0566386623525,1192.3132375916496,0.20697583069131,0.4012359284832168,-0.3193954981330173,4.140311656858753,4.46192926003791,-9.307719566483184,-9.441685708824624,0.2775709623169611,0.0,0.0,0.0,0.0,0.0,0.0,0.0,0.0,0.0,0.0,0.0,0.0,0.0,0.0,0.0,0.0,0.4329797544955073,2.1510148081918072,-0.6648756458332364,0.19985,0.0,-7509.9888,-3754.9944
calculation319,True,8,4,0,4,0.5,0.0,0.5,5.0,1.6800000000000002,1.34,62.33,7.5,0.13,0.0522388059701492,0.6931471805599453,0.6309297535714574,0.1185624899727257,1,0,1,2,0.0,0.25,0.0,0.25,0.0,0.25,0.0,1.0,-1.0,-2.0,-3.0,2.5,-20136.0635,-2517.0079375,-6.588536,23,2.680262,2.680262,14.618100000000034,90.0,89.99999608049066,90.0,105.01357093363684,13.126696366704603,1.0,5.453981737606262,5.453981737606262,0.000454,0.000454,-0.000151,0.0,-0.0,-0.0,-0.4042825706459999,0.000605,4.994220999999999,10.005057,2.875089,0.6242776249999998,1.250632125,FiM,2.271924,1.4406019999999995,1.8517247195162403,0.0,0.0,0.0,0.2293402499999999,-0.19204675,0.1723626141980548,0.8836613538952524,0.6659281866767187,0.627971,0.4132238560489187,14.622347,0.1924924427698401,0.377653,0.1924924427698396,0.0,0.0,0.0,0.0,13.3776525,0.1386050891102126,-0.3776525,0.1386050891102127,0.377653,0.7553055,0.3776525,system_345,29.1547383974955,-1.5265600785256006,9.789301310263532,879.597502368893,28.852400736079986,-0.9160560369120134,9.144165874161718,717.6766473189552,0.6049304513324176,2.704815154515135,-0.6344550165646291,14.529617179827763,-8.837667867797796,9.32791028609576,-8.641682911066953,-0.6105040416135872,0.196881590222553,112.1731794925986,0.0,2873335.4467682773,-0.1774748421370204,0.0,0.0,0.0,0.009603816492957,0.0151913830165334,-0.225348722095894,-0.7808979547967094,0.0,-0.9329944715741896,0.0,112.1731794925986,0.0,0.0,0.0,0.0,0.0,0.0,0.0,0.0,0.0,0.0,0.0,0.0,0.0,0.0,0.0,0.0,11.476481525286204,1.3323564682412803,8.03360906266973,421.3263119383304,11.745837974825704,0.4576070072849916,8.117211038180852,349.58560245696066,0.2467817472025474,0.3281928136208791,-0.141590727599743,2.3713000155790542,-8.418140052739192,2.9801860800638624,-9.103418575831263,0.8747494609562887,1.19136865034965,3.3642184685314653,-0.4769637285995932,1.09229,0.0,-20110.2635,-2513.7829375
calculation320,True,8,7,0,1,0.875,0.0,0.125,6.5,1.5825,1.2875,56.7875,5.625,0.0859869176095992,0.0359616683057322,0.3767701612564367,0.3429509801981277,0.0860757305250598,1,0,1,2,0.0,0.109375,0.0,0.765625,0.0,0.015625,0.375,1.0,0.5,-0.5,-1.5,1.0,-22787.7882,-2848.473525,-7.257303,9,2.582282,2.582282,13.658347,90.0,90.0,90.0,91.07632077189643,11.384540096487056,1.0,5.289254620525566,5.289254620525566,0.000326,0.000326,0.001449,-0.0,-0.0,-0.0,-1.122057702678,0.0011229999999999,-1.7067040000000004,14.33204,2.104432,-0.213338,1.791505,FiM,2.0130342857142858,-0.2782148571428572,1.9943707983228645,0.0,0.0,0.0,0.2408,0.2408,0.0,0.3282477017461653,0.2128226499531385,0.114055,0.0782525064083413,15.006208285714283,0.0817919088361511,-0.0062082857142857,0.0817919088361509,0.0,0.0,0.0,0.0,12.956544,0.0,0.043456,0.0,-0.0062082857142857,-0.0496642857142857,-0.043456,system_346,50.339673470479006,-1.887953016489588,9.34582738090094,768.8856077629678,50.397172731104746,-2.0205570369032406,9.455591672764957,799.8952560385743,3.271230409705095,5.5174706556648445,-0.2555827339276103,19.48319654907918,-9.471770586041693,21.12193716708257,-9.499206170534311,0.1326040204136527,2.743769349013698,7.590080895489426,9.075925459858404,-678.6254322795546,2.8851437989382807,6.936545628691844,9.499054083977242,-733.7354078586346,-0.0029086311033189,0.013354129358543,-1.556915722400172,0.2830209774816638,-13.288483411159698,0.3352691012894366,-13.778198274865838,0.653535266797582,0.0,0.0,0.0,0.0,0.0,0.0,0.0,0.0,0.0,0.0,0.0,0.0,0.0,0.0,0.0,0.0,2.9427065944768063,1.560222297223375,8.412765326173872,393.2752898983036,2.824997247075933,2.5816681162182555,7.905262215736095,455.1770877099332,0.0507713209799925,0.0647518125721714,-0.121018978297243,0.693244779143632,-8.941253555854408,0.494842318937507,-7.67353848998031,-1.0214458189948803,3.790147182567429,6.0712832512487465,-0.2313189839943498,1.28439,0.0,-22760.7582,-2845.094775
calculation321,True,8,6,2,0,0.75,0.25,0.0,7.75,1.64,1.265,55.8775,5.75,0.1558845726811989,0.0068460506228018,0.5623351446188083,0.5118595071429147,0.0290599549388541,1,1,0,2,0.1875,0.0,0.0,0.5625,0.0625,0.0,0.25,0.75,1.75,0.75,-0.25,0.25,-26873.9432,-3359.2429,-7.222645,5,4.935655697509906,2.471584,6.934138534500303,90.0,89.81059627050766,90.0,84.58831475894175,10.57353934486772,0.5007610237575814,1.404907262473485,1.404907262473485,-0.003038,-0.001696,-0.001128,0.0,0.000437,-0.0,3.1306531428360005,0.0019099999999999,0.0001540000000002,8.587883999999999,2.112858,1.925000000002619e-05,1.0734855,AFM,1.408234166666667,7.749999999998962e-05,1.5060280071833272,0.0692395,-0.0001554999999999,0.0692395,0.0,0.0,0.0,0.6908005294175726,3.586383758437248e-05,0.143344,0.1017938965999435,14.981656333333335,0.1116692931974687,0.0183436666666666,0.1116692931974686,18.055031,0.0001230000000003,-0.055031,0.000123,0.0,0.0,0.0,0.0,0.0733746666666666,0.0183436666666666,-0.055031,system_347,43.766965556215446,-1.7953911281346395,9.41851281798417,754.8552883523275,43.76714135876564,-1.7952998145806796,9.418529941649265,754.8515193382535,2.7937407621461547,2.7923115558930083,0.0002558526436515,17.590941167914895,-9.406617921862775,17.590844532542405,-9.406589174984148,-9.13135539601928e-05,2.5690886186358224,4.768226135024676,10.210287803026098,-781.0740767041744,2.56907351975091,4.768086509642632,10.210533364044874,-781.2272134223851,-0.0022464469513986,-0.0021058306213286,0.0,0.4753551042818512,-13.843768240267158,0.4753273939704778,-13.84514188146948,0.0001396253820438,12.33384353869911,12.333747054333053,-4.923331378807619,-4.923643671264252,8.974454173146437,8.974256455953377,1159.5307163049436,1159.48981151579,0.6536998904590909,0.6532660323108391,0.000331958271209,8.616125240163054,8.616480114390775,-9.688090812130795,-9.688124030556652,0.0003122924566332,0.0,0.0,0.0,0.0,0.0,0.0,0.0,0.0,0.0,0.0,0.0,0.0,0.0,0.0,0.0,0.0,4.078087893356645,4.076820104895106,0.0001554632451783,3.94892,0.0,-26842.2232,-3355.2779
calculation322,True,10,2,2,6,0.2,0.2,0.6,5.2,1.778,1.35,64.55799999999999,8.6,0.1203993355463392,0.0546343375246985,0.9502705392332348,0.8649735207179272,0.0996373501037185,1,1,1,3,0.04,0.12,0.12,0.04,0.04,0.36,-0.3,0.5,-0.7999999999999998,-1.7999999999999998,-2.8,2.3,-27489.0015,-2748.90015,-6.417664,34,15.722885,2.746161,3.181106,90.0,90.0,90.0,137.3524384268578,13.73524384268578,0.1746601212182115,0.2023233013534094,4.942584434470275,9.7e-05,0.000335,0.001286,0.0,-0.0,-0.0,-0.917513152404,0.001189,1.4999999999876223e-05,4.425363,2.100952,1.4999999999876223e-06,0.4425363,AFM,2.1009315,2.049999999997887e-05,2.1009315,0.0135494999999999,-6.500000000000429e-06,0.0135494999999999,0.0327335,-2.16666666666746e-06,0.0510642458132128,1.875069737062624,4.5401199052012883e-07,0.38145,0.2921366486829237,14.66782,2.0999999999382624e-05,0.33218,2.1000000000021e-05,17.6186085,5.849999999973932e-05,0.3813915,5.850000000001687e-05,13.237857,0.0199015714287423,-0.2378569999999999,0.0199015714287423,-0.0492114999999999,0.570037,0.6192485,system_350,14.627795165972625,-0.8232744616044596,9.72780934811904,812.9219707869788,14.627793780013237,-0.823269777816378,9.72780694049582,812.9213501996891,1.3120461987066938,1.3120404260871132,2.199858619767216e-06,5.815891979233684,-8.660868922712146,5.815885603491778,-8.660862889728156,-4.6837880816053e-06,0.194792192235528,51.54006771528464,0.0,270857.4573530395,0.194759564014086,51.55031841590438,0.0,271023.401813627,0.0100725307480519,0.0100685117192807,0.0001995442280481,-0.327903668213055,0.0,-0.3279309779203311,0.0,-0.0102507006197427,13.124800664471127,13.12481307937237,-2.681293137950092,-2.68127158866847,9.854219479598338,9.854244986135797,1226.2407793568736,1226.2459647088072,0.5480609998557445,0.5480712011856147,-9.306660145995724e-06,8.804938399944186,8.804956628466496,-8.52209043248709,-8.522089348260875,-2.154928162179104e-05,17.23877893041715,1.913309819249716,7.418774126129486,439.2734179039865,17.23877825630413,1.913325933960924,7.418773542804093,439.2761945181803,0.5194622538695307,0.5195133144821181,-4.91451523431156e-05,2.891775756059742,-7.118271234859205,2.8917776777571045,-7.118245153197982,-1.6114711208103927e-05,2.817875110889106,2.817953217782213,-1.385899082654797e-05,2.35287,0.0,-27452.8815,-2745.28815
calculation323,True,6,2,3,1,0.3333333333333333,0.5,0.1666666666666666,7.833333333333333,1.7733333333333332,1.2833333333333332,59.27833333333333,7.333333333333333,0.1618298145858447,0.0446874039846369,1.0114042647073516,0.9206198357143048,0.0837012592365915,1,1,1,3,0.1666666666666666,0.0555555555555555,0.0833333333333333,0.1111111111111111,0.25,0.0277777777777777,-0.1666666666666666,0.4,1.833333333333333,0.833333333333333,-0.1666666666666669,0.333333333333333,-21674.1148,-3612.3524666666663,-6.671444,11,7.623644,2.554246,3.469251,90.0,90.0,90.0,67.55555278372914,11.25925879728819,0.3350426646364914,0.4550646646144547,2.197489890469153,-0.002201,0.00047,0.00073,-0.0,0.0,0.0,0.5345929368779999,0.0029309999999999,0.4233779999999996,6.009936,2.83057,0.0705629999999999,1.001656,AFM,2.7064955,0.1240744999999998,2.7064955,0.1964156666666666,0.0609756666666666,0.2123514014620315,0.007698,-0.007698,0.0,1.2095819135647263,0.2301649099415886,0.363048,0.2440473988370678,15.1189015,0.0534905000000005,-0.1189015,0.0534904999999999,17.799716,0.15406957780821,0.200284,0.1540695778082097,13.363048,0.0,-0.363048,0.0,-0.3191855,0.2441465,0.5633319999999999,system_351,14.595520734330302,-1.363523864371012,9.3312009433041,732.0263594295628,14.581646813246651,-1.3083759686384953,9.2694196431151,721.3630622885765,1.1303045873585162,1.3008282425368136,-0.0701416447021691,5.847701266520076,-8.987261887110902,5.6027856302508185,-8.957645043259776,-0.0551478957325166,1.090662455102268,2.620574992962073,12.38370446688503,-828.2476444728201,1.0790511741237243,2.603959243797532,12.447058158137295,-828.4646351965323,-0.005566660560989,0.0038066269901098,0.0,0.3064266216409307,-15.477310534479695,0.3069891081204632,-15.434594575047775,0.0166157491645408,19.0278877236943,19.004196872220888,-3.7254815282817337,-3.698301882457818,9.127620623036028,9.076801290507367,1113.6252211201456,1097.9737550043774,1.027824540473351,1.4637125639491764,-0.1749474341369893,13.125005828702465,12.949494398203305,-8.79312722993323,-8.754420070164414,-0.0271796458239155,3.1943077911584066,3.523283342717702,7.974494441809488,367.4892602015097,3.1934095735434105,3.715780262485093,7.942022381276552,369.2330842597164,0.0883948554475274,0.094056582053022,-0.0310314168145564,0.4999786560036438,-7.377636296697327,0.478244827086411,-7.167279065898043,-0.1924969197673913,2.6638195384615395,3.238434576923076,-0.097355184515652,1.77147,0.0,-21647.5248,-3607.9208
calculation324,True,10,3,5,2,0.3,0.5,0.2,7.7,1.782,1.288,59.771,7.5,0.1565119803721107,0.0478351608718923,1.0296530140645737,0.9372305632161296,0.0875477496713969,1,1,1,3,0.15,0.06,0.1,0.09,0.25,0.04,-0.2,0.3749999999999999,1.7000000000000002,0.7000000000000002,-0.2999999999999998,0.2000000000000001,-35828.5502,-3582.85502,-6.581019,13,12.896775,2.598705,3.421478,90.0,90.0,90.0,114.67053981561617,11.467053981561616,0.2015003750937734,0.2652971770074301,3.769357862303952,0.000483,-0.000198,0.000472,-0.0,0.0,0.0,-0.4042825706459999,0.000681,-3.887697,10.233817,3.093497,-0.3887697,1.0233817,FiM,2.884891666666667,-1.0776703333333335,2.680714214465284,0.2577662,-0.1889994,0.2131092854219168,0.1451555,0.1451555,0.0910935,1.1981229970871978,0.3259093890357649,0.642275,0.2949288184723392,15.003141,0.077505351587272,-0.003141,0.0775053515872721,17.821259200000004,0.2102162124408106,0.1787408,0.2102162124408105,13.44214,0.2001349999999995,-0.44214,0.200135,-0.1818818,0.438999,0.6208808,system_352,22.182666117715637,-0.7833017999462757,9.225899269066154,682.1931419666323,22.195879925851603,-1.4247280509789075,9.553071222837486,772.1652291079313,1.624339977654845,1.5076165272592408,0.037268541313541,7.189885725575905,-8.86263066336913,10.22753840639372,-8.913214371117686,0.6414262510326318,1.3339225754669284,5.964599155117868,10.249742253358804,-788.9021494515234,1.4193855062018328,6.024986249375281,9.862314642493155,-701.4985396308664,0.0085761266235764,0.0026042222493506,0.534142936155291,0.2218224815974693,-13.513021405891976,0.2045936487164094,-13.716071863186349,-0.0603870942574129,31.596824458634146,31.499499083713363,-3.627056982579344,-3.830377370306865,8.9405902939107,8.989591560381623,1064.4521621714498,1092.3705086010284,3.2951291759169834,1.9937967628661344,0.2460485225380677,21.254894189972767,22.23954681200294,-8.607338797997928,-8.70507697528307,0.2033203877275213,6.191573627328324,2.610924654735068,8.246683890206445,318.3241789162571,6.067059223350267,3.141960107887477,7.895706409551792,383.6724127563696,0.1205479345368631,0.2301624907031968,-0.3125500363763152,1.2242882939816773,-8.24435922751649,1.0020807030181218,-7.349376941631504,-0.5310354531524086,5.440439080169832,4.347666000999004,0.1116429656311307,2.58831,0.0,-35784.3702,-3578.43702
calculation325,True,4,2,0,2,0.5,0.0,0.5,5.0,1.6800000000000002,1.34,62.33,7.5,0.13,0.0522388059701492,0.6931471805599453,0.6309297535714574,0.1185624899727257,1,0,1,2,0.0,0.25,0.0,0.25,0.0,0.25,0.0,1.0,-1.0,-2.0,-3.0,2.5,-10067.8067,-2516.951675,-6.92243,23,2.765396,5.349611,3.469665,90.0,90.0,90.0,51.3295053069089,12.832376326727225,1.9344828010165636,1.25467202527233,1.25467202527233,-0.001221,-0.002574,-0.001894,0.0,-0.0,-0.0,3.038260956942,0.0013529999999999,-8.999999999925734e-06,4.525639,2.187846,-2.249999999981433e-06,1.13140975,AFM,2.187843,-2.9999999999752447e-06,2.187843,0.0,0.0,0.0,0.0749765,-1.5000000000015e-06,0.0749765,0.9337317890381114,3.977330981273763e-06,0.339136,0.3390585046057686,14.6609415,1.5499999999946112e-05,0.3390585,1.5500000000001624e-05,0.0,0.0,0.0,0.0,13.3390585,7.749999999973056e-05,-0.3390585,7.750000000000812e-05,0.3390585,0.678117,0.3390585,system_353,14.476383219886223,-1.4854469158905728,9.369848526089235,766.3518499185603,14.476382818488707,-1.485452046247265,9.369848930625729,766.3520921702768,0.9897535549595552,0.9896686211403092,4.290839027249517e-05,5.850522087878594,-8.921800308738678,5.850537405603674,-8.921799521884816,5.1303566921401256e-06,0.1124102272545393,103.48284039446318,0.0,2187479.3551220293,0.1124067309581507,103.48603113420688,0.0,2187684.803361986,0.0077520871513557,0.0077503527238443,0.0001118809377996,-0.4119947157764836,0.0,-0.4119966979587527,0.0,-0.0031907397437009,0.0,0.0,0.0,0.0,0.0,0.0,0.0,0.0,0.0,0.0,0.0,0.0,0.0,0.0,0.0,0.0,5.908796743085671,0.8984724677818235,8.30849285497164,352.7888167838132,5.908787841191336,0.8985005943038463,8.308484127128736,352.7927196412366,0.1001071637141018,0.1001041089082447,1.525791139091134e-05,1.3843480253544187,-9.254266879005598,1.3843392906208292,-9.254231888430276,-2.8126522022775543e-05,1.196049510489513,1.1959417582417609,4.504709074850472e-05,0.76186,0.0,-10054.9067,-2513.726675
calculation326,True,8,6,0,2,0.75,0.0,0.25,6.0,1.6150000000000002,1.305,58.635,6.25,0.112583302491977,0.0464534699347974,0.5623351446188083,0.5118595071429147,0.1091485927170972,1,0,1,2,0.0,0.1875,0.0,0.5625,0.0,0.0625,0.25,1.0,0.0,-1.0,-2.0,1.5,-21903.7509,-2737.9688625,-7.190865,14,2.606462,5.231975396740508,6.874998181911178,91.0617624742968,90.0,90.0,93.73787503354336,11.717234379192918,2.0073092938782566,2.6376744345059238,2.6376744345059238,-0.001138,0.000947,-0.0013,-0.000528,0.0,0.0,0.7962817870979999,0.002247,-0.0013320000000001,10.659656,2.339888,-0.0001665,1.332457,AFM,1.724399166666667,-0.0002298333333333,1.7789590571685845,0.0,0.0,0.0,0.1566305,2.3499999999995747e-05,0.1566305,0.5833670374704553,0.0002498830314788,0.544542,0.3293439061566192,14.818655833333333,0.1143691291264335,0.1813441666666666,0.1143691291264338,0.0,0.0,0.0,0.0,13.5440325,0.0005094999999997,-0.5440324999999999,0.0005094999999999,0.1813441666666666,0.7253766666666666,0.5440324999999999,system_354,43.49117693970828,-1.71238062932782,9.526722304689658,805.5382124238148,43.49114386912591,-1.712543343535309,9.52681646901833,805.5639615778751,3.311137111766437,3.311796906189864,-9.962267805143918e-05,17.49460496433169,-9.325356466593195,17.49562090661687,-9.325463789053378,0.0001627142074891,1.3598404830852762,19.55914989857957,0.0,11869.960220938949,1.3598815225682368,19.55878156750451,0.0,11869.163619700868,-0.0022960318059441,-0.0023365596353147,0.0,-0.4637624986201001,0.0,-0.4637502325608961,0.0,0.0003683310750588,0.0,0.0,0.0,0.0,0.0,0.0,0.0,0.0,0.0,0.0,0.0,0.0,0.0,0.0,0.0,0.0,6.281372571869383,0.6542392697456283,9.266522967111117,256.4046131283809,6.281342762427744,0.6541197505618751,9.26652650477638,256.39808864935986,0.0883819357094408,0.0884938961818185,-0.0006329890928595,1.5920519920998335,-10.836468768211848,1.592029910000044,-10.83660542936471,0.0001195191837531,3.577661319930073,3.57825571678322,-8.306368702952131e-05,2.86236,0.0,-21877.1309,-2734.6413625
calculation327,True,8,2,5,1,0.25,0.625,0.125,8.375,1.8075,1.275,59.13125,7.5,0.1521307003862139,0.0405650213050533,0.9002560512685369,0.8194483718728035,0.0727953254948233,1,1,1,3,0.15625,0.03125,0.078125,0.0625,0.390625,0.015625,-0.25,0.2857142857142857,2.375,1.375,0.375,0.875,-30794.0514,-3849.256425,-6.577944,9,4.957982050266016,2.5398,7.041619070864456,90.0,89.98371267627336,90.0,88.67005520690304,11.08375690086288,0.5122648638600314,1.420259089176542,1.420259089176542,-0.000709,0.000321,0.003132,-0.0,2.1e-05,-0.0,-1.4654575612319998,0.003841,-0.3285729999999999,6.0287630000000005,2.874044,-0.0410716249999999,0.7535953750000001,AFM,2.840259,-0.0337849999999999,2.840259,0.0671756,-0.054674,0.0843210117989579,0.012367,0.012367,0.0,1.600901633290411,0.1650078330722309,0.595331,0.2453595105121258,14.9683175,0.0006975000000002,0.0316825,0.0006975,17.8936068,0.1171197813973368,0.1063932,0.1171197813973369,13.595331,0.0,-0.595331,0.0,-0.0747106999999999,0.6270135000000001,0.7017242,system_355,15.082516087905166,-0.8708570584472273,9.56569810180011,716.0335260466521,15.081772797750544,-0.8941991638597994,9.575273650859756,718.8529596324728,1.4975339881223788,1.6285710697633855,-0.0419170434820989,5.775123469049196,-8.93786816900685,5.838976042053627,-8.937715323652593,0.023342105412572,0.7966385453869035,8.41548173548354,7.154188846994771,187.5887823592832,0.7957742412723796,8.471042447097858,7.057968301047629,212.76895645090596,-0.0062712637878122,-0.0074578134414585,0.0,0.0813938638412747,-7.12383512379069,0.0785590195939377,-6.925346080976953,-0.0555607116143175,31.33606175075635,31.324159934662628,-3.832774252610053,-3.883411313079007,8.787612162897938,8.805429421200149,1045.8864526830505,1054.017742225734,2.7156414354010514,3.001904270489553,-0.0500674327436638,21.60119724024005,21.846765027961133,-8.596126805111592,-8.628672690226507,0.0506370604689538,3.4527746779966924,2.1988217326249915,9.05270655751666,105.18707595895486,3.4455809001055937,2.23153432503541,9.028806673666464,106.69697857747346,0.0603604365368134,0.083466499281019,-0.160651846003805,0.7077472693731262,-10.406898793694433,0.6995128902418962,-10.365525586850246,-0.0327125924104185,4.456478142857145,4.934214521978017,-0.0508733909384369,2.32111,0.0,-30756.3214,-3844.540175
calculation328,True,4,2,1,1,0.5,0.25,0.25,6.75,1.705,1.3,59.5725,7.0,0.1589811309558464,0.0492548018264065,1.039720770839918,0.946394630357186,0.1016472945056464,1,1,1,3,0.125,0.125,0.0625,0.25,0.0625,0.0625,0.0,0.6666666666666666,0.75,-0.25,-1.25,0.75,-12553.5059,-3138.376475,-6.643554,34,5.439853,2.763999,3.128937,90.0,90.0,90.0,47.045909028828085,11.76147725720702,0.5081017814268143,0.5751877854052306,1.7385626492319917,0.001258,0.002346,0.001308,-0.0,-0.0,0.0,-2.623297208736,0.001088,1.6870510000000003,5.197324999999999,3.022612,0.4217627500000001,1.2993312499999998,FiM,2.3791365,0.6434755000000001,2.3791365,0.419576,0.419576,0.0,0.019476,-0.019476,0.0,0.908361568262312,0.490110069525546,0.218693,0.172953084163018,14.9983035,0.1128375000000003,0.0016964999999999,0.1128375,17.7847,0.0,0.2153,0.0,13.218693,0.0,-0.218693,0.0,-0.2136035,0.2203895,0.4339929999999999,system_356,14.531162110133003,-1.535197614763253,9.684834305779509,835.9109209629598,14.559882469015747,-1.059426894694175,9.479016531067014,775.9596004160483,1.109653481307565,0.511237593190227,0.3691894523527732,6.387655696449721,-9.083722806653263,5.136188776059531,-9.02929325540147,-0.4757707200690779,0.6569284269909412,8.285287904719299,8.58661503997165,-886.940212203531,0.6890002931308079,6.572127951094853,10.035645960237742,-1072.3005531479414,0.0050997462050794,0.001141571567079,0.6341889297252631,0.0073121201732553,-72.35735753378886,0.0651176816160589,-18.96577815737402,1.7131599536244462,6.341166502899815,6.385996056941924,-3.942882785301598,-3.5439355896404594,9.440633993545214,9.308215145310552,1228.536013664347,1155.471102905783,0.0932942027112819,0.3604706673500815,-0.5887993590219286,4.563379245856771,4.143876256676159,-9.093629410640158,-8.923503674576928,-0.3989471956611385,2.918585752685757,2.4587666294028456,7.265934335235307,480.17481131129045,2.911575959438536,2.5516686161630684,7.363037157800625,447.5806580807043,0.0209022429253673,0.06048535817448,-0.4863531387361037,0.5221153420100415,-6.7648920992185895,0.5041729238393791,-6.933929029815616,-0.0929019867602227,1.3209527042957023,1.027898947052947,0.1247646938768957,0.48572,0.0,-12538.0559,-3134.513975
calculation329,True,8,6,1,1,0.75,0.125,0.125,6.875,1.6275000000000002,1.285,57.25625,6.0,0.1365421180442137,0.0371182568644726,0.7356219397587946,0.6695919455357792,0.0850238411358771,1,1,1,3,0.09375,0.09375,0.015625,0.5625,0.015625,0.015625,0.25,0.8571428571428571,0.875,-0.125,-1.125,0.625,-24388.6324,-3048.57905,-7.388285,7,4.924589000000101,2.48782,7.054076000000071,90.0,90.00001975699668,90.0,86.4229486694969,10.802868583687111,0.5051832751931072,1.4324192333613883,1.4324192333613883,-0.00483,-0.001726,-0.004817,0.0,-0.0,0.0,6.073851619494,0.003104,-0.8987040000000001,3.12253,0.70575,-0.112338,0.39031625,FiM,0.5120598333333334,-0.1581458333333333,0.4975699602020526,0.004127,0.004127,0.0,0.046044,0.046044,0.0,0.5862495375082458,0.2653757528161753,0.500587,0.2183442038720057,14.897479499999998,0.0954157337912186,0.1025205,0.0954157337912184,18.114536,0.0,-0.114536,0.0,13.500587,0.0,-0.500587,0.0,0.2170564999999999,0.6031075,0.386051,system_357,43.54492565449876,-1.973571123075432,9.478112837919763,783.5061157822427,43.53033949602323,-2.0748704091206105,9.521139327491609,795.958556720158,3.738839587731868,4.557101115103296,-0.098633965294832,17.09842119508263,-9.579253754316166,18.01662361616072,-9.584419296423489,0.1012992860451789,1.722339813245104,13.671820656201124,0.0,2819.249455131845,1.7525122136048958,13.426732916983948,0.0,2656.220979730834,-0.0309746131164835,-0.0232583012615384,0.0,-0.1408427012859165,0.0,-0.1424948402887729,0.0,0.2450877392171762,6.07283957293362,6.060861581257599,-5.306326306484069,-5.3265518504364255,8.90765969651581,8.90003682024087,1194.5869116172796,1195.665905949953,0.4565883983692309,0.2939052114857143,0.2167682505850514,4.274663120770136,4.285793693178595,-9.911930869417702,-9.89789059005358,0.0202255439523568,3.2665268301536328,-0.2320298698544849,9.993454178525946,225.38725500431835,3.2423290540804857,0.014200503425487,9.960689346579027,211.90131906821557,0.0872564588879121,0.052525991476923,0.2484608569984411,0.978720029499605,-12.034516656902245,0.931678872422625,-11.972557201313013,-0.246230373279972,4.5764263598901085,5.205213876123877,-0.0642824210523203,3.70247,0.0,-24359.4624,-3044.9328
calculation330,True,6,6,0,0,1.0,0.0,0.0,7.0,1.55,1.27,54.94,5.0,0.0,0.0,0.0,0.0,0.0,1,0,0,1,0.0,0.0,0.0,1.0,0.0,0.0,0.5,1.0,1.0,0.0,-1.0,0.5,-17753.7033,-2958.95055,-7.728419,3,2.446777,7.341137,3.465699,90.0,90.0,90.0,62.25131922377143,10.375219870628571,3.000329412937918,1.416434354254597,1.416434354254597,0.002211,0.00364,-0.002941,0.0,0.0,0.0,-1.55411133498,0.006581,-0.0043409999999999,0.076613,0.018989,-0.0007234999999999,0.0127688333333333,NM,0.0127688333333333,-0.0007234999999999,0.0134111737834538,0.0,0.0,0.0,0.0,0.0,0.0,0.3261162571049412,0.0920813252050684,0.001891,0.0013357438626722,15.0,0.0013357438626726,1.807003620809174e-20,0.0013357438626722,0.0,0.0,0.0,0.0,0.0,0.0,0.0,0.0,1.807003620809174e-20,1.807003620809174e-20,0.0,system_358,43.29901105022732,-2.2207256217346103,9.670180662747242,830.4944557825337,43.298773400277,-2.221345067520864,9.670370287161129,830.5633012845027,4.434543765745563,4.429528700183614,0.0005657744316989,17.47793549484952,-9.94771151756249,17.48299408400272,-9.947701518708405,0.0006194457862536,2.2512834312133707,4.956871667774483,10.356159017268526,-875.4331981451664,2.2514020770113885,4.956009843727996,10.356489776053785,-875.4055224115774,0.0087321515701758,0.008674782089705,0.0032957832546379,0.4046095945798037,-14.231543241224378,0.4046770029551482,-14.231903724209362,0.0008618240464874,0.0,0.0,0.0,0.0,0.0,0.0,0.0,0.0,0.0,0.0,0.0,0.0,0.0,0.0,0.0,0.0,0.0,0.0,0.0,0.0,0.0,0.0,0.0,0.0,0.0,0.0,0.0,0.0,0.0,0.0,0.0,0.0,4.587220077922078,4.582494613636364,0.0005153338402191,2.20314,0.0,-17733.1233,-2955.52055
calculation331,True,6,6,0,0,1.0,0.0,0.0,7.0,1.55,1.27,54.94,5.0,0.0,0.0,0.0,0.0,0.0,1,0,0,1,0.0,0.0,0.0,1.0,0.0,0.0,0.5,1.0,1.0,0.0,-1.0,0.5,-17753.7033,-2958.95055,-7.72841,3,2.446773,7.341144,3.465701,90.0,90.0,90.0,62.25131273776382,10.375218789627302,3.0003371788065345,1.4164374872536194,1.4164374872536194,0.002205,0.00364,-0.002942,0.0,0.0,0.0,-1.5503729228339995,0.006582,-0.008545,0.078341,0.022257,-0.0014241666666666,0.0130568333333333,NM,0.0130568333333333,-0.0014241666666666,0.0154569323650874,0.0,0.0,0.0,0.0,0.0,0.0,0.6429040054738445,0.138712714299871,0.001903,0.0013359047392019,15.000000166666666,0.0013359047392022,-1.666666666666888e-07,0.0013359047392019,0.0,0.0,0.0,0.0,0.0,0.0,0.0,0.0,-1.666666666666888e-07,-1.666666666666888e-07,0.0,system_359,43.29912616850965,-2.220423308380981,9.670089210468111,830.4607580747231,43.29865859800282,-2.221642286451502,9.670462370959948,830.5962334863203,4.436913368333996,4.427046200341483,0.0011131783618895,17.475490648809906,-9.94771634563246,17.485445513840844,-9.947696653068505,0.0012189780705216,2.251225158363786,4.9572916671728215,10.355992980971976,-875.4468978379638,2.251458632543967,4.955595784918938,10.356643898402233,-875.3924515039919,0.0087568833611304,0.0086439435902258,0.0064904829649985,0.4045759315324286,-14.231376701714815,0.4047085695053982,-14.23208627172018,0.0016958822538839,0.0,0.0,0.0,0.0,0.0,0.0,0.0,0.0,0.0,0.0,0.0,0.0,0.0,0.0,0.0,0.0,0.0,0.0,0.0,0.0,0.0,0.0,0.0,0.0,0.0,0.0,0.0,0.0,0.0,0.0,0.0,0.0,4.589468071928073,4.580163651348654,0.0010146994841461,2.20408,0.0,-17733.1233,-2955.52055
calculation332,True,4,2,0,2,0.5,0.0,0.5,5.0,1.6800000000000002,1.34,62.33,7.5,0.13,0.0522388059701492,0.6931471805599453,0.6309297535714574,0.1185624899727257,1,0,1,2,0.0,0.25,0.0,0.25,0.0,0.25,0.0,1.0,-1.0,-2.0,-3.0,2.5,-10067.8068,-2516.9517,-6.925661,23,5.351434,2.763887,3.467799,90.0,90.0,90.0,51.29137879767469,12.822844699418672,0.5164759576591994,0.6480130372531923,1.5431788289921071,-0.002708,-0.002147,-0.002332,-0.0,0.0,-0.0,3.838281156186,0.0005609999999999,-5.600000000027805e-05,4.515764,2.182287,-1.4000000000069512e-05,1.128941,AFM,2.1822545,-3.250000000010189e-05,2.1822545,0.0,0.0,0.0,0.0756275,4.5000000000045e-06,0.0756275,0.9330102283959066,2.480169714463108e-05,0.338291,0.3381792596149082,14.6618205,2.14999999998966e-05,0.3381794999999999,2.149999999997987e-05,0.0,0.0,0.0,0.0,13.338179,0.0001119999999996,-0.338179,0.000112,0.3381794999999999,0.6763585,0.338179,system_360,14.479422945499577,-1.4839460465322,9.373904154796069,766.8235118261531,14.479419394767271,-1.4839822329779588,9.373915640384762,766.8276846422284,0.9999689814651558,0.999428554929158,0.0002702946893554,5.855267000995947,-8.923636825360127,5.855370070108897,-8.923643299337847,3.618644575875685e-05,0.1123809767921363,103.49882399952632,0.0,2188460.941933627,0.1123793643775937,103.49973229166078,0.0,2188523.2763964743,0.007879683275791,0.0078726786193091,0.0004446734101541,-0.4118351913101206,0.0,-0.4118338195381856,0.0,-0.0009082921344685,0.0,0.0,0.0,0.0,0.0,0.0,0.0,0.0,0.0,0.0,0.0,0.0,0.0,0.0,0.0,0.0,5.908481953686598,0.8987962898542265,8.31417686761675,352.86721801424306,5.9084887372933,0.8988089882551636,8.314187899922887,352.8651326970356,0.1023166600813434,0.1022660327233448,0.0002474664758026,1.3846584498864436,-9.26142349332793,1.3846582306748572,-9.261436951609188,-1.2698400937094512e-05,1.2113623886113871,1.2106761918081903,0.0002833137377513,0.75754,0.0,-10054.9068,-2513.7267
calculation333,True,8,3,2,3,0.375,0.25,0.375,6.25,1.7375,1.3175,61.42,7.625,0.1503121751555741,0.0547003237396568,1.0821955300387671,0.9850568223215076,0.1073129086790473,1,1,1,3,0.09375,0.140625,0.09375,0.140625,0.0625,0.140625,-0.125,0.6,0.25,-0.75,-1.75,1.25,-24222.7908,-3027.84885,-6.726159,12,5.166049930800128,5.271999811610391,3.624558,90.0,90.0,90.171893315744,98.7158943923722,12.339486799046526,1.020508876652273,0.7016111049160187,1.4252910094969171,-0.000708,-0.001495,0.002079,0.0,-0.0,-0.000206,0.0662233008719999,0.003574,7.978389999999999,10.175492,2.916176,0.99729875,1.2719365,FM,2.8006576666666665,2.8006576666666665,0.1524863427859105,0.337484,0.337484,0.041003,0.3661836666666667,-0.3661836666666667,0.0460351152804996,0.9343090126174618,0.7982890564857331,0.591103,0.3167607235355261,14.809034333333337,0.1059934141863958,0.1909656666666666,0.1059934141863959,17.722144,0.0624280000000005,0.277856,0.0624279999999999,13.376203000000002,0.1557806826299933,-0.376203,0.1557806826299932,-0.0868903333333333,0.5671686666666667,0.654059,system_361,22.073685666881538,-1.9172040123051015,9.79540723811131,885.7128294676857,22.058739583590107,-0.2470497571865648,8.916667128681752,646.1662843467116,1.1157874334417832,2.8471048957512237,-0.4368822865954577,12.752272463386184,-8.843720649267452,4.955549963588441,-8.357255126815582,-1.6701542551185369,0.35558414012146,39.0071799234799,0.0,120872.98377895214,0.0208700442638346,689.1136929560615,0.0,654545123.021303,-0.022464870154895,0.0194589630125874,0.0,-0.3993461095316936,0.0,-0.4797299253830681,0.0,-650.1065130325816,12.231058914310829,12.391492282838772,-4.482655543185094,-4.069989585399786,8.7749028409556,8.706232192120629,1126.714071019654,1063.066910425963,0.4111758706816433,1.0569893613131118,-0.4398779350972777,9.036417103083204,8.386770917315237,-8.920010877382117,-8.770789316770262,-0.4126659577853075,8.847248659160918,2.7462576634075933,7.9356823753156975,425.9938473778651,9.35778892968313,1.4022844548272608,8.596596619925354,330.7910868043137,0.1590826588851398,0.2112448512734265,-0.140854219460909,1.4061914991820463,-7.5244026136301345,2.297476479527355,-9.143942406806566,1.3439732085803324,1.907682555194805,4.416196164085913,-0.3966732633949735,1.37303,0.0,-24192.3008,-3024.0376
calculation334,True,6,1,0,5,0.1666666666666666,0.0,0.8333333333333334,3.6666666666666665,1.7666666666666668,1.3866666666666667,67.25666666666666,9.166666666666668,0.0968962790249908,0.0376261438521598,0.4505612088663046,0.410118486306518,0.0818979152189297,1,0,1,2,0.0,0.1388888888888889,0.0,0.0277777777777777,0.0,0.6944444444444445,-0.3333333333333333,1.0,-2.333333333333333,-3.333333333333333,-4.333333333333334,3.8333333333333335,-13333.4403,-2222.24005,-6.097523,17,2.913489,8.51544,3.928407,90.0,90.0,90.0,97.46236646898193,16.24372774483032,2.9227637379101137,1.348351409598595,1.348351409598595,-0.0022,-0.004051,0.002836,0.0,-0.0,-0.0,1.82381106837,0.006887,-3.26873,4.0813060000000005,3.64163,-0.5447883333333333,0.6802176666666667,FM,3.64163,-3.64163,0.0,0.0,0.0,0.0,0.0879352,0.07458,0.075440896998909,1.9486278843814355,0.8894459836659303,0.987402,0.4578846252820318,14.012598,0.0,0.987402,0.0,0.0,0.0,0.0,0.0,13.1974804,0.1326610183084693,-0.1974804,0.1326610183084692,0.987402,1.1848824,0.1974804,system_362,7.232577313154179,0.8163873894114166,9.106872127382193,689.0848412212662,7.3000498219181775,-1.215887646732233,10.35672105870842,1014.1036566839776,0.4538618182126623,0.1871175413405344,0.4161511176554351,1.1848183337899083,-7.553695752072773,4.486474846215224,-8.39964637023894,2.0322750361436497,-0.3017897716853097,0.0,0.0,0.0,-0.071660142468471,0.0,0.0,0.0,-0.0037774209960789,-0.0025907518052697,0.0,-0.3970896354674276,0.0,-0.3244560583056396,0.0,0.0,0.0,0.0,0.0,0.0,0.0,0.0,0.0,0.0,0.0,0.0,0.0,0.0,0.0,0.0,0.0,0.0,14.700137585169136,1.508961771137225,7.394019304472402,381.5967025671245,14.57819557793646,1.4884552636723565,7.321569655358229,383.9933948987695,0.2846167827922078,0.4910890045833666,-0.2661733677271005,2.698665241811176,-7.216496870142173,2.4297029504863854,-7.263603330392382,0.0205065074648687,0.9346891505994008,0.9162830397102892,0.0099440234626279,0.71821,0.0,-13314.9103,-2219.1517166666667
calculation335,True,4,1,0,3,0.25,0.0,0.75,4.0,1.745,1.375,66.025,8.75,0.112583302491977,0.0440885660108441,0.5623351446188083,0.5118595071429147,0.0969318854065429,1,0,1,2,0.0,0.1875,0.0,0.0625,0.0,0.5625,-0.25,1.0,-2.0,-3.0,-4.0,3.5,-9183.6204,-2295.9051,-6.096484,10,2.874935,5.464111,3.855686,90.0,90.0,90.0,60.56883240653621,15.142208101634052,1.900603317988059,1.341138495305111,1.341138495305111,0.00107,0.004875,0.004657,-0.0,0.0,0.0,-5.662092224556,0.003805,-2.700476,3.802254,3.251365,-0.675119,0.9505635,FM,3.251365,-3.251365,0.0,0.0,0.0,0.0,0.1836296666666666,0.1836296666666666,0.0730078328050414,1.399035645834846,0.943522284742972,0.88863,0.51505648277786,14.11137,0.0,0.88863,0.0,0.0,0.0,0.0,0.0,13.296210000000002,0.0524352063852777,-0.29621,0.0524352063852777,0.88863,1.18484,0.29621,system_363,7.366034864725634,0.9245570157370706,9.399549498848744,719.0666837249274,7.430917874022205,-0.8237357020429977,10.533754001726631,1008.9435790236532,1.2273125574989272,0.602839373101623,0.3412138489466216,1.5012629160766642,-7.528689964545339,4.35032130290321,-8.379968303152147,1.7482927177800685,-0.3185429891154485,0.0,0.0,0.0,-0.1141945629292701,0.0,0.0,0.0,-0.0043216946434315,-0.0081153431902847,0.0,-0.402728310682825,0.0,-0.3285456564626434,0.0,0.0,0.0,0.0,0.0,0.0,0.0,0.0,0.0,0.0,0.0,0.0,0.0,0.0,0.0,0.0,0.0,0.0,9.300763667793248,1.3887921816115023,8.313070555709766,372.0706819787565,9.208379906041213,1.6794402580725962,8.281735965395274,396.6885779598469,0.3730903958832425,0.4023452978441547,-0.0377270509954068,2.1081175671852024,-8.445584548397626,1.7139238258871698,-8.514821522449752,-0.2906480764610939,1.7233000549450557,1.2432628351648345,0.1618159592640354,0.46595,0.0,-9171.1304,-2292.7826
calculation336,True,4,0,1,3,0.0,0.25,0.75,4.75,1.835,1.37,66.9625,9.5,0.0433012701892218,0.0505708264983613,0.5623351446188083,0.5118595071429147,0.0713254448664727,0,1,1,2,0.0,0.0,0.1875,0.0,0.0625,0.5625,-0.5,0.0,-1.25,-2.25,-3.25,2.75,-10785.3322,-2696.33305,-6.103368,27,2.812714,6.145648,3.40229,90.0,90.0,90.0,58.811815399371056,14.702953849842764,2.184953038239935,1.2096110731485674,1.2096110731485674,-0.002481,-0.00063,-0.003355,-0.0,0.0,0.0,3.453224705148,0.002725,0.0,0.0,0.0,0.0,0.0,NM,0.0,0.0,0.0,0.0,0.0,0.0,0.0,0.0,0.0,0.0,0.0,0.626608,0.3621125042994235,0.0,0.0,0.0,0.0,17.373392,0.0,0.626608,0.0,13.208869333333332,0.0181207265736105,-0.2088693333333333,0.0181207265736105,-0.626608,0.2088693333333333,0.8354773333333334,system_365,0.0,0.0,0.0,0.0,0.0,0.0,0.0,0.0,0.0,0.0,0.0,0.0,0.0,0.0,0.0,0.0,0.0,0.0,0.0,0.0,0.0,0.0,0.0,0.0,0.0,0.0,0.0,0.0,0.0,0.0,0.0,0.0,6.581995384338086,6.581995384338086,-2.1511429017976784,-2.1511429014225736,9.846786529763037,9.84678653047874,1193.7048661913082,1193.7048664829786,0.3893554671621126,0.3893554671621126,0.0,4.36859723448864,4.36859723448864,-8.03869702350683,-8.03869702350683,-3.751048360811637e-10,9.241398025823605,2.0664503400306327,7.94626711480476,391.957891374335,9.241398030228003,2.0664503434530523,7.946267115627733,391.957891110831,0.3191055079417331,0.3191055079417331,0.0,1.5788059802457333,-7.75921277961944,1.5788059802457337,-7.759212779324958,-3.422419680987332e-09,0.8930654560439554,0.8930654560439554,0.0,0.79216,0.0,-10770.702200000002,-2692.6755500000004
calculation337,True,10,2,7,1,0.2,0.7,0.1,8.7,1.828,1.27,59.043,7.6,0.1421126313879241,0.0372666443029897,0.8018185525433372,0.7298466991620974,0.0652759221759635,1,1,1,3,0.1399999999999999,0.02,0.0699999999999999,0.04,0.4899999999999999,0.01,-0.3,0.2222222222222222,2.6999999999999997,1.6999999999999993,0.6999999999999993,1.1999999999999993,-39914.1328,-3991.41328,-6.5052,9,12.495707,2.539932,3.490608,90.0,90.0,90.0,110.78577564462648,11.078577564462648,0.2032643691149288,0.2793445781019033,3.579808159495423,-0.00194,-0.000179,0.000749,0.0,0.0,0.0,0.73166066286,0.002689,9.326236,9.954692,3.270619,0.9326236,0.9954692,FM,3.19518,3.19518,0.075439,0.4643005714285714,0.4643005714285714,0.1134576052438683,0.314228,-0.314228,0.0,1.1103822689431635,0.7066477298188137,0.266495,0.1373968827592533,15.005928,0.0844979999999999,-0.005928,0.084498,17.966121285714284,0.1285278282059837,0.0338787142857142,0.128527828205984,13.225297,0.0,-0.225297,0.0,-0.0398067142857142,0.2193689999999999,0.2591757142857143,system_368,15.211282810016312,-1.6732268178853886,9.794061613963596,822.7341822700171,15.186031401764623,0.2534430839911595,8.800114254843042,573.4697652237815,1.5555956766314931,1.315268448774351,0.0837125051409976,8.898804876343355,-8.729246965289281,2.798226522843459,-8.550167216980965,-1.926669901876548,1.0318728945521598,6.92469679224549,8.372721876076138,-162.23253039209797,0.928704061676882,5.780407913677357,10.047269772500648,-463.3057624873597,-0.010374137150974,0.0012045040714285,0.0,0.1250390707613345,-10.324843294736638,0.1932588683086634,-11.409208101980576,1.1442888785681324,43.9230544790377,44.22275837500365,-4.007084129214139,-3.5104456355040767,8.847905099041238,8.697607232621504,1069.6383968112657,995.0435770698232,2.521792640040584,9.723547247113636,-0.588122067124322,32.15850874237395,28.658733499183302,-8.663389500091588,-8.404281643096057,-0.4966384937100621,3.070882185732568,4.110029384241233,7.387563606767781,440.9036681754183,3.2204777551546,2.829699690742832,8.26055439940078,285.0597285426531,0.0973090780584415,0.1319707750308442,-0.1511763746590709,0.3740472760052955,-5.741380703781899,0.6296516286151108,-8.339915160907157,1.2803296934984014,4.545262949550458,11.621066863136866,-0.4376877123979818,0.98436,0.0,-39865.2628,-3986.52628
calculation338,True,8,6,2,0,0.75,0.25,0.0,7.75,1.64,1.265,55.8775,5.75,0.1558845726811989,0.0068460506228018,0.5623351446188083,0.5118595071429147,0.0290599549388541,1,1,0,2,0.1875,0.0,0.0,0.5625,0.0625,0.0,0.25,0.75,1.75,0.75,-0.25,0.25,-26873.8846,-3359.235575,-7.287081,7,2.436734,2.436734,14.070207,90.0,90.0,90.0,83.54428239388237,10.443035299235296,1.0,5.7742071970104245,5.7742071970104245,7.3e-05,7.3e-05,-0.001856,0.0,0.0,0.0,0.91324068138,0.001929,2.322525,5.852623,0.974989,0.290315625,0.7315778749999999,FiM,0.943864,0.3555143333333332,0.8754257503734334,0.0947195,0.0947195,8.500000000001562e-06,0.0,0.0,0.0,0.5052151300210794,0.2280527811598053,0.204577,0.1395666560169369,15.068189333333336,0.0858642021657195,-0.0681893333333333,0.0858642021657195,17.795431999999998,9.000000000369823e-06,0.204568,9.000000000009e-06,0.0,0.0,0.0,0.0,-0.2727573333333333,-0.0681893333333333,0.204568,system_369,43.78928693567156,-1.9334184175042812,9.563952956262726,789.8153412402548,43.811151418032296,-1.6874924830650126,9.449793640117932,756.4390400011026,4.223896672845896,2.381327837522428,0.278956276570336,18.693629869283733,-9.47381524555135,16.496751328650486,-9.459329995447662,-0.2459259344392688,2.704109672186265,3.277121512178142,11.036377914415125,-706.6225993212184,2.6805594703398183,3.043350480599515,11.24610952473489,-695.4458981658562,-0.009736223260864,-0.0083845122861888,0.0,0.6563010463572828,-14.05500127713843,0.7014987410469797,-13.99352185807992,0.2337710315786267,12.305027895120531,12.366802941779614,-5.060224455790797,-4.898168587149059,9.053382171112972,9.046463269275613,1193.8949167652297,1178.2422805969295,0.7236778169512479,0.355616896319605,0.3410198494498477,8.720563590795871,8.491289003858283,-9.811209596194216,-9.777514421087629,-0.1620558686417377,0.0,0.0,0.0,0.0,0.0,0.0,0.0,0.0,0.0,0.0,0.0,0.0,0.0,0.0,0.0,0.0,5.426066714285705,3.2328451346153835,0.2532906695370349,2.30328,0.0,-26842.1646,-3355.270575
calculation339,True,8,3,5,0,0.375,0.625,0.0,8.875,1.775,1.2575,57.28375,6.875,0.1742842505793337,0.0076997680839114,0.6615632381579821,0.6021808102656678,0.0316924248767709,1,1,0,2,0.234375,0.0,0.0,0.140625,0.390625,0.0,-0.125,0.375,2.875,1.875,0.875,1.375,-31677.9101,-3959.7387625,-6.49177,7,4.984241128757717,4.983157161198109,3.531321,90.0,90.0,90.88653751918686,87.69782770373331,10.962228462966664,0.9997825210435036,0.708497223303511,1.411438135688519,0.002774,0.00278,0.001453,0.0,-0.0,0.003004,-3.742150558146,0.0013269999999999,-4.676550000000001,11.095438,3.239405,-0.5845687500000001,1.3869297500000002,FiM,3.218084333333333,-1.0784550000000002,3.0320342338272943,0.2882369999999999,-0.2882369999999999,0.1243311030579235,0.0,0.0,0.0,1.025169597727413,0.6489826364228285,0.168606,0.0982596139698299,15.017199,0.012069277028886,-0.017199,0.0120692770288861,17.9896806,0.1227865991639162,0.0103194,0.1227865991639152,0.0,0.0,0.0,0.0,-0.0275184,-0.017199,0.0103194,system_370,22.642858715352084,-0.8675963123035755,9.00830914570537,609.904755546116,22.593429269504405,-1.5907574856798237,9.287441679173474,697.6367845865451,0.8992234306287483,0.9846648843136868,-0.0453537786753294,7.072740834467092,-9.100587821242865,10.286530976045968,-8.983450813501141,0.7231611733762482,1.701231476310062,4.1298334870925935,10.833503414832228,-636.7016217594496,1.6940595714611335,4.880939605476441,10.164342738094652,-637.3640961412319,-0.0098755048186812,0.0058521214088411,0.0,0.4162587781255601,-12.85711525989544,0.3430276258539933,-12.700971159109574,-0.7511061183838477,31.16932956777737,30.99333816891708,-3.800388435773271,-4.153792797514039,8.590712311683033,8.636094215714852,989.8320851104183,1023.073033011348,2.054420186086788,1.4699371042588654,0.1658410409832764,20.872075655040227,22.446255002380845,-8.51092039238945,-8.662512281438051,0.3534043617407683,0.0,0.0,0.0,0.0,0.0,0.0,0.0,0.0,0.0,0.0,0.0,0.0,0.0,0.0,0.0,0.0,3.277469725274725,2.743045714285714,0.088767152306818,0.57629,0.0,-31639.7701,-3954.9712625
calculation340,True,8,5,0,3,0.625,0.0,0.375,5.5,1.6475,1.3224999999999998,60.4825,6.875,0.125871958751741,0.0512493070386614,0.6615632381579821,0.6021808102656678,0.1183042488673286,1,0,1,2,0.0,0.234375,0.0,0.390625,0.0,0.140625,0.125,1.0,-0.5,-1.5,-2.5,2.0,-21019.8109,-2627.4763625,-7.016002,32,5.323595032078322,5.362227779684299,3.470342,90.0,90.0,90.41421995578196,99.06293620708108,12.382867025885131,1.0072568907614474,0.6518794121432607,1.5340260504809964,0.001334,-0.001336,-0.000968,-0.0,-0.0,0.000762,0.51803711166,0.0026699999999999,4.595688,11.662838,2.92814,0.574461,1.45785475,FiM,2.2114806,1.0402246000000002,2.0063740490159456,0.0,0.0,0.0,0.2018116666666667,-0.2018116666666667,0.0952707446887844,0.714691153739502,0.5653265246800356,0.555217,0.39936514678125,14.698639000000004,0.1099463578350825,0.301361,0.1099463578350824,0.0,0.0,0.0,0.0,13.502268,0.0391044013976266,-0.5022679999999999,0.0391044013976261,0.301361,0.8036289999999999,0.5022679999999999,system_371,36.31933327201738,-1.785987864958041,9.58580204770902,830.2374466621665,36.41313631767155,-1.1416621129069005,9.281473055185556,732.5235386923845,1.3152571194755245,3.225957180498252,-0.4207465084908591,17.152902142390488,-9.041436670366163,12.240696468962392,-8.959769682106419,-0.6443257520511405,0.6287186270002194,40.44085727094712,0.0,129279.66137548925,0.344285488957923,80.02304745036984,0.0,1022116.1585031152,-0.002474437298951,0.0152731501398601,-1.3866697111981288,-0.7475470114640225,0.0,-0.9043794263665752,0.0,-39.58219017942272,0.0,0.0,0.0,0.0,0.0,0.0,0.0,0.0,0.0,0.0,0.0,0.0,0.0,0.0,0.0,0.0,8.773295961174302,1.6758904276126465,8.382620767750934,388.2630507517692,9.103725219009808,0.9154690402614348,8.73541970293556,365.547738292995,0.1210682397814685,0.1262000187762237,-0.0207538930580444,1.7906839419523286,-8.88212263174789,2.30539176909706,-9.56260026182279,0.7604213873512113,1.6187234785214808,3.577789665334665,-0.3769962920481389,1.47704,0.0,-20993.6009,-2624.2001125
calculation341,True,8,4,3,1,0.5,0.375,0.125,7.625,1.7175,1.28,58.19375,6.75,0.1702755120385782,0.0390625,0.9743147528693494,0.8868595071429147,0.0805864321209094,1,1,1,3,0.1875,0.0625,0.046875,0.25,0.140625,0.015625,0.0,0.5714285714285714,1.625,0.625,-0.375,0.125,-27591.4105,-3448.9263125,-6.71372,5,2.559358,10.022215,3.580173,90.0,90.0,90.0,91.83299889938446,11.479124862423058,3.9159097711222888,1.3988558849523982,1.3988558849523982,0.000441,0.002258,0.005627,-0.0,0.0,0.0,-4.446574218227999,0.005186,0.6770370000000001,12.087599,3.019683,0.084629625,1.510949875,AFM,2.8633785,0.133626,2.8652690731438293,0.1914249999999999,0.0674476666666666,0.2287596930774494,0.05981,-0.05981,0.0,0.9008303499819568,0.4636480664235157,0.208248,0.1077374517623746,14.93746525,0.0808344582383494,0.06253475,0.0808344582383496,18.013963666666665,0.0487424122254479,-0.0139636666666666,0.0487424122254485,13.208248,0.0,-0.208248,0.0,0.0764984166666666,0.2707827499999999,0.1942843333333333,system_372,29.63628476838291,-1.282963139889286,9.342034561914703,721.7409921336304,29.629278792949123,-1.2082619731781266,9.299115577596842,711.9114469001831,2.2019854039398616,2.217635882886713,-0.0035411357514953,11.804619396381565,-8.970058835293667,11.334949297501836,-8.944748295618627,-0.0747011667111594,1.5907282144785508,8.85269496526593,6.687826339748712,205.15764705325327,1.576155751994824,9.148191153792594,6.316528167889213,316.49384134506727,-0.0033469588482517,0.0034902299736014,-47.72202916092416,0.115018016512101,-6.878510855261241,0.0942441539574322,-5.291383801756734,-0.2954961885266627,18.48035547661731,18.48971362003972,-4.256727437837794,-4.199504290628363,8.625338171263333,8.595961870042332,1039.3946409812763,1027.7878661632972,0.9732475442559456,1.6032691050477297,-0.2445245447810525,13.0497869828905,12.812554272400597,-8.790185718711488,-8.757985885597588,-0.0572231472094308,3.093672774168972,2.6675496795508966,8.467538620600626,274.61727213129694,3.124903433413569,2.3771513743448325,8.60830720613522,253.886773568666,0.0687890531424823,0.0688069762958041,-0.0001302592334604,0.5840907780017811,-8.743808315197766,0.6359124739600773,-9.100488428519457,0.2903983052060641,3.511979880119882,4.217769215784217,-0.0913081817931611,2.37343,0.0,-27557.9605,-3444.7450625
calculation342,True,8,2,4,2,0.25,0.5,0.25,7.5,1.795,1.295,60.51,7.75,0.1472243186433545,0.0516567110434735,1.039720770839918,0.946394630357186,0.0914459440748936,1,1,1,3,0.125,0.0625,0.125,0.0625,0.25,0.0625,-0.25,0.3333333333333333,1.5,0.5,-0.5,0.0,-28309.269,-3538.658625,-6.619067,13,10.603295,2.634748,3.346356,90.0,90.0,90.0,93.48718202159726,11.685897752699658,0.2484838910923444,0.3155958595889297,3.16860937688638,0.000834,-0.001993,0.00021,-0.0,0.0,0.0,0.506821875222,0.002827,0.5163920000000002,6.885162,3.153102,0.064549,0.86064525,AFM,3.1319365,-0.0211654999999999,3.1319365,0.10243725,0.0867957499999999,0.1024372515381367,0.10577,0.10577,8.000000000001062e-06,1.5253781064371068,0.3027017147738102,0.619288,0.3780463992689918,14.7999005,0.4191884999999997,0.2000994999999999,0.4191884999999999,17.8361615,0.1088195045603039,0.1638385,0.1088195045603039,13.5277765,1.750000000022567e-05,-0.5277765,1.7500000000003624e-05,0.0362609999999999,0.727876,0.691615,system_374,14.818741884051208,-0.8971900396630877,9.539344342940804,743.8393307967663,14.85571216726194,-0.8020746040201544,9.53396173334286,731.0663205223452,2.8257824548937083,0.6676731567828181,0.6177577556439033,5.904495882337638,-8.698032385168407,5.741754580218376,-8.81753124596375,-0.0951154356429333,0.5305119669180254,15.909929547501704,0.0,4618.049409607881,0.6867889417203268,9.535477077936465,6.949019128246063,-55.24001427023614,-0.0013980287631368,-0.0143970132993007,0.0,-0.0893888491213964,0.0,0.0278861070698837,-11.41787138341836,6.37445246956524,25.287984217291733,25.412508794340045,-3.62081192289691,-3.478411137232797,9.10107613674011,9.091611572723297,1122.629963738592,1105.4997020148444,3.279220919500602,1.0647308585224784,0.5097869806432178,17.64080827361142,17.24065736297141,-8.594324664173197,-8.56843141861453,-0.1424007856641123,6.085273945389275,2.492031775469256,7.854173969079245,367.8890947272392,5.938617050251276,2.9464899957582884,7.619669757060263,411.1374082286681,0.2376077623153847,0.1132122304415586,0.3545850705264975,1.163706602365838,-7.672771302850616,0.9804384251836924,-7.03797520887936,-0.4544582202890321,6.632203631368638,2.345218192807197,0.4775296875342052,1.49781,0.0,-28274.089,-3534.261125
calculation343,True,6,0,6,0,0.0,1.0,0.0,10.0,1.91,1.25,58.69,8.0,0.0,0.0,0.0,0.0,0.0,0,1,0,1,0.0,0.0,0.0,0.0,1.0,0.0,-0.5,0.0,4.0,3.0,2.0,2.5,-27360.7392,-4560.1232,-6.299378,3,2.451867,2.451867,10.394041,90.0,90.0,90.0,62.48535513817468,10.414225856362446,1.0,4.239235243999777,4.239235243999777,-0.000375,-0.000375,0.003267,0.0,-0.0,-0.0,-1.344226195926,0.003642,4.094896,4.094896,0.682492,0.6824826666666667,0.6824826666666667,FM,0.0,0.0,0.0,0.6824826666666667,0.6824826666666667,6.920179830665997e-06,0.0,0.0,0.0,1.013971514392453e-05,0.0,1.3e-05,9.458975749108477e-06,0.0,0.0,0.0,0.0,18.000000166666666,9.458975748701343e-06,-1.666666666666665e-07,9.458975749108477e-06,0.0,0.0,0.0,0.0,1.666666666666665e-07,0.0,-1.666666666666665e-07,system_375,0.0,0.0,0.0,0.0,0.0,0.0,0.0,0.0,0.0,0.0,0.0,0.0,0.0,0.0,0.0,0.0,0.0,0.0,0.0,0.0,0.0,0.0,0.0,0.0,0.0,0.0,0.0,0.0,0.0,0.0,0.0,0.0,38.35189156710592,38.50946462927088,-3.8503752550603534,-3.216023509710912,8.915672743064718,8.671599423573134,1045.194820626693,944.1417415497216,0.3472728715548692,7.261463101676021,-0.9087173289291028,28.18354491583107,23.864543885703554,-8.641349572397015,-8.252225138952063,-0.6343517453494423,0.0,0.0,0.0,0.0,0.0,0.0,0.0,0.0,0.0,0.0,0.0,0.0,0.0,0.0,0.0,0.0,0.4412953766233774,7.351390052947054,-0.8867411290724452,0.05641,0.0,-27327.3192,-4554.5532
calculation344,True,8,1,3,4,0.125,0.375,0.5,6.125,1.815,1.3325,63.73625,8.625,0.1103403824535695,0.0583426334163834,0.9743147528693494,0.8868595071429147,0.0955957691320525,1,1,1,3,0.046875,0.0625,0.1875,0.015625,0.140625,0.25,-0.375,0.25,0.125,-0.875,-1.875,1.375,-24940.1899,-3117.5237375,-6.385849,24,3.01311,10.527113,3.27587,90.0,90.0,90.0,103.908465287456,12.988558160932,3.493769892237588,1.0872055782895411,1.0872055782895411,4.6e-05,0.000435,0.000876,-0.0,0.0,0.0,-0.724717897446,0.00083,3.4771970000000003,4.432747,3.445844,0.434649625,0.554093375,FM,3.445844,3.445844,0.0,0.2023533333333333,0.1370653333333333,0.2642867651892963,0.09496075,-0.09496075,0.0831721131731513,1.9921170811635065,0.9597321211545028,0.558862,0.3296132114543499,14.83661,0.0,0.16339,0.0,17.666749,0.1784379294451345,0.3332509999999999,0.1784379294451341,13.29078575,0.1374302374049735,-0.29078575,0.1374302374049739,-0.1698609999999999,0.45417575,0.6240367499999999,system_376,7.507988453954795,-1.420284935483055,10.282958802489462,958.3133577817152,7.438797245346909,0.500338879564569,9.113876501017002,661.006637756156,0.2151415119044956,0.1776362146243258,0.0954873322670899,4.470992806101088,-8.748821221835888,1.333349752746988,-8.225340953743048,-1.920623815047624,0.3004652387287007,13.327726059580138,2.127940151161915,700.3088789385571,0.201842882986392,17.415066665107595,0.0,2242.1785102844246,0.0053803115128871,-0.0045148701225274,11.433681986601732,-0.0451456471714638,0.0,-0.0408101344000399,0.0,-4.087340605527457,19.42110181689908,19.49806178558895,-2.942933657312013,-2.789606978865328,9.560215397095732,9.51289892806398,1189.2163658185038,1159.7971179132344,0.5865749437140865,0.4061324271816192,0.1817680837502562,13.353338545329928,12.914365466550604,-8.413604065185236,-8.357289386426492,-0.1533266784466849,11.90540251069497,2.183992282280393,7.717360685680687,389.7548680955124,11.99879528123368,1.970069601803313,7.833575006040622,367.2678353062056,0.1938319612038964,0.1133092968930072,0.2621681789344112,2.135324200846959,-7.6342472424898915,2.395254735726544,-7.878691470663204,0.2139226804770801,1.4336770354645407,0.8565234398101954,0.2520100759236411,0.56327,0.0,-24907.9699,-3113.4962375
calculation345,True,6,3,1,2,0.5,0.1666666666666666,0.3333333333333333,6.166666666666666,1.6966666666666663,1.3133333333333332,60.49166666666666,7.166666666666666,0.150406855635713,0.0523236754520007,1.0114042647073518,0.920619835714305,0.1100770574703753,1,1,1,3,0.0833333333333333,0.1666666666666666,0.0555555555555555,0.25,0.0277777777777777,0.1111111111111111,0.0,0.75,0.166666666666666,-0.8333333333333339,-1.833333333333334,1.333333333333334,-17587.0998,-2931.1833,-6.818968,15,7.929953,2.690421,3.426223,90.0,90.0,90.0,73.09816647220363,12.183027745367273,0.3392732592488253,0.4320609466411717,2.314488286372487,-0.004486,-0.001699,-0.001914,0.0,0.0,-0.0,4.325342852922,0.002787,2.068466,7.345756,2.524359,0.3447443333333333,1.2242926666666667,FiM,2.3114643333333333,0.6791743333333334,2.2234552406656527,0.221153,0.221153,0.0,0.095105,-0.095105,0.0595,0.9006915477327441,0.4394342941987134,0.355256,0.2197310829521698,15.019583666666668,0.193811330286842,-0.0195836666666666,0.1938113302868425,17.644744,0.0,0.355256,0.0,13.1482525,0.0533245000000004,-0.1482525,0.0533245,-0.3748396666666667,0.1286688333333333,0.5035085,system_377,21.645857910177444,-1.6666657821735202,9.489148255678836,810.9054571557743,21.631870655130022,-1.271308250509271,9.276009963926043,745.9171263678932,1.0113986382977018,1.5933262152681318,-0.223412302521619,9.679470282752,-8.987883294625615,7.782837103522064,-8.938964821993011,-0.3953575316642492,1.1894123286642158,6.057320083255967,11.208746736103857,-1449.5375381918743,1.1060745070359972,6.613612183081665,11.082641635682268,-1551.585811684338,-0.0053663045174825,-0.0020656326641358,0.0,0.1482623034791648,-19.273984695422847,0.1302264673113993,-19.5385735417907,-0.5562920998256979,6.386381876370297,6.415500418132504,-3.794558479626103,-3.5889828428684925,9.392120127474293,9.320497516746672,1182.5137381912364,1142.5828275353797,0.2037863059435563,0.4263430724561439,-0.3531921763079845,4.48291278823695,4.247980442118501,-9.029663231409508,-8.956765120954152,-0.2055756367576102,5.842536971412775,2.4481470346714547,7.926586798730335,401.65365798677647,5.920418836708334,2.0779103607128,8.147474357891872,363.2093959538664,0.0879989658246752,0.1081689073460539,-0.102819800181166,1.0313666680297722,-7.816251357753424,1.169621700001629,-8.371499038004968,0.3702366739586549,1.5689711653346636,2.3753290229770228,-0.2044362292788652,1.07561,0.0,-17565.1998,-2927.5333
calculation346,True,10,10,0,0,1.0,0.0,0.0,7.0,1.55,1.27,54.94,5.0,0.0,0.0,0.0,0.0,0.0,1,0,0,1,0.0,0.0,0.0,1.0,0.0,0.0,0.5,1.0,1.0,0.0,-1.0,0.5,-29589.481,-2958.9481,-7.780087,10,2.459546,12.378094,3.443881,90.0,90.0,90.0,104.84720612535722,10.48472061253572,5.03267432282218,1.4002100387632517,1.4002100387632517,0.001608,0.000577,6.4e-05,-0.0,-0.0,0.0,-1.201098416622,0.001544,0.0005249999999996,7.448183,0.956794,5.249999999996646e-05,0.7448183,AFM,0.7448183,5.249999999996646e-05,0.769219416558793,0.0,0.0,0.0,0.0,0.0,0.0,0.2580612962256073,0.0001409640436972,0.00853,0.0042634494825199,15.0000001,0.0042634494825202,-9.999999999992654e-08,0.0042634494825199,0.0,0.0,0.0,0.0,0.0,0.0,0.0,0.0,-9.999999999992654e-08,-9.999999999992654e-08,0.0,system_378,72.21622310881602,-2.184022345314645,9.665180311233852,832.2298652307334,72.21585082383493,-2.1841160766600334,9.665063423617134,832.206568549731,5.637370875353845,5.63544092923876,0.0001712036134852,29.2031417539472,-9.902725589089876,29.20304660826295,-9.902708435791562,9.373134538792628e-05,4.00621200679063,5.344416761509659,10.477563653410698,-886.4741305426588,4.006029753686076,5.343738328897429,10.477297443354589,-886.4087862603079,0.0032066974741258,0.0032625074245754,-0.0086270185167197,0.6995638772075912,-14.206936548696255,0.6996102207529127,-14.206109862940275,0.0006784326122293,0.0,0.0,0.0,0.0,0.0,0.0,0.0,0.0,0.0,0.0,0.0,0.0,0.0,0.0,0.0,0.0,0.0,0.0,0.0,0.0,0.0,0.0,0.0,0.0,0.0,0.0,0.0,0.0,0.0,0.0,0.0,0.0,6.025245396853146,6.022309292207791,0.0002437095926213,4.41965,0.0,-29555.181,-2955.5181
calculation347,True,8,0,7,1,0.0,0.875,0.125,9.125,1.8975,1.27,60.06875,8.25,0.0330718913883073,0.0416653749773951,0.3767701612564367,0.3429509801981277,0.0607275766539225,0,1,1,2,0.0,0.0,0.109375,0.0,0.765625,0.015625,-0.5,0.0,3.125,2.125,1.125,1.625,-33996.6214,-4249.577675,-6.493605,6,4.941066,2.504821,6.929717,90.0,90.0,90.0,85.76554459725519,10.720693074656898,0.5069393932402442,1.40247408150387,1.40247408150387,-0.002317,0.0023,0.000448,-0.0,0.0,-0.0,-0.2301793764179999,0.004617,2.644362,2.954162,0.519082,0.33054525,0.36927025,FM,0.0,0.0,0.0,0.3998945714285714,0.3998945714285714,0.0637569433414502,0.1549,-0.1549,0.0,0.2724482179618399,0.6126479050549751,0.608951,0.2692098162695026,0.0,0.0,0.0,0.0,17.913006857142857,0.1492818200953472,0.0869931428571428,0.1492818200953471,13.608951,0.0,-0.608951,0.0,-0.0869931428571428,0.608951,0.6959441428571429,system_379,0.0,0.0,0.0,0.0,0.0,0.0,0.0,0.0,0.0,0.0,0.0,0.0,0.0,0.0,0.0,0.0,0.0,0.0,0.0,0.0,0.0,0.0,0.0,0.0,0.0,0.0,0.0,0.0,0.0,0.0,0.0,0.0,44.55760767299931,44.678750110352745,-3.662389748808644,-3.293689465547053,9.089392294140518,8.954787207326564,1103.9802313993014,1043.4778133028335,0.5847840763961032,10.257201866959791,-0.8921260220311453,31.912538066707093,28.93583773937001,-8.60760775945178,-8.385587143438205,-0.3687002832615906,3.5072975194966705,2.6960630950023634,8.766124517753484,75.68816851802141,3.571746107191547,2.349240966277414,9.013094322320674,55.867492240369,0.0130804590151099,0.0377604191637112,-0.4854353628943069,0.6143346039354046,-10.21400947507824,0.717505652033219,-10.512827085606348,0.3468221287249493,0.7212429982517482,10.460065178571428,-0.8709913031917403,0.71,0.0,-33954.6114,-4244.326425
calculation348,True,8,5,3,0,0.625,0.375,0.0,8.125,1.685,1.2625,56.34625,6.125,0.1742842505793337,0.0076692739528859,0.6615632381579821,0.6021808102656678,0.032219729680941,1,1,0,2,0.234375,0.0,0.0,0.390625,0.140625,0.0,0.125,0.625,2.125,1.125,0.125,0.625,-28475.1227,-3559.3903375,-7.082916,9,2.431952,9.840563,3.502706,90.0,90.0,90.0,83.82597842962343,10.47824730370293,4.046363990736659,1.4402858280097637,1.4402858280097637,0.001143,0.002404,-0.001142,0.0,0.0,-0.0,-1.28441160159,0.0035459999999999,-2.8099510000000003,4.540625,2.440586,-0.351243875,0.567578125,FM,0.8262193999999999,-0.4800846000000001,1.058568746346991,0.1365093333333333,-0.1365093333333333,0.0724285783206846,0.0,0.0,0.0,1.2841327175979025,0.2936578031435903,0.158785,0.0814327341752074,15.0397486,0.0635936284405913,-0.0397486,0.0635936284405914,17.933752333333334,0.0626193730530374,0.0662476666666666,0.0626193730530381,0.0,0.0,0.0,0.0,-0.1059962666666666,-0.0397486,0.0662476666666666,system_380,36.79123547608887,-1.475125248749801,9.42031806361105,740.8024634394319,36.77354095871469,-1.8035246106191127,9.563685424730254,785.6097846245038,3.13839310126776,4.257671010930896,-0.1513342627488939,13.468922179457532,-9.32521825127676,15.824337934334952,-9.346478778876463,0.3283993618693117,2.2865555158682733,3.882876984681562,11.136238987499798,-780.3346126315918,2.298439787206245,4.329127264805252,10.763578118458735,-784.314068778098,-0.0064907256281468,-0.0038250506421079,0.0,0.5510489253589406,-13.84261353640712,0.490016679372886,-13.858354446964334,-0.44625028012369,18.690967058870445,18.60675153102923,-4.464427204691035,-4.6508264444573095,8.986697617044314,9.03498530184317,1131.512353483835,1161.8874340415632,1.128183026057568,1.703850891980969,-0.2032701170196816,12.690233057659665,13.156331656351435,-9.372918311639774,-9.439862873770153,0.1863992397662741,0.0,0.0,0.0,0.0,0.0,0.0,0.0,0.0,0.0,0.0,0.0,0.0,0.0,0.0,0.0,0.0,4.717488732267731,6.394726735264736,-0.1509364183854729,3.89882,0.0,-28441.2627,-3555.1578375
calculation349,True,8,0,6,2,0.0,0.75,0.25,8.25,1.885,1.29,61.4475,8.5,0.0433012701892218,0.0537070017850814,0.5623351446188083,0.5118595071429147,0.0777270043837614,0,1,1,2,0.0,0.0,0.1875,0.0,0.5625,0.0625,-0.5,0.0,2.25,1.25,0.25,0.75,-31512.0441,-3939.0055125,-6.561228,11,4.9600604183422,2.568872,7.065867423504066,90.0,92.88141154194746,90.0,89.91776393820577,11.23972049227572,0.5179114331955242,1.424552692417745,1.424552692417745,-0.000831,0.001957,-0.001106,-0.0,-0.000193,0.0,-0.0106811775599999,0.0030629999999999,-0.005982,0.039048,0.010278,-0.00074775,0.004881,NM,0.0,0.0,0.0,0.0063433333333333,-0.0010746666666666,0.0066424784196529,0.000494,0.000233,0.000494,0.0,0.0,0.436209,0.2689230546053089,0.0,0.0,0.0,0.0,17.854617166666667,0.1090021632758069,0.1453828333333333,0.1090021632758063,13.4361485,6.050000000001887e-05,-0.4361485,6.050000000001887e-05,-0.1453828333333333,0.4361485,0.5815313333333333,system_381,0.0,0.0,0.0,0.0,0.0,0.0,0.0,0.0,0.0,0.0,0.0,0.0,0.0,0.0,0.0,0.0,0.0,0.0,0.0,0.0,0.0,0.0,0.0,0.0,0.0,0.0,0.0,0.0,0.0,0.0,0.0,0.0,38.09832978078114,38.09813045955629,-3.4787031370725314,-3.479587122251006,9.03724239311882,9.037609281706091,1086.390058950285,1086.5495857095875,2.879840217985961,2.871668810456041,0.0014207414940169,26.145181412958724,26.1504878497494,-8.480523855958316,-8.481142081196259,0.0008839851784747,6.230078014620125,2.8855673025766584,8.166351718097408,287.6836837341064,6.229851999331933,2.886287967579394,8.16574050425954,287.7745304534631,0.0631193133329671,0.0635395544314187,-0.0033178971663736,1.007160389386199,-8.413790229081588,1.006749108379896,-8.412391046429326,-0.0007206650027358,3.165396353646353,3.15854074125874,0.0010840734632126,2.16071,0.0,-31472.5841,-3934.0730125
calculation350,True,10,3,0,7,0.3,0.0,0.7,4.199999999999999,1.7319999999999998,1.368,65.286,8.5,0.1191469680688518,0.0468977044805421,0.6108643020548935,0.556032649876389,0.1037442465022322,1,0,1,2,0.0,0.21,0.0,0.09,0.0,0.4899999999999999,-0.2,1.0,-1.8000000000000007,-2.8000000000000007,-3.8000000000000007,3.3000000000000007,-23401.2815,-2340.12815,-6.191549,14,2.854684,13.383477,3.770105,90.0,90.0,90.0,144.03911475188426,14.403911475188426,4.68825165937806,1.3206733214604487,1.3206733214604487,-0.000886,-0.001151,0.003321,-0.0,0.0,-0.0,-0.6857315993520002,0.004472,7.417713999999999,10.329774,3.01265,0.7417714,1.0329774,FM,2.957914666666666,2.957914666666666,0.0773084769191293,0.0,0.0,0.0,0.2080042857142857,-0.2080042857142857,0.091672489964024,1.2228816173648398,0.9296787402089964,0.72887,0.4722340936278213,14.322597666666669,0.0018398920862068,0.6774023333333333,0.0018398920862074,0.0,0.0,0.0,0.0,13.29031514285714,0.1939949547999556,-0.2903151428571428,0.1939949547999554,0.6774023333333333,0.967717476190476,0.2903151428571428,system_382,22.02046333975368,-1.1862572574577983,10.20558134821198,964.5235143186832,21.864722727034987,0.4089958845370528,9.1886647611246,697.662636166604,1.0520117020092914,1.4392126798706313,-0.1554259747446559,12.73612919450468,-8.43094957105988,4.889338229430273,-7.767097975887872,-1.595253141994851,-0.332273697750803,0.0,0.0,0.0,-0.9011164560345816,0.0,0.0,0.0,-0.0203957793647352,-0.0292313227405593,0.0,-0.911162696799774,0.0,-1.1329550950380365,0.0,0.0,0.0,0.0,0.0,0.0,0.0,0.0,0.0,0.0,0.0,0.0,0.0,0.0,0.0,0.0,0.0,0.0,21.018293257228045,1.333585807260853,8.204550522158565,344.5864144380638,21.52451938778153,0.9494455588911744,8.364037757463086,322.00953139119605,0.4101232916281722,0.4160050796052946,-0.0071197021939102,4.339050616964621,-8.809374552228325,5.315576257007734,-8.966558877663111,0.3841402483696786,1.9770880581918095,2.14294423851149,-0.0402560388792079,1.12905,0.0,-23369.8515,-2336.98515
calculation351,True,4,1,3,0,0.25,0.75,0.0,9.25,1.82,1.255,57.7525,7.25,0.1558845726811989,0.0069006008269675,0.5623351446188083,0.5118595071429147,0.0281164907509774,1,1,0,2,0.1875,0.0,0.0,0.0625,0.5625,0.0,-0.25,0.25,3.25,2.25,1.25,1.75,-16639.173,-4159.79325,-6.609704,4,2.465035,2.465035,6.964182,90.0,90.0,90.0,42.31713845108521,10.579284612771303,1.0,2.825185849288144,2.825185849288144,-0.001115,-0.001115,0.000199,0.0,-0.0,0.0,1.0846735812180002,0.001314,-2.803402,2.93247,2.287665,-0.7008505,0.7331175,FM,2.287665,-2.287665,0.0,0.214935,-0.1719123333333333,0.1671928062294813,0.0,0.0,0.0,1.2306781219418803,0.9324943094964464,0.284252,0.1678410299375572,15.284252,0.0,-0.284252,0.0,17.905249333333334,0.0406209277617124,0.0947506666666666,0.0406209277617119,0.0,0.0,0.0,0.0,-0.3790026666666666,-0.284252,0.0947506666666666,system_383,7.606274391003006,-0.2766777422792338,8.91881874510712,586.6122514776097,7.617098686794745,-1.7569863164074415,9.658515038483491,774.6637595266398,0.8718983191414102,1.7581852821855648,-0.3369805289067579,1.8341408147881264,-8.743802683813403,4.0408493464956985,-8.94366410579887,1.4803085741282078,0.6536597270068227,0.63999090421095,11.576501863211094,-73.36599378912379,0.6763539032178305,1.3863738837739852,11.265561834332216,-283.6865270134999,0.0048191317181318,0.0035770024757742,0.1479406133431267,0.2516006056194241,-12.836326406601948,0.2266898911832875,-13.12452217859351,-0.7463829795630352,18.87664730491176,18.81826218056898,-3.8498571826514176,-4.050694759288148,8.685775224041707,8.779227091642458,1003.8664915021408,1043.0784742632652,1.304130649267333,2.491882418089412,-0.312894541653709,12.6813181064948,13.28021743336352,-8.642025249172658,-8.744334513240734,0.2008375766367303,0.0,0.0,0.0,0.0,0.0,0.0,0.0,0.0,0.0,0.0,0.0,0.0,0.0,0.0,0.0,0.0,2.3273460000000004,4.455741863636364,-0.313779786790989,1.92568,0.0,-16619.033,-4154.75825
calculation352,True,8,5,2,1,0.625,0.25,0.125,7.25,1.6725,1.2825,57.725,6.375,0.1607599141577277,0.0381489001769608,0.9002560512685369,0.8194483718728035,0.0831987927238649,1,1,1,3,0.15625,0.078125,0.03125,0.390625,0.0625,0.015625,0.125,0.7142857142857143,1.25,0.25,-0.75,0.25,-25990.3107,-3248.7888375,-6.875925,11,10.215111,2.560084,3.493249,90.0,90.0,90.0,91.35384874104383,11.41923109263048,0.2506173452251277,0.3419687754739033,2.924243590995088,-0.001179,-0.000635,0.00116,0.0,-0.0,0.0,0.349274506212,0.002339,2.418606,12.881146,2.904062,0.30232575,1.61014325,FiM,2.472143,0.464811,2.445494654802337,0.1537455,0.1537455,0.0283265,0.21294,-0.21294,0.0,0.705945129376744,0.1225982218467025,0.364655,0.1992865844462441,15.0119072,0.113519026962708,-0.0119072,0.1135190269627078,17.7879045,0.1217314999999992,0.2120955,0.1217314999999999,13.364655,0.0,-0.364655,0.0,-0.2240027,0.3527478,0.5767504999999999,system_384,36.457396688457465,-1.6008346915290077,9.41287251366489,761.1738730188249,36.45383068356104,-1.3126196241954866,9.282629570284495,722.5236605881466,2.5824303700195306,4.274136291799225,-0.2467278457599006,15.52202642880722,-9.091326599426695,13.214270836995858,-9.080309715119776,-0.2882150673335208,2.2885625406947607,5.719115712450481,10.4939234984338,-848.0342929924998,2.233572782082844,5.611386466095792,10.83481201545236,-925.8095771922142,-0.0107178025745254,0.0012719484358641,0.0,0.3885626395492577,-14.00346901688237,0.4224176541796282,-13.96507797076071,0.1077292463546895,12.416350535073448,12.467241784025536,-4.418885379342732,-4.243959004869772,8.975307062674855,8.914997737418426,1132.401622728026,1097.6365000535975,0.6350135506534219,1.0281120771072925,-0.2363612945963384,8.832879281704237,8.483517091359577,-9.18646164588583,-9.124620705910257,-0.1749263744729594,3.115442239926113,3.034210886747035,8.123384836269198,355.173335181236,3.1987939574109383,2.4537246751550565,8.497337398962447,301.4429567711505,0.0784293648216034,0.1094330219110639,-0.1650338720202646,0.5087415703076082,-7.939192119937919,0.659797779919478,-8.714843972608962,0.5804862115919787,3.7154835989010992,5.72973067932068,-0.2132558374100535,2.96631,0.0,-25959.0007,-3244.8750875
calculation353,True,8,2,4,2,0.25,0.5,0.25,7.5,1.795,1.295,60.51,7.75,0.1472243186433545,0.0516567110434735,1.039720770839918,0.946394630357186,0.0914459440748936,1,1,1,3,0.125,0.0625,0.125,0.0625,0.25,0.0625,-0.25,0.3333333333333333,1.5,0.5,-0.5,0.0,-28309.0123,-3538.6265375,-6.457921,17,2.665827,10.422447,3.442156,90.0,90.0,90.0,95.63837898219523,11.954797372774404,3.909648675626738,1.29121507134559,1.29121507134559,-0.00109,-0.000185,0.001052,0.0,-0.0,-0.0,0.119095129794,0.002142,0.0693019999999997,7.766470000000001,3.419595,0.0086627499999999,0.97080875,AFM,3.4139245000000003,-0.0056705000000001,3.4139245000000003,0.213314,0.0128159999999999,0.2518401000019655,0.0426825,0.0146895,0.0426825,1.458034116371692,0.0176886208531845,0.359475,0.2162545450657844,15.2191115,0.0155285000000002,-0.2191115,0.0155285,17.80092325,0.1154213426155996,0.19907675,0.115421342615599,13.1790425,0.0291484999999998,-0.1790425,0.0291484999999999,-0.41818825,-0.0400689999999999,0.37811925,system_385,14.692489706059137,-1.0743058840435369,9.193553427631125,706.766016069055,14.691591560295269,-1.0718165749437454,9.197045475297449,704.4761602800226,0.8367039463768555,0.594257383814202,0.1694291504930345,5.70389517885814,-8.713444243000312,5.74026581431021,-8.726852665031915,-0.0024893090997912,1.301269768031114,0.5780562834302322,12.394944090640715,-118.45733617480698,1.3182291425662849,0.7507039125059823,12.325730403715118,-166.3091957025449,0.0006048281114432,-0.0026079656530828,0.0,0.5018916578477662,-13.795061678820325,0.5022983269844187,-13.69704475852996,-0.1726476290757501,25.17694859729596,25.19328589128165,-3.575280750829141,-3.5515490281090423,8.985961376419969,8.988372523613279,1093.3445469125895,1090.6182553237124,1.6314719008148053,1.3858573023250698,0.0814013261244896,17.46321353746392,17.446508240389015,-8.491227073911073,-8.481926271156594,-0.0237317227200986,5.92564572661397,3.2746824271768284,7.299178509000228,456.1241867332365,5.897084613748483,3.313661533597203,7.2230030848099265,471.3364535679961,0.2065479760779066,0.2130253936676487,-0.0154381046482292,0.8665477907718596,-6.0522735849994325,0.8306739358699669,-5.844240930083805,-0.0389791064203746,3.1973524797702253,2.806512695304697,0.0650980281982515,1.00557,0.0,-28273.8323,-3534.2290375
calculation354,True,8,4,1,3,0.5,0.125,0.375,5.875,1.6925,1.3199999999999998,60.95125,7.25,0.145752358471484,0.053030303030303,0.9743147528693494,0.8868595071429147,0.1131229677795015,1,1,1,3,0.0625,0.1875,0.046875,0.25,0.015625,0.140625,0.0,0.8,-0.125,-1.125,-2.125,1.625,-22620.9114,-2827.613925,-6.751856,19,2.723973,10.633763,3.457805,90.0,90.0,90.0,100.15906766653616,12.519883458317022,3.903769604177428,1.2693976775834417,1.2693976775834417,0.000926,-0.000474,0.000168,0.0,-0.0,0.0,-0.3311165043599999,0.0014,4.970279,11.114051000000002,2.851293,0.621284875,1.3892563750000002,FiM,2.5397665000000003,1.3063875,2.203354311828048,0.349857,0.349857,0.0,0.2017093333333333,-0.2017093333333333,0.1109865128212532,0.8473759652155215,0.618027483892708,0.865202,0.4130928866857421,14.753417,0.1138217904533219,0.246583,0.1138217904533222,17.581477,0.0,0.418523,0.0,13.468285333333332,0.2811266612428559,-0.4682853333333334,0.281126661242856,-0.1719399999999999,0.7148683333333334,0.8868083333333334,system_387,29.204248777737767,-1.5693385078561382,9.649377339417976,831.3802302559171,29.28790991810053,-0.7535886685826553,9.272426750114487,714.3212723545423,1.9732395485083956,2.1185948228744187,-0.0355232546514098,14.099423074849106,-8.849861500852155,9.155098496217857,-8.77855760839983,-0.8157498392734829,0.8578390453619982,19.53712763300394,0.0,10589.076236741028,0.6204264268736461,29.37558975161309,0.0,43496.92092809296,-0.0068616314390073,0.0075155020252197,-21.987735443965303,-0.3543662489820325,0.0,-0.4812267249661162,0.0,-9.83846211860915,6.271049018953898,6.331233668448325,-4.056528933437464,-3.63959849446327,9.262769303040717,9.17835928526611,1212.8826287860395,1149.213105496866,0.1904358743799591,0.3396504837481175,-0.2814911326808867,4.536402903610656,4.152093217306979,-8.98981724689944,-8.842721155897742,-0.4169304389741932,9.007993863058498,1.774561532139248,8.261772351779166,364.1646386735933,9.269160747585795,1.1757618490437365,8.55286998574916,332.31873350475706,0.1620383910461012,0.2355931986021264,-0.1849823038986837,1.8188093055135817,-8.725533511091331,2.254844288701896,-9.281129961764591,0.5987996830955118,2.587407943056943,2.9194801303696414,-0.0603012414425323,2.50136,0.0,-22592.5614,-2824.0701750000003
calculation355,True,8,3,2,3,0.375,0.25,0.375,6.25,1.7375,1.3175,61.42,7.625,0.1503121751555741,0.0547003237396568,1.0821955300387671,0.9850568223215076,0.1073129086790473,1,1,1,3,0.09375,0.140625,0.09375,0.140625,0.0625,0.140625,-0.125,0.6,0.25,-0.75,-1.75,1.25,-24222.6923,-3027.8365375,-6.561077,18,2.663862,2.663862,13.842345,90.0,90.0,90.0,98.22750534677954,12.278438168347442,1.0,5.196344630465092,5.196344630465092,0.000207,0.000207,0.000996,-0.0,-0.0,-0.0,-0.7530230179799998,0.000789,-2.711362,7.276472000000001,2.71198,-0.33892025,0.909559,FiM,2.205579,-0.9255276666666666,2.03393555481589,0.2060835,-0.0911734999999999,0.2060835,0.0825226666666666,0.0825226666666666,0.0411948458453508,1.1325498276540886,0.7257597593231925,0.516306,0.2820986234465484,15.060273333333331,0.1672982606511162,-0.0602733333333333,0.1672982606511164,17.569887,0.0861929999999997,0.430113,0.086193,13.226469333333334,0.0319081481895912,-0.2264693333333333,0.0319081481895908,-0.4903863333333333,0.1661959999999999,0.6565823333333334,system_388,21.45025662477017,-1.212678564602366,9.05555992317797,709.6315230997253,21.427984652491507,-1.7998423168262407,9.34468880297315,796.6653304220006,1.307572837341859,1.470280300533268,-0.0585730976821436,7.385572213546019,-8.790808179392782,9.995164792659828,-8.85626973946967,0.5871637522238748,1.2998810582075233,6.194688899961581,10.179333678285658,-872.0799686424467,1.390310344251748,5.252867074226345,10.45147847767016,-855.1953000842273,0.0078132829670329,0.0035579134805194,0.3742235486072721,0.2001859965020102,-13.638960205587804,0.2305877019506576,-14.373672047912816,0.9418218257352358,12.737333534227933,12.673266287937118,-3.5383702480423858,-3.690609391557761,9.382962487337672,9.38492436450012,1180.552027003327,1197.9841504417911,0.3281023578157847,0.296360085174026,0.0508313558294755,8.677361412636014,8.905322467509608,-8.826213324763787,-8.859176911422805,0.1522391435153753,8.784360648776719,1.9394876343907137,7.937261479086769,402.62703420305394,8.70970240984806,2.1621313815812124,7.784456516808083,424.9245363230669,0.1128113969956045,0.1058544891368631,0.0318152409677972,1.7311372958908118,-8.05482211883442,1.5617057430593273,-7.699957608309455,-0.2226437471904987,1.990807122127872,2.1176859910089902,-0.0308820936015262,1.72813,0.0,-24192.2023,-3024.0252875
calculation356,True,6,5,0,1,0.8333333333333334,0.0,0.1666666666666666,6.333333333333334,1.5933333333333333,1.2933333333333334,57.40333333333333,5.833333333333334,0.0968962790249908,0.040341432583759,0.4505612088663046,0.410118486306518,0.0959557653662589,1,0,1,2,0.0,0.1388888888888889,0.0,0.6944444444444445,0.0,0.0277777777777777,0.3333333333333333,1.0,0.3333333333333339,-0.6666666666666661,-1.666666666666666,1.166666666666666,-16869.9261,-2811.65435,-7.370777,12,7.677179,2.585661,3.447097,90.0,90.0,90.0,68.42688279909562,11.404480466515936,0.3367983213625734,0.4490056829468219,2.227143303481161,0.001608,0.001199,0.001142,-0.0,0.0,-0.0,-2.108998509222,0.000466,2.292939,9.412693,2.158023,0.3821565,1.5687821666666668,FiM,1.8406860000000005,0.5004404,1.790865929602057,0.0,0.0,0.0,0.209263,-0.209263,0.0,0.4168218999517762,0.3917668008015287,0.369504,0.2367376722567736,14.9260988,0.1857031017354316,0.0739012,0.1857031017354314,0.0,0.0,0.0,0.0,13.369504,0.0,-0.369504,0.0,0.0739012,0.4434052,0.369504,system_390,36.15194006949682,-2.010155442971089,9.561369393836712,818.1766713941211,36.17525638570542,-1.709168680080161,9.394233782321942,768.4065028218798,2.584077631250201,2.7351363338937738,-0.0283986889103235,15.764607097522823,-9.469847725764597,13.357206214591056,-9.440282276020596,-0.3009867628909277,1.7023474024636474,9.998897799032864,6.3911205181016575,-99.86701762996094,1.5795975422212123,10.965798241006016,4.953618525281529,187.43929608909664,-0.0073170905707028,-0.0003361615210501,0.0,0.0125697612596596,-23.80638283226249,-0.0081586713151626,0.0,-0.9669004419731504,0.0,0.0,0.0,0.0,0.0,0.0,0.0,0.0,0.0,0.0,0.0,0.0,0.0,0.0,0.0,0.0,2.975444142822287,2.582179347876977,8.726468812971829,389.7551275514394,3.096674909835253,1.2506280321226977,9.048956467747551,359.761568679798,0.0707747292562207,0.0317916038429724,0.3800772069675849,0.5548618505247445,-8.684428123574415,0.7780089092301827,-9.730802523170428,1.3315513157542798,2.8560806491009045,2.954954414085917,-0.0170148284961111,2.30625,0.0,-16849.756100000002,-2808.2926833333336
calculation357,True,8,3,3,2,0.375,0.375,0.25,7.125,1.75,1.2975,60.04125,7.375,0.159687194226713,0.0505022829367289,1.0821955300387671,0.985056822321508,0.0969196009576307,1,1,1,3,0.140625,0.09375,0.09375,0.140625,0.140625,0.0625,-0.125,0.5,1.125,0.125,-0.875,0.375,-26707.1162,-3338.389525,-6.527435,19,10.735296,2.671091,3.37579,90.0,90.0,90.0,96.80061799428108,12.100077249285134,0.2488139125367386,0.314457095547249,3.1800840692104666,0.000572,-0.00095,0.000618,-0.0,-0.0,0.0,-0.1281741307199999,0.001568,5.013392000000001,10.40806,3.147562,0.6266740000000002,1.3010075,FiM,2.877432,1.2618893333333334,2.6060695586840263,0.4659546666666667,0.4659546666666667,0.1083118168263381,0.18895,-0.0850699999999999,0.18895,0.9562998571440988,0.0471176354133376,0.20049,0.1174839437364075,14.926406333333333,0.1029284817800961,0.0735936666666666,0.102928481780096,17.978279999999998,0.0670207835376452,0.02172,0.067020783537646,13.142971,0.0575190000000001,-0.142971,0.057519,0.0518736666666666,0.2165646666666666,0.164691,system_391,22.257067790814634,-1.3105083938245252,9.686053122342312,795.8167244273899,22.241241352070016,-0.5358781209140395,9.28486370524364,686.5786849030071,1.3885293046119065,1.3668253339548393,0.0078770153044099,10.52478702220258,-8.824797907588524,6.930788238811206,-8.741623923227927,-0.7746302729104857,1.1718614611282885,8.9123919816247,7.768653581421064,-491.330611394973,1.095691748750351,9.12512149608479,8.078621593351722,-575.9730643912307,0.012713765559177,0.0066252576629929,0.314830166251848,0.0393541497364436,-18.02397856073613,0.0499427408036003,-16.12389837664037,-0.21272951446009,18.650519985228573,18.801288731570637,-4.121527557752739,-3.609789547569845,8.76523614096183,8.613993180133079,1078.061971700713,999.3820251462232,0.6053981011726758,3.087956431830784,-0.6721689749722662,13.761690270505271,12.1384368107802,-8.644957753949761,-8.409273145532742,-0.5117380101828934,5.640010783321193,2.5878475000364407,7.3278185409768195,441.9621248938101,5.729791672477013,2.258137369432073,7.633619005376639,394.5112495004995,0.1356066651787088,0.1311903466299289,0.01655310349558,0.887346706742995,-6.660263905453481,1.0289404065666012,-7.4542473576443555,0.3297101306043677,2.431672002997004,4.959499266983017,-0.3420063169491195,1.01695,0.0,-26674.0762,-3334.259525
calculation358,True,10,3,6,1,0.3,0.6,0.1,8.4,1.7919999999999998,1.272,58.668,7.3,0.1611086589851705,0.0368408003580502,0.8979457248567797,0.81734542214651,0.0689943304731771,1,1,1,3,0.18,0.03,0.06,0.09,0.36,0.01,-0.2,0.3333333333333333,2.4000000000000004,1.4000000000000004,0.4000000000000003,0.9000000000000004,-38313.4182,-3831.34182,-6.567091,12,2.585882,12.742894,3.397316,90.0,90.0,90.0,111.94706660785,11.194706660784998,4.927871418726763,1.3137939008817885,1.3137939008817885,-0.001316,0.000964,0.00111,0.0,-0.0,0.0,-0.404816629524,0.002426,-2.9369,10.564894,3.356034,-0.2936899999999999,1.0564893999999998,FiM,3.154584,-0.9172279999999998,3.023187912406703,0.1799851666666666,-0.0273308333333333,0.2069247170642958,0.021231,-0.021231,0.0,1.3061805218139346,0.241414827691639,0.312901,0.2026518171223737,15.190488666666669,0.0703447125581506,-0.1904886666666666,0.070344712558151,17.853505,0.1029977649628054,0.146495,0.1029977649628055,13.307504,0.0,-0.307504,0.0,-0.3369836666666667,0.1170153333333333,0.453999,system_392,22.35910686758639,-0.7969856536612316,9.073549328987248,650.4289973608434,22.382818922514005,-1.371434382968753,9.36841674289746,729.990795956095,0.8839734959856145,2.884548088284011,-0.5308645705119734,7.311240418015087,-8.81941126936797,9.94040457320186,-8.838501312824413,0.5744487293075213,1.968929208592917,1.0705290124392413,12.268057973536209,-243.4794077209603,1.9725243484896648,1.8146060761398837,11.999403665497937,-397.9056966058561,0.0089655291274725,0.0067963503537462,0.1376218347761792,0.7248496520147006,-13.77152095623923,0.6520039183715647,-13.732853007707083,-0.7440770637006422,37.92630970206049,37.794128986606985,-3.618948835160829,-3.69974004017408,8.995715301699274,9.000675651569724,1082.8612449815428,1094.0988145583565,1.4077818645466516,3.9832362506380568,-0.4777306124862027,25.89681566182834,26.177896139859055,-8.615309015470944,-8.623766925188262,0.0807912050132508,3.198411121423056,3.9282827837300265,7.563811922039043,430.0649767806415,3.207316855220581,4.002527427225623,7.557750754714676,420.1051338586947,0.0463073923662338,0.0828891141811192,-0.2831479177920141,0.4526156357739941,-6.273758072001363,0.4450210846264255,-6.232138991368437,-0.0742446434955961,2.6825063876123862,7.365797227022971,-0.4660777598906716,2.48526,0.0,-38266.6882,-3826.66882
calculation359,True,8,7,0,1,0.875,0.0,0.125,6.5,1.5825,1.2875,56.7875,5.625,0.0859869176095992,0.0359616683057322,0.3767701612564367,0.3429509801981277,0.0860757305250598,1,0,1,2,0.0,0.109375,0.0,0.765625,0.0,0.015625,0.375,1.0,0.5,-0.5,-1.5,1.0,-22787.8242,-2848.478025,-7.360553,17,2.578309,10.256149,3.414742,90.0,90.0,90.0,90.29780271553182,11.287225339441475,3.977858743851106,1.3244114650338652,1.3244114650338652,-0.002168,-0.003749,0.000501,0.0,0.0,-0.0,2.892462883248,0.00425,2.1334340000000003,13.608334,2.120925,0.26667925,1.70104175,FiM,1.915525,0.3332990000000001,1.897980859495239,0.0,0.0,0.0,0.199659,-0.199659,0.0,0.3530590039689651,0.2710539248196263,0.350034,0.1724232459251344,14.949995285714284,0.1182075079628004,0.0500047142857142,0.1182075079628003,0.0,0.0,0.0,0.0,13.350034,0.0,-0.350034,0.0,0.0500047142857142,0.4000387142857143,0.350034,system_393,50.50922897372296,-2.027319340895398,9.509762041611197,805.9333958769287,50.54282986570319,-1.822508257970028,9.409996254927334,774.4801882601504,2.8680088313477534,4.226893711244801,-0.1915297457208618,21.445872293416144,-9.51822614237351,19.170510620045278,-9.51210569164682,-0.2048110829253699,2.624453092554676,8.231030408206436,8.299587766963038,-548.9101343039741,2.5006692073844525,8.833702631304911,7.778535005009151,-470.1500700610745,0.0019833968893434,-0.0010115333736428,3.0816366851958725,0.1825361338741789,-14.108935761386956,0.1505024700257616,-13.581551527387154,-0.6026722230984749,0.0,0.0,0.0,0.0,0.0,0.0,0.0,0.0,0.0,0.0,0.0,0.0,0.0,0.0,0.0,0.0,2.939015816136007,2.4831237045322188,8.573475380186778,377.6912467773535,3.095132051575055,1.1936673162355382,9.054434764434282,354.60452079988147,0.0490745251432939,0.0553196476560498,-0.059822520216331,0.5499874900102973,-8.661986411334484,0.7793062985534912,-9.835797843634326,1.2894563882966803,3.174450944305702,4.628212299200798,-0.1863160448587781,2.81537,0.0,-22760.7942,-2845.099275
calculation360,True,10,2,8,0,0.2,0.8,0.0,9.4,1.838,1.254,57.94,7.4,0.1439999999999999,0.0063795853269537,0.5004024235381879,0.4554859150035952,0.0258888505350362,1,1,0,2,0.16,0.0,0.0,0.04,0.6400000000000001,0.0,-0.3,0.2,3.4000000000000004,2.4000000000000004,1.4000000000000004,1.9000000000000004,-42398.8047,-4239.88047,-6.603461,7,2.438541,2.438541,17.316966,90.0,90.0,90.0,102.97503022733376,10.297503022733377,1.0,7.101363479227949,7.101363479227949,0.000797,0.000797,-0.004822,0.0,-0.0,-0.0,1.7239420581839997,0.005619,-0.0060989999999999,2.313017,0.723459,-0.0006098999999999,0.2313017,AFM,0.714504,-0.0089549999999999,0.714504,0.110501125,0.0014763749999999,0.1153054825116064,0.0,0.0,0.0,1.0524227028839916,0.0052597627716768,0.28119,0.1477298689926989,15.2811105,7.950000000001012e-05,-0.2811105,7.950000000001012e-05,17.929722374999997,0.0508470085893397,0.070277625,0.0508470085893396,0.0,0.0,0.0,0.0,-0.351388125,-0.2811105,0.070277625,system_394,15.186713869881022,-1.3131247301608222,9.378959141088684,695.5365926414833,15.186524111268191,-1.318948572573828,9.3814605454054,696.2742133300443,1.6288510889980012,1.639114236547252,-0.0031405313480608,5.961807325389824,-9.038683016733824,5.978273189122127,-9.039087762421612,0.0058238424130059,1.287402282738488,1.4057484064608068,11.32636977610721,-296.3114652550862,1.2877075999934755,1.4078509586975927,11.325917589474026,-296.82057261898404,0.0052338262019979,0.0056623030393606,-0.039323766070639,0.4351324759059076,-13.090088917915802,0.43504001151243,-13.091805436239932,-0.0021025522367859,50.39005504651263,50.39013229659348,-3.9525675554573114,-3.9513535504895834,8.76370555712599,8.763293718278595,1020.3874995795346,1020.1955334694076,4.7386295170787225,4.861863342539063,-0.0128361978142491,34.57046099891447,34.554209996485966,-8.737543931723255,-8.737044818216324,-0.001214004967728,0.0,0.0,0.0,0.0,0.0,0.0,0.0,0.0,0.0,0.0,0.0,0.0,0.0,0.0,0.0,0.0,6.478415951298703,6.613964978521481,-0.0103532755386028,5.89579,0.0,-42347.3847,-4234.73847
calculation361,True,10,8,1,1,0.8,0.1,0.1,6.9,1.6120000000000003,1.282,56.793,5.8,0.1259999999999999,0.0336047725874228,0.639031859650177,0.5816718657178868,0.0783843596956032,1,1,1,3,0.08,0.08,0.01,0.6400000000000001,0.01,0.01,0.3,0.888888888888889,0.9000000000000004,-0.0999999999999996,-1.0999999999999996,0.5999999999999996,-30307.0443,-3030.70443,-7.21739,20,2.565287,12.845752,3.395346,90.0,90.0,90.0,111.8869746257988,11.18869746257988,5.007530151597072,1.3235735416738943,1.3235735416738943,-0.000943,0.000378,-0.000679,0.0,0.0,0.0,0.664369244232,0.001321,-0.4731829999999997,15.751463,2.513505,-0.0473182999999999,1.5751463,AFM,1.93494075,-0.0251557499999999,1.951684283671718,0.235751,-0.235751,0.0,0.036186,-0.036186,0.0,0.4803039666673991,0.2920387198908079,0.350168,0.1713748104903401,14.9955255,0.094924776070318,0.0044744999999999,0.0949247760703179,17.685628,0.0,0.314372,0.0,13.350168,0.0,-0.350168,0.0,-0.3098975,0.3546424999999999,0.6645399999999999,system_395,57.91054091303785,-1.7416424933957595,9.488963666984038,786.6327617958215,57.8968783358422,-1.7680303040435492,9.50024181216789,790.1747006971306,3.3892551423781216,4.439853607848752,-0.1341913235577658,23.07684494955558,-9.4059805256761,23.349377082592703,-9.406449121793733,0.0263878106477895,3.474249579563552,6.041594517885616,10.494612099203314,-977.66453064998,3.4241111201350654,6.264722847712114,10.372448283625182,-994.3148267789888,-0.0008154127031968,-0.0002016692811188,0.0,0.5521187624206558,-14.515532342490204,0.5137334156150782,-14.720776102601684,-0.2231283298264976,6.38551797523192,6.358970799700494,-4.089102316186205,-4.327153357626989,9.396609020663329,9.462212062698509,1196.3508287719471,1236.489711048041,0.2186696841838162,0.2402190997965035,-0.0469599963323826,4.249839206290571,4.475200660322546,-9.453887297529992,-9.545885775251133,0.2380510414407846,3.0949155025301245,2.8967167086444023,8.4243830718339,374.8893444418024,3.1429240026747864,2.4017642399866435,8.534963830651844,372.5020613932248,0.0459051466702297,0.0618549429438561,-0.148012091774852,0.5488892411145997,-8.261497143346391,0.6270643425852451,-8.666880794785484,0.4949524686577589,3.958713116883117,5.124245864135865,-0.1283208203062908,3.68268,0.0,-30271.014300000003,-3027.10143
calculation362,True,10,8,0,2,0.8,0.0,0.2,6.200000000000001,1.6020000000000003,1.298,57.896,6.0,0.104,0.0431432973805854,0.5004024235381879,0.4554859150035952,0.1021141356915849,1,0,1,2,0.0,0.16,0.0,0.6400000000000001,0.0,0.04,0.3,1.0,0.200000000000001,-0.7999999999999989,-1.799999999999999,1.299999999999999,-27821.963,-2782.1963,-7.23951,10,2.602311,12.98913,3.4379,90.0,90.0,90.0,116.20705653789238,11.62070565378924,4.991382659489969,1.3210949805768797,1.3210949805768797,5e-06,0.001598,0.000975,0.0,0.0,-0.0,-1.376803787484,0.001593,4.069507000000001,17.033017,2.390143,0.4069507,1.7033017,FiM,2.076960375,0.5608551250000002,2.010938533411106,0.0,0.0,0.0,0.208667,-0.208667,4.000000000004e-06,0.4525651852858503,0.3856891242014463,0.509352,0.2910746025837534,14.87266575,0.1575923438319181,0.1273342499999999,0.1575923438319181,0.0,0.0,0.0,0.0,13.5093375,1.4499999999806334e-05,-0.5093375,1.450000000002838e-05,0.1273342499999999,0.63667175,0.5093375,system_396,57.77744365858936,-1.98815375813031,9.508355371724209,810.1020296132161,57.88196888781524,-1.630564956664618,9.356541419054258,759.7185437837322,2.698197197153457,5.010847938158872,-0.2999918537786221,25.387238858010196,-9.381981420526214,21.095792789584426,-9.364453920843664,-0.357588801465692,2.4475753652076744,12.00387349007887,0.0,1383.974496185334,2.184580950194053,13.855719424355277,0.0,2752.4012278572254,-0.0101513503628612,0.0034530461931164,0.0,-0.1982248958213271,0.0,-0.2712018119023411,0.0,-1.8518459342764064,0.0,0.0,0.0,0.0,0.0,0.0,0.0,0.0,0.0,0.0,0.0,0.0,0.0,0.0,0.0,0.0,5.946067059150346,2.1544079715196256,8.701638767213817,349.6430287492463,6.238733560169855,0.9148897735738146,9.075547443115129,337.7404951330191,0.14010790958117,0.100313317855325,0.1655202918234676,1.1833051233573382,-9.076366875058472,1.6343876779311746,-9.999998288575789,1.239518197945811,3.265676723276732,5.452187282717286,-0.2508080600864164,2.69787,0.0,-27788.483,-2778.8483
calculation363,True,6,1,5,0,0.1666666666666666,0.8333333333333334,0.0,9.5,1.85,1.2533333333333334,58.065,7.5,0.1341640786499873,0.0059469893018611,0.4505612088663046,0.410118486306518,0.0240685866862544,1,1,0,2,0.1388888888888889,0.0,0.0,0.0277777777777777,0.6944444444444445,0.0,-0.3333333333333333,0.1666666666666666,3.5,2.5,1.5,2.0,-25759.5717,-4293.26195,-6.511338,4,7.402397,2.478439,3.479179,90.0,90.0,90.0,63.83037278991242,10.638395464985402,0.3348157360379347,0.4700070801390414,2.1276275236197963,-0.002682,-0.003479,0.002006,0.0,0.0,-0.0,2.21901463809,0.005485,5.894496,5.894496,3.026865,0.982416,0.982416,FM,3.026865,3.026865,0.0,0.5735262000000001,0.5735262000000001,0.0949068334871625,0.0,0.0,0.0,0.9348392321795592,0.0,0.103565,0.0825965762273002,15.088899,0.0,-0.088899,0.0,17.9822204,0.0793089696632106,0.0177796,0.0793089696632102,0.0,0.0,0.0,0.0,-0.1066786,-0.088899,0.0177796,system_397,7.645964409926629,-1.754655228885314,9.547162064450902,760.7662201379112,7.648061578193896,0.1329918136107591,8.639487571949012,537.2072885821043,1.866406599097904,0.3235518001051197,0.7045132910078404,4.314333856065444,-8.706360876307123,1.4522438416337482,-8.626364324378216,-1.8876470424960727,0.6091180666560359,3.7738362210029495,10.33939598572796,-609.8651134955205,0.5904205137899662,2.41480657665064,11.335284709097415,-470.6080713189597,0.0035921757391714,-0.001134378472731,1.9230854702462905,0.1463722464032844,-12.77500312661751,0.1896560684633171,-12.876768470586637,1.3590296443523098,31.563399181326,31.77663692602324,-4.055853494458344,-3.450936828303141,8.86590146870536,8.682979543973403,1059.81555504738,974.0383645479224,2.079612518536491,4.36480668712176,-0.3546004838696481,23.129569868479877,19.97690132376756,-8.752126414769739,-8.430611425413447,-0.6049166661552023,0.0,0.0,0.0,0.0,0.0,0.0,0.0,0.0,0.0,0.0,0.0,0.0,0.0,0.0,0.0,0.0,4.110118505494521,4.807498251748252,-0.0782024800165726,0.12562,0.0,-25728.2917,-4288.048616666667
calculation364,True,8,6,0,2,0.75,0.0,0.25,6.0,1.6150000000000002,1.305,58.635,6.25,0.112583302491977,0.0464534699347974,0.5623351446188083,0.5118595071429147,0.1091485927170972,1,0,1,2,0.0,0.1875,0.0,0.5625,0.0,0.0625,0.25,1.0,0.0,-1.0,-2.0,1.5,-21904.1408,-2738.0176,-7.140744,10,5.205396,2.602771,6.928429,90.0,90.0,90.0,93.869499882705,11.733687485338129,0.5000140239090359,1.331009014491885,1.331009014491885,-0.001991,-0.001932,-0.000126,0.0,-0.0,0.0,2.162404397022,0.001865,3.5027230000000005,12.572135,2.00944,0.437840375,1.571516875,FiM,2.007391333333333,0.6717516666666667,1.89165995823392,0.0,0.0,0.0,0.2638935,-0.2638935,1.6500000000002624e-05,0.4804024450946155,0.4358014235646747,0.210084,0.1277540801393442,15.0014975,0.1474872731726934,-0.0014975,0.1474872731726933,0.0,0.0,0.0,0.0,12.9955075,0.0001505000000001,0.0044925,0.0001505,-0.0014975,-0.00599,-0.0044925,system_398,43.18075123936262,-2.0633111061467564,9.442125261628057,801.5567564724414,43.241424594552925,-1.6587924398045673,9.2634526113194,742.8893677357877,1.669304928681925,2.525989608145382,-0.204201319345584,19.496244136096816,-9.31866425479933,15.831851041202388,-9.28478688899865,-0.4045186663421891,1.9870383890034795,8.807361029350458,8.424076102188122,-689.107335327904,1.6578672933066556,12.154757832430818,3.5283175564370977,425.1869897916352,0.0100872283289502,0.006793024798864,0.1951513111292233,0.0613799520442281,-22.39472589204563,-0.089408225059219,0.0,-3.34739680308036,0.0,0.0,0.0,0.0,0.0,0.0,0.0,0.0,0.0,0.0,0.0,0.0,0.0,0.0,0.0,0.0,5.515350422264866,2.536937769291563,7.626760811598782,489.0941260366604,5.736043454901346,1.5443701345138308,8.108499388610626,411.3787907810401,0.1191944797872883,0.0469226920088861,0.4350651229908946,0.9673102883093608,-7.247283027980176,1.3442893218944711,-8.534430154666838,0.992567634777732,2.029000920579421,2.6439846428571423,-0.1316040278595372,1.3053,0.0,-21877.5208,-2734.6901000000003
calculation365,True,8,5,0,3,0.625,0.0,0.375,5.5,1.6475,1.3224999999999998,60.4825,6.875,0.125871958751741,0.0512493070386614,0.6615632381579821,0.6021808102656678,0.1183042488673286,1,0,1,2,0.0,0.234375,0.0,0.390625,0.0,0.140625,0.125,1.0,-0.5,-1.5,-2.5,2.0,-21019.4156,-2627.42695,-7.015761,21,2.767999,10.936108,3.231406,90.0,90.0,90.0,97.81833052271828,12.227291315339784,3.950907496715136,1.167415884182039,1.167415884182039,-0.001538,0.000671,0.000185,0.0,0.0,-0.0,0.364228154796,0.002209,-4.147264,8.13983,2.651506,-0.518408,1.01747875,FM,1.5518508,-0.905568,1.508780227691097,0.0,0.0,0.0,0.1268586666666666,0.1268586666666666,0.1326582419209434,0.9389241800538844,0.6750601891708486,0.556381,0.312719732695443,14.7735672,0.0984553267495462,0.2264328,0.0984553267495466,0.0,0.0,0.0,0.0,13.377388333333334,0.1294306325445756,-0.3773883333333334,0.1294306325445753,0.2264328,0.6038211333333334,0.3773883333333334,system_399,36.37038657348332,-1.1468856137707664,9.462267822229393,774.7388219718745,36.25228206921703,-1.7368090085014405,9.738686914598238,863.0908924864272,2.340459407159341,3.05999960259041,-0.1332368589655143,12.593183085505556,-9.032601151413196,16.801699078097283,-9.102081381463828,0.5899233947306739,0.726999682037076,33.06402041863886,0.0,65631.457210071,0.9203678029277564,23.522731721707316,0.0,21175.23042738283,0.0031783973496503,-0.0166797333951048,0.0,-0.6571095838435335,0.0,-0.493014111221271,0.0,9.541288696931549,0.0,0.0,0.0,0.0,0.0,0.0,0.0,0.0,0.0,0.0,0.0,0.0,0.0,0.0,0.0,0.0,9.004980752642787,0.5928063438077683,8.56040793689862,358.37283479363,8.804405321920612,1.0360602627972175,8.352219017380689,371.57626154614616,0.0963853801288711,0.1220031218536463,-0.1173035278515986,2.2758817152731123,-9.719615891642706,1.962952673344453,-9.338229133334492,-0.4432539189894492,2.6245660272227807,3.413629250999001,-0.130678652713033,2.21143,0.0,-20993.2056,-2624.1507
calculation366,True,8,6,0,2,0.75,0.0,0.25,6.0,1.6150000000000002,1.305,58.635,6.25,0.112583302491977,0.0464534699347974,0.5623351446188083,0.5118595071429147,0.1091485927170972,1,0,1,2,0.0,0.1875,0.0,0.5625,0.0,0.0625,0.25,1.0,0.0,-1.0,-2.0,1.5,-21904.0503,-2738.0062875,-7.232434,20,2.625709,2.625709,13.585107,90.0,90.0,90.0,93.66045191538096,11.707556489422618,1.0,5.173881416409816,5.173881416409816,-0.001002,-0.001002,0.000184,0.0,-0.0,0.0,0.97198715796,0.001186,-3.000000000086267e-06,11.746921,2.086547,-3.750000000107834e-07,1.468365125,AFM,1.9509045,-2.500000000016378e-06,1.9553076218875596,0.0,0.0,0.0,0.020747,6.000000000000796e-06,0.020747,0.5744242372637146,5.107720113846238e-07,0.163531,0.1022740456213109,15.000780166666669,0.1180855840120725,-0.0007801666666666,0.1180855840120724,0.0,0.0,0.0,0.0,12.9976595,4.749999999997812e-05,0.0023404999999999,4.7500000000000016e-05,-0.0007801666666666,-0.0031206666666666,-0.0023404999999999,system_400,43.38899651432051,-1.8029601395360488,9.466660806516773,797.6251774232617,43.38908489287506,-1.8029282084724207,9.466686810137896,797.6264042477344,3.112858890535938,3.1084950613784685,0.0007014275656389,17.522569034357556,-9.364304496609044,17.52275587040167,-9.364306610593449,-3.19310636278658e-05,1.7822804117802105,10.465415453340931,4.577273660956534,450.45663543787794,1.782290331522711,10.46577622591265,4.577246523770501,450.4911264441696,0.0096987263632208,0.0096585155508102,0.0020773007120096,-0.0632825547227134,0.0,-0.0632760359929319,0.0,-0.0003607725717174,0.0,0.0,0.0,0.0,0.0,0.0,0.0,0.0,0.0,0.0,0.0,0.0,0.0,0.0,0.0,0.0,5.737532026203523,1.6435170026533334,8.167114502944134,379.3847763935627,5.737580342293889,1.643688152855916,8.167164910496835,379.3946933029041,0.1276378125033156,0.1275338177493314,0.0004075482602873,1.264520714646554,-8.740170232640425,1.264498327041561,-8.740102787105855,-0.0001711502025825,3.53515100999001,3.530426195804196,0.0006687088751842,0.84032,0.0,-21877.4303,-2734.6787875
calculation367,True,8,2,6,0,0.25,0.75,0.0,9.25,1.82,1.255,57.7525,7.25,0.1558845726811989,0.0069006008269675,0.5623351446188083,0.5118595071429147,0.0281164907509774,1,1,0,2,0.1875,0.0,0.0,0.0625,0.5625,0.0,-0.25,0.25,3.25,2.25,1.25,1.75,-33278.7503,-4159.8437875,-6.563515,4,2.477897,4.923120000429098,6.987204000605679,89.99848911397514,90.0,90.0,85.2367917328327,10.654598966604087,1.986813818503795,2.819812123185782,2.819812123185782,-0.00085,0.003039,-0.000259,2.4e-05,-0.0,0.0,-1.03073363454,0.003889,2.4000000000114265e-05,6.601938,2.934818,3.0000000000142827e-06,0.82524225,AFM,2.9347865,-3.1499999999962114e-05,2.9347865,0.1220608333333333,1.450000000000642e-05,0.2111988259719184,0.0,0.0,0.0,1.486906693104031,2.120828443959132e-06,0.177237,0.1380613470648442,15.092278,1.000000000139778e-06,-0.092278,1.000000000001e-06,17.969240499999998,0.1470714932810464,0.0307595,0.1470714932810456,0.0,0.0,0.0,0.0,-0.1230375,-0.092278,0.0307595,system_401,0.0,0.0,0.0,0.0,0.0,0.0,0.0,0.0,0.0,0.0,0.0,0.0,0.0,0.0,0.0,0.0,0.0,0.0,0.0,0.0,0.0,0.0,0.0,0.0,0.0,0.0,0.0,0.0,0.0,0.0,0.0,0.0,0.0,0.0,0.0,0.0,0.0,0.0,0.0,0.0,0.0,0.0,0.0,0.0,0.0,0.0,0.0,0.0,0.0,0.0,0.0,0.0,0.0,0.0,0.0,0.0,0.0,0.0,0.0,0.0,0.0,0.0,0.0,0.0,6.22197209415584,6.222031249999994,-4.753763119366671e-06,1.74482,0.0,-33238.4703,-4154.8087875
calculation368,True,4,0,2,2,0.0,0.5,0.5,6.5,1.86,1.33,64.205,9.0,0.0499999999999999,0.0601503759398495,0.6931471805599453,0.6309297535714574,0.0858967370142512,0,1,1,2,0.0,0.0,0.25,0.0,0.25,0.25,-0.5,0.0,0.5,-0.5,-1.5,1.0,-13271.6345,-3317.908625,-6.41821,23,2.931429,2.931413,5.576014,90.0,90.0,90.0,47.91596565069806,11.978991412674516,0.9999945419111294,1.9021487472492085,1.9021487472492085,-0.003736,-0.003733,-0.005904,-0.0,0.0,0.0,7.141969375493999,0.002171,0.0,0.0,0.0,0.0,0.0,NM,0.0,0.0,0.0,0.0,0.0,0.0,0.0,0.0,0.0,0.0,0.0,0.214375,0.214157555230956,0.0,0.0,0.0,0.0,17.7858425,2.4999999990171773e-06,0.2141575,2.4999999999886224e-06,13.2141575,0.0002175000000006,-0.2141575,0.0002175,-0.2141575,0.2141575,0.428315,system_402,0.0,0.0,0.0,0.0,0.0,0.0,0.0,0.0,0.0,0.0,0.0,0.0,0.0,0.0,0.0,0.0,0.0,0.0,0.0,0.0,0.0,0.0,0.0,0.0,0.0,0.0,0.0,0.0,0.0,0.0,0.0,0.0,0.0,0.0,0.0,0.0,0.0,0.0,0.0,0.0,0.0,0.0,0.0,0.0,0.0,0.0,0.0,0.0,0.0,0.0,0.0,0.0,0.0,0.0,0.0,0.0,0.0,0.0,0.0,0.0,0.0,0.0,0.0,0.0,0.8147975624375617,0.8147975624375617,0.0,0.03537,0.0,-13254.4545,-3313.613625
calculation369,True,2,2,0,0,1.0,0.0,0.0,7.0,1.55,1.27,54.94,5.0,0.0,0.0,0.0,0.0,0.0,1,0,0,1,0.0,0.0,0.0,1.0,0.0,0.0,0.5,1.0,1.0,0.0,-1.0,0.5,-5917.9132,-2958.9566,-7.723907,7,2.44631,2.44631,3.496084,90.0,90.0,90.0,20.922079118225355,10.461039559112676,1.0,1.4291254992212763,1.4291254992212763,0.000575,0.000575,0.00571,-0.0,0.0,0.0,-3.66364390308,0.005135,-2.0000000000575118e-06,1.512988,0.756495,-1.0000000000287557e-06,0.756494,AFM,0.756494,-1.0000000000287557e-06,0.756494,0.0,0.0,0.0,0.0,0.0,0.0,1.3218875497079364e-06,2.6437716046471043e-06,5e-06,5e-06,15.0,4.999999999810711e-06,0.0,5e-06,0.0,0.0,0.0,0.0,0.0,0.0,0.0,0.0,0.0,0.0,0.0,system_403,0.0,0.0,0.0,0.0,0.0,0.0,0.0,0.0,0.0,0.0,0.0,0.0,0.0,0.0,0.0,0.0,0.0,0.0,0.0,0.0,0.0,0.0,0.0,0.0,0.0,0.0,0.0,0.0,0.0,0.0,0.0,0.0,0.0,0.0,0.0,0.0,0.0,0.0,0.0,0.0,0.0,0.0,0.0,0.0,0.0,0.0,0.0,0.0,0.0,0.0,0.0,0.0,0.0,0.0,0.0,0.0,0.0,0.0,0.0,0.0,0.0,0.0,0.0,0.0,1.3065697302697303,1.3065697302697303,0.0,0.92717,0.0,-5911.0532,-2955.5266
