x_Mn,x_Ni,x_Ga,VEC,predicted_ordering,confidence,prob_AFM,prob_FM,prob_FiM,prob_NM
0.0,0.0,1.0,3.0,NM,0.9994917775057323,5.926866979394244e-05,0.0003980346025961489,5.091922187756656e-05,0.9994917775057323
0.0,0.02,0.98,3.14,NM,0.9995776152775034,5.06960949945559e-05,0.0003208016741145597,5.0886953387562304e-05,0.9995776152775034
0.0,0.04,0.96,3.28,NM,0.999573445742232,5.770823348035635e-05,0.00030947508804788596,5.937093623985969e-05,0.999573445742232
0.0,0.06,0.94,3.42,NM,0.9996002310142894,5.994284795638387e-05,0.0002831580073714582,5.666813038269457e-05,0.9996002310142894
0.0,0.08,0.92,3.5600000000000005,NM,0.9996397756905093,5.654913669565818e-05,0.0002471259044511179,5.654926834381575e-05,0.9996397756905093
0.0,0.1,0.9,3.7,NM,0.9996537692516172,5.797669093761771e-05,0.00023425380346601068,5.400025397921831e-05,0.9996537692516172
0.0,0.12,0.88,3.84,NM,0.9996814643637736,5.683563814711883e-05,0.00020827394762036735,5.3426050458933926e-05,0.9996814643637736
0.0,0.14,0.86,3.9800000000000004,NM,0.999570871158712,0.00012346017800964732,0.00024585192121910756,5.981674205928659e-05,0.999570871158712
0.0,0.16,0.84,4.12,NM,0.9995369649990931,9.080839165768208e-05,0.00031400280582374065,5.8223803425425074e-05,0.9995369649990931
0.0,0.18,0.82,4.26,NM,0.9995300259882656,0.00011032750667885518,0.00029924373873747124,6.0402766318137766e-05,0.9995300259882656
0.0,0.2,0.8,4.4,NM,0.9995311645697038,0.00011023956511074107,0.0002948689326493716,6.372693253606712e-05,0.9995311645697038
0.0,0.22,0.78,4.54,NM,0.9992341408735606,0.00017764653361045769,0.0004876106690435625,0.00010060192378544546,0.9992341408735606
0.0,0.24,0.76,4.68,NM,0.9992909314979798,0.0001374943120829241,0.0004813726632413731,9.020152669581454e-05,0.9992909314979798
0.0,0.26,0.74,4.82,NM,0.9993450129759435,6.453563817146692e-05,0.0005314705226994622,5.898086318565045e-05,0.9993450129759435
0.0,0.28,0.72,4.960000000000001,NM,0.997617877556801,0.0002672281372418948,0.0018855058223021675,0.0002293884836548546,0.997617877556801
0.0,0.3,0.7,5.1,NM,0.9980232358892847,0.00022369044589687085,0.0015650316138873443,0.00018804205093113168,0.9980232358892847
0.0,0.32,0.68,5.24,NM,0.9993110328155996,0.00010463633887649744,0.0005134041972978796,7.092664822602416e-05,0.9993110328155996
0.0,0.34,0.66,5.380000000000001,NM,0.9993954922310561,7.213977503207596e-05,0.0004774147069268269,5.495328698494361e-05,0.9993954922310561
0.0,0.36,0.64,5.52,NM,0.9995381159567559,5.271860049803172e-05,0.00037012460170693763,3.904084103927256e-05,0.9995381159567559
0.0,0.38,0.62,5.66,NM,0.9982773754672318,0.00019605734372705848,0.00141005062335468,0.00011651656568633802,0.9982773754672318
0.0,0.4,0.6,5.8,NM,0.9987823427151529,0.00015486570487254682,0.0009704090047807644,9.23825751938123e-05,0.9987823427151529
0.0,0.42,0.58,5.9399999999999995,NM,0.999577029055112,7.13586958469982e-05,0.0003089015459657098,4.271070307528684e-05,0.999577029055112
0.0,0.44,0.56,6.08,NM,0.9997674816362319,4.4561955121889784e-05,0.00016162714345725849,2.6329265188905247e-05,0.9997674816362319
0.0,0.46,0.54,6.220000000000001,NM,0.9999590637273872,1.1216415807297116e-05,2.3229517439353928e-05,6.4903393661660415e-06,0.9999590637273872
0.0,0.48,0.52,6.359999999999999,NM,0.9999588128596449,1.0062261791022314e-05,2.4801558838382672e-05,6.323319725595118e-06,0.9999588128596449
0.0,0.5,0.5,6.5,NM,0.9999646290990162,8.839061098266803e-06,2.0559564731613565e-05,5.972275154002893e-06,0.9999646290990162
0.0,0.52,0.48,6.640000000000001,NM,0.9999487976784912,1.125445839263244e-05,3.210209018344787e-05,7.845772932744142e-06,0.9999487976784912
0.0,0.54,0.46,6.78,NM,0.999948189711241,1.1718674615915887e-05,3.28464690505499e-05,7.2451450924838565e-06,0.999948189711241
0.0,0.56,0.44,6.920000000000001,NM,0.9999110445994496,1.515352962576304e-05,6.362873218298101e-05,1.0173138741654117e-05,0.9999110445994496
0.0,0.58,0.42,7.06,NM,0.9998933326810164,1.8783510170554483e-05,7.59502229509103e-05,1.1933585862077743e-05,0.9998933326810164
0.0,0.6,0.4,7.2,NM,0.9997303641321931,3.971437146526721e-05,0.00019780775259828332,3.211374374336131e-05,0.9997303641321931
0.0,0.62,0.38,7.34,NM,0.9989950393811976,8.587599239167586e-05,0.0007050598719039419,0.00021402475450686472,0.9989950393811976
0.0,0.64,0.36,7.48,NM,0.9597244765276942,0.0011505849940325206,0.015670663545660213,0.02345427493261309,0.9597244765276942
0.0,0.66,0.34,7.620000000000001,NM,0.954971375546899,0.001130779289370938,0.03644572073304499,0.007452124430685164,0.954971375546899
0.0,0.68,0.32,7.760000000000001,NM,0.6200637846456678,0.007472497153046452,0.3568947104821765,0.015569007719109195,0.6200637846456678
0.0,0.7,0.3,7.9,FM,0.7586696660736454,0.01134756832305311,0.7586696660736454,0.007445412103306714,0.22253735349999457
0.0,0.72,0.28,8.04,FM,0.5845058537379553,0.02043174792031801,0.5845058537379553,0.013216032775123253,0.3818463655666036
0.0,0.74,0.26,8.18,NM,0.9170922031500058,0.003735272330348844,0.07667572287181271,0.0024968016478326854,0.9170922031500058
0.0,0.76,0.24,8.32,NM,0.965679383756668,0.0014164104701648694,0.03199974435497594,0.0009044614181912719,0.965679383756668
0.0,0.78,0.22,8.46,NM,0.756072537064344,0.002924240779881985,0.2390289059104883,0.001974316245285831,0.756072537064344
0.0,0.8,0.2,8.6,FM,0.9962344190240958,0.00184118723427512,0.9962344190240958,0.0012690119235983937,0.0006553818180308019
0.0,0.82,0.18,8.739999999999998,FM,0.9984253067171873,0.0009156724559092509,0.9984253067171873,0.0006002023598642662,5.881846703907187e-05
0.0,0.84,0.16,8.88,FM,0.9985475738306148,0.0008476448877531704,0.9985475738306148,0.0005669022794071235,3.787900222493202e-05
0.0,0.86,0.14,9.02,FM,0.9985540238501722,0.000836565591561305,0.9985540238501722,0.000572010828092821,3.739973017367163e-05
0.0,0.88,0.12,9.16,FM,0.9987694982552806,0.0007441653759121044,0.9987694982552806,0.00046029655640497153,2.6039812402409944e-05
0.0,0.9,0.1,9.3,FM,0.9988238007152485,0.0006382489002599143,0.9988238007152485,0.000510923127306874,2.7027257184679427e-05
0.0,0.92,0.08,9.440000000000001,FM,0.9991017019642242,0.00045421651857791457,0.9991017019642242,0.00042020873490867204,2.3872782289216317e-05
0.0,0.94,0.06,9.579999999999998,FM,0.9991525110475501,0.00041554100814960275,0.9991525110475501,0.0004097957470201587,2.2152197280153064e-05
0.0,0.96,0.04,9.719999999999999,FM,0.9990413120133561,0.0004686302228896832,0.9990413120133561,0.0004653562461418185,2.4701517612289425e-05
0.0,0.98,0.02,9.860000000000001,FM,0.9991700646049202,0.00040360541639547184,0.9991700646049202,0.0004024486388264814,2.388133985774376e-05
0.0,1.0,0.0,10.0,FM,0.9999415850484784,1.3394971546429384e-05,0.9999415850484784,4.234245229635252e-05,2.6775276789126407e-06
0.02,0.0,0.98,3.08,NM,0.9964123000571553,0.00024203042623573858,0.0032039267177671484,0.0001417427988418339,0.9964123000571553
0.02,0.02,0.96,3.2199999999999998,NM,0.9974452760146482,0.00015075283705689971,0.002278543290320176,0.0001254278579747386,0.9974452760146482
0.02,0.04,0.94,3.36,NM,0.997313688123686,0.00014873360315360688,0.0024059056367126273,0.00013167263644782567,0.997313688123686
0.02,0.06,0.92,3.5,NM,0.9976061074851105,0.00015303260373425562,0.0021044511990279662,0.0001364087121273299,0.9976061074851105
0.02,0.08,0.9,3.64,NM,0.9919876865725419,0.0005251334039275854,0.007016018835896259,0.00047116118763427465,0.9919876865725419
0.02,0.1,0.88,3.7800000000000002,NM,0.9929431767758661,0.0005335056732463043,0.006044484336879905,0.0004788332140076777,0.9929431767758661
0.02,0.12,0.86,3.92,NM,0.9799926844158865,0.0037694365063168627,0.014542893854776119,0.001694985223020573,0.9799926844158865
0.02,0.14,0.84,4.0600000000000005,NM,0.978081490620584,0.004364712879523074,0.015874009836391895,0.001679786663500973,0.978081490620584
0.02,0.16,0.82,4.2,NM,0.9743561836853223,0.0030724421866067625,0.02086229119688544,0.0017090829311854857,0.9743561836853223
0.02,0.18,0.8,4.34,NM,0.9738427689828213,0.0029826055417091738,0.021445092534551003,0.0017295329409185438,0.9738427689828213
0.02,0.2,0.78,4.48,NM,0.9598591272549278,0.004946456992000729,0.03245264033732043,0.002741775415751011,0.9598591272549278
0.02,0.22,0.76,4.620000000000001,NM,0.9551982514255161,0.00456435136862594,0.03728534452286429,0.0029520526829936817,0.9551982514255161
0.02,0.24,0.74,4.76,NM,0.9558021406538879,0.0026441898180745594,0.039299617298660244,0.002254052229377224,0.9558021406538879
0.02,0.26,0.72,4.9,NM,0.9709867489183253,0.0015478693671364355,0.026118200392426735,0.0013471813221115159,0.9709867489183253
0.02,0.28,0.7,5.04,NM,0.9739635468447254,0.0017160376801549217,0.022930015070978367,0.001390400404141334,0.9739635468447254
0.02,0.3,0.68,5.18,NM,0.9640443020123948,0.002297927376150535,0.03196883833876984,0.0016889322726847487,0.9640443020123948
0.02,0.32,0.66,5.32,NM,0.972793028815799,0.001989926578020409,0.023763197492636407,0.0014538471135442355,0.972793028815799
0.02,0.34,0.64,5.460000000000001,NM,0.8998717986112216,0.004139250166100973,0.09296377736967557,0.0030251738530019156,0.8998717986112216
0.02,0.36,0.62,5.6,NM,0.9282783491919623,0.003980163111891759,0.06546569871507761,0.0022757889810683645,0.9282783491919623
0.02,0.38,0.6,5.74,NM,0.9828320967608996,0.0014310622728419087,0.014915134786197083,0.0008217061800615087,0.9828320967608996
0.02,0.4,0.58,5.879999999999999,FM,0.6120714078485563,0.05897309467275522,0.6120714078485563,0.03465246926839153,0.2943030282102968
0.02,0.42,0.56,6.02,NM,0.49518825455677506,0.04622280157013386,0.4303834272963814,0.028205516576709656,0.49518825455677506
0.02,0.44,0.54,6.16,NM,0.6031671252091472,0.04204401339188475,0.33010371380015713,0.024685147598810967,0.6031671252091472
0.02,0.46,0.52,6.300000000000001,NM,0.9252922574659028,0.011278240052268828,0.05623020074181619,0.0071993017400122684,0.9252922574659028
0.02,0.48,0.5,6.4399999999999995,NM,0.9299984482584701,0.010743260071383064,0.05226778016272859,0.006990511507418195,0.9299984482584701
0.02,0.5,0.48,6.58,NM,0.8758474098509187,0.012510450143198114,0.10217542117687727,0.009466718829005957,0.8758474098509187
0.02,0.52,0.46,6.72,NM,0.8752173697774863,0.012601625763825565,0.10356634410738591,0.008614660351302315,0.8752173697774863
0.02,0.54,0.44,6.86,NM,0.8778155776264408,0.014491686409586316,0.09964522157078229,0.008047514393190588,0.8778155776264408
0.02,0.56,0.42,7.0,NM,0.8346765086486451,0.017808297037879575,0.13589934113840052,0.011615853175074907,0.8346765086486451
0.02,0.58,0.4,7.14,FM,0.513043348410702,0.046915423454935754,0.513043348410702,0.03459607524135483,0.4054451528930074
0.02,0.6,0.38,7.279999999999999,FM,0.5305478696032958,0.05757332375071813,0.5305478696032958,0.13171157355684737,0.2801672330891387
0.02,0.62,0.36,7.42,FiM,0.6012559646676301,0.01597062533764082,0.34628930121986023,0.6012559646676301,0.03648410877486886
0.02,0.64,0.34,7.5600000000000005,FiM,0.737701954377646,0.007440495369897749,0.24602096815111857,0.737701954377646,0.008836582101337736
0.02,0.66,0.32,7.7,FM,0.881442712392991,0.020128165119367776,0.881442712392991,0.09291413933679879,0.0055149831508424655
0.02,0.68,0.3,7.84,FM,0.9647320154764011,0.01918771092855966,0.9647320154764011,0.013200491550550562,0.002879782044488741
0.02,0.7,0.28,7.9799999999999995,FM,0.9179129931751059,0.047308019654894756,0.9179129931751059,0.02829322861419416,0.006485758555805352
0.02,0.72,0.26,8.12,FM,0.6754683826296924,0.02534949535638324,0.6754683826296924,0.014375456668237287,0.28480666534568694
0.02,0.74,0.24,8.26,FM,0.5881004124737852,0.03772319558474081,0.5881004124737852,0.026137874241986117,0.34803851769948785
0.02,0.76,0.22,8.399999999999999,FM,0.9573807375782768,0.008197859365888852,0.9573807375782768,0.005856606569563478,0.02856479648627074
0.02,0.78,0.2,8.540000000000001,FM,0.9712313175227861,0.004291170756669857,0.9712313175227861,0.0029175478590620987,0.02155996386148192
0.02,0.8,0.18,8.68,FM,0.9976672394563917,0.0013132435941619477,0.9976672394563917,0.0008530602394821569,0.0001664567099641048
0.02,0.82,0.16,8.82,FM,0.9979958523672667,0.001157455089008611,0.9979958523672667,0.0007817931202969593,6.48994234279073e-05
0.02,0.84,0.14,8.96,FM,0.9980733153462225,0.0011135903795773195,0.9980733153462225,0.0007618251970853114,5.1269077114909313e-05
0.02,0.86,0.12,9.1,FM,0.9984807065362882,0.0009038897769817702,0.9984807065362882,0.0005919676912051303,2.3435995524917414e-05
0.02,0.88,0.1,9.240000000000002,FM,0.9987629473277754,0.000691046242896937,0.9987629473277754,0.0005295268830129632,1.64795463145265e-05
0.02,0.9,0.08,9.38,FM,0.9990019189846406,0.0005439275436048242,0.9990019189846406,0.00043935156519067257,1.4801906563973314e-05
0.02,0.92,0.06,9.520000000000001,FM,0.9991135984586792,0.0004378932049638931,0.9991135984586792,0.00043496503764766135,1.3543298709107261e-05
0.02,0.94,0.04,9.659999999999998,FM,0.9990227570371245,0.00047646645025396653,0.9990227570371245,0.00048591665574620324,1.4859856875362284e-05
0.02,0.96,0.02,9.8,FM,0.9991427354291241,0.0004099373838716983,0.9991427354291241,0.0004327971060882628,1.4530080915905181e-05
0.02,0.98,0.0,9.940000000000001,FM,0.99918413302176,0.0004390024072177828,0.99918413302176,0.0003629284723576915,1.3936098664594456e-05
0.04,0.0,0.96,3.16,NM,0.9485102608834854,0.0033779447694853373,0.046358483123071975,0.0017533112239573553,0.9485102608834854
0.04,0.02,0.94,3.3,NM,0.9668240085290073,0.002244921498380732,0.029127831433279294,0.0018032385393326115,0.9668240085290073
0.04,0.04,0.92,3.4400000000000004,NM,0.969480765093755,0.0019222372377404305,0.027074465628703553,0.0015225320398010013,0.969480765093755
0.04,0.06,0.9,3.58,NM,0.970622460392439,0.0018812243036844488,0.026016895774051123,0.0014794195298253223,0.970622460392439
0.04,0.08,0.88,3.72,NM,0.9763428773217255,0.0018939553761628878,0.020296260023159183,0.0014669072789525355,0.9763428773217255
0.04,0.1,0.86,3.8600000000000003,NM,0.9766475676792639,0.004315341540414831,0.01757010362363175,0.0014669871566895766,0.9766475676792639
0.04,0.12,0.84,4.0,NM,0.9714305426672414,0.005122505469389565,0.021737385789882626,0.0017095660734865003,0.9714305426672414
0.04,0.14,0.82,4.140000000000001,NM,0.9595201722500892,0.004097086579262697,0.03419786517058089,0.002184876000067265,0.9595201722500892
0.04,0.16,0.8,4.28,FM,0.8177512036967243,0.07792820170268491,0.8177512036967243,0.04275538739743393,0.06156520720315697
0.04,0.18,0.78,4.42,FM,0.7968558557616926,0.094089787403985,0.7968558557616926,0.04534093952381719,0.06371341731050521
0.04,0.2,0.76,4.5600000000000005,FM,0.8172902532016393,0.07715138326212306,0.8172902532016393,0.04787600792023934,0.05768235561599821
0.04,0.22,0.74,4.7,FM,0.8741110569982614,0.058296583540611076,0.8741110569982614,0.051371655228873,0.016220704232254596
0.04,0.24,0.72,4.84,FM,0.8967654768838181,0.048742750473411804,0.8967654768838181,0.04427425510218037,0.010217517540589674
0.04,0.26,0.7,4.9799999999999995,FM,0.8937273931946295,0.05159444259061452,0.8937273931946295,0.04217459600991838,0.012503568204837523
0.04,0.28,0.68,5.12,FM,0.9318405591520295,0.03456609399258683,0.9318405591520295,0.028458829065866813,0.005134517789516928
0.04,0.3,0.66,5.26,FM,0.9125355843076185,0.048397088912652785,0.9125355843076185,0.03325425477156187,0.005813072008166796
0.04,0.32,0.64,5.4,FM,0.9555936524818023,0.023294011634186373,0.9555936524818023,0.017883414474565873,0.0032289214094455097
0.04,0.34,0.62,5.540000000000001,FM,0.953190125861403,0.027339470299537667,0.953190125861403,0.016500427023686225,0.0029699768153730655
0.04,0.36,0.6,5.68,FM,0.9547085726267999,0.026775522894682068,0.9547085726267999,0.015467929333303706,0.0030479751452143957
0.04,0.38,0.58,5.82,FM,0.9314902131816105,0.03594190050844201,0.9314902131816105,0.022199633585400214,0.010368252724547241
0.04,0.4,0.56,5.960000000000001,FM,0.9186435194907774,0.03781466166642717,0.9186435194907774,0.023990215661935148,0.01955160318086037
0.04,0.42,0.54,6.1000000000000005,FM,0.8718634409504705,0.04075374013168465,0.8718634409504705,0.024776043804629833,0.0626067751132148
0.04,0.44,0.52,6.24,FM,0.828102272112201,0.03834883744236369,0.828102272112201,0.026070316797568216,0.10747857364786713
0.04,0.46,0.5,6.380000000000001,FM,0.7582278852466373,0.03559348848176936,0.7582278852466373,0.023713501163466728,0.18246512510812643
0.04,0.48,0.48,6.52,FM,0.5198297437458773,0.03148230593317949,0.5198297437458773,0.021613499147875262,0.42707445117306797
0.04,0.5,0.46,6.66,FM,0.5472907359598681,0.03142856572396729,0.5472907359598681,0.021689507191003363,0.3995911911251613
0.04,0.52,0.44,6.800000000000001,NM,0.47983061181107434,0.038634825883019544,0.4576700097167404,0.02386455258916571,0.47983061181107434
0.04,0.54,0.42,6.94,FM,0.8421604809957817,0.04605164521064169,0.8421604809957817,0.03060563614272706,0.08118223765084968
0.04,0.56,0.4,7.080000000000001,FM,0.9091959936200638,0.03971341498667658,0.9091959936200638,0.03020861605643088,0.020881975336828805
0.04,0.58,0.38,7.220000000000001,FM,0.9383908833777352,0.030246505756389718,0.9383908833777352,0.026573909742404554,0.004788701123470518
0.04,0.6,0.36,7.36,FM,0.8236310548950875,0.026031762768640488,0.8236310548950875,0.14532053550694807,0.005016646829323916
0.04,0.62,0.34,7.5,FiM,0.6604076247806611,0.02028240575364754,0.31740943071472805,0.6604076247806611,0.0019005387509633538
0.04,0.64,0.32,7.640000000000001,FM,0.7996069332283863,0.018147251626734102,0.7996069332283863,0.17932668001052024,0.00291913513435942
0.04,0.66,0.3,7.780000000000001,FM,0.9635458344629885,0.018506262840410827,0.9635458344629885,0.016855504698596955,0.0010923979980039034
0.04,0.68,0.28,7.920000000000001,FM,0.9513987514414274,0.027118003519846907,0.9513987514414274,0.019952566130253806,0.0015306789084719263
0.04,0.7,0.26,8.06,FM,0.9537691496861121,0.0282755944007128,0.9537691496861121,0.01736895695352217,0.0005862989596530603
0.04,0.72,0.24,8.2,FM,0.9526907516981301,0.02751960321395637,0.9526907516981301,0.01913768810105473,0.0006519569868586069
0.04,0.74,0.22,8.34,FM,0.9789012111670485,0.011812892906725832,0.9789012111670485,0.009020566704064571,0.00026532922216098825
0.04,0.76,0.2,8.48,FM,0.9915248439959371,0.004889231496592662,0.9915248439959371,0.003478637842220666,0.00010728666524947998
0.04,0.78,0.18,8.620000000000001,FM,0.9957769310378619,0.002360392622700604,0.9957769310378619,0.0018215645211263072,4.111181831128039e-05
0.04,0.8,0.16,8.76,FM,0.9974832860633738,0.0014451612428911062,0.9974832860633738,0.0010528988916906792,1.8653802044142027e-05
0.04,0.82,0.14,8.899999999999999,FM,0.9975019635934319,0.0014590916861161205,0.9975019635934319,0.0010214139881178164,1.753073233405357e-05
0.04,0.84,0.12,9.04,FM,0.9981530247681878,0.0010691743659734828,0.9981530247681878,0.0007611742714921681,1.6626594346702628e-05
0.04,0.86,0.1,9.18,FM,0.9982690256188514,0.0010054300871112489,0.9982690256188514,0.0007118263464142529,1.3717947622834874e-05
0.04,0.88,0.08,9.32,FM,0.9986977242212346,0.0006899504888585654,0.9986977242212346,0.0006028103674497507,9.514922457065947e-06
0.04,0.9,0.06,9.459999999999999,FM,0.9991049313956023,0.0004317290216954189,0.9991049313956023,0.00045700722409204727,6.332358610185127e-06
0.04,0.92,0.04,9.6,FM,0.9989339726070465,0.0005236977572419377,0.9989339726070465,0.0005359070015535211,6.422634157948404e-06
0.04,0.94,0.02,9.739999999999998,FM,0.99894260759257,0.00047929341053539403,0.99894260759257,0.000571848621723819,6.250375170709263e-06
0.04,0.96,0.0,9.879999999999999,FM,0.9991242021632509,0.00046392598128149244,0.9991242021632509,0.00040595464026345676,5.917215204196491e-06
0.06,0.0,0.94,3.2399999999999998,NM,0.7798924875812159,0.00839177766664794,0.2074551167525634,0.004260617999572686,0.7798924875812159
0.06,0.02,0.92,3.3800000000000003,NM,0.766676667230497,0.007692906024235653,0.21989261806385266,0.005737808681414712,0.766676667230497
0.06,0.04,0.9,3.5200000000000005,FM,0.9232599803823793,0.03475948183425395,0.9232599803823793,0.022657389168226114,0.019323148615140347
0.06,0.06,0.88,3.66,FM,0.912877935049428,0.03584162562521565,0.912877935049428,0.026318735845179457,0.024961703480176893
0.06,0.08,0.86,3.8,FM,0.8432062899823248,0.10249750283293803,0.8432062899823248,0.03942726498374871,0.014868942200988377
0.06,0.1,0.84,3.94,FM,0.8441309445176304,0.11075614843585514,0.8441309445176304,0.03439304454859553,0.01071986249791893
0.06,0.12,0.82,4.08,FM,0.8436245593259448,0.11038778724522635,0.8436245593259448,0.035127827420470714,0.010859826008358173
0.06,0.14,0.8,4.220000000000001,FM,0.9516665846705582,0.0288186172454976,0.9516665846705582,0.01640915446214992,0.0031056436217941443
0.06,0.16,0.78,4.359999999999999,FM,0.9397612129895718,0.038395919176488394,0.9397612129895718,0.019438848608699877,0.0024040192252399117
0.06,0.18,0.76,4.5,FM,0.9436096537675512,0.03513066125676684,0.9436096537675512,0.019089664113874975,0.002170020861806963
0.06,0.2,0.74,4.64,FM,0.9697328892667598,0.015262827282655395,0.9697328892667598,0.01394953414302236,0.0010547493075624512
0.06,0.22,0.72,4.78,FM,0.9702764891860302,0.01465253531723857,0.9702764891860302,0.014026932038665119,0.0010440434580660022
0.06,0.24,0.7,4.92,FM,0.980307707093009,0.00992664278972573,0.980307707093009,0.009626973618283638,0.00013867649898161746
0.06,0.26,0.68,5.0600000000000005,FM,0.9823748733921953,0.009303089202065082,0.9823748733921953,0.008194571694725442,0.0001274657110140182
0.06,0.28,0.66,5.2,FM,0.9773124978631127,0.012740869030318581,0.9773124978631127,0.00938065262970353,0.0005659804768651835
0.06,0.3,0.64,5.34,FM,0.9775391572534369,0.012004739423321881,0.9775391572534369,0.009875485660672876,0.0005806176625683785
0.06,0.32,0.62,5.48,FM,0.9778809338406503,0.013147032231525399,0.9778809338406503,0.008526343975919504,0.0004456899519046629
0.06,0.34,0.6,5.62,FM,0.9659992983100228,0.020202181184789707,0.9659992983100228,0.013113590124836729,0.0006849303803509523
0.06,0.36,0.58,5.76,FM,0.9676514882201388,0.019453838605002136,0.9676514882201388,0.012216265467425295,0.0006784077074335604
0.06,0.38,0.56,5.9,FM,0.9656801870378231,0.020088128668692976,0.9656801870378231,0.013420262036528184,0.0008114222569557119
0.06,0.4,0.54,6.04,FM,0.9789412785458259,0.012041933771021404,0.9789412785458259,0.008572860816056654,0.00044392686709614524
0.06,0.42,0.52,6.18,FM,0.9681287265660921,0.01691650093318659,0.9681287265660921,0.012018274423847003,0.002936498076874176
0.06,0.44,0.5,6.32,FM,0.9664131909963158,0.01806999418054493,0.9664131909963158,0.012559303924509858,0.002957510898629237
0.06,0.46,0.48,6.460000000000001,FM,0.9678828298437527,0.01677823032823571,0.9678828298437527,0.012387450545262853,0.0029514892827486386
0.06,0.48,0.46,6.6,FM,0.9614373148953151,0.017522134025272387,0.9614373148953151,0.014106317132123286,0.006934233947289136
0.06,0.5,0.44,6.74,FM,0.9690183798908842,0.0163541025755677,0.9690183798908842,0.012797552922404217,0.001829964611143894
0.06,0.52,0.42,6.88,FM,0.956894484463251,0.02498719736705293,0.956894484463251,0.015662860210487562,0.0024554579592084972
0.06,0.54,0.4,7.0200000000000005,FM,0.9628548949923269,0.020218602931559724,0.9628548949923269,0.016005379758798996,0.0009211223173142189
0.06,0.56,0.38,7.16,FM,0.9632320119859745,0.01975468575057744,0.9632320119859745,0.016655658930486823,0.00035764333296139044
0.06,0.58,0.36,7.3,FM,0.8768260396508686,0.025856752659872022,0.8768260396508686,0.09655752179173545,0.0007596858975239597
0.06,0.6,0.34,7.4399999999999995,FiM,0.6228177464336738,0.0076919316062316525,0.36898307314415174,0.6228177464336738,0.0005072488159427536
0.06,0.62,0.32,7.58,FiM,0.768135281010121,0.005140361587835251,0.22639544739801978,0.768135281010121,0.00032891000402393426
0.06,0.64,0.3,7.720000000000001,FM,0.8563438326343327,0.01658892736638368,0.8563438326343327,0.12643023171234283,0.0006370082869410049
0.06,0.66,0.28,7.86,FM,0.9697144452269157,0.0164942117248241,0.9697144452269157,0.013426321871046826,0.00036502117721333834
0.06,0.68,0.26,8.0,FM,0.9620901334696048,0.02100342398200306,0.9620901334696048,0.016753463455836663,0.00015297909255550064
0.06,0.7,0.24,8.14,FM,0.9758884844154961,0.014507570011917286,0.9758884844154961,0.009468764601948032,0.00013518097063850026
0.06,0.72,0.22,8.28,FM,0.9838566093561496,0.009142335207417304,0.9838566093561496,0.006923891026157608,7.716441027544457e-05
0.06,0.74,0.2,8.42,FM,0.9913233212069618,0.00453231326462284,0.9913233212069618,0.004109655828681958,3.470969973352255e-05
0.06,0.76,0.18,8.559999999999999,FM,0.9956977850588197,0.0024209222291266077,0.9956977850588197,0.0018638277814501199,1.7464930603687773e-05
0.06,0.78,0.16,8.700000000000001,FM,0.9965126377444106,0.002015512552602993,0.9965126377444106,0.0014575931588808265,1.4256544105630765e-05
0.06,0.8,0.14,8.84,FM,0.9970704904761827,0.0016654648943545177,0.9970704904761827,0.0012529566320331304,1.1087997429638174e-05
0.06,0.82,0.12,8.979999999999999,FM,0.9969772863104047,0.0016783744132125766,0.9969772863104047,0.001333365127620239,1.0974148762381986e-05
0.06,0.84,0.1,9.120000000000001,FM,0.9971714546083973,0.0015652630355992999,0.9971714546083973,0.0012532275362513103,1.0054819751954828e-05
0.06,0.86,0.08,9.26,FM,0.9980336789001448,0.00102030419134231,0.9980336789001448,0.0009385817701178605,7.435138395066746e-06
0.06,0.88,0.06,9.4,FM,0.9984420947741829,0.0007367640084719408,0.9984420947741829,0.0008152825739552194,5.8586433900173965e-06
0.06,0.9,0.04,9.54,FM,0.9987047369995342,0.0006152126878122968,0.9987047369995342,0.000673203192961912,6.847119691456489e-06
0.06,0.92,0.02,9.680000000000001,FM,0.9986586388475289,0.000586206060429765,0.9986586388475289,0.0007485455752671204,6.609516774302102e-06
0.06,0.94,0.0,9.819999999999999,FM,0.9989681040285221,0.0005309664488348621,0.9989681040285221,0.0004950996518497911,5.829870793240856e-06
0.08,0.0,0.92,3.3200000000000003,FM,0.9561911045347598,0.024919890497927945,0.9561911045347598,0.015943263231950694,0.002945741735361644
0.08,0.02,0.9,3.46,FM,0.9561184743915975,0.019747459293796038,0.9561184743915975,0.020758520082092204,0.0033755462325142675
0.08,0.04,0.88,3.6,FM,0.9688373237464877,0.014115385999087343,0.9688373237464877,0.014393381822729534,0.0026539084316954615
0.08,0.06,0.86,3.74,FM,0.9417893704128825,0.03977965305526323,0.9417893704128825,0.01524074397976732,0.003190232552086992
0.08,0.08,0.84,3.88,FM,0.9345123442213641,0.042230973123341085,0.9345123442213641,0.0198378394276312,0.003418843227663658
0.08,0.1,0.82,4.02,FM,0.9398361726752703,0.043026149964103845,0.9398361726752703,0.01456192078622871,0.00257575657439714
0.08,0.12,0.8,4.16,FM,0.965360525980352,0.021239585170982504,0.965360525980352,0.012408617686053882,0.0009912711626117454
0.08,0.14,0.78,4.3,FM,0.9679059141261177,0.01854598736613284,0.9679059141261177,0.012919100017347033,0.0006289984904022887
0.08,0.16,0.76,4.44,FM,0.9710893731669814,0.016473074143125974,0.9710893731669814,0.011842103082328434,0.0005954496075642952
0.08,0.18,0.74,4.58,FM,0.9876399067542374,0.00616781762762725,0.9876399067542374,0.0061279026610352935,6.437295710018753e-05
0.08,0.2,0.72,4.720000000000001,FM,0.9871698754597945,0.006351919807217736,0.9871698754597945,0.006415987804170147,6.221692881762623e-05
0.08,0.22,0.7,4.859999999999999,FM,0.9880231279099759,0.005753234116991723,0.9880231279099759,0.006163745706652425,5.989226638015251e-05
0.08,0.24,0.68,5.0,FM,0.9872701961980502,0.006472494576085361,0.9872701961980502,0.006201347053137853,5.59621727264512e-05
0.08,0.26,0.66,5.140000000000001,FM,0.9884158716802485,0.005760698498258136,0.9884158716802485,0.005769188937225141,5.424088426813492e-05
0.08,0.28,0.64,5.28,FM,0.9856415039655457,0.007843510734580004,0.9856415039655457,0.0064321764546719975,8.280884520221494e-05
0.08,0.3,0.62,5.42,FM,0.9883682722076077,0.0066188354450753654,0.9883682722076077,0.004861788897562283,0.00015110344975475076
0.08,0.32,0.6,5.5600000000000005,FM,0.9892655957659909,0.006293307858974947,0.9892655957659909,0.004301536253890689,0.00013956012114335555
0.08,0.34,0.58,5.7,FM,0.9853192850670184,0.007106381145750873,0.9853192850670184,0.007421447551275992,0.0001528862359544911
0.08,0.36,0.56,5.84,FM,0.9923116511109118,0.004070200599322765,0.9923116511109118,0.0035485223353528515,6.962595441255258e-05
0.08,0.38,0.54,5.9799999999999995,FM,0.9923676711150216,0.004309301470460836,0.9923676711150216,0.0032487478226903145,7.427959182730923e-05
0.08,0.4,0.52,6.120000000000001,FM,0.9920756999735894,0.004491650468958989,0.9920756999735894,0.003345024278777748,8.762527867388204e-05
0.08,0.42,0.5,6.26,FM,0.9901648285978228,0.005490976798816954,0.9901648285978228,0.004123270404900073,0.0002209241984600143
0.08,0.44,0.48,6.4,FM,0.9845114810048827,0.008917408962503481,0.9845114810048827,0.006310865768310038,0.00026024426430369045
0.08,0.46,0.46,6.54,FM,0.9839802989941445,0.009395764613404788,0.9839802989941445,0.006353189595545176,0.00027074679690549405
0.08,0.48,0.44,6.68,FM,0.983833263909449,0.009647747574916894,0.983833263909449,0.0062493029951900285,0.00026968552044418886
0.08,0.5,0.42,6.82,FM,0.9776265485120206,0.013583868753217295,0.9776265485120206,0.008422730789204155,0.0003668519455577573
0.08,0.52,0.4,6.96,FM,0.9784025350742682,0.012584097246975689,0.9784025350742682,0.00887972097278357,0.00013364670597257764
0.08,0.54,0.38,7.100000000000001,FM,0.9748846086760026,0.014203817088462916,0.9748846086760026,0.010760452841604286,0.00015112139393025166
0.08,0.56,0.36,7.24,FM,0.9390535777441334,0.01596124321119801,0.9390535777441334,0.044746167285630724,0.0002390117590378779
0.08,0.58,0.34,7.379999999999999,FM,0.8243698855221625,0.01696695183850537,0.8243698855221625,0.1580355160501398,0.0006276465891923379
0.08,0.6,0.32,7.5200000000000005,FiM,0.6558696134657632,0.012129574362254108,0.33175481965908676,0.6558696134657632,0.00024599251289586185
0.08,0.62,0.3,7.66,FM,0.7478260565718258,0.02147559794054089,0.7478260565718258,0.23014310781769584,0.0005552376699374904
0.08,0.64,0.28,7.800000000000001,FM,0.9696472943123706,0.015908835123158455,0.9696472943123706,0.014360907984520707,8.296257995030165e-05
0.08,0.66,0.26,7.94,FM,0.9809701686588497,0.010478578812784873,0.9809701686588497,0.00850130536787356,4.994716049177785e-05
0.08,0.68,0.24,8.080000000000002,FM,0.9827342449085119,0.010125196719558848,0.9827342449085119,0.0070682691849984014,7.228918693101152e-05
0.08,0.7,0.22,8.22,FM,0.9872152748146065,0.007215156655663273,0.9872152748146065,0.005525680988536881,4.388754119335284e-05
0.08,0.72,0.2,8.36,FM,0.9881628995102416,0.0067937264374803895,0.9881628995102416,0.0050041447605156325,3.922929176239695e-05
0.08,0.74,0.18,8.5,FM,0.9930542802499774,0.003943044033917469,0.9930542802499774,0.0029780469468063155,2.4628769298545872e-05
0.08,0.76,0.16,8.64,FM,0.9961303179113765,0.0021151695216017736,0.9961303179113765,0.0017412148512124055,1.3297715809325328e-05
0.08,0.78,0.14,8.780000000000001,FM,0.9965781835112238,0.001988891371810742,0.9965781835112238,0.0014221817713958788,1.074334556958576e-05
0.08,0.8,0.12,8.92,FM,0.9971893542822593,0.001543416617900954,0.9971893542822593,0.0012590703312759972,8.158768563773425e-06
0.08,0.82,0.1,9.06,FM,0.9971222685503214,0.0015848623308548288,0.9971222685503214,0.0012843808304716805,8.488288352277916e-06
0.08,0.84,0.08,9.200000000000001,FM,0.9977507711976522,0.0012140944204661825,0.9977507711976522,0.0010274094370822363,7.72494479962499e-06
0.08,0.86,0.06,9.34,FM,0.9981131763111507,0.0009880227492612553,0.9981131763111507,0.000891724590938432,7.076348649594128e-06
0.08,0.88,0.04,9.48,FM,0.9981962668697638,0.0008729813931805873,0.9981962668697638,0.0009241923728528128,6.559364202928163e-06
0.08,0.9,0.02,9.620000000000001,FM,0.9981095113472939,0.00094103086809699,0.9981095113472939,0.0009433416643807828,6.116120228503066e-06
0.08,0.92,0.0,9.760000000000002,FM,0.9985336354595087,0.0008092349449910848,0.9985336354595087,0.0006521510804316407,4.978515068800931e-06
0.1,0.0,0.9,3.4000000000000004,FM,0.9753959506594122,0.015554110713380637,0.9753959506594122,0.007521979630049022,0.0015279589971581664
0.1,0.02,0.88,3.54,FM,0.9780144464650303,0.012265258477274431,0.9780144464650303,0.008088056258053486,0.0016322387996417379
0.1,0.04,0.86,3.68,FM,0.9521775826218173,0.03133018064088427,0.9521775826218173,0.014225813471272662,0.0022664232660255896
0.1,0.06,0.84,3.8200000000000003,FM,0.9381979654950119,0.04265172748944397,0.9381979654950119,0.017542862738423887,0.001607444277120476
0.1,0.08,0.82,3.96,FM,0.9430456207961466,0.03961343913515624,0.9430456207961466,0.016403357778417685,0.0009375822902794214
0.1,0.1,0.8,4.1000000000000005,FM,0.9605130860885983,0.02775048148492254,0.9605130860885983,0.011231894079255653,0.0005045383472235096
0.1,0.12,0.78,4.24,FM,0.9791367752917,0.012213665044260169,0.9791367752917,0.008269871259405573,0.00037968840463436246
0.1,0.14,0.76,4.380000000000001,FM,0.9895318406706932,0.005851882586195163,0.9895318406706932,0.0045766564332966105,3.9620309815103724e-05
0.1,0.16,0.74,4.52,FM,0.9898355397780123,0.004862247489356102,0.9898355397780123,0.005257333548639768,4.487918399171775e-05
0.1,0.18,0.72,4.66,FM,0.9889073501181828,0.005170130918883264,0.9889073501181828,0.0058704194920670815,5.2099470867036446e-05
0.1,0.2,0.7,4.8,FM,0.9888025921599372,0.00498360560917676,0.9888025921599372,0.006164803099001946,4.8999131884212166e-05
0.1,0.22,0.68,4.94,FM,0.9885253349248292,0.0054683940373200625,0.9885253349248292,0.005958816596401326,4.7454441449533446e-05
0.1,0.24,0.66,5.08,FM,0.9885575530593729,0.00584232498470511,0.9885575530593729,0.005548417784014993,5.1704171907047704e-05
0.1,0.26,0.64,5.220000000000001,FM,0.9896572886152778,0.005676380215241836,0.9896572886152778,0.004622014013135103,4.431715634523806e-05
0.1,0.28,0.62,5.36,FM,0.9868124773657946,0.005822237811345466,0.9868124773657946,0.007327282603035366,3.800221982439414e-05
0.1,0.3,0.6,5.5,FM,0.9907381846095423,0.004038473490010825,0.9907381846095423,0.005196004315399654,2.733758504721584e-05
0.1,0.32,0.58,5.640000000000001,FM,0.9902687266153732,0.0050946605235959634,0.9902687266153732,0.004563554224839245,7.305863619167599e-05
0.1,0.34,0.56,5.780000000000001,FM,0.9922907998255671,0.004519598126899128,0.9922907998255671,0.0031281130782224134,6.14889693115256e-05
0.1,0.36,0.54,5.92,FM,0.9931204358469942,0.003977703088207986,0.9931204358469942,0.002843277295885472,5.858376891234705e-05
0.1,0.38,0.52,6.0600000000000005,FM,0.9940184032164537,0.003546103231734681,0.9940184032164537,0.002378124044304445,5.7369507507090104e-05
0.1,0.4,0.5,6.2,FM,0.9950789562269448,0.0029981345019393577,0.9950789562269448,0.0018913287558305076,3.15805152854561e-05
0.1,0.42,0.48,6.34,FM,0.9950280016836094,0.0030081008336986185,0.9950280016836094,0.0019276499002478218,3.624758244423451e-05
0.1,0.44,0.46,6.48,FM,0.9940215335766895,0.003564855999386685,0.9940215335766895,0.0023195180064135503,9.409241751028361e-05
0.1,0.46,0.44,6.620000000000001,FM,0.9950523508060158,0.0030235738588519473,0.9950523508060158,0.0018866728532546304,3.740248187769892e-05
0.1,0.48,0.42,6.76,FM,0.9946170651953259,0.003149236959524496,0.9946170651953259,0.002199346802437617,3.435104271182784e-05
0.1,0.5,0.4,6.9,FM,0.9894119290423404,0.006233353547089686,0.9894119290423404,0.004289439802063083,6.527760850662616e-05
0.1,0.52,0.38,7.040000000000001,FM,0.9879168257351416,0.007101559820582661,0.9879168257351416,0.004911064485550287,7.054995872560865e-05
0.1,0.54,0.36,7.180000000000001,FM,0.9852174639889325,0.008447240014352073,0.9852174639889325,0.006236986335263891,9.83096614515351e-05
0.1,0.56,0.34,7.32,FM,0.8799418070941922,0.019170780137115605,0.8799418070941922,0.10052441405142047,0.0003629987172717246
0.1,0.58,0.32,7.46,FiM,0.6466441764772944,0.014584327825175788,0.3385209863501563,0.6466441764772944,0.0002505093473734566
0.1,0.6,0.3,7.6,FiM,0.895884429335572,0.0035993584626705603,0.10045285484447088,0.895884429335572,6.335735728661443e-05
0.1,0.62,0.28,7.74,FM,0.9144567655296728,0.015425970696947048,0.9144567655296728,0.07003015376028889,8.711001309126754e-05
0.1,0.64,0.26,7.880000000000001,FM,0.9851611889874621,0.007790520360280702,0.9851611889874621,0.007010152833805799,3.813781845139779e-05
0.1,0.66,0.24,8.020000000000001,FM,0.986309333488367,0.007411694699979732,0.986309333488367,0.006246006630947293,3.29651807060448e-05
0.1,0.68,0.22,8.16,FM,0.9848605369909345,0.00922904014124494,0.9848605369909345,0.005875188391154683,3.523447666597177e-05
0.1,0.7,0.2,8.3,FM,0.9899589299542342,0.0060074632411869,0.9899589299542342,0.004009299669361561,2.4307135217439252e-05
0.1,0.72,0.18,8.44,FM,0.9940991552095781,0.0033238553655105807,0.9940991552095781,0.002563121313193023,1.3868111718157142e-05
0.1,0.74,0.16,8.58,FM,0.9952996766701729,0.0027536586103538456,0.9952996766701729,0.0019321546125242717,1.4510106948925156e-05
0.1,0.76,0.14,8.719999999999999,FM,0.9963674360079396,0.0021513134893466276,0.9963674360079396,0.00147067712679599,1.057337591784654e-05
0.1,0.78,0.12,8.86,FM,0.9968521619943638,0.0018901021171220341,0.9968521619943638,0.0012486332575710312,9.10263094308139e-06
0.1,0.8,0.1,9.0,FM,0.9970341927610586,0.0017512978500286303,0.9970341927610586,0.0012061195408708597,8.389848042002184e-06
0.1,0.82,0.08,9.139999999999999,FM,0.9975280487301759,0.001409121860525905,0.9975280487301759,0.0010549541917417406,7.875217556362558e-06
0.1,0.84,0.06,9.28,FM,0.9979523267050125,0.0010402532456937107,0.9979523267050125,0.0010004836774955086,6.936371798188049e-06
0.1,0.86,0.04,9.419999999999998,FM,0.9979953916113443,0.0010004189192937458,0.9979953916113443,0.0009968025892583153,7.386880103628192e-06
0.1,0.88,0.02,9.56,FM,0.9979267005240364,0.0010312312722747863,0.9979267005240364,0.0010355706280751433,6.497575613515486e-06
0.1,0.9,0.0,9.7,FM,0.9984078090357416,0.0008672713145098708,0.9984078090357416,0.0007197096079848198,5.210041763864146e-06
0.12,0.0,0.88,3.48,FM,0.9865843764735649,0.007930945247421113,0.9865843764735649,0.004613358778549455,0.0008713195004645879
0.12,0.02,0.86,3.62,FM,0.9736819662966137,0.019407192385112813,0.9736819662966137,0.006123860432084049,0.0007869808861894122
0.12,0.04,0.84,3.76,FM,0.9761982398641392,0.01694439903942291,0.9761982398641392,0.006352588531241935,0.0005047725651957686
0.12,0.06,0.82,3.9,FM,0.9739144464696285,0.018932538628320977,0.9739144464696285,0.0067955266918438145,0.0003574882102067141
0.12,0.08,0.8,4.040000000000001,FM,0.9854949943678999,0.011292775627343571,0.9854949943678999,0.003172345403370241,3.9884601386249074e-05
0.12,0.1,0.78,4.18,FM,0.9917696507940627,0.005777792225756113,0.9917696507940627,0.002421874461961273,3.068251822001085e-05
0.12,0.12,0.76,4.32,FM,0.9941940890932284,0.0038202256023626016,0.9941940890932284,0.001963126621664231,2.255868274460506e-05
0.12,0.14,0.74,4.46,FM,0.9948989847650987,0.0026691162786880687,0.9948989847650987,0.0024065523771852025,2.5346579028047305e-05
0.12,0.16,0.72,4.6,FM,0.9936760397364367,0.0030395756037467437,0.9936760397364367,0.0032581297635311595,2.6254896285407854e-05
0.12,0.18,0.7,4.739999999999999,FM,0.9938789296530264,0.0028006939205180536,0.9938789296530264,0.0032961901920715965,2.418623438382092e-05
0.12,0.2,0.68,4.88,FM,0.9937391794333548,0.002744883692594371,0.9937391794333548,0.0034915868587452113,2.435001530551476e-05
0.12,0.22,0.66,5.02,FM,0.9914783632000634,0.003963509139300149,0.9914783632000634,0.004522987892755126,3.513976788143712e-05
0.12,0.24,0.64,5.16,FM,0.9930431475556767,0.0033945093025649544,0.9930431475556767,0.0035305815090951307,3.176163266310726e-05
0.12,0.26,0.62,5.3,FM,0.9913000352237086,0.003996187931474335,0.9913000352237086,0.004686201246720473,1.7575598096610612e-05
0.12,0.28,0.6,5.4399999999999995,FM,0.9945337281786764,0.002767731104613258,0.9945337281786764,0.0026865300544424014,1.2010662268052657e-05
0.12,0.3,0.58,5.58,FM,0.9946463159334674,0.002976864406292137,0.9946463159334674,0.00236416690774029,1.2652752499860474e-05
0.12,0.32,0.56,5.720000000000001,FM,0.9950742927838192,0.002915114488430389,0.9950742927838192,0.0019941211834226193,1.647154432755647e-05
0.12,0.34,0.54,5.86,FM,0.9954503218027771,0.002715965437645787,0.9954503218027771,0.0018184406869404582,1.5272072636720713e-05
0.12,0.36,0.52,6.0,FM,0.9963059587974107,0.002210370957968059,0.9963059587974107,0.0014612249053087337,2.244533931261045e-05
0.12,0.38,0.5,6.14,FM,0.9966609880278146,0.002001124820436197,0.9966609880278146,0.0013157410027063398,2.2146149042797704e-05
0.12,0.4,0.48,6.279999999999999,FM,0.9965087764754244,0.0021340753895885043,0.9965087764754244,0.001333552972676754,2.3595162310400875e-05
0.12,0.42,0.46,6.42,FM,0.9964727344064195,0.00214496143896571,0.9964727344064195,0.0013580785842189239,2.4225570395841744e-05
0.12,0.44,0.44,6.5600000000000005,FM,0.9966717927074954,0.0019520196946129966,0.9966717927074954,0.0013530270830742481,2.316051481745928e-05
0.12,0.46,0.42,6.7,FM,0.9963870585707869,0.0023125269485543736,0.9963870585707869,0.0012772257519394435,2.3188728719118975e-05
0.12,0.48,0.4,6.84,FM,0.9960847552558594,0.0025654709603603015,0.9960847552558594,0.0013254100541900068,2.436372959020725e-05
0.12,0.5,0.38,6.98,FM,0.995374341642803,0.0027251644038434482,0.995374341642803,0.0018741039014614474,2.6390051892061584e-05
0.12,0.52,0.36,7.12,FM,0.9946050142780014,0.0031716907415031497,0.9946050142780014,0.002187163909206748,3.6131071288661786e-05
0.12,0.54,0.34,7.26,FM,0.9869448737593348,0.004226706393241427,0.9869448737593348,0.008808243295277822,2.0176552146001112e-05
0.12,0.56,0.32,7.4,FM,0.7306680191434194,0.005251069066764434,0.7306680191434194,0.26402640249764825,5.450929216774372e-05
0.12,0.58,0.3,7.539999999999999,FM,0.49863969860905966,0.009632334475533792,0.49863969860905966,0.4916789637845578,4.900313084890899e-05
0.12,0.6,0.28,7.68,FM,0.9475253951919062,0.005504838885160631,0.9475253951919062,0.0469383464814872,3.1419441446096046e-05
0.12,0.62,0.26,7.82,FM,0.994323760605271,0.003339455680666806,0.994323760605271,0.0023249788453144522,1.1804868747784635e-05
0.12,0.64,0.24,7.96,FM,0.9951189442136228,0.0027441732471172806,0.9951189442136228,0.0021256958216583407,1.1186717601662558e-05
0.12,0.66,0.22,8.1,FM,0.992429851817577,0.00486038436386665,0.992429851817577,0.0026924580579792707,1.7305760577010377e-05
0.12,0.68,0.2,8.24,FM,0.9931334916220956,0.004283747232973279,0.9931334916220956,0.0025679198426575597,1.4841302273565e-05
0.12,0.7,0.18,8.379999999999999,FM,0.9937857285710175,0.003800364177761983,0.9937857285710175,0.0024006132422730083,1.3294008947410253e-05
0.12,0.72,0.16,8.52,FM,0.9959058675315415,0.002447094900237678,0.9959058675315415,0.001638110014086766,8.927554133991188e-06
0.12,0.74,0.14,8.66,FM,0.9964775362454534,0.002219965104241072,0.9964775362454534,0.0012951856451569046,7.313005148606772e-06
0.12,0.76,0.12,8.799999999999999,FM,0.9977126855865731,0.001523807189581239,0.9977126855865731,0.0007583415599482558,5.165663897228129e-06
0.12,0.78,0.1,8.940000000000001,FM,0.9973672493635888,0.0015869841215724156,0.9973672493635888,0.0010385125207865954,7.253994052140386e-06
0.12,0.8,0.08,9.08,FM,0.9975643733929632,0.0014217495117893877,0.9975643733929632,0.0010070407660967675,6.836329150682957e-06
0.12,0.82,0.06,9.219999999999999,FM,0.9980218472739636,0.0010461716601355613,0.9980218472739636,0.0009251235690156518,6.857496885302665e-06
0.12,0.84,0.04,9.36,FM,0.9981222997465609,0.0010083239229263432,0.9981222997465609,0.0008624301441602866,6.946186352477311e-06
0.12,0.86,0.02,9.5,FM,0.9981097277757968,0.0009464851522746347,0.9981097277757968,0.0009376174589558914,6.169612972786314e-06
0.12,0.88,0.0,9.64,FM,0.9985837180473328,0.0008033026588128456,0.9985837180473328,0.0006082058364444236,4.773457409767586e-06
0.14,0.0,0.86,3.56,FM,0.9823074534513871,0.013693197287542296,0.9823074534513871,0.003766599622800503,0.0002327496382701534
0.14,0.02,0.84,3.7,FM,0.9803773239082274,0.015701635658122656,0.9803773239082274,0.0037099404233620803,0.0002111000102877738
0.14,0.04,0.82,3.84,FM,0.9901659230291147,0.007005115717631507,0.9901659230291147,0.0028116413088093255,1.7319944444659494e-05
0.14,0.06,0.8,3.9800000000000004,FM,0.9908194842419276,0.006960304678490588,0.9908194842419276,0.0022064230005868868,1.3788078994826904e-05
0.14,0.08,0.78,4.12,FM,0.9947191400629524,0.003341835848060225,0.9947191400629524,0.001926425211740365,1.2598877246779591e-05
0.14,0.1,0.76,4.26,FM,0.9962102431361921,0.002499293405231134,0.9962102431361921,0.0012823302343161762,8.13322426029695e-06
0.14,0.12,0.74,4.4,FM,0.9961184834372887,0.0020241674668904845,0.9961184834372887,0.0018466591211082487,1.0689974712737567e-05
0.14,0.14,0.72,4.540000000000001,FM,0.9962658154821095,0.001705238359513571,0.9962658154821095,0.0020178656272595453,1.1080531117269424e-05
0.14,0.16,0.7,4.68,FM,0.9960189631819524,0.001988809158847273,0.9960189631819524,0.0019800771046370484,1.2150554563249015e-05
0.14,0.18,0.68,4.82,FM,0.9958434097325177,0.002008083624932201,0.9958434097325177,0.002135954223475388,1.2552419074666343e-05
0.14,0.2,0.66,4.96,FM,0.9963560037961678,0.0018577505325330153,0.9963560037961678,0.0017775303902457004,8.71528105358109e-06
0.14,0.22,0.64,5.1,FM,0.9923544972015528,0.0023890947792159258,0.9923544972015528,0.00524483796815112,1.1570051080136505e-05
0.14,0.24,0.62,5.24,FM,0.9917011220456416,0.004176419949628261,0.9917011220456416,0.004111951747313771,1.0506257416035025e-05
0.14,0.26,0.6,5.38,FM,0.9949485747954779,0.002713697149248874,0.9949485747954779,0.002330170045013545,7.558010259499143e-06
0.14,0.28,0.58,5.52,FM,0.9962630969782037,0.00216474376950099,0.9962630969782037,0.001565718650698477,6.440601596991578e-06
0.14,0.3,0.56,5.66,FM,0.9960987316923348,0.0022685351260799493,0.9960987316923348,0.0016259907564104006,6.74242517477399e-06
0.14,0.32,0.54,5.800000000000001,FM,0.9964146196775461,0.0020804907375734437,0.9964146196775461,0.0014987024190142259,6.187165866377518e-06
0.14,0.34,0.52,5.940000000000001,FM,0.9964964384120679,0.0020614719259931732,0.9964964384120679,0.0014362675460462253,5.822115892627498e-06
0.14,0.36,0.5,6.08,FM,0.9969648119431342,0.0018398189231668746,0.9969648119431342,0.0011889872186210204,6.381915078064763e-06
0.14,0.38,0.48,6.220000000000001,FM,0.9969515169075122,0.0018183968616449797,0.9969515169075122,0.0012237092119164045,6.377018926327195e-06
0.14,0.4,0.46,6.36,FM,0.9970572437460823,0.0018084139076146575,0.9970572437460823,0.001122346470421115,1.1995875882135686e-05
0.14,0.42,0.44,6.500000000000001,FM,0.997006300255116,0.0018157615828874193,0.997006300255116,0.001165371429804302,1.2566732192196152e-05
0.14,0.44,0.42,6.640000000000001,FM,0.9971134893059337,0.001783118501257529,0.9971134893059337,0.0010908308406157446,1.2561352193059675e-05
0.14,0.46,0.4,6.780000000000001,FM,0.9971794137664765,0.0018220351686391424,0.9971794137664765,0.0009864974455063235,1.2053619377969353e-05
0.14,0.48,0.38,6.92,FM,0.9968845293393837,0.0020885512823365982,0.9968845293393837,0.0010201857275121276,6.733650767593858e-06
0.14,0.5,0.36,7.0600000000000005,FM,0.996335836903879,0.0022851227421729525,0.996335836903879,0.001372111453436853,6.928900511239909e-06
0.14,0.52,0.34,7.200000000000001,FM,0.9952697240704249,0.002836341881638013,0.9952697240704249,0.0018872468717967075,6.687176140348724e-06
0.14,0.54,0.32,7.340000000000001,FM,0.9798287231665976,0.004436487963407884,0.9798287231665976,0.01571956669484743,1.5222175146966006e-05
0.14,0.56,0.3,7.48,FM,0.7167254920459661,0.008114384560857483,0.7167254920459661,0.27513698442986667,2.3138963309598567e-05
0.14,0.58,0.28,7.62,FM,0.9317460960101408,0.006221381061505879,0.9317460960101408,0.06200364040848092,2.8882519872250956e-05
0.14,0.6,0.26,7.760000000000001,FM,0.9862974387928296,0.0034435976086329366,0.9862974387928296,0.010250462070142916,8.501528394435501e-06
0.14,0.62,0.24,7.9,FM,0.9925732324745458,0.004540503526113482,0.9925732324745458,0.0028766420592974727,9.621940043280073e-06
0.14,0.64,0.22,8.040000000000001,FM,0.9923447866872429,0.0043239031720236545,0.9923447866872429,0.003321773573774886,9.53656695843201e-06
0.14,0.66,0.2,8.180000000000001,FM,0.9939992300021298,0.003827826450669369,0.9939992300021298,0.0021651293461616666,7.814201039112929e-06
0.14,0.68,0.18,8.32,FM,0.9941668391849489,0.0035590563047660623,0.9941668391849489,0.0022663054250385687,7.799085246640704e-06
0.14,0.7,0.16,8.46,FM,0.9957509388295868,0.0025672188294499207,0.9957509388295868,0.0016760656930815726,5.776647881820902e-06
0.14,0.72,0.14,8.6,FM,0.9955166026897128,0.0027887479890233184,0.9955166026897128,0.001688580791360145,6.0685299037353755e-06
0.14,0.74,0.12,8.74,FM,0.996520842092717,0.002282783211812402,0.996520842092717,0.0011916371095889848,4.73758588169624e-06
0.14,0.76,0.1,8.88,FM,0.9965376246852302,0.002240676021074506,0.9965376246852302,0.0012174432115790326,4.256082116403693e-06
0.14,0.78,0.08,9.020000000000001,FM,0.9970097474559667,0.0017355519710122128,0.9970097474559667,0.0012505208482613927,4.179724759454447e-06
0.14,0.8,0.06,9.16,FM,0.9972525706029987,0.0016028942465493765,0.9972525706029987,0.001140335322695693,4.1998277561640714e-06
0.14,0.82,0.04,9.299999999999999,FM,0.9967756712451599,0.0015686543708173888,0.9967756712451599,0.0016505723147379795,5.102069284728736e-06
0.14,0.84,0.02,9.440000000000001,FM,0.9973764258100593,0.001351725074663007,0.9973764258100593,0.0012661783009254067,5.6708143524647004e-06
0.14,0.86,0.0,9.58,FM,0.9978473707042103,0.0012462853914058708,0.9978473707042103,0.0009020081356300695,4.335768753845076e-06
0.16,0.0,0.84,3.64,FM,0.9911046006278215,0.006894315997323179,0.9911046006278215,0.0019862385835963665,1.4844791259004065e-05
0.16,0.02,0.82,3.7800000000000002,FM,0.9878799826119073,0.009997268035025373,0.9878799826119073,0.002106288636828622,1.6460716238535703e-05
0.16,0.04,0.8,3.9200000000000004,FM,0.9913568451746813,0.006246728225888114,0.9913568451746813,0.002382696635916074,1.3729963514675433e-05
0.16,0.06,0.78,4.0600000000000005,FM,0.9907129062082353,0.006887760591306337,0.9907129062082353,0.002386376266645568,1.2956933812825137e-05
0.16,0.08,0.76,4.2,FM,0.9962896734169164,0.002067335120042558,0.9962896734169164,0.0016354176207043812,7.57384233652037e-06
0.16,0.1,0.74,4.34,FM,0.9965886059702486,0.0018431187060363988,0.9965886059702486,0.0015591399743543843,9.13534936059566e-06
0.16,0.12,0.72,4.48,FM,0.9953611851122167,0.0022620795085990185,0.9953611851122167,0.0023654326837052597,1.1302695479196648e-05
0.16,0.14,0.7,4.62,FM,0.9956316847737198,0.0019289663328986614,0.9956316847737198,0.0024280468214377027,1.1302071943789896e-05
0.16,0.16,0.68,4.76,FM,0.9961746061944677,0.0017510348717936603,0.9961746061944677,0.002065212626951682,9.14630678705827e-06
0.16,0.18,0.66,4.9,FM,0.9959663757099523,0.0019221122607256124,0.9959663757099523,0.002102054213617307,9.457815704817817e-06
0.16,0.2,0.64,5.04,FM,0.9907423970303176,0.003403810689721885,0.9907423970303176,0.005841267525701612,1.252475425877988e-05
0.16,0.22,0.62,5.18,FM,0.9916218340083102,0.004218301711149901,0.9916218340083102,0.004148774319991665,1.108996054827583e-05
0.16,0.24,0.6,5.32,FM,0.9924996106184173,0.004429219864406199,0.9924996106184173,0.0030602378325207957,1.0931684655815532e-05
0.16,0.26,0.58,5.46,FM,0.995700582409988,0.0027400432043003524,0.995700582409988,0.0015521595984868948,7.214787224917241e-06
0.16,0.28,0.56,5.6000000000000005,FM,0.9963609245931238,0.002066797512979246,0.9963609245931238,0.0015661113318903405,6.1665620068330925e-06
0.16,0.3,0.54,5.74,FM,0.996232161917149,0.002092550577821744,0.996232161917149,0.0016691214180991165,6.166086929935891e-06
0.16,0.32,0.52,5.880000000000001,FM,0.9964884825059076,0.0019918559918162635,0.9964884825059076,0.0015139009528518466,5.7605494242364135e-06
0.16,0.34,0.5,6.0200000000000005,FM,0.9968726096904752,0.0017750334487612368,0.9968726096904752,0.001347143482308398,5.213378455186868e-06
0.16,0.36,0.48,6.16,FM,0.9966556790299652,0.0020533662925848956,0.9966556790299652,0.0012856729458002225,5.2817316496894125e-06
0.16,0.38,0.46,6.3,FM,0.9965359606224461,0.0021151381199916545,0.9965359606224461,0.0013434424669716786,5.458790590558209e-06
0.16,0.4,0.44,6.44,FM,0.9971897736306083,0.0017592808810924581,0.9971897736306083,0.0010461340607580186,4.811427541287064e-06
0.16,0.42,0.42,6.58,FM,0.9971535890549439,0.0017262643141840043,0.9971535890549439,0.0011155374459717146,4.609184900398092e-06
0.16,0.44,0.4,6.720000000000001,FM,0.9964726756413207,0.002138397538673272,0.9964726756413207,0.001383433641788552,5.493178217675664e-06
0.16,0.46,0.38,6.860000000000001,FM,0.995706952221763,0.0029187667724880485,0.995706952221763,0.001368109093093442,6.171912655409352e-06
0.16,0.48,0.36,7.0,FM,0.9962912163648354,0.0023456277478113,0.9962912163648354,0.0013578156454938327,5.340241859505292e-06
0.16,0.5,0.34,7.140000000000001,FM,0.9959556533554879,0.002562742963347146,0.9959556533554879,0.0014759333389039201,5.670342261158619e-06
0.16,0.52,0.32,7.28,FM,0.9834439301864953,0.0038827804661406484,0.9834439301864953,0.012661406416423588,1.1882930940519743e-05
0.16,0.54,0.3,7.42,FM,0.8298236752872584,0.004281939745793098,0.8298236752872584,0.16587291432969595,2.1470637252528228e-05
0.16,0.56,0.28,7.5600000000000005,FM,0.6088951036542416,0.003144048157490815,0.6088951036542416,0.3879426951660486,1.8153022218951773e-05
0.16,0.58,0.26,7.7,FM,0.9690541171149702,0.0042766993907454535,0.9690541171149702,0.02665628913230281,1.2894361981248267e-05
0.16,0.6,0.24,7.84,FM,0.9920805199214423,0.0046760380224283695,0.9920805199214423,0.0032339392879203923,9.502768208910538e-06
0.16,0.62,0.22,7.98,FM,0.9919689980568539,0.004979607661773397,0.9919689980568539,0.0030418710554670856,9.52322590565086e-06
0.16,0.64,0.2,8.120000000000001,FM,0.9929771361433791,0.004826309320419154,0.9929771361433791,0.002187661213639142,8.89332256260483e-06
0.16,0.66,0.18,8.260000000000002,FM,0.9947072420663053,0.0030598794669394473,0.9947072420663053,0.0022256017429978024,7.276723757358656e-06
0.16,0.68,0.16,8.4,FM,0.9960507550958042,0.0022349914951110585,0.9960507550958042,0.0017091878487842064,5.065560300668035e-06
0.16,0.7,0.14,8.540000000000001,FM,0.9957102092778021,0.0026299727483455205,0.9957102092778021,0.0016543202058813058,5.497767971347657e-06
0.16,0.72,0.12,8.68,FM,0.995845845133456,0.0026466103517580122,0.995845845133456,0.0015024210964244276,5.12341836143382e-06
0.16,0.74,0.1,8.82,FM,0.9963445217725911,0.002262490810219161,0.9963445217725911,0.0013881834044693656,4.804012720392477e-06
0.16,0.76,0.08,8.959999999999999,FM,0.9971726595262541,0.0014944404080802008,0.9971726595262541,0.001329345121830391,3.5549438350978407e-06
0.16,0.78,0.06,9.100000000000001,FM,0.9975041672336984,0.0013458223036462598,0.9975041672336984,0.0011461813300614621,3.829132593851515e-06
0.16,0.8,0.04,9.24,FM,0.9973463251963615,0.0012507574713387373,0.9973463251963615,0.0013986944105145577,4.2229217851271324e-06
0.16,0.82,0.02,9.38,FM,0.9975012308444734,0.001104113917536814,0.9975012308444734,0.0013906281986654848,4.0270393241943675e-06
0.16,0.84,0.0,9.52,FM,0.9981187277673162,0.0010106969542577374,0.9981187277673162,0.0008671887496912877,3.386528734678676e-06
0.18,0.0,0.82,3.7199999999999998,FM,0.9860172392134946,0.01141009603775433,0.9860172392134946,0.0025549111748744222,1.7753573876511854e-05
0.18,0.02,0.8,3.8600000000000003,FM,0.9875391247095199,0.01017089507705609,0.9875391247095199,0.002274277646063682,1.570256736044724e-05
0.18,0.04,0.78,4.0,FM,0.990250890119631,0.0074179576399817145,0.990250890119631,0.002318296866851782,1.2855373535446638e-05
0.18,0.06,0.76,4.140000000000001,FM,0.9955229772882453,0.002716485447593455,0.9955229772882453,0.0017532044969217591,7.332767239472632e-06
0.18,0.08,0.74,4.279999999999999,FM,0.9967726791121337,0.0015161072091973474,0.9967726791121337,0.0017033043761418346,7.909302526989705e-06
0.18,0.1,0.72,4.42,FM,0.9950885329160247,0.00249149682074782,0.9950885329160247,0.0024095614610800792,1.040880214738239e-05
0.18,0.12,0.7,4.56,FM,0.9945243551301985,0.002944719655174154,0.9945243551301985,0.0025202238014744435,1.0701413153008499e-05
0.18,0.14,0.68,4.7,FM,0.9950101183084891,0.002612518432843421,0.9950101183084891,0.002368306602362156,9.056656305409861e-06
0.18,0.16,0.66,4.84,FM,0.9956744367653888,0.002359255298367045,0.9956744367653888,0.0019573889230679875,8.919013176186698e-06
0.18,0.18,0.64,4.9799999999999995,FM,0.9898139941769768,0.00423011254942605,0.9898139941769768,0.005944316125101442,1.1577148495523647e-05
0.18,0.2,0.62,5.119999999999999,FM,0.9872244300500159,0.005877023186013497,0.9872244300500159,0.006885593323849649,1.2953440120931407e-05
0.18,0.22,0.6,5.26,FM,0.9898101662352138,0.006312773118539567,0.9898101662352138,0.0038649013072492105,1.2159338997499956e-05
0.18,0.24,0.58,5.4,FM,0.9943214651644583,0.0033238915790743963,0.9943214651644583,0.0023460833840282594,8.559872438761448e-06
0.18,0.26,0.56,5.540000000000001,FM,0.9965481817271994,0.0020639049226608176,0.9965481817271994,0.001382216124089843,5.697226050023224e-06
0.18,0.28,0.54,5.680000000000001,FM,0.9963792269751508,0.002180917042096199,0.9963792269751508,0.001434016014199949,5.839968552857532e-06
0.18,0.3,0.52,5.82,FM,0.9962124281328036,0.0024028460223884784,0.9962124281328036,0.001379010353957431,5.715490850314693e-06
0.18,0.32,0.5,5.96,FM,0.9962513285049495,0.0022709114666693733,0.9962513285049495,0.0014722616095729072,5.49841880832233e-06
0.18,0.34,0.48,6.1,FM,0.9967305507694291,0.0018343347575372029,0.9967305507694291,0.0014301048684142587,5.009604619287398e-06
0.18,0.36,0.46,6.239999999999999,FM,0.9972500047719012,0.00147684597916016,0.9972500047719012,0.0012689088737231314,4.2403752156017505e-06
0.18,0.38,0.44,6.38,FM,0.998077783787734,0.0011627045554086838,0.998077783787734,0.0007562491472871489,3.2625095700842356e-06
0.18,0.4,0.42,6.52,FM,0.998172180200405,0.0010831087291754062,0.998172180200405,0.0007415211901224901,3.189880297240346e-06
0.18,0.42,0.4,6.66,FM,0.9980242940571346,0.0011424855053166919,0.9980242940571346,0.000829631018341981,3.5894192067445745e-06
0.18,0.44,0.38,6.800000000000001,FM,0.9977696004580671,0.0014376518773683965,0.9977696004580671,0.0007888575007096662,3.89016385483687e-06
0.18,0.46,0.36,6.94,FM,0.9966944411473492,0.001936333901442936,0.9966944411473492,0.0013644100976605198,4.814853547366374e-06
0.18,0.48,0.34,7.08,FM,0.9965053772763044,0.0021917463047582734,0.9965053772763044,0.001297614922862619,5.261496074691931e-06
0.18,0.5,0.32,7.22,FM,0.9940488264942919,0.0034583441035253397,0.9940488264942919,0.0024853304691577647,7.498933024887891e-06
0.18,0.52,0.3,7.359999999999999,FM,0.9737800956228263,0.007652169011322952,0.9737800956228263,0.018546363644851883,2.137172099900879e-05
0.18,0.54,0.28,7.5,FM,0.8935637372244136,0.008325626725152106,0.8935637372244136,0.0980932776592782,1.7358391155973848e-05
0.18,0.56,0.26,7.640000000000001,FM,0.9453368923769055,0.005404511529126916,0.9453368923769055,0.04923729688540947,2.1299208558146404e-05
0.18,0.58,0.24,7.779999999999999,FM,0.9880926722059508,0.0061457864294050014,0.9880926722059508,0.005750554987393346,1.0986377250665768e-05
0.18,0.6,0.22,7.92,FM,0.9908099709188768,0.005254542481110758,0.9908099709188768,0.003925543677026971,9.942922985446279e-06
0.18,0.62,0.2,8.06,FM,0.9919226968768252,0.0051988698663790285,0.9919226968768252,0.0028695436422114585,8.889614584312043e-06
0.18,0.64,0.18,8.2,FM,0.9923684478179069,0.004985712201822024,0.9923684478179069,0.002637919065205492,7.920915065814821e-06
0.18,0.66,0.16,8.34,FM,0.9936243510408235,0.003828830384293028,0.9936243510408235,0.002539781761654407,7.036813229143268e-06
0.18,0.68,0.14,8.48,FM,0.9957775500411202,0.0025436333869512198,0.9957775500411202,0.0016740173216198105,4.799250308862535e-06
0.18,0.7,0.12,8.62,FM,0.9945542367901824,0.0034490782449001314,0.9945542367901824,0.0019908724461003076,5.812518817114906e-06
0.18,0.72,0.1,8.76,FM,0.9957539598468993,0.0027085770026831655,0.9957539598468993,0.0015323986308427371,5.064519574640205e-06
0.18,0.74,0.08,8.9,FM,0.9964054977712795,0.002064786094292393,0.9964054977712795,0.0015250019650975882,4.714169330464207e-06
0.18,0.76,0.06,9.04,FM,0.9966116263171113,0.0018381023035817078,0.9966116263171113,0.0015457522923644732,4.519086942518451e-06
0.18,0.78,0.04,9.18,FM,0.996639282031513,0.0017326704486073981,0.996639282031513,0.0016229350164499786,5.112503429477717e-06
0.18,0.8,0.02,9.32,FM,0.9959185558690363,0.0016849143262135323,0.9959185558690363,0.002390499369174618,6.030435575582701e-06
0.18,0.82,0.0,9.459999999999999,FM,0.99664863897752,0.001973540262970634,0.99664863897752,0.0013719897207532176,5.831038756217719e-06
0.2,0.0,0.8,3.8000000000000007,FM,0.9814183793758617,0.015228275130545076,0.9814183793758617,0.0033330002108879465,2.0345282705212466e-05
0.2,0.02,0.78,3.94,FM,0.9812334474033746,0.015876841805579037,0.9812334474033746,0.002872008133508987,1.7702657537291614e-05
0.2,0.04,0.76,4.08,FM,0.9845470534918596,0.01168272601893405,0.9845470534918596,0.003754539278116554,1.5681211089774e-05
0.2,0.06,0.74,4.22,FM,0.9941117803747497,0.003211584159744161,0.9941117803747497,0.002668016002120142,8.619463385734186e-06
0.2,0.08,0.72,4.36,FM,0.9952650523500146,0.0024807947764195113,0.9952650523500146,0.002245872159881381,8.280713684514685e-06
0.2,0.1,0.7,4.5,FM,0.9925075875644441,0.00382422059369782,0.9925075875644441,0.0036565636684515058,1.1628173406487741e-05
0.2,0.12,0.68,4.640000000000001,FM,0.9930351036644997,0.0041681216283564046,0.9930351036644997,0.0027849488998505255,1.1825807293407822e-05
0.2,0.14,0.66,4.78,FM,0.9924606248577195,0.004410099623215375,0.9924606248577195,0.00311756202021893,1.1713498846258217e-05
0.2,0.16,0.64,4.92,FM,0.9854908061400987,0.006656133905202661,0.9854908061400987,0.007839249119944016,1.381083475483489e-05
0.2,0.18,0.62,5.0600000000000005,FM,0.9851673689371422,0.007143400611661221,0.9851673689371422,0.007675007149410504,1.4223301785954105e-05
0.2,0.2,0.6,5.2,FM,0.9864933315711711,0.009414359369145944,0.9864933315711711,0.0040775179290774375,1.4791130605323273e-05
0.2,0.22,0.58,5.34,FM,0.9898381807172091,0.006150200107846008,0.9898381807172091,0.003999230727625896,1.2388447319124618e-05
0.2,0.24,0.56,5.48,FM,0.9937792618605533,0.0035789815481609027,0.9937792618605533,0.0026335558882741097,8.200703011668257e-06
0.2,0.26,0.54,5.62,FM,0.9939710091921862,0.002927069269660525,0.9939710091921862,0.003094999167213387,6.922370939799636e-06
0.2,0.28,0.52,5.76,FM,0.994545032834198,0.002596145027105626,0.994545032834198,0.0028525074058787323,6.314732817453651e-06
0.2,0.3,0.5,5.9,FM,0.996595646040208,0.0018977796317441737,0.996595646040208,0.001501519411416443,5.054916631458538e-06
0.2,0.32,0.48,6.040000000000001,FM,0.998275337790642,0.0010167396799464095,0.998275337790642,0.000704618005397051,3.304524014502996e-06
0.2,0.34,0.46,6.180000000000001,FM,0.9983007180975744,0.0010572062002321045,0.9983007180975744,0.0006389005727905614,3.175129402998254e-06
0.2,0.36,0.44,6.32,FM,0.9986322324738559,0.0008638363788994304,0.9986322324738559,0.0005013885668534651,2.5425803912396177e-06
0.2,0.38,0.42,6.46,FM,0.9984983489128535,0.0008279656462397904,0.9984983489128535,0.0006708703535088312,2.81508739777106e-06
0.2,0.4,0.4,6.6000000000000005,FM,0.9984124145240896,0.0009261923422158214,0.9984124145240896,0.000658609765863641,2.7833678310824076e-06
0.2,0.42,0.38,6.74,FM,0.9982724217541081,0.0010303633304596846,0.9982724217541081,0.0006941025358102692,3.1123796217264478e-06
0.2,0.44,0.36,6.880000000000001,FM,0.9983861004341851,0.0010004970777192207,0.9983861004341851,0.000610470914654533,2.9315734410986104e-06
0.2,0.46,0.34,7.020000000000001,FM,0.9969375468589269,0.0018693970070817756,0.9969375468589269,0.0011882480169831294,4.808117008214277e-06
0.2,0.48,0.32,7.16,FM,0.9955606700732742,0.0030069697491839215,0.9955606700732742,0.0014265500863200372,5.810091222104336e-06
0.2,0.5,0.3,7.300000000000001,FM,0.9799803509885664,0.003994761476555406,0.9799803509885664,0.01601373139150353,1.1156143374766052e-05
0.2,0.52,0.28,7.44,FM,0.9372445725578739,0.006765599602120764,0.9372445725578739,0.05596928172270373,2.0546117301709727e-05
0.2,0.54,0.26,7.580000000000001,FM,0.9001776183863168,0.004588118285251216,0.9001776183863168,0.09521454322645276,1.9720101979246602e-05
0.2,0.56,0.24,7.720000000000001,FM,0.955554254110655,0.005801904869485263,0.955554254110655,0.038626371601811045,1.7469418048778376e-05
0.2,0.58,0.22,7.86,FM,0.9883443893521582,0.006748497059234972,0.9883443893521582,0.004895411452550672,1.1702136056304057e-05
0.2,0.6,0.2,8.0,FM,0.988485211188302,0.006856077653325962,0.988485211188302,0.004646748600508501,1.196255786344506e-05
0.2,0.62,0.18,8.14,FM,0.9881112922206118,0.008392256393100192,0.9881112922206118,0.0034848628867051863,1.158849958283004e-05
0.2,0.64,0.16,8.280000000000001,FM,0.9862815946535629,0.009816579683430846,0.9862815946535629,0.0038890775167411385,1.2748146265054248e-05
0.2,0.66,0.14,8.42,FM,0.9949303010631987,0.002877265501843333,0.9949303010631987,0.00218659028532056,5.843149637373508e-06
0.2,0.68,0.12,8.56,FM,0.9949467812834434,0.0033227342306489374,0.9949467812834434,0.0017249465428283003,5.537943079276232e-06
0.2,0.7,0.1,8.700000000000001,FM,0.9968635861258361,0.001906770014918236,0.9968635861258361,0.0012253102417564387,4.333617489056792e-06
0.2,0.72,0.08,8.84,FM,0.9966330779204576,0.0019676970051805912,0.9966330779204576,0.0013943421995162375,4.8828748455950495e-06
0.2,0.74,0.06,8.98,FM,0.9951731650997155,0.0025228092398288586,0.9951731650997155,0.0022979179825596695,6.107677896107973e-06
0.2,0.76,0.04,9.12,FM,0.992582271440174,0.0041517877844392155,0.992582271440174,0.0032562398526257297,9.70092276120217e-06
0.2,0.78,0.02,9.260000000000002,FM,0.9907125327850689,0.006051184616901174,0.9907125327850689,0.0032262123657786725,1.0070232251426982e-05
0.2,0.8,0.0,9.4,FM,0.9900956528653502,0.007645594334433504,0.9900956528653502,0.0022482130288274615,1.0539771388806897e-05
0.22,0.0,0.78,3.88,FM,0.9775926070810202,0.01897693586910119,0.9775926070810202,0.003411876683318772,1.858036655961363e-05
0.22,0.02,0.76,4.0200000000000005,FM,0.9775352533194795,0.019732380404699015,0.9775352533194795,0.002719751797456605,1.2614478364926814e-05
0.22,0.04,0.74,4.16,FM,0.9929891669032164,0.004179239494565492,0.9929891669032164,0.0028212500045115456,1.0343597706647469e-05
0.22,0.06,0.72,4.300000000000001,FM,0.9922283330933807,0.0047248866158243795,0.9922283330933807,0.0030364415474406358,1.0338743354230746e-05
0.22,0.08,0.7,4.4399999999999995,FM,0.9867485077055499,0.006783071711959255,0.9867485077055499,0.006452347571532727,1.607301095788134e-05
0.22,0.1,0.68,4.58,FM,0.9875986035501017,0.006351690031396499,0.9875986035501017,0.0060330661632199715,1.664025528175125e-05
0.22,0.12,0.66,4.720000000000001,FM,0.9895753273066014,0.005746574394348231,0.9895753273066014,0.004663733613692131,1.436468535842966e-05
0.22,0.14,0.64,4.86,FM,0.9749040957188059,0.010631286998049183,0.9749040957188059,0.014446624223615907,1.7993059529145833e-05
0.22,0.16,0.62,5.0,FM,0.9807234313293567,0.010127611252605454,0.9807234313293567,0.0091354199303956,1.3537487642241084e-05
0.22,0.18,0.6,5.14,FM,0.984466809035496,0.009118621600561393,0.984466809035496,0.0064006591262833045,1.3910237659394096e-05
0.22,0.2,0.58,5.279999999999999,FM,0.9795689053098723,0.008984489740308604,0.9795689053098723,0.01143068711901197,1.5917830807024804e-05
0.22,0.22,0.56,5.42,FM,0.9837838238855734,0.005564703805661776,0.9837838238855734,0.010637844065299044,1.3628243465874562e-05
0.22,0.24,0.54,5.5600000000000005,FM,0.9894669753565825,0.003841662231309609,0.9894669753565825,0.006682183791052306,9.178621055609127e-06
0.22,0.26,0.52,5.700000000000001,FM,0.9945147601371619,0.0024535885982044227,0.9945147601371619,0.0030254725846904544,6.178679943203137e-06
0.22,0.28,0.5,5.84,FM,0.997253461692008,0.0012674072626570239,0.997253461692008,0.0014751143411458607,4.016704188912794e-06
0.22,0.3,0.48,5.98,FM,0.9975010754195556,0.0011912892506308196,0.9975010754195556,0.001303790840064432,3.8444897490704115e-06
0.22,0.32,0.46,6.12,FM,0.998260667628792,0.0009539202285591937,0.998260667628792,0.0007824229976593326,2.9891449896948164e-06
0.22,0.34,0.44,6.260000000000001,FM,0.9985256068250559,0.0005868116540496503,0.9985256068250559,0.0008850264303939509,2.5550905005119172e-06
0.22,0.36,0.42,6.3999999999999995,FM,0.999093802771656,0.00042076028848277077,0.999093802771656,0.00048345924490293625,1.977694958104032e-06
0.22,0.38,0.4,6.54,FM,0.9991157277212358,0.00038754749480597454,0.9991157277212358,0.0004949881160760724,1.7366678821754036e-06
0.22,0.4,0.38,6.68,FM,0.9991083407935984,0.0003842166514523422,0.9991083407935984,0.0005056413139271665,1.8012410219861279e-06
0.22,0.42,0.36,6.82,FM,0.9988796757706536,0.0005259720157616068,0.9988796757706536,0.0005922987917807255,2.053421804081419e-06
0.22,0.44,0.34,6.960000000000001,FM,0.9978248261424782,0.0009388681807740294,0.9978248261424782,0.0012328607850481416,3.444891699554034e-06
0.22,0.46,0.32,7.1000000000000005,FM,0.997052388425541,0.0019822991458653062,0.997052388425541,0.0009612740358660882,4.038392727725668e-06
0.22,0.48,0.3,7.24,FM,0.9906563752852244,0.0026801554448848386,0.9906563752852244,0.006655986049707271,7.483220183680445e-06
0.22,0.5,0.28,7.38,FM,0.9695124936198636,0.0034901832380834154,0.9695124936198636,0.026977745582448684,1.9577559604399728e-05
0.22,0.52,0.26,7.5200000000000005,FM,0.9310468534775601,0.008630779346314416,0.9310468534775601,0.06030069251718579,2.1674658939767723e-05
0.22,0.54,0.24,7.66,FM,0.9486980483789014,0.006498152084589531,0.9486980483789014,0.04478366970248376,2.0129834025382435e-05
0.22,0.56,0.22,7.800000000000001,FM,0.9825986216333714,0.00884998710854608,0.9825986216333714,0.008536379817878421,1.5011440204074372e-05
0.22,0.58,0.2,7.9399999999999995,FM,0.9843348224476033,0.009267111883842338,0.9843348224476033,0.00638381155190221,1.4254116652133985e-05
0.22,0.6,0.18,8.08,FM,0.9822756508307634,0.011998549563612322,0.9822756508307634,0.005710156307883123,1.5643297741145035e-05
0.22,0.62,0.16,8.22,FM,0.9820553299246298,0.012822565210087985,0.9820553299246298,0.0051064034149256084,1.570145035647511e-05
0.22,0.64,0.14,8.360000000000001,FM,0.9862402006975287,0.008541773097715361,0.9862402006975287,0.005204119681337032,1.3906523418890623e-05
0.22,0.66,0.12,8.5,FM,0.9925548817473078,0.004713047078637655,0.9925548817473078,0.002724790547649375,7.280626405330295e-06
0.22,0.68,0.1,8.64,FM,0.9915401350856222,0.005473418932076316,0.9915401350856222,0.0029774228434620185,9.023138839512681e-06
0.22,0.7,0.08,8.78,FM,0.9898305732895915,0.007330978291467672,0.9898305732895915,0.002829983765821175,8.464653119674802e-06
0.22,0.72,0.06,8.919999999999998,FM,0.9890095872621335,0.007655847238290809,0.9890095872621335,0.00332613892594244,8.426573633177519e-06
0.22,0.74,0.04,9.06,FM,0.9900341941453236,0.005765445528629471,0.9900341941453236,0.004192226982332026,8.133343714831187e-06
0.22,0.76,0.02,9.200000000000001,FM,0.9860466278008617,0.007492861958588381,0.9860466278008617,0.006447871845484839,1.2638395064970836e-05
0.22,0.78,0.0,9.34,FM,0.9864327596109422,0.008616364986406857,0.9864327596109422,0.004939262293823154,1.1613108827858197e-05
0.24,0.0,0.76,3.96,FM,0.9875070834989991,0.011101932001274309,0.9875070834989991,0.0013824711694732767,8.5133302532555e-06
0.24,0.02,0.74,4.1,FM,0.9947334264503581,0.0037690988612836436,0.9947334264503581,0.0014893668118749644,8.107876483234089e-06
0.24,0.04,0.72,4.24,FM,0.9916842109445926,0.0052174947913680506,0.9916842109445926,0.003087460848920338,1.0833415119050074e-05
0.24,0.06,0.7,4.379999999999999,FM,0.9885804152749905,0.006772109195353574,0.9885804152749905,0.004633128095161075,1.4347434494597013e-05
0.24,0.08,0.68,4.52,FM,0.9844248431674651,0.007736735769276693,0.9844248431674651,0.00782046861750042,1.7952445757823624e-05
0.24,0.1,0.66,4.66,FM,0.9816774296490571,0.008288415745750729,0.9816774296490571,0.01001619455297274,1.796005221919009e-05
0.24,0.12,0.64,4.8,FM,0.9669917635760805,0.01242327569668912,0.9669917635760805,0.02056065119154833,2.4309535681903614e-05
0.24,0.14,0.62,4.9399999999999995,FM,0.9020861936818132,0.027877709729907076,0.9020861936818132,0.07000720614024508,2.889044803460853e-05
0.24,0.16,0.6,5.08,FM,0.9427431980085927,0.0237600932741477,0.9427431980085927,0.03346894000768925,2.776870957021681e-05
0.24,0.18,0.58,5.219999999999999,FM,0.9692031062052827,0.01182591154249057,0.9692031062052827,0.018954269423767385,1.6712828459450976e-05
0.24,0.2,0.56,5.359999999999999,FM,0.9817484270326121,0.00934450523097652,0.9817484270326121,0.008892993856170303,1.4073880241181779e-05
0.24,0.22,0.54,5.5,FM,0.990502829141518,0.00460045611583601,0.990502829141518,0.00488554018732257,1.1174555323484095e-05
0.24,0.24,0.52,5.640000000000001,FM,0.9953321688443086,0.002591269428370155,0.9953321688443086,0.002070079689271457,6.48203804965773e-06
0.24,0.26,0.5,5.78,FM,0.9977055314716451,0.001345172443721609,0.9977055314716451,0.0009453061182427603,3.989966390825066e-06
0.24,0.28,0.48,5.92,FM,0.9976060542298573,0.0012934197500084784,0.9976060542298573,0.0010969808353559222,3.5451847783641945e-06
0.24,0.3,0.46,6.06,FM,0.9968906256949837,0.001464543490271216,0.9968906256949837,0.0016408707901024299,3.960024642671749e-06
0.24,0.32,0.44,6.2,FM,0.9974397794652201,0.0008804027945982775,0.9974397794652201,0.0016768013054783862,3.0164347033216547e-06
0.24,0.34,0.42,6.34,FM,0.9984365445948254,0.0004251961890061755,0.9984365445948254,0.0011356462683921999,2.612947776159006e-06
0.24,0.36,0.4,6.4799999999999995,FM,0.9994806720302575,0.00016626930768021058,0.9994806720302575,0.00035189932485827686,1.1593372039039879e-06
0.24,0.38,0.38,6.619999999999999,FM,0.9996565368588977,0.00014228750615844892,0.9996565368588977,0.00020018226008690132,9.933748568399659e-07
0.24,0.4,0.36,6.76,FM,0.999387637236194,0.00020069653912573358,0.999387637236194,0.0004103186631449228,1.3475615351842023e-06
0.24,0.42,0.34,6.9,FM,0.9985034339003496,0.00042093092560930873,0.9985034339003496,0.001073034140227761,2.6010338135365703e-06
0.24,0.44,0.32,7.04,FM,0.996963477741138,0.0012532443245546125,0.996963477741138,0.001778763778362275,4.514155945273413e-06
0.24,0.46,0.3,7.18,FM,0.9945887497256253,0.0025666377110695185,0.9945887497256253,0.0028380068314378744,6.6057318672978166e-06
0.24,0.48,0.28,7.319999999999999,FM,0.9921847304173163,0.0013715241548371729,0.9921847304173163,0.006437237063118154,6.508364728331685e-06
0.24,0.5,0.26,7.46,FM,0.9267654237616182,0.018093051753774778,0.9267654237616182,0.05510607140796097,3.545307664601287e-05
0.24,0.52,0.24,7.6,FM,0.9034026738842654,0.009211515938150306,0.9034026738842654,0.08735120169509253,3.460848249168236e-05
0.24,0.54,0.22,7.74,FM,0.9447192404474022,0.010913317376825948,0.9447192404474022,0.04434670752934503,2.073464642689034e-05
0.24,0.56,0.2,7.880000000000001,FM,0.9772834491004976,0.011970565329758985,0.9772834491004976,0.010727626554716398,1.8359015027236296e-05
0.24,0.58,0.18,8.02,FM,0.9718525102879934,0.01621535007863953,0.9718525102879934,0.011911102961119458,2.1036672247655193e-05
0.24,0.6,0.16,8.16,FM,0.9744159499359158,0.017351889599128416,0.9744159499359158,0.008211806564720273,2.0353900235188e-05
0.24,0.62,0.14,8.3,FM,0.9656256639085941,0.026653057431558037,0.9656256639085941,0.0076986699739485555,2.2608685899458508e-05
0.24,0.64,0.12,8.44,FM,0.9737611584098205,0.020444897621755744,0.9737611584098205,0.005780034099969352,1.3909868454300764e-05
0.24,0.66,0.1,8.580000000000002,FM,0.9835326569231303,0.01261304893655317,0.9835326569231303,0.003842478753773809,1.1815386542625771e-05
0.24,0.68,0.08,8.72,FM,0.9868211259538514,0.009526153199233996,0.9868211259538514,0.0036423427477042837,1.0378099210463209e-05
0.24,0.7,0.06,8.86,FM,0.9849575226935472,0.01052540543781723,0.9849575226935472,0.00450594408842935,1.112778020600427e-05
0.24,0.72,0.04,8.999999999999998,FM,0.9862824479999344,0.008294017016808276,0.9862824479999344,0.005412872976627612,1.066200662953397e-05
0.24,0.74,0.02,9.14,FM,0.9863261858666414,0.006517190545404014,0.9863261858666414,0.007144751173220181,1.1872414734494605e-05
0.24,0.76,0.0,9.28,FM,0.9587761922487446,0.010441708475259614,0.9587761922487446,0.03076220232071261,1.9896955283065915e-05
0.26,0.0,0.74,4.04,FM,0.6333656708547097,0.35404683881000626,0.6333656708547097,0.01253036897873445,5.712135654939543e-05
0.26,0.02,0.72,4.18,FM,0.8754102212703074,0.11794428918569953,0.8754102212703074,0.006617368050391508,2.8121493601262495e-05
0.26,0.04,0.7,4.32,FM,0.8959829752262737,0.09599615915176281,0.8959829752262737,0.00799446260436803,2.6403017595483953e-05
0.26,0.06,0.68,4.46,FM,0.6191409112025542,0.3004944605318632,0.6191409112025542,0.0802823799543125,8.22483112701846e-05
0.26,0.08,0.66,4.6,FM,0.584303536667721,0.2788826812182163,0.584303536667721,0.1367167388751142,9.704323894864197e-05
0.26,0.1,0.64,4.74,FiM,0.6024017912961045,0.25056252060897577,0.14695914569718843,0.6024017912961045,7.654239773126932e-05
0.26,0.12,0.62,4.88,AFM,0.5591624214967782,0.5591624214967782,0.04925923280673558,0.3915002994716758,7.804622481055056e-05
0.26,0.14,0.6,5.02,AFM,0.740867771845834,0.740867771845834,0.05497029136639893,0.2040947740123838,6.71627753832919e-05
0.26,0.16,0.58,5.16,AFM,0.7702358385226628,0.7702358385226628,0.07432844503254167,0.1553497711061283,8.594533866731612e-05
0.26,0.18,0.56,5.300000000000001,AFM,0.8050663497680668,0.8050663497680668,0.08522113978606981,0.10962608795225762,8.642249360599717e-05
0.26,0.2,0.54,5.44,AFM,0.7412504876884963,0.7412504876884963,0.13548340019600172,0.12316830157362985,9.781054187215262e-05
0.26,0.22,0.52,5.58,FM,0.5903299022611599,0.31882741682264315,0.5903299022611599,0.09072682232335814,0.00011585859283869284
0.26,0.24,0.5,5.72,FM,0.9703542223615464,0.022474627716449508,0.9703542223615464,0.007155830985074476,1.5318936929736585e-05
0.26,0.26,0.48,5.859999999999999,FM,0.9769890091207942,0.01822724288055334,0.9769890091207942,0.004772440641637823,1.1307357014511475e-05
0.26,0.28,0.46,6.0,FM,0.9757938466466447,0.017151119585658885,0.9757938466466447,0.007040775910189881,1.4257857506479646e-05
0.26,0.3,0.44,6.140000000000001,FM,0.9789330015682508,0.011041748507415624,0.9789330015682508,0.010012137287410022,1.3112636923561519e-05
0.26,0.32,0.42,6.28,FM,0.979173822141744,0.007327533963540223,0.979173822141744,0.01348680964719555,1.1834247520138304e-05
0.26,0.34,0.4,6.420000000000001,FM,0.9821058007944021,0.007123083060628163,0.9821058007944021,0.010759507722812563,1.1608422157158555e-05
0.26,0.36,0.38,6.5600000000000005,FM,0.9807381409693706,0.006346068613982415,0.9807381409693706,0.012904900759198368,1.0889657448616839e-05
0.26,0.38,0.36,6.7,FM,0.62189321990363,0.09177788483101627,0.62189321990363,0.2861928146601969,0.0001360806051569319
0.26,0.4,0.34,6.84,FM,0.842384560626957,0.08371071508704848,0.842384560626957,0.07382987746358205,7.484682241271136e-05
0.26,0.42,0.32,6.98,FM,0.7314013401131628,0.11599822154813888,0.7314013401131628,0.1525036308392428,9.680749945556132e-05
0.26,0.44,0.3,7.120000000000001,FM,0.6666642241703176,0.08763107202608411,0.6666642241703176,0.24562263344753205,8.207035606622583e-05
0.26,0.46,0.28,7.260000000000001,FiM,0.43855969185803534,0.14664981260235432,0.41470743529596593,0.43855969185803534,8.306024364458282e-05
0.26,0.48,0.26,7.4,FiM,0.550294821646434,0.24657707605677792,0.2030308787175553,0.550294821646434,9.722357923293474e-05
0.26,0.5,0.24,7.54,AFM,0.5972474783428945,0.5972474783428945,0.03105295345566682,0.37161470096933646,8.486723210215888e-05
0.26,0.52,0.22,7.680000000000001,FiM,0.6254701218363118,0.32992114277919476,0.044532648705834794,0.6254701218363118,7.608667865869352e-05
0.26,0.54,0.2,7.82,AFM,0.8703511779080196,0.8703511779080196,0.045106546690955936,0.08447099071391147,7.128468711291481e-05
0.26,0.56,0.18,7.960000000000001,AFM,0.906108517545996,0.906108517545996,0.03631774033789345,0.05751185712003526,6.188499607537867e-05
0.26,0.58,0.16,8.1,AFM,0.9493755261976534,0.9493755261976534,0.027167588820002066,0.023413874544060367,4.301043828420169e-05
0.26,0.6,0.14,8.24,AFM,0.9830142824338849,0.9830142824338849,0.00977917388003274,0.007192005538602548,1.4538147479693178e-05
0.26,0.62,0.12,8.379999999999999,AFM,0.9800539397026613,0.9800539397026613,0.009591595628112758,0.010339359103168745,1.5105566057287376e-05
0.26,0.64,0.1,8.520000000000001,AFM,0.8426295549365174,0.8426295549365174,0.12043735768306682,0.03688788696101824,4.5200419397510164e-05
0.26,0.66,0.08,8.66,AFM,0.7528672166743313,0.7528672166743313,0.18618690433167245,0.060873076957413445,7.280203658271007e-05
0.26,0.68,0.06,8.8,AFM,0.72230015868645,0.72230015868645,0.16408835330333246,0.11351592026910792,9.556774110955072e-05
0.26,0.7,0.04,8.94,AFM,0.6557603941481085,0.6557603941481085,0.14192692007937638,0.20219921036082047,0.00011347541169479133
0.26,0.72,0.02,9.08,AFM,0.5442608577569442,0.5442608577569442,0.07990279945354449,0.37574346380758017,9.287898193104846e-05
0.26,0.74,0.0,9.22,AFM,0.5106324761994971,0.5106324761994971,0.033385098563237355,0.45592481758433406,5.760765293136904e-05
0.28,0.0,0.72,4.12,FM,0.9654410034688607,0.03032585278523855,0.9654410034688607,0.004219970528538884,1.317321736187328e-05
0.28,0.02,0.7,4.26,FM,0.9415626511879047,0.04658395355723172,0.9415626511879047,0.011831943784045616,2.145147081796611e-05
0.28,0.04,0.68,4.4,FM,0.9108634866374327,0.05811596558473254,0.9108634866374327,0.03098640054194999,3.4147235884824616e-05
0.28,0.06,0.66,4.54,FM,0.8053861427001754,0.10265626285110516,0.8053861427001754,0.09188726201194167,7.033243677783501e-05
0.28,0.08,0.64,4.68,FM,0.384271254798876,0.2882804663423691,0.384271254798876,0.32730566655503573,0.00014261230371929618
0.28,0.1,0.62,4.82,AFM,0.549097896833877,0.549097896833877,0.24760762380128795,0.203160808746682,0.000133670618152969
0.28,0.12,0.6,4.96,AFM,0.7334774636401556,0.7334774636401556,0.14837545179031636,0.11806007033296068,8.701423656710074e-05
0.28,0.14,0.58,5.1,AFM,0.7742164231143313,0.7742164231143313,0.07936632950487069,0.1463479972455559,6.925013524211443e-05
0.28,0.16,0.56,5.24,AFM,0.8533388931548171,0.8533388931548171,0.06675240074193489,0.07985627580709535,5.243029615277309e-05
0.28,0.18,0.54,5.38,AFM,0.8508789914963167,0.8508789914963167,0.05944259199868352,0.08961419034551998,6.422615947981173e-05
0.28,0.2,0.52,5.52,AFM,0.7763381738605615,0.7763381738605615,0.12437399077107963,0.09920013404709487,8.77013212641582e-05
0.28,0.22,0.5,5.66,FM,0.5972511064651405,0.2942395137763704,0.5972511064651405,0.10841934956834108,9.003019014809515e-05
0.28,0.24,0.48,5.800000000000001,FM,0.9137790646572329,0.06226485669683193,0.9137790646572329,0.023930978787575104,2.5099858360090435e-05
0.28,0.26,0.46,5.94,FM,0.9378771411554022,0.03351838196571944,0.9378771411554022,0.028580888077818483,2.358880105984183e-05
0.28,0.28,0.44,6.080000000000001,FM,0.9376496005459904,0.021410611390409832,0.9376496005459904,0.040911808135955706,2.7979927643930584e-05
0.28,0.3,0.42,6.22,FM,0.9474653992180351,0.018694686855600592,0.9474653992180351,0.03381525124360281,2.4662682761620612e-05
0.28,0.32,0.4,6.36,FM,0.5443339906654568,0.03988948571463618,0.5443339906654568,0.4157049192427521,7.160437715491861e-05
0.28,0.34,0.38,6.5,FiM,0.9752177673196971,0.010168840390664576,0.014596190685296459,0.9752177673196971,1.720160434178836e-05
0.28,0.36,0.36,6.64,FiM,0.8613417256409588,0.03454108836777419,0.10406370847768388,0.8613417256409588,5.347751358312632e-05
0.28,0.38,0.34,6.779999999999999,FiM,0.9241365413058193,0.03536835408878152,0.04045851640630322,0.9241365413058193,3.658819909605885e-05
0.28,0.4,0.32,6.92,FiM,0.7270986416703452,0.12586085584808587,0.14691305282827008,0.7270986416703452,0.00012744965329884514
0.28,0.42,0.3,7.0600000000000005,FiM,0.48480436805034355,0.1340814577242453,0.380995915971976,0.48480436805034355,0.00011825825343509578
0.28,0.44,0.28,7.2,FiM,0.4477403371164283,0.13625144565644548,0.41590438303865207,0.4477403371164283,0.00010383418847414738
0.28,0.46,0.26,7.340000000000001,FiM,0.6184026609263042,0.12325468344283612,0.2582569080667048,0.6184026609263042,8.574756415478536e-05
0.28,0.48,0.24,7.4799999999999995,AFM,0.5260077413114579,0.5260077413114579,0.1945489675626021,0.2793386366832265,0.00010465444271356742
0.28,0.5,0.22,7.62,FiM,0.5982931231118631,0.339865300862475,0.06171494588198926,0.5982931231118631,0.00012663014367265355
0.28,0.52,0.2,7.76,AFM,0.5495923645022052,0.5495923645022052,0.04903550662574542,0.4012890993338114,8.302953823805597e-05
0.28,0.54,0.18,7.9,AFM,0.9083319919199505,0.9083319919199505,0.03047944494950013,0.061132600810568025,5.596231998121978e-05
0.28,0.56,0.16,8.040000000000001,AFM,0.9516188357496793,0.9516188357496793,0.015050098355933223,0.033301453128434313,2.961276595319023e-05
0.28,0.58,0.14,8.18,AFM,0.9705457498950086,0.9705457498950086,0.009397261404892636,0.0200385341498134,1.8454550285512625e-05
0.28,0.6,0.12,8.32,AFM,0.9571235671783427,0.9571235671783427,0.017340098244915173,0.025511401660910368,2.4932915831703187e-05
0.28,0.62,0.1,8.46,AFM,0.7417402149177638,0.7417402149177638,0.171863588669162,0.0863262412605734,6.995515250081028e-05
0.28,0.64,0.08,8.600000000000001,AFM,0.713828729835945,0.713828729835945,0.17422758643045685,0.11185548349691832,8.820023667987522e-05
0.28,0.66,0.06,8.74,AFM,0.5863817835693406,0.5863817835693406,0.20053167835561667,0.21298004489787115,0.0001064931771715737
0.28,0.68,0.04,8.88,AFM,0.5283362308035683,0.5283362308035683,0.11545456303825556,0.3561075165402181,0.00010168961795810975
0.28,0.7,0.02,9.020000000000001,AFM,0.47871314917759245,0.47871314917759245,0.05474097144795049,0.4664572711843796,8.860819007750357e-05
0.28,0.72,0.0,9.16,FiM,0.7105801915545783,0.2553863950425985,0.03396203292656972,0.7105801915545783,7.138047625329762e-05
0.3,0.0,0.7,4.199999999999999,FM,0.9835304188943864,0.01238115729827829,0.9835304188943864,0.0040775590635151165,1.0864743819999724e-05
0.3,0.02,0.68,4.34,FM,0.9738308281652444,0.018987056630069107,0.9738308281652444,0.0071679714767831125,1.4143727903585063e-05
0.3,0.04,0.66,4.48,FM,0.857158271185711,0.0857155028757195,0.857158271185711,0.057060731188347626,6.549475022177206e-05
0.3,0.06,0.64,4.62,FM,0.47678401447118784,0.24898312685487406,0.47678401447118784,0.27406698643186855,0.00016587224206948624
0.3,0.08,0.62,4.76,FM,0.4601873721989915,0.3882888592330805,0.4601873721989915,0.15136014162174297,0.0001636269461851157
0.3,0.1,0.6,4.9,AFM,0.5143674401401856,0.5143674401401856,0.2884802207942677,0.19702733459359273,0.00012500447195384342
0.3,0.12,0.58,5.039999999999999,AFM,0.7154703582946219,0.7154703582946219,0.18705251519623087,0.09738279596233522,9.433054681211989e-05
0.3,0.14,0.56,5.18,AFM,0.8361508085173572,0.8361508085173572,0.08212299348802148,0.08165861499652284,6.758299809856332e-05
0.3,0.16,0.54,5.32,AFM,0.8881763020137255,0.8881763020137255,0.06882639523673831,0.0429409340511857,5.6368698350442944e-05
0.3,0.18,0.52,5.46,AFM,0.8863844638468612,0.8863844638468612,0.06785240586031206,0.04571253731000116,5.0592982825667794e-05
0.3,0.2,0.5,5.6,AFM,0.5976130676945794,0.5976130676945794,0.2415301650747557,0.16076873957666402,8.802765400082076e-05
0.3,0.22,0.48,5.74,FM,0.5146566125232542,0.35011249439885817,0.5146566125232542,0.13512998421171962,0.00010090886616801477
0.3,0.24,0.46,5.88,FM,0.6024768121011579,0.26188361266840104,0.6024768121011579,0.1355398931207698,9.968210967124096e-05
0.3,0.26,0.44,6.0200000000000005,FM,0.850253101755441,0.05140131452865272,0.850253101755441,0.09830763267644416,3.7951039461926216e-05
0.3,0.28,0.42,6.16,FiM,0.6825188692686427,0.10335755230149299,0.2140209161878153,0.6825188692686427,0.00010266224204896712
0.3,0.3,0.4,6.3,FiM,0.9724520242445192,0.01620263439501496,0.011315043887983461,0.9724520242445192,3.0297472482391256e-05
0.3,0.32,0.38,6.440000000000001,FiM,0.9863365789969258,0.006283044866188564,0.007369216508748678,0.9863365789969258,1.1159628136930586e-05
0.3,0.34,0.36,6.58,FiM,0.9850814615460461,0.009559779360297251,0.0053455095624571625,0.9850814615460461,1.3249531199323912e-05
0.3,0.36,0.34,6.719999999999999,FiM,0.9678610072318774,0.016513312088574733,0.015604975055891953,0.9678610072318774,2.0705623655804533e-05
0.3,0.38,0.32,6.86,FiM,0.9472819917406449,0.027523397427688556,0.025166795152894016,0.9472819917406449,2.781567877246539e-05
0.3,0.4,0.3,7.0,FiM,0.843783787266034,0.08418217925415374,0.07194751382115448,0.843783787266034,8.651965865781833e-05
0.3,0.42,0.28,7.140000000000001,FiM,0.5882875465188876,0.1172217496749863,0.29438433384674645,0.5882875465188876,0.00010636995937963589
0.3,0.44,0.26,7.28,FiM,0.7346114193440235,0.05959311118203404,0.20572652356173507,0.7346114193440235,6.894591220728963e-05
0.3,0.46,0.24,7.420000000000001,FiM,0.4522654716602156,0.23234700156050894,0.31524963531165284,0.4522654716602156,0.00013789146762283123
0.3,0.48,0.22,7.5600000000000005,FiM,0.5883714494285922,0.3105721475615299,0.10092687349992392,0.5883714494285922,0.00012952950995398117
0.3,0.5,0.2,7.699999999999999,FiM,0.8219156469980031,0.15343347052178696,0.0246007930134191,0.8219156469980031,5.008946679084864e-05
0.3,0.52,0.18,7.840000000000001,AFM,0.9396530688725803,0.9396530688725803,0.01737634883552393,0.042937929336740656,3.265295515508473e-05
0.3,0.54,0.16,7.98,AFM,0.9523936081028166,0.9523936081028166,0.012133355489769578,0.03544422409194979,2.881231546412485e-05
0.3,0.56,0.14,8.120000000000001,AFM,0.970528817212064,0.970528817212064,0.012926132873493807,0.01652412439284606,2.092552159628587e-05
0.3,0.58,0.12,8.26,AFM,0.9335765180160024,0.9335765180160024,0.03335216682604685,0.03303461811194051,3.669704601025101e-05
0.3,0.6,0.1,8.4,AFM,0.505726758748593,0.505726758748593,0.3299793662414598,0.1642027389509387,9.113605900859524e-05
0.3,0.62,0.08,8.540000000000001,AFM,0.6630184824453792,0.6630184824453792,0.1594062013862438,0.17748548218538504,8.983398299187718e-05
0.3,0.64,0.06,8.68,AFM,0.6534268569765852,0.6534268569765852,0.14905167501549763,0.19741252515270477,0.00010894285521242012
0.3,0.66,0.04,8.82,AFM,0.6096555276435638,0.6096555276435638,0.0832439201193172,0.3069790234213379,0.00012152881578090253
0.3,0.68,0.02,8.96,FiM,0.6050162118233204,0.353709919610645,0.04118318857945089,0.6050162118233204,9.067998658360387e-05
0.3,0.7,0.0,9.1,FiM,0.9299918986210459,0.05896690785548042,0.011014937567304605,0.9299918986210459,2.625595616904109e-05
0.32,0.0,0.68,4.28,FM,0.9818099100712397,0.013388231585001267,0.9818099100712397,0.004789760600735337,1.2097743023619418e-05
0.32,0.02,0.66,4.42,FM,0.8848979375395855,0.06105255894056108,0.8848979375395855,0.05399504410974825,5.445941010518468e-05
0.32,0.04,0.64,4.5600000000000005,FM,0.5668590113159176,0.16078706906248683,0.5668590113159176,0.272189400430821,0.00016451919077457736
0.32,0.06,0.62,4.7,FM,0.5267994975359452,0.2980334840302152,0.5267994975359452,0.174988993789263,0.00017802464457651094
0.32,0.08,0.6,4.84,FM,0.4292516199839877,0.3850578418199516,0.4292516199839877,0.18552403362934253,0.00016650456671816696
0.32,0.1,0.58,4.98,AFM,0.6868429886986606,0.6868429886986606,0.11119278644654779,0.20187726150043095,8.696335436071734e-05
0.32,0.12,0.56,5.120000000000001,AFM,0.8304022843068091,0.8304022843068091,0.05913110048075629,0.11039639986459515,7.021534783953339e-05
0.32,0.14,0.54,5.260000000000001,AFM,0.8948576722012289,0.8948576722012289,0.0318882911407929,0.07320768141309363,4.635524488446312e-05
0.32,0.16,0.52,5.4,AFM,0.9568249001249178,0.9568249001249178,0.016184035611547905,0.026966335431735045,2.4728831799246158e-05
0.32,0.18,0.5,5.54,AFM,0.9615384634890018,0.9615384634890018,0.015691706971625023,0.02274445418146624,2.5375357906961863e-05
0.32,0.2,0.48,5.68,AFM,0.5646643728599975,0.5646643728599975,0.3347594770409465,0.1004809721943246,9.517790473138555e-05
0.32,0.22,0.46,5.82,FM,0.5416150099716117,0.36353695869451963,0.5416150099716117,0.09476452514701134,8.350618685733784e-05
0.32,0.24,0.44,5.960000000000001,FM,0.4496852447405925,0.32984804067649737,0.4496852447405925,0.22037171028833824,9.500429457176481e-05
0.32,0.26,0.42,6.1,FiM,0.5384368878758617,0.2017256560254842,0.25973800542568376,0.5384368878758617,9.945067297029901e-05
0.32,0.28,0.4,6.240000000000001,FiM,0.9363351919927596,0.04334526132982498,0.02028044472382235,0.9363351919927596,3.910195359308674e-05
0.32,0.3,0.38,6.380000000000001,FiM,0.9916762869717661,0.005331129627312418,0.002985662971367675,0.9916762869717661,6.920429553774458e-06
0.32,0.32,0.36,6.5200000000000005,FiM,0.9866867226451923,0.009200559714825382,0.004102683436494647,0.9866867226451923,1.0034203487613718e-05
0.32,0.34,0.34,6.66,FiM,0.9926068728389761,0.005554528066303642,0.0018323538962520878,0.9926068728389761,6.2451984681838255e-06
0.32,0.36,0.32,6.8,FiM,0.988755729047057,0.005093631469016808,0.006142761835683413,0.988755729047057,7.87764824261051e-06
0.32,0.38,0.3,6.9399999999999995,FiM,0.9628451252387944,0.02098798271587706,0.016148021473125666,0.9628451252387944,1.8870572202790975e-05
0.32,0.4,0.28,7.08,FiM,0.837231393945377,0.07418577079869,0.08850484355484887,0.837231393945377,7.799170108423332e-05
0.32,0.42,0.26,7.220000000000001,FiM,0.6430546924960391,0.09082422443385674,0.2660248454703595,0.6430546924960391,9.623759974473558e-05
0.32,0.44,0.24,7.36,FiM,0.4512642795671427,0.12630760422409437,0.42229545881960373,0.4512642795671427,0.00013265738915903383
0.32,0.46,0.22,7.500000000000001,AFM,0.4354433890671645,0.4354433890671645,0.23182331607905735,0.33261663193314356,0.00011666292063464025
0.32,0.48,0.2,7.640000000000001,AFM,0.5974902242192672,0.5974902242192672,0.09405860696703175,0.30834010048872335,0.00011106832497767899
0.32,0.5,0.18,7.78,AFM,0.9361098087292826,0.9361098087292826,0.017637877483740648,0.0462135979615063,3.871582547042295e-05
0.32,0.52,0.16,7.92,AFM,0.9773752800443384,0.9773752800443384,0.006503020290349688,0.016103739595140103,1.7960070171857187e-05
0.32,0.54,0.14,8.06,AFM,0.9778622481399837,0.9778622481399837,0.005914497779418347,0.016204785530031577,1.8468550566332237e-05
0.32,0.56,0.12,8.200000000000001,AFM,0.9414464096126166,0.9414464096126166,0.01765843544829481,0.0408631359300987,3.201900898976873e-05
0.32,0.58,0.1,8.34,AFM,0.8221506810504503,0.8221506810504503,0.038628794295741085,0.13917078688048606,4.9737773322346916e-05
0.32,0.6,0.08,8.48,AFM,0.6459421561030584,0.6459421561030584,0.15568645396234612,0.19828517453244382,8.621540215176496e-05
0.32,0.62,0.06,8.620000000000001,AFM,0.6569154774150084,0.6569154774150084,0.1102598803011646,0.23272785829231846,9.678399150854469e-05
0.32,0.64,0.04,8.76,AFM,0.5489165441884087,0.5489165441884087,0.06688352185529853,0.38410583065957327,9.41032967195171e-05
0.32,0.66,0.02,8.9,FiM,0.7979262014540023,0.1772184477728009,0.02479862986568362,0.7979262014540023,5.6720907513225516e-05
0.32,0.68,0.0,9.040000000000001,FiM,0.9644422303180666,0.02918026357626576,0.00636050789930216,0.9644422303180666,1.6998206365547415e-05
0.34,0.0,0.66,4.36,FM,0.9607877011358862,0.018568603777356512,0.9607877011358862,0.020621011524846668,2.2683561910526e-05
0.34,0.02,0.64,4.5,FiM,0.42581975082064727,0.27927955933374843,0.29473502935581797,0.42581975082064727,0.0001656604897864163
0.34,0.04,0.62,4.640000000000001,AFM,0.4984786470011498,0.4984786470011498,0.2819457444775735,0.21940370563924413,0.00017190288203279414
0.34,0.06,0.6,4.78,AFM,0.5599938558924691,0.5599938558924691,0.2076603509608671,0.23218210211812743,0.00016369102853646268
0.34,0.08,0.58,4.92,FiM,0.47060546554446725,0.36474176134295466,0.16450732179499403,0.47060546554446725,0.00014545131758390077
0.34,0.1,0.56,5.0600000000000005,AFM,0.488191852131002,0.488191852131002,0.14118892679029615,0.3704931779764047,0.00012604310229708313
0.34,0.12,0.54,5.2,AFM,0.5906911887551344,0.5906911887551344,0.10223065519870926,0.30696763352038064,0.00011052252577570518
0.34,0.14,0.52,5.34,AFM,0.7839769829792373,0.7839769829792373,0.05828117210711991,0.1576656423923726,7.620252127022702e-05
0.34,0.16,0.5,5.48,AFM,0.9491784548768759,0.9491784548768759,0.016119549523958894,0.03467360150502981,2.8394094135449232e-05
0.34,0.18,0.48,5.619999999999999,AFM,0.8983532770482406,0.8983532770482406,0.04963223925787551,0.051977811043873515,3.667265001032944e-05
0.34,0.2,0.46,5.760000000000001,AFM,0.8359049242035785,0.8359049242035785,0.07930503913814294,0.08473543345358125,5.4603204697339156e-05
0.34,0.22,0.44,5.9,AFM,0.4434350691779365,0.4434350691779365,0.37641001262941604,0.18004751724457324,0.00010740094807421699
0.34,0.24,0.42,6.04,FiM,0.4305155018118364,0.3214811076205399,0.24790701282217442,0.4305155018118364,9.637774544940267e-05
0.34,0.26,0.4,6.180000000000001,FiM,0.4870560061885348,0.25564544530693517,0.2571927014528352,0.4870560061885348,0.00010584705169504749
0.34,0.28,0.38,6.32,FiM,0.9566774021580631,0.029370439188979545,0.013933883043526088,0.9566774021580631,1.827560943137289e-05
0.34,0.3,0.36,6.460000000000001,FiM,0.973977885353993,0.014933779173903738,0.011075137884998034,0.973977885353993,1.3197587105175454e-05
0.34,0.32,0.34,6.6,FiM,0.9939309500473558,0.003604032203035898,0.0024595530491974475,0.9939309500473558,5.4647004107838536e-06
0.34,0.34,0.32,6.740000000000001,FiM,0.9924757302532762,0.00507725313296465,0.002439245600107657,0.9924757302532762,7.771013651612251e-06
0.34,0.36,0.3,6.880000000000001,FiM,0.9776682980610473,0.009923987487920359,0.012395269079718345,0.9776682980610473,1.2445371314195427e-05
0.34,0.38,0.28,7.02,FiM,0.980068987444314,0.00699360916904162,0.012927586490344848,0.980068987444314,9.816896299445945e-06
0.34,0.4,0.26,7.160000000000001,FiM,0.7823124373064511,0.04468676661462032,0.1729431610314796,0.7823124373064511,5.7635047449085927e-05
0.34,0.42,0.24,7.3,FiM,0.8479587199593989,0.034145750193750886,0.11783610168433628,0.8479587199593989,5.9428162514005814e-05
0.34,0.44,0.22,7.440000000000001,FM,0.6202511604988747,0.14519286126217174,0.6202511604988747,0.23444663340523014,0.00010934483372351511
0.34,0.46,0.2,7.58,AFM,0.5507110767436624,0.5507110767436624,0.16727617244254786,0.28187519425675467,0.00013755655703518458
0.34,0.48,0.18,7.72,AFM,0.77369889711357,0.77369889711357,0.045932011671241335,0.18029944077724822,6.965043794052984e-05
0.34,0.5,0.16,7.860000000000001,AFM,0.9809794939579777,0.9809794939579777,0.006260645155777633,0.012741123928024779,1.8736958219881068e-05
0.34,0.52,0.14,8.0,AFM,0.9303343416802342,0.9303343416802342,0.014289839629190313,0.0553423304946809,3.348819589447214e-05
0.34,0.54,0.12,8.14,AFM,0.9440239789600913,0.9440239789600913,0.016069255234568196,0.03987586252292525,3.09032824152367e-05
0.34,0.56,0.1,8.280000000000001,AFM,0.8427925850877999,0.8427925850877999,0.022737039970544996,0.13442911466458474,4.126027707045236e-05
0.34,0.58,0.08,8.42,AFM,0.6690088869482035,0.6690088869482035,0.09265619190417797,0.2382714808783412,6.344026927733425e-05
0.34,0.6,0.06,8.56,AFM,0.576271115468471,0.576271115468471,0.09532192574552693,0.32832157721375027,8.538157225168122e-05
0.34,0.62,0.04,8.7,FiM,0.6130171271963841,0.33695045255015704,0.0499513773116532,0.6130171271963841,8.10429418056367e-05
0.34,0.64,0.02,8.840000000000002,FiM,0.8142029952949609,0.15364044369747823,0.032087937144996685,0.8142029952949609,6.862386256425788e-05
0.34,0.66,0.0,8.98,FiM,0.9614744978794039,0.03253787197954927,0.005968453528769105,0.9614744978794039,1.917661227768111e-05
0.36,0.0,0.64,4.4399999999999995,FiM,0.7551596008783372,0.0900293126179887,0.15470851848614284,0.7551596008783372,0.0001025680175313155
0.36,0.02,0.62,4.58,FiM,0.462274066749758,0.27167813887766323,0.265860567150916,0.462274066749758,0.0001872272216626948
0.36,0.04,0.6,4.72,FiM,0.45902128935655984,0.31010526947756817,0.2306952217792607,0.45902128935655984,0.00017821938661137664
0.36,0.06,0.58,4.859999999999999,FiM,0.5184491711465172,0.29866369370276064,0.1827306958704567,0.5184491711465172,0.00015643928026547166
0.36,0.08,0.56,5.0,FiM,0.5624263605926805,0.2804004233204159,0.15705788193147316,0.5624263605926805,0.00011533415543037241
0.36,0.1,0.54,5.140000000000001,FiM,0.5897333767834032,0.3068352661789933,0.10331979637482765,0.5897333767834032,0.00011156066277578527
0.36,0.12,0.52,5.279999999999999,FiM,0.5466288333494318,0.3625046307864778,0.09075049713662474,0.5466288333494318,0.00011603872746560332
0.36,0.14,0.5,5.42,AFM,0.48541465843803644,0.48541465843803644,0.07289612834176006,0.44158193728994066,0.00010727593026276425
0.36,0.16,0.48,5.5600000000000005,AFM,0.77691513679602,0.77691513679602,0.04963896448653322,0.17337413210779756,7.176660964927954e-05
0.36,0.18,0.46,5.7,AFM,0.6721158376930586,0.6721158376930586,0.1267555652637462,0.20105266956198142,7.59274812136976e-05
0.36,0.2,0.44,5.84,AFM,0.7851260105004262,0.7851260105004262,0.11493651542520791,0.0998860230997229,5.1450974643058985e-05
0.36,0.22,0.42,5.98,AFM,0.6544692585779393,0.6544692585779393,0.17604341567647452,0.16942234592656194,6.497981902419905e-05
0.36,0.24,0.4,6.12,AFM,0.3615454621826746,0.3615454621826746,0.3228181236554593,0.3155573369190163,7.907724284979938e-05
0.36,0.26,0.38,6.26,AFM,0.3504622683196816,0.3504622683196816,0.33332196007753645,0.3161193496809639,9.642192181812651e-05
0.36,0.28,0.36,6.4,FiM,0.8208746923532915,0.07410200240170839,0.10497078724999592,0.8208746923532915,5.251799500435361e-05
0.36,0.3,0.34,6.539999999999999,FiM,0.9382027263171552,0.014303473994744326,0.04747300114381867,0.9382027263171552,2.079854428190205e-05
0.36,0.32,0.32,6.680000000000001,FiM,0.9640229856314051,0.010630067841903896,0.025329299015759792,0.9640229856314051,1.764751093123263e-05
0.36,0.34,0.3,6.82,FiM,0.9612517391393508,0.009857762627592827,0.028871222977178885,0.9612517391393508,1.9275255877462035e-05
0.36,0.36,0.28,6.959999999999999,FiM,0.9469073539605739,0.010347015569515096,0.04273142840160446,0.9469073539605739,1.4202068306683225e-05
0.36,0.38,0.26,7.1000000000000005,FiM,0.8413211224952218,0.029115621395193136,0.12951689547192044,0.8413211224952218,4.6360637664600156e-05
0.36,0.4,0.24,7.239999999999999,FiM,0.6133541966230245,0.0383773805333817,0.3482084083858797,0.6133541966230245,6.0014457714092775e-05
0.36,0.42,0.22,7.380000000000001,FM,0.6546759965176895,0.09656175918977523,0.6546759965176895,0.24865732785105082,0.00010491644148437432
0.36,0.44,0.2,7.52,AFM,0.5373067388403946,0.5373067388403946,0.3626914595084336,0.09991467220016015,8.71294510115966e-05
0.36,0.46,0.18,7.660000000000001,AFM,0.7550601508597224,0.7550601508597224,0.04066045304439603,0.2042160051485514,6.339094733014199e-05
0.36,0.48,0.16,7.800000000000001,AFM,0.9817895691586302,0.9817895691586302,0.006148345754519054,0.012044221964595621,1.7863122254978407e-05
0.36,0.5,0.14,7.9399999999999995,AFM,0.9343466885208501,0.9343466885208501,0.014186960086455636,0.05143446974445747,3.188164823677012e-05
0.36,0.52,0.12,8.08,AFM,0.9339788037410804,0.9339788037410804,0.0073008404827656385,0.05869659466449558,2.3761111658529097e-05
0.36,0.54,0.1,8.22,AFM,0.8409125486980612,0.8409125486980612,0.019493649746732344,0.1395543349753837,3.946657982278534e-05
0.36,0.56,0.08,8.360000000000001,AFM,0.7215497962904666,0.7215497962904666,0.06876030235513679,0.20962045959800185,6.944175639468899e-05
0.36,0.58,0.06,8.5,AFM,0.4694626825254567,0.4694626825254567,0.07087591021988403,0.45957378269012644,8.762456453293712e-05
0.36,0.6,0.04,8.639999999999999,FiM,0.6202953100241321,0.347894463097069,0.031721302486836904,0.6202953100241321,8.892439196205594e-05
0.36,0.62,0.02,8.780000000000001,FiM,0.7734793154121626,0.2096413937071415,0.016802967871656898,0.7734793154121626,7.632300903900795e-05
0.36,0.64,0.0,8.92,FiM,0.94764177732268,0.046574935272196756,0.005761965774429576,0.94764177732268,2.1321630693574092e-05
0.38,0.0,0.62,4.52,FiM,0.9851912453633341,0.004658965728320943,0.01014089703073853,0.9851912453633341,8.89187760638429e-06
0.38,0.02,0.6,4.66,FiM,0.9763979386543019,0.008744459023877188,0.014843724139191892,0.9763979386543019,1.387818262907796e-05
0.38,0.04,0.58,4.8,FiM,0.977709211671637,0.009895646902775973,0.012381052442133573,0.977709211671637,1.4088983453463022e-05
0.38,0.06,0.56,4.94,FiM,0.9864509506668203,0.008272377765783443,0.005266291663671014,0.9864509506668203,1.0379903725178635e-05
0.38,0.08,0.54,5.08,FiM,0.9850668109306291,0.00838009776599269,0.0065444066796640854,0.9850668109306291,8.684623714137379e-06
0.38,0.1,0.52,5.220000000000001,FiM,0.9916306619949636,0.004959592073518867,0.0034036223541894536,0.9916306619949636,6.1235773279710984e-06
0.38,0.12,0.5,5.36,FiM,0.9914949037469227,0.00451050528309045,0.003988010624247644,0.9914949037469227,6.5803457390809665e-06
0.38,0.14,0.48,5.5,FiM,0.9736404497613653,0.01818990311535226,0.008156854215529977,0.9736404497613653,1.2792907752506506e-05
0.38,0.16,0.46,5.64,FiM,0.9484628303984295,0.041378561170805975,0.01014255742128948,0.9484628303984295,1.605100947522945e-05
0.38,0.18,0.44,5.78,FiM,0.9012716221010176,0.0646424639942375,0.03406551586797362,0.9012716221010176,2.0398036771273228e-05
0.38,0.2,0.42,5.92,FiM,0.827416851520903,0.10776953614951182,0.06478641569931343,0.827416851520903,2.7196630271753305e-05
0.38,0.22,0.4,6.0600000000000005,FiM,0.6810119308901953,0.22765840314278213,0.09128766939538488,0.6810119308901953,4.1996571637792964e-05
0.38,0.24,0.38,6.200000000000001,FiM,0.46102937146748735,0.2927200137366556,0.24619283280093476,0.46102937146748735,5.778199492225513e-05
0.38,0.26,0.36,6.34,FiM,0.7408197047284588,0.09084458729233504,0.1682765541974055,0.7408197047284588,5.9153781800741035e-05
0.38,0.28,0.34,6.48,FiM,0.8238231781899917,0.040147116327058155,0.13597814689574084,0.8238231781899917,5.155858720938765e-05
0.38,0.3,0.32,6.62,FiM,0.8657789608105666,0.02641806102222129,0.10776023805976073,0.8657789608105666,4.274010745125356e-05
0.38,0.32,0.3,6.76,FiM,0.9276861930397566,0.013263144743375116,0.059020358502556554,0.9276861930397566,3.0303714311818616e-05
0.38,0.34,0.28,6.9,FiM,0.8827397555349697,0.008828260521179172,0.10840363885535848,0.8827397555349697,2.834508849266273e-05
0.38,0.36,0.26,7.04,FiM,0.7620836995061838,0.007141614529764143,0.2307449427486832,0.7620836995061838,2.974321536889865e-05
0.38,0.38,0.24,7.18,FiM,0.6206612908445344,0.01011918003982952,0.3691823131027941,0.6206612908445344,3.72160128419853e-05
0.38,0.4,0.22,7.32,FM,0.5094277090828818,0.02094232464099557,0.5094277090828818,0.46956638275753254,6.358351859016536e-05
0.38,0.42,0.2,7.460000000000001,FM,0.8123546024652581,0.07460085403498642,0.8123546024652581,0.11297536399645101,6.917950330446634e-05
0.38,0.44,0.18,7.6000000000000005,FiM,0.38519947885423117,0.30818924221506355,0.3064166509129499,0.38519947885423117,0.0001946280177554069
0.38,0.46,0.16,7.74,FiM,0.6562692789044935,0.3188528683133371,0.02481861403026868,0.6562692789044935,5.92387519008142e-05
0.38,0.48,0.14,7.88,AFM,0.5538740842744859,0.5538740842744859,0.03573640015847911,0.41031925135226827,7.026421476665234e-05
0.38,0.5,0.12,8.02,FiM,0.7363670252307621,0.25008679240757414,0.013503660203864825,0.7363670252307621,4.252215779885796e-05
0.38,0.52,0.1,8.16,FiM,0.6724298964879206,0.3042511955589323,0.02326037882409157,0.6724298964879206,5.852912905563349e-05
0.38,0.54,0.08,8.3,FiM,0.6221866780775923,0.35034155455782456,0.027396512194807425,0.6221866780775923,7.525516977580605e-05
0.38,0.56,0.06,8.440000000000001,FiM,0.9153955910800541,0.06186767346373475,0.02268071050695637,0.9153955910800541,5.602494925470974e-05
0.38,0.58,0.04,8.58,FiM,0.9719395586112701,0.019517358572153514,0.008519333743843007,0.9719395586112701,2.3749072733285868e-05
0.38,0.6,0.02,8.72,FiM,0.9851451577303225,0.010960437051104494,0.0038772757984572538,0.9851451577303225,1.7129420115854528e-05
0.38,0.62,0.0,8.86,FiM,0.9954199350084081,0.0033937035359932915,0.0011793370874941648,0.9954199350084081,7.024368104310927e-06
0.4,0.0,0.6,4.6,FiM,0.9867228172672481,0.005226853840676231,0.008040729779468637,0.9867228172672481,9.599112607049888e-06
0.4,0.02,0.58,4.74,FiM,0.9834062352374083,0.00869348177156673,0.007887680666266066,0.9834062352374083,1.2602324758869095e-05
0.4,0.04,0.56,4.880000000000001,FiM,0.9818635170498561,0.010623638172723831,0.007497911827189584,0.9818635170498561,1.4932950230526695e-05
0.4,0.06,0.54,5.0200000000000005,FiM,0.9850352375751167,0.00916656661737782,0.005788132005682655,0.9850352375751167,1.006380182279562e-05
0.4,0.08,0.52,5.16,FiM,0.9925405640591622,0.005637008775624996,0.0018165547838281512,0.9925405640591622,5.872381384570359e-06
0.4,0.1,0.5,5.300000000000001,FiM,0.9946537540473841,0.0036325758713435454,0.0017081100822803322,0.9946537540473841,5.559998991815763e-06
0.4,0.12,0.48,5.4399999999999995,FiM,0.9854831147110663,0.008192487445042732,0.006314725072826888,0.9854831147110663,9.672771064040558e-06
0.4,0.14,0.46,5.58,FiM,0.9795911125746216,0.01215844230836315,0.008239375761292087,0.9795911125746216,1.1069355722954702e-05
0.4,0.16,0.44,5.720000000000001,FiM,0.8757877834888619,0.05878262435828107,0.06540307659115698,0.8757877834888619,2.6515561700153982e-05
0.4,0.18,0.42,5.859999999999999,FiM,0.8505145525219593,0.07397901234049425,0.07547996114313618,0.8505145525219593,2.6473994410398926e-05
0.4,0.2,0.4,6.000000000000001,FiM,0.8347056318535507,0.08002612891503633,0.08524264413361063,0.8347056318535507,2.5595097802124294e-05
0.4,0.22,0.38,6.140000000000001,FiM,0.6167876968578512,0.13391907217289903,0.24925061084581512,0.6167876968578512,4.2620123434744334e-05
0.4,0.24,0.36,6.28,FiM,0.5179698612362869,0.06005028623156946,0.4219371151120367,0.5179698612362869,4.273742010699966e-05
0.4,0.26,0.34,6.42,FM,0.5701388846946326,0.06092472683514144,0.5701388846946326,0.3688819078650226,5.448060520336363e-05
0.4,0.28,0.32,6.5600000000000005,FiM,0.7900258674707078,0.02166441083906046,0.18827177964301067,0.7900258674707078,3.794204722106628e-05
0.4,0.3,0.3,6.700000000000001,FiM,0.8815516083388071,0.010074167380972528,0.10835264932765737,0.8815516083388071,2.157495256304007e-05
0.4,0.32,0.28,6.84,FiM,0.7978466744524989,0.010294070835056538,0.19183552772133064,0.7978466744524989,2.372699111391609e-05
0.4,0.34,0.26,6.980000000000001,FM,0.5547821522982463,0.009761148689206167,0.5547821522982463,0.4354304417979589,2.6257214588433265e-05
0.4,0.36,0.24,7.12,FM,0.674705178644395,0.008167461109993494,0.674705178644395,0.317101754160425,2.560608518642252e-05
0.4,0.38,0.22,7.26,FM,0.7842719746573344,0.018145947652948125,0.7842719746573344,0.19754550612950356,3.657156021378266e-05
0.4,0.4,0.2,7.4,FM,0.9469596163013172,0.012151161038356468,0.9469596163013172,0.04086099540218792,2.822725813826247e-05
0.4,0.42,0.18,7.54,FM,0.49485543526978354,0.29084522256546425,0.49485543526978354,0.2141829961688146,0.0001163459959376589
0.4,0.44,0.16,7.6800000000000015,FiM,0.5476687259679789,0.2373053653056367,0.2149311168362524,0.5476687259679789,9.479189013205955e-05
0.4,0.46,0.14,7.82,AFM,0.5072172647408325,0.5072172647408325,0.06201903931794525,0.43068604790928994,7.764803193227181e-05
0.4,0.48,0.12,7.96,FiM,0.5560986746384193,0.40980175052686796,0.03401834642523204,0.5560986746384193,8.122840948078629e-05
0.4,0.5,0.1,8.100000000000001,AFM,0.5138845646628977,0.5138845646628977,0.021097766974229305,0.4649388028844441,7.886547842896052e-05
0.4,0.52,0.08,8.24,FiM,0.6174610783759754,0.3602534791259311,0.02221494012352104,0.6174610783759754,7.050237457249838e-05
0.4,0.54,0.06,8.38,FiM,0.8909521225295349,0.09167062587655386,0.01731479085577054,0.8909521225295349,6.24607381407447e-05
0.4,0.56,0.04,8.52,FiM,0.9643299504810967,0.025098795003529982,0.010538689656970471,0.9643299504810967,3.2564858402820297e-05
0.4,0.58,0.02,8.66,FiM,0.9744458451530543,0.019366333995354534,0.0061604440210327165,0.9744458451530543,2.7376830558622566e-05
0.4,0.6,0.0,8.8,FiM,0.9889501936460958,0.007855684983434195,0.0031790410589100783,0.9889501936460958,1.5080311559972985e-05
0.42,0.0,0.58,4.68,FiM,0.9585910280905248,0.03325979525674871,0.008130116357514915,0.9585910280905248,1.9060295211520906e-05
0.42,0.02,0.56,4.82,FiM,0.9767309474689417,0.013508444505459665,0.009742689492048432,0.9767309474689417,1.791853355020858e-05
0.42,0.04,0.54,4.96,FiM,0.9748858231046782,0.016376246183793457,0.00872007620906159,0.9748858231046782,1.7854502466782166e-05
0.42,0.06,0.52,5.1,FiM,0.9792236374010395,0.012834242599015751,0.00792941813847736,0.9792236374010395,1.2701861467403271e-05
0.42,0.08,0.5,5.24,FiM,0.9917791684885644,0.006416808455950077,0.0017976554200108258,0.9917791684885644,6.3676354746785864e-06
0.42,0.1,0.48,5.38,FiM,0.9883307959096593,0.007493765060543198,0.004165371253132862,0.9883307959096593,1.0067776664641403e-05
0.42,0.12,0.46,5.52,FiM,0.9851324292176801,0.007746433130452531,0.007110986174549892,0.9851324292176801,1.015147731750399e-05
0.42,0.14,0.44,5.66,FiM,0.9701560310160781,0.015429995798832426,0.014396796222300874,0.9701560310160781,1.7176962788696725e-05
0.42,0.16,0.42,5.8,FiM,0.8893825600750843,0.030563575520899663,0.0800302508147948,0.8893825600750843,2.3613589221255374e-05
0.42,0.18,0.4,5.94,FiM,0.9042837300386395,0.02513153385660821,0.07056646898561915,0.9042837300386395,1.826711913301981e-05
0.42,0.2,0.38,6.08,FiM,0.850517422640925,0.04579961627311035,0.10366140656467014,0.850517422640925,2.155452129439475e-05
0.42,0.22,0.36,6.220000000000001,FiM,0.5806492449665774,0.09505712337052255,0.32424802296206523,0.5806492449665774,4.5608700834872294e-05
0.42,0.24,0.34,6.359999999999999,FM,0.7440576035796242,0.04190605811308524,0.7440576035796242,0.21399836016718318,3.797814010725496e-05
0.42,0.26,0.32,6.5,FM,0.6928992929200135,0.025901107762008282,0.6928992929200135,0.2811647072501755,3.489206780265842e-05
0.42,0.28,0.3,6.640000000000001,FiM,0.49499507176347846,0.01270544383271396,0.49226834373072087,0.49499507176347846,3.114067308682487e-05
0.42,0.3,0.28,6.779999999999999,FiM,0.5440299903576659,0.011249565107947718,0.4446909953487235,0.5440299903576659,2.9449185663045087e-05
0.42,0.32,0.26,6.920000000000001,FM,0.5682926559677176,0.008412009320027163,0.5682926559677176,0.42327051080280514,2.4823909450113016e-05
0.42,0.34,0.24,7.06,FM,0.6397425133448539,0.014853994649787532,0.6397425133448539,0.3453692855415119,3.4206463846670326e-05
0.42,0.36,0.22,7.199999999999999,FM,0.7597142001553553,0.03543322242253728,0.7597142001553553,0.20480758976030883,4.498766179873823e-05
0.42,0.38,0.2,7.34,FM,0.7168264358803812,0.051238771003407416,0.7168264358803812,0.2318834513426536,5.134177355784432e-05
0.42,0.4,0.18,7.4799999999999995,FM,0.5778336184479824,0.19830131131528334,0.5778336184479824,0.22374703547431937,0.0001180347624149186
0.42,0.42,0.16,7.620000000000001,FM,0.39706059009375383,0.3661494088969101,0.39706059009375383,0.23666342103816376,0.00012657997117242046
0.42,0.44,0.14,7.76,AFM,0.48008834656264665,0.48008834656264665,0.07422455507751018,0.4455976829788197,8.941538102355523e-05
0.42,0.46,0.12,7.900000000000001,AFM,0.559876786560521,0.559876786560521,0.1461386533448344,0.2938920596872318,9.250040741275273e-05
0.42,0.48,0.1,8.040000000000001,AFM,0.5976632762130027,0.5976632762130027,0.09757472417965314,0.30467707839079367,8.492121655043615e-05
0.42,0.5,0.08,8.18,FiM,0.5889809802097077,0.39316963374533637,0.017772609897059827,0.5889809802097077,7.677614789609245e-05
0.42,0.52,0.06,8.32,FiM,0.8424090081556497,0.1360820786511207,0.0214348571061966,0.8424090081556497,7.405608703285626e-05
0.42,0.54,0.04,8.459999999999999,FiM,0.9617679968413747,0.025398499623641695,0.01279282333549442,0.9617679968413747,4.0680199489129687e-05
0.42,0.56,0.02,8.600000000000001,FiM,0.9704899269395726,0.02199906756199458,0.007477353385166338,0.9704899269395726,3.365211326659959e-05
0.42,0.58,0.0,8.74,FiM,0.9874351220244162,0.00958344066132538,0.002967666344503133,0.9874351220244162,1.3770969755226613e-05
0.44,0.0,0.56,4.76,FiM,0.9290002483335117,0.05924375090078984,0.011726371636987438,0.9290002483335117,2.962912871109557e-05
0.44,0.02,0.54,4.9,FiM,0.9674341634451058,0.020458704359642983,0.012083237247692807,0.9674341634451058,2.3894947558423668e-05
0.44,0.04,0.52,5.04,FiM,0.9634303437936559,0.022298225913219703,0.014248901344681356,0.9634303437936559,2.2528948443022953e-05
0.44,0.06,0.5,5.18,FiM,0.960511516076853,0.02575279797360574,0.013713384949397767,0.960511516076853,2.2301000143440688e-05
0.44,0.08,0.48,5.32,FiM,0.9741495578798582,0.01802223541025691,0.007810954527258287,0.9741495578798582,1.7252182626568626e-05
0.44,0.1,0.46,5.46,FiM,0.9831487922504243,0.009747924579535416,0.007089594657765145,0.9831487922504243,1.3688512275047768e-05
0.44,0.12,0.44,5.6000000000000005,FiM,0.9712175442852947,0.01250118900565503,0.01626383350772321,0.9712175442852947,1.7433201326955216e-05
0.44,0.14,0.42,5.74,FiM,0.9341099248148046,0.021235598873165888,0.044626706539757484,0.9341099248148046,2.776977227211304e-05
0.44,0.16,0.4,5.88,FiM,0.9037389469676803,0.022790124735908295,0.07345239947483727,0.9037389469676803,1.8528821574069396e-05
0.44,0.18,0.38,6.02,FiM,0.9140176213341431,0.01921544716087927,0.06674918085259182,0.9140176213341431,1.7750652385837007e-05
0.44,0.2,0.36,6.16,FiM,0.7328761146130669,0.055988790616343286,0.21110606290270742,0.7328761146130669,2.9031867882476684e-05
0.44,0.22,0.34,6.300000000000001,FM,0.6621597430768706,0.035205675473512756,0.6621597430768706,0.3026036821503938,3.089929922281045e-05
0.44,0.24,0.32,6.44,FM,0.7350244270051631,0.040236305301377874,0.7350244270051631,0.22470301357966666,3.625411379229354e-05
0.44,0.26,0.3,6.58,FM,0.5205568874328608,0.012881886733249411,0.5205568874328608,0.4665332949345795,2.7930899310212388e-05
0.44,0.28,0.28,6.720000000000001,FiM,0.571293446187204,0.008087776826781329,0.42059304709338746,0.571293446187204,2.5729892627223307e-05
0.44,0.3,0.26,6.86,FM,0.5271559312581795,0.008799901782822696,0.5271559312581795,0.46401929593619173,2.487102280608057e-05
0.44,0.32,0.24,7.0,FM,0.7428530605757414,0.02506695588987721,0.7428530605757414,0.23204230632116288,3.767721321843526e-05
0.44,0.34,0.22,7.140000000000001,FM,0.710685389284928,0.03171313583036797,0.710685389284928,0.25756013544983053,4.1339434873436034e-05
0.44,0.36,0.2,7.279999999999999,FM,0.6968806366652232,0.05626602952094128,0.6968806366652232,0.2468035286326285,4.980518120699856e-05
0.44,0.38,0.18,7.42,FM,0.6027136445912821,0.09698349551519174,0.6027136445912821,0.30019852547191,0.00010433442161626624
0.44,0.4,0.16,7.5600000000000005,FM,0.42264973821533797,0.19025692735174665,0.42264973821533797,0.3869769103322792,0.00011642410063617166
0.44,0.42,0.14,7.7,FiM,0.458042139076429,0.4366331743732327,0.10518957923947611,0.458042139076429,0.00013510731086231826
0.44,0.44,0.12,7.840000000000001,AFM,0.7347539171703613,0.7347539171703613,0.12311900884204778,0.14204438245710566,8.269153048536707e-05
0.44,0.46,0.1,7.98,AFM,0.6681652479501801,0.6681652479501801,0.1120319762240586,0.21971403261500677,8.874321075459611e-05
0.44,0.48,0.08,8.12,AFM,0.571870162347285,0.571870162347285,0.13023745602266673,0.29776789362356676,0.00012448800648139034
0.44,0.5,0.06,8.26,FiM,0.7546384953027736,0.21270247913894244,0.03256333680718602,0.7546384953027736,9.568875109785674e-05
0.44,0.52,0.04,8.4,FiM,0.9253912586360404,0.04830182069925461,0.026243362869040623,0.9253912586360404,6.35577956643607e-05
0.44,0.54,0.02,8.540000000000001,FiM,0.9610508847427726,0.026637657298993596,0.012271919379779889,0.9610508847427726,3.9538578454020144e-05
0.44,0.56,0.0,8.68,FiM,0.9823359652083117,0.006817834289399639,0.01084025189725854,0.9823359652083117,5.948605030038039e-06
0.46,0.0,0.54,4.84,FiM,0.8785736550540114,0.10251340161698887,0.01887071322551499,0.8785736550540114,4.223010348462969e-05
0.46,0.02,0.52,4.98,FiM,0.9585784425563494,0.026774405924063344,0.014621345941117815,0.9585784425563494,2.580557846943227e-05
0.46,0.04,0.5,5.12,FiM,0.9512192826019773,0.030304804567701158,0.01844715090807195,0.9512192826019773,2.876192224953096e-05
0.46,0.06,0.48,5.26,FiM,0.9498707788520976,0.025308238066743136,0.024791006441314694,0.9498707788520976,2.9976639844491327e-05
0.46,0.08,0.46,5.4,FiM,0.9774978025167924,0.013748720779126554,0.008734725414470427,0.9774978025167924,1.875128961052679e-05
0.46,0.1,0.44,5.540000000000001,FiM,0.9785030292223613,0.012053942891522857,0.009426783159974488,0.9785030292223613,1.624472614136966e-05
0.46,0.12,0.42,5.68,FiM,0.9672364226980854,0.012240327825768681,0.020507256628570263,0.9672364226980854,1.5992847575664098e-05
0.46,0.14,0.4,5.82,FiM,0.9257852948324642,0.01805836884635513,0.05613112622940883,0.9257852948324642,2.5210091771885414e-05
0.46,0.16,0.38,5.960000000000001,FiM,0.9474034450432446,0.017716792530391958,0.03486041333178756,0.9474034450432446,1.934909457590594e-05
0.46,0.18,0.36,6.1,FiM,0.8746433246925694,0.02468226203228678,0.10065173018063786,0.8746433246925694,2.2683094505918132e-05
0.46,0.2,0.34,6.24,FiM,0.7313998184957482,0.04488083565200056,0.22368702849674948,0.7313998184957482,3.231735550183034e-05
0.46,0.22,0.32,6.38,FM,0.5701445552323847,0.052640323866063925,0.5701445552323847,0.3771764493381563,3.8671563394916816e-05
0.46,0.24,0.3,6.52,FM,0.616772924777473,0.03243260337417655,0.616772924777473,0.35075978923279194,3.468261555838107e-05
0.46,0.26,0.28,6.66,FM,0.6238023628083618,0.011788714589696754,0.6238023628083618,0.36438320337399926,2.5719227942359943e-05
0.46,0.28,0.26,6.800000000000001,FM,0.6778250429090881,0.015969953771971607,0.6778250429090881,0.3061731758540088,3.182746493158192e-05
0.46,0.3,0.24,6.94,FM,0.6118691863676985,0.02395482984060962,0.6118691863676985,0.36414014892659485,3.583486509698032e-05
0.46,0.32,0.22,7.08,FM,0.6649492834033215,0.032509811322888806,0.6649492834033215,0.3024970557484735,4.3849525316189575e-05
0.46,0.34,0.2,7.220000000000001,FiM,0.4676907906362876,0.1348178724987691,0.3974241333259425,0.4676907906362876,6.720353900093171e-05
0.46,0.36,0.18,7.36,FiM,0.5382463560266582,0.15299171675256873,0.3086778985000566,0.5382463560266582,8.402872071658064e-05
0.46,0.38,0.16,7.5,FiM,0.4563548071647753,0.3885873081641839,0.154926073952883,0.4563548071647753,0.00013181071815781075
0.46,0.4,0.14,7.640000000000001,AFM,0.7099254532179649,0.7099254532179649,0.11359357912033481,0.17634656302367838,0.00013440463802198677
0.46,0.42,0.12,7.78,AFM,0.7223142027201745,0.7223142027201745,0.1332065835817282,0.14439611057834356,8.310311975366027e-05
0.46,0.44,0.1,7.920000000000001,AFM,0.7129254554080037,0.7129254554080037,0.1284182949152543,0.15855858814532978,9.766153141227485e-05
0.46,0.46,0.08,8.06,AFM,0.6138497941156655,0.6138497941156655,0.10635746886873212,0.27968524051147853,0.00010749650412372442
0.46,0.48,0.06,8.2,FiM,0.5100999804258777,0.3291562501310401,0.16060270941726348,0.5100999804258777,0.00014106002581871967
0.46,0.5,0.04,8.34,FiM,0.8409482531875057,0.13423015211927974,0.0247343370859967,0.8409482531875057,8.72576072179074e-05
0.46,0.52,0.02,8.48,FiM,0.9465104990802565,0.03162110246647069,0.021817156510222424,0.9465104990802565,5.124194305048198e-05
0.46,0.54,0.0,8.620000000000001,FiM,0.9722883963697748,0.010716287183235508,0.016986139384524312,0.9722883963697748,9.177062465482587e-06
0.48,0.0,0.52,4.92,FiM,0.836526913348635,0.1470611088893246,0.01635850171186229,0.836526913348635,5.3476050178157833e-05
0.48,0.02,0.5,5.0600000000000005,FiM,0.9406349158193911,0.040032527806268106,0.01929131361227103,0.9406349158193911,4.1242762069884996e-05
0.48,0.04,0.48,5.199999999999999,FiM,0.9271972462170078,0.032526341576529914,0.040238589828006516,0.9271972462170078,3.782237845579183e-05
0.48,0.06,0.46,5.34,FiM,0.9412863610623109,0.025533313256604684,0.03314856949852178,0.9412863610623109,3.175618256271917e-05
0.48,0.08,0.44,5.48,FiM,0.96223568028618,0.01672024781711817,0.02102059099334042,0.96223568028618,2.348090336131311e-05
0.48,0.1,0.42,5.619999999999999,FiM,0.971181678517253,0.014948689175665284,0.01384985988531521,0.971181678517253,1.977242176657945e-05
0.48,0.12,0.4,5.76,FiM,0.9389359465833325,0.015436194539944405,0.045603755208306306,0.9389359465833325,2.4103668416640623e-05
0.48,0.14,0.38,5.9,FiM,0.8647405035498196,0.017836281457260725,0.11740065035154491,0.8647405035498196,2.2564641374740216e-05
0.48,0.16,0.36,6.04,FiM,0.948427041436241,0.01828595923249865,0.0332668138239993,0.948427041436241,2.0185507261077795e-05
0.48,0.18,0.34,6.18,FiM,0.9148150806106989,0.01789866275412277,0.06726696467550812,0.9148150806106989,1.9291959670092666e-05
0.48,0.2,0.32,6.319999999999999,FiM,0.5049807156502197,0.055014282352873416,0.4399584000673756,0.5049807156502197,4.660192953118815e-05
0.48,0.22,0.3,6.460000000000001,FM,0.5161722664202943,0.06393897637752169,0.5161722664202943,0.4198308187834594,5.79384187246009e-05
0.48,0.24,0.28,6.6,FiM,0.5047790520445897,0.020260568044806616,0.4749296261181809,0.5047790520445897,3.0753792422739075e-05
0.48,0.26,0.26,6.74,FiM,0.5848710525179629,0.016970910435530107,0.39812657033405596,0.5848710525179629,3.146671245116316e-05
0.48,0.28,0.24,6.88,FM,0.5616977654619139,0.018028929186500845,0.5616977654619139,0.4202430761306332,3.0229220952053686e-05
0.48,0.3,0.22,7.02,FiM,0.5917325123320722,0.05060789828623564,0.3576083087975971,0.5917325123320722,5.128058409495493e-05
0.48,0.32,0.2,7.16,FiM,0.5027291820642829,0.11799738175091676,0.3792100266329191,0.5027291820642829,6.340955188131279e-05
0.48,0.34,0.18,7.3,FiM,0.8336512818667143,0.05097965801802633,0.11533348249715682,0.8336512818667143,3.5577618102418574e-05
0.48,0.36,0.16,7.4399999999999995,FiM,0.7139639930231291,0.18599289516285256,0.09992343434929973,0.7139639930231291,0.00011967746471863796
0.48,0.38,0.14,7.58,AFM,0.6103817974583047,0.6103817974583047,0.1848201643100185,0.20460181839158764,0.00019621984008915568
0.48,0.4,0.12,7.72,AFM,0.7631530293096757,0.7631530293096757,0.12872890356794772,0.10804321172285805,7.485539951848977e-05
0.48,0.42,0.1,7.86,AFM,0.9131275927135172,0.9131275927135172,0.03783718923737849,0.04899004808212009,4.516996698411058e-05
0.48,0.44,0.08,8.0,AFM,0.6885334523692102,0.6885334523692102,0.0728725566043189,0.23850185598667892,9.213503979203486e-05
0.48,0.46,0.06,8.14,FiM,0.4621889147227356,0.3422516043713872,0.19540660623534228,0.4621889147227356,0.00015287467053503727
0.48,0.48,0.04,8.28,FiM,0.5355857249433384,0.2728305977522115,0.19144757409972046,0.5355857249433384,0.00013610320472948835
0.48,0.5,0.02,8.42,FiM,0.9490464985199428,0.02267120110331916,0.028257978186227738,0.9490464985199428,2.4322190510237247e-05
0.48,0.52,0.0,8.56,FiM,0.9720835800518284,0.00966165728050588,0.018244928126603485,0.9720835800518284,9.834541062153478e-06
0.5,0.0,0.5,5.0,FiM,0.5128291738915293,0.48443722481515705,0.0026949023186063157,0.5128291738915293,3.8698974707326266e-05
0.5,0.02,0.48,5.140000000000001,FiM,0.8978381606771699,0.05949656684113827,0.042604975545338,0.8978381606771699,6.029693635375816e-05
0.5,0.04,0.46,5.28,FiM,0.8768204294195173,0.038045643885442654,0.08508669941079469,0.8768204294195173,4.722728424518852e-05
0.5,0.06,0.44,5.42,FiM,0.9225032806982745,0.03286527151280055,0.044588673118338154,0.9225032806982745,4.277467058677081e-05
0.5,0.08,0.42,5.56,FiM,0.9371017730113825,0.018882162679552814,0.04398482517714423,0.9371017730113825,3.123913192054254e-05
0.5,0.1,0.4,5.7,FiM,0.9464355646569241,0.01481554266176115,0.03872505344124136,0.9464355646569241,2.383924007324213e-05
0.5,0.12,0.38,5.84,FiM,0.7545873331129012,0.015954046633895377,0.22942531818979092,0.7545873331129012,3.3302063412441565e-05
0.5,0.14,0.36,5.98,FiM,0.9011943037429796,0.019974834004950485,0.07880174841699346,0.9011943037429796,2.9113835076362444e-05
0.5,0.16,0.34,6.119999999999999,FiM,0.9707361181147389,0.01735533834573982,0.011887646380051324,0.9707361181147389,2.089715946989398e-05
0.5,0.18,0.32,6.26,FiM,0.9315156425453106,0.04573054717576958,0.022718914266176178,0.9315156425453106,3.489601274378009e-05
0.5,0.2,0.3,6.4,FM,0.8713784405196373,0.027553971833724985,0.8713784405196373,0.10102744513758921,4.0142509048576454e-05
0.5,0.22,0.28,6.54,FM,0.59999711548065,0.02436020758434677,0.59999711548065,0.3756073894502544,3.528748474878171e-05
0.5,0.24,0.26,6.680000000000001,FiM,0.7524040855009514,0.014457561593082553,0.23311271340091147,0.7524040855009514,2.5639505054718594e-05
0.5,0.26,0.24,6.819999999999999,FiM,0.5393876465786057,0.022235303350480563,0.4383440701722498,0.5393876465786057,3.297989866390706e-05
0.5,0.28,0.22,6.960000000000001,FM,0.4736797769121057,0.05462272305250951,0.4736797769121057,0.4716478298436516,4.967019173308888e-05
0.5,0.3,0.2,7.1,FM,0.4859166609719107,0.09667505960517359,0.4859166609719107,0.4173496225611418,5.8656861774062384e-05
0.5,0.32,0.18,7.24,FiM,0.7521758309992171,0.1943948536687649,0.053354724352200844,0.7521758309992171,7.459097981706459e-05
0.5,0.34,0.16,7.380000000000001,FiM,0.5849879582658676,0.32713698983191464,0.08775258421351051,0.5849879582658676,0.00012246768870716196
0.5,0.36,0.14,7.52,AFM,0.6901751851540916,0.6901751851540916,0.19083362922407449,0.11882115040804853,0.00017003521378527092
0.5,0.38,0.12,7.66,AFM,0.7925974431942931,0.7925974431942931,0.19273875556763187,0.014626155471714624,3.764576636025372e-05
0.5,0.4,0.1,7.8,AFM,0.9729735917110068,0.9729735917110068,0.01419648860261419,0.012808172748832756,2.1746937546287656e-05
0.5,0.42,0.08,7.94,AFM,0.8839373452783973,0.8839373452783973,0.04478332731936144,0.07122537265059266,5.395475164864327e-05
0.5,0.44,0.06,8.08,AFM,0.780998686430022,0.780998686430022,0.11613809533094376,0.10277335938133185,8.98588577023892e-05
0.5,0.46,0.04,8.22,FiM,0.49965306500852574,0.2899040056021756,0.2102628124399858,0.49965306500852574,0.0001801169493129001
0.5,0.48,0.02,8.360000000000001,FiM,0.7162838460275394,0.07406179121577014,0.20960012118774468,0.7162838460275394,5.4241568945867806e-05
0.5,0.5,0.0,8.5,FiM,0.9743103836201046,0.012304204380308614,0.013372644695716324,0.9743103836201046,1.2767303870532782e-05
0.52,0.0,0.48,5.08,FiM,0.49622320428228833,0.4918996291761096,0.011824461888704318,0.49622320428228833,5.2704652897651276e-05
0.52,0.02,0.46,5.220000000000001,FiM,0.9126569546207739,0.04092772172418824,0.04636142078961212,0.9126569546207739,5.39028654258713e-05
0.52,0.04,0.44,5.36,FiM,0.8732521481933305,0.03726372657354391,0.0894302200020513,0.8732521481933305,5.39052310742801e-05
0.52,0.06,0.42,5.5,FiM,0.9147519354145984,0.030352649192920605,0.05485167914587059,0.9147519354145984,4.3736246610264296e-05
0.52,0.08,0.4,5.640000000000001,FiM,0.9270995886545979,0.022016030998489797,0.050854577421191434,0.9270995886545979,2.980292572081578e-05
0.52,0.1,0.38,5.780000000000001,FiM,0.9495605981292141,0.014140671600443692,0.036276723870260985,0.9495605981292141,2.2006400081039135e-05
0.52,0.12,0.36,5.92,FiM,0.847035799537004,0.025200200109757796,0.1277219662732618,0.847035799537004,4.203407997637794e-05
0.52,0.14,0.34,6.0600000000000005,FiM,0.9540795978416656,0.01639335408886027,0.02950564283630904,0.9540795978416656,2.140523316504676e-05
0.52,0.16,0.32,6.2,FiM,0.9626030714432654,0.017563945770141233,0.0198133708345724,0.9626030714432654,1.9611952020928995e-05
0.52,0.18,0.3,6.34,FiM,0.8321315582600303,0.0650868150692912,0.1027255901138762,0.8321315582600303,5.60365568022241e-05
0.52,0.2,0.28,6.48,FiM,0.6694443475974218,0.08717438510574811,0.24328652370998108,0.6694443475974218,9.474358684907712e-05
0.52,0.22,0.26,6.62,FiM,0.7035327714937142,0.019141702594195762,0.27729590301613316,0.7035327714937142,2.962289595681803e-05
0.52,0.24,0.24,6.76,FiM,0.6320699989764021,0.022503049023918736,0.3453924819024537,0.6320699989764021,3.447009722550823e-05
0.52,0.26,0.22,6.9,FiM,0.532284403761815,0.04727551389666702,0.42040318887072176,0.532284403761815,3.6893470796195784e-05
0.52,0.28,0.2,7.040000000000001,FiM,0.7566709374745643,0.1375225467957601,0.10571804293866652,0.7566709374745643,8.847279100916236e-05
0.52,0.3,0.18,7.180000000000001,FiM,0.7100218005075508,0.2245564110959621,0.06534357875589174,0.7100218005075508,7.820964059528474e-05
0.52,0.32,0.16,7.32,FiM,0.7679192717637391,0.19798234003278958,0.03404480675182095,0.7679192717637391,5.358145165048009e-05
0.52,0.34,0.14,7.460000000000001,AFM,0.5565078624346451,0.5565078624346451,0.08792589561557063,0.35543563157172153,0.00013061037806270917
0.52,0.36,0.12,7.6000000000000005,AFM,0.8757803887298922,0.8757803887298922,0.1078879418433704,0.016282347173209342,4.9322253528258107e-05
0.52,0.38,0.1,7.739999999999999,AFM,0.9504123531547999,0.9504123531547999,0.031147144895429996,0.01841710005328841,2.3401896481687203e-05
0.52,0.4,0.08,7.880000000000001,AFM,0.9068647968950563,0.9068647968950563,0.04039532121642795,0.052688063232735755,5.181865577995162e-05
0.52,0.42,0.06,8.02,AFM,0.7320092712816647,0.7320092712816647,0.11409313296178702,0.15379858364673277,9.901210981565312e-05
0.52,0.44,0.04,8.16,AFM,0.6603678893346102,0.6603678893346102,0.1876217521776926,0.15189785125410493,0.00011250723359228103
0.52,0.46,0.02,8.3,AFM,0.3851641606898568,0.3851641606898568,0.24852573146480408,0.36623973710965596,7.037073568307761e-05
0.52,0.48,0.0,8.44,FiM,0.7252985109292863,0.05363313309045039,0.22103658933877643,0.7252985109292863,3.1766641486887176e-05
0.54,0.0,0.46,5.16,FiM,0.6066197957061513,0.37810713657591793,0.0152227705262036,0.6066197957061513,5.0297191727270754e-05
0.54,0.02,0.44,5.300000000000001,FiM,0.8763012031456946,0.09198131730051919,0.031676522856354826,0.8763012031456946,4.095669743132347e-05
0.54,0.04,0.42,5.44,FiM,0.8767922050257767,0.030277767904334917,0.0928827939818351,0.8767922050257767,4.7233088053357445e-05
0.54,0.06,0.4,5.58,FiM,0.9592272177512566,0.019111319688199686,0.02162961053212245,0.9592272177512566,3.1852028421406924e-05
0.54,0.08,0.38,5.720000000000001,FiM,0.9584083319474386,0.023225226770064066,0.018338158493008194,0.9584083319474386,2.828278948933351e-05
0.54,0.1,0.36,5.86,FiM,0.9475860431848183,0.02359315481537682,0.028791338137054853,0.9475860431848183,2.9463862749899793e-05
0.54,0.12,0.34,6.0,FiM,0.9442374993533652,0.025244090307403242,0.030490181236372295,0.9442374993533652,2.8229102859287304e-05
0.54,0.14,0.32,6.140000000000001,FiM,0.9650378765236858,0.01222779112604352,0.022719770111705,0.9650378765236858,1.456223856575045e-05
0.54,0.16,0.3,6.280000000000001,FiM,0.9339302163953113,0.03729446012666517,0.02874956014273003,0.9339302163953113,2.576333529349137e-05
0.54,0.18,0.28,6.42,FiM,0.808824080840682,0.05640324022892017,0.1347068082475201,0.808824080840682,6.587068287771984e-05
0.54,0.2,0.26,6.5600000000000005,FiM,0.8737086872465463,0.04190009093323396,0.08434753448234276,0.8737086872465463,4.368733787711768e-05
0.54,0.22,0.24,6.7,FiM,0.9086194269828934,0.03390642864273216,0.05744356838675827,0.9086194269828934,3.057598761609099e-05
0.54,0.24,0.22,6.84,FiM,0.8947504279738808,0.049353541963461645,0.05585996256765439,0.8947504279738808,3.606749500308394e-05
0.54,0.26,0.2,6.98,FiM,0.8183350524904035,0.11402762444204104,0.06757144443893555,0.8183350524904035,6.587862861985063e-05
0.54,0.28,0.18,7.12,FiM,0.7486823600594839,0.20049097365951146,0.050768093632140014,0.7486823600594839,5.8572648864668e-05
0.54,0.3,0.16,7.26,FiM,0.6153620287229682,0.3548765952010409,0.02970781342723242,0.6153620287229682,5.356264875855412e-05
0.54,0.32,0.14,7.4,FiM,0.48264861104583545,0.43224349721635774,0.08499387168906063,0.48264861104583545,0.00011402004874614484
0.54,0.34,0.12,7.540000000000001,AFM,0.773201572280148,0.773201572280148,0.06747387381265053,0.1591753816358835,0.00014917227131813814
0.54,0.36,0.1,7.68,AFM,0.9313184915102778,0.9313184915102778,0.041954430842611704,0.026688746242559683,3.833140455102374e-05
0.54,0.38,0.08,7.82,AFM,0.9008892214905042,0.9008892214905042,0.05141068895244294,0.047653959159142494,4.613039791032135e-05
0.54,0.4,0.06,7.96,AFM,0.7633755140092704,0.7633755140092704,0.09301014396387322,0.14352827474371435,8.606728314206455e-05
0.54,0.42,0.04,8.1,AFM,0.6785022417231763,0.6785022417231763,0.18002675605917073,0.14134123657796863,0.00012976563968423327
0.54,0.44,0.02,8.24,AFM,0.6743308895675963,0.6743308895675963,0.17076960616535272,0.15479069230280812,0.00010881196424286418
0.54,0.46,0.0,8.38,FiM,0.612708323281157,0.16431479043614144,0.2229388616315871,0.612708323281157,3.8024651114472364e-05
0.56,0.0,0.44,5.24,FiM,0.6252550415752791,0.35696347515019294,0.017727773170033236,0.6252550415752791,5.371010449482115e-05
0.56,0.02,0.42,5.38,FiM,0.9183042517318555,0.02267437197380346,0.058982685682765316,0.9183042517318555,3.869061157580975e-05
0.56,0.04,0.4,5.5200000000000005,FiM,0.9295769301409388,0.02699461295310709,0.043384494767342636,0.9295769301409388,4.3962138611317753e-05
0.56,0.06,0.38,5.66,FiM,0.9418644081011686,0.0240446515161213,0.03405358338382742,0.9418644081011686,3.7356998882787126e-05
0.56,0.08,0.36,5.800000000000001,FiM,0.9754715781864718,0.013665391343715139,0.010844592208127125,0.9754715781864718,1.843826168597989e-05
0.56,0.1,0.34,5.9399999999999995,FiM,0.9556442857184019,0.015936446734144682,0.02839222347457042,0.9556442857184019,2.704407288305352e-05
0.56,0.12,0.32,6.08,FiM,0.9645315953373217,0.01711355852890182,0.018335896743145376,0.9645315953373217,1.894939063103105e-05
0.56,0.14,0.3,6.220000000000001,FiM,0.9523849319566543,0.03305025974159033,0.014541201079253585,0.9523849319566543,2.360722250179735e-05
0.56,0.16,0.28,6.36,FiM,0.9019006184775861,0.06782612640449609,0.030227456451434834,0.9019006184775861,4.5798666482825415e-05
0.56,0.18,0.26,6.500000000000001,FiM,0.8673674835870537,0.06277141674394789,0.06980340175651345,0.8673674835870537,5.769791248508532e-05
0.56,0.2,0.24,6.64,FiM,0.8605784453087698,0.07366375329917119,0.06571734176352323,0.8605784453087698,4.045962853574783e-05
0.56,0.22,0.22,6.780000000000001,FiM,0.8418857252498838,0.08743701346031019,0.07063517377068439,0.8418857252498838,4.20875191218075e-05
0.56,0.24,0.2,6.92,FiM,0.7800714977026729,0.16174044074605792,0.058134961092980365,0.7800714977026729,5.310045828883205e-05
0.56,0.26,0.18,7.0600000000000005,FiM,0.6299425137678226,0.3209328315971235,0.04905582902611464,0.6299425137678226,6.882560893922845e-05
0.56,0.28,0.16,7.200000000000001,FiM,0.5941179501681653,0.3751144710151781,0.030714901619082018,0.5941179501681653,5.267719757473989e-05
0.56,0.3,0.14,7.34,FiM,0.6251675119316585,0.35645881104431243,0.018321877523862506,0.6251675119316585,5.179950016649235e-05
0.56,0.32,0.12,7.480000000000001,AFM,0.5574663452399327,0.5574663452399327,0.05622064847774509,0.38615594865904546,0.00015705762327674342
0.56,0.34,0.1,7.62,AFM,0.8531521849052925,0.8531521849052925,0.03145507060112117,0.11530376753209383,8.897696149261172e-05
0.56,0.36,0.08,7.76,AFM,0.8798396166463931,0.8798396166463931,0.05865062280678672,0.06145291319389497,5.6847352925325405e-05
0.56,0.38,0.06,7.9,AFM,0.7590500701700799,0.7590500701700799,0.13430192479943284,0.10656038342180803,8.762160867920965e-05
0.56,0.4,0.04,8.04,AFM,0.7339386112257986,0.7339386112257986,0.14074586607131362,0.12519937230740735,0.00011615039548032155
0.56,0.42,0.02,8.180000000000001,AFM,0.7798974764329033,0.7798974764329033,0.12708286079289227,0.09292629892387261,9.336385033176673e-05
0.56,0.44,0.0,8.32,AFM,0.5389579567796767,0.5389579567796767,0.2261460792262313,0.2348499056880251,4.605830606684654e-05
0.58,0.0,0.42,5.319999999999999,FiM,0.7883456793827719,0.18239703062916776,0.02921601765604937,0.7883456793827719,4.1272332011077485e-05
0.58,0.02,0.4,5.46,FiM,0.8839016680859311,0.017061129926935953,0.09900260642622971,0.8839016680859311,3.45955609031092e-05
0.58,0.04,0.38,5.6,FiM,0.9421498197346219,0.02100339844371257,0.03681015813625142,0.9421498197346219,3.6623685414139486e-05
0.58,0.06,0.36,5.739999999999999,FiM,0.951407734075583,0.0261386585254239,0.022421175170502145,0.951407734075583,3.243222849108846e-05
0.58,0.08,0.34,5.879999999999999,FiM,0.9771456338359922,0.00976162600939282,0.013077223402821149,0.9771456338359922,1.5516751793870777e-05
0.58,0.1,0.32,6.02,FiM,0.9819616196275566,0.008313151291786228,0.009711721798781343,0.9819616196275566,1.3507281876035384e-05
0.58,0.12,0.3,6.16,FiM,0.9698174343451232,0.019540113768215652,0.010626945667872353,0.9698174343451232,1.5506218788598584e-05
0.58,0.14,0.28,6.3,FiM,0.9414955293802083,0.0432824521533674,0.015191366872096828,0.9414955293802083,3.065159432761913e-05
0.58,0.16,0.26,6.44,FiM,0.8692612729583672,0.09054204943662605,0.04014318387070915,0.8692612729583672,5.349373429772844e-05
0.58,0.18,0.24,6.579999999999999,FiM,0.8728948813105599,0.098055798729115,0.029017078682461173,0.8728948813105599,3.2241277863825975e-05
0.58,0.2,0.22,6.72,FiM,0.8574860564169275,0.11880050448162761,0.023676141852853418,0.8574860564169275,3.729724859152295e-05
0.58,0.22,0.2,6.859999999999999,FiM,0.8563483955737259,0.12198081569062243,0.021628648321319464,0.8563483955737259,4.214041433237067e-05
0.58,0.24,0.18,6.999999999999999,FiM,0.7056265070189414,0.24867759977624704,0.045643018253475096,0.7056265070189414,5.287495133657485e-05
0.58,0.26,0.16,7.140000000000001,FiM,0.6538357407785539,0.3126135244985071,0.03349935885555294,0.6538357407785539,5.1375867385988395e-05
0.58,0.28,0.14,7.279999999999999,FiM,0.573488152134131,0.4065601300968175,0.01989756605586386,0.573488152134131,5.415171318761229e-05
0.58,0.3,0.12,7.42,FiM,0.5696601416691756,0.3827748933382048,0.04743927149582207,0.5696601416691756,0.00012569349679748614
0.58,0.32,0.1,7.56,FiM,0.5296773715193931,0.42105547534215865,0.049128642341342135,0.5296773715193931,0.0001385107971061241
0.58,0.34,0.08,7.7,AFM,0.8214242356635244,0.8214242356635244,0.08203409032042086,0.09646962338418986,7.205063186499897e-05
0.58,0.36,0.06,7.839999999999999,AFM,0.8180446240464425,0.8180446240464425,0.09494454199776765,0.08693344335702907,7.739059876075006e-05
0.58,0.38,0.04,7.9799999999999995,AFM,0.7064073950948374,0.7064073950948374,0.1839485504732936,0.10954052688935054,0.00010352754251858487
0.58,0.4,0.02,8.12,AFM,0.806663284486426,0.806663284486426,0.13147306999201122,0.06177608426192968,8.756125963296234e-05
0.58,0.42,0.0,8.26,AFM,0.8435148749442363,0.8435148749442363,0.07784046510409791,0.07857562280174127,6.903714992475613e-05
0.6,0.0,0.4,5.4,FiM,0.8680526096512314,0.04776688709521497,0.08414692334505819,0.8680526096512314,3.357990849552505e-05
0.6,0.02,0.38,5.540000000000001,FiM,0.8633512874676762,0.017682703881446087,0.1189317330597825,0.8633512874676762,3.4275591095363546e-05
0.6,0.04,0.36,5.680000000000001,FiM,0.9334509013504917,0.03171872193409256,0.03479162262704336,0.9334509013504917,3.875408837248803e-05
0.6,0.06,0.34,5.82,FiM,0.9671985755614649,0.01861125354612505,0.014168885775199421,0.9671985755614649,2.1285117210634807e-05
0.6,0.08,0.32,5.96,FiM,0.9746051118234164,0.010927238974286895,0.014451641082328708,0.9746051118234164,1.6008119968081062e-05
0.6,0.1,0.3,6.1,FiM,0.9860154556997509,0.007676154694311903,0.006298444950226436,0.9860154556997509,9.944655710683338e-06
0.6,0.12,0.28,6.24,FiM,0.8925712190416261,0.09268374624222456,0.014719800318017198,0.8925712190416261,2.5234398132067044e-05
0.6,0.14,0.26,6.380000000000001,FiM,0.8062105984589221,0.18194830794735153,0.01181573684751611,0.8062105984589221,2.5356746210401012e-05
0.6,0.16,0.24,6.5200000000000005,FiM,0.8770196966168309,0.10523632625759506,0.01772104251165816,0.8770196966168309,2.2934613915960065e-05
0.6,0.18,0.22,6.66,FiM,0.8340650174514068,0.14340953818594276,0.02248941209312156,0.8340650174514068,3.6032269528833304e-05
0.6,0.2,0.2,6.800000000000001,FiM,0.8538901190893482,0.13618261683961635,0.009897930188188513,0.8538901190893482,2.9333882847006857e-05
0.6,0.22,0.18,6.94,FiM,0.7935097235284176,0.18646319488865049,0.01997787850187784,0.7935097235284176,4.9203081054071186e-05
0.6,0.24,0.16,7.08,FiM,0.7361997464429612,0.2341013801907484,0.02964310453826404,0.7361997464429612,5.5768828026522537e-05
0.6,0.26,0.14,7.220000000000001,FiM,0.6606567456834433,0.328642121753324,0.010651562870179054,0.6606567456834433,4.956969305362033e-05
0.6,0.28,0.12,7.36,FiM,0.5446531054411716,0.4308411283634878,0.024406360697798953,0.5446531054411716,9.94054975416788e-05
0.6,0.3,0.1,7.5,FiM,0.6639148414079742,0.2848065756740774,0.05117233024684994,0.6639148414079742,0.00010625267109841115
0.6,0.32,0.08,7.640000000000001,AFM,0.5522187214089529,0.5522187214089529,0.04960708621405545,0.3980764568803793,9.773549661245114e-05
0.6,0.34,0.06,7.78,AFM,0.693954015849904,0.693954015849904,0.1389569349507497,0.16699863129984008,9.041789950622012e-05
0.6,0.36,0.04,7.92,AFM,0.729344876409912,0.729344876409912,0.18146977612873935,0.08907819356232075,0.00010715389902792518
0.6,0.38,0.02,8.06,AFM,0.7277279224149953,0.7277279224149953,0.18057555279793833,0.09159379617038102,0.00010272861668538239
0.6,0.4,0.0,8.2,AFM,0.887375076804142,0.887375076804142,0.05139702456306606,0.06115858279943285,6.931583335914646e-05
0.62,0.0,0.38,5.48,FiM,0.8217581664741344,0.044715416560033056,0.13348800584604292,0.8217581664741344,3.841111978973104e-05
0.62,0.02,0.36,5.62,FiM,0.8992785933028177,0.042104101801897185,0.05856238855785537,0.8992785933028177,5.49163374297023e-05
0.62,0.04,0.34,5.76,FiM,0.9280295225572078,0.0381091367453186,0.033814544304919675,0.9280295225572078,4.679639255380536e-05
0.62,0.06,0.32,5.8999999999999995,FiM,0.9672344023264827,0.016097438720244946,0.016650378144364875,0.9672344023264827,1.7780808907569605e-05
0.62,0.08,0.3,6.039999999999999,FiM,0.9760506533565813,0.016415894798868555,0.007520383994492694,0.9760506533565813,1.3067850057464816e-05
0.62,0.1,0.28,6.18,FiM,0.9209006506330439,0.0636326309687042,0.01544050619972927,0.9209006506330439,2.621219852253517e-05
0.62,0.12,0.26,6.32,FiM,0.6948220018704001,0.28436956877552966,0.0207695793580278,0.6948220018704001,3.8849996042532e-05
0.62,0.14,0.24,6.46,FiM,0.8943234489861099,0.08625000908630025,0.019400422736124582,0.8943234489861099,2.6119191465266627e-05
0.62,0.16,0.22,6.6,FiM,0.7922636474107021,0.17209624704296414,0.03559045464656401,0.7922636474107021,4.965089976973843e-05
0.62,0.18,0.2,6.74,FiM,0.8335280819073777,0.15169218236968846,0.01473964053644645,0.8335280819073777,4.009518648735605e-05
0.62,0.2,0.18,6.88,FiM,0.8425622590283843,0.14257742773345153,0.014825490366380914,0.8425622590283843,3.4822871783182325e-05
0.62,0.22,0.16,7.02,FiM,0.8994031707616362,0.0827996847454923,0.017763621087061615,0.8994031707616362,3.352340580996498e-05
0.62,0.24,0.14,7.16,FiM,0.7679403462924467,0.2181094366931333,0.013898933395728352,0.7679403462924467,5.128361869153948e-05
0.62,0.26,0.12,7.3,FiM,0.6995396008616173,0.2902484610323456,0.01015608136322785,0.6995396008616173,5.585674280921638e-05
0.62,0.28,0.1,7.44,FiM,0.8160922596338953,0.14589293560836275,0.03789564740430131,0.8160922596338953,0.00011915735344063975
0.62,0.3,0.08,7.58,FiM,0.6024476225382107,0.3458472395232974,0.05157996867646566,0.6024476225382107,0.00012516926202616087
0.62,0.32,0.06,7.72,FiM,0.6077714624767705,0.35392911722003023,0.038213341942988324,0.6077714624767705,8.607836021096899e-05
0.62,0.34,0.04,7.86,AFM,0.5687686420856645,0.5687686420856645,0.2847603949411443,0.14636448033435487,0.00010648263883639542
0.62,0.36,0.02,7.999999999999999,AFM,0.5856219373665574,0.5856219373665574,0.3098516106109075,0.10441337666765124,0.0001130753548836979
0.62,0.38,0.0,8.14,FM,0.6107205916116182,0.3468083655223686,0.6107205916116182,0.04241299542883697,5.804743717649169e-05
0.64,0.0,0.36,5.5600000000000005,FiM,0.6161897079512902,0.021694434592775973,0.3620593494367406,0.6161897079512902,5.650801919315672e-05
0.64,0.02,0.34,5.700000000000001,FiM,0.807421028793915,0.10441250503549643,0.08807558103030036,0.807421028793915,9.088514028831462e-05
0.64,0.04,0.32,5.840000000000001,FiM,0.9478018185544281,0.031000147055653314,0.021173851685822663,0.9478018185544281,2.4182704095835753e-05
0.64,0.06,0.3,5.98,FiM,0.9494474469966996,0.03785390902689703,0.012673251940787313,0.9494474469966996,2.5392035616153212e-05
0.64,0.08,0.28,6.12,FiM,0.9377946850939722,0.052511469125237645,0.009672431613864094,0.9377946850939722,2.1414166926091204e-05
0.64,0.1,0.26,6.260000000000001,FiM,0.8146329758143058,0.15866539709775357,0.026651411266912117,0.8146329758143058,5.0215821028472754e-05
0.64,0.12,0.24,6.4,FiM,0.744909896867347,0.22326317777389776,0.03177472561063038,0.744909896867347,5.219974812490059e-05
0.64,0.14,0.22,6.540000000000001,FiM,0.7066339919784808,0.23660138699878433,0.056709188517061984,0.7066339919784808,5.5432505672836504e-05
0.64,0.16,0.2,6.68,FiM,0.6896423795811895,0.2938296403039705,0.01648103290795837,0.6896423795811895,4.694720688162433e-05
0.64,0.18,0.18,6.82,FiM,0.7248675104015,0.2614695860612586,0.01362527455819332,0.7248675104015,3.762897904819948e-05
0.64,0.2,0.16,6.960000000000001,FiM,0.7009096460831855,0.27948191707261966,0.01956117274331994,0.7009096460831855,4.72641008748521e-05
0.64,0.22,0.14,7.1000000000000005,FiM,0.8005919227284762,0.18207637123893217,0.01728671705842554,0.8005919227284762,4.4988974165987884e-05
0.64,0.24,0.12,7.240000000000001,FiM,0.6806793816602869,0.301296574510925,0.01795759485019151,0.6806793816602869,6.644897859658845e-05
0.64,0.26,0.1,7.38,FiM,0.5927246194461846,0.37744225257406727,0.029730653399190975,0.5927246194461846,0.0001024745805572658
0.64,0.28,0.08,7.520000000000001,FiM,0.6169596110843026,0.35431472807107955,0.028621990609873964,0.6169596110843026,0.00010367023474384735
0.64,0.3,0.06,7.66,AFM,0.5617285983053949,0.5617285983053949,0.025931695842738026,0.4122647728299922,7.493302187490814e-05
0.64,0.32,0.04,7.800000000000001,AFM,0.6208471270512431,0.6208471270512431,0.05572742810486669,0.3233264454656586,9.899937823149923e-05
0.64,0.34,0.02,7.94,AFM,0.7183363455025268,0.7183363455025268,0.21186557550962418,0.06969821908579203,9.985990205699984e-05
0.64,0.36,0.0,8.08,AFM,0.614212880475512,0.614212880475512,0.3594935830700184,0.02623932557970105,5.4210874768612985e-05
0.66,0.0,0.34,5.640000000000001,FiM,0.7264113240456059,0.20370670702368657,0.06978598122126223,0.7264113240456059,9.598770944534543e-05
0.66,0.02,0.32,5.78,FiM,0.9120833298576704,0.06710501643291986,0.020776440023716945,0.9120833298576704,3.521368569268243e-05
0.66,0.04,0.3,5.92,FiM,0.9194866670165142,0.05689707148264875,0.023588945965275034,0.9194866670165142,2.7315535562050696e-05
0.66,0.06,0.28,6.06,FiM,0.9343870856936174,0.05074522016801064,0.014844620940409031,0.9343870856936174,2.3073197962913044e-05
0.66,0.08,0.26,6.2,FiM,0.7639419146003376,0.20491673388227677,0.031091056619855048,0.7639419146003376,5.0294897530602984e-05
0.66,0.1,0.24,6.34,FiM,0.766837856350639,0.19455396612342718,0.038552637467121106,0.766837856350639,5.554005881280922e-05
0.66,0.12,0.22,6.48,FiM,0.7614948401334347,0.19393872104434093,0.04451738542666785,0.7614948401334347,4.905339555659388e-05
0.66,0.14,0.2,6.620000000000001,FiM,0.6336659146433754,0.3267956839375287,0.03948680631632584,0.6336659146433754,5.159510276996206e-05
0.66,0.16,0.18,6.760000000000001,FiM,0.780137270462107,0.20117178402219058,0.01865242251240221,0.780137270462107,3.8523003300177335e-05
0.66,0.18,0.16,6.9,FiM,0.8407413055120747,0.14390351203424773,0.015317809896080246,0.8407413055120747,3.737255759732352e-05
0.66,0.2,0.14,7.04,FiM,0.8250222450480841,0.15091492247277244,0.024012207672238654,0.8250222450480841,5.062480690481163e-05
0.66,0.22,0.12,7.180000000000001,FiM,0.8948422701109778,0.0906431959683968,0.014474857385137528,0.8948422701109778,3.9676535487768416e-05
0.66,0.24,0.1,7.319999999999999,FiM,0.8387143091799258,0.15054627668674408,0.010696482281246068,0.8387143091799258,4.2931852083929334e-05
0.66,0.26,0.08,7.460000000000001,FiM,0.7648815648589745,0.21241532504767605,0.02263178372612588,0.7648815648589745,7.132636722344374e-05
0.66,0.28,0.06,7.6,FiM,0.5882442359426893,0.3730611938896061,0.038587476171630115,0.5882442359426893,0.00010709399607449171
0.66,0.3,0.04,7.74,FiM,0.5801690614908254,0.383952337914366,0.03581607258110279,0.5801690614908254,6.252801370588146e-05
0.66,0.32,0.02,7.88,FiM,0.5789863449336132,0.3591458356229595,0.06177504782318907,0.5789863449336132,9.277162023835907e-05
0.66,0.34,0.0,8.02,AFM,0.4480621706445483,0.4480621706445483,0.24684043611272877,0.30499759285720734,9.980038551557451e-05
0.68,0.0,0.32,5.720000000000001,FiM,0.7886388937596616,0.20256586386015418,0.008744614355253656,0.7886388937596616,5.062802493066786e-05
0.68,0.02,0.3,5.860000000000001,FiM,0.9635602245878475,0.03153150598312888,0.0048888394646645315,0.9635602245878475,1.9429964359152473e-05
0.68,0.04,0.28,6.000000000000001,FiM,0.9034384628832742,0.09067435195797026,0.005862416726278409,0.9034384628832742,2.476843247721124e-05
0.68,0.06,0.26,6.140000000000001,FiM,0.8222750683331277,0.1523816201678967,0.02530612404274812,0.8222750683331277,3.718745622747633e-05
0.68,0.08,0.24,6.28,FiM,0.6660341772191116,0.275242787164973,0.058654743067638404,0.6660341772191116,6.829254827700382e-05
0.68,0.1,0.22,6.420000000000001,FiM,0.6434815967636629,0.25983753348578764,0.09660732674826483,0.6434815967636629,7.354300228472441e-05
0.68,0.12,0.2,6.5600000000000005,FiM,0.6100675759400006,0.3027575485305388,0.08711448486986384,0.6100675759400006,6.039065959671839e-05
0.68,0.14,0.18,6.700000000000001,FiM,0.8106208167823057,0.15574935869260859,0.033589163988387565,0.8106208167823057,4.066053669816069e-05
0.68,0.16,0.16,6.840000000000002,FiM,0.8354644589972295,0.15002697674403434,0.014471375670947027,0.8354644589972295,3.718858778907091e-05
0.68,0.18,0.14,6.98,FiM,0.8728413645838392,0.10828486203900398,0.018831167181310757,0.8728413645838392,4.26061958459546e-05
0.68,0.2,0.12,7.120000000000001,FiM,0.9087598133975738,0.07724278465192413,0.013962611641414921,0.9087598133975738,3.479030908722199e-05
0.68,0.22,0.1,7.260000000000001,FiM,0.9055290013696374,0.08026364386492914,0.014169297080536943,0.9055290013696374,3.8057684896557645e-05
0.68,0.24,0.08,7.4,FiM,0.836990266498067,0.14458664844127883,0.018364356116159716,0.836990266498067,5.872894449457512e-05
0.68,0.26,0.06,7.540000000000001,FiM,0.8469934782501961,0.13646460341125355,0.01648889836574745,0.8469934782501961,5.301997280308088e-05
0.68,0.28,0.04,7.680000000000001,FiM,0.6148575822641873,0.35348207853635677,0.031588123442696646,0.6148575822641873,7.221575675928924e-05
0.68,0.3,0.02,7.82,FiM,0.5563621203846518,0.378450545237545,0.06510856417932183,0.5563621203846518,7.877019848133246e-05
0.68,0.32,0.0,7.960000000000001,FiM,0.7527378251416411,0.18868941705436235,0.05850123324768253,0.7527378251416411,7.152455631410202e-05
0.7,0.0,0.3,5.799999999999999,FiM,0.9739708777592194,0.02294486660427496,0.0030655676264641366,0.9739708777592194,1.868801004155959e-05
0.7,0.02,0.28,5.9399999999999995,FiM,0.9396564434515476,0.05601306810759059,0.004310694408881054,0.9396564434515476,1.979403198092097e-05
0.7,0.04,0.26,6.08,FiM,0.798008844043891,0.19443687214041577,0.007520331072637582,0.798008844043891,3.3952743055690114e-05
0.7,0.06,0.24,6.219999999999999,FiM,0.6726296636469645,0.3106060128812464,0.016708611214645144,0.6726296636469645,5.571225714396769e-05
0.7,0.08,0.22,6.359999999999999,FiM,0.7017443691051368,0.2802167540292529,0.017988745001086284,0.7017443691051368,5.013186452384442e-05
0.7,0.1,0.2,6.5,FiM,0.41036719459410786,0.37798964824156994,0.21157773917590209,0.41036719459410786,6.541798842015462e-05
0.7,0.12,0.18,6.64,FiM,0.6865023637204581,0.2544423146216164,0.05898950598625026,0.6865023637204581,6.581567167514297e-05
0.7,0.14,0.16,6.779999999999999,FiM,0.7185535081467688,0.25095422828446984,0.03043936849010241,0.7185535081467688,5.2895078658855126e-05
0.7,0.16,0.14,6.92,FiM,0.7574594954018823,0.20641324600641262,0.03606554528568849,0.7574594954018823,6.171330601665755e-05
0.7,0.18,0.12,7.06,FiM,0.915031063308871,0.06751780858701245,0.017416877666191415,0.915031063308871,3.425043792507118e-05
0.7,0.2,0.1,7.199999999999999,FiM,0.9653369634169544,0.027262577157523206,0.00738280825020309,0.9653369634169544,1.765117531917702e-05
0.7,0.22,0.08,7.34,FiM,0.8973361229658529,0.09204680229707059,0.010586838907287269,0.8973361229658529,3.0235829789098085e-05
0.7,0.24,0.06,7.479999999999999,FiM,0.931903020265898,0.05532340396452038,0.012744760861010866,0.931903020265898,2.881490857080249e-05
0.7,0.26,0.04,7.62,FiM,0.667394944920687,0.2988280248211797,0.03370737080731494,0.667394944920687,6.965945081852108e-05
0.7,0.28,0.02,7.759999999999999,FiM,0.613368524006691,0.3304440820526721,0.05611852398212087,0.613368524006691,6.886995851616137e-05
0.7,0.3,0.0,7.8999999999999995,FiM,0.737699337398811,0.19954946430511525,0.06267923883067224,0.737699337398811,7.195946540154595e-05
0.72,0.0,0.28,5.88,FiM,0.952459118362483,0.042829992789548126,0.004690603340115785,0.952459118362483,2.0285507853119706e-05
0.72,0.02,0.26,6.0200000000000005,FiM,0.8677627562871345,0.12505466866760934,0.0071483322953432744,0.8677627562871345,3.424274991282514e-05
0.72,0.04,0.24,6.16,FiM,0.7477765245696293,0.24068237809042034,0.011497621566092698,0.7477765245696293,4.34757738577501e-05
0.72,0.06,0.22,6.3,FiM,0.7020394107922093,0.2777449967705867,0.020165338644793654,0.7020394107922093,5.025379241043535e-05
0.72,0.08,0.2,6.4399999999999995,FiM,0.6112722248504768,0.3454101803544339,0.0432589788174528,0.6112722248504768,5.861597763651983e-05
0.72,0.1,0.18,6.58,FiM,0.7488445752135475,0.23001369368939606,0.021082172062446877,0.7488445752135475,5.955903460940018e-05
0.72,0.12,0.16,6.720000000000001,FiM,0.7692571334970333,0.21746475228764922,0.01322800960066075,0.7692571334970333,5.010461465670207e-05
0.72,0.14,0.14,6.86,FiM,0.7428789011470243,0.24070964453221336,0.016351380430151143,0.7428789011470243,6.0073890611236675e-05
0.72,0.16,0.12,7.000000000000001,FiM,0.883385626076301,0.09735638364040415,0.01922431591773311,0.883385626076301,3.3674365561591e-05
0.72,0.18,0.1,7.14,FiM,0.9328363213273863,0.05167150464264821,0.015462740605687263,0.9328363213273863,2.94334242782959e-05
0.72,0.2,0.08,7.28,FiM,0.8939547999394228,0.08929904480030744,0.016709030604674907,0.8939547999394228,3.712465559481014e-05
0.72,0.22,0.06,7.42,FiM,0.930903395526139,0.057159796233724705,0.011909900781876792,0.930903395526139,2.690745825970589e-05
0.72,0.24,0.04,7.56,FiM,0.9259495929824493,0.055110107400127804,0.018910002850843308,0.9259495929824493,3.0296766579660978e-05
0.72,0.26,0.02,7.7,FiM,0.7560188315432969,0.19449283634928022,0.04942735788772233,0.7560188315432969,6.097421970058352e-05
0.72,0.28,0.0,7.84,FiM,0.7040160522042965,0.2255071411041116,0.07040217256386688,0.7040160522042965,7.463412772499999e-05
0.74,0.0,0.26,5.96,FiM,0.8555052049334325,0.13630412904165015,0.008155160952690633,0.8555052049334325,3.550507222675631e-05
0.74,0.02,0.24,6.1,FiM,0.8092430338548058,0.17891918550138866,0.011788324285264494,0.8092430338548058,4.945635854095751e-05
0.74,0.04,0.22,6.24,FiM,0.764768031199801,0.2201936756023132,0.014994578094269365,0.764768031199801,4.3715103616513086e-05
0.74,0.06,0.2,6.379999999999999,FiM,0.7257689406824096,0.24819529029364062,0.025983554485404247,0.7257689406824096,5.221453854539051e-05
0.74,0.08,0.18,6.52,FiM,0.8078829213100597,0.17967389344023957,0.012396395764234493,0.8078829213100597,4.678948546618153e-05
0.74,0.1,0.16,6.66,FiM,0.9120033440708245,0.08066734875790593,0.007301501394778792,0.9120033440708245,2.7805776490814378e-05
0.74,0.12,0.14,6.8,FiM,0.894344195455514,0.10010059328667224,0.0055307976081735944,0.894344195455514,2.4413649640141095e-05
0.74,0.14,0.12,6.94,FiM,0.8822284835851482,0.10801886781979865,0.009714678672761828,0.8822284835851482,3.796992229148023e-05
0.74,0.16,0.1,7.079999999999999,FiM,0.894494354770102,0.09647146756294298,0.008998054549622525,0.894494354770102,3.612311733257961e-05
0.74,0.18,0.08,7.22,FiM,0.8759379856070766,0.11660509972746218,0.007423295934757474,0.8759379856070766,3.361873070365905e-05
0.74,0.2,0.06,7.359999999999999,FiM,0.9102232477426602,0.07777418540712264,0.011969376318451458,0.9102232477426602,3.319053176556441e-05
0.74,0.22,0.04,7.5,FiM,0.9511457078381395,0.03578869490269202,0.013043391488935624,0.9511457078381395,2.2205770232953076e-05
0.74,0.24,0.02,7.64,FiM,0.784346671370811,0.16858071652696854,0.047010500369332624,0.784346671370811,6.211173288784548e-05
0.74,0.26,0.0,7.779999999999999,FiM,0.6861197363180342,0.19303844533705783,0.12077108896100973,0.6861197363180342,7.072938389805528e-05
0.76,0.0,0.24,6.04,FiM,0.5034603590254422,0.4892997074479801,0.007206691027158391,0.5034603590254422,3.324249941932118e-05
0.76,0.02,0.22,6.180000000000001,FiM,0.5795456762620672,0.40834207422448004,0.012073726123937832,0.5795456762620672,3.852338951499028e-05
0.76,0.04,0.2,6.32,FiM,0.6387411987113751,0.3474445345076591,0.013774139675629685,0.6387411987113751,4.012710533615855e-05
0.76,0.06,0.18,6.46,FiM,0.7385942470269597,0.25635259789559794,0.005030075793582681,0.7385942470269597,2.3079283859601847e-05
0.76,0.08,0.16,6.6,FiM,0.7454868121380888,0.24853727623723063,0.005949812274022982,0.7454868121380888,2.6099350657510422e-05
0.76,0.1,0.14,6.74,FiM,0.7147376228394006,0.2796226679782734,0.005616283499384423,0.7147376228394006,2.342568294164226e-05
0.76,0.12,0.12,6.880000000000001,FiM,0.7946375481885669,0.19995619814815535,0.005381546947541072,0.7946375481885669,2.4706715736558817e-05
0.76,0.14,0.1,7.0200000000000005,FiM,0.7503731077054124,0.24403496133163496,0.005569226445538078,0.7503731077054124,2.2704517414497445e-05
0.76,0.16,0.08,7.16,FiM,0.6809277062816206,0.3118172358374722,0.007225871445279403,0.6809277062816206,2.9186435627855767e-05
0.76,0.18,0.06,7.3,FiM,0.8276443661233156,0.16795642553709494,0.0043752588195343665,0.8276443661233156,2.394952005508895e-05
0.76,0.2,0.04,7.44,FiM,0.9484328996268777,0.04832949265654471,0.003223888594893359,0.9484328996268777,1.3719121684394805e-05
0.76,0.22,0.02,7.58,FiM,0.8577543399166495,0.1354994353822424,0.006721211186848557,0.8577543399166495,2.5013514259466973e-05
0.76,0.24,0.0,7.720000000000001,FiM,0.7107660133747827,0.2673572571546231,0.021835957589464355,0.7107660133747827,4.077188112990236e-05
0.78,0.0,0.22,6.12,FiM,0.7200685647685855,0.27133164018535566,0.0085713281608562,0.7200685647685855,2.846688520259596e-05
0.78,0.02,0.2,6.26,FiM,0.7977461477763269,0.19480637299144565,0.007422667854638169,0.7977461477763269,2.4811377589271058e-05
0.78,0.04,0.18,6.4,FiM,0.7723250807181762,0.22137934210610796,0.006273547446118258,0.7723250807181762,2.2029729597617814e-05
0.78,0.06,0.16,6.539999999999999,FiM,0.7927202504383483,0.2009918689500085,0.006261456229496958,0.7927202504383483,2.642438214629158e-05
0.78,0.08,0.14,6.68,FiM,0.7050646843952114,0.28836284036610377,0.0065458136048247755,0.7050646843952114,2.6661633860071115e-05
0.78,0.1,0.12,6.82,FiM,0.6885135755246129,0.3063962099443283,0.005067950267463494,0.6885135755246129,2.226426359525638e-05
0.78,0.12,0.1,6.96,FiM,0.6490201342463013,0.3446954062042875,0.006257239360144462,0.6490201342463013,2.7220189266596404e-05
0.78,0.14,0.08,7.1000000000000005,FiM,0.6362554900274312,0.3553756487005263,0.008339920017950154,0.6362554900274312,2.894125409237521e-05
0.78,0.16,0.06,7.24,FiM,0.7500227674973907,0.24255740021943034,0.007392644197092377,0.7500227674973907,2.7188086086604175e-05
0.78,0.18,0.04,7.38,FiM,0.8612843058439803,0.13484802375468674,0.0038511529254738543,0.8612843058439803,1.6517475858988825e-05
0.78,0.2,0.02,7.52,FiM,0.9330864998667873,0.06377140986755273,0.0031297425996518664,0.9330864998667873,1.2347666008156042e-05
0.78,0.22,0.0,7.66,FiM,0.8515019185625553,0.13997319479902448,0.008502352593841198,0.8515019185625553,2.25340445790552e-05
0.8,0.0,0.2,6.200000000000001,FiM,0.9167765517495868,0.07956708803386404,0.0036416964139344256,0.9167765517495868,1.4663802614740721e-05
0.8,0.02,0.18,6.340000000000001,FiM,0.8642316977885806,0.13041058845930165,0.005339548922036267,0.8642316977885806,1.8164830081449104e-05
0.8,0.04,0.16,6.48,FiM,0.8088791035588331,0.18553920475099286,0.00555641572224049,0.8088791035588331,2.5275967933548946e-05
0.8,0.06,0.14,6.62,FiM,0.7870780485083092,0.20702510755408848,0.0058676949005531335,0.7870780485083092,2.914903704906022e-05
0.8,0.08,0.12,6.760000000000001,FiM,0.6970845752791203,0.29568120847959495,0.007204308226982048,0.6970845752791203,2.9908014302628366e-05
0.8,0.1,0.1,6.9,AFM,0.5311650481462915,0.5311650481462915,0.005684750868068263,0.4631235475188162,2.6653466824067684e-05
0.8,0.12,0.08,7.040000000000001,FiM,0.5760485859880933,0.41470433178263083,0.009210252991323912,0.5760485859880933,3.682923795204996e-05
0.8,0.14,0.06,7.180000000000001,FiM,0.6147695985737234,0.37581403191531204,0.00937882808847983,0.6147695985737234,3.754142248477087e-05
0.8,0.16,0.04,7.320000000000001,FiM,0.7753904648206601,0.21792321837217576,0.006661966839835033,0.7753904648206601,2.4349967329064435e-05
0.8,0.18,0.02,7.46,FiM,0.959070181359253,0.038025264903153076,0.0028942876059783393,0.959070181359253,1.0266131615634901e-05
0.8,0.2,0.0,7.6000000000000005,FiM,0.9270742872387192,0.06818196058328407,0.004729016690149559,0.9270742872387192,1.4735487847190125e-05
0.82,0.0,0.18,6.279999999999999,FiM,0.8918069141534272,0.10269901781382385,0.005475031136392632,0.8918069141534272,1.9036896356195955e-05
0.82,0.02,0.16,6.42,FiM,0.8619216301848044,0.13357387620232836,0.004484004543009321,0.8619216301848044,2.048906985797452e-05
0.82,0.04,0.14,6.56,FiM,0.8085115665757122,0.18617437946364335,0.005287487881616855,0.8085115665757122,2.6566079027656007e-05
0.82,0.06,0.12,6.699999999999999,FiM,0.6587210653480923,0.3342947415238668,0.006949615660025477,0.6587210653480923,3.457746801542032e-05
0.82,0.08,0.1,6.839999999999999,FiM,0.6717035957746335,0.32239319578086484,0.005877670263122858,0.6717035957746335,2.5538181378990195e-05
0.82,0.1,0.08,6.9799999999999995,FiM,0.5242632712464488,0.4674750901108138,0.00822611139350871,0.5242632712464488,3.552724922876085e-05
0.82,0.12,0.06,7.119999999999999,FiM,0.5682394285191172,0.42326143167336366,0.008465192266606357,0.5682394285191172,3.3947540912698156e-05
0.82,0.14,0.04,7.26,FiM,0.644429276848751,0.3460104986641877,0.009526452277991398,0.644429276848751,3.377220907006229e-05
0.82,0.16,0.02,7.3999999999999995,FiM,0.9183790751210528,0.07798136583086702,0.003623976132417505,0.9183790751210528,1.5582915662708983e-05
0.82,0.18,0.0,7.539999999999999,FiM,0.9787027490151292,0.01916616635057739,0.0021232105417470183,0.9787027490151292,7.874092546282687e-06
0.84,0.0,0.16,6.359999999999999,FiM,0.8678885632704871,0.12789519222827897,0.004197348729652362,0.8678885632704871,1.8895771581648672e-05
0.84,0.02,0.14,6.5,FiM,0.8392923175404204,0.1553030009936098,0.005379262958062953,0.8392923175404204,2.5418507906668617e-05
0.84,0.04,0.12,6.640000000000001,FiM,0.7301383465135399,0.2626259761672255,0.007201748959697703,0.7301383465135399,3.3928359536850485e-05
0.84,0.06,0.1,6.779999999999999,FiM,0.6125741107263137,0.382210595748195,0.005188914863489389,0.6125741107263137,2.6378662001953683e-05
0.84,0.08,0.08,6.92,FiM,0.5854050087868566,0.406271825302891,0.008287905544276912,0.5854050087868566,3.526036597549566e-05
0.84,0.1,0.06,7.06,AFM,0.4981733387818376,0.4981733387818376,0.009632967791716587,0.4921540096033388,3.968382310702001e-05
0.84,0.12,0.04,7.2,FiM,0.6507096958854715,0.3405602455122683,0.0087001084167951,0.6507096958854715,2.9950185465119373e-05
0.84,0.14,0.02,7.34,FiM,0.7975620196902926,0.19591283493011202,0.006502420141533562,0.7975620196902926,2.2725238061788148e-05
0.84,0.16,0.0,7.48,FiM,0.983619421527025,0.014700057971008158,0.001673179012498843,0.983619421527025,7.341489468109303e-06
0.86,0.0,0.14,6.4399999999999995,FiM,0.741298257266275,0.2534541058669135,0.0052225996969357145,0.741298257266275,2.5037169875853616e-05
0.86,0.02,0.12,6.58,FiM,0.7393358025909905,0.2546781616790585,0.005957476225512086,0.7393358025909905,2.8559504438967497e-05
0.86,0.04,0.1,6.72,FiM,0.6217361996257631,0.372172886072557,0.006063598265224774,0.6217361996257631,2.7316036455117683e-05
0.86,0.06,0.08,6.859999999999999,FiM,0.6679536892189534,0.3257828652339989,0.006235239033135731,0.6679536892189534,2.8206513911852307e-05
0.86,0.08,0.06,6.999999999999999,FiM,0.5443868943567153,0.44261499622071937,0.012954290825755672,0.5443868943567153,4.3818596809685364e-05
0.86,0.1,0.04,7.14,FiM,0.5139415363875549,0.4749425753110645,0.011077226650749547,0.5139415363875549,3.866165063097781e-05
0.86,0.12,0.02,7.279999999999999,FiM,0.5698766496065174,0.42047392302027264,0.00961497517410722,0.5698766496065174,3.4452199102796785e-05
0.86,0.14,0.0,7.42,FiM,0.6617020372997949,0.33172388454831486,0.0065424125581093244,0.6617020372997949,3.1665593780901e-05
0.88,0.0,0.12,6.5200000000000005,FiM,0.7650394889832153,0.23078758896998508,0.004148887332600701,0.7650394889832153,2.403471419899537e-05
0.88,0.02,0.1,6.66,FiM,0.7434222713312161,0.25214372738927926,0.004408544503784985,0.7434222713312161,2.5456775719700068e-05
0.88,0.04,0.08,6.800000000000001,FiM,0.8165089125268149,0.17998486907210115,0.0034873828228336894,0.8165089125268149,1.8835578250286455e-05
0.88,0.06,0.06,6.9399999999999995,FiM,0.6940586307113163,0.29987941944552243,0.006034444274568449,0.6940586307113163,2.7505568592724944e-05
0.88,0.08,0.04,7.08,FiM,0.6735149363297039,0.31600972632787805,0.01043962245785204,0.6735149363297039,3.571488456591754e-05
0.88,0.1,0.02,7.22,FiM,0.6316838770824256,0.358261376257586,0.010019418312712566,0.6316838770824256,3.5328347275997894e-05
0.88,0.12,0.0,7.36,FiM,0.5380626137732575,0.4575469315142704,0.004363990536946529,0.5380626137732575,2.6464175525581543e-05
0.9,0.0,0.1,6.6,FiM,0.5590972116880324,0.4362383471107539,0.004637543563707276,0.5590972116880324,2.689763750649336e-05
0.9,0.02,0.08,6.74,FiM,0.7832169757999339,0.21328667914656896,0.0034766973697930126,0.7832169757999339,1.964768370402426e-05
0.9,0.04,0.06,6.88,FiM,0.6292955134602951,0.3635242452190485,0.007148425081341607,0.6292955134602951,3.181623931479096e-05
0.9,0.06,0.04,7.02,FiM,0.6412067471526064,0.3481940706865278,0.010559049163690479,0.6412067471526064,4.013299717521318e-05
0.9,0.08,0.02,7.159999999999999,FiM,0.622960346559539,0.3624734399117648,0.014523477572323466,0.622960346559539,4.2735956372806446e-05
0.9,0.1,0.0,7.3,AFM,0.8919531066107741,0.8919531066107741,0.009587150363811296,0.09841754338446213,4.219964095243634e-05
0.92,0.0,0.08,6.680000000000001,FiM,0.7211598486296312,0.27384508490454773,0.004966951470944216,0.7211598486296312,2.8114994876857155e-05
0.92,0.02,0.06,6.82,FiM,0.5721673210364256,0.4214396836891909,0.006363692098678399,0.5721673210364256,2.930317570495966e-05
0.92,0.04,0.04,6.960000000000001,FiM,0.5023029066675729,0.4865795346277868,0.011075345789941331,0.5023029066675729,4.2212914698987304e-05
0.92,0.06,0.02,7.1,FiM,0.5005232195437428,0.48626760354785004,0.013167160350116124,0.5005232195437428,4.201655829102632e-05
0.92,0.08,0.0,7.24,AFM,0.7513191760482152,0.7513191760482152,0.02050552981597829,0.2281144895121309,6.080462367559076e-05
0.94,0.0,0.06,6.76,FiM,0.5817170768001635,0.40465562105196506,0.007490970246179209,0.5817170768001635,0.0061363319016922175
0.94,0.02,0.04,6.9,AFM,0.5593289437302322,0.5593289437302322,0.008568664937974667,0.4320427142672201,5.967706457309274e-05
0.94,0.04,0.02,7.04,AFM,0.5555175153215224,0.5555175153215224,0.013634824544281636,0.4307768129326511,7.084720154495261e-05
0.94,0.06,0.0,7.18,AFM,0.6678856723571727,0.6678856723571727,0.01934577095197348,0.31259198827962886,0.0001765684112250031
0.96,0.0,0.04,6.84,FiM,0.49331838309906767,0.45626336702701464,0.011091264438587272,0.49331838309906767,0.039326985435330454
0.96,0.02,0.02,6.9799999999999995,AFM,0.5577692955285452,0.5577692955285452,0.016822516577909508,0.369792413520707,0.055615774372838295
0.96,0.04,0.0,7.12,AFM,0.6894238377952114,0.6894238377952114,0.026647333361632358,0.28218420966308355,0.001744619180072701
0.98,0.0,0.02,6.919999999999999,AFM,0.505022074106409,0.505022074106409,0.01473436760640033,0.2773658375715958,0.20287772071559493
0.98,0.02,0.0,7.06,AFM,0.5385535613904257,0.5385535613904257,0.029415098131775636,0.23975499333371622,0.1922763471440824
1.0,0.0,0.0,7.0,NM,0.4393657591347559,0.12263819271186797,0.24303691760142557,0.19495913055195063,0.4393657591347559
