Executable      : /home/users/felipegc/woltsoft/SIESTA/siesta-5.2.2/build/bin/siesta
Version         : 5.2.2
Architecture    : x86_64
Compiler version: GNU-9.3.0
Compiler flags  : -O3 -march=native
Parallelisations: MPI
Lua support
Native ELPA support
ELSI support. Solvers:
   ELPA (internal) 
   NTPoly
   OMM
DFT-D3 support
Wannier90 wrapper support

Runtime information:
* Directory : /home/users/felipegc/MnGaNi/top/structure_calc_145
* Running on 36 nodes in parallel.
>> Start of run:  18-JUN-2025   3:08:13

                           *********************** 
                           *  WELCOME TO SIESTA  * 
                           *********************** 

 NOTE: Siesta V5 introduces some new defaults for basis-set generation
 NOTE: which might lead to slightly different numerical results.
 NOTE: Please see the manual for full details and compatibility measures.


reinit: Reading from standard input
reinit: Dumping input in INPUT_TMP.48583
************************** Dump of input data file ****************************
SystemName          hea
SystemLabel         hea
Reparametrize.Pseudos T
Restricted.Radial.Grid F
%include atoms.fdf
MaxSCFIterations     20000
SCF.Mix              Hamiltonian
SCF.Mixer.Method     Broyden
#SCF.Mixer.Variant    original #Pulay original
SCF.Mixer.History    8
SCF.Mixer.Weight     0.07
SCF.H.Converge       False
SCF.DM.Converge      True
SCF.DM.Tolerance     5.d-4
SCF.H.Tolerance      5.d-3 eV
MeshCutoff 300.0 Ry
MD.UseSaveCG         False
DM.UseSaveDM         False
NumberOfEigenStates -20
ElectronicTemperature 300 K
WriteCoorXmol        True
XC.Functional     GGA
XC.authors        PBEsol
SpinPolarized      True
SolutionMethod       diagon
#Diag.Algorithm        MRRR
###################################
###################################
# Full template for Basis param.
###################################
###################################
Basis.Pressure 0.3 GPa
PAO.SoftDefault T
PAO.SoftPotential 50.0 Ry
PAO.SoftInnerRadius 0.70
PAO.BasisType split
PAO.EnergyShift 0.0019 eV
PAO.BasisSize TZP
PAO.SplitTailNorm T
            %block kgrid_Monkhorst_Pack
            2  0  0  0.
            0  6  0  0.
            0  0  4  0.
            %endblock kgrid_Monkhorst_Pack
            MD.TypeOfRun CG
            MD.Steps         500
            MD.VariableCell true
            MD.MaxForceTol 0.05 eV/Ang
            WriteMDHistory true
            WriteForces true
            Write.OrbitalIndex true
            Charge.Mulliken end
            COOP.Write true
            %block ProjectedDensityOfStates
            -20.00 20.00 0.1 1000 eV
            %endblock ProjectedDensityOfStates
************************** End of input data file *****************************

reinit: -----------------------------------------------------------------------
reinit: System Name: hea
reinit: -----------------------------------------------------------------------
reinit: System Label: hea
reinit: -----------------------------------------------------------------------

NOTE on units for spin output: 
{S} is the spin magnetic moment, in units of the Bohr magneton,
assuming a g-factor for the electron spin of exactly 2.
The spin magnetic moment is then numerically equal to the charge inbalance,
in units of electrons, between the spin-up and -down channels.


initatom: Reading input for the pseudopotentials and atomic orbitals ----------
Species number:   1 Atomic number:   31 Label: Ga
Species number:   2 Atomic number:   28 Label: Ni
Species number:   3 Atomic number:   25 Label: Mn

Ground state valence configuration (from tables):   4s02  4p01  4d00  4f00
Ground state valence configuration (from tables):   4s02  4p00  3d08  4f00
Ground state valence configuration (from tables):   4s02  4p00  3d05  4f00

---- Processing specs for species: Ga
Reading pseudopotential information in PSML from:
  Ga.psml
PSML file version: 1.1
Using libxc ids:  101 130
GGA--PBE XC_GGA_X_PBE--XC_GGA_C_PBE pb
PSML uuid: 206972b0-be42-11e7-579b-1282fffb1a56
Semicore shell(s) with 10 electrons included in the valence for Ga

---- Processing specs for species: Ni
Reading pseudopotential information in PSML from:
  Ni.psml
PSML file version: 1.1
Using libxc ids:  101 130
GGA--PBE XC_GGA_X_PBE--XC_GGA_C_PBE pb
PSML uuid: 020bdba0-be42-11e7-6ded-a592ddfb3399
Semicore shell(s) with  8 electrons included in the valence for Ni

---- Processing specs for species: Mn
Reading pseudopotential information in PSML from:
  Mn.psml
PSML file version: 1.1
Using libxc ids:  101 130
GGA--PBE XC_GGA_X_PBE--XC_GGA_C_PBE pb
PSML uuid: e5ebd880-be41-11e7-659b-074ddfc7bd15
Semicore shell(s) with  8 electrons included in the valence for Mn

---- Pseudopotential check for Ga

Pseudized shells:
4s( 2.00) rc: 1.67
4p( 1.00) rc: 1.75
3d(10.00) rc: 1.90
Valence configuration for ps generation: 3d:4s:4p: Total charge:  13.000000
Semicore shell(s): 3d
Fallback to non-perturbative polarization scheme for Ga
Please see the manual if this is not desired in principle

---- Pseudopotential check for Ni

Pseudized shells:
3s( 2.00) rc: 1.26
3p( 6.00) rc: 1.35
3d( 8.00) rc: 1.66
Valence configuration for ps generation: 3s:3p:3d:4s: Total charge:  18.000000
Semicore shell(s): 3s 3p
Fallback to non-perturbative polarization scheme for Ni
Please see the manual if this is not desired in principle

---- Pseudopotential check for Mn

Pseudized shells:
3s( 2.00) rc: 1.41
3p( 6.00) rc: 1.21
3d( 5.00) rc: 1.61
Valence configuration for ps generation: 3s:3p:3d:4s: Total charge:  15.000000
Semicore shell(s): 3s 3p
Fallback to non-perturbative polarization scheme for Mn
Please see the manual if this is not desired in principle
For Ga, standard SIESTA heuristics set lmxkb to 3
 (one more than the basis l, including polarization orbitals).
Use PS.lmax or PS.KBprojectors blocks to override.
For Ni, standard SIESTA heuristics set lmxkb to 3
 (one more than the basis l, including polarization orbitals).
Use PS.lmax or PS.KBprojectors blocks to override.
For Mn, standard SIESTA heuristics set lmxkb to 3
 (one more than the basis l, including polarization orbitals).
Use PS.lmax or PS.KBprojectors blocks to override.
Ga pseudopotential only contains V_ls up to l=2 -- lmxkb reset.
Ni pseudopotential only contains V_ls up to l=2 -- lmxkb reset.
Mn pseudopotential only contains V_ls up to l=2 -- lmxkb reset.

<basis_specs>
===============================================================================
Ga                   Z=  31    Mass=  69.723        Charge= 0.17977+309
Lmxo=2 Lmxkb= 2    BasisType=split      Semic=T
L=0  Nsemic=0  Cnfigmx=4
          i=1  nzeta=3  polorb=0  (4s)
            splnorm:   0.15000    
               vcte:    50.000    
               rinn:  -0.70000    
               qcoe:    0.0000    
               qyuk:    0.0000    
               qwid:   0.10000E-01
                rcs:    0.0000      0.0000      0.0000    
            lambdas:    1.0000      1.0000      1.0000    
L=1  Nsemic=0  Cnfigmx=4
          i=1  nzeta=3  polorb=0  (4p)  (to be polarized non-perturbatively)
            splnorm:   0.15000    
               vcte:    50.000    
               rinn:  -0.70000    
               qcoe:    0.0000    
               qyuk:    0.0000    
               qwid:   0.10000E-01
                rcs:    0.0000      0.0000      0.0000    
            lambdas:    1.0000      1.0000      1.0000    
L=2  Nsemic=1  Cnfigmx=4
          i=1  nzeta=1  polorb=0  (3d)  (semicore shell)
            splnorm:   0.15000    
               vcte:    50.000    
               rinn:  -0.70000    
               qcoe:    0.0000    
               qyuk:    0.0000    
               qwid:   0.10000E-01
                rcs:    0.0000    
            lambdas:    1.0000    
          i=2  nzeta=1  polorb=0  (4d)  (non-perturbative polarization shell)
            splnorm:   0.15000    
               vcte:    50.000    
               rinn:  -0.70000    
               qcoe:   0.41121-315
               qyuk:    0.0000    
               qwid:   0.69531-309
                rcs:    0.0000    
            lambdas:    1.0000    
-------------------------------------------------------------------------------
L=0  Nkbl=1  erefs: 0.17977+309
L=1  Nkbl=1  erefs: 0.17977+309
L=2  Nkbl=2  erefs: 0.17977+309 0.17977+309
===============================================================================
</basis_specs>

Using PAO.SplitTailNorm
atom: Called for Ga                    (Z =  31)
Maximum radius (at nrval) set to   50.00000 8518

read_vps: Pseudopotential generation method:
read_vps: ONCVPSP-3.Hamann's oncvpsp                        
Valence charge in pseudo generation:   13.00000

read_vps: Pseudopotential includes a core correction:
read_vps: Pseudo-core for xc-correction

xc_check: Exchange-correlation functional:
xc_check: GGA PBEsol
xc_check: WARNING: Pseudopotential generated with GGA PBE functional
Got Vlocal (oncv-fit) from psml data
Choosing vlocal chloc cutoff:  4.295227
qtot up to nchloc:   13.00023270
atom: Maximum radius for chlocal:    4.29523
atom: Maximum radius for r*vlocal+2*Zval:    4.29523
Reading KB projs from Ga psml data
Using scalar-relativistic projectors in PSML file

PSML: Kleinman-Bylander projectors: 
   l= 0   rc=  1.688643   Ekb= 14.059564
   l= 0   rc=  1.688643   Ekb=  2.289351
   l= 1   rc=  1.772167   Ekb= 13.610457
   l= 1   rc=  1.772167   Ekb=  2.576326
   l= 2   rc=  1.926399   Ekb=-16.756509
   l= 2   rc=  1.926399   Ekb= -5.641527

PSML: Total number of  Kleinman-Bylander projectors:  18
atom: -------------------------------------------------------------------------

atom: SANKEY-TYPE ORBITALS:
atom: Selected multiple-zeta basis: split     

SPLIT: Orbitals with angular momentum L= 0

SPLIT: Basis orbitals for state 4s

SPLIT: PAO cut-off radius determined from an
SPLIT: energy shift=  0.000140 Ry
Split based on tail norm

   izeta = 1
                 lambda =    1.000000
                     rc =    8.573397
                 energy =   -0.660225
                kinetic =    0.501561
    potential(screened) =   -1.161786
       potential(ionic) =  -12.246649

   izeta = 2
                 rmatch =    4.547753
              splitnorm =    0.150000
                 energy =   -0.462291
                kinetic =    0.981430
    potential(screened) =   -1.443721
       potential(ionic) =  -13.770808

   izeta = 3
                 rmatch =    5.338573
              splitnorm =    0.075000
                 energy =   -0.599358
                kinetic =    0.744548
    potential(screened) =   -1.343906
       potential(ionic) =  -13.255962

SPLIT: Orbitals with angular momentum L= 1

SPLIT: Basis orbitals for state 4p

SPLIT: PAO cut-off radius determined from an
SPLIT: energy shift=  0.000140 Ry
Split based on tail norm

   izeta = 1
                 lambda =    1.000000
                     rc =   12.949509
                 energy =   -0.190428
                kinetic =    0.541974
    potential(screened) =   -0.732402
       potential(ionic) =   -9.174065

   izeta = 2
                 rmatch =    6.968471
              splitnorm =    0.150000
                 energy =   -0.153132
                kinetic =    0.764207
    potential(screened) =   -0.917338
       potential(ionic) =  -10.565779

   izeta = 3
                 rmatch =    8.212134
              splitnorm =    0.075000
                 energy =   -0.175794
                kinetic =    0.665884
    potential(screened) =   -0.841678
       potential(ionic) =  -10.014829

SPLIT: Orbitals with angular momentum L= 2

SPLIT: Basis orbitals for state 3d

SPLIT: PAO cut-off radius determined from an
SPLIT: energy shift=  0.000140 Ry
Split based on tail norm

   izeta = 1
                 lambda =    1.000000
                     rc =    4.873342
                 energy =   -1.390864
                kinetic =   12.335179
    potential(screened) =  -13.726043
       potential(ionic) =  -32.471836

SPLIT: Basis orbitals for state 4d
SPLIT: Non-perturbative polarization orbs for state 4p
SPLIT: rc(1st zeta) (re)set to: 12.9495 (expansion factor: 1.0000)
Split based on tail norm

   izeta = 1
                 lambda =    1.000000
                     rc =   12.949509
                 energy =    0.135451
                kinetic =    0.341434
    potential(screened) =   -0.205982
       potential(ionic) =   -4.584821
atom: Total number of Sankey-type orbitals: 22

atm_pop: Valence configuration (for local Pseudopot. screening):
 4s( 2.00)                                                            
 4p( 1.00)                                                            
 3d(10.00) 4d( 0.00)                                                  
Vna: chval, zval:   13.00000  13.00000

Vna:  Cut-off radius for the neutral-atom potential:  12.949509
comcore: Pseudo-core radius Rcore=  2.359857

atom: _________________________________________________________________________

<basis_specs>
===============================================================================
Ni                   Z=  28    Mass=  58.693        Charge= 0.17977+309
Lmxo=2 Lmxkb= 2    BasisType=split      Semic=T
L=0  Nsemic=1  Cnfigmx=4
          i=1  nzeta=1  polorb=0  (3s)  (semicore shell)
            splnorm:   0.15000    
               vcte:    50.000    
               rinn:  -0.70000    
               qcoe:    0.0000    
               qyuk:    0.0000    
               qwid:   0.10000E-01
                rcs:    0.0000    
            lambdas:    1.0000    
          i=2  nzeta=3  polorb=0  (4s)  (to be polarized non-perturbatively)
            splnorm:   0.15000    
               vcte:    50.000    
               rinn:  -0.70000    
               qcoe:    0.0000    
               qyuk:    0.0000    
               qwid:   0.10000E-01
                rcs:    0.0000      0.0000      0.0000    
            lambdas:    1.0000      1.0000      1.0000    
L=1  Nsemic=1  Cnfigmx=4
          i=1  nzeta=1  polorb=0  (3p)  (semicore shell)
            splnorm:   0.15000    
               vcte:    50.000    
               rinn:  -0.70000    
               qcoe:    0.0000    
               qyuk:    0.0000    
               qwid:   0.10000E-01
                rcs:    0.0000    
            lambdas:    1.0000    
          i=2  nzeta=1  polorb=0  (4p)  (non-perturbative polarization shell)
            splnorm:   0.15000    
               vcte:    50.000    
               rinn:  -0.70000    
               qcoe:   0.41121-315
               qyuk:    0.0000    
               qwid:   0.69531-309
                rcs:    0.0000    
            lambdas:    1.0000    
L=2  Nsemic=0  Cnfigmx=3
          i=1  nzeta=3  polorb=0  (3d)
            splnorm:   0.15000    
               vcte:    50.000    
               rinn:  -0.70000    
               qcoe:    0.0000    
               qyuk:    0.0000    
               qwid:   0.10000E-01
                rcs:    0.0000      0.0000      0.0000    
            lambdas:    1.0000      1.0000      1.0000    
-------------------------------------------------------------------------------
L=0  Nkbl=2  erefs: 0.17977+309 0.17977+309
L=1  Nkbl=2  erefs: 0.17977+309 0.17977+309
L=2  Nkbl=1  erefs: 0.17977+309
===============================================================================
</basis_specs>

Using PAO.SplitTailNorm
atom: Called for Ni                    (Z =  28)
Maximum radius (at nrval) set to   50.00000 8518

read_vps: Pseudopotential generation method:
read_vps: ONCVPSP-3.Hamann's oncvpsp                        
Valence charge in pseudo generation:   18.00000

read_vps: Pseudopotential includes a core correction:
read_vps: Pseudo-core for xc-correction

xc_check: Exchange-correlation functional:
xc_check: GGA PBEsol
xc_check: WARNING: Pseudopotential generated with GGA PBE functional
Got Vlocal (oncv-fit) from psml data
Choosing vlocal chloc cutoff:  3.188973
qtot up to nchloc:   17.99992641
atom: Maximum radius for chlocal:    3.18897
atom: Maximum radius for r*vlocal+2*Zval:    3.18897
Reading KB projs from Ni psml data
Using scalar-relativistic projectors in PSML file

PSML: Kleinman-Bylander projectors: 
   l= 0   rc=  1.276377   Ekb= 12.509070
   l= 0   rc=  1.276377   Ekb= -0.503495
   l= 1   rc=  1.371030   Ekb= -5.680418
   l= 1   rc=  1.371030   Ekb= -0.775211
   l= 2   rc=  1.680171   Ekb=-14.446879
   l= 2   rc=  1.680171   Ekb= -5.088878

PSML: Total number of  Kleinman-Bylander projectors:  18
atom: -------------------------------------------------------------------------

atom: SANKEY-TYPE ORBITALS:
atom: Selected multiple-zeta basis: split     

SPLIT: Orbitals with angular momentum L= 0

SPLIT: Basis orbitals for state 3s

SPLIT: PAO cut-off radius determined from an
SPLIT: energy shift=  0.000140 Ry
Split based on tail norm

   izeta = 1
                 lambda =    1.000000
                     rc =    2.999668
                 energy =   -8.139209
                kinetic =    3.776111
    potential(screened) =  -11.915319
       potential(ionic) =  -45.801861

SPLIT: Basis orbitals for state 4s

SPLIT: PAO cut-off radius determined from an
SPLIT: energy shift=  0.000140 Ry
Split based on tail norm

   izeta = 1
                 lambda =    1.000000
                     rc =    9.316220
                 energy =   -0.512978
                kinetic =    1.389681
    potential(screened) =   -1.902658
       potential(ionic) =  -17.770111

   izeta = 2
                 rmatch =    4.957068
              splitnorm =    0.150000
                 energy =   -0.410487
                kinetic =    2.329090
    potential(screened) =   -2.739576
       potential(ionic) =  -21.501560

   izeta = 3
                 rmatch =    5.824741
              splitnorm =    0.075000
                 energy =   -0.473172
                kinetic =    1.899833
    potential(screened) =   -2.373005
       potential(ionic) =  -19.995099

SPLIT: Orbitals with angular momentum L= 1

SPLIT: Basis orbitals for state 3p

SPLIT: PAO cut-off radius determined from an
SPLIT: energy shift=  0.000140 Ry
Split based on tail norm

   izeta = 1
                 lambda =    1.000000
                     rc =    3.414070
                 energy =   -5.225411
                kinetic =    9.244220
    potential(screened) =  -14.469631
       potential(ionic) =  -47.296381

SPLIT: Basis orbitals for state 4p
SPLIT: Non-perturbative polarization orbs for state 4s
SPLIT: rc(1st zeta) (re)set to: 9.3162 (expansion factor: 1.0000)
Split based on tail norm

   izeta = 1
                 lambda =    1.000000
                     rc =    9.316220
                 energy =   -0.065208
                kinetic =    0.825147
    potential(screened) =   -0.890355
       potential(ionic) =  -12.014212

SPLIT: Orbitals with angular momentum L= 2

SPLIT: Basis orbitals for state 3d

SPLIT: PAO cut-off radius determined from an
SPLIT: energy shift=  0.000140 Ry
Split based on tail norm

   izeta = 1
                 lambda =    1.000000
                     rc =    6.323353
                 energy =   -0.639566
                kinetic =   11.441999
    potential(screened) =  -12.081565
       potential(ionic) =  -40.678115

   izeta = 2
                 rmatch =    2.624859
              splitnorm =    0.150000
                 energy =   -0.513226
                kinetic =   13.528651
    potential(screened) =  -14.041878
       potential(ionic) =  -44.582092

   izeta = 3
                 rmatch =    3.356353
              splitnorm =    0.075000
                 energy =   -0.605538
                kinetic =   12.372939
    potential(screened) =  -12.978477
       potential(ionic) =  -42.595740
atom: Total number of Sankey-type orbitals: 25

atm_pop: Valence configuration (for local Pseudopot. screening):
 3s( 2.00) 4s( 2.00)                                                  
 3p( 6.00) 4p( 0.00)                                                  
 3d( 8.00)                                                            
Vna: chval, zval:   18.00000  18.00000

Vna:  Cut-off radius for the neutral-atom potential:   9.316220
comcore: Pseudo-core radius Rcore=  1.817282

atom: _________________________________________________________________________

<basis_specs>
===============================================================================
Mn                   Z=  25    Mass=  54.938        Charge= 0.17977+309
Lmxo=2 Lmxkb= 2    BasisType=split      Semic=T
L=0  Nsemic=1  Cnfigmx=4
          i=1  nzeta=1  polorb=0  (3s)  (semicore shell)
            splnorm:   0.15000    
               vcte:    50.000    
               rinn:  -0.70000    
               qcoe:    0.0000    
               qyuk:    0.0000    
               qwid:   0.10000E-01
                rcs:    0.0000    
            lambdas:    1.0000    
          i=2  nzeta=3  polorb=0  (4s)  (to be polarized non-perturbatively)
            splnorm:   0.15000    
               vcte:    50.000    
               rinn:  -0.70000    
               qcoe:    0.0000    
               qyuk:    0.0000    
               qwid:   0.10000E-01
                rcs:    0.0000      0.0000      0.0000    
            lambdas:    1.0000      1.0000      1.0000    
L=1  Nsemic=1  Cnfigmx=4
          i=1  nzeta=1  polorb=0  (3p)  (semicore shell)
            splnorm:   0.15000    
               vcte:    50.000    
               rinn:  -0.70000    
               qcoe:    0.0000    
               qyuk:    0.0000    
               qwid:   0.10000E-01
                rcs:    0.0000    
            lambdas:    1.0000    
          i=2  nzeta=1  polorb=0  (4p)  (non-perturbative polarization shell)
            splnorm:   0.15000    
               vcte:    50.000    
               rinn:  -0.70000    
               qcoe:   0.41121-315
               qyuk:    0.0000    
               qwid:   0.69531-309
                rcs:    0.0000    
            lambdas:    1.0000    
L=2  Nsemic=0  Cnfigmx=3
          i=1  nzeta=3  polorb=0  (3d)
            splnorm:   0.15000    
               vcte:    50.000    
               rinn:  -0.70000    
               qcoe:    0.0000    
               qyuk:    0.0000    
               qwid:   0.10000E-01
                rcs:    0.0000      0.0000      0.0000    
            lambdas:    1.0000      1.0000      1.0000    
-------------------------------------------------------------------------------
L=0  Nkbl=2  erefs: 0.17977+309 0.17977+309
L=1  Nkbl=2  erefs: 0.17977+309 0.17977+309
L=2  Nkbl=1  erefs: 0.17977+309
===============================================================================
</basis_specs>

Using PAO.SplitTailNorm
atom: Called for Mn                    (Z =  25)
Maximum radius (at nrval) set to   50.00000 8518

read_vps: Pseudopotential generation method:
read_vps: ONCVPSP-3.Hamann's oncvpsp                        
Valence charge in pseudo generation:   15.00000

read_vps: Pseudopotential includes a core correction:
read_vps: Pseudo-core for xc-correction

xc_check: Exchange-correlation functional:
xc_check: GGA PBEsol
xc_check: WARNING: Pseudopotential generated with GGA PBE functional
Got Vlocal (oncv-fit) from psml data
Choosing vlocal chloc cutoff:  3.504263
qtot up to nchloc:   15.00032895
atom: Maximum radius for chlocal:    3.50426
atom: Maximum radius for r*vlocal+2*Zval:    3.50426
Reading KB projs from Mn psml data
Using scalar-relativistic projectors in PSML file

PSML: Kleinman-Bylander projectors: 
   l= 0   rc=  1.427391   Ekb= 18.471374
   l= 0   rc=  1.430269   Ekb=  3.121111
   l= 1   rc=  1.224702   Ekb=  3.156115
   l= 1   rc=  1.224702   Ekb= -1.424352
   l= 2   rc=  1.630219   Ekb=-13.224142
   l= 2   rc=  1.630219   Ekb= -4.330632

PSML: Total number of  Kleinman-Bylander projectors:  18
atom: -------------------------------------------------------------------------

atom: SANKEY-TYPE ORBITALS:
atom: Selected multiple-zeta basis: split     

SPLIT: Orbitals with angular momentum L= 0

SPLIT: Basis orbitals for state 3s

SPLIT: PAO cut-off radius determined from an
SPLIT: energy shift=  0.000140 Ry
Split based on tail norm

   izeta = 1
                 lambda =    1.000000
                     rc =    3.380000
                 energy =   -6.293298
                kinetic =    2.848567
    potential(screened) =   -9.141865
       potential(ionic) =  -33.519753

SPLIT: Basis orbitals for state 4s

SPLIT: PAO cut-off radius determined from an
SPLIT: energy shift=  0.000140 Ry
Split based on tail norm

   izeta = 1
                 lambda =    1.000000
                     rc =   10.002455
                 energy =   -0.450676
                kinetic =    1.112603
    potential(screened) =   -1.563278
       potential(ionic) =  -13.199632

   izeta = 2
                 rmatch =    5.430276
              splitnorm =    0.150000
                 energy =   -0.360834
                kinetic =    1.875764
    potential(screened) =   -2.236598
       potential(ionic) =  -15.982656

   izeta = 3
                 rmatch =    6.342382
              splitnorm =    0.075000
                 energy =   -0.415048
                kinetic =    1.529261
    potential(screened) =   -1.944310
       potential(ionic) =  -14.865309

SPLIT: Orbitals with angular momentum L= 1

SPLIT: Basis orbitals for state 3p

SPLIT: PAO cut-off radius determined from an
SPLIT: energy shift=  0.000140 Ry
Split based on tail norm

   izeta = 1
                 lambda =    1.000000
                     rc =    3.873861
                 energy =   -3.996757
                kinetic =    6.976018
    potential(screened) =  -10.972775
       potential(ionic) =  -34.563053

SPLIT: Basis orbitals for state 4p
SPLIT: Non-perturbative polarization orbs for state 4s
SPLIT: rc(1st zeta) (re)set to: 10.0025 (expansion factor: 1.0000)
Split based on tail norm

   izeta = 1
                 lambda =    1.000000
                     rc =   10.002455
                 energy =   -0.085879
                kinetic =    0.770317
    potential(screened) =   -0.856196
       potential(ionic) =   -9.409918

SPLIT: Orbitals with angular momentum L= 2

SPLIT: Basis orbitals for state 3d

SPLIT: PAO cut-off radius determined from an
SPLIT: energy shift=  0.000140 Ry
Split based on tail norm

   izeta = 1
                 lambda =    1.000000
                     rc =    7.238756
                 energy =   -0.490123
                kinetic =    9.261574
    potential(screened) =   -9.751697
       potential(ionic) =  -30.334327

   izeta = 2
                 rmatch =    3.144499
              splitnorm =    0.150000
                 energy =   -0.401801
                kinetic =   11.021778
    potential(screened) =  -11.423579
       potential(ionic) =  -33.555539

   izeta = 3
                 rmatch =    3.972182
              splitnorm =    0.075000
                 energy =   -0.464167
                kinetic =   10.072383
    potential(screened) =  -10.536551
       potential(ionic) =  -31.940836
atom: Total number of Sankey-type orbitals: 25

atm_pop: Valence configuration (for local Pseudopot. screening):
 3s( 2.00) 4s( 2.00)                                                  
 3p( 6.00) 4p( 0.00)                                                  
 3d( 5.00)                                                            
Vna: chval, zval:   15.00000  15.00000

Vna:  Cut-off radius for the neutral-atom potential:  10.002455
comcore: Pseudo-core radius Rcore=  2.115123

atom: _________________________________________________________________________

prinput: Basis input 

PAO.BasisType split     

%block ChemicalSpeciesLabel
    1   31 Ga                      # Species index, atomic number, species label
    2   28 Ni                      # Species index, atomic number, species label
    3   25 Mn                      # Species index, atomic number, species label
%endblock ChemicalSpeciesLabel

%block PAO.Basis                 # Define Basis set
# WARNING: This information might be incomplete!
Ga                    4                    # Species label, number of l-shells
 n=4   0   3                         # n, l, Nzeta 
   8.573      4.548      5.339   
   1.000      1.000      1.000   
 n=4   1   3                         # n, l, Nzeta 
  12.950      6.968      8.212   
   1.000      1.000      1.000   
 n=3   2   1                         # n, l, Nzeta 
   4.873   
   1.000   
 n=4   2   1                         # n, l, Nzeta 
  12.950   
   1.000   
Ni                    5                    # Species label, number of l-shells
 n=3   0   1                         # n, l, Nzeta 
   3.000   
   1.000   
 n=4   0   3                         # n, l, Nzeta 
   9.316      4.957      5.825   
   1.000      1.000      1.000   
 n=3   1   1                         # n, l, Nzeta 
   3.414   
   1.000   
 n=4   1   1                         # n, l, Nzeta 
   9.316   
   1.000   
 n=3   2   3                         # n, l, Nzeta 
   6.323      2.625      3.356   
   1.000      1.000      1.000   
Mn                    5                    # Species label, number of l-shells
 n=3   0   1                         # n, l, Nzeta 
   3.380   
   1.000   
 n=4   0   3                         # n, l, Nzeta 
  10.002      5.430      6.342   
   1.000      1.000      1.000   
 n=3   1   1                         # n, l, Nzeta 
   3.874   
   1.000   
 n=4   1   1                         # n, l, Nzeta 
  10.002   
   1.000   
 n=3   2   3                         # n, l, Nzeta 
   7.239      3.144      3.972   
   1.000      1.000      1.000   
%endblock PAO.Basis

prinput: ----------------------------------------------------------------------

coor:   Atomic-coordinates input format  =     Fractional

siesta: Atomic coordinates (Bohr) and species
siesta:      0.00000   0.00000   0.00000  1        1
siesta:     14.11067   0.00000   0.00000  1        2
siesta:     11.75890   2.35178   3.32592  1        3
siesta:      9.40712   0.00000   0.00000  2        4
siesta:     18.81423   0.00000   0.00000  2        5
siesta:      4.70356   0.00000   0.00000  3        6
siesta:      2.35178   2.35178   3.32592  3        7
siesta:      7.05534   2.35178   3.32592  3        8
siesta:     16.46245   2.35178   3.32592  3        9
siesta:     21.16601   2.35178   3.32592  3       10

siesta: System type = bulk      

initatomlists: Number of atoms, orbitals, and projectors:     10   241   180

coxmol: Writing XMOL coordinates into file hea.xyz                                                                                                                                                                                                                             

siesta: ******************** Simulation parameters ****************************
siesta:
siesta: The following are some of the parameters of the simulation.
siesta: A complete list of the parameters used, including default values,
siesta: can be found in file out.fdf
siesta:
redata: Spin configuration                          = collinear
redata: Number of spin components                   = 2
redata: Time-Reversal Symmetry                      = T
redata: Spin spiral                                 = F
redata: Long output                                 =   F
redata: Number of Atomic Species                    =        3
redata: Charge density info will appear in .RHO file
redata: Write Mulliken charges (when)               = end
redata: Write Mulliken Pop.                         = Atomic and Orbital charges
redata: Write Hirshfeld charges (when)              = none
redata: Write Voronoi charges (when)                = none
redata: Write spin charge (when)                    = scf
redata: Matel table size (NRTAB)                    =     1024
redata: Mesh Cutoff                                 =   300.0000 Ry
redata: Net charge of the system                    =     0.0000 |e|
redata: Min. number of SCF Iter                     =        0
redata: Max. number of SCF Iter                     =    20000
redata: SCF convergence failure will abort job
redata: SCF mix quantity                            = Hamiltonian
redata: Mix DM or H after convergence               =   F
redata: Recompute H after scf cycle                 =   F
redata: Mix DM in first SCF step                    =   T
redata: Write Pulay info on disk                    =   F
redata: New DM Occupancy tolerance                  = 0.000000000001
redata: No kicks to SCF
redata: DM Mixing Weight for Kicks                  =     0.5000
redata: Require Harris convergence for SCF          =   F
redata: Harris energy tolerance for SCF             =     0.000100 eV
redata: Require DM convergence for SCF              =   T
redata: DM tolerance for SCF                        =     0.000500
redata: Require EDM convergence for SCF             =   F
redata: EDM tolerance for SCF                       =     0.001000 eV
redata: Require H convergence for SCF               =   F
redata: Hamiltonian tolerance for SCF               =     0.005000 eV
redata: Require (free) Energy convergence for SCF   =   F
redata: (free) Energy tolerance for SCF             =     0.000100 eV
redata: Antiferro initial spin density              =   F
redata: Using DFT-D3 dispersion                     =   F
redata: Using Saved Data (generic)                  =   F
redata: Use continuation files for DM               =   F
redata: Neglect nonoverlap interactions             =   F
redata: Method of Calculation                       = Diagonalization
redata: Electronic Temperature                      =   300.0000 K
redata: Fix the spin of the system                  =   F
redata: Max. number of TDED Iter                    =        1
redata: Number of TDED substeps                     =        3
redata: Dynamics option                             = CG coord. optimization
redata: Variable cell                               =   T
redata: Use continuation files for CG               =   F
redata: Max atomic displ per move                   =     0.1058 Ang
redata: Maximum number of optimization moves        =      500
redata: Force tolerance                             =     0.0500 eV/Ang
redata: Stress tolerance                            =     1.0000 GPa
mix.SCF: Broyden mixing                          = Broyden
mix.SCF:    History steps                        = 8
mix.SCF:    Linear mixing weight                 =     0.070000
mix.SCF:    Inverse Jacobian weight              =     0.070000
mix.SCF:    Weight prime                         =     0.070000
mix.SCF:    SVD condition                        = 0.1000E-07
mix.SCF: Spin-component mixing                   all
redata: ***********************************************************************

%block SCF.Mixers
  Broyden
%endblock SCF.Mixers

%block SCF.Mixer.Broyden
  # Mixing method
  method broyden

  # Mixing options
  weight 0.0700
  weight.linear 0.0700
  weight.prime 0.0700
  history 8
%endblock SCF.Mixer.Broyden

DM_history_depth set to one: no extrapolation allowed by default for geometry relaxation
Size of DM history Fstack: 1
Total number of electrons:   150.000000
Total ionic charge:   150.000000

* ProcessorY, Blocksize:    4   6


* Orbital distribution balance (max,min):    12     6

k-point displ. along   1 input, could be:     0.00    0.50
k-point displ. along   2 input, could be:     0.00    0.50
k-point displ. along   3 input, could be:     0.00    0.50
 Kpoints in:           32 . Kpoints trimmed:           31

siesta: k-grid: Number of k-points = 31
siesta: k-points from Monkhorst-Pack grid
siesta: k-cutoff (effective) =     7.040 Ang
siesta: k-point supercell and displacements
siesta: k-grid:     2     0     0      0.000
siesta: k-grid:     0     6     0      0.000
siesta: k-grid:     0     0     4      0.000
k-point displ. along   1 input, could be:     0.00    0.50
k-point displ. along   2 input, could be:     0.00    0.50
k-point displ. along   3 input, could be:     0.00    0.50
 Kpoints in:           32 . Kpoints trimmed:           31

siesta: PDOS k-grid: Number of k-points = 31
siesta: PDOS k-points from Monkhorst-Pack grid
siesta: PDOS k-cutoff (effective) =     0.000 Ang
siesta: PDOS k-point supercell and displacements
siesta: k-grid:     2     0     0      0.000
siesta: k-grid:     0     6     0      0.000
siesta: k-grid:     0     0     4      0.000

diag: Algorithm                                     = D&C
diag: Parallel over k                               =   F
diag: Use parallel 2D distribution                  =   T
diag: Parallel block-size                           = 6
diag: Parallel distribution                         =     6 x     6
diag: Used triangular part                          = Lower
diag: Absolute tolerance                            =  0.100E-15
diag: Orthogonalization factor                      =  0.100E-05
diag: Memory factor                                 =  1.0000
diag: The diagonalization method chosen cannot compute a reduced number of eigenvectors.
diag: Resetting neigwanted 97 to 241

superc: Internal auxiliary supercell:     3 x    13 x     9  =     351
superc: Number of atoms, orbitals, and projectors:   3510  84591  63180


ts: **************************************************************
ts: Save H and S matrices                           =    F
ts: Save DM and EDM matrices                        =    F
ts: Only save the overlap matrix S                  =    F
ts: **************************************************************

************************ Begin: TS CHECKS AND WARNINGS ************************
************************ End: TS CHECKS AND WARNINGS **************************


                     ====================================
                        Begin CG opt. move =      0
                     ====================================

superc: Internal auxiliary supercell:     3 x    13 x     9  =     351
superc: Number of atoms, orbitals, and projectors:   3510  84591  63180

outcell: Unit cell vectors (Ang):
       12.445079    0.000000    0.000000
        0.000000    2.489016    0.000000
        0.000000    0.000000    3.520000

outcell: Cell vector modules (Ang)   :   12.445079    2.489016    3.520000
outcell: Cell angles (23,13,12) (deg):     90.0000     90.0000     90.0000
outcell: Cell volume (Ang**3)        :    109.0355
<dSpData1D:S at geom step 0
  <sparsity:sparsity for geom step 0
    nrows_g=241 nrows=12 sparsity=1.4250 nnzs=82765, refcount: 7>
  <dData1D:(new from dSpData1D) n=82765, refcount: 1>
refcount: 1>
new_DM -- step:     1
Initializing Density Matrix...
DM filled with atomic data:
<dSpData2D:DM initialized from atoms
  <sparsity:sparsity for geom step 0
    nrows_g=241 nrows=12 sparsity=1.4250 nnzs=82765, refcount: 8>
  <dData2D:DM n=82765 m=2, refcount: 1>
refcount: 1>
No. of atoms with KB's overlaping orbs in proc 0. Max # of overlaps:     263    1175

InitMesh: MESH = 144 x 30 x 40 = 172800
InitMesh: Mesh cutoff (required, used) =   300.000   356.892 Ry
New grid distribution [1]: sub = 2
New grid distribution [2]: sub = 2
New grid distribution [3]: sub = 2
Setting up quadratic distribution...

stepf: Fermi-Dirac step function

siesta: Program's energy decomposition (eV):
siesta: Ebs     =     -5320.703913
siesta: Eions   =     38392.307325
siesta: Ena     =      3018.352940
siesta: Ekin    =     15749.860744
siesta: Enl     =     -5411.250995
siesta: Eso     =         0.000000
siesta: Edftu   =         0.000000
siesta: DEna    =       199.510791
siesta: DUscf   =         8.032493
siesta: DUext   =         0.000000
siesta: Ex      =     -4993.971319
siesta: Ec      =      -308.614750
siesta: Exc     =     -5302.586069
siesta: EbV     =         0.000000
siesta: eta*DQ  =         0.000000
siesta: Emadel  =         0.000000
siesta: Emeta   =         0.000000
siesta: Emolmec =         0.000000
siesta: Ekinion =         0.000000
siesta: Eharris =    -30001.146264
siesta: Etot    =    -30130.387423
siesta: FreeEng =    -30130.404695

        iscf     Eharris(eV)        E_KS(eV)     FreeEng(eV)     dDmax    Ef(eV) dHmax(eV)
   scf:    1   -30001.146264   -30130.387423   -30130.404695 12.453813 -6.226165 14.154113
     spin moment: {S} , |S| = {        0.0        0.0   18.00588 }    18.00588
timer: Routine,Calls,Time,% = IterSCF        1       6.053  10.03
   scf:    2   -30094.930471   -30123.623000   -30123.637834  0.747948 -6.314420 22.690727
     spin moment: {S} , |S| = {        0.0        0.0   17.43882 }    17.43882
   scf:    3   -30131.780406   -30134.568786   -30134.582290  0.816566 -6.391526  5.963414
     spin moment: {S} , |S| = {        0.0        0.0   17.67150 }    17.67150
   scf:    4   -30134.945917   -30135.107047   -30135.120443  0.293341 -6.460428  4.184786
     spin moment: {S} , |S| = {        0.0        0.0   17.59905 }    17.59905
   scf:    5   -30135.813392   -30135.513825   -30135.527526  0.298702 -6.539355  2.463163
     spin moment: {S} , |S| = {        0.0        0.0   17.50774 }    17.50774
   scf:    6   -30136.812726   -30136.231549   -30136.249997  0.831444 -6.785762  1.986556
     spin moment: {S} , |S| = {        0.0        0.0   16.94982 }    16.94982
   scf:    7   -30137.074227   -30136.692271   -30136.711732  0.538473 -6.931217  1.683239
     spin moment: {S} , |S| = {        0.0        0.0   16.14747 }    16.14747
   scf:    8   -30136.516128   -30136.708348   -30136.732301  0.304281 -6.987019  4.264979
     spin moment: {S} , |S| = {        0.0        0.0   15.21241 }    15.21241
   scf:    9   -30133.166714   -30136.254210   -30136.281450  0.249648 -7.042701  6.282761
     spin moment: {S} , |S| = {        0.0        0.0   14.67543 }    14.67543
   scf:   10   -30136.688548   -30137.430726   -30137.452723  0.351744 -7.069675  2.577429
     spin moment: {S} , |S| = {        0.0        0.0   13.83514 }    13.83514
   scf:   11   -30138.106565   -30137.863776   -30137.883862  0.216070 -7.125169  1.262457
     spin moment: {S} , |S| = {        0.0        0.0   12.77077 }    12.77077
   scf:   12   -30137.920397   -30137.905940   -30137.925984  0.024481 -7.123520  0.823678
     spin moment: {S} , |S| = {        0.0        0.0   12.68960 }    12.68960
   scf:   13   -30137.999841   -30137.978245   -30137.998133  0.118488 -7.144547  2.159121
     spin moment: {S} , |S| = {        0.0        0.0   12.07467 }    12.07467
   scf:   14   -30138.292140   -30138.168851   -30138.191917  0.195523 -7.174587  0.702822
     spin moment: {S} , |S| = {        0.0        0.0   11.45642 }    11.45642
   scf:   15   -30138.262291   -30138.220033   -30138.245410  0.103891 -7.185695  0.925804
     spin moment: {S} , |S| = {        0.0        0.0   11.14181 }    11.14181
   scf:   16   -30138.105711   -30138.221925   -30138.247316  0.122744 -7.189344  2.097672
     spin moment: {S} , |S| = {        0.0        0.0   10.68689 }    10.68689
   scf:   17   -30138.372701   -30138.341501   -30138.365636  0.042543 -7.195928  0.496898
     spin moment: {S} , |S| = {        0.0        0.0   10.41574 }    10.41574
   scf:   18   -30138.400983   -30138.373122   -30138.396936  0.055903 -7.192061  0.883036
     spin moment: {S} , |S| = {        0.0        0.0   10.20191 }    10.20191
   scf:   19   -30138.373854   -30138.376982   -30138.400942  0.026021 -7.189059  1.206958
     spin moment: {S} , |S| = {        0.0        0.0   10.12956 }    10.12956
   scf:   20   -30138.521272   -30138.457204   -30138.483249  0.100635 -7.189134  0.637726
     spin moment: {S} , |S| = {        0.0        0.0    9.75086 }     9.75086
   scf:   21   -30138.472814   -30138.486562   -30138.510356  0.070583 -7.200992  1.603079
     spin moment: {S} , |S| = {        0.0        0.0    9.27915 }     9.27915
   scf:   22   -30138.233832   -30138.377809   -30138.401516  0.019585 -7.202563  2.927001
     spin moment: {S} , |S| = {        0.0        0.0    9.27882 }     9.27882
   scf:   23   -30138.382594   -30138.380368   -30138.405851  0.031855 -7.199695  2.598828
     spin moment: {S} , |S| = {        0.0        0.0    9.47651 }     9.47651
   scf:   24   -30138.220645   -30138.306609   -30138.331385  0.016942 -7.202852  3.255806
     spin moment: {S} , |S| = {        0.0        0.0    9.38560 }     9.38560
   scf:   25   -30138.573349   -30138.509465   -30138.534376  0.041521 -7.196734  0.777846
     spin moment: {S} , |S| = {        0.0        0.0    9.41679 }     9.41679
   scf:   26   -30138.633557   -30138.570214   -30138.592174  0.074132 -7.200896  0.437309
     spin moment: {S} , |S| = {        0.0        0.0    9.10561 }     9.10561
   scf:   27   -30138.658385   -30138.616568   -30138.636893  0.080125 -7.202402  0.818320
     spin moment: {S} , |S| = {        0.0        0.0    8.85148 }     8.85148
   scf:   28   -30138.644297   -30138.647127   -30138.664667  0.244030 -7.225510  1.827864
     spin moment: {S} , |S| = {        0.0        0.0    8.14638 }     8.14638
   scf:   29   -30138.623879   -30138.635917   -30138.653361  0.010602 -7.227447  2.002581
     spin moment: {S} , |S| = {        0.0        0.0    8.10787 }     8.10787
   scf:   30   -30138.658577   -30138.648070   -30138.666340  0.057769 -7.219388  1.601546
     spin moment: {S} , |S| = {        0.0        0.0    8.28383 }     8.28383
   scf:   31   -30138.635441   -30138.642009   -30138.659612  0.034862 -7.224765  1.830636
     spin moment: {S} , |S| = {        0.0        0.0    8.16778 }     8.16778
   scf:   32   -30138.637157   -30138.639313   -30138.657587  0.058300 -7.220031  1.621170
     spin moment: {S} , |S| = {        0.0        0.0    8.29566 }     8.29566
   scf:   33   -30138.578220   -30138.629705   -30138.649734  0.152558 -7.201882  0.475217
     spin moment: {S} , |S| = {        0.0        0.0    8.77384 }     8.77384
   scf:   34   -30138.698926   -30138.666372   -30138.686326  0.117592 -7.208180  0.689744
     spin moment: {S} , |S| = {        0.0        0.0    8.50287 }     8.50287
   scf:   35   -30138.672266   -30138.669986   -30138.689452  0.039409 -7.209302  0.473037
     spin moment: {S} , |S| = {        0.0        0.0    8.45080 }     8.45080
   scf:   36   -30138.800079   -30138.727698   -30138.745123  0.161718 -7.216045  0.261564
     spin moment: {S} , |S| = {        0.0        0.0    8.07778 }     8.07778
   scf:   37   -30138.756738   -30138.744984   -30138.762719  0.066200 -7.214751  0.693004
     spin moment: {S} , |S| = {        0.0        0.0    7.88680 }     7.88680
   scf:   38   -30138.753781   -30138.749872   -30138.767781  0.018870 -7.217075  0.561381
     spin moment: {S} , |S| = {        0.0        0.0    7.85033 }     7.85033
   scf:   39   -30138.811637   -30138.777111   -30138.796656  0.083123 -7.223164  0.559795
     spin moment: {S} , |S| = {        0.0        0.0    7.51468 }     7.51468
   scf:   40   -30138.770079   -30138.774153   -30138.793568  0.022990 -7.221964  0.535782
     spin moment: {S} , |S| = {        0.0        0.0    7.52098 }     7.52098
   scf:   41   -30138.769867   -30138.772145   -30138.791556  0.005084 -7.221059  0.647149
     spin moment: {S} , |S| = {        0.0        0.0    7.52462 }     7.52462
   scf:   42   -30138.799410   -30138.787320   -30138.806752  0.052655 -7.224549  0.340991
     spin moment: {S} , |S| = {        0.0        0.0    7.53932 }     7.53932
   scf:   43   -30138.810664   -30138.798181   -30138.817470  0.078706 -7.227392  0.548527
     spin moment: {S} , |S| = {        0.0        0.0    7.40044 }     7.40044
   scf:   44   -30138.774929   -30138.787129   -30138.806519  0.097671 -7.225789  0.306448
     spin moment: {S} , |S| = {        0.0        0.0    7.54324 }     7.54324
   scf:   45   -30138.817156   -30138.801337   -30138.820534  0.097393 -7.228307  0.591673
     spin moment: {S} , |S| = {        0.0        0.0    7.44019 }     7.44019
   scf:   46   -30138.770931   -30138.785149   -30138.804307  0.107975 -7.223430  0.232120
     spin moment: {S} , |S| = {        0.0        0.0    7.61907 }     7.61907
   scf:   47   -30138.793000   -30138.789005   -30138.808223  0.017467 -7.223726  0.220350
     spin moment: {S} , |S| = {        0.0        0.0    7.59618 }     7.59618
   scf:   48   -30138.792123   -30138.790550   -30138.809783  0.007870 -7.224004  0.227844
     spin moment: {S} , |S| = {        0.0        0.0    7.58866 }     7.58866
   scf:   49   -30138.785899   -30138.788189   -30138.807409  0.011569 -7.223449  0.218926
     spin moment: {S} , |S| = {        0.0        0.0    7.59756 }     7.59756
   scf:   50   -30138.784245   -30138.786198   -30138.805413  0.008058 -7.223000  0.225898
     spin moment: {S} , |S| = {        0.0        0.0    7.60139 }     7.60139
   scf:   51   -30138.790213   -30138.788173   -30138.807463  0.009134 -7.223997  0.225750
     spin moment: {S} , |S| = {        0.0        0.0    7.56812 }     7.56812
   scf:   52   -30138.790095   -30138.789127   -30138.808446  0.004619 -7.224196  0.219197
     spin moment: {S} , |S| = {        0.0        0.0    7.55305 }     7.55305
   scf:   53   -30138.783137   -30138.786059   -30138.805283  0.013973 -7.223349  0.227449
     spin moment: {S} , |S| = {        0.0        0.0    7.59647 }     7.59647
   scf:   54   -30138.794972   -30138.790364   -30138.809727  0.019311 -7.224242  0.209275
     spin moment: {S} , |S| = {        0.0        0.0    7.53366 }     7.53366
   scf:   55   -30138.784892   -30138.787571   -30138.806849  0.013267 -7.223788  0.212369
     spin moment: {S} , |S| = {        0.0        0.0    7.56925 }     7.56925
   scf:   56   -30138.795316   -30138.791358   -30138.810698  0.017306 -7.224726  0.189292
     spin moment: {S} , |S| = {        0.0        0.0    7.52775 }     7.52775
   scf:   57   -30138.801508   -30138.796286   -30138.815565  0.024959 -7.226472  0.202573
     spin moment: {S} , |S| = {        0.0        0.0    7.50953 }     7.50953
   scf:   58   -30138.785852   -30138.790900   -30138.810134  0.026213 -7.225696  0.189372
     spin moment: {S} , |S| = {        0.0        0.0    7.55923 }     7.55923
   scf:   59   -30138.782174   -30138.786427   -30138.805617  0.020058 -7.224146  0.194447
     spin moment: {S} , |S| = {        0.0        0.0    7.59362 }     7.59362
   scf:   60   -30138.788526   -30138.787457   -30138.806710  0.004796 -7.224166  0.194148
     spin moment: {S} , |S| = {        0.0        0.0    7.57065 }     7.57065
   scf:   61   -30138.793525   -30138.790432   -30138.809747  0.014649 -7.225076  0.189949
     spin moment: {S} , |S| = {        0.0        0.0    7.53618 }     7.53618
   scf:   62   -30138.789635   -30138.790032   -30138.809322  0.001992 -7.225112  0.186473
     spin moment: {S} , |S| = {        0.0        0.0    7.54551 }     7.54551
   scf:   63   -30138.776364   -30138.782898   -30138.802122  0.033595 -7.223012  0.227317
     spin moment: {S} , |S| = {        0.0        0.0    7.59017 }     7.59017
   scf:   64   -30138.798778   -30138.790492   -30138.809776  0.035926 -7.224976  0.206596
     spin moment: {S} , |S| = {        0.0        0.0    7.55151 }     7.55151
   scf:   65   -30138.784655   -30138.787516   -30138.806786  0.015484 -7.223847  0.209649
     spin moment: {S} , |S| = {        0.0        0.0    7.56798 }     7.56798
   scf:   66   -30138.784597   -30138.786031   -30138.805228  0.007890 -7.223142  0.218999
     spin moment: {S} , |S| = {        0.0        0.0    7.59868 }     7.59868
   scf:   67   -30138.780546   -30138.783239   -30138.802437  0.011899 -7.222474  0.227293
     spin moment: {S} , |S| = {        0.0        0.0    7.60570 }     7.60570
   scf:   68   -30138.784156   -30138.783688   -30138.802942  0.003530 -7.222507  0.226134
     spin moment: {S} , |S| = {        0.0        0.0    7.59044 }     7.59044
   scf:   69   -30138.786032   -30138.784782   -30138.804203  0.013341 -7.223073  0.216982
     spin moment: {S} , |S| = {        0.0        0.0    7.54678 }     7.54678
   scf:   70   -30138.799583   -30138.791871   -30138.811310  0.032328 -7.224689  0.215817
     spin moment: {S} , |S| = {        0.0        0.0    7.49608 }     7.49608
   scf:   71   -30138.790606   -30138.791243   -30138.810656  0.005620 -7.225525  0.201852
     spin moment: {S} , |S| = {        0.0        0.0    7.51369 }     7.51369
   scf:   72   -30138.791910   -30138.791421   -30138.810972  0.016807 -7.225023  0.219260
     spin moment: {S} , |S| = {        0.0        0.0    7.45525 }     7.45525
   scf:   73   -30138.790187   -30138.790404   -30138.809744  0.033368 -7.225253  0.232052
     spin moment: {S} , |S| = {        0.0        0.0    7.55910 }     7.55910
   scf:   74   -30138.777213   -30138.783307   -30138.802789  0.035472 -7.222759  0.237277
     spin moment: {S} , |S| = {        0.0        0.0    7.54787 }     7.54787
   scf:   75   -30138.785632   -30138.784485   -30138.803985  0.011683 -7.223390  0.212300
     spin moment: {S} , |S| = {        0.0        0.0    7.51617 }     7.51617
   scf:   76   -30138.786090   -30138.785281   -30138.804810  0.004317 -7.223684  0.209633
     spin moment: {S} , |S| = {        0.0        0.0    7.50385 }     7.50385
   scf:   77   -30138.789174   -30138.787092   -30138.806474  0.015086 -7.223884  0.188938
     spin moment: {S} , |S| = {        0.0        0.0    7.54305 }     7.54305
   scf:   78   -30138.790080   -30138.788435   -30138.807600  0.021631 -7.223686  0.207956
     spin moment: {S} , |S| = {        0.0        0.0    7.57992 }     7.57992
   scf:   79   -30138.783496   -30138.785929   -30138.805055  0.009231 -7.223326  0.212214
     spin moment: {S} , |S| = {        0.0        0.0    7.60525 }     7.60525
   scf:   80   -30138.785429   -30138.785680   -30138.804809  0.002310 -7.223214  0.218591
     spin moment: {S} , |S| = {        0.0        0.0    7.60241 }     7.60241
   scf:   81   -30138.798237   -30138.791647   -30138.811008  0.023944 -7.224382  0.202725
     spin moment: {S} , |S| = {        0.0        0.0    7.51772 }     7.51772
   scf:   82   -30138.794752   -30138.793175   -30138.812594  0.008226 -7.224865  0.201753
     spin moment: {S} , |S| = {        0.0        0.0    7.49714 }     7.49714
   scf:   83   -30138.786263   -30138.789632   -30138.809079  0.016983 -7.224007  0.211924
     spin moment: {S} , |S| = {        0.0        0.0    7.50560 }     7.50560
   scf:   84   -30138.844230   -30138.813447   -30138.832377  0.112986 -7.228863  0.223447
     spin moment: {S} , |S| = {        0.0        0.0    7.41122 }     7.41122
   scf:   85   -30138.815061   -30138.814252   -30138.833132  0.003198 -7.228985  0.219170
     spin moment: {S} , |S| = {        0.0        0.0    7.41131 }     7.41131
   scf:   86   -30138.824407   -30138.819133   -30138.837709  0.018241 -7.229776  0.202560
     spin moment: {S} , |S| = {        0.0        0.0    7.42123 }     7.42123
   scf:   87   -30138.798540   -30138.808465   -30138.827237  0.045676 -7.227524  0.337715
     spin moment: {S} , |S| = {        0.0        0.0    7.50549 }     7.50549
   scf:   88   -30138.813596   -30138.810991   -30138.829831  0.019887 -7.228355  0.266402
     spin moment: {S} , |S| = {        0.0        0.0    7.46145 }     7.46145
   scf:   89   -30138.813546   -30138.812255   -30138.831018  0.005540 -7.228611  0.266628
     spin moment: {S} , |S| = {        0.0        0.0    7.46435 }     7.46435
   scf:   90   -30138.819350   -30138.815683   -30138.834473  0.014789 -7.229220  0.235067
     spin moment: {S} , |S| = {        0.0        0.0    7.41055 }     7.41055
   scf:   91   -30138.804167   -30138.809589   -30138.828701  0.023002 -7.228336  0.255221
     spin moment: {S} , |S| = {        0.0        0.0    7.40002 }     7.40002
   scf:   92   -30138.832179   -30138.820264   -30138.839148  0.041993 -7.230325  0.212721
     spin moment: {S} , |S| = {        0.0        0.0    7.31990 }     7.31990
   scf:   93   -30138.848524   -30138.833253   -30138.851644  0.040756 -7.231362  0.265666
     spin moment: {S} , |S| = {        0.0        0.0    7.32994 }     7.32994
   scf:   94   -30138.833901   -30138.833961   -30138.852134  0.021035 -7.230389  0.296168
     spin moment: {S} , |S| = {        0.0        0.0    7.36139 }     7.36139
   scf:   95   -30138.875179   -30138.852365   -30138.871352  0.065858 -7.232311  0.196566
     spin moment: {S} , |S| = {        0.0        0.0    7.28434 }     7.28434
   scf:   96   -30138.851530   -30138.851552   -30138.871594  0.038373 -7.232608  0.286473
     spin moment: {S} , |S| = {        0.0        0.0    7.18231 }     7.18231
   scf:   97   -30138.882875   -30138.865653   -30138.887201  0.085327 -7.236096  0.458254
     spin moment: {S} , |S| = {        0.0        0.0    7.08283 }     7.08283
   scf:   98   -30138.851553   -30138.858258   -30138.879238  0.039380 -7.234181  0.442803
     spin moment: {S} , |S| = {        0.0        0.0    7.12960 }     7.12960
   scf:   99   -30138.860317   -30138.859200   -30138.879751  0.019432 -7.233874  0.519732
     spin moment: {S} , |S| = {        0.0        0.0    7.17380 }     7.17380
   scf:  100   -30138.882479   -30138.869854   -30138.891088  0.120155 -7.238420  0.893420
     spin moment: {S} , |S| = {        0.0        0.0    7.07415 }     7.07415
   scf:  101   -30138.868563   -30138.869202   -30138.890685  0.029293 -7.237307  0.768409
     spin moment: {S} , |S| = {        0.0        0.0    7.07112 }     7.07112
   scf:  102   -30138.873659   -30138.871357   -30138.893178  0.013739 -7.237459  0.741007
     spin moment: {S} , |S| = {        0.0        0.0    7.02863 }     7.02863
   scf:  103   -30138.844923   -30138.856919   -30138.876877  0.127870 -7.233144  0.250442
     spin moment: {S} , |S| = {        0.0        0.0    7.20725 }     7.20725
   scf:  104   -30138.852141   -30138.854519   -30138.874373  0.009416 -7.233085  0.299373
     spin moment: {S} , |S| = {        0.0        0.0    7.21332 }     7.21332
   scf:  105   -30138.855601   -30138.855077   -30138.875095  0.009421 -7.233063  0.235721
     spin moment: {S} , |S| = {        0.0        0.0    7.19298 }     7.19298
   scf:  106   -30138.853170   -30138.854117   -30138.874024  0.003992 -7.232913  0.248653
     spin moment: {S} , |S| = {        0.0        0.0    7.20167 }     7.20167
   scf:  107   -30138.851775   -30138.852929   -30138.872718  0.009511 -7.232884  0.229484
     spin moment: {S} , |S| = {        0.0        0.0    7.20483 }     7.20483
   scf:  108   -30138.861674   -30138.857128   -30138.877293  0.025917 -7.233361  0.258957
     spin moment: {S} , |S| = {        0.0        0.0    7.18931 }     7.18931
   scf:  109   -30138.860202   -30138.858646   -30138.878977  0.008221 -7.233568  0.265483
     spin moment: {S} , |S| = {        0.0        0.0    7.17858 }     7.17858
   scf:  110   -30138.841547   -30138.849457   -30138.869038  0.040499 -7.232740  0.310925
     spin moment: {S} , |S| = {        0.0        0.0    7.22502 }     7.22502
   scf:  111   -30138.850800   -30138.850079   -30138.869880  0.016002 -7.232989  0.263895
     spin moment: {S} , |S| = {        0.0        0.0    7.19574 }     7.19574
   scf:  112   -30138.852863   -30138.851457   -30138.871430  0.008869 -7.233190  0.225547
     spin moment: {S} , |S| = {        0.0        0.0    7.17607 }     7.17607
   scf:  113   -30138.850229   -30138.850840   -30138.870783  0.001794 -7.233162  0.229668
     spin moment: {S} , |S| = {        0.0        0.0    7.17796 }     7.17796
   scf:  114   -30138.849231   -30138.850030   -30138.869903  0.003573 -7.233037  0.234247
     spin moment: {S} , |S| = {        0.0        0.0    7.18452 }     7.18452
   scf:  115   -30138.844108   -30138.846966   -30138.866683  0.015085 -7.233087  0.221667
     spin moment: {S} , |S| = {        0.0        0.0    7.18485 }     7.18485
   scf:  116   -30138.858206   -30138.852340   -30138.872677  0.018622 -7.233817  0.213009
     spin moment: {S} , |S| = {        0.0        0.0    7.14089 }     7.14089
   scf:  117   -30138.889156   -30138.868608   -30138.890581  0.085007 -7.236574  0.346264
     spin moment: {S} , |S| = {        0.0        0.0    7.02458 }     7.02458
   scf:  118   -30138.837306   -30138.849858   -30138.869599  0.076835 -7.232926  0.350388
     spin moment: {S} , |S| = {        0.0        0.0    7.21246 }     7.21246
   scf:  119   -30138.834128   -30138.841522   -30138.860588  0.025142 -7.232469  0.396477
     spin moment: {S} , |S| = {        0.0        0.0    7.27096 }     7.27096
   scf:  120   -30138.842863   -30138.842189   -30138.861256  0.002111 -7.232471  0.395092
     spin moment: {S} , |S| = {        0.0        0.0    7.27116 }     7.27116
   scf:  121   -30138.843861   -30138.843003   -30138.862325  0.004211 -7.232540  0.375506
     spin moment: {S} , |S| = {        0.0        0.0    7.24777 }     7.24777
   scf:  122   -30138.846032   -30138.844503   -30138.863868  0.004321 -7.232631  0.373052
     spin moment: {S} , |S| = {        0.0        0.0    7.24298 }     7.24298
   scf:  123   -30138.802890   -30138.820223   -30138.839632  0.072067 -7.232259  0.500290
     spin moment: {S} , |S| = {        0.0        0.0    7.30057 }     7.30057
   scf:  124   -30138.793393   -30138.806841   -30138.826505  0.034850 -7.232482  0.742998
     spin moment: {S} , |S| = {        0.0        0.0    7.35150 }     7.35150
   scf:  125   -30138.934731   -30138.856974   -30138.878233  0.140821 -7.234925  0.480084
     spin moment: {S} , |S| = {        0.0        0.0    7.10079 }     7.10079
   scf:  126   -30138.887065   -30138.870560   -30138.892986  0.063829 -7.237511  0.490418
     spin moment: {S} , |S| = {        0.0        0.0    6.97337 }     6.97337
   scf:  127   -30138.799729   -30138.811578   -30138.831376  0.182388 -7.231589  0.493717
     spin moment: {S} , |S| = {        0.0        0.0    7.36121 }     7.36121
   scf:  128   -30138.807014   -30138.809318   -30138.829135  0.017363 -7.231062  0.414397
     spin moment: {S} , |S| = {        0.0        0.0    7.37991 }     7.37991
   scf:  129   -30138.814864   -30138.812075   -30138.831964  0.010821 -7.230877  0.369839
     spin moment: {S} , |S| = {        0.0        0.0    7.35106 }     7.35106
   scf:  130   -30138.820879   -30138.816369   -30138.836065  0.021736 -7.231409  0.416990
     spin moment: {S} , |S| = {        0.0        0.0    7.34689 }     7.34689
   scf:  131   -30138.792786   -30138.803949   -30138.824052  0.048318 -7.231319  0.590421
     spin moment: {S} , |S| = {        0.0        0.0    7.34741 }     7.34741
   scf:  132   -30138.874507   -30138.833692   -30138.852799  0.116706 -7.232901  0.567542
     spin moment: {S} , |S| = {        0.0        0.0    7.30772 }     7.30772
   scf:  133   -30138.830009   -30138.831862   -30138.851035  0.004010 -7.232881  0.608500
     spin moment: {S} , |S| = {        0.0        0.0    7.30713 }     7.30713
   scf:  134   -30138.899479   -30138.861613   -30138.882632  0.093650 -7.233780  0.288399
     spin moment: {S} , |S| = {        0.0        0.0    7.12670 }     7.12670
   scf:  135   -30138.872303   -30138.866729   -30138.888323  0.021177 -7.234735  0.297591
     spin moment: {S} , |S| = {        0.0        0.0    7.06831 }     7.06831
   scf:  136   -30138.884795   -30138.875283   -30138.897414  0.033397 -7.236024  0.247046
     spin moment: {S} , |S| = {        0.0        0.0    6.99769 }     6.99769
   scf:  137   -30138.830046   -30138.847036   -30138.867475  0.125907 -7.232974  0.321730
     spin moment: {S} , |S| = {        0.0        0.0    7.13818 }     7.13818
   scf:  138   -30138.784820   -30138.812540   -30138.832523  0.101361 -7.233232  0.798896
     spin moment: {S} , |S| = {        0.0        0.0    7.23000 }     7.23000
   scf:  139   -30138.816268   -30138.813447   -30138.833202  0.052905 -7.232573  0.737070
     spin moment: {S} , |S| = {        0.0        0.0    7.33847 }     7.33847
   scf:  140   -30138.871956   -30138.839213   -30138.858314  0.080954 -7.233103  0.552643
     spin moment: {S} , |S| = {        0.0        0.0    7.31301 }     7.31301
   scf:  141   -30138.864922   -30138.851116   -30138.871595  0.055822 -7.232942  0.304348
     spin moment: {S} , |S| = {        0.0        0.0    7.15466 }     7.15466
   scf:  142   -30138.793890   -30138.816889   -30138.837056  0.108849 -7.233286  0.696080
     spin moment: {S} , |S| = {        0.0        0.0    7.18503 }     7.18503
   scf:  143   -30138.880735   -30138.843892   -30138.863497  0.093322 -7.232386  0.475418
     spin moment: {S} , |S| = {        0.0        0.0    7.23030 }     7.23030
   scf:  144   -30138.785996   -30138.813925   -30138.833132  0.063453 -7.232727  0.917187
     spin moment: {S} , |S| = {        0.0        0.0    7.35258 }     7.35258
   scf:  145   -30138.896662   -30138.852130   -30138.873631  0.086556 -7.234355  0.288155
     spin moment: {S} , |S| = {        0.0        0.0    7.05893 }     7.05893
   scf:  146   -30138.860851   -30138.856337   -30138.878364  0.020945 -7.235159  0.309639
     spin moment: {S} , |S| = {        0.0        0.0    7.02078 }     7.02078
   scf:  147   -30138.828226   -30138.839917   -30138.859827  0.060639 -7.232554  0.372206
     spin moment: {S} , |S| = {        0.0        0.0    7.18288 }     7.18288
   scf:  148   -30138.844791   -30138.841942   -30138.863067  0.023038 -7.233713  0.306755
     spin moment: {S} , |S| = {        0.0        0.0    7.08277 }     7.08277
   scf:  149   -30138.840966   -30138.841450   -30138.862589  0.003153 -7.233758  0.304958
     spin moment: {S} , |S| = {        0.0        0.0    7.07879 }     7.07879
   scf:  150   -30138.841466   -30138.841456   -30138.862511  0.002130 -7.233685  0.311381
     spin moment: {S} , |S| = {        0.0        0.0    7.08611 }     7.08611
   scf:  151   -30138.855776   -30138.848165   -30138.869283  0.030034 -7.233571  0.292389
     spin moment: {S} , |S| = {        0.0        0.0    7.10177 }     7.10177
   scf:  152   -30138.855440   -30138.851620   -30138.872240  0.014612 -7.232877  0.247373
     spin moment: {S} , |S| = {        0.0        0.0    7.14103 }     7.14103
   scf:  153   -30138.827370   -30138.838171   -30138.857926  0.044709 -7.231978  0.283029
     spin moment: {S} , |S| = {        0.0        0.0    7.20311 }     7.20311
   scf:  154   -30138.854818   -30138.845742   -30138.866821  0.033698 -7.233537  0.276868
     spin moment: {S} , |S| = {        0.0        0.0    7.09415 }     7.09415
   scf:  155   -30138.921999   -30138.876553   -30138.899356  0.144056 -7.238782  0.557999
     spin moment: {S} , |S| = {        0.0        0.0    6.87199 }     6.87199
   scf:  156   -30138.855305   -30138.864617   -30138.886850  0.054904 -7.236198  0.518308
     spin moment: {S} , |S| = {        0.0        0.0    7.01417 }     7.01417
   scf:  157   -30138.870911   -30138.867883   -30138.890392  0.061046 -7.238193  0.793730
     spin moment: {S} , |S| = {        0.0        0.0    6.94974 }     6.94974
   scf:  158   -30138.840822   -30138.852167   -30138.874058  0.095144 -7.235647  0.600475
     spin moment: {S} , |S| = {        0.0        0.0    7.06572 }     7.06572
   scf:  159   -30138.847561   -30138.849902   -30138.871590  0.006563 -7.235895  0.681962
     spin moment: {S} , |S| = {        0.0        0.0    7.08772 }     7.08772
   scf:  160   -30138.808891   -30138.826865   -30138.846780  0.071627 -7.235605  0.888966
     spin moment: {S} , |S| = {        0.0        0.0    7.26909 }     7.26909
   scf:  161   -30138.674982   -30138.724376   -30138.742610  0.304602 -7.233032  1.513308
     spin moment: {S} , |S| = {        0.0        0.0    7.70119 }     7.70119
   scf:  162   -30138.700875   -30138.712495   -30138.730731  0.023648 -7.233019  1.626074
     spin moment: {S} , |S| = {        0.0        0.0    7.76103 }     7.76103
   scf:  163   -30138.726305   -30138.719263   -30138.737124  0.023806 -7.233206  1.588623
     spin moment: {S} , |S| = {        0.0        0.0    7.75266 }     7.75266
   scf:  164   -30138.796737   -30138.758051   -30138.776488  0.054564 -7.232317  1.136558
     spin moment: {S} , |S| = {        0.0        0.0    7.61558 }     7.61558
   scf:  165   -30138.687221   -30138.721061   -30138.739844  0.089825 -7.232907  1.456924
     spin moment: {S} , |S| = {        0.0        0.0    7.69332 }     7.69332
   scf:  166   -30139.018631   -30138.841967   -30138.861617  0.340686 -7.233989  0.359060
     spin moment: {S} , |S| = {        0.0        0.0    7.17932 }     7.17932
   scf:  167   -30138.853951   -30138.847695   -30138.867958  0.024040 -7.235395  0.474032
     spin moment: {S} , |S| = {        0.0        0.0    7.14463 }     7.14463
   scf:  168   -30138.859384   -30138.853214   -30138.874367  0.032409 -7.237018  0.594162
     spin moment: {S} , |S| = {        0.0        0.0    7.08960 }     7.08960
   scf:  169   -30138.845862   -30138.849385   -30138.869951  0.017059 -7.236009  0.613590
     spin moment: {S} , |S| = {        0.0        0.0    7.13889 }     7.13889
   scf:  170   -30138.835656   -30138.842119   -30138.861764  0.024431 -7.235101  0.682199
     spin moment: {S} , |S| = {        0.0        0.0    7.21877 }     7.21877
   scf:  171   -30138.867455   -30138.853830   -30138.874996  0.036302 -7.236187  0.557577
     spin moment: {S} , |S| = {        0.0        0.0    7.09036 }     7.09036
   scf:  172   -30138.846293   -30138.850064   -30138.870960  0.010914 -7.236242  0.645924
     spin moment: {S} , |S| = {        0.0        0.0    7.11781 }     7.11781
   scf:  173   -30138.829443   -30138.839757   -30138.859272  0.064802 -7.232951  0.211303
     spin moment: {S} , |S| = {        0.0        0.0    7.18481 }     7.18481
   scf:  174   -30138.852256   -30138.845841   -30138.865786  0.020197 -7.232567  0.213706
     spin moment: {S} , |S| = {        0.0        0.0    7.14540 }     7.14540
   scf:  175   -30138.829004   -30138.838975   -30138.858667  0.032365 -7.235221  0.537832
     spin moment: {S} , |S| = {        0.0        0.0    7.19971 }     7.19971
   scf:  176   -30138.814970   -30138.826410   -30138.845500  0.032116 -7.235409  0.692629
     spin moment: {S} , |S| = {        0.0        0.0    7.28596 }     7.28596
   scf:  177   -30138.919150   -30138.863206   -30138.885632  0.140494 -7.237094  0.532273
     spin moment: {S} , |S| = {        0.0        0.0    6.98576 }     6.98576
   scf:  178   -30138.835301   -30138.846550   -30138.866860  0.111533 -7.234402  0.296273
     spin moment: {S} , |S| = {        0.0        0.0    7.12797 }     7.12797
   scf:  179   -30138.852713   -30138.849289   -30138.871473  0.057136 -7.239391  0.631232
     spin moment: {S} , |S| = {        0.0        0.0    6.98294 }     6.98294
   scf:  180   -30138.865260   -30138.856271   -30138.879123  0.155982 -7.243195  1.259792
     spin moment: {S} , |S| = {        0.0        0.0    6.85321 }     6.85321
   scf:  181   -30138.841540   -30138.844839   -30138.865263  0.154101 -7.236233  0.653990
     spin moment: {S} , |S| = {        0.0        0.0    7.15582 }     7.15582
   scf:  182   -30138.832785   -30138.838290   -30138.857901  0.044955 -7.234994  0.486792
     spin moment: {S} , |S| = {        0.0        0.0    7.18724 }     7.18724
   scf:  183   -30138.853445   -30138.845398   -30138.865902  0.026127 -7.235987  0.481501
     spin moment: {S} , |S| = {        0.0        0.0    7.11941 }     7.11941
   scf:  184   -30138.736638   -30138.802440   -30138.822263  0.066874 -7.241832  1.713250
     spin moment: {S} , |S| = {        0.0        0.0    7.29794 }     7.29794
   scf:  185   -30138.742897   -30138.770991   -30138.789969  0.053407 -7.242606  1.927078
     spin moment: {S} , |S| = {        0.0        0.0    7.45399 }     7.45399
   scf:  186   -30138.748113   -30138.759895   -30138.778951  0.010715 -7.243823  2.130412
     spin moment: {S} , |S| = {        0.0        0.0    7.44534 }     7.44534
   scf:  187   -30138.790001   -30138.775376   -30138.794308  0.010861 -7.241984  1.901441
     spin moment: {S} , |S| = {        0.0        0.0    7.43327 }     7.43327
   scf:  188   -30138.819638   -30138.797868   -30138.816398  0.057880 -7.239968  1.576859
     spin moment: {S} , |S| = {        0.0        0.0    7.45661 }     7.45661
   scf:  189   -30139.035825   -30138.889212   -30138.911271  0.219871 -7.241145  0.762208
     spin moment: {S} , |S| = {        0.0        0.0    6.68006 }     6.68006
   scf:  190   -30138.823182   -30138.822267   -30138.841414  0.279243 -7.236564  0.696529
     spin moment: {S} , |S| = {        0.0        0.0    7.24582 }     7.24582
   scf:  191   -30138.825825   -30138.824001   -30138.843292  0.009926 -7.237084  0.675183
     spin moment: {S} , |S| = {        0.0        0.0    7.21841 }     7.21841
   scf:  192   -30138.794606   -30138.808963   -30138.828217  0.037794 -7.237656  0.880540
     spin moment: {S} , |S| = {        0.0        0.0    7.31629 }     7.31629
   scf:  193   -30138.847171   -30138.829152   -30138.848817  0.059022 -7.235596  0.362395
     spin moment: {S} , |S| = {        0.0        0.0    7.15687 }     7.15687
   scf:  194   -30138.839197   -30138.833858   -30138.854511  0.027061 -7.236227  0.213408
     spin moment: {S} , |S| = {        0.0        0.0    7.06231 }     7.06231
   scf:  195   -30138.833962   -30138.833922   -30138.854503  0.001579 -7.236379  0.247826
     spin moment: {S} , |S| = {        0.0        0.0    7.06983 }     7.06983
   scf:  196   -30138.824287   -30138.828995   -30138.849125  0.015260 -7.236502  0.341365
     spin moment: {S} , |S| = {        0.0        0.0    7.11093 }     7.11093
   scf:  197   -30138.864424   -30138.844818   -30138.865590  0.047223 -7.236518  0.350246
     spin moment: {S} , |S| = {        0.0        0.0    7.06432 }     7.06432
   scf:  198   -30138.863627   -30138.853738   -30138.875588  0.028200 -7.237252  0.208912
     spin moment: {S} , |S| = {        0.0        0.0    6.96879 }     6.96879
   scf:  199   -30138.881534   -30138.866472   -30138.889061  0.055394 -7.238892  0.342705
     spin moment: {S} , |S| = {        0.0        0.0    6.87933 }     6.87933
   scf:  200   -30138.720574   -30138.760437   -30138.780258  0.261271 -7.237492  1.323532
     spin moment: {S} , |S| = {        0.0        0.0    7.47424 }     7.47424
   scf:  201   -30138.886563   -30138.820906   -30138.839771  0.159334 -7.235073  0.653081
     spin moment: {S} , |S| = {        0.0        0.0    7.28485 }     7.28485
   scf:  202   -30138.740721   -30138.779371   -30138.799016  0.110112 -7.236830  1.130126
     spin moment: {S} , |S| = {        0.0        0.0    7.52070 }     7.52070
   scf:  203   -30138.828076   -30138.802496   -30138.821419  0.075593 -7.234406  0.935894
     spin moment: {S} , |S| = {        0.0        0.0    7.49151 }     7.49151
   scf:  204   -30138.669807   -30138.741877   -30138.760079  0.123067 -7.239078  1.710362
     spin moment: {S} , |S| = {        0.0        0.0    7.70770 }     7.70770
   scf:  205   -30138.874845   -30138.813776   -30138.832721  0.165108 -7.234847  0.623135
     spin moment: {S} , |S| = {        0.0        0.0    7.25751 }     7.25751
   scf:  206   -30138.897594   -30138.849405   -30138.870216  0.098687 -7.235052  0.274389
     spin moment: {S} , |S| = {        0.0        0.0    7.06405 }     7.06405
   scf:  207   -30138.860739   -30138.855932   -30138.877429  0.085522 -7.237819  0.835969
     spin moment: {S} , |S| = {        0.0        0.0    7.07858 }     7.07858
   scf:  208   -30138.974628   -30138.900361   -30138.920755  0.188774 -7.242204  1.074736
     spin moment: {S} , |S| = {        0.0        0.0    6.68969 }     6.68969
   scf:  209   -30138.842510   -30138.866799   -30138.889005  0.097197 -7.241668  1.179134
     spin moment: {S} , |S| = {        0.0        0.0    6.93076 }     6.93076
   scf:  210   -30138.863606   -30138.865174   -30138.887362  0.011486 -7.241241  1.159463
     spin moment: {S} , |S| = {        0.0        0.0    6.95478 }     6.95478
   scf:  211   -30138.816952   -30138.829244   -30138.848485  0.178737 -7.236120  1.009392
     spin moment: {S} , |S| = {        0.0        0.0    7.22854 }     7.22854
   scf:  212   -30138.782501   -30138.806087   -30138.825163  0.104089 -7.237531  1.935145
     spin moment: {S} , |S| = {        0.0        0.0    7.35616 }     7.35616
   scf:  213   -30139.028013   -30138.907192   -30138.927873  0.182221 -7.240691  0.758642
     spin moment: {S} , |S| = {        0.0        0.0    6.67419 }     6.67419
   scf:  214   -30138.843004   -30138.862557   -30138.884396  0.221715 -7.236753  0.392155
     spin moment: {S} , |S| = {        0.0        0.0    6.98968 }     6.98968
   scf:  215   -30138.839053   -30138.849202   -30138.870472  0.061819 -7.238256  0.389092
     spin moment: {S} , |S| = {        0.0        0.0    7.01559 }     7.01559
   scf:  216   -30138.839457   -30138.844276   -30138.865369  0.020784 -7.238642  0.488853
     spin moment: {S} , |S| = {        0.0        0.0    7.02432 }     7.02432
   scf:  217   -30138.867385   -30138.855398   -30138.877005  0.062488 -7.237237  0.179882
     spin moment: {S} , |S| = {        0.0        0.0    7.01861 }     7.01861
   scf:  218   -30138.770769   -30138.802850   -30138.821933  0.132691 -7.235676  0.826321
     spin moment: {S} , |S| = {        0.0        0.0    7.36909 }     7.36909
   scf:  219   -30138.717908   -30138.752082   -30138.770528  0.226608 -7.233116  0.878058
     spin moment: {S} , |S| = {        0.0        0.0    7.70111 }     7.70111
   scf:  220   -30138.685713   -30138.721095   -30138.739702  0.070830 -7.233395  1.431459
     spin moment: {S} , |S| = {        0.0        0.0    7.79755 }     7.79755
   scf:  221   -30138.828808   -30138.770152   -30138.789827  0.138779 -7.236011  0.831173
     spin moment: {S} , |S| = {        0.0        0.0    7.40934 }     7.40934
   scf:  222   -30139.122864   -30138.879251   -30138.901847  0.335478 -7.239417  0.579307
     spin moment: {S} , |S| = {        0.0        0.0    6.86561 }     6.86561
   scf:  223   -30138.797950   -30138.796002   -30138.815364  0.244188 -7.237265  0.801787
     spin moment: {S} , |S| = {        0.0        0.0    7.34845 }     7.34845
   scf:  224   -30138.835750   -30138.814608   -30138.833522  0.069096 -7.237493  0.726033
     spin moment: {S} , |S| = {        0.0        0.0    7.25528 }     7.25528
   scf:  225   -30138.821247   -30138.817191   -30138.836130  0.041468 -7.236413  0.714691
     spin moment: {S} , |S| = {        0.0        0.0    7.30734 }     7.30734
   scf:  226   -30138.889165   -30138.849530   -30138.871422  0.099370 -7.238208  0.278076
     spin moment: {S} , |S| = {        0.0        0.0    6.98486 }     6.98486
   scf:  227   -30138.838139   -30138.843610   -30138.864344  0.029314 -7.237180  0.230416
     spin moment: {S} , |S| = {        0.0        0.0    7.08186 }     7.08186
   scf:  228   -30138.863508   -30138.852782   -30138.874636  0.036051 -7.237931  0.201718
     spin moment: {S} , |S| = {        0.0        0.0    6.98586 }     6.98586
   scf:  229   -30138.789717   -30138.814216   -30138.833284  0.118778 -7.237954  0.654005
     spin moment: {S} , |S| = {        0.0        0.0    7.24227 }     7.24227
   scf:  230   -30138.796467   -30138.805098   -30138.824326  0.031160 -7.238573  0.676111
     spin moment: {S} , |S| = {        0.0        0.0    7.27137 }     7.27137
   scf:  231   -30138.963500   -30138.864009   -30138.886576  0.171270 -7.239109  0.269713
     spin moment: {S} , |S| = {        0.0        0.0    6.92071 }     6.92071
   scf:  232   -30138.864170   -30138.864044   -30138.886158  0.023134 -7.237291  0.309822
     spin moment: {S} , |S| = {        0.0        0.0    6.98152 }     6.98152
   scf:  233   -30138.822502   -30138.838024   -30138.858031  0.100178 -7.235598  0.364179
     spin moment: {S} , |S| = {        0.0        0.0    7.12624 }     7.12624
   scf:  234   -30138.798160   -30138.815660   -30138.834586  0.065741 -7.233409  0.598410
     spin moment: {S} , |S| = {        0.0        0.0    7.26209 }     7.26209
   scf:  235   -30138.836341   -30138.825490   -30138.844548  0.031566 -7.233659  0.539050
     spin moment: {S} , |S| = {        0.0        0.0    7.21338 }     7.21338
   scf:  236   -30138.846019   -30138.834288   -30138.854704  0.069627 -7.238426  0.481028
     spin moment: {S} , |S| = {        0.0        0.0    7.09552 }     7.09552
   scf:  237   -30138.836938   -30138.835606   -30138.856045  0.004183 -7.238210  0.475059
     spin moment: {S} , |S| = {        0.0        0.0    7.09282 }     7.09282
   scf:  238   -30138.837651   -30138.837005   -30138.858228  0.025282 -7.240102  0.320708
     spin moment: {S} , |S| = {        0.0        0.0    7.02479 }     7.02479
   scf:  239   -30138.895692   -30138.862242   -30138.884564  0.083150 -7.239477  0.282449
     spin moment: {S} , |S| = {        0.0        0.0    6.92610 }     6.92610
   scf:  240   -30138.852045   -30138.856961   -30138.879055  0.024362 -7.239249  0.226367
     spin moment: {S} , |S| = {        0.0        0.0    6.94612 }     6.94612
   scf:  241   -30138.845984   -30138.851223   -30138.873024  0.021947 -7.238841  0.203718
     spin moment: {S} , |S| = {        0.0        0.0    6.97327 }     6.97327
   scf:  242   -30138.863487   -30138.857141   -30138.878958  0.022222 -7.238119  0.189638
     spin moment: {S} , |S| = {        0.0        0.0    6.94748 }     6.94748
   scf:  243   -30138.771135   -30138.782552   -30138.802133  0.240834 -7.235453  0.575528
     spin moment: {S} , |S| = {        0.0        0.0    7.33122 }     7.33122
   scf:  244   -30138.809372   -30138.795111   -30138.814284  0.093941 -7.238911  0.771805
     spin moment: {S} , |S| = {        0.0        0.0    7.24262 }     7.24262
   scf:  245   -30138.800420   -30138.797751   -30138.816939  0.007693 -7.238743  0.751400
     spin moment: {S} , |S| = {        0.0        0.0    7.23186 }     7.23186
   scf:  246   -30138.958512   -30138.859547   -30138.881699  0.198883 -7.237707  0.217190
     spin moment: {S} , |S| = {        0.0        0.0    6.93328 }     6.93328
   scf:  247   -30138.861737   -30138.860627   -30138.882833  0.010350 -7.236927  0.217741
     spin moment: {S} , |S| = {        0.0        0.0    6.93736 }     6.93736
   scf:  248   -30138.871243   -30138.865755   -30138.888416  0.032073 -7.238136  0.208400
     spin moment: {S} , |S| = {        0.0        0.0    6.88851 }     6.88851
   scf:  249   -30138.827378   -30138.842161   -30138.863085  0.095768 -7.236217  0.181885
     spin moment: {S} , |S| = {        0.0        0.0    7.04607 }     7.04607
   scf:  250   -30138.756735   -30138.790183   -30138.809371  0.160193 -7.235294  0.817816
     spin moment: {S} , |S| = {        0.0        0.0    7.29985 }     7.29985
   scf:  251   -30138.789916   -30138.790051   -30138.809283  0.005016 -7.235009  0.795081
     spin moment: {S} , |S| = {        0.0        0.0    7.30317 }     7.30317
   scf:  252   -30138.811167   -30138.800143   -30138.819198  0.037834 -7.236495  0.750874
     spin moment: {S} , |S| = {        0.0        0.0    7.24956 }     7.24956
   scf:  253   -30138.817532   -30138.808418   -30138.827754  0.030737 -7.237583  0.681098
     spin moment: {S} , |S| = {        0.0        0.0    7.19243 }     7.19243
   scf:  254   -30138.825814   -30138.816885   -30138.836211  0.038008 -7.235819  0.602063
     spin moment: {S} , |S| = {        0.0        0.0    7.18366 }     7.18366
   scf:  255   -30138.818478   -30138.817850   -30138.838009  0.042349 -7.239006  0.436905
     spin moment: {S} , |S| = {        0.0        0.0    7.11629 }     7.11629
   scf:  256   -30138.791692   -30138.803763   -30138.823021  0.055043 -7.236989  0.632524
     spin moment: {S} , |S| = {        0.0        0.0    7.21324 }     7.21324
   scf:  257   -30138.906263   -30138.846005   -30138.867156  0.137456 -7.236818  0.196499
     spin moment: {S} , |S| = {        0.0        0.0    7.02422 }     7.02422
   scf:  258   -30138.906027   -30138.871217   -30138.893638  0.099138 -7.239624  0.339925
     spin moment: {S} , |S| = {        0.0        0.0    6.86473 }     6.86473
   scf:  259   -30138.795523   -30138.795746   -30138.815443  0.228335 -7.238886  0.314133
     spin moment: {S} , |S| = {        0.0        0.0    7.19032 }     7.19032
   scf:  260   -30138.789666   -30138.792925   -30138.812346  0.036618 -7.235977  0.483552
     spin moment: {S} , |S| = {        0.0        0.0    7.25125 }     7.25125
   scf:  261   -30138.732831   -30138.755772   -30138.775145  0.188205 -7.229385  0.403740
     spin moment: {S} , |S| = {        0.0        0.0    7.44233 }     7.44233
   scf:  262   -30138.777698   -30138.766552   -30138.785924  0.042860 -7.230381  0.368579
     spin moment: {S} , |S| = {        0.0        0.0    7.36429 }     7.36429
   scf:  263   -30138.727699   -30138.746301   -30138.765284  0.064624 -7.230902  0.538135
     spin moment: {S} , |S| = {        0.0        0.0    7.40244 }     7.40244
   scf:  264   -30138.765809   -30138.755934   -30138.775096  0.030648 -7.230710  0.459921
     spin moment: {S} , |S| = {        0.0        0.0    7.38830 }     7.38830
   scf:  265   -30138.750626   -30138.754005   -30138.773365  0.023468 -7.232878  0.474779
     spin moment: {S} , |S| = {        0.0        0.0    7.38463 }     7.38463
   scf:  266   -30139.018708   -30138.845485   -30138.866108  0.312209 -7.234542  0.301852
     spin moment: {S} , |S| = {        0.0        0.0    7.06718 }     7.06718
   scf:  267   -30138.829266   -30138.836942   -30138.857051  0.028437 -7.234628  0.383360
     spin moment: {S} , |S| = {        0.0        0.0    7.10814 }     7.10814
   scf:  268   -30138.894431   -30138.860188   -30138.881644  0.083310 -7.237658  0.671466
     spin moment: {S} , |S| = {        0.0        0.0    6.96492 }     6.96492
   scf:  269   -30138.848040   -30138.855901   -30138.877636  0.043033 -7.237150  0.170962
     spin moment: {S} , |S| = {        0.0        0.0    6.97346 }     6.97346
   scf:  270   -30138.875370   -30138.865131   -30138.887251  0.036103 -7.237554  0.301469
     spin moment: {S} , |S| = {        0.0        0.0    6.93154 }     6.93154
   scf:  271   -30138.823039   -30138.838828   -30138.859197  0.085594 -7.235308  0.324190
     spin moment: {S} , |S| = {        0.0        0.0    7.08823 }     7.08823
   scf:  272   -30138.816208   -30138.827082   -30138.847359  0.054345 -7.237854  0.556005
     spin moment: {S} , |S| = {        0.0        0.0    7.10088 }     7.10088
   scf:  273   -30138.825935   -30138.826516   -30138.846693  0.004881 -7.238004  0.532362
     spin moment: {S} , |S| = {        0.0        0.0    7.10958 }     7.10958
   scf:  274   -30138.830089   -30138.828315   -30138.848724  0.011345 -7.238569  0.481416
     spin moment: {S} , |S| = {        0.0        0.0    7.09076 }     7.09076
   scf:  275   -30138.830369   -30138.829321   -30138.849655  0.010005 -7.238543  0.536865
     spin moment: {S} , |S| = {        0.0        0.0    7.09709 }     7.09709
   scf:  276   -30138.798603   -30138.811165   -30138.830599  0.064862 -7.236633  0.445669
     spin moment: {S} , |S| = {        0.0        0.0    7.18080 }     7.18080
   scf:  277   -30138.867455   -30138.834908   -30138.855647  0.075463 -7.238687  0.384080
     spin moment: {S} , |S| = {        0.0        0.0    7.06092 }     7.06092
   scf:  278   -30138.943895   -30138.876350   -30138.898588  0.148982 -7.240782  0.491761
     spin moment: {S} , |S| = {        0.0        0.0    6.82856 }     6.82856
   scf:  279   -30138.792181   -30138.795603   -30138.814957  0.238525 -7.240833  0.806396
     spin moment: {S} , |S| = {        0.0        0.0    7.19531 }     7.19531
   scf:  280   -30138.726049   -30138.756852   -30138.776431  0.118555 -7.240833  0.940230
     spin moment: {S} , |S| = {        0.0        0.0    7.30223 }     7.30223
   scf:  281   -30138.762065   -30138.759468   -30138.778984  0.015636 -7.241038  0.990277
     spin moment: {S} , |S| = {        0.0        0.0    7.29436 }     7.29436
   scf:  282   -30138.905811   -30138.818679   -30138.839361  0.166237 -7.242874  0.653058
     spin moment: {S} , |S| = {        0.0        0.0    7.07573 }     7.07573
   scf:  283   -30138.764066   -30138.785098   -30138.804651  0.108808 -7.242112  0.769311
     spin moment: {S} , |S| = {        0.0        0.0    7.18230 }     7.18230
   scf:  284   -30138.766568   -30138.775662   -30138.794955  0.025911 -7.241877  0.950635
     spin moment: {S} , |S| = {        0.0        0.0    7.23568 }     7.23568
   scf:  285   -30138.749595   -30138.762193   -30138.781741  0.098384 -7.237979  0.625746
     spin moment: {S} , |S| = {        0.0        0.0    7.30190 }     7.30190
   scf:  286   -30138.944500   -30138.833262   -30138.853788  0.243270 -7.237384  0.247495
     spin moment: {S} , |S| = {        0.0        0.0    7.07825 }     7.07825
   scf:  287   -30138.864243   -30138.847076   -30138.868190  0.052312 -7.236943  0.343969
     spin moment: {S} , |S| = {        0.0        0.0    7.04818 }     7.04818
   scf:  288   -30138.881674   -30138.861272   -30138.883341  0.113500 -7.235875  0.694722
     spin moment: {S} , |S| = {        0.0        0.0    7.01187 }     7.01187
   scf:  289   -30138.853018   -30138.856979   -30138.878504  0.040272 -7.234419  0.552765
     spin moment: {S} , |S| = {        0.0        0.0    7.05135 }     7.05135
   scf:  290   -30138.852297   -30138.854456   -30138.875803  0.034196 -7.235524  0.414893
     spin moment: {S} , |S| = {        0.0        0.0    7.04919 }     7.04919
   scf:  291   -30138.836605   -30138.844680   -30138.864712  0.048565 -7.232442  0.404864
     spin moment: {S} , |S| = {        0.0        0.0    7.13455 }     7.13455
   scf:  292   -30138.911069   -30138.870547   -30138.892893  0.171770 -7.235321  0.848154
     spin moment: {S} , |S| = {        0.0        0.0    6.94980 }     6.94980
   scf:  293   -30138.829498   -30138.840909   -30138.860513  0.160911 -7.232973  0.530771
     spin moment: {S} , |S| = {        0.0        0.0    7.18602 }     7.18602
   scf:  294   -30138.913253   -30138.861995   -30138.883200  0.296724 -7.242134  1.781291
     spin moment: {S} , |S| = {        0.0        0.0    6.89095 }     6.89095
   scf:  295   -30138.855012   -30138.857786   -30138.879346  0.037305 -7.241617  1.610865
     spin moment: {S} , |S| = {        0.0        0.0    6.93901 }     6.93901
   scf:  296   -30138.847544   -30138.839991   -30138.859884  0.288305 -7.235881  0.518599
     spin moment: {S} , |S| = {        0.0        0.0    7.14616 }     7.14616
   scf:  297   -30138.819769   -30138.828617   -30138.847995  0.038515 -7.235474  0.371389
     spin moment: {S} , |S| = {        0.0        0.0    7.17220 }     7.17220
   scf:  298   -30138.838177   -30138.833315   -30138.852942  0.046308 -7.237122  0.873068
     spin moment: {S} , |S| = {        0.0        0.0    7.18392 }     7.18392
   scf:  299   -30138.757629   -30138.789960   -30138.808948  0.106028 -7.238713  1.221664
     spin moment: {S} , |S| = {        0.0        0.0    7.32006 }     7.32006
   scf:  300   -30138.898520   -30138.833466   -30138.853762  0.110231 -7.239858  1.099674
     spin moment: {S} , |S| = {        0.0        0.0    7.16118 }     7.16118
   scf:  301   -30138.910424   -30138.857301   -30138.878653  0.208803 -7.245530  1.758375
     spin moment: {S} , |S| = {        0.0        0.0    6.83169 }     6.83169
   scf:  302   -30138.849190   -30138.848244   -30138.869946  0.170630 -7.242081  1.095702
     spin moment: {S} , |S| = {        0.0        0.0    7.03320 }     7.03320
   scf:  303   -30138.844951   -30138.846457   -30138.867597  0.027821 -7.240785  0.925549
     spin moment: {S} , |S| = {        0.0        0.0    7.08260 }     7.08260
   scf:  304   -30138.714404   -30138.790242   -30138.812089  0.105146 -7.248697  2.312762
     spin moment: {S} , |S| = {        0.0        0.0    7.13371 }     7.13371
   scf:  305   -30138.632157   -30138.700591   -30138.720120  0.129714 -7.252935  2.788397
     spin moment: {S} , |S| = {        0.0        0.0    7.43742 }     7.43742
   scf:  306   -30138.703611   -30138.693563   -30138.713573  0.162350 -7.250280  2.337709
     spin moment: {S} , |S| = {        0.0        0.0    7.55096 }     7.55096
   scf:  307   -30138.777850   -30138.738892   -30138.758866  0.030877 -7.244636  1.696732
     spin moment: {S} , |S| = {        0.0        0.0    7.50603 }     7.50603
   scf:  308   -30138.566009   -30138.632769   -30138.653316  0.251722 -7.243479  2.172364
     spin moment: {S} , |S| = {        0.0        0.0    7.77790 }     7.77790
   scf:  309   -30138.703423   -30138.668379   -30138.688489  0.043726 -7.242543  1.843331
     spin moment: {S} , |S| = {        0.0        0.0    7.69591 }     7.69591
   scf:  310   -30139.038251   -30138.821511   -30138.842175  0.355032 -7.240863  0.644321
     spin moment: {S} , |S| = {        0.0        0.0    7.08017 }     7.08017
   scf:  311   -30138.770657   -30138.790740   -30138.810454  0.099642 -7.240603  0.632945
     spin moment: {S} , |S| = {        0.0        0.0    7.17272 }     7.17272
   scf:  312   -30138.745334   -30138.766870   -30138.786501  0.081089 -7.237649  1.133432
     spin moment: {S} , |S| = {        0.0        0.0    7.35995 }     7.35995
   scf:  313   -30139.022024   -30138.854791   -30138.876382  0.269021 -7.238109  0.845419
     spin moment: {S} , |S| = {        0.0        0.0    7.04030 }     7.04030
   scf:  314   -30138.896289   -30138.873493   -30138.896049  0.073013 -7.239273  0.750699
     spin moment: {S} , |S| = {        0.0        0.0    6.88414 }     6.88414
   scf:  315   -30138.847678   -30138.861787   -30138.884010  0.033195 -7.243214  1.131982
     spin moment: {S} , |S| = {        0.0        0.0    6.93283 }     6.93283
   scf:  316   -30138.867987   -30138.864920   -30138.886372  0.096611 -7.248298  1.307592
     spin moment: {S} , |S| = {        0.0        0.0    6.81330 }     6.81330
   scf:  317   -30138.951381   -30138.901153   -30138.917756  0.182339 -7.250956  1.175679
     spin moment: {S} , |S| = {        0.0        0.0    6.59519 }     6.59519
   scf:  318   -30138.914822   -30138.908752   -30138.926755  0.084244 -7.245148  0.992509
     spin moment: {S} , |S| = {        0.0        0.0    6.62176 }     6.62176
   scf:  319   -30138.892290   -30138.900472   -30138.918822  0.019114 -7.246498  1.102290
     spin moment: {S} , |S| = {        0.0        0.0    6.65856 }     6.65856
   scf:  320   -30138.860781   -30138.859529   -30138.880594  0.309641 -7.237198  0.372853
     spin moment: {S} , |S| = {        0.0        0.0    7.09431 }     7.09431
   scf:  321   -30138.930510   -30138.888821   -30138.909993  0.156869 -7.240119  0.806927
     spin moment: {S} , |S| = {        0.0        0.0    6.93379 }     6.93379
   scf:  322   -30138.805866   -30138.822172   -30138.841341  0.290981 -7.240845  1.061080
     spin moment: {S} , |S| = {        0.0        0.0    7.28062 }     7.28062
   scf:  323   -30138.741661   -30138.762359   -30138.781858  0.228092 -7.240643  1.578482
     spin moment: {S} , |S| = {        0.0        0.0    7.19169 }     7.19169
   scf:  324   -30138.520334   -30138.555942   -30138.577494  0.410624 -7.243835  2.591399
     spin moment: {S} , |S| = {        0.0        0.0    7.83361 }     7.83361
   scf:  325   -30138.622969   -30138.588319   -30138.609824  0.052222 -7.243366  2.457378
     spin moment: {S} , |S| = {        0.0        0.0    7.75053 }     7.75053
   scf:  326   -30138.738234   -30138.662461   -30138.683624  0.087793 -7.240961  1.772941
     spin moment: {S} , |S| = {        0.0        0.0    7.58488 }     7.58488
   scf:  327   -30138.809224   -30138.738043   -30138.757466  0.173040 -7.233502  0.781814
     spin moment: {S} , |S| = {        0.0        0.0    7.46904 }     7.46904
   scf:  328   -30138.745072   -30138.741577   -30138.760991  0.011220 -7.232475  0.783241
     spin moment: {S} , |S| = {        0.0        0.0    7.46896 }     7.46896
   scf:  329   -30138.760180   -30138.750608   -30138.770286  0.111666 -7.226473  1.090847
     spin moment: {S} , |S| = {        0.0        0.0    7.53993 }     7.53993
   scf:  330   -30138.834376   -30138.786951   -30138.806516  0.159419 -7.227769  0.919294
     spin moment: {S} , |S| = {        0.0        0.0    7.35998 }     7.35998
   scf:  331   -30138.830453   -30138.807141   -30138.826056  0.076382 -7.232396  0.771873
     spin moment: {S} , |S| = {        0.0        0.0    7.24392 }     7.24392
   scf:  332   -30138.917812   -30138.849419   -30138.871244  0.161073 -7.240456  0.633651
     spin moment: {S} , |S| = {        0.0        0.0    6.95883 }     6.95883
   scf:  333   -30138.861971   -30138.855235   -30138.877383  0.034251 -7.242141  0.843678
     spin moment: {S} , |S| = {        0.0        0.0    6.89252 }     6.89252
   scf:  334   -30138.710397   -30138.780200   -30138.799037  0.207626 -7.228614  1.613822
     spin moment: {S} , |S| = {        0.0        0.0    7.21671 }     7.21671
   scf:  335   -30138.766344   -30138.797854   -30138.817424  0.172263 -7.229639  0.393418
     spin moment: {S} , |S| = {        0.0        0.0    7.29903 }     7.29903
   scf:  336   -30138.745124   -30138.764499   -30138.783574  0.157638 -7.225138  0.200935
     spin moment: {S} , |S| = {        0.0        0.0    7.47864 }     7.47864
   scf:  337   -30138.775686   -30138.770056   -30138.789122  0.019426 -7.224954  0.331410
     spin moment: {S} , |S| = {        0.0        0.0    7.44570 }     7.44570
   scf:  338   -30138.847029   -30138.805201   -30138.824134  0.280170 -7.232009  0.977771
     spin moment: {S} , |S| = {        0.0        0.0    7.20328 }     7.20328
   scf:  339   -30138.839484   -30138.820137   -30138.840593  0.063915 -7.235473  0.828430
     spin moment: {S} , |S| = {        0.0        0.0    7.07155 }     7.07155
   scf:  340   -30138.818802   -30138.819443   -30138.839563  0.017642 -7.235096  0.717061
     spin moment: {S} , |S| = {        0.0        0.0    7.09916 }     7.09916
   scf:  341   -30138.809835   -30138.814970   -30138.835014  0.006920 -7.235252  0.911965
     spin moment: {S} , |S| = {        0.0        0.0    7.10734 }     7.10734
   scf:  342   -30138.808404   -30138.812882   -30138.832318  0.061049 -7.234033  0.396250
     spin moment: {S} , |S| = {        0.0        0.0    7.16749 }     7.16749
   scf:  343   -30138.743194   -30138.783452   -30138.802500  0.047803 -7.232213  1.203199
     spin moment: {S} , |S| = {        0.0        0.0    7.21753 }     7.21753
   scf:  344   -30138.742812   -30138.764215   -30138.783208  0.017353 -7.232043  1.566044
     spin moment: {S} , |S| = {        0.0        0.0    7.22843 }     7.22843
   scf:  345   -30138.859519   -30138.820684   -30138.840991  0.102512 -7.234151  0.385363
     spin moment: {S} , |S| = {        0.0        0.0    7.08598 }     7.08598
   scf:  346   -30138.834235   -30138.828207   -30138.849419  0.047097 -7.236126  0.287930
     spin moment: {S} , |S| = {        0.0        0.0    6.99943 }     6.99943
   scf:  347   -30138.824976   -30138.825847   -30138.846083  0.037655 -7.235499  0.188679
     spin moment: {S} , |S| = {        0.0        0.0    7.09073 }     7.09073
   scf:  348   -30138.861301   -30138.841221   -30138.862670  0.066118 -7.237192  0.227296
     spin moment: {S} , |S| = {        0.0        0.0    6.98187 }     6.98187
   scf:  349   -30138.854550   -30138.847589   -30138.869218  0.018142 -7.237064  0.197154
     spin moment: {S} , |S| = {        0.0        0.0    6.96274 }     6.96274
   scf:  350   -30138.821489   -30138.832538   -30138.853249  0.055343 -7.235495  0.212647
     spin moment: {S} , |S| = {        0.0        0.0    7.05281 }     7.05281
   scf:  351   -30138.689197   -30138.722206   -30138.741153  0.334990 -7.226453  0.917611
     spin moment: {S} , |S| = {        0.0        0.0    7.33419 }     7.33419
   scf:  352   -30138.689305   -30138.704095   -30138.724202  0.070694 -7.227580  0.924053
     spin moment: {S} , |S| = {        0.0        0.0    7.41783 }     7.41783
   scf:  353   -30138.879286   -30138.774334   -30138.793908  0.200183 -7.232732  0.453147
     spin moment: {S} , |S| = {        0.0        0.0    7.26303 }     7.26303
   scf:  354   -30138.761149   -30138.768601   -30138.788199  0.023374 -7.235107  0.547495
     spin moment: {S} , |S| = {        0.0        0.0    7.28622 }     7.28622
   scf:  355   -30138.862297   -30138.805852   -30138.826231  0.217786 -7.243637  1.195089
     spin moment: {S} , |S| = {        0.0        0.0    7.08514 }     7.08514
   scf:  356   -30138.836623   -30138.820611   -30138.841746  0.033700 -7.244076  1.048986
     spin moment: {S} , |S| = {        0.0        0.0    7.02707 }     7.02707
   scf:  357   -30138.857864   -30138.835403   -30138.857731  0.084040 -7.248219  1.255346
     spin moment: {S} , |S| = {        0.0        0.0    6.86377 }     6.86377
   scf:  358   -30138.764388   -30138.791560   -30138.811707  0.121508 -7.245974  1.538003
     spin moment: {S} , |S| = {        0.0        0.0    7.10910 }     7.10910
   scf:  359   -30138.555263   -30138.627073   -30138.647971  0.358429 -7.242908  2.511455
     spin moment: {S} , |S| = {        0.0        0.0    7.64519 }     7.64519
   scf:  360   -30138.630071   -30138.624763   -30138.646013  0.102898 -7.237761  2.222332
     spin moment: {S} , |S| = {        0.0        0.0    7.73424 }     7.73424
   scf:  361   -30138.450249   -30138.537593   -30138.559225  0.104639 -7.239950  2.915130
     spin moment: {S} , |S| = {        0.0        0.0    7.86235 }     7.86235
   scf:  362   -30138.318822   -30138.427839   -30138.449589  0.105712 -7.241676  3.543650
     spin moment: {S} , |S| = {        0.0        0.0    8.00759 }     8.00759
   scf:  363   -30140.816648   -30138.937007   -30138.956002  0.988208 -7.251524  1.357294
     spin moment: {S} , |S| = {        0.0        0.0    6.27057 }     6.27057
   scf:  364   -30138.935638   -30138.930545   -30138.948187  0.184001 -7.242622  0.749632
     spin moment: {S} , |S| = {        0.0        0.0    6.44664 }     6.44664
   scf:  365   -30138.881822   -30138.905305   -30138.924045  0.099311 -7.245597  1.209511
     spin moment: {S} , |S| = {        0.0        0.0    6.53170 }     6.53170
   scf:  366   -30138.932323   -30138.918637   -30138.936525  0.048446 -7.244702  1.005908
     spin moment: {S} , |S| = {        0.0        0.0    6.48706 }     6.48706
   scf:  367   -30139.150943   -30138.998520   -30139.016208  0.335000 -7.252365  0.573326
     spin moment: {S} , |S| = {        0.0        0.0    6.14273 }     6.14273
   scf:  368   -30138.999342   -30138.999016   -30139.016710  0.009874 -7.252482  0.468121
     spin moment: {S} , |S| = {        0.0        0.0    6.12589 }     6.12589
   scf:  369   -30139.012227   -30139.005017   -30139.022687  0.053243 -7.254570  0.601929
     spin moment: {S} , |S| = {        0.0        0.0    6.06466 }     6.06466
   scf:  370   -30139.017706   -30139.011017   -30139.028684  0.016506 -7.254740  0.578460
     spin moment: {S} , |S| = {        0.0        0.0    6.06505 }     6.06505
   scf:  371   -30139.047492   -30139.014884   -30139.031815  0.148825 -7.229264  0.933073
     spin moment: {S} , |S| = {        0.0        0.0    6.36420 }     6.36420
   scf:  372   -30139.006335   -30139.010009   -30139.026497  0.030956 -7.226715  1.047642
     spin moment: {S} , |S| = {        0.0        0.0    6.40860 }     6.40860
   scf:  373   -30139.014473   -30139.011777   -30139.028063  0.029971 -7.225329  1.052911
     spin moment: {S} , |S| = {        0.0        0.0    6.41579 }     6.41579
   scf:  374   -30139.021546   -30139.010151   -30139.027357  0.073266 -7.230581  0.859405
     spin moment: {S} , |S| = {        0.0        0.0    6.36979 }     6.36979
   scf:  375   -30139.087267   -30139.020016   -30139.036992  0.200655 -7.224891  1.041438
     spin moment: {S} , |S| = {        0.0        0.0    6.29393 }     6.29393
   scf:  376   -30139.045697   -30139.027716   -30139.044765  0.053886 -7.231243  0.851304
     spin moment: {S} , |S| = {        0.0        0.0    6.28780 }     6.28780
   scf:  377   -30139.045630   -30139.027885   -30139.046188  0.119248 -7.243108  0.719280
     spin moment: {S} , |S| = {        0.0        0.0    6.08305 }     6.08305
   scf:  378   -30138.878679   -30138.929646   -30138.947434  0.214317 -7.230529  1.757873
     spin moment: {S} , |S| = {        0.0        0.0    6.01056 }     6.01056
   scf:  379   -30138.967432   -30138.948432   -30138.965963  0.030163 -7.232295  1.612376
     spin moment: {S} , |S| = {        0.0        0.0    6.02941 }     6.02941
   scf:  380   -30139.132843   -30139.025250   -30139.042756  0.190967 -7.232643  0.737726
     spin moment: {S} , |S| = {        0.0        0.0    6.23498 }     6.23498
   scf:  381   -30139.000969   -30139.013879   -30139.031617  0.019668 -7.229725  1.094640
     spin moment: {S} , |S| = {        0.0        0.0    6.21407 }     6.21407
   scf:  382   -30139.027055   -30139.020226   -30139.037710  0.023076 -7.229163  0.967204
     spin moment: {S} , |S| = {        0.0        0.0    6.25777 }     6.25777
   scf:  383   -30139.022858   -30139.021534   -30139.038973  0.005231 -7.228834  0.941417
     spin moment: {S} , |S| = {        0.0        0.0    6.26820 }     6.26820
   scf:  384   -30139.015955   -30139.018798   -30139.036312  0.005607 -7.229130  1.014265
     spin moment: {S} , |S| = {        0.0        0.0    6.25566 }     6.25566
   scf:  385   -30139.038437   -30139.029916   -30139.047138  0.021284 -7.229340  0.601403
     spin moment: {S} , |S| = {        0.0        0.0    6.30228 }     6.30228
   scf:  386   -30139.036521   -30139.033017   -30139.050208  0.014744 -7.228542  0.612530
     spin moment: {S} , |S| = {        0.0        0.0    6.30415 }     6.30415
   scf:  387   -30139.048279   -30139.039825   -30139.056771  0.029705 -7.226070  0.560651
     spin moment: {S} , |S| = {        0.0        0.0    6.33394 }     6.33394
   scf:  388   -30139.038428   -30139.040130   -30139.056964  0.051518 -7.229432  0.253471
     spin moment: {S} , |S| = {        0.0        0.0    6.31567 }     6.31567
   scf:  389   -30139.042225   -30139.040059   -30139.056961  0.031345 -7.228650  0.257997
     spin moment: {S} , |S| = {        0.0        0.0    6.28390 }     6.28390
   scf:  390   -30139.042226   -30139.041120   -30139.057980  0.007799 -7.227776  0.233728
     spin moment: {S} , |S| = {        0.0        0.0    6.29713 }     6.29713
   scf:  391   -30139.057579   -30139.047987   -30139.064797  0.058245 -7.224330  0.128849
     spin moment: {S} , |S| = {        0.0        0.0    6.34626 }     6.34626
   scf:  392   -30139.047495   -30139.047756   -30139.064606  0.004880 -7.224916  0.125201
     spin moment: {S} , |S| = {        0.0        0.0    6.34374 }     6.34374
   scf:  393   -30139.057457   -30139.052100   -30139.069134  0.031416 -7.224109  0.082582
     spin moment: {S} , |S| = {        0.0        0.0    6.32480 }     6.32480
   scf:  394   -30139.063175   -30139.056351   -30139.073304  0.041845 -7.222411  0.082202
     spin moment: {S} , |S| = {        0.0        0.0    6.31257 }     6.31257
   scf:  395   -30139.059805   -30139.057699   -30139.074407  0.018987 -7.220952  0.076995
     spin moment: {S} , |S| = {        0.0        0.0    6.31818 }     6.31818
   scf:  396   -30139.059016   -30139.058196   -30139.074659  0.014747 -7.219569  0.059405
     spin moment: {S} , |S| = {        0.0        0.0    6.32875 }     6.32875
   scf:  397   -30139.059260   -30139.058453   -30139.074826  0.015897 -7.218148  0.045703
     spin moment: {S} , |S| = {        0.0        0.0    6.32718 }     6.32718
   scf:  398   -30139.058627   -30139.058550   -30139.075044  0.005809 -7.218715  0.040485
     spin moment: {S} , |S| = {        0.0        0.0    6.32124 }     6.32124
   scf:  399   -30139.058606   -30139.058575   -30139.075217  0.005758 -7.219778  0.039121
     spin moment: {S} , |S| = {        0.0        0.0    6.30918 }     6.30918
   scf:  400   -30139.058708   -30139.058517   -30139.075772  0.016447 -7.222644  0.019691
     spin moment: {S} , |S| = {        0.0        0.0    6.26803 }     6.26803
   scf:  401   -30139.058559   -30139.058537   -30139.075819  0.002528 -7.222583  0.018281
     spin moment: {S} , |S| = {        0.0        0.0    6.26380 }     6.26380
   scf:  402   -30139.058671   -30139.058589   -30139.075871  0.003834 -7.222312  0.015453
     spin moment: {S} , |S| = {        0.0        0.0    6.26101 }     6.26101
   scf:  403   -30139.058434   -30139.058502   -30139.075896  0.003424 -7.222678  0.018214
     spin moment: {S} , |S| = {        0.0        0.0    6.25470 }     6.25470
   scf:  404   -30139.058458   -30139.058479   -30139.075922  0.001529 -7.222669  0.015060
     spin moment: {S} , |S| = {        0.0        0.0    6.25145 }     6.25145
   scf:  405   -30139.058371   -30139.058414   -30139.076003  0.006882 -7.222748  0.011829
     spin moment: {S} , |S| = {        0.0        0.0    6.23996 }     6.23996
   scf:  406   -30139.058420   -30139.058410   -30139.076029  0.002561 -7.222801  0.009364
     spin moment: {S} , |S| = {        0.0        0.0    6.23532 }     6.23532
   scf:  407   -30139.058261   -30139.058330   -30139.076062  0.005817 -7.222829  0.006880
     spin moment: {S} , |S| = {        0.0        0.0    6.22626 }     6.22626
   scf:  408   -30139.058303   -30139.058316   -30139.076063  0.000806 -7.222864  0.007518
     spin moment: {S} , |S| = {        0.0        0.0    6.22459 }     6.22459
   scf:  409   -30139.058261   -30139.058288   -30139.076066  0.001369 -7.222918  0.007187
     spin moment: {S} , |S| = {        0.0        0.0    6.22172 }     6.22172
   scf:  410   -30139.058202   -30139.058244   -30139.076075  0.002302 -7.222991  0.006065
     spin moment: {S} , |S| = {        0.0        0.0    6.21714 }     6.21714
   scf:  411   -30139.058170   -30139.058206   -30139.076089  0.001898 -7.223068  0.004536
     spin moment: {S} , |S| = {        0.0        0.0    6.21379 }     6.21379
   scf:  412   -30139.058303   -30139.058254   -30139.076088  0.001958 -7.222962  0.003017
     spin moment: {S} , |S| = {        0.0        0.0    6.21824 }     6.21824
   scf:  413   -30139.058202   -30139.058228   -30139.076093  0.000894 -7.223037  0.003077
     spin moment: {S} , |S| = {        0.0        0.0    6.21602 }     6.21602
   scf:  414   -30139.058212   -30139.058220   -30139.076095  0.000497 -7.223047  0.002193
     spin moment: {S} , |S| = {        0.0        0.0    6.21492 }     6.21492

SCF Convergence by DM criterion
max |DM_out - DM_in|         :     0.0004966739
max |H_out - H_in|      (eV) :     0.0021929430
SCF cycle converged after 414 iterations

Using DM_out to compute the final energy and forces
No. of atoms with KB's overlaping orbs in proc 0. Max # of overlaps:     263    1175

siesta: E_KS(eV) =           -30139.0582

siesta: E_KS - E_eggbox =    -30139.0582

siesta: Atomic forces (eV/Ang):
     1   -0.248361   -0.000000    0.000000
     2    1.827605   -0.000000    0.000000
     3   -1.910407    0.000000    0.000000
     4   -0.202164    0.000000   -0.000000
     5    0.065475   -0.000000   -0.000000
     6    0.682251   -0.000000    0.000000
     7    0.743901    0.000000   -0.000000
     8   -0.873216   -0.000000    0.000000
     9    0.665922   -0.000000   -0.000000
    10   -0.744500   -0.000000   -0.000000
----------------------------------------
   Tot    0.006506   -0.000000   -0.000000
----------------------------------------
   Max    1.910407
   Res    0.573752    sqrt( Sum f_i^2 / 3N )
----------------------------------------
   Max    1.910407    constrained

Stress tensor Voigt[x,y,z,yz,xz,xy] (kbar):     -176.34     -271.32     -178.65        0.00        0.00        0.00
(Free)E + p*V (eV/cell)   -30124.8682
Target enthalpy (eV/cell)   -30139.0761

siesta: Stress tensor (static) (eV/Ang**3):
        -0.110064   -0.000000    0.000000
         0.000000   -0.169343    0.000000
         0.000000    0.000000   -0.111508

siesta: Pressure (static):        208.77188643  kBar

siesta: Stress tensor (total) (eV/Ang**3):
        -0.110064   -0.000000    0.000000
         0.000000   -0.169343    0.000000
         0.000000    0.000000   -0.111508

siesta: Pressure (total):        208.77188643  kBar

cgvc: No target stress found, assuming hydrostatic MD.TargetPressure.

cgvc: Target stress (kBar)
cgvc:        -0.000       0.000       0.000
cgvc:         0.000      -0.000       0.000
cgvc:         0.000       0.000      -0.000

                     ====================================
                        Begin CG opt. move =      1
                     ====================================
k-point displ. along   1 input, could be:     0.00    0.50
k-point displ. along   2 input, could be:     0.00    0.50
k-point displ. along   3 input, could be:     0.00    0.50
 Kpoints in:           32 . Kpoints trimmed:           31

siesta: k-grid: Number of k-points = 31
siesta: k-points from Monkhorst-Pack grid
siesta: k-cutoff (effective) =     7.101 Ang
siesta: k-point supercell and displacements
siesta: k-grid:     2     0     0      0.000
siesta: k-grid:     0     6     0      0.000
siesta: k-grid:     0     0     4      0.000

superc: Internal auxiliary supercell:     3 x    13 x     9  =     351
superc: Number of atoms, orbitals, and projectors:   3510  84591  63180

outcell: Unit cell vectors (Ang):
       12.551668    0.000000   -0.000000
        0.000000    2.521815   -0.000000
       -0.000000   -0.000000    3.550543

outcell: Cell vector modules (Ang)   :   12.551668    2.521815    3.550543
outcell: Cell angles (23,13,12) (deg):     90.0000     90.0000     90.0000
outcell: Cell volume (Ang**3)        :    112.3853
<dSpData1D:S at geom step 1
  <sparsity:sparsity for geom step 1
    nrows_g=241 nrows=12 sparsity=1.3848 nnzs=80432, refcount: 7>
  <dData1D:(new from dSpData1D) n=80432, refcount: 1>
refcount: 1>
new_DM -- step:     2
Re-using DM from previous geometries...
Number of DMs in history: 1
 DM extrapolation coefficients: 
1   1.00000
New DM after history re-use:
<dSpData2D:SpM extrapolated using coords
  <sparsity:sparsity for geom step 1
    nrows_g=241 nrows=12 sparsity=1.3848 nnzs=80432, refcount: 9>
  <dData2D:(temp array for extrapolation) n=80432 m=2, refcount: 1>
refcount: 1>
No. of atoms with KB's overlaping orbs in proc 0. Max # of overlaps:     255    1127

InitMesh: MESH = 144 x 30 x 40 = 172800
InitMesh: Mesh cutoff (required, used) =   300.000   350.778 Ry
New grid distribution [1]: sub = 2
New grid distribution [2]: sub = 2
New grid distribution [3]: sub = 2
Setting up quadratic distribution...

        iscf     Eharris(eV)        E_KS(eV)     FreeEng(eV)     dDmax    Ef(eV) dHmax(eV)
   scf:    1   -30109.748689   -30127.980405   -30128.004244  1.268592 -7.235153 18.623043
     spin moment: {S} , |S| = {        0.0        0.0    6.23958 }     6.23958
   scf:    2    -3592.351022   -21414.100446   -21414.115061160.674707 -4.960168492.490927
     spin moment: {S} , |S| = {        0.0        0.0   -1.23277 }    -1.23277
   scf:    3   -30728.309412   -30127.830153   -30127.850618160.208870 -7.125772 19.524918
     spin moment: {S} , |S| = {        0.0        0.0    6.20565 }     6.20565
   scf:    4   -30141.017343   -30136.854826   -30136.873611  0.212260 -7.155271  9.491291
     spin moment: {S} , |S| = {        0.0        0.0    6.23570 }     6.23570
   scf:    5   -30137.306495   -30137.083229   -30137.101899  0.014288 -7.155708  9.033395
     spin moment: {S} , |S| = {        0.0        0.0    6.24333 }     6.24333
   scf:    6   -30139.326037   -30138.310248   -30138.328248  0.068157 -7.151394  6.719884
     spin moment: {S} , |S| = {        0.0        0.0    6.28285 }     6.28285
   scf:    7   -30139.919884   -30139.281585   -30139.298789  0.093096 -7.142662  3.139273
     spin moment: {S} , |S| = {        0.0        0.0    6.33535 }     6.33535
   scf:    8   -30139.618299   -30139.573022   -30139.589908  0.078915 -7.131179  0.337446
     spin moment: {S} , |S| = {        0.0        0.0    6.36825 }     6.36825
   scf:    9   -30139.572796   -30139.573876   -30139.590692  0.010413 -7.129824  0.258898
     spin moment: {S} , |S| = {        0.0        0.0    6.37339 }     6.37339
   scf:   10   -30139.579298   -30139.577276   -30139.594055  0.027678 -7.125901  0.153376
     spin moment: {S} , |S| = {        0.0        0.0    6.38226 }     6.38226
   scf:   11   -30139.579453   -30139.578515   -30139.595223  0.028722 -7.121899  0.084586
     spin moment: {S} , |S| = {        0.0        0.0    6.39526 }     6.39526
   scf:   12   -30139.579060   -30139.578810   -30139.595503  0.007269 -7.120870  0.061998
     spin moment: {S} , |S| = {        0.0        0.0    6.39969 }     6.39969
   scf:   13   -30139.579452   -30139.579134   -30139.595796  0.010346 -7.119273  0.039792
     spin moment: {S} , |S| = {        0.0        0.0    6.40710 }     6.40710
   scf:   14   -30139.580097   -30139.579602   -30139.596226  0.018600 -7.116670  0.019449
     spin moment: {S} , |S| = {        0.0        0.0    6.42120 }     6.42120
   scf:   15   -30139.579828   -30139.579713   -30139.596332  0.003144 -7.116344  0.020351
     spin moment: {S} , |S| = {        0.0        0.0    6.42568 }     6.42568
   scf:   16   -30139.579812   -30139.579762   -30139.596380  0.000742 -7.116339  0.021061
     spin moment: {S} , |S| = {        0.0        0.0    6.42771 }     6.42771
   scf:   17   -30139.580052   -30139.579902   -30139.596518  0.003228 -7.115728  0.018604
     spin moment: {S} , |S| = {        0.0        0.0    6.43404 }     6.43404
   scf:   18   -30139.580744   -30139.580241   -30139.596890  0.012573 -7.113029  0.013207
     spin moment: {S} , |S| = {        0.0        0.0    6.45755 }     6.45755
   scf:   19   -30139.580308   -30139.580272   -30139.596933  0.001764 -7.112543  0.013273
     spin moment: {S} , |S| = {        0.0        0.0    6.46138 }     6.46138
   scf:   20   -30139.580449   -30139.580331   -30139.597052  0.004795 -7.111081  0.008173
     spin moment: {S} , |S| = {        0.0        0.0    6.47418 }     6.47418
   scf:   21   -30139.580332   -30139.580316   -30139.597094  0.003723 -7.109987  0.005402
     spin moment: {S} , |S| = {        0.0        0.0    6.48288 }     6.48288
   scf:   22   -30139.580315   -30139.580315   -30139.597096  0.000309 -7.109991  0.003606
     spin moment: {S} , |S| = {        0.0        0.0    6.48275 }     6.48275

SCF Convergence by DM criterion
max |DM_out - DM_in|         :     0.0003094940
max |H_out - H_in|      (eV) :     0.0036055977
SCF cycle converged after 22 iterations

Using DM_out to compute the final energy and forces
No. of atoms with KB's overlaping orbs in proc 0. Max # of overlaps:     255    1127

siesta: E_KS(eV) =           -30139.5803

siesta: Atomic forces (eV/Ang):
     1   -0.133453    0.000000    0.000000
     2    1.259725    0.000000    0.000000
     3   -1.273555    0.000000   -0.000000
     4   -0.163529   -0.000000   -0.000000
     5    0.108911    0.000000    0.000000
     6    0.483154    0.000000   -0.000000
     7    0.470442   -0.000000    0.000000
     8   -0.678840    0.000000   -0.000000
     9    0.422534   -0.000000   -0.000000
    10   -0.512515   -0.000000   -0.000000
----------------------------------------
   Tot   -0.017125    0.000000    0.000000
----------------------------------------
   Max    1.273555
   Res    0.392515    sqrt( Sum f_i^2 / 3N )
----------------------------------------
   Max    1.273555    constrained

Stress tensor Voigt[x,y,z,yz,xz,xy] (kbar):     -112.67     -184.77     -102.36       -0.00        0.00        0.00
(Free)E + p*V (eV/cell)   -30130.2490
Target enthalpy (eV/cell)   -30139.5971

siesta: Stress tensor (static) (eV/Ang**3):
        -0.070323    0.000000    0.000000
         0.000000   -0.115324   -0.000000
         0.000000   -0.000000   -0.063890

siesta: Pressure (static):        133.26751591  kBar

siesta: Stress tensor (total) (eV/Ang**3):
        -0.070323    0.000000    0.000000
         0.000000   -0.115324   -0.000000
         0.000000   -0.000000   -0.063890

siesta: Pressure (total):        133.26751591  kBar

                     ====================================
                        Begin CG opt. move =      2
                     ====================================
k-point displ. along   1 input, could be:     0.00    0.50
k-point displ. along   2 input, could be:     0.00    0.50
k-point displ. along   3 input, could be:     0.00    0.50
 Kpoints in:           32 . Kpoints trimmed:           31

siesta: k-grid: Number of k-points = 31
siesta: k-points from Monkhorst-Pack grid
siesta: k-cutoff (effective) =     7.199 Ang
siesta: k-point supercell and displacements
siesta: k-grid:     2     0     0      0.000
siesta: k-grid:     0     6     0      0.000
siesta: k-grid:     0     0     4      0.000

superc: Internal auxiliary supercell:     3 x    13 x     9  =     351
superc: Number of atoms, orbitals, and projectors:   3510  84591  63180

outcell: Unit cell vectors (Ang):
       12.722211    0.000000   -0.000000
        0.000000    2.574294   -0.000000
       -0.000000   -0.000000    3.599412

outcell: Cell vector modules (Ang)   :   12.722211    2.574294    3.599412
outcell: Cell angles (23,13,12) (deg):     90.0000     90.0000     90.0000
outcell: Cell volume (Ang**3)        :    117.8833
<dSpData1D:S at geom step 2
  <sparsity:sparsity for geom step 2
    nrows_g=241 nrows=12 sparsity=1.3385 nnzs=77743, refcount: 7>
  <dData1D:(new from dSpData1D) n=77743, refcount: 1>
refcount: 1>
new_DM -- step:     3
Re-using DM from previous geometries...
Number of DMs in history: 1
 DM extrapolation coefficients: 
1   1.00000
New DM after history re-use:
<dSpData2D:SpM extrapolated using coords
  <sparsity:sparsity for geom step 2
    nrows_g=241 nrows=12 sparsity=1.3385 nnzs=77743, refcount: 9>
  <dData2D:(temp array for extrapolation) n=77743 m=2, refcount: 1>
refcount: 1>
Note: For starting DM, Qtot, Tr[D*S] =        150.00000000        150.20277972
No. of atoms with KB's overlaping orbs in proc 0. Max # of overlaps:     253    1093

InitMesh: MESH = 144 x 30 x 40 = 172800
InitMesh: Mesh cutoff (required, used) =   300.000   341.318 Ry
New grid distribution [1]: sub = 2
New grid distribution [2]: sub = 2
New grid distribution [3]: sub = 2
Setting up quadratic distribution...

        iscf     Eharris(eV)        E_KS(eV)     FreeEng(eV)     dDmax    Ef(eV) dHmax(eV)
   scf:    1   -30079.306881   -30117.558768   -30117.586415  1.622559 -7.137175 24.061971
     spin moment: {S} , |S| = {        0.0        0.0    6.60587 }     6.60587
   scf:    2    25361.836460   -11845.163151   -11845.178283512.309197 -2.375669754.869375
     spin moment: {S} , |S| = {        0.0        0.0   -1.86423 }    -1.86423
   scf:    3   -31431.800700   -30123.668631   -30123.688727512.070633 -6.959489 23.082380
     spin moment: {S} , |S| = {        0.0        0.0    6.56777 }     6.56777
   scf:    4   -30142.358214   -30135.345781   -30135.366432  0.199072 -6.983442 11.757574
     spin moment: {S} , |S| = {        0.0        0.0    6.60689 }     6.60689
   scf:    5   -30139.582099   -30137.695448   -30137.716231  0.074839 -6.987103  8.040057
     spin moment: {S} , |S| = {        0.0        0.0    6.63940 }     6.63940
   scf:    6   -30140.029501   -30139.107601   -30139.129033  0.091533 -6.974050  5.191119
     spin moment: {S} , |S| = {        0.0        0.0    6.69140 }     6.69140
   scf:    7   -30140.181229   -30139.738840   -30139.759764  0.082369 -6.960192  3.159353
     spin moment: {S} , |S| = {        0.0        0.0    6.73968 }     6.73968
   scf:    8   -30140.053639   -30139.927731   -30139.947977  0.036530 -6.956051  1.599053
     spin moment: {S} , |S| = {        0.0        0.0    6.77311 }     6.77311
   scf:    9   -30140.013124   -30139.974737   -30139.994809  0.019616 -6.954736  1.035786
     spin moment: {S} , |S| = {        0.0        0.0    6.79091 }     6.79091
   scf:   10   -30139.931054   -30140.002605   -30140.022024  0.085954 -6.947275  0.905039
     spin moment: {S} , |S| = {        0.0        0.0    6.86554 }     6.86554
   scf:   11   -30140.022306   -30140.019598   -30140.039394  0.012246 -6.945885  0.182336
     spin moment: {S} , |S| = {        0.0        0.0    6.86369 }     6.86369
   scf:   12   -30140.020141   -30140.021247   -30140.041349  0.031939 -6.937881  0.259241
     spin moment: {S} , |S| = {        0.0        0.0    6.90325 }     6.90325
   scf:   13   -30140.024323   -30140.023653   -30140.043552  0.008834 -6.936647  0.078304
     spin moment: {S} , |S| = {        0.0        0.0    6.92008 }     6.92008
   scf:   14   -30140.028120   -30140.025791   -30140.045657  0.024695 -6.930762  0.060250
     spin moment: {S} , |S| = {        0.0        0.0    6.96345 }     6.96345
   scf:   15   -30140.027770   -30140.026750   -30140.046560  0.008047 -6.928868  0.049484
     spin moment: {S} , |S| = {        0.0        0.0    6.98584 }     6.98584
   scf:   16   -30140.028122   -30140.027418   -30140.047176  0.004505 -6.927728  0.046011
     spin moment: {S} , |S| = {        0.0        0.0    7.00219 }     7.00219
   scf:   17   -30140.033025   -30140.029846   -30140.049435  0.018661 -6.921830  0.040406
     spin moment: {S} , |S| = {        0.0        0.0    7.07574 }     7.07574
   scf:   18   -30140.031251   -30140.030507   -30140.050063  0.006333 -6.919813  0.032217
     spin moment: {S} , |S| = {        0.0        0.0    7.10177 }     7.10177
   scf:   19   -30140.032047   -30140.031172   -30140.050752  0.009682 -6.916532  0.036530
     spin moment: {S} , |S| = {        0.0        0.0    7.14145 }     7.14145
   scf:   20   -30140.031707   -30140.031424   -30140.051013  0.009719 -6.915673  0.049952
     spin moment: {S} , |S| = {        0.0        0.0    7.16065 }     7.16065
   scf:   21   -30140.031443   -30140.031499   -30140.051190  0.008559 -6.913443  0.046388
     spin moment: {S} , |S| = {        0.0        0.0    7.18213 }     7.18213
   scf:   22   -30140.031737   -30140.031655   -30140.051335  0.008082 -6.912959  0.021904
     spin moment: {S} , |S| = {        0.0        0.0    7.19291 }     7.19291
   scf:   23   -30140.031732   -30140.031679   -30140.051437  0.005968 -6.910851  0.025909
     spin moment: {S} , |S| = {        0.0        0.0    7.21578 }     7.21578
   scf:   24   -30140.031712   -30140.031703   -30140.051456  0.000929 -6.910739  0.007035
     spin moment: {S} , |S| = {        0.0        0.0    7.21639 }     7.21639
   scf:   25   -30140.031700   -30140.031700   -30140.051472  0.001461 -6.910282  0.006380
     spin moment: {S} , |S| = {        0.0        0.0    7.22226 }     7.22226
   scf:   26   -30140.031711   -30140.031705   -30140.051486  0.001218 -6.910131  0.004939
     spin moment: {S} , |S| = {        0.0        0.0    7.22594 }     7.22594
   scf:   27   -30140.031706   -30140.031705   -30140.051490  0.000469 -6.910104  0.003394
     spin moment: {S} , |S| = {        0.0        0.0    7.22691 }     7.22691

SCF Convergence by DM criterion
max |DM_out - DM_in|         :     0.0004687305
max |H_out - H_in|      (eV) :     0.0033939863
SCF cycle converged after 27 iterations

Using DM_out to compute the final energy and forces
No. of atoms with KB's overlaping orbs in proc 0. Max # of overlaps:     253    1093

siesta: E_KS(eV) =           -30140.0317

siesta: Atomic forces (eV/Ang):
     1    0.024140   -0.000000    0.000000
     2    0.518850    0.000000   -0.000000
     3   -0.475508    0.000000    0.000000
     4   -0.132463   -0.000000    0.000000
     5    0.200650   -0.000000   -0.000000
     6    0.246423    0.000000    0.000000
     7    0.051085   -0.000000   -0.000000
     8   -0.345180    0.000000    0.000000
     9    0.140645    0.000000   -0.000000
    10   -0.229340   -0.000000    0.000000
----------------------------------------
   Tot   -0.000698   -0.000000   -0.000000
----------------------------------------
   Max    0.518850
   Res    0.164171    sqrt( Sum f_i^2 / 3N )
----------------------------------------
   Max    0.518850    constrained

Stress tensor Voigt[x,y,z,yz,xz,xy] (kbar):      -39.55      -84.89      -11.01       -0.00        0.00        0.00
(Free)E + p*V (eV/cell)   -30136.7295
Target enthalpy (eV/cell)   -30140.0515

siesta: Stress tensor (static) (eV/Ang**3):
        -0.024686    0.000000    0.000000
         0.000000   -0.052984   -0.000000
         0.000000   -0.000000   -0.006870

siesta: Pressure (static):         45.14967857  kBar

siesta: Stress tensor (total) (eV/Ang**3):
        -0.024686    0.000000    0.000000
         0.000000   -0.052984   -0.000000
         0.000000   -0.000000   -0.006870

siesta: Pressure (total):         45.14967857  kBar

                     ====================================
                        Begin CG opt. move =      3
                     ====================================
k-point displ. along   1 input, could be:     0.00    0.50
k-point displ. along   2 input, could be:     0.00    0.50
k-point displ. along   3 input, could be:     0.00    0.50
 Kpoints in:           32 . Kpoints trimmed:           31

siesta: k-grid: Number of k-points = 31
siesta: k-points from Monkhorst-Pack grid
siesta: k-cutoff (effective) =     7.297 Ang
siesta: k-point supercell and displacements
siesta: k-grid:     2     0     0      0.000
siesta: k-grid:     0     6     0      0.000
siesta: k-grid:     0     0     4      0.000

superc: Internal auxiliary supercell:     3 x    11 x     9  =     297
superc: Number of atoms, orbitals, and projectors:   2970  71577  53460

outcell: Unit cell vectors (Ang):
       12.893424    0.000000   -0.000000
        0.000000    2.626979   -0.000000
       -0.000000   -0.000000    3.648474

outcell: Cell vector modules (Ang)   :   12.893424    2.626979    3.648474
outcell: Cell angles (23,13,12) (deg):     90.0000     90.0000     90.0000
outcell: Cell volume (Ang**3)        :    123.5766
<dSpData1D:S at geom step 3
  <sparsity:sparsity for geom step 3
    nrows_g=241 nrows=12 sparsity=1.2229 nnzs=71029, refcount: 7>
  <dData1D:(new from dSpData1D) n=71029, refcount: 1>
refcount: 1>
new_DM -- step:     4
Re-using DM from previous geometries...
Number of DMs in history: 1
 DM extrapolation coefficients: 
1   1.00000
New DM after history re-use:
<dSpData2D:SpM extrapolated using coords
  <sparsity:sparsity for geom step 3
    nrows_g=241 nrows=12 sparsity=1.2229 nnzs=71029, refcount: 9>
  <dData2D:(temp array for extrapolation) n=71029 m=2, refcount: 1>
refcount: 1>
Note: For starting DM, Qtot, Tr[D*S] =        150.00000000        150.15562109
No. of atoms with KB's overlaping orbs in proc 0. Max # of overlaps:     228    1031

InitMesh: MESH = 144 x 30 x 40 = 172800
InitMesh: Mesh cutoff (required, used) =   300.000   332.200 Ry
New grid distribution [1]: sub = 2
New grid distribution [2]: sub = 2
New grid distribution [3]: sub = 2
Setting up quadratic distribution...

        iscf     Eharris(eV)        E_KS(eV)     FreeEng(eV)     dDmax    Ef(eV) dHmax(eV)
   scf:    1   -30115.769330   -30130.082994   -30130.103869  1.217195 -6.928377 15.612292
     spin moment: {S} , |S| = {        0.0        0.0    7.42763 }     7.42763
   scf:    2    -5099.321633   -21901.474903   -21901.485301169.152344 -3.921912455.770563
     spin moment: {S} , |S| = {        0.0        0.0   -2.29717 }    -2.29717
   scf:    3   -30559.771749   -30133.805081   -30133.820196169.023009 -6.828627 14.832103
     spin moment: {S} , |S| = {        0.0        0.0    7.39685 }     7.39685
   scf:    4   -30139.475963   -30138.305450   -30138.324422  0.134198 -6.827534  8.473173
     spin moment: {S} , |S| = {        0.0        0.0    7.40079 }     7.40079
   scf:    5   -30136.169490   -30137.294907   -30137.312430  0.031418 -6.828280 10.536413
     spin moment: {S} , |S| = {        0.0        0.0    7.39430 }     7.39430
   scf:    6   -30140.761012   -30139.356669   -30139.377722  0.087940 -6.814905  5.373833
     spin moment: {S} , |S| = {        0.0        0.0    7.43352 }     7.43352
   scf:    7   -30140.059094   -30140.092434   -30140.113652  0.092858 -6.790809  0.531153
     spin moment: {S} , |S| = {        0.0        0.0    7.45982 }     7.45982
   scf:    8   -30140.075082   -30140.092636   -30140.114002  0.028158 -6.783595  0.499847
     spin moment: {S} , |S| = {        0.0        0.0    7.47802 }     7.47802
   scf:    9   -30140.100290   -30140.099609   -30140.120946  0.007769 -6.782489  0.239632
     spin moment: {S} , |S| = {        0.0        0.0    7.48171 }     7.48171
   scf:   10   -30140.102965   -30140.102133   -30140.123612  0.037617 -6.775505  0.233079
     spin moment: {S} , |S| = {        0.0        0.0    7.52056 }     7.52056
   scf:   11   -30140.105638   -30140.104360   -30140.125923  0.012914 -6.772930  0.079116
     spin moment: {S} , |S| = {        0.0        0.0    7.54290 }     7.54290
   scf:   12   -30140.105435   -30140.104930   -30140.126537  0.008260 -6.771683  0.086155
     spin moment: {S} , |S| = {        0.0        0.0    7.55740 }     7.55740
   scf:   13   -30140.107988   -30140.106403   -30140.128073  0.023557 -6.768686  0.039810
     spin moment: {S} , |S| = {        0.0        0.0    7.60166 }     7.60166
   scf:   14   -30140.108028   -30140.107183   -30140.128866  0.012381 -6.766951  0.031578
     spin moment: {S} , |S| = {        0.0        0.0    7.63107 }     7.63107
   scf:   15   -30140.107855   -30140.107511   -30140.129192  0.003660 -6.766481  0.034978
     spin moment: {S} , |S| = {        0.0        0.0    7.64425 }     7.64425
   scf:   16   -30140.110535   -30140.108867   -30140.130459  0.015332 -6.764677  0.032344
     spin moment: {S} , |S| = {        0.0        0.0    7.70257 }     7.70257
   scf:   17   -30140.109933   -30140.109377   -30140.130896  0.006495 -6.763857  0.029692
     spin moment: {S} , |S| = {        0.0        0.0    7.72616 }     7.72616
   scf:   18   -30140.112154   -30140.110607   -30140.131831  0.015470 -6.761823  0.024105
     spin moment: {S} , |S| = {        0.0        0.0    7.78478 }     7.78478
   scf:   19   -30140.115206   -30140.112464   -30140.132859  0.024755 -6.758173  0.026869
     spin moment: {S} , |S| = {        0.0        0.0    7.88305 }     7.88305
   scf:   20   -30140.112411   -30140.112438   -30140.132856  0.000893 -6.758357  0.019324
     spin moment: {S} , |S| = {        0.0        0.0    7.88091 }     7.88091
   scf:   21   -30140.113376   -30140.112882   -30140.133036  0.006465 -6.757509  0.013620
     spin moment: {S} , |S| = {        0.0        0.0    7.90558 }     7.90558
   scf:   22   -30140.113936   -30140.113376   -30140.133203  0.007582 -6.756571  0.011278
     spin moment: {S} , |S| = {        0.0        0.0    7.93410 }     7.93410
   scf:   23   -30140.113630   -30140.113501   -30140.133240  0.001894 -6.756280  0.008750
     spin moment: {S} , |S| = {        0.0        0.0    7.94153 }     7.94153
   scf:   24   -30140.114110   -30140.113793   -30140.133315  0.004669 -6.755790  0.010685
     spin moment: {S} , |S| = {        0.0        0.0    7.95870 }     7.95870
   scf:   25   -30140.113967   -30140.113879   -30140.133324  0.001351 -6.755653  0.010793
     spin moment: {S} , |S| = {        0.0        0.0    7.96415 }     7.96415
   scf:   26   -30140.113882   -30140.113879   -30140.133347  0.002123 -6.755936  0.012231
     spin moment: {S} , |S| = {        0.0        0.0    7.96326 }     7.96326
   scf:   27   -30140.114265   -30140.114068   -30140.133379  0.002997 -6.755452  0.008293
     spin moment: {S} , |S| = {        0.0        0.0    7.97487 }     7.97487
   scf:   28   -30140.114117   -30140.114093   -30140.133381  0.000683 -6.755480  0.006626
     spin moment: {S} , |S| = {        0.0        0.0    7.97624 }     7.97624
   scf:   29   -30140.114178   -30140.114135   -30140.133388  0.000709 -6.755434  0.007245
     spin moment: {S} , |S| = {        0.0        0.0    7.97875 }     7.97875
   scf:   30   -30140.114197   -30140.114166   -30140.133393  0.000532 -6.755401  0.007770
     spin moment: {S} , |S| = {        0.0        0.0    7.98062 }     7.98062
   scf:   31   -30140.114142   -30140.114154   -30140.133391  0.000253 -6.755423  0.007513
     spin moment: {S} , |S| = {        0.0        0.0    7.97984 }     7.97984

SCF Convergence by DM criterion
max |DM_out - DM_in|         :     0.0002526513
max |H_out - H_in|      (eV) :     0.0075132426
SCF cycle converged after 31 iterations

Using DM_out to compute the final energy and forces
No. of atoms with KB's overlaping orbs in proc 0. Max # of overlaps:     228    1031

siesta: E_KS(eV) =           -30140.1142

siesta: Atomic forces (eV/Ang):
     1    0.153399   -0.000000   -0.000000
     2   -0.030365    0.000000    0.000000
     3    0.030979    0.000000   -0.000000
     4   -0.141618    0.000000   -0.000000
     5    0.261191    0.000000    0.000000
     6    0.003439    0.000000   -0.000000
     7   -0.315456    0.000000    0.000000
     8   -0.031538   -0.000000   -0.000000
     9   -0.148222    0.000000   -0.000000
    10    0.213113   -0.000000   -0.000000
----------------------------------------
   Tot   -0.005078    0.000000   -0.000000
----------------------------------------
   Max    0.315456
   Res    0.096884    sqrt( Sum f_i^2 / 3N )
----------------------------------------
   Max    0.315456    constrained

Stress tensor Voigt[x,y,z,yz,xz,xy] (kbar):        8.62        2.56       54.46        0.00        0.00        0.00
(Free)E + p*V (eV/cell)   -30141.8209
Target enthalpy (eV/cell)   -30140.1334

siesta: Stress tensor (static) (eV/Ang**3):
         0.005379    0.000000   -0.000000
         0.000000    0.001595    0.000000
         0.000000    0.000000    0.033994

siesta: Pressure (static):        -21.87922795  kBar

siesta: Stress tensor (total) (eV/Ang**3):
         0.005379    0.000000   -0.000000
         0.000000    0.001595    0.000000
         0.000000    0.000000    0.033994

siesta: Pressure (total):        -21.87922795  kBar

                     ====================================
                        Begin CG opt. move =      4
                     ====================================
k-point displ. along   1 input, could be:     0.00    0.50
k-point displ. along   2 input, could be:     0.00    0.50
k-point displ. along   3 input, could be:     0.00    0.50
 Kpoints in:           32 . Kpoints trimmed:           31

siesta: k-grid: Number of k-points = 31
siesta: k-points from Monkhorst-Pack grid
siesta: k-cutoff (effective) =     7.272 Ang
siesta: k-point supercell and displacements
siesta: k-grid:     2     0     0      0.000
siesta: k-grid:     0     6     0      0.000
siesta: k-grid:     0     0     4      0.000

superc: Internal auxiliary supercell:     3 x    13 x     9  =     351
superc: Number of atoms, orbitals, and projectors:   3510  84591  63180

outcell: Unit cell vectors (Ang):
       12.850038    0.000000   -0.000000
        0.000000    2.613629   -0.000000
       -0.000000   -0.000000    3.636042

outcell: Cell vector modules (Ang)   :   12.850038    2.613629    3.636042
outcell: Cell angles (23,13,12) (deg):     90.0000     90.0000     90.0000
outcell: Cell volume (Ang**3)        :    122.1173
<dSpData1D:S at geom step 4
  <sparsity:sparsity for geom step 4
    nrows_g=241 nrows=12 sparsity=1.2660 nnzs=73530, refcount: 7>
  <dData1D:(new from dSpData1D) n=73530, refcount: 1>
refcount: 1>
new_DM -- step:     5
Re-using DM from previous geometries...
Number of DMs in history: 1
 DM extrapolation coefficients: 
1   1.00000
New DM after history re-use:
<dSpData2D:SpM extrapolated using coords
  <sparsity:sparsity for geom step 4
    nrows_g=241 nrows=12 sparsity=1.2660 nnzs=73530, refcount: 9>
  <dData2D:(temp array for extrapolation) n=73530 m=2, refcount: 1>
refcount: 1>
No. of atoms with KB's overlaping orbs in proc 0. Max # of overlaps:     238    1087

InitMesh: MESH = 144 x 30 x 40 = 172800
InitMesh: Mesh cutoff (required, used) =   300.000   334.476 Ry
New grid distribution [1]: sub = 2
New grid distribution [2]: sub = 2
New grid distribution [3]: sub = 2
Setting up quadratic distribution...

        iscf     Eharris(eV)        E_KS(eV)     FreeEng(eV)     dDmax    Ef(eV) dHmax(eV)
   scf:    1   -30138.276459   -30139.912760   -30139.932368  8.092412 -6.776638  2.753624
     spin moment: {S} , |S| = {        0.0        0.0    7.94954 }     7.94954
   scf:    2   -27072.442919   -29122.307756   -29122.331371  2.574470 -6.272261175.851657
     spin moment: {S} , |S| = {        0.0        0.0    3.80634 }     3.80634
   scf:    3   -30154.560931   -30140.119954   -30140.139501  2.559051 -6.781167  0.314721
     spin moment: {S} , |S| = {        0.0        0.0    7.92830 }     7.92830
   scf:    4   -30140.121326   -30140.122696   -30140.142290  0.006232 -6.782021  0.204818
     spin moment: {S} , |S| = {        0.0        0.0    7.92836 }     7.92836
   scf:    5   -30140.124097   -30140.123537   -30140.143140  0.001927 -6.782112  0.132889
     spin moment: {S} , |S| = {        0.0        0.0    7.92889 }     7.92889
   scf:    6   -30140.124108   -30140.124006   -30140.143646  0.006207 -6.783713  0.066703
     spin moment: {S} , |S| = {        0.0        0.0    7.92773 }     7.92773
   scf:    7   -30140.124300   -30140.124214   -30140.143918  0.010955 -6.787087  0.078745
     spin moment: {S} , |S| = {        0.0        0.0    7.92227 }     7.92227
   scf:    8   -30140.124393   -30140.124340   -30140.144074  0.003708 -6.788177  0.036812
     spin moment: {S} , |S| = {        0.0        0.0    7.91902 }     7.91902
   scf:    9   -30140.124369   -30140.124359   -30140.144149  0.004944 -6.788848  0.020418
     spin moment: {S} , |S| = {        0.0        0.0    7.91408 }     7.91408
   scf:   10   -30140.124351   -30140.124356   -30140.144214  0.004952 -6.789322  0.008865
     spin moment: {S} , |S| = {        0.0        0.0    7.90876 }     7.90876
   scf:   11   -30140.124343   -30140.124349   -30140.144235  0.001416 -6.789559  0.007857
     spin moment: {S} , |S| = {        0.0        0.0    7.90640 }     7.90640
   scf:   12   -30140.124277   -30140.124307   -30140.144309  0.004836 -6.790381  0.006449
     spin moment: {S} , |S| = {        0.0        0.0    7.89669 }     7.89669
   scf:   13   -30140.124281   -30140.124293   -30140.144326  0.000801 -6.790626  0.005584
     spin moment: {S} , |S| = {        0.0        0.0    7.89398 }     7.89398
   scf:   14   -30140.124241   -30140.124265   -30140.144355  0.001280 -6.790860  0.005610
     spin moment: {S} , |S| = {        0.0        0.0    7.88887 }     7.88887
   scf:   15   -30140.124113   -30140.124174   -30140.144413  0.003553 -6.791713  0.004539
     spin moment: {S} , |S| = {        0.0        0.0    7.87447 }     7.87447
   scf:   16   -30140.124087   -30140.124128   -30140.144429  0.001667 -6.792040  0.003514
     spin moment: {S} , |S| = {        0.0        0.0    7.86799 }     7.86799
   scf:   17   -30140.124071   -30140.124098   -30140.144436  0.000948 -6.792264  0.002790
     spin moment: {S} , |S| = {        0.0        0.0    7.86409 }     7.86409
   scf:   18   -30140.124014   -30140.124054   -30140.144443  0.001473 -6.792539  0.001930
     spin moment: {S} , |S| = {        0.0        0.0    7.85831 }     7.85831
   scf:   19   -30140.124025   -30140.124040   -30140.144445  0.000487 -6.792606  0.001511
     spin moment: {S} , |S| = {        0.0        0.0    7.85638 }     7.85638

SCF Convergence by DM criterion
max |DM_out - DM_in|         :     0.0004865444
max |H_out - H_in|      (eV) :     0.0015105176
SCF cycle converged after 19 iterations

Using DM_out to compute the final energy and forces
No. of atoms with KB's overlaping orbs in proc 0. Max # of overlaps:     238    1087

siesta: E_KS(eV) =           -30140.1240

siesta: Atomic forces (eV/Ang):
     1    0.141396   -0.000000    0.000000
     2    0.096674    0.000000    0.000000
     3   -0.094145   -0.000000   -0.000000
     4   -0.132721   -0.000000    0.000000
     5    0.239528   -0.000000   -0.000000
     6    0.054773    0.000000    0.000000
     7   -0.218977   -0.000000    0.000000
     8   -0.115401    0.000000    0.000000
     9   -0.080880    0.000000    0.000000
    10    0.101317    0.000000    0.000000
----------------------------------------
   Tot   -0.008437    0.000000    0.000000
----------------------------------------
   Max    0.239528
   Res    0.080471    sqrt( Sum f_i^2 / 3N )
----------------------------------------
   Max    0.239528    constrained

Stress tensor Voigt[x,y,z,yz,xz,xy] (kbar):       -2.08      -19.60       38.37       -0.00       -0.00        0.00
(Free)E + p*V (eV/cell)   -30140.5685
Target enthalpy (eV/cell)   -30140.1444

siesta: Stress tensor (static) (eV/Ang**3):
        -0.001299    0.000000   -0.000000
         0.000000   -0.012230   -0.000000
        -0.000000   -0.000000    0.023948

siesta: Pressure (static):         -5.56382014  kBar

siesta: Stress tensor (total) (eV/Ang**3):
        -0.001299    0.000000   -0.000000
         0.000000   -0.012230   -0.000000
        -0.000000   -0.000000    0.023948

siesta: Pressure (total):         -5.56382014  kBar

cgvc: Finished line minimization    1.  Mean atomic displacement =    0.0947

                     ====================================
                        Begin CG opt. move =      5
                     ====================================
k-point displ. along   1 input, could be:     0.00    0.50
k-point displ. along   2 input, could be:     0.00    0.50
k-point displ. along   3 input, could be:     0.00    0.50
 Kpoints in:           32 . Kpoints trimmed:           31

siesta: k-grid: Number of k-points = 31
siesta: k-points from Monkhorst-Pack grid
siesta: k-cutoff (effective) =     7.123 Ang
siesta: k-point supercell and displacements
siesta: k-grid:     2     0     0      0.000
siesta: k-grid:     0     6     0      0.000
siesta: k-grid:     0     0     4      0.000

superc: Internal auxiliary supercell:     3 x    11 x     9  =     297
superc: Number of atoms, orbitals, and projectors:   2970  71577  53460

outcell: Unit cell vectors (Ang):
       12.887750   -0.000000    0.000000
       -0.000000    2.649663    0.000000
        0.000000    0.000000    3.561533

outcell: Cell vector modules (Ang)   :   12.887750    2.649663    3.561533
outcell: Cell angles (23,13,12) (deg):     90.0000     90.0000     90.0000
outcell: Cell volume (Ang**3)        :    121.6199
<dSpData1D:S at geom step 5
  <sparsity:sparsity for geom step 5
    nrows_g=241 nrows=12 sparsity=1.2538 nnzs=72820, refcount: 7>
  <dData1D:(new from dSpData1D) n=72820, refcount: 1>
refcount: 1>
new_DM -- step:     6
Re-using DM from previous geometries...
Number of DMs in history: 1
 DM extrapolation coefficients: 
1   1.00000
New DM after history re-use:
<dSpData2D:SpM extrapolated using coords
  <sparsity:sparsity for geom step 5
    nrows_g=241 nrows=12 sparsity=1.2538 nnzs=72820, refcount: 9>
  <dData2D:(temp array for extrapolation) n=72820 m=2, refcount: 1>
refcount: 1>
No. of atoms with KB's overlaping orbs in proc 0. Max # of overlaps:     237    1045

InitMesh: MESH = 144 x 30 x 40 = 172800
InitMesh: Mesh cutoff (required, used) =   300.000   345.043 Ry
New grid distribution [1]: sub = 2
New grid distribution [2]: sub = 2
New grid distribution [3]: sub = 2
Setting up quadratic distribution...

        iscf     Eharris(eV)        E_KS(eV)     FreeEng(eV)     dDmax    Ef(eV) dHmax(eV)
   scf:    1   -30099.635385   -30127.397168   -30127.413756  0.555948 -6.679344 19.987933
     spin moment: {S} , |S| = {        0.0        0.0    7.61310 }     7.61310
   scf:    2     9906.829716   -16975.190228   -16975.198703 97.384336 -6.063806650.870700
     spin moment: {S} , |S| = {        0.0        0.0    0.12895 }     0.12895
   scf:    3   -31244.385549   -30122.226300   -30122.246774 97.308032 -6.757339 24.127689
     spin moment: {S} , |S| = {        0.0        0.0    7.84213 }     7.84213
   scf:    4   -30138.197890   -30140.069661   -30140.090072  0.390622 -6.765904  2.304754
     spin moment: {S} , |S| = {        0.0        0.0    7.78863 }     7.78863
   scf:    5   -30140.123025   -30140.150776   -30140.170793  0.027475 -6.771764  0.916005
     spin moment: {S} , |S| = {        0.0        0.0    7.78577 }     7.78577
   scf:    6   -30139.735057   -30140.025405   -30140.045576  0.049556 -6.785528  2.342858
     spin moment: {S} , |S| = {        0.0        0.0    7.79045 }     7.79045
   scf:    7   -30140.142465   -30140.173643   -30140.194135  0.041752 -6.793856  0.415870
     spin moment: {S} , |S| = {        0.0        0.0    7.80006 }     7.80006
   scf:    8   -30140.107611   -30140.159088   -30140.179210  0.025694 -6.800906  0.779765
     spin moment: {S} , |S| = {        0.0        0.0    7.80023 }     7.80023
   scf:    9   -30140.070060   -30140.158332   -30140.178611  0.027539 -6.802993  0.902935
     spin moment: {S} , |S| = {        0.0        0.0    7.80261 }     7.80261
   scf:   10   -30140.177730   -30140.181716   -30140.201925  0.018173 -6.804533  0.091461
     spin moment: {S} , |S| = {        0.0        0.0    7.80438 }     7.80438
   scf:   11   -30140.182347   -30140.182179   -30140.202391  0.005685 -6.804589  0.076581
     spin moment: {S} , |S| = {        0.0        0.0    7.80423 }     7.80423
   scf:   12   -30140.182531   -30140.182367   -30140.202569  0.004691 -6.804987  0.042681
     spin moment: {S} , |S| = {        0.0        0.0    7.80415 }     7.80415
   scf:   13   -30140.182784   -30140.182583   -30140.202762  0.007875 -6.805277  0.023098
     spin moment: {S} , |S| = {        0.0        0.0    7.80371 }     7.80371
   scf:   14   -30140.182714   -30140.182649   -30140.202808  0.001652 -6.805355  0.017886
     spin moment: {S} , |S| = {        0.0        0.0    7.80335 }     7.80335
   scf:   15   -30140.183046   -30140.182842   -30140.202938  0.005393 -6.805572  0.014805
     spin moment: {S} , |S| = {        0.0        0.0    7.80196 }     7.80196
   scf:   16   -30140.183085   -30140.182961   -30140.203004  0.003266 -6.805861  0.010610
     spin moment: {S} , |S| = {        0.0        0.0    7.80100 }     7.80100
   scf:   17   -30140.183097   -30140.183028   -30140.203037  0.001200 -6.806024  0.010031
     spin moment: {S} , |S| = {        0.0        0.0    7.80055 }     7.80055
   scf:   18   -30140.183178   -30140.183101   -30140.203070  0.001173 -6.806201  0.009117
     spin moment: {S} , |S| = {        0.0        0.0    7.80010 }     7.80010
   scf:   19   -30140.183253   -30140.183174   -30140.203100  0.001377 -6.806154  0.006671
     spin moment: {S} , |S| = {        0.0        0.0    7.79945 }     7.79945
   scf:   20   -30140.183369   -30140.183268   -30140.203129  0.001833 -6.806220  0.003822
     spin moment: {S} , |S| = {        0.0        0.0    7.79879 }     7.79879
   scf:   21   -30140.183310   -30140.183289   -30140.203135  0.000632 -6.806192  0.003113
     spin moment: {S} , |S| = {        0.0        0.0    7.79868 }     7.79868
   scf:   22   -30140.183318   -30140.183303   -30140.203138  0.000290 -6.806215  0.002913
     spin moment: {S} , |S| = {        0.0        0.0    7.79864 }     7.79864

SCF Convergence by DM criterion
max |DM_out - DM_in|         :     0.0002897310
max |H_out - H_in|      (eV) :     0.0029125155
SCF cycle converged after 22 iterations

Using DM_out to compute the final energy and forces
No. of atoms with KB's overlaping orbs in proc 0. Max # of overlaps:     237    1045

siesta: E_KS(eV) =           -30140.1833

siesta: Atomic forces (eV/Ang):
     1   -0.040580    0.000000    0.000000
     2   -0.159383    0.000000   -0.000000
     3    0.048283    0.000000   -0.000000
     4    0.044022    0.000001    0.000000
     5   -0.095471   -0.000000   -0.000000
     6   -0.243133   -0.000000    0.000000
     7    0.290664    0.000000    0.000000
     8   -0.070120    0.000000    0.000000
     9    0.222605   -0.000001    0.000000
    10    0.007921    0.000000   -0.000000
----------------------------------------
   Tot    0.004809    0.000000    0.000000
----------------------------------------
   Max    0.290664
   Res    0.089175    sqrt( Sum f_i^2 / 3N )
----------------------------------------
   Max    0.290664    constrained

Stress tensor Voigt[x,y,z,yz,xz,xy] (kbar):      -17.28       -1.25       11.82        0.00       -0.00        0.00
(Free)E + p*V (eV/cell)   -30140.0336
Target enthalpy (eV/cell)   -30140.2031

siesta: Stress tensor (static) (eV/Ang**3):
        -0.010782    0.000000   -0.000000
         0.000000   -0.000779    0.000000
        -0.000000    0.000000    0.007378

siesta: Pressure (static):          2.23401476  kBar

siesta: Stress tensor (total) (eV/Ang**3):
        -0.010782    0.000000   -0.000000
         0.000000   -0.000779    0.000000
        -0.000000    0.000000    0.007378

siesta: Pressure (total):          2.23401476  kBar

                     ====================================
                        Begin CG opt. move =      6
                     ====================================
k-point displ. along   1 input, could be:     0.00    0.50
k-point displ. along   2 input, could be:     0.00    0.50
k-point displ. along   3 input, could be:     0.00    0.50
 Kpoints in:           32 . Kpoints trimmed:           31

siesta: k-grid: Number of k-points = 31
siesta: k-points from Monkhorst-Pack grid
siesta: k-cutoff (effective) =     7.130 Ang
siesta: k-point supercell and displacements
siesta: k-grid:     2     0     0      0.000
siesta: k-grid:     0     6     0      0.000
siesta: k-grid:     0     0     4      0.000

superc: Internal auxiliary supercell:     3 x    11 x     9  =     297
superc: Number of atoms, orbitals, and projectors:   2970  71577  53460

outcell: Unit cell vectors (Ang):
       12.886117   -0.000000    0.000000
       -0.000000    2.648103    0.000000
        0.000000    0.000000    3.564759

outcell: Cell vector modules (Ang)   :   12.886117    2.648103    3.564759
outcell: Cell angles (23,13,12) (deg):     90.0000     90.0000     90.0000
outcell: Cell volume (Ang**3)        :    121.6430
<dSpData1D:S at geom step 6
  <sparsity:sparsity for geom step 6
    nrows_g=241 nrows=12 sparsity=1.2538 nnzs=72820, refcount: 7>
  <dData1D:(new from dSpData1D) n=72820, refcount: 1>
refcount: 1>
new_DM -- step:     7
Re-using DM from previous geometries...
Number of DMs in history: 1
 DM extrapolation coefficients: 
1   1.00000
New DM after history re-use:
<dSpData2D:SpM extrapolated using coords
  <sparsity:sparsity for geom step 6
    nrows_g=241 nrows=12 sparsity=1.2538 nnzs=72820, refcount: 9>
  <dData2D:(temp array for extrapolation) n=72820 m=2, refcount: 1>
refcount: 1>
No. of atoms with KB's overlaping orbs in proc 0. Max # of overlaps:     237    1045

InitMesh: MESH = 144 x 30 x 40 = 172800
InitMesh: Mesh cutoff (required, used) =   300.000   345.130 Ry
New grid distribution [1]: sub = 2
New grid distribution [2]: sub = 2
New grid distribution [3]: sub = 2
Setting up quadratic distribution...

        iscf     Eharris(eV)        E_KS(eV)     FreeEng(eV)     dDmax    Ef(eV) dHmax(eV)
   scf:    1   -30140.194760   -30140.155445   -30140.175612  0.022917 -6.810279  0.961889
     spin moment: {S} , |S| = {        0.0        0.0    7.80653 }     7.80653
   scf:    2   -29726.259363   -30002.828189   -30002.847395  0.828667 -6.673836 62.848860
     spin moment: {S} , |S| = {        0.0        0.0    6.93363 }     6.93363
   scf:    3   -30141.994069   -30140.182575   -30140.202428  0.820917 -6.807678  0.183980
     spin moment: {S} , |S| = {        0.0        0.0    7.80239 }     7.80239
   scf:    4   -30140.182414   -30140.183137   -30140.203084  0.002939 -6.807577  0.085735
     spin moment: {S} , |S| = {        0.0        0.0    7.80417 }     7.80417
   scf:    5   -30140.183282   -30140.183303   -30140.203236  0.003143 -6.806363  0.043820
     spin moment: {S} , |S| = {        0.0        0.0    7.80445 }     7.80445
   scf:    6   -30140.183374   -30140.183349   -30140.203271  0.001522 -6.805851  0.022076
     spin moment: {S} , |S| = {        0.0        0.0    7.80432 }     7.80432
   scf:    7   -30140.183374   -30140.183364   -30140.203286  0.001261 -6.805535  0.011480
     spin moment: {S} , |S| = {        0.0        0.0    7.80439 }     7.80439
   scf:    8   -30140.183380   -30140.183373   -30140.203291  0.001182 -6.805321  0.004427
     spin moment: {S} , |S| = {        0.0        0.0    7.80456 }     7.80456
   scf:    9   -30140.183385   -30140.183380   -30140.203293  0.000841 -6.805168  0.004180
     spin moment: {S} , |S| = {        0.0        0.0    7.80490 }     7.80490
   scf:   10   -30140.183389   -30140.183384   -30140.203294  0.000202 -6.805168  0.003818
     spin moment: {S} , |S| = {        0.0        0.0    7.80509 }     7.80509

SCF Convergence by DM criterion
max |DM_out - DM_in|         :     0.0002021126
max |H_out - H_in|      (eV) :     0.0038184927
SCF cycle converged after 10 iterations

Using DM_out to compute the final energy and forces
No. of atoms with KB's overlaping orbs in proc 0. Max # of overlaps:     237    1045

siesta: E_KS(eV) =           -30140.1834

siesta: Atomic forces (eV/Ang):
     1   -0.028821    0.000000    0.000000
     2   -0.151942   -0.000000    0.000000
     3    0.041278   -0.000000   -0.000000
     4    0.039780    0.000000   -0.000000
     5   -0.082564    0.000000   -0.000000
     6   -0.231727    0.000000    0.000000
     7    0.270988   -0.000000    0.000000
     8   -0.074463   -0.000000   -0.000000
     9    0.205827    0.000000    0.000001
    10    0.016607   -0.000000    0.000000
----------------------------------------
   Tot    0.004962    0.000001    0.000001
----------------------------------------
   Max    0.270988
   Res    0.083534    sqrt( Sum f_i^2 / 3N )
----------------------------------------
   Max    0.270988    constrained

Stress tensor Voigt[x,y,z,yz,xz,xy] (kbar):      -16.56       -1.88       13.00       -0.00       -0.00       -0.00
(Free)E + p*V (eV/cell)   -30140.0656
Target enthalpy (eV/cell)   -30140.2033

siesta: Stress tensor (static) (eV/Ang**3):
        -0.010334   -0.000000   -0.000000
        -0.000000   -0.001176   -0.000000
        -0.000000   -0.000000    0.008114

siesta: Pressure (static):          1.81357543  kBar

siesta: Stress tensor (total) (eV/Ang**3):
        -0.010334   -0.000000   -0.000000
        -0.000000   -0.001176   -0.000000
        -0.000000   -0.000000    0.008114

siesta: Pressure (total):          1.81357543  kBar

cgvc: Finished line minimization    2.  Mean atomic displacement =    0.0906

                     ====================================
                        Begin CG opt. move =      7
                     ====================================
k-point displ. along   1 input, could be:     0.00    0.50
k-point displ. along   2 input, could be:     0.00    0.50
k-point displ. along   3 input, could be:     0.00    0.50
 Kpoints in:           32 . Kpoints trimmed:           31

siesta: k-grid: Number of k-points = 31
siesta: k-points from Monkhorst-Pack grid
siesta: k-cutoff (effective) =     6.986 Ang
siesta: k-point supercell and displacements
siesta: k-grid:     2     0     0      0.000
siesta: k-grid:     0     6     0      0.000
siesta: k-grid:     0     0     4      0.000

superc: Internal auxiliary supercell:     3 x    11 x     9  =     297
superc: Number of atoms, orbitals, and projectors:   2970  71577  53460

outcell: Unit cell vectors (Ang):
       13.041545    0.000000    0.000000
        0.000000    2.671474    0.000000
        0.000000    0.000000    3.492952

outcell: Cell vector modules (Ang)   :   13.041545    2.671474    3.492952
outcell: Cell angles (23,13,12) (deg):     90.0000     90.0000     90.0000
outcell: Cell volume (Ang**3)        :    121.6950
<dSpData1D:S at geom step 7
  <sparsity:sparsity for geom step 7
    nrows_g=241 nrows=12 sparsity=1.2484 nnzs=72507, refcount: 7>
  <dData1D:(new from dSpData1D) n=72507, refcount: 1>
refcount: 1>
new_DM -- step:     8
Re-using DM from previous geometries...
Number of DMs in history: 1
 DM extrapolation coefficients: 
1   1.00000
New DM after history re-use:
<dSpData2D:SpM extrapolated using coords
  <sparsity:sparsity for geom step 7
    nrows_g=241 nrows=12 sparsity=1.2484 nnzs=72507, refcount: 9>
  <dData2D:(temp array for extrapolation) n=72507 m=2, refcount: 1>
refcount: 1>
No. of atoms with KB's overlaping orbs in proc 0. Max # of overlaps:     237    1057

InitMesh: MESH = 144 x 30 x 40 = 172800
InitMesh: Mesh cutoff (required, used) =   300.000   336.953 Ry
New grid distribution [1]: sub = 2
New grid distribution [2]: sub = 2
New grid distribution [3]: sub = 2
Setting up quadratic distribution...

        iscf     Eharris(eV)        E_KS(eV)     FreeEng(eV)     dDmax    Ef(eV) dHmax(eV)
   scf:    1   -30115.143483   -30132.648565   -30132.666779  0.565359 -6.631260 16.315182
     spin moment: {S} , |S| = {        0.0        0.0    7.85921 }     7.85921
   scf:    2    -3891.682704   -21487.077628   -21487.094219 59.797319 -6.011514513.016372
     spin moment: {S} , |S| = {        0.0        0.0    2.56889 }     2.56889
   scf:    3   -30415.185879   -30136.778537   -30136.802916 59.790336 -6.772464 10.982566
     spin moment: {S} , |S| = {        0.0        0.0    7.75190 }     7.75190
   scf:    4   -30137.201955   -30139.144029   -30139.162990  0.219244 -6.755632  5.684931
     spin moment: {S} , |S| = {        0.0        0.0    7.76830 }     7.76830
   scf:    5   -30139.985845   -30140.130316   -30140.150163  0.112490 -6.764909  1.505570
     spin moment: {S} , |S| = {        0.0        0.0    7.80742 }     7.80742
   scf:    6   -30140.175987   -30140.189938   -30140.210344  0.073433 -6.790304  0.360419
     spin moment: {S} , |S| = {        0.0        0.0    7.81247 }     7.81247
   scf:    7   -30140.187381   -30140.192687   -30140.212935  0.014043 -6.796176  0.346596
     spin moment: {S} , |S| = {        0.0        0.0    7.81916 }     7.81916
   scf:    8   -30140.185158   -30140.194729   -30140.214921  0.023446 -6.801514  0.338910
     spin moment: {S} , |S| = {        0.0        0.0    7.82139 }     7.82139
   scf:    9   -30140.199549   -30140.197447   -30140.217621  0.011995 -6.803852  0.220156
     spin moment: {S} , |S| = {        0.0        0.0    7.82652 }     7.82652
   scf:   10   -30140.199843   -30140.199019   -30140.219155  0.009656 -6.805286  0.072755
     spin moment: {S} , |S| = {        0.0        0.0    7.83157 }     7.83157
   scf:   11   -30140.199666   -30140.199372   -30140.219490  0.004493 -6.805366  0.033470
     spin moment: {S} , |S| = {        0.0        0.0    7.83460 }     7.83460
   scf:   12   -30140.199680   -30140.199533   -30140.219653  0.003129 -6.805512  0.029213
     spin moment: {S} , |S| = {        0.0        0.0    7.83703 }     7.83703
   scf:   13   -30140.199704   -30140.199618   -30140.219735  0.001684 -6.805601  0.024567
     spin moment: {S} , |S| = {        0.0        0.0    7.83844 }     7.83844
   scf:   14   -30140.200334   -30140.199944   -30140.220059  0.007789 -6.806380  0.016555
     spin moment: {S} , |S| = {        0.0        0.0    7.84588 }     7.84588
   scf:   15   -30140.200061   -30140.200000   -30140.220116  0.001241 -6.806578  0.014989
     spin moment: {S} , |S| = {        0.0        0.0    7.84772 }     7.84772
   scf:   16   -30140.200279   -30140.200124   -30140.220243  0.003234 -6.807115  0.011369
     spin moment: {S} , |S| = {        0.0        0.0    7.85281 }     7.85281
   scf:   17   -30140.200318   -30140.200205   -30140.220328  0.003479 -6.807496  0.008549
     spin moment: {S} , |S| = {        0.0        0.0    7.85810 }     7.85810
   scf:   18   -30140.200254   -30140.200228   -30140.220353  0.001383 -6.807492  0.004245
     spin moment: {S} , |S| = {        0.0        0.0    7.86034 }     7.86034
   scf:   19   -30140.200243   -30140.200235   -30140.220363  0.000949 -6.807412  0.004576
     spin moment: {S} , |S| = {        0.0        0.0    7.86164 }     7.86164
   scf:   20   -30140.200273   -30140.200248   -30140.220380  0.002219 -6.807582  0.003148
     spin moment: {S} , |S| = {        0.0        0.0    7.86507 }     7.86507
   scf:   21   -30140.200252   -30140.200250   -30140.220383  0.000964 -6.807504  0.002058
     spin moment: {S} , |S| = {        0.0        0.0    7.86580 }     7.86580
   scf:   22   -30140.200253   -30140.200251   -30140.220385  0.000658 -6.807546  0.001544
     spin moment: {S} , |S| = {        0.0        0.0    7.86687 }     7.86687
   scf:   23   -30140.200252   -30140.200251   -30140.220387  0.000398 -6.807538  0.001488
     spin moment: {S} , |S| = {        0.0        0.0    7.86756 }     7.86756

SCF Convergence by DM criterion
max |DM_out - DM_in|         :     0.0003978491
max |H_out - H_in|      (eV) :     0.0014875111
SCF cycle converged after 23 iterations

Using DM_out to compute the final energy and forces
No. of atoms with KB's overlaping orbs in proc 0. Max # of overlaps:     237    1057

siesta: E_KS(eV) =           -30140.2003

siesta: Atomic forces (eV/Ang):
     1   -0.078374   -0.000001    0.000001
     2    0.128898    0.000001   -0.000000
     3   -0.191546    0.000000    0.000000
     4   -0.139653   -0.000002    0.000001
     5   -0.058967    0.000001    0.000002
     6    0.278287   -0.000000    0.000001
     7   -0.249472    0.000000    0.000000
     8    0.272538    0.000001    0.000001
     9   -0.011072   -0.000001   -0.000001
    10    0.063103    0.000000   -0.000002
----------------------------------------
   Tot    0.013743   -0.000001    0.000003
----------------------------------------
   Max    0.278287
   Res    0.100081    sqrt( Sum f_i^2 / 3N )
----------------------------------------
   Max    0.278287    constrained

Stress tensor Voigt[x,y,z,yz,xz,xy] (kbar):       -6.16       12.33       -0.98        0.00        0.00        0.00
(Free)E + p*V (eV/cell)   -30140.3519
Target enthalpy (eV/cell)   -30140.2204

siesta: Stress tensor (static) (eV/Ang**3):
        -0.003845    0.000000   -0.000000
         0.000000    0.007698    0.000000
         0.000000    0.000000   -0.000612

siesta: Pressure (static):         -1.73114239  kBar

siesta: Stress tensor (total) (eV/Ang**3):
        -0.003845    0.000000   -0.000000
         0.000000    0.007698    0.000000
         0.000000    0.000000   -0.000612

siesta: Pressure (total):         -1.73114239  kBar

                     ====================================
                        Begin CG opt. move =      8
                     ====================================
k-point displ. along   1 input, could be:     0.00    0.50
k-point displ. along   2 input, could be:     0.00    0.50
k-point displ. along   3 input, could be:     0.00    0.50
 Kpoints in:           32 . Kpoints trimmed:           31

siesta: k-grid: Number of k-points = 31
siesta: k-points from Monkhorst-Pack grid
siesta: k-cutoff (effective) =     7.036 Ang
siesta: k-point supercell and displacements
siesta: k-grid:     2     0     0      0.000
siesta: k-grid:     0     6     0      0.000
siesta: k-grid:     0     0     4      0.000

superc: Internal auxiliary supercell:     3 x    11 x     9  =     297
superc: Number of atoms, orbitals, and projectors:   2970  71577  53460

outcell: Unit cell vectors (Ang):
       12.987725    0.000000    0.000000
        0.000000    2.663382    0.000000
        0.000000    0.000000    3.517816

outcell: Cell vector modules (Ang)   :   12.987725    2.663382    3.517816
outcell: Cell angles (23,13,12) (deg):     90.0000     90.0000     90.0000
outcell: Cell volume (Ang**3)        :    121.6857
<dSpData1D:S at geom step 8
  <sparsity:sparsity for geom step 8
    nrows_g=241 nrows=12 sparsity=1.2433 nnzs=72211, refcount: 7>
  <dData1D:(new from dSpData1D) n=72211, refcount: 1>
refcount: 1>
new_DM -- step:     9
Re-using DM from previous geometries...
Number of DMs in history: 1
 DM extrapolation coefficients: 
1   1.00000
New DM after history re-use:
<dSpData2D:SpM extrapolated using coords
  <sparsity:sparsity for geom step 8
    nrows_g=241 nrows=12 sparsity=1.2433 nnzs=72211, refcount: 9>
  <dData2D:(temp array for extrapolation) n=72211 m=2, refcount: 1>
refcount: 1>
No. of atoms with KB's overlaping orbs in proc 0. Max # of overlaps:     237    1055

InitMesh: MESH = 144 x 30 x 40 = 172800
InitMesh: Mesh cutoff (required, used) =   300.000   339.751 Ry
New grid distribution [1]: sub = 2
New grid distribution [2]: sub = 2
New grid distribution [3]: sub = 2
Setting up quadratic distribution...

        iscf     Eharris(eV)        E_KS(eV)     FreeEng(eV)     dDmax    Ef(eV) dHmax(eV)
   scf:    1   -30137.837081   -30139.154185   -30139.175988  0.194143 -6.873082  5.833374
     spin moment: {S} , |S| = {        0.0        0.0    7.86722 }     7.86722
   scf:    2   -22274.718933   -27534.831077   -27534.846413 18.210729 -5.095113291.934742
     spin moment: {S} , |S| = {        0.0        0.0    3.67576 }     3.67576
   scf:    3   -30150.838739   -30139.540602   -30139.559445 18.136560 -6.828191  4.994969
     spin moment: {S} , |S| = {        0.0        0.0    7.79205 }     7.79205
   scf:    4   -30139.933314   -30140.165838   -30140.185316  0.090975 -6.831638  0.959580
     spin moment: {S} , |S| = {        0.0        0.0    7.86874 }     7.86874
   scf:    5   -30140.208006   -30140.201107   -30140.220325  0.028202 -6.822489  0.336016
     spin moment: {S} , |S| = {        0.0        0.0    7.86427 }     7.86427
   scf:    6   -30140.204883   -30140.205425   -30140.224686  0.026412 -6.811795  0.243620
     spin moment: {S} , |S| = {        0.0        0.0    7.86266 }     7.86266
   scf:    7   -30140.207226   -30140.206747   -30140.225947  0.003818 -6.810670  0.061893
     spin moment: {S} , |S| = {        0.0        0.0    7.86209 }     7.86209
   scf:    8   -30140.207163   -30140.206992   -30140.226197  0.004319 -6.809371  0.059838
     spin moment: {S} , |S| = {        0.0        0.0    7.86170 }     7.86170
   scf:    9   -30140.207265   -30140.207169   -30140.226406  0.007055 -6.807942  0.025089
     spin moment: {S} , |S| = {        0.0        0.0    7.86068 }     7.86068
   scf:   10   -30140.207224   -30140.207199   -30140.226435  0.001187 -6.808014  0.021930
     spin moment: {S} , |S| = {        0.0        0.0    7.86054 }     7.86054
   scf:   11   -30140.207304   -30140.207254   -30140.226489  0.002358 -6.807836  0.011405
     spin moment: {S} , |S| = {        0.0        0.0    7.86029 }     7.86029
   scf:   12   -30140.207305   -30140.207279   -30140.226512  0.001351 -6.807837  0.009951
     spin moment: {S} , |S| = {        0.0        0.0    7.86020 }     7.86020
   scf:   13   -30140.207295   -30140.207287   -30140.226520  0.000446 -6.807755  0.009643
     spin moment: {S} , |S| = {        0.0        0.0    7.86021 }     7.86021

SCF Convergence by DM criterion
max |DM_out - DM_in|         :     0.0004463564
max |H_out - H_in|      (eV) :     0.0096426376
SCF cycle converged after 13 iterations

Using DM_out to compute the final energy and forces
No. of atoms with KB's overlaping orbs in proc 0. Max # of overlaps:     237    1055

siesta: E_KS(eV) =           -30140.2073

siesta: Atomic forces (eV/Ang):
     1   -0.059090   -0.000000    0.000001
     2    0.029562    0.000001   -0.000000
     3   -0.112056   -0.000000    0.000000
     4   -0.087432    0.000002    0.000000
     5   -0.058767   -0.000002    0.000000
     6    0.098951    0.000000   -0.000001
     7   -0.061829   -0.000000   -0.000000
     8    0.146588   -0.000000    0.000001
     9    0.061551   -0.000002   -0.000000
    10    0.055463   -0.000000   -0.000001
----------------------------------------
   Tot    0.012940   -0.000002   -0.000000
----------------------------------------
   Max    0.146588
   Res    0.048300    sqrt( Sum f_i^2 / 3N )
----------------------------------------
   Max    0.146588    constrained

Stress tensor Voigt[x,y,z,yz,xz,xy] (kbar):       -9.16        7.38        4.93        0.00       -0.00        0.00
(Free)E + p*V (eV/cell)   -30140.3063
Target enthalpy (eV/cell)   -30140.2265

siesta: Stress tensor (static) (eV/Ang**3):
        -0.005718    0.000000    0.000000
         0.000000    0.004607    0.000000
        -0.000000    0.000000    0.003077

siesta: Pressure (static):         -1.05000954  kBar

siesta: Stress tensor (total) (eV/Ang**3):
        -0.005718    0.000000    0.000000
         0.000000    0.004607    0.000000
        -0.000000    0.000000    0.003077

siesta: Pressure (total):         -1.05000954  kBar

cgvc: Finished line minimization    3.  Mean atomic displacement =    0.0592

                     ====================================
                        Begin CG opt. move =      9
                     ====================================
k-point displ. along   1 input, could be:     0.00    0.50
k-point displ. along   2 input, could be:     0.00    0.50
k-point displ. along   3 input, could be:     0.00    0.50
 Kpoints in:           32 . Kpoints trimmed:           31

siesta: k-grid: Number of k-points = 31
siesta: k-points from Monkhorst-Pack grid
siesta: k-cutoff (effective) =     6.957 Ang
siesta: k-point supercell and displacements
siesta: k-grid:     2     0     0      0.000
siesta: k-grid:     0     6     0      0.000
siesta: k-grid:     0     0     4      0.000

superc: Internal auxiliary supercell:     3 x    11 x     9  =     297
superc: Number of atoms, orbitals, and projectors:   2970  71577  53460

outcell: Unit cell vectors (Ang):
       13.127072   -0.000000    0.000000
       -0.000000    2.659199   -0.000000
        0.000000   -0.000000    3.478435

outcell: Cell vector modules (Ang)   :   13.127072    2.659199    3.478435
outcell: Cell angles (23,13,12) (deg):     90.0000     90.0000     90.0000
outcell: Cell volume (Ang**3)        :    121.4235
<dSpData1D:S at geom step 9
  <sparsity:sparsity for geom step 9
    nrows_g=241 nrows=12 sparsity=1.2492 nnzs=72552, refcount: 7>
  <dData1D:(new from dSpData1D) n=72552, refcount: 1>
refcount: 1>
new_DM -- step:    10
Re-using DM from previous geometries...
Number of DMs in history: 1
 DM extrapolation coefficients: 
1   1.00000
New DM after history re-use:
<dSpData2D:SpM extrapolated using coords
  <sparsity:sparsity for geom step 9
    nrows_g=241 nrows=12 sparsity=1.2492 nnzs=72552, refcount: 9>
  <dData2D:(temp array for extrapolation) n=72552 m=2, refcount: 1>
refcount: 1>
No. of atoms with KB's overlaping orbs in proc 0. Max # of overlaps:     237    1051

InitMesh: MESH = 144 x 30 x 40 = 172800
InitMesh: Mesh cutoff (required, used) =   300.000   332.576 Ry
New grid distribution [1]: sub = 2
New grid distribution [2]: sub = 2
New grid distribution [3]: sub = 2
Setting up quadratic distribution...

        iscf     Eharris(eV)        E_KS(eV)     FreeEng(eV)     dDmax    Ef(eV) dHmax(eV)
   scf:    1   -30095.323982   -30125.761921   -30125.778060  0.515978 -6.640123 22.682257
     spin moment: {S} , |S| = {        0.0        0.0    7.83388 }     7.83388
   scf:    2    13939.606168   -15642.297644   -15642.303361109.825870 -6.561056681.645498
     spin moment: {S} , |S| = {        0.0        0.0    0.11828 }     0.11828
   scf:    3   -31461.643406   -30114.869819   -30114.891631110.019347 -6.742262 29.763590
     spin moment: {S} , |S| = {        0.0        0.0    8.04636 }     8.04636
   scf:    4   -30116.955872   -30137.568314   -30137.585154  0.662777 -6.755154  9.228509
     spin moment: {S} , |S| = {        0.0        0.0    7.90852 }     7.90852
   scf:    5   -30141.008111   -30139.905002   -30139.922119  0.133812 -6.777126  3.317106
     spin moment: {S} , |S| = {        0.0        0.0    7.91090 }     7.91090
   scf:    6   -30140.124927   -30140.045374   -30140.063306  0.037236 -6.786906  2.351416
     spin moment: {S} , |S| = {        0.0        0.0    7.91213 }     7.91213
   scf:    7   -30139.974386   -30140.169852   -30140.188864  0.065506 -6.794084  1.176591
     spin moment: {S} , |S| = {        0.0        0.0    7.89330 }     7.89330
   scf:    8   -30140.140919   -30140.193662   -30140.212149  0.028468 -6.799006  0.614752
     spin moment: {S} , |S| = {        0.0        0.0    7.90907 }     7.90907
   scf:    9   -30140.210303   -30140.206191   -30140.224660  0.026999 -6.800533  0.218579
     spin moment: {S} , |S| = {        0.0        0.0    7.90856 }     7.90856
   scf:   10   -30140.207353   -30140.206871   -30140.225400  0.003689 -6.800155  0.119533
     spin moment: {S} , |S| = {        0.0        0.0    7.90992 }     7.90992
   scf:   11   -30140.207585   -30140.207356   -30140.225911  0.004833 -6.799435  0.041092
     spin moment: {S} , |S| = {        0.0        0.0    7.91165 }     7.91165
   scf:   12   -30140.207708   -30140.207545   -30140.226121  0.008199 -6.798506  0.018181
     spin moment: {S} , |S| = {        0.0        0.0    7.91692 }     7.91692
   scf:   13   -30140.207654   -30140.207600   -30140.226181  0.002576 -6.798343  0.015165
     spin moment: {S} , |S| = {        0.0        0.0    7.91996 }     7.91996
   scf:   14   -30140.207765   -30140.207680   -30140.226258  0.003147 -6.798211  0.013812
     spin moment: {S} , |S| = {        0.0        0.0    7.92544 }     7.92544
   scf:   15   -30140.207818   -30140.207747   -30140.226315  0.002097 -6.798182  0.010809
     spin moment: {S} , |S| = {        0.0        0.0    7.93040 }     7.93040
   scf:   16   -30140.207855   -30140.207799   -30140.226358  0.001948 -6.797897  0.010657
     spin moment: {S} , |S| = {        0.0        0.0    7.93520 }     7.93520
   scf:   17   -30140.207879   -30140.207837   -30140.226388  0.001697 -6.797553  0.009073
     spin moment: {S} , |S| = {        0.0        0.0    7.93929 }     7.93929
   scf:   18   -30140.207979   -30140.207903   -30140.226435  0.003198 -6.796894  0.006210
     spin moment: {S} , |S| = {        0.0        0.0    7.94715 }     7.94715
   scf:   19   -30140.208040   -30140.207964   -30140.226471  0.003663 -6.796125  0.004157
     spin moment: {S} , |S| = {        0.0        0.0    7.95638 }     7.95638
   scf:   20   -30140.207979   -30140.207972   -30140.226474  0.000463 -6.796027  0.003677
     spin moment: {S} , |S| = {        0.0        0.0    7.95749 }     7.95749

SCF Convergence by DM criterion
max |DM_out - DM_in|         :     0.0004629916
max |H_out - H_in|      (eV) :     0.0036774397
SCF cycle converged after 20 iterations

Using DM_out to compute the final energy and forces
No. of atoms with KB's overlaping orbs in proc 0. Max # of overlaps:     237    1051

siesta: E_KS(eV) =           -30140.2080

siesta: Atomic forces (eV/Ang):
     1    0.093455   -0.000001   -0.000004
     2    0.002411   -0.000003    0.000002
     3    0.149129    0.000003   -0.000001
     4    0.076621   -0.000005    0.000001
     5    0.132306    0.000002   -0.000001
     6   -0.029199   -0.000001    0.000000
     7    0.062447    0.000000    0.000001
     8   -0.310186    0.000000   -0.000001
     9   -0.115524    0.000002   -0.000000
    10   -0.059894   -0.000000    0.000003
----------------------------------------
   Tot    0.001565   -0.000002    0.000001
----------------------------------------
   Max    0.310186
   Res    0.075775    sqrt( Sum f_i^2 / 3N )
----------------------------------------
   Max    0.310186    constrained

Stress tensor Voigt[x,y,z,yz,xz,xy] (kbar):       -6.08       -3.50      -10.65        0.00        0.00       -0.00
(Free)E + p*V (eV/cell)   -30139.7154
Target enthalpy (eV/cell)   -30140.2265

siesta: Stress tensor (static) (eV/Ang**3):
        -0.003796   -0.000000    0.000000
        -0.000000   -0.002186    0.000000
         0.000000    0.000000   -0.006644

siesta: Pressure (static):          6.74322994  kBar

siesta: Stress tensor (total) (eV/Ang**3):
        -0.003796   -0.000000    0.000000
        -0.000000   -0.002186    0.000000
         0.000000    0.000000   -0.006644

siesta: Pressure (total):          6.74322994  kBar

                     ====================================
                        Begin CG opt. move =     10
                     ====================================
k-point displ. along   1 input, could be:     0.00    0.50
k-point displ. along   2 input, could be:     0.00    0.50
k-point displ. along   3 input, could be:     0.00    0.50
 Kpoints in:           32 . Kpoints trimmed:           31

siesta: k-grid: Number of k-points = 31
siesta: k-points from Monkhorst-Pack grid
siesta: k-cutoff (effective) =     6.995 Ang
siesta: k-point supercell and displacements
siesta: k-grid:     2     0     0      0.000
siesta: k-grid:     0     6     0      0.000
siesta: k-grid:     0     0     4      0.000

superc: Internal auxiliary supercell:     3 x    11 x     9  =     297
superc: Number of atoms, orbitals, and projectors:   2970  71577  53460

outcell: Unit cell vectors (Ang):
       13.058774   -0.000000    0.000000
       -0.000000    2.661249   -0.000000
        0.000000   -0.000000    3.497737

outcell: Cell vector modules (Ang)   :   13.058774    2.661249    3.497737
outcell: Cell angles (23,13,12) (deg):     90.0000     90.0000     90.0000
outcell: Cell volume (Ang**3)        :    121.5556
<dSpData1D:S at geom step 10
  <sparsity:sparsity for geom step 10
    nrows_g=241 nrows=12 sparsity=1.2477 nnzs=72468, refcount: 7>
  <dData1D:(new from dSpData1D) n=72468, refcount: 1>
refcount: 1>
new_DM -- step:    11
Re-using DM from previous geometries...
Number of DMs in history: 1
 DM extrapolation coefficients: 
1   1.00000
New DM after history re-use:
<dSpData2D:SpM extrapolated using coords
  <sparsity:sparsity for geom step 10
    nrows_g=241 nrows=12 sparsity=1.2477 nnzs=72468, refcount: 9>
  <dData2D:(temp array for extrapolation) n=72468 m=2, refcount: 1>
refcount: 1>
No. of atoms with KB's overlaping orbs in proc 0. Max # of overlaps:     237    1051

InitMesh: MESH = 144 x 30 x 40 = 172800
InitMesh: Mesh cutoff (required, used) =   300.000   336.064 Ry
New grid distribution [1]: sub = 2
New grid distribution [2]: sub = 2
New grid distribution [3]: sub = 2
Setting up quadratic distribution...

        iscf     Eharris(eV)        E_KS(eV)     FreeEng(eV)     dDmax    Ef(eV) dHmax(eV)
   scf:    1   -30127.420692   -30135.751912   -30135.774616  0.238669 -6.854984 12.783412
     spin moment: {S} , |S| = {        0.0        0.0    7.98339 }     7.98339
   scf:    2    -7888.924604   -22793.340740   -22793.351206 99.352180 -3.684775474.038197
     spin moment: {S} , |S| = {        0.0        0.0    0.85740 }     0.85740
   scf:    3   -30501.135521   -30137.968551   -30137.985704 99.270480 -6.827148  8.816668
     spin moment: {S} , |S| = {        0.0        0.0    7.91048 }     7.91048
   scf:    4   -30139.533447   -30138.801646   -30138.818469  0.040248 -6.827046  7.188672
     spin moment: {S} , |S| = {        0.0        0.0    7.92589 }     7.92589
   scf:    5   -30140.505130   -30140.169905   -30140.188325  0.106185 -6.818440  1.106185
     spin moment: {S} , |S| = {        0.0        0.0    7.94263 }     7.94263
   scf:    6   -30140.076011   -30140.184056   -30140.203239  0.040341 -6.803541  0.929932
     spin moment: {S} , |S| = {        0.0        0.0    7.93039 }     7.93039
   scf:    7   -30140.150460   -30140.203247   -30140.221609  0.026723 -6.804053  0.625218
     spin moment: {S} , |S| = {        0.0        0.0    7.93512 }     7.93512
   scf:    8   -30140.186713   -30140.209280   -30140.228144  0.016718 -6.798879  0.384625
     spin moment: {S} , |S| = {        0.0        0.0    7.93006 }     7.93006
   scf:    9   -30140.210610   -30140.213914   -30140.232567  0.011010 -6.799548  0.136321
     spin moment: {S} , |S| = {        0.0        0.0    7.93002 }     7.93002
   scf:   10   -30140.213583   -30140.214225   -30140.232980  0.002868 -6.799182  0.059882
     spin moment: {S} , |S| = {        0.0        0.0    7.92873 }     7.92873
   scf:   11   -30140.214408   -30140.214361   -30140.233097  0.001607 -6.799563  0.014510
     spin moment: {S} , |S| = {        0.0        0.0    7.92808 }     7.92808
   scf:   12   -30140.214435   -30140.214400   -30140.233136  0.002665 -6.799912  0.010822
     spin moment: {S} , |S| = {        0.0        0.0    7.92614 }     7.92614
   scf:   13   -30140.214437   -30140.214420   -30140.233162  0.002454 -6.800258  0.009518
     spin moment: {S} , |S| = {        0.0        0.0    7.92403 }     7.92403
   scf:   14   -30140.214441   -30140.214430   -30140.233172  0.000998 -6.800324  0.008628
     spin moment: {S} , |S| = {        0.0        0.0    7.92243 }     7.92243
   scf:   15   -30140.214466   -30140.214448   -30140.233187  0.001577 -6.800394  0.005246
     spin moment: {S} , |S| = {        0.0        0.0    7.91944 }     7.91944
   scf:   16   -30140.214467   -30140.214457   -30140.233194  0.000982 -6.800458  0.005198
     spin moment: {S} , |S| = {        0.0        0.0    7.91739 }     7.91739
   scf:   17   -30140.214474   -30140.214465   -30140.233198  0.000694 -6.800542  0.004406
     spin moment: {S} , |S| = {        0.0        0.0    7.91590 }     7.91590
   scf:   18   -30140.214495   -30140.214479   -30140.233204  0.001252 -6.800721  0.002946
     spin moment: {S} , |S| = {        0.0        0.0    7.91312 }     7.91312
   scf:   19   -30140.214499   -30140.214489   -30140.233208  0.001017 -6.800864  0.002146
     spin moment: {S} , |S| = {        0.0        0.0    7.91084 }     7.91084
   scf:   20   -30140.214499   -30140.214494   -30140.233209  0.000541 -6.800949  0.001421
     spin moment: {S} , |S| = {        0.0        0.0    7.90954 }     7.90954
   scf:   21   -30140.214499   -30140.214496   -30140.233211  0.000462 -6.801011  0.001247
     spin moment: {S} , |S| = {        0.0        0.0    7.90838 }     7.90838

SCF Convergence by DM criterion
max |DM_out - DM_in|         :     0.0004619850
max |H_out - H_in|      (eV) :     0.0012467380
SCF cycle converged after 21 iterations

Using DM_out to compute the final energy and forces
No. of atoms with KB's overlaping orbs in proc 0. Max # of overlaps:     237    1051

siesta: E_KS(eV) =           -30140.2145

siesta: Atomic forces (eV/Ang):
     1    0.008646   -0.000000   -0.000002
     2    0.007153   -0.000001    0.000001
     3    0.020571    0.000001   -0.000001
     4   -0.004056   -0.000000    0.000000
     5    0.041642    0.000001   -0.000002
     6    0.033876    0.000001    0.000001
     7   -0.003895    0.000001    0.000001
     8   -0.078694    0.000000    0.000000
     9   -0.029531   -0.000001   -0.000000
    10    0.002657    0.000001    0.000002
----------------------------------------
   Tot   -0.001630    0.000003    0.000001
----------------------------------------
   Max    0.078694
   Res    0.018739    sqrt( Sum f_i^2 / 3N )
----------------------------------------
   Max    0.078694    constrained

Stress tensor Voigt[x,y,z,yz,xz,xy] (kbar):       -6.94        1.35       -3.40       -0.00        0.00       -0.00
(Free)E + p*V (eV/cell)   -30140.0056
Target enthalpy (eV/cell)   -30140.2332

siesta: Stress tensor (static) (eV/Ang**3):
        -0.004334   -0.000000    0.000000
        -0.000000    0.000840   -0.000000
         0.000000   -0.000000   -0.002124

siesta: Pressure (static):          3.00001693  kBar

siesta: Stress tensor (total) (eV/Ang**3):
        -0.004334   -0.000000    0.000000
        -0.000000    0.000840   -0.000000
         0.000000   -0.000000   -0.002124

siesta: Pressure (total):          3.00001693  kBar

cgvc: Finished line minimization    4.  Mean atomic displacement =    0.0302

                     ====================================
                        Begin CG opt. move =     11
                     ====================================
k-point displ. along   1 input, could be:     0.00    0.50
k-point displ. along   2 input, could be:     0.00    0.50
k-point displ. along   3 input, could be:     0.00    0.50
 Kpoints in:           32 . Kpoints trimmed:           31

siesta: k-grid: Number of k-points = 31
siesta: k-points from Monkhorst-Pack grid
siesta: k-cutoff (effective) =     6.992 Ang
siesta: k-point supercell and displacements
siesta: k-grid:     2     0     0      0.000
siesta: k-grid:     0     6     0      0.000
siesta: k-grid:     0     0     4      0.000

superc: Internal auxiliary supercell:     3 x    11 x     9  =     297
superc: Number of atoms, orbitals, and projectors:   2970  71577  53460

outcell: Unit cell vectors (Ang):
       13.168270    0.000000   -0.000000
        0.000000    2.657351   -0.000000
       -0.000000   -0.000000    3.496193

outcell: Cell vector modules (Ang)   :   13.168270    2.657351    3.496193
outcell: Cell angles (23,13,12) (deg):     90.0000     90.0000     90.0000
outcell: Cell volume (Ang**3)        :    122.3413
<dSpData1D:S at geom step 11
  <sparsity:sparsity for geom step 11
    nrows_g=241 nrows=12 sparsity=1.2341 nnzs=71675, refcount: 7>
  <dData1D:(new from dSpData1D) n=71675, refcount: 1>
refcount: 1>
new_DM -- step:    12
Re-using DM from previous geometries...
Number of DMs in history: 1
 DM extrapolation coefficients: 
1   1.00000
New DM after history re-use:
<dSpData2D:SpM extrapolated using coords
  <sparsity:sparsity for geom step 11
    nrows_g=241 nrows=12 sparsity=1.2341 nnzs=71675, refcount: 9>
  <dData2D:(temp array for extrapolation) n=71675 m=2, refcount: 1>
refcount: 1>
No. of atoms with KB's overlaping orbs in proc 0. Max # of overlaps:     237    1051

InitMesh: MESH = 144 x 30 x 40 = 172800
InitMesh: Mesh cutoff (required, used) =   300.000   330.499 Ry
New grid distribution [1]: sub = 2
New grid distribution [2]: sub = 2
New grid distribution [3]: sub = 2
Setting up quadratic distribution...

        iscf     Eharris(eV)        E_KS(eV)     FreeEng(eV)     dDmax    Ef(eV) dHmax(eV)
   scf:    1   -30129.582584   -30136.645686   -30136.662362  0.252436 -6.712149 11.281638
     spin moment: {S} , |S| = {        0.0        0.0    7.95890 }     7.95890
   scf:    2    -5703.645600   -22062.428049   -22062.438947 25.624640 -4.680226523.476466
     spin moment: {S} , |S| = {        0.0        0.0    2.68553 }     2.68553
   scf:    3   -30324.847948   -30139.539984   -30139.560608 25.627176 -6.774331  4.738783
     spin moment: {S} , |S| = {        0.0        0.0    7.99419 }     7.99419
   scf:    4   -30139.944457   -30140.080097   -30140.098033  0.089876 -6.769483  2.131917
     spin moment: {S} , |S| = {        0.0        0.0    7.94379 }     7.94379
   scf:    5   -30140.200542   -30140.201078   -30140.219138  0.047689 -6.773377  0.555996
     spin moment: {S} , |S| = {        0.0        0.0    7.95565 }     7.95565
   scf:    6   -30140.194589   -30140.203824   -30140.222040  0.035746 -6.782230  0.488103
     spin moment: {S} , |S| = {        0.0        0.0    7.96299 }     7.96299
   scf:    7   -30140.213968   -30140.210381   -30140.228706  0.007751 -6.783216  0.230532
     spin moment: {S} , |S| = {        0.0        0.0    7.96563 }     7.96563
   scf:    8   -30140.212341   -30140.212312   -30140.230664  0.008136 -6.782864  0.060980
     spin moment: {S} , |S| = {        0.0        0.0    7.96903 }     7.96903
   scf:    9   -30140.212304   -30140.212467   -30140.230823  0.011727 -6.781629  0.116779
     spin moment: {S} , |S| = {        0.0        0.0    7.97630 }     7.97630
   scf:   10   -30140.212976   -30140.212842   -30140.231174  0.002038 -6.781117  0.019458
     spin moment: {S} , |S| = {        0.0        0.0    7.97897 }     7.97897
   scf:   11   -30140.213226   -30140.213037   -30140.231327  0.003705 -6.779559  0.017851
     spin moment: {S} , |S| = {        0.0        0.0    7.98884 }     7.98884
   scf:   12   -30140.213121   -30140.213079   -30140.231352  0.000761 -6.779384  0.019807
     spin moment: {S} , |S| = {        0.0        0.0    7.99123 }     7.99123
   scf:   13   -30140.213264   -30140.213170   -30140.231404  0.001621 -6.779078  0.016847
     spin moment: {S} , |S| = {        0.0        0.0    7.99628 }     7.99628
   scf:   14   -30140.213668   -30140.213406   -30140.231525  0.004559 -6.778077  0.014828
     spin moment: {S} , |S| = {        0.0        0.0    8.01065 }     8.01065
   scf:   15   -30140.213636   -30140.213518   -30140.231573  0.002284 -6.777632  0.010797
     spin moment: {S} , |S| = {        0.0        0.0    8.01766 }     8.01766
   scf:   16   -30140.213883   -30140.213691   -30140.231636  0.003769 -6.776713  0.007166
     spin moment: {S} , |S| = {        0.0        0.0    8.02935 }     8.02935
   scf:   17   -30140.214105   -30140.213886   -30140.231687  0.004587 -6.775480  0.005052
     spin moment: {S} , |S| = {        0.0        0.0    8.04336 }     8.04336
   scf:   18   -30140.214048   -30140.213964   -30140.231699  0.002182 -6.774877  0.006379
     spin moment: {S} , |S| = {        0.0        0.0    8.04986 }     8.04986
   scf:   19   -30140.214015   -30140.213990   -30140.231704  0.000497 -6.774762  0.002947
     spin moment: {S} , |S| = {        0.0        0.0    8.05147 }     8.05147

SCF Convergence by DM criterion
max |DM_out - DM_in|         :     0.0004965807
max |H_out - H_in|      (eV) :     0.0029473854
SCF cycle converged after 19 iterations

Using DM_out to compute the final energy and forces
No. of atoms with KB's overlaping orbs in proc 0. Max # of overlaps:     237    1051

siesta: E_KS(eV) =           -30140.2140

siesta: Atomic forces (eV/Ang):
     1    0.092044    0.000002    0.000005
     2    0.058535   -0.000001   -0.000002
     3   -0.121245    0.000000    0.000003
     4    0.008735   -0.000000   -0.000000
     5   -0.069331   -0.000002    0.000006
     6   -0.147604   -0.000001   -0.000002
     7    0.019279   -0.000001   -0.000003
     8    0.093879    0.000001   -0.000000
     9    0.034042    0.000004    0.000000
    10    0.018407   -0.000000   -0.000007
----------------------------------------
   Tot   -0.013259    0.000002    0.000000
----------------------------------------
   Max    0.147604
   Res    0.046170    sqrt( Sum f_i^2 / 3N )
----------------------------------------
   Max    0.147604    constrained

Stress tensor Voigt[x,y,z,yz,xz,xy] (kbar):        9.64        2.72        3.17       -0.00       -0.00        0.00
(Free)E + p*V (eV/cell)   -30140.6269
Target enthalpy (eV/cell)   -30140.2317

siesta: Stress tensor (static) (eV/Ang**3):
         0.006016    0.000000   -0.000000
         0.000000    0.001697   -0.000000
        -0.000000   -0.000000    0.001979

siesta: Pressure (static):         -5.17569546  kBar

siesta: Stress tensor (total) (eV/Ang**3):
         0.006016    0.000000   -0.000000
         0.000000    0.001697   -0.000000
        -0.000000   -0.000000    0.001979

siesta: Pressure (total):         -5.17569546  kBar

                     ====================================
                        Begin CG opt. move =     12
                     ====================================
k-point displ. along   1 input, could be:     0.00    0.50
k-point displ. along   2 input, could be:     0.00    0.50
k-point displ. along   3 input, could be:     0.00    0.50
 Kpoints in:           32 . Kpoints trimmed:           31

siesta: k-grid: Number of k-points = 31
siesta: k-points from Monkhorst-Pack grid
siesta: k-cutoff (effective) =     6.994 Ang
siesta: k-point supercell and displacements
siesta: k-grid:     2     0     0      0.000
siesta: k-grid:     0     6     0      0.000
siesta: k-grid:     0     0     4      0.000

superc: Internal auxiliary supercell:     3 x    11 x     9  =     297
superc: Number of atoms, orbitals, and projectors:   2970  71577  53460

outcell: Unit cell vectors (Ang):
       13.103951    0.000000   -0.000000
        0.000000    2.659641   -0.000000
       -0.000000   -0.000000    3.497100

outcell: Cell vector modules (Ang)   :   13.103951    2.659641    3.497100
outcell: Cell angles (23,13,12) (deg):     90.0000     90.0000     90.0000
outcell: Cell volume (Ang**3)        :    121.8802
<dSpData1D:S at geom step 12
  <sparsity:sparsity for geom step 12
    nrows_g=241 nrows=12 sparsity=1.2466 nnzs=72406, refcount: 7>
  <dData1D:(new from dSpData1D) n=72406, refcount: 1>
refcount: 1>
new_DM -- step:    13
Re-using DM from previous geometries...
Number of DMs in history: 1
 DM extrapolation coefficients: 
1   1.00000
New DM after history re-use:
<dSpData2D:SpM extrapolated using coords
  <sparsity:sparsity for geom step 12
    nrows_g=241 nrows=12 sparsity=1.2466 nnzs=72406, refcount: 9>
  <dData2D:(temp array for extrapolation) n=72406 m=2, refcount: 1>
refcount: 1>
No. of atoms with KB's overlaping orbs in proc 0. Max # of overlaps:     237    1051

InitMesh: MESH = 144 x 30 x 40 = 172800
InitMesh: Mesh cutoff (required, used) =   300.000   333.751 Ry
New grid distribution [1]: sub = 2
New grid distribution [2]: sub = 2
New grid distribution [3]: sub = 2
Setting up quadratic distribution...

        iscf     Eharris(eV)        E_KS(eV)     FreeEng(eV)     dDmax    Ef(eV) dHmax(eV)
   scf:    1   -30135.901906   -30138.815591   -30138.837872  0.181111 -6.815626  7.014724
     spin moment: {S} , |S| = {        0.0        0.0    8.09385 }     8.09385
   scf:    2   -17821.991168   -26060.924271   -26060.939538 29.355775 -4.513643365.241009
     spin moment: {S} , |S| = {        0.0        0.0    1.81426 }     1.81426
   scf:    3   -30222.086084   -30140.106296   -30140.123723 29.289431 -6.800153  2.063440
     spin moment: {S} , |S| = {        0.0        0.0    8.00081 }     8.00081
   scf:    4   -30140.166673   -30140.184301   -30140.202267  0.047120 -6.797345  1.031584
     spin moment: {S} , |S| = {        0.0        0.0    8.02231 }     8.02231
   scf:    5   -30140.215922   -30140.211680   -30140.229961  0.013949 -6.792930  0.267600
     spin moment: {S} , |S| = {        0.0        0.0    8.02338 }     8.02338
   scf:    6   -30140.170968   -30140.200690   -30140.219289  0.024057 -6.784950  0.739190
     spin moment: {S} , |S| = {        0.0        0.0    8.02470 }     8.02470
   scf:    7   -30140.213749   -30140.215667   -30140.233824  0.011813 -6.787145  0.080861
     spin moment: {S} , |S| = {        0.0        0.0    8.02025 }     8.02025
   scf:    8   -30140.215449   -30140.215805   -30140.234025  0.004467 -6.786003  0.076582
     spin moment: {S} , |S| = {        0.0        0.0    8.01972 }     8.01972
   scf:    9   -30140.214156   -30140.215607   -30140.233719  0.008691 -6.787597  0.150685
     spin moment: {S} , |S| = {        0.0        0.0    8.01590 }     8.01590
   scf:   10   -30140.216075   -30140.216146   -30140.234341  0.002743 -6.787354  0.014476
     spin moment: {S} , |S| = {        0.0        0.0    8.01532 }     8.01532
   scf:   11   -30140.216178   -30140.216162   -30140.234359  0.000915 -6.787782  0.010262
     spin moment: {S} , |S| = {        0.0        0.0    8.01369 }     8.01369
   scf:   12   -30140.216189   -30140.216176   -30140.234385  0.001443 -6.788455  0.011466
     spin moment: {S} , |S| = {        0.0        0.0    8.01024 }     8.01024
   scf:   13   -30140.216175   -30140.216176   -30140.234391  0.000370 -6.788571  0.010882
     spin moment: {S} , |S| = {        0.0        0.0    8.00917 }     8.00917

SCF Convergence by DM criterion
max |DM_out - DM_in|         :     0.0003699820
max |H_out - H_in|      (eV) :     0.0108821581
SCF cycle converged after 13 iterations

Using DM_out to compute the final energy and forces
No. of atoms with KB's overlaping orbs in proc 0. Max # of overlaps:     237    1051

siesta: E_KS(eV) =           -30140.2162

siesta: Atomic forces (eV/Ang):
     1    0.043369    0.000001    0.000001
     2    0.015454   -0.000001   -0.000001
     3   -0.041468    0.000000    0.000001
     4    0.009914   -0.000002   -0.000000
     5   -0.006256   -0.000001    0.000002
     6   -0.039680   -0.000001   -0.000000
     7    0.003668    0.000000    0.000000
     8   -0.002475    0.000001   -0.000001
     9   -0.016844    0.000002    0.000000
    10    0.028503   -0.000000   -0.000003
----------------------------------------
   Tot   -0.005816    0.000000   -0.000001
----------------------------------------
   Max    0.043369
   Res    0.014907    sqrt( Sum f_i^2 / 3N )
----------------------------------------
   Max    0.043369    constrained

Stress tensor Voigt[x,y,z,yz,xz,xy] (kbar):       -1.13        1.31       -1.49       -0.00        0.00       -0.00
(Free)E + p*V (eV/cell)   -30140.2011
Target enthalpy (eV/cell)   -30140.2344

siesta: Stress tensor (static) (eV/Ang**3):
        -0.000707   -0.000000    0.000000
        -0.000000    0.000819   -0.000000
         0.000000   -0.000000   -0.000932

siesta: Pressure (static):          0.43752301  kBar

siesta: Stress tensor (total) (eV/Ang**3):
        -0.000707   -0.000000    0.000000
        -0.000000    0.000819   -0.000000
         0.000000   -0.000000   -0.000932

siesta: Pressure (total):          0.43752301  kBar

outcoor: Relaxed atomic coordinates (fractional):           
    0.00079820   -0.00000001   -0.00000001   1       1  Ga
    0.61106363   -0.00000001    0.00000003   1       2  Ga
    0.48599713    0.50000004    0.49999998   1       3  Ga
    0.39517860    0.00000013    0.00000000   2       4  Ni
    0.80443277   -0.00000005   -0.00000004   2       5  Ni
    0.20316073    0.00000011    0.00000002   3       6  Mn
    0.10268128    0.50000002    0.50000002   3       7  Mn
    0.29200543    0.49999998    0.50000003   3       8  Mn
    0.70574507    0.49999987    0.50000002   3       9  Mn
    0.89899721    0.50000001    0.50000005   3      10  Mn

outcell: Unit cell vectors (Ang):
       13.103951    0.000000   -0.000000
        0.000000    2.659641   -0.000000
       -0.000000   -0.000000    3.497100

outcell: Cell vector modules (Ang)   :   13.103951    2.659641    3.497100
outcell: Cell angles (23,13,12) (deg):     90.0000     90.0000     90.0000
outcell: Cell volume (Ang**3)        :    121.8802

coxmol: Writing XMOL coordinates into file hea.xyz                                                                                                                                                                                                                             
Writing WFSX for COOP/COHP in hea.fullBZ.WFSX

diag: Algorithm                                     = D&C
diag: Parallel over k                               =   F
diag: Use parallel 2D distribution                  =   T
diag: Parallel block-size                           = 6
diag: Parallel distribution                         =     6 x     6
diag: Used triangular part                          = Lower
diag: Absolute tolerance                            =  0.100E-15
diag: Orthogonalization factor                      =  0.100E-05
diag: Memory factor                                 =  1.0000

diag: Algorithm                                     = D&C
diag: Parallel over k                               =   F
diag: Use parallel 2D distribution                  =   T
diag: Parallel block-size                           = 6
diag: Parallel distribution                         =     6 x     6
diag: Used triangular part                          = Lower
diag: Absolute tolerance                            =  0.100E-15
diag: Orthogonalization factor                      =  0.100E-05
diag: Memory factor                                 =  1.0000

siesta: PDOS info
siesta: E1 -- E2, sigma [eV], nhist:  -20.000 --   20.000    0.100 1000

diag: Algorithm                                     = D&C
diag: Parallel over k                               =   F
diag: Use parallel 2D distribution                  =   T
diag: Parallel block-size                           = 6
diag: Parallel distribution                         =     6 x     6
diag: Used triangular part                          = Lower
diag: Absolute tolerance                            =  0.100E-15
diag: Orthogonalization factor                      =  0.100E-05
diag: Memory factor                                 =  1.0000

siesta: Program's energy decomposition (eV):
siesta: Ebs     =     -5038.062723
siesta: Eions   =     38392.307325
siesta: Ena     =      3037.361582
siesta: Ekin    =     15935.952734
siesta: Enl     =     -5504.091500
siesta: Eso     =         0.000000
siesta: Edftu   =         0.000000
siesta: DEna    =        95.178624
siesta: DUscf   =         1.430137
siesta: DUext   =         0.000000
siesta: Ex      =     -5005.911118
siesta: Ec      =      -307.829309
siesta: Exc     =     -5313.740427
siesta: EbV     =         0.000000
siesta: eta*DQ  =         0.000000
siesta: Emadel  =         0.000000
siesta: Emeta   =         0.000000
siesta: Emolmec =         0.000000
siesta: Ekinion =         0.000000
siesta: Eharris =    -30140.216175
siesta: Etot    =    -30140.216176
siesta: FreeEng =    -30140.234391

siesta: Final energy (eV):
siesta:  Band Struct. =   -5038.062723
siesta:       Kinetic =   15935.952734
siesta:       Hartree =    7741.406818
siesta:         Edftu =       0.000000
siesta:       Eso     =       0.000000
siesta:    Ext. field =       0.000000
siesta:         Exch. =   -5005.911118
siesta:         Corr. =    -307.829309
siesta:     Bulk bias =       0.000000
siesta:   Exch.-corr. =   -5313.740427
siesta:  Ion-electron =  -31965.197844
siesta:       Ion-ion =  -16538.637458
siesta:       Ekinion =       0.000000
siesta: D3 dispersion =       0.000000
siesta:         Total =  -30140.216176
siesta:         Fermi =      -6.788571

siesta: Stress tensor (static) (eV/Ang**3):
siesta:    -0.000707   -0.000000    0.000000
siesta:    -0.000000    0.000819   -0.000000
siesta:     0.000000   -0.000000   -0.000932

siesta: Constrained stress tensor (static) (eV/Ang**3):
siesta:    -0.000707   -0.000000    0.000000
siesta:    -0.000000    0.000819   -0.000000
siesta:     0.000000   -0.000000   -0.000932

siesta: Cell volume =        121.880234 Ang**3

siesta: Pressure (static):
siesta:                Solid            Molecule  Units
siesta:           0.00000297          0.00000447  Ry/Bohr**3
siesta:           0.00027308          0.00041083  eV/Ang**3
siesta:           0.43752301          0.65821894  kBar
(Free)E+ p_basis*V_orbitals  =      -30095.790875
(Free)Eharris+ p_basis*V_orbitals  =      -30095.790874

mulliken: Atomic and Orbital Populations:

mulliken: Spin UP 

Species: Ga                  
Atom  Qatom  Qorb
               4s      4s      4s      4py     4pz     4px     4py     4pz     
               4px     4py     4pz     4px     3dxy    3dyz    3dz2    3dxz    
               3dx2-y2 4dxy    4dyz    4dz2    4dxz    4dx2-y2 
   1  6.492   0.407  -0.064   0.339   0.512  -0.220   0.103   0.054   0.061
             -0.058  -0.289   0.188   0.144   0.999   0.999   0.999   0.999

              1.000   0.095   0.123  -0.054   0.105   0.048
   2  6.434   0.543  -0.206   0.415   0.699  -0.624   0.063   0.030   0.294
              0.138  -0.392   0.242  -0.025   0.999   0.999   0.999   0.999

              0.999   0.108   0.049   0.036   0.023   0.045
   3  6.534   0.579  -0.199   0.368   0.588  -0.323   0.047   0.037   0.151
              0.188  -0.317   0.152  -0.043   0.999   0.998   0.999   0.998

              0.999   0.106   0.079   0.046   0.049   0.034

Species: Ni                  
Atom  Qatom  Qorb
               3s      4s      4s      4s      3py     3pz     3px     4py     
               4pz     4px     3dxy    3dyz    3dz2    3dxz    3dx2-y2 3dxy    
               3dyz    3dz2    3dxz    3dx2-y2 3dxy    3dyz    3dz2    3dxz    
               3dx2-y2 
   4  8.937   0.979  -0.914   0.089   0.680   0.998   0.998   0.998   0.222
              0.194   0.196   1.183   1.234   1.213   1.196   1.170  -0.071

             -0.071  -0.065  -0.073  -0.056  -0.199  -0.275  -0.216  -0.250

             -0.222
   5  9.194   0.980  -0.414   0.055   0.408   0.999   0.998   0.998   0.166
              0.177   0.210   1.154   1.156   1.229   1.179   1.246  -0.044

             -0.048  -0.043  -0.047  -0.046  -0.185  -0.215  -0.223  -0.234

             -0.261

Species: Mn                  
Atom  Qatom  Qorb
               3s      4s      4s      4s      3py     3pz     3px     4py     
               4pz     4px     3dxy    3dyz    3dz2    3dxz    3dx2-y2 3dxy    
               3dyz    3dz2    3dxz    3dx2-y2 3dxy    3dyz    3dz2    3dxz    
               3dx2-y2 
   6  6.278   0.967   0.058   0.098   0.019   0.992   0.989   0.991   0.137
              0.148   0.166   0.362   0.631   0.299   0.643   0.658  -0.023

             -0.057  -0.025  -0.059  -0.048  -0.057  -0.169  -0.052  -0.165

             -0.223
   7  8.482   0.986  -0.678   0.209   0.341   0.994   0.994   0.994   0.223
              0.212   0.205   1.331   1.306   1.111   1.359   1.049  -0.088

             -0.107  -0.065  -0.116  -0.063  -0.354  -0.386  -0.266  -0.401

             -0.310
   8  8.923   0.997  -0.016   0.102   0.084   0.994   0.993   0.994   0.206
              0.212   0.237   1.267   1.276   1.083   1.274   1.190  -0.071

             -0.093  -0.058  -0.095  -0.087  -0.317  -0.338  -0.223  -0.354

             -0.334
   9  8.804   0.990  -0.624   0.204   0.369   0.996   0.996   0.996   0.222
              0.200   0.221   1.306   1.458   1.300   1.328   1.159  -0.088

             -0.127  -0.081  -0.114  -0.071  -0.323  -0.456  -0.328  -0.392

             -0.337
  10  8.928   0.992  -0.537   0.199   0.282   0.996   0.995   0.996   0.223
              0.200   0.230   1.341   1.424   1.265   1.375   1.211  -0.079

             -0.112  -0.069  -0.105  -0.078  -0.345  -0.433  -0.299  -0.403

             -0.341

mulliken: Qtot =       79.005

mulliken: Spin DOWN 

Species: Ga                  
Atom  Qatom  Qorb
               4s      4s      4s      4py     4pz     4px     4py     4pz     
               4px     4py     4pz     4px     3dxy    3dyz    3dz2    3dxz    
               3dx2-y2 4dxy    4dyz    4dz2    4dxz    4dx2-y2 
   1  6.897   0.383  -0.082   0.399   0.641  -0.320   0.255   0.054   0.135
             -0.060  -0.265   0.298   0.117   0.998   0.997   1.000   0.997

              1.000   0.113   0.109  -0.019   0.066   0.082
   2  6.760   0.523  -0.214   0.447   0.721  -0.704   0.192   0.050   0.367
              0.125  -0.343   0.322  -0.034   0.999   0.998   0.999   0.998

              1.000   0.122   0.051   0.051   0.016   0.075
   3  6.670   0.616  -0.216   0.378   0.517  -0.299  -0.068   0.047   0.139
              0.202  -0.263   0.199   0.091   0.999   0.998   0.999   0.998

              0.999   0.109   0.078   0.044   0.069   0.035

Species: Ni                  
Atom  Qatom  Qorb
               3s      4s      4s      4s      3py     3pz     3px     4py     
               4pz     4px     3dxy    3dyz    3dz2    3dxz    3dx2-y2 3dxy    
               3dyz    3dz2    3dxz    3dx2-y2 3dxy    3dyz    3dz2    3dxz    
               3dx2-y2 
   4  8.696   0.977  -1.068   0.119   0.751   0.998   0.998   0.999   0.233
              0.204   0.208   1.191   1.192   1.120   1.206   1.060  -0.080

             -0.080  -0.078  -0.083  -0.067  -0.200  -0.262  -0.192  -0.252

             -0.200
   5  8.613   0.976  -0.825   0.133   0.608   0.999   0.998   0.998   0.218
              0.231   0.233   1.087   1.127   1.002   1.101   1.043  -0.067

             -0.071  -0.077  -0.069  -0.070  -0.163  -0.212  -0.157  -0.211

             -0.219

Species: Mn                  
Atom  Qatom  Qorb
               3s      4s      4s      4s      3py     3pz     3px     4py     
               4pz     4px     3dxy    3dyz    3dz2    3dxz    3dx2-y2 3dxy    
               3dyz    3dz2    3dxz    3dx2-y2 3dxy    3dyz    3dz2    3dxz    
               3dx2-y2 
   6  8.818   0.995  -0.330   0.175   0.220   0.993   0.992   0.993   0.218
              0.236   0.254   1.219   1.304   1.090   1.288   1.178  -0.070

             -0.105  -0.057  -0.103  -0.068  -0.284  -0.364  -0.255  -0.343

             -0.358
   7  6.241   0.966  -0.563   0.211   0.252   0.992   0.990   0.993   0.169
              0.164   0.162   0.357   0.642   0.444   0.569   1.020  -0.038

             -0.061  -0.039  -0.055  -0.093  -0.061  -0.182  -0.097  -0.159

             -0.342
   8  6.308   0.968   0.222   0.083  -0.067   0.992   0.991   0.992   0.149
              0.148   0.174   0.341   0.615   0.260   0.600   0.717  -0.024

             -0.052  -0.027  -0.050  -0.072  -0.070  -0.170  -0.019  -0.179

             -0.215
   9  6.096   0.964  -0.699   0.265   0.348   0.994   0.993   0.994   0.191
              0.154   0.177   0.409   0.610   0.339   0.662   0.878  -0.049

             -0.067  -0.037  -0.075  -0.082  -0.094  -0.206  -0.076  -0.198

             -0.299
  10  5.897   0.962  -0.516   0.248   0.202   0.993   0.992   0.994   0.173
              0.150   0.186   0.337   0.602   0.283   0.501   0.763  -0.041

             -0.062  -0.032  -0.053  -0.071  -0.067  -0.196  -0.050  -0.142

             -0.259

mulliken: Qtot =       70.995

Mulliken Atomic Populations:
Atom #   charge [q] valence [e]      Sz [e]  Species
     1    -0.388735   13.388735   -0.404745  Ga
     2    -0.193527   13.193527   -0.325926  Ga
     3    -0.204153   13.204153   -0.136216  Ga
     4     0.367354   17.632646    0.240982  Ni
     5     0.192890   17.807110    0.581217  Ni
     6    -0.095988   15.095988   -2.539779  Mn
     7     0.277384   14.722616    2.240512  Mn
     8    -0.230116   15.230116    2.615020  Mn
     9     0.100004   14.899996    2.707439  Mn
    10     0.174889   14.825111    3.030669  Mn
-------------------------------------------
 Total    -0.000000                8.009172

cite: Please indicate the Siesta version in published work: 5.2.2
cite: This calculation has made use of features in the following articles
cite: which we encourage you to cite in published work.
cite: (Please see "hea.bib" for a BibTeX file.)
        Primary SIESTA paper
          DOI: www.doi.org/10.1088/0953-8984/14/11/302
        PSML pseudopotential format
          DOI: www.doi.org/10.1016/j.cpc.2018.02.011


>> End of run:  18-JUN-2025   4:24:50
Job completed
