Executable      : /home/users/felipegc/woltsoft/SIESTA/siesta-5.2.2/build/bin/siesta
Version         : 5.2.2
Architecture    : x86_64
Compiler version: GNU-9.3.0
Compiler flags  : -O3 -march=native
Parallelisations: MPI
Lua support
Native ELPA support
ELSI support. Solvers:
   ELPA (internal) 
   NTPoly
   OMM
DFT-D3 support
Wannier90 wrapper support

Runtime information:
* Directory : /home/users/felipegc/MnGaNi/top/structure_calc_272
* Running on 36 nodes in parallel.
>> Start of run:  18-JUN-2025  19:06:08

                           *********************** 
                           *  WELCOME TO SIESTA  * 
                           *********************** 

 NOTE: Siesta V5 introduces some new defaults for basis-set generation
 NOTE: which might lead to slightly different numerical results.
 NOTE: Please see the manual for full details and compatibility measures.


reinit: Reading from standard input
reinit: Dumping input in INPUT_TMP.23720
************************** Dump of input data file ****************************
SystemName          hea
SystemLabel         hea
Reparametrize.Pseudos T
Restricted.Radial.Grid F
%include atoms.fdf
MaxSCFIterations     20000
SCF.Mix              Hamiltonian
SCF.Mixer.Method     Broyden
#SCF.Mixer.Variant    original #Pulay original
SCF.Mixer.History    8
SCF.Mixer.Weight     0.07
SCF.H.Converge       False
SCF.DM.Converge      True
SCF.DM.Tolerance     5.d-4
SCF.H.Tolerance      5.d-3 eV
MeshCutoff 300.0 Ry
MD.UseSaveCG         False
DM.UseSaveDM         False
NumberOfEigenStates -20
ElectronicTemperature 300 K
WriteCoorXmol        True
XC.Functional     GGA
XC.authors        PBEsol
SpinPolarized      True
SolutionMethod       diagon
#Diag.Algorithm        MRRR
###################################
###################################
# Full template for Basis param.
###################################
###################################
Basis.Pressure 0.3 GPa
PAO.SoftDefault T
PAO.SoftPotential 50.0 Ry
PAO.SoftInnerRadius 0.70
PAO.BasisType split
PAO.EnergyShift 0.0019 eV
PAO.BasisSize TZP
PAO.SplitTailNorm T
            %block kgrid_Monkhorst_Pack
            2  0  0  0.
            0  6  0  0.
            0  0  4  0.
            %endblock kgrid_Monkhorst_Pack
            MD.TypeOfRun CG
            MD.Steps         500
            MD.VariableCell true
            MD.MaxForceTol 0.05 eV/Ang
            WriteMDHistory true
            WriteForces true
            Write.OrbitalIndex true
            Charge.Mulliken end
            COOP.Write true
            %block ProjectedDensityOfStates
            -20.00 20.00 0.1 1000 eV
            %endblock ProjectedDensityOfStates
************************** End of input data file *****************************

reinit: -----------------------------------------------------------------------
reinit: System Name: hea
reinit: -----------------------------------------------------------------------
reinit: System Label: hea
reinit: -----------------------------------------------------------------------

NOTE on units for spin output: 
{S} is the spin magnetic moment, in units of the Bohr magneton,
assuming a g-factor for the electron spin of exactly 2.
The spin magnetic moment is then numerically equal to the charge inbalance,
in units of electrons, between the spin-up and -down channels.


initatom: Reading input for the pseudopotentials and atomic orbitals ----------
Species number:   1 Atomic number:   31 Label: Ga
Species number:   2 Atomic number:   25 Label: Mn

Ground state valence configuration (from tables):   4s02  4p01  4d00  4f00
Ground state valence configuration (from tables):   4s02  4p00  3d05  4f00

---- Processing specs for species: Ga
Reading pseudopotential information in PSML from:
  Ga.psml
PSML file version: 1.1
Using libxc ids:  101 130
GGA--PBE XC_GGA_X_PBE--XC_GGA_C_PBE pb
PSML uuid: 206972b0-be42-11e7-579b-1282fffb1a56
Semicore shell(s) with 10 electrons included in the valence for Ga

---- Processing specs for species: Mn
Reading pseudopotential information in PSML from:
  Mn.psml
PSML file version: 1.1
Using libxc ids:  101 130
GGA--PBE XC_GGA_X_PBE--XC_GGA_C_PBE pb
PSML uuid: e5ebd880-be41-11e7-659b-074ddfc7bd15
Semicore shell(s) with  8 electrons included in the valence for Mn

---- Pseudopotential check for Ga

Pseudized shells:
4s( 2.00) rc: 1.67
4p( 1.00) rc: 1.75
3d(10.00) rc: 1.90
Valence configuration for ps generation: 3d:4s:4p: Total charge:  13.000000
Semicore shell(s): 3d
Fallback to non-perturbative polarization scheme for Ga
Please see the manual if this is not desired in principle

---- Pseudopotential check for Mn

Pseudized shells:
3s( 2.00) rc: 1.41
3p( 6.00) rc: 1.21
3d( 5.00) rc: 1.61
Valence configuration for ps generation: 3s:3p:3d:4s: Total charge:  15.000000
Semicore shell(s): 3s 3p
Fallback to non-perturbative polarization scheme for Mn
Please see the manual if this is not desired in principle
For Ga, standard SIESTA heuristics set lmxkb to 3
 (one more than the basis l, including polarization orbitals).
Use PS.lmax or PS.KBprojectors blocks to override.
For Mn, standard SIESTA heuristics set lmxkb to 3
 (one more than the basis l, including polarization orbitals).
Use PS.lmax or PS.KBprojectors blocks to override.
Ga pseudopotential only contains V_ls up to l=2 -- lmxkb reset.
Mn pseudopotential only contains V_ls up to l=2 -- lmxkb reset.

<basis_specs>
===============================================================================
Ga                   Z=  31    Mass=  69.723        Charge= 0.17977+309
Lmxo=2 Lmxkb= 2    BasisType=split      Semic=T
L=0  Nsemic=0  Cnfigmx=4
          i=1  nzeta=3  polorb=0  (4s)
            splnorm:   0.15000    
               vcte:    50.000    
               rinn:  -0.70000    
               qcoe:    0.0000    
               qyuk:    0.0000    
               qwid:   0.10000E-01
                rcs:    0.0000      0.0000      0.0000    
            lambdas:    1.0000      1.0000      1.0000    
L=1  Nsemic=0  Cnfigmx=4
          i=1  nzeta=3  polorb=0  (4p)  (to be polarized non-perturbatively)
            splnorm:   0.15000    
               vcte:    50.000    
               rinn:  -0.70000    
               qcoe:    0.0000    
               qyuk:    0.0000    
               qwid:   0.10000E-01
                rcs:    0.0000      0.0000      0.0000    
            lambdas:    1.0000      1.0000      1.0000    
L=2  Nsemic=1  Cnfigmx=4
          i=1  nzeta=1  polorb=0  (3d)  (semicore shell)
            splnorm:   0.15000    
               vcte:    50.000    
               rinn:  -0.70000    
               qcoe:    0.0000    
               qyuk:    0.0000    
               qwid:   0.10000E-01
                rcs:    0.0000    
            lambdas:    1.0000    
          i=2  nzeta=1  polorb=0  (4d)  (non-perturbative polarization shell)
            splnorm:   0.15000    
               vcte:    50.000    
               rinn:  -0.70000    
               qcoe:   0.33369-315
               qyuk:    0.0000    
               qwid:   0.69530-309
                rcs:    0.0000    
            lambdas:    1.0000    
-------------------------------------------------------------------------------
L=0  Nkbl=1  erefs: 0.17977+309
L=1  Nkbl=1  erefs: 0.17977+309
L=2  Nkbl=2  erefs: 0.17977+309 0.17977+309
===============================================================================
</basis_specs>

Using PAO.SplitTailNorm
atom: Called for Ga                    (Z =  31)
Maximum radius (at nrval) set to   50.00000 8518

read_vps: Pseudopotential generation method:
read_vps: ONCVPSP-3.Hamann's oncvpsp                        
Valence charge in pseudo generation:   13.00000

read_vps: Pseudopotential includes a core correction:
read_vps: Pseudo-core for xc-correction

xc_check: Exchange-correlation functional:
xc_check: GGA PBEsol
xc_check: WARNING: Pseudopotential generated with GGA PBE functional
Got Vlocal (oncv-fit) from psml data
Choosing vlocal chloc cutoff:  4.295227
qtot up to nchloc:   13.00023270
atom: Maximum radius for chlocal:    4.29523
atom: Maximum radius for r*vlocal+2*Zval:    4.29523
Reading KB projs from Ga psml data
Using scalar-relativistic projectors in PSML file

PSML: Kleinman-Bylander projectors: 
   l= 0   rc=  1.688643   Ekb= 14.059564
   l= 0   rc=  1.688643   Ekb=  2.289351
   l= 1   rc=  1.772167   Ekb= 13.610457
   l= 1   rc=  1.772167   Ekb=  2.576326
   l= 2   rc=  1.926399   Ekb=-16.756509
   l= 2   rc=  1.926399   Ekb= -5.641527

PSML: Total number of  Kleinman-Bylander projectors:  18
atom: -------------------------------------------------------------------------

atom: SANKEY-TYPE ORBITALS:
atom: Selected multiple-zeta basis: split     

SPLIT: Orbitals with angular momentum L= 0

SPLIT: Basis orbitals for state 4s

SPLIT: PAO cut-off radius determined from an
SPLIT: energy shift=  0.000140 Ry
Split based on tail norm

   izeta = 1
                 lambda =    1.000000
                     rc =    8.573397
                 energy =   -0.660225
                kinetic =    0.501561
    potential(screened) =   -1.161786
       potential(ionic) =  -12.246649

   izeta = 2
                 rmatch =    4.547753
              splitnorm =    0.150000
                 energy =   -0.462291
                kinetic =    0.981430
    potential(screened) =   -1.443721
       potential(ionic) =  -13.770808

   izeta = 3
                 rmatch =    5.338573
              splitnorm =    0.075000
                 energy =   -0.599358
                kinetic =    0.744548
    potential(screened) =   -1.343906
       potential(ionic) =  -13.255962

SPLIT: Orbitals with angular momentum L= 1

SPLIT: Basis orbitals for state 4p

SPLIT: PAO cut-off radius determined from an
SPLIT: energy shift=  0.000140 Ry
Split based on tail norm

   izeta = 1
                 lambda =    1.000000
                     rc =   12.949509
                 energy =   -0.190428
                kinetic =    0.541974
    potential(screened) =   -0.732402
       potential(ionic) =   -9.174065

   izeta = 2
                 rmatch =    6.968471
              splitnorm =    0.150000
                 energy =   -0.153132
                kinetic =    0.764207
    potential(screened) =   -0.917338
       potential(ionic) =  -10.565779

   izeta = 3
                 rmatch =    8.212134
              splitnorm =    0.075000
                 energy =   -0.175794
                kinetic =    0.665884
    potential(screened) =   -0.841678
       potential(ionic) =  -10.014829

SPLIT: Orbitals with angular momentum L= 2

SPLIT: Basis orbitals for state 3d

SPLIT: PAO cut-off radius determined from an
SPLIT: energy shift=  0.000140 Ry
Split based on tail norm

   izeta = 1
                 lambda =    1.000000
                     rc =    4.873342
                 energy =   -1.390864
                kinetic =   12.335179
    potential(screened) =  -13.726043
       potential(ionic) =  -32.471836

SPLIT: Basis orbitals for state 4d
SPLIT: Non-perturbative polarization orbs for state 4p
SPLIT: rc(1st zeta) (re)set to: 12.9495 (expansion factor: 1.0000)
Split based on tail norm

   izeta = 1
                 lambda =    1.000000
                     rc =   12.949509
                 energy =    0.135451
                kinetic =    0.341434
    potential(screened) =   -0.205982
       potential(ionic) =   -4.584821
atom: Total number of Sankey-type orbitals: 22

atm_pop: Valence configuration (for local Pseudopot. screening):
 4s( 2.00)                                                            
 4p( 1.00)                                                            
 3d(10.00) 4d( 0.00)                                                  
Vna: chval, zval:   13.00000  13.00000

Vna:  Cut-off radius for the neutral-atom potential:  12.949509
comcore: Pseudo-core radius Rcore=  2.359857

atom: _________________________________________________________________________

<basis_specs>
===============================================================================
Mn                   Z=  25    Mass=  54.938        Charge= 0.17977+309
Lmxo=2 Lmxkb= 2    BasisType=split      Semic=T
L=0  Nsemic=1  Cnfigmx=4
          i=1  nzeta=1  polorb=0  (3s)  (semicore shell)
            splnorm:   0.15000    
               vcte:    50.000    
               rinn:  -0.70000    
               qcoe:    0.0000    
               qyuk:    0.0000    
               qwid:   0.10000E-01
                rcs:    0.0000    
            lambdas:    1.0000    
          i=2  nzeta=3  polorb=0  (4s)  (to be polarized non-perturbatively)
            splnorm:   0.15000    
               vcte:    50.000    
               rinn:  -0.70000    
               qcoe:    0.0000    
               qyuk:    0.0000    
               qwid:   0.10000E-01
                rcs:    0.0000      0.0000      0.0000    
            lambdas:    1.0000      1.0000      1.0000    
L=1  Nsemic=1  Cnfigmx=4
          i=1  nzeta=1  polorb=0  (3p)  (semicore shell)
            splnorm:   0.15000    
               vcte:    50.000    
               rinn:  -0.70000    
               qcoe:    0.0000    
               qyuk:    0.0000    
               qwid:   0.10000E-01
                rcs:    0.0000    
            lambdas:    1.0000    
          i=2  nzeta=1  polorb=0  (4p)  (non-perturbative polarization shell)
            splnorm:   0.15000    
               vcte:    50.000    
               rinn:  -0.70000    
               qcoe:   0.33369-315
               qyuk:    0.0000    
               qwid:   0.69530-309
                rcs:    0.0000    
            lambdas:    1.0000    
L=2  Nsemic=0  Cnfigmx=3
          i=1  nzeta=3  polorb=0  (3d)
            splnorm:   0.15000    
               vcte:    50.000    
               rinn:  -0.70000    
               qcoe:    0.0000    
               qyuk:    0.0000    
               qwid:   0.10000E-01
                rcs:    0.0000      0.0000      0.0000    
            lambdas:    1.0000      1.0000      1.0000    
-------------------------------------------------------------------------------
L=0  Nkbl=2  erefs: 0.17977+309 0.17977+309
L=1  Nkbl=2  erefs: 0.17977+309 0.17977+309
L=2  Nkbl=1  erefs: 0.17977+309
===============================================================================
</basis_specs>

Using PAO.SplitTailNorm
atom: Called for Mn                    (Z =  25)
Maximum radius (at nrval) set to   50.00000 8518

read_vps: Pseudopotential generation method:
read_vps: ONCVPSP-3.Hamann's oncvpsp                        
Valence charge in pseudo generation:   15.00000

read_vps: Pseudopotential includes a core correction:
read_vps: Pseudo-core for xc-correction

xc_check: Exchange-correlation functional:
xc_check: GGA PBEsol
xc_check: WARNING: Pseudopotential generated with GGA PBE functional
Got Vlocal (oncv-fit) from psml data
Choosing vlocal chloc cutoff:  3.504263
qtot up to nchloc:   15.00032895
atom: Maximum radius for chlocal:    3.50426
atom: Maximum radius for r*vlocal+2*Zval:    3.50426
Reading KB projs from Mn psml data
Using scalar-relativistic projectors in PSML file

PSML: Kleinman-Bylander projectors: 
   l= 0   rc=  1.427391   Ekb= 18.471374
   l= 0   rc=  1.430269   Ekb=  3.121111
   l= 1   rc=  1.224702   Ekb=  3.156115
   l= 1   rc=  1.224702   Ekb= -1.424352
   l= 2   rc=  1.630219   Ekb=-13.224142
   l= 2   rc=  1.630219   Ekb= -4.330632

PSML: Total number of  Kleinman-Bylander projectors:  18
atom: -------------------------------------------------------------------------

atom: SANKEY-TYPE ORBITALS:
atom: Selected multiple-zeta basis: split     

SPLIT: Orbitals with angular momentum L= 0

SPLIT: Basis orbitals for state 3s

SPLIT: PAO cut-off radius determined from an
SPLIT: energy shift=  0.000140 Ry
Split based on tail norm

   izeta = 1
                 lambda =    1.000000
                     rc =    3.380000
                 energy =   -6.293298
                kinetic =    2.848567
    potential(screened) =   -9.141865
       potential(ionic) =  -33.519753

SPLIT: Basis orbitals for state 4s

SPLIT: PAO cut-off radius determined from an
SPLIT: energy shift=  0.000140 Ry
Split based on tail norm

   izeta = 1
                 lambda =    1.000000
                     rc =   10.002455
                 energy =   -0.450676
                kinetic =    1.112603
    potential(screened) =   -1.563278
       potential(ionic) =  -13.199632

   izeta = 2
                 rmatch =    5.430276
              splitnorm =    0.150000
                 energy =   -0.360834
                kinetic =    1.875764
    potential(screened) =   -2.236598
       potential(ionic) =  -15.982656

   izeta = 3
                 rmatch =    6.342382
              splitnorm =    0.075000
                 energy =   -0.415048
                kinetic =    1.529261
    potential(screened) =   -1.944310
       potential(ionic) =  -14.865309

SPLIT: Orbitals with angular momentum L= 1

SPLIT: Basis orbitals for state 3p

SPLIT: PAO cut-off radius determined from an
SPLIT: energy shift=  0.000140 Ry
Split based on tail norm

   izeta = 1
                 lambda =    1.000000
                     rc =    3.873861
                 energy =   -3.996757
                kinetic =    6.976018
    potential(screened) =  -10.972775
       potential(ionic) =  -34.563053

SPLIT: Basis orbitals for state 4p
SPLIT: Non-perturbative polarization orbs for state 4s
SPLIT: rc(1st zeta) (re)set to: 10.0025 (expansion factor: 1.0000)
Split based on tail norm

   izeta = 1
                 lambda =    1.000000
                     rc =   10.002455
                 energy =   -0.085879
                kinetic =    0.770317
    potential(screened) =   -0.856196
       potential(ionic) =   -9.409918

SPLIT: Orbitals with angular momentum L= 2

SPLIT: Basis orbitals for state 3d

SPLIT: PAO cut-off radius determined from an
SPLIT: energy shift=  0.000140 Ry
Split based on tail norm

   izeta = 1
                 lambda =    1.000000
                     rc =    7.238756
                 energy =   -0.490123
                kinetic =    9.261574
    potential(screened) =   -9.751697
       potential(ionic) =  -30.334327

   izeta = 2
                 rmatch =    3.144499
              splitnorm =    0.150000
                 energy =   -0.401801
                kinetic =   11.021778
    potential(screened) =  -11.423579
       potential(ionic) =  -33.555539

   izeta = 3
                 rmatch =    3.972182
              splitnorm =    0.075000
                 energy =   -0.464167
                kinetic =   10.072383
    potential(screened) =  -10.536551
       potential(ionic) =  -31.940836
atom: Total number of Sankey-type orbitals: 25

atm_pop: Valence configuration (for local Pseudopot. screening):
 3s( 2.00) 4s( 2.00)                                                  
 3p( 6.00) 4p( 0.00)                                                  
 3d( 5.00)                                                            
Vna: chval, zval:   15.00000  15.00000

Vna:  Cut-off radius for the neutral-atom potential:  10.002455
comcore: Pseudo-core radius Rcore=  2.115123

atom: _________________________________________________________________________

prinput: Basis input 

PAO.BasisType split     

%block ChemicalSpeciesLabel
    1   31 Ga                      # Species index, atomic number, species label
    2   25 Mn                      # Species index, atomic number, species label
%endblock ChemicalSpeciesLabel

%block PAO.Basis                 # Define Basis set
# WARNING: This information might be incomplete!
Ga                    4                    # Species label, number of l-shells
 n=4   0   3                         # n, l, Nzeta 
   8.573      4.548      5.339   
   1.000      1.000      1.000   
 n=4   1   3                         # n, l, Nzeta 
  12.950      6.968      8.212   
   1.000      1.000      1.000   
 n=3   2   1                         # n, l, Nzeta 
   4.873   
   1.000   
 n=4   2   1                         # n, l, Nzeta 
  12.950   
   1.000   
Mn                    5                    # Species label, number of l-shells
 n=3   0   1                         # n, l, Nzeta 
   3.380   
   1.000   
 n=4   0   3                         # n, l, Nzeta 
  10.002      5.430      6.342   
   1.000      1.000      1.000   
 n=3   1   1                         # n, l, Nzeta 
   3.874   
   1.000   
 n=4   1   1                         # n, l, Nzeta 
  10.002   
   1.000   
 n=3   2   3                         # n, l, Nzeta 
   7.239      3.144      3.972   
   1.000      1.000      1.000   
%endblock PAO.Basis

prinput: ----------------------------------------------------------------------

coor:   Atomic-coordinates input format  =     Fractional

siesta: Atomic coordinates (Bohr) and species
siesta:      0.00000   0.00000   0.00000  1        1
siesta:      4.70356   0.00000   0.00000  2        2
siesta:      9.40712   0.00000   0.00000  2        3
siesta:     14.11067   0.00000   0.00000  2        4
siesta:      2.35178   2.35178   3.32592  2        5
siesta:      7.05534   2.35178   3.32592  2        6
siesta:     11.75890   2.35178   3.32592  2        7
siesta:     16.46245   2.35178   3.32592  2        8

siesta: System type = bulk      

initatomlists: Number of atoms, orbitals, and projectors:      8   197   144

coxmol: Writing XMOL coordinates into file hea.xyz                                                                                                                                                                                                                             

siesta: ******************** Simulation parameters ****************************
siesta:
siesta: The following are some of the parameters of the simulation.
siesta: A complete list of the parameters used, including default values,
siesta: can be found in file out.fdf
siesta:
redata: Spin configuration                          = collinear
redata: Number of spin components                   = 2
redata: Time-Reversal Symmetry                      = T
redata: Spin spiral                                 = F
redata: Long output                                 =   F
redata: Number of Atomic Species                    =        2
redata: Charge density info will appear in .RHO file
redata: Write Mulliken charges (when)               = end
redata: Write Mulliken Pop.                         = Atomic and Orbital charges
redata: Write Hirshfeld charges (when)              = none
redata: Write Voronoi charges (when)                = none
redata: Write spin charge (when)                    = scf
redata: Matel table size (NRTAB)                    =     1024
redata: Mesh Cutoff                                 =   300.0000 Ry
redata: Net charge of the system                    =     0.0000 |e|
redata: Min. number of SCF Iter                     =        0
redata: Max. number of SCF Iter                     =    20000
redata: SCF convergence failure will abort job
redata: SCF mix quantity                            = Hamiltonian
redata: Mix DM or H after convergence               =   F
redata: Recompute H after scf cycle                 =   F
redata: Mix DM in first SCF step                    =   T
redata: Write Pulay info on disk                    =   F
redata: New DM Occupancy tolerance                  = 0.000000000001
redata: No kicks to SCF
redata: DM Mixing Weight for Kicks                  =     0.5000
redata: Require Harris convergence for SCF          =   F
redata: Harris energy tolerance for SCF             =     0.000100 eV
redata: Require DM convergence for SCF              =   T
redata: DM tolerance for SCF                        =     0.000500
redata: Require EDM convergence for SCF             =   F
redata: EDM tolerance for SCF                       =     0.001000 eV
redata: Require H convergence for SCF               =   F
redata: Hamiltonian tolerance for SCF               =     0.005000 eV
redata: Require (free) Energy convergence for SCF   =   F
redata: (free) Energy tolerance for SCF             =     0.000100 eV
redata: Antiferro initial spin density              =   F
redata: Using DFT-D3 dispersion                     =   F
redata: Using Saved Data (generic)                  =   F
redata: Use continuation files for DM               =   F
redata: Neglect nonoverlap interactions             =   F
redata: Method of Calculation                       = Diagonalization
redata: Electronic Temperature                      =   300.0000 K
redata: Fix the spin of the system                  =   F
redata: Max. number of TDED Iter                    =        1
redata: Number of TDED substeps                     =        3
redata: Dynamics option                             = CG coord. optimization
redata: Variable cell                               =   T
redata: Use continuation files for CG               =   F
redata: Max atomic displ per move                   =     0.1058 Ang
redata: Maximum number of optimization moves        =      500
redata: Force tolerance                             =     0.0500 eV/Ang
redata: Stress tolerance                            =     1.0000 GPa
mix.SCF: Broyden mixing                          = Broyden
mix.SCF:    History steps                        = 8
mix.SCF:    Linear mixing weight                 =     0.070000
mix.SCF:    Inverse Jacobian weight              =     0.070000
mix.SCF:    Weight prime                         =     0.070000
mix.SCF:    SVD condition                        = 0.1000E-07
mix.SCF: Spin-component mixing                   all
redata: ***********************************************************************

%block SCF.Mixers
  Broyden
%endblock SCF.Mixers

%block SCF.Mixer.Broyden
  # Mixing method
  method broyden

  # Mixing options
  weight 0.0700
  weight.linear 0.0700
  weight.prime 0.0700
  history 8
%endblock SCF.Mixer.Broyden

DM_history_depth set to one: no extrapolation allowed by default for geometry relaxation
Size of DM history Fstack: 1
Total number of electrons:   118.000000
Total ionic charge:   118.000000

* ProcessorY, Blocksize:    4   5


* Orbital distribution balance (max,min):    10     5

k-point displ. along   1 input, could be:     0.00    0.50
k-point displ. along   2 input, could be:     0.00    0.50
k-point displ. along   3 input, could be:     0.00    0.50
 Kpoints in:           32 . Kpoints trimmed:           31

siesta: k-grid: Number of k-points = 31
siesta: k-points from Monkhorst-Pack grid
siesta: k-cutoff (effective) =     7.040 Ang
siesta: k-point supercell and displacements
siesta: k-grid:     2     0     0      0.000
siesta: k-grid:     0     6     0      0.000
siesta: k-grid:     0     0     4      0.000
k-point displ. along   1 input, could be:     0.00    0.50
k-point displ. along   2 input, could be:     0.00    0.50
k-point displ. along   3 input, could be:     0.00    0.50
 Kpoints in:           32 . Kpoints trimmed:           31

siesta: PDOS k-grid: Number of k-points = 31
siesta: PDOS k-points from Monkhorst-Pack grid
siesta: PDOS k-cutoff (effective) =     0.000 Ang
siesta: PDOS k-point supercell and displacements
siesta: k-grid:     2     0     0      0.000
siesta: k-grid:     0     6     0      0.000
siesta: k-grid:     0     0     4      0.000

diag: Algorithm                                     = D&C
diag: Parallel over k                               =   F
diag: Use parallel 2D distribution                  =   T
diag: Parallel block-size                           = 5
diag: Parallel distribution                         =     6 x     6
diag: Used triangular part                          = Lower
diag: Absolute tolerance                            =  0.100E-15
diag: Orthogonalization factor                      =  0.100E-05
diag: Memory factor                                 =  1.0000
diag: The diagonalization method chosen cannot compute a reduced number of eigenvectors.
diag: Resetting neigwanted 81 to 197

superc: Internal auxiliary supercell:     5 x    13 x     9  =     585
superc: Number of atoms, orbitals, and projectors:   4680 115245  84240


ts: **************************************************************
ts: Save H and S matrices                           =    F
ts: Save DM and EDM matrices                        =    F
ts: Only save the overlap matrix S                  =    F
ts: **************************************************************

************************ Begin: TS CHECKS AND WARNINGS ************************
************************ End: TS CHECKS AND WARNINGS **************************


                     ====================================
                        Begin CG opt. move =      0
                     ====================================

superc: Internal auxiliary supercell:     5 x    13 x     9  =     585
superc: Number of atoms, orbitals, and projectors:   4680 115245  84240

outcell: Unit cell vectors (Ang):
        9.956064    0.000000    0.000000
        0.000000    2.489016    0.000000
        0.000000    0.000000    3.520000

outcell: Cell vector modules (Ang)   :    9.956064    2.489016    3.520000
outcell: Cell angles (23,13,12) (deg):     90.0000     90.0000     90.0000
outcell: Cell volume (Ang**3)        :     87.2284
<dSpData1D:S at geom step 0
  <sparsity:sparsity for geom step 0
    nrows_g=197 nrows=10 sparsity=1.8667 nnzs=72445, refcount: 7>
  <dData1D:(new from dSpData1D) n=72445, refcount: 1>
refcount: 1>
new_DM -- step:     1
Initializing Density Matrix...
DM filled with atomic data:
<dSpData2D:DM initialized from atoms
  <sparsity:sparsity for geom step 0
    nrows_g=197 nrows=10 sparsity=1.8667 nnzs=72445, refcount: 8>
  <dData2D:DM n=72445 m=2, refcount: 1>
refcount: 1>
No. of atoms with KB's overlaping orbs in proc 0. Max # of overlaps:     244     983

InitMesh: MESH = 108 x 30 x 40 = 129600
InitMesh: Mesh cutoff (required, used) =   300.000   325.218 Ry
New grid distribution [1]: sub = 2
New grid distribution [2]: sub = 2
New grid distribution [3]: sub = 2
Setting up quadratic distribution...

stepf: Fermi-Dirac step function

siesta: Program's energy decomposition (eV):
siesta: Ebs     =     -4386.239028
siesta: Eions   =     30334.536698
siesta: Ena     =      2978.166627
siesta: Ekin    =     10728.561900
siesta: Enl     =     -2331.923236
siesta: Eso     =         0.000000
siesta: Edftu   =         0.000000
siesta: DEna    =       184.574097
siesta: DUscf   =         5.760205
siesta: DUext   =         0.000000
siesta: Ex      =     -3773.877503
siesta: Ec      =      -234.977035
siesta: Exc     =     -4008.854538
siesta: EbV     =         0.000000
siesta: eta*DQ  =         0.000000
siesta: Emadel  =         0.000000
siesta: Emeta   =         0.000000
siesta: Emolmec =         0.000000
siesta: Ekinion =         0.000000
siesta: Eharris =    -22654.427222
siesta: Etot    =    -22778.251644
siesta: FreeEng =    -22778.274625

        iscf     Eharris(eV)        E_KS(eV)     FreeEng(eV)     dDmax    Ef(eV) dHmax(eV)
   scf:    1   -22654.427222   -22778.251644   -22778.274625 10.266381 -6.409155 10.983811
     spin moment: {S} , |S| = {        0.0        0.0   21.44599 }    21.44599
timer: Routine,Calls,Time,% = IterSCF        1       3.876  14.16
   scf:    2   -22759.892271   -22775.232572   -22775.251146  0.758910 -6.627766 12.184856
     spin moment: {S} , |S| = {        0.0        0.0   21.85859 }    21.85859
   scf:    3   -22780.687520   -22780.714570   -22780.739893  0.299513 -6.612545  3.906111
     spin moment: {S} , |S| = {        0.0        0.0   21.40435 }    21.40435
   scf:    4   -22783.709081   -22782.485891   -22782.510071  1.681953 -7.138652  1.650930
     spin moment: {S} , |S| = {        0.0        0.0   20.25732 }    20.25732
   scf:    5   -22783.046856   -22782.787597   -22782.816342  0.105048 -7.173133  1.133636
     spin moment: {S} , |S| = {        0.0        0.0   19.71244 }    19.71244
   scf:    6   -22783.785203   -22783.276908   -22783.304428  0.179343 -7.238777  1.215272
     spin moment: {S} , |S| = {        0.0        0.0   18.67457 }    18.67457
   scf:    7   -22784.629847   -22783.985842   -22784.009477  0.316796 -7.335689  2.742668
     spin moment: {S} , |S| = {        0.0        0.0   16.68805 }    16.68805
   scf:    8   -22777.082995   -22782.474452   -22782.503667  0.472563 -7.395326  9.048793
     spin moment: {S} , |S| = {        0.0        0.0   14.09939 }    14.09939
   scf:    9   -22770.992403   -22782.525263   -22782.551598  0.679782 -7.628671  9.564435
     spin moment: {S} , |S| = {        0.0        0.0    9.61170 }     9.61170
   scf:   10   -22787.134259   -22785.228967   -22785.257133  0.130753 -7.664938  6.055206
     spin moment: {S} , |S| = {        0.0        0.0    8.84497 }     8.84497
   scf:   11   -22784.819048   -22786.108917   -22786.133832  0.176893 -7.567269  2.314482
     spin moment: {S} , |S| = {        0.0        0.0    9.45271 }     9.45271
   scf:   12   -22786.129943   -22786.371877   -22786.399989  0.210688 -7.645704  1.771691
     spin moment: {S} , |S| = {        0.0        0.0    7.94396 }     7.94396
   scf:   13   -22786.807068   -22786.660612   -22786.690534  0.105337 -7.631920  1.389012
     spin moment: {S} , |S| = {        0.0        0.0    7.24409 }     7.24409
   scf:   14   -22786.538339   -22786.615819   -22786.644968  0.063473 -7.619592  0.482096
     spin moment: {S} , |S| = {        0.0        0.0    7.81381 }     7.81381
   scf:   15   -22787.116170   -22786.840648   -22786.867722  0.174216 -7.599075  0.572172
     spin moment: {S} , |S| = {        0.0        0.0    6.51578 }     6.51578
   scf:   16   -22787.170519   -22786.991505   -22787.016563  0.096633 -7.620519  0.767196
     spin moment: {S} , |S| = {        0.0        0.0    5.40182 }     5.40182
   scf:   17   -22787.120200   -22787.058994   -22787.079808  0.042655 -7.628731  0.861743
     spin moment: {S} , |S| = {        0.0        0.0    4.94295 }     4.94295
   scf:   18   -22787.245024   -22787.149278   -22787.165234  0.101667 -7.639567  0.430205
     spin moment: {S} , |S| = {        0.0        0.0    4.28306 }     4.28306
   scf:   19   -22787.157723   -22787.154044   -22787.169591  0.026021 -7.633482  0.598652
     spin moment: {S} , |S| = {        0.0        0.0    4.20201 }     4.20201
   scf:   20   -22787.015071   -22787.108095   -22787.125881  0.104415 -7.623849  0.904416
     spin moment: {S} , |S| = {        0.0        0.0    4.53851 }     4.53851
   scf:   21   -22787.249662   -22787.185685   -22787.201273  0.094425 -7.626296  0.183020
     spin moment: {S} , |S| = {        0.0        0.0    4.07338 }     4.07338
   scf:   22   -22787.207288   -22787.195260   -22787.217407  0.116935 -7.640056  1.062921
     spin moment: {S} , |S| = {        0.0        0.0    3.31811 }     3.31811
   scf:   23   -22787.202725   -22787.197817   -22787.214344  0.082208 -7.630240  0.460641
     spin moment: {S} , |S| = {        0.0        0.0    3.88946 }     3.88946
   scf:   24   -22787.184083   -22787.191916   -22787.207558  0.026432 -7.625788  0.196499
     spin moment: {S} , |S| = {        0.0        0.0    4.03309 }     4.03309
   scf:   25   -22787.218473   -22787.205144   -22787.220753  0.039509 -7.617725  0.173075
     spin moment: {S} , |S| = {        0.0        0.0    3.97642 }     3.97642
   scf:   26   -22787.250980   -22787.226244   -22787.242871  0.060366 -7.621128  0.195279
     spin moment: {S} , |S| = {        0.0        0.0    3.78163 }     3.78163
   scf:   27   -22787.249315   -22787.236881   -22787.255047  0.034506 -7.625010  0.145031
     spin moment: {S} , |S| = {        0.0        0.0    3.62395 }     3.62395
   scf:   28   -22787.266742   -22787.249371   -22787.270784  0.058618 -7.623633  0.113386
     spin moment: {S} , |S| = {        0.0        0.0    3.36402 }     3.36402
   scf:   29   -22787.258725   -22787.253861   -22787.276023  0.016040 -7.620097  0.080495
     spin moment: {S} , |S| = {        0.0        0.0    3.31648 }     3.31648
   scf:   30   -22787.269244   -22787.260620   -22787.284524  0.032092 -7.617499  0.114454
     spin moment: {S} , |S| = {        0.0        0.0    3.18435 }     3.18435
   scf:   31   -22787.259731   -22787.260220   -22787.284038  0.005890 -7.617691  0.096876
     spin moment: {S} , |S| = {        0.0        0.0    3.18774 }     3.18774
   scf:   32   -22787.260726   -22787.260484   -22787.284290  0.002098 -7.617738  0.091392
     spin moment: {S} , |S| = {        0.0        0.0    3.18772 }     3.18772
   scf:   33   -22787.263809   -22787.262113   -22787.286104  0.006336 -7.617106  0.079705
     spin moment: {S} , |S| = {        0.0        0.0    3.17045 }     3.17045
   scf:   34   -22787.274467   -22787.267789   -22787.292641  0.027164 -7.617074  0.107102
     spin moment: {S} , |S| = {        0.0        0.0    3.07382 }     3.07382
   scf:   35   -22787.260989   -22787.264135   -22787.288413  0.016762 -7.616932  0.097003
     spin moment: {S} , |S| = {        0.0        0.0    3.14398 }     3.14398
   scf:   36   -22787.256948   -22787.260136   -22787.283285  0.020362 -7.617634  0.088228
     spin moment: {S} , |S| = {        0.0        0.0    3.24681 }     3.24681
   scf:   37   -22787.254850   -22787.257289   -22787.279470  0.015941 -7.617605  0.080044
     spin moment: {S} , |S| = {        0.0        0.0    3.32359 }     3.32359
   scf:   38   -22787.262920   -22787.259879   -22787.283086  0.015491 -7.617246  0.077940
     spin moment: {S} , |S| = {        0.0        0.0    3.24431 }     3.24431
   scf:   39   -22787.254677   -22787.257052   -22787.279286  0.015207 -7.617959  0.077672
     spin moment: {S} , |S| = {        0.0        0.0    3.31799 }     3.31799
   scf:   40   -22787.259006   -22787.258011   -22787.280484  0.004283 -7.617759  0.077420
     spin moment: {S} , |S| = {        0.0        0.0    3.30050 }     3.30050
   scf:   41   -22787.259472   -22787.258732   -22787.281340  0.002949 -7.617602  0.077828
     spin moment: {S} , |S| = {        0.0        0.0    3.29087 }     3.29087
   scf:   42   -22787.259744   -22787.259234   -22787.281929  0.002025 -7.617525  0.077649
     spin moment: {S} , |S| = {        0.0        0.0    3.28449 }     3.28449
   scf:   43   -22787.262750   -22787.260936   -22787.283982  0.007464 -7.617469  0.079658
     spin moment: {S} , |S| = {        0.0        0.0    3.25690 }     3.25690
   scf:   44   -22787.255835   -22787.258282   -22787.281171  0.009742 -7.617755  0.085937
     spin moment: {S} , |S| = {        0.0        0.0    3.26634 }     3.26634
   scf:   45   -22787.264861   -22787.261392   -22787.284893  0.013102 -7.617255  0.078156
     spin moment: {S} , |S| = {        0.0        0.0    3.21664 }     3.21664
   scf:   46   -22787.259584   -22787.260471   -22787.283772  0.004201 -7.617304  0.079501
     spin moment: {S} , |S| = {        0.0        0.0    3.23345 }     3.23345
   scf:   47   -22787.250962   -22787.254936   -22787.276518  0.028215 -7.617902  0.080863
     spin moment: {S} , |S| = {        0.0        0.0    3.36172 }     3.36172
   scf:   48   -22787.255431   -22787.255179   -22787.276941  0.002530 -7.617760  0.077599
     spin moment: {S} , |S| = {        0.0        0.0    3.34749 }     3.34749
   scf:   49   -22787.253055   -22787.254093   -22787.275584  0.004849 -7.618021  0.078886
     spin moment: {S} , |S| = {        0.0        0.0    3.36574 }     3.36574
   scf:   50   -22787.271919   -22787.261873   -22787.284816  0.033147 -7.617347  0.084336
     spin moment: {S} , |S| = {        0.0        0.0    3.26751 }     3.26751
   scf:   51   -22787.265978   -22787.263849   -22787.287203  0.008855 -7.617395  0.090765
     spin moment: {S} , |S| = {        0.0        0.0    3.23256 }     3.23256
   scf:   52   -22787.261309   -22787.262552   -22787.285742  0.005453 -7.617449  0.084947
     spin moment: {S} , |S| = {        0.0        0.0    3.24631 }     3.24631
   scf:   53   -22787.264676   -22787.263524   -22787.287387  0.009016 -7.616852  0.077035
     spin moment: {S} , |S| = {        0.0        0.0    3.18324 }     3.18324
   scf:   54   -22787.259966   -22787.261686   -22787.285378  0.007716 -7.616461  0.084720
     spin moment: {S} , |S| = {        0.0        0.0    3.19757 }     3.19757
   scf:   55   -22787.258768   -22787.260179   -22787.283551  0.007153 -7.616484  0.087027
     spin moment: {S} , |S| = {        0.0        0.0    3.22420 }     3.22420
   scf:   56   -22787.258177   -22787.259087   -22787.281756  0.010004 -7.617141  0.081440
     spin moment: {S} , |S| = {        0.0        0.0    3.28261 }     3.28261
   scf:   57   -22787.251563   -22787.254693   -22787.275553  0.027374 -7.618834  0.085637
     spin moment: {S} , |S| = {        0.0        0.0    3.41705 }     3.41705
   scf:   58   -22787.255955   -22787.255321   -22787.276362  0.003292 -7.618843  0.079004
     spin moment: {S} , |S| = {        0.0        0.0    3.40258 }     3.40258
   scf:   59   -22787.264877   -22787.259735   -22787.281510  0.018491 -7.618914  0.082230
     spin moment: {S} , |S| = {        0.0        0.0    3.35768 }     3.35768
   scf:   60   -22787.254730   -22787.257080   -22787.278795  0.009962 -7.618488  0.086422
     spin moment: {S} , |S| = {        0.0        0.0    3.35357 }     3.35357
   scf:   61   -22787.257322   -22787.257193   -22787.278656  0.003390 -7.618481  0.089737
     spin moment: {S} , |S| = {        0.0        0.0    3.37280 }     3.37280
   scf:   62   -22787.259224   -22787.258152   -22787.280196  0.008547 -7.617890  0.097088
     spin moment: {S} , |S| = {        0.0        0.0    3.32516 }     3.32516
   scf:   63   -22787.256035   -22787.257040   -22787.278498  0.008586 -7.618002  0.093035
     spin moment: {S} , |S| = {        0.0        0.0    3.36938 }     3.36938
   scf:   64   -22787.253953   -22787.255440   -22787.276454  0.007667 -7.618140  0.088383
     spin moment: {S} , |S| = {        0.0        0.0    3.39927 }     3.39927
   scf:   65   -22787.269023   -22787.261492   -22787.283787  0.027300 -7.617459  0.079729
     spin moment: {S} , |S| = {        0.0        0.0    3.31817 }     3.31817
   scf:   66   -22787.279611   -22787.269428   -22787.292864  0.033989 -7.617743  0.095944
     spin moment: {S} , |S| = {        0.0        0.0    3.22349 }     3.22349
   scf:   67   -22787.274075   -22787.271615   -22787.294685  0.006085 -7.618382  0.111812
     spin moment: {S} , |S| = {        0.0        0.0    3.26068 }     3.26068
   scf:   68   -22787.276113   -22787.273789   -22787.297189  0.009368 -7.618132  0.117647
     spin moment: {S} , |S| = {        0.0        0.0    3.22416 }     3.22416
   scf:   69   -22787.269426   -22787.271530   -22787.294734  0.009454 -7.618213  0.111285
     spin moment: {S} , |S| = {        0.0        0.0    3.24498 }     3.24498
   scf:   70   -22787.261987   -22787.266350   -22787.289113  0.019925 -7.617977  0.092554
     spin moment: {S} , |S| = {        0.0        0.0    3.28453 }     3.28453
   scf:   71   -22787.274661   -22787.270264   -22787.293383  0.015316 -7.618052  0.102871
     spin moment: {S} , |S| = {        0.0        0.0    3.25222 }     3.25222
   scf:   72   -22787.249456   -22787.256590   -22787.277857  0.055343 -7.618075  0.084916
     spin moment: {S} , |S| = {        0.0        0.0    3.38638 }     3.38638
   scf:   73   -22787.253214   -22787.254843   -22787.275610  0.008807 -7.618233  0.092188
     spin moment: {S} , |S| = {        0.0        0.0    3.42373 }     3.42373
   scf:   74   -22787.270469   -22787.261714   -22787.284003  0.030424 -7.618068  0.088404
     spin moment: {S} , |S| = {        0.0        0.0    3.32250 }     3.32250
   scf:   75   -22787.258670   -22787.260130   -22787.281929  0.008108 -7.618204  0.087870
     spin moment: {S} , |S| = {        0.0        0.0    3.35795 }     3.35795
   scf:   76   -22787.254256   -22787.256978   -22787.278521  0.012739 -7.617841  0.094982
     spin moment: {S} , |S| = {        0.0        0.0    3.36657 }     3.36657
   scf:   77   -22787.239176   -22787.245597   -22787.265319  0.047553 -7.618501  0.109278
     spin moment: {S} , |S| = {        0.0        0.0    3.48492 }     3.48492
   scf:   78   -22787.241344   -22787.243249   -22787.263377  0.007991 -7.618248  0.082235
     spin moment: {S} , |S| = {        0.0        0.0    3.44164 }     3.44164
   scf:   79   -22787.254139   -22787.248258   -22787.268982  0.022078 -7.617456  0.101177
     spin moment: {S} , |S| = {        0.0        0.0    3.39653 }     3.39653
   scf:   80   -22787.243138   -22787.245548   -22787.265492  0.014753 -7.618602  0.100364
     spin moment: {S} , |S| = {        0.0        0.0    3.46718 }     3.46718
   scf:   81   -22787.283685   -22787.260635   -22787.282287  0.056340 -7.617719  0.091730
     spin moment: {S} , |S| = {        0.0        0.0    3.36722 }     3.36722
   scf:   82   -22787.295691   -22787.274490   -22787.298784  0.060926 -7.617074  0.095405
     spin moment: {S} , |S| = {        0.0        0.0    3.10380 }     3.10380
   scf:   83   -22787.267847   -22787.271056   -22787.295208  0.013275 -7.616938  0.095885
     spin moment: {S} , |S| = {        0.0        0.0    3.12946 }     3.12946
   scf:   84   -22787.262307   -22787.265984   -22787.288886  0.023815 -7.617951  0.105243
     spin moment: {S} , |S| = {        0.0        0.0    3.27150 }     3.27150
   scf:   85   -22787.263945   -22787.264774   -22787.286523  0.015302 -7.618139  0.104832
     spin moment: {S} , |S| = {        0.0        0.0    3.36946 }     3.36946
   scf:   86   -22787.258885   -22787.261586   -22787.282501  0.015021 -7.618056  0.100661
     spin moment: {S} , |S| = {        0.0        0.0    3.42486 }     3.42486
   scf:   87   -22787.327119   -22787.284991   -22787.308770  0.099106 -7.618004  0.159604
     spin moment: {S} , |S| = {        0.0        0.0    3.14415 }     3.14415
   scf:   88   -22787.283868   -22787.284197   -22787.307289  0.013942 -7.619575  0.199422
     spin moment: {S} , |S| = {        0.0        0.0    3.24395 }     3.24395
   scf:   89   -22787.256085   -22787.253735   -22787.273828  0.122696 -7.619081  0.111205
     spin moment: {S} , |S| = {        0.0        0.0    3.47482 }     3.47482
   scf:   90   -22787.247342   -22787.250309   -22787.269942  0.013936 -7.619533  0.106890
     spin moment: {S} , |S| = {        0.0        0.0    3.50011 }     3.50011
   scf:   91   -22787.242527   -22787.246143   -22787.265452  0.015872 -7.619478  0.110773
     spin moment: {S} , |S| = {        0.0        0.0    3.52445 }     3.52445
   scf:   92   -22787.376701   -22787.285729   -22787.309524  0.153213 -7.618757  0.191377
     spin moment: {S} , |S| = {        0.0        0.0    3.11753 }     3.11753
   scf:   93   -22787.255265   -22787.256220   -22787.277344  0.117474 -7.618486  0.091196
     spin moment: {S} , |S| = {        0.0        0.0    3.38266 }     3.38266
   scf:   94   -22787.263934   -22787.259781   -22787.280453  0.012706 -7.618804  0.111278
     spin moment: {S} , |S| = {        0.0        0.0    3.43232 }     3.43232
   scf:   95   -22787.282032   -22787.269235   -22787.291660  0.039493 -7.618437  0.135590
     spin moment: {S} , |S| = {        0.0        0.0    3.29949 }     3.29949
   scf:   96   -22787.267471   -22787.268333   -22787.290632  0.005057 -7.618529  0.136557
     spin moment: {S} , |S| = {        0.0        0.0    3.30801 }     3.30801
   scf:   97   -22787.275879   -22787.271868   -22787.294568  0.015689 -7.618556  0.148302
     spin moment: {S} , |S| = {        0.0        0.0    3.27351 }     3.27351
   scf:   98   -22787.272638   -22787.272251   -22787.294971  0.001458 -7.618538  0.151476
     spin moment: {S} , |S| = {        0.0        0.0    3.26993 }     3.26993
   scf:   99   -22787.257251   -22787.263172   -22787.284637  0.038969 -7.618228  0.121812
     spin moment: {S} , |S| = {        0.0        0.0    3.36669 }     3.36669
   scf:  100   -22787.245313   -22787.251583   -22787.271409  0.047641 -7.618936  0.119017
     spin moment: {S} , |S| = {        0.0        0.0    3.46081 }     3.46081
   scf:  101   -22787.299950   -22787.269366   -22787.291690  0.074283 -7.618834  0.139796
     spin moment: {S} , |S| = {        0.0        0.0    3.31184 }     3.31184
   scf:  102   -22787.256215   -22787.261649   -22787.282701  0.032907 -7.618973  0.120259
     spin moment: {S} , |S| = {        0.0        0.0    3.40275 }     3.40275
   scf:  103   -22787.252930   -22787.256735   -22787.276447  0.022812 -7.619440  0.146937
     spin moment: {S} , |S| = {        0.0        0.0    3.48601 }     3.48601
   scf:  104   -22787.259178   -22787.257930   -22787.277887  0.004921 -7.619270  0.143482
     spin moment: {S} , |S| = {        0.0        0.0    3.47004 }     3.47004
   scf:  105   -22787.260194   -22787.259035   -22787.279099  0.004440 -7.619265  0.143050
     spin moment: {S} , |S| = {        0.0        0.0    3.46591 }     3.46591
   scf:  106   -22787.263941   -22787.261352   -22787.281721  0.009427 -7.619216  0.148799
     spin moment: {S} , |S| = {        0.0        0.0    3.45296 }     3.45296
   scf:  107   -22787.267311   -22787.264162   -22787.285426  0.014473 -7.618768  0.138065
     spin moment: {S} , |S| = {        0.0        0.0    3.38615 }     3.38615
   scf:  108   -22787.259531   -22787.261647   -22787.282668  0.009902 -7.618706  0.119079
     spin moment: {S} , |S| = {        0.0        0.0    3.39150 }     3.39150
   scf:  109   -22787.252900   -22787.256590   -22787.277221  0.019567 -7.618613  0.098331
     spin moment: {S} , |S| = {        0.0        0.0    3.39637 }     3.39637
   scf:  110   -22787.243406   -22787.248356   -22787.268272  0.033439 -7.619209  0.106388
     spin moment: {S} , |S| = {        0.0        0.0    3.42880 }     3.42880
   scf:  111   -22787.235217   -22787.240480   -22787.260110  0.031339 -7.619377  0.109672
     spin moment: {S} , |S| = {        0.0        0.0    3.46306 }     3.46306
   scf:  112   -22787.287042   -22787.257277   -22787.278959  0.071712 -7.617826  0.131864
     spin moment: {S} , |S| = {        0.0        0.0    3.31413 }     3.31413
   scf:  113   -22787.299066   -22787.272633   -22787.295811  0.057990 -7.618694  0.146084
     spin moment: {S} , |S| = {        0.0        0.0    3.23123 }     3.23123
   scf:  114   -22787.276118   -22787.274330   -22787.297648  0.006555 -7.618747  0.154411
     spin moment: {S} , |S| = {        0.0        0.0    3.21511 }     3.21511
   scf:  115   -22787.273065   -22787.272849   -22787.296403  0.031560 -7.617260  0.132626
     spin moment: {S} , |S| = {        0.0        0.0    3.16141 }     3.16141
   scf:  116   -22787.266509   -22787.268958   -22787.292927  0.023545 -7.615815  0.127326
     spin moment: {S} , |S| = {        0.0        0.0    3.11091 }     3.11091
   scf:  117   -22787.286227   -22787.275899   -22787.299155  0.031743 -7.618134  0.168990
     spin moment: {S} , |S| = {        0.0        0.0    3.19166 }     3.19166
   scf:  118   -22787.286394   -22787.279701   -22787.301780  0.031458 -7.620045  0.228867
     spin moment: {S} , |S| = {        0.0        0.0    3.33068 }     3.33068
   scf:  119   -22787.329873   -22787.220675   -22787.240798  0.226232 -7.617237  0.124233
     spin moment: {S} , |S| = {        0.0        0.0    3.46119 }     3.46119
   scf:  120   -22787.240338   -22787.228625   -22787.247884  0.030018 -7.617872  0.108414
     spin moment: {S} , |S| = {        0.0        0.0    3.53467 }     3.53467
   scf:  121   -22787.228698   -22787.228239   -22787.248460  0.021915 -7.617171  0.104256
     spin moment: {S} , |S| = {        0.0        0.0    3.43359 }     3.43359
   scf:  122   -22787.337919   -22787.259064   -22787.283819  0.143687 -7.612897  0.142238
     spin moment: {S} , |S| = {        0.0        0.0    3.05569 }     3.05569
   scf:  123   -22787.244069   -22787.243586   -22787.265956  0.074581 -7.613512  0.115088
     spin moment: {S} , |S| = {        0.0        0.0    3.19418 }     3.19418
   scf:  124   -22787.241706   -22787.242630   -22787.265049  0.004519 -7.613238  0.119941
     spin moment: {S} , |S| = {        0.0        0.0    3.19159 }     3.19159
   scf:  125   -22787.256755   -22787.248515   -22787.272442  0.033076 -7.611893  0.129623
     spin moment: {S} , |S| = {        0.0        0.0    3.09512 }     3.09512
   scf:  126   -22787.243154   -22787.245457   -22787.268338  0.019674 -7.612516  0.122070
     spin moment: {S} , |S| = {        0.0        0.0    3.15858 }     3.15858
   scf:  127   -22787.253421   -22787.248993   -22787.272892  0.021980 -7.612545  0.134601
     spin moment: {S} , |S| = {        0.0        0.0    3.10057 }     3.10057
   scf:  128   -22787.297900   -22787.191052   -22787.212418  0.263355 -7.612550  0.465806
     spin moment: {S} , |S| = {        0.0        0.0    3.42988 }     3.42988
   scf:  129   -22787.327779   -22787.229135   -22787.250605  0.163940 -7.614576  0.145247
     spin moment: {S} , |S| = {        0.0        0.0    3.29835 }     3.29835
   scf:  130   -22787.225277   -22787.224519   -22787.246401  0.046814 -7.612301  0.235494
     spin moment: {S} , |S| = {        0.0        0.0    3.21397 }     3.21397
   scf:  131   -22787.289160   -22787.242764   -22787.267471  0.111293 -7.610013  0.431394
     spin moment: {S} , |S| = {        0.0        0.0    2.93575 }     2.93575
   scf:  132   -22787.275874   -22787.254226   -22787.279762  0.048233 -7.612375  0.406630
     spin moment: {S} , |S| = {        0.0        0.0    2.94162 }     2.94162
   scf:  133   -22787.247423   -22787.250296   -22787.275526  0.018509 -7.611727  0.395666
     spin moment: {S} , |S| = {        0.0        0.0    2.95811 }     2.95811
   scf:  134   -22787.238884   -22787.235081   -22787.258153  0.078330 -7.612251  0.407267
     spin moment: {S} , |S| = {        0.0        0.0    3.05167 }     3.05167
   scf:  135   -22787.242096   -22787.238310   -22787.261765  0.016485 -7.611180  0.365467
     spin moment: {S} , |S| = {        0.0        0.0    3.02480 }     3.02480
   scf:  136   -22787.238614   -22787.238454   -22787.261874  0.003616 -7.611422  0.362761
     spin moment: {S} , |S| = {        0.0        0.0    3.03332 }     3.03332
   scf:  137   -22787.213231   -22787.205849   -22787.226453  0.148096 -7.613194  0.316507
     spin moment: {S} , |S| = {        0.0        0.0    3.47063 }     3.47063
   scf:  138   -22787.270062   -22787.202788   -22787.224609  0.177773 -7.605778  0.396712
     spin moment: {S} , |S| = {        0.0        0.0    3.07597 }     3.07597
   scf:  139   -22787.140825   -22787.160645   -22787.183332  0.112465 -7.609829  0.760524
     spin moment: {S} , |S| = {        0.0        0.0    3.26990 }     3.26990
   scf:  140   -22787.347817   -22787.220634   -22787.242724  0.193150 -7.602943  0.227266
     spin moment: {S} , |S| = {        0.0        0.0    2.93995 }     2.93995
   scf:  141   -22787.422857   -22787.252914   -22787.279614  0.219092 -7.606004  0.276822
     spin moment: {S} , |S| = {        0.0        0.0    2.66562 }     2.66562
   scf:  142   -22787.241713   -22787.235993   -22787.258934  0.100924 -7.614126  0.453114
     spin moment: {S} , |S| = {        0.0        0.0    3.11799 }     3.11799
   scf:  143   -22787.238785   -22787.236613   -22787.259882  0.033843 -7.612302  0.424160
     spin moment: {S} , |S| = {        0.0        0.0    3.04485 }     3.04485
   scf:  144   -22787.240116   -22787.226344   -22787.248812  0.074645 -7.611142  0.331978
     spin moment: {S} , |S| = {        0.0        0.0    3.05128 }     3.05128
   scf:  145   -22787.220667   -22787.217713   -22787.239541  0.059820 -7.610843  0.325771
     spin moment: {S} , |S| = {        0.0        0.0    3.06275 }     3.06275
   scf:  146   -22787.273284   -22787.231611   -22787.253724  0.143356 -7.600025  0.387730
     spin moment: {S} , |S| = {        0.0        0.0    2.57314 }     2.57314
   scf:  147   -22787.226274   -22787.228181   -22787.250491  0.038575 -7.599784  0.557459
     spin moment: {S} , |S| = {        0.0        0.0    2.42951 }     2.42951
   scf:  148   -22787.268766   -22787.241411   -22787.265426  0.067994 -7.598472  0.300996
     spin moment: {S} , |S| = {        0.0        0.0    2.43015 }     2.43015
   scf:  149   -22787.269712   -22787.234977   -22787.258212  0.184073 -7.612820  0.396217
     spin moment: {S} , |S| = {        0.0        0.0    2.96996 }     2.96996
   scf:  150   -22787.264850   -22787.245948   -22787.271119  0.062935 -7.609776  0.321033
     spin moment: {S} , |S| = {        0.0        0.0    2.81577 }     2.81577
   scf:  151   -22787.263100   -22787.248026   -22787.272938  0.097570 -7.605415  0.148390
     spin moment: {S} , |S| = {        0.0        0.0    2.59565 }     2.59565
   scf:  152   -22787.261080   -22787.251306   -22787.277568  0.050714 -7.605100  0.207026
     spin moment: {S} , |S| = {        0.0        0.0    2.59365 }     2.59365
   scf:  153   -22787.250532   -22787.251009   -22787.277348  0.006850 -7.603215  0.148368
     spin moment: {S} , |S| = {        0.0        0.0    2.56631 }     2.56631
   scf:  154   -22787.240991   -22787.240385   -22787.264428  0.070254 -7.605427  0.155419
     spin moment: {S} , |S| = {        0.0        0.0    2.81607 }     2.81607
   scf:  155   -22787.237448   -22787.238083   -22787.261631  0.021382 -7.604974  0.139726
     spin moment: {S} , |S| = {        0.0        0.0    2.80908 }     2.80908
   scf:  156   -22787.239448   -22787.238750   -22787.262381  0.003977 -7.604773  0.132321
     spin moment: {S} , |S| = {        0.0        0.0    2.79535 }     2.79535
   scf:  157   -22787.252518   -22787.242936   -22787.266475  0.060286 -7.602968  0.067421
     spin moment: {S} , |S| = {        0.0        0.0    2.64573 }     2.64573
   scf:  158   -22787.241918   -22787.242302   -22787.265470  0.014851 -7.605053  0.101650
     spin moment: {S} , |S| = {        0.0        0.0    2.68128 }     2.68128
   scf:  159   -22787.251017   -22787.245925   -22787.269821  0.028481 -7.603594  0.062992
     spin moment: {S} , |S| = {        0.0        0.0    2.59596 }     2.59596
   scf:  160   -22787.251001   -22787.248102   -22787.272491  0.015088 -7.603321  0.058434
     spin moment: {S} , |S| = {        0.0        0.0    2.53725 }     2.53725
   scf:  161   -22787.241884   -22787.241502   -22787.264220  0.061386 -7.605087  0.086665
     spin moment: {S} , |S| = {        0.0        0.0    2.68963 }     2.68963
   scf:  162   -22787.254808   -22787.246721   -22787.270239  0.037144 -7.603581  0.049507
     spin moment: {S} , |S| = {        0.0        0.0    2.60931 }     2.60931
   scf:  163   -22787.252638   -22787.249170   -22787.272702  0.025082 -7.603475  0.052376
     spin moment: {S} , |S| = {        0.0        0.0    2.59877 }     2.59877
   scf:  164   -22787.249207   -22787.249065   -22787.272255  0.014844 -7.603291  0.046155
     spin moment: {S} , |S| = {        0.0        0.0    2.61874 }     2.61874
   scf:  165   -22787.253059   -22787.250548   -22787.273664  0.021956 -7.602398  0.054248
     spin moment: {S} , |S| = {        0.0        0.0    2.57999 }     2.57999
   scf:  166   -22787.256698   -22787.252217   -22787.274850  0.037497 -7.600754  0.056108
     spin moment: {S} , |S| = {        0.0        0.0    2.53184 }     2.53184
   scf:  167   -22787.252586   -22787.252405   -22787.275080  0.002391 -7.600380  0.048287
     spin moment: {S} , |S| = {        0.0        0.0    2.52650 }     2.52650
   scf:  168   -22787.259901   -22787.254918   -22787.277401  0.035372 -7.599110  0.063223
     spin moment: {S} , |S| = {        0.0        0.0    2.46356 }     2.46356
   scf:  169   -22787.256146   -22787.255504   -22787.277975  0.006042 -7.598718  0.059525
     spin moment: {S} , |S| = {        0.0        0.0    2.45059 }     2.45059
   scf:  170   -22787.258181   -22787.256753   -22787.279444  0.012191 -7.598041  0.046481
     spin moment: {S} , |S| = {        0.0        0.0    2.41600 }     2.41600
   scf:  171   -22787.274361   -22787.262426   -22787.285614  0.044246 -7.597226  0.063332
     spin moment: {S} , |S| = {        0.0        0.0    2.26506 }     2.26506
   scf:  172   -22787.264266   -22787.263288   -22787.286573  0.007878 -7.597164  0.070913
     spin moment: {S} , |S| = {        0.0        0.0    2.24629 }     2.24629
   scf:  173   -22787.263906   -22787.263588   -22787.286871  0.002369 -7.597136  0.071764
     spin moment: {S} , |S| = {        0.0        0.0    2.23946 }     2.23946
   scf:  174   -22787.259090   -22787.260440   -22787.283248  0.028713 -7.596949  0.062616
     spin moment: {S} , |S| = {        0.0        0.0    2.32067 }     2.32067
   scf:  175   -22787.270931   -22787.264224   -22787.287228  0.028242 -7.596695  0.053733
     spin moment: {S} , |S| = {        0.0        0.0    2.20968 }     2.20968
   scf:  176   -22787.268153   -22787.265922   -22787.288875  0.011420 -7.596461  0.070033
     spin moment: {S} , |S| = {        0.0        0.0    2.15388 }     2.15388
   scf:  177   -22787.265426   -22787.265650   -22787.288660  0.005554 -7.596574  0.061583
     spin moment: {S} , |S| = {        0.0        0.0    2.17351 }     2.17351
   scf:  178   -22787.263699   -22787.264496   -22787.287594  0.011145 -7.596815  0.053205
     spin moment: {S} , |S| = {        0.0        0.0    2.21368 }     2.21368
   scf:  179   -22787.269953   -22787.266779   -22787.289749  0.014606 -7.596529  0.046879
     spin moment: {S} , |S| = {        0.0        0.0    2.15433 }     2.15433
   scf:  180   -22787.267382   -22787.267069   -22787.290016  0.002875 -7.596502  0.048125
     spin moment: {S} , |S| = {        0.0        0.0    2.14620 }     2.14620
   scf:  181   -22787.271448   -22787.268942   -22787.291809  0.013078 -7.596718  0.054946
     spin moment: {S} , |S| = {        0.0        0.0    2.10112 }     2.10112
   scf:  182   -22787.269038   -22787.269006   -22787.291817  0.003269 -7.596581  0.050204
     spin moment: {S} , |S| = {        0.0        0.0    2.11113 }     2.11113
   scf:  183   -22787.275845   -22787.271565   -22787.294048  0.021772 -7.596427  0.045005
     spin moment: {S} , |S| = {        0.0        0.0    2.03033 }     2.03033
   scf:  184   -22787.271995   -22787.271779   -22787.294193  0.003271 -7.596498  0.043123
     spin moment: {S} , |S| = {        0.0        0.0    2.03982 }     2.03982
   scf:  185   -22787.272255   -22787.272008   -22787.294362  0.002546 -7.596473  0.044465
     spin moment: {S} , |S| = {        0.0        0.0    2.03479 }     2.03479
   scf:  186   -22787.272562   -22787.272277   -22787.294602  0.002081 -7.596431  0.044561
     spin moment: {S} , |S| = {        0.0        0.0    2.02564 }     2.02564
   scf:  187   -22787.272978   -22787.272621   -22787.294920  0.002732 -7.596391  0.046201
     spin moment: {S} , |S| = {        0.0        0.0    2.01451 }     2.01451
   scf:  188   -22787.274783   -22787.273613   -22787.295799  0.007141 -7.596232  0.039479
     spin moment: {S} , |S| = {        0.0        0.0    1.98878 }     1.98878
   scf:  189   -22787.280977   -22787.276466   -22787.298333  0.022675 -7.595510  0.041858
     spin moment: {S} , |S| = {        0.0        0.0    1.91289 }     1.91289
   scf:  190   -22787.282034   -22787.278652   -22787.300295  0.019937 -7.594737  0.039198
     spin moment: {S} , |S| = {        0.0        0.0    1.85027 }     1.85027
   scf:  191   -22787.277593   -22787.278030   -22787.299756  0.006962 -7.594918  0.038236
     spin moment: {S} , |S| = {        0.0        0.0    1.87532 }     1.87532
   scf:  192   -22787.280524   -22787.279122   -22787.300723  0.009887 -7.594406  0.036551
     spin moment: {S} , |S| = {        0.0        0.0    1.84416 }     1.84416
   scf:  193   -22787.280943   -22787.279964   -22787.301476  0.007304 -7.593864  0.034847
     spin moment: {S} , |S| = {        0.0        0.0    1.82260 }     1.82260
   scf:  194   -22787.281014   -22787.280467   -22787.301933  0.004565 -7.593558  0.035982
     spin moment: {S} , |S| = {        0.0        0.0    1.80967 }     1.80967
   scf:  195   -22787.282480   -22787.281403   -22787.302774  0.008271 -7.592937  0.035185
     spin moment: {S} , |S| = {        0.0        0.0    1.78649 }     1.78649
   scf:  196   -22787.283273   -22787.282285   -22787.303591  0.007520 -7.592394  0.035922
     spin moment: {S} , |S| = {        0.0        0.0    1.76874 }     1.76874
   scf:  197   -22787.282899   -22787.282586   -22787.303862  0.002586 -7.592237  0.035173
     spin moment: {S} , |S| = {        0.0        0.0    1.76238 }     1.76238
   scf:  198   -22787.282289   -22787.282435   -22787.303728  0.001497 -7.592288  0.035684
     spin moment: {S} , |S| = {        0.0        0.0    1.76656 }     1.76656
   scf:  199   -22787.282528   -22787.282481   -22787.303768  0.000342 -7.592241  0.035024
     spin moment: {S} , |S| = {        0.0        0.0    1.76582 }     1.76582

SCF Convergence by DM criterion
max |DM_out - DM_in|         :     0.0003421395
max |H_out - H_in|      (eV) :     0.0350239144
SCF cycle converged after 199 iterations

Using DM_out to compute the final energy and forces
No. of atoms with KB's overlaping orbs in proc 0. Max # of overlaps:     244     983

siesta: E_KS(eV) =           -22787.2825

siesta: E_KS - E_eggbox =    -22787.2825

siesta: Atomic forces (eV/Ang):
     1   -0.000190    0.000000    0.000000
     2    0.568972   -0.000000   -0.000000
     3    0.000095   -0.000000    0.000000
     4   -0.568929    0.000000   -0.000000
     5    1.124539   -0.000000   -0.000000
     6   -0.008727    0.000000    0.000000
     7    0.008849   -0.000000    0.000000
     8   -1.124609   -0.000000   -0.000000
----------------------------------------
   Tot    0.000000    0.000000   -0.000000
----------------------------------------
   Max    1.124609
   Res    0.363828    sqrt( Sum f_i^2 / 3N )
----------------------------------------
   Max    1.124609    constrained

Stress tensor Voigt[x,y,z,yz,xz,xy] (kbar):       19.57       -4.60        6.53       -0.00        0.00       -0.00
(Free)E + p*V (eV/cell)   -22787.6938
Target enthalpy (eV/cell)   -22787.3038

siesta: Stress tensor (static) (eV/Ang**3):
         0.012214    0.000000    0.000000
        -0.000000   -0.002872    0.000000
         0.000000   -0.000000    0.004073

siesta: Pressure (static):         -7.16475816  kBar

siesta: Stress tensor (total) (eV/Ang**3):
         0.012214    0.000000    0.000000
        -0.000000   -0.002872    0.000000
         0.000000   -0.000000    0.004073

siesta: Pressure (total):         -7.16475816  kBar

cgvc: No target stress found, assuming hydrostatic MD.TargetPressure.

cgvc: Target stress (kBar)
cgvc:        -0.000       0.000       0.000
cgvc:         0.000      -0.000       0.000
cgvc:         0.000       0.000      -0.000

                     ====================================
                        Begin CG opt. move =      1
                     ====================================
k-point displ. along   1 input, could be:     0.00    0.50
k-point displ. along   2 input, could be:     0.00    0.50
k-point displ. along   3 input, could be:     0.00    0.50
 Kpoints in:           32 . Kpoints trimmed:           31

siesta: k-grid: Number of k-points = 31
siesta: k-points from Monkhorst-Pack grid
siesta: k-cutoff (effective) =     7.034 Ang
siesta: k-point supercell and displacements
siesta: k-grid:     2     0     0      0.000
siesta: k-grid:     0     6     0      0.000
siesta: k-grid:     0     0     4      0.000

superc: Internal auxiliary supercell:     5 x    13 x     9  =     585
superc: Number of atoms, orbitals, and projectors:   4680 115245  84240

outcell: Unit cell vectors (Ang):
        9.931077    0.000000   -0.000000
        0.000000    2.490485   -0.000000
       -0.000000   -0.000000    3.517054

outcell: Cell vector modules (Ang)   :    9.931077    2.490485    3.517054
outcell: Cell angles (23,13,12) (deg):     90.0000     90.0000     90.0000
outcell: Cell volume (Ang**3)        :     86.9880
<dSpData1D:S at geom step 1
  <sparsity:sparsity for geom step 1
    nrows_g=197 nrows=10 sparsity=1.8671 nnzs=72461, refcount: 7>
  <dData1D:(new from dSpData1D) n=72461, refcount: 1>
refcount: 1>
new_DM -- step:     2
Re-using DM from previous geometries...
Number of DMs in history: 1
 DM extrapolation coefficients: 
1   1.00000
New DM after history re-use:
<dSpData2D:SpM extrapolated using coords
  <sparsity:sparsity for geom step 1
    nrows_g=197 nrows=10 sparsity=1.8671 nnzs=72461, refcount: 9>
  <dData2D:(temp array for extrapolation) n=72461 m=2, refcount: 1>
refcount: 1>
No. of atoms with KB's overlaping orbs in proc 0. Max # of overlaps:     244     983

InitMesh: MESH = 108 x 30 x 40 = 129600
InitMesh: Mesh cutoff (required, used) =   300.000   326.856 Ry
New grid distribution [1]: sub = 2
New grid distribution [2]: sub = 2
New grid distribution [3]: sub = 2
Setting up quadratic distribution...

        iscf     Eharris(eV)        E_KS(eV)     FreeEng(eV)     dDmax    Ef(eV) dHmax(eV)
   scf:    1   -22759.654302   -22778.531655   -22778.558500  0.493496 -7.629492 12.866908
     spin moment: {S} , |S| = {        0.0        0.0    1.57109 }     1.57109
   scf:    2    -8565.064860   -18129.129546   -18129.137875 72.422781 -5.623797339.874952
     spin moment: {S} , |S| = {        0.0        0.0   -0.01391 }    -0.01391
   scf:    3   -23322.226860   -22773.438188   -22773.459426 72.456180 -7.570334 16.907974
     spin moment: {S} , |S| = {        0.0        0.0    1.81010 }     1.81010
   scf:    4   -22791.602032   -22786.748945   -22786.768831  0.235617 -7.589171  3.799249
     spin moment: {S} , |S| = {        0.0        0.0    1.79543 }     1.79543
   scf:    5   -22787.637391   -22787.343972   -22787.363836  0.037123 -7.592753  1.370878
     spin moment: {S} , |S| = {        0.0        0.0    1.78177 }     1.78177
   scf:    6   -22787.406035   -22787.412824   -22787.432804  0.023945 -7.588180  0.466433
     spin moment: {S} , |S| = {        0.0        0.0    1.77268 }     1.77268
   scf:    7   -22787.259821   -22787.369629   -22787.389770  0.033880 -7.581299  1.092050
     spin moment: {S} , |S| = {        0.0        0.0    1.76238 }     1.76238
   scf:    8   -22787.403162   -22787.424625   -22787.444463  0.025693 -7.579856  0.211424
     spin moment: {S} , |S| = {        0.0        0.0    1.77882 }     1.77882
   scf:    9   -22787.396877   -22787.413770   -22787.433596  0.005580 -7.580554  0.518316
     spin moment: {S} , |S| = {        0.0        0.0    1.78169 }     1.78169
   scf:   10   -22787.434506   -22787.428507   -22787.448364  0.015043 -7.586141  0.150260
     spin moment: {S} , |S| = {        0.0        0.0    1.78020 }     1.78020
   scf:   11   -22787.429746   -22787.429426   -22787.449258  0.001932 -7.585752  0.035456
     spin moment: {S} , |S| = {        0.0        0.0    1.77991 }     1.77991
   scf:   12   -22787.433085   -22787.431118   -22787.450837  0.010517 -7.586537  0.033318
     spin moment: {S} , |S| = {        0.0        0.0    1.78129 }     1.78129
   scf:   13   -22787.431929   -22787.431517   -22787.451211  0.002607 -7.586789  0.032627
     spin moment: {S} , |S| = {        0.0        0.0    1.78133 }     1.78133
   scf:   14   -22787.433329   -22787.432385   -22787.452018  0.005356 -7.587145  0.030381
     spin moment: {S} , |S| = {        0.0        0.0    1.78171 }     1.78171
   scf:   15   -22787.432239   -22787.432311   -22787.451950  0.000462 -7.587101  0.030141
     spin moment: {S} , |S| = {        0.0        0.0    1.78174 }     1.78174

SCF Convergence by DM criterion
max |DM_out - DM_in|         :     0.0004623909
max |H_out - H_in|      (eV) :     0.0301414059
SCF cycle converged after 15 iterations

Using DM_out to compute the final energy and forces
No. of atoms with KB's overlaping orbs in proc 0. Max # of overlaps:     244     983

siesta: E_KS(eV) =           -22787.4323

siesta: Atomic forces (eV/Ang):
     1    0.000136   -0.000000    0.000000
     2    0.368259    0.000000    0.000000
     3   -0.000031    0.000000   -0.000000
     4   -0.368358   -0.000000    0.000000
     5    0.480085    0.000000   -0.000000
     6    0.094263   -0.000000   -0.000000
     7   -0.094288   -0.000000   -0.000000
     8   -0.480079    0.000000   -0.000000
----------------------------------------
   Tot   -0.000013    0.000000    0.000000
----------------------------------------
   Max    0.480085
   Res    0.176781    sqrt( Sum f_i^2 / 3N )
----------------------------------------
   Max    0.480085    constrained

Stress tensor Voigt[x,y,z,yz,xz,xy] (kbar):        0.19       -7.52        4.59       -0.00       -0.00       -0.00
(Free)E + p*V (eV/cell)   -22787.4024
Target enthalpy (eV/cell)   -22787.4520

siesta: Stress tensor (static) (eV/Ang**3):
         0.000118   -0.000000   -0.000000
        -0.000000   -0.004694   -0.000000
        -0.000000   -0.000000    0.002866

siesta: Pressure (static):          0.91323640  kBar

siesta: Stress tensor (total) (eV/Ang**3):
         0.000118   -0.000000   -0.000000
        -0.000000   -0.004694   -0.000000
        -0.000000   -0.000000    0.002866

siesta: Pressure (total):          0.91323640  kBar

                     ====================================
                        Begin CG opt. move =      2
                     ====================================
k-point displ. along   1 input, could be:     0.00    0.50
k-point displ. along   2 input, could be:     0.00    0.50
k-point displ. along   3 input, could be:     0.00    0.50
 Kpoints in:           32 . Kpoints trimmed:           31

siesta: k-grid: Number of k-points = 31
siesta: k-points from Monkhorst-Pack grid
siesta: k-cutoff (effective) =     7.025 Ang
siesta: k-point supercell and displacements
siesta: k-grid:     2     0     0      0.000
siesta: k-grid:     0     6     0      0.000
siesta: k-grid:     0     0     4      0.000

superc: Internal auxiliary supercell:     5 x    13 x     9  =     585
superc: Number of atoms, orbitals, and projectors:   4680 115245  84240

outcell: Unit cell vectors (Ang):
        9.891148    0.000000   -0.000000
        0.000000    2.492831   -0.000000
       -0.000000   -0.000000    3.512346

outcell: Cell vector modules (Ang)   :    9.891148    2.492831    3.512346
outcell: Cell angles (23,13,12) (deg):     90.0000     90.0000     90.0000
outcell: Cell volume (Ang**3)        :     86.6038
<dSpData1D:S at geom step 2
  <sparsity:sparsity for geom step 2
    nrows_g=197 nrows=10 sparsity=1.8618 nnzs=72253, refcount: 7>
  <dData1D:(new from dSpData1D) n=72253, refcount: 1>
refcount: 1>
new_DM -- step:     3
Re-using DM from previous geometries...
Number of DMs in history: 1
 DM extrapolation coefficients: 
1   1.00000
New DM after history re-use:
<dSpData2D:SpM extrapolated using coords
  <sparsity:sparsity for geom step 2
    nrows_g=197 nrows=10 sparsity=1.8618 nnzs=72253, refcount: 9>
  <dData2D:(temp array for extrapolation) n=72253 m=2, refcount: 1>
refcount: 1>
No. of atoms with KB's overlaping orbs in proc 0. Max # of overlaps:     242     981

InitMesh: MESH = 108 x 30 x 40 = 129600
InitMesh: Mesh cutoff (required, used) =   300.000   329.501 Ry
New grid distribution [1]: sub = 2
New grid distribution [2]: sub = 2
New grid distribution [3]: sub = 2
Setting up quadratic distribution...

        iscf     Eharris(eV)        E_KS(eV)     FreeEng(eV)     dDmax    Ef(eV) dHmax(eV)
   scf:    1   -22734.558372   -22770.782603   -22770.804433  0.833362 -7.632954 16.857653
     spin moment: {S} , |S| = {        0.0        0.0    1.67929 }     1.67929
   scf:    2    -4862.356765   -16941.833918   -16941.850850167.302702 -5.127955372.810205
     spin moment: {S} , |S| = {        0.0        0.0   -0.44748 }    -0.44748
   scf:    3   -23805.285385   -22742.562548   -22742.583373167.054380 -7.579710 30.857950
     spin moment: {S} , |S| = {        0.0        0.0    1.52166 }     1.52166
   scf:    4   -22797.763269   -22786.454685   -22786.475264  0.427463 -7.565012  4.435933
     spin moment: {S} , |S| = {        0.0        0.0    1.71902 }     1.71902
   scf:    5   -22781.343782   -22784.292136   -22784.313645  0.106262 -7.556124  8.736282
     spin moment: {S} , |S| = {        0.0        0.0    1.69036 }     1.69036
   scf:    6   -22787.442050   -22786.046035   -22786.067045  0.040330 -7.554034  5.843222
     spin moment: {S} , |S| = {        0.0        0.0    1.70558 }     1.70558
   scf:    7   -22787.314232   -22787.415591   -22787.435644  0.072491 -7.552289  0.360347
     spin moment: {S} , |S| = {        0.0        0.0    1.72693 }     1.72693
   scf:    8   -22787.151136   -22787.342060   -22787.362037  0.027588 -7.547307  1.431769
     spin moment: {S} , |S| = {        0.0        0.0    1.71608 }     1.71608
   scf:    9   -22786.639785   -22787.241343   -22787.260936  0.036775 -7.549201  2.090594
     spin moment: {S} , |S| = {        0.0        0.0    1.72076 }     1.72076
   scf:   10   -22787.372768   -22787.423975   -22787.443669  0.035811 -7.555091  0.265429
     spin moment: {S} , |S| = {        0.0        0.0    1.71433 }     1.71433
   scf:   11   -22787.428260   -22787.428102   -22787.447776  0.004522 -7.554778  0.045681
     spin moment: {S} , |S| = {        0.0        0.0    1.71414 }     1.71414
   scf:   12   -22787.433278   -22787.430460   -22787.450055  0.013061 -7.556103  0.055917
     spin moment: {S} , |S| = {        0.0        0.0    1.71168 }     1.71168
   scf:   13   -22787.432961   -22787.431654   -22787.451197  0.007664 -7.556205  0.039094
     spin moment: {S} , |S| = {        0.0        0.0    1.71066 }     1.71066
   scf:   14   -22787.432989   -22787.432300   -22787.451823  0.004220 -7.556391  0.038684
     spin moment: {S} , |S| = {        0.0        0.0    1.71032 }     1.71032
   scf:   15   -22787.433354   -22787.432813   -22787.452322  0.003390 -7.556730  0.037293
     spin moment: {S} , |S| = {        0.0        0.0    1.71042 }     1.71042
   scf:   16   -22787.433728   -22787.433260   -22787.452757  0.002997 -7.556930  0.038710
     spin moment: {S} , |S| = {        0.0        0.0    1.71036 }     1.71036
   scf:   17   -22787.440292   -22787.436249   -22787.455698  0.020582 -7.558392  0.041902
     spin moment: {S} , |S| = {        0.0        0.0    1.71067 }     1.71067
   scf:   18   -22787.440595   -22787.438181   -22787.457627  0.013333 -7.559221  0.042559
     spin moment: {S} , |S| = {        0.0        0.0    1.70984 }     1.70984
   scf:   19   -22787.434391   -22787.435972   -22787.455424  0.015173 -7.558345  0.041156
     spin moment: {S} , |S| = {        0.0        0.0    1.71107 }     1.71107
   scf:   20   -22787.432584   -22787.434067   -22787.453552  0.013586 -7.557795  0.044986
     spin moment: {S} , |S| = {        0.0        0.0    1.70934 }     1.70934
   scf:   21   -22787.434060   -22787.434063   -22787.453549  0.000095 -7.557818  0.044010
     spin moment: {S} , |S| = {        0.0        0.0    1.70951 }     1.70951

SCF Convergence by DM criterion
max |DM_out - DM_in|         :     0.0000952508
max |H_out - H_in|      (eV) :     0.0440100959
SCF cycle converged after 21 iterations

Using DM_out to compute the final energy and forces
No. of atoms with KB's overlaping orbs in proc 0. Max # of overlaps:     242     981

siesta: E_KS(eV) =           -22787.4341

siesta: Atomic forces (eV/Ang):
     1    0.000483   -0.000000    0.000000
     2   -0.025167   -0.000000   -0.000000
     3   -0.000649   -0.000000    0.000000
     4    0.025280   -0.000000   -0.000000
     5   -0.750700    0.000000    0.000000
     6    0.574983    0.000000   -0.000000
     7   -0.575701    0.000000   -0.000000
     8    0.751430    0.000000   -0.000000
----------------------------------------
   Tot   -0.000041    0.000000   -0.000000
----------------------------------------
   Max    0.751430
   Res    0.273215    sqrt( Sum f_i^2 / 3N )
----------------------------------------
   Max    0.751430    constrained

Stress tensor Voigt[x,y,z,yz,xz,xy] (kbar):      -61.13      -17.05      -15.53        0.00        0.00        0.00
(Free)E + p*V (eV/cell)   -22785.7652
Target enthalpy (eV/cell)   -22787.4535

siesta: Stress tensor (static) (eV/Ang**3):
        -0.038154    0.000000    0.000000
         0.000000   -0.010639    0.000000
         0.000000    0.000000   -0.009694

siesta: Pressure (static):         31.23542623  kBar

siesta: Stress tensor (total) (eV/Ang**3):
        -0.038154    0.000000    0.000000
         0.000000   -0.010639    0.000000
         0.000000    0.000000   -0.009694

siesta: Pressure (total):         31.23542623  kBar

                     ====================================
                        Begin CG opt. move =      3
                     ====================================
k-point displ. along   1 input, could be:     0.00    0.50
k-point displ. along   2 input, could be:     0.00    0.50
k-point displ. along   3 input, could be:     0.00    0.50
 Kpoints in:           32 . Kpoints trimmed:           31

siesta: k-grid: Number of k-points = 31
siesta: k-points from Monkhorst-Pack grid
siesta: k-cutoff (effective) =     7.030 Ang
siesta: k-point supercell and displacements
siesta: k-grid:     2     0     0      0.000
siesta: k-grid:     0     6     0      0.000
siesta: k-grid:     0     0     4      0.000

superc: Internal auxiliary supercell:     5 x    13 x     9  =     585
superc: Number of atoms, orbitals, and projectors:   4680 115245  84240

outcell: Unit cell vectors (Ang):
        9.913243    0.000000   -0.000000
        0.000000    2.491533   -0.000000
       -0.000000   -0.000000    3.514951

outcell: Cell vector modules (Ang)   :    9.913243    2.491533    3.514951
outcell: Cell angles (23,13,12) (deg):     90.0000     90.0000     90.0000
outcell: Cell volume (Ang**3)        :     86.8164
<dSpData1D:S at geom step 3
  <sparsity:sparsity for geom step 3
    nrows_g=197 nrows=10 sparsity=1.8554 nnzs=72008, refcount: 7>
  <dData1D:(new from dSpData1D) n=72008, refcount: 1>
refcount: 1>
new_DM -- step:     4
Re-using DM from previous geometries...
Number of DMs in history: 1
 DM extrapolation coefficients: 
1   1.00000
New DM after history re-use:
<dSpData2D:SpM extrapolated using coords
  <sparsity:sparsity for geom step 3
    nrows_g=197 nrows=10 sparsity=1.8554 nnzs=72008, refcount: 9>
  <dData2D:(temp array for extrapolation) n=72008 m=2, refcount: 1>
refcount: 1>
No. of atoms with KB's overlaping orbs in proc 0. Max # of overlaps:     242     975

InitMesh: MESH = 108 x 30 x 40 = 129600
InitMesh: Mesh cutoff (required, used) =   300.000   328.033 Ry
New grid distribution [1]: sub = 2
New grid distribution [2]: sub = 2
New grid distribution [3]: sub = 2
Setting up quadratic distribution...

        iscf     Eharris(eV)        E_KS(eV)     FreeEng(eV)     dDmax    Ef(eV) dHmax(eV)
   scf:    1   -22770.460071   -22781.392714   -22781.411202  0.474543 -7.534836 10.337261
     spin moment: {S} , |S| = {        0.0        0.0    1.70956 }     1.70956
   scf:    2   -12950.429427   -19570.098461   -19570.122297  9.130952 -8.936349281.612870
     spin moment: {S} , |S| = {        0.0        0.0   -1.30329 }    -1.30329
   scf:    3   -23151.255194   -22779.183477   -22779.207051  9.205673 -7.571195 13.292960
     spin moment: {S} , |S| = {        0.0        0.0    1.62257 }     1.62257
   scf:    4   -22790.145145   -22786.494512   -22786.513848  0.153033 -7.571238  4.962609
     spin moment: {S} , |S| = {        0.0        0.0    1.64903 }     1.64903
   scf:    5   -22787.227868   -22787.455621   -22787.474353  0.086841 -7.566327  0.920546
     spin moment: {S} , |S| = {        0.0        0.0    1.66384 }     1.66384
   scf:    6   -22786.213924   -22787.098870   -22787.117740  0.062067 -7.575741  3.151638
     spin moment: {S} , |S| = {        0.0        0.0    1.65651 }     1.65651
   scf:    7   -22787.271683   -22787.464324   -22787.483252  0.066706 -7.586101  0.905303
     spin moment: {S} , |S| = {        0.0        0.0    1.66097 }     1.66097
   scf:    8   -22787.490768   -22787.480353   -22787.499237  0.008952 -7.584367  0.435720
     spin moment: {S} , |S| = {        0.0        0.0    1.66072 }     1.66072
   scf:    9   -22787.423088   -22787.457695   -22787.476520  0.009995 -7.581570  0.810221
     spin moment: {S} , |S| = {        0.0        0.0    1.66195 }     1.66195
   scf:   10   -22787.484546   -22787.486935   -22787.505769  0.016160 -7.579471  0.114718
     spin moment: {S} , |S| = {        0.0        0.0    1.65788 }     1.65788
   scf:   11   -22787.486843   -22787.487153   -22787.505998  0.002893 -7.579974  0.064026
     spin moment: {S} , |S| = {        0.0        0.0    1.65795 }     1.65795
   scf:   12   -22787.487964   -22787.487596   -22787.506455  0.001767 -7.580116  0.031441
     spin moment: {S} , |S| = {        0.0        0.0    1.65744 }     1.65744
   scf:   13   -22787.490713   -22787.489021   -22787.507905  0.008130 -7.580162  0.033469
     spin moment: {S} , |S| = {        0.0        0.0    1.65665 }     1.65665
   scf:   14   -22787.488079   -22787.488537   -22787.507412  0.002915 -7.580062  0.035047
     spin moment: {S} , |S| = {        0.0        0.0    1.65692 }     1.65692
   scf:   15   -22787.491363   -22787.489838   -22787.508738  0.007432 -7.580187  0.030643
     spin moment: {S} , |S| = {        0.0        0.0    1.65654 }     1.65654
   scf:   16   -22787.490646   -22787.490231   -22787.509140  0.002239 -7.580158  0.030763
     spin moment: {S} , |S| = {        0.0        0.0    1.65661 }     1.65661
   scf:   17   -22787.491562   -22787.490868   -22787.509792  0.003533 -7.580093  0.029785
     spin moment: {S} , |S| = {        0.0        0.0    1.65702 }     1.65702
   scf:   18   -22787.491294   -22787.491078   -22787.510007  0.001180 -7.580052  0.029589
     spin moment: {S} , |S| = {        0.0        0.0    1.65722 }     1.65722
   scf:   19   -22787.493092   -22787.492024   -22787.510976  0.005214 -7.579961  0.027423
     spin moment: {S} , |S| = {        0.0        0.0    1.65818 }     1.65818
   scf:   20   -22787.493305   -22787.492638   -22787.511610  0.003388 -7.579883  0.027544
     spin moment: {S} , |S| = {        0.0        0.0    1.65915 }     1.65915
   scf:   21   -22787.494107   -22787.493338   -22787.512329  0.003967 -7.579806  0.026860
     spin moment: {S} , |S| = {        0.0        0.0    1.66019 }     1.66019
   scf:   22   -22787.494509   -22787.493901   -22787.512909  0.003165 -7.579717  0.027824
     spin moment: {S} , |S| = {        0.0        0.0    1.66137 }     1.66137
   scf:   23   -22787.490679   -22787.492049   -22787.511001  0.010441 -7.579976  0.027075
     spin moment: {S} , |S| = {        0.0        0.0    1.65797 }     1.65797
   scf:   24   -22787.486995   -22787.488737   -22787.507571  0.018796 -7.580513  0.030024
     spin moment: {S} , |S| = {        0.0        0.0    1.65257 }     1.65257
   scf:   25   -22787.485106   -22787.486584   -22787.505327  0.012248 -7.580803  0.030508
     spin moment: {S} , |S| = {        0.0        0.0    1.64997 }     1.64997
   scf:   26   -22787.485719   -22787.486137   -22787.504863  0.002505 -7.580818  0.028974
     spin moment: {S} , |S| = {        0.0        0.0    1.64975 }     1.64975
   scf:   27   -22787.485427   -22787.485772   -22787.504477  0.002121 -7.580832  0.028200
     spin moment: {S} , |S| = {        0.0        0.0    1.64917 }     1.64917
   scf:   28   -22787.484081   -22787.484867   -22787.503518  0.005375 -7.580985  0.031344
     spin moment: {S} , |S| = {        0.0        0.0    1.64741 }     1.64741
   scf:   29   -22787.484079   -22787.484461   -22787.503090  0.002373 -7.580926  0.029115
     spin moment: {S} , |S| = {        0.0        0.0    1.64693 }     1.64693
   scf:   30   -22787.483469   -22787.483945   -22787.502545  0.002994 -7.580912  0.028864
     spin moment: {S} , |S| = {        0.0        0.0    1.64633 }     1.64633
   scf:   31   -22787.486500   -22787.485120   -22787.503779  0.006713 -7.580822  0.028238
     spin moment: {S} , |S| = {        0.0        0.0    1.64737 }     1.64737
   scf:   32   -22787.496499   -22787.489435   -22787.508296  0.024946 -7.580490  0.027955
     spin moment: {S} , |S| = {        0.0        0.0    1.65355 }     1.65355
   scf:   33   -22787.486924   -22787.488038   -22787.506844  0.007972 -7.580647  0.028471
     spin moment: {S} , |S| = {        0.0        0.0    1.65167 }     1.65167
   scf:   34   -22787.483878   -22787.485473   -22787.504161  0.014745 -7.580867  0.029578
     spin moment: {S} , |S| = {        0.0        0.0    1.64856 }     1.64856
   scf:   35   -22787.484286   -22787.484851   -22787.503509  0.003554 -7.580926  0.030050
     spin moment: {S} , |S| = {        0.0        0.0    1.64797 }     1.64797
   scf:   36   -22787.487358   -22787.486005   -22787.504721  0.006624 -7.580868  0.029780
     spin moment: {S} , |S| = {        0.0        0.0    1.64927 }     1.64927
   scf:   37   -22787.483386   -22787.484533   -22787.503170  0.008600 -7.580903  0.029233
     spin moment: {S} , |S| = {        0.0        0.0    1.64736 }     1.64736
   scf:   38   -22787.482161   -22787.483216   -22787.501778  0.007663 -7.580872  0.028940
     spin moment: {S} , |S| = {        0.0        0.0    1.64564 }     1.64564
   scf:   39   -22787.484890   -22787.484007   -22787.502609  0.004520 -7.580833  0.027491
     spin moment: {S} , |S| = {        0.0        0.0    1.64630 }     1.64630
   scf:   40   -22787.494923   -22787.488161   -22787.506994  0.024338 -7.580673  0.028746
     spin moment: {S} , |S| = {        0.0        0.0    1.65359 }     1.65359
   scf:   41   -22787.486437   -22787.487233   -22787.506007  0.005658 -7.580737  0.027856
     spin moment: {S} , |S| = {        0.0        0.0    1.65086 }     1.65086
   scf:   42   -22787.487204   -22787.487219   -22787.505991  0.000137 -7.580711  0.028501
     spin moment: {S} , |S| = {        0.0        0.0    1.65080 }     1.65080

SCF Convergence by DM criterion
max |DM_out - DM_in|         :     0.0001374644
max |H_out - H_in|      (eV) :     0.0285014058
SCF cycle converged after 42 iterations

Using DM_out to compute the final energy and forces
No. of atoms with KB's overlaping orbs in proc 0. Max # of overlaps:     242     975

siesta: E_KS(eV) =           -22787.4872

siesta: Atomic forces (eV/Ang):
     1   -0.000117   -0.000000   -0.000000
     2    0.210172    0.000000   -0.000000
     3    0.000228   -0.000000   -0.000000
     4   -0.210259    0.000000    0.000000
     5   -0.056434   -0.000000   -0.000000
     6    0.312998    0.000000    0.000000
     7   -0.312674   -0.000000    0.000000
     8    0.056043    0.000000   -0.000000
----------------------------------------
   Tot   -0.000043   -0.000000   -0.000000
----------------------------------------
   Max    0.312998
   Res    0.110008    sqrt( Sum f_i^2 / 3N )
----------------------------------------
   Max    0.312998    constrained

Stress tensor Voigt[x,y,z,yz,xz,xy] (kbar):      -18.85      -12.71        2.72        0.00       -0.00       -0.00
(Free)E + p*V (eV/cell)   -22786.9849
Target enthalpy (eV/cell)   -22787.5060

siesta: Stress tensor (static) (eV/Ang**3):
        -0.011768   -0.000000   -0.000000
        -0.000000   -0.007936    0.000000
        -0.000000    0.000000    0.001698

siesta: Pressure (static):          9.61632503  kBar

siesta: Stress tensor (total) (eV/Ang**3):
        -0.011768   -0.000000   -0.000000
        -0.000000   -0.007936    0.000000
        -0.000000    0.000000    0.001698

siesta: Pressure (total):          9.61632503  kBar

cgvc: Finished line minimization    1.  Mean atomic displacement =    0.1212

                     ====================================
                        Begin CG opt. move =      4
                     ====================================
k-point displ. along   1 input, could be:     0.00    0.50
k-point displ. along   2 input, could be:     0.00    0.50
k-point displ. along   3 input, could be:     0.00    0.50
 Kpoints in:           32 . Kpoints trimmed:           31

siesta: k-grid: Number of k-points = 31
siesta: k-points from Monkhorst-Pack grid
siesta: k-cutoff (effective) =     7.015 Ang
siesta: k-point supercell and displacements
siesta: k-grid:     2     0     0      0.000
siesta: k-grid:     0     6     0      0.000
siesta: k-grid:     0     0     4      0.000

superc: Internal auxiliary supercell:     5 x    13 x     9  =     585
superc: Number of atoms, orbitals, and projectors:   4680 115245  84240

outcell: Unit cell vectors (Ang):
       10.021416    0.000000    0.000000
        0.000000    2.512189   -0.000000
        0.000000   -0.000000    3.507637

outcell: Cell vector modules (Ang)   :   10.021416    2.512189    3.507637
outcell: Cell angles (23,13,12) (deg):     90.0000     90.0000     90.0000
outcell: Cell volume (Ang**3)        :     88.3072
<dSpData1D:S at geom step 4
  <sparsity:sparsity for geom step 4
    nrows_g=197 nrows=10 sparsity=1.8532 nnzs=71922, refcount: 7>
  <dData1D:(new from dSpData1D) n=71922, refcount: 1>
refcount: 1>
new_DM -- step:     5
Re-using DM from previous geometries...
Number of DMs in history: 1
 DM extrapolation coefficients: 
1   1.00000
New DM after history re-use:
<dSpData2D:SpM extrapolated using coords
  <sparsity:sparsity for geom step 4
    nrows_g=197 nrows=10 sparsity=1.8532 nnzs=71922, refcount: 9>
  <dData2D:(temp array for extrapolation) n=71922 m=2, refcount: 1>
refcount: 1>
No. of atoms with KB's overlaping orbs in proc 0. Max # of overlaps:     242     981

InitMesh: MESH = 108 x 30 x 40 = 129600
InitMesh: Mesh cutoff (required, used) =   300.000   320.990 Ry
New grid distribution [1]: sub = 2
New grid distribution [2]: sub = 2
New grid distribution [3]: sub = 2
Setting up quadratic distribution...

        iscf     Eharris(eV)        E_KS(eV)     FreeEng(eV)     dDmax    Ef(eV) dHmax(eV)
   scf:    1   -22765.031080   -22780.032022   -22780.054480  0.485804 -7.441995 14.111724
     spin moment: {S} , |S| = {        0.0        0.0    2.02623 }     2.02623
   scf:    2   -11964.095805   -19243.929402   -19243.932934 11.890433 -6.429513306.172967
     spin moment: {S} , |S| = {        0.0        0.0    0.04383 }     0.04383
   scf:    3   -23116.158923   -22780.525098   -22780.545053 11.932044 -7.486427 14.687236
     spin moment: {S} , |S| = {        0.0        0.0    1.94838 }     1.94838
   scf:    4   -22787.901136   -22787.374282   -22787.392266  0.241212 -7.470822  1.471021
     spin moment: {S} , |S| = {        0.0        0.0    2.07697 }     2.07697
   scf:    5   -22787.293753   -22787.389035   -22787.407146  0.024029 -7.476872  1.242848
     spin moment: {S} , |S| = {        0.0        0.0    2.08395 }     2.08395
   scf:    6   -22786.414340   -22787.040696   -22787.059321  0.065618 -7.498458  3.333856
     spin moment: {S} , |S| = {        0.0        0.0    2.10732 }     2.10732
   scf:    7   -22787.155732   -22787.436767   -22787.454444  0.074503 -7.516826  1.265099
     spin moment: {S} , |S| = {        0.0        0.0    2.11649 }     2.11649
   scf:    8   -22787.484137   -22787.466068   -22787.483793  0.011368 -7.516152  0.609951
     spin moment: {S} , |S| = {        0.0        0.0    2.11884 }     2.11884
   scf:    9   -22787.344169   -22787.445973   -22787.463719  0.033501 -7.512214  1.493232
     spin moment: {S} , |S| = {        0.0        0.0    2.17615 }     2.17615
   scf:   10   -22787.502063   -22787.490758   -22787.508411  0.033951 -7.515429  0.188419
     spin moment: {S} , |S| = {        0.0        0.0    2.18469 }     2.18469
   scf:   11   -22787.501904   -22787.496431   -22787.514200  0.014228 -7.517376  0.093270
     spin moment: {S} , |S| = {        0.0        0.0    2.20540 }     2.20540
   scf:   12   -22787.510980   -22787.503316   -22787.521327  0.012210 -7.518581  0.087007
     spin moment: {S} , |S| = {        0.0        0.0    2.23321 }     2.23321
   scf:   13   -22787.525882   -22787.513430   -22787.532037  0.021880 -7.520280  0.062577
     spin moment: {S} , |S| = {        0.0        0.0    2.28015 }     2.28015
   scf:   14   -22787.542327   -22787.525747   -22787.545337  0.028499 -7.522521  0.082729
     spin moment: {S} , |S| = {        0.0        0.0    2.34343 }     2.34343
   scf:   15   -22787.530884   -22787.528226   -22787.548028  0.006222 -7.522851  0.074042
     spin moment: {S} , |S| = {        0.0        0.0    2.35500 }     2.35500
   scf:   16   -22787.532514   -22787.530308   -22787.550279  0.005430 -7.523009  0.057810
     spin moment: {S} , |S| = {        0.0        0.0    2.36286 }     2.36286
   scf:   17   -22787.569340   -22787.545934   -22787.567052  0.038241 -7.523608  0.072364
     spin moment: {S} , |S| = {        0.0        0.0    2.41194 }     2.41194
   scf:   18   -22787.565178   -22787.554418   -22787.575867  0.020128 -7.523370  0.078794
     spin moment: {S} , |S| = {        0.0        0.0    2.43768 }     2.43768
   scf:   19   -22787.563656   -22787.558789   -22787.580231  0.010943 -7.523049  0.068221
     spin moment: {S} , |S| = {        0.0        0.0    2.44531 }     2.44531
   scf:   20   -22787.574557   -22787.565919   -22787.587385  0.015821 -7.522797  0.078314
     spin moment: {S} , |S| = {        0.0        0.0    2.46548 }     2.46548
   scf:   21   -22787.570620   -22787.568218   -22787.589586  0.005324 -7.522559  0.063196
     spin moment: {S} , |S| = {        0.0        0.0    2.46490 }     2.46490
   scf:   22   -22787.606247   -22787.583844   -22787.604660  0.033788 -7.522632  0.108405
     spin moment: {S} , |S| = {        0.0        0.0    2.44991 }     2.44991
   scf:   23   -22787.592422   -22787.587912   -22787.608713  0.008986 -7.522692  0.097573
     spin moment: {S} , |S| = {        0.0        0.0    2.44690 }     2.44690
   scf:   24   -22787.575175   -22787.580747   -22787.601450  0.015307 -7.522615  0.102071
     spin moment: {S} , |S| = {        0.0        0.0    2.43745 }     2.43745
   scf:   25   -22787.563117   -22787.570569   -22787.591435  0.022290 -7.522312  0.094419
     spin moment: {S} , |S| = {        0.0        0.0    2.43037 }     2.43037
   scf:   26   -22787.603111   -22787.584262   -22787.605014  0.029370 -7.522684  0.083344
     spin moment: {S} , |S| = {        0.0        0.0    2.44188 }     2.44188
   scf:   27   -22787.592160   -22787.587992   -22787.608491  0.011534 -7.522747  0.072961
     spin moment: {S} , |S| = {        0.0        0.0    2.41374 }     2.41374
   scf:   28   -22787.589538   -22787.588735   -22787.609393  0.004109 -7.522724  0.078181
     spin moment: {S} , |S| = {        0.0        0.0    2.42930 }     2.42930
   scf:   29   -22787.589806   -22787.589264   -22787.609964  0.001412 -7.522704  0.082130
     spin moment: {S} , |S| = {        0.0        0.0    2.43273 }     2.43273
   scf:   30   -22787.577106   -22787.582432   -22787.603022  0.014580 -7.522488  0.060776
     spin moment: {S} , |S| = {        0.0        0.0    2.42582 }     2.42582
   scf:   31   -22787.595792   -22787.588459   -22787.609261  0.013545 -7.522423  0.068525
     spin moment: {S} , |S| = {        0.0        0.0    2.44479 }     2.44479
   scf:   32   -22787.588325   -22787.588371   -22787.609306  0.004590 -7.521980  0.063153
     spin moment: {S} , |S| = {        0.0        0.0    2.45928 }     2.45928
   scf:   33   -22787.588665   -22787.588504   -22787.609532  0.003813 -7.521641  0.059421
     spin moment: {S} , |S| = {        0.0        0.0    2.46948 }     2.46948
   scf:   34   -22787.587739   -22787.588119   -22787.609164  0.001427 -7.521507  0.061805
     spin moment: {S} , |S| = {        0.0        0.0    2.47217 }     2.47217
   scf:   35   -22787.588861   -22787.588474   -22787.609618  0.003382 -7.521293  0.063722
     spin moment: {S} , |S| = {        0.0        0.0    2.48264 }     2.48264
   scf:   36   -22787.586381   -22787.587403   -22787.608663  0.003811 -7.521178  0.063508
     spin moment: {S} , |S| = {        0.0        0.0    2.49594 }     2.49594
   scf:   37   -22787.587066   -22787.587231   -22787.608561  0.001384 -7.521094  0.062796
     spin moment: {S} , |S| = {        0.0        0.0    2.50341 }     2.50341
   scf:   38   -22787.586570   -22787.586898   -22787.608214  0.000864 -7.521076  0.062673
     spin moment: {S} , |S| = {        0.0        0.0    2.50193 }     2.50193
   scf:   39   -22787.587847   -22787.587369   -22787.608683  0.001044 -7.521084  0.063028
     spin moment: {S} , |S| = {        0.0        0.0    2.50176 }     2.50176
   scf:   40   -22787.586685   -22787.586921   -22787.607980  0.010137 -7.521973  0.065165
     spin moment: {S} , |S| = {        0.0        0.0    2.47366 }     2.47366
   scf:   41   -22787.581372   -22787.584019   -22787.605154  0.006662 -7.522129  0.062382
     spin moment: {S} , |S| = {        0.0        0.0    2.48002 }     2.48002
   scf:   42   -22787.582613   -22787.583233   -22787.604612  0.009504 -7.521153  0.062587
     spin moment: {S} , |S| = {        0.0        0.0    2.50652 }     2.50652
   scf:   43   -22787.578532   -22787.580757   -22787.602422  0.008447 -7.520540  0.064608
     spin moment: {S} , |S| = {        0.0        0.0    2.53533 }     2.53533
   scf:   44   -22787.579651   -22787.580199   -22787.601896  0.001768 -7.520398  0.060340
     spin moment: {S} , |S| = {        0.0        0.0    2.53838 }     2.53838
   scf:   45   -22787.582078   -22787.581124   -22787.602705  0.002898 -7.520591  0.061312
     spin moment: {S} , |S| = {        0.0        0.0    2.52741 }     2.52741
   scf:   46   -22787.593547   -22787.586832   -22787.607972  0.015877 -7.521228  0.060192
     spin moment: {S} , |S| = {        0.0        0.0    2.48430 }     2.48430
   scf:   47   -22787.584767   -22787.585773   -22787.607072  0.003867 -7.521036  0.059418
     spin moment: {S} , |S| = {        0.0        0.0    2.50150 }     2.50150
   scf:   48   -22787.598231   -22787.591482   -22787.612731  0.013390 -7.521419  0.074623
     spin moment: {S} , |S| = {        0.0        0.0    2.49188 }     2.49188
   scf:   49   -22787.585127   -22787.588018   -22787.609098  0.009473 -7.521992  0.073326
     spin moment: {S} , |S| = {        0.0        0.0    2.47616 }     2.47616
   scf:   50   -22787.586946   -22787.587476   -22787.608590  0.001644 -7.521888  0.073313
     spin moment: {S} , |S| = {        0.0        0.0    2.47998 }     2.47998
   scf:   51   -22787.599048   -22787.592786   -22787.613930  0.012236 -7.521722  0.068493
     spin moment: {S} , |S| = {        0.0        0.0    2.47868 }     2.47868
   scf:   52   -22787.617828   -22787.603364   -22787.624524  0.028940 -7.521726  0.086569
     spin moment: {S} , |S| = {        0.0        0.0    2.45221 }     2.45221
   scf:   53   -22787.605619   -22787.604464   -22787.625545  0.004297 -7.521927  0.087024
     spin moment: {S} , |S| = {        0.0        0.0    2.43888 }     2.43888
   scf:   54   -22787.616276   -22787.609840   -22787.630760  0.017993 -7.522008  0.083032
     spin moment: {S} , |S| = {        0.0        0.0    2.40185 }     2.40185
   scf:   55   -22787.623554   -22787.615899   -22787.636579  0.022972 -7.522492  0.079583
     spin moment: {S} , |S| = {        0.0        0.0    2.34800 }     2.34800
   scf:   56   -22787.625107   -22787.620101   -22787.640658  0.016294 -7.522603  0.073072
     spin moment: {S} , |S| = {        0.0        0.0    2.31542 }     2.31542
   scf:   57   -22787.627461   -22787.623505   -22787.643925  0.013672 -7.522406  0.052234
     spin moment: {S} , |S| = {        0.0        0.0    2.28899 }     2.28899
   scf:   58   -22787.683382   -22787.643252   -22787.664037  0.070775 -7.522039  0.179321
     spin moment: {S} , |S| = {        0.0        0.0    2.24767 }     2.24767
   scf:   59   -22787.627000   -22787.630688   -22787.651234  0.044768 -7.521839  0.095433
     spin moment: {S} , |S| = {        0.0        0.0    2.29814 }     2.29814
   scf:   60   -22787.655461   -22787.640369   -22787.660897  0.037090 -7.521781  0.049201
     spin moment: {S} , |S| = {        0.0        0.0    2.25143 }     2.25143
   scf:   61   -22787.693337   -22787.656108   -22787.677461  0.078652 -7.517330  0.161514
     spin moment: {S} , |S| = {        0.0        0.0    2.25240 }     2.25240
   scf:   62   -22787.649255   -22787.651514   -22787.672647  0.032955 -7.518083  0.108775
     spin moment: {S} , |S| = {        0.0        0.0    2.30168 }     2.30168
   scf:   63   -22787.664959   -22787.656753   -22787.678089  0.029578 -7.516728  0.105675
     spin moment: {S} , |S| = {        0.0        0.0    2.27512 }     2.27512
   scf:   64   -22787.656659   -22787.656477   -22787.677803  0.015952 -7.515299  0.086547
     spin moment: {S} , |S| = {        0.0        0.0    2.32771 }     2.32771
   scf:   65   -22787.667053   -22787.660707   -22787.682151  0.033306 -7.513630  0.142175
     spin moment: {S} , |S| = {        0.0        0.0    2.30441 }     2.30441
   scf:   66   -22787.673786   -22787.664816   -22787.686447  0.051561 -7.509524  0.271581
     spin moment: {S} , |S| = {        0.0        0.0    2.31228 }     2.31228
   scf:   67   -22787.661116   -22787.657899   -22787.679240  0.069684 -7.514519  0.115055
     spin moment: {S} , |S| = {        0.0        0.0    2.34023 }     2.34023
   scf:   68   -22787.671250   -22787.663113   -22787.684481  0.047056 -7.511437  0.060570
     spin moment: {S} , |S| = {        0.0        0.0    2.35322 }     2.35322
   scf:   69   -22787.666687   -22787.664771   -22787.686121  0.018156 -7.510460  0.078866
     spin moment: {S} , |S| = {        0.0        0.0    2.34800 }     2.34800
   scf:   70   -22787.664788   -22787.664698   -22787.685994  0.005197 -7.511355  0.067122
     spin moment: {S} , |S| = {        0.0        0.0    2.33457 }     2.33457
   scf:   71   -22787.666401   -22787.665521   -22787.686794  0.009228 -7.511122  0.055286
     spin moment: {S} , |S| = {        0.0        0.0    2.32736 }     2.32736
   scf:   72   -22787.669892   -22787.667503   -22787.688677  0.024007 -7.510777  0.062572
     spin moment: {S} , |S| = {        0.0        0.0    2.31306 }     2.31306
   scf:   73   -22787.674609   -22787.670532   -22787.691611  0.030850 -7.510292  0.074364
     spin moment: {S} , |S| = {        0.0        0.0    2.29540 }     2.29540
   scf:   74   -22787.690670   -22787.676246   -22787.697740  0.076641 -7.507266  0.161700
     spin moment: {S} , |S| = {        0.0        0.0    2.30333 }     2.30333
   scf:   75   -22787.676166   -22787.676206   -22787.697715  0.004639 -7.507094  0.187794
     spin moment: {S} , |S| = {        0.0        0.0    2.30701 }     2.30701
   scf:   76   -22787.675419   -22787.675632   -22787.696957  0.024836 -7.509017  0.068245
     spin moment: {S} , |S| = {        0.0        0.0    2.28154 }     2.28154
   scf:   77   -22787.678222   -22787.676722   -22787.698138  0.019953 -7.509243  0.071131
     spin moment: {S} , |S| = {        0.0        0.0    2.27308 }     2.27308
   scf:   78   -22787.676518   -22787.676607   -22787.697948  0.003596 -7.510004  0.041692
     spin moment: {S} , |S| = {        0.0        0.0    2.26544 }     2.26544
   scf:   79   -22787.679481   -22787.677760   -22787.699186  0.021246 -7.510356  0.038912
     spin moment: {S} , |S| = {        0.0        0.0    2.26101 }     2.26101
   scf:   80   -22787.686568   -22787.679811   -22787.701713  0.058452 -7.508493  0.053681
     spin moment: {S} , |S| = {        0.0        0.0    2.27901 }     2.27901
   scf:   81   -22787.680008   -22787.679925   -22787.701722  0.004750 -7.509057  0.022305
     spin moment: {S} , |S| = {        0.0        0.0    2.27674 }     2.27674
   scf:   82   -22787.680540   -22787.680152   -22787.702019  0.007931 -7.508616  0.018670
     spin moment: {S} , |S| = {        0.0        0.0    2.28053 }     2.28053
   scf:   83   -22787.681118   -22787.680387   -22787.702406  0.015975 -7.507464  0.016492
     spin moment: {S} , |S| = {        0.0        0.0    2.29140 }     2.29140
   scf:   84   -22787.680382   -22787.680382   -22787.702377  0.002209 -7.507622  0.012800
     spin moment: {S} , |S| = {        0.0        0.0    2.29020 }     2.29020
   scf:   85   -22787.681324   -22787.680631   -22787.702660  0.013335 -7.506720  0.012933
     spin moment: {S} , |S| = {        0.0        0.0    2.30521 }     2.30521
   scf:   86   -22787.680752   -22787.680676   -22787.702727  0.004353 -7.506266  0.010215
     spin moment: {S} , |S| = {        0.0        0.0    2.31301 }     2.31301
   scf:   87   -22787.680827   -22787.680730   -22787.702786  0.005412 -7.506018  0.008550
     spin moment: {S} , |S| = {        0.0        0.0    2.31925 }     2.31925
   scf:   88   -22787.680910   -22787.680815   -22787.702826  0.001779 -7.506046  0.009361
     spin moment: {S} , |S| = {        0.0        0.0    2.32499 }     2.32499
   scf:   89   -22787.680842   -22787.680792   -22787.702845  0.006276 -7.505642  0.007600
     spin moment: {S} , |S| = {        0.0        0.0    2.32956 }     2.32956
   scf:   90   -22787.680954   -22787.680849   -22787.702885  0.004792 -7.505322  0.007468
     spin moment: {S} , |S| = {        0.0        0.0    2.34068 }     2.34068
   scf:   91   -22787.680918   -22787.680857   -22787.702895  0.004453 -7.504806  0.008211
     spin moment: {S} , |S| = {        0.0        0.0    2.35229 }     2.35229
   scf:   92   -22787.681137   -22787.680986   -22787.702957  0.003668 -7.504429  0.006728
     spin moment: {S} , |S| = {        0.0        0.0    2.36970 }     2.36970
   scf:   93   -22787.681099   -22787.681029   -22787.702970  0.003089 -7.503854  0.006037
     spin moment: {S} , |S| = {        0.0        0.0    2.38532 }     2.38532
   scf:   94   -22787.681263   -22787.681134   -22787.703010  0.003617 -7.503811  0.003952
     spin moment: {S} , |S| = {        0.0        0.0    2.39533 }     2.39533
   scf:   95   -22787.681243   -22787.681186   -22787.703024  0.001619 -7.503718  0.004435
     spin moment: {S} , |S| = {        0.0        0.0    2.40272 }     2.40272
   scf:   96   -22787.681357   -22787.681261   -22787.703043  0.003447 -7.503893  0.002906
     spin moment: {S} , |S| = {        0.0        0.0    2.40775 }     2.40775
   scf:   97   -22787.681349   -22787.681303   -22787.703050  0.001926 -7.503969  0.002681
     spin moment: {S} , |S| = {        0.0        0.0    2.41259 }     2.41259
   scf:   98   -22787.681382   -22787.681341   -22787.703055  0.000898 -7.503973  0.001836
     spin moment: {S} , |S| = {        0.0        0.0    2.41899 }     2.41899
   scf:   99   -22787.681403   -22787.681370   -22787.703057  0.001494 -7.504075  0.001273
     spin moment: {S} , |S| = {        0.0        0.0    2.42147 }     2.42147
   scf:  100   -22787.681375   -22787.681373   -22787.703057  0.000099 -7.504112  0.001141
     spin moment: {S} , |S| = {        0.0        0.0    2.42147 }     2.42147

SCF Convergence by DM criterion
max |DM_out - DM_in|         :     0.0000991003
max |H_out - H_in|      (eV) :     0.0011414438
SCF cycle converged after 100 iterations

Using DM_out to compute the final energy and forces
No. of atoms with KB's overlaping orbs in proc 0. Max # of overlaps:     242     981

siesta: E_KS(eV) =           -22787.6814

siesta: Atomic forces (eV/Ang):
     1    0.000067    0.000000    0.000000
     2   -0.433619    0.000000    0.000001
     3   -0.000745   -0.000000   -0.000000
     4    0.433752   -0.000000   -0.000001
     5   -0.293447    0.000001   -0.000000
     6   -0.338158   -0.000000   -0.000000
     7    0.337341    0.000000    0.000000
     8    0.294451   -0.000000    0.000001
----------------------------------------
   Tot   -0.000357    0.000001   -0.000000
----------------------------------------
   Max    0.433752
   Res    0.179945    sqrt( Sum f_i^2 / 3N )
----------------------------------------
   Max    0.433752    constrained

Stress tensor Voigt[x,y,z,yz,xz,xy] (kbar):      -70.70      -25.78       -4.79        0.00        0.00       -0.00
(Free)E + p*V (eV/cell)   -22785.8424
Target enthalpy (eV/cell)   -22787.7031

siesta: Stress tensor (static) (eV/Ang**3):
        -0.044127   -0.000000    0.000000
        -0.000000   -0.016092    0.000000
         0.000000    0.000000   -0.002993

siesta: Pressure (static):         33.75863447  kBar

siesta: Stress tensor (total) (eV/Ang**3):
        -0.044127   -0.000000    0.000000
        -0.000000   -0.016092    0.000000
         0.000000    0.000000   -0.002993

siesta: Pressure (total):         33.75863447  kBar

                     ====================================
                        Begin CG opt. move =      5
                     ====================================
k-point displ. along   1 input, could be:     0.00    0.50
k-point displ. along   2 input, could be:     0.00    0.50
k-point displ. along   3 input, could be:     0.00    0.50
 Kpoints in:           32 . Kpoints trimmed:           31

siesta: k-grid: Number of k-points = 31
siesta: k-points from Monkhorst-Pack grid
siesta: k-cutoff (effective) =     7.022 Ang
siesta: k-point supercell and displacements
siesta: k-grid:     2     0     0      0.000
siesta: k-grid:     0     6     0      0.000
siesta: k-grid:     0     0     4      0.000

superc: Internal auxiliary supercell:     5 x    13 x     9  =     585
superc: Number of atoms, orbitals, and projectors:   4680 115245  84240

outcell: Unit cell vectors (Ang):
        9.974042    0.000000    0.000000
        0.000000    2.503143   -0.000000
        0.000000   -0.000000    3.510840

outcell: Cell vector modules (Ang)   :    9.974042    2.503143    3.510840
outcell: Cell angles (23,13,12) (deg):     90.0000     90.0000     90.0000
outcell: Cell volume (Ang**3)        :     87.6532
<dSpData1D:S at geom step 5
  <sparsity:sparsity for geom step 5
    nrows_g=197 nrows=10 sparsity=1.8610 nnzs=72223, refcount: 7>
  <dData1D:(new from dSpData1D) n=72223, refcount: 1>
refcount: 1>
new_DM -- step:     6
Re-using DM from previous geometries...
Number of DMs in history: 1
 DM extrapolation coefficients: 
1   1.00000
New DM after history re-use:
<dSpData2D:SpM extrapolated using coords
  <sparsity:sparsity for geom step 5
    nrows_g=197 nrows=10 sparsity=1.8610 nnzs=72223, refcount: 9>
  <dData2D:(temp array for extrapolation) n=72223 m=2, refcount: 1>
refcount: 1>
No. of atoms with KB's overlaping orbs in proc 0. Max # of overlaps:     242     979

InitMesh: MESH = 108 x 30 x 40 = 129600
InitMesh: Mesh cutoff (required, used) =   300.000   324.046 Ry
New grid distribution [1]: sub = 2
New grid distribution [2]: sub = 2
New grid distribution [3]: sub = 2
Setting up quadratic distribution...

        iscf     Eharris(eV)        E_KS(eV)     FreeEng(eV)     dDmax    Ef(eV) dHmax(eV)
   scf:    1   -22784.384595   -22786.652365   -22786.675539  0.267428 -7.589557  5.806745
     spin moment: {S} , |S| = {        0.0        0.0    2.28984 }     2.28984
   scf:    2   -19819.130359   -21808.896307   -21808.916096  1.994101 -7.262409176.195685
     spin moment: {S} , |S| = {        0.0        0.0    2.10516 }     2.10516
   scf:    3   -22825.780334   -22787.485649   -22787.509587  1.963945 -7.567852  2.754714
     spin moment: {S} , |S| = {        0.0        0.0    2.22970 }     2.22970
   scf:    4   -22787.685903   -22787.663026   -22787.686063  0.077847 -7.568366  0.669021
     spin moment: {S} , |S| = {        0.0        0.0    2.24793 }     2.24793
   scf:    5   -22787.662575   -22787.669459   -22787.692593  0.018424 -7.562588  0.426795
     spin moment: {S} , |S| = {        0.0        0.0    2.24156 }     2.24156
   scf:    6   -22787.670887   -22787.672681   -22787.695869  0.008487 -7.559967  0.290406
     spin moment: {S} , |S| = {        0.0        0.0    2.23718 }     2.23718
   scf:    7   -22787.680633   -22787.678447   -22787.701789  0.020293 -7.552936  0.144503
     spin moment: {S} , |S| = {        0.0        0.0    2.22097 }     2.22097
   scf:    8   -22787.668963   -22787.676366   -22787.699879  0.019599 -7.554150  0.402788
     spin moment: {S} , |S| = {        0.0        0.0    2.19801 }     2.19801
   scf:    9   -22787.680784   -22787.680152   -22787.703552  0.007247 -7.556087  0.031707
     spin moment: {S} , |S| = {        0.0        0.0    2.18416 }     2.18416
   scf:   10   -22787.680334   -22787.680256   -22787.703683  0.002652 -7.556175  0.041885
     spin moment: {S} , |S| = {        0.0        0.0    2.17749 }     2.17749
   scf:   11   -22787.681846   -22787.680976   -22787.704461  0.008666 -7.557297  0.022546
     spin moment: {S} , |S| = {        0.0        0.0    2.13922 }     2.13922
   scf:   12   -22787.681707   -22787.681314   -22787.704832  0.005626 -7.557981  0.020681
     spin moment: {S} , |S| = {        0.0        0.0    2.11605 }     2.11605
   scf:   13   -22787.682007   -22787.681623   -22787.705178  0.006363 -7.558451  0.016888
     spin moment: {S} , |S| = {        0.0        0.0    2.08990 }     2.08990
   scf:   14   -22787.682039   -22787.681814   -22787.705387  0.004132 -7.558670  0.018027
     spin moment: {S} , |S| = {        0.0        0.0    2.07245 }     2.07245
   scf:   15   -22787.681882   -22787.681848   -22787.705426  0.000899 -7.558711  0.016828
     spin moment: {S} , |S| = {        0.0        0.0    2.06891 }     2.06891
   scf:   16   -22787.683092   -22787.682274   -22787.705893  0.014741 -7.559718  0.016197
     spin moment: {S} , |S| = {        0.0        0.0    2.01071 }     2.01071
   scf:   17   -22787.682388   -22787.682333   -22787.705941  0.001937 -7.559738  0.010688
     spin moment: {S} , |S| = {        0.0        0.0    2.00372 }     2.00372
   scf:   18   -22787.682603   -22787.682420   -22787.706031  0.007278 -7.560230  0.007292
     spin moment: {S} , |S| = {        0.0        0.0    1.97486 }     1.97486
   scf:   19   -22787.682459   -22787.682438   -22787.706048  0.001928 -7.560514  0.007274
     spin moment: {S} , |S| = {        0.0        0.0    1.96791 }     1.96791
   scf:   20   -22787.682441   -22787.682440   -22787.706054  0.001190 -7.560645  0.005829
     spin moment: {S} , |S| = {        0.0        0.0    1.96464 }     1.96464
   scf:   21   -22787.682440   -22787.682439   -22787.706058  0.000846 -7.560697  0.005965
     spin moment: {S} , |S| = {        0.0        0.0    1.96207 }     1.96207
   scf:   22   -22787.682441   -22787.682440   -22787.706062  0.000948 -7.560752  0.004665
     spin moment: {S} , |S| = {        0.0        0.0    1.95947 }     1.95947
   scf:   23   -22787.682433   -22787.682436   -22787.706067  0.000851 -7.560764  0.003700
     spin moment: {S} , |S| = {        0.0        0.0    1.95814 }     1.95814
   scf:   24   -22787.682429   -22787.682433   -22787.706068  0.000298 -7.560743  0.003919
     spin moment: {S} , |S| = {        0.0        0.0    1.95992 }     1.95992

SCF Convergence by DM criterion
max |DM_out - DM_in|         :     0.0002981630
max |H_out - H_in|      (eV) :     0.0039193325
SCF cycle converged after 24 iterations

Using DM_out to compute the final energy and forces
No. of atoms with KB's overlaping orbs in proc 0. Max # of overlaps:     242     979

siesta: E_KS(eV) =           -22787.6824

siesta: Atomic forces (eV/Ang):
     1    0.000451    0.000000    0.000000
     2   -0.213375    0.000000   -0.000000
     3   -0.000759    0.000000   -0.000000
     4    0.213467   -0.000000   -0.000000
     5   -0.434429    0.000000   -0.000002
     6    0.261504    0.000000   -0.000000
     7   -0.262221    0.000000   -0.000000
     8    0.435367   -0.000000   -0.000001
----------------------------------------
   Tot    0.000004    0.000000   -0.000004
----------------------------------------
   Max    0.435367
   Res    0.158970    sqrt( Sum f_i^2 / 3N )
----------------------------------------
   Max    0.435367    constrained

Stress tensor Voigt[x,y,z,yz,xz,xy] (kbar):      -73.09      -41.05       -7.05        0.00       -0.00       -0.00
(Free)E + p*V (eV/cell)   -22785.4961
Target enthalpy (eV/cell)   -22787.7061

siesta: Stress tensor (static) (eV/Ang**3):
        -0.045617   -0.000000   -0.000000
        -0.000000   -0.025622   -0.000000
        -0.000000    0.000000   -0.004399

siesta: Pressure (static):         40.39509739  kBar

siesta: Stress tensor (total) (eV/Ang**3):
        -0.045617   -0.000000   -0.000000
        -0.000000   -0.025622   -0.000000
        -0.000000    0.000000   -0.004399

siesta: Pressure (total):         40.39509739  kBar

cgvc: Finished line minimization    2.  Mean atomic displacement =    0.0681

                     ====================================
                        Begin CG opt. move =      6
                     ====================================
k-point displ. along   1 input, could be:     0.00    0.50
k-point displ. along   2 input, could be:     0.00    0.50
k-point displ. along   3 input, could be:     0.00    0.50
 Kpoints in:           32 . Kpoints trimmed:           31

siesta: k-grid: Number of k-points = 31
siesta: k-points from Monkhorst-Pack grid
siesta: k-cutoff (effective) =     7.020 Ang
siesta: k-point supercell and displacements
siesta: k-grid:     2     0     0      0.000
siesta: k-grid:     0     6     0      0.000
siesta: k-grid:     0     0     4      0.000

superc: Internal auxiliary supercell:     5 x    13 x     9  =     585
superc: Number of atoms, orbitals, and projectors:   4680 115245  84240

outcell: Unit cell vectors (Ang):
       10.082366    0.000000    0.000000
        0.000000    2.520679   -0.000000
        0.000000   -0.000000    3.509852

outcell: Cell vector modules (Ang)   :   10.082366    2.520679    3.509852
outcell: Cell angles (23,13,12) (deg):     90.0000     90.0000     90.0000
outcell: Cell volume (Ang**3)        :     89.2008
<dSpData1D:S at geom step 6
  <sparsity:sparsity for geom step 6
    nrows_g=197 nrows=10 sparsity=1.8528 nnzs=71906, refcount: 7>
  <dData1D:(new from dSpData1D) n=71906, refcount: 1>
refcount: 1>
new_DM -- step:     7
Re-using DM from previous geometries...
Number of DMs in history: 1
 DM extrapolation coefficients: 
1   1.00000
New DM after history re-use:
<dSpData2D:SpM extrapolated using coords
  <sparsity:sparsity for geom step 6
    nrows_g=197 nrows=10 sparsity=1.8528 nnzs=71906, refcount: 9>
  <dData2D:(temp array for extrapolation) n=71906 m=2, refcount: 1>
refcount: 1>
No. of atoms with KB's overlaping orbs in proc 0. Max # of overlaps:     242     981

InitMesh: MESH = 108 x 30 x 40 = 129600
InitMesh: Mesh cutoff (required, used) =   300.000   317.121 Ry
New grid distribution [1]: sub = 2
New grid distribution [2]: sub = 2
New grid distribution [3]: sub = 2
Setting up quadratic distribution...

        iscf     Eharris(eV)        E_KS(eV)     FreeEng(eV)     dDmax    Ef(eV) dHmax(eV)
   scf:    1   -22783.625426   -22785.866555   -22785.887297  0.398231 -7.420153  5.023402
     spin moment: {S} , |S| = {        0.0        0.0    2.15329 }     2.15329
   scf:    2   -17816.661606   -21148.470182   -21148.482653  2.317142 -8.527008166.094369
     spin moment: {S} , |S| = {        0.0        0.0   -0.38696 }    -0.38696
   scf:    3   -22813.106402   -22787.415777   -22787.436620  2.302920 -7.454150  2.954167
     spin moment: {S} , |S| = {        0.0        0.0    2.20485 }     2.20485
   scf:    4   -22787.724181   -22787.664915   -22787.686001  0.046276 -7.457951  1.032459
     spin moment: {S} , |S| = {        0.0        0.0    2.19352 }     2.19352
   scf:    5   -22787.672405   -22787.672132   -22787.693247  0.015948 -7.461264  0.945162
     spin moment: {S} , |S| = {        0.0        0.0    2.19796 }     2.19796
   scf:    6   -22787.657569   -22787.686271   -22787.707889  0.122880 -7.490810  0.734550
     spin moment: {S} , |S| = {        0.0        0.0    2.24046 }     2.24046
   scf:    7   -22787.706074   -22787.701545   -22787.723106  0.024255 -7.483942  0.149660
     spin moment: {S} , |S| = {        0.0        0.0    2.23845 }     2.23845
   scf:    8   -22787.703376   -22787.702489   -22787.724024  0.004154 -7.481822  0.132912
     spin moment: {S} , |S| = {        0.0        0.0    2.24598 }     2.24598
   scf:    9   -22787.707576   -22787.705535   -22787.726904  0.025127 -7.469438  0.084106
     spin moment: {S} , |S| = {        0.0        0.0    2.29339 }     2.29339
   scf:   10   -22787.706711   -22787.706125   -22787.727467  0.003183 -7.468460  0.104103
     spin moment: {S} , |S| = {        0.0        0.0    2.30736 }     2.30736
   scf:   11   -22787.706538   -22787.706451   -22787.727826  0.007389 -7.471508  0.032819
     spin moment: {S} , |S| = {        0.0        0.0    2.30782 }     2.30782
   scf:   12   -22787.710840   -22787.708377   -22787.729660  0.010914 -7.467880  0.023749
     spin moment: {S} , |S| = {        0.0        0.0    2.35794 }     2.35794
   scf:   13   -22787.710116   -22787.709172   -22787.730421  0.005031 -7.466365  0.024505
     spin moment: {S} , |S| = {        0.0        0.0    2.38382 }     2.38382
   scf:   14   -22787.709441   -22787.709308   -22787.730554  0.001040 -7.466064  0.023201
     spin moment: {S} , |S| = {        0.0        0.0    2.38742 }     2.38742
   scf:   15   -22787.710077   -22787.709671   -22787.730899  0.002995 -7.464991  0.018475
     spin moment: {S} , |S| = {        0.0        0.0    2.40085 }     2.40085
   scf:   16   -22787.710826   -22787.710185   -22787.731412  0.004682 -7.462808  0.017577
     spin moment: {S} , |S| = {        0.0        0.0    2.41951 }     2.41951
   scf:   17   -22787.711647   -22787.710753   -22787.731992  0.007808 -7.459730  0.012534
     spin moment: {S} , |S| = {        0.0        0.0    2.44773 }     2.44773
   scf:   18   -22787.711181   -22787.710923   -22787.732166  0.003982 -7.458028  0.008149
     spin moment: {S} , |S| = {        0.0        0.0    2.46288 }     2.46288
   scf:   19   -22787.711019   -22787.710965   -22787.732219  0.001427 -7.457372  0.007172
     spin moment: {S} , |S| = {        0.0        0.0    2.46660 }     2.46660
   scf:   20   -22787.711005   -22787.710984   -22787.732244  0.000695 -7.457241  0.006917
     spin moment: {S} , |S| = {        0.0        0.0    2.46688 }     2.46688
   scf:   21   -22787.711023   -22787.711002   -22787.732267  0.000792 -7.457024  0.006439
     spin moment: {S} , |S| = {        0.0        0.0    2.46815 }     2.46815
   scf:   22   -22787.711091   -22787.711037   -22787.732322  0.001945 -7.456678  0.005798
     spin moment: {S} , |S| = {        0.0        0.0    2.46811 }     2.46811
   scf:   23   -22787.711070   -22787.711051   -22787.732348  0.001151 -7.456490  0.005672
     spin moment: {S} , |S| = {        0.0        0.0    2.46760 }     2.46760
   scf:   24   -22787.711073   -22787.711060   -22787.732371  0.000886 -7.456424  0.005746
     spin moment: {S} , |S| = {        0.0        0.0    2.46465 }     2.46465
   scf:   25   -22787.711082   -22787.711067   -22787.732394  0.001379 -7.456103  0.005135
     spin moment: {S} , |S| = {        0.0        0.0    2.46374 }     2.46374
   scf:   26   -22787.711081   -22787.711071   -22787.732418  0.001279 -7.455974  0.004352
     spin moment: {S} , |S| = {        0.0        0.0    2.45919 }     2.45919
   scf:   27   -22787.711081   -22787.711073   -22787.732438  0.001298 -7.455874  0.005073
     spin moment: {S} , |S| = {        0.0        0.0    2.45455 }     2.45455
   scf:   28   -22787.711082   -22787.711076   -22787.732453  0.001093 -7.455889  0.003748
     spin moment: {S} , |S| = {        0.0        0.0    2.45004 }     2.45004
   scf:   29   -22787.711094   -22787.711081   -22787.732473  0.001936 -7.456135  0.003196
     spin moment: {S} , |S| = {        0.0        0.0    2.44127 }     2.44127
   scf:   30   -22787.711095   -22787.711085   -22787.732488  0.002043 -7.456384  0.003014
     spin moment: {S} , |S| = {        0.0        0.0    2.43289 }     2.43289
   scf:   31   -22787.711090   -22787.711087   -22787.732493  0.001021 -7.456531  0.002732
     spin moment: {S} , |S| = {        0.0        0.0    2.42878 }     2.42878
   scf:   32   -22787.711093   -22787.711090   -22787.732496  0.000489 -7.456556  0.002851
     spin moment: {S} , |S| = {        0.0        0.0    2.42754 }     2.42754

SCF Convergence by DM criterion
max |DM_out - DM_in|         :     0.0004888451
max |H_out - H_in|      (eV) :     0.0028509793
SCF cycle converged after 32 iterations

Using DM_out to compute the final energy and forces
No. of atoms with KB's overlaping orbs in proc 0. Max # of overlaps:     242     981

siesta: E_KS(eV) =           -22787.7111

siesta: Atomic forces (eV/Ang):
     1    0.000027   -0.000000   -0.000001
     2   -0.344056   -0.000001   -0.000000
     3   -0.000416   -0.000000   -0.000000
     4    0.344098    0.000000   -0.000000
     5   -0.088078    0.000001    0.000007
     6   -0.479834    0.000001   -0.000001
     7    0.479160   -0.000000   -0.000001
     8    0.088886    0.000000    0.000002
----------------------------------------
   Tot   -0.000214    0.000001    0.000005
----------------------------------------
   Max    0.479834
   Res    0.172273    sqrt( Sum f_i^2 / 3N )
----------------------------------------
   Max    0.479834    constrained

Stress tensor Voigt[x,y,z,yz,xz,xy] (kbar):      -42.29      -16.79       13.13       -0.00        0.00       -0.00
(Free)E + p*V (eV/cell)   -22786.8797
Target enthalpy (eV/cell)   -22787.7325

siesta: Stress tensor (static) (eV/Ang**3):
        -0.026397   -0.000000    0.000000
        -0.000000   -0.010481   -0.000000
         0.000000   -0.000000    0.008197

siesta: Pressure (static):         15.31744824  kBar

siesta: Stress tensor (total) (eV/Ang**3):
        -0.026397   -0.000000    0.000000
        -0.000000   -0.010481   -0.000000
         0.000000   -0.000000    0.008197

siesta: Pressure (total):         15.31744824  kBar

                     ====================================
                        Begin CG opt. move =      7
                     ====================================
k-point displ. along   1 input, could be:     0.00    0.50
k-point displ. along   2 input, could be:     0.00    0.50
k-point displ. along   3 input, could be:     0.00    0.50
 Kpoints in:           32 . Kpoints trimmed:           31

siesta: k-grid: Number of k-points = 31
siesta: k-points from Monkhorst-Pack grid
siesta: k-cutoff (effective) =     7.020 Ang
siesta: k-point supercell and displacements
siesta: k-grid:     2     0     0      0.000
siesta: k-grid:     0     6     0      0.000
siesta: k-grid:     0     0     4      0.000

superc: Internal auxiliary supercell:     5 x    13 x     9  =     585
superc: Number of atoms, orbitals, and projectors:   4680 115245  84240

outcell: Unit cell vectors (Ang):
       10.054553    0.000000    0.000000
        0.000000    2.516177   -0.000000
        0.000000   -0.000000    3.510106

outcell: Cell vector modules (Ang)   :   10.054553    2.516177    3.510106
outcell: Cell angles (23,13,12) (deg):     90.0000     90.0000     90.0000
outcell: Cell volume (Ang**3)        :     88.8023
<dSpData1D:S at geom step 7
  <sparsity:sparsity for geom step 7
    nrows_g=197 nrows=10 sparsity=1.8528 nnzs=71906, refcount: 7>
  <dData1D:(new from dSpData1D) n=71906, refcount: 1>
refcount: 1>
new_DM -- step:     8
Re-using DM from previous geometries...
Number of DMs in history: 1
 DM extrapolation coefficients: 
1   1.00000
New DM after history re-use:
<dSpData2D:SpM extrapolated using coords
  <sparsity:sparsity for geom step 7
    nrows_g=197 nrows=10 sparsity=1.8528 nnzs=71906, refcount: 9>
  <dData2D:(temp array for extrapolation) n=71906 m=2, refcount: 1>
refcount: 1>
No. of atoms with KB's overlaping orbs in proc 0. Max # of overlaps:     242     981

InitMesh: MESH = 108 x 30 x 40 = 129600
InitMesh: Mesh cutoff (required, used) =   300.000   318.878 Ry
New grid distribution [1]: sub = 2
New grid distribution [2]: sub = 2
New grid distribution [3]: sub = 2
Setting up quadratic distribution...

        iscf     Eharris(eV)        E_KS(eV)     FreeEng(eV)     dDmax    Ef(eV) dHmax(eV)
   scf:    1   -22786.852168   -22787.555960   -22787.578041  0.090538 -7.495029  1.566778
     spin moment: {S} , |S| = {        0.0        0.0    2.40385 }     2.40385
   scf:    2   -22076.560558   -22552.406683   -22552.433651  1.409648 -7.176784 65.777607
     spin moment: {S} , |S| = {        0.0        0.0    1.09291 }     1.09291
   scf:    3   -22790.544743   -22787.690606   -22787.713195  1.380465 -7.484441  0.916462
     spin moment: {S} , |S| = {        0.0        0.0    2.37921 }     2.37921
   scf:    4   -22787.716329   -22787.710142   -22787.732716  0.015267 -7.483134  0.320369
     spin moment: {S} , |S| = {        0.0        0.0    2.38276 }     2.38276
   scf:    5   -22787.711787   -22787.712692   -22787.735288  0.017688 -7.478612  0.123334
     spin moment: {S} , |S| = {        0.0        0.0    2.37665 }     2.37665
   scf:    6   -22787.713007   -22787.713066   -22787.735656  0.002427 -7.478177  0.073673
     spin moment: {S} , |S| = {        0.0        0.0    2.37552 }     2.37552
   scf:    7   -22787.713454   -22787.713306   -22787.735876  0.001253 -7.478456  0.039663
     spin moment: {S} , |S| = {        0.0        0.0    2.37392 }     2.37392
   scf:    8   -22787.713321   -22787.713403   -22787.735956  0.002789 -7.480026  0.051658
     spin moment: {S} , |S| = {        0.0        0.0    2.36908 }     2.36908
   scf:    9   -22787.713469   -22787.713525   -22787.736074  0.002098 -7.481343  0.029305
     spin moment: {S} , |S| = {        0.0        0.0    2.36475 }     2.36475
   scf:   10   -22787.713713   -22787.713615   -22787.736150  0.001651 -7.481803  0.024126
     spin moment: {S} , |S| = {        0.0        0.0    2.35887 }     2.35887
   scf:   11   -22787.713854   -22787.713730   -22787.736242  0.002432 -7.482295  0.005029
     spin moment: {S} , |S| = {        0.0        0.0    2.34986 }     2.34986
   scf:   12   -22787.713775   -22787.713752   -22787.736258  0.000489 -7.482485  0.004745
     spin moment: {S} , |S| = {        0.0        0.0    2.34779 }     2.34779

SCF Convergence by DM criterion
max |DM_out - DM_in|         :     0.0004894605
max |H_out - H_in|      (eV) :     0.0047452965
SCF cycle converged after 12 iterations

Using DM_out to compute the final energy and forces
No. of atoms with KB's overlaping orbs in proc 0. Max # of overlaps:     242     981

siesta: E_KS(eV) =           -22787.7138

siesta: Atomic forces (eV/Ang):
     1    0.000065    0.000000    0.000000
     2   -0.302286   -0.000001    0.000000
     3   -0.000325   -0.000000    0.000000
     4    0.302140   -0.000001   -0.000001
     5   -0.197861    0.000000   -0.000001
     6   -0.288615   -0.000000   -0.000000
     7    0.288164    0.000000   -0.000000
     8    0.198517   -0.000001    0.000000
----------------------------------------
   Tot   -0.000200   -0.000003   -0.000001
----------------------------------------
   Max    0.302286
   Res    0.133473    sqrt( Sum f_i^2 / 3N )
----------------------------------------
   Max    0.302286    constrained

Stress tensor Voigt[x,y,z,yz,xz,xy] (kbar):      -51.10      -23.93        6.79       -0.00       -0.00        0.00
(Free)E + p*V (eV/cell)   -22786.4756
Target enthalpy (eV/cell)   -22787.7363

siesta: Stress tensor (static) (eV/Ang**3):
        -0.031893    0.000000   -0.000000
         0.000000   -0.014936    0.000000
        -0.000000   -0.000000    0.004240

siesta: Pressure (static):         22.74500064  kBar

siesta: Stress tensor (total) (eV/Ang**3):
        -0.031893    0.000000   -0.000000
         0.000000   -0.014936    0.000000
        -0.000000   -0.000000    0.004240

siesta: Pressure (total):         22.74500064  kBar

cgvc: Finished line minimization    3.  Mean atomic displacement =    0.0506

                     ====================================
                        Begin CG opt. move =      8
                     ====================================
k-point displ. along   1 input, could be:     0.00    0.50
k-point displ. along   2 input, could be:     0.00    0.50
k-point displ. along   3 input, could be:     0.00    0.50
 Kpoints in:           32 . Kpoints trimmed:           31

siesta: k-grid: Number of k-points = 31
siesta: k-points from Monkhorst-Pack grid
siesta: k-cutoff (effective) =     7.011 Ang
siesta: k-point supercell and displacements
siesta: k-grid:     2     0     0      0.000
siesta: k-grid:     0     6     0      0.000
siesta: k-grid:     0     0     4      0.000

superc: Internal auxiliary supercell:     5 x    13 x     9  =     585
superc: Number of atoms, orbitals, and projectors:   4680 115245  84240

outcell: Unit cell vectors (Ang):
       10.163029   -0.000000    0.000000
       -0.000000    2.529663   -0.000000
        0.000000   -0.000000    3.505672

outcell: Cell vector modules (Ang)   :   10.163029    2.529663    3.505672
outcell: Cell angles (23,13,12) (deg):     90.0000     90.0000     90.0000
outcell: Cell volume (Ang**3)        :     90.1275
<dSpData1D:S at geom step 8
  <sparsity:sparsity for geom step 8
    nrows_g=197 nrows=10 sparsity=1.8398 nnzs=71401, refcount: 7>
  <dData1D:(new from dSpData1D) n=71401, refcount: 1>
refcount: 1>
new_DM -- step:     9
Re-using DM from previous geometries...
Number of DMs in history: 1
 DM extrapolation coefficients: 
1   1.00000
New DM after history re-use:
<dSpData2D:SpM extrapolated using coords
  <sparsity:sparsity for geom step 8
    nrows_g=197 nrows=10 sparsity=1.8398 nnzs=71401, refcount: 9>
  <dData2D:(temp array for extrapolation) n=71401 m=2, refcount: 1>
refcount: 1>
No. of atoms with KB's overlaping orbs in proc 0. Max # of overlaps:     242     965

InitMesh: MESH = 108 x 30 x 40 = 129600
InitMesh: Mesh cutoff (required, used) =   300.000   312.107 Ry
New grid distribution [1]: sub = 2
New grid distribution [2]: sub = 2
New grid distribution [3]: sub = 2
Setting up quadratic distribution...

        iscf     Eharris(eV)        E_KS(eV)     FreeEng(eV)     dDmax    Ef(eV) dHmax(eV)
   scf:    1   -22737.238019   -22770.241593   -22770.261462  0.365908 -7.370868 22.146822
     spin moment: {S} , |S| = {        0.0        0.0    2.40688 }     2.40688
   scf:    2    -5760.773097   -17250.061759   -17250.078838 53.235156 -7.559591398.248763
     spin moment: {S} , |S| = {        0.0        0.0   -2.64277 }    -2.64277
   scf:    3   -23816.683806   -22738.746114   -22738.772397 53.182966 -7.451583 38.695663
     spin moment: {S} , |S| = {        0.0        0.0    2.20764 }     2.20764
   scf:    4   -22804.006832   -22780.692225   -22780.716854  0.341378 -7.440716 14.691595
     spin moment: {S} , |S| = {        0.0        0.0    2.31697 }     2.31697
   scf:    5   -22781.304616   -22781.000107   -22781.024565  0.005303 -7.440489 14.362024
     spin moment: {S} , |S| = {        0.0        0.0    2.31503 }     2.31503
   scf:    6   -22782.522747   -22781.773048   -22781.797084  0.011860 -7.440137 13.532987
     spin moment: {S} , |S| = {        0.0        0.0    2.30959 }     2.30959
   scf:    7   -22782.739096   -22782.261638   -22782.285399  0.008330 -7.440038 12.976390
     spin moment: {S} , |S| = {        0.0        0.0    2.30576 }     2.30576
   scf:    8   -22786.762516   -22784.684123   -22784.706593  0.043097 -7.439897  9.715723
     spin moment: {S} , |S| = {        0.0        0.0    2.28506 }     2.28506
   scf:    9   -22788.735099   -22787.556418   -22787.578543  0.088036 -7.438022  2.508516
     spin moment: {S} , |S| = {        0.0        0.0    2.25420 }     2.25420
   scf:   10   -22787.759154   -22787.669700   -22787.691842  0.011812 -7.436882  1.601672
     spin moment: {S} , |S| = {        0.0        0.0    2.24821 }     2.24821
   scf:   11   -22787.749489   -22787.751182   -22787.773341  0.020443 -7.433530  0.079399
     spin moment: {S} , |S| = {        0.0        0.0    2.23694 }     2.23694
   scf:   12   -22787.751916   -22787.751589   -22787.773715  0.003892 -7.432545  0.070111
     spin moment: {S} , |S| = {        0.0        0.0    2.23379 }     2.23379
   scf:   13   -22787.753091   -22787.752352   -22787.774385  0.006244 -7.430415  0.055829
     spin moment: {S} , |S| = {        0.0        0.0    2.22566 }     2.22566
   scf:   14   -22787.753778   -22787.753042   -22787.774980  0.006314 -7.428452  0.034820
     spin moment: {S} , |S| = {        0.0        0.0    2.21652 }     2.21652
   scf:   15   -22787.753775   -22787.753400   -22787.775289  0.003540 -7.427746  0.026679
     spin moment: {S} , |S| = {        0.0        0.0    2.21164 }     2.21164
   scf:   16   -22787.754248   -22787.753809   -22787.775645  0.004343 -7.427401  0.025938
     spin moment: {S} , |S| = {        0.0        0.0    2.20621 }     2.20621
   scf:   17   -22787.754409   -22787.754102   -22787.775898  0.003182 -7.427153  0.025453
     spin moment: {S} , |S| = {        0.0        0.0    2.20232 }     2.20232
   scf:   18   -22787.761750   -22787.756893   -22787.778229  0.035029 -7.424743  0.019509
     spin moment: {S} , |S| = {        0.0        0.0    2.16085 }     2.16085
   scf:   19   -22787.758114   -22787.757438   -22787.778670  0.008858 -7.424114  0.019022
     spin moment: {S} , |S| = {        0.0        0.0    2.15193 }     2.15193
   scf:   20   -22787.758963   -22787.758083   -22787.779190  0.012024 -7.422923  0.018460
     spin moment: {S} , |S| = {        0.0        0.0    2.14472 }     2.14472
   scf:   21   -22787.759455   -22787.758636   -22787.779628  0.012779 -7.421473  0.012169
     spin moment: {S} , |S| = {        0.0        0.0    2.13777 }     2.13777
   scf:   22   -22787.759525   -22787.758986   -22787.779908  0.011048 -7.420358  0.010289
     spin moment: {S} , |S| = {        0.0        0.0    2.13441 }     2.13441
   scf:   23   -22787.759257   -22787.759104   -22787.780002  0.004712 -7.419833  0.007735
     spin moment: {S} , |S| = {        0.0        0.0    2.13350 }     2.13350
   scf:   24   -22787.759151   -22787.759127   -22787.780021  0.000655 -7.419664  0.007514
     spin moment: {S} , |S| = {        0.0        0.0    2.13506 }     2.13506
   scf:   25   -22787.759379   -22787.759237   -22787.780113  0.003917 -7.418694  0.007624
     spin moment: {S} , |S| = {        0.0        0.0    2.14156 }     2.14156
   scf:   26   -22787.759386   -22787.759303   -22787.780168  0.003188 -7.418078  0.006815
     spin moment: {S} , |S| = {        0.0        0.0    2.14490 }     2.14490
   scf:   27   -22787.759515   -22787.759387   -22787.780240  0.004779 -7.416974  0.005989
     spin moment: {S} , |S| = {        0.0        0.0    2.15148 }     2.15148
   scf:   28   -22787.759473   -22787.759422   -22787.780273  0.003297 -7.416406  0.004911
     spin moment: {S} , |S| = {        0.0        0.0    2.15312 }     2.15312
   scf:   29   -22787.759483   -22787.759445   -22787.780300  0.003424 -7.415955  0.004004
     spin moment: {S} , |S| = {        0.0        0.0    2.15376 }     2.15376
   scf:   30   -22787.759469   -22787.759453   -22787.780316  0.002547 -7.415651  0.003482
     spin moment: {S} , |S| = {        0.0        0.0    2.15481 }     2.15481
   scf:   31   -22787.759470   -22787.759454   -22787.780334  0.003617 -7.415315  0.002934
     spin moment: {S} , |S| = {        0.0        0.0    2.15562 }     2.15562
   scf:   32   -22787.759449   -22787.759450   -22787.780341  0.001631 -7.415150  0.003017
     spin moment: {S} , |S| = {        0.0        0.0    2.15678 }     2.15678
   scf:   33   -22787.759438   -22787.759443   -22787.780347  0.000864 -7.415067  0.002800
     spin moment: {S} , |S| = {        0.0        0.0    2.15833 }     2.15833
   scf:   34   -22787.759428   -22787.759434   -22787.780354  0.001640 -7.414866  0.002308
     spin moment: {S} , |S| = {        0.0        0.0    2.16051 }     2.16051
   scf:   35   -22787.759407   -22787.759419   -22787.780360  0.001184 -7.414771  0.002060
     spin moment: {S} , |S| = {        0.0        0.0    2.16264 }     2.16264
   scf:   36   -22787.759388   -22787.759402   -22787.780365  0.001306 -7.414643  0.001986
     spin moment: {S} , |S| = {        0.0        0.0    2.16523 }     2.16523
   scf:   37   -22787.759369   -22787.759385   -22787.780368  0.001267 -7.414551  0.001692
     spin moment: {S} , |S| = {        0.0        0.0    2.16702 }     2.16702
   scf:   38   -22787.759361   -22787.759372   -22787.780370  0.000881 -7.414499  0.001409
     spin moment: {S} , |S| = {        0.0        0.0    2.16788 }     2.16788
   scf:   39   -22787.759354   -22787.759363   -22787.780371  0.000496 -7.414493  0.001258
     spin moment: {S} , |S| = {        0.0        0.0    2.16830 }     2.16830

SCF Convergence by DM criterion
max |DM_out - DM_in|         :     0.0004956213
max |H_out - H_in|      (eV) :     0.0012575007
SCF cycle converged after 39 iterations

Using DM_out to compute the final energy and forces
No. of atoms with KB's overlaping orbs in proc 0. Max # of overlaps:     242     965

siesta: E_KS(eV) =           -22787.7594

siesta: Atomic forces (eV/Ang):
     1    0.000197   -0.000000   -0.000001
     2   -0.159858    0.000001    0.000000
     3   -0.000339    0.000001   -0.000000
     4    0.160122   -0.000000   -0.000000
     5   -0.023972   -0.000002    0.000001
     6   -0.127047   -0.000001    0.000001
     7    0.126626   -0.000001    0.000000
     8    0.024099    0.000001   -0.000001
----------------------------------------
   Tot   -0.000172   -0.000001   -0.000001
----------------------------------------
   Max    0.160122
   Res    0.059345    sqrt( Sum f_i^2 / 3N )
----------------------------------------
   Max    0.160122    constrained

Stress tensor Voigt[x,y,z,yz,xz,xy] (kbar):       -2.55      -14.22       30.37       -0.00       -0.00        0.00
(Free)E + p*V (eV/cell)   -22788.0354
Target enthalpy (eV/cell)   -22787.7804

siesta: Stress tensor (static) (eV/Ang**3):
        -0.001591    0.000000   -0.000000
         0.000000   -0.008873   -0.000000
        -0.000000   -0.000000    0.018955

siesta: Pressure (static):         -4.53430723  kBar

siesta: Stress tensor (total) (eV/Ang**3):
        -0.001591    0.000000   -0.000000
         0.000000   -0.008873   -0.000000
        -0.000000   -0.000000    0.018955

siesta: Pressure (total):         -4.53430723  kBar

                     ====================================
                        Begin CG opt. move =      9
                     ====================================
k-point displ. along   1 input, could be:     0.00    0.50
k-point displ. along   2 input, could be:     0.00    0.50
k-point displ. along   3 input, could be:     0.00    0.50
 Kpoints in:           32 . Kpoints trimmed:           31

siesta: k-grid: Number of k-points = 31
siesta: k-points from Monkhorst-Pack grid
siesta: k-cutoff (effective) =     6.997 Ang
siesta: k-point supercell and displacements
siesta: k-grid:     2     0     0      0.000
siesta: k-grid:     0     6     0      0.000
siesta: k-grid:     0     0     4      0.000

superc: Internal auxiliary supercell:     5 x    13 x     9  =     585
superc: Number of atoms, orbitals, and projectors:   4680 115245  84240

outcell: Unit cell vectors (Ang):
       10.336590   -0.000000    0.000000
       -0.000000    2.551242   -0.000000
        0.000000   -0.000000    3.498579

outcell: Cell vector modules (Ang)   :   10.336590    2.551242    3.498579
outcell: Cell angles (23,13,12) (deg):     90.0000     90.0000     90.0000
outcell: Cell volume (Ang**3)        :     92.2615
<dSpData1D:S at geom step 9
  <sparsity:sparsity for geom step 9
    nrows_g=197 nrows=10 sparsity=1.7995 nnzs=69835, refcount: 7>
  <dData1D:(new from dSpData1D) n=69835, refcount: 1>
refcount: 1>
new_DM -- step:    10
Re-using DM from previous geometries...
Number of DMs in history: 1
 DM extrapolation coefficients: 
1   1.00000
New DM after history re-use:
<dSpData2D:SpM extrapolated using coords
  <sparsity:sparsity for geom step 9
    nrows_g=197 nrows=10 sparsity=1.7995 nnzs=69835, refcount: 9>
  <dData2D:(temp array for extrapolation) n=69835 m=2, refcount: 1>
refcount: 1>
No. of atoms with KB's overlaping orbs in proc 0. Max # of overlaps:     238     944

InitMesh: MESH = 108 x 30 x 40 = 129600
InitMesh: Mesh cutoff (required, used) =   300.000   301.714 Ry
New grid distribution [1]: sub = 2
New grid distribution [2]: sub = 2
New grid distribution [3]: sub = 2
Setting up quadratic distribution...

        iscf     Eharris(eV)        E_KS(eV)     FreeEng(eV)     dDmax    Ef(eV) dHmax(eV)
   scf:    1   -22687.664040   -22753.489021   -22753.508609  0.581721 -7.229827 31.532506
     spin moment: {S} , |S| = {        0.0        0.0    2.28708 }     2.28708
   scf:    2    16490.796425    -9933.116908    -9933.131930187.301269 -6.018901593.252838
     spin moment: {S} , |S| = {        0.0        0.0   -2.83209 }    -2.83209
   scf:    3   -24979.159530   -22686.878899   -22686.901514187.292467 -7.309979 56.912601
     spin moment: {S} , |S| = {        0.0        0.0    1.91835 }     1.91835
   scf:    4   -22816.977729   -22783.562705   -22783.583794  0.592830 -7.321224 11.761857
     spin moment: {S} , |S| = {        0.0        0.0    2.10619 }     2.10619
   scf:    5   -22783.688833   -22783.626993   -22783.648108  0.006002 -7.322118 11.636241
     spin moment: {S} , |S| = {        0.0        0.0    2.10696 }     2.10696
   scf:    6   -22785.868510   -22784.803833   -22784.825222  0.025974 -7.326472  9.766446
     spin moment: {S} , |S| = {        0.0        0.0    2.10386 }     2.10386
   scf:    7   -22787.207214   -22786.102752   -22786.124613  0.032240 -7.330498  7.271621
     spin moment: {S} , |S| = {        0.0        0.0    2.09436 }     2.09436
   scf:    8   -22788.128238   -22787.313945   -22787.336600  0.051265 -7.335686  3.525192
     spin moment: {S} , |S| = {        0.0        0.0    2.07018 }     2.07018
   scf:    9   -22787.686531   -22787.519838   -22787.542504  0.017898 -7.334246  2.654389
     spin moment: {S} , |S| = {        0.0        0.0    2.05551 }     2.05551
   scf:   10   -22787.632876   -22787.716048   -22787.738783  0.055338 -7.333535  0.531811
     spin moment: {S} , |S| = {        0.0        0.0    2.02690 }     2.02690
   scf:   11   -22787.704573   -22787.722440   -22787.744491  0.052056 -7.325955  0.592681
     spin moment: {S} , |S| = {        0.0        0.0    2.00967 }     2.00967
   scf:   12   -22787.728737   -22787.726667   -22787.748891  0.013318 -7.327938  0.289868
     spin moment: {S} , |S| = {        0.0        0.0    2.01277 }     2.01277
   scf:   13   -22787.730784   -22787.729975   -22787.751785  0.013994 -7.324937  0.209863
     spin moment: {S} , |S| = {        0.0        0.0    1.99760 }     1.99760
   scf:   14   -22787.729572   -22787.731320   -22787.752750  0.020668 -7.322747  0.292870
     spin moment: {S} , |S| = {        0.0        0.0    1.99020 }     1.99020
   scf:   15   -22787.737064   -22787.734529   -22787.755606  0.009241 -7.321313  0.094355
     spin moment: {S} , |S| = {        0.0        0.0    1.98087 }     1.98087
   scf:   16   -22787.738136   -22787.736284   -22787.757037  0.008434 -7.320692  0.067522
     spin moment: {S} , |S| = {        0.0        0.0    1.97448 }     1.97448
   scf:   17   -22787.743530   -22787.739660   -22787.759760  0.016423 -7.319069  0.057212
     spin moment: {S} , |S| = {        0.0        0.0    1.96303 }     1.96303
   scf:   18   -22787.755378   -22787.746173   -22787.764960  0.030686 -7.316063  0.071419
     spin moment: {S} , |S| = {        0.0        0.0    1.94377 }     1.94377
   scf:   19   -22787.749320   -22787.747644   -22787.766153  0.007831 -7.315077  0.048832
     spin moment: {S} , |S| = {        0.0        0.0    1.94129 }     1.94129
   scf:   20   -22787.755500   -22787.750775   -22787.768751  0.025753 -7.310455  0.116727
     spin moment: {S} , |S| = {        0.0        0.0    1.95100 }     1.95100
   scf:   21   -22787.755645   -22787.752582   -22787.770143  0.022481 -7.306630  0.059237
     spin moment: {S} , |S| = {        0.0        0.0    1.95426 }     1.95426
   scf:   22   -22787.752394   -22787.752485   -22787.770131  0.002975 -7.306801  0.022514
     spin moment: {S} , |S| = {        0.0        0.0    1.95641 }     1.95641
   scf:   23   -22787.751696   -22787.752057   -22787.769891  0.004852 -7.307626  0.043340
     spin moment: {S} , |S| = {        0.0        0.0    1.96382 }     1.96382
   scf:   24   -22787.753230   -22787.752551   -22787.770292  0.008647 -7.306220  0.013537
     spin moment: {S} , |S| = {        0.0        0.0    1.97010 }     1.97010
   scf:   25   -22787.752801   -22787.752655   -22787.770429  0.004712 -7.305292  0.018069
     spin moment: {S} , |S| = {        0.0        0.0    1.98010 }     1.98010
   scf:   26   -22787.752982   -22787.752782   -22787.770545  0.005510 -7.304104  0.014124
     spin moment: {S} , |S| = {        0.0        0.0    1.98784 }     1.98784
   scf:   27   -22787.752903   -22787.752805   -22787.770642  0.006496 -7.302167  0.005977
     spin moment: {S} , |S| = {        0.0        0.0    2.00468 }     2.00468
   scf:   28   -22787.752768   -22787.752785   -22787.770657  0.001185 -7.301819  0.004976
     spin moment: {S} , |S| = {        0.0        0.0    2.00935 }     2.00935
   scf:   29   -22787.752748   -22787.752766   -22787.770664  0.000728 -7.301715  0.004974
     spin moment: {S} , |S| = {        0.0        0.0    2.01151 }     2.01151
   scf:   30   -22787.752642   -22787.752701   -22787.770674  0.001281 -7.301658  0.004451
     spin moment: {S} , |S| = {        0.0        0.0    2.01720 }     2.01720
   scf:   31   -22787.752661   -22787.752681   -22787.770683  0.000684 -7.301491  0.004588
     spin moment: {S} , |S| = {        0.0        0.0    2.02071 }     2.02071
   scf:   32   -22787.752644   -22787.752661   -22787.770695  0.001191 -7.301222  0.004450
     spin moment: {S} , |S| = {        0.0        0.0    2.02532 }     2.02532
   scf:   33   -22787.752632   -22787.752642   -22787.770708  0.001882 -7.300805  0.003210
     spin moment: {S} , |S| = {        0.0        0.0    2.03110 }     2.03110
   scf:   34   -22787.752622   -22787.752632   -22787.770710  0.000373 -7.300729  0.002866
     spin moment: {S} , |S| = {        0.0        0.0    2.03271 }     2.03271

SCF Convergence by DM criterion
max |DM_out - DM_in|         :     0.0003725664
max |H_out - H_in|      (eV) :     0.0028663152
SCF cycle converged after 34 iterations

Using DM_out to compute the final energy and forces
No. of atoms with KB's overlaping orbs in proc 0. Max # of overlaps:     238     944

siesta: E_KS(eV) =           -22787.7526

siesta: Atomic forces (eV/Ang):
     1    0.000321   -0.000001   -0.000003
     2    0.043662    0.000001   -0.000001
     3    0.000162   -0.000000   -0.000001
     4   -0.043278   -0.000000    0.000002
     5    0.210241    0.000000    0.000003
     6    0.053108   -0.000001   -0.000001
     7   -0.052935   -0.000001   -0.000000
     8   -0.211156    0.000001    0.000000
----------------------------------------
   Tot    0.000126   -0.000002   -0.000001
----------------------------------------
   Max    0.211156
   Res    0.063963    sqrt( Sum f_i^2 / 3N )
----------------------------------------
   Max    0.211156    constrained

Stress tensor Voigt[x,y,z,yz,xz,xy] (kbar):       61.08      -16.22       59.54        0.00        0.00        0.00
(Free)E + p*V (eV/cell)   -22789.7746
Target enthalpy (eV/cell)   -22787.7707

siesta: Stress tensor (static) (eV/Ang**3):
         0.038122    0.000000    0.000000
         0.000000   -0.010124    0.000000
         0.000000    0.000000    0.037159

siesta: Pressure (static):        -34.79802548  kBar

siesta: Stress tensor (total) (eV/Ang**3):
         0.038122    0.000000    0.000000
         0.000000   -0.010124    0.000000
         0.000000    0.000000    0.037159

siesta: Pressure (total):        -34.79802548  kBar

                     ====================================
                        Begin CG opt. move =     10
                     ====================================
k-point displ. along   1 input, could be:     0.00    0.50
k-point displ. along   2 input, could be:     0.00    0.50
k-point displ. along   3 input, could be:     0.00    0.50
 Kpoints in:           32 . Kpoints trimmed:           31

siesta: k-grid: Number of k-points = 31
siesta: k-points from Monkhorst-Pack grid
siesta: k-cutoff (effective) =     7.007 Ang
siesta: k-point supercell and displacements
siesta: k-grid:     2     0     0      0.000
siesta: k-grid:     0     6     0      0.000
siesta: k-grid:     0     0     4      0.000

superc: Internal auxiliary supercell:     5 x    13 x     9  =     585
superc: Number of atoms, orbitals, and projectors:   4680 115245  84240

outcell: Unit cell vectors (Ang):
       10.219967   -0.000000    0.000000
       -0.000000    2.536742   -0.000000
        0.000000   -0.000000    3.503345

outcell: Cell vector modules (Ang)   :   10.219967    2.536742    3.503345
outcell: Cell angles (23,13,12) (deg):     90.0000     90.0000     90.0000
outcell: Cell volume (Ang**3)        :     90.8257
<dSpData1D:S at geom step 10
  <sparsity:sparsity for geom step 10
    nrows_g=197 nrows=10 sparsity=1.7995 nnzs=69835, refcount: 7>
  <dData1D:(new from dSpData1D) n=69835, refcount: 1>
refcount: 1>
new_DM -- step:    11
Re-using DM from previous geometries...
Number of DMs in history: 1
 DM extrapolation coefficients: 
1   1.00000
New DM after history re-use:
<dSpData2D:SpM extrapolated using coords
  <sparsity:sparsity for geom step 10
    nrows_g=197 nrows=10 sparsity=1.7995 nnzs=69835, refcount: 9>
  <dData2D:(temp array for extrapolation) n=69835 m=2, refcount: 1>
refcount: 1>
No. of atoms with KB's overlaping orbs in proc 0. Max # of overlaps:     238     944

InitMesh: MESH = 108 x 30 x 40 = 129600
InitMesh: Mesh cutoff (required, used) =   300.000   308.639 Ry
New grid distribution [1]: sub = 2
New grid distribution [2]: sub = 2
New grid distribution [3]: sub = 2
Setting up quadratic distribution...

        iscf     Eharris(eV)        E_KS(eV)     FreeEng(eV)     dDmax    Ef(eV) dHmax(eV)
   scf:    1   -22746.369185   -22774.798666   -22774.823135  0.427973 -7.376139 18.719833
     spin moment: {S} , |S| = {        0.0        0.0    2.23455 }     2.23455
   scf:    2    -6358.189333   -17428.331494   -17428.340836100.667273 -6.409971372.105494
     spin moment: {S} , |S| = {        0.0        0.0   -2.25010 }    -2.25010
   scf:    3   -23478.485484   -22769.130532   -22769.147107100.674512 -7.290600 24.411834
     spin moment: {S} , |S| = {        0.0        0.0    2.21793 }     2.21793
   scf:    4   -22793.815932   -22784.820720   -22784.839218  0.289002 -7.338638  9.084665
     spin moment: {S} , |S| = {        0.0        0.0    2.09589 }     2.09589
   scf:    5   -22787.771343   -22786.458659   -22786.477359  0.051194 -7.346724  6.239637
     spin moment: {S} , |S| = {        0.0        0.0    2.08306 }     2.08306
   scf:    6   -22786.103487   -22786.283788   -22786.302492  0.005839 -7.345991  6.610725
     spin moment: {S} , |S| = {        0.0        0.0    2.08405 }     2.08405
   scf:    7   -22786.361776   -22786.322912   -22786.341614  0.001382 -7.346146  6.527223
     spin moment: {S} , |S| = {        0.0        0.0    2.08376 }     2.08376
   scf:    8   -22786.547271   -22786.436229   -22786.454912  0.004929 -7.346579  6.252652
     spin moment: {S} , |S| = {        0.0        0.0    2.08240 }     2.08240
   scf:    9   -22787.504304   -22787.009503   -22787.028066  0.021735 -7.349528  4.731941
     spin moment: {S} , |S| = {        0.0        0.0    2.07908 }     2.07908
   scf:   10   -22787.939572   -22787.751387   -22787.769640  0.053423 -7.354848  0.765145
     spin moment: {S} , |S| = {        0.0        0.0    2.08692 }     2.08692
   scf:   11   -22787.766614   -22787.765374   -22787.783655  0.007853 -7.356280  0.073403
     spin moment: {S} , |S| = {        0.0        0.0    2.09069 }     2.09069
   scf:   12   -22787.765692   -22787.765555   -22787.783862  0.001709 -7.357283  0.032664
     spin moment: {S} , |S| = {        0.0        0.0    2.09162 }     2.09162
   scf:   13   -22787.765943   -22787.765748   -22787.784095  0.001933 -7.358599  0.033431
     spin moment: {S} , |S| = {        0.0        0.0    2.09302 }     2.09302
   scf:   14   -22787.766755   -22787.766221   -22787.784705  0.005824 -7.362199  0.039464
     spin moment: {S} , |S| = {        0.0        0.0    2.09688 }     2.09688
   scf:   15   -22787.766725   -22787.766465   -22787.785045  0.003540 -7.363113  0.025883
     spin moment: {S} , |S| = {        0.0        0.0    2.09869 }     2.09869
   scf:   16   -22787.767495   -22787.766876   -22787.785707  0.008404 -7.364834  0.014880
     spin moment: {S} , |S| = {        0.0        0.0    2.10218 }     2.10218
   scf:   17   -22787.767449   -22787.767077   -22787.786161  0.007987 -7.366165  0.016035
     spin moment: {S} , |S| = {        0.0        0.0    2.10428 }     2.10428
   scf:   18   -22787.767355   -22787.767139   -22787.786488  0.007927 -7.367383  0.011536
     spin moment: {S} , |S| = {        0.0        0.0    2.10525 }     2.10525
   scf:   19   -22787.767155   -22787.767124   -22787.786626  0.004388 -7.368008  0.009271
     spin moment: {S} , |S| = {        0.0        0.0    2.10536 }     2.10536
   scf:   20   -22787.767090   -22787.767094   -22787.786720  0.003644 -7.368510  0.009305
     spin moment: {S} , |S| = {        0.0        0.0    2.10383 }     2.10383
   scf:   21   -22787.766968   -22787.766962   -22787.786881  0.008694 -7.369540  0.008026
     spin moment: {S} , |S| = {        0.0        0.0    2.09875 }     2.09875
   scf:   22   -22787.766826   -22787.766882   -22787.786926  0.003679 -7.370070  0.005995
     spin moment: {S} , |S| = {        0.0        0.0    2.09644 }     2.09644
   scf:   23   -22787.766843   -22787.766862   -22787.786938  0.001034 -7.370181  0.005144
     spin moment: {S} , |S| = {        0.0        0.0    2.09463 }     2.09463
   scf:   24   -22787.766804   -22787.766832   -22787.786949  0.001253 -7.370323  0.005016
     spin moment: {S} , |S| = {        0.0        0.0    2.09409 }     2.09409
   scf:   25   -22787.766700   -22787.766758   -22787.786979  0.003379 -7.370667  0.003176
     spin moment: {S} , |S| = {        0.0        0.0    2.08921 }     2.08921
   scf:   26   -22787.766588   -22787.766660   -22787.787008  0.004382 -7.371104  0.002481
     spin moment: {S} , |S| = {        0.0        0.0    2.08204 }     2.08204
   scf:   27   -22787.766554   -22787.766603   -22787.787018  0.002459 -7.371377  0.002705
     spin moment: {S} , |S| = {        0.0        0.0    2.07819 }     2.07819
   scf:   28   -22787.766590   -22787.766596   -22787.787023  0.000768 -7.371496  0.002269
     spin moment: {S} , |S| = {        0.0        0.0    2.07561 }     2.07561
   scf:   29   -22787.766577   -22787.766586   -22787.787029  0.001005 -7.371663  0.001841
     spin moment: {S} , |S| = {        0.0        0.0    2.07266 }     2.07266
   scf:   30   -22787.766587   -22787.766586   -22787.787032  0.000607 -7.371763  0.001775
     spin moment: {S} , |S| = {        0.0        0.0    2.07023 }     2.07023
   scf:   31   -22787.766586   -22787.766586   -22787.787034  0.000296 -7.371799  0.001649
     spin moment: {S} , |S| = {        0.0        0.0    2.06913 }     2.06913

SCF Convergence by DM criterion
max |DM_out - DM_in|         :     0.0002963595
max |H_out - H_in|      (eV) :     0.0016489317
SCF cycle converged after 31 iterations

Using DM_out to compute the final energy and forces
No. of atoms with KB's overlaping orbs in proc 0. Max # of overlaps:     238     944

siesta: E_KS(eV) =           -22787.7666

siesta: Atomic forces (eV/Ang):
     1    0.000168   -0.000000   -0.000001
     2   -0.125104    0.000001   -0.000000
     3   -0.000045   -0.000000   -0.000001
     4    0.125369    0.000000    0.000000
     5    0.063592    0.000000    0.000001
     6   -0.112799   -0.000000    0.000001
     7    0.112690   -0.000001    0.000000
     8   -0.063915   -0.000000    0.000001
----------------------------------------
   Tot   -0.000043   -0.000001    0.000001
----------------------------------------
   Max    0.125369
   Res    0.052010    sqrt( Sum f_i^2 / 3N )
----------------------------------------
   Max    0.125369    constrained

Stress tensor Voigt[x,y,z,yz,xz,xy] (kbar):       16.10      -27.35       39.83        0.00        0.00       -0.00
(Free)E + p*V (eV/cell)   -22788.3271
Target enthalpy (eV/cell)   -22787.7870

siesta: Stress tensor (static) (eV/Ang**3):
         0.010051    0.000000    0.000000
        -0.000000   -0.017070    0.000000
         0.000000    0.000000    0.024858

siesta: Pressure (static):         -9.52707830  kBar

siesta: Stress tensor (total) (eV/Ang**3):
         0.010051    0.000000    0.000000
        -0.000000   -0.017070    0.000000
         0.000000    0.000000    0.024858

siesta: Pressure (total):         -9.52707830  kBar

cgvc: Finished line minimization    4.  Mean atomic displacement =    0.0772

                     ====================================
                        Begin CG opt. move =     11
                     ====================================
k-point displ. along   1 input, could be:     0.00    0.50
k-point displ. along   2 input, could be:     0.00    0.50
k-point displ. along   3 input, could be:     0.00    0.50
 Kpoints in:           32 . Kpoints trimmed:           31

siesta: k-grid: Number of k-points = 31
siesta: k-points from Monkhorst-Pack grid
siesta: k-cutoff (effective) =     6.903 Ang
siesta: k-point supercell and displacements
siesta: k-grid:     2     0     0      0.000
siesta: k-grid:     0     6     0      0.000
siesta: k-grid:     0     0     4      0.000

superc: Internal auxiliary supercell:     5 x    13 x     9  =     585
superc: Number of atoms, orbitals, and projectors:   4680 115245  84240

outcell: Unit cell vectors (Ang):
       10.231031   -0.000000    0.000000
       -0.000000    2.569005   -0.000000
        0.000000   -0.000000    3.451390

outcell: Cell vector modules (Ang)   :   10.231031    2.569005    3.451390
outcell: Cell angles (23,13,12) (deg):     90.0000     90.0000     90.0000
outcell: Cell volume (Ang**3)        :     90.7148
<dSpData1D:S at geom step 11
  <sparsity:sparsity for geom step 11
    nrows_g=197 nrows=10 sparsity=1.8042 nnzs=70021, refcount: 7>
  <dData1D:(new from dSpData1D) n=70021, refcount: 1>
refcount: 1>
new_DM -- step:    12
Re-using DM from previous geometries...
Number of DMs in history: 1
 DM extrapolation coefficients: 
1   1.00000
New DM after history re-use:
<dSpData2D:SpM extrapolated using coords
  <sparsity:sparsity for geom step 11
    nrows_g=197 nrows=10 sparsity=1.8042 nnzs=70021, refcount: 9>
  <dData2D:(temp array for extrapolation) n=70021 m=2, refcount: 1>
refcount: 1>
No. of atoms with KB's overlaping orbs in proc 0. Max # of overlaps:     238     949

InitMesh: MESH = 108 x 30 x 36 = 116640
InitMesh: Mesh cutoff (required, used) =   300.000   300.690 Ry
New grid distribution [1]: sub = 2
New grid distribution [2]: sub = 2
New grid distribution [3]: sub = 2
Setting up quadratic distribution...

        iscf     Eharris(eV)        E_KS(eV)     FreeEng(eV)     dDmax    Ef(eV) dHmax(eV)
   scf:    1   -22749.358213   -22775.096541   -22775.121730  0.644962 -7.296617 20.052288
     spin moment: {S} , |S| = {        0.0        0.0    2.04195 }     2.04195
   scf:    2    -7529.088106   -17811.025644   -17811.043822 46.211787 -6.761130378.191834
     spin moment: {S} , |S| = {        0.0        0.0   -3.56718 }    -3.56718
   scf:    3   -23493.134657   -22766.545566   -22766.570192 46.156757 -7.350960 27.008503
     spin moment: {S} , |S| = {        0.0        0.0    2.16799 }     2.16799
   scf:    4   -22794.947434   -22786.004302   -22786.024723  0.326775 -7.341282  7.900436
     spin moment: {S} , |S| = {        0.0        0.0    2.02007 }     2.02007
   scf:    5   -22786.928699   -22786.487510   -22786.507578  0.020183 -7.342063  6.737316
     spin moment: {S} , |S| = {        0.0        0.0    2.01084 }     2.01084
   scf:    6   -22786.972865   -22786.736706   -22786.756565  0.011480 -7.343105  6.047503
     spin moment: {S} , |S| = {        0.0        0.0    2.00605 }     2.00605
   scf:    7   -22786.010625   -22786.385839   -22786.406004  0.015110 -7.341935  6.975036
     spin moment: {S} , |S| = {        0.0        0.0    2.01328 }     2.01328
   scf:    8   -22786.842899   -22786.619496   -22786.639451  0.009624 -7.343100  6.379937
     spin moment: {S} , |S| = {        0.0        0.0    2.00830 }     2.00830
   scf:    9   -22787.861412   -22787.313851   -22787.332996  0.034368 -7.348275  4.113217
     spin moment: {S} , |S| = {        0.0        0.0    1.99133 }     1.99133
   scf:   10   -22787.846730   -22787.805064   -22787.823011  0.057178 -7.357848  0.145039
     spin moment: {S} , |S| = {        0.0        0.0    1.97068 }     1.97068
   scf:   11   -22787.805799   -22787.805908   -22787.823734  0.002964 -7.357922  0.083637
     spin moment: {S} , |S| = {        0.0        0.0    1.96773 }     1.96773
   scf:   12   -22787.806343   -22787.806129   -22787.823910  0.001279 -7.357906  0.068541
     spin moment: {S} , |S| = {        0.0        0.0    1.96672 }     1.96672
   scf:   13   -22787.806892   -22787.806513   -22787.824209  0.002247 -7.357814  0.054079
     spin moment: {S} , |S| = {        0.0        0.0    1.96461 }     1.96461
   scf:   14   -22787.806950   -22787.806739   -22787.824376  0.001467 -7.357848  0.042566
     spin moment: {S} , |S| = {        0.0        0.0    1.96320 }     1.96320
   scf:   15   -22787.807615   -22787.807174   -22787.824687  0.002957 -7.357768  0.025614
     spin moment: {S} , |S| = {        0.0        0.0    1.96025 }     1.96025
   scf:   16   -22787.808967   -22787.807997   -22787.825253  0.004950 -7.358181  0.025700
     spin moment: {S} , |S| = {        0.0        0.0    1.95468 }     1.95468
   scf:   17   -22787.808879   -22787.808410   -22787.825520  0.002999 -7.358404  0.019672
     spin moment: {S} , |S| = {        0.0        0.0    1.95197 }     1.95197
   scf:   18   -22787.809776   -22787.809003   -22787.825875  0.005227 -7.358534  0.008584
     spin moment: {S} , |S| = {        0.0        0.0    1.94965 }     1.94965
   scf:   19   -22787.809320   -22787.809152   -22787.825955  0.001878 -7.358490  0.007100
     spin moment: {S} , |S| = {        0.0        0.0    1.94949 }     1.94949
   scf:   20   -22787.809421   -22787.809278   -22787.826017  0.001781 -7.358320  0.006222
     spin moment: {S} , |S| = {        0.0        0.0    1.94968 }     1.94968
   scf:   21   -22787.809695   -22787.809457   -22787.826096  0.003666 -7.357771  0.004987
     spin moment: {S} , |S| = {        0.0        0.0    1.95155 }     1.95155
   scf:   22   -22787.809509   -22787.809482   -22787.826108  0.000769 -7.357574  0.004107
     spin moment: {S} , |S| = {        0.0        0.0    1.95251 }     1.95251
   scf:   23   -22787.809497   -22787.809489   -22787.826113  0.000386 -7.357493  0.004087
     spin moment: {S} , |S| = {        0.0        0.0    1.95322 }     1.95322

SCF Convergence by DM criterion
max |DM_out - DM_in|         :     0.0003856935
max |H_out - H_in|      (eV) :     0.0040869541
SCF cycle converged after 23 iterations

Using DM_out to compute the final energy and forces
No. of atoms with KB's overlaping orbs in proc 0. Max # of overlaps:     238     949

siesta: E_KS(eV) =           -22787.8095

siesta: Atomic forces (eV/Ang):
     1   -0.000263   -0.000000    0.000003
     2    0.111253    0.000000    0.000001
     3    0.000402    0.000002    0.000001
     4   -0.111438    0.000001   -0.000000
     5   -0.090438   -0.000001   -0.000002
     6    0.222421    0.000000   -0.000003
     7   -0.222221   -0.000000   -0.000001
     8    0.090361    0.000001   -0.000002
----------------------------------------
   Tot    0.000078    0.000002   -0.000004
----------------------------------------
   Max    0.222421
   Res    0.076374    sqrt( Sum f_i^2 / 3N )
----------------------------------------
   Max    0.222421    constrained

Stress tensor Voigt[x,y,z,yz,xz,xy] (kbar):        3.29       -3.07       22.28       -0.00       -0.00        0.00
(Free)E + p*V (eV/cell)   -22788.2509
Target enthalpy (eV/cell)   -22787.8261

siesta: Stress tensor (static) (eV/Ang**3):
         0.002053    0.000000   -0.000000
         0.000000   -0.001914   -0.000000
        -0.000000   -0.000000    0.013907

siesta: Pressure (static):         -7.50183129  kBar

siesta: Stress tensor (total) (eV/Ang**3):
         0.002053    0.000000   -0.000000
         0.000000   -0.001914   -0.000000
        -0.000000   -0.000000    0.013907

siesta: Pressure (total):         -7.50183129  kBar

                     ====================================
                        Begin CG opt. move =     12
                     ====================================
k-point displ. along   1 input, could be:     0.00    0.50
k-point displ. along   2 input, could be:     0.00    0.50
k-point displ. along   3 input, could be:     0.00    0.50
 Kpoints in:           32 . Kpoints trimmed:           31

siesta: k-grid: Number of k-points = 31
siesta: k-points from Monkhorst-Pack grid
siesta: k-cutoff (effective) =     6.754 Ang
siesta: k-point supercell and displacements
siesta: k-grid:     2     0     0      0.000
siesta: k-grid:     0     6     0      0.000
siesta: k-grid:     0     0     4      0.000

superc: Internal auxiliary supercell:     5 x    13 x     9  =     585
superc: Number of atoms, orbitals, and projectors:   4680 115245  84240

outcell: Unit cell vectors (Ang):
       10.246897   -0.000000    0.000000
       -0.000000    2.615272   -0.000000
        0.000000   -0.000000    3.376882

outcell: Cell vector modules (Ang)   :   10.246897    2.615272    3.376882
outcell: Cell angles (23,13,12) (deg):     90.0000     90.0000     90.0000
outcell: Cell volume (Ang**3)        :     90.4951
<dSpData1D:S at geom step 12
  <sparsity:sparsity for geom step 12
    nrows_g=197 nrows=10 sparsity=1.8026 nnzs=69959, refcount: 7>
  <dData1D:(new from dSpData1D) n=69959, refcount: 1>
refcount: 1>
new_DM -- step:    13
Re-using DM from previous geometries...
Number of DMs in history: 1
 DM extrapolation coefficients: 
1   1.00000
New DM after history re-use:
<dSpData2D:SpM extrapolated using coords
  <sparsity:sparsity for geom step 12
    nrows_g=197 nrows=10 sparsity=1.8026 nnzs=69959, refcount: 9>
  <dData2D:(temp array for extrapolation) n=69959 m=2, refcount: 1>
refcount: 1>
No. of atoms with KB's overlaping orbs in proc 0. Max # of overlaps:     238     920

InitMesh: MESH = 108 x 30 x 36 = 116640
InitMesh: Mesh cutoff (required, used) =   300.000   307.019 Ry
New grid distribution [1]: sub = 2
New grid distribution [2]: sub = 2
New grid distribution [3]: sub = 2
Setting up quadratic distribution...

        iscf     Eharris(eV)        E_KS(eV)     FreeEng(eV)     dDmax    Ef(eV) dHmax(eV)
   scf:    1   -22707.334424   -22761.312242   -22761.332751  0.817048 -7.212192 28.755722
     spin moment: {S} , |S| = {        0.0        0.0    1.83447 }     1.83447
   scf:    2    11240.665087   -11634.395411   -11634.426712145.777562 -5.135717540.715636
     spin moment: {S} , |S| = {        0.0        0.0   -2.86298 }    -2.86298
   scf:    3   -24426.042486   -22732.971045   -22732.992988145.672295 -7.307822 43.088756
     spin moment: {S} , |S| = {        0.0        0.0    2.05036 }     2.05036
   scf:    4   -22801.548602   -22786.329304   -22786.345489  0.593780 -7.278718  6.720811
     spin moment: {S} , |S| = {        0.0        0.0    1.92826 }     1.92826
   scf:    5   -22786.695886   -22786.521679   -22786.537921  0.013958 -7.281536  6.235269
     spin moment: {S} , |S| = {        0.0        0.0    1.92621 }     1.92621
   scf:    6   -22787.035377   -22786.787454   -22786.803811  0.015741 -7.287041  5.477154
     spin moment: {S} , |S| = {        0.0        0.0    1.92317 }     1.92317
   scf:    7   -22787.310580   -22787.060515   -22787.076914  0.014312 -7.290981  4.613664
     spin moment: {S} , |S| = {        0.0        0.0    1.91980 }     1.91980
   scf:    8   -22787.849869   -22787.717923   -22787.734937  0.095365 -7.316547  0.435783
     spin moment: {S} , |S| = {        0.0        0.0    1.89981 }     1.89981
   scf:    9   -22787.679226   -22787.714504   -22787.731638  0.030316 -7.322074  0.575851
     spin moment: {S} , |S| = {        0.0        0.0    1.89651 }     1.89651
   scf:   10   -22787.705731   -22787.722321   -22787.739286  0.014796 -7.317793  0.328356
     spin moment: {S} , |S| = {        0.0        0.0    1.89893 }     1.89893
   scf:   11   -22787.727356   -22787.726192   -22787.743152  0.018795 -7.318173  0.039772
     spin moment: {S} , |S| = {        0.0        0.0    1.89662 }     1.89662
   scf:   12   -22787.726625   -22787.726418   -22787.743361  0.003582 -7.318045  0.024148
     spin moment: {S} , |S| = {        0.0        0.0    1.89621 }     1.89621
   scf:   13   -22787.727343   -22787.726859   -22787.743778  0.006111 -7.318459  0.023298
     spin moment: {S} , |S| = {        0.0        0.0    1.89487 }     1.89487
   scf:   14   -22787.728157   -22787.727447   -22787.744327  0.008957 -7.319078  0.025427
     spin moment: {S} , |S| = {        0.0        0.0    1.89276 }     1.89276
   scf:   15   -22787.727759   -22787.727599   -22787.744464  0.001551 -7.319282  0.018788
     spin moment: {S} , |S| = {        0.0        0.0    1.89233 }     1.89233
   scf:   16   -22787.727783   -22787.727689   -22787.744546  0.000908 -7.319343  0.017518
     spin moment: {S} , |S| = {        0.0        0.0    1.89205 }     1.89205
   scf:   17   -22787.728247   -22787.727945   -22787.744778  0.002826 -7.319479  0.013460
     spin moment: {S} , |S| = {        0.0        0.0    1.89147 }     1.89147
   scf:   18   -22787.728907   -22787.728338   -22787.745120  0.006134 -7.319478  0.012961
     spin moment: {S} , |S| = {        0.0        0.0    1.89087 }     1.89087
   scf:   19   -22787.728933   -22787.728567   -22787.745298  0.005030 -7.319401  0.008733
     spin moment: {S} , |S| = {        0.0        0.0    1.89077 }     1.89077
   scf:   20   -22787.728605   -22787.728586   -22787.745316  0.000718 -7.319355  0.008028
     spin moment: {S} , |S| = {        0.0        0.0    1.89123 }     1.89123
   scf:   21   -22787.728714   -22787.728641   -22787.745352  0.002040 -7.319454  0.006026
     spin moment: {S} , |S| = {        0.0        0.0    1.89151 }     1.89151
   scf:   22   -22787.728720   -22787.728676   -22787.745383  0.002576 -7.319613  0.004561
     spin moment: {S} , |S| = {        0.0        0.0    1.89315 }     1.89315
   scf:   23   -22787.728690   -22787.728683   -22787.745390  0.001413 -7.319589  0.003970
     spin moment: {S} , |S| = {        0.0        0.0    1.89387 }     1.89387
   scf:   24   -22787.728689   -22787.728686   -22787.745394  0.000365 -7.319569  0.003754
     spin moment: {S} , |S| = {        0.0        0.0    1.89428 }     1.89428

SCF Convergence by DM criterion
max |DM_out - DM_in|         :     0.0003645333
max |H_out - H_in|      (eV) :     0.0037544888
SCF cycle converged after 24 iterations

Using DM_out to compute the final energy and forces
No. of atoms with KB's overlaping orbs in proc 0. Max # of overlaps:     238     920

siesta: E_KS(eV) =           -22787.7287

siesta: Atomic forces (eV/Ang):
     1   -0.000614   -0.000001    0.000007
     2    0.544220    0.000000    0.000005
     3    0.000643   -0.000000    0.000004
     4   -0.544967   -0.000001    0.000001
     5   -0.245419   -0.000001   -0.000008
     6    0.634513    0.000000   -0.000005
     7   -0.634276    0.000000   -0.000002
     8    0.246205    0.000001   -0.000006
----------------------------------------
   Tot    0.000304   -0.000001   -0.000003
----------------------------------------
   Max    0.634513
   Res    0.251572    sqrt( Sum f_i^2 / 3N )
----------------------------------------
   Max    0.634513    constrained

Stress tensor Voigt[x,y,z,yz,xz,xy] (kbar):      -11.61       43.44      -14.35       -0.00        0.00        0.00
(Free)E + p*V (eV/cell)   -22788.0746
Target enthalpy (eV/cell)   -22787.7454

siesta: Stress tensor (static) (eV/Ang**3):
        -0.007245    0.000000    0.000000
         0.000000    0.027116   -0.000000
         0.000000   -0.000000   -0.008959

siesta: Pressure (static):         -5.82769727  kBar

siesta: Stress tensor (total) (eV/Ang**3):
        -0.007245    0.000000    0.000000
         0.000000    0.027116   -0.000000
         0.000000   -0.000000   -0.008959

siesta: Pressure (total):         -5.82769727  kBar

                     ====================================
                        Begin CG opt. move =     13
                     ====================================
k-point displ. along   1 input, could be:     0.00    0.50
k-point displ. along   2 input, could be:     0.00    0.50
k-point displ. along   3 input, could be:     0.00    0.50
 Kpoints in:           32 . Kpoints trimmed:           31

siesta: k-grid: Number of k-points = 31
siesta: k-points from Monkhorst-Pack grid
siesta: k-cutoff (effective) =     6.902 Ang
siesta: k-point supercell and displacements
siesta: k-grid:     2     0     0      0.000
siesta: k-grid:     0     6     0      0.000
siesta: k-grid:     0     0     4      0.000

superc: Internal auxiliary supercell:     5 x    13 x     9  =     585
superc: Number of atoms, orbitals, and projectors:   4680 115245  84240

outcell: Unit cell vectors (Ang):
       10.231136   -0.000000    0.000000
       -0.000000    2.569312   -0.000000
        0.000000   -0.000000    3.450896

outcell: Cell vector modules (Ang)   :   10.231136    2.569312    3.450896
outcell: Cell angles (23,13,12) (deg):     90.0000     90.0000     90.0000
outcell: Cell volume (Ang**3)        :     90.7136
<dSpData1D:S at geom step 13
  <sparsity:sparsity for geom step 13
    nrows_g=197 nrows=10 sparsity=1.8042 nnzs=70021, refcount: 7>
  <dData1D:(new from dSpData1D) n=70021, refcount: 1>
refcount: 1>
new_DM -- step:    14
Re-using DM from previous geometries...
Number of DMs in history: 1
 DM extrapolation coefficients: 
1   1.00000
New DM after history re-use:
<dSpData2D:SpM extrapolated using coords
  <sparsity:sparsity for geom step 13
    nrows_g=197 nrows=10 sparsity=1.8042 nnzs=70021, refcount: 9>
  <dData2D:(temp array for extrapolation) n=70021 m=2, refcount: 1>
refcount: 1>
No. of atoms with KB's overlaping orbs in proc 0. Max # of overlaps:     238     949

InitMesh: MESH = 108 x 30 x 36 = 116640
InitMesh: Mesh cutoff (required, used) =   300.000   300.776 Ry
New grid distribution [1]: sub = 2
New grid distribution [2]: sub = 2
New grid distribution [3]: sub = 2
Setting up quadratic distribution...

        iscf     Eharris(eV)        E_KS(eV)     FreeEng(eV)     dDmax    Ef(eV) dHmax(eV)
   scf:    1   -22664.724861   -22746.909857   -22746.936091  0.903421 -7.424976 34.211599
     spin moment: {S} , |S| = {        0.0        0.0    1.90059 }     1.90059
   scf:    2      168.798952   -15393.797679   -15393.806130252.164681 -9.084259430.483523
     spin moment: {S} , |S| = {        0.0        0.0   -3.40600 }    -3.40600
   scf:    3   -24887.637627   -22497.756385   -22497.787757251.441193 -7.250953 94.730948
     spin moment: {S} , |S| = {        0.0        0.0    1.66740 }     1.66740
   scf:    4   -22880.688789   -22770.203124   -22770.224578  1.015146 -7.340423 22.793526
     spin moment: {S} , |S| = {        0.0        0.0    2.00592 }     2.00592
   scf:    5   -22789.034443   -22780.794005   -22780.813005  0.129894 -7.369627 14.218981
     spin moment: {S} , |S| = {        0.0        0.0    1.94313 }     1.94313
   scf:    6   -22783.785173   -22782.337257   -22782.355749  0.021075 -7.371538 12.702378
     spin moment: {S} , |S| = {        0.0        0.0    1.93653 }     1.93653
   scf:    7   -22787.375368   -22785.095551   -22785.112747  0.045593 -7.371860  9.233916
     spin moment: {S} , |S| = {        0.0        0.0    1.92848 }     1.92848
   scf:    8   -22787.534793   -22786.424190   -22786.440694  0.036645 -7.368971  6.668023
     spin moment: {S} , |S| = {        0.0        0.0    1.93138 }     1.93138
   scf:    9   -22787.861139   -22787.228414   -22787.244545  0.037873 -7.366498  4.167286
     spin moment: {S} , |S| = {        0.0        0.0    1.93854 }     1.93854
   scf:   10   -22787.373833   -22787.761764   -22787.778339  0.076196 -7.359777  1.223172
     spin moment: {S} , |S| = {        0.0        0.0    1.95256 }     1.95256
   scf:   11   -22787.810577   -22787.806832   -22787.823191  0.016529 -7.361233  0.065794
     spin moment: {S} , |S| = {        0.0        0.0    1.95138 }     1.95138
   scf:   12   -22787.805655   -22787.806548   -22787.822974  0.007067 -7.359699  0.216684
     spin moment: {S} , |S| = {        0.0        0.0    1.95756 }     1.95756
   scf:   13   -22787.808487   -22787.808110   -22787.824566  0.008274 -7.358508  0.037591
     spin moment: {S} , |S| = {        0.0        0.0    1.96359 }     1.96359
   scf:   14   -22787.808496   -22787.808316   -22787.824801  0.001984 -7.358252  0.027601
     spin moment: {S} , |S| = {        0.0        0.0    1.96593 }     1.96593
   scf:   15   -22787.809530   -22787.808840   -22787.825392  0.006905 -7.357702  0.014282
     spin moment: {S} , |S| = {        0.0        0.0    1.97316 }     1.97316
   scf:   16   -22787.809262   -22787.809029   -22787.825617  0.003279 -7.357391  0.014021
     spin moment: {S} , |S| = {        0.0        0.0    1.97657 }     1.97657
   scf:   17   -22787.809255   -22787.809134   -22787.825740  0.001537 -7.357073  0.014347
     spin moment: {S} , |S| = {        0.0        0.0    1.97813 }     1.97813
   scf:   18   -22787.809303   -22787.809212   -22787.825836  0.001369 -7.356777  0.013409
     spin moment: {S} , |S| = {        0.0        0.0    1.97939 }     1.97939
   scf:   19   -22787.809423   -22787.809303   -22787.825951  0.001997 -7.356233  0.013119
     spin moment: {S} , |S| = {        0.0        0.0    1.98070 }     1.98070
   scf:   20   -22787.809564   -22787.809393   -22787.826082  0.003214 -7.355316  0.007473
     spin moment: {S} , |S| = {        0.0        0.0    1.98236 }     1.98236
   scf:   21   -22787.809456   -22787.809414   -22787.826121  0.001680 -7.354846  0.005189
     spin moment: {S} , |S| = {        0.0        0.0    1.98238 }     1.98238
   scf:   22   -22787.809428   -22787.809420   -22787.826130  0.000571 -7.354826  0.004333
     spin moment: {S} , |S| = {        0.0        0.0    1.98178 }     1.98178
   scf:   23   -22787.809441   -22787.809430   -22787.826139  0.000704 -7.354949  0.003737
     spin moment: {S} , |S| = {        0.0        0.0    1.98046 }     1.98046
   scf:   24   -22787.809453   -22787.809440   -22787.826148  0.000902 -7.355013  0.003257
     spin moment: {S} , |S| = {        0.0        0.0    1.97875 }     1.97875
   scf:   25   -22787.809449   -22787.809445   -22787.826151  0.000296 -7.355042  0.002918
     spin moment: {S} , |S| = {        0.0        0.0    1.97801 }     1.97801

SCF Convergence by DM criterion
max |DM_out - DM_in|         :     0.0002960268
max |H_out - H_in|      (eV) :     0.0029176603
SCF cycle converged after 25 iterations

Using DM_out to compute the final energy and forces
No. of atoms with KB's overlaping orbs in proc 0. Max # of overlaps:     238     949

siesta: E_KS(eV) =           -22787.8094

siesta: Atomic forces (eV/Ang):
     1   -0.000042   -0.000001    0.000006
     2    0.114720    0.000001    0.000002
     3    0.000176    0.000001    0.000001
     4   -0.114909    0.000001    0.000001
     5   -0.090042    0.000000   -0.000002
     6    0.219901    0.000001   -0.000002
     7   -0.219965    0.000000   -0.000001
     8    0.090241    0.000002   -0.000003
----------------------------------------
   Tot    0.000081    0.000005    0.000004
----------------------------------------
   Max    0.219965
   Res    0.076201    sqrt( Sum f_i^2 / 3N )
----------------------------------------
   Max    0.219965    constrained

Stress tensor Voigt[x,y,z,yz,xz,xy] (kbar):        2.59       -3.38       21.35       -0.00       -0.00        0.00
(Free)E + p*V (eV/cell)   -22788.2142
Target enthalpy (eV/cell)   -22787.8262

siesta: Stress tensor (static) (eV/Ang**3):
         0.001616   -0.000000   -0.000000
         0.000000   -0.002107    0.000000
        -0.000000   -0.000000    0.013325

siesta: Pressure (static):         -6.85414939  kBar

siesta: Stress tensor (total) (eV/Ang**3):
         0.001616   -0.000000   -0.000000
         0.000000   -0.002107    0.000000
        -0.000000   -0.000000    0.013325

siesta: Pressure (total):         -6.85414939  kBar

cgvc: Finished line minimization    5.  Mean atomic displacement =    0.0779

                     ====================================
                        Begin CG opt. move =     14
                     ====================================
k-point displ. along   1 input, could be:     0.00    0.50
k-point displ. along   2 input, could be:     0.00    0.50
k-point displ. along   3 input, could be:     0.00    0.50
 Kpoints in:           32 . Kpoints trimmed:           31

siesta: k-grid: Number of k-points = 31
siesta: k-points from Monkhorst-Pack grid
siesta: k-cutoff (effective) =     6.770 Ang
siesta: k-point supercell and displacements
siesta: k-grid:     2     0     0      0.000
siesta: k-grid:     0     6     0      0.000
siesta: k-grid:     0     0     4      0.000

superc: Internal auxiliary supercell:     5 x    13 x     9  =     585
superc: Number of atoms, orbitals, and projectors:   4680 115245  84240

outcell: Unit cell vectors (Ang):
       10.225532   -0.000000    0.000001
       -0.000000    2.592235   -0.000000
        0.000000   -0.000000    3.385033

outcell: Cell vector modules (Ang)   :   10.225532    2.592235    3.385033
outcell: Cell angles (23,13,12) (deg):     90.0000     90.0000     90.0000
outcell: Cell volume (Ang**3)        :     89.7270
<dSpData1D:S at geom step 14
  <sparsity:sparsity for geom step 14
    nrows_g=197 nrows=10 sparsity=1.8067 nnzs=70117, refcount: 7>
  <dData1D:(new from dSpData1D) n=70117, refcount: 1>
refcount: 1>
new_DM -- step:    15
Re-using DM from previous geometries...
Number of DMs in history: 1
 DM extrapolation coefficients: 
1   1.00000
New DM after history re-use:
<dSpData2D:SpM extrapolated using coords
  <sparsity:sparsity for geom step 14
    nrows_g=197 nrows=10 sparsity=1.8067 nnzs=70117, refcount: 9>
  <dData2D:(temp array for extrapolation) n=70117 m=2, refcount: 1>
refcount: 1>
No. of atoms with KB's overlaping orbs in proc 0. Max # of overlaps:     238     920

InitMesh: MESH = 108 x 30 x 36 = 116640
InitMesh: Mesh cutoff (required, used) =   300.000   308.303 Ry
New grid distribution [1]: sub = 2
New grid distribution [2]: sub = 2
New grid distribution [3]: sub = 2
Setting up quadratic distribution...

        iscf     Eharris(eV)        E_KS(eV)     FreeEng(eV)     dDmax    Ef(eV) dHmax(eV)
   scf:    1   -22778.753491   -22785.489877   -22785.502091  0.874834 -7.275542  6.048467
     spin moment: {S} , |S| = {        0.0        0.0    2.12940 }     2.12940
   scf:    2   -15496.181409   -20384.081599   -20384.097484  2.366789 -9.058008227.977513
     spin moment: {S} , |S| = {        0.0        0.0   -2.70151 }    -2.70151
   scf:    3   -22833.577780   -22787.662085   -22787.677590  2.292058 -7.312271  1.859711
     spin moment: {S} , |S| = {        0.0        0.0    2.07890 }     2.07890
   scf:    4   -22787.809752   -22787.777234   -22787.792140  0.036868 -7.320466  0.631534
     spin moment: {S} , |S| = {        0.0        0.0    2.09504 }     2.09504
   scf:    5   -22787.770776   -22787.788173   -22787.802698  0.102301 -7.355467  0.655913
     spin moment: {S} , |S| = {        0.0        0.0    2.10791 }     2.10791
   scf:    6   -22787.793773   -22787.797618   -22787.812136  0.041295 -7.367787  0.540639
     spin moment: {S} , |S| = {        0.0        0.0    2.11099 }     2.11099
   scf:    7   -22787.804327   -22787.805492   -22787.820163  0.015394 -7.361603  0.144141
     spin moment: {S} , |S| = {        0.0        0.0    2.10831 }     2.10831
   scf:    8   -22787.805946   -22787.806323   -22787.820950  0.022892 -7.363232  0.116679
     spin moment: {S} , |S| = {        0.0        0.0    2.11709 }     2.11709
   scf:    9   -22787.806654   -22787.806864   -22787.821509  0.007246 -7.365079  0.058380
     spin moment: {S} , |S| = {        0.0        0.0    2.11936 }     2.11936
   scf:   10   -22787.807295   -22787.807128   -22787.821735  0.003087 -7.365677  0.030740
     spin moment: {S} , |S| = {        0.0        0.0    2.12281 }     2.12281
   scf:   11   -22787.808433   -22787.807721   -22787.822272  0.010469 -7.366273  0.021447
     spin moment: {S} , |S| = {        0.0        0.0    2.13361 }     2.13361
   scf:   12   -22787.807863   -22787.807790   -22787.822340  0.001270 -7.366465  0.022619
     spin moment: {S} , |S| = {        0.0        0.0    2.13495 }     2.13495
   scf:   13   -22787.808222   -22787.807985   -22787.822544  0.003824 -7.367222  0.017417
     spin moment: {S} , |S| = {        0.0        0.0    2.13882 }     2.13882
   scf:   14   -22787.808611   -22787.808230   -22787.822816  0.007398 -7.368423  0.012497
     spin moment: {S} , |S| = {        0.0        0.0    2.14491 }     2.14491
   scf:   15   -22787.808326   -22787.808272   -22787.822873  0.002181 -7.368699  0.010106
     spin moment: {S} , |S| = {        0.0        0.0    2.14629 }     2.14629
   scf:   16   -22787.808384   -22787.808306   -22787.822956  0.004202 -7.368977  0.007250
     spin moment: {S} , |S| = {        0.0        0.0    2.14770 }     2.14770
   scf:   17   -22787.808313   -22787.808307   -22787.822977  0.001510 -7.369130  0.005161
     spin moment: {S} , |S| = {        0.0        0.0    2.14806 }     2.14806
   scf:   18   -22787.808294   -22787.808299   -22787.822993  0.001349 -7.369253  0.003922
     spin moment: {S} , |S| = {        0.0        0.0    2.14802 }     2.14802
   scf:   19   -22787.808275   -22787.808286   -22787.823002  0.000894 -7.369412  0.003507
     spin moment: {S} , |S| = {        0.0        0.0    2.14760 }     2.14760
   scf:   20   -22787.808221   -22787.808252   -22787.823013  0.000965 -7.369632  0.002842
     spin moment: {S} , |S| = {        0.0        0.0    2.14581 }     2.14581
   scf:   21   -22787.808148   -22787.808196   -22787.823024  0.001795 -7.370055  0.001398
     spin moment: {S} , |S| = {        0.0        0.0    2.14336 }     2.14336
   scf:   22   -22787.808145   -22787.808170   -22787.823026  0.000739 -7.370195  0.001169
     spin moment: {S} , |S| = {        0.0        0.0    2.14225 }     2.14225
   scf:   23   -22787.808151   -22787.808161   -22787.823027  0.000288 -7.370244  0.000947
     spin moment: {S} , |S| = {        0.0        0.0    2.14184 }     2.14184

SCF Convergence by DM criterion
max |DM_out - DM_in|         :     0.0002876315
max |H_out - H_in|      (eV) :     0.0009466423
SCF cycle converged after 23 iterations

Using DM_out to compute the final energy and forces
No. of atoms with KB's overlaping orbs in proc 0. Max # of overlaps:     238     920

siesta: E_KS(eV) =           -22787.8082

siesta: Atomic forces (eV/Ang):
     1   -0.000124    0.000003   -0.000014
     2    0.108579   -0.000002   -0.000002
     3   -0.000358    0.000001   -0.000005
     4   -0.108339   -0.000001   -0.000004
     5    0.219034   -0.000000    0.000007
     6   -0.251088   -0.000002    0.000005
     7    0.251516    0.000002    0.000002
     8   -0.219323   -0.000003    0.000011
----------------------------------------
   Tot   -0.000103   -0.000001   -0.000001
----------------------------------------
   Max    0.251516
   Res    0.101224    sqrt( Sum f_i^2 / 3N )
----------------------------------------
   Max    0.251516    constrained

Stress tensor Voigt[x,y,z,yz,xz,xy] (kbar):      -26.82        4.96      -22.90       -0.00        0.00       -0.00
(Free)E + p*V (eV/cell)   -22786.9875
Target enthalpy (eV/cell)   -22787.8230

siesta: Stress tensor (static) (eV/Ang**3):
        -0.016739   -0.000000    0.000000
        -0.000000    0.003096   -0.000000
         0.000000   -0.000000   -0.014293

siesta: Pressure (static):         14.91942284  kBar

siesta: Stress tensor (total) (eV/Ang**3):
        -0.016739   -0.000000    0.000000
        -0.000000    0.003096   -0.000000
         0.000000   -0.000000   -0.014293

siesta: Pressure (total):         14.91942284  kBar

                     ====================================
                        Begin CG opt. move =     15
                     ====================================
k-point displ. along   1 input, could be:     0.00    0.50
k-point displ. along   2 input, could be:     0.00    0.50
k-point displ. along   3 input, could be:     0.00    0.50
 Kpoints in:           32 . Kpoints trimmed:           31

siesta: k-grid: Number of k-points = 31
siesta: k-points from Monkhorst-Pack grid
siesta: k-cutoff (effective) =     6.841 Ang
siesta: k-point supercell and displacements
siesta: k-grid:     2     0     0      0.000
siesta: k-grid:     0     6     0      0.000
siesta: k-grid:     0     0     4      0.000

superc: Internal auxiliary supercell:     5 x    13 x     9  =     585
superc: Number of atoms, orbitals, and projectors:   4680 115245  84240

outcell: Unit cell vectors (Ang):
       10.228566   -0.000000    0.000000
       -0.000000    2.579826   -0.000000
        0.000000   -0.000000    3.420686

outcell: Cell vector modules (Ang)   :   10.228566    2.579826    3.420686
outcell: Cell angles (23,13,12) (deg):     90.0000     90.0000     90.0000
outcell: Cell volume (Ang**3)        :     90.2648
<dSpData1D:S at geom step 15
  <sparsity:sparsity for geom step 15
    nrows_g=197 nrows=10 sparsity=1.7896 nnzs=69453, refcount: 7>
  <dData1D:(new from dSpData1D) n=69453, refcount: 1>
refcount: 1>
new_DM -- step:    16
Re-using DM from previous geometries...
Number of DMs in history: 1
 DM extrapolation coefficients: 
1   1.00000
New DM after history re-use:
<dSpData2D:SpM extrapolated using coords
  <sparsity:sparsity for geom step 15
    nrows_g=197 nrows=10 sparsity=1.7896 nnzs=69453, refcount: 9>
  <dData2D:(temp array for extrapolation) n=69453 m=2, refcount: 1>
refcount: 1>
No. of atoms with KB's overlaping orbs in proc 0. Max # of overlaps:     230     920

InitMesh: MESH = 108 x 30 x 36 = 116640
InitMesh: Mesh cutoff (required, used) =   300.000   306.112 Ry
New grid distribution [1]: sub = 2
New grid distribution [2]: sub = 2
New grid distribution [3]: sub = 2
Setting up quadratic distribution...

        iscf     Eharris(eV)        E_KS(eV)     FreeEng(eV)     dDmax    Ef(eV) dHmax(eV)
   scf:    1   -22785.623245   -22786.743608   -22786.761922  0.422196 -7.413985  4.138832
     spin moment: {S} , |S| = {        0.0        0.0    2.07992 }     2.07992
   scf:    2   -18329.144059   -21314.974439   -21314.985425  7.365025 -6.173330186.603695
     spin moment: {S} , |S| = {        0.0        0.0   -2.00073 }    -2.00073
   scf:    3   -22810.486574   -22787.691503   -22787.707290  7.285697 -7.389456  1.691309
     spin moment: {S} , |S| = {        0.0        0.0    2.07249 }     2.07249
   scf:    4   -22787.848328   -22787.806559   -22787.822715  0.029685 -7.385912  0.451313
     spin moment: {S} , |S| = {        0.0        0.0    2.06266 }     2.06266
   scf:    5   -22787.771926   -22787.805488   -22787.821976  0.054387 -7.366784  0.435109
     spin moment: {S} , |S| = {        0.0        0.0    2.05342 }     2.05342
   scf:    6   -22787.822432   -22787.815568   -22787.831932  0.007731 -7.364782  0.220784
     spin moment: {S} , |S| = {        0.0        0.0    2.05232 }     2.05232
   scf:    7   -22787.820563   -22787.818705   -22787.834988  0.003544 -7.365219  0.103695
     spin moment: {S} , |S| = {        0.0        0.0    2.05244 }     2.05244
   scf:    8   -22787.819622   -22787.819333   -22787.835570  0.001925 -7.365462  0.045618
     spin moment: {S} , |S| = {        0.0        0.0    2.05231 }     2.05231
   scf:    9   -22787.820177   -22787.819797   -22787.835927  0.011709 -7.365717  0.020857
     spin moment: {S} , |S| = {        0.0        0.0    2.04730 }     2.04730
   scf:   10   -22787.819906   -22787.819853   -22787.835963  0.001039 -7.365595  0.018391
     spin moment: {S} , |S| = {        0.0        0.0    2.04614 }     2.04614
   scf:   11   -22787.820454   -22787.820133   -22787.836156  0.004819 -7.364905  0.013818
     spin moment: {S} , |S| = {        0.0        0.0    2.03930 }     2.03930
   scf:   12   -22787.820309   -22787.820218   -22787.836209  0.001601 -7.364665  0.013108
     spin moment: {S} , |S| = {        0.0        0.0    2.03708 }     2.03708
   scf:   13   -22787.820280   -22787.820248   -22787.836227  0.000550 -7.364589  0.012257
     spin moment: {S} , |S| = {        0.0        0.0    2.03644 }     2.03644
   scf:   14   -22787.820577   -22787.820399   -22787.836314  0.002885 -7.364154  0.008750
     spin moment: {S} , |S| = {        0.0        0.0    2.03416 }     2.03416
   scf:   15   -22787.820882   -22787.820598   -22787.836406  0.004989 -7.363422  0.005324
     spin moment: {S} , |S| = {        0.0        0.0    2.03040 }     2.03040
   scf:   16   -22787.820612   -22787.820605   -22787.836409  0.000203 -7.363391  0.003894
     spin moment: {S} , |S| = {        0.0        0.0    2.03051 }     2.03051

SCF Convergence by DM criterion
max |DM_out - DM_in|         :     0.0002025200
max |H_out - H_in|      (eV) :     0.0038938278
SCF cycle converged after 16 iterations

Using DM_out to compute the final energy and forces
No. of atoms with KB's overlaping orbs in proc 0. Max # of overlaps:     230     920

siesta: E_KS(eV) =           -22787.8206

siesta: Atomic forces (eV/Ang):
     1    0.000188    0.000002   -0.000005
     2    0.114031    0.000000   -0.000001
     3   -0.000228    0.000000   -0.000002
     4   -0.114118    0.000000   -0.000001
     5    0.055377   -0.000000    0.000002
     6    0.018933   -0.000000   -0.000001
     7   -0.019086    0.000001   -0.000000
     8   -0.055134   -0.000000    0.000006
----------------------------------------
   Tot   -0.000037    0.000003   -0.000002
----------------------------------------
   Max    0.114118
   Res    0.037000    sqrt( Sum f_i^2 / 3N )
----------------------------------------
   Max    0.114118    constrained

Stress tensor Voigt[x,y,z,yz,xz,xy] (kbar):       -9.01        1.84        2.03       -0.00        0.00       -0.00
(Free)E + p*V (eV/cell)   -22787.7401
Target enthalpy (eV/cell)   -22787.8364

siesta: Stress tensor (static) (eV/Ang**3):
        -0.005622   -0.000000    0.000000
        -0.000000    0.001151   -0.000000
         0.000000   -0.000000    0.001269

siesta: Pressure (static):          1.70988882  kBar

siesta: Stress tensor (total) (eV/Ang**3):
        -0.005622   -0.000000    0.000000
        -0.000000    0.001151   -0.000000
         0.000000   -0.000000    0.001269

siesta: Pressure (total):          1.70988882  kBar

cgvc: Finished line minimization    6.  Mean atomic displacement =    0.0357

                     ====================================
                        Begin CG opt. move =     16
                     ====================================
k-point displ. along   1 input, could be:     0.00    0.50
k-point displ. along   2 input, could be:     0.00    0.50
k-point displ. along   3 input, could be:     0.00    0.50
 Kpoints in:           32 . Kpoints trimmed:           31

siesta: k-grid: Number of k-points = 31
siesta: k-points from Monkhorst-Pack grid
siesta: k-cutoff (effective) =     6.820 Ang
siesta: k-point supercell and displacements
siesta: k-grid:     2     0     0      0.000
siesta: k-grid:     0     6     0      0.000
siesta: k-grid:     0     0     4      0.000

superc: Internal auxiliary supercell:     5 x    13 x     9  =     585
superc: Number of atoms, orbitals, and projectors:   4680 115245  84240

outcell: Unit cell vectors (Ang):
       10.276712    0.000000   -0.000000
        0.000000    2.579665   -0.000000
       -0.000000   -0.000000    3.410098

outcell: Cell vector modules (Ang)   :   10.276712    2.579665    3.410098
outcell: Cell angles (23,13,12) (deg):     90.0000     90.0000     90.0000
outcell: Cell volume (Ang**3)        :     90.4033
<dSpData1D:S at geom step 16
  <sparsity:sparsity for geom step 16
    nrows_g=197 nrows=10 sparsity=1.7810 nnzs=69117, refcount: 7>
  <dData1D:(new from dSpData1D) n=69117, refcount: 1>
refcount: 1>
new_DM -- step:    17
Re-using DM from previous geometries...
Number of DMs in history: 1
 DM extrapolation coefficients: 
1   1.00000
New DM after history re-use:
<dSpData2D:SpM extrapolated using coords
  <sparsity:sparsity for geom step 16
    nrows_g=197 nrows=10 sparsity=1.7810 nnzs=69117, refcount: 9>
  <dData2D:(temp array for extrapolation) n=69117 m=2, refcount: 1>
refcount: 1>
No. of atoms with KB's overlaping orbs in proc 0. Max # of overlaps:     230     920

InitMesh: MESH = 108 x 30 x 36 = 116640
InitMesh: Mesh cutoff (required, used) =   300.000   305.240 Ry
New grid distribution [1]: sub = 2
New grid distribution [2]: sub = 2
New grid distribution [3]: sub = 2
Setting up quadratic distribution...

        iscf     Eharris(eV)        E_KS(eV)     FreeEng(eV)     dDmax    Ef(eV) dHmax(eV)
   scf:    1   -22787.368563   -22787.789755   -22787.804765  0.261147 -7.336896  0.891810
     spin moment: {S} , |S| = {        0.0        0.0    2.12026 }     2.12026
   scf:    2   -22662.316589   -22746.288962   -22746.313896  0.736541 -7.447009 30.145829
     spin moment: {S} , |S| = {        0.0        0.0    2.26069 }     2.26069
   scf:    3   -22787.996933   -22787.814765   -22787.829871  0.727501 -7.344791  0.496113
     spin moment: {S} , |S| = {        0.0        0.0    2.12095 }     2.12095
   scf:    4   -22787.821843   -22787.820096   -22787.835120  0.009207 -7.347589  0.333233
     spin moment: {S} , |S| = {        0.0        0.0    2.12275 }     2.12275
   scf:    5   -22787.821829   -22787.821604   -22787.836606  0.005401 -7.349199  0.253984
     spin moment: {S} , |S| = {        0.0        0.0    2.12367 }     2.12367
   scf:    6   -22787.823557   -22787.823543   -22787.838488  0.019028 -7.355792  0.059244
     spin moment: {S} , |S| = {        0.0        0.0    2.12803 }     2.12803
   scf:    7   -22787.823758   -22787.823658   -22787.838596  0.001606 -7.356039  0.040211
     spin moment: {S} , |S| = {        0.0        0.0    2.12975 }     2.12975
   scf:    8   -22787.824007   -22787.823929   -22787.838863  0.007913 -7.355848  0.053044
     spin moment: {S} , |S| = {        0.0        0.0    2.14059 }     2.14059
   scf:    9   -22787.824126   -22787.824042   -22787.838980  0.001882 -7.355699  0.026349
     spin moment: {S} , |S| = {        0.0        0.0    2.14358 }     2.14358
   scf:   10   -22787.824111   -22787.824079   -22787.839021  0.001111 -7.355571  0.012134
     spin moment: {S} , |S| = {        0.0        0.0    2.14542 }     2.14542
   scf:   11   -22787.824149   -22787.824114   -22787.839058  0.001472 -7.355400  0.010280
     spin moment: {S} , |S| = {        0.0        0.0    2.14781 }     2.14781
   scf:   12   -22787.824473   -22787.824262   -22787.839231  0.008636 -7.354452  0.008324
     spin moment: {S} , |S| = {        0.0        0.0    2.16216 }     2.16216
   scf:   13   -22787.824331   -22787.824292   -22787.839277  0.003062 -7.354160  0.007764
     spin moment: {S} , |S| = {        0.0        0.0    2.16784 }     2.16784
   scf:   14   -22787.824302   -22787.824296   -22787.839293  0.000793 -7.354125  0.007417
     spin moment: {S} , |S| = {        0.0        0.0    2.16989 }     2.16989
   scf:   15   -22787.824302   -22787.824294   -22787.839323  0.001639 -7.354119  0.005040
     spin moment: {S} , |S| = {        0.0        0.0    2.17466 }     2.17466
   scf:   16   -22787.824279   -22787.824285   -22787.839336  0.001097 -7.354043  0.003356
     spin moment: {S} , |S| = {        0.0        0.0    2.17779 }     2.17779
   scf:   17   -22787.824261   -22787.824272   -22787.839341  0.000714 -7.353978  0.001986
     spin moment: {S} , |S| = {        0.0        0.0    2.17925 }     2.17925
   scf:   18   -22787.824250   -22787.824261   -22787.839344  0.000505 -7.353901  0.001354
     spin moment: {S} , |S| = {        0.0        0.0    2.17992 }     2.17992
   scf:   19   -22787.824255   -22787.824258   -22787.839345  0.000100 -7.353885  0.001233
     spin moment: {S} , |S| = {        0.0        0.0    2.17994 }     2.17994

SCF Convergence by DM criterion
max |DM_out - DM_in|         :     0.0000999277
max |H_out - H_in|      (eV) :     0.0012333327
SCF cycle converged after 19 iterations

Using DM_out to compute the final energy and forces
No. of atoms with KB's overlaping orbs in proc 0. Max # of overlaps:     230     920

siesta: E_KS(eV) =           -22787.8243

siesta: Atomic forces (eV/Ang):
     1   -0.000399   -0.000002    0.000019
     2   -0.115788   -0.000000    0.000001
     3    0.000707   -0.000001    0.000003
     4    0.116068   -0.000000    0.000005
     5    0.029737    0.000002   -0.000007
     6    0.022402   -0.000000   -0.000002
     7   -0.022076   -0.000001   -0.000003
     8   -0.030273    0.000003   -0.000018
----------------------------------------
   Tot    0.000379   -0.000001   -0.000001
----------------------------------------
   Max    0.116068
   Res    0.035160    sqrt( Sum f_i^2 / 3N )
----------------------------------------
   Max    0.116068    constrained

Stress tensor Voigt[x,y,z,yz,xz,xy] (kbar):       -2.69       -2.89        1.05       -0.00       -0.00        0.00
(Free)E + p*V (eV/cell)   -22787.7542
Target enthalpy (eV/cell)   -22787.8393

siesta: Stress tensor (static) (eV/Ang**3):
        -0.001677    0.000000   -0.000000
         0.000000   -0.001802   -0.000000
        -0.000000   -0.000000    0.000653

siesta: Pressure (static):          1.50904158  kBar

siesta: Stress tensor (total) (eV/Ang**3):
        -0.001677    0.000000   -0.000000
         0.000000   -0.001802   -0.000000
        -0.000000   -0.000000    0.000653

siesta: Pressure (total):          1.50904158  kBar

                     ====================================
                        Begin CG opt. move =     17
                     ====================================
k-point displ. along   1 input, could be:     0.00    0.50
k-point displ. along   2 input, could be:     0.00    0.50
k-point displ. along   3 input, could be:     0.00    0.50
 Kpoints in:           32 . Kpoints trimmed:           31

siesta: k-grid: Number of k-points = 31
siesta: k-points from Monkhorst-Pack grid
siesta: k-cutoff (effective) =     6.827 Ang
siesta: k-point supercell and displacements
siesta: k-grid:     2     0     0      0.000
siesta: k-grid:     0     6     0      0.000
siesta: k-grid:     0     0     4      0.000

superc: Internal auxiliary supercell:     5 x    13 x     9  =     585
superc: Number of atoms, orbitals, and projectors:   4680 115245  84240

outcell: Unit cell vectors (Ang):
       10.262029    0.000000   -0.000000
        0.000000    2.579714   -0.000000
       -0.000000   -0.000000    3.413327

outcell: Cell vector modules (Ang)   :   10.262029    2.579714    3.413327
outcell: Cell angles (23,13,12) (deg):     90.0000     90.0000     90.0000
outcell: Cell volume (Ang**3)        :     90.3613
<dSpData1D:S at geom step 17
  <sparsity:sparsity for geom step 17
    nrows_g=197 nrows=10 sparsity=1.7781 nnzs=69005, refcount: 7>
  <dData1D:(new from dSpData1D) n=69005, refcount: 1>
refcount: 1>
new_DM -- step:    18
Re-using DM from previous geometries...
Number of DMs in history: 1
 DM extrapolation coefficients: 
1   1.00000
New DM after history re-use:
<dSpData2D:SpM extrapolated using coords
  <sparsity:sparsity for geom step 17
    nrows_g=197 nrows=10 sparsity=1.7781 nnzs=69005, refcount: 9>
  <dData2D:(temp array for extrapolation) n=69005 m=2, refcount: 1>
refcount: 1>
No. of atoms with KB's overlaping orbs in proc 0. Max # of overlaps:     230     920

InitMesh: MESH = 108 x 30 x 36 = 116640
InitMesh: Mesh cutoff (required, used) =   300.000   306.114 Ry
New grid distribution [1]: sub = 2
New grid distribution [2]: sub = 2
New grid distribution [3]: sub = 2
Setting up quadratic distribution...

        iscf     Eharris(eV)        E_KS(eV)     FreeEng(eV)     dDmax    Ef(eV) dHmax(eV)
   scf:    1   -22787.921331   -22787.819174   -22787.834854  0.040544 -7.362708  0.351091
     spin moment: {S} , |S| = {        0.0        0.0    2.15870 }     2.15870
   scf:    2   -22770.618678   -22782.138724   -22782.154201  0.254662 -7.308165 11.119660
     spin moment: {S} , |S| = {        0.0        0.0    2.13984 }     2.13984
   scf:    3   -22787.895530   -22787.823717   -22787.839319  0.244217 -7.359759  0.144020
     spin moment: {S} , |S| = {        0.0        0.0    2.15876 }     2.15876
   scf:    4   -22787.824322   -22787.824173   -22787.839805  0.002888 -7.358823  0.091508
     spin moment: {S} , |S| = {        0.0        0.0    2.15831 }     2.15831
   scf:    5   -22787.824140   -22787.824231   -22787.839870  0.002495 -7.358006  0.065295
     spin moment: {S} , |S| = {        0.0        0.0    2.15798 }     2.15798
   scf:    6   -22787.824409   -22787.824388   -22787.840041  0.005519 -7.356067  0.008448
     spin moment: {S} , |S| = {        0.0        0.0    2.15709 }     2.15709
   scf:    7   -22787.824402   -22787.824396   -22787.840047  0.000431 -7.355977  0.006855
     spin moment: {S} , |S| = {        0.0        0.0    2.15668 }     2.15668

SCF Convergence by DM criterion
max |DM_out - DM_in|         :     0.0004311280
max |H_out - H_in|      (eV) :     0.0068546748
SCF cycle converged after 7 iterations

Using DM_out to compute the final energy and forces
No. of atoms with KB's overlaping orbs in proc 0. Max # of overlaps:     230     920

siesta: E_KS(eV) =           -22787.8244

siesta: Atomic forces (eV/Ang):
     1   -0.000297   -0.000000    0.000012
     2   -0.041955   -0.000001    0.000001
     3    0.000433    0.000000    0.000004
     4    0.042145   -0.000001    0.000003
     5    0.034774    0.000001   -0.000004
     6    0.029944    0.000001   -0.000002
     7   -0.029661    0.000000    0.000001
     8   -0.035153    0.000001   -0.000013
----------------------------------------
   Tot    0.000230    0.000001    0.000002
----------------------------------------
   Max    0.042145
   Res    0.017979    sqrt( Sum f_i^2 / 3N )
----------------------------------------
   Max    0.042145    constrained

Stress tensor Voigt[x,y,z,yz,xz,xy] (kbar):       -4.70       -1.96        1.25       -0.00       -0.00        0.00
(Free)E + p*V (eV/cell)   -22787.7382
Target enthalpy (eV/cell)   -22787.8400

siesta: Stress tensor (static) (eV/Ang**3):
        -0.002936    0.000000   -0.000000
         0.000000   -0.001222   -0.000000
        -0.000000   -0.000000    0.000778

siesta: Pressure (static):          1.80521196  kBar

siesta: Stress tensor (total) (eV/Ang**3):
        -0.002936    0.000000   -0.000000
         0.000000   -0.001222   -0.000000
        -0.000000   -0.000000    0.000778

siesta: Pressure (total):          1.80521196  kBar

outcoor: Relaxed atomic coordinates (fractional):           
    0.00000358    0.00000006   -0.00000014   1       1  Ga
    0.25753733    0.00000003   -0.00000001   2       2  Mn
    0.49999568    0.00000002   -0.00000008   2       3  Mn
    0.74246015    0.00000003   -0.00000002   2       4  Mn
    0.13319351    0.50000001    0.50000005   2       5  Mn
    0.38046057    0.49999999    0.49999998   2       6  Mn
    0.61953332    0.50000004    0.49999996   2       7  Mn
    0.86681011    0.49999999    0.50000022   2       8  Mn

outcell: Unit cell vectors (Ang):
       10.262029    0.000000   -0.000000
        0.000000    2.579714   -0.000000
       -0.000000   -0.000000    3.413327

outcell: Cell vector modules (Ang)   :   10.262029    2.579714    3.413327
outcell: Cell angles (23,13,12) (deg):     90.0000     90.0000     90.0000
outcell: Cell volume (Ang**3)        :     90.3613

coxmol: Writing XMOL coordinates into file hea.xyz                                                                                                                                                                                                                             
Writing WFSX for COOP/COHP in hea.fullBZ.WFSX

diag: Algorithm                                     = D&C
diag: Parallel over k                               =   F
diag: Use parallel 2D distribution                  =   T
diag: Parallel block-size                           = 5
diag: Parallel distribution                         =     6 x     6
diag: Used triangular part                          = Lower
diag: Absolute tolerance                            =  0.100E-15
diag: Orthogonalization factor                      =  0.100E-05
diag: Memory factor                                 =  1.0000

diag: Algorithm                                     = D&C
diag: Parallel over k                               =   F
diag: Use parallel 2D distribution                  =   T
diag: Parallel block-size                           = 5
diag: Parallel distribution                         =     6 x     6
diag: Used triangular part                          = Lower
diag: Absolute tolerance                            =  0.100E-15
diag: Orthogonalization factor                      =  0.100E-05
diag: Memory factor                                 =  1.0000

siesta: PDOS info
siesta: E1 -- E2, sigma [eV], nhist:  -20.000 --   20.000    0.100 1000

diag: Algorithm                                     = D&C
diag: Parallel over k                               =   F
diag: Use parallel 2D distribution                  =   T
diag: Parallel block-size                           = 5
diag: Parallel distribution                         =     6 x     6
diag: Used triangular part                          = Lower
diag: Absolute tolerance                            =  0.100E-15
diag: Orthogonalization factor                      =  0.100E-05
diag: Memory factor                                 =  1.0000

siesta: Program's energy decomposition (eV):
siesta: Ebs     =     -4263.113710
siesta: Eions   =     30334.536698
siesta: Ena     =      2983.685522
siesta: Ekin    =     10822.775394
siesta: Enl     =     -2362.261741
siesta: Eso     =         0.000000
siesta: Edftu   =         0.000000
siesta: DEna    =       113.292936
siesta: DUscf   =         1.799152
siesta: DUext   =         0.000000
siesta: Ex      =     -3776.548751
siesta: Ec      =      -236.030211
siesta: Exc     =     -4012.578962
siesta: EbV     =         0.000000
siesta: eta*DQ  =         0.000000
siesta: Emadel  =         0.000000
siesta: Emeta   =         0.000000
siesta: Emolmec =         0.000000
siesta: Ekinion =         0.000000
siesta: Eharris =    -22787.824402
siesta: Etot    =    -22787.824396
siesta: FreeEng =    -22787.840047

siesta: Final energy (eV):
siesta:  Band Struct. =   -4263.113710
siesta:       Kinetic =   10822.775394
siesta:       Hartree =    5074.073710
siesta:         Edftu =       0.000000
siesta:       Eso     =       0.000000
siesta:    Ext. field =       0.000000
siesta:         Exch. =   -3776.548751
siesta:         Corr. =    -236.030211
siesta:     Bulk bias =       0.000000
siesta:   Exch.-corr. =   -4012.578962
siesta:  Ion-electron =  -21805.429824
siesta:       Ion-ion =  -12866.664715
siesta:       Ekinion =       0.000000
siesta: D3 dispersion =       0.000000
siesta:         Total =  -22787.824396
siesta:         Fermi =      -7.355977

siesta: Stress tensor (static) (eV/Ang**3):
siesta:    -0.002936    0.000000   -0.000000
siesta:     0.000000   -0.001222   -0.000000
siesta:    -0.000000   -0.000000    0.000778

siesta: Constrained stress tensor (static) (eV/Ang**3):
siesta:    -0.002936    0.000000   -0.000000
siesta:     0.000000   -0.001222   -0.000000
siesta:    -0.000000   -0.000000    0.000778

siesta: Cell volume =         90.361343 Ang**3

siesta: Pressure (static):
siesta:                Solid            Molecule  Units
siesta:           0.00001227          0.00001731  Ry/Bohr**3
siesta:           0.00112672          0.00158945  eV/Ang**3
siesta:           1.80521196          2.54657628  kBar
(Free)E+ p_basis*V_orbitals  =      -22756.304264
(Free)Eharris+ p_basis*V_orbitals  =      -22756.304271

mulliken: Atomic and Orbital Populations:

mulliken: Spin UP 

Species: Ga                  
Atom  Qatom  Qorb
               4s      4s      4s      4py     4pz     4px     4py     4pz     
               4px     4py     4pz     4px     3dxy    3dyz    3dz2    3dxz    
               3dx2-y2 4dxy    4dyz    4dz2    4dxz    4dx2-y2 
   1  6.574   0.370  -0.057   0.376   0.679  -0.413   0.118  -0.064   0.085
             -0.044  -0.227   0.318   0.158   0.999   0.999   1.000   0.999

              1.000   0.105   0.092  -0.061   0.117   0.025

Species: Mn                  
Atom  Qatom  Qorb
               3s      4s      4s      4s      3py     3pz     3px     4py     
               4pz     4px     3dxy    3dyz    3dz2    3dxz    3dx2-y2 3dxy    
               3dyz    3dz2    3dxz    3dx2-y2 3dxy    3dyz    3dz2    3dxz    
               3dx2-y2 
   2  6.487   0.970  -0.045   0.105   0.043   0.991   0.989   0.990   0.142
              0.150   0.169   0.446   0.687   0.390   0.741   0.779  -0.031

             -0.062  -0.032  -0.070  -0.066  -0.084  -0.185  -0.073  -0.203

             -0.253
   3  6.773   0.977   0.129   0.048  -0.036   0.989   0.988   0.992   0.148
              0.148   0.148   0.428   0.786   0.517   0.765   0.989  -0.032

             -0.074  -0.042  -0.073  -0.098  -0.071  -0.220  -0.111  -0.212

             -0.312
   4  6.487   0.970  -0.045   0.105   0.043   0.991   0.989   0.990   0.142
              0.150   0.169   0.446   0.687   0.389   0.741   0.779  -0.031

             -0.062  -0.032  -0.070  -0.066  -0.084  -0.184  -0.073  -0.203

             -0.253
   5  8.450   0.986  -0.731   0.245   0.344   0.993   0.994   0.994   0.228
              0.225   0.220   1.343   1.320   1.144   1.308   1.120  -0.107

             -0.126  -0.075  -0.128  -0.074  -0.359  -0.392  -0.294  -0.379

             -0.349
   6  8.428   0.994  -0.060   0.081   0.060   0.992   0.991   0.991   0.201
              0.201   0.209   1.214   1.263   1.007   1.269   1.068  -0.094

             -0.120  -0.065  -0.123  -0.079  -0.308  -0.353  -0.243  -0.352

             -0.314
   7  8.428   0.994  -0.060   0.081   0.061   0.992   0.991   0.991   0.201
              0.201   0.209   1.214   1.263   1.007   1.268   1.068  -0.094

             -0.120  -0.065  -0.123  -0.079  -0.308  -0.353  -0.243  -0.352

             -0.314
   8  8.451   0.986  -0.731   0.245   0.344   0.993   0.994   0.994   0.228
              0.225   0.220   1.343   1.320   1.144   1.308   1.120  -0.107

             -0.126  -0.075  -0.128  -0.074  -0.359  -0.392  -0.294  -0.379

             -0.349

mulliken: Qtot =       60.078

mulliken: Spin DOWN 

Species: Ga                  
Atom  Qatom  Qorb
               4s      4s      4s      4py     4pz     4px     4py     4pz     
               4px     4py     4pz     4px     3dxy    3dyz    3dz2    3dxz    
               3dx2-y2 4dxy    4dyz    4dz2    4dxz    4dx2-y2 
   1  6.777   0.313  -0.064   0.436   0.708  -0.494   0.268  -0.051   0.163
             -0.032  -0.179   0.371   0.077   0.998   0.997   1.000   0.997

              1.001   0.102   0.083  -0.031   0.066   0.049

Species: Mn                  
Atom  Qatom  Qorb
               3s      4s      4s      4s      3py     3pz     3px     4py     
               4pz     4px     3dxy    3dyz    3dz2    3dxz    3dx2-y2 3dxy    
               3dyz    3dz2    3dxz    3dx2-y2 3dxy    3dyz    3dz2    3dxz    
               3dx2-y2 
   2  8.511   0.991  -0.283   0.156   0.165   0.992   0.992   0.992   0.208
              0.216   0.224   1.225   1.274   1.041   1.269   1.113  -0.088

             -0.116  -0.066  -0.114  -0.078  -0.313  -0.351  -0.246  -0.355

             -0.337
   3  8.263   0.992  -0.020   0.083   0.020   0.992   0.991   0.992   0.198
              0.202   0.184   1.188   1.247   0.963   1.218   1.022  -0.095

             -0.123  -0.066  -0.122  -0.082  -0.302  -0.353  -0.232  -0.337

             -0.297
   4  8.512   0.991  -0.283   0.156   0.165   0.992   0.992   0.992   0.208
              0.216   0.224   1.225   1.274   1.041   1.269   1.113  -0.088

             -0.116  -0.066  -0.114  -0.078  -0.313  -0.351  -0.246  -0.355

             -0.337
   5  6.314   0.966  -0.605   0.241   0.244   0.991   0.990   0.991   0.171
              0.176   0.169   0.372   0.658   0.495   0.664   1.012  -0.040

             -0.066  -0.042  -0.072  -0.092  -0.067  -0.186  -0.119  -0.184

             -0.353
   6  6.615   0.975   0.116   0.055  -0.025   0.989   0.988   0.989   0.151
              0.149   0.156   0.414   0.750   0.427   0.712   0.896  -0.031

             -0.071  -0.033  -0.066  -0.083  -0.068  -0.208  -0.082  -0.194

             -0.291
   7  6.615   0.975   0.116   0.055  -0.025   0.989   0.988   0.989   0.151
              0.148   0.156   0.414   0.750   0.427   0.712   0.896  -0.031

             -0.071  -0.033  -0.066  -0.083  -0.068  -0.208  -0.082  -0.194

             -0.291
   8  6.314   0.966  -0.605   0.241   0.244   0.991   0.990   0.991   0.171
              0.176   0.169   0.372   0.658   0.495   0.664   1.012  -0.040

             -0.066  -0.042  -0.072  -0.092  -0.067  -0.186  -0.119  -0.184

             -0.353

mulliken: Qtot =       57.922

Mulliken Atomic Populations:
Atom #   charge [q] valence [e]      Sz [e]  Species
     1    -0.351161   13.351161   -0.203102  Ga
     2     0.001704   14.998296   -2.024698  Mn
     3    -0.036618   15.036618   -1.490183  Mn
     4     0.001721   14.998279   -2.025011  Mn
     5     0.235561   14.764439    2.136443  Mn
     6    -0.043406   15.043406    1.813223  Mn
     7    -0.043385   15.043385    1.813382  Mn
     8     0.235584   14.764416    2.136629  Mn
-------------------------------------------
 Total     0.000000                2.156682

cite: Please indicate the Siesta version in published work: 5.2.2
cite: This calculation has made use of features in the following articles
cite: which we encourage you to cite in published work.
cite: (Please see "hea.bib" for a BibTeX file.)
        Primary SIESTA paper
          DOI: www.doi.org/10.1088/0953-8984/14/11/302
        PSML pseudopotential format
          DOI: www.doi.org/10.1016/j.cpc.2018.02.011


>> End of run:  18-JUN-2025  20:03:12
Job completed
