Executable      : /home/users/felipegc/woltsoft/SIESTA/siesta-5.2.2/build/bin/siesta
Version         : 5.2.2
Architecture    : x86_64
Compiler version: GNU-9.3.0
Compiler flags  : -O3 -march=native
Parallelisations: MPI
Lua support
Native ELPA support
ELSI support. Solvers:
   ELPA (internal) 
   NTPoly
   OMM
DFT-D3 support
Wannier90 wrapper support

Runtime information:
* Directory : /home/users/felipegc/MnGaNi/top/structure_calc_170
* Running on 24 nodes in parallel.
>> Start of run:  18-JUN-2025  19:07:04

                           *********************** 
                           *  WELCOME TO SIESTA  * 
                           *********************** 

 NOTE: Siesta V5 introduces some new defaults for basis-set generation
 NOTE: which might lead to slightly different numerical results.
 NOTE: Please see the manual for full details and compatibility measures.


reinit: Reading from standard input
reinit: Dumping input in INPUT_TMP.77048
************************** Dump of input data file ****************************
SystemName          hea
SystemLabel         hea
Reparametrize.Pseudos T
Restricted.Radial.Grid F
%include atoms.fdf
MaxSCFIterations     20000
SCF.Mix              Hamiltonian
SCF.Mixer.Method     Broyden
#SCF.Mixer.Variant    original #Pulay original
SCF.Mixer.History    8
SCF.Mixer.Weight     0.07
SCF.H.Converge       False
SCF.DM.Converge      True
SCF.DM.Tolerance     5.d-4
SCF.H.Tolerance      5.d-3 eV
MeshCutoff 300.0 Ry
MD.UseSaveCG         False
DM.UseSaveDM         False
NumberOfEigenStates -20
ElectronicTemperature 300 K
WriteCoorXmol        True
XC.Functional     GGA
XC.authors        PBEsol
SpinPolarized      True
SolutionMethod       diagon
#Diag.Algorithm        MRRR
###################################
###################################
# Full template for Basis param.
###################################
###################################
Basis.Pressure 0.3 GPa
PAO.SoftDefault T
PAO.SoftPotential 50.0 Ry
PAO.SoftInnerRadius 0.70
PAO.BasisType split
PAO.EnergyShift 0.0019 eV
PAO.BasisSize TZP
PAO.SplitTailNorm T
            %block kgrid_Monkhorst_Pack
            2  0  0  0.
            0  6  0  0.
            0  0  4  0.
            %endblock kgrid_Monkhorst_Pack
            MD.TypeOfRun CG
            MD.Steps         500
            MD.VariableCell true
            MD.MaxForceTol 0.05 eV/Ang
            WriteMDHistory true
            WriteForces true
            Write.OrbitalIndex true
            Charge.Mulliken end
            COOP.Write true
            %block ProjectedDensityOfStates
            -20.00 20.00 0.1 1000 eV
            %endblock ProjectedDensityOfStates
************************** End of input data file *****************************

reinit: -----------------------------------------------------------------------
reinit: System Name: hea
reinit: -----------------------------------------------------------------------
reinit: System Label: hea
reinit: -----------------------------------------------------------------------

NOTE on units for spin output: 
{S} is the spin magnetic moment, in units of the Bohr magneton,
assuming a g-factor for the electron spin of exactly 2.
The spin magnetic moment is then numerically equal to the charge inbalance,
in units of electrons, between the spin-up and -down channels.


initatom: Reading input for the pseudopotentials and atomic orbitals ----------
Species number:   1 Atomic number:   31 Label: Ga
Species number:   2 Atomic number:   25 Label: Mn

Ground state valence configuration (from tables):   4s02  4p01  4d00  4f00
Ground state valence configuration (from tables):   4s02  4p00  3d05  4f00

---- Processing specs for species: Ga
Reading pseudopotential information in PSML from:
  Ga.psml
PSML file version: 1.1
Using libxc ids:  101 130
GGA--PBE XC_GGA_X_PBE--XC_GGA_C_PBE pb
PSML uuid: 206972b0-be42-11e7-579b-1282fffb1a56
Semicore shell(s) with 10 electrons included in the valence for Ga

---- Processing specs for species: Mn
Reading pseudopotential information in PSML from:
  Mn.psml
PSML file version: 1.1
Using libxc ids:  101 130
GGA--PBE XC_GGA_X_PBE--XC_GGA_C_PBE pb
PSML uuid: e5ebd880-be41-11e7-659b-074ddfc7bd15
Semicore shell(s) with  8 electrons included in the valence for Mn

---- Pseudopotential check for Ga

Pseudized shells:
4s( 2.00) rc: 1.67
4p( 1.00) rc: 1.75
3d(10.00) rc: 1.90
Valence configuration for ps generation: 3d:4s:4p: Total charge:  13.000000
Semicore shell(s): 3d
Fallback to non-perturbative polarization scheme for Ga
Please see the manual if this is not desired in principle

---- Pseudopotential check for Mn

Pseudized shells:
3s( 2.00) rc: 1.41
3p( 6.00) rc: 1.21
3d( 5.00) rc: 1.61
Valence configuration for ps generation: 3s:3p:3d:4s: Total charge:  15.000000
Semicore shell(s): 3s 3p
Fallback to non-perturbative polarization scheme for Mn
Please see the manual if this is not desired in principle
For Ga, standard SIESTA heuristics set lmxkb to 3
 (one more than the basis l, including polarization orbitals).
Use PS.lmax or PS.KBprojectors blocks to override.
For Mn, standard SIESTA heuristics set lmxkb to 3
 (one more than the basis l, including polarization orbitals).
Use PS.lmax or PS.KBprojectors blocks to override.
Ga pseudopotential only contains V_ls up to l=2 -- lmxkb reset.
Mn pseudopotential only contains V_ls up to l=2 -- lmxkb reset.

<basis_specs>
===============================================================================
Ga                   Z=  31    Mass=  69.723        Charge= 0.17977+309
Lmxo=2 Lmxkb= 2    BasisType=split      Semic=T
L=0  Nsemic=0  Cnfigmx=4
          i=1  nzeta=3  polorb=0  (4s)
            splnorm:   0.15000    
               vcte:    50.000    
               rinn:  -0.70000    
               qcoe:    0.0000    
               qyuk:    0.0000    
               qwid:   0.10000E-01
                rcs:    0.0000      0.0000      0.0000    
            lambdas:    1.0000      1.0000      1.0000    
L=1  Nsemic=0  Cnfigmx=4
          i=1  nzeta=3  polorb=0  (4p)  (to be polarized non-perturbatively)
            splnorm:   0.15000    
               vcte:    50.000    
               rinn:  -0.70000    
               qcoe:    0.0000    
               qyuk:    0.0000    
               qwid:   0.10000E-01
                rcs:    0.0000      0.0000      0.0000    
            lambdas:    1.0000      1.0000      1.0000    
L=2  Nsemic=1  Cnfigmx=4
          i=1  nzeta=1  polorb=0  (3d)  (semicore shell)
            splnorm:   0.15000    
               vcte:    50.000    
               rinn:  -0.70000    
               qcoe:    0.0000    
               qyuk:    0.0000    
               qwid:   0.10000E-01
                rcs:    0.0000    
            lambdas:    1.0000    
          i=2  nzeta=1  polorb=0  (4d)  (non-perturbative polarization shell)
            splnorm:   0.15000    
               vcte:    50.000    
               rinn:  -0.70000    
               qcoe:   0.44396-315
               qyuk:    0.0000    
               qwid:   0.69532-309
                rcs:    0.0000    
            lambdas:    1.0000    
-------------------------------------------------------------------------------
L=0  Nkbl=1  erefs: 0.17977+309
L=1  Nkbl=1  erefs: 0.17977+309
L=2  Nkbl=2  erefs: 0.17977+309 0.17977+309
===============================================================================
</basis_specs>

Using PAO.SplitTailNorm
atom: Called for Ga                    (Z =  31)
Maximum radius (at nrval) set to   50.00000 8518

read_vps: Pseudopotential generation method:
read_vps: ONCVPSP-3.Hamann's oncvpsp                        
Valence charge in pseudo generation:   13.00000

read_vps: Pseudopotential includes a core correction:
read_vps: Pseudo-core for xc-correction

xc_check: Exchange-correlation functional:
xc_check: GGA PBEsol
xc_check: WARNING: Pseudopotential generated with GGA PBE functional
Got Vlocal (oncv-fit) from psml data
Choosing vlocal chloc cutoff:  4.295227
qtot up to nchloc:   13.00023270
atom: Maximum radius for chlocal:    4.29523
atom: Maximum radius for r*vlocal+2*Zval:    4.29523
Reading KB projs from Ga psml data
Using scalar-relativistic projectors in PSML file

PSML: Kleinman-Bylander projectors: 
   l= 0   rc=  1.688643   Ekb= 14.059564
   l= 0   rc=  1.688643   Ekb=  2.289351
   l= 1   rc=  1.772167   Ekb= 13.610457
   l= 1   rc=  1.772167   Ekb=  2.576326
   l= 2   rc=  1.926399   Ekb=-16.756509
   l= 2   rc=  1.926399   Ekb= -5.641527

PSML: Total number of  Kleinman-Bylander projectors:  18
atom: -------------------------------------------------------------------------

atom: SANKEY-TYPE ORBITALS:
atom: Selected multiple-zeta basis: split     

SPLIT: Orbitals with angular momentum L= 0

SPLIT: Basis orbitals for state 4s

SPLIT: PAO cut-off radius determined from an
SPLIT: energy shift=  0.000140 Ry
Split based on tail norm

   izeta = 1
                 lambda =    1.000000
                     rc =    8.573397
                 energy =   -0.660225
                kinetic =    0.501561
    potential(screened) =   -1.161786
       potential(ionic) =  -12.246649

   izeta = 2
                 rmatch =    4.547753
              splitnorm =    0.150000
                 energy =   -0.462291
                kinetic =    0.981430
    potential(screened) =   -1.443721
       potential(ionic) =  -13.770808

   izeta = 3
                 rmatch =    5.338573
              splitnorm =    0.075000
                 energy =   -0.599358
                kinetic =    0.744548
    potential(screened) =   -1.343906
       potential(ionic) =  -13.255962

SPLIT: Orbitals with angular momentum L= 1

SPLIT: Basis orbitals for state 4p

SPLIT: PAO cut-off radius determined from an
SPLIT: energy shift=  0.000140 Ry
Split based on tail norm

   izeta = 1
                 lambda =    1.000000
                     rc =   12.949509
                 energy =   -0.190428
                kinetic =    0.541974
    potential(screened) =   -0.732402
       potential(ionic) =   -9.174065

   izeta = 2
                 rmatch =    6.968471
              splitnorm =    0.150000
                 energy =   -0.153132
                kinetic =    0.764207
    potential(screened) =   -0.917338
       potential(ionic) =  -10.565779

   izeta = 3
                 rmatch =    8.212134
              splitnorm =    0.075000
                 energy =   -0.175794
                kinetic =    0.665884
    potential(screened) =   -0.841678
       potential(ionic) =  -10.014829

SPLIT: Orbitals with angular momentum L= 2

SPLIT: Basis orbitals for state 3d

SPLIT: PAO cut-off radius determined from an
SPLIT: energy shift=  0.000140 Ry
Split based on tail norm

   izeta = 1
                 lambda =    1.000000
                     rc =    4.873342
                 energy =   -1.390864
                kinetic =   12.335179
    potential(screened) =  -13.726043
       potential(ionic) =  -32.471836

SPLIT: Basis orbitals for state 4d
SPLIT: Non-perturbative polarization orbs for state 4p
SPLIT: rc(1st zeta) (re)set to: 12.9495 (expansion factor: 1.0000)
Split based on tail norm

   izeta = 1
                 lambda =    1.000000
                     rc =   12.949509
                 energy =    0.135451
                kinetic =    0.341434
    potential(screened) =   -0.205982
       potential(ionic) =   -4.584821
atom: Total number of Sankey-type orbitals: 22

atm_pop: Valence configuration (for local Pseudopot. screening):
 4s( 2.00)                                                            
 4p( 1.00)                                                            
 3d(10.00) 4d( 0.00)                                                  
Vna: chval, zval:   13.00000  13.00000

Vna:  Cut-off radius for the neutral-atom potential:  12.949509
comcore: Pseudo-core radius Rcore=  2.359857

atom: _________________________________________________________________________

<basis_specs>
===============================================================================
Mn                   Z=  25    Mass=  54.938        Charge= 0.17977+309
Lmxo=2 Lmxkb= 2    BasisType=split      Semic=T
L=0  Nsemic=1  Cnfigmx=4
          i=1  nzeta=1  polorb=0  (3s)  (semicore shell)
            splnorm:   0.15000    
               vcte:    50.000    
               rinn:  -0.70000    
               qcoe:    0.0000    
               qyuk:    0.0000    
               qwid:   0.10000E-01
                rcs:    0.0000    
            lambdas:    1.0000    
          i=2  nzeta=3  polorb=0  (4s)  (to be polarized non-perturbatively)
            splnorm:   0.15000    
               vcte:    50.000    
               rinn:  -0.70000    
               qcoe:    0.0000    
               qyuk:    0.0000    
               qwid:   0.10000E-01
                rcs:    0.0000      0.0000      0.0000    
            lambdas:    1.0000      1.0000      1.0000    
L=1  Nsemic=1  Cnfigmx=4
          i=1  nzeta=1  polorb=0  (3p)  (semicore shell)
            splnorm:   0.15000    
               vcte:    50.000    
               rinn:  -0.70000    
               qcoe:    0.0000    
               qyuk:    0.0000    
               qwid:   0.10000E-01
                rcs:    0.0000    
            lambdas:    1.0000    
          i=2  nzeta=1  polorb=0  (4p)  (non-perturbative polarization shell)
            splnorm:   0.15000    
               vcte:    50.000    
               rinn:  -0.70000    
               qcoe:   0.44396-315
               qyuk:    0.0000    
               qwid:   0.69532-309
                rcs:    0.0000    
            lambdas:    1.0000    
L=2  Nsemic=0  Cnfigmx=3
          i=1  nzeta=3  polorb=0  (3d)
            splnorm:   0.15000    
               vcte:    50.000    
               rinn:  -0.70000    
               qcoe:    0.0000    
               qyuk:    0.0000    
               qwid:   0.10000E-01
                rcs:    0.0000      0.0000      0.0000    
            lambdas:    1.0000      1.0000      1.0000    
-------------------------------------------------------------------------------
L=0  Nkbl=2  erefs: 0.17977+309 0.17977+309
L=1  Nkbl=2  erefs: 0.17977+309 0.17977+309
L=2  Nkbl=1  erefs: 0.17977+309
===============================================================================
</basis_specs>

Using PAO.SplitTailNorm
atom: Called for Mn                    (Z =  25)
Maximum radius (at nrval) set to   50.00000 8518

read_vps: Pseudopotential generation method:
read_vps: ONCVPSP-3.Hamann's oncvpsp                        
Valence charge in pseudo generation:   15.00000

read_vps: Pseudopotential includes a core correction:
read_vps: Pseudo-core for xc-correction

xc_check: Exchange-correlation functional:
xc_check: GGA PBEsol
xc_check: WARNING: Pseudopotential generated with GGA PBE functional
Got Vlocal (oncv-fit) from psml data
Choosing vlocal chloc cutoff:  3.504263
qtot up to nchloc:   15.00032895
atom: Maximum radius for chlocal:    3.50426
atom: Maximum radius for r*vlocal+2*Zval:    3.50426
Reading KB projs from Mn psml data
Using scalar-relativistic projectors in PSML file

PSML: Kleinman-Bylander projectors: 
   l= 0   rc=  1.427391   Ekb= 18.471374
   l= 0   rc=  1.430269   Ekb=  3.121111
   l= 1   rc=  1.224702   Ekb=  3.156115
   l= 1   rc=  1.224702   Ekb= -1.424352
   l= 2   rc=  1.630219   Ekb=-13.224142
   l= 2   rc=  1.630219   Ekb= -4.330632

PSML: Total number of  Kleinman-Bylander projectors:  18
atom: -------------------------------------------------------------------------

atom: SANKEY-TYPE ORBITALS:
atom: Selected multiple-zeta basis: split     

SPLIT: Orbitals with angular momentum L= 0

SPLIT: Basis orbitals for state 3s

SPLIT: PAO cut-off radius determined from an
SPLIT: energy shift=  0.000140 Ry
Split based on tail norm

   izeta = 1
                 lambda =    1.000000
                     rc =    3.380000
                 energy =   -6.293298
                kinetic =    2.848567
    potential(screened) =   -9.141865
       potential(ionic) =  -33.519753

SPLIT: Basis orbitals for state 4s

SPLIT: PAO cut-off radius determined from an
SPLIT: energy shift=  0.000140 Ry
Split based on tail norm

   izeta = 1
                 lambda =    1.000000
                     rc =   10.002455
                 energy =   -0.450676
                kinetic =    1.112603
    potential(screened) =   -1.563278
       potential(ionic) =  -13.199632

   izeta = 2
                 rmatch =    5.430276
              splitnorm =    0.150000
                 energy =   -0.360834
                kinetic =    1.875764
    potential(screened) =   -2.236598
       potential(ionic) =  -15.982656

   izeta = 3
                 rmatch =    6.342382
              splitnorm =    0.075000
                 energy =   -0.415048
                kinetic =    1.529261
    potential(screened) =   -1.944310
       potential(ionic) =  -14.865309

SPLIT: Orbitals with angular momentum L= 1

SPLIT: Basis orbitals for state 3p

SPLIT: PAO cut-off radius determined from an
SPLIT: energy shift=  0.000140 Ry
Split based on tail norm

   izeta = 1
                 lambda =    1.000000
                     rc =    3.873861
                 energy =   -3.996757
                kinetic =    6.976018
    potential(screened) =  -10.972775
       potential(ionic) =  -34.563053

SPLIT: Basis orbitals for state 4p
SPLIT: Non-perturbative polarization orbs for state 4s
SPLIT: rc(1st zeta) (re)set to: 10.0025 (expansion factor: 1.0000)
Split based on tail norm

   izeta = 1
                 lambda =    1.000000
                     rc =   10.002455
                 energy =   -0.085879
                kinetic =    0.770317
    potential(screened) =   -0.856196
       potential(ionic) =   -9.409918

SPLIT: Orbitals with angular momentum L= 2

SPLIT: Basis orbitals for state 3d

SPLIT: PAO cut-off radius determined from an
SPLIT: energy shift=  0.000140 Ry
Split based on tail norm

   izeta = 1
                 lambda =    1.000000
                     rc =    7.238756
                 energy =   -0.490123
                kinetic =    9.261574
    potential(screened) =   -9.751697
       potential(ionic) =  -30.334327

   izeta = 2
                 rmatch =    3.144499
              splitnorm =    0.150000
                 energy =   -0.401801
                kinetic =   11.021778
    potential(screened) =  -11.423579
       potential(ionic) =  -33.555539

   izeta = 3
                 rmatch =    3.972182
              splitnorm =    0.075000
                 energy =   -0.464167
                kinetic =   10.072383
    potential(screened) =  -10.536551
       potential(ionic) =  -31.940836
atom: Total number of Sankey-type orbitals: 25

atm_pop: Valence configuration (for local Pseudopot. screening):
 3s( 2.00) 4s( 2.00)                                                  
 3p( 6.00) 4p( 0.00)                                                  
 3d( 5.00)                                                            
Vna: chval, zval:   15.00000  15.00000

Vna:  Cut-off radius for the neutral-atom potential:  10.002455
comcore: Pseudo-core radius Rcore=  2.115123

atom: _________________________________________________________________________

prinput: Basis input 

PAO.BasisType split     

%block ChemicalSpeciesLabel
    1   31 Ga                      # Species index, atomic number, species label
    2   25 Mn                      # Species index, atomic number, species label
%endblock ChemicalSpeciesLabel

%block PAO.Basis                 # Define Basis set
# WARNING: This information might be incomplete!
Ga                    4                    # Species label, number of l-shells
 n=4   0   3                         # n, l, Nzeta 
   8.573      4.548      5.339   
   1.000      1.000      1.000   
 n=4   1   3                         # n, l, Nzeta 
  12.950      6.968      8.212   
   1.000      1.000      1.000   
 n=3   2   1                         # n, l, Nzeta 
   4.873   
   1.000   
 n=4   2   1                         # n, l, Nzeta 
  12.950   
   1.000   
Mn                    5                    # Species label, number of l-shells
 n=3   0   1                         # n, l, Nzeta 
   3.380   
   1.000   
 n=4   0   3                         # n, l, Nzeta 
  10.002      5.430      6.342   
   1.000      1.000      1.000   
 n=3   1   1                         # n, l, Nzeta 
   3.874   
   1.000   
 n=4   1   1                         # n, l, Nzeta 
  10.002   
   1.000   
 n=3   2   3                         # n, l, Nzeta 
   7.239      3.144      3.972   
   1.000      1.000      1.000   
%endblock PAO.Basis

prinput: ----------------------------------------------------------------------

coor:   Atomic-coordinates input format  =     Fractional

siesta: Atomic coordinates (Bohr) and species
siesta:      0.00000   0.00000   0.00000  1        1
siesta:      4.70356   0.00000   0.00000  1        2
siesta:      9.40712   0.00000   0.00000  1        3
siesta:     11.75890   2.35178   3.32592  1        4
siesta:      2.35178   2.35178   3.32592  2        5
siesta:      7.05534   2.35178   3.32592  2        6

siesta: System type = bulk      

initatomlists: Number of atoms, orbitals, and projectors:      6   138   108

coxmol: Writing XMOL coordinates into file hea.xyz                                                                                                                                                                                                                             

siesta: ******************** Simulation parameters ****************************
siesta:
siesta: The following are some of the parameters of the simulation.
siesta: A complete list of the parameters used, including default values,
siesta: can be found in file out.fdf
siesta:
redata: Spin configuration                          = collinear
redata: Number of spin components                   = 2
redata: Time-Reversal Symmetry                      = T
redata: Spin spiral                                 = F
redata: Long output                                 =   F
redata: Number of Atomic Species                    =        2
redata: Charge density info will appear in .RHO file
redata: Write Mulliken charges (when)               = end
redata: Write Mulliken Pop.                         = Atomic and Orbital charges
redata: Write Hirshfeld charges (when)              = none
redata: Write Voronoi charges (when)                = none
redata: Write spin charge (when)                    = scf
redata: Matel table size (NRTAB)                    =     1024
redata: Mesh Cutoff                                 =   300.0000 Ry
redata: Net charge of the system                    =     0.0000 |e|
redata: Min. number of SCF Iter                     =        0
redata: Max. number of SCF Iter                     =    20000
redata: SCF convergence failure will abort job
redata: SCF mix quantity                            = Hamiltonian
redata: Mix DM or H after convergence               =   F
redata: Recompute H after scf cycle                 =   F
redata: Mix DM in first SCF step                    =   T
redata: Write Pulay info on disk                    =   F
redata: New DM Occupancy tolerance                  = 0.000000000001
redata: No kicks to SCF
redata: DM Mixing Weight for Kicks                  =     0.5000
redata: Require Harris convergence for SCF          =   F
redata: Harris energy tolerance for SCF             =     0.000100 eV
redata: Require DM convergence for SCF              =   T
redata: DM tolerance for SCF                        =     0.000500
redata: Require EDM convergence for SCF             =   F
redata: EDM tolerance for SCF                       =     0.001000 eV
redata: Require H convergence for SCF               =   F
redata: Hamiltonian tolerance for SCF               =     0.005000 eV
redata: Require (free) Energy convergence for SCF   =   F
redata: (free) Energy tolerance for SCF             =     0.000100 eV
redata: Antiferro initial spin density              =   F
redata: Using DFT-D3 dispersion                     =   F
redata: Using Saved Data (generic)                  =   F
redata: Use continuation files for DM               =   F
redata: Neglect nonoverlap interactions             =   F
redata: Method of Calculation                       = Diagonalization
redata: Electronic Temperature                      =   300.0000 K
redata: Fix the spin of the system                  =   F
redata: Max. number of TDED Iter                    =        1
redata: Number of TDED substeps                     =        3
redata: Dynamics option                             = CG coord. optimization
redata: Variable cell                               =   T
redata: Use continuation files for CG               =   F
redata: Max atomic displ per move                   =     0.1058 Ang
redata: Maximum number of optimization moves        =      500
redata: Force tolerance                             =     0.0500 eV/Ang
redata: Stress tolerance                            =     1.0000 GPa
mix.SCF: Broyden mixing                          = Broyden
mix.SCF:    History steps                        = 8
mix.SCF:    Linear mixing weight                 =     0.070000
mix.SCF:    Inverse Jacobian weight              =     0.070000
mix.SCF:    Weight prime                         =     0.070000
mix.SCF:    SVD condition                        = 0.1000E-07
mix.SCF: Spin-component mixing                   all
redata: ***********************************************************************

%block SCF.Mixers
  Broyden
%endblock SCF.Mixers

%block SCF.Mixer.Broyden
  # Mixing method
  method broyden

  # Mixing options
  weight 0.0700
  weight.linear 0.0700
  weight.prime 0.0700
  history 8
%endblock SCF.Mixer.Broyden

DM_history_depth set to one: no extrapolation allowed by default for geometry relaxation
Size of DM history Fstack: 1
Total number of electrons:    82.000000
Total ionic charge:    82.000000

* ProcessorY, Blocksize:    4   5


* Orbital distribution balance (max,min):    10     5

k-point displ. along   1 input, could be:     0.00    0.50
k-point displ. along   2 input, could be:     0.00    0.50
k-point displ. along   3 input, could be:     0.00    0.50
 Kpoints in:           32 . Kpoints trimmed:           31

siesta: k-grid: Number of k-points = 31
siesta: k-points from Monkhorst-Pack grid
siesta: k-cutoff (effective) =     7.040 Ang
siesta: k-point supercell and displacements
siesta: k-grid:     2     0     0      0.000
siesta: k-grid:     0     6     0      0.000
siesta: k-grid:     0     0     4      0.000
k-point displ. along   1 input, could be:     0.00    0.50
k-point displ. along   2 input, could be:     0.00    0.50
k-point displ. along   3 input, could be:     0.00    0.50
 Kpoints in:           32 . Kpoints trimmed:           31

siesta: PDOS k-grid: Number of k-points = 31
siesta: PDOS k-points from Monkhorst-Pack grid
siesta: PDOS k-cutoff (effective) =     0.000 Ang
siesta: PDOS k-point supercell and displacements
siesta: k-grid:     2     0     0      0.000
siesta: k-grid:     0     6     0      0.000
siesta: k-grid:     0     0     4      0.000

diag: Algorithm                                     = D&C
diag: Parallel over k                               =   F
diag: Use parallel 2D distribution                  =   T
diag: Parallel block-size                           = 5
diag: Parallel distribution                         =     4 x     6
diag: Used triangular part                          = Lower
diag: Absolute tolerance                            =  0.100E-15
diag: Orthogonalization factor                      =  0.100E-05
diag: Memory factor                                 =  1.0000
diag: The diagonalization method chosen cannot compute a reduced number of eigenvectors.
diag: Resetting neigwanted 63 to 138

superc: Internal auxiliary supercell:     5 x    13 x     9  =     585
superc: Number of atoms, orbitals, and projectors:   3510  80730  63180


ts: **************************************************************
ts: Save H and S matrices                           =    F
ts: Save DM and EDM matrices                        =    F
ts: Only save the overlap matrix S                  =    F
ts: **************************************************************

************************ Begin: TS CHECKS AND WARNINGS ************************
************************ End: TS CHECKS AND WARNINGS **************************


                     ====================================
                        Begin CG opt. move =      0
                     ====================================

superc: Internal auxiliary supercell:     5 x    13 x     9  =     585
superc: Number of atoms, orbitals, and projectors:   3510  80730  63180

outcell: Unit cell vectors (Ang):
        7.467048    0.000000    0.000000
        0.000000    2.489016    0.000000
        0.000000    0.000000    3.520000

outcell: Cell vector modules (Ang)   :    7.467048    2.489016    3.520000
outcell: Cell angles (23,13,12) (deg):     90.0000     90.0000     90.0000
outcell: Cell volume (Ang**3)        :     65.4213
<dSpData1D:S at geom step 0
  <sparsity:sparsity for geom step 0
    nrows_g=138 nrows=10 sparsity=5.1399 nnzs=97885, refcount: 7>
  <dData1D:(new from dSpData1D) n=97885, refcount: 1>
refcount: 1>
new_DM -- step:     1
Initializing Density Matrix...
DM filled with atomic data:
<dSpData2D:DM initialized from atoms
  <sparsity:sparsity for geom step 0
    nrows_g=138 nrows=10 sparsity=5.1399 nnzs=97885, refcount: 8>
  <dData2D:DM n=97885 m=2, refcount: 1>
refcount: 1>
No. of atoms with KB's overlaping orbs in proc 0. Max # of overlaps:     218    1780

InitMesh: MESH = 80 x 30 x 40 = 96000
InitMesh: Mesh cutoff (required, used) =   300.000   317.237 Ry
New grid distribution [1]: sub = 2
New grid distribution [2]: sub = 2
New grid distribution [3]: sub = 2
Setting up quadratic distribution...

stepf: Fermi-Dirac step function

siesta: Program's energy decomposition (eV):
siesta: Ebs     =     -2259.207058
siesta: Eions   =     17034.851308
siesta: Ena     =      1098.291234
siesta: Ekin    =      9385.114830
siesta: Enl     =     -4475.243306
siesta: Eso     =         0.000000
siesta: Edftu   =         0.000000
siesta: DEna    =        63.865935
siesta: DUscf   =         1.586210
siesta: DUext   =         0.000000
siesta: Ex      =     -3062.002884
siesta: Ec      =      -190.323069
siesta: Exc     =     -3252.325953
siesta: EbV     =         0.000000
siesta: eta*DQ  =         0.000000
siesta: Emadel  =         0.000000
siesta: Emeta   =         0.000000
siesta: Emolmec =         0.000000
siesta: Ekinion =         0.000000
siesta: Eharris =    -14142.221386
siesta: Etot    =    -14213.562358
siesta: FreeEng =    -14213.566914

        iscf     Eharris(eV)        E_KS(eV)     FreeEng(eV)     dDmax    Ef(eV) dHmax(eV)
   scf:    1   -14142.221386   -14213.562358   -14213.566914 14.462891 -6.532541  2.943181
     spin moment: {S} , |S| = {        0.0        0.0    5.99717 }     5.99717
timer: Routine,Calls,Time,% = IterSCF        1       8.609  23.68
   scf:    2   -14213.965003   -14213.767800   -14213.770461  0.662502 -6.583685  2.460923
     spin moment: {S} , |S| = {        0.0        0.0    5.91075 }     5.91075
   scf:    3   -14214.559341   -14214.199548   -14214.204253  1.906652 -6.823240  1.587730
     spin moment: {S} , |S| = {        0.0        0.0    5.70132 }     5.70132
   scf:    4   -14215.227219   -14214.709534   -14214.713885  2.242244 -7.097828  1.333901
     spin moment: {S} , |S| = {        0.0        0.0    4.70402 }     4.70402
   scf:    5   -14214.667740   -14214.688786   -14214.693744  0.054774 -7.095781  1.408559
     spin moment: {S} , |S| = {        0.0        0.0    4.74582 }     4.74582
   scf:    6   -14214.884265   -14214.798865   -14214.802904  0.314135 -7.124850  0.533377
     spin moment: {S} , |S| = {        0.0        0.0    4.55636 }     4.55636
   scf:    7   -14214.730828   -14214.790080   -14214.796189  0.532944 -7.178028  1.153252
     spin moment: {S} , |S| = {        0.0        0.0    4.31807 }     4.31807
   scf:    8   -14214.925450   -14214.872381   -14214.878334  0.297429 -7.157031  0.370909
     spin moment: {S} , |S| = {        0.0        0.0    4.20073 }     4.20073
   scf:    9   -14214.857879   -14214.865030   -14214.871064  0.101967 -7.145294  0.381313
     spin moment: {S} , |S| = {        0.0        0.0    4.25092 }     4.25092
   scf:   10   -14214.898709   -14214.884116   -14214.890193  0.266367 -7.156438  0.193805
     spin moment: {S} , |S| = {        0.0        0.0    4.16054 }     4.16054
   scf:   11   -14214.930733   -14214.904447   -14214.909878  0.331748 -7.156831  0.260880
     spin moment: {S} , |S| = {        0.0        0.0    3.95068 }     3.95068
   scf:   12   -14214.907488   -14214.906452   -14214.911792  0.047514 -7.167364  0.120950
     spin moment: {S} , |S| = {        0.0        0.0    3.94571 }     3.94571
   scf:   13   -14214.912494   -14214.909331   -14214.914214  0.044101 -7.166527  0.145866
     spin moment: {S} , |S| = {        0.0        0.0    3.89649 }     3.89649
   scf:   14   -14214.904376   -14214.906914   -14214.912088  0.030157 -7.158389  0.229939
     spin moment: {S} , |S| = {        0.0        0.0    3.92007 }     3.92007
   scf:   15   -14214.910858   -14214.908822   -14214.913696  0.022138 -7.158799  0.225716
     spin moment: {S} , |S| = {        0.0        0.0    3.89559 }     3.89559
   scf:   16   -14214.911535   -14214.910136   -14214.914803  0.019640 -7.160185  0.221940
     spin moment: {S} , |S| = {        0.0        0.0    3.87789 }     3.87789
   scf:   17   -14214.912667   -14214.911642   -14214.916385  0.031482 -7.162666  0.140504
     spin moment: {S} , |S| = {        0.0        0.0    3.87964 }     3.87964
   scf:   18   -14214.913647   -14214.912728   -14214.917423  0.022156 -7.166895  0.079962
     spin moment: {S} , |S| = {        0.0        0.0    3.87042 }     3.87042
   scf:   19   -14214.918364   -14214.915133   -14214.919702  0.120555 -7.188084  0.052592
     spin moment: {S} , |S| = {        0.0        0.0    3.81031 }     3.81031
   scf:   20   -14214.914376   -14214.915067   -14214.919522  0.055355 -7.178450  0.089548
     spin moment: {S} , |S| = {        0.0        0.0    3.81914 }     3.81914
   scf:   21   -14214.915513   -14214.915376   -14214.919988  0.054101 -7.188330  0.017853
     spin moment: {S} , |S| = {        0.0        0.0    3.80308 }     3.80308
   scf:   22   -14214.915334   -14214.915354   -14214.920004  0.014482 -7.189596  0.017677
     spin moment: {S} , |S| = {        0.0        0.0    3.79985 }     3.79985
   scf:   23   -14214.915396   -14214.915377   -14214.920012  0.004643 -7.189099  0.013117
     spin moment: {S} , |S| = {        0.0        0.0    3.80005 }     3.80005
   scf:   24   -14214.915391   -14214.915385   -14214.920024  0.007629 -7.189970  0.008292
     spin moment: {S} , |S| = {        0.0        0.0    3.79819 }     3.79819
   scf:   25   -14214.915379   -14214.915382   -14214.920025  0.002540 -7.190250  0.007171
     spin moment: {S} , |S| = {        0.0        0.0    3.79776 }     3.79776
   scf:   26   -14214.915414   -14214.915398   -14214.920030  0.004459 -7.190028  0.005974
     spin moment: {S} , |S| = {        0.0        0.0    3.79876 }     3.79876
   scf:   27   -14214.915474   -14214.915435   -14214.920038  0.007391 -7.189490  0.003313
     spin moment: {S} , |S| = {        0.0        0.0    3.80099 }     3.80099
   scf:   28   -14214.915482   -14214.915459   -14214.920041  0.005251 -7.189144  0.001409
     spin moment: {S} , |S| = {        0.0        0.0    3.80246 }     3.80246
   scf:   29   -14214.915460   -14214.915459   -14214.920041  0.000396 -7.189204  0.000937
     spin moment: {S} , |S| = {        0.0        0.0    3.80245 }     3.80245

SCF Convergence by DM criterion
max |DM_out - DM_in|         :     0.0003961958
max |H_out - H_in|      (eV) :     0.0009374716
SCF cycle converged after 29 iterations

Using DM_out to compute the final energy and forces
No. of atoms with KB's overlaping orbs in proc 0. Max # of overlaps:     218    1780

siesta: E_KS(eV) =           -14214.9155

siesta: E_KS - E_eggbox =    -14214.9155

siesta: Atomic forces (eV/Ang):
     1    1.724663   -0.000000    0.000000
     2    0.000331    0.000000    0.000000
     3   -1.725176    0.000000    0.000000
     4   -0.004444    0.000000    0.000000
     5   -0.397540    0.000000   -0.000000
     6    0.392804    0.000000   -0.000000
----------------------------------------
   Tot   -0.009362    0.000000    0.000000
----------------------------------------
   Max    1.725176
   Res    0.589870    sqrt( Sum f_i^2 / 3N )
----------------------------------------
   Max    1.725176    constrained

Stress tensor Voigt[x,y,z,yz,xz,xy] (kbar):     -463.74     -680.14     -476.02       -0.00        0.00        0.00
(Free)E + p*V (eV/cell)   -14192.8717
Target enthalpy (eV/cell)   -14214.9200

siesta: Stress tensor (static) (eV/Ang**3):
        -0.289441    0.000000    0.000000
         0.000000   -0.424513    0.000000
         0.000000   -0.000000   -0.297108

siesta: Pressure (static):        539.96647573  kBar

siesta: Stress tensor (total) (eV/Ang**3):
        -0.289441    0.000000    0.000000
         0.000000   -0.424513    0.000000
         0.000000   -0.000000   -0.297108

siesta: Pressure (total):        539.96647573  kBar

cgvc: No target stress found, assuming hydrostatic MD.TargetPressure.

cgvc: Target stress (kBar)
cgvc:        -0.000       0.000       0.000
cgvc:         0.000      -0.000       0.000
cgvc:         0.000       0.000      -0.000

                     ====================================
                        Begin CG opt. move =      1
                     ====================================
k-point displ. along   1 input, could be:     0.00    0.50
k-point displ. along   2 input, could be:     0.00    0.50
k-point displ. along   3 input, could be:     0.00    0.50
 Kpoints in:           32 . Kpoints trimmed:           31

siesta: k-grid: Number of k-points = 31
siesta: k-points from Monkhorst-Pack grid
siesta: k-cutoff (effective) =     7.111 Ang
siesta: k-point supercell and displacements
siesta: k-grid:     2     0     0      0.000
siesta: k-grid:     0     6     0      0.000
siesta: k-grid:     0     0     4      0.000

superc: Internal auxiliary supercell:     5 x    13 x     9  =     585
superc: Number of atoms, orbitals, and projectors:   3510  80730  63180

outcell: Unit cell vectors (Ang):
        7.540411   -0.000000   -0.000000
       -0.000000    2.524883    0.000000
       -0.000000    0.000000    3.555500

outcell: Cell vector modules (Ang)   :    7.540411    2.524883    3.555500
outcell: Cell angles (23,13,12) (deg):     90.0000     90.0000     90.0000
outcell: Cell volume (Ang**3)        :     67.6919
<dSpData1D:S at geom step 1
  <sparsity:sparsity for geom step 1
    nrows_g=138 nrows=10 sparsity=4.8248 nnzs=91883, refcount: 7>
  <dData1D:(new from dSpData1D) n=91883, refcount: 1>
refcount: 1>
new_DM -- step:     2
Re-using DM from previous geometries...
Number of DMs in history: 1
 DM extrapolation coefficients: 
1   1.00000
New DM after history re-use:
<dSpData2D:SpM extrapolated using coords
  <sparsity:sparsity for geom step 1
    nrows_g=138 nrows=10 sparsity=4.8248 nnzs=91883, refcount: 9>
  <dData2D:(temp array for extrapolation) n=91883 m=2, refcount: 1>
refcount: 1>
Note: For starting DM, Qtot, Tr[D*S] =         82.00000000         82.17436252
No. of atoms with KB's overlaping orbs in proc 0. Max # of overlaps:     197    1588

InitMesh: MESH = 80 x 30 x 40 = 96000
InitMesh: Mesh cutoff (required, used) =   300.000   311.094 Ry
New grid distribution [1]: sub = 2
New grid distribution [2]: sub = 2
New grid distribution [3]: sub = 2
Setting up quadratic distribution...

        iscf     Eharris(eV)        E_KS(eV)     FreeEng(eV)     dDmax    Ef(eV) dHmax(eV)
   scf:    1   -14216.991287   -14214.688252   -14214.695444  2.630457 -7.245153  3.854313
     spin moment: {S} , |S| = {        0.0        0.0    3.83216 }     3.83216
   scf:    2   -13924.309604   -14121.197622   -14121.210061 10.863520 -5.412316 37.044858
     spin moment: {S} , |S| = {        0.0        0.0    3.08238 }     3.08238
   scf:    3   -14221.881067   -14215.647794   -14215.653019 10.315276 -7.065368  1.156798
     spin moment: {S} , |S| = {        0.0        0.0    3.85152 }     3.85152
   scf:    4   -14215.592409   -14215.663911   -14215.668150  0.341961 -7.029774  0.679442
     spin moment: {S} , |S| = {        0.0        0.0    3.85329 }     3.85329
   scf:    5   -14215.682205   -14215.673794   -14215.678084  0.039971 -7.037713  0.582593
     spin moment: {S} , |S| = {        0.0        0.0    3.85311 }     3.85311
   scf:    6   -14215.663986   -14215.683619   -14215.688354  0.223281 -7.065503  0.316027
     spin moment: {S} , |S| = {        0.0        0.0    3.85698 }     3.85698
   scf:    7   -14215.689549   -14215.689455   -14215.693951  0.122914 -7.044634  0.093830
     spin moment: {S} , |S| = {        0.0        0.0    3.85899 }     3.85899
   scf:    8   -14215.689547   -14215.689636   -14215.694172  0.018767 -7.044435  0.023624
     spin moment: {S} , |S| = {        0.0        0.0    3.86088 }     3.86088
   scf:    9   -14215.689604   -14215.689621   -14215.694205  0.013619 -7.044229  0.027238
     spin moment: {S} , |S| = {        0.0        0.0    3.86554 }     3.86554
   scf:   10   -14215.689680   -14215.689657   -14215.694244  0.005527 -7.043544  0.013406
     spin moment: {S} , |S| = {        0.0        0.0    3.86654 }     3.86654
   scf:   11   -14215.689661   -14215.689661   -14215.694259  0.003477 -7.043085  0.004329
     spin moment: {S} , |S| = {        0.0        0.0    3.86846 }     3.86846
   scf:   12   -14215.689625   -14215.689641   -14215.694274  0.004570 -7.043005  0.002560
     spin moment: {S} , |S| = {        0.0        0.0    3.87246 }     3.87246
   scf:   13   -14215.689624   -14215.689632   -14215.694277  0.001233 -7.042988  0.002263
     spin moment: {S} , |S| = {        0.0        0.0    3.87363 }     3.87363
   scf:   14   -14215.689618   -14215.689625   -14215.694278  0.000876 -7.042963  0.001808
     spin moment: {S} , |S| = {        0.0        0.0    3.87452 }     3.87452
   scf:   15   -14215.689601   -14215.689613   -14215.694280  0.001363 -7.042944  0.000881
     spin moment: {S} , |S| = {        0.0        0.0    3.87582 }     3.87582
   scf:   16   -14215.689595   -14215.689604   -14215.694280  0.000862 -7.042931  0.000399
     spin moment: {S} , |S| = {        0.0        0.0    3.87667 }     3.87667
   scf:   17   -14215.689599   -14215.689602   -14215.694280  0.000193 -7.042930  0.000317
     spin moment: {S} , |S| = {        0.0        0.0    3.87686 }     3.87686

SCF Convergence by DM criterion
max |DM_out - DM_in|         :     0.0001927416
max |H_out - H_in|      (eV) :     0.0003167777
SCF cycle converged after 17 iterations

Using DM_out to compute the final energy and forces
No. of atoms with KB's overlaping orbs in proc 0. Max # of overlaps:     197    1588

siesta: E_KS(eV) =           -14215.6896

siesta: Atomic forces (eV/Ang):
     1    1.220321   -0.000000   -0.000000
     2   -0.000933    0.000000    0.000000
     3   -1.219116   -0.000000    0.000000
     4    0.004283    0.000000    0.000000
     5   -0.186608   -0.000000   -0.000000
     6    0.183047   -0.000000   -0.000000
----------------------------------------
   Tot    0.000995   -0.000000   -0.000000
----------------------------------------
   Max    1.220321
   Res    0.411216    sqrt( Sum f_i^2 / 3N )
----------------------------------------
   Max    1.220321    constrained

Stress tensor Voigt[x,y,z,yz,xz,xy] (kbar):     -363.67     -550.61     -365.18        0.00        0.00        0.00
(Free)E + p*V (eV/cell)   -14197.6753
Target enthalpy (eV/cell)   -14215.6943

siesta: Stress tensor (static) (eV/Ang**3):
        -0.226982    0.000000   -0.000000
         0.000000   -0.343666    0.000000
         0.000000    0.000000   -0.227926

siesta: Pressure (static):        426.48503630  kBar

siesta: Stress tensor (total) (eV/Ang**3):
        -0.226982    0.000000   -0.000000
         0.000000   -0.343666    0.000000
         0.000000    0.000000   -0.227926

siesta: Pressure (total):        426.48503630  kBar

                     ====================================
                        Begin CG opt. move =      2
                     ====================================
k-point displ. along   1 input, could be:     0.00    0.50
k-point displ. along   2 input, could be:     0.00    0.50
k-point displ. along   3 input, could be:     0.00    0.50
 Kpoints in:           32 . Kpoints trimmed:           31

siesta: k-grid: Number of k-points = 31
siesta: k-points from Monkhorst-Pack grid
siesta: k-cutoff (effective) =     7.215 Ang
siesta: k-point supercell and displacements
siesta: k-grid:     2     0     0      0.000
siesta: k-grid:     0     6     0      0.000
siesta: k-grid:     0     0     4      0.000

superc: Internal auxiliary supercell:     5 x    13 x     9  =     585
superc: Number of atoms, orbitals, and projectors:   3510  80730  63180

outcell: Unit cell vectors (Ang):
        7.648177   -0.000000   -0.000000
       -0.000000    2.577568    0.000000
       -0.000000    0.000000    3.607647

outcell: Cell vector modules (Ang)   :    7.648177    2.577568    3.607647
outcell: Cell angles (23,13,12) (deg):     90.0000     90.0000     90.0000
outcell: Cell volume (Ang**3)        :     71.1200
<dSpData1D:S at geom step 2
  <sparsity:sparsity for geom step 2
    nrows_g=138 nrows=10 sparsity=4.6540 nnzs=88630, refcount: 7>
  <dData1D:(new from dSpData1D) n=88630, refcount: 1>
refcount: 1>
new_DM -- step:     3
Re-using DM from previous geometries...
Number of DMs in history: 1
 DM extrapolation coefficients: 
1   1.00000
New DM after history re-use:
<dSpData2D:SpM extrapolated using coords
  <sparsity:sparsity for geom step 2
    nrows_g=138 nrows=10 sparsity=4.6540 nnzs=88630, refcount: 9>
  <dData2D:(temp array for extrapolation) n=88630 m=2, refcount: 1>
refcount: 1>
Note: For starting DM, Qtot, Tr[D*S] =         82.00000000         82.24230009
No. of atoms with KB's overlaping orbs in proc 0. Max # of overlaps:     187    1570

InitMesh: MESH = 80 x 30 x 40 = 96000
InitMesh: Mesh cutoff (required, used) =   300.000   302.389 Ry
New grid distribution [1]: sub = 2
New grid distribution [2]: sub = 2
New grid distribution [3]: sub = 2
Setting up quadratic distribution...

        iscf     Eharris(eV)        E_KS(eV)     FreeEng(eV)     dDmax    Ef(eV) dHmax(eV)
   scf:    1   -14214.730499   -14213.999772   -14214.005186  2.113525 -7.181474  5.861990
     spin moment: {S} , |S| = {        0.0        0.0    3.96362 }     3.96362
   scf:    2   -13336.070603   -13930.492434   -13930.504112 31.113065 -4.405810 64.977179
     spin moment: {S} , |S| = {        0.0        0.0    2.02742 }     2.02742
   scf:    3   -14230.238289   -14216.366786   -14216.373016 30.871686 -6.939096  2.059814
     spin moment: {S} , |S| = {        0.0        0.0    4.01164 }     4.01164
   scf:    4   -14216.299717   -14216.483969   -14216.489685  0.443784 -6.833986  1.042505
     spin moment: {S} , |S| = {        0.0        0.0    4.01963 }     4.01963
   scf:    5   -14216.441263   -14216.465336   -14216.471046  0.046113 -6.832519  1.176786
     spin moment: {S} , |S| = {        0.0        0.0    4.02960 }     4.02960
   scf:    6   -14216.542147   -14216.534661   -14216.540159  0.222830 -6.888393  0.243341
     spin moment: {S} , |S| = {        0.0        0.0    4.03645 }     4.03645
   scf:    7   -14216.542961   -14216.539487   -14216.544305  0.151357 -6.875574  0.117987
     spin moment: {S} , |S| = {        0.0        0.0    4.06088 }     4.06088
   scf:    8   -14216.540209   -14216.539971   -14216.544753  0.023999 -6.868936  0.049766
     spin moment: {S} , |S| = {        0.0        0.0    4.06242 }     4.06242
   scf:    9   -14216.540415   -14216.540294   -14216.544741  0.040892 -6.861199  0.110426
     spin moment: {S} , |S| = {        0.0        0.0    4.07619 }     4.07619
   scf:   10   -14216.540787   -14216.540564   -14216.544978  0.007514 -6.861506  0.080222
     spin moment: {S} , |S| = {        0.0        0.0    4.07688 }     4.07688
   scf:   11   -14216.541566   -14216.541161   -14216.545411  0.031942 -6.851319  0.012709
     spin moment: {S} , |S| = {        0.0        0.0    4.08306 }     4.08306
   scf:   12   -14216.541221   -14216.541192   -14216.545423  0.004954 -6.849812  0.004842
     spin moment: {S} , |S| = {        0.0        0.0    4.08402 }     4.08402
   scf:   13   -14216.541228   -14216.541210   -14216.545428  0.002916 -6.849114  0.002512
     spin moment: {S} , |S| = {        0.0        0.0    4.08456 }     4.08456
   scf:   14   -14216.541232   -14216.541221   -14216.545429  0.001998 -6.848686  0.000852
     spin moment: {S} , |S| = {        0.0        0.0    4.08485 }     4.08485
   scf:   15   -14216.541222   -14216.541221   -14216.545429  0.000299 -6.848712  0.000779
     spin moment: {S} , |S| = {        0.0        0.0    4.08483 }     4.08483

SCF Convergence by DM criterion
max |DM_out - DM_in|         :     0.0002992600
max |H_out - H_in|      (eV) :     0.0007788047
SCF cycle converged after 15 iterations

Using DM_out to compute the final energy and forces
No. of atoms with KB's overlaping orbs in proc 0. Max # of overlaps:     187    1570

siesta: E_KS(eV) =           -14216.5412

siesta: Atomic forces (eV/Ang):
     1    0.593534    0.000000   -0.000000
     2   -0.000719    0.000000   -0.000000
     3   -0.593477   -0.000000    0.000000
     4    0.000126   -0.000000   -0.000000
     5    0.042472   -0.000000    0.000000
     6   -0.038020    0.000000    0.000000
----------------------------------------
   Tot    0.003917    0.000000   -0.000000
----------------------------------------
   Max    0.593534
   Res    0.198291    sqrt( Sum f_i^2 / 3N )
----------------------------------------
   Max    0.593534    constrained

Stress tensor Voigt[x,y,z,yz,xz,xy] (kbar):     -253.21     -386.31     -236.40        0.00        0.00       -0.00
(Free)E + p*V (eV/cell)   -14203.5848
Target enthalpy (eV/cell)   -14216.5454

siesta: Stress tensor (static) (eV/Ang**3):
        -0.158040   -0.000000    0.000000
        -0.000000   -0.241114    0.000000
         0.000000    0.000000   -0.147552

siesta: Pressure (static):        291.97353151  kBar

siesta: Stress tensor (total) (eV/Ang**3):
        -0.158040   -0.000000    0.000000
        -0.000000   -0.241114    0.000000
         0.000000    0.000000   -0.147552

siesta: Pressure (total):        291.97353151  kBar

                     ====================================
                        Begin CG opt. move =      3
                     ====================================
k-point displ. along   1 input, could be:     0.00    0.50
k-point displ. along   2 input, could be:     0.00    0.50
k-point displ. along   3 input, could be:     0.00    0.50
 Kpoints in:           32 . Kpoints trimmed:           31

siesta: k-grid: Number of k-points = 31
siesta: k-points from Monkhorst-Pack grid
siesta: k-cutoff (effective) =     7.320 Ang
siesta: k-point supercell and displacements
siesta: k-grid:     2     0     0      0.000
siesta: k-grid:     0     6     0      0.000
siesta: k-grid:     0     0     4      0.000

superc: Internal auxiliary supercell:     5 x    11 x     9  =     495
superc: Number of atoms, orbitals, and projectors:   2970  68310  53460

outcell: Unit cell vectors (Ang):
        7.755942   -0.000000   -0.000000
       -0.000000    2.630253    0.000000
       -0.000000    0.000000    3.659794

outcell: Cell vector modules (Ang)   :    7.755942    2.630253    3.659794
outcell: Cell angles (23,13,12) (deg):     90.0000     90.0000     90.0000
outcell: Cell volume (Ang**3)        :     74.6601
<dSpData1D:S at geom step 3
  <sparsity:sparsity for geom step 3
    nrows_g=138 nrows=10 sparsity=4.4509 nnzs=84762, refcount: 7>
  <dData1D:(new from dSpData1D) n=84762, refcount: 1>
refcount: 1>
new_DM -- step:     4
Re-using DM from previous geometries...
Number of DMs in history: 1
 DM extrapolation coefficients: 
1   1.00000
New DM after history re-use:
<dSpData2D:SpM extrapolated using coords
  <sparsity:sparsity for geom step 3
    nrows_g=138 nrows=10 sparsity=4.4509 nnzs=84762, refcount: 9>
  <dData2D:(temp array for extrapolation) n=84762 m=2, refcount: 1>
refcount: 1>
Note: For starting DM, Qtot, Tr[D*S] =         82.00000000         82.21177209
No. of atoms with KB's overlaping orbs in proc 0. Max # of overlaps:     175    1534

InitMesh: MESH = 90 x 30 x 40 = 108000
InitMesh: Mesh cutoff (required, used) =   300.000   330.148 Ry
New grid distribution [1]: sub = 2
New grid distribution [2]: sub = 2
New grid distribution [3]: sub = 2
Setting up quadratic distribution...

        iscf     Eharris(eV)        E_KS(eV)     FreeEng(eV)     dDmax    Ef(eV) dHmax(eV)
   scf:    1   -14214.312231   -14214.414487   -14214.420513  1.906727 -7.003541  6.010975
     spin moment: {S} , |S| = {        0.0        0.0    4.13790 }     4.13790
   scf:    2   -13250.096779   -13902.755443   -13902.771532 34.782411 -4.237500 66.946411
     spin moment: {S} , |S| = {        0.0        0.0    2.36698 }     2.36698
   scf:    3   -14230.629930   -14216.885661   -14216.892172 34.517919 -6.747711  2.122688
     spin moment: {S} , |S| = {        0.0        0.0    4.17334 }     4.17334
   scf:    4   -14216.483883   -14216.959293   -14216.964895  0.645506 -6.607439  1.538755
     spin moment: {S} , |S| = {        0.0        0.0    4.16111 }     4.16111
   scf:    5   -14217.075875   -14217.022510   -14217.027993  0.105487 -6.628008  1.153639
     spin moment: {S} , |S| = {        0.0        0.0    4.15750 }     4.15750
   scf:    6   -14217.090666   -14217.091887   -14217.097637  0.255134 -6.683702  0.240711
     spin moment: {S} , |S| = {        0.0        0.0    4.16130 }     4.16130
   scf:    7   -14217.095517   -14217.094852   -14217.100344  0.109929 -6.666996  0.153350
     spin moment: {S} , |S| = {        0.0        0.0    4.17143 }     4.17143
   scf:    8   -14217.095632   -14217.095434   -14217.100971  0.017951 -6.665968  0.057064
     spin moment: {S} , |S| = {        0.0        0.0    4.17541 }     4.17541
   scf:    9   -14217.094430   -14217.095236   -14217.100822  0.022431 -6.669548  0.081955
     spin moment: {S} , |S| = {        0.0        0.0    4.18705 }     4.18705
   scf:   10   -14217.095619   -14217.095439   -14217.101015  0.005188 -6.668662  0.064773
     spin moment: {S} , |S| = {        0.0        0.0    4.18834 }     4.18834
   scf:   11   -14217.095902   -14217.095758   -14217.101297  0.016544 -6.665066  0.009493
     spin moment: {S} , |S| = {        0.0        0.0    4.19455 }     4.19455
   scf:   12   -14217.095929   -14217.095834   -14217.101344  0.016105 -6.664006  0.004260
     spin moment: {S} , |S| = {        0.0        0.0    4.20380 }     4.20380
   scf:   13   -14217.095854   -14217.095844   -14217.101348  0.002399 -6.663942  0.004263
     spin moment: {S} , |S| = {        0.0        0.0    4.20513 }     4.20513
   scf:   14   -14217.095896   -14217.095869   -14217.101355  0.006379 -6.663501  0.001620
     spin moment: {S} , |S| = {        0.0        0.0    4.20848 }     4.20848
   scf:   15   -14217.095888   -14217.095878   -14217.101356  0.002637 -6.663301  0.000788
     spin moment: {S} , |S| = {        0.0        0.0    4.20989 }     4.20989
   scf:   16   -14217.095878   -14217.095878   -14217.101356  0.000127 -6.663288  0.000732
     spin moment: {S} , |S| = {        0.0        0.0    4.20992 }     4.20992

SCF Convergence by DM criterion
max |DM_out - DM_in|         :     0.0001266867
max |H_out - H_in|      (eV) :     0.0007320239
SCF cycle converged after 16 iterations

Using DM_out to compute the final energy and forces
No. of atoms with KB's overlaping orbs in proc 0. Max # of overlaps:     175    1534

siesta: E_KS(eV) =           -14217.0959

siesta: Atomic forces (eV/Ang):
     1    0.139923    0.000000    0.000000
     2   -0.000939   -0.000000   -0.000000
     3   -0.140960   -0.000000    0.000000
     4    0.001476   -0.000000   -0.000000
     5    0.204593   -0.000000   -0.000000
     6   -0.204121   -0.000000    0.000000
----------------------------------------
   Tot   -0.000029    0.000000   -0.000000
----------------------------------------
   Max    0.204593
   Res    0.082655    sqrt( Sum f_i^2 / 3N )
----------------------------------------
   Max    0.204593    constrained

Stress tensor Voigt[x,y,z,yz,xz,xy] (kbar):     -151.27     -252.44     -140.09        0.00        0.00        0.00
(Free)E + p*V (eV/cell)   -14208.6545
Target enthalpy (eV/cell)   -14217.1014

siesta: Stress tensor (static) (eV/Ang**3):
        -0.094415    0.000000    0.000000
         0.000000   -0.157560   -0.000000
         0.000000    0.000000   -0.087435

siesta: Pressure (static):        181.26514745  kBar

siesta: Stress tensor (total) (eV/Ang**3):
        -0.094415    0.000000    0.000000
         0.000000   -0.157560   -0.000000
         0.000000    0.000000   -0.087435

siesta: Pressure (total):        181.26514745  kBar

                     ====================================
                        Begin CG opt. move =      4
                     ====================================
k-point displ. along   1 input, could be:     0.00    0.50
k-point displ. along   2 input, could be:     0.00    0.50
k-point displ. along   3 input, could be:     0.00    0.50
 Kpoints in:           32 . Kpoints trimmed:           31

siesta: k-grid: Number of k-points = 31
siesta: k-points from Monkhorst-Pack grid
siesta: k-cutoff (effective) =     7.424 Ang
siesta: k-point supercell and displacements
siesta: k-grid:     2     0     0      0.000
siesta: k-grid:     0     6     0      0.000
siesta: k-grid:     0     0     4      0.000

superc: Internal auxiliary supercell:     5 x    11 x     9  =     495
superc: Number of atoms, orbitals, and projectors:   2970  68310  53460

outcell: Unit cell vectors (Ang):
        7.863707   -0.000000   -0.000000
       -0.000000    2.682938    0.000000
       -0.000000    0.000000    3.711940

outcell: Cell vector modules (Ang)   :    7.863707    2.682938    3.711940
outcell: Cell angles (23,13,12) (deg):     90.0000     90.0000     90.0000
outcell: Cell volume (Ang**3)        :     78.3139
<dSpData1D:S at geom step 4
  <sparsity:sparsity for geom step 4
    nrows_g=138 nrows=10 sparsity=4.2443 nnzs=80828, refcount: 7>
  <dData1D:(new from dSpData1D) n=80828, refcount: 1>
refcount: 1>
new_DM -- step:     5
Re-using DM from previous geometries...
Number of DMs in history: 1
 DM extrapolation coefficients: 
1   1.00000
New DM after history re-use:
<dSpData2D:SpM extrapolated using coords
  <sparsity:sparsity for geom step 4
    nrows_g=138 nrows=10 sparsity=4.2443 nnzs=80828, refcount: 9>
  <dData2D:(temp array for extrapolation) n=80828 m=2, refcount: 1>
refcount: 1>
Note: For starting DM, Qtot, Tr[D*S] =         82.00000000         82.17256442
No. of atoms with KB's overlaping orbs in proc 0. Max # of overlaps:     169    1362

InitMesh: MESH = 90 x 30 x 40 = 108000
InitMesh: Mesh cutoff (required, used) =   300.000   320.937 Ry
New grid distribution [1]: sub = 2
New grid distribution [2]: sub = 2
New grid distribution [3]: sub = 2
Setting up quadratic distribution...

        iscf     Eharris(eV)        E_KS(eV)     FreeEng(eV)     dDmax    Ef(eV) dHmax(eV)
   scf:    1   -14216.193091   -14215.449467   -14215.456047  2.023364 -6.775777  5.120641
     spin moment: {S} , |S| = {        0.0        0.0    4.27651 }     4.27651
   scf:    2   -13508.220389   -13986.804914   -13986.816659 18.560706 -4.452933 56.660604
     spin moment: {S} , |S| = {        0.0        0.0    2.89195 }     2.89195
   scf:    3   -14227.918088   -14217.274805   -14217.280119 18.296945 -6.570423  1.772283
     spin moment: {S} , |S| = {        0.0        0.0    4.29906 }     4.29906
   scf:    4   -14216.946479   -14217.312495   -14217.317800  0.420985 -6.461452  1.326551
     spin moment: {S} , |S| = {        0.0        0.0    4.29975 }     4.29975
   scf:    5   -14217.454233   -14217.413416   -14217.418581  0.198706 -6.511525  0.397669
     spin moment: {S} , |S| = {        0.0        0.0    4.30112 }     4.30112
   scf:    6   -14217.408120   -14217.416132   -14217.421261  0.086024 -6.531822  0.270499
     spin moment: {S} , |S| = {        0.0        0.0    4.30375 }     4.30375
   scf:    7   -14217.421236   -14217.420232   -14217.425160  0.076436 -6.514972  0.121754
     spin moment: {S} , |S| = {        0.0        0.0    4.30884 }     4.30884
   scf:    8   -14217.420779   -14217.420594   -14217.425427  0.045678 -6.507739  0.068577
     spin moment: {S} , |S| = {        0.0        0.0    4.31310 }     4.31310
   scf:    9   -14217.420028   -14217.420624   -14217.425500  0.015210 -6.511588  0.061053
     spin moment: {S} , |S| = {        0.0        0.0    4.32063 }     4.32063
   scf:   10   -14217.420560   -14217.420593   -14217.425471  0.001582 -6.511637  0.067212
     spin moment: {S} , |S| = {        0.0        0.0    4.32183 }     4.32183
   scf:   11   -14217.420962   -14217.420887   -14217.425760  0.012653 -6.507864  0.006487
     spin moment: {S} , |S| = {        0.0        0.0    4.32472 }     4.32472
   scf:   12   -14217.420969   -14217.420921   -14217.425796  0.011144 -6.506244  0.003812
     spin moment: {S} , |S| = {        0.0        0.0    4.33112 }     4.33112
   scf:   13   -14217.420928   -14217.420924   -14217.425799  0.001296 -6.506085  0.003922
     spin moment: {S} , |S| = {        0.0        0.0    4.33189 }     4.33189
   scf:   14   -14217.420934   -14217.420929   -14217.425802  0.001869 -6.505824  0.002559
     spin moment: {S} , |S| = {        0.0        0.0    4.33297 }     4.33297
   scf:   15   -14217.420938   -14217.420933   -14217.425805  0.002894 -6.505423  0.000989
     spin moment: {S} , |S| = {        0.0        0.0    4.33465 }     4.33465
   scf:   16   -14217.420933   -14217.420933   -14217.425805  0.000539 -6.505351  0.000769
     spin moment: {S} , |S| = {        0.0        0.0    4.33495 }     4.33495
   scf:   17   -14217.420932   -14217.420933   -14217.425805  0.000086 -6.505342  0.000686
     spin moment: {S} , |S| = {        0.0        0.0    4.33499 }     4.33499

SCF Convergence by DM criterion
max |DM_out - DM_in|         :     0.0000859644
max |H_out - H_in|      (eV) :     0.0006857703
SCF cycle converged after 17 iterations

Using DM_out to compute the final energy and forces
No. of atoms with KB's overlaping orbs in proc 0. Max # of overlaps:     169    1362

siesta: E_KS(eV) =           -14217.4209

siesta: Atomic forces (eV/Ang):
     1   -0.214528    0.000000   -0.000000
     2   -0.001146   -0.000000    0.000000
     3    0.213575   -0.000000   -0.000000
     4    0.001706    0.000000    0.000000
     5    0.304813    0.000000    0.000000
     6   -0.304482   -0.000000    0.000000
----------------------------------------
   Tot   -0.000063    0.000000    0.000000
----------------------------------------
   Max    0.304813
   Res    0.124110    sqrt( Sum f_i^2 / 3N )
----------------------------------------
   Max    0.304813    constrained

Stress tensor Voigt[x,y,z,yz,xz,xy] (kbar):      -77.61     -148.25      -65.69       -0.00        0.00        0.00
(Free)E + p*V (eV/cell)   -14212.6756
Target enthalpy (eV/cell)   -14217.4258

siesta: Stress tensor (static) (eV/Ang**3):
        -0.048443    0.000000    0.000000
         0.000000   -0.092528   -0.000000
         0.000000   -0.000000   -0.040999

siesta: Pressure (static):         97.18250126  kBar

siesta: Stress tensor (total) (eV/Ang**3):
        -0.048443    0.000000    0.000000
         0.000000   -0.092528   -0.000000
         0.000000   -0.000000   -0.040999

siesta: Pressure (total):         97.18250126  kBar

                     ====================================
                        Begin CG opt. move =      5
                     ====================================
k-point displ. along   1 input, could be:     0.00    0.50
k-point displ. along   2 input, could be:     0.00    0.50
k-point displ. along   3 input, could be:     0.00    0.50
 Kpoints in:           32 . Kpoints trimmed:           31

siesta: k-grid: Number of k-points = 31
siesta: k-points from Monkhorst-Pack grid
siesta: k-cutoff (effective) =     7.528 Ang
siesta: k-point supercell and displacements
siesta: k-grid:     2     0     0      0.000
siesta: k-grid:     0     6     0      0.000
siesta: k-grid:     0     0     4      0.000

superc: Internal auxiliary supercell:     5 x    11 x     9  =     495
superc: Number of atoms, orbitals, and projectors:   2970  68310  53460

outcell: Unit cell vectors (Ang):
        7.971472   -0.000000   -0.000000
       -0.000000    2.735623    0.000000
       -0.000000    0.000000    3.764087

outcell: Cell vector modules (Ang)   :    7.971472    2.735623    3.764087
outcell: Cell angles (23,13,12) (deg):     90.0000     90.0000     90.0000
outcell: Cell volume (Ang**3)        :     82.0832
<dSpData1D:S at geom step 5
  <sparsity:sparsity for geom step 5
    nrows_g=138 nrows=10 sparsity=4.0761 nnzs=77626, refcount: 7>
  <dData1D:(new from dSpData1D) n=77626, refcount: 1>
refcount: 1>
new_DM -- step:     6
Re-using DM from previous geometries...
Number of DMs in history: 1
 DM extrapolation coefficients: 
1   1.00000
New DM after history re-use:
<dSpData2D:SpM extrapolated using coords
  <sparsity:sparsity for geom step 5
    nrows_g=138 nrows=10 sparsity=4.0761 nnzs=77626, refcount: 9>
  <dData2D:(temp array for extrapolation) n=77626 m=2, refcount: 1>
refcount: 1>
Note: For starting DM, Qtot, Tr[D*S] =         82.00000000         82.12531890
No. of atoms with KB's overlaping orbs in proc 0. Max # of overlaps:     166    1274

InitMesh: MESH = 90 x 30 x 40 = 108000
InitMesh: Mesh cutoff (required, used) =   300.000   312.106 Ry
New grid distribution [1]: sub = 2
New grid distribution [2]: sub = 2
New grid distribution [3]: sub = 2
Setting up quadratic distribution...

        iscf     Eharris(eV)        E_KS(eV)     FreeEng(eV)     dDmax    Ef(eV) dHmax(eV)
   scf:    1   -14219.241831   -14216.755125   -14216.763096  1.533446 -6.541741  3.347580
     spin moment: {S} , |S| = {        0.0        0.0    4.48892 }     4.48892
   scf:    2   -13983.547009   -14141.702603   -14141.715244  6.591175 -5.260713 32.021507
     spin moment: {S} , |S| = {        0.0        0.0    4.68358 }     4.68358
   scf:    3   -14222.722383   -14217.514119   -14217.522973  6.495103 -6.410551  1.019035
     spin moment: {S} , |S| = {        0.0        0.0    4.44901 }     4.44901
   scf:    4   -14217.413855   -14217.510365   -14217.518496  0.184854 -6.367585  0.825085
     spin moment: {S} , |S| = {        0.0        0.0    4.43852 }     4.43852
   scf:    5   -14217.558292   -14217.541364   -14217.549616  0.053536 -6.389121  0.366180
     spin moment: {S} , |S| = {        0.0        0.0    4.44069 }     4.44069
   scf:    6   -14217.542857   -14217.545061   -14217.553397  0.034085 -6.401128  0.211748
     spin moment: {S} , |S| = {        0.0        0.0    4.44472 }     4.44472
   scf:    7   -14217.545135   -14217.546557   -14217.554754  0.088405 -6.382069  0.171445
     spin moment: {S} , |S| = {        0.0        0.0    4.45016 }     4.45016
   scf:    8   -14217.548080   -14217.547459   -14217.555707  0.022046 -6.383096  0.094825
     spin moment: {S} , |S| = {        0.0        0.0    4.45595 }     4.45595
   scf:    9   -14217.547429   -14217.547617   -14217.556210  0.034206 -6.384064  0.027310
     spin moment: {S} , |S| = {        0.0        0.0    4.47527 }     4.47527
   scf:   10   -14217.547541   -14217.547583   -14217.556215  0.004490 -6.384243  0.037034
     spin moment: {S} , |S| = {        0.0        0.0    4.47828 }     4.47828
   scf:   11   -14217.547507   -14217.547526   -14217.556480  0.027888 -6.381685  0.008397
     spin moment: {S} , |S| = {        0.0        0.0    4.50071 }     4.50071
   scf:   12   -14217.547377   -14217.547441   -14217.556554  0.014573 -6.380970  0.007122
     spin moment: {S} , |S| = {        0.0        0.0    4.51245 }     4.51245
   scf:   13   -14217.547225   -14217.547315   -14217.556626  0.018970 -6.379987  0.005095
     spin moment: {S} , |S| = {        0.0        0.0    4.52789 }     4.52789
   scf:   14   -14217.547020   -14217.547140   -14217.556675  0.022625 -6.379030  0.003958
     spin moment: {S} , |S| = {        0.0        0.0    4.54757 }     4.54757
   scf:   15   -14217.547096   -14217.547117   -14217.556679  0.002923 -6.378852  0.003168
     spin moment: {S} , |S| = {        0.0        0.0    4.55010 }     4.55010
   scf:   16   -14217.547095   -14217.547106   -14217.556680  0.001472 -6.378771  0.002733
     spin moment: {S} , |S| = {        0.0        0.0    4.55135 }     4.55135
   scf:   17   -14217.547075   -14217.547090   -14217.556683  0.002224 -6.378629  0.002131
     spin moment: {S} , |S| = {        0.0        0.0    4.55312 }     4.55312
   scf:   18   -14217.547023   -14217.547056   -14217.556686  0.004741 -6.378359  0.001922
     spin moment: {S} , |S| = {        0.0        0.0    4.55699 }     4.55699
   scf:   19   -14217.546972   -14217.547012   -14217.556689  0.005850 -6.378036  0.001729
     spin moment: {S} , |S| = {        0.0        0.0    4.56182 }     4.56182
   scf:   20   -14217.546962   -14217.546987   -14217.556690  0.003346 -6.377861  0.001294
     spin moment: {S} , |S| = {        0.0        0.0    4.56472 }     4.56472
   scf:   21   -14217.546961   -14217.546974   -14217.556690  0.001599 -6.377783  0.000899
     spin moment: {S} , |S| = {        0.0        0.0    4.56614 }     4.56614
   scf:   22   -14217.546960   -14217.546967   -14217.556691  0.000788 -6.377752  0.000652
     spin moment: {S} , |S| = {        0.0        0.0    4.56683 }     4.56683
   scf:   23   -14217.546960   -14217.546963   -14217.556691  0.000393 -6.377738  0.000453
     spin moment: {S} , |S| = {        0.0        0.0    4.56717 }     4.56717

SCF Convergence by DM criterion
max |DM_out - DM_in|         :     0.0003934950
max |H_out - H_in|      (eV) :     0.0004529383
SCF cycle converged after 23 iterations

Using DM_out to compute the final energy and forces
No. of atoms with KB's overlaping orbs in proc 0. Max # of overlaps:     166    1274

siesta: E_KS(eV) =           -14217.5470

siesta: Atomic forces (eV/Ang):
     1   -0.486693    0.000000    0.000000
     2   -0.001296    0.000000   -0.000000
     3    0.485534   -0.000000    0.000000
     4    0.002315   -0.000000   -0.000000
     5    0.338899   -0.000000   -0.000000
     6   -0.338833   -0.000000   -0.000000
----------------------------------------
   Tot   -0.000075   -0.000000   -0.000000
----------------------------------------
   Max    0.486693
   Res    0.197524    sqrt( Sum f_i^2 / 3N )
----------------------------------------
   Max    0.486693    constrained

Stress tensor Voigt[x,y,z,yz,xz,xy] (kbar):      -28.64      -64.37      -13.48        0.00        0.00        0.00
(Free)E + p*V (eV/cell)   -14215.7382
Target enthalpy (eV/cell)   -14217.5567

siesta: Stress tensor (static) (eV/Ang**3):
        -0.017874    0.000000    0.000000
         0.000000   -0.040177    0.000000
         0.000000    0.000000   -0.008411

siesta: Pressure (static):         35.49437320  kBar

siesta: Stress tensor (total) (eV/Ang**3):
        -0.017874    0.000000    0.000000
         0.000000   -0.040177    0.000000
         0.000000    0.000000   -0.008411

siesta: Pressure (total):         35.49437320  kBar

                     ====================================
                        Begin CG opt. move =      6
                     ====================================
k-point displ. along   1 input, could be:     0.00    0.50
k-point displ. along   2 input, could be:     0.00    0.50
k-point displ. along   3 input, could be:     0.00    0.50
 Kpoints in:           32 . Kpoints trimmed:           31

siesta: k-grid: Number of k-points = 31
siesta: k-points from Monkhorst-Pack grid
siesta: k-cutoff (effective) =     7.632 Ang
siesta: k-point supercell and displacements
siesta: k-grid:     2     0     0      0.000
siesta: k-grid:     0     6     0      0.000
siesta: k-grid:     0     0     4      0.000

superc: Internal auxiliary supercell:     5 x    11 x     9  =     495
superc: Number of atoms, orbitals, and projectors:   2970  68310  53460

outcell: Unit cell vectors (Ang):
        8.079237   -0.000000   -0.000000
       -0.000000    2.788309    0.000000
       -0.000000    0.000000    3.816234

outcell: Cell vector modules (Ang)   :    8.079237    2.788309    3.816234
outcell: Cell angles (23,13,12) (deg):     90.0000     90.0000     90.0000
outcell: Cell volume (Ang**3)        :     85.9699
<dSpData1D:S at geom step 6
  <sparsity:sparsity for geom step 6
    nrows_g=138 nrows=10 sparsity=3.8919 nnzs=74118, refcount: 7>
  <dData1D:(new from dSpData1D) n=74118, refcount: 1>
refcount: 1>
new_DM -- step:     7
Re-using DM from previous geometries...
Number of DMs in history: 1
 DM extrapolation coefficients: 
1   1.00000
New DM after history re-use:
<dSpData2D:SpM extrapolated using coords
  <sparsity:sparsity for geom step 6
    nrows_g=138 nrows=10 sparsity=3.8919 nnzs=74118, refcount: 9>
  <dData2D:(temp array for extrapolation) n=74118 m=2, refcount: 1>
refcount: 1>
No. of atoms with KB's overlaping orbs in proc 0. Max # of overlaps:     164    1230

InitMesh: MESH = 90 x 30 x 40 = 108000
InitMesh: Mesh cutoff (required, used) =   300.000   303.635 Ry
New grid distribution [1]: sub = 2
New grid distribution [2]: sub = 2
New grid distribution [3]: sub = 2
Setting up quadratic distribution...

        iscf     Eharris(eV)        E_KS(eV)     FreeEng(eV)     dDmax    Ef(eV) dHmax(eV)
   scf:    1   -14220.525763   -14217.449765   -14217.457950  1.423300 -6.338819  1.550596
     spin moment: {S} , |S| = {        0.0        0.0    4.85671 }     4.85671
   scf:    2   -14197.533738   -14211.075384   -14211.086201  1.159213 -5.958708  9.716513
     spin moment: {S} , |S| = {        0.0        0.0    4.98884 }     4.98884
   scf:    3   -14218.043574   -14217.540296   -14217.548542  1.119195 -6.299577  0.543790
     spin moment: {S} , |S| = {        0.0        0.0    4.89207 }     4.89207
   scf:    4   -14217.549320   -14217.547360   -14217.555331  0.067053 -6.294867  0.231105
     spin moment: {S} , |S| = {        0.0        0.0    4.91188 }     4.91188
   scf:    5   -14217.538065   -14217.547308   -14217.554586  0.079960 -6.309720  0.358923
     spin moment: {S} , |S| = {        0.0        0.0    4.93146 }     4.93146
   scf:    6   -14217.554284   -14217.550972   -14217.558105  0.037557 -6.303000  0.249992
     spin moment: {S} , |S| = {        0.0        0.0    4.94735 }     4.94735
   scf:    7   -14217.553167   -14217.554381   -14217.561566  0.034738 -6.285728  0.109359
     spin moment: {S} , |S| = {        0.0        0.0    4.97198 }     4.97198
   scf:    8   -14217.557097   -14217.556241   -14217.563209  0.042425 -6.292480  0.100149
     spin moment: {S} , |S| = {        0.0        0.0    5.01719 }     5.01719
   scf:    9   -14217.555155   -14217.555784   -14217.562750  0.046793 -6.294660  0.197078
     spin moment: {S} , |S| = {        0.0        0.0    5.05936 }     5.05936
   scf:   10   -14217.558959   -14217.557529   -14217.564624  0.035484 -6.289270  0.099142
     spin moment: {S} , |S| = {        0.0        0.0    5.09192 }     5.09192
   scf:   11   -14217.558330   -14217.558063   -14217.565259  0.039550 -6.284098  0.014309
     spin moment: {S} , |S| = {        0.0        0.0    5.12978 }     5.12978
   scf:   12   -14217.558132   -14217.558103   -14217.565286  0.005457 -6.284264  0.012650
     spin moment: {S} , |S| = {        0.0        0.0    5.13401 }     5.13401
   scf:   13   -14217.558098   -14217.558098   -14217.565304  0.008017 -6.283847  0.002907
     spin moment: {S} , |S| = {        0.0        0.0    5.14002 }     5.14002
   scf:   14   -14217.558098   -14217.558098   -14217.565305  0.000432 -6.283853  0.002166
     spin moment: {S} , |S| = {        0.0        0.0    5.14012 }     5.14012

SCF Convergence by DM criterion
max |DM_out - DM_in|         :     0.0004316988
max |H_out - H_in|      (eV) :     0.0021658190
SCF cycle converged after 14 iterations

Using DM_out to compute the final energy and forces
No. of atoms with KB's overlaping orbs in proc 0. Max # of overlaps:     164    1230

siesta: E_KS(eV) =           -14217.5581

siesta: Atomic forces (eV/Ang):
     1   -0.698655    0.000000   -0.000000
     2   -0.001493    0.000000   -0.000000
     3    0.697329   -0.000000    0.000000
     4    0.002142   -0.000000    0.000000
     5    0.246363   -0.000000    0.000000
     6   -0.245861    0.000000   -0.000000
----------------------------------------
   Tot   -0.000175   -0.000000    0.000000
----------------------------------------
   Max    0.698655
   Res    0.246704    sqrt( Sum f_i^2 / 3N )
----------------------------------------
   Max    0.698655    constrained

Stress tensor Voigt[x,y,z,yz,xz,xy] (kbar):      -14.58       -5.12       14.97        0.00       -0.00        0.00
(Free)E + p*V (eV/cell)   -14217.4807
Target enthalpy (eV/cell)   -14217.5653

siesta: Stress tensor (static) (eV/Ang**3):
        -0.009103    0.000000   -0.000000
         0.000000   -0.003196    0.000000
        -0.000000    0.000000    0.009346

siesta: Pressure (static):          1.57683665  kBar

siesta: Stress tensor (total) (eV/Ang**3):
        -0.009103    0.000000   -0.000000
         0.000000   -0.003196    0.000000
        -0.000000    0.000000    0.009346

siesta: Pressure (total):          1.57683665  kBar

                     ====================================
                        Begin CG opt. move =      7
                     ====================================
k-point displ. along   1 input, could be:     0.00    0.50
k-point displ. along   2 input, could be:     0.00    0.50
k-point displ. along   3 input, could be:     0.00    0.50
 Kpoints in:           32 . Kpoints trimmed:           31

siesta: k-grid: Number of k-points = 31
siesta: k-points from Monkhorst-Pack grid
siesta: k-cutoff (effective) =     7.587 Ang
siesta: k-point supercell and displacements
siesta: k-grid:     2     0     0      0.000
siesta: k-grid:     0     6     0      0.000
siesta: k-grid:     0     0     4      0.000

superc: Internal auxiliary supercell:     5 x    11 x     9  =     495
superc: Number of atoms, orbitals, and projectors:   2970  68310  53460

outcell: Unit cell vectors (Ang):
        8.031815   -0.000000   -0.000000
       -0.000000    2.765124    0.000000
       -0.000000    0.000000    3.793286

outcell: Cell vector modules (Ang)   :    8.031815    2.765124    3.793286
outcell: Cell angles (23,13,12) (deg):     90.0000     90.0000     90.0000
outcell: Cell volume (Ang**3)        :     84.2450
<dSpData1D:S at geom step 7
  <sparsity:sparsity for geom step 7
    nrows_g=138 nrows=10 sparsity=4.0102 nnzs=76370, refcount: 7>
  <dData1D:(new from dSpData1D) n=76370, refcount: 1>
refcount: 1>
new_DM -- step:     8
Re-using DM from previous geometries...
Number of DMs in history: 1
 DM extrapolation coefficients: 
1   1.00000
New DM after history re-use:
<dSpData2D:SpM extrapolated using coords
  <sparsity:sparsity for geom step 7
    nrows_g=138 nrows=10 sparsity=4.0102 nnzs=76370, refcount: 9>
  <dData2D:(temp array for extrapolation) n=76370 m=2, refcount: 1>
refcount: 1>
No. of atoms with KB's overlaping orbs in proc 0. Max # of overlaps:     166    1274

InitMesh: MESH = 90 x 30 x 40 = 108000
InitMesh: Mesh cutoff (required, used) =   300.000   307.320 Ry
New grid distribution [1]: sub = 2
New grid distribution [2]: sub = 2
New grid distribution [3]: sub = 2
Setting up quadratic distribution...

        iscf     Eharris(eV)        E_KS(eV)     FreeEng(eV)     dDmax    Ef(eV) dHmax(eV)
   scf:    1   -14216.459619   -14217.525731   -14217.532415  1.024842 -6.358164  0.886762
     spin moment: {S} , |S| = {        0.0        0.0    5.00665 }     5.00665
   scf:    2   -14206.397752   -14213.951426   -14213.961251  1.341057 -5.943963  8.026459
     spin moment: {S} , |S| = {        0.0        0.0    5.05501 }     5.05501
   scf:    3   -14217.872803   -14217.566707   -14217.573638  1.249568 -6.318790  0.104195
     spin moment: {S} , |S| = {        0.0        0.0    5.02413 }     5.02413
   scf:    4   -14217.567406   -14217.567261   -14217.574164  0.017266 -6.315061  0.096896
     spin moment: {S} , |S| = {        0.0        0.0    5.02438 }     5.02438
   scf:    5   -14217.568276   -14217.567823   -14217.574619  0.031306 -6.318865  0.035406
     spin moment: {S} , |S| = {        0.0        0.0    5.01723 }     5.01723
   scf:    6   -14217.568154   -14217.568023   -14217.574741  0.030095 -6.322640  0.055200
     spin moment: {S} , |S| = {        0.0        0.0    5.00930 }     5.00930
   scf:    7   -14217.567906   -14217.568101   -14217.574883  0.010743 -6.320932  0.038230
     spin moment: {S} , |S| = {        0.0        0.0    5.00252 }     5.00252
   scf:    8   -14217.567900   -14217.568016   -14217.574821  0.010433 -6.320286  0.068138
     spin moment: {S} , |S| = {        0.0        0.0    4.99330 }     4.99330
   scf:    9   -14217.568420   -14217.568215   -14217.575013  0.011276 -6.321409  0.056581
     spin moment: {S} , |S| = {        0.0        0.0    4.98274 }     4.98274
   scf:   10   -14217.568388   -14217.568306   -14217.575091  0.002304 -6.321829  0.040439
     spin moment: {S} , |S| = {        0.0        0.0    4.98081 }     4.98081
   scf:   11   -14217.568508   -14217.568421   -14217.575194  0.009477 -6.322795  0.003546
     spin moment: {S} , |S| = {        0.0        0.0    4.97066 }     4.97066
   scf:   12   -14217.568403   -14217.568408   -14217.575205  0.005892 -6.322752  0.002125
     spin moment: {S} , |S| = {        0.0        0.0    4.96414 }     4.96414
   scf:   13   -14217.568407   -14217.568407   -14217.575205  0.000349 -6.322758  0.001520
     spin moment: {S} , |S| = {        0.0        0.0    4.96378 }     4.96378

SCF Convergence by DM criterion
max |DM_out - DM_in|         :     0.0003494135
max |H_out - H_in|      (eV) :     0.0015203452
SCF cycle converged after 13 iterations

Using DM_out to compute the final energy and forces
No. of atoms with KB's overlaping orbs in proc 0. Max # of overlaps:     166    1274

siesta: E_KS(eV) =           -14217.5684

siesta: Atomic forces (eV/Ang):
     1   -0.577809    0.000000   -0.000000
     2   -0.004860   -0.000000    0.000000
     3    0.576154   -0.000000    0.000000
     4    0.006063    0.000000   -0.000000
     5    0.238209    0.000000    0.000000
     6   -0.237976   -0.000000   -0.000000
----------------------------------------
   Tot   -0.000220   -0.000000    0.000000
----------------------------------------
   Max    0.577809
   Res    0.208067    sqrt( Sum f_i^2 / 3N )
----------------------------------------
   Max    0.577809    constrained

Stress tensor Voigt[x,y,z,yz,xz,xy] (kbar):      -23.69      -31.94       -2.42       -0.00       -0.00       -0.00
(Free)E + p*V (eV/cell)   -14216.5578
Target enthalpy (eV/cell)   -14217.5752

siesta: Stress tensor (static) (eV/Ang**3):
        -0.014783   -0.000000   -0.000000
        -0.000000   -0.019935   -0.000000
        -0.000000   -0.000000   -0.001512

siesta: Pressure (static):         19.34945183  kBar

siesta: Stress tensor (total) (eV/Ang**3):
        -0.014783   -0.000000   -0.000000
        -0.000000   -0.019935   -0.000000
        -0.000000   -0.000000   -0.001512

siesta: Pressure (total):         19.34945183  kBar

cgvc: Finished line minimization    1.  Mean atomic displacement =    0.1401

                     ====================================
                        Begin CG opt. move =      8
                     ====================================
k-point displ. along   1 input, could be:     0.00    0.50
k-point displ. along   2 input, could be:     0.00    0.50
k-point displ. along   3 input, could be:     0.00    0.50
 Kpoints in:           32 . Kpoints trimmed:           31

siesta: k-grid: Number of k-points = 31
siesta: k-points from Monkhorst-Pack grid
siesta: k-cutoff (effective) =     7.600 Ang
siesta: k-point supercell and displacements
siesta: k-grid:     2     0     0      0.000
siesta: k-grid:     0     6     0      0.000
siesta: k-grid:     0     0     4      0.000

superc: Internal auxiliary supercell:     5 x    11 x     9  =     495
superc: Number of atoms, orbitals, and projectors:   2970  68310  53460

outcell: Unit cell vectors (Ang):
        8.104119    0.000000    0.000000
        0.000000    2.797923    0.000000
        0.000000    0.000000    3.800075

outcell: Cell vector modules (Ang)   :    8.104119    2.797923    3.800075
outcell: Cell angles (23,13,12) (deg):     90.0000     90.0000     90.0000
outcell: Cell volume (Ang**3)        :     86.1656
<dSpData1D:S at geom step 8
  <sparsity:sparsity for geom step 8
    nrows_g=138 nrows=10 sparsity=3.9189 nnzs=74631, refcount: 7>
  <dData1D:(new from dSpData1D) n=74631, refcount: 1>
refcount: 1>
new_DM -- step:     9
Re-using DM from previous geometries...
Number of DMs in history: 1
 DM extrapolation coefficients: 
1   1.00000
New DM after history re-use:
<dSpData2D:SpM extrapolated using coords
  <sparsity:sparsity for geom step 8
    nrows_g=138 nrows=10 sparsity=3.9189 nnzs=74631, refcount: 9>
  <dData2D:(temp array for extrapolation) n=74631 m=2, refcount: 1>
refcount: 1>
No. of atoms with KB's overlaping orbs in proc 0. Max # of overlaps:     166    1236

InitMesh: MESH = 90 x 30 x 40 = 108000
InitMesh: Mesh cutoff (required, used) =   300.000   306.223 Ry
New grid distribution [1]: sub = 2
New grid distribution [2]: sub = 2
New grid distribution [3]: sub = 2
Setting up quadratic distribution...

        iscf     Eharris(eV)        E_KS(eV)     FreeEng(eV)     dDmax    Ef(eV) dHmax(eV)
   scf:    1   -14216.466791   -14216.736835   -14216.749444  1.048407 -6.381326  3.433524
     spin moment: {S} , |S| = {        0.0        0.0    4.89363 }     4.89363
   scf:    2   -13952.364387   -14131.596955   -14131.606837  6.948464 -5.115321 34.238436
     spin moment: {S} , |S| = {        0.0        0.0    5.30037 }     5.30037
   scf:    3   -14223.793443   -14217.547711   -14217.562206  6.801301 -6.254122  0.805818
     spin moment: {S} , |S| = {        0.0        0.0    5.02218 }     5.02218
   scf:    4   -14217.504785   -14217.552400   -14217.567278  0.187683 -6.243879  0.611988
     spin moment: {S} , |S| = {        0.0        0.0    5.10290 }     5.10290
   scf:    5   -14217.575320   -14217.566051   -14217.581013  0.048808 -6.254663  0.374902
     spin moment: {S} , |S| = {        0.0        0.0    5.09066 }     5.09066
   scf:    6   -14217.570551   -14217.570739   -14217.585723  0.061709 -6.263845  0.102361
     spin moment: {S} , |S| = {        0.0        0.0    5.07595 }     5.07595
   scf:    7   -14217.573417   -14217.572262   -14217.587300  0.063579 -6.259057  0.060759
     spin moment: {S} , |S| = {        0.0        0.0    5.10760 }     5.10760
   scf:    8   -14217.569242   -14217.571400   -14217.586420  0.042110 -6.261894  0.136671
     spin moment: {S} , |S| = {        0.0        0.0    5.11056 }     5.11056
   scf:    9   -14217.573522   -14217.573085   -14217.588169  0.054963 -6.256132  0.032496
     spin moment: {S} , |S| = {        0.0        0.0    5.15978 }     5.15978
   scf:   10   -14217.573511   -14217.573288   -14217.588367  0.012164 -6.255975  0.031857
     spin moment: {S} , |S| = {        0.0        0.0    5.17417 }     5.17417
   scf:   11   -14217.573511   -14217.573414   -14217.588480  0.009245 -6.256179  0.020084
     spin moment: {S} , |S| = {        0.0        0.0    5.17959 }     5.17959
   scf:   12   -14217.573600   -14217.573506   -14217.588564  0.005069 -6.256013  0.018547
     spin moment: {S} , |S| = {        0.0        0.0    5.18597 }     5.18597
   scf:   13   -14217.573382   -14217.573443   -14217.588506  0.003495 -6.256046  0.019284
     spin moment: {S} , |S| = {        0.0        0.0    5.18165 }     5.18165
   scf:   14   -14217.573247   -14217.573343   -14217.588410  0.005843 -6.256124  0.019300
     spin moment: {S} , |S| = {        0.0        0.0    5.17448 }     5.17448
   scf:   15   -14217.572926   -14217.573120   -14217.588181  0.014098 -6.256379  0.019782
     spin moment: {S} , |S| = {        0.0        0.0    5.15708 }     5.15708
   scf:   16   -14217.572312   -14217.572563   -14217.587437  0.047076 -6.257275  0.020239
     spin moment: {S} , |S| = {        0.0        0.0    5.09973 }     5.09973
   scf:   17   -14217.572591   -14217.572127   -14217.586161  0.079182 -6.259326  0.023296
     spin moment: {S} , |S| = {        0.0        0.0    5.00203 }     5.00203
   scf:   18   -14217.585949   -14217.575275   -14217.589896  0.226154 -6.253970  0.028264
     spin moment: {S} , |S| = {        0.0        0.0    5.28616 }     5.28616
   scf:   19   -14217.575213   -14217.575244   -14217.589877  0.001301 -6.253963  0.028056
     spin moment: {S} , |S| = {        0.0        0.0    5.28453 }     5.28453
   scf:   20   -14217.575715   -14217.575474   -14217.590022  0.007521 -6.253663  0.028083
     spin moment: {S} , |S| = {        0.0        0.0    5.29501 }     5.29501
   scf:   21   -14217.573664   -14217.574449   -14217.589334  0.036301 -6.255012  0.027522
     spin moment: {S} , |S| = {        0.0        0.0    5.24515 }     5.24515
   scf:   22   -14217.573228   -14217.572455   -14217.587083  0.134009 -6.258771  0.028192
     spin moment: {S} , |S| = {        0.0        0.0    5.07404 }     5.07404
   scf:   23   -14217.583699   -14217.569520   -14217.577962  0.293819 -6.277100  0.123025
     spin moment: {S} , |S| = {        0.0        0.0    4.67682 }     4.67682
   scf:   24   -14217.578717   -14217.571970   -14217.583864  0.130996 -6.266924  0.057065
     spin moment: {S} , |S| = {        0.0        0.0    4.86721 }     4.86721
   scf:   25   -14217.575257   -14217.572305   -14217.586446  0.126790 -6.260088  0.040418
     spin moment: {S} , |S| = {        0.0        0.0    5.02859 }     5.02859
   scf:   26   -14217.583616   -14217.575086   -14217.589672  0.193497 -6.254503  0.044699
     spin moment: {S} , |S| = {        0.0        0.0    5.27544 }     5.27544
   scf:   27   -14217.580766   -14217.577482   -14217.590988  0.067161 -6.251614  0.048075
     spin moment: {S} , |S| = {        0.0        0.0    5.37092 }     5.37092
   scf:   28   -14217.578565   -14217.578008   -14217.591230  0.012006 -6.250951  0.047846
     spin moment: {S} , |S| = {        0.0        0.0    5.38847 }     5.38847
   scf:   29   -14217.577283   -14217.577638   -14217.591067  0.008558 -6.251482  0.046821
     spin moment: {S} , |S| = {        0.0        0.0    5.37604 }     5.37604
   scf:   30   -14217.581175   -14217.579268   -14217.591759  0.035586 -6.249140  0.046336
     spin moment: {S} , |S| = {        0.0        0.0    5.42780 }     5.42780
   scf:   31   -14217.577835   -14217.578521   -14217.591447  0.016161 -6.250690  0.044801
     spin moment: {S} , |S| = {        0.0        0.0    5.40356 }     5.40356
   scf:   32   -14217.576480   -14217.577447   -14217.591026  0.026868 -6.252156  0.033035
     spin moment: {S} , |S| = {        0.0        0.0    5.36696 }     5.36696
   scf:   33   -14217.577114   -14217.577286   -14217.590982  0.005431 -6.252497  0.020190
     spin moment: {S} , |S| = {        0.0        0.0    5.36136 }     5.36136
   scf:   34   -14217.583483   -14217.580005   -14217.592120  0.059390 -6.248409  0.018963
     spin moment: {S} , |S| = {        0.0        0.0    5.44714 }     5.44714
   scf:   35   -14217.587586   -14217.583244   -14217.592940  0.072909 -6.239682  0.010085
     spin moment: {S} , |S| = {        0.0        0.0    5.54442 }     5.54442
   scf:   36   -14217.579638   -14217.581205   -14217.592504  0.048809 -6.246528  0.015638
     spin moment: {S} , |S| = {        0.0        0.0    5.48132 }     5.48132
   scf:   37   -14217.585687   -14217.583211   -14217.592954  0.046792 -6.240219  0.007492
     spin moment: {S} , |S| = {        0.0        0.0    5.54312 }     5.54312
   scf:   38   -14217.585240   -14217.584138   -14217.592962  0.030162 -6.234589  0.009918
     spin moment: {S} , |S| = {        0.0        0.0    5.57831 }     5.57831
   scf:   39   -14217.584245   -14217.584192   -14217.592955  0.002558 -6.234211  0.010267
     spin moment: {S} , |S| = {        0.0        0.0    5.58057 }     5.58057
   scf:   40   -14217.580094   -14217.581685   -14217.592664  0.069396 -6.245620  0.016963
     spin moment: {S} , |S| = {        0.0        0.0    5.49589 }     5.49589
   scf:   41   -14217.585706   -14217.583483   -14217.592997  0.045236 -6.238897  0.004483
     spin moment: {S} , |S| = {        0.0        0.0    5.55341 }     5.55341
   scf:   42   -14217.583613   -14217.583547   -14217.593001  0.002064 -6.238521  0.002643
     spin moment: {S} , |S| = {        0.0        0.0    5.55590 }     5.55590
   scf:   43   -14217.583585   -14217.583566   -14217.593003  0.000673 -6.238379  0.001995
     spin moment: {S} , |S| = {        0.0        0.0    5.55670 }     5.55670
   scf:   44   -14217.583739   -14217.583652   -14217.593005  0.002900 -6.237818  0.001086
     spin moment: {S} , |S| = {        0.0        0.0    5.56004 }     5.56004
   scf:   45   -14217.583636   -14217.583644   -14217.593005  0.000563 -6.237830  0.000641
     spin moment: {S} , |S| = {        0.0        0.0    5.55990 }     5.55990
   scf:   46   -14217.583647   -14217.583646   -14217.593005  0.000370 -6.237801  0.000466
     spin moment: {S} , |S| = {        0.0        0.0    5.56009 }     5.56009

SCF Convergence by DM criterion
max |DM_out - DM_in|         :     0.0003696279
max |H_out - H_in|      (eV) :     0.0004658591
SCF cycle converged after 46 iterations

Using DM_out to compute the final energy and forces
No. of atoms with KB's overlaping orbs in proc 0. Max # of overlaps:     166    1236

siesta: E_KS(eV) =           -14217.5836

siesta: Atomic forces (eV/Ang):
     1    0.391999    0.000000    0.000000
     2    0.005012    0.000000   -0.000000
     3   -0.392129   -0.000000    0.000000
     4   -0.005446    0.000000    0.000000
     5   -0.184773    0.000000    0.000000
     6    0.184562    0.000000   -0.000000
----------------------------------------
   Tot   -0.000775    0.000000   -0.000001
----------------------------------------
   Max    0.392129
   Res    0.144470    sqrt( Sum f_i^2 / 3N )
----------------------------------------
   Max    0.392129    constrained

Stress tensor Voigt[x,y,z,yz,xz,xy] (kbar):        7.22       -9.60        2.84       -0.00       -0.00       -0.00
(Free)E + p*V (eV/cell)   -14217.6013
Target enthalpy (eV/cell)   -14217.5930

siesta: Stress tensor (static) (eV/Ang**3):
         0.004506    0.000000    0.000000
        -0.000000   -0.005990   -0.000000
        -0.000000   -0.000000    0.001771

siesta: Pressure (static):         -0.15340420  kBar

siesta: Stress tensor (total) (eV/Ang**3):
         0.004506    0.000000    0.000000
        -0.000000   -0.005990   -0.000000
        -0.000000   -0.000000    0.001771

siesta: Pressure (total):         -0.15340420  kBar

                     ====================================
                        Begin CG opt. move =      9
                     ====================================
k-point displ. along   1 input, could be:     0.00    0.50
k-point displ. along   2 input, could be:     0.00    0.50
k-point displ. along   3 input, could be:     0.00    0.50
 Kpoints in:           32 . Kpoints trimmed:           31

siesta: k-grid: Number of k-points = 31
siesta: k-points from Monkhorst-Pack grid
siesta: k-cutoff (effective) =     7.595 Ang
siesta: k-point supercell and displacements
siesta: k-grid:     2     0     0      0.000
siesta: k-grid:     0     6     0      0.000
siesta: k-grid:     0     0     4      0.000

superc: Internal auxiliary supercell:     5 x    11 x     9  =     495
superc: Number of atoms, orbitals, and projectors:   2970  68310  53460

outcell: Unit cell vectors (Ang):
        8.078247    0.000000    0.000000
        0.000000    2.786187    0.000000
        0.000000    0.000000    3.797646

outcell: Cell vector modules (Ang)   :    8.078247    2.786187    3.797646
outcell: Cell angles (23,13,12) (deg):     90.0000     90.0000     90.0000
outcell: Cell volume (Ang**3)        :     85.4755
<dSpData1D:S at geom step 9
  <sparsity:sparsity for geom step 9
    nrows_g=138 nrows=10 sparsity=3.9625 nnzs=75462, refcount: 7>
  <dData1D:(new from dSpData1D) n=75462, refcount: 1>
refcount: 1>
new_DM -- step:    10
Re-using DM from previous geometries...
Number of DMs in history: 1
 DM extrapolation coefficients: 
1   1.00000
New DM after history re-use:
<dSpData2D:SpM extrapolated using coords
  <sparsity:sparsity for geom step 9
    nrows_g=138 nrows=10 sparsity=3.9625 nnzs=75462, refcount: 9>
  <dData2D:(temp array for extrapolation) n=75462 m=2, refcount: 1>
refcount: 1>
No. of atoms with KB's overlaping orbs in proc 0. Max # of overlaps:     166    1239

InitMesh: MESH = 90 x 30 x 40 = 108000
InitMesh: Mesh cutoff (required, used) =   300.000   306.615 Ry
New grid distribution [1]: sub = 2
New grid distribution [2]: sub = 2
New grid distribution [3]: sub = 2
Setting up quadratic distribution...

        iscf     Eharris(eV)        E_KS(eV)     FreeEng(eV)     dDmax    Ef(eV) dHmax(eV)
   scf:    1   -14217.053097   -14217.564755   -14217.574983  0.444928 -6.240372  0.843890
     spin moment: {S} , |S| = {        0.0        0.0    5.46127 }     5.46127
   scf:    2   -14210.041640   -14215.169802   -14215.178574  0.909005 -6.518999  5.651136
     spin moment: {S} , |S| = {        0.0        0.0    5.10174 }     5.10174
   scf:    3   -14217.936440   -14217.602786   -14217.612766  0.592354 -6.265063  0.227621
     spin moment: {S} , |S| = {        0.0        0.0    5.39721 }     5.39721
   scf:    4   -14217.595764   -14217.602380   -14217.612779  0.091846 -6.248611  0.199943
     spin moment: {S} , |S| = {        0.0        0.0    5.40538 }     5.40538
   scf:    5   -14217.602773   -14217.604874   -14217.615201  0.091688 -6.259844  0.132171
     spin moment: {S} , |S| = {        0.0        0.0    5.38329 }     5.38329
   scf:    6   -14217.602432   -14217.603839   -14217.614256  0.021924 -6.264685  0.186619
     spin moment: {S} , |S| = {        0.0        0.0    5.37316 }     5.37316
   scf:    7   -14217.604721   -14217.605329   -14217.616282  0.040639 -6.260910  0.035163
     spin moment: {S} , |S| = {        0.0        0.0    5.36327 }     5.36327
   scf:    8   -14217.605019   -14217.605189   -14217.616355  0.014380 -6.260840  0.067219
     spin moment: {S} , |S| = {        0.0        0.0    5.34782 }     5.34782
   scf:    9   -14217.605416   -14217.605478   -14217.616861  0.042619 -6.268571  0.047564
     spin moment: {S} , |S| = {        0.0        0.0    5.30928 }     5.30928
   scf:   10   -14217.605532   -14217.605528   -14217.617147  0.020144 -6.267754  0.019492
     spin moment: {S} , |S| = {        0.0        0.0    5.28608 }     5.28608
   scf:   11   -14217.606249   -14217.605708   -14217.617565  0.045276 -6.269972  0.015114
     spin moment: {S} , |S| = {        0.0        0.0    5.22799 }     5.22799
   scf:   12   -14217.605823   -14217.605762   -14217.617627  0.007328 -6.270662  0.010614
     spin moment: {S} , |S| = {        0.0        0.0    5.21851 }     5.21851
   scf:   13   -14217.606602   -14217.605981   -14217.617919  0.048580 -6.272521  0.006649
     spin moment: {S} , |S| = {        0.0        0.0    5.15945 }     5.15945
   scf:   14   -14217.606519   -14217.606137   -14217.618044  0.040715 -6.273524  0.005411
     spin moment: {S} , |S| = {        0.0        0.0    5.11445 }     5.11445
   scf:   15   -14217.606187   -14217.606160   -14217.618057  0.006259 -6.273617  0.005364
     spin moment: {S} , |S| = {        0.0        0.0    5.10757 }     5.10757
   scf:   16   -14217.606176   -14217.606167   -14217.618061  0.002572 -6.273692  0.005284
     spin moment: {S} , |S| = {        0.0        0.0    5.10486 }     5.10486
   scf:   17   -14217.606182   -14217.606175   -14217.618063  0.001280 -6.273748  0.003824
     spin moment: {S} , |S| = {        0.0        0.0    5.10551 }     5.10551
   scf:   18   -14217.606236   -14217.606203   -14217.618075  0.005837 -6.274042  0.003089
     spin moment: {S} , |S| = {        0.0        0.0    5.09923 }     5.09923
   scf:   19   -14217.606344   -14217.606255   -14217.618095  0.017138 -6.274643  0.001775
     spin moment: {S} , |S| = {        0.0        0.0    5.08155 }     5.08155
   scf:   20   -14217.606297   -14217.606273   -14217.618099  0.007771 -6.274895  0.001152
     spin moment: {S} , |S| = {        0.0        0.0    5.07366 }     5.07366
   scf:   21   -14217.606279   -14217.606276   -14217.618100  0.001726 -6.274953  0.001001
     spin moment: {S} , |S| = {        0.0        0.0    5.07190 }     5.07190
   scf:   22   -14217.606277   -14217.606276   -14217.618100  0.001103 -6.274978  0.000853
     spin moment: {S} , |S| = {        0.0        0.0    5.07087 }     5.07087
   scf:   23   -14217.606276   -14217.606276   -14217.618101  0.000736 -6.275000  0.000649
     spin moment: {S} , |S| = {        0.0        0.0    5.07022 }     5.07022
   scf:   24   -14217.606276   -14217.606276   -14217.618101  0.000835 -6.275025  0.000553
     spin moment: {S} , |S| = {        0.0        0.0    5.06945 }     5.06945
   scf:   25   -14217.606276   -14217.606276   -14217.618101  0.000784 -6.275048  0.000480
     spin moment: {S} , |S| = {        0.0        0.0    5.06873 }     5.06873
   scf:   26   -14217.606277   -14217.606276   -14217.618101  0.000810 -6.275075  0.000470
     spin moment: {S} , |S| = {        0.0        0.0    5.06796 }     5.06796
   scf:   27   -14217.606276   -14217.606276   -14217.618101  0.000516 -6.275091  0.000447
     spin moment: {S} , |S| = {        0.0        0.0    5.06749 }     5.06749
   scf:   28   -14217.606276   -14217.606276   -14217.618101  0.000463 -6.275106  0.000417
     spin moment: {S} , |S| = {        0.0        0.0    5.06705 }     5.06705

SCF Convergence by DM criterion
max |DM_out - DM_in|         :     0.0004632610
max |H_out - H_in|      (eV) :     0.0004166541
SCF cycle converged after 28 iterations

Using DM_out to compute the final energy and forces
No. of atoms with KB's overlaping orbs in proc 0. Max # of overlaps:     166    1239

siesta: E_KS(eV) =           -14217.6063

siesta: Atomic forces (eV/Ang):
     1    0.154596    0.000000    0.000000
     2    0.003218   -0.000000   -0.000001
     3   -0.156484    0.000000   -0.000001
     4   -0.002790   -0.000000    0.000000
     5   -0.022780    0.000000    0.000000
     6    0.024370    0.000000    0.000002
----------------------------------------
   Tot    0.000130    0.000000    0.000000
----------------------------------------
   Max    0.156484
   Res    0.052450    sqrt( Sum f_i^2 / 3N )
----------------------------------------
   Max    0.156484    constrained

Stress tensor Voigt[x,y,z,yz,xz,xy] (kbar):        4.46       -8.75       12.66       -0.00       -0.00        0.00
(Free)E + p*V (eV/cell)   -14217.7670
Target enthalpy (eV/cell)   -14217.6181

siesta: Stress tensor (static) (eV/Ang**3):
         0.002784    0.000000   -0.000000
         0.000000   -0.005461   -0.000000
        -0.000000   -0.000000    0.007902

siesta: Pressure (static):         -2.79054315  kBar

siesta: Stress tensor (total) (eV/Ang**3):
         0.002784    0.000000   -0.000000
         0.000000   -0.005461   -0.000000
        -0.000000   -0.000000    0.007902

siesta: Pressure (total):         -2.79054315  kBar

cgvc: Finished line minimization    2.  Mean atomic displacement =    0.0900

                     ====================================
                        Begin CG opt. move =     10
                     ====================================
k-point displ. along   1 input, could be:     0.00    0.50
k-point displ. along   2 input, could be:     0.00    0.50
k-point displ. along   3 input, could be:     0.00    0.50
 Kpoints in:           32 . Kpoints trimmed:           31

siesta: k-grid: Number of k-points = 31
siesta: k-points from Monkhorst-Pack grid
siesta: k-cutoff (effective) =     7.513 Ang
siesta: k-point supercell and displacements
siesta: k-grid:     2     0     0      0.000
siesta: k-grid:     0     6     0      0.000
siesta: k-grid:     0     0     4      0.000

superc: Internal auxiliary supercell:     5 x    11 x     9  =     495
superc: Number of atoms, orbitals, and projectors:   2970  68310  53460

outcell: Unit cell vectors (Ang):
        8.098670   -0.000000    0.000000
       -0.000000    2.833724    0.000000
        0.000000    0.000000    3.756564

outcell: Cell vector modules (Ang)   :    8.098670    2.833724    3.756564
outcell: Cell angles (23,13,12) (deg):     90.0000     90.0000     90.0000
outcell: Cell volume (Ang**3)        :     86.2109
<dSpData1D:S at geom step 10
  <sparsity:sparsity for geom step 10
    nrows_g=138 nrows=10 sparsity=3.9412 nnzs=75057, refcount: 7>
  <dData1D:(new from dSpData1D) n=75057, refcount: 1>
refcount: 1>
new_DM -- step:    11
Re-using DM from previous geometries...
Number of DMs in history: 1
 DM extrapolation coefficients: 
1   1.00000
New DM after history re-use:
<dSpData2D:SpM extrapolated using coords
  <sparsity:sparsity for geom step 10
    nrows_g=138 nrows=10 sparsity=3.9412 nnzs=75057, refcount: 9>
  <dData2D:(temp array for extrapolation) n=75057 m=2, refcount: 1>
refcount: 1>
No. of atoms with KB's overlaping orbs in proc 0. Max # of overlaps:     164    1235

InitMesh: MESH = 90 x 30 x 40 = 108000
InitMesh: Mesh cutoff (required, used) =   300.000   309.763 Ry
New grid distribution [1]: sub = 2
New grid distribution [2]: sub = 2
New grid distribution [3]: sub = 2
Setting up quadratic distribution...

        iscf     Eharris(eV)        E_KS(eV)     FreeEng(eV)     dDmax    Ef(eV) dHmax(eV)
   scf:    1   -14218.037993   -14217.549522   -14217.562626  0.684844 -6.297090  1.068457
     spin moment: {S} , |S| = {        0.0        0.0    4.96575 }     4.96575
   scf:    2   -14202.758979   -14212.790420   -14212.802220  1.453982 -5.804129 11.209847
     spin moment: {S} , |S| = {        0.0        0.0    5.11986 }     5.11986
   scf:    3   -14217.917888   -14217.597845   -14217.611624  1.333448 -6.253219  0.210270
     spin moment: {S} , |S| = {        0.0        0.0    4.97012 }     4.97012
   scf:    4   -14217.600608   -14217.599618   -14217.613454  0.018123 -6.248579  0.175876
     spin moment: {S} , |S| = {        0.0        0.0    4.96628 }     4.96628
   scf:    5   -14217.601992   -14217.601077   -14217.614901  0.023194 -6.245187  0.127014
     spin moment: {S} , |S| = {        0.0        0.0    4.95714 }     4.95714
   scf:    6   -14217.602429   -14217.602203   -14217.615796  0.029630 -6.250685  0.070053
     spin moment: {S} , |S| = {        0.0        0.0    4.93647 }     4.93647
   scf:    7   -14217.602908   -14217.602738   -14217.616159  0.017713 -6.247843  0.040277
     spin moment: {S} , |S| = {        0.0        0.0    4.92448 }     4.92448
   scf:    8   -14217.603934   -14217.603321   -14217.616407  0.017603 -6.248436  0.036881
     spin moment: {S} , |S| = {        0.0        0.0    4.90356 }     4.90356
   scf:    9   -14217.604930   -14217.604118   -14217.616739  0.018923 -6.248663  0.019951
     spin moment: {S} , |S| = {        0.0        0.0    4.87724 }     4.87724
   scf:   10   -14217.606137   -14217.605077   -14217.617062  0.024159 -6.249188  0.017886
     spin moment: {S} , |S| = {        0.0        0.0    4.84434 }     4.84434
   scf:   11   -14217.609216   -14217.606940   -14217.617558  0.048833 -6.249186  0.013739
     spin moment: {S} , |S| = {        0.0        0.0    4.78225 }     4.78225
   scf:   12   -14217.605816   -14217.606361   -14217.617430  0.017275 -6.249486  0.015964
     spin moment: {S} , |S| = {        0.0        0.0    4.80210 }     4.80210
   scf:   13   -14217.608513   -14217.607371   -14217.617658  0.025762 -6.249610  0.010856
     spin moment: {S} , |S| = {        0.0        0.0    4.76859 }     4.76859
   scf:   14   -14217.608822   -14217.608058   -14217.617760  0.019132 -6.249690  0.006209
     spin moment: {S} , |S| = {        0.0        0.0    4.74371 }     4.74371
   scf:   15   -14217.607959   -14217.608008   -14217.617758  0.002266 -6.249701  0.005224
     spin moment: {S} , |S| = {        0.0        0.0    4.74584 }     4.74584
   scf:   16   -14217.608672   -14217.608329   -14217.617787  0.009607 -6.249703  0.004361
     spin moment: {S} , |S| = {        0.0        0.0    4.73326 }     4.73326
   scf:   17   -14217.608131   -14217.608229   -14217.617783  0.003901 -6.249681  0.003258
     spin moment: {S} , |S| = {        0.0        0.0    4.73761 }     4.73761
   scf:   18   -14217.608521   -14217.608372   -14217.617792  0.004360 -6.249606  0.002134
     spin moment: {S} , |S| = {        0.0        0.0    4.73175 }     4.73175
   scf:   19   -14217.608455   -14217.608414   -14217.617794  0.001176 -6.249532  0.001446
     spin moment: {S} , |S| = {        0.0        0.0    4.72997 }     4.72997
   scf:   20   -14217.608510   -14217.608462   -14217.617796  0.001503 -6.249462  0.000999
     spin moment: {S} , |S| = {        0.0        0.0    4.72784 }     4.72784
   scf:   21   -14217.608487   -14217.608474   -14217.617796  0.000386 -6.249430  0.000835
     spin moment: {S} , |S| = {        0.0        0.0    4.72727 }     4.72727

SCF Convergence by DM criterion
max |DM_out - DM_in|         :     0.0003862751
max |H_out - H_in|      (eV) :     0.0008354427
SCF cycle converged after 21 iterations

Using DM_out to compute the final energy and forces
No. of atoms with KB's overlaping orbs in proc 0. Max # of overlaps:     164    1235

siesta: E_KS(eV) =           -14217.6085

siesta: Atomic forces (eV/Ang):
     1    0.178459    0.000000   -0.000001
     2   -0.006565   -0.000000    0.000005
     3   -0.169262    0.000001    0.000009
     4    0.000332   -0.000000   -0.000002
     5   -0.086136    0.000000   -0.000002
     6    0.083007   -0.000000   -0.000009
----------------------------------------
   Tot   -0.000163    0.000000    0.000000
----------------------------------------
   Max    0.178459
   Res    0.064485    sqrt( Sum f_i^2 / 3N )
----------------------------------------
   Max    0.178459    constrained

Stress tensor Voigt[x,y,z,yz,xz,xy] (kbar):       19.77       27.78       25.73        0.00       -0.00       -0.00
(Free)E + p*V (eV/cell)   -14218.9322
Target enthalpy (eV/cell)   -14217.6178

siesta: Stress tensor (static) (eV/Ang**3):
         0.012341   -0.000000   -0.000000
        -0.000000    0.017337    0.000000
        -0.000000    0.000000    0.016061

siesta: Pressure (static):        -24.42732309  kBar

siesta: Stress tensor (total) (eV/Ang**3):
         0.012341   -0.000000   -0.000000
        -0.000000    0.017337    0.000000
        -0.000000    0.000000    0.016061

siesta: Pressure (total):        -24.42732309  kBar

                     ====================================
                        Begin CG opt. move =     11
                     ====================================
k-point displ. along   1 input, could be:     0.00    0.50
k-point displ. along   2 input, could be:     0.00    0.50
k-point displ. along   3 input, could be:     0.00    0.50
 Kpoints in:           32 . Kpoints trimmed:           31

siesta: k-grid: Number of k-points = 31
siesta: k-points from Monkhorst-Pack grid
siesta: k-cutoff (effective) =     7.558 Ang
siesta: k-point supercell and displacements
siesta: k-grid:     2     0     0      0.000
siesta: k-grid:     0     6     0      0.000
siesta: k-grid:     0     0     4      0.000

superc: Internal auxiliary supercell:     5 x    11 x     9  =     495
superc: Number of atoms, orbitals, and projectors:   2970  68310  53460

outcell: Unit cell vectors (Ang):
        8.087546   -0.000000    0.000000
       -0.000000    2.807832    0.000000
        0.000000    0.000000    3.778940

outcell: Cell vector modules (Ang)   :    8.087546    2.807832    3.778940
outcell: Cell angles (23,13,12) (deg):     90.0000     90.0000     90.0000
outcell: Cell volume (Ang**3)        :     85.8140
<dSpData1D:S at geom step 11
  <sparsity:sparsity for geom step 11
    nrows_g=138 nrows=10 sparsity=3.9580 nnzs=75377, refcount: 7>
  <dData1D:(new from dSpData1D) n=75377, refcount: 1>
refcount: 1>
new_DM -- step:    12
Re-using DM from previous geometries...
Number of DMs in history: 1
 DM extrapolation coefficients: 
1   1.00000
New DM after history re-use:
<dSpData2D:SpM extrapolated using coords
  <sparsity:sparsity for geom step 11
    nrows_g=138 nrows=10 sparsity=3.9580 nnzs=75377, refcount: 9>
  <dData2D:(temp array for extrapolation) n=75377 m=2, refcount: 1>
refcount: 1>
No. of atoms with KB's overlaping orbs in proc 0. Max # of overlaps:     166    1239

InitMesh: MESH = 90 x 30 x 40 = 108000
InitMesh: Mesh cutoff (required, used) =   300.000   309.658 Ry
New grid distribution [1]: sub = 2
New grid distribution [2]: sub = 2
New grid distribution [3]: sub = 2
Setting up quadratic distribution...

        iscf     Eharris(eV)        E_KS(eV)     FreeEng(eV)     dDmax    Ef(eV) dHmax(eV)
   scf:    1   -14217.240785   -14217.602133   -14217.611602  1.070915 -6.238310  0.501892
     spin moment: {S} , |S| = {        0.0        0.0    4.78461 }     4.78461
   scf:    2   -14215.225727   -14216.840246   -14216.849280  0.472645 -6.448358  5.297473
     spin moment: {S} , |S| = {        0.0        0.0    4.72246 }     4.72246
   scf:    3   -14217.665591   -14217.611701   -14217.620914  0.401573 -6.259742  0.130829
     spin moment: {S} , |S| = {        0.0        0.0    4.77471 }     4.77471
   scf:    4   -14217.612265   -14217.612062   -14217.621273  0.006353 -6.260762  0.118556
     spin moment: {S} , |S| = {        0.0        0.0    4.77437 }     4.77437
   scf:    5   -14217.612806   -14217.612625   -14217.621876  0.023420 -6.264247  0.031255
     spin moment: {S} , |S| = {        0.0        0.0    4.77400 }     4.77400
   scf:    6   -14217.612425   -14217.612538   -14217.621791  0.004981 -6.264764  0.055277
     spin moment: {S} , |S| = {        0.0        0.0    4.77368 }     4.77368
   scf:    7   -14217.612698   -14217.612662   -14217.621975  0.011965 -6.263893  0.008901
     spin moment: {S} , |S| = {        0.0        0.0    4.77602 }     4.77602
   scf:    8   -14217.612620   -14217.612641   -14217.621984  0.001621 -6.263964  0.007531
     spin moment: {S} , |S| = {        0.0        0.0    4.77721 }     4.77721
   scf:    9   -14217.612425   -14217.612531   -14217.622010  0.006682 -6.264201  0.004723
     spin moment: {S} , |S| = {        0.0        0.0    4.78268 }     4.78268
   scf:   10   -14217.612438   -14217.612485   -14217.622017  0.002571 -6.264227  0.003088
     spin moment: {S} , |S| = {        0.0        0.0    4.78490 }     4.78490
   scf:   11   -14217.612428   -14217.612456   -14217.622020  0.001320 -6.264254  0.002883
     spin moment: {S} , |S| = {        0.0        0.0    4.78626 }     4.78626
   scf:   12   -14217.612322   -14217.612388   -14217.622027  0.003016 -6.264310  0.002385
     spin moment: {S} , |S| = {        0.0        0.0    4.78944 }     4.78944
   scf:   13   -14217.612183   -14217.612284   -14217.622035  0.004507 -6.264377  0.001931
     spin moment: {S} , |S| = {        0.0        0.0    4.79422 }     4.79422
   scf:   14   -14217.612103   -14217.612193   -14217.622040  0.003797 -6.264425  0.001991
     spin moment: {S} , |S| = {        0.0        0.0    4.79833 }     4.79833
   scf:   15   -14217.612112   -14217.612152   -14217.622041  0.001625 -6.264438  0.001840
     spin moment: {S} , |S| = {        0.0        0.0    4.80014 }     4.80014
   scf:   16   -14217.612085   -14217.612118   -14217.622042  0.001332 -6.264442  0.001491
     spin moment: {S} , |S| = {        0.0        0.0    4.80166 }     4.80166
   scf:   17   -14217.612081   -14217.612099   -14217.622043  0.000705 -6.264438  0.001082
     spin moment: {S} , |S| = {        0.0        0.0    4.80251 }     4.80251
   scf:   18   -14217.612071   -14217.612085   -14217.622043  0.000526 -6.264436  0.000840
     spin moment: {S} , |S| = {        0.0        0.0    4.80316 }     4.80316
   scf:   19   -14217.612067   -14217.612076   -14217.622043  0.000323 -6.264434  0.000708
     spin moment: {S} , |S| = {        0.0        0.0    4.80359 }     4.80359

SCF Convergence by DM criterion
max |DM_out - DM_in|         :     0.0003225561
max |H_out - H_in|      (eV) :     0.0007084089
SCF cycle converged after 19 iterations

Using DM_out to compute the final energy and forces
No. of atoms with KB's overlaping orbs in proc 0. Max # of overlaps:     166    1239

siesta: E_KS(eV) =           -14217.6121

siesta: Atomic forces (eV/Ang):
     1    0.174815    0.000000    0.000000
     2   -0.001682    0.000000    0.000002
     3   -0.171156    0.000000    0.000004
     4   -0.001010    0.000000   -0.000001
     5   -0.018583    0.000001   -0.000000
     6    0.017722   -0.000001   -0.000007
----------------------------------------
   Tot    0.000106    0.000001   -0.000001
----------------------------------------
   Max    0.174815
   Res    0.057984    sqrt( Sum f_i^2 / 3N )
----------------------------------------
   Max    0.174815    constrained

Stress tensor Voigt[x,y,z,yz,xz,xy] (kbar):       15.78        9.86       23.13        0.00       -0.00        0.00
(Free)E + p*V (eV/cell)   -14218.4927
Target enthalpy (eV/cell)   -14217.6220

siesta: Stress tensor (static) (eV/Ang**3):
         0.009852   -0.000000    0.000000
         0.000000    0.006153    0.000000
        -0.000000    0.000000    0.014434

siesta: Pressure (static):        -16.25599865  kBar

siesta: Stress tensor (total) (eV/Ang**3):
         0.009852   -0.000000    0.000000
         0.000000    0.006153    0.000000
        -0.000000    0.000000    0.014434

siesta: Pressure (total):        -16.25599865  kBar

cgvc: Finished line minimization    3.  Mean atomic displacement =    0.0410

                     ====================================
                        Begin CG opt. move =     12
                     ====================================
k-point displ. along   1 input, could be:     0.00    0.50
k-point displ. along   2 input, could be:     0.00    0.50
k-point displ. along   3 input, could be:     0.00    0.50
 Kpoints in:           32 . Kpoints trimmed:           31

siesta: k-grid: Number of k-points = 31
siesta: k-points from Monkhorst-Pack grid
siesta: k-cutoff (effective) =     7.502 Ang
siesta: k-point supercell and displacements
siesta: k-grid:     2     0     0      0.000
siesta: k-grid:     0     6     0      0.000
siesta: k-grid:     0     0     4      0.000

superc: Internal auxiliary supercell:     5 x    11 x     9  =     495
superc: Number of atoms, orbitals, and projectors:   2970  68310  53460

outcell: Unit cell vectors (Ang):
        8.063270   -0.000000    0.000000
       -0.000000    2.811558   -0.000000
        0.000000   -0.000000    3.750978

outcell: Cell vector modules (Ang)   :    8.063270    2.811558    3.750978
outcell: Cell angles (23,13,12) (deg):     90.0000     90.0000     90.0000
outcell: Cell volume (Ang**3)        :     85.0360
<dSpData1D:S at geom step 12
  <sparsity:sparsity for geom step 12
    nrows_g=138 nrows=10 sparsity=3.9860 nnzs=75909, refcount: 7>
  <dData1D:(new from dSpData1D) n=75909, refcount: 1>
refcount: 1>
new_DM -- step:    13
Re-using DM from previous geometries...
Number of DMs in history: 1
 DM extrapolation coefficients: 
1   1.00000
New DM after history re-use:
<dSpData2D:SpM extrapolated using coords
  <sparsity:sparsity for geom step 12
    nrows_g=138 nrows=10 sparsity=3.9860 nnzs=75909, refcount: 9>
  <dData2D:(temp array for extrapolation) n=75909 m=2, refcount: 1>
refcount: 1>
No. of atoms with KB's overlaping orbs in proc 0. Max # of overlaps:     164    1247

InitMesh: MESH = 90 x 30 x 40 = 108000
InitMesh: Mesh cutoff (required, used) =   300.000   314.292 Ry
New grid distribution [1]: sub = 2
New grid distribution [2]: sub = 2
New grid distribution [3]: sub = 2
Setting up quadratic distribution...

        iscf     Eharris(eV)        E_KS(eV)     FreeEng(eV)     dDmax    Ef(eV) dHmax(eV)
   scf:    1   -14217.124340   -14217.605128   -14217.613333  0.449064 -6.288032  0.725414
     spin moment: {S} , |S| = {        0.0        0.0    4.71714 }     4.71714
   scf:    2   -14216.040591   -14217.121565   -14217.129176  0.394755 -6.331988  3.135183
     spin moment: {S} , |S| = {        0.0        0.0    4.62299 }     4.62299
   scf:    3   -14217.686927   -14217.624790   -14217.632778  0.343343 -6.287253  0.142668
     spin moment: {S} , |S| = {        0.0        0.0    4.70332 }     4.70332
   scf:    4   -14217.625990   -14217.625599   -14217.633583  0.015221 -6.283691  0.070504
     spin moment: {S} , |S| = {        0.0        0.0    4.70050 }     4.70050
   scf:    5   -14217.625965   -14217.625836   -14217.633816  0.007681 -6.282238  0.038422
     spin moment: {S} , |S| = {        0.0        0.0    4.69829 }     4.69829
   scf:    6   -14217.626615   -14217.626246   -14217.634169  0.037102 -6.284465  0.017215
     spin moment: {S} , |S| = {        0.0        0.0    4.68689 }     4.68689
   scf:    7   -14217.626422   -14217.626336   -14217.634230  0.007328 -6.284091  0.016394
     spin moment: {S} , |S| = {        0.0        0.0    4.68271 }     4.68271
   scf:    8   -14217.627086   -14217.626689   -14217.634402  0.019324 -6.284065  0.009888
     spin moment: {S} , |S| = {        0.0        0.0    4.66539 }     4.66539
   scf:    9   -14217.626861   -14217.626772   -14217.634439  0.005468 -6.283942  0.008601
     spin moment: {S} , |S| = {        0.0        0.0    4.66023 }     4.66023
   scf:   10   -14217.627226   -14217.626978   -14217.634516  0.016317 -6.283339  0.003223
     spin moment: {S} , |S| = {        0.0        0.0    4.64430 }     4.64430
   scf:   11   -14217.627140   -14217.627053   -14217.634531  0.008625 -6.283093  0.002016
     spin moment: {S} , |S| = {        0.0        0.0    4.63587 }     4.63587
   scf:   12   -14217.627058   -14217.627056   -14217.634531  0.000238 -6.283084  0.001708
     spin moment: {S} , |S| = {        0.0        0.0    4.63564 }     4.63564

SCF Convergence by DM criterion
max |DM_out - DM_in|         :     0.0002379954
max |H_out - H_in|      (eV) :     0.0017079326
SCF cycle converged after 12 iterations

Using DM_out to compute the final energy and forces
No. of atoms with KB's overlaping orbs in proc 0. Max # of overlaps:     164    1247

siesta: E_KS(eV) =           -14217.6271

siesta: Atomic forces (eV/Ang):
     1   -0.060525    0.000000   -0.000001
     2   -0.001647   -0.000000   -0.000001
     3    0.063218   -0.000000   -0.000001
     4    0.000680    0.000000    0.000001
     5   -0.001063   -0.000001   -0.000001
     6   -0.000836    0.000000    0.000002
----------------------------------------
   Tot   -0.000173   -0.000001   -0.000000
----------------------------------------
   Max    0.063218
   Res    0.020635    sqrt( Sum f_i^2 / 3N )
----------------------------------------
   Max    0.063218    constrained

Stress tensor Voigt[x,y,z,yz,xz,xy] (kbar):        8.25        6.59       17.44       -0.00       -0.00        0.00
(Free)E + p*V (eV/cell)   -14218.2057
Target enthalpy (eV/cell)   -14217.6345

siesta: Stress tensor (static) (eV/Ang**3):
         0.005150    0.000000   -0.000000
         0.000000    0.004112   -0.000000
        -0.000000   -0.000000    0.010888

siesta: Pressure (static):        -10.76172895  kBar

siesta: Stress tensor (total) (eV/Ang**3):
         0.005150    0.000000   -0.000000
         0.000000    0.004112   -0.000000
        -0.000000   -0.000000    0.010888

siesta: Pressure (total):        -10.76172895  kBar

                     ====================================
                        Begin CG opt. move =     13
                     ====================================
k-point displ. along   1 input, could be:     0.00    0.50
k-point displ. along   2 input, could be:     0.00    0.50
k-point displ. along   3 input, could be:     0.00    0.50
 Kpoints in:           32 . Kpoints trimmed:           31

siesta: k-grid: Number of k-points = 31
siesta: k-points from Monkhorst-Pack grid
siesta: k-cutoff (effective) =     7.412 Ang
siesta: k-point supercell and displacements
siesta: k-grid:     2     0     0      0.000
siesta: k-grid:     0     6     0      0.000
siesta: k-grid:     0     0     4      0.000

superc: Internal auxiliary supercell:     5 x    11 x     9  =     495
superc: Number of atoms, orbitals, and projectors:   2970  68310  53460

outcell: Unit cell vectors (Ang):
        8.024427   -0.000000    0.000000
       -0.000000    2.817519   -0.000000
        0.000000   -0.000000    3.706239

outcell: Cell vector modules (Ang)   :    8.024427    2.817519    3.706239
outcell: Cell angles (23,13,12) (deg):     90.0000     90.0000     90.0000
outcell: Cell volume (Ang**3)        :     83.7943
<dSpData1D:S at geom step 13
  <sparsity:sparsity for geom step 13
    nrows_g=138 nrows=10 sparsity=4.0462 nnzs=77056, refcount: 7>
  <dData1D:(new from dSpData1D) n=77056, refcount: 1>
refcount: 1>
new_DM -- step:    14
Re-using DM from previous geometries...
Number of DMs in history: 1
 DM extrapolation coefficients: 
1   1.00000
New DM after history re-use:
<dSpData2D:SpM extrapolated using coords
  <sparsity:sparsity for geom step 13
    nrows_g=138 nrows=10 sparsity=4.0462 nnzs=77056, refcount: 9>
  <dData2D:(temp array for extrapolation) n=77056 m=2, refcount: 1>
refcount: 1>
No. of atoms with KB's overlaping orbs in proc 0. Max # of overlaps:     165    1312

InitMesh: MESH = 90 x 30 x 40 = 108000
InitMesh: Mesh cutoff (required, used) =   300.000   313.336 Ry
New grid distribution [1]: sub = 2
New grid distribution [2]: sub = 2
New grid distribution [3]: sub = 2
Setting up quadratic distribution...

        iscf     Eharris(eV)        E_KS(eV)     FreeEng(eV)     dDmax    Ef(eV) dHmax(eV)
   scf:    1   -14216.669599   -14217.555501   -14217.562097  0.750396 -6.343741  1.232456
     spin moment: {S} , |S| = {        0.0        0.0    4.49798 }     4.49798
   scf:    2   -14212.645270   -14216.031249   -14216.038594  0.677125 -6.436896  5.411606
     spin moment: {S} , |S| = {        0.0        0.0    4.46190 }     4.46190
   scf:    3   -14217.815370   -14217.613246   -14217.618907  0.594955 -6.346588  0.224833
     spin moment: {S} , |S| = {        0.0        0.0    4.49207 }     4.49207
   scf:    4   -14217.615811   -14217.615067   -14217.620704  0.018828 -6.342020  0.142927
     spin moment: {S} , |S| = {        0.0        0.0    4.48903 }     4.48903
   scf:    5   -14217.616310   -14217.615936   -14217.621575  0.013804 -6.338425  0.061892
     spin moment: {S} , |S| = {        0.0        0.0    4.48517 }     4.48517
   scf:    6   -14217.616878   -14217.616459   -14217.622234  0.049278 -6.343192  0.030245
     spin moment: {S} , |S| = {        0.0        0.0    4.47133 }     4.47133
   scf:    7   -14217.616533   -14217.616512   -14217.622352  0.012034 -6.344304  0.020392
     spin moment: {S} , |S| = {        0.0        0.0    4.46650 }     4.46650
   scf:    8   -14217.616743   -14217.616589   -14217.622622  0.020528 -6.347271  0.015358
     spin moment: {S} , |S| = {        0.0        0.0    4.44734 }     4.44734
   scf:    9   -14217.616587   -14217.616587   -14217.622656  0.002796 -6.347761  0.012756
     spin moment: {S} , |S| = {        0.0        0.0    4.44417 }     4.44417
   scf:   10   -14217.616504   -14217.616525   -14217.622757  0.013194 -6.349085  0.005814
     spin moment: {S} , |S| = {        0.0        0.0    4.43028 }     4.43028
   scf:   11   -14217.616421   -14217.616468   -14217.622779  0.006774 -6.349688  0.004276
     spin moment: {S} , |S| = {        0.0        0.0    4.42381 }     4.42381
   scf:   12   -14217.616442   -14217.616455   -14217.622782  0.002051 -6.349816  0.003549
     spin moment: {S} , |S| = {        0.0        0.0    4.42239 }     4.42239
   scf:   13   -14217.616421   -14217.616438   -14217.622787  0.003017 -6.349939  0.003037
     spin moment: {S} , |S| = {        0.0        0.0    4.42062 }     4.42062
   scf:   14   -14217.616402   -14217.616419   -14217.622790  0.003264 -6.350078  0.002118
     spin moment: {S} , |S| = {        0.0        0.0    4.41887 }     4.41887
   scf:   15   -14217.616399   -14217.616409   -14217.622791  0.001821 -6.350151  0.001620
     spin moment: {S} , |S| = {        0.0        0.0    4.41797 }     4.41797
   scf:   16   -14217.616395   -14217.616402   -14217.622791  0.001324 -6.350210  0.001135
     spin moment: {S} , |S| = {        0.0        0.0    4.41737 }     4.41737
   scf:   17   -14217.616394   -14217.616398   -14217.622792  0.000718 -6.350238  0.000906
     spin moment: {S} , |S| = {        0.0        0.0    4.41707 }     4.41707
   scf:   18   -14217.616393   -14217.616395   -14217.622792  0.000408 -6.350255  0.000776
     spin moment: {S} , |S| = {        0.0        0.0    4.41690 }     4.41690

SCF Convergence by DM criterion
max |DM_out - DM_in|         :     0.0004084988
max |H_out - H_in|      (eV) :     0.0007762136
SCF cycle converged after 18 iterations

Using DM_out to compute the final energy and forces
No. of atoms with KB's overlaping orbs in proc 0. Max # of overlaps:     165    1312

siesta: E_KS(eV) =           -14217.6164

siesta: Atomic forces (eV/Ang):
     1   -0.436719    0.000000   -0.000002
     2    0.000724   -0.000000   -0.000007
     3    0.436557   -0.000001   -0.000012
     4    0.003135    0.000000    0.000002
     5    0.026827   -0.000001    0.000003
     6   -0.030553    0.000002    0.000015
----------------------------------------
   Tot   -0.000028    0.000000   -0.000000
----------------------------------------
   Max    0.436719
   Res    0.145863    sqrt( Sum f_i^2 / 3N )
----------------------------------------
   Max    0.436719    constrained

Stress tensor Voigt[x,y,z,yz,xz,xy] (kbar):      -16.44       -2.07        1.59       -0.00        0.00        0.00
(Free)E + p*V (eV/cell)   -14217.3277
Target enthalpy (eV/cell)   -14217.6228

siesta: Stress tensor (static) (eV/Ang**3):
        -0.010264    0.000000    0.000000
         0.000000   -0.001292   -0.000000
         0.000000   -0.000000    0.000989

siesta: Pressure (static):          5.64306551  kBar

siesta: Stress tensor (total) (eV/Ang**3):
        -0.010264    0.000000    0.000000
         0.000000   -0.001292   -0.000000
         0.000000   -0.000000    0.000989

siesta: Pressure (total):          5.64306551  kBar

                     ====================================
                        Begin CG opt. move =     14
                     ====================================
k-point displ. along   1 input, could be:     0.00    0.50
k-point displ. along   2 input, could be:     0.00    0.50
k-point displ. along   3 input, could be:     0.00    0.50
 Kpoints in:           32 . Kpoints trimmed:           31

siesta: k-grid: Number of k-points = 31
siesta: k-points from Monkhorst-Pack grid
siesta: k-cutoff (effective) =     7.484 Ang
siesta: k-point supercell and displacements
siesta: k-grid:     2     0     0      0.000
siesta: k-grid:     0     6     0      0.000
siesta: k-grid:     0     0     4      0.000

superc: Internal auxiliary supercell:     5 x    11 x     9  =     495
superc: Number of atoms, orbitals, and projectors:   2970  68310  53460

outcell: Unit cell vectors (Ang):
        8.055594   -0.000000    0.000000
       -0.000000    2.812736   -0.000000
        0.000000   -0.000000    3.742137

outcell: Cell vector modules (Ang)   :    8.055594    2.812736    3.742137
outcell: Cell angles (23,13,12) (deg):     90.0000     90.0000     90.0000
outcell: Cell volume (Ang**3)        :     84.7903
<dSpData1D:S at geom step 14
  <sparsity:sparsity for geom step 14
    nrows_g=138 nrows=10 sparsity=3.9879 nnzs=75945, refcount: 7>
  <dData1D:(new from dSpData1D) n=75945, refcount: 1>
refcount: 1>
new_DM -- step:    15
Re-using DM from previous geometries...
Number of DMs in history: 1
 DM extrapolation coefficients: 
1   1.00000
New DM after history re-use:
<dSpData2D:SpM extrapolated using coords
  <sparsity:sparsity for geom step 14
    nrows_g=138 nrows=10 sparsity=3.9879 nnzs=75945, refcount: 9>
  <dData2D:(temp array for extrapolation) n=75945 m=2, refcount: 1>
refcount: 1>
No. of atoms with KB's overlaping orbs in proc 0. Max # of overlaps:     164    1247

InitMesh: MESH = 90 x 30 x 40 = 108000
InitMesh: Mesh cutoff (required, used) =   300.000   314.403 Ry
New grid distribution [1]: sub = 2
New grid distribution [2]: sub = 2
New grid distribution [3]: sub = 2
Setting up quadratic distribution...

        iscf     Eharris(eV)        E_KS(eV)     FreeEng(eV)     dDmax    Ef(eV) dHmax(eV)
   scf:    1   -14218.155408   -14217.582126   -14217.588401  0.427356 -6.303422  1.049715
     spin moment: {S} , |S| = {        0.0        0.0    4.48673 }     4.48673
   scf:    2   -14210.615244   -14215.369071   -14215.379225  1.086878 -6.175151  6.062774
     spin moment: {S} , |S| = {        0.0        0.0    4.67435 }     4.67435
   scf:    3   -14217.810659   -14217.625133   -14217.631892  1.076996 -6.295262  0.277448
     spin moment: {S} , |S| = {        0.0        0.0    4.50282 }     4.50282
   scf:    4   -14217.627861   -14217.627355   -14217.634186  0.024728 -6.297891  0.120331
     spin moment: {S} , |S| = {        0.0        0.0    4.50970 }     4.50970
   scf:    5   -14217.627881   -14217.627757   -14217.634597  0.008699 -6.299533  0.062445
     spin moment: {S} , |S| = {        0.0        0.0    4.51295 }     4.51295
   scf:    6   -14217.625354   -14217.627264   -14217.634016  0.038724 -6.302871  0.131996
     spin moment: {S} , |S| = {        0.0        0.0    4.52262 }     4.52262
   scf:    7   -14217.627247   -14217.628097   -14217.634977  0.013947 -6.294650  0.053029
     spin moment: {S} , |S| = {        0.0        0.0    4.52899 }     4.52899
   scf:    8   -14217.628275   -14217.628184   -14217.635096  0.007428 -6.294099  0.045470
     spin moment: {S} , |S| = {        0.0        0.0    4.53589 }     4.53589
   scf:    9   -14217.628434   -14217.628333   -14217.635288  0.010905 -6.294698  0.009807
     spin moment: {S} , |S| = {        0.0        0.0    4.54727 }     4.54727
   scf:   10   -14217.628360   -14217.628343   -14217.635329  0.005116 -6.294614  0.007462
     spin moment: {S} , |S| = {        0.0        0.0    4.55360 }     4.55360
   scf:   11   -14217.628314   -14217.628306   -14217.635383  0.013346 -6.294020  0.002574
     spin moment: {S} , |S| = {        0.0        0.0    4.56957 }     4.56957
   scf:   12   -14217.628293   -14217.628299   -14217.635385  0.001442 -6.294001  0.001938
     spin moment: {S} , |S| = {        0.0        0.0    4.57127 }     4.57127
   scf:   13   -14217.628300   -14217.628300   -14217.635386  0.000335 -6.294009  0.001522
     spin moment: {S} , |S| = {        0.0        0.0    4.57163 }     4.57163

SCF Convergence by DM criterion
max |DM_out - DM_in|         :     0.0003348831
max |H_out - H_in|      (eV) :     0.0015220045
SCF cycle converged after 13 iterations

Using DM_out to compute the final energy and forces
No. of atoms with KB's overlaping orbs in proc 0. Max # of overlaps:     164    1247

siesta: E_KS(eV) =           -14217.6283

siesta: Atomic forces (eV/Ang):
     1   -0.132673    0.000000   -0.000001
     2   -0.001357   -0.000001   -0.000001
     3    0.134917   -0.000001   -0.000003
     4    0.001214    0.000000    0.000001
     5   -0.000055   -0.000001    0.000001
     6   -0.002294    0.000000    0.000006
----------------------------------------
   Tot   -0.000248   -0.000001    0.000003
----------------------------------------
   Max    0.134917
   Res    0.044605    sqrt( Sum f_i^2 / 3N )
----------------------------------------
   Max    0.134917    constrained

Stress tensor Voigt[x,y,z,yz,xz,xy] (kbar):        4.76        4.53       15.76       -0.00        0.00        0.00
(Free)E + p*V (eV/cell)   -14218.0773
Target enthalpy (eV/cell)   -14217.6354

siesta: Stress tensor (static) (eV/Ang**3):
         0.002973    0.000000    0.000000
         0.000000    0.002826   -0.000000
         0.000000   -0.000000    0.009836

siesta: Pressure (static):         -8.34998005  kBar

siesta: Stress tensor (total) (eV/Ang**3):
         0.002973    0.000000    0.000000
         0.000000    0.002826   -0.000000
         0.000000   -0.000000    0.009836

siesta: Pressure (total):         -8.34998005  kBar

cgvc: Finished line minimization    4.  Mean atomic displacement =    0.0539

                     ====================================
                        Begin CG opt. move =     15
                     ====================================
k-point displ. along   1 input, could be:     0.00    0.50
k-point displ. along   2 input, could be:     0.00    0.50
k-point displ. along   3 input, could be:     0.00    0.50
 Kpoints in:           32 . Kpoints trimmed:           31

siesta: k-grid: Number of k-points = 31
siesta: k-points from Monkhorst-Pack grid
siesta: k-cutoff (effective) =     7.395 Ang
siesta: k-point supercell and displacements
siesta: k-grid:     2     0     0      0.000
siesta: k-grid:     0     6     0      0.000
siesta: k-grid:     0     0     4      0.000

superc: Internal auxiliary supercell:     5 x    11 x     9  =     495
superc: Number of atoms, orbitals, and projectors:   2970  68310  53460

outcell: Unit cell vectors (Ang):
        8.022074   -0.000000   -0.000000
       -0.000000    2.810794    0.000000
       -0.000000    0.000000    3.697381

outcell: Cell vector modules (Ang)   :    8.022074    2.810794    3.697381
outcell: Cell angles (23,13,12) (deg):     90.0000     90.0000     90.0000
outcell: Cell volume (Ang**3)        :     83.3700
<dSpData1D:S at geom step 15
  <sparsity:sparsity for geom step 15
    nrows_g=138 nrows=10 sparsity=4.0981 nnzs=78044, refcount: 7>
  <dData1D:(new from dSpData1D) n=78044, refcount: 1>
refcount: 1>
new_DM -- step:    16
Re-using DM from previous geometries...
Number of DMs in history: 1
 DM extrapolation coefficients: 
1   1.00000
New DM after history re-use:
<dSpData2D:SpM extrapolated using coords
  <sparsity:sparsity for geom step 15
    nrows_g=138 nrows=10 sparsity=4.0981 nnzs=78044, refcount: 9>
  <dData2D:(temp array for extrapolation) n=78044 m=2, refcount: 1>
refcount: 1>
No. of atoms with KB's overlaping orbs in proc 0. Max # of overlaps:     167    1344

InitMesh: MESH = 90 x 30 x 40 = 108000
InitMesh: Mesh cutoff (required, used) =   300.000   314.838 Ry
New grid distribution [1]: sub = 2
New grid distribution [2]: sub = 2
New grid distribution [3]: sub = 2
Setting up quadratic distribution...

        iscf     Eharris(eV)        E_KS(eV)     FreeEng(eV)     dDmax    Ef(eV) dHmax(eV)
   scf:    1   -14216.693552   -14217.611264   -14217.617664  0.994521 -6.370185  0.701359
     spin moment: {S} , |S| = {        0.0        0.0    4.49338 }     4.49338
   scf:    2   -14213.856942   -14216.418310   -14216.425078  0.911010 -6.079889  6.297939
     spin moment: {S} , |S| = {        0.0        0.0    4.46765 }     4.46765
   scf:    3   -14217.719922   -14217.632652   -14217.639111  0.873041 -6.342105  0.247276
     spin moment: {S} , |S| = {        0.0        0.0    4.48601 }     4.48601
   scf:    4   -14217.634608   -14217.634003   -14217.640428  0.013913 -6.338918  0.169962
     spin moment: {S} , |S| = {        0.0        0.0    4.48216 }     4.48216
   scf:    5   -14217.635446   -14217.634977   -14217.641357  0.013715 -6.336916  0.070296
     spin moment: {S} , |S| = {        0.0        0.0    4.47683 }     4.47683
   scf:    6   -14217.635269   -14217.635263   -14217.641638  0.042351 -6.339719  0.058098
     spin moment: {S} , |S| = {        0.0        0.0    4.46425 }     4.46425
   scf:    7   -14217.635475   -14217.635434   -14217.641875  0.014128 -6.341360  0.017009
     spin moment: {S} , |S| = {        0.0        0.0    4.46174 }     4.46174
   scf:    8   -14217.635547   -14217.635483   -14217.641992  0.012707 -6.342662  0.013440
     spin moment: {S} , |S| = {        0.0        0.0    4.45226 }     4.45226
   scf:    9   -14217.635517   -14217.635471   -14217.642099  0.021258 -6.344845  0.027671
     spin moment: {S} , |S| = {        0.0        0.0    4.43461 }     4.43461
   scf:   10   -14217.635541   -14217.635513   -14217.642128  0.003420 -6.344594  0.009325
     spin moment: {S} , |S| = {        0.0        0.0    4.43329 }     4.43329
   scf:   11   -14217.635496   -14217.635498   -14217.642153  0.008564 -6.345066  0.003049
     spin moment: {S} , |S| = {        0.0        0.0    4.42530 }     4.42530
   scf:   12   -14217.635486   -14217.635491   -14217.642156  0.002369 -6.345191  0.002308
     spin moment: {S} , |S| = {        0.0        0.0    4.42326 }     4.42326
   scf:   13   -14217.635486   -14217.635488   -14217.642158  0.001220 -6.345228  0.001736
     spin moment: {S} , |S| = {        0.0        0.0    4.42246 }     4.42246
   scf:   14   -14217.635483   -14217.635485   -14217.642158  0.001145 -6.345248  0.001474
     spin moment: {S} , |S| = {        0.0        0.0    4.42175 }     4.42175
   scf:   15   -14217.635482   -14217.635484   -14217.642159  0.000725 -6.345259  0.001263
     spin moment: {S} , |S| = {        0.0        0.0    4.42136 }     4.42136
   scf:   16   -14217.635481   -14217.635482   -14217.642159  0.000533 -6.345262  0.001113
     spin moment: {S} , |S| = {        0.0        0.0    4.42114 }     4.42114
   scf:   17   -14217.635481   -14217.635481   -14217.642159  0.000424 -6.345257  0.000985
     spin moment: {S} , |S| = {        0.0        0.0    4.42102 }     4.42102

SCF Convergence by DM criterion
max |DM_out - DM_in|         :     0.0004242655
max |H_out - H_in|      (eV) :     0.0009851349
SCF cycle converged after 17 iterations

Using DM_out to compute the final energy and forces
No. of atoms with KB's overlaping orbs in proc 0. Max # of overlaps:     167    1344

siesta: E_KS(eV) =           -14217.6355

siesta: Atomic forces (eV/Ang):
     1   -0.014489    0.000000    0.000002
     2    0.004436    0.000001    0.000003
     3    0.008318    0.000001    0.000004
     4    0.001604    0.000000   -0.000001
     5   -0.023430    0.000000   -0.000003
     6    0.022325    0.000000   -0.000007
----------------------------------------
   Tot   -0.001235    0.000003   -0.000001
----------------------------------------
   Max    0.023430
   Res    0.008656    sqrt( Sum f_i^2 / 3N )
----------------------------------------
   Max    0.023430    constrained

Stress tensor Voigt[x,y,z,yz,xz,xy] (kbar):       -6.89      -11.90       -1.27        0.00       -0.00        0.00
(Free)E + p*V (eV/cell)   -14217.2942
Target enthalpy (eV/cell)   -14217.6422

siesta: Stress tensor (static) (eV/Ang**3):
        -0.004300    0.000000   -0.000000
         0.000000   -0.007429    0.000000
        -0.000000    0.000000   -0.000793

siesta: Pressure (static):          6.68748628  kBar

siesta: Stress tensor (total) (eV/Ang**3):
        -0.004300    0.000000   -0.000000
         0.000000   -0.007429    0.000000
        -0.000000    0.000000   -0.000793

siesta: Pressure (total):          6.68748628  kBar

                     ====================================
                        Begin CG opt. move =     16
                     ====================================
k-point displ. along   1 input, could be:     0.00    0.50
k-point displ. along   2 input, could be:     0.00    0.50
k-point displ. along   3 input, could be:     0.00    0.50
 Kpoints in:           32 . Kpoints trimmed:           31

siesta: k-grid: Number of k-points = 31
siesta: k-points from Monkhorst-Pack grid
siesta: k-cutoff (effective) =     7.408 Ang
siesta: k-point supercell and displacements
siesta: k-grid:     2     0     0      0.000
siesta: k-grid:     0     6     0      0.000
siesta: k-grid:     0     0     4      0.000

superc: Internal auxiliary supercell:     5 x    11 x     9  =     495
superc: Number of atoms, orbitals, and projectors:   2970  68310  53460

outcell: Unit cell vectors (Ang):
        8.027050   -0.000000   -0.000000
       -0.000000    2.811082    0.000000
       -0.000000    0.000000    3.704025

outcell: Cell vector modules (Ang)   :    8.027050    2.811082    3.704025
outcell: Cell angles (23,13,12) (deg):     90.0000     90.0000     90.0000
outcell: Cell volume (Ang**3)        :     83.5802
<dSpData1D:S at geom step 16
  <sparsity:sparsity for geom step 16
    nrows_g=138 nrows=10 sparsity=4.0981 nnzs=78044, refcount: 7>
  <dData1D:(new from dSpData1D) n=78044, refcount: 1>
refcount: 1>
new_DM -- step:    17
Re-using DM from previous geometries...
Number of DMs in history: 1
 DM extrapolation coefficients: 
1   1.00000
New DM after history re-use:
<dSpData2D:SpM extrapolated using coords
  <sparsity:sparsity for geom step 16
    nrows_g=138 nrows=10 sparsity=4.0981 nnzs=78044, refcount: 9>
  <dData2D:(temp array for extrapolation) n=78044 m=2, refcount: 1>
refcount: 1>
No. of atoms with KB's overlaping orbs in proc 0. Max # of overlaps:     167    1344

InitMesh: MESH = 90 x 30 x 40 = 108000
InitMesh: Mesh cutoff (required, used) =   300.000   314.773 Ry
New grid distribution [1]: sub = 2
New grid distribution [2]: sub = 2
New grid distribution [3]: sub = 2
Setting up quadratic distribution...

        iscf     Eharris(eV)        E_KS(eV)     FreeEng(eV)     dDmax    Ef(eV) dHmax(eV)
   scf:    1   -14217.791268   -14217.635368   -14217.641933  0.066774 -6.337659  0.096686
     spin moment: {S} , |S| = {        0.0        0.0    4.42876 }     4.42876
   scf:    2   -14217.612035   -14217.628047   -14217.635042  0.067633 -6.351013  0.378087
     spin moment: {S} , |S| = {        0.0        0.0    4.43857 }     4.43857
   scf:    3   -14217.636310   -14217.635615   -14217.642260  0.057959 -6.339851  0.027671
     spin moment: {S} , |S| = {        0.0        0.0    4.43066 }     4.43066
   scf:    4   -14217.635628   -14217.635636   -14217.642294  0.002175 -6.340180  0.011138
     spin moment: {S} , |S| = {        0.0        0.0    4.43113 }     4.43113
   scf:    5   -14217.635661   -14217.635649   -14217.642304  0.004340 -6.339740  0.006397
     spin moment: {S} , |S| = {        0.0        0.0    4.43203 }     4.43203
   scf:    6   -14217.635665   -14217.635657   -14217.642308  0.004077 -6.339424  0.002173
     spin moment: {S} , |S| = {        0.0        0.0    4.43310 }     4.43310
   scf:    7   -14217.635660   -14217.635659   -14217.642309  0.000393 -6.339402  0.002120
     spin moment: {S} , |S| = {        0.0        0.0    4.43339 }     4.43339

SCF Convergence by DM criterion
max |DM_out - DM_in|         :     0.0003930104
max |H_out - H_in|      (eV) :     0.0021203003
SCF cycle converged after 7 iterations

Using DM_out to compute the final energy and forces
No. of atoms with KB's overlaping orbs in proc 0. Max # of overlaps:     167    1344

siesta: E_KS(eV) =           -14217.6357

siesta: Atomic forces (eV/Ang):
     1   -0.034893    0.000000    0.000001
     2    0.003508    0.000001    0.000003
     3    0.030151   -0.000000    0.000002
     4    0.001514   -0.000000   -0.000001
     5   -0.017299    0.000001   -0.000005
     6    0.016199    0.000000   -0.000004
----------------------------------------
   Tot   -0.000819    0.000002   -0.000003
----------------------------------------
   Max    0.034893
   Res    0.012254    sqrt( Sum f_i^2 / 3N )
----------------------------------------
   Max    0.034893    constrained

Stress tensor Voigt[x,y,z,yz,xz,xy] (kbar):       -4.12       -8.94        1.52       -0.00       -0.00        0.00
(Free)E + p*V (eV/cell)   -14217.4416
Target enthalpy (eV/cell)   -14217.6423

siesta: Stress tensor (static) (eV/Ang**3):
        -0.002571    0.000000   -0.000000
         0.000000   -0.005583   -0.000000
        -0.000000   -0.000000    0.000951

siesta: Pressure (static):          3.84652470  kBar

siesta: Stress tensor (total) (eV/Ang**3):
        -0.002571    0.000000   -0.000000
         0.000000   -0.005583   -0.000000
        -0.000000   -0.000000    0.000951

siesta: Pressure (total):          3.84652470  kBar

outcoor: Relaxed atomic coordinates (fractional):           
    0.01639565    0.00000003    0.00000000   1       1  Ga
    0.33328672   -0.00000003   -0.00000002   1       2  Ga
    0.65026944    0.00000000   -0.00000003   1       3  Ga
    0.83329884    0.50000004    0.50000001   1       4  Ga
    0.16700120    0.50000002    0.50000007   2       5  Mn
    0.49961881    0.50000000    0.50000008   2       6  Mn

outcell: Unit cell vectors (Ang):
        8.027050   -0.000000   -0.000000
       -0.000000    2.811082    0.000000
       -0.000000    0.000000    3.704025

outcell: Cell vector modules (Ang)   :    8.027050    2.811082    3.704025
outcell: Cell angles (23,13,12) (deg):     90.0000     90.0000     90.0000
outcell: Cell volume (Ang**3)        :     83.5802

coxmol: Writing XMOL coordinates into file hea.xyz                                                                                                                                                                                                                             
Writing WFSX for COOP/COHP in hea.fullBZ.WFSX

diag: Algorithm                                     = D&C
diag: Parallel over k                               =   F
diag: Use parallel 2D distribution                  =   T
diag: Parallel block-size                           = 5
diag: Parallel distribution                         =     4 x     6
diag: Used triangular part                          = Lower
diag: Absolute tolerance                            =  0.100E-15
diag: Orthogonalization factor                      =  0.100E-05
diag: Memory factor                                 =  1.0000

diag: Algorithm                                     = D&C
diag: Parallel over k                               =   F
diag: Use parallel 2D distribution                  =   T
diag: Parallel block-size                           = 5
diag: Parallel distribution                         =     4 x     6
diag: Used triangular part                          = Lower
diag: Absolute tolerance                            =  0.100E-15
diag: Orthogonalization factor                      =  0.100E-05
diag: Memory factor                                 =  1.0000

siesta: PDOS info
siesta: E1 -- E2, sigma [eV], nhist:  -20.000 --   20.000    0.100 1000

diag: Algorithm                                     = D&C
diag: Parallel over k                               =   F
diag: Use parallel 2D distribution                  =   T
diag: Parallel block-size                           = 5
diag: Parallel distribution                         =     4 x     6
diag: Used triangular part                          = Lower
diag: Absolute tolerance                            =  0.100E-15
diag: Orthogonalization factor                      =  0.100E-05
diag: Memory factor                                 =  1.0000

siesta: Program's energy decomposition (eV):
siesta: Ebs     =     -2112.064818
siesta: Eions   =     17034.851308
siesta: Ena     =      1121.426863
siesta: Ekin    =      9426.393832
siesta: Enl     =     -4525.390250
siesta: Eso     =         0.000000
siesta: Edftu   =         0.000000
siesta: DEna    =        37.854977
siesta: DUscf   =         0.668525
siesta: DUext   =         0.000000
siesta: Ex      =     -3055.385377
siesta: Ec      =      -188.352921
siesta: Exc     =     -3243.738298
siesta: EbV     =         0.000000
siesta: eta*DQ  =         0.000000
siesta: Emadel  =         0.000000
siesta: Emeta   =         0.000000
siesta: Emolmec =         0.000000
siesta: Ekinion =         0.000000
siesta: Eharris =    -14217.635660
siesta: Etot    =    -14217.635659
siesta: FreeEng =    -14217.642309

siesta: Final energy (eV):
siesta:  Band Struct. =   -2112.064818
siesta:       Kinetic =    9426.393832
siesta:       Hartree =    3371.283385
siesta:         Edftu =       0.000000
siesta:       Eso     =       0.000000
siesta:    Ext. field =       0.000000
siesta:         Exch. =   -3055.385377
siesta:         Corr. =    -188.352921
siesta:     Bulk bias =       0.000000
siesta:   Exch.-corr. =   -3243.738298
siesta:  Ion-electron =  -15939.893093
siesta:       Ion-ion =   -7831.681485
siesta:       Ekinion =       0.000000
siesta: D3 dispersion =       0.000000
siesta:         Total =  -14217.635659
siesta:         Fermi =      -6.339402

siesta: Stress tensor (static) (eV/Ang**3):
siesta:    -0.002571    0.000000   -0.000000
siesta:     0.000000   -0.005583   -0.000000
siesta:    -0.000000   -0.000000    0.000951

siesta: Constrained stress tensor (static) (eV/Ang**3):
siesta:    -0.002571    0.000000   -0.000000
siesta:     0.000000   -0.005583   -0.000000
siesta:    -0.000000   -0.000000    0.000951

siesta: Cell volume =         83.580211 Ang**3

siesta: Pressure (static):
siesta:                Solid            Molecule  Units
siesta:           0.00002615          0.00001673  Ry/Bohr**3
siesta:           0.00240081          0.00153615  eV/Ang**3
siesta:           3.84652470          2.46118772  kBar
(Free)E+ p_basis*V_orbitals  =      -14181.748961
(Free)Eharris+ p_basis*V_orbitals  =      -14181.748963

mulliken: Atomic and Orbital Populations:

mulliken: Spin UP 

Species: Ga                  
Atom  Qatom  Qorb
               4s      4s      4s      4py     4pz     4px     4py     4pz     
               4px     4py     4pz     4px     3dxy    3dyz    3dz2    3dxz    
               3dx2-y2 4dxy    4dyz    4dz2    4dxz    4dx2-y2 
   1  6.425   0.740  -0.287   0.335   0.005  -0.065  -0.135   0.262   0.241
              0.212  -0.116   0.034   0.039   0.999   0.999   0.999   0.998

              0.999   0.051   0.040   0.036   0.040  -0.001
   2  6.626   0.283  -0.137   0.448  -0.013   0.743   0.682   0.177  -0.032
              0.003  -0.056  -0.284  -0.356   0.998   0.998   1.000   0.998

              1.000   0.040   0.078   0.032   0.023   0.002
   3  6.426   0.740  -0.287   0.335   0.005  -0.064  -0.134   0.262   0.241
              0.212  -0.117   0.034   0.039   0.999   0.999   0.999   0.998

              0.999   0.051   0.040   0.036   0.040  -0.001
   4  6.650   0.842  -0.371   0.352   0.222  -0.628   0.524   0.372   0.399
              0.175  -0.332   0.198  -0.295   0.998   0.998   0.998   0.998

              0.997   0.095   0.034   0.070  -0.012   0.014

Species: Mn                  
Atom  Qatom  Qorb
               3s      4s      4s      4s      3py     3pz     3px     4py     
               4pz     4px     3dxy    3dyz    3dz2    3dxz    3dx2-y2 3dxy    
               3dyz    3dz2    3dxz    3dx2-y2 3dxy    3dyz    3dz2    3dxz    
               3dx2-y2 
   5  8.545   0.978  -1.219   0.228   0.680   0.996   0.995   0.996   0.242
              0.213   0.232   1.325   1.334   1.270   1.295   1.124  -0.072

             -0.086  -0.072  -0.087  -0.058  -0.337  -0.415  -0.314  -0.382

             -0.320
   6  8.546   0.978  -1.219   0.228   0.680   0.996   0.995   0.996   0.242
              0.213   0.232   1.325   1.334   1.270   1.295   1.124  -0.072

             -0.086  -0.072  -0.087  -0.058  -0.337  -0.415  -0.314  -0.382

             -0.320

mulliken: Qtot =       43.217

mulliken: Spin DOWN 

Species: Ga                  
Atom  Qatom  Qorb
               4s      4s      4s      4py     4pz     4px     4py     4pz     
               4px     4py     4pz     4px     3dxy    3dyz    3dz2    3dxz    
               3dx2-y2 4dxy    4dyz    4dz2    4dxz    4dx2-y2 
   1  6.695   0.760  -0.318   0.365  -0.056  -0.187  -0.170   0.295   0.299
              0.229  -0.028   0.179   0.143   0.999   0.998   0.999   0.998

              0.999   0.061   0.037   0.045   0.043   0.004
   2  6.932   0.336  -0.178   0.488  -0.043   0.529   0.558   0.235   0.079
              0.038   0.020  -0.126  -0.227   0.997   0.997   1.000   0.997

              1.000   0.052   0.078   0.046   0.031   0.025
   3  6.696   0.760  -0.318   0.365  -0.056  -0.187  -0.169   0.295   0.299
              0.229  -0.028   0.179   0.143   0.999   0.998   0.999   0.998

              0.999   0.061   0.037   0.045   0.043   0.004
   4  6.714   0.856  -0.405   0.396   0.129  -0.592   0.376   0.366   0.380
              0.206  -0.251   0.220  -0.177   0.999   0.998   0.998   0.999

              0.996   0.109   0.034   0.077  -0.006   0.006

Species: Mn                  
Atom  Qatom  Qorb
               3s      4s      4s      4s      3py     3pz     3px     4py     
               4pz     4px     3dxy    3dyz    3dz2    3dxz    3dx2-y2 3dxy    
               3dyz    3dz2    3dxz    3dx2-y2 3dxy    3dyz    3dz2    3dxz    
               3dx2-y2 
   5  5.873   0.958  -1.400   0.285   0.733   0.994   0.993   0.994   0.199
              0.153   0.174   0.313   0.596   0.483   0.598   0.920  -0.037

             -0.059  -0.046  -0.060  -0.074  -0.062  -0.183  -0.117  -0.177

             -0.305
   6  5.873   0.958  -1.400   0.285   0.733   0.994   0.993   0.994   0.199
              0.153   0.174   0.313   0.595   0.483   0.598   0.920  -0.037

             -0.059  -0.046  -0.060  -0.074  -0.062  -0.183  -0.117  -0.177

             -0.305

mulliken: Qtot =       38.783

Mulliken Atomic Populations:
Atom #   charge [q] valence [e]      Sz [e]  Species
     1    -0.120172   13.120172   -0.270051  Ga
     2    -0.558212   13.558212   -0.306629  Ga
     3    -0.121113   13.121113   -0.270002  Ga
     4    -0.363873   13.363873   -0.064742  Ga
     5     0.581659   14.418341    2.671814  Mn
     6     0.581712   14.418288    2.672997  Mn
-------------------------------------------
 Total    -0.000000                4.433388

cite: Please indicate the Siesta version in published work: 5.2.2
cite: This calculation has made use of features in the following articles
cite: which we encourage you to cite in published work.
cite: (Please see "hea.bib" for a BibTeX file.)
        Primary SIESTA paper
          DOI: www.doi.org/10.1088/0953-8984/14/11/302
        PSML pseudopotential format
          DOI: www.doi.org/10.1016/j.cpc.2018.02.011


>> End of run:  18-JUN-2025  19:48:58
Job completed
