Executable      : /home/users/felipegc/woltsoft/SIESTA/siesta-5.2.2/build/bin/siesta
Version         : 5.2.2
Architecture    : x86_64
Compiler version: GNU-9.3.0
Compiler flags  : -O3 -march=native
Parallelisations: MPI
Lua support
Native ELPA support
ELSI support. Solvers:
   ELPA (internal) 
   NTPoly
   OMM
DFT-D3 support
Wannier90 wrapper support

Runtime information:
* Directory : /home/users/felipegc/MnNiGa/optimizations_afm/top/structure_calc_59
* Running on 24 nodes in parallel.
>> Start of run:  29-JUL-2025  21:43:47

                           *********************** 
                           *  WELCOME TO SIESTA  * 
                           *********************** 

 NOTE: Siesta V5 introduces some new defaults for basis-set generation
 NOTE: which might lead to slightly different numerical results.
 NOTE: Please see the manual for full details and compatibility measures.


reinit: Reading from standard input
reinit: Dumping input in INPUT_TMP.13917
************************** Dump of input data file ****************************
SystemName          hea
SystemLabel         hea
Reparametrize.Pseudos T
Restricted.Radial.Grid F
%include atoms.fdf
MaxSCFIterations     20000
SCF.Mix              Hamiltonian
SCF.Mixer.Method     Broyden
#SCF.Mixer.Variant    original #Pulay original
SCF.Mixer.History    8
SCF.Mixer.Weight     0.07
SCF.H.Converge       False
SCF.DM.Converge      True
SCF.DM.Tolerance     5.d-4
SCF.H.Tolerance      5.d-3 eV
MeshCutoff 300.0 Ry
MD.UseSaveCG         False
DM.UseSaveDM         False
NumberOfEigenStates -20
ElectronicTemperature 300 K
WriteCoorXmol        True
XC.Functional     GGA
XC.authors        PBEsol
Spin polarized
DM.InitSpin.AF true
SolutionMethod       diagon
#Diag.Algorithm        MRRR
###################################
###################################
# Full template for Basis param.
###################################
###################################
Basis.Pressure 0.3 GPa
PAO.SoftDefault T
PAO.SoftPotential 50.0 Ry
PAO.SoftInnerRadius 0.70
PAO.BasisType split
PAO.EnergyShift 0.0019 eV
PAO.BasisSize TZP
PAO.SplitTailNorm T
            %block kgrid_Monkhorst_Pack
            6  0  0  0.
            0  6  0  0.
            0  0  1  0.
            %endblock kgrid_Monkhorst_Pack
            MD.TypeOfRun CG
            MD.Steps         500
            MD.VariableCell true
            MD.MaxForceTol 0.05 eV/Ang
            WriteMDHistory true
            WriteForces true
            Write.OrbitalIndex true
            Charge.Mulliken end
            COOP.Write true
            %block ProjectedDensityOfStates
            -20.00 20.00 0.1 1000 eV
            %endblock ProjectedDensityOfStates
************************** End of input data file *****************************

reinit: -----------------------------------------------------------------------
reinit: System Name: hea
reinit: -----------------------------------------------------------------------
reinit: System Label: hea
reinit: -----------------------------------------------------------------------

NOTE on units for spin output: 
{S} is the spin magnetic moment, in units of the Bohr magneton,
assuming a g-factor for the electron spin of exactly 2.
The spin magnetic moment is then numerically equal to the charge inbalance,
in units of electrons, between the spin-up and -down channels.


initatom: Reading input for the pseudopotentials and atomic orbitals ----------
Species number:   1 Atomic number:   31 Label: Ga
Species number:   2 Atomic number:   25 Label: Mn

Ground state valence configuration (from tables):   4s02  4p01  4d00  4f00
Ground state valence configuration (from tables):   4s02  4p00  3d05  4f00

---- Processing specs for species: Ga
Reading pseudopotential information in PSML from:
  Ga.psml
PSML file version: 1.1
Using libxc ids:  101 130
GGA--PBE XC_GGA_X_PBE--XC_GGA_C_PBE pb
PSML uuid: 206972b0-be42-11e7-579b-1282fffb1a56
Semicore shell(s) with 10 electrons included in the valence for Ga

---- Processing specs for species: Mn
Reading pseudopotential information in PSML from:
  Mn.psml
PSML file version: 1.1
Using libxc ids:  101 130
GGA--PBE XC_GGA_X_PBE--XC_GGA_C_PBE pb
PSML uuid: e5ebd880-be41-11e7-659b-074ddfc7bd15
Semicore shell(s) with  8 electrons included in the valence for Mn

---- Pseudopotential check for Ga

Pseudized shells:
4s( 2.00) rc: 1.67
4p( 1.00) rc: 1.75
3d(10.00) rc: 1.90
Valence configuration for ps generation: 3d:4s:4p: Total charge:  13.000000
Semicore shell(s): 3d
Fallback to non-perturbative polarization scheme for Ga
Please see the manual if this is not desired in principle

---- Pseudopotential check for Mn

Pseudized shells:
3s( 2.00) rc: 1.41
3p( 6.00) rc: 1.21
3d( 5.00) rc: 1.61
Valence configuration for ps generation: 3s:3p:3d:4s: Total charge:  15.000000
Semicore shell(s): 3s 3p
Fallback to non-perturbative polarization scheme for Mn
Please see the manual if this is not desired in principle
For Ga, standard SIESTA heuristics set lmxkb to 3
 (one more than the basis l, including polarization orbitals).
Use PS.lmax or PS.KBprojectors blocks to override.
For Mn, standard SIESTA heuristics set lmxkb to 3
 (one more than the basis l, including polarization orbitals).
Use PS.lmax or PS.KBprojectors blocks to override.
Ga pseudopotential only contains V_ls up to l=2 -- lmxkb reset.
Mn pseudopotential only contains V_ls up to l=2 -- lmxkb reset.

<basis_specs>
===============================================================================
Ga                   Z=  31    Mass=  69.723        Charge= 0.17977+309
Lmxo=2 Lmxkb= 2    BasisType=split      Semic=T
L=0  Nsemic=0  Cnfigmx=4
          i=1  nzeta=3  polorb=0  (4s)
            splnorm:   0.15000    
               vcte:    50.000    
               rinn:  -0.70000    
               qcoe:    0.0000    
               qyuk:    0.0000    
               qwid:   0.10000E-01
                rcs:    0.0000      0.0000      0.0000    
            lambdas:    1.0000      1.0000      1.0000    
L=1  Nsemic=0  Cnfigmx=4
          i=1  nzeta=3  polorb=0  (4p)  (to be polarized non-perturbatively)
            splnorm:   0.15000    
               vcte:    50.000    
               rinn:  -0.70000    
               qcoe:    0.0000    
               qyuk:    0.0000    
               qwid:   0.10000E-01
                rcs:    0.0000      0.0000      0.0000    
            lambdas:    1.0000      1.0000      1.0000    
L=2  Nsemic=1  Cnfigmx=4
          i=1  nzeta=1  polorb=0  (3d)  (semicore shell)
            splnorm:   0.15000    
               vcte:    50.000    
               rinn:  -0.70000    
               qcoe:    0.0000    
               qyuk:    0.0000    
               qwid:   0.10000E-01
                rcs:    0.0000    
            lambdas:    1.0000    
          i=2  nzeta=1  polorb=0  (4d)  (non-perturbative polarization shell)
            splnorm:   0.15000    
               vcte:    50.000    
               rinn:  -0.70000    
               qcoe:   0.34981-315
               qyuk:    0.0000    
               qwid:   0.69532-309
                rcs:    0.0000    
            lambdas:    1.0000    
-------------------------------------------------------------------------------
L=0  Nkbl=1  erefs: 0.17977+309
L=1  Nkbl=1  erefs: 0.17977+309
L=2  Nkbl=2  erefs: 0.17977+309 0.17977+309
===============================================================================
</basis_specs>

Using PAO.SplitTailNorm
atom: Called for Ga                    (Z =  31)
Maximum radius (at nrval) set to   50.00000 8518

read_vps: Pseudopotential generation method:
read_vps: ONCVPSP-3.Hamann's oncvpsp                        
Valence charge in pseudo generation:   13.00000

read_vps: Pseudopotential includes a core correction:
read_vps: Pseudo-core for xc-correction

xc_check: Exchange-correlation functional:
xc_check: GGA PBEsol
xc_check: WARNING: Pseudopotential generated with GGA PBE functional
Got Vlocal (oncv-fit) from psml data
Choosing vlocal chloc cutoff:  4.295227
qtot up to nchloc:   13.00023270
atom: Maximum radius for chlocal:    4.29523
atom: Maximum radius for r*vlocal+2*Zval:    4.29523
Reading KB projs from Ga psml data
Using scalar-relativistic projectors in PSML file

PSML: Kleinman-Bylander projectors: 
   l= 0   rc=  1.688643   Ekb= 14.059564
   l= 0   rc=  1.688643   Ekb=  2.289351
   l= 1   rc=  1.772167   Ekb= 13.610457
   l= 1   rc=  1.772167   Ekb=  2.576326
   l= 2   rc=  1.926399   Ekb=-16.756509
   l= 2   rc=  1.926399   Ekb= -5.641527

PSML: Total number of  Kleinman-Bylander projectors:  18
atom: -------------------------------------------------------------------------

atom: SANKEY-TYPE ORBITALS:
atom: Selected multiple-zeta basis: split     

SPLIT: Orbitals with angular momentum L= 0

SPLIT: Basis orbitals for state 4s

SPLIT: PAO cut-off radius determined from an
SPLIT: energy shift=  0.000140 Ry
Split based on tail norm

   izeta = 1
                 lambda =    1.000000
                     rc =    8.573397
                 energy =   -0.660225
                kinetic =    0.501561
    potential(screened) =   -1.161786
       potential(ionic) =  -12.246649

   izeta = 2
                 rmatch =    4.547753
              splitnorm =    0.150000
                 energy =   -0.462291
                kinetic =    0.981430
    potential(screened) =   -1.443721
       potential(ionic) =  -13.770808

   izeta = 3
                 rmatch =    5.338573
              splitnorm =    0.075000
                 energy =   -0.599358
                kinetic =    0.744548
    potential(screened) =   -1.343906
       potential(ionic) =  -13.255962

SPLIT: Orbitals with angular momentum L= 1

SPLIT: Basis orbitals for state 4p

SPLIT: PAO cut-off radius determined from an
SPLIT: energy shift=  0.000140 Ry
Split based on tail norm

   izeta = 1
                 lambda =    1.000000
                     rc =   12.949509
                 energy =   -0.190428
                kinetic =    0.541974
    potential(screened) =   -0.732402
       potential(ionic) =   -9.174065

   izeta = 2
                 rmatch =    6.968471
              splitnorm =    0.150000
                 energy =   -0.153132
                kinetic =    0.764207
    potential(screened) =   -0.917338
       potential(ionic) =  -10.565779

   izeta = 3
                 rmatch =    8.212134
              splitnorm =    0.075000
                 energy =   -0.175794
                kinetic =    0.665884
    potential(screened) =   -0.841678
       potential(ionic) =  -10.014829

SPLIT: Orbitals with angular momentum L= 2

SPLIT: Basis orbitals for state 3d

SPLIT: PAO cut-off radius determined from an
SPLIT: energy shift=  0.000140 Ry
Split based on tail norm

   izeta = 1
                 lambda =    1.000000
                     rc =    4.873342
                 energy =   -1.390864
                kinetic =   12.335179
    potential(screened) =  -13.726043
       potential(ionic) =  -32.471836

SPLIT: Basis orbitals for state 4d
SPLIT: Non-perturbative polarization orbs for state 4p
SPLIT: rc(1st zeta) (re)set to: 12.9495 (expansion factor: 1.0000)
Split based on tail norm

   izeta = 1
                 lambda =    1.000000
                     rc =   12.949509
                 energy =    0.135451
                kinetic =    0.341434
    potential(screened) =   -0.205982
       potential(ionic) =   -4.584821
atom: Total number of Sankey-type orbitals: 22

atm_pop: Valence configuration (for local Pseudopot. screening):
 4s( 2.00)                                                            
 4p( 1.00)                                                            
 3d(10.00) 4d( 0.00)                                                  
Vna: chval, zval:   13.00000  13.00000

Vna:  Cut-off radius for the neutral-atom potential:  12.949509
comcore: Pseudo-core radius Rcore=  2.359857

atom: _________________________________________________________________________

<basis_specs>
===============================================================================
Mn                   Z=  25    Mass=  54.938        Charge= 0.17977+309
Lmxo=2 Lmxkb= 2    BasisType=split      Semic=T
L=0  Nsemic=1  Cnfigmx=4
          i=1  nzeta=1  polorb=0  (3s)  (semicore shell)
            splnorm:   0.15000    
               vcte:    50.000    
               rinn:  -0.70000    
               qcoe:    0.0000    
               qyuk:    0.0000    
               qwid:   0.10000E-01
                rcs:    0.0000    
            lambdas:    1.0000    
          i=2  nzeta=3  polorb=0  (4s)  (to be polarized non-perturbatively)
            splnorm:   0.15000    
               vcte:    50.000    
               rinn:  -0.70000    
               qcoe:    0.0000    
               qyuk:    0.0000    
               qwid:   0.10000E-01
                rcs:    0.0000      0.0000      0.0000    
            lambdas:    1.0000      1.0000      1.0000    
L=1  Nsemic=1  Cnfigmx=4
          i=1  nzeta=1  polorb=0  (3p)  (semicore shell)
            splnorm:   0.15000    
               vcte:    50.000    
               rinn:  -0.70000    
               qcoe:    0.0000    
               qyuk:    0.0000    
               qwid:   0.10000E-01
                rcs:    0.0000    
            lambdas:    1.0000    
          i=2  nzeta=1  polorb=0  (4p)  (non-perturbative polarization shell)
            splnorm:   0.15000    
               vcte:    50.000    
               rinn:  -0.70000    
               qcoe:   0.34981-315
               qyuk:    0.0000    
               qwid:   0.69532-309
                rcs:    0.0000    
            lambdas:    1.0000    
L=2  Nsemic=0  Cnfigmx=3
          i=1  nzeta=3  polorb=0  (3d)
            splnorm:   0.15000    
               vcte:    50.000    
               rinn:  -0.70000    
               qcoe:    0.0000    
               qyuk:    0.0000    
               qwid:   0.10000E-01
                rcs:    0.0000      0.0000      0.0000    
            lambdas:    1.0000      1.0000      1.0000    
-------------------------------------------------------------------------------
L=0  Nkbl=2  erefs: 0.17977+309 0.17977+309
L=1  Nkbl=2  erefs: 0.17977+309 0.17977+309
L=2  Nkbl=1  erefs: 0.17977+309
===============================================================================
</basis_specs>

Using PAO.SplitTailNorm
atom: Called for Mn                    (Z =  25)
Maximum radius (at nrval) set to   50.00000 8518

read_vps: Pseudopotential generation method:
read_vps: ONCVPSP-3.Hamann's oncvpsp                        
Valence charge in pseudo generation:   15.00000

read_vps: Pseudopotential includes a core correction:
read_vps: Pseudo-core for xc-correction

xc_check: Exchange-correlation functional:
xc_check: GGA PBEsol
xc_check: WARNING: Pseudopotential generated with GGA PBE functional
Got Vlocal (oncv-fit) from psml data
Choosing vlocal chloc cutoff:  3.504263
qtot up to nchloc:   15.00032895
atom: Maximum radius for chlocal:    3.50426
atom: Maximum radius for r*vlocal+2*Zval:    3.50426
Reading KB projs from Mn psml data
Using scalar-relativistic projectors in PSML file

PSML: Kleinman-Bylander projectors: 
   l= 0   rc=  1.427391   Ekb= 18.471374
   l= 0   rc=  1.430269   Ekb=  3.121111
   l= 1   rc=  1.224702   Ekb=  3.156115
   l= 1   rc=  1.224702   Ekb= -1.424352
   l= 2   rc=  1.630219   Ekb=-13.224142
   l= 2   rc=  1.630219   Ekb= -4.330632

PSML: Total number of  Kleinman-Bylander projectors:  18
atom: -------------------------------------------------------------------------

atom: SANKEY-TYPE ORBITALS:
atom: Selected multiple-zeta basis: split     

SPLIT: Orbitals with angular momentum L= 0

SPLIT: Basis orbitals for state 3s

SPLIT: PAO cut-off radius determined from an
SPLIT: energy shift=  0.000140 Ry
Split based on tail norm

   izeta = 1
                 lambda =    1.000000
                     rc =    3.380000
                 energy =   -6.293298
                kinetic =    2.848567
    potential(screened) =   -9.141865
       potential(ionic) =  -33.519753

SPLIT: Basis orbitals for state 4s

SPLIT: PAO cut-off radius determined from an
SPLIT: energy shift=  0.000140 Ry
Split based on tail norm

   izeta = 1
                 lambda =    1.000000
                     rc =   10.002455
                 energy =   -0.450676
                kinetic =    1.112603
    potential(screened) =   -1.563278
       potential(ionic) =  -13.199632

   izeta = 2
                 rmatch =    5.430276
              splitnorm =    0.150000
                 energy =   -0.360834
                kinetic =    1.875764
    potential(screened) =   -2.236598
       potential(ionic) =  -15.982656

   izeta = 3
                 rmatch =    6.342382
              splitnorm =    0.075000
                 energy =   -0.415048
                kinetic =    1.529261
    potential(screened) =   -1.944310
       potential(ionic) =  -14.865309

SPLIT: Orbitals with angular momentum L= 1

SPLIT: Basis orbitals for state 3p

SPLIT: PAO cut-off radius determined from an
SPLIT: energy shift=  0.000140 Ry
Split based on tail norm

   izeta = 1
                 lambda =    1.000000
                     rc =    3.873861
                 energy =   -3.996757
                kinetic =    6.976018
    potential(screened) =  -10.972775
       potential(ionic) =  -34.563053

SPLIT: Basis orbitals for state 4p
SPLIT: Non-perturbative polarization orbs for state 4s
SPLIT: rc(1st zeta) (re)set to: 10.0025 (expansion factor: 1.0000)
Split based on tail norm

   izeta = 1
                 lambda =    1.000000
                     rc =   10.002455
                 energy =   -0.085879
                kinetic =    0.770317
    potential(screened) =   -0.856196
       potential(ionic) =   -9.409918

SPLIT: Orbitals with angular momentum L= 2

SPLIT: Basis orbitals for state 3d

SPLIT: PAO cut-off radius determined from an
SPLIT: energy shift=  0.000140 Ry
Split based on tail norm

   izeta = 1
                 lambda =    1.000000
                     rc =    7.238756
                 energy =   -0.490123
                kinetic =    9.261574
    potential(screened) =   -9.751697
       potential(ionic) =  -30.334327

   izeta = 2
                 rmatch =    3.144499
              splitnorm =    0.150000
                 energy =   -0.401801
                kinetic =   11.021778
    potential(screened) =  -11.423579
       potential(ionic) =  -33.555539

   izeta = 3
                 rmatch =    3.972182
              splitnorm =    0.075000
                 energy =   -0.464167
                kinetic =   10.072383
    potential(screened) =  -10.536551
       potential(ionic) =  -31.940836
atom: Total number of Sankey-type orbitals: 25

atm_pop: Valence configuration (for local Pseudopot. screening):
 3s( 2.00) 4s( 2.00)                                                  
 3p( 6.00) 4p( 0.00)                                                  
 3d( 5.00)                                                            
Vna: chval, zval:   15.00000  15.00000

Vna:  Cut-off radius for the neutral-atom potential:  10.002455
comcore: Pseudo-core radius Rcore=  2.115123

atom: _________________________________________________________________________

prinput: Basis input 

PAO.BasisType split     

%block ChemicalSpeciesLabel
    1   31 Ga                      # Species index, atomic number, species label
    2   25 Mn                      # Species index, atomic number, species label
%endblock ChemicalSpeciesLabel

%block PAO.Basis                 # Define Basis set
# WARNING: This information might be incomplete!
Ga                    4                    # Species label, number of l-shells
 n=4   0   3                         # n, l, Nzeta 
   8.573      4.548      5.339   
   1.000      1.000      1.000   
 n=4   1   3                         # n, l, Nzeta 
  12.950      6.968      8.212   
   1.000      1.000      1.000   
 n=3   2   1                         # n, l, Nzeta 
   4.873   
   1.000   
 n=4   2   1                         # n, l, Nzeta 
  12.950   
   1.000   
Mn                    5                    # Species label, number of l-shells
 n=3   0   1                         # n, l, Nzeta 
   3.380   
   1.000   
 n=4   0   3                         # n, l, Nzeta 
  10.002      5.430      6.342   
   1.000      1.000      1.000   
 n=3   1   1                         # n, l, Nzeta 
   3.874   
   1.000   
 n=4   1   1                         # n, l, Nzeta 
  10.002   
   1.000   
 n=3   2   3                         # n, l, Nzeta 
   7.239      3.144      3.972   
   1.000      1.000      1.000   
%endblock PAO.Basis

prinput: ----------------------------------------------------------------------

coor:   Atomic-coordinates input format  =     Fractional

siesta: Atomic coordinates (Bohr) and species
siesta:      2.35178   2.35178   9.97775  1        1
siesta:      0.00000   0.00000  19.95551  1        2
siesta:      0.00000   0.00000   0.00000  2        3
siesta:      2.35178   2.35178   3.32592  2        4
siesta:      0.00000   0.00000   6.65184  2        5
siesta:      0.00000   0.00000  13.30367  2        6
siesta:      2.35178   2.35178  16.62959  2        7
siesta:      2.35178   2.35178  23.28143  2        8

siesta: System type = bulk      

initatomlists: Number of atoms, orbitals, and projectors:      8   194   144

coxmol: Writing XMOL coordinates into file hea.xyz                                                                                                                                                                                                                             

siesta: ******************** Simulation parameters ****************************
siesta:
siesta: The following are some of the parameters of the simulation.
siesta: A complete list of the parameters used, including default values,
siesta: can be found in file out.fdf
siesta:
redata: Spin configuration                          = collinear
redata: Number of spin components                   = 2
redata: Time-Reversal Symmetry                      = T
redata: Spin spiral                                 = F
redata: Long output                                 =   F
redata: Number of Atomic Species                    =        2
redata: Charge density info will appear in .RHO file
redata: Write Mulliken charges (when)               = end
redata: Write Mulliken Pop.                         = Atomic and Orbital charges
redata: Write Hirshfeld charges (when)              = none
redata: Write Voronoi charges (when)                = none
redata: Write spin charge (when)                    = scf
redata: Matel table size (NRTAB)                    =     1024
redata: Mesh Cutoff                                 =   300.0000 Ry
redata: Net charge of the system                    =     0.0000 |e|
redata: Min. number of SCF Iter                     =        0
redata: Max. number of SCF Iter                     =    20000
redata: SCF convergence failure will abort job
redata: SCF mix quantity                            = Hamiltonian
redata: Mix DM or H after convergence               =   F
redata: Recompute H after scf cycle                 =   F
redata: Mix DM in first SCF step                    =   T
redata: Write Pulay info on disk                    =   F
redata: New DM Occupancy tolerance                  = 0.000000000001
redata: No kicks to SCF
redata: DM Mixing Weight for Kicks                  =     0.5000
redata: Require Harris convergence for SCF          =   F
redata: Harris energy tolerance for SCF             =     0.000100 eV
redata: Require DM convergence for SCF              =   T
redata: DM tolerance for SCF                        =     0.000500
redata: Require EDM convergence for SCF             =   F
redata: EDM tolerance for SCF                       =     0.001000 eV
redata: Require H convergence for SCF               =   F
redata: Hamiltonian tolerance for SCF               =     0.005000 eV
redata: Require (free) Energy convergence for SCF   =   F
redata: (free) Energy tolerance for SCF             =     0.000100 eV
redata: Antiferro initial spin density              =   T
redata: Using DFT-D3 dispersion                     =   F
redata: Using Saved Data (generic)                  =   F
redata: Use continuation files for DM               =   F
redata: Neglect nonoverlap interactions             =   F
redata: Method of Calculation                       = Diagonalization
redata: Electronic Temperature                      =   300.0000 K
redata: Fix the spin of the system                  =   F
redata: Max. number of TDED Iter                    =        1
redata: Number of TDED substeps                     =        3
redata: Dynamics option                             = CG coord. optimization
redata: Variable cell                               =   T
redata: Use continuation files for CG               =   F
redata: Max atomic displ per move                   =     0.1058 Ang
redata: Maximum number of optimization moves        =      500
redata: Force tolerance                             =     0.0500 eV/Ang
redata: Stress tolerance                            =     1.0000 GPa
mix.SCF: Broyden mixing                          = Broyden
mix.SCF:    History steps                        = 8
mix.SCF:    Linear mixing weight                 =     0.070000
mix.SCF:    Inverse Jacobian weight              =     0.070000
mix.SCF:    Weight prime                         =     0.070000
mix.SCF:    SVD condition                        = 0.1000E-07
mix.SCF: Spin-component mixing                   all
redata: ***********************************************************************

%block SCF.Mixers
  Broyden
%endblock SCF.Mixers

%block SCF.Mixer.Broyden
  # Mixing method
  method broyden

  # Mixing options
  weight 0.0700
  weight.linear 0.0700
  weight.prime 0.0700
  history 8
%endblock SCF.Mixer.Broyden

DM_history_depth set to one: no extrapolation allowed by default for geometry relaxation
Size of DM history Fstack: 1
Total number of electrons:   116.000000
Total ionic charge:   116.000000

* ProcessorY, Blocksize:    2   8


* Orbital distribution balance (max,min):    10     8

k-point displ. along   1 input, could be:     0.00    0.50
k-point displ. along   2 input, could be:     0.00    0.50
 Kpoints in:           24 . Kpoints trimmed:           22

siesta: k-grid: Number of k-points = 22
siesta: k-points from Monkhorst-Pack grid
siesta: k-cutoff (effective) =     7.040 Ang
siesta: k-point supercell and displacements
siesta: k-grid:     6     0     0      0.000
siesta: k-grid:     0     6     0      0.000
siesta: k-grid:     0     0     1      0.000
k-point displ. along   1 input, could be:     0.00    0.50
k-point displ. along   2 input, could be:     0.00    0.50
 Kpoints in:           24 . Kpoints trimmed:           22

siesta: PDOS k-grid: Number of k-points = 22
siesta: PDOS k-points from Monkhorst-Pack grid
siesta: PDOS k-cutoff (effective) =     0.000 Ang
siesta: PDOS k-point supercell and displacements
siesta: k-grid:     6     0     0      0.000
siesta: k-grid:     0     6     0      0.000
siesta: k-grid:     0     0     1      0.000

diag: Algorithm                                     = D&C
diag: Parallel over k                               =   F
diag: Use parallel 2D distribution                  =   T
diag: Parallel block-size                           = 8
diag: Parallel distribution                         =     4 x     6
diag: Used triangular part                          = Lower
diag: Absolute tolerance                            =  0.100E-15
diag: Orthogonalization factor                      =  0.100E-05
diag: Memory factor                                 =  1.0000
diag: The diagonalization method chosen cannot compute a reduced number of eigenvectors.
diag: Resetting neigwanted 80 to 194

superc: Internal auxiliary supercell:    13 x    13 x     3  =     507
superc: Number of atoms, orbitals, and projectors:   4056  98358  73008


ts: **************************************************************
ts: Save H and S matrices                           =    F
ts: Save DM and EDM matrices                        =    F
ts: Only save the overlap matrix S                  =    F
ts: **************************************************************

************************ Begin: TS CHECKS AND WARNINGS ************************
************************ End: TS CHECKS AND WARNINGS **************************


                     ====================================
                        Begin CG opt. move =      0
                     ====================================

superc: Internal auxiliary supercell:    13 x    13 x     3  =     507
superc: Number of atoms, orbitals, and projectors:   4056  98358  73008

outcell: Unit cell vectors (Ang):
        2.489016    0.000000    0.000000
        0.000000    2.489016    0.000000
        0.000000    0.000000   14.080000

outcell: Cell vector modules (Ang)   :    2.489016    2.489016   14.080000
outcell: Cell angles (23,13,12) (deg):     90.0000     90.0000     90.0000
outcell: Cell volume (Ang**3)        :     87.2284
<dSpData1D:S at geom step 0
  <sparsity:sparsity for geom step 0
    nrows_g=194 nrows=10 sparsity=1.9739 nnzs=74290, refcount: 7>
  <dData1D:(new from dSpData1D) n=74290, refcount: 1>
refcount: 1>
new_DM -- step:     1
Initializing Density Matrix...
DM filled with atomic data:
<dSpData2D:DM initialized from atoms
  <sparsity:sparsity for geom step 0
    nrows_g=194 nrows=10 sparsity=1.9739 nnzs=74290, refcount: 8>
  <dData2D:DM n=74290 m=2, refcount: 1>
refcount: 1>
No. of atoms with KB's overlaping orbs in proc 0. Max # of overlaps:     189    1136

InitMesh: MESH = 30 x 30 x 150 = 135000
InitMesh: Mesh cutoff (required, used) =   300.000   313.675 Ry
New grid distribution [1]: sub = 2
New grid distribution [2]: sub = 2
New grid distribution [3]: sub = 2
Setting up quadratic distribution...

stepf: Fermi-Dirac step function

siesta: Program's energy decomposition (eV):
siesta: Ebs     =     -4137.003808
siesta: Eions   =     28575.751708
siesta: Ena     =      2628.726847
siesta: Ekin    =     11060.800273
siesta: Enl     =     -3143.192138
siesta: Eso     =         0.000000
siesta: Edftu   =         0.000000
siesta: DEna    =       200.251244
siesta: DUscf   =        18.332066
siesta: DUext   =         0.000000
siesta: Ex      =     -3835.757940
siesta: Ec      =      -239.264274
siesta: Exc     =     -4075.022214
siesta: EbV     =         0.000000
siesta: eta*DQ  =         0.000000
siesta: Emadel  =         0.000000
siesta: Emeta   =         0.000000
siesta: Emolmec =         0.000000
siesta: Ekinion =         0.000000
siesta: Eharris =    -21746.922291
siesta: Etot    =    -21885.855631
siesta: FreeEng =    -21885.861451

        iscf     Eharris(eV)        E_KS(eV)     FreeEng(eV)     dDmax    Ef(eV) dHmax(eV)
   scf:    1   -21746.922291   -21885.855631   -21885.861451 10.188112 -6.187414 29.506985
     spin moment: {S} , |S| = {        0.0        0.0   -0.00000 }    -0.00000
timer: Routine,Calls,Time,% = IterSCF        1       4.880  17.01
   scf:    2   -21366.115057   -21747.600974   -21747.614207  2.375415 -6.614781 81.280835
     spin moment: {S} , |S| = {        0.0        0.0   -0.00000 }    -0.00000
   scf:    3   -21901.859940   -21899.383205   -21899.402379  2.021858 -6.453422  5.720933
     spin moment: {S} , |S| = {        0.0        0.0   -0.00002 }    -0.00002
   scf:    4   -21900.562375   -21900.105763   -21900.125445  0.437592 -6.562241  4.226650
     spin moment: {S} , |S| = {        0.0        0.0   -0.00001 }    -0.00001
   scf:    5   -21901.798794   -21901.362761   -21901.376499  1.503735 -7.029921  3.637812
     spin moment: {S} , |S| = {        0.0        0.0   -0.00010 }    -0.00010
   scf:    6   -21881.990901   -21895.910739   -21895.928282  0.529930 -7.129344 17.270839
     spin moment: {S} , |S| = {        0.0        0.0    0.00523 }     0.00523
   scf:    7   -21904.497264   -21901.494436   -21901.507270  0.298295 -7.281326  6.342333
     spin moment: {S} , |S| = {        0.0        0.0   -0.00084 }    -0.00084
   scf:    8   -21902.160026   -21902.301844   -21902.311595  0.172882 -7.335919  1.158614
     spin moment: {S} , |S| = {        0.0        0.0   -0.00059 }    -0.00059
   scf:    9   -21895.641976   -21900.120905   -21900.138038  0.369259 -7.462850 11.239121
     spin moment: {S} , |S| = {        0.0        0.0    0.00209 }     0.00209
   scf:   10   -21901.487162   -21902.757340   -21902.776384  0.226693 -7.538057  2.518878
     spin moment: {S} , |S| = {        0.0        0.0   -0.00064 }    -0.00064
   scf:   11   -21903.087227   -21902.962537   -21902.982463  0.046476 -7.571237  1.277191
     spin moment: {S} , |S| = {        0.0        0.0    0.00001 }     0.00001
   scf:   12   -21902.615587   -21902.925513   -21902.945226  0.066946 -7.592437  2.488112
     spin moment: {S} , |S| = {        0.0        0.0   -0.00112 }    -0.00112
   scf:   13   -21903.194477   -21903.087249   -21903.106151  0.070506 -7.611425  0.682144
     spin moment: {S} , |S| = {        0.0        0.0    0.00186 }     0.00186
   scf:   14   -21903.111838   -21903.103135   -21903.121979  0.029778 -7.615882  0.264882
     spin moment: {S} , |S| = {        0.0        0.0   -0.00042 }    -0.00042
   scf:   15   -21903.107199   -21903.105828   -21903.124585  0.020233 -7.614105  0.140446
     spin moment: {S} , |S| = {        0.0        0.0   -0.00046 }    -0.00046
   scf:   16   -21903.113382   -21903.109396   -21903.128056  0.009274 -7.614463  0.173783
     spin moment: {S} , |S| = {        0.0        0.0    0.00058 }     0.00058
   scf:   17   -21903.117053   -21903.113027   -21903.131853  0.011943 -7.614001  0.157249
     spin moment: {S} , |S| = {        0.0        0.0    0.00021 }     0.00021
   scf:   18   -21903.126394   -21903.117562   -21903.137241  0.040985 -7.609393  0.138487
     spin moment: {S} , |S| = {        0.0        0.0    0.00007 }     0.00007
   scf:   19   -21903.118756   -21903.118162   -21903.138137  0.010614 -7.608968  0.070600
     spin moment: {S} , |S| = {        0.0        0.0    0.00022 }     0.00022
   scf:   20   -21903.118039   -21903.118513   -21903.137784  0.039840 -7.607594  0.255111
     spin moment: {S} , |S| = {        0.0        0.0   -0.00015 }    -0.00015
   scf:   21   -21903.116945   -21903.119181   -21903.138987  0.011129 -7.608048  0.143062
     spin moment: {S} , |S| = {        0.0        0.0   -0.00017 }    -0.00017
   scf:   22   -21903.119985   -21903.119719   -21903.139483  0.005002 -7.607447  0.043367
     spin moment: {S} , |S| = {        0.0        0.0    0.00000 }     0.00000
   scf:   23   -21903.119618   -21903.119781   -21903.139447  0.008883 -7.606827  0.095444
     spin moment: {S} , |S| = {        0.0        0.0   -0.00016 }    -0.00016
   scf:   24   -21903.119817   -21903.119873   -21903.139749  0.003845 -7.606620  0.022588
     spin moment: {S} , |S| = {        0.0        0.0    0.00003 }     0.00003
   scf:   25   -21903.119932   -21903.119902   -21903.139825  0.004531 -7.606418  0.015639
     spin moment: {S} , |S| = {        0.0        0.0    0.00003 }     0.00003
   scf:   26   -21903.119954   -21903.119928   -21903.139851  0.001194 -7.606457  0.016443
     spin moment: {S} , |S| = {        0.0        0.0   -0.00009 }    -0.00009
   scf:   27   -21903.120013   -21903.119969   -21903.139901  0.001565 -7.606587  0.018044
     spin moment: {S} , |S| = {        0.0        0.0   -0.00007 }    -0.00007
   scf:   28   -21903.120023   -21903.119995   -21903.139939  0.001725 -7.606740  0.014272
     spin moment: {S} , |S| = {        0.0        0.0    0.00000 }     0.00000
   scf:   29   -21903.120113   -21903.120049   -21903.140012  0.002451 -7.606926  0.010604
     spin moment: {S} , |S| = {        0.0        0.0   -0.00005 }    -0.00005
   scf:   30   -21903.120151   -21903.120095   -21903.140072  0.002578 -7.606973  0.014216
     spin moment: {S} , |S| = {        0.0        0.0   -0.00001 }    -0.00001
   scf:   31   -21903.120103   -21903.120098   -21903.140099  0.001056 -7.606914  0.011192
     spin moment: {S} , |S| = {        0.0        0.0    0.00000 }     0.00000
   scf:   32   -21903.120133   -21903.120114   -21903.140125  0.001259 -7.606833  0.013699
     spin moment: {S} , |S| = {        0.0        0.0   -0.00003 }    -0.00003
   scf:   33   -21903.120143   -21903.120105   -21903.140210  0.004706 -7.606500  0.006916
     spin moment: {S} , |S| = {        0.0        0.0    0.00001 }     0.00001
   scf:   34   -21903.120114   -21903.120108   -21903.140225  0.001226 -7.606455  0.005081
     spin moment: {S} , |S| = {        0.0        0.0   -0.00003 }    -0.00003
   scf:   35   -21903.120091   -21903.120092   -21903.140254  0.002913 -7.606233  0.005466
     spin moment: {S} , |S| = {        0.0        0.0    0.00006 }     0.00006
   scf:   36   -21903.120069   -21903.120076   -21903.140267  0.001971 -7.606170  0.005619
     spin moment: {S} , |S| = {        0.0        0.0   -0.00001 }    -0.00001
   scf:   37   -21903.120102   -21903.120088   -21903.140274  0.001253 -7.606131  0.002616
     spin moment: {S} , |S| = {        0.0        0.0    0.00001 }     0.00001
   scf:   38   -21903.120056   -21903.120071   -21903.140277  0.001082 -7.606030  0.003380
     spin moment: {S} , |S| = {        0.0        0.0   -0.00000 }    -0.00000
   scf:   39   -21903.120084   -21903.120078   -21903.140278  0.000445 -7.605996  0.001988
     spin moment: {S} , |S| = {        0.0        0.0   -0.00000 }    -0.00000

SCF Convergence by DM criterion
max |DM_out - DM_in|         :     0.0004447854
max |H_out - H_in|      (eV) :     0.0019881492
SCF cycle converged after 39 iterations

Using DM_out to compute the final energy and forces
No. of atoms with KB's overlaping orbs in proc 0. Max # of overlaps:     189    1136

siesta: E_KS(eV) =           -21903.1201

siesta: E_KS - E_eggbox =    -21903.1201

siesta: Atomic forces (eV/Ang):
     1    0.000000   -0.000000    0.064309
     2   -0.000000   -0.000000   -0.064604
     3   -0.000000    0.000000   -0.049107
     4   -0.000000   -0.000000    0.049019
     5   -0.000000    0.000000   -1.450218
     6   -0.000000    0.000000    1.666980
     7    0.000000   -0.000000   -1.666431
     8   -0.000000    0.000000    1.450191
----------------------------------------
   Tot    0.000000   -0.000000    0.000138
----------------------------------------
   Max    1.666980
   Res    0.638198    sqrt( Sum f_i^2 / 3N )
----------------------------------------
   Max    1.666980    constrained

Stress tensor Voigt[x,y,z,yz,xz,xy] (kbar):     -235.86     -235.86      -79.87       -0.00        0.00       -0.00
(Free)E + p*V (eV/cell)   -21893.1303
Target enthalpy (eV/cell)   -21903.1403

siesta: Stress tensor (static) (eV/Ang**3):
        -0.147210   -0.000000   -0.000000
        -0.000000   -0.147210    0.000000
         0.000000   -0.000000   -0.049848

siesta: Pressure (static):        183.85937171  kBar

siesta: Stress tensor (total) (eV/Ang**3):
        -0.147210   -0.000000   -0.000000
        -0.000000   -0.147210    0.000000
         0.000000   -0.000000   -0.049848

siesta: Pressure (total):        183.85937171  kBar

cgvc: No target stress found, assuming hydrostatic MD.TargetPressure.

cgvc: Target stress (kBar)
cgvc:        -0.000       0.000       0.000
cgvc:         0.000      -0.000       0.000
cgvc:         0.000       0.000      -0.000

                     ====================================
                        Begin CG opt. move =      1
                     ====================================
k-point displ. along   1 input, could be:     0.00    0.50
k-point displ. along   2 input, could be:     0.00    0.50
 Kpoints in:           24 . Kpoints trimmed:           22

siesta: k-grid: Number of k-points = 22
siesta: k-points from Monkhorst-Pack grid
siesta: k-cutoff (effective) =     7.067 Ang
siesta: k-point supercell and displacements
siesta: k-grid:     6     0     0      0.000
siesta: k-grid:     0     6     0      0.000
siesta: k-grid:     0     0     1      0.000

superc: Internal auxiliary supercell:    13 x    13 x     3  =     507
superc: Number of atoms, orbitals, and projectors:   4056  98358  73008

outcell: Unit cell vectors (Ang):
        2.516796    0.000000   -0.000000
        0.000000    2.516796   -0.000000
       -0.000000   -0.000000   14.133213

outcell: Cell vector modules (Ang)   :    2.516796    2.516796   14.133213
outcell: Cell angles (23,13,12) (deg):     90.0000     90.0000     90.0000
outcell: Cell volume (Ang**3)        :     89.5235
<dSpData1D:S at geom step 1
  <sparsity:sparsity for geom step 1
    nrows_g=194 nrows=10 sparsity=1.9288 nnzs=72594, refcount: 7>
  <dData1D:(new from dSpData1D) n=72594, refcount: 1>
refcount: 1>
new_DM -- step:     2
Re-using DM from previous geometries...
Number of DMs in history: 1
 DM extrapolation coefficients: 
1   1.00000
New DM after history re-use:
<dSpData2D:SpM extrapolated using coords
  <sparsity:sparsity for geom step 1
    nrows_g=194 nrows=10 sparsity=1.9288 nnzs=72594, refcount: 9>
  <dData2D:(temp array for extrapolation) n=72594 m=2, refcount: 1>
refcount: 1>
No. of atoms with KB's overlaping orbs in proc 0. Max # of overlaps:     181    1088

InitMesh: MESH = 30 x 30 x 150 = 135000
InitMesh: Mesh cutoff (required, used) =   300.000   311.317 Ry
New grid distribution [1]: sub = 2
New grid distribution [2]: sub = 2
New grid distribution [3]: sub = 2
Setting up quadratic distribution...

        iscf     Eharris(eV)        E_KS(eV)     FreeEng(eV)     dDmax    Ef(eV) dHmax(eV)
   scf:    1   -21838.131311   -21881.123670   -21881.141570  0.727207 -7.376578 30.622372
     spin moment: {S} , |S| = {        0.0        0.0   -0.00084 }    -0.00084
   scf:    2    36348.563003    -2755.263567    -2755.290773157.653932-11.735075889.156564
     spin moment: {S} , |S| = {        0.0        0.0    0.02382 }     0.02382
   scf:    3   -24912.365755   -21773.270529   -21773.295236157.657423 -7.360732 75.539401
     spin moment: {S} , |S| = {        0.0        0.0    0.02146 }     0.02146
   scf:    4   -21943.382638   -21880.082501   -21880.102771  0.521734 -7.481634 31.514129
     spin moment: {S} , |S| = {        0.0        0.0    0.01214 }     0.01214
   scf:    5   -21911.223729   -21900.827249   -21900.853396  0.318155 -7.477728 11.110570
     spin moment: {S} , |S| = {        0.0        0.0   -0.01950 }    -0.01950
   scf:    6   -21900.726039   -21900.796927   -21900.823187  0.019804 -7.476688 10.636811
     spin moment: {S} , |S| = {        0.0        0.0    0.00013 }     0.00013
   scf:    7   -21894.823847   -21898.069252   -21898.097631  0.077228 -7.478963 15.442611
     spin moment: {S} , |S| = {        0.0        0.0   -0.00072 }    -0.00072
   scf:    8   -21903.044214   -21900.787232   -21900.813383  0.068071 -7.484751 11.087953
     spin moment: {S} , |S| = {        0.0        0.0   -0.00114 }    -0.00114
   scf:    9   -21904.273218   -21902.893046   -21902.914821  0.057727 -7.493127  5.435989
     spin moment: {S} , |S| = {        0.0        0.0   -0.00103 }    -0.00103
   scf:   10   -21903.261461   -21903.085723   -21903.106743  0.010164 -7.497907  4.556750
     spin moment: {S} , |S| = {        0.0        0.0   -0.00134 }    -0.00134
   scf:   11   -21903.614086   -21903.537061   -21903.555202  0.033711 -7.502350  0.465176
     spin moment: {S} , |S| = {        0.0        0.0   -0.00138 }    -0.00138
   scf:   12   -21903.333956   -21903.483179   -21903.500503  0.021505 -7.497563  1.667205
     spin moment: {S} , |S| = {        0.0        0.0   -0.00072 }    -0.00072
   scf:   13   -21903.508499   -21903.496253   -21903.513719  0.011969 -7.496412  1.497343
     spin moment: {S} , |S| = {        0.0        0.0   -0.00086 }    -0.00086
   scf:   14   -21903.559704   -21903.542191   -21903.560195  0.011409 -7.497288  0.353415
     spin moment: {S} , |S| = {        0.0        0.0   -0.00062 }    -0.00062
   scf:   15   -21903.543356   -21903.542802   -21903.560837  0.000781 -7.497539  0.309760
     spin moment: {S} , |S| = {        0.0        0.0   -0.00096 }    -0.00096
   scf:   16   -21903.544873   -21903.544770   -21903.562984  0.004934 -7.497366  0.023805
     spin moment: {S} , |S| = {        0.0        0.0   -0.00081 }    -0.00081
   scf:   17   -21903.544921   -21903.544844   -21903.563117  0.004280 -7.497521  0.014479
     spin moment: {S} , |S| = {        0.0        0.0   -0.00060 }    -0.00060
   scf:   18   -21903.545022   -21903.544931   -21903.563273  0.005896 -7.497813  0.032599
     spin moment: {S} , |S| = {        0.0        0.0   -0.00055 }    -0.00055
   scf:   19   -21903.544925   -21903.544949   -21903.563337  0.001585 -7.497977  0.030151
     spin moment: {S} , |S| = {        0.0        0.0   -0.00051 }    -0.00051
   scf:   20   -21903.545114   -21903.545037   -21903.563445  0.001766 -7.498276  0.019023
     spin moment: {S} , |S| = {        0.0        0.0   -0.00046 }    -0.00046
   scf:   21   -21903.545310   -21903.545144   -21903.563634  0.004658 -7.498565  0.015670
     spin moment: {S} , |S| = {        0.0        0.0   -0.00033 }    -0.00033
   scf:   22   -21903.545443   -21903.545208   -21903.563855  0.008106 -7.498719  0.009545
     spin moment: {S} , |S| = {        0.0        0.0   -0.00009 }    -0.00009
   scf:   23   -21903.545222   -21903.545204   -21903.563903  0.002907 -7.498755  0.007742
     spin moment: {S} , |S| = {        0.0        0.0    0.00006 }     0.00006
   scf:   24   -21903.545196   -21903.545195   -21903.563928  0.001907 -7.498847  0.004415
     spin moment: {S} , |S| = {        0.0        0.0    0.00011 }     0.00011
   scf:   25   -21903.545157   -21903.545167   -21903.563948  0.002495 -7.499003  0.004910
     spin moment: {S} , |S| = {        0.0        0.0    0.00018 }     0.00018
   scf:   26   -21903.545158   -21903.545162   -21903.563950  0.000450 -7.499036  0.004417
     spin moment: {S} , |S| = {        0.0        0.0    0.00017 }     0.00017

SCF Convergence by DM criterion
max |DM_out - DM_in|         :     0.0004498620
max |H_out - H_in|      (eV) :     0.0044167803
SCF cycle converged after 26 iterations

Using DM_out to compute the final energy and forces
No. of atoms with KB's overlaping orbs in proc 0. Max # of overlaps:     181    1088

siesta: E_KS(eV) =           -21903.5452

siesta: Atomic forces (eV/Ang):
     1   -0.000000    0.000000    0.063221
     2    0.000000    0.000000   -0.063289
     3    0.000000   -0.000000    0.093513
     4    0.000000    0.000000   -0.090486
     5    0.000000   -0.000000   -0.973829
     6   -0.000000   -0.000000    1.016075
     7   -0.000000   -0.000000   -1.017505
     8    0.000000   -0.000000    0.975047
----------------------------------------
   Tot   -0.000000    0.000000    0.002748
----------------------------------------
   Max    1.017505
   Res    0.407825    sqrt( Sum f_i^2 / 3N )
----------------------------------------
   Max    1.017505    constrained

Stress tensor Voigt[x,y,z,yz,xz,xy] (kbar):     -158.20     -158.20      -24.54        0.00       -0.00       -0.00
(Free)E + p*V (eV/cell)   -21897.2137
Target enthalpy (eV/cell)   -21903.5640

siesta: Stress tensor (static) (eV/Ang**3):
        -0.098741   -0.000000   -0.000000
        -0.000000   -0.098741   -0.000000
        -0.000000    0.000000   -0.015318

siesta: Pressure (static):        113.64798348  kBar

siesta: Stress tensor (total) (eV/Ang**3):
        -0.098741   -0.000000   -0.000000
        -0.000000   -0.098741   -0.000000
        -0.000000    0.000000   -0.015318

siesta: Pressure (total):        113.64798348  kBar

                     ====================================
                        Begin CG opt. move =      2
                     ====================================
k-point displ. along   1 input, could be:     0.00    0.50
k-point displ. along   2 input, could be:     0.00    0.50
 Kpoints in:           24 . Kpoints trimmed:           22

siesta: k-grid: Number of k-points = 22
siesta: k-points from Monkhorst-Pack grid
siesta: k-cutoff (effective) =     7.109 Ang
siesta: k-point supercell and displacements
siesta: k-grid:     6     0     0      0.000
siesta: k-grid:     0     6     0      0.000
siesta: k-grid:     0     0     1      0.000

superc: Internal auxiliary supercell:    13 x    13 x     3  =     507
superc: Number of atoms, orbitals, and projectors:   4056  98358  73008

outcell: Unit cell vectors (Ang):
        2.561244    0.000000   -0.000000
        0.000000    2.561244   -0.000000
       -0.000000   -0.000000   14.218354

outcell: Cell vector modules (Ang)   :    2.561244    2.561244   14.218354
outcell: Cell angles (23,13,12) (deg):     90.0000     90.0000     90.0000
outcell: Cell volume (Ang**3)        :     93.2720
<dSpData1D:S at geom step 2
  <sparsity:sparsity for geom step 2
    nrows_g=194 nrows=10 sparsity=1.8678 nnzs=70298, refcount: 7>
  <dData1D:(new from dSpData1D) n=70298, refcount: 1>
refcount: 1>
new_DM -- step:     3
Re-using DM from previous geometries...
Number of DMs in history: 1
 DM extrapolation coefficients: 
1   1.00000
New DM after history re-use:
<dSpData2D:SpM extrapolated using coords
  <sparsity:sparsity for geom step 2
    nrows_g=194 nrows=10 sparsity=1.8678 nnzs=70298, refcount: 9>
  <dData2D:(temp array for extrapolation) n=70298 m=2, refcount: 1>
refcount: 1>
No. of atoms with KB's overlaping orbs in proc 0. Max # of overlaps:     181    1068

InitMesh: MESH = 30 x 30 x 150 = 135000
InitMesh: Mesh cutoff (required, used) =   300.000   307.600 Ry
New grid distribution [1]: sub = 2
New grid distribution [2]: sub = 2
New grid distribution [3]: sub = 2
Setting up quadratic distribution...

        iscf     Eharris(eV)        E_KS(eV)     FreeEng(eV)     dDmax    Ef(eV) dHmax(eV)
   scf:    1   -21706.380134   -21837.509638   -21837.532525  0.756977 -7.092958 51.332405
     spin moment: {S} , |S| = {        0.0        0.0    0.00012 }     0.00012
   scf:    2   145508.466019    33263.799315    33263.791675********** -7.850118**********
     spin moment: {S} , |S| = {        0.0        0.0   -0.00053 }    -0.00053
   scf:    3   -31560.858988   -21458.596295   -21458.630441********** -7.030951137.414366
     spin moment: {S} , |S| = {        0.0        0.0    0.00126 }     0.00126
   scf:    4   -22040.305603   -21879.037016   -21879.067331  0.843429 -7.285176 31.831554
     spin moment: {S} , |S| = {        0.0        0.0    0.00055 }     0.00055
   scf:    5   -21907.804491   -21895.727264   -21895.750369  0.162930 -7.275919 18.758981
     spin moment: {S} , |S| = {        0.0        0.0    0.00073 }     0.00073
   scf:    6   -21888.925849   -21892.474944   -21892.500123  0.055912 -7.286034 22.314810
     spin moment: {S} , |S| = {        0.0        0.0   -0.00173 }    -0.00173
   scf:    7   -21897.583100   -21895.115995   -21895.139236  0.035200 -7.288332 19.653529
     spin moment: {S} , |S| = {        0.0        0.0    0.00282 }     0.00282
   scf:    8   -21905.427915   -21901.105627   -21901.125607  0.112947 -7.300870 11.108457
     spin moment: {S} , |S| = {        0.0        0.0   -0.00001 }    -0.00001
   scf:    9   -21902.018565   -21901.573261   -21901.593057  0.013669 -7.305973 10.042656
     spin moment: {S} , |S| = {        0.0        0.0    0.00007 }     0.00007
   scf:   10   -21902.541249   -21902.072900   -21902.092356  0.017326 -7.312940  8.855255
     spin moment: {S} , |S| = {        0.0        0.0    0.00002 }     0.00002
   scf:   11   -21904.417362   -21903.782238   -21903.800251  0.085453 -7.320211  1.928007
     spin moment: {S} , |S| = {        0.0        0.0    0.00014 }     0.00014
   scf:   12   -21903.790829   -21903.861608   -21903.880214  0.034817 -7.308039  0.719269
     spin moment: {S} , |S| = {        0.0        0.0   -0.00019 }    -0.00019
   scf:   13   -21903.867638   -21903.864888   -21903.883430  0.003977 -7.308001  0.602567
     spin moment: {S} , |S| = {        0.0        0.0    0.00007 }     0.00007
   scf:   14   -21903.875207   -21903.871240   -21903.889629  0.003191 -7.309362  0.272528
     spin moment: {S} , |S| = {        0.0        0.0   -0.00008 }    -0.00008
   scf:   15   -21903.873562   -21903.872990   -21903.891259  0.002566 -7.310382  0.039126
     spin moment: {S} , |S| = {        0.0        0.0    0.00006 }     0.00006
   scf:   16   -21903.875705   -21903.874271   -21903.892379  0.011442 -7.311090  0.044334
     spin moment: {S} , |S| = {        0.0        0.0   -0.00020 }    -0.00020
   scf:   17   -21903.874665   -21903.874467   -21903.892553  0.001965 -7.311246  0.033786
     spin moment: {S} , |S| = {        0.0        0.0    0.00002 }     0.00002
   scf:   18   -21903.875057   -21903.874778   -21903.892818  0.002495 -7.311826  0.046283
     spin moment: {S} , |S| = {        0.0        0.0   -0.00003 }    -0.00003
   scf:   19   -21903.875566   -21903.875163   -21903.893157  0.003424 -7.312126  0.037456
     spin moment: {S} , |S| = {        0.0        0.0   -0.00001 }    -0.00001
   scf:   20   -21903.878428   -21903.876339   -21903.894215  0.016482 -7.313750  0.034251
     spin moment: {S} , |S| = {        0.0        0.0   -0.00010 }    -0.00010
   scf:   21   -21903.876577   -21903.876449   -21903.894321  0.002571 -7.314128  0.008892
     spin moment: {S} , |S| = {        0.0        0.0   -0.00004 }    -0.00004
   scf:   22   -21903.876508   -21903.876475   -21903.894353  0.001164 -7.314193  0.007341
     spin moment: {S} , |S| = {        0.0        0.0   -0.00007 }    -0.00007
   scf:   23   -21903.876542   -21903.876503   -21903.894390  0.001896 -7.314431  0.005343
     spin moment: {S} , |S| = {        0.0        0.0   -0.00007 }    -0.00007
   scf:   24   -21903.876524   -21903.876509   -21903.894409  0.001365 -7.314506  0.004814
     spin moment: {S} , |S| = {        0.0        0.0   -0.00005 }    -0.00005
   scf:   25   -21903.876504   -21903.876505   -21903.894414  0.000942 -7.314489  0.002737
     spin moment: {S} , |S| = {        0.0        0.0   -0.00008 }    -0.00008
   scf:   26   -21903.876503   -21903.876504   -21903.894415  0.000176 -7.314489  0.002965
     spin moment: {S} , |S| = {        0.0        0.0   -0.00006 }    -0.00006

SCF Convergence by DM criterion
max |DM_out - DM_in|         :     0.0001756956
max |H_out - H_in|      (eV) :     0.0029648348
SCF cycle converged after 26 iterations

Using DM_out to compute the final energy and forces
No. of atoms with KB's overlaping orbs in proc 0. Max # of overlaps:     181    1068

siesta: E_KS(eV) =           -21903.8765

siesta: Atomic forces (eV/Ang):
     1   -0.000000    0.000000    0.056655
     2   -0.000000    0.000000   -0.056289
     3    0.000000   -0.000000    0.367932
     4    0.000000    0.000000   -0.363340
     5    0.000000   -0.000000   -0.268957
     6   -0.000000   -0.000000   -0.008754
     7    0.000000    0.000000    0.008387
     8    0.000000   -0.000000    0.269174
----------------------------------------
   Tot    0.000000    0.000000    0.004807
----------------------------------------
   Max    0.367932
   Res    0.132084    sqrt( Sum f_i^2 / 3N )
----------------------------------------
   Max    0.367932    constrained

Stress tensor Voigt[x,y,z,yz,xz,xy] (kbar):      -62.33      -62.33       46.45        0.00       -0.00        0.00
(Free)E + p*V (eV/cell)   -21902.3768
Target enthalpy (eV/cell)   -21903.8944

siesta: Stress tensor (static) (eV/Ang**3):
        -0.038903    0.000000   -0.000000
         0.000000   -0.038903    0.000000
        -0.000000    0.000000    0.028993

siesta: Pressure (static):         26.06954613  kBar

siesta: Stress tensor (total) (eV/Ang**3):
        -0.038903    0.000000   -0.000000
         0.000000   -0.038903    0.000000
        -0.000000    0.000000    0.028993

siesta: Pressure (total):         26.06954613  kBar

                     ====================================
                        Begin CG opt. move =      3
                     ====================================
k-point displ. along   1 input, could be:     0.00    0.50
k-point displ. along   2 input, could be:     0.00    0.50
 Kpoints in:           24 . Kpoints trimmed:           22

siesta: k-grid: Number of k-points = 22
siesta: k-points from Monkhorst-Pack grid
siesta: k-cutoff (effective) =     7.160 Ang
siesta: k-point supercell and displacements
siesta: k-grid:     6     0     0      0.000
siesta: k-grid:     0     6     0      0.000
siesta: k-grid:     0     0     1      0.000

superc: Internal auxiliary supercell:    13 x    13 x     3  =     507
superc: Number of atoms, orbitals, and projectors:   4056  98358  73008

outcell: Unit cell vectors (Ang):
        2.613929    0.000000   -0.000000
        0.000000    2.613929   -0.000000
       -0.000000   -0.000000   14.319273

outcell: Cell vector modules (Ang)   :    2.613929    2.613929   14.319273
outcell: Cell angles (23,13,12) (deg):     90.0000     90.0000     90.0000
outcell: Cell volume (Ang**3)        :     97.8382
<dSpData1D:S at geom step 3
  <sparsity:sparsity for geom step 3
    nrows_g=194 nrows=10 sparsity=1.6612 nnzs=62522, refcount: 7>
  <dData1D:(new from dSpData1D) n=62522, refcount: 1>
refcount: 1>
new_DM -- step:     4
Re-using DM from previous geometries...
Number of DMs in history: 1
 DM extrapolation coefficients: 
1   1.00000
New DM after history re-use:
<dSpData2D:SpM extrapolated using coords
  <sparsity:sparsity for geom step 3
    nrows_g=194 nrows=10 sparsity=1.6612 nnzs=62522, refcount: 9>
  <dData2D:(temp array for extrapolation) n=62522 m=2, refcount: 1>
refcount: 1>
No. of atoms with KB's overlaping orbs in proc 0. Max # of overlaps:     161     996

InitMesh: MESH = 30 x 30 x 150 = 135000
InitMesh: Mesh cutoff (required, used) =   300.000   303.279 Ry
New grid distribution [1]: sub = 2
New grid distribution [2]: sub = 2
New grid distribution [3]: sub = 2
Setting up quadratic distribution...

        iscf     Eharris(eV)        E_KS(eV)     FreeEng(eV)     dDmax    Ef(eV) dHmax(eV)
   scf:    1   -21464.801855   -21757.323739   -21757.346600  0.851307 -6.842087 78.771044
     spin moment: {S} , |S| = {        0.0        0.0    0.00059 }     0.00059
   scf:    2   186220.593431    46254.582997    46254.578929**********-17.962819**********
     spin moment: {S} , |S| = {        0.0        0.0   -0.01909 }    -0.01909
   scf:    3   -41024.785904   -19564.116028   -19564.144524********** -7.086528317.804220
     spin moment: {S} , |S| = {        0.0        0.0    0.00272 }     0.00272
   scf:    4   -22510.156944   -21836.070195   -21836.089592  1.803655 -7.023277 54.731760
     spin moment: {S} , |S| = {        0.0        0.0    0.00091 }     0.00091
   scf:    5   -21889.795931   -21864.932879   -21864.956980  0.163830 -7.028934 41.925831
     spin moment: {S} , |S| = {        0.0        0.0    0.01026 }     0.01026
   scf:    6   -21864.026682   -21864.480667   -21864.504815  0.005675 -7.031000 42.101848
     spin moment: {S} , |S| = {        0.0        0.0    0.00809 }     0.00809
   scf:    7   -21863.927844   -21864.204496   -21864.228659  0.001939 -7.030560 42.250034
     spin moment: {S} , |S| = {        0.0        0.0    0.00775 }     0.00775
   scf:    8   -21864.595294   -21864.400016   -21864.424168  0.001485 -7.030523 42.148282
     spin moment: {S} , |S| = {        0.0        0.0    0.00766 }     0.00766
   scf:    9   -21864.100183   -21864.250174   -21864.274334  0.001237 -7.030649 42.224369
     spin moment: {S} , |S| = {        0.0        0.0    0.00776 }     0.00776
   scf:   10   -21888.633690   -21877.062893   -21877.085652  0.088114 -7.058521 34.416398
     spin moment: {S} , |S| = {        0.0        0.0    0.00262 }     0.00262
   scf:   11   -21908.461931   -21903.476580   -21903.499063  0.320268 -7.122256  4.016962
     spin moment: {S} , |S| = {        0.0        0.0    0.00098 }     0.00098
   scf:   12   -21903.689393   -21903.783499   -21903.805452  0.086639 -7.086530  0.847371
     spin moment: {S} , |S| = {        0.0        0.0   -0.00177 }    -0.00177
   scf:   13   -21903.745581   -21903.770812   -21903.792727  0.021329 -7.075084  1.087306
     spin moment: {S} , |S| = {        0.0        0.0   -0.00082 }    -0.00082
   scf:   14   -21903.799617   -21903.786958   -21903.809358  0.009879 -7.079008  0.805939
     spin moment: {S} , |S| = {        0.0        0.0    0.00014 }     0.00014
   scf:   15   -21903.692286   -21903.779569   -21903.803165  0.050855 -7.084049  1.063126
     spin moment: {S} , |S| = {        0.0        0.0   -0.00102 }    -0.00102
   scf:   16   -21903.810563   -21903.796938   -21903.820195  0.014050 -7.076254  0.649769
     spin moment: {S} , |S| = {        0.0        0.0    0.00136 }     0.00136
   scf:   17   -21903.811288   -21903.808340   -21903.831065  0.015659 -7.068518  0.091194
     spin moment: {S} , |S| = {        0.0        0.0    0.00033 }     0.00033
   scf:   18   -21903.809404   -21903.808949   -21903.831540  0.003450 -7.067148  0.099122
     spin moment: {S} , |S| = {        0.0        0.0    0.00027 }     0.00027
   scf:   19   -21903.811670   -21903.810277   -21903.832736  0.006955 -7.066801  0.081086
     spin moment: {S} , |S| = {        0.0        0.0    0.00038 }     0.00038
   scf:   20   -21903.814191   -21903.812097   -21903.834251  0.010254 -7.065300  0.084371
     spin moment: {S} , |S| = {        0.0        0.0    0.00025 }     0.00025
   scf:   21   -21903.812271   -21903.812183   -21903.834322  0.000553 -7.065205  0.083948
     spin moment: {S} , |S| = {        0.0        0.0    0.00025 }     0.00025
   scf:   22   -21903.814159   -21903.813153   -21903.835088  0.004763 -7.063845  0.085609
     spin moment: {S} , |S| = {        0.0        0.0    0.00039 }     0.00039
   scf:   23   -21903.812857   -21903.813057   -21903.835100  0.002240 -7.064816  0.068260
     spin moment: {S} , |S| = {        0.0        0.0    0.00026 }     0.00026
   scf:   24   -21903.818127   -21903.814791   -21903.836607  0.019716 -7.062802  0.029494
     spin moment: {S} , |S| = {        0.0        0.0    0.00014 }     0.00014
   scf:   25   -21903.814916   -21903.814861   -21903.836646  0.000685 -7.062484  0.017268
     spin moment: {S} , |S| = {        0.0        0.0    0.00018 }     0.00018
   scf:   26   -21903.815130   -21903.814977   -21903.836735  0.002129 -7.061961  0.008000
     spin moment: {S} , |S| = {        0.0        0.0    0.00025 }     0.00025
   scf:   27   -21903.815025   -21903.814999   -21903.836759  0.000898 -7.061799  0.008353
     spin moment: {S} , |S| = {        0.0        0.0    0.00023 }     0.00023
   scf:   28   -21903.814955   -21903.814977   -21903.836782  0.001445 -7.061868  0.009590
     spin moment: {S} , |S| = {        0.0        0.0    0.00027 }     0.00027
   scf:   29   -21903.815008   -21903.814984   -21903.836804  0.001432 -7.061587  0.009469
     spin moment: {S} , |S| = {        0.0        0.0    0.00015 }     0.00015
   scf:   30   -21903.815018   -21903.815000   -21903.836810  0.000863 -7.061379  0.003818
     spin moment: {S} , |S| = {        0.0        0.0    0.00019 }     0.00019
   scf:   31   -21903.814964   -21903.814982   -21903.836815  0.000982 -7.061541  0.004349
     spin moment: {S} , |S| = {        0.0        0.0    0.00017 }     0.00017
   scf:   32   -21903.814946   -21903.814964   -21903.836817  0.000649 -7.061672  0.003029
     spin moment: {S} , |S| = {        0.0        0.0    0.00016 }     0.00016
   scf:   33   -21903.814940   -21903.814952   -21903.836818  0.000374 -7.061771  0.001647
     spin moment: {S} , |S| = {        0.0        0.0    0.00017 }     0.00017

SCF Convergence by DM criterion
max |DM_out - DM_in|         :     0.0003735887
max |H_out - H_in|      (eV) :     0.0016469618
SCF cycle converged after 33 iterations

Using DM_out to compute the final energy and forces
No. of atoms with KB's overlaping orbs in proc 0. Max # of overlaps:     161     996

siesta: E_KS(eV) =           -21903.8150

siesta: Atomic forces (eV/Ang):
     1   -0.000000    0.000000    0.051633
     2    0.000000   -0.000000   -0.052880
     3   -0.000000    0.000000    0.617758
     4    0.000000   -0.000000   -0.618415
     5    0.000000   -0.000000    0.360453
     6    0.000000    0.000000   -0.532152
     7   -0.000000   -0.000000    0.526902
     8    0.000000   -0.000000   -0.356753
----------------------------------------
   Tot   -0.000000   -0.000000   -0.003455
----------------------------------------
   Max    0.618415
   Res    0.257191    sqrt( Sum f_i^2 / 3N )
----------------------------------------
   Max    0.618415    constrained

Stress tensor Voigt[x,y,z,yz,xz,xy] (kbar):       22.55       22.55      103.98        0.00        0.00       -0.00
(Free)E + p*V (eV/cell)   -21906.8715
Target enthalpy (eV/cell)   -21903.8368

siesta: Stress tensor (static) (eV/Ang**3):
         0.014077   -0.000000    0.000000
        -0.000000    0.014078    0.000000
         0.000000    0.000000    0.064897

siesta: Pressure (static):        -49.69519674  kBar

siesta: Stress tensor (total) (eV/Ang**3):
         0.014077   -0.000000    0.000000
        -0.000000    0.014078    0.000000
         0.000000    0.000000    0.064897

siesta: Pressure (total):        -49.69519674  kBar

                     ====================================
                        Begin CG opt. move =      4
                     ====================================
k-point displ. along   1 input, could be:     0.00    0.50
k-point displ. along   2 input, could be:     0.00    0.50
 Kpoints in:           24 . Kpoints trimmed:           22

siesta: k-grid: Number of k-points = 22
siesta: k-points from Monkhorst-Pack grid
siesta: k-cutoff (effective) =     7.131 Ang
siesta: k-point supercell and displacements
siesta: k-grid:     6     0     0      0.000
siesta: k-grid:     0     6     0      0.000
siesta: k-grid:     0     0     1      0.000

superc: Internal auxiliary supercell:    13 x    13 x     3  =     507
superc: Number of atoms, orbitals, and projectors:   4056  98358  73008

outcell: Unit cell vectors (Ang):
        2.583559    0.000000   -0.000000
        0.000000    2.583559   -0.000000
       -0.000000   -0.000000   14.261099

outcell: Cell vector modules (Ang)   :    2.583559    2.583559   14.261099
outcell: Cell angles (23,13,12) (deg):     90.0000     90.0000     90.0000
outcell: Cell volume (Ang**3)        :     95.1897
<dSpData1D:S at geom step 4
  <sparsity:sparsity for geom step 4
    nrows_g=194 nrows=10 sparsity=1.7926 nnzs=67468, refcount: 7>
  <dData1D:(new from dSpData1D) n=67468, refcount: 1>
refcount: 1>
new_DM -- step:     5
Re-using DM from previous geometries...
Number of DMs in history: 1
 DM extrapolation coefficients: 
1   1.00000
New DM after history re-use:
<dSpData2D:SpM extrapolated using coords
  <sparsity:sparsity for geom step 4
    nrows_g=194 nrows=10 sparsity=1.7926 nnzs=67468, refcount: 9>
  <dData2D:(temp array for extrapolation) n=67468 m=2, refcount: 1>
refcount: 1>
No. of atoms with KB's overlaping orbs in proc 0. Max # of overlaps:     165    1032

InitMesh: MESH = 30 x 30 x 150 = 135000
InitMesh: Mesh cutoff (required, used) =   300.000   305.758 Ry
New grid distribution [1]: sub = 2
New grid distribution [2]: sub = 2
New grid distribution [3]: sub = 2
Setting up quadratic distribution...

        iscf     Eharris(eV)        E_KS(eV)     FreeEng(eV)     dDmax    Ef(eV) dHmax(eV)
   scf:    1   -21856.746363   -21888.726180   -21888.746499  1.026266 -7.196103 25.466788
     spin moment: {S} , |S| = {        0.0        0.0   -0.00153 }    -0.00153
   scf:    2    30318.060527    -4723.044097    -4723.047230168.195454 -5.397817857.453536
     spin moment: {S} , |S| = {        0.0        0.0   -0.00695 }    -0.00695
   scf:    3   -23526.076885   -21872.253725   -21872.280237168.069969 -7.104469 36.507077
     spin moment: {S} , |S| = {        0.0        0.0   -0.00461 }    -0.00461
   scf:    4   -21913.214840   -21897.749778   -21897.765690  0.160794 -7.171268 16.808263
     spin moment: {S} , |S| = {        0.0        0.0    0.00964 }     0.00964
   scf:    5   -21901.547501   -21899.748563   -21899.765585  0.025595 -7.184901 13.735630
     spin moment: {S} , |S| = {        0.0        0.0    0.00154 }     0.00154
   scf:    6   -21897.247191   -21898.536605   -21898.552872  0.015865 -7.176396 15.625384
     spin moment: {S} , |S| = {        0.0        0.0   -0.00044 }    -0.00044
   scf:    7   -21899.029583   -21898.784544   -21898.800909  0.003137 -7.178004 15.256943
     spin moment: {S} , |S| = {        0.0        0.0   -0.00045 }    -0.00045
   scf:    8   -21899.480955   -21899.135835   -21899.152377  0.004486 -7.180267 14.718970
     spin moment: {S} , |S| = {        0.0        0.0   -0.00042 }    -0.00042
   scf:    9   -21900.292799   -21899.723886   -21899.740825  0.007644 -7.184107 13.773838
     spin moment: {S} , |S| = {        0.0        0.0   -0.00035 }    -0.00035
   scf:   10   -21899.366024   -21903.350145   -21903.374099  0.201214 -7.219962  4.886026
     spin moment: {S} , |S| = {        0.0        0.0   -0.00029 }    -0.00029
   scf:   11   -21902.930814   -21903.748907   -21903.770575  0.087899 -7.210839  2.536003
     spin moment: {S} , |S| = {        0.0        0.0   -0.00000 }    -0.00000
   scf:   12   -21903.925451   -21903.854279   -21903.876341  0.013224 -7.213390  1.261472
     spin moment: {S} , |S| = {        0.0        0.0    0.00009 }     0.00009
   scf:   13   -21903.888842   -21903.890312   -21903.912923  0.016819 -7.216590  0.088322
     spin moment: {S} , |S| = {        0.0        0.0   -0.00011 }    -0.00011
   scf:   14   -21903.890909   -21903.890703   -21903.913236  0.003697 -7.217411  0.081162
     spin moment: {S} , |S| = {        0.0        0.0    0.00002 }     0.00002
   scf:   15   -21903.889163   -21903.890293   -21903.912700  0.004410 -7.218665  0.217787
     spin moment: {S} , |S| = {        0.0        0.0    0.00016 }     0.00016
   scf:   16   -21903.890582   -21903.891349   -21903.913811  0.007890 -7.221269  0.102962
     spin moment: {S} , |S| = {        0.0        0.0   -0.00008 }    -0.00008
   scf:   17   -21903.889065   -21903.890500   -21903.912946  0.005187 -7.222555  0.248808
     spin moment: {S} , |S| = {        0.0        0.0    0.00001 }     0.00001
   scf:   18   -21903.892129   -21903.892119   -21903.914393  0.003553 -7.221840  0.041527
     spin moment: {S} , |S| = {        0.0        0.0    0.00002 }     0.00002
   scf:   19   -21903.892599   -21903.892372   -21903.914571  0.002308 -7.222091  0.019398
     spin moment: {S} , |S| = {        0.0        0.0   -0.00006 }    -0.00006
   scf:   20   -21903.892651   -21903.892508   -21903.914652  0.001692 -7.222273  0.022931
     spin moment: {S} , |S| = {        0.0        0.0   -0.00002 }    -0.00002
   scf:   21   -21903.892915   -21903.892705   -21903.914763  0.002478 -7.222487  0.022048
     spin moment: {S} , |S| = {        0.0        0.0   -0.00008 }    -0.00008
   scf:   22   -21903.894158   -21903.893353   -21903.915069  0.008663 -7.223012  0.015117
     spin moment: {S} , |S| = {        0.0        0.0   -0.00005 }    -0.00005
   scf:   23   -21903.893962   -21903.893636   -21903.915172  0.004292 -7.223450  0.009060
     spin moment: {S} , |S| = {        0.0        0.0   -0.00002 }    -0.00002
   scf:   24   -21903.893638   -21903.893638   -21903.915173  0.000249 -7.223353  0.011820
     spin moment: {S} , |S| = {        0.0        0.0   -0.00009 }    -0.00009

SCF Convergence by DM criterion
max |DM_out - DM_in|         :     0.0002490206
max |H_out - H_in|      (eV) :     0.0118201908
SCF cycle converged after 24 iterations

Using DM_out to compute the final energy and forces
No. of atoms with KB's overlaping orbs in proc 0. Max # of overlaps:     165    1032

siesta: E_KS(eV) =           -21903.8936

siesta: Atomic forces (eV/Ang):
     1   -0.000000   -0.000000    0.065939
     2   -0.000000    0.000000   -0.067460
     3    0.000000   -0.000000    0.477970
     4   -0.000000   -0.000000   -0.475710
     5    0.000000   -0.000000    0.033018
     6   -0.000000    0.000000   -0.426400
     7   -0.000000   -0.000000    0.426170
     8    0.000000   -0.000000   -0.033513
----------------------------------------
   Tot   -0.000000   -0.000000    0.000014
----------------------------------------
   Max    0.477970
   Res    0.185888    sqrt( Sum f_i^2 / 3N )
----------------------------------------
   Max    0.477970    constrained

Stress tensor Voigt[x,y,z,yz,xz,xy] (kbar):      -18.24      -18.24       71.64       -0.00        0.00       -0.00
(Free)E + p*V (eV/cell)   -21904.6115
Target enthalpy (eV/cell)   -21903.9152

siesta: Stress tensor (static) (eV/Ang**3):
        -0.011384   -0.000000    0.000000
        -0.000000   -0.011384    0.000000
         0.000000   -0.000000    0.044713

siesta: Pressure (static):        -11.71975343  kBar

siesta: Stress tensor (total) (eV/Ang**3):
        -0.011384   -0.000000    0.000000
        -0.000000   -0.011384    0.000000
         0.000000   -0.000000    0.044713

siesta: Pressure (total):        -11.71975343  kBar

cgvc: Finished line minimization    1.  Mean atomic displacement =    0.1245

                     ====================================
                        Begin CG opt. move =      5
                     ====================================
k-point displ. along   1 input, could be:     0.00    0.50
k-point displ. along   2 input, could be:     0.00    0.50
 Kpoints in:           24 . Kpoints trimmed:           22

siesta: k-grid: Number of k-points = 22
siesta: k-points from Monkhorst-Pack grid
siesta: k-cutoff (effective) =     6.982 Ang
siesta: k-point supercell and displacements
siesta: k-grid:     6     0     0      0.000
siesta: k-grid:     0     6     0      0.000
siesta: k-grid:     0     0     1      0.000

superc: Internal auxiliary supercell:    13 x    13 x     3  =     507
superc: Number of atoms, orbitals, and projectors:   4056  98358  73008

outcell: Unit cell vectors (Ang):
        2.620826    0.000000   -0.000000
        0.000000    2.620827    0.000000
       -0.000000    0.000000   13.963067

outcell: Cell vector modules (Ang)   :    2.620826    2.620827   13.963067
outcell: Cell angles (23,13,12) (deg):     90.0000     90.0000     90.0000
outcell: Cell volume (Ang**3)        :     95.9086
<dSpData1D:S at geom step 5
  <sparsity:sparsity for geom step 5
    nrows_g=194 nrows=10 sparsity=1.7840 nnzs=67142, refcount: 7>
  <dData1D:(new from dSpData1D) n=67142, refcount: 1>
refcount: 1>
new_DM -- step:     6
Re-using DM from previous geometries...
Number of DMs in history: 1
 DM extrapolation coefficients: 
1   1.00000
New DM after history re-use:
<dSpData2D:SpM extrapolated using coords
  <sparsity:sparsity for geom step 5
    nrows_g=194 nrows=10 sparsity=1.7840 nnzs=67142, refcount: 9>
  <dData2D:(temp array for extrapolation) n=67142 m=2, refcount: 1>
refcount: 1>
No. of atoms with KB's overlaping orbs in proc 0. Max # of overlaps:     165    1020

InitMesh: MESH = 30 x 30 x 150 = 135000
InitMesh: Mesh cutoff (required, used) =   300.000   318.950 Ry
New grid distribution [1]: sub = 2
New grid distribution [2]: sub = 2
New grid distribution [3]: sub = 2
Setting up quadratic distribution...

        iscf     Eharris(eV)        E_KS(eV)     FreeEng(eV)     dDmax    Ef(eV) dHmax(eV)
   scf:    1   -21200.874817   -21669.811861   -21669.841231  1.013367 -7.105953 95.089731
     spin moment: {S} , |S| = {        0.0        0.0    0.00006 }     0.00006
   scf:    2   196141.699942    49164.817761    49164.803028**********-21.142864**********
     spin moment: {S} , |S| = {        0.0        0.0    0.04832 }     0.04832
   scf:    3   -43018.461370   -19032.312077   -19032.322143********** -6.099626333.784665
     spin moment: {S} , |S| = {        0.0        0.0    0.00232 }     0.00232
   scf:    4   -22741.179343   -21775.904508   -21775.925451  2.707933 -7.055609 73.202859
     spin moment: {S} , |S| = {        0.0        0.0    0.00296 }     0.00296
   scf:    5   -21857.535006   -21818.884914   -21818.903962  0.192587 -7.049149 59.573774
     spin moment: {S} , |S| = {        0.0        0.0    0.00158 }     0.00158
   scf:    6   -21923.673507   -21880.984993   -21881.003388  0.386063 -7.087350 31.354908
     spin moment: {S} , |S| = {        0.0        0.0   -0.00063 }    -0.00063
   scf:    7   -21885.843225   -21883.448761   -21883.466899  0.020889 -7.091523 29.701307
     spin moment: {S} , |S| = {        0.0        0.0   -0.00093 }    -0.00093
   scf:    8   -21897.007686   -21890.604280   -21890.619436  0.057783 -7.104574 24.040900
     spin moment: {S} , |S| = {        0.0        0.0   -0.00021 }    -0.00021
   scf:    9   -21900.817023   -21896.058381   -21896.069311  0.054126 -7.117873 18.525245
     spin moment: {S} , |S| = {        0.0        0.0   -0.00034 }    -0.00034
   scf:   10   -21906.681386   -21903.284610   -21903.295489  0.130953 -7.157521  5.580548
     spin moment: {S} , |S| = {        0.0        0.0   -0.00087 }    -0.00087
   scf:   11   -21904.219902   -21903.946892   -21903.960461  0.044145 -7.167259  1.554168
     spin moment: {S} , |S| = {        0.0        0.0   -0.00101 }    -0.00101
   scf:   12   -21904.006704   -21903.983233   -21903.997250  0.009301 -7.167964  0.808513
     spin moment: {S} , |S| = {        0.0        0.0   -0.00109 }    -0.00109
   scf:   13   -21903.280802   -21903.722464   -21903.734442  0.036161 -7.155431  3.405752
     spin moment: {S} , |S| = {        0.0        0.0   -0.00061 }    -0.00061
   scf:   14   -21904.090341   -21903.961746   -21903.975141  0.026508 -7.157825  1.229048
     spin moment: {S} , |S| = {        0.0        0.0   -0.00096 }    -0.00096
   scf:   15   -21903.957273   -21903.993477   -21904.007884  0.027327 -7.158930  0.496688
     spin moment: {S} , |S| = {        0.0        0.0   -0.00083 }    -0.00083
   scf:   16   -21903.914465   -21903.977632   -21903.991246  0.018235 -7.156044  0.963729
     spin moment: {S} , |S| = {        0.0        0.0   -0.00106 }    -0.00106
   scf:   17   -21904.003144   -21903.992373   -21904.006226  0.006555 -7.156715  0.561727
     spin moment: {S} , |S| = {        0.0        0.0   -0.00092 }    -0.00092
   scf:   18   -21903.999505   -21903.996136   -21904.010027  0.004304 -7.157100  0.428480
     spin moment: {S} , |S| = {        0.0        0.0   -0.00088 }    -0.00088
   scf:   19   -21903.997054   -21904.000369   -21904.014449  0.012245 -7.157696  0.178231
     spin moment: {S} , |S| = {        0.0        0.0   -0.00094 }    -0.00094
   scf:   20   -21904.002196   -21904.001688   -21904.015586  0.007911 -7.155966  0.048110
     spin moment: {S} , |S| = {        0.0        0.0   -0.00087 }    -0.00087
   scf:   21   -21904.002272   -21904.001957   -21904.015812  0.004743 -7.154976  0.055136
     spin moment: {S} , |S| = {        0.0        0.0   -0.00095 }    -0.00095
   scf:   22   -21904.002854   -21904.002364   -21904.016155  0.006821 -7.153489  0.029235
     spin moment: {S} , |S| = {        0.0        0.0   -0.00098 }    -0.00098
   scf:   23   -21904.002692   -21904.002517   -21904.016268  0.003587 -7.152555  0.019793
     spin moment: {S} , |S| = {        0.0        0.0   -0.00099 }    -0.00099
   scf:   24   -21904.002735   -21904.002621   -21904.016347  0.003468 -7.151842  0.020647
     spin moment: {S} , |S| = {        0.0        0.0   -0.00100 }    -0.00100
   scf:   25   -21904.002721   -21904.002671   -21904.016376  0.001107 -7.151628  0.009951
     spin moment: {S} , |S| = {        0.0        0.0   -0.00101 }    -0.00101
   scf:   26   -21904.002771   -21904.002719   -21904.016403  0.001361 -7.151435  0.006386
     spin moment: {S} , |S| = {        0.0        0.0   -0.00101 }    -0.00101
   scf:   27   -21904.002786   -21904.002750   -21904.016420  0.001637 -7.151093  0.011480
     spin moment: {S} , |S| = {        0.0        0.0   -0.00103 }    -0.00103
   scf:   28   -21904.002805   -21904.002776   -21904.016432  0.001605 -7.150715  0.009693
     spin moment: {S} , |S| = {        0.0        0.0   -0.00104 }    -0.00104
   scf:   29   -21904.002818   -21904.002797   -21904.016439  0.000952 -7.150408  0.003453
     spin moment: {S} , |S| = {        0.0        0.0   -0.00105 }    -0.00105
   scf:   30   -21904.002828   -21904.002812   -21904.016443  0.000905 -7.150130  0.003701
     spin moment: {S} , |S| = {        0.0        0.0   -0.00105 }    -0.00105
   scf:   31   -21904.002841   -21904.002826   -21904.016445  0.000609 -7.149916  0.002237
     spin moment: {S} , |S| = {        0.0        0.0   -0.00107 }    -0.00107
   scf:   32   -21904.002858   -21904.002842   -21904.016447  0.000616 -7.149720  0.002032
     spin moment: {S} , |S| = {        0.0        0.0   -0.00106 }    -0.00106
   scf:   33   -21904.002865   -21904.002853   -21904.016449  0.000383 -7.149639  0.001888
     spin moment: {S} , |S| = {        0.0        0.0   -0.00107 }    -0.00107

SCF Convergence by DM criterion
max |DM_out - DM_in|         :     0.0003825748
max |H_out - H_in|      (eV) :     0.0018881417
SCF cycle converged after 33 iterations

Using DM_out to compute the final energy and forces
No. of atoms with KB's overlaping orbs in proc 0. Max # of overlaps:     165    1020

siesta: E_KS(eV) =           -21904.0029

siesta: Atomic forces (eV/Ang):
     1   -0.000000   -0.000000   -0.257328
     2    0.000000   -0.000000    0.257652
     3   -0.000000   -0.000000   -0.316509
     4   -0.000000   -0.000000    0.317236
     5   -0.000000    0.000000   -0.009513
     6    0.000000   -0.000000    0.049732
     7   -0.000000   -0.000001   -0.048650
     8   -0.000000    0.000000    0.011401
----------------------------------------
   Tot   -0.000001   -0.000001    0.004021
----------------------------------------
   Max    0.317236
   Res    0.118757    sqrt( Sum f_i^2 / 3N )
----------------------------------------
   Max    0.317236    constrained

Stress tensor Voigt[x,y,z,yz,xz,xy] (kbar):       15.71       15.71       44.62       -0.00        0.00        0.00
(Free)E + p*V (eV/cell)   -21905.5336
Target enthalpy (eV/cell)   -21904.0164

siesta: Stress tensor (static) (eV/Ang**3):
         0.009803   -0.000000    0.000000
         0.000000    0.009803    0.000000
         0.000000   -0.000000    0.027851

siesta: Pressure (static):        -25.34477591  kBar

siesta: Stress tensor (total) (eV/Ang**3):
         0.009803   -0.000000    0.000000
         0.000000    0.009803    0.000000
         0.000000   -0.000000    0.027851

siesta: Pressure (total):        -25.34477591  kBar

                     ====================================
                        Begin CG opt. move =      6
                     ====================================
k-point displ. along   1 input, could be:     0.00    0.50
k-point displ. along   2 input, could be:     0.00    0.50
 Kpoints in:           24 . Kpoints trimmed:           22

siesta: k-grid: Number of k-points = 22
siesta: k-points from Monkhorst-Pack grid
siesta: k-cutoff (effective) =     6.996 Ang
siesta: k-point supercell and displacements
siesta: k-grid:     6     0     0      0.000
siesta: k-grid:     0     6     0      0.000
siesta: k-grid:     0     0     1      0.000

superc: Internal auxiliary supercell:    13 x    13 x     3  =     507
superc: Number of atoms, orbitals, and projectors:   4056  98358  73008

outcell: Unit cell vectors (Ang):
        2.617331    0.000000   -0.000000
        0.000000    2.617331    0.000000
       -0.000000    0.000000   13.991021

outcell: Cell vector modules (Ang)   :    2.617331    2.617331   13.991021
outcell: Cell angles (23,13,12) (deg):     90.0000     90.0000     90.0000
outcell: Cell volume (Ang**3)        :     95.8444
<dSpData1D:S at geom step 6
  <sparsity:sparsity for geom step 6
    nrows_g=194 nrows=10 sparsity=1.8024 nnzs=67834, refcount: 7>
  <dData1D:(new from dSpData1D) n=67834, refcount: 1>
refcount: 1>
new_DM -- step:     7
Re-using DM from previous geometries...
Number of DMs in history: 1
 DM extrapolation coefficients: 
1   1.00000
New DM after history re-use:
<dSpData2D:SpM extrapolated using coords
  <sparsity:sparsity for geom step 6
    nrows_g=194 nrows=10 sparsity=1.8024 nnzs=67834, refcount: 9>
  <dData2D:(temp array for extrapolation) n=67834 m=2, refcount: 1>
refcount: 1>
No. of atoms with KB's overlaping orbs in proc 0. Max # of overlaps:     165    1020

InitMesh: MESH = 30 x 30 x 150 = 135000
InitMesh: Mesh cutoff (required, used) =   300.000   317.677 Ry
New grid distribution [1]: sub = 2
New grid distribution [2]: sub = 2
New grid distribution [3]: sub = 2
Setting up quadratic distribution...

        iscf     Eharris(eV)        E_KS(eV)     FreeEng(eV)     dDmax    Ef(eV) dHmax(eV)
   scf:    1   -21901.061019   -21903.070123   -21903.081415  0.092883 -7.126112  6.233143
     spin moment: {S} , |S| = {        0.0        0.0   -0.00074 }    -0.00074
   scf:    2    -4952.107439   -16281.422000   -16281.429944  2.466604 -7.446178476.307795
     spin moment: {S} , |S| = {        0.0        0.0    0.08045 }     0.08045
   scf:    3   -21957.865537   -21903.909032   -21903.924626  2.457625 -7.152592  1.208035
     spin moment: {S} , |S| = {        0.0        0.0   -0.00177 }    -0.00177
   scf:    4   -21904.026037   -21903.999819   -21904.014380  0.038974 -7.150626  0.279503
     spin moment: {S} , |S| = {        0.0        0.0   -0.00092 }    -0.00092
   scf:    5   -21904.001523   -21904.000722   -21904.015248  0.001461 -7.150900  0.215254
     spin moment: {S} , |S| = {        0.0        0.0   -0.00122 }    -0.00122
   scf:    6   -21904.001540   -21904.001145   -21904.015652  0.000732 -7.151102  0.200306
     spin moment: {S} , |S| = {        0.0        0.0   -0.00110 }    -0.00110
   scf:    7   -21904.003295   -21904.002738   -21904.017159  0.007226 -7.154804  0.036814
     spin moment: {S} , |S| = {        0.0        0.0   -0.00115 }    -0.00115
   scf:    8   -21904.002807   -21904.002780   -21904.017202  0.000696 -7.155197  0.021941
     spin moment: {S} , |S| = {        0.0        0.0   -0.00111 }    -0.00111
   scf:    9   -21904.002891   -21904.002839   -21904.017241  0.001044 -7.155690  0.009739
     spin moment: {S} , |S| = {        0.0        0.0   -0.00116 }    -0.00116
   scf:   10   -21904.002901   -21904.002873   -21904.017254  0.000776 -7.155981  0.008504
     spin moment: {S} , |S| = {        0.0        0.0   -0.00114 }    -0.00114
   scf:   11   -21904.002884   -21904.002878   -21904.017256  0.000152 -7.155990  0.005431
     spin moment: {S} , |S| = {        0.0        0.0   -0.00113 }    -0.00113

SCF Convergence by DM criterion
max |DM_out - DM_in|         :     0.0001516125
max |H_out - H_in|      (eV) :     0.0054310586
SCF cycle converged after 11 iterations

Using DM_out to compute the final energy and forces
No. of atoms with KB's overlaping orbs in proc 0. Max # of overlaps:     165    1020

siesta: E_KS(eV) =           -21904.0029

siesta: Atomic forces (eV/Ang):
     1    0.000000   -0.000000   -0.228329
     2   -0.000000    0.000000    0.229286
     3   -0.000000    0.000000   -0.229938
     4   -0.000000   -0.000000    0.227923
     5   -0.000000    0.000000   -0.007980
     6   -0.000000    0.000000   -0.004804
     7   -0.000000   -0.000000    0.002363
     8    0.000000   -0.000000    0.009395
----------------------------------------
   Tot   -0.000001    0.000000   -0.002085
----------------------------------------
   Max    0.229938
   Res    0.093476    sqrt( Sum f_i^2 / 3N )
----------------------------------------
   Max    0.229938    constrained

Stress tensor Voigt[x,y,z,yz,xz,xy] (kbar):       12.18       12.18       47.40        0.00       -0.00       -0.00
(Free)E + p*V (eV/cell)   -21905.4480
Target enthalpy (eV/cell)   -21904.0173

siesta: Stress tensor (static) (eV/Ang**3):
         0.007601   -0.000000    0.000000
        -0.000000    0.007601    0.000000
        -0.000000    0.000000    0.029583

siesta: Pressure (static):        -23.91725075  kBar

siesta: Stress tensor (total) (eV/Ang**3):
         0.007601   -0.000000    0.000000
        -0.000000    0.007601    0.000000
        -0.000000    0.000000    0.029583

siesta: Pressure (total):        -23.91725075  kBar

cgvc: Finished line minimization    2.  Mean atomic displacement =    0.0782

                     ====================================
                        Begin CG opt. move =      7
                     ====================================
k-point displ. along   1 input, could be:     0.00    0.50
k-point displ. along   2 input, could be:     0.00    0.50
 Kpoints in:           24 . Kpoints trimmed:           22

siesta: k-grid: Number of k-points = 22
siesta: k-points from Monkhorst-Pack grid
siesta: k-cutoff (effective) =     6.846 Ang
siesta: k-point supercell and displacements
siesta: k-grid:     6     0     0      0.000
siesta: k-grid:     0     6     0      0.000
siesta: k-grid:     0     0     1      0.000

superc: Internal auxiliary supercell:    13 x    13 x     3  =     507
superc: Number of atoms, orbitals, and projectors:   4056  98358  73008

outcell: Unit cell vectors (Ang):
        2.615959    0.000000   -0.000000
        0.000000    2.615959   -0.000000
       -0.000000   -0.000000   13.692989

outcell: Cell vector modules (Ang)   :    2.615959    2.615959   13.692989
outcell: Cell angles (23,13,12) (deg):     90.0000     90.0000     90.0000
outcell: Cell volume (Ang**3)        :     93.7044
<dSpData1D:S at geom step 7
  <sparsity:sparsity for geom step 7
    nrows_g=194 nrows=10 sparsity=1.8374 nnzs=69154, refcount: 7>
  <dData1D:(new from dSpData1D) n=69154, refcount: 1>
refcount: 1>
new_DM -- step:     8
Re-using DM from previous geometries...
Number of DMs in history: 1
 DM extrapolation coefficients: 
1   1.00000
New DM after history re-use:
<dSpData2D:SpM extrapolated using coords
  <sparsity:sparsity for geom step 7
    nrows_g=194 nrows=10 sparsity=1.8374 nnzs=69154, refcount: 9>
  <dData2D:(temp array for extrapolation) n=69154 m=2, refcount: 1>
refcount: 1>
No. of atoms with KB's overlaping orbs in proc 0. Max # of overlaps:     169    1040

InitMesh: MESH = 30 x 30 x 144 = 129600
InitMesh: Mesh cutoff (required, used) =   300.000   305.654 Ry
New grid distribution [1]: sub = 2
New grid distribution [2]: sub = 2
New grid distribution [3]: sub = 2
Setting up quadratic distribution...

        iscf     Eharris(eV)        E_KS(eV)     FreeEng(eV)     dDmax    Ef(eV) dHmax(eV)
   scf:    1   -20811.031041   -21541.268571   -21541.300138  1.130472 -7.266661117.776729
     spin moment: {S} , |S| = {        0.0        0.0   -0.00196 }    -0.00196
   scf:    2   209366.169825    52966.544640    52966.535709**********-30.994424**********
     spin moment: {S} , |S| = {        0.0        0.0   -0.00337 }    -0.00337
   scf:    3   -45378.877624   -17887.413016   -17887.427233********** -5.711404395.180458
     spin moment: {S} , |S| = {        0.0        0.0   -0.04744 }    -0.04744
   scf:    4   -23106.507206   -21165.606976   -21165.637436  7.750561 -7.173327174.755014
     spin moment: {S} , |S| = {        0.0        0.0   -0.00148 }    -0.00148
   scf:    5   -20496.684671   -20845.409431   -20845.434548  0.603287 -7.154678209.298235
     spin moment: {S} , |S| = {        0.0        0.0    0.00330 }     0.00330
   scf:    6   -22011.536438   -21507.499491   -21507.523251  1.256747 -7.149001127.717521
     spin moment: {S} , |S| = {        0.0        0.0   -0.00614 }    -0.00614
   scf:    7   -21537.477635   -21522.566960   -21522.590480  0.036904 -7.140866125.317945
     spin moment: {S} , |S| = {        0.0        0.0    0.00661 }     0.00661
   scf:    8   -21721.675541   -21626.249707   -21626.278204  0.264230 -7.110653107.530279
     spin moment: {S} , |S| = {        0.0        0.0   -0.01828 }    -0.01828
   scf:    9   -21957.410588   -21819.401570   -21819.418894  0.663833 -7.107294 59.712706
     spin moment: {S} , |S| = {        0.0        0.0    0.00108 }     0.00108
   scf:   10   -21932.213669   -21896.156796   -21896.167232  0.476460 -7.248300 19.014505
     spin moment: {S} , |S| = {        0.0        0.0   -0.00117 }    -0.00117
   scf:   11   -21883.667596   -21890.329793   -21890.342836  0.054428 -7.233016 24.602484
     spin moment: {S} , |S| = {        0.0        0.0   -0.00254 }    -0.00254
   scf:   12   -21900.820422   -21895.936210   -21895.947166  0.046160 -7.235672 18.952662
     spin moment: {S} , |S| = {        0.0        0.0   -0.00208 }    -0.00208
   scf:   13   -21902.121815   -21899.241323   -21899.251015  0.039691 -7.231329 14.541938
     spin moment: {S} , |S| = {        0.0        0.0   -0.00152 }    -0.00152
   scf:   14   -21903.260849   -21903.994339   -21904.007772  0.129519 -7.231291  1.229882
     spin moment: {S} , |S| = {        0.0        0.0   -0.00334 }    -0.00334
   scf:   15   -21904.019052   -21904.032187   -21904.045686  0.032288 -7.224573  0.475274
     spin moment: {S} , |S| = {        0.0        0.0   -0.00041 }    -0.00041
   scf:   16   -21904.016815   -21904.026794   -21904.040050  0.009895 -7.223547  0.810706
     spin moment: {S} , |S| = {        0.0        0.0   -0.00258 }    -0.00258
   scf:   17   -21904.018429   -21904.035067   -21904.048804  0.015418 -7.222243  0.442825
     spin moment: {S} , |S| = {        0.0        0.0   -0.00192 }    -0.00192
   scf:   18   -21904.006890   -21904.032033   -21904.045558  0.014442 -7.224256  0.680444
     spin moment: {S} , |S| = {        0.0        0.0   -0.00179 }    -0.00179
   scf:   19   -21904.045572   -21904.041152   -21904.055024  0.009255 -7.227694  0.224494
     spin moment: {S} , |S| = {        0.0        0.0   -0.00167 }    -0.00167
   scf:   20   -21904.032368   -21904.039830   -21904.054108  0.011161 -7.233248  0.372684
     spin moment: {S} , |S| = {        0.0        0.0   -0.00166 }    -0.00166
   scf:   21   -21904.029683   -21904.041015   -21904.055140  0.009253 -7.234998  0.377634
     spin moment: {S} , |S| = {        0.0        0.0   -0.00134 }    -0.00134
   scf:   22   -21904.044751   -21904.044457   -21904.058813  0.006426 -7.236790  0.035384
     spin moment: {S} , |S| = {        0.0        0.0   -0.00133 }    -0.00133
   scf:   23   -21904.045566   -21904.044986   -21904.059446  0.005149 -7.237917  0.035813
     spin moment: {S} , |S| = {        0.0        0.0   -0.00117 }    -0.00117
   scf:   24   -21904.048724   -21904.046417   -21904.061285  0.020442 -7.242704  0.025655
     spin moment: {S} , |S| = {        0.0        0.0   -0.00051 }    -0.00051
   scf:   25   -21904.046562   -21904.046496   -21904.061385  0.002479 -7.244091  0.030032
     spin moment: {S} , |S| = {        0.0        0.0   -0.00089 }    -0.00089
   scf:   26   -21904.046797   -21904.046618   -21904.061637  0.004972 -7.245190  0.028047
     spin moment: {S} , |S| = {        0.0        0.0   -0.00046 }    -0.00046
   scf:   27   -21904.046992   -21904.046771   -21904.061917  0.006058 -7.247317  0.031229
     spin moment: {S} , |S| = {        0.0        0.0   -0.00040 }    -0.00040
   scf:   28   -21904.046803   -21904.046785   -21904.061991  0.001840 -7.247773  0.019644
     spin moment: {S} , |S| = {        0.0        0.0   -0.00033 }    -0.00033
   scf:   29   -21904.046762   -21904.046771   -21904.062022  0.001099 -7.248224  0.018220
     spin moment: {S} , |S| = {        0.0        0.0   -0.00031 }    -0.00031
   scf:   30   -21904.046806   -21904.046789   -21904.062047  0.001324 -7.248215  0.019227
     spin moment: {S} , |S| = {        0.0        0.0   -0.00032 }    -0.00032
   scf:   31   -21904.046730   -21904.046753   -21904.062100  0.001960 -7.248736  0.013012
     spin moment: {S} , |S| = {        0.0        0.0   -0.00028 }    -0.00028
   scf:   32   -21904.046603   -21904.046663   -21904.062143  0.003151 -7.249640  0.003933
     spin moment: {S} , |S| = {        0.0        0.0   -0.00022 }    -0.00022
   scf:   33   -21904.046550   -21904.046603   -21904.062150  0.001361 -7.250207  0.002840
     spin moment: {S} , |S| = {        0.0        0.0   -0.00021 }    -0.00021
   scf:   34   -21904.046590   -21904.046597   -21904.062151  0.000234 -7.250258  0.003026
     spin moment: {S} , |S| = {        0.0        0.0   -0.00022 }    -0.00022

SCF Convergence by DM criterion
max |DM_out - DM_in|         :     0.0002340196
max |H_out - H_in|      (eV) :     0.0030263540
SCF cycle converged after 34 iterations

Using DM_out to compute the final energy and forces
No. of atoms with KB's overlaping orbs in proc 0. Max # of overlaps:     169    1040

siesta: E_KS(eV) =           -21904.0466

siesta: Atomic forces (eV/Ang):
     1   -0.000000    0.000000   -0.022981
     2    0.000000   -0.000000    0.023317
     3    0.000000   -0.000003   -0.020992
     4    0.000001   -0.000001    0.021312
     5    0.000000    0.000000   -0.035913
     6    0.000000   -0.000002    0.047064
     7    0.000001    0.000000   -0.046095
     8   -0.000001   -0.000000    0.034442
----------------------------------------
   Tot    0.000003   -0.000005    0.000155
----------------------------------------
   Max    0.047064
   Res    0.019129    sqrt( Sum f_i^2 / 3N )
----------------------------------------
   Max    0.047064    constrained

Stress tensor Voigt[x,y,z,yz,xz,xy] (kbar):       -9.73       -9.73        0.72       -0.00        0.00        0.00
(Free)E + p*V (eV/cell)   -21903.6968
Target enthalpy (eV/cell)   -21904.0622

siesta: Stress tensor (static) (eV/Ang**3):
        -0.006074    0.000000    0.000000
         0.000000   -0.006074   -0.000000
         0.000000   -0.000000    0.000451

siesta: Pressure (static):          6.24716230  kBar

siesta: Stress tensor (total) (eV/Ang**3):
        -0.006074    0.000000    0.000000
         0.000000   -0.006074   -0.000000
         0.000000   -0.000000    0.000451

siesta: Pressure (total):          6.24716230  kBar

outcoor: Relaxed atomic coordinates (fractional):           
    0.50000000    0.50000000    0.37391126   1       1  Ga
   -0.00000000    0.00000000    0.75107858   1       2  Ga
   -0.00000001    0.00000002    0.00295865   2       3  Mn
    0.49999999    0.49999999    0.12204699   2       4  Mn
   -0.00000001    0.00000000    0.24066233   2       5  Mn
   -0.00000000    0.00000003    0.50605138   2       6  Mn
    0.50000000    0.49999998    0.61892513   2       7  Mn
    0.50000001    0.49999999    0.88434587   2       8  Mn

outcell: Unit cell vectors (Ang):
        2.615959    0.000000   -0.000000
        0.000000    2.615959   -0.000000
       -0.000000   -0.000000   13.692989

outcell: Cell vector modules (Ang)   :    2.615959    2.615959   13.692989
outcell: Cell angles (23,13,12) (deg):     90.0000     90.0000     90.0000
outcell: Cell volume (Ang**3)        :     93.7044

coxmol: Writing XMOL coordinates into file hea.xyz                                                                                                                                                                                                                             
Writing WFSX for COOP/COHP in hea.fullBZ.WFSX

diag: Algorithm                                     = D&C
diag: Parallel over k                               =   F
diag: Use parallel 2D distribution                  =   T
diag: Parallel block-size                           = 8
diag: Parallel distribution                         =     4 x     6
diag: Used triangular part                          = Lower
diag: Absolute tolerance                            =  0.100E-15
diag: Orthogonalization factor                      =  0.100E-05
diag: Memory factor                                 =  1.0000

diag: Algorithm                                     = D&C
diag: Parallel over k                               =   F
diag: Use parallel 2D distribution                  =   T
diag: Parallel block-size                           = 8
diag: Parallel distribution                         =     4 x     6
diag: Used triangular part                          = Lower
diag: Absolute tolerance                            =  0.100E-15
diag: Orthogonalization factor                      =  0.100E-05
diag: Memory factor                                 =  1.0000

siesta: PDOS info
siesta: E1 -- E2, sigma [eV], nhist:  -20.000 --   20.000    0.100 1000

diag: Algorithm                                     = D&C
diag: Parallel over k                               =   F
diag: Use parallel 2D distribution                  =   T
diag: Parallel block-size                           = 8
diag: Parallel distribution                         =     4 x     6
diag: Used triangular part                          = Lower
diag: Absolute tolerance                            =  0.100E-15
diag: Orthogonalization factor                      =  0.100E-05
diag: Memory factor                                 =  1.0000

siesta: Program's energy decomposition (eV):
siesta: Ebs     =     -3931.975631
siesta: Eions   =     28575.751708
siesta: Ena     =      2639.083687
siesta: Ekin    =     11232.209889
siesta: Enl     =     -3211.944655
siesta: Eso     =         0.000000
siesta: Edftu   =         0.000000
siesta: DEna    =        97.001172
siesta: DUscf   =         1.534917
siesta: DUext   =         0.000000
siesta: Ex      =     -3846.531752
siesta: Ec      =      -239.648145
siesta: Exc     =     -4086.179898
siesta: EbV     =         0.000000
siesta: eta*DQ  =         0.000000
siesta: Emadel  =         0.000000
siesta: Emeta   =         0.000000
siesta: Emolmec =         0.000000
siesta: Ekinion =         0.000000
siesta: Eharris =    -21904.046590
siesta: Etot    =    -21904.046597
siesta: FreeEng =    -21904.062151

siesta: Final energy (eV):
siesta:  Band Struct. =   -3931.975631
siesta:       Kinetic =   11232.209889
siesta:       Hartree =    5009.400987
siesta:         Edftu =       0.000000
siesta:       Eso     =       0.000000
siesta:    Ext. field =       0.000000
siesta:         Exch. =   -3846.531752
siesta:         Corr. =    -239.648145
siesta:     Bulk bias =       0.000000
siesta:   Exch.-corr. =   -4086.179898
siesta:  Ion-electron =  -21823.222986
siesta:       Ion-ion =  -12236.254589
siesta:       Ekinion =       0.000000
siesta: D3 dispersion =       0.000000
siesta:         Total =  -21904.046597
siesta:         Fermi =      -7.250258

siesta: Stress tensor (static) (eV/Ang**3):
siesta:    -0.006074    0.000000    0.000000
siesta:     0.000000   -0.006074   -0.000000
siesta:     0.000000   -0.000000    0.000451

siesta: Constrained stress tensor (static) (eV/Ang**3):
siesta:    -0.006074    0.000000    0.000000
siesta:     0.000000   -0.006074   -0.000000
siesta:     0.000000   -0.000000    0.000451

siesta: Cell volume =         93.704409 Ang**3

siesta: Pressure (static):
siesta:                Solid            Molecule  Units
siesta:           0.00004247          0.00002735  Ry/Bohr**3
siesta:           0.00389917          0.00251118  eV/Ang**3
siesta:           6.24716230          4.02335066  kBar
(Free)E+ p_basis*V_orbitals  =      -21868.759749
(Free)Eharris+ p_basis*V_orbitals  =      -21868.759743

mulliken: Atomic and Orbital Populations:

mulliken: Spin UP 

Species: Ga                  
Atom  Qatom  Qorb
               4s      4s      4s      4py     4pz     4px     4py     4pz     
               4px     4py     4pz     4px     3dxy    3dyz    3dz2    3dxz    
               3dx2-y2 4dxy    4dyz    4dz2    4dxz    4dx2-y2 
   1  6.506   0.126  -0.113   0.592   0.114   0.212   0.116  -0.019  -0.001
             -0.019   0.065   0.082   0.064   0.998   0.998   1.001   0.998

              1.002   0.085   0.081   0.007   0.081   0.036
   2  6.517   0.130  -0.114   0.589   0.077   0.162   0.078  -0.007   0.026
             -0.007   0.095   0.105   0.094   0.999   0.998   1.001   0.998

              1.002   0.087   0.083   0.009   0.083   0.030

Species: Mn                  
Atom  Qatom  Qorb
               3s      4s      4s      4s      3py     3pz     3px     4py     
               4pz     4px     3dxy    3dyz    3dz2    3dxz    3dx2-y2 3dxy    
               3dyz    3dz2    3dxz    3dx2-y2 3dxy    3dyz    3dz2    3dxz    
               3dx2-y2 
   3  8.588   0.995  -0.024   0.086   0.055   0.992   0.993   0.992   0.207
              0.219   0.207   1.236   1.273   1.042   1.273   1.062  -0.093

             -0.122  -0.060  -0.122  -0.066  -0.311  -0.339  -0.248  -0.339

             -0.323
   4  6.566   0.975   0.264   0.038  -0.085   0.991   0.990   0.991   0.149
              0.144   0.149   0.466   0.681   0.375   0.681   0.792  -0.037

             -0.068  -0.025  -0.068  -0.058  -0.083  -0.176  -0.075  -0.176

             -0.271
   5  8.491   0.986  -0.637   0.221   0.324   0.993   0.993   0.993   0.228
              0.226   0.228   1.274   1.309   1.188   1.309   1.082  -0.096

             -0.117  -0.081  -0.117  -0.070  -0.333  -0.386  -0.313  -0.386

             -0.328
   6  6.474   0.971  -0.588   0.216   0.288   0.992   0.990   0.992   0.173
              0.173   0.173   0.466   0.751   0.455   0.751   1.026  -0.047

             -0.081  -0.038  -0.081  -0.093  -0.092  -0.225  -0.112  -0.225

             -0.363
   7  8.465   0.988  -0.628   0.220   0.338   0.994   0.993   0.994   0.217
              0.235   0.217   1.264   1.335   1.149   1.335   1.083  -0.107

             -0.134  -0.083  -0.134  -0.072  -0.323  -0.388  -0.298  -0.388

             -0.344
   8  6.393   0.968  -0.576   0.219   0.257   0.992   0.989   0.992   0.182
              0.168   0.182   0.400   0.680   0.492   0.680   1.052  -0.039

             -0.065  -0.042  -0.065  -0.098  -0.081  -0.203  -0.123  -0.203

             -0.363

mulliken: Qtot =       58.000

mulliken: Spin DOWN 

Species: Ga                  
Atom  Qatom  Qorb
               4s      4s      4s      4py     4pz     4px     4py     4pz     
               4px     4py     4pz     4px     3dxy    3dyz    3dz2    3dxz    
               3dx2-y2 4dxy    4dyz    4dz2    4dxz    4dx2-y2 
   1  6.517   0.130  -0.114   0.590   0.077   0.162   0.078  -0.007   0.026
             -0.007   0.095   0.105   0.094   0.999   0.998   1.001   0.998

              1.002   0.087   0.083   0.009   0.083   0.030
   2  6.506   0.126  -0.113   0.592   0.114   0.212   0.115  -0.019  -0.001
             -0.019   0.065   0.082   0.064   0.998   0.998   1.001   0.998

              1.002   0.085   0.081   0.007   0.081   0.036

Species: Mn                  
Atom  Qatom  Qorb
               3s      4s      4s      4s      3py     3pz     3px     4py     
               4pz     4px     3dxy    3dyz    3dz2    3dxz    3dx2-y2 3dxy    
               3dyz    3dz2    3dxz    3dx2-y2 3dxy    3dyz    3dz2    3dxz    
               3dx2-y2 
   3  6.566   0.975   0.264   0.038  -0.085   0.991   0.990   0.991   0.149
              0.144   0.149   0.466   0.682   0.375   0.682   0.793  -0.037

             -0.068  -0.025  -0.068  -0.058  -0.083  -0.176  -0.075  -0.176

             -0.271
   4  8.588   0.995  -0.024   0.086   0.055   0.992   0.993   0.992   0.207
              0.219   0.207   1.236   1.273   1.042   1.273   1.062  -0.093

             -0.122  -0.060  -0.122  -0.066  -0.311  -0.339  -0.248  -0.339

             -0.323
   5  6.394   0.968  -0.576   0.220   0.257   0.992   0.989   0.992   0.182
              0.168   0.182   0.400   0.680   0.492   0.680   1.052  -0.039

             -0.065  -0.042  -0.065  -0.098  -0.081  -0.204  -0.123  -0.204

             -0.363
   6  8.465   0.988  -0.628   0.220   0.338   0.994   0.993   0.994   0.217
              0.235   0.217   1.264   1.335   1.149   1.335   1.083  -0.108

             -0.134  -0.083  -0.134  -0.072  -0.323  -0.388  -0.298  -0.388

             -0.344
   7  6.474   0.971  -0.588   0.216   0.288   0.992   0.990   0.992   0.173
              0.173   0.173   0.466   0.751   0.455   0.751   1.026  -0.047

             -0.081  -0.038  -0.081  -0.093  -0.092  -0.225  -0.112  -0.225

             -0.363
   8  8.491   0.986  -0.637   0.221   0.324   0.993   0.993   0.993   0.228
              0.226   0.228   1.273   1.309   1.188   1.309   1.082  -0.096

             -0.117  -0.081  -0.117  -0.070  -0.333  -0.386  -0.313  -0.386

             -0.328

mulliken: Qtot =       58.000

Mulliken Atomic Populations:
Atom #   charge [q] valence [e]      Sz [e]  Species
     1    -0.022494   13.022494   -0.010842  Ga
     2    -0.022491   13.022491    0.010808  Ga
     3    -0.154403   15.154403    2.022035  Mn
     4    -0.154343   15.154343   -2.022271  Mn
     5     0.115327   14.884673    2.097380  Mn
     6     0.061459   14.938541   -1.990683  Mn
     7     0.061508   14.938492    1.990984  Mn
     8     0.115437   14.884563   -2.097635  Mn
-------------------------------------------
 Total     0.000000               -0.000225

cite: Please indicate the Siesta version in published work: 5.2.2
cite: This calculation has made use of features in the following articles
cite: which we encourage you to cite in published work.
cite: (Please see "hea.bib" for a BibTeX file.)
        Primary SIESTA paper
          DOI: www.doi.org/10.1088/0953-8984/14/11/302
        PSML pseudopotential format
          DOI: www.doi.org/10.1016/j.cpc.2018.02.011


>> End of run:  29-JUL-2025  22:04:27
Job completed
