Executable      : /home/users/felipegc/woltsoft/SIESTA/siesta-5.2.2/build/bin/siesta
Version         : 5.2.2
Architecture    : x86_64
Compiler version: GNU-9.3.0
Compiler flags  : -O3 -march=native
Parallelisations: MPI
Lua support
Native ELPA support
ELSI support. Solvers:
   ELPA (internal) 
   NTPoly
   OMM
DFT-D3 support
Wannier90 wrapper support

Runtime information:
* Directory : /home/users/felipegc/MnGaNi/top/structure_calc_243
* Running on 36 nodes in parallel.
>> Start of run:  19-JUN-2025  18:26:26

                           *********************** 
                           *  WELCOME TO SIESTA  * 
                           *********************** 

 NOTE: Siesta V5 introduces some new defaults for basis-set generation
 NOTE: which might lead to slightly different numerical results.
 NOTE: Please see the manual for full details and compatibility measures.


reinit: Reading from standard input
reinit: Dumping input in INPUT_TMP.41086
************************** Dump of input data file ****************************
SystemName          hea
SystemLabel         hea
Reparametrize.Pseudos T
Restricted.Radial.Grid F
%include atoms.fdf
MaxSCFIterations     20000
SCF.Mix              Hamiltonian
SCF.Mixer.Method     Broyden
#SCF.Mixer.Variant    original #Pulay original
SCF.Mixer.History    8
SCF.Mixer.Weight     0.07
SCF.H.Converge       False
SCF.DM.Converge      True
SCF.DM.Tolerance     5.d-4
SCF.H.Tolerance      5.d-3 eV
MeshCutoff 300.0 Ry
MD.UseSaveCG         False
DM.UseSaveDM         False
NumberOfEigenStates -20
ElectronicTemperature 300 K
WriteCoorXmol        True
XC.Functional     GGA
XC.authors        PBEsol
SpinPolarized      True
SolutionMethod       diagon
#Diag.Algorithm        MRRR
###################################
###################################
# Full template for Basis param.
###################################
###################################
Basis.Pressure 0.3 GPa
PAO.SoftDefault T
PAO.SoftPotential 50.0 Ry
PAO.SoftInnerRadius 0.70
PAO.BasisType split
PAO.EnergyShift 0.0019 eV
PAO.BasisSize TZP
PAO.SplitTailNorm T
            %block kgrid_Monkhorst_Pack
            6  0  0  0.
            0  2  0  0.
            0  0  4  0.
            %endblock kgrid_Monkhorst_Pack
            MD.TypeOfRun CG
            MD.Steps         500
            MD.VariableCell true
            MD.MaxForceTol 0.05 eV/Ang
            WriteMDHistory true
            WriteForces true
            Write.OrbitalIndex true
            Charge.Mulliken end
            COOP.Write true
            %block ProjectedDensityOfStates
            -20.00 20.00 0.1 1000 eV
            %endblock ProjectedDensityOfStates
************************** End of input data file *****************************

reinit: -----------------------------------------------------------------------
reinit: System Name: hea
reinit: -----------------------------------------------------------------------
reinit: System Label: hea
reinit: -----------------------------------------------------------------------

NOTE on units for spin output: 
{S} is the spin magnetic moment, in units of the Bohr magneton,
assuming a g-factor for the electron spin of exactly 2.
The spin magnetic moment is then numerically equal to the charge inbalance,
in units of electrons, between the spin-up and -down channels.


initatom: Reading input for the pseudopotentials and atomic orbitals ----------
Species number:   1 Atomic number:   31 Label: Ga
Species number:   2 Atomic number:   28 Label: Ni
Species number:   3 Atomic number:   25 Label: Mn

Ground state valence configuration (from tables):   4s02  4p01  4d00  4f00
Ground state valence configuration (from tables):   4s02  4p00  3d08  4f00
Ground state valence configuration (from tables):   4s02  4p00  3d05  4f00

---- Processing specs for species: Ga
Reading pseudopotential information in PSML from:
  Ga.psml
PSML file version: 1.1
Using libxc ids:  101 130
GGA--PBE XC_GGA_X_PBE--XC_GGA_C_PBE pb
PSML uuid: 206972b0-be42-11e7-579b-1282fffb1a56
Semicore shell(s) with 10 electrons included in the valence for Ga

---- Processing specs for species: Ni
Reading pseudopotential information in PSML from:
  Ni.psml
PSML file version: 1.1
Using libxc ids:  101 130
GGA--PBE XC_GGA_X_PBE--XC_GGA_C_PBE pb
PSML uuid: 020bdba0-be42-11e7-6ded-a592ddfb3399
Semicore shell(s) with  8 electrons included in the valence for Ni

---- Processing specs for species: Mn
Reading pseudopotential information in PSML from:
  Mn.psml
PSML file version: 1.1
Using libxc ids:  101 130
GGA--PBE XC_GGA_X_PBE--XC_GGA_C_PBE pb
PSML uuid: e5ebd880-be41-11e7-659b-074ddfc7bd15
Semicore shell(s) with  8 electrons included in the valence for Mn

---- Pseudopotential check for Ga

Pseudized shells:
4s( 2.00) rc: 1.67
4p( 1.00) rc: 1.75
3d(10.00) rc: 1.90
Valence configuration for ps generation: 3d:4s:4p: Total charge:  13.000000
Semicore shell(s): 3d
Fallback to non-perturbative polarization scheme for Ga
Please see the manual if this is not desired in principle

---- Pseudopotential check for Ni

Pseudized shells:
3s( 2.00) rc: 1.26
3p( 6.00) rc: 1.35
3d( 8.00) rc: 1.66
Valence configuration for ps generation: 3s:3p:3d:4s: Total charge:  18.000000
Semicore shell(s): 3s 3p
Fallback to non-perturbative polarization scheme for Ni
Please see the manual if this is not desired in principle

---- Pseudopotential check for Mn

Pseudized shells:
3s( 2.00) rc: 1.41
3p( 6.00) rc: 1.21
3d( 5.00) rc: 1.61
Valence configuration for ps generation: 3s:3p:3d:4s: Total charge:  15.000000
Semicore shell(s): 3s 3p
Fallback to non-perturbative polarization scheme for Mn
Please see the manual if this is not desired in principle
For Ga, standard SIESTA heuristics set lmxkb to 3
 (one more than the basis l, including polarization orbitals).
Use PS.lmax or PS.KBprojectors blocks to override.
For Ni, standard SIESTA heuristics set lmxkb to 3
 (one more than the basis l, including polarization orbitals).
Use PS.lmax or PS.KBprojectors blocks to override.
For Mn, standard SIESTA heuristics set lmxkb to 3
 (one more than the basis l, including polarization orbitals).
Use PS.lmax or PS.KBprojectors blocks to override.
Ga pseudopotential only contains V_ls up to l=2 -- lmxkb reset.
Ni pseudopotential only contains V_ls up to l=2 -- lmxkb reset.
Mn pseudopotential only contains V_ls up to l=2 -- lmxkb reset.

<basis_specs>
===============================================================================
Ga                   Z=  31    Mass=  69.723        Charge= 0.17977+309
Lmxo=2 Lmxkb= 2    BasisType=split      Semic=T
L=0  Nsemic=0  Cnfigmx=4
          i=1  nzeta=3  polorb=0  (4s)
            splnorm:   0.15000    
               vcte:    50.000    
               rinn:  -0.70000    
               qcoe:    0.0000    
               qyuk:    0.0000    
               qwid:   0.10000E-01
                rcs:    0.0000      0.0000      0.0000    
            lambdas:    1.0000      1.0000      1.0000    
L=1  Nsemic=0  Cnfigmx=4
          i=1  nzeta=3  polorb=0  (4p)  (to be polarized non-perturbatively)
            splnorm:   0.15000    
               vcte:    50.000    
               rinn:  -0.70000    
               qcoe:    0.0000    
               qyuk:    0.0000    
               qwid:   0.10000E-01
                rcs:    0.0000      0.0000      0.0000    
            lambdas:    1.0000      1.0000      1.0000    
L=2  Nsemic=1  Cnfigmx=4
          i=1  nzeta=1  polorb=0  (3d)  (semicore shell)
            splnorm:   0.15000    
               vcte:    50.000    
               rinn:  -0.70000    
               qcoe:    0.0000    
               qyuk:    0.0000    
               qwid:   0.10000E-01
                rcs:    0.0000    
            lambdas:    1.0000    
          i=2  nzeta=1  polorb=0  (4d)  (non-perturbative polarization shell)
            splnorm:   0.15000    
               vcte:    50.000    
               rinn:  -0.70000    
               qcoe:   0.44828-315
               qyuk:    0.0000    
               qwid:   0.69532-309
                rcs:    0.0000    
            lambdas:    1.0000    
-------------------------------------------------------------------------------
L=0  Nkbl=1  erefs: 0.17977+309
L=1  Nkbl=1  erefs: 0.17977+309
L=2  Nkbl=2  erefs: 0.17977+309 0.17977+309
===============================================================================
</basis_specs>

Using PAO.SplitTailNorm
atom: Called for Ga                    (Z =  31)
Maximum radius (at nrval) set to   50.00000 8518

read_vps: Pseudopotential generation method:
read_vps: ONCVPSP-3.Hamann's oncvpsp                        
Valence charge in pseudo generation:   13.00000

read_vps: Pseudopotential includes a core correction:
read_vps: Pseudo-core for xc-correction

xc_check: Exchange-correlation functional:
xc_check: GGA PBEsol
xc_check: WARNING: Pseudopotential generated with GGA PBE functional
Got Vlocal (oncv-fit) from psml data
Choosing vlocal chloc cutoff:  4.295227
qtot up to nchloc:   13.00023270
atom: Maximum radius for chlocal:    4.29523
atom: Maximum radius for r*vlocal+2*Zval:    4.29523
Reading KB projs from Ga psml data
Using scalar-relativistic projectors in PSML file

PSML: Kleinman-Bylander projectors: 
   l= 0   rc=  1.688643   Ekb= 14.059564
   l= 0   rc=  1.688643   Ekb=  2.289351
   l= 1   rc=  1.772167   Ekb= 13.610457
   l= 1   rc=  1.772167   Ekb=  2.576326
   l= 2   rc=  1.926399   Ekb=-16.756509
   l= 2   rc=  1.926399   Ekb= -5.641527

PSML: Total number of  Kleinman-Bylander projectors:  18
atom: -------------------------------------------------------------------------

atom: SANKEY-TYPE ORBITALS:
atom: Selected multiple-zeta basis: split     

SPLIT: Orbitals with angular momentum L= 0

SPLIT: Basis orbitals for state 4s

SPLIT: PAO cut-off radius determined from an
SPLIT: energy shift=  0.000140 Ry
Split based on tail norm

   izeta = 1
                 lambda =    1.000000
                     rc =    8.573397
                 energy =   -0.660225
                kinetic =    0.501561
    potential(screened) =   -1.161786
       potential(ionic) =  -12.246649

   izeta = 2
                 rmatch =    4.547753
              splitnorm =    0.150000
                 energy =   -0.462291
                kinetic =    0.981430
    potential(screened) =   -1.443721
       potential(ionic) =  -13.770808

   izeta = 3
                 rmatch =    5.338573
              splitnorm =    0.075000
                 energy =   -0.599358
                kinetic =    0.744548
    potential(screened) =   -1.343906
       potential(ionic) =  -13.255962

SPLIT: Orbitals with angular momentum L= 1

SPLIT: Basis orbitals for state 4p

SPLIT: PAO cut-off radius determined from an
SPLIT: energy shift=  0.000140 Ry
Split based on tail norm

   izeta = 1
                 lambda =    1.000000
                     rc =   12.949509
                 energy =   -0.190428
                kinetic =    0.541974
    potential(screened) =   -0.732402
       potential(ionic) =   -9.174065

   izeta = 2
                 rmatch =    6.968471
              splitnorm =    0.150000
                 energy =   -0.153132
                kinetic =    0.764207
    potential(screened) =   -0.917338
       potential(ionic) =  -10.565779

   izeta = 3
                 rmatch =    8.212134
              splitnorm =    0.075000
                 energy =   -0.175794
                kinetic =    0.665884
    potential(screened) =   -0.841678
       potential(ionic) =  -10.014829

SPLIT: Orbitals with angular momentum L= 2

SPLIT: Basis orbitals for state 3d

SPLIT: PAO cut-off radius determined from an
SPLIT: energy shift=  0.000140 Ry
Split based on tail norm

   izeta = 1
                 lambda =    1.000000
                     rc =    4.873342
                 energy =   -1.390864
                kinetic =   12.335179
    potential(screened) =  -13.726043
       potential(ionic) =  -32.471836

SPLIT: Basis orbitals for state 4d
SPLIT: Non-perturbative polarization orbs for state 4p
SPLIT: rc(1st zeta) (re)set to: 12.9495 (expansion factor: 1.0000)
Split based on tail norm

   izeta = 1
                 lambda =    1.000000
                     rc =   12.949509
                 energy =    0.135451
                kinetic =    0.341434
    potential(screened) =   -0.205982
       potential(ionic) =   -4.584821
atom: Total number of Sankey-type orbitals: 22

atm_pop: Valence configuration (for local Pseudopot. screening):
 4s( 2.00)                                                            
 4p( 1.00)                                                            
 3d(10.00) 4d( 0.00)                                                  
Vna: chval, zval:   13.00000  13.00000

Vna:  Cut-off radius for the neutral-atom potential:  12.949509
comcore: Pseudo-core radius Rcore=  2.359857

atom: _________________________________________________________________________

<basis_specs>
===============================================================================
Ni                   Z=  28    Mass=  58.693        Charge= 0.17977+309
Lmxo=2 Lmxkb= 2    BasisType=split      Semic=T
L=0  Nsemic=1  Cnfigmx=4
          i=1  nzeta=1  polorb=0  (3s)  (semicore shell)
            splnorm:   0.15000    
               vcte:    50.000    
               rinn:  -0.70000    
               qcoe:    0.0000    
               qyuk:    0.0000    
               qwid:   0.10000E-01
                rcs:    0.0000    
            lambdas:    1.0000    
          i=2  nzeta=3  polorb=0  (4s)  (to be polarized non-perturbatively)
            splnorm:   0.15000    
               vcte:    50.000    
               rinn:  -0.70000    
               qcoe:    0.0000    
               qyuk:    0.0000    
               qwid:   0.10000E-01
                rcs:    0.0000      0.0000      0.0000    
            lambdas:    1.0000      1.0000      1.0000    
L=1  Nsemic=1  Cnfigmx=4
          i=1  nzeta=1  polorb=0  (3p)  (semicore shell)
            splnorm:   0.15000    
               vcte:    50.000    
               rinn:  -0.70000    
               qcoe:    0.0000    
               qyuk:    0.0000    
               qwid:   0.10000E-01
                rcs:    0.0000    
            lambdas:    1.0000    
          i=2  nzeta=1  polorb=0  (4p)  (non-perturbative polarization shell)
            splnorm:   0.15000    
               vcte:    50.000    
               rinn:  -0.70000    
               qcoe:   0.44828-315
               qyuk:    0.0000    
               qwid:   0.69532-309
                rcs:    0.0000    
            lambdas:    1.0000    
L=2  Nsemic=0  Cnfigmx=3
          i=1  nzeta=3  polorb=0  (3d)
            splnorm:   0.15000    
               vcte:    50.000    
               rinn:  -0.70000    
               qcoe:    0.0000    
               qyuk:    0.0000    
               qwid:   0.10000E-01
                rcs:    0.0000      0.0000      0.0000    
            lambdas:    1.0000      1.0000      1.0000    
-------------------------------------------------------------------------------
L=0  Nkbl=2  erefs: 0.17977+309 0.17977+309
L=1  Nkbl=2  erefs: 0.17977+309 0.17977+309
L=2  Nkbl=1  erefs: 0.17977+309
===============================================================================
</basis_specs>

Using PAO.SplitTailNorm
atom: Called for Ni                    (Z =  28)
Maximum radius (at nrval) set to   50.00000 8518

read_vps: Pseudopotential generation method:
read_vps: ONCVPSP-3.Hamann's oncvpsp                        
Valence charge in pseudo generation:   18.00000

read_vps: Pseudopotential includes a core correction:
read_vps: Pseudo-core for xc-correction

xc_check: Exchange-correlation functional:
xc_check: GGA PBEsol
xc_check: WARNING: Pseudopotential generated with GGA PBE functional
Got Vlocal (oncv-fit) from psml data
Choosing vlocal chloc cutoff:  3.188973
qtot up to nchloc:   17.99992641
atom: Maximum radius for chlocal:    3.18897
atom: Maximum radius for r*vlocal+2*Zval:    3.18897
Reading KB projs from Ni psml data
Using scalar-relativistic projectors in PSML file

PSML: Kleinman-Bylander projectors: 
   l= 0   rc=  1.276377   Ekb= 12.509070
   l= 0   rc=  1.276377   Ekb= -0.503495
   l= 1   rc=  1.371030   Ekb= -5.680418
   l= 1   rc=  1.371030   Ekb= -0.775211
   l= 2   rc=  1.680171   Ekb=-14.446879
   l= 2   rc=  1.680171   Ekb= -5.088878

PSML: Total number of  Kleinman-Bylander projectors:  18
atom: -------------------------------------------------------------------------

atom: SANKEY-TYPE ORBITALS:
atom: Selected multiple-zeta basis: split     

SPLIT: Orbitals with angular momentum L= 0

SPLIT: Basis orbitals for state 3s

SPLIT: PAO cut-off radius determined from an
SPLIT: energy shift=  0.000140 Ry
Split based on tail norm

   izeta = 1
                 lambda =    1.000000
                     rc =    2.999668
                 energy =   -8.139209
                kinetic =    3.776111
    potential(screened) =  -11.915319
       potential(ionic) =  -45.801861

SPLIT: Basis orbitals for state 4s

SPLIT: PAO cut-off radius determined from an
SPLIT: energy shift=  0.000140 Ry
Split based on tail norm

   izeta = 1
                 lambda =    1.000000
                     rc =    9.316220
                 energy =   -0.512978
                kinetic =    1.389681
    potential(screened) =   -1.902658
       potential(ionic) =  -17.770111

   izeta = 2
                 rmatch =    4.957068
              splitnorm =    0.150000
                 energy =   -0.410487
                kinetic =    2.329090
    potential(screened) =   -2.739576
       potential(ionic) =  -21.501560

   izeta = 3
                 rmatch =    5.824741
              splitnorm =    0.075000
                 energy =   -0.473172
                kinetic =    1.899833
    potential(screened) =   -2.373005
       potential(ionic) =  -19.995099

SPLIT: Orbitals with angular momentum L= 1

SPLIT: Basis orbitals for state 3p

SPLIT: PAO cut-off radius determined from an
SPLIT: energy shift=  0.000140 Ry
Split based on tail norm

   izeta = 1
                 lambda =    1.000000
                     rc =    3.414070
                 energy =   -5.225411
                kinetic =    9.244220
    potential(screened) =  -14.469631
       potential(ionic) =  -47.296381

SPLIT: Basis orbitals for state 4p
SPLIT: Non-perturbative polarization orbs for state 4s
SPLIT: rc(1st zeta) (re)set to: 9.3162 (expansion factor: 1.0000)
Split based on tail norm

   izeta = 1
                 lambda =    1.000000
                     rc =    9.316220
                 energy =   -0.065208
                kinetic =    0.825147
    potential(screened) =   -0.890355
       potential(ionic) =  -12.014212

SPLIT: Orbitals with angular momentum L= 2

SPLIT: Basis orbitals for state 3d

SPLIT: PAO cut-off radius determined from an
SPLIT: energy shift=  0.000140 Ry
Split based on tail norm

   izeta = 1
                 lambda =    1.000000
                     rc =    6.323353
                 energy =   -0.639566
                kinetic =   11.441999
    potential(screened) =  -12.081565
       potential(ionic) =  -40.678115

   izeta = 2
                 rmatch =    2.624859
              splitnorm =    0.150000
                 energy =   -0.513226
                kinetic =   13.528651
    potential(screened) =  -14.041878
       potential(ionic) =  -44.582092

   izeta = 3
                 rmatch =    3.356353
              splitnorm =    0.075000
                 energy =   -0.605538
                kinetic =   12.372939
    potential(screened) =  -12.978477
       potential(ionic) =  -42.595740
atom: Total number of Sankey-type orbitals: 25

atm_pop: Valence configuration (for local Pseudopot. screening):
 3s( 2.00) 4s( 2.00)                                                  
 3p( 6.00) 4p( 0.00)                                                  
 3d( 8.00)                                                            
Vna: chval, zval:   18.00000  18.00000

Vna:  Cut-off radius for the neutral-atom potential:   9.316220
comcore: Pseudo-core radius Rcore=  1.817282

atom: _________________________________________________________________________

<basis_specs>
===============================================================================
Mn                   Z=  25    Mass=  54.938        Charge= 0.17977+309
Lmxo=2 Lmxkb= 2    BasisType=split      Semic=T
L=0  Nsemic=1  Cnfigmx=4
          i=1  nzeta=1  polorb=0  (3s)  (semicore shell)
            splnorm:   0.15000    
               vcte:    50.000    
               rinn:  -0.70000    
               qcoe:    0.0000    
               qyuk:    0.0000    
               qwid:   0.10000E-01
                rcs:    0.0000    
            lambdas:    1.0000    
          i=2  nzeta=3  polorb=0  (4s)  (to be polarized non-perturbatively)
            splnorm:   0.15000    
               vcte:    50.000    
               rinn:  -0.70000    
               qcoe:    0.0000    
               qyuk:    0.0000    
               qwid:   0.10000E-01
                rcs:    0.0000      0.0000      0.0000    
            lambdas:    1.0000      1.0000      1.0000    
L=1  Nsemic=1  Cnfigmx=4
          i=1  nzeta=1  polorb=0  (3p)  (semicore shell)
            splnorm:   0.15000    
               vcte:    50.000    
               rinn:  -0.70000    
               qcoe:    0.0000    
               qyuk:    0.0000    
               qwid:   0.10000E-01
                rcs:    0.0000    
            lambdas:    1.0000    
          i=2  nzeta=1  polorb=0  (4p)  (non-perturbative polarization shell)
            splnorm:   0.15000    
               vcte:    50.000    
               rinn:  -0.70000    
               qcoe:   0.44828-315
               qyuk:    0.0000    
               qwid:   0.69532-309
                rcs:    0.0000    
            lambdas:    1.0000    
L=2  Nsemic=0  Cnfigmx=3
          i=1  nzeta=3  polorb=0  (3d)
            splnorm:   0.15000    
               vcte:    50.000    
               rinn:  -0.70000    
               qcoe:    0.0000    
               qyuk:    0.0000    
               qwid:   0.10000E-01
                rcs:    0.0000      0.0000      0.0000    
            lambdas:    1.0000      1.0000      1.0000    
-------------------------------------------------------------------------------
L=0  Nkbl=2  erefs: 0.17977+309 0.17977+309
L=1  Nkbl=2  erefs: 0.17977+309 0.17977+309
L=2  Nkbl=1  erefs: 0.17977+309
===============================================================================
</basis_specs>

Using PAO.SplitTailNorm
atom: Called for Mn                    (Z =  25)
Maximum radius (at nrval) set to   50.00000 8518

read_vps: Pseudopotential generation method:
read_vps: ONCVPSP-3.Hamann's oncvpsp                        
Valence charge in pseudo generation:   15.00000

read_vps: Pseudopotential includes a core correction:
read_vps: Pseudo-core for xc-correction

xc_check: Exchange-correlation functional:
xc_check: GGA PBEsol
xc_check: WARNING: Pseudopotential generated with GGA PBE functional
Got Vlocal (oncv-fit) from psml data
Choosing vlocal chloc cutoff:  3.504263
qtot up to nchloc:   15.00032895
atom: Maximum radius for chlocal:    3.50426
atom: Maximum radius for r*vlocal+2*Zval:    3.50426
Reading KB projs from Mn psml data
Using scalar-relativistic projectors in PSML file

PSML: Kleinman-Bylander projectors: 
   l= 0   rc=  1.427391   Ekb= 18.471374
   l= 0   rc=  1.430269   Ekb=  3.121111
   l= 1   rc=  1.224702   Ekb=  3.156115
   l= 1   rc=  1.224702   Ekb= -1.424352
   l= 2   rc=  1.630219   Ekb=-13.224142
   l= 2   rc=  1.630219   Ekb= -4.330632

PSML: Total number of  Kleinman-Bylander projectors:  18
atom: -------------------------------------------------------------------------

atom: SANKEY-TYPE ORBITALS:
atom: Selected multiple-zeta basis: split     

SPLIT: Orbitals with angular momentum L= 0

SPLIT: Basis orbitals for state 3s

SPLIT: PAO cut-off radius determined from an
SPLIT: energy shift=  0.000140 Ry
Split based on tail norm

   izeta = 1
                 lambda =    1.000000
                     rc =    3.380000
                 energy =   -6.293298
                kinetic =    2.848567
    potential(screened) =   -9.141865
       potential(ionic) =  -33.519753

SPLIT: Basis orbitals for state 4s

SPLIT: PAO cut-off radius determined from an
SPLIT: energy shift=  0.000140 Ry
Split based on tail norm

   izeta = 1
                 lambda =    1.000000
                     rc =   10.002455
                 energy =   -0.450676
                kinetic =    1.112603
    potential(screened) =   -1.563278
       potential(ionic) =  -13.199632

   izeta = 2
                 rmatch =    5.430276
              splitnorm =    0.150000
                 energy =   -0.360834
                kinetic =    1.875764
    potential(screened) =   -2.236598
       potential(ionic) =  -15.982656

   izeta = 3
                 rmatch =    6.342382
              splitnorm =    0.075000
                 energy =   -0.415048
                kinetic =    1.529261
    potential(screened) =   -1.944310
       potential(ionic) =  -14.865309

SPLIT: Orbitals with angular momentum L= 1

SPLIT: Basis orbitals for state 3p

SPLIT: PAO cut-off radius determined from an
SPLIT: energy shift=  0.000140 Ry
Split based on tail norm

   izeta = 1
                 lambda =    1.000000
                     rc =    3.873861
                 energy =   -3.996757
                kinetic =    6.976018
    potential(screened) =  -10.972775
       potential(ionic) =  -34.563053

SPLIT: Basis orbitals for state 4p
SPLIT: Non-perturbative polarization orbs for state 4s
SPLIT: rc(1st zeta) (re)set to: 10.0025 (expansion factor: 1.0000)
Split based on tail norm

   izeta = 1
                 lambda =    1.000000
                     rc =   10.002455
                 energy =   -0.085879
                kinetic =    0.770317
    potential(screened) =   -0.856196
       potential(ionic) =   -9.409918

SPLIT: Orbitals with angular momentum L= 2

SPLIT: Basis orbitals for state 3d

SPLIT: PAO cut-off radius determined from an
SPLIT: energy shift=  0.000140 Ry
Split based on tail norm

   izeta = 1
                 lambda =    1.000000
                     rc =    7.238756
                 energy =   -0.490123
                kinetic =    9.261574
    potential(screened) =   -9.751697
       potential(ionic) =  -30.334327

   izeta = 2
                 rmatch =    3.144499
              splitnorm =    0.150000
                 energy =   -0.401801
                kinetic =   11.021778
    potential(screened) =  -11.423579
       potential(ionic) =  -33.555539

   izeta = 3
                 rmatch =    3.972182
              splitnorm =    0.075000
                 energy =   -0.464167
                kinetic =   10.072383
    potential(screened) =  -10.536551
       potential(ionic) =  -31.940836
atom: Total number of Sankey-type orbitals: 25

atm_pop: Valence configuration (for local Pseudopot. screening):
 3s( 2.00) 4s( 2.00)                                                  
 3p( 6.00) 4p( 0.00)                                                  
 3d( 5.00)                                                            
Vna: chval, zval:   15.00000  15.00000

Vna:  Cut-off radius for the neutral-atom potential:  10.002455
comcore: Pseudo-core radius Rcore=  2.115123

atom: _________________________________________________________________________

prinput: Basis input 

PAO.BasisType split     

%block ChemicalSpeciesLabel
    1   31 Ga                      # Species index, atomic number, species label
    2   28 Ni                      # Species index, atomic number, species label
    3   25 Mn                      # Species index, atomic number, species label
%endblock ChemicalSpeciesLabel

%block PAO.Basis                 # Define Basis set
# WARNING: This information might be incomplete!
Ga                    4                    # Species label, number of l-shells
 n=4   0   3                         # n, l, Nzeta 
   8.573      4.548      5.339   
   1.000      1.000      1.000   
 n=4   1   3                         # n, l, Nzeta 
  12.950      6.968      8.212   
   1.000      1.000      1.000   
 n=3   2   1                         # n, l, Nzeta 
   4.873   
   1.000   
 n=4   2   1                         # n, l, Nzeta 
  12.950   
   1.000   
Ni                    5                    # Species label, number of l-shells
 n=3   0   1                         # n, l, Nzeta 
   3.000   
   1.000   
 n=4   0   3                         # n, l, Nzeta 
   9.316      4.957      5.825   
   1.000      1.000      1.000   
 n=3   1   1                         # n, l, Nzeta 
   3.414   
   1.000   
 n=4   1   1                         # n, l, Nzeta 
   9.316   
   1.000   
 n=3   2   3                         # n, l, Nzeta 
   6.323      2.625      3.356   
   1.000      1.000      1.000   
Mn                    5                    # Species label, number of l-shells
 n=3   0   1                         # n, l, Nzeta 
   3.380   
   1.000   
 n=4   0   3                         # n, l, Nzeta 
  10.002      5.430      6.342   
   1.000      1.000      1.000   
 n=3   1   1                         # n, l, Nzeta 
   3.874   
   1.000   
 n=4   1   1                         # n, l, Nzeta 
  10.002   
   1.000   
 n=3   2   3                         # n, l, Nzeta 
   7.239      3.144      3.972   
   1.000      1.000      1.000   
%endblock PAO.Basis

prinput: ----------------------------------------------------------------------

coor:   Atomic-coordinates input format  =     Fractional

siesta: Atomic coordinates (Bohr) and species
siesta:      0.00000   0.00000   0.00000  1        1
siesta:      2.35178   2.35178   3.32592  1        2
siesta:      2.35178  11.75890   3.32592  1        3
siesta:      0.00000   4.70356   0.00000  2        4
siesta:      0.00000   9.40712   0.00000  2        5
siesta:      2.35178   7.05534   3.32592  3        6

siesta: System type = bulk      

initatomlists: Number of atoms, orbitals, and projectors:      6   141   108

coxmol: Writing XMOL coordinates into file hea.xyz                                                                                                                                                                                                                             

siesta: ******************** Simulation parameters ****************************
siesta:
siesta: The following are some of the parameters of the simulation.
siesta: A complete list of the parameters used, including default values,
siesta: can be found in file out.fdf
siesta:
redata: Spin configuration                          = collinear
redata: Number of spin components                   = 2
redata: Time-Reversal Symmetry                      = T
redata: Spin spiral                                 = F
redata: Long output                                 =   F
redata: Number of Atomic Species                    =        3
redata: Charge density info will appear in .RHO file
redata: Write Mulliken charges (when)               = end
redata: Write Mulliken Pop.                         = Atomic and Orbital charges
redata: Write Hirshfeld charges (when)              = none
redata: Write Voronoi charges (when)                = none
redata: Write spin charge (when)                    = scf
redata: Matel table size (NRTAB)                    =     1024
redata: Mesh Cutoff                                 =   300.0000 Ry
redata: Net charge of the system                    =     0.0000 |e|
redata: Min. number of SCF Iter                     =        0
redata: Max. number of SCF Iter                     =    20000
redata: SCF convergence failure will abort job
redata: SCF mix quantity                            = Hamiltonian
redata: Mix DM or H after convergence               =   F
redata: Recompute H after scf cycle                 =   F
redata: Mix DM in first SCF step                    =   T
redata: Write Pulay info on disk                    =   F
redata: New DM Occupancy tolerance                  = 0.000000000001
redata: No kicks to SCF
redata: DM Mixing Weight for Kicks                  =     0.5000
redata: Require Harris convergence for SCF          =   F
redata: Harris energy tolerance for SCF             =     0.000100 eV
redata: Require DM convergence for SCF              =   T
redata: DM tolerance for SCF                        =     0.000500
redata: Require EDM convergence for SCF             =   F
redata: EDM tolerance for SCF                       =     0.001000 eV
redata: Require H convergence for SCF               =   F
redata: Hamiltonian tolerance for SCF               =     0.005000 eV
redata: Require (free) Energy convergence for SCF   =   F
redata: (free) Energy tolerance for SCF             =     0.000100 eV
redata: Antiferro initial spin density              =   F
redata: Using DFT-D3 dispersion                     =   F
redata: Using Saved Data (generic)                  =   F
redata: Use continuation files for DM               =   F
redata: Neglect nonoverlap interactions             =   F
redata: Method of Calculation                       = Diagonalization
redata: Electronic Temperature                      =   300.0000 K
redata: Fix the spin of the system                  =   F
redata: Max. number of TDED Iter                    =        1
redata: Number of TDED substeps                     =        3
redata: Dynamics option                             = CG coord. optimization
redata: Variable cell                               =   T
redata: Use continuation files for CG               =   F
redata: Max atomic displ per move                   =     0.1058 Ang
redata: Maximum number of optimization moves        =      500
redata: Force tolerance                             =     0.0500 eV/Ang
redata: Stress tolerance                            =     1.0000 GPa
mix.SCF: Broyden mixing                          = Broyden
mix.SCF:    History steps                        = 8
mix.SCF:    Linear mixing weight                 =     0.070000
mix.SCF:    Inverse Jacobian weight              =     0.070000
mix.SCF:    Weight prime                         =     0.070000
mix.SCF:    SVD condition                        = 0.1000E-07
mix.SCF: Spin-component mixing                   all
redata: ***********************************************************************

%block SCF.Mixers
  Broyden
%endblock SCF.Mixers

%block SCF.Mixer.Broyden
  # Mixing method
  method broyden

  # Mixing options
  weight 0.0700
  weight.linear 0.0700
  weight.prime 0.0700
  history 8
%endblock SCF.Mixer.Broyden

DM_history_depth set to one: no extrapolation allowed by default for geometry relaxation
Size of DM history Fstack: 1
Total number of electrons:    90.000000
Total ionic charge:    90.000000

* ProcessorY, Blocksize:    9   3


* Orbital distribution balance (max,min):     6     3

k-point displ. along   1 input, could be:     0.00    0.50
k-point displ. along   2 input, could be:     0.00    0.50
k-point displ. along   3 input, could be:     0.00    0.50
 Kpoints in:           32 . Kpoints trimmed:           31

siesta: k-grid: Number of k-points = 31
siesta: k-points from Monkhorst-Pack grid
siesta: k-cutoff (effective) =     7.040 Ang
siesta: k-point supercell and displacements
siesta: k-grid:     6     0     0      0.000
siesta: k-grid:     0     2     0      0.000
siesta: k-grid:     0     0     4      0.000
k-point displ. along   1 input, could be:     0.00    0.50
k-point displ. along   2 input, could be:     0.00    0.50
k-point displ. along   3 input, could be:     0.00    0.50
 Kpoints in:           32 . Kpoints trimmed:           31

siesta: PDOS k-grid: Number of k-points = 31
siesta: PDOS k-points from Monkhorst-Pack grid
siesta: PDOS k-cutoff (effective) =     0.000 Ang
siesta: PDOS k-point supercell and displacements
siesta: k-grid:     6     0     0      0.000
siesta: k-grid:     0     2     0      0.000
siesta: k-grid:     0     0     4      0.000

diag: Algorithm                                     = D&C
diag: Parallel over k                               =   F
diag: Use parallel 2D distribution                  =   T
diag: Parallel block-size                           = 3
diag: Parallel distribution                         =     6 x     6
diag: Used triangular part                          = Lower
diag: Absolute tolerance                            =  0.100E-15
diag: Orthogonalization factor                      =  0.100E-05
diag: Memory factor                                 =  1.0000
diag: The diagonalization method chosen cannot compute a reduced number of eigenvectors.
diag: Resetting neigwanted 67 to 141

superc: Internal auxiliary supercell:    13 x     5 x     9  =     585
superc: Number of atoms, orbitals, and projectors:   3510  82485  63180


ts: **************************************************************
ts: Save H and S matrices                           =    F
ts: Save DM and EDM matrices                        =    F
ts: Only save the overlap matrix S                  =    F
ts: **************************************************************

************************ Begin: TS CHECKS AND WARNINGS ************************
************************ End: TS CHECKS AND WARNINGS **************************


                     ====================================
                        Begin CG opt. move =      0
                     ====================================

superc: Internal auxiliary supercell:    13 x     5 x     9  =     585
superc: Number of atoms, orbitals, and projectors:   3510  82485  63180

outcell: Unit cell vectors (Ang):
        2.489016    0.000000    0.000000
        0.000000    7.467048    0.000000
        0.000000    0.000000    3.520000

outcell: Cell vector modules (Ang)   :    2.489016    7.467048    3.520000
outcell: Cell angles (23,13,12) (deg):     90.0000     90.0000     90.0000
outcell: Cell volume (Ang**3)        :     65.4213
<dSpData1D:S at geom step 0
  <sparsity:sparsity for geom step 0
    nrows_g=141 nrows=6 sparsity=.9842 nnzs=19567, refcount: 7>
  <dData1D:(new from dSpData1D) n=19567, refcount: 1>
refcount: 1>
new_DM -- step:     1
Initializing Density Matrix...
DM filled with atomic data:
<dSpData2D:DM initialized from atoms
  <sparsity:sparsity for geom step 0
    nrows_g=141 nrows=6 sparsity=.9842 nnzs=19567, refcount: 8>
  <dData2D:DM n=19567 m=2, refcount: 1>
refcount: 1>
No. of atoms with KB's overlaping orbs in proc 0. Max # of overlaps:      55    1369

InitMesh: MESH = 30 x 80 x 40 = 96000
InitMesh: Mesh cutoff (required, used) =   300.000   317.237 Ry
New grid distribution [1]: sub = 2
New grid distribution [2]: sub = 2
New grid distribution [3]: sub = 2
Setting up quadratic distribution...

stepf: Fermi-Dirac step function

siesta: Program's energy decomposition (eV):
siesta: Ebs     =     -2932.029875
siesta: Eions   =     22345.646482
siesta: Ena     =      1354.514535
siesta: Ekin    =     10612.262245
siesta: Enl     =     -4678.013036
siesta: Eso     =         0.000000
siesta: Edftu   =         0.000000
siesta: DEna    =        91.976121
siesta: DUscf   =         2.523494
siesta: DUext   =         0.000000
siesta: Ex      =     -3144.699483
siesta: Ec      =      -193.419428
siesta: Exc     =     -3338.118911
siesta: EbV     =         0.000000
siesta: eta*DQ  =         0.000000
siesta: Emadel  =         0.000000
siesta: Emeta   =         0.000000
siesta: Emolmec =         0.000000
siesta: Ekinion =         0.000000
siesta: Eharris =    -18239.725466
siesta: Etot    =    -18300.502034
siesta: FreeEng =    -18300.505998

        iscf     Eharris(eV)        E_KS(eV)     FreeEng(eV)     dDmax    Ef(eV) dHmax(eV)
   scf:    1   -18239.725466   -18300.502034   -18300.505998 13.871942 -5.876016  7.586953
     spin moment: {S} , |S| = {        0.0        0.0    5.21893 }     5.21893
timer: Routine,Calls,Time,% = IterSCF        1       4.702  10.37
   scf:    2   -18301.856687   -18301.352842   -18301.357274  1.435826 -5.985664  3.487932
     spin moment: {S} , |S| = {        0.0        0.0    5.10662 }     5.10662
   scf:    3   -18301.806171   -18301.604025   -18301.608088  0.583108 -6.090354  2.075070
     spin moment: {S} , |S| = {        0.0        0.0    5.01330 }     5.01330
   scf:    4   -18301.992702   -18301.943054   -18301.948365  1.584787 -6.401156  1.995659
     spin moment: {S} , |S| = {        0.0        0.0    4.73789 }     4.73789
   scf:    5   -18302.024432   -18301.986917   -18301.991913  0.063916 -6.408808  1.465427
     spin moment: {S} , |S| = {        0.0        0.0    4.72901 }     4.72901
   scf:    6   -18300.696021   -18301.706385   -18301.716503  1.466858 -6.536502  4.809006
     spin moment: {S} , |S| = {        0.0        0.0    4.05216 }     4.05216
   scf:    7   -18300.935099   -18301.368089   -18301.378771  0.394568 -6.677023  6.363705
     spin moment: {S} , |S| = {        0.0        0.0    3.72666 }     3.72666
   scf:    8   -18302.290039   -18302.254194   -18302.263153  0.420997 -6.551388  0.282167
     spin moment: {S} , |S| = {        0.0        0.0    3.73155 }     3.73155
   scf:    9   -18302.265985   -18302.260309   -18302.269849  0.132095 -6.576332  0.284103
     spin moment: {S} , |S| = {        0.0        0.0    3.64406 }     3.64406
   scf:   10   -18302.296092   -18302.277121   -18302.286845  0.333073 -6.590863  0.483792
     spin moment: {S} , |S| = {        0.0        0.0    3.40760 }     3.40760
   scf:   11   -18302.279379   -18302.283075   -18302.292130  0.070580 -6.578148  0.339728
     spin moment: {S} , |S| = {        0.0        0.0    3.37697 }     3.37697
   scf:   12   -18302.262945   -18302.280566   -18302.290109  0.093291 -6.600285  0.708138
     spin moment: {S} , |S| = {        0.0        0.0    3.29086 }     3.29086
   scf:   13   -18302.302466   -18302.289587   -18302.297382  0.151020 -6.609202  0.734305
     spin moment: {S} , |S| = {        0.0        0.0    3.12773 }     3.12773
   scf:   14   -18302.289716   -18302.296015   -18302.304018  0.097190 -6.585962  0.195107
     spin moment: {S} , |S| = {        0.0        0.0    3.20133 }     3.20133
   scf:   15   -18302.235805   -18302.278781   -18302.286365  0.145228 -6.623102  1.056438
     spin moment: {S} , |S| = {        0.0        0.0    3.10699 }     3.10699
   scf:   16   -18302.302889   -18302.301289   -18302.308390  0.073109 -6.610481  0.064392
     spin moment: {S} , |S| = {        0.0        0.0    3.07175 }     3.07175
   scf:   17   -18302.301259   -18302.301283   -18302.308448  0.023224 -6.611340  0.030113
     spin moment: {S} , |S| = {        0.0        0.0    3.08078 }     3.08078
   scf:   18   -18302.301471   -18302.301395   -18302.308488  0.017416 -6.615181  0.057434
     spin moment: {S} , |S| = {        0.0        0.0    3.06748 }     3.06748
   scf:   19   -18302.301252   -18302.301338   -18302.308429  0.005883 -6.616321  0.088719
     spin moment: {S} , |S| = {        0.0        0.0    3.06577 }     3.06577
   scf:   20   -18302.301427   -18302.301429   -18302.308553  0.003831 -6.614249  0.021852
     spin moment: {S} , |S| = {        0.0        0.0    3.06774 }     3.06774
   scf:   21   -18302.301400   -18302.301419   -18302.308564  0.008531 -6.614219  0.024664
     spin moment: {S} , |S| = {        0.0        0.0    3.06273 }     3.06273
   scf:   22   -18302.301418   -18302.301426   -18302.308580  0.004121 -6.613886  0.007699
     spin moment: {S} , |S| = {        0.0        0.0    3.06681 }     3.06681
   scf:   23   -18302.301424   -18302.301425   -18302.308582  0.000911 -6.613830  0.004319
     spin moment: {S} , |S| = {        0.0        0.0    3.06636 }     3.06636
   scf:   24   -18302.301433   -18302.301429   -18302.308584  0.002483 -6.614141  0.002781
     spin moment: {S} , |S| = {        0.0        0.0    3.06500 }     3.06500
   scf:   25   -18302.301435   -18302.301432   -18302.308586  0.002371 -6.614436  0.001345
     spin moment: {S} , |S| = {        0.0        0.0    3.06375 }     3.06375
   scf:   26   -18302.301431   -18302.301432   -18302.308586  0.000803 -6.614510  0.001128
     spin moment: {S} , |S| = {        0.0        0.0    3.06343 }     3.06343
   scf:   27   -18302.301430   -18302.301431   -18302.308586  0.000463 -6.614521  0.000941
     spin moment: {S} , |S| = {        0.0        0.0    3.06341 }     3.06341

SCF Convergence by DM criterion
max |DM_out - DM_in|         :     0.0004625969
max |H_out - H_in|      (eV) :     0.0009405733
SCF cycle converged after 27 iterations

Using DM_out to compute the final energy and forces
No. of atoms with KB's overlaping orbs in proc 0. Max # of overlaps:      55    1369

siesta: E_KS(eV) =           -18302.3014

siesta: E_KS - E_eggbox =    -18302.3014

siesta: Atomic forces (eV/Ang):
     1    0.000000   -0.000003    0.000000
     2   -0.000000    2.658066    0.000000
     3   -0.000000   -2.658064    0.000000
     4    0.000000   -0.133001   -0.000000
     5    0.000000    0.133001   -0.000000
     6   -0.000000    0.000000    0.000000
----------------------------------------
   Tot   -0.000000    0.000000    0.000000
----------------------------------------
   Max    2.658066
   Res    0.887130    sqrt( Sum f_i^2 / 3N )
----------------------------------------
   Max    2.658066    constrained

Stress tensor Voigt[x,y,z,yz,xz,xy] (kbar):     -519.26     -313.68     -333.90       -0.00       -0.00       -0.00
(Free)E + p*V (eV/cell)   -18286.4268
Target enthalpy (eV/cell)   -18302.3086

siesta: Stress tensor (static) (eV/Ang**3):
        -0.324094   -0.000000    0.000000
        -0.000000   -0.195786   -0.000000
        -0.000000   -0.000000   -0.208405

siesta: Pressure (static):        388.94723857  kBar

siesta: Stress tensor (total) (eV/Ang**3):
        -0.324094   -0.000000    0.000000
        -0.000000   -0.195786   -0.000000
        -0.000000   -0.000000   -0.208405

siesta: Pressure (total):        388.94723857  kBar

cgvc: No target stress found, assuming hydrostatic MD.TargetPressure.

cgvc: Target stress (kBar)
cgvc:        -0.000       0.000       0.000
cgvc:         0.000      -0.000       0.000
cgvc:         0.000       0.000      -0.000

                     ====================================
                        Begin CG opt. move =      1
                     ====================================
k-point displ. along   1 input, could be:     0.00    0.50
k-point displ. along   2 input, could be:     0.00    0.50
k-point displ. along   3 input, could be:     0.00    0.50
 Kpoints in:           32 . Kpoints trimmed:           31

siesta: k-grid: Number of k-points = 31
siesta: k-points from Monkhorst-Pack grid
siesta: k-cutoff (effective) =     7.100 Ang
siesta: k-point supercell and displacements
siesta: k-grid:     6     0     0      0.000
siesta: k-grid:     0     2     0      0.000
siesta: k-grid:     0     0     4      0.000

superc: Internal auxiliary supercell:    13 x     5 x     9  =     585
superc: Number of atoms, orbitals, and projectors:   3510  82485  63180

outcell: Unit cell vectors (Ang):
        2.521904    0.000000   -0.000000
        0.000000    7.526651    0.000000
       -0.000000    0.000000    3.549908

outcell: Cell vector modules (Ang)   :    2.521904    7.526651    3.549908
outcell: Cell angles (23,13,12) (deg):     90.0000     90.0000     90.0000
outcell: Cell volume (Ang**3)        :     67.3826
<dSpData1D:S at geom step 1
  <sparsity:sparsity for geom step 1
    nrows_g=141 nrows=6 sparsity=.9812 nnzs=19507, refcount: 7>
  <dData1D:(new from dSpData1D) n=19507, refcount: 1>
refcount: 1>
new_DM -- step:     2
Re-using DM from previous geometries...
Number of DMs in history: 1
 DM extrapolation coefficients: 
1   1.00000
New DM after history re-use:
<dSpData2D:SpM extrapolated using coords
  <sparsity:sparsity for geom step 1
    nrows_g=141 nrows=6 sparsity=.9812 nnzs=19507, refcount: 9>
  <dData2D:(temp array for extrapolation) n=19507 m=2, refcount: 1>
refcount: 1>
Note: For starting DM, Qtot, Tr[D*S] =         90.00000000         90.16468921
No. of atoms with KB's overlaping orbs in proc 0. Max # of overlaps:      55    1314

InitMesh: MESH = 30 x 80 x 40 = 96000
InitMesh: Mesh cutoff (required, used) =   300.000   312.233 Ry
New grid distribution [1]: sub = 2
New grid distribution [2]: sub = 2
New grid distribution [3]: sub = 2
Setting up quadratic distribution...

        iscf     Eharris(eV)        E_KS(eV)     FreeEng(eV)     dDmax    Ef(eV) dHmax(eV)
   scf:    1   -18303.428252   -18301.563590   -18301.571074  1.740911 -6.828036  5.497492
     spin moment: {S} , |S| = {        0.0        0.0    2.91605 }     2.91605
   scf:    2   -17607.558532   -18076.143880   -18076.151380 15.633779 -4.058573 83.260741
     spin moment: {S} , |S| = {        0.0        0.0    1.66775 }     1.66775
   scf:    3   -18313.540813   -18302.875796   -18302.883939 15.344202 -6.625746  1.065696
     spin moment: {S} , |S| = {        0.0        0.0    3.01693 }     3.01693
   scf:    4   -18302.921802   -18302.922785   -18302.930379  0.111249 -6.570336  0.341045
     spin moment: {S} , |S| = {        0.0        0.0    3.03072 }     3.03072
   scf:    5   -18302.913623   -18302.923251   -18302.931345  0.110813 -6.564604  0.313845
     spin moment: {S} , |S| = {        0.0        0.0    3.02375 }     3.02375
   scf:    6   -18302.927009   -18302.928157   -18302.936006  0.040916 -6.547727  0.124926
     spin moment: {S} , |S| = {        0.0        0.0    3.02973 }     3.02973
   scf:    7   -18302.928509   -18302.928418   -18302.936310  0.048372 -6.544521  0.104514
     spin moment: {S} , |S| = {        0.0        0.0    3.03196 }     3.03196
   scf:    8   -18302.928386   -18302.928660   -18302.936621  0.011315 -6.549250  0.034936
     spin moment: {S} , |S| = {        0.0        0.0    3.02993 }     3.02993
   scf:    9   -18302.928628   -18302.928645   -18302.936614  0.003967 -6.549419  0.037121
     spin moment: {S} , |S| = {        0.0        0.0    3.03004 }     3.03004
   scf:   10   -18302.928732   -18302.928699   -18302.936661  0.008256 -6.548170  0.011523
     spin moment: {S} , |S| = {        0.0        0.0    3.03071 }     3.03071
   scf:   11   -18302.928713   -18302.928707   -18302.936666  0.001783 -6.547701  0.004476
     spin moment: {S} , |S| = {        0.0        0.0    3.03094 }     3.03094
   scf:   12   -18302.928708   -18302.928708   -18302.936667  0.000403 -6.547580  0.003357
     spin moment: {S} , |S| = {        0.0        0.0    3.03110 }     3.03110

SCF Convergence by DM criterion
max |DM_out - DM_in|         :     0.0004028228
max |H_out - H_in|      (eV) :     0.0033569785
SCF cycle converged after 12 iterations

Using DM_out to compute the final energy and forces
No. of atoms with KB's overlaping orbs in proc 0. Max # of overlaps:      55    1314

siesta: E_KS(eV) =           -18302.9287

siesta: Atomic forces (eV/Ang):
     1    0.000000   -0.000002    0.000000
     2    0.000000    1.774785    0.000000
     3   -0.000000   -1.774783   -0.000000
     4   -0.000000   -0.019072   -0.000000
     5    0.000000    0.019072   -0.000000
     6    0.000000   -0.000001   -0.000000
----------------------------------------
   Tot    0.000000   -0.000001   -0.000000
----------------------------------------
   Max    1.774785
   Res    0.591629    sqrt( Sum f_i^2 / 3N )
----------------------------------------
   Max    1.774785    constrained

Stress tensor Voigt[x,y,z,yz,xz,xy] (kbar):     -414.68     -244.12     -245.00       -0.00        0.00       -0.00
(Free)E + p*V (eV/cell)   -18290.2663
Target enthalpy (eV/cell)   -18302.9367

siesta: Stress tensor (static) (eV/Ang**3):
        -0.258825   -0.000000    0.000000
        -0.000000   -0.152370   -0.000000
         0.000000   -0.000000   -0.152916

siesta: Pressure (static):        301.26840282  kBar

siesta: Stress tensor (total) (eV/Ang**3):
        -0.258825   -0.000000    0.000000
        -0.000000   -0.152370   -0.000000
         0.000000   -0.000000   -0.152916

siesta: Pressure (total):        301.26840282  kBar

                     ====================================
                        Begin CG opt. move =      2
                     ====================================
k-point displ. along   1 input, could be:     0.00    0.50
k-point displ. along   2 input, could be:     0.00    0.50
k-point displ. along   3 input, could be:     0.00    0.50
 Kpoints in:           32 . Kpoints trimmed:           31

siesta: k-grid: Number of k-points = 31
siesta: k-points from Monkhorst-Pack grid
siesta: k-cutoff (effective) =     7.196 Ang
siesta: k-point supercell and displacements
siesta: k-grid:     6     0     0      0.000
siesta: k-grid:     0     2     0      0.000
siesta: k-grid:     0     0     4      0.000

superc: Internal auxiliary supercell:    13 x     5 x     9  =     585
superc: Number of atoms, orbitals, and projectors:   3510  82485  63180

outcell: Unit cell vectors (Ang):
        2.574526    0.000000   -0.000000
        0.000000    7.622017    0.000000
       -0.000000    0.000000    3.597762

outcell: Cell vector modules (Ang)   :    2.574526    7.622017    3.597762
outcell: Cell angles (23,13,12) (deg):     90.0000     90.0000     90.0000
outcell: Cell volume (Ang**3)        :     70.5992
<dSpData1D:S at geom step 2
  <sparsity:sparsity for geom step 2
    nrows_g=141 nrows=6 sparsity=.9454 nnzs=18796, refcount: 7>
  <dData1D:(new from dSpData1D) n=18796, refcount: 1>
refcount: 1>
new_DM -- step:     3
Re-using DM from previous geometries...
Number of DMs in history: 1
 DM extrapolation coefficients: 
1   1.00000
New DM after history re-use:
<dSpData2D:SpM extrapolated using coords
  <sparsity:sparsity for geom step 2
    nrows_g=141 nrows=6 sparsity=.9454 nnzs=18796, refcount: 9>
  <dData2D:(temp array for extrapolation) n=18796 m=2, refcount: 1>
refcount: 1>
Note: For starting DM, Qtot, Tr[D*S] =         90.00000000         90.25546021
No. of atoms with KB's overlaping orbs in proc 0. Max # of overlaps:      55    1299

InitMesh: MESH = 30 x 80 x 40 = 96000
InitMesh: Mesh cutoff (required, used) =   300.000   304.468 Ry
New grid distribution [1]: sub = 2
New grid distribution [2]: sub = 2
New grid distribution [3]: sub = 2
Setting up quadratic distribution...

        iscf     Eharris(eV)        E_KS(eV)     FreeEng(eV)     dDmax    Ef(eV) dHmax(eV)
   scf:    1   -18296.872997   -18299.139655   -18299.146762  1.873262 -6.971146 10.511425
     spin moment: {S} , |S| = {        0.0        0.0    2.98213 }     2.98213
   scf:    2   -16125.950946   -17595.248627   -17595.258111 58.555841 -2.397961140.068976
     spin moment: {S} , |S| = {        0.0        0.0    0.85829 }     0.85829
   scf:    3   -18331.269035   -18303.337424   -18303.348888 57.877053 -6.542621  2.450935
     spin moment: {S} , |S| = {        0.0        0.0    3.04774 }     3.04774
   scf:    4   -18303.673381   -18303.593202   -18303.606242  0.196382 -6.437802  0.401208
     spin moment: {S} , |S| = {        0.0        0.0    3.04161 }     3.04161
   scf:    5   -18303.549638   -18303.586325   -18303.600114  0.080632 -6.399238  0.624630
     spin moment: {S} , |S| = {        0.0        0.0    3.05016 }     3.05016
   scf:    6   -18303.531289   -18303.586276   -18303.599230  0.177021 -6.431827  0.898842
     spin moment: {S} , |S| = {        0.0        0.0    3.04630 }     3.04630
   scf:    7   -18303.601835   -18303.603803   -18303.617322  0.067608 -6.406387  0.220623
     spin moment: {S} , |S| = {        0.0        0.0    3.08104 }     3.08104
   scf:    8   -18303.606459   -18303.605289   -18303.618997  0.016212 -6.404163  0.139614
     spin moment: {S} , |S| = {        0.0        0.0    3.08702 }     3.08702
   scf:    9   -18303.603937   -18303.605334   -18303.619429  0.023689 -6.398482  0.229615
     spin moment: {S} , |S| = {        0.0        0.0    3.10039 }     3.10039
   scf:   10   -18303.606163   -18303.605817   -18303.619949  0.008098 -6.399896  0.179198
     spin moment: {S} , |S| = {        0.0        0.0    3.10857 }     3.10857
   scf:   11   -18303.606606   -18303.606487   -18303.620823  0.009986 -6.402359  0.034347
     spin moment: {S} , |S| = {        0.0        0.0    3.12575 }     3.12575
   scf:   12   -18303.606477   -18303.606483   -18303.620812  0.000739 -6.402652  0.044067
     spin moment: {S} , |S| = {        0.0        0.0    3.12554 }     3.12554
   scf:   13   -18303.606500   -18303.606501   -18303.620874  0.004693 -6.401973  0.034399
     spin moment: {S} , |S| = {        0.0        0.0    3.12926 }     3.12926
   scf:   14   -18303.606394   -18303.606435   -18303.620679  0.013421 -6.402275  0.027628
     spin moment: {S} , |S| = {        0.0        0.0    3.11541 }     3.11541
   scf:   15   -18303.606457   -18303.606394   -18303.620330  0.026350 -6.402827  0.023956
     spin moment: {S} , |S| = {        0.0        0.0    3.08834 }     3.08834
   scf:   16   -18303.607302   -18303.606650   -18303.619689  0.053755 -6.404882  0.035255
     spin moment: {S} , |S| = {        0.0        0.0    3.03330 }     3.03330
   scf:   17   -18303.606488   -18303.606398   -18303.620273  0.048665 -6.403189  0.031347
     spin moment: {S} , |S| = {        0.0        0.0    3.08381 }     3.08381
   scf:   18   -18303.606412   -18303.606405   -18303.620241  0.002875 -6.403201  0.028972
     spin moment: {S} , |S| = {        0.0        0.0    3.08097 }     3.08097
   scf:   19   -18303.606431   -18303.606416   -18303.620181  0.004670 -6.403289  0.028485
     spin moment: {S} , |S| = {        0.0        0.0    3.07605 }     3.07605
   scf:   20   -18303.606392   -18303.606400   -18303.620282  0.008067 -6.403051  0.026116
     spin moment: {S} , |S| = {        0.0        0.0    3.08430 }     3.08430
   scf:   21   -18303.606403   -18303.606402   -18303.620273  0.000819 -6.403054  0.024998
     spin moment: {S} , |S| = {        0.0        0.0    3.08354 }     3.08354
   scf:   22   -18303.606393   -18303.606392   -18303.620377  0.008059 -6.402840  0.023418
     spin moment: {S} , |S| = {        0.0        0.0    3.09192 }     3.09192
   scf:   23   -18303.606394   -18303.606393   -18303.620417  0.003374 -6.402662  0.026185
     spin moment: {S} , |S| = {        0.0        0.0    3.09520 }     3.09520
   scf:   24   -18303.606392   -18303.606392   -18303.620415  0.000481 -6.402666  0.026880
     spin moment: {S} , |S| = {        0.0        0.0    3.09496 }     3.09496

SCF Convergence by DM criterion
max |DM_out - DM_in|         :     0.0004814049
max |H_out - H_in|      (eV) :     0.0268798657
SCF cycle converged after 24 iterations

Using DM_out to compute the final energy and forces
No. of atoms with KB's overlaping orbs in proc 0. Max # of overlaps:      55    1299

siesta: E_KS(eV) =           -18303.6064

siesta: Atomic forces (eV/Ang):
     1    0.000000   -0.000001   -0.000000
     2    0.000000    0.840318   -0.000000
     3    0.000000   -0.840318   -0.000000
     4   -0.000000    0.129563   -0.000000
     5   -0.000000   -0.129551    0.000000
     6    0.000000   -0.000009    0.000000
----------------------------------------
   Tot    0.000000    0.000003   -0.000000
----------------------------------------
   Max    0.840318
   Res    0.283416    sqrt( Sum f_i^2 / 3N )
----------------------------------------
   Max    0.840318    constrained

Stress tensor Voigt[x,y,z,yz,xz,xy] (kbar):     -272.02     -170.02     -118.71        0.00       -0.00       -0.00
(Free)E + p*V (eV/cell)   -18295.3840
Target enthalpy (eV/cell)   -18303.6204

siesta: Stress tensor (static) (eV/Ang**3):
        -0.169784   -0.000000   -0.000000
        -0.000000   -0.106118    0.000000
        -0.000000    0.000000   -0.074093

siesta: Pressure (static):        186.91809209  kBar

siesta: Stress tensor (total) (eV/Ang**3):
        -0.169784   -0.000000   -0.000000
        -0.000000   -0.106118    0.000000
        -0.000000    0.000000   -0.074093

siesta: Pressure (total):        186.91809209  kBar

                     ====================================
                        Begin CG opt. move =      3
                     ====================================
k-point displ. along   1 input, could be:     0.00    0.50
k-point displ. along   2 input, could be:     0.00    0.50
k-point displ. along   3 input, could be:     0.00    0.50
 Kpoints in:           32 . Kpoints trimmed:           31

siesta: k-grid: Number of k-points = 31
siesta: k-points from Monkhorst-Pack grid
siesta: k-cutoff (effective) =     7.291 Ang
siesta: k-point supercell and displacements
siesta: k-grid:     6     0     0      0.000
siesta: k-grid:     0     2     0      0.000
siesta: k-grid:     0     0     4      0.000

superc: Internal auxiliary supercell:    11 x     5 x     9  =     495
superc: Number of atoms, orbitals, and projectors:   2970  69795  53460

outcell: Unit cell vectors (Ang):
        2.627211    0.000000   -0.000000
        0.000000    7.717499    0.000000
       -0.000000    0.000000    3.645674

outcell: Cell vector modules (Ang)   :    2.627211    7.717499    3.645674
outcell: Cell angles (23,13,12) (deg):     90.0000     90.0000     90.0000
outcell: Cell volume (Ang**3)        :     73.9178
<dSpData1D:S at geom step 3
  <sparsity:sparsity for geom step 3
    nrows_g=141 nrows=6 sparsity=.9235 nnzs=18360, refcount: 7>
  <dData1D:(new from dSpData1D) n=18360, refcount: 1>
refcount: 1>
new_DM -- step:     4
Re-using DM from previous geometries...
Number of DMs in history: 1
 DM extrapolation coefficients: 
1   1.00000
New DM after history re-use:
<dSpData2D:SpM extrapolated using coords
  <sparsity:sparsity for geom step 3
    nrows_g=141 nrows=6 sparsity=.9235 nnzs=18360, refcount: 9>
  <dData2D:(temp array for extrapolation) n=18360 m=2, refcount: 1>
refcount: 1>
Note: For starting DM, Qtot, Tr[D*S] =         90.00000000         90.23188320
No. of atoms with KB's overlaping orbs in proc 0. Max # of overlaps:      55    1166

InitMesh: MESH = 30 x 90 x 40 = 108000
InitMesh: Mesh cutoff (required, used) =   300.000   332.710 Ry
New grid distribution [1]: sub = 2
New grid distribution [2]: sub = 2
New grid distribution [3]: sub = 2
Setting up quadratic distribution...

        iscf     Eharris(eV)        E_KS(eV)     FreeEng(eV)     dDmax    Ef(eV) dHmax(eV)
   scf:    1   -18297.228545   -18299.692603   -18299.701898  1.446218 -6.897330 10.528460
     spin moment: {S} , |S| = {        0.0        0.0    3.12985 }     3.12985
   scf:    2   -16166.310634   -17608.556366   -17608.568012 55.402330 -2.497196140.761503
     spin moment: {S} , |S| = {        0.0        0.0    0.81285 }     0.81285
   scf:    3   -18330.421642   -18303.714887   -18303.726978 54.968685 -6.473210  2.441310
     spin moment: {S} , |S| = {        0.0        0.0    3.25992 }     3.25992
   scf:    4   -18303.937895   -18303.834241   -18303.846304  0.093762 -6.442260  1.838205
     spin moment: {S} , |S| = {        0.0        0.0    3.26087 }     3.26087
   scf:    5   -18303.957556   -18303.981952   -18303.993601  0.311011 -6.332306  0.459786
     spin moment: {S} , |S| = {        0.0        0.0    3.28306 }     3.28306
   scf:    6   -18303.983025   -18303.986785   -18303.996948  0.103614 -6.314400  0.687381
     spin moment: {S} , |S| = {        0.0        0.0    3.34702 }     3.34702
   scf:    7   -18303.996770   -18303.995687   -18304.005823  0.069706 -6.327742  0.114713
     spin moment: {S} , |S| = {        0.0        0.0    3.35601 }     3.35601
   scf:    8   -18303.995894   -18303.995965   -18304.005891  0.016628 -6.329581  0.175828
     spin moment: {S} , |S| = {        0.0        0.0    3.36542 }     3.36542
   scf:    9   -18303.999778   -18303.999223   -18304.007664  0.098301 -6.309129  0.215157
     spin moment: {S} , |S| = {        0.0        0.0    3.40665 }     3.40665
   scf:   10   -18303.999996   -18303.999806   -18304.008383  0.012745 -6.311549  0.089277
     spin moment: {S} , |S| = {        0.0        0.0    3.40569 }     3.40569
   scf:   11   -18304.002985   -18304.001318   -18304.009222  0.030295 -6.304669  0.029588
     spin moment: {S} , |S| = {        0.0        0.0    3.43250 }     3.43250
   scf:   12   -18304.001823   -18304.001630   -18304.009280  0.010458 -6.301911  0.079534
     spin moment: {S} , |S| = {        0.0        0.0    3.43949 }     3.43949
   scf:   13   -18304.002866   -18304.002258   -18304.009645  0.021439 -6.300240  0.041454
     spin moment: {S} , |S| = {        0.0        0.0    3.46249 }     3.46249
   scf:   14   -18304.002639   -18304.002442   -18304.009705  0.006341 -6.299297  0.038541
     spin moment: {S} , |S| = {        0.0        0.0    3.46932 }     3.46932
   scf:   15   -18304.001689   -18304.002091   -18304.009535  0.006218 -6.301084  0.088129
     spin moment: {S} , |S| = {        0.0        0.0    3.46506 }     3.46506
   scf:   16   -18304.003503   -18304.002781   -18304.009770  0.017084 -6.297924  0.042577
     spin moment: {S} , |S| = {        0.0        0.0    3.47924 }     3.47924
   scf:   17   -18304.003789   -18304.003259   -18304.009847  0.013668 -6.295921  0.021231
     spin moment: {S} , |S| = {        0.0        0.0    3.49229 }     3.49229
   scf:   18   -18304.003353   -18304.003312   -18304.009856  0.001540 -6.295349  0.006863
     spin moment: {S} , |S| = {        0.0        0.0    3.49198 }     3.49198
   scf:   19   -18304.003293   -18304.003303   -18304.009854  0.001112 -6.295363  0.010379
     spin moment: {S} , |S| = {        0.0        0.0    3.49104 }     3.49104
   scf:   20   -18304.003439   -18304.003370   -18304.009860  0.002821 -6.295270  0.002814
     spin moment: {S} , |S| = {        0.0        0.0    3.49365 }     3.49365
   scf:   21   -18304.003428   -18304.003399   -18304.009861  0.000860 -6.295187  0.002361
     spin moment: {S} , |S| = {        0.0        0.0    3.49436 }     3.49436
   scf:   22   -18304.003454   -18304.003427   -18304.009861  0.000974 -6.295121  0.001588
     spin moment: {S} , |S| = {        0.0        0.0    3.49520 }     3.49520
   scf:   23   -18304.003453   -18304.003440   -18304.009862  0.000363 -6.295062  0.001003
     spin moment: {S} , |S| = {        0.0        0.0    3.49538 }     3.49538

SCF Convergence by DM criterion
max |DM_out - DM_in|         :     0.0003630252
max |H_out - H_in|      (eV) :     0.0010033881
SCF cycle converged after 23 iterations

Using DM_out to compute the final energy and forces
No. of atoms with KB's overlaping orbs in proc 0. Max # of overlaps:      55    1166

siesta: E_KS(eV) =           -18304.0034

siesta: Atomic forces (eV/Ang):
     1    0.000000    0.000003   -0.000000
     2   -0.000000   -0.095340    0.000000
     3    0.000000    0.095339   -0.000000
     4   -0.000000    0.202243   -0.000000
     5   -0.000000   -0.202251    0.000000
     6   -0.000000   -0.000000    0.000000
----------------------------------------
   Tot   -0.000000   -0.000006    0.000000
----------------------------------------
   Max    0.202251
   Res    0.074531    sqrt( Sum f_i^2 / 3N )
----------------------------------------
   Max    0.202251    constrained

Stress tensor Voigt[x,y,z,yz,xz,xy] (kbar):     -184.50     -126.30      -29.74       -0.00        0.00       -0.00
(Free)E + p*V (eV/cell)   -18298.7728
Target enthalpy (eV/cell)   -18304.0099

siesta: Stress tensor (static) (eV/Ang**3):
        -0.115155   -0.000000    0.000000
        -0.000000   -0.078832   -0.000000
         0.000000   -0.000000   -0.018561

siesta: Pressure (static):        113.51299081  kBar

siesta: Stress tensor (total) (eV/Ang**3):
        -0.115155   -0.000000    0.000000
        -0.000000   -0.078832   -0.000000
         0.000000   -0.000000   -0.018561

siesta: Pressure (total):        113.51299081  kBar

                     ====================================
                        Begin CG opt. move =      4
                     ====================================
k-point displ. along   1 input, could be:     0.00    0.50
k-point displ. along   2 input, could be:     0.00    0.50
k-point displ. along   3 input, could be:     0.00    0.50
 Kpoints in:           32 . Kpoints trimmed:           31

siesta: k-grid: Number of k-points = 31
siesta: k-points from Monkhorst-Pack grid
siesta: k-cutoff (effective) =     7.387 Ang
siesta: k-point supercell and displacements
siesta: k-grid:     6     0     0      0.000
siesta: k-grid:     0     2     0      0.000
siesta: k-grid:     0     0     4      0.000

superc: Internal auxiliary supercell:    11 x     5 x     9  =     495
superc: Number of atoms, orbitals, and projectors:   2970  69795  53460

outcell: Unit cell vectors (Ang):
        2.679896    0.000000   -0.000000
        0.000000    7.812980    0.000000
       -0.000000    0.000000    3.693585

outcell: Cell vector modules (Ang)   :    2.679896    7.812980    3.693585
outcell: Cell angles (23,13,12) (deg):     90.0000     90.0000     90.0000
outcell: Cell volume (Ang**3)        :     77.3362
<dSpData1D:S at geom step 4
  <sparsity:sparsity for geom step 4
    nrows_g=141 nrows=6 sparsity=.8779 nnzs=17454, refcount: 7>
  <dData1D:(new from dSpData1D) n=17454, refcount: 1>
refcount: 1>
new_DM -- step:     5
Re-using DM from previous geometries...
Number of DMs in history: 1
 DM extrapolation coefficients: 
1   1.00000
New DM after history re-use:
<dSpData2D:SpM extrapolated using coords
  <sparsity:sparsity for geom step 4
    nrows_g=141 nrows=6 sparsity=.8779 nnzs=17454, refcount: 9>
  <dData2D:(temp array for extrapolation) n=17454 m=2, refcount: 1>
refcount: 1>
Note: For starting DM, Qtot, Tr[D*S] =         90.00000000         90.18917216
No. of atoms with KB's overlaping orbs in proc 0. Max # of overlaps:      55    1150

InitMesh: MESH = 30 x 90 x 40 = 108000
InitMesh: Mesh cutoff (required, used) =   300.000   324.135 Ry
New grid distribution [1]: sub = 2
New grid distribution [2]: sub = 2
New grid distribution [3]: sub = 2
Setting up quadratic distribution...

        iscf     Eharris(eV)        E_KS(eV)     FreeEng(eV)     dDmax    Ef(eV) dHmax(eV)
   scf:    1   -18301.748658   -18301.576821   -18301.587438  1.434846 -6.677368  7.800395
     spin moment: {S} , |S| = {        0.0        0.0    3.48615 }     3.48615
   scf:    2   -16936.255471   -17858.055446   -17858.067832 27.671726 -3.108845114.897581
     spin moment: {S} , |S| = {        0.0        0.0    1.03524 }     1.03524
   scf:    3   -18317.592706   -18303.920009   -18303.927405 27.321423 -6.373191  2.109037
     spin moment: {S} , |S| = {        0.0        0.0    3.56044 }     3.56044
   scf:    4   -18304.019411   -18304.113209   -18304.120486  0.253501 -6.224477  0.534891
     spin moment: {S} , |S| = {        0.0        0.0    3.55024 }     3.55024
   scf:    5   -18304.121652   -18304.117600   -18304.124828  0.013143 -6.228775  0.499914
     spin moment: {S} , |S| = {        0.0        0.0    3.55129 }     3.55129
   scf:    6   -18304.131433   -18304.132278   -18304.138717  0.138626 -6.234923  0.182579
     spin moment: {S} , |S| = {        0.0        0.0    3.56471 }     3.56471
   scf:    7   -18304.131453   -18304.132322   -18304.138804  0.015027 -6.240101  0.175834
     spin moment: {S} , |S| = {        0.0        0.0    3.56789 }     3.56789
   scf:    8   -18304.133767   -18304.133293   -18304.139869  0.014593 -6.237647  0.128714
     spin moment: {S} , |S| = {        0.0        0.0    3.57087 }     3.57087
   scf:    9   -18304.134273   -18304.133934   -18304.140484  0.017618 -6.233262  0.034623
     spin moment: {S} , |S| = {        0.0        0.0    3.57277 }     3.57277
   scf:   10   -18304.133704   -18304.133933   -18304.140475  0.015775 -6.229462  0.063260
     spin moment: {S} , |S| = {        0.0        0.0    3.57500 }     3.57500
   scf:   11   -18304.134210   -18304.134128   -18304.140629  0.008454 -6.230883  0.013834
     spin moment: {S} , |S| = {        0.0        0.0    3.57969 }     3.57969
   scf:   12   -18304.134167   -18304.134148   -18304.140640  0.001820 -6.230379  0.008120
     spin moment: {S} , |S| = {        0.0        0.0    3.58077 }     3.58077
   scf:   13   -18304.134275   -18304.134210   -18304.140662  0.003195 -6.230012  0.005457
     spin moment: {S} , |S| = {        0.0        0.0    3.58413 }     3.58413
   scf:   14   -18304.134342   -18304.134273   -18304.140676  0.004219 -6.229490  0.001815
     spin moment: {S} , |S| = {        0.0        0.0    3.58847 }     3.58847
   scf:   15   -18304.134281   -18304.134277   -18304.140677  0.000354 -6.229453  0.001555
     spin moment: {S} , |S| = {        0.0        0.0    3.58877 }     3.58877

SCF Convergence by DM criterion
max |DM_out - DM_in|         :     0.0003537205
max |H_out - H_in|      (eV) :     0.0015552460
SCF cycle converged after 15 iterations

Using DM_out to compute the final energy and forces
No. of atoms with KB's overlaping orbs in proc 0. Max # of overlaps:      55    1150

siesta: E_KS(eV) =           -18304.1343

siesta: Atomic forces (eV/Ang):
     1   -0.000000    0.000001   -0.000000
     2   -0.000000   -0.807308   -0.000000
     3    0.000000    0.807307    0.000000
     4   -0.000000    0.293825   -0.000000
     5   -0.000000   -0.293825    0.000000
     6    0.000000   -0.000001    0.000000
----------------------------------------
   Tot   -0.000000   -0.000000   -0.000000
----------------------------------------
   Max    0.807308
   Res    0.286372    sqrt( Sum f_i^2 / 3N )
----------------------------------------
   Max    0.807308    constrained

Stress tensor Voigt[x,y,z,yz,xz,xy] (kbar):     -100.64      -94.84       37.13        0.00        0.00        0.00
(Free)E + p*V (eV/cell)   -18301.5929
Target enthalpy (eV/cell)   -18304.1407

siesta: Stress tensor (static) (eV/Ang**3):
        -0.062814    0.000000    0.000000
         0.000000   -0.059194    0.000000
         0.000000    0.000000    0.023177

siesta: Pressure (static):         52.78202890  kBar

siesta: Stress tensor (total) (eV/Ang**3):
        -0.062814    0.000000    0.000000
         0.000000   -0.059194    0.000000
         0.000000    0.000000    0.023177

siesta: Pressure (total):         52.78202890  kBar

                     ====================================
                        Begin CG opt. move =      5
                     ====================================
k-point displ. along   1 input, could be:     0.00    0.50
k-point displ. along   2 input, could be:     0.00    0.50
k-point displ. along   3 input, could be:     0.00    0.50
 Kpoints in:           32 . Kpoints trimmed:           31

siesta: k-grid: Number of k-points = 31
siesta: k-points from Monkhorst-Pack grid
siesta: k-cutoff (effective) =     7.483 Ang
siesta: k-point supercell and displacements
siesta: k-grid:     6     0     0      0.000
siesta: k-grid:     0     2     0      0.000
siesta: k-grid:     0     0     4      0.000

superc: Internal auxiliary supercell:    11 x     5 x     9  =     495
superc: Number of atoms, orbitals, and projectors:   2970  69795  53460

outcell: Unit cell vectors (Ang):
        2.732581    0.000000   -0.000000
        0.000000    7.908462    0.000000
       -0.000000    0.000000    3.741497

outcell: Cell vector modules (Ang)   :    2.732581    7.908462    3.741497
outcell: Cell angles (23,13,12) (deg):     90.0000     90.0000     90.0000
outcell: Cell volume (Ang**3)        :     80.8557
<dSpData1D:S at geom step 5
  <sparsity:sparsity for geom step 5
    nrows_g=141 nrows=6 sparsity=.8469 nnzs=16838, refcount: 7>
  <dData1D:(new from dSpData1D) n=16838, refcount: 1>
refcount: 1>
new_DM -- step:     6
Re-using DM from previous geometries...
Number of DMs in history: 1
 DM extrapolation coefficients: 
1   1.00000
New DM after history re-use:
<dSpData2D:SpM extrapolated using coords
  <sparsity:sparsity for geom step 5
    nrows_g=141 nrows=6 sparsity=.8469 nnzs=16838, refcount: 9>
  <dData2D:(temp array for extrapolation) n=16838 m=2, refcount: 1>
refcount: 1>
Note: For starting DM, Qtot, Tr[D*S] =         90.00000000         90.12170676
No. of atoms with KB's overlaping orbs in proc 0. Max # of overlaps:      55    1054

InitMesh: MESH = 30 x 90 x 40 = 108000
InitMesh: Mesh cutoff (required, used) =   300.000   315.887 Ry
New grid distribution [1]: sub = 2
New grid distribution [2]: sub = 2
New grid distribution [3]: sub = 2
Setting up quadratic distribution...

        iscf     Eharris(eV)        E_KS(eV)     FreeEng(eV)     dDmax    Ef(eV) dHmax(eV)
   scf:    1   -18306.344937   -18303.489210   -18303.496776  0.935683 -6.406767  3.271663
     spin moment: {S} , |S| = {        0.0        0.0    3.57098 }     3.57098
   scf:    2   -18081.245834   -18231.560082   -18231.573111  5.271863 -4.639567 34.243367
     spin moment: {S} , |S| = {        0.0        0.0    3.57662 }     3.57662
   scf:    3   -18307.168054   -18304.005411   -18304.013405  5.186009 -6.262993  0.907523
     spin moment: {S} , |S| = {        0.0        0.0    3.58799 }     3.58799
   scf:    4   -18303.843212   -18303.996045   -18304.004263  0.115503 -6.152552  0.953382
     spin moment: {S} , |S| = {        0.0        0.0    3.59817 }     3.59817
   scf:    5   -18304.012547   -18304.004465   -18304.012624  0.010518 -6.155614  0.872785
     spin moment: {S} , |S| = {        0.0        0.0    3.59853 }     3.59853
   scf:    6   -18304.007947   -18304.041052   -18304.048788  0.112441 -6.215792  0.337922
     spin moment: {S} , |S| = {        0.0        0.0    3.59961 }     3.59961
   scf:    7   -18304.043030   -18304.042064   -18304.049803  0.004834 -6.214119  0.305189
     spin moment: {S} , |S| = {        0.0        0.0    3.59991 }     3.59991
   scf:    8   -18304.046918   -18304.046984   -18304.054807  0.028357 -6.197290  0.047724
     spin moment: {S} , |S| = {        0.0        0.0    3.60083 }     3.60083
   scf:    9   -18304.046553   -18304.046807   -18304.054652  0.005053 -6.195076  0.071042
     spin moment: {S} , |S| = {        0.0        0.0    3.60106 }     3.60106
   scf:   10   -18304.046937   -18304.046987   -18304.054864  0.012999 -6.198041  0.009823
     spin moment: {S} , |S| = {        0.0        0.0    3.60177 }     3.60177
   scf:   11   -18304.046979   -18304.046985   -18304.054870  0.001244 -6.197518  0.003577
     spin moment: {S} , |S| = {        0.0        0.0    3.60188 }     3.60188
   scf:   12   -18304.046976   -18304.046981   -18304.054871  0.000573 -6.197504  0.003166
     spin moment: {S} , |S| = {        0.0        0.0    3.60201 }     3.60201
   scf:   13   -18304.046959   -18304.046970   -18304.054873  0.001307 -6.197450  0.002156
     spin moment: {S} , |S| = {        0.0        0.0    3.60232 }     3.60232
   scf:   14   -18304.046946   -18304.046958   -18304.054874  0.001279 -6.197400  0.001139
     spin moment: {S} , |S| = {        0.0        0.0    3.60263 }     3.60263
   scf:   15   -18304.046951   -18304.046954   -18304.054874  0.000306 -6.197387  0.000856
     spin moment: {S} , |S| = {        0.0        0.0    3.60273 }     3.60273

SCF Convergence by DM criterion
max |DM_out - DM_in|         :     0.0003061202
max |H_out - H_in|      (eV) :     0.0008562841
SCF cycle converged after 15 iterations

Using DM_out to compute the final energy and forces
No. of atoms with KB's overlaping orbs in proc 0. Max # of overlaps:      55    1054

siesta: E_KS(eV) =           -18304.0470

siesta: Atomic forces (eV/Ang):
     1    0.000000    0.000001    0.000000
     2    0.000000   -1.488173   -0.000000
     3    0.000000    1.488170    0.000000
     4   -0.000000    0.322964    0.000000
     5   -0.000000   -0.322966   -0.000000
     6    0.000000    0.000003   -0.000000
----------------------------------------
   Tot    0.000000   -0.000001    0.000000
----------------------------------------
   Max    1.488173
   Res    0.507604    sqrt( Sum f_i^2 / 3N )
----------------------------------------
   Max    1.488173    constrained

Stress tensor Voigt[x,y,z,yz,xz,xy] (kbar):      -35.55      -72.72       80.75       -0.00        0.00        0.00
(Free)E + p*V (eV/cell)   -18303.5919
Target enthalpy (eV/cell)   -18304.0549

siesta: Stress tensor (static) (eV/Ang**3):
        -0.022189    0.000000    0.000000
         0.000000   -0.045389   -0.000000
         0.000000   -0.000000    0.050401

siesta: Pressure (static):          9.17351783  kBar

siesta: Stress tensor (total) (eV/Ang**3):
        -0.022189    0.000000    0.000000
         0.000000   -0.045389   -0.000000
         0.000000   -0.000000    0.050401

siesta: Pressure (total):          9.17351783  kBar

                     ====================================
                        Begin CG opt. move =      6
                     ====================================
k-point displ. along   1 input, could be:     0.00    0.50
k-point displ. along   2 input, could be:     0.00    0.50
k-point displ. along   3 input, could be:     0.00    0.50
 Kpoints in:           32 . Kpoints trimmed:           31

siesta: k-grid: Number of k-points = 31
siesta: k-points from Monkhorst-Pack grid
siesta: k-cutoff (effective) =     7.398 Ang
siesta: k-point supercell and displacements
siesta: k-grid:     6     0     0      0.000
siesta: k-grid:     0     2     0      0.000
siesta: k-grid:     0     0     4      0.000

superc: Internal auxiliary supercell:    11 x     5 x     9  =     495
superc: Number of atoms, orbitals, and projectors:   2970  69795  53460

outcell: Unit cell vectors (Ang):
        2.685774    0.000000   -0.000000
        0.000000    7.823633    0.000000
       -0.000000    0.000000    3.698930

outcell: Cell vector modules (Ang)   :    2.685774    7.823633    3.698930
outcell: Cell angles (23,13,12) (deg):     90.0000     90.0000     90.0000
outcell: Cell volume (Ang**3)        :     77.7238
<dSpData1D:S at geom step 6
  <sparsity:sparsity for geom step 6
    nrows_g=141 nrows=6 sparsity=.8770 nnzs=17436, refcount: 7>
  <dData1D:(new from dSpData1D) n=17436, refcount: 1>
refcount: 1>
new_DM -- step:     7
Re-using DM from previous geometries...
Number of DMs in history: 1
 DM extrapolation coefficients: 
1   1.00000
New DM after history re-use:
<dSpData2D:SpM extrapolated using coords
  <sparsity:sparsity for geom step 6
    nrows_g=141 nrows=6 sparsity=.8770 nnzs=17436, refcount: 9>
  <dData2D:(temp array for extrapolation) n=17436 m=2, refcount: 1>
refcount: 1>
No. of atoms with KB's overlaping orbs in proc 0. Max # of overlaps:      55    1144

InitMesh: MESH = 30 x 90 x 40 = 108000
InitMesh: Mesh cutoff (required, used) =   300.000   323.199 Ry
New grid distribution [1]: sub = 2
New grid distribution [2]: sub = 2
New grid distribution [3]: sub = 2
Setting up quadratic distribution...

        iscf     Eharris(eV)        E_KS(eV)     FreeEng(eV)     dDmax    Ef(eV) dHmax(eV)
   scf:    1   -18300.967587   -18303.660443   -18303.668977 10.187979 -6.352150  3.797986
     spin moment: {S} , |S| = {        0.0        0.0    3.59495 }     3.59495
   scf:    2   -17974.766579   -18196.290328   -18196.298457  6.293698 -4.880953 66.095105
     spin moment: {S} , |S| = {        0.0        0.0    2.43199 }     2.43199
   scf:    3   -18306.526599   -18304.080261   -18304.086872  6.134844 -6.253350  1.227947
     spin moment: {S} , |S| = {        0.0        0.0    3.59883 }     3.59883
   scf:    4   -18304.148314   -18304.130413   -18304.136813  0.087879 -6.218905  0.219698
     spin moment: {S} , |S| = {        0.0        0.0    3.59368 }     3.59368
   scf:    5   -18304.112221   -18304.128068   -18304.134408  0.085107 -6.213337  0.524799
     spin moment: {S} , |S| = {        0.0        0.0    3.59128 }     3.59128
   scf:    6   -18304.134885   -18304.134364   -18304.140830  0.022202 -6.224579  0.041852
     spin moment: {S} , |S| = {        0.0        0.0    3.59545 }     3.59545
   scf:    7   -18304.128520   -18304.132498   -18304.138990  0.018052 -6.234407  0.290229
     spin moment: {S} , |S| = {        0.0        0.0    3.59752 }     3.59752
   scf:    8   -18304.135351   -18304.134368   -18304.140817  0.012064 -6.228536  0.086507
     spin moment: {S} , |S| = {        0.0        0.0    3.59650 }     3.59650
   scf:    9   -18304.134545   -18304.134470   -18304.140923  0.003193 -6.227152  0.061655
     spin moment: {S} , |S| = {        0.0        0.0    3.59644 }     3.59644
   scf:   10   -18304.134670   -18304.134603   -18304.141017  0.003768 -6.225977  0.008789
     spin moment: {S} , |S| = {        0.0        0.0    3.59648 }     3.59648
   scf:   11   -18304.134651   -18304.134628   -18304.141023  0.002713 -6.225558  0.002853
     spin moment: {S} , |S| = {        0.0        0.0    3.59683 }     3.59683
   scf:   12   -18304.134636   -18304.134632   -18304.141023  0.000235 -6.225531  0.002292
     spin moment: {S} , |S| = {        0.0        0.0    3.59692 }     3.59692

SCF Convergence by DM criterion
max |DM_out - DM_in|         :     0.0002353043
max |H_out - H_in|      (eV) :     0.0022924791
SCF cycle converged after 12 iterations

Using DM_out to compute the final energy and forces
No. of atoms with KB's overlaping orbs in proc 0. Max # of overlaps:      55    1144

siesta: E_KS(eV) =           -18304.1346

siesta: Atomic forces (eV/Ang):
     1   -0.000000    0.000003    0.000000
     2    0.000000   -0.874974    0.000000
     3    0.000000    0.874971    0.000000
     4   -0.000000    0.295950   -0.000000
     5   -0.000000   -0.295950    0.000000
     6   -0.000000    0.000001   -0.000000
----------------------------------------
   Tot   -0.000000    0.000000   -0.000000
----------------------------------------
   Max    0.874974
   Res    0.307889    sqrt( Sum f_i^2 / 3N )
----------------------------------------
   Max    0.874974    constrained

Stress tensor Voigt[x,y,z,yz,xz,xy] (kbar):      -92.10      -92.99       42.06        0.00       -0.00       -0.00
(Free)E + p*V (eV/cell)   -18301.8282
Target enthalpy (eV/cell)   -18304.1410

siesta: Stress tensor (static) (eV/Ang**3):
        -0.057485   -0.000000   -0.000000
        -0.000000   -0.058041    0.000000
        -0.000000    0.000000    0.026254

siesta: Pressure (static):         47.67664612  kBar

siesta: Stress tensor (total) (eV/Ang**3):
        -0.057485   -0.000000   -0.000000
        -0.000000   -0.058041    0.000000
        -0.000000    0.000000    0.026254

siesta: Pressure (total):         47.67664612  kBar

cgvc: Finished line minimization    1.  Mean atomic displacement =    0.1322

                     ====================================
                        Begin CG opt. move =      7
                     ====================================
k-point displ. along   1 input, could be:     0.00    0.50
k-point displ. along   2 input, could be:     0.00    0.50
k-point displ. along   3 input, could be:     0.00    0.50
 Kpoints in:           32 . Kpoints trimmed:           31

siesta: k-grid: Number of k-points = 31
siesta: k-points from Monkhorst-Pack grid
siesta: k-cutoff (effective) =     7.374 Ang
siesta: k-point supercell and displacements
siesta: k-grid:     6     0     0      0.000
siesta: k-grid:     0     2     0      0.000
siesta: k-grid:     0     0     4      0.000

superc: Internal auxiliary supercell:    11 x     5 x     9  =     495
superc: Number of atoms, orbitals, and projectors:   2970  69795  53460

outcell: Unit cell vectors (Ang):
        2.738459    0.000000    0.000000
        0.000000    7.965824   -0.000000
        0.000000   -0.000000    3.687133

outcell: Cell vector modules (Ang)   :    2.738459    7.965824    3.687133
outcell: Cell angles (23,13,12) (deg):     90.0000     90.0000     90.0000
outcell: Cell volume (Ang**3)        :     80.4314
<dSpData1D:S at geom step 7
  <sparsity:sparsity for geom step 7
    nrows_g=141 nrows=6 sparsity=.8585 nnzs=17068, refcount: 7>
  <dData1D:(new from dSpData1D) n=17068, refcount: 1>
refcount: 1>
new_DM -- step:     8
Re-using DM from previous geometries...
Number of DMs in history: 1
 DM extrapolation coefficients: 
1   1.00000
New DM after history re-use:
<dSpData2D:SpM extrapolated using coords
  <sparsity:sparsity for geom step 7
    nrows_g=141 nrows=6 sparsity=.8585 nnzs=17068, refcount: 9>
  <dData2D:(temp array for extrapolation) n=17068 m=2, refcount: 1>
refcount: 1>
No. of atoms with KB's overlaping orbs in proc 0. Max # of overlaps:      55    1086

InitMesh: MESH = 30 x 90 x 40 = 108000
InitMesh: Mesh cutoff (required, used) =   300.000   325.270 Ry
New grid distribution [1]: sub = 2
New grid distribution [2]: sub = 2
New grid distribution [3]: sub = 2
Setting up quadratic distribution...

        iscf     Eharris(eV)        E_KS(eV)     FreeEng(eV)     dDmax    Ef(eV) dHmax(eV)
   scf:    1   -18303.013270   -18303.176108   -18303.181006  1.115434 -6.301862  4.064915
     spin moment: {S} , |S| = {        0.0        0.0    3.64280 }     3.64280
   scf:    2   -17680.762729   -18100.737641   -18100.747407 12.512933 -4.148873 68.197946
     spin moment: {S} , |S| = {        0.0        0.0    2.30617 }     2.30617
   scf:    3   -18309.668660   -18304.174364   -18304.181413 12.290219 -6.146548  1.411096
     spin moment: {S} , |S| = {        0.0        0.0    3.66116 }     3.66116
   scf:    4   -18304.328749   -18304.282889   -18304.290666  0.130293 -6.099580  0.353987
     spin moment: {S} , |S| = {        0.0        0.0    3.66877 }     3.66877
   scf:    5   -18304.227511   -18304.274724   -18304.282831  0.102036 -6.068730  0.720964
     spin moment: {S} , |S| = {        0.0        0.0    3.68491 }     3.68491
   scf:    6   -18304.260403   -18304.286923   -18304.294913  0.086832 -6.109572  0.441564
     spin moment: {S} , |S| = {        0.0        0.0    3.68027 }     3.68027
   scf:    7   -18304.281181   -18304.284235   -18304.292303  0.010509 -6.111875  0.478332
     spin moment: {S} , |S| = {        0.0        0.0    3.68322 }     3.68322
   scf:    8   -18304.293943   -18304.289848   -18304.298200  0.038921 -6.099694  0.225918
     spin moment: {S} , |S| = {        0.0        0.0    3.69449 }     3.69449
   scf:    9   -18304.293399   -18304.291949   -18304.300349  0.016354 -6.093139  0.136939
     spin moment: {S} , |S| = {        0.0        0.0    3.69732 }     3.69732
   scf:   10   -18304.291530   -18304.291747   -18304.300170  0.002853 -6.093244  0.162068
     spin moment: {S} , |S| = {        0.0        0.0    3.69861 }     3.69861
   scf:   11   -18304.292603   -18304.292579   -18304.301225  0.034653 -6.084069  0.010560
     spin moment: {S} , |S| = {        0.0        0.0    3.71176 }     3.71176
   scf:   12   -18304.292450   -18304.292510   -18304.301260  0.014390 -6.082796  0.007707
     spin moment: {S} , |S| = {        0.0        0.0    3.71849 }     3.71849
   scf:   13   -18304.292459   -18304.292484   -18304.301266  0.004898 -6.082462  0.004577
     spin moment: {S} , |S| = {        0.0        0.0    3.72051 }     3.72051
   scf:   14   -18304.292416   -18304.292450   -18304.301270  0.005834 -6.082041  0.001228
     spin moment: {S} , |S| = {        0.0        0.0    3.72292 }     3.72292
   scf:   15   -18304.292440   -18304.292445   -18304.301271  0.000692 -6.082005  0.001187
     spin moment: {S} , |S| = {        0.0        0.0    3.72320 }     3.72320
   scf:   16   -18304.292439   -18304.292442   -18304.301271  0.000376 -6.081988  0.001060
     spin moment: {S} , |S| = {        0.0        0.0    3.72337 }     3.72337

SCF Convergence by DM criterion
max |DM_out - DM_in|         :     0.0003762555
max |H_out - H_in|      (eV) :     0.0010597370
SCF cycle converged after 16 iterations

Using DM_out to compute the final energy and forces
No. of atoms with KB's overlaping orbs in proc 0. Max # of overlaps:      55    1086

siesta: E_KS(eV) =           -18304.2924

siesta: Atomic forces (eV/Ang):
     1    0.000000    0.000001    0.000000
     2   -0.000000    0.112417    0.000000
     3   -0.000000   -0.112417   -0.000000
     4    0.000000    0.017158   -0.000001
     5    0.000000   -0.017156   -0.000000
     6    0.000000   -0.000003    0.000001
----------------------------------------
   Tot    0.000000   -0.000000    0.000000
----------------------------------------
   Max    0.112417
   Res    0.037906    sqrt( Sum f_i^2 / 3N )
----------------------------------------
   Max    0.112417    constrained

Stress tensor Voigt[x,y,z,yz,xz,xy] (kbar):      -31.00        1.01       67.81        0.00        0.00        0.00
(Free)E + p*V (eV/cell)   -18304.9342
Target enthalpy (eV/cell)   -18304.3013

siesta: Stress tensor (static) (eV/Ang**3):
        -0.019349   -0.000000    0.000000
         0.000000    0.000633   -0.000000
         0.000000    0.000000    0.042322

siesta: Pressure (static):        -12.60696285  kBar

siesta: Stress tensor (total) (eV/Ang**3):
        -0.019349   -0.000000    0.000000
         0.000000    0.000633   -0.000000
         0.000000    0.000000    0.042322

siesta: Pressure (total):        -12.60696285  kBar

                     ====================================
                        Begin CG opt. move =      8
                     ====================================
k-point displ. along   1 input, could be:     0.00    0.50
k-point displ. along   2 input, could be:     0.00    0.50
k-point displ. along   3 input, could be:     0.00    0.50
 Kpoints in:           32 . Kpoints trimmed:           31

siesta: k-grid: Number of k-points = 31
siesta: k-points from Monkhorst-Pack grid
siesta: k-cutoff (effective) =     7.351 Ang
siesta: k-point supercell and displacements
siesta: k-grid:     6     0     0      0.000
siesta: k-grid:     0     2     0      0.000
siesta: k-grid:     0     0     4      0.000

superc: Internal auxiliary supercell:    11 x     5 x     9  =     495
superc: Number of atoms, orbitals, and projectors:   2970  69795  53460

outcell: Unit cell vectors (Ang):
        2.791144    0.000000    0.000000
        0.000000    8.108016   -0.000000
        0.000000   -0.000000    3.675336

outcell: Cell vector modules (Ang)   :    2.791144    8.108016    3.675336
outcell: Cell angles (23,13,12) (deg):     90.0000     90.0000     90.0000
outcell: Cell volume (Ang**3)        :     83.1752
<dSpData1D:S at geom step 8
  <sparsity:sparsity for geom step 8
    nrows_g=141 nrows=6 sparsity=.8253 nnzs=16408, refcount: 7>
  <dData1D:(new from dSpData1D) n=16408, refcount: 1>
refcount: 1>
new_DM -- step:     9
Re-using DM from previous geometries...
Number of DMs in history: 1
 DM extrapolation coefficients: 
1   1.00000
New DM after history re-use:
<dSpData2D:SpM extrapolated using coords
  <sparsity:sparsity for geom step 8
    nrows_g=141 nrows=6 sparsity=.8253 nnzs=16408, refcount: 9>
  <dData2D:(temp array for extrapolation) n=16408 m=2, refcount: 1>
refcount: 1>
No. of atoms with KB's overlaping orbs in proc 0. Max # of overlaps:      53    1020

InitMesh: MESH = 30 x 90 x 40 = 108000
InitMesh: Mesh cutoff (required, used) =   300.000   319.286 Ry
New grid distribution [1]: sub = 2
New grid distribution [2]: sub = 2
New grid distribution [3]: sub = 2
Setting up quadratic distribution...

        iscf     Eharris(eV)        E_KS(eV)     FreeEng(eV)     dDmax    Ef(eV) dHmax(eV)
   scf:    1   -18303.058328   -18303.388379   -18303.399118  1.106520 -6.104872  3.489234
     spin moment: {S} , |S| = {        0.0        0.0    3.91312 }     3.91312
   scf:    2   -17821.913134   -18146.662353   -18146.673360  8.434184 -4.346443 58.428317
     spin moment: {S} , |S| = {        0.0        0.0    2.71813 }     2.71813
   scf:    3   -18309.982888   -18304.160311   -18304.169434  8.301282 -5.974200  1.001640
     spin moment: {S} , |S| = {        0.0        0.0    3.91213 }     3.91213
   scf:    4   -18304.206550   -18304.216630   -18304.225411  0.079219 -5.930613  0.364453
     spin moment: {S} , |S| = {        0.0        0.0    3.95475 }     3.95475
   scf:    5   -18304.218029   -18304.221850   -18304.230210  0.035348 -5.956783  0.261668
     spin moment: {S} , |S| = {        0.0        0.0    3.98267 }     3.98267
   scf:    6   -18304.226185   -18304.224840   -18304.233043  0.015976 -5.949788  0.129103
     spin moment: {S} , |S| = {        0.0        0.0    3.99317 }     3.99317
   scf:    7   -18304.224587   -18304.225674   -18304.232795  0.031759 -5.954200  0.284051
     spin moment: {S} , |S| = {        0.0        0.0    4.03854 }     4.03854
   scf:    8   -18304.231117   -18304.228684   -18304.235541  0.015346 -5.947211  0.164376
     spin moment: {S} , |S| = {        0.0        0.0    4.05455 }     4.05455
   scf:    9   -18304.229338   -18304.229878   -18304.236576  0.018232 -5.937837  0.085737
     spin moment: {S} , |S| = {        0.0        0.0    4.06996 }     4.06996
   scf:   10   -18304.229889   -18304.230182   -18304.236830  0.010550 -5.942699  0.076230
     spin moment: {S} , |S| = {        0.0        0.0    4.07616 }     4.07616
   scf:   11   -18304.230800   -18304.230538   -18304.237111  0.011306 -5.939222  0.014225
     spin moment: {S} , |S| = {        0.0        0.0    4.09066 }     4.09066
   scf:   12   -18304.230636   -18304.230585   -18304.237132  0.005412 -5.938944  0.012596
     spin moment: {S} , |S| = {        0.0        0.0    4.09724 }     4.09724
   scf:   13   -18304.230562   -18304.230576   -18304.237128  0.005391 -5.939314  0.016603
     spin moment: {S} , |S| = {        0.0        0.0    4.09485 }     4.09485
   scf:   14   -18304.230593   -18304.230585   -18304.237137  0.001049 -5.939247  0.008837
     spin moment: {S} , |S| = {        0.0        0.0    4.09614 }     4.09614
   scf:   15   -18304.230594   -18304.230590   -18304.237141  0.001252 -5.939128  0.002187
     spin moment: {S} , |S| = {        0.0        0.0    4.09776 }     4.09776
   scf:   16   -18304.230590   -18304.230590   -18304.237142  0.000356 -5.939117  0.001945
     spin moment: {S} , |S| = {        0.0        0.0    4.09787 }     4.09787

SCF Convergence by DM criterion
max |DM_out - DM_in|         :     0.0003563094
max |H_out - H_in|      (eV) :     0.0019453313
SCF cycle converged after 16 iterations

Using DM_out to compute the final energy and forces
No. of atoms with KB's overlaping orbs in proc 0. Max # of overlaps:      53    1020

siesta: E_KS(eV) =           -18304.2306

siesta: Atomic forces (eV/Ang):
     1   -0.000000   -0.000001   -0.000000
     2   -0.000000    0.809795   -0.000001
     3    0.000000   -0.809791   -0.000000
     4   -0.000000   -0.163759    0.000002
     5   -0.000000    0.163759    0.000002
     6    0.000000   -0.000003    0.000000
----------------------------------------
   Tot    0.000000    0.000000    0.000003
----------------------------------------
   Max    0.809795
   Res    0.275395    sqrt( Sum f_i^2 / 3N )
----------------------------------------
   Max    0.809795    constrained

Stress tensor Voigt[x,y,z,yz,xz,xy] (kbar):        1.14       58.30       81.88       -0.00        0.00        0.00
(Free)E + p*V (eV/cell)   -18306.6826
Target enthalpy (eV/cell)   -18304.2371

siesta: Stress tensor (static) (eV/Ang**3):
         0.000711    0.000000    0.000000
         0.000000    0.036388   -0.000000
         0.000000   -0.000000    0.051107

siesta: Pressure (static):        -47.10699776  kBar

siesta: Stress tensor (total) (eV/Ang**3):
         0.000711    0.000000    0.000000
         0.000000    0.036388   -0.000000
         0.000000   -0.000000    0.051107

siesta: Pressure (total):        -47.10699776  kBar

                     ====================================
                        Begin CG opt. move =      9
                     ====================================
k-point displ. along   1 input, could be:     0.00    0.50
k-point displ. along   2 input, could be:     0.00    0.50
k-point displ. along   3 input, could be:     0.00    0.50
 Kpoints in:           32 . Kpoints trimmed:           31

siesta: k-grid: Number of k-points = 31
siesta: k-points from Monkhorst-Pack grid
siesta: k-cutoff (effective) =     7.371 Ang
siesta: k-point supercell and displacements
siesta: k-grid:     6     0     0      0.000
siesta: k-grid:     0     2     0      0.000
siesta: k-grid:     0     0     4      0.000

superc: Internal auxiliary supercell:    11 x     5 x     9  =     495
superc: Number of atoms, orbitals, and projectors:   2970  69795  53460

outcell: Unit cell vectors (Ang):
        2.746642    0.000000    0.000000
        0.000000    7.987911   -0.000000
        0.000000   -0.000000    3.685301

outcell: Cell vector modules (Ang)   :    2.746642    7.987911    3.685301
outcell: Cell angles (23,13,12) (deg):     90.0000     90.0000     90.0000
outcell: Cell volume (Ang**3)        :     80.8553
<dSpData1D:S at geom step 9
  <sparsity:sparsity for geom step 9
    nrows_g=141 nrows=6 sparsity=.8468 nnzs=16836, refcount: 7>
  <dData1D:(new from dSpData1D) n=16836, refcount: 1>
refcount: 1>
new_DM -- step:    10
Re-using DM from previous geometries...
Number of DMs in history: 1
 DM extrapolation coefficients: 
1   1.00000
New DM after history re-use:
<dSpData2D:SpM extrapolated using coords
  <sparsity:sparsity for geom step 9
    nrows_g=141 nrows=6 sparsity=.8468 nnzs=16836, refcount: 9>
  <dData2D:(temp array for extrapolation) n=16836 m=2, refcount: 1>
refcount: 1>
No. of atoms with KB's overlaping orbs in proc 0. Max # of overlaps:      55    1045

InitMesh: MESH = 30 x 90 x 40 = 108000
InitMesh: Mesh cutoff (required, used) =   300.000   325.594 Ry
New grid distribution [1]: sub = 2
New grid distribution [2]: sub = 2
New grid distribution [3]: sub = 2
Setting up quadratic distribution...

        iscf     Eharris(eV)        E_KS(eV)     FreeEng(eV)     dDmax    Ef(eV) dHmax(eV)
   scf:    1   -18302.906527   -18304.186950   -18304.196906  0.901899 -5.990791  1.289843
     spin moment: {S} , |S| = {        0.0        0.0    3.97352 }     3.97352
   scf:    2   -18280.563766   -18296.632790   -18296.640206  1.326938 -6.625764 12.762475
     spin moment: {S} , |S| = {        0.0        0.0    3.78171 }     3.78171
   scf:    3   -18305.113460   -18304.283569   -18304.294315  1.233778 -6.045917  0.264833
     spin moment: {S} , |S| = {        0.0        0.0    3.92927 }     3.92927
   scf:    4   -18304.287262   -18304.285852   -18304.296496  0.013212 -6.037408  0.103807
     spin moment: {S} , |S| = {        0.0        0.0    3.92051 }     3.92051
   scf:    5   -18304.290121   -18304.288496   -18304.299083  0.029155 -6.034351  0.117230
     spin moment: {S} , |S| = {        0.0        0.0    3.89217 }     3.89217
   scf:    6   -18304.287053   -18304.288533   -18304.298832  0.018830 -6.029131  0.220873
     spin moment: {S} , |S| = {        0.0        0.0    3.87857 }     3.87857
   scf:    7   -18304.292816   -18304.291607   -18304.301472  0.063716 -6.049121  0.195559
     spin moment: {S} , |S| = {        0.0        0.0    3.81890 }     3.81890
   scf:    8   -18304.291565   -18304.292221   -18304.301918  0.009807 -6.046000  0.111627
     spin moment: {S} , |S| = {        0.0        0.0    3.81619 }     3.81619
   scf:    9   -18304.292987   -18304.292591   -18304.302153  0.018979 -6.049793  0.126107
     spin moment: {S} , |S| = {        0.0        0.0    3.80111 }     3.80111
   scf:   10   -18304.293596   -18304.293147   -18304.302626  0.019089 -6.053763  0.053772
     spin moment: {S} , |S| = {        0.0        0.0    3.78756 }     3.78756
   scf:   11   -18304.293072   -18304.293233   -18304.302608  0.023664 -6.058758  0.075940
     spin moment: {S} , |S| = {        0.0        0.0    3.77265 }     3.77265
   scf:   12   -18304.293012   -18304.293263   -18304.302684  0.018690 -6.055046  0.040870
     spin moment: {S} , |S| = {        0.0        0.0    3.78430 }     3.78430
   scf:   13   -18304.293495   -18304.293397   -18304.302754  0.013919 -6.057585  0.008294
     spin moment: {S} , |S| = {        0.0        0.0    3.77615 }     3.77615
   scf:   14   -18304.293388   -18304.293394   -18304.302755  0.001388 -6.057299  0.002302
     spin moment: {S} , |S| = {        0.0        0.0    3.77702 }     3.77702
   scf:   15   -18304.293398   -18304.293396   -18304.302756  0.000569 -6.057335  0.001949
     spin moment: {S} , |S| = {        0.0        0.0    3.77681 }     3.77681
   scf:   16   -18304.293403   -18304.293399   -18304.302757  0.000980 -6.057386  0.001322
     spin moment: {S} , |S| = {        0.0        0.0    3.77646 }     3.77646
   scf:   17   -18304.293409   -18304.293404   -18304.302758  0.001278 -6.057465  0.000635
     spin moment: {S} , |S| = {        0.0        0.0    3.77599 }     3.77599
   scf:   18   -18304.293409   -18304.293406   -18304.302758  0.000650 -6.057508  0.000489
     spin moment: {S} , |S| = {        0.0        0.0    3.77573 }     3.77573
   scf:   19   -18304.293408   -18304.293407   -18304.302758  0.000192 -6.057523  0.000414
     spin moment: {S} , |S| = {        0.0        0.0    3.77564 }     3.77564

SCF Convergence by DM criterion
max |DM_out - DM_in|         :     0.0001922549
max |H_out - H_in|      (eV) :     0.0004136065
SCF cycle converged after 19 iterations

Using DM_out to compute the final energy and forces
No. of atoms with KB's overlaping orbs in proc 0. Max # of overlaps:      55    1045

siesta: E_KS(eV) =           -18304.2934

siesta: Atomic forces (eV/Ang):
     1    0.000000   -0.000003   -0.000000
     2   -0.000000    0.222318   -0.000000
     3   -0.000000   -0.222314   -0.000000
     4   -0.000000   -0.008334   -0.000001
     5   -0.000000    0.008334    0.000000
     6   -0.000000   -0.000005   -0.000001
----------------------------------------
   Tot   -0.000000   -0.000003   -0.000001
----------------------------------------
   Max    0.222318
   Res    0.074157    sqrt( Sum f_i^2 / 3N )
----------------------------------------
   Max    0.222318    constrained

Stress tensor Voigt[x,y,z,yz,xz,xy] (kbar):      -24.09       12.45       69.55        0.00        0.00        0.00
(Free)E + p*V (eV/cell)   -18305.2770
Target enthalpy (eV/cell)   -18304.3028

siesta: Stress tensor (static) (eV/Ang**3):
        -0.015037   -0.000000    0.000000
         0.000000    0.007773    0.000000
         0.000000    0.000000    0.043413

siesta: Pressure (static):        -19.30555115  kBar

siesta: Stress tensor (total) (eV/Ang**3):
        -0.015037   -0.000000    0.000000
         0.000000    0.007773    0.000000
         0.000000    0.000000    0.043413

siesta: Pressure (total):        -19.30555115  kBar

cgvc: Finished line minimization    2.  Mean atomic displacement =    0.0998

                     ====================================
                        Begin CG opt. move =     10
                     ====================================
k-point displ. along   1 input, could be:     0.00    0.50
k-point displ. along   2 input, could be:     0.00    0.50
k-point displ. along   3 input, could be:     0.00    0.50
 Kpoints in:           32 . Kpoints trimmed:           31

siesta: k-grid: Number of k-points = 31
siesta: k-points from Monkhorst-Pack grid
siesta: k-cutoff (effective) =     7.222 Ang
siesta: k-point supercell and displacements
siesta: k-grid:     6     0     0      0.000
siesta: k-grid:     0     2     0      0.000
siesta: k-grid:     0     0     4      0.000

superc: Internal auxiliary supercell:    11 x     5 x     9  =     495
superc: Number of atoms, orbitals, and projectors:   2970  69795  53460

outcell: Unit cell vectors (Ang):
        2.781415   -0.000000   -0.000000
       -0.000000    8.008278   -0.000000
       -0.000000   -0.000000    3.610793

outcell: Cell vector modules (Ang)   :    2.781415    8.008278    3.610793
outcell: Cell angles (23,13,12) (deg):     90.0000     90.0000     90.0000
outcell: Cell volume (Ang**3)        :     80.4280
<dSpData1D:S at geom step 10
  <sparsity:sparsity for geom step 10
    nrows_g=141 nrows=6 sparsity=.8431 nnzs=16762, refcount: 7>
  <dData1D:(new from dSpData1D) n=16762, refcount: 1>
refcount: 1>
new_DM -- step:    11
Re-using DM from previous geometries...
Number of DMs in history: 1
 DM extrapolation coefficients: 
1   1.00000
New DM after history re-use:
<dSpData2D:SpM extrapolated using coords
  <sparsity:sparsity for geom step 10
    nrows_g=141 nrows=6 sparsity=.8431 nnzs=16762, refcount: 9>
  <dData2D:(temp array for extrapolation) n=16762 m=2, refcount: 1>
refcount: 1>
No. of atoms with KB's overlaping orbs in proc 0. Max # of overlaps:      53    1101

InitMesh: MESH = 30 x 90 x 40 = 108000
InitMesh: Mesh cutoff (required, used) =   300.000   321.524 Ry
New grid distribution [1]: sub = 2
New grid distribution [2]: sub = 2
New grid distribution [3]: sub = 2
Setting up quadratic distribution...

        iscf     Eharris(eV)        E_KS(eV)     FreeEng(eV)     dDmax    Ef(eV) dHmax(eV)
   scf:    1   -18304.140498   -18304.284758   -18304.294396  1.873504 -6.093976  1.231955
     spin moment: {S} , |S| = {        0.0        0.0    3.85435 }     3.85435
   scf:    2   -18269.950701   -18293.170572   -18293.180317  1.588839 -5.556265 16.178585
     spin moment: {S} , |S| = {        0.0        0.0    4.03582 }     4.03582
   scf:    3   -18305.072752   -18304.366528   -18304.376143  1.519215 -6.040792  0.170523
     spin moment: {S} , |S| = {        0.0        0.0    3.86255 }     3.86255
   scf:    4   -18304.364691   -18304.367755   -18304.377479  0.048080 -6.029278  0.173382
     spin moment: {S} , |S| = {        0.0        0.0    3.86719 }     3.86719
   scf:    5   -18304.368883   -18304.368664   -18304.378354  0.011966 -6.034277  0.055563
     spin moment: {S} , |S| = {        0.0        0.0    3.86778 }     3.86778
   scf:    6   -18304.369948   -18304.369390   -18304.379137  0.043325 -6.035711  0.043060
     spin moment: {S} , |S| = {        0.0        0.0    3.88352 }     3.88352
   scf:    7   -18304.369994   -18304.369734   -18304.379378  0.009764 -6.034601  0.062096
     spin moment: {S} , |S| = {        0.0        0.0    3.89174 }     3.89174
   scf:    8   -18304.370430   -18304.370127   -18304.379681  0.013094 -6.035054  0.055765
     spin moment: {S} , |S| = {        0.0        0.0    3.90655 }     3.90655
   scf:    9   -18304.370338   -18304.370231   -18304.379743  0.003165 -6.034822  0.059673
     spin moment: {S} , |S| = {        0.0        0.0    3.91025 }     3.91025
   scf:   10   -18304.371148   -18304.370674   -18304.379996  0.011743 -6.033274  0.040522
     spin moment: {S} , |S| = {        0.0        0.0    3.92283 }     3.92283
   scf:   11   -18304.372364   -18304.371451   -18304.380317  0.021987 -6.031277  0.040408
     spin moment: {S} , |S| = {        0.0        0.0    3.94871 }     3.94871
   scf:   12   -18304.371181   -18304.371365   -18304.380274  0.004351 -6.030262  0.052825
     spin moment: {S} , |S| = {        0.0        0.0    3.94496 }     3.94496
   scf:   13   -18304.372724   -18304.371995   -18304.380469  0.019057 -6.028924  0.020320
     spin moment: {S} , |S| = {        0.0        0.0    3.96807 }     3.96807
   scf:   14   -18304.372192   -18304.372094   -18304.380485  0.003641 -6.028708  0.006991
     spin moment: {S} , |S| = {        0.0        0.0    3.97248 }     3.97248
   scf:   15   -18304.372104   -18304.372100   -18304.380486  0.000874 -6.028729  0.008168
     spin moment: {S} , |S| = {        0.0        0.0    3.97312 }     3.97312
   scf:   16   -18304.372053   -18304.372077   -18304.380490  0.001431 -6.028521  0.004711
     spin moment: {S} , |S| = {        0.0        0.0    3.97272 }     3.97272
   scf:   17   -18304.372128   -18304.372102   -18304.380491  0.001407 -6.028297  0.003502
     spin moment: {S} , |S| = {        0.0        0.0    3.97448 }     3.97448
   scf:   18   -18304.372090   -18304.372096   -18304.380492  0.000331 -6.028348  0.000992
     spin moment: {S} , |S| = {        0.0        0.0    3.97428 }     3.97428

SCF Convergence by DM criterion
max |DM_out - DM_in|         :     0.0003311174
max |H_out - H_in|      (eV) :     0.0009919377
SCF cycle converged after 18 iterations

Using DM_out to compute the final energy and forces
No. of atoms with KB's overlaping orbs in proc 0. Max # of overlaps:      53    1101

siesta: E_KS(eV) =           -18304.3721

siesta: Atomic forces (eV/Ang):
     1    0.000000   -0.000003    0.000000
     2    0.000000    0.119111   -0.000001
     3   -0.000001   -0.119119    0.000000
     4    0.000000   -0.034435    0.000001
     5   -0.000002    0.034436   -0.000000
     6   -0.000001    0.000012    0.000000
----------------------------------------
   Tot   -0.000003    0.000002    0.000000
----------------------------------------
   Max    0.119119
   Res    0.041331    sqrt( Sum f_i^2 / 3N )
----------------------------------------
   Max    0.119119    constrained

Stress tensor Voigt[x,y,z,yz,xz,xy] (kbar):      -27.56       -1.34       46.98        0.00       -0.00       -0.00
(Free)E + p*V (eV/cell)   -18304.6829
Target enthalpy (eV/cell)   -18304.3805

siesta: Stress tensor (static) (eV/Ang**3):
        -0.017202   -0.000000   -0.000000
        -0.000000   -0.000838    0.000000
        -0.000000    0.000000    0.029320

siesta: Pressure (static):         -6.02439425  kBar

siesta: Stress tensor (total) (eV/Ang**3):
        -0.017202   -0.000000   -0.000000
        -0.000000   -0.000838    0.000000
        -0.000000    0.000000    0.029320

siesta: Pressure (total):         -6.02439425  kBar

                     ====================================
                        Begin CG opt. move =     11
                     ====================================
k-point displ. along   1 input, could be:     0.00    0.50
k-point displ. along   2 input, could be:     0.00    0.50
k-point displ. along   3 input, could be:     0.00    0.50
 Kpoints in:           32 . Kpoints trimmed:           31

siesta: k-grid: Number of k-points = 31
siesta: k-points from Monkhorst-Pack grid
siesta: k-cutoff (effective) =     7.073 Ang
siesta: k-point supercell and displacements
siesta: k-grid:     6     0     0      0.000
siesta: k-grid:     0     2     0      0.000
siesta: k-grid:     0     0     4      0.000

superc: Internal auxiliary supercell:    11 x     5 x     9  =     495
superc: Number of atoms, orbitals, and projectors:   2970  69795  53460

outcell: Unit cell vectors (Ang):
        2.816187   -0.000000   -0.000000
       -0.000000    8.028646   -0.000000
       -0.000000   -0.000000    3.536285

outcell: Cell vector modules (Ang)   :    2.816187    8.028646    3.536285
outcell: Cell angles (23,13,12) (deg):     90.0000     90.0000     90.0000
outcell: Cell volume (Ang**3)        :     79.9560
<dSpData1D:S at geom step 11
  <sparsity:sparsity for geom step 11
    nrows_g=141 nrows=6 sparsity=.8337 nnzs=16574, refcount: 7>
  <dData1D:(new from dSpData1D) n=16574, refcount: 1>
refcount: 1>
new_DM -- step:    12
Re-using DM from previous geometries...
Number of DMs in history: 1
 DM extrapolation coefficients: 
1   1.00000
New DM after history re-use:
<dSpData2D:SpM extrapolated using coords
  <sparsity:sparsity for geom step 11
    nrows_g=141 nrows=6 sparsity=.8337 nnzs=16574, refcount: 9>
  <dData2D:(temp array for extrapolation) n=16574 m=2, refcount: 1>
refcount: 1>
No. of atoms with KB's overlaping orbs in proc 0. Max # of overlaps:      53    1101

InitMesh: MESH = 30 x 90 x 40 = 108000
InitMesh: Mesh cutoff (required, used) =   300.000   313.633 Ry
New grid distribution [1]: sub = 2
New grid distribution [2]: sub = 2
New grid distribution [3]: sub = 2
Setting up quadratic distribution...

        iscf     Eharris(eV)        E_KS(eV)     FreeEng(eV)     dDmax    Ef(eV) dHmax(eV)
   scf:    1   -18304.260773   -18304.383754   -18304.390909  0.427757 -6.086729  0.771134
     spin moment: {S} , |S| = {        0.0        0.0    4.01783 }     4.01783
   scf:    2   -18290.382257   -18299.859238   -18299.867689  0.922814 -5.668274  9.230318
     spin moment: {S} , |S| = {        0.0        0.0    4.05825 }     4.05825
   scf:    3   -18304.777868   -18304.423100   -18304.429827  0.897592 -6.046514  0.105474
     spin moment: {S} , |S| = {        0.0        0.0    4.01899 }     4.01899
   scf:    4   -18304.423791   -18304.423492   -18304.430187  0.009131 -6.044665  0.074216
     spin moment: {S} , |S| = {        0.0        0.0    4.01909 }     4.01909
   scf:    5   -18304.422793   -18304.423655   -18304.430214  0.057606 -6.039768  0.151190
     spin moment: {S} , |S| = {        0.0        0.0    4.01913 }     4.01913
   scf:    6   -18304.424459   -18304.424176   -18304.430733  0.005364 -6.042362  0.048752
     spin moment: {S} , |S| = {        0.0        0.0    4.01924 }     4.01924
   scf:    7   -18304.424269   -18304.424239   -18304.430795  0.002137 -6.043176  0.012651
     spin moment: {S} , |S| = {        0.0        0.0    4.01938 }     4.01938
   scf:    8   -18304.424252   -18304.424255   -18304.430802  0.003135 -6.043233  0.020503
     spin moment: {S} , |S| = {        0.0        0.0    4.01987 }     4.01987
   scf:    9   -18304.424282   -18304.424269   -18304.430808  0.001757 -6.042732  0.014064
     spin moment: {S} , |S| = {        0.0        0.0    4.02023 }     4.02023
   scf:   10   -18304.424287   -18304.424280   -18304.430814  0.000752 -6.042315  0.002799
     spin moment: {S} , |S| = {        0.0        0.0    4.02045 }     4.02045
   scf:   11   -18304.424299   -18304.424289   -18304.430815  0.001191 -6.042060  0.001446
     spin moment: {S} , |S| = {        0.0        0.0    4.02084 }     4.02084
   scf:   12   -18304.424295   -18304.424292   -18304.430815  0.000305 -6.041987  0.001163
     spin moment: {S} , |S| = {        0.0        0.0    4.02097 }     4.02097

SCF Convergence by DM criterion
max |DM_out - DM_in|         :     0.0003052076
max |H_out - H_in|      (eV) :     0.0011625868
SCF cycle converged after 12 iterations

Using DM_out to compute the final energy and forces
No. of atoms with KB's overlaping orbs in proc 0. Max # of overlaps:      53    1101

siesta: E_KS(eV) =           -18304.4243

siesta: Atomic forces (eV/Ang):
     1   -0.000000    0.000008    0.000001
     2    0.000000    0.004990   -0.000001
     3   -0.000000   -0.005021    0.000001
     4    0.000002   -0.042847    0.000002
     5   -0.000002    0.042844    0.000000
     6   -0.000000    0.000032    0.000002
----------------------------------------
   Tot   -0.000000    0.000007    0.000004
----------------------------------------
   Max    0.042847
   Res    0.014379    sqrt( Sum f_i^2 / 3N )
----------------------------------------
   Max    0.042847    constrained

Stress tensor Voigt[x,y,z,yz,xz,xy] (kbar):      -22.05      -16.89       14.43        0.00        0.00        0.00
(Free)E + p*V (eV/cell)   -18304.0229
Target enthalpy (eV/cell)   -18304.4308

siesta: Stress tensor (static) (eV/Ang**3):
        -0.013764    0.000000    0.000000
         0.000000   -0.010544    0.000000
         0.000000    0.000000    0.009004

siesta: Pressure (static):          8.17300094  kBar

siesta: Stress tensor (total) (eV/Ang**3):
        -0.013764    0.000000    0.000000
         0.000000   -0.010544    0.000000
         0.000000    0.000000    0.009004

siesta: Pressure (total):          8.17300094  kBar

                     ====================================
                        Begin CG opt. move =     12
                     ====================================
k-point displ. along   1 input, could be:     0.00    0.50
k-point displ. along   2 input, could be:     0.00    0.50
k-point displ. along   3 input, could be:     0.00    0.50
 Kpoints in:           32 . Kpoints trimmed:           31

siesta: k-grid: Number of k-points = 31
siesta: k-points from Monkhorst-Pack grid
siesta: k-cutoff (effective) =     6.924 Ang
siesta: k-point supercell and displacements
siesta: k-grid:     6     0     0      0.000
siesta: k-grid:     0     2     0      0.000
siesta: k-grid:     0     0     4      0.000

superc: Internal auxiliary supercell:    11 x     5 x     9  =     495
superc: Number of atoms, orbitals, and projectors:   2970  69795  53460

outcell: Unit cell vectors (Ang):
        2.850959   -0.000000   -0.000000
       -0.000000    8.049014   -0.000000
       -0.000000   -0.000000    3.461777

outcell: Cell vector modules (Ang)   :    2.850959    8.049014    3.461777
outcell: Cell angles (23,13,12) (deg):     90.0000     90.0000     90.0000
outcell: Cell volume (Ang**3)        :     79.4388
<dSpData1D:S at geom step 12
  <sparsity:sparsity for geom step 12
    nrows_g=141 nrows=6 sparsity=.8375 nnzs=16650, refcount: 7>
  <dData1D:(new from dSpData1D) n=16650, refcount: 1>
refcount: 1>
new_DM -- step:    13
Re-using DM from previous geometries...
Number of DMs in history: 1
 DM extrapolation coefficients: 
1   1.00000
New DM after history re-use:
<dSpData2D:SpM extrapolated using coords
  <sparsity:sparsity for geom step 12
    nrows_g=141 nrows=6 sparsity=.8375 nnzs=16650, refcount: 9>
  <dData2D:(temp array for extrapolation) n=16650 m=2, refcount: 1>
refcount: 1>
No. of atoms with KB's overlaping orbs in proc 0. Max # of overlaps:      53    1101

InitMesh: MESH = 30 x 90 x 40 = 108000
InitMesh: Mesh cutoff (required, used) =   300.000   306.029 Ry
New grid distribution [1]: sub = 2
New grid distribution [2]: sub = 2
New grid distribution [3]: sub = 2
Setting up quadratic distribution...

        iscf     Eharris(eV)        E_KS(eV)     FreeEng(eV)     dDmax    Ef(eV) dHmax(eV)
   scf:    1   -18304.171105   -18304.439789   -18304.444841  0.601743 -6.080110  0.318403
     spin moment: {S} , |S| = {        0.0        0.0    4.02590 }     4.02590
   scf:    2   -18303.276299   -18304.067635   -18304.073185  0.329026 -5.905652  2.799666
     spin moment: {S} , |S| = {        0.0        0.0    4.04944 }     4.04944
   scf:    3   -18304.484140   -18304.445060   -18304.449908  0.281861 -6.066000  0.076881
     spin moment: {S} , |S| = {        0.0        0.0    4.02822 }     4.02822
   scf:    4   -18304.445548   -18304.445332   -18304.450204  0.022606 -6.068022  0.058475
     spin moment: {S} , |S| = {        0.0        0.0    4.02823 }     4.02823
   scf:    5   -18304.445664   -18304.445553   -18304.450454  0.048842 -6.069787  0.038842
     spin moment: {S} , |S| = {        0.0        0.0    4.02853 }     4.02853
   scf:    6   -18304.445572   -18304.445563   -18304.450462  0.000314 -6.069659  0.034085
     spin moment: {S} , |S| = {        0.0        0.0    4.02854 }     4.02854

SCF Convergence by DM criterion
max |DM_out - DM_in|         :     0.0003142704
max |H_out - H_in|      (eV) :     0.0340848588
SCF cycle converged after 6 iterations

Using DM_out to compute the final energy and forces
No. of atoms with KB's overlaping orbs in proc 0. Max # of overlaps:      53    1101

siesta: E_KS(eV) =           -18304.4456

siesta: Atomic forces (eV/Ang):
     1    0.000000    0.000071    0.000000
     2    0.000000   -0.081942   -0.000001
     3   -0.000000    0.081838    0.000000
     4    0.000001   -0.085830   -0.000000
     5    0.000002    0.085800   -0.000003
     6    0.000000    0.000072    0.000000
----------------------------------------
   Tot    0.000004    0.000010   -0.000004
----------------------------------------
   Max    0.085830
   Res    0.039539    sqrt( Sum f_i^2 / 3N )
----------------------------------------
   Max    0.085830    constrained

Stress tensor Voigt[x,y,z,yz,xz,xy] (kbar):      -23.08      -33.31      -11.93        0.00        0.00       -0.00
(Free)E + p*V (eV/cell)   -18303.3214
Target enthalpy (eV/cell)   -18304.4505

siesta: Stress tensor (static) (eV/Ang**3):
        -0.014403   -0.000000    0.000000
        -0.000000   -0.020793    0.000000
         0.000000    0.000000   -0.007444

siesta: Pressure (static):         22.77214835  kBar

siesta: Stress tensor (total) (eV/Ang**3):
        -0.014403   -0.000000    0.000000
        -0.000000   -0.020793    0.000000
         0.000000    0.000000   -0.007444

siesta: Pressure (total):         22.77214835  kBar

                     ====================================
                        Begin CG opt. move =     13
                     ====================================
k-point displ. along   1 input, could be:     0.00    0.50
k-point displ. along   2 input, could be:     0.00    0.50
k-point displ. along   3 input, could be:     0.00    0.50
 Kpoints in:           32 . Kpoints trimmed:           31

siesta: k-grid: Number of k-points = 31
siesta: k-points from Monkhorst-Pack grid
siesta: k-cutoff (effective) =     6.775 Ang
siesta: k-point supercell and displacements
siesta: k-grid:     6     0     0      0.000
siesta: k-grid:     0     2     0      0.000
siesta: k-grid:     0     0     4      0.000

superc: Internal auxiliary supercell:    11 x     5 x     9  =     495
superc: Number of atoms, orbitals, and projectors:   2970  69795  53460

outcell: Unit cell vectors (Ang):
        2.885732   -0.000000   -0.000000
       -0.000000    8.069381   -0.000000
       -0.000000   -0.000000    3.387268

outcell: Cell vector modules (Ang)   :    2.885732    8.069381    3.387268
outcell: Cell angles (23,13,12) (deg):     90.0000     90.0000     90.0000
outcell: Cell volume (Ang**3)        :     78.8762
<dSpData1D:S at geom step 13
  <sparsity:sparsity for geom step 13
    nrows_g=141 nrows=6 sparsity=.8681 nnzs=17258, refcount: 7>
  <dData1D:(new from dSpData1D) n=17258, refcount: 1>
refcount: 1>
new_DM -- step:    14
Re-using DM from previous geometries...
Number of DMs in history: 1
 DM extrapolation coefficients: 
1   1.00000
New DM after history re-use:
<dSpData2D:SpM extrapolated using coords
  <sparsity:sparsity for geom step 13
    nrows_g=141 nrows=6 sparsity=.8681 nnzs=17258, refcount: 9>
  <dData2D:(temp array for extrapolation) n=17258 m=2, refcount: 1>
refcount: 1>
No. of atoms with KB's overlaping orbs in proc 0. Max # of overlaps:      61    1101

InitMesh: MESH = 32 x 90 x 36 = 103680
InitMesh: Mesh cutoff (required, used) =   300.000   312.182 Ry
New grid distribution [1]: sub = 2
New grid distribution [2]: sub = 2
New grid distribution [3]: sub = 2
Setting up quadratic distribution...

        iscf     Eharris(eV)        E_KS(eV)     FreeEng(eV)     dDmax    Ef(eV) dHmax(eV)
   scf:    1   -18303.841536   -18304.422644   -18304.428527  0.767122 -6.029251  0.847302
     spin moment: {S} , |S| = {        0.0        0.0    3.90914 }     3.90914
   scf:    2   -18298.972415   -18302.672596   -18302.677811  0.431143 -6.294320  8.610704
     spin moment: {S} , |S| = {        0.0        0.0    3.81935 }     3.81935
   scf:    3   -18304.597542   -18304.441440   -18304.447252  0.380095 -6.057807  0.090723
     spin moment: {S} , |S| = {        0.0        0.0    3.89932 }     3.89932
   scf:    4   -18304.441806   -18304.441627   -18304.447427  0.008630 -6.059010  0.079162
     spin moment: {S} , |S| = {        0.0        0.0    3.89769 }     3.89769
   scf:    5   -18304.442613   -18304.442171   -18304.447905  0.042734 -6.062539  0.024984
     spin moment: {S} , |S| = {        0.0        0.0    3.88992 }     3.88992
   scf:    6   -18304.442276   -18304.442225   -18304.447941  0.006863 -6.063294  0.020439
     spin moment: {S} , |S| = {        0.0        0.0    3.88801 }     3.88801
   scf:    7   -18304.442505   -18304.442367   -18304.448008  0.007520 -6.065442  0.018566
     spin moment: {S} , |S| = {        0.0        0.0    3.88130 }     3.88130
   scf:    8   -18304.442455   -18304.442412   -18304.448026  0.002146 -6.066129  0.009401
     spin moment: {S} , |S| = {        0.0        0.0    3.87901 }     3.87901
   scf:    9   -18304.442540   -18304.442477   -18304.448042  0.003649 -6.066914  0.010700
     spin moment: {S} , |S| = {        0.0        0.0    3.87511 }     3.87511
   scf:   10   -18304.442562   -18304.442520   -18304.448052  0.002507 -6.067463  0.002402
     spin moment: {S} , |S| = {        0.0        0.0    3.87253 }     3.87253
   scf:   11   -18304.442535   -18304.442528   -18304.448053  0.000514 -6.067589  0.002047
     spin moment: {S} , |S| = {        0.0        0.0    3.87204 }     3.87204
   scf:   12   -18304.442549   -18304.442538   -18304.448054  0.000768 -6.067789  0.001342
     spin moment: {S} , |S| = {        0.0        0.0    3.87133 }     3.87133
   scf:   13   -18304.442556   -18304.442547   -18304.448055  0.000698 -6.067962  0.000831
     spin moment: {S} , |S| = {        0.0        0.0    3.87070 }     3.87070
   scf:   14   -18304.442551   -18304.442549   -18304.448055  0.000219 -6.068004  0.000754
     spin moment: {S} , |S| = {        0.0        0.0    3.87053 }     3.87053

SCF Convergence by DM criterion
max |DM_out - DM_in|         :     0.0002194161
max |H_out - H_in|      (eV) :     0.0007542499
SCF cycle converged after 14 iterations

Using DM_out to compute the final energy and forces
No. of atoms with KB's overlaping orbs in proc 0. Max # of overlaps:      61    1101

siesta: E_KS(eV) =           -18304.4425

siesta: Atomic forces (eV/Ang):
     1   -0.000000    0.000003    0.000001
     2   -0.000000   -0.111340   -0.000002
     3    0.000000    0.111293    0.000000
     4   -0.000002   -0.152507    0.000003
     5   -0.000001    0.152496   -0.000002
     6    0.000000    0.000065    0.000003
----------------------------------------
   Tot   -0.000003    0.000010    0.000003
----------------------------------------
   Max    0.152507
   Res    0.062936    sqrt( Sum f_i^2 / 3N )
----------------------------------------
   Max    0.152507    constrained

Stress tensor Voigt[x,y,z,yz,xz,xy] (kbar):      -26.31      -49.09      -29.04        0.00        0.00       -0.00
(Free)E + p*V (eV/cell)   -18302.7342
Target enthalpy (eV/cell)   -18304.4481

siesta: Stress tensor (static) (eV/Ang**3):
        -0.016423   -0.000000    0.000000
        -0.000000   -0.030640    0.000000
         0.000000    0.000000   -0.018123

siesta: Pressure (static):         34.81247976  kBar

siesta: Stress tensor (total) (eV/Ang**3):
        -0.016423   -0.000000    0.000000
        -0.000000   -0.030640    0.000000
         0.000000    0.000000   -0.018123

siesta: Pressure (total):         34.81247976  kBar

                     ====================================
                        Begin CG opt. move =     14
                     ====================================
k-point displ. along   1 input, could be:     0.00    0.50
k-point displ. along   2 input, could be:     0.00    0.50
k-point displ. along   3 input, could be:     0.00    0.50
 Kpoints in:           32 . Kpoints trimmed:           31

siesta: k-grid: Number of k-points = 31
siesta: k-points from Monkhorst-Pack grid
siesta: k-cutoff (effective) =     6.883 Ang
siesta: k-point supercell and displacements
siesta: k-grid:     6     0     0      0.000
siesta: k-grid:     0     2     0      0.000
siesta: k-grid:     0     0     4      0.000

superc: Internal auxiliary supercell:    11 x     5 x     9  =     495
superc: Number of atoms, orbitals, and projectors:   2970  69795  53460

outcell: Unit cell vectors (Ang):
        2.860405   -0.000000   -0.000000
       -0.000000    8.054546   -0.000000
       -0.000000   -0.000000    3.441537

outcell: Cell vector modules (Ang)   :    2.860405    8.054546    3.441537
outcell: Cell angles (23,13,12) (deg):     90.0000     90.0000     90.0000
outcell: Cell volume (Ang**3)        :     79.2905
<dSpData1D:S at geom step 14
  <sparsity:sparsity for geom step 14
    nrows_g=141 nrows=6 sparsity=.8399 nnzs=16698, refcount: 7>
  <dData1D:(new from dSpData1D) n=16698, refcount: 1>
refcount: 1>
new_DM -- step:    15
Re-using DM from previous geometries...
Number of DMs in history: 1
 DM extrapolation coefficients: 
1   1.00000
New DM after history re-use:
<dSpData2D:SpM extrapolated using coords
  <sparsity:sparsity for geom step 14
    nrows_g=141 nrows=6 sparsity=.8399 nnzs=16698, refcount: 9>
  <dData2D:(temp array for extrapolation) n=16698 m=2, refcount: 1>
refcount: 1>
No. of atoms with KB's overlaping orbs in proc 0. Max # of overlaps:      53    1101

InitMesh: MESH = 30 x 90 x 36 = 97200
InitMesh: Mesh cutoff (required, used) =   300.000   302.414 Ry
New grid distribution [1]: sub = 2
New grid distribution [2]: sub = 2
New grid distribution [3]: sub = 2
Setting up quadratic distribution...

        iscf     Eharris(eV)        E_KS(eV)     FreeEng(eV)     dDmax    Ef(eV) dHmax(eV)
   scf:    1   -18304.758177   -18304.341868   -18304.347295  0.426093 -6.143150  1.682921
     spin moment: {S} , |S| = {        0.0        0.0    3.95012 }     3.95012
   scf:    2   -18249.872601   -18286.643463   -18286.651827  2.189101 -5.470616 22.714105
     spin moment: {S} , |S| = {        0.0        0.0    3.87565 }     3.87565
   scf:    3   -18305.173187   -18304.442841   -18304.448424  2.156140 -6.085380  0.431781
     spin moment: {S} , |S| = {        0.0        0.0    3.97438 }     3.97438
   scf:    4   -18304.450935   -18304.449037   -18304.454745  0.022169 -6.070755  0.083331
     spin moment: {S} , |S| = {        0.0        0.0    3.98372 }     3.98372
   scf:    5   -18304.448405   -18304.449216   -18304.454835  0.033478 -6.062320  0.133474
     spin moment: {S} , |S| = {        0.0        0.0    3.99444 }     3.99444
   scf:    6   -18304.449367   -18304.449335   -18304.454880  0.006824 -6.060650  0.096628
     spin moment: {S} , |S| = {        0.0        0.0    3.99680 }     3.99680
   scf:    7   -18304.449274   -18304.449305   -18304.454851  0.000218 -6.060513  0.100487
     spin moment: {S} , |S| = {        0.0        0.0    3.99687 }     3.99687

SCF Convergence by DM criterion
max |DM_out - DM_in|         :     0.0002180730
max |H_out - H_in|      (eV) :     0.1004873305
SCF cycle converged after 7 iterations

Using DM_out to compute the final energy and forces
No. of atoms with KB's overlaping orbs in proc 0. Max # of overlaps:      53    1101

siesta: E_KS(eV) =           -18304.4493

siesta: Atomic forces (eV/Ang):
     1    0.000000    0.000123    0.000000
     2    0.000000   -0.050833   -0.000000
     3   -0.000001    0.050673    0.000001
     4    0.000001   -0.118111    0.000001
     5    0.000001    0.118050   -0.000002
     6    0.000000    0.000105    0.000002
----------------------------------------
   Tot    0.000002    0.000008    0.000001
----------------------------------------
   Max    0.118111
   Res    0.042842    sqrt( Sum f_i^2 / 3N )
----------------------------------------
   Max    0.118111    constrained

Stress tensor Voigt[x,y,z,yz,xz,xy] (kbar):      -21.99      -42.45      -12.32        0.00        0.00       -0.00
(Free)E + p*V (eV/cell)   -18303.1885
Target enthalpy (eV/cell)   -18304.4549

siesta: Stress tensor (static) (eV/Ang**3):
        -0.013726   -0.000000    0.000000
        -0.000000   -0.026493    0.000000
         0.000000    0.000000   -0.007693

siesta: Pressure (static):         25.58804355  kBar

siesta: Stress tensor (total) (eV/Ang**3):
        -0.013726   -0.000000    0.000000
        -0.000000   -0.026493    0.000000
         0.000000    0.000000   -0.007693

siesta: Pressure (total):         25.58804355  kBar

cgvc: Finished line minimization    3.  Mean atomic displacement =    0.1254

                     ====================================
                        Begin CG opt. move =     15
                     ====================================
k-point displ. along   1 input, could be:     0.00    0.50
k-point displ. along   2 input, could be:     0.00    0.50
k-point displ. along   3 input, could be:     0.00    0.50
 Kpoints in:           32 . Kpoints trimmed:           31

siesta: k-grid: Number of k-points = 31
siesta: k-points from Monkhorst-Pack grid
siesta: k-cutoff (effective) =     6.793 Ang
siesta: k-point supercell and displacements
siesta: k-grid:     6     0     0      0.000
siesta: k-grid:     0     2     0      0.000
siesta: k-grid:     0     0     4      0.000

superc: Internal auxiliary supercell:    11 x     5 x     9  =     495
superc: Number of atoms, orbitals, and projectors:   2970  69795  53460

outcell: Unit cell vectors (Ang):
        2.913090    0.000000   -0.000000
        0.000000    8.205936   -0.000000
       -0.000000   -0.000000    3.396623

outcell: Cell vector modules (Ang)   :    2.913090    8.205936    3.396623
outcell: Cell angles (23,13,12) (deg):     90.0000     90.0000     90.0000
outcell: Cell volume (Ang**3)        :     81.1950
<dSpData1D:S at geom step 15
  <sparsity:sparsity for geom step 15
    nrows_g=141 nrows=6 sparsity=.8495 nnzs=16888, refcount: 7>
  <dData1D:(new from dSpData1D) n=16888, refcount: 1>
refcount: 1>
new_DM -- step:    16
Re-using DM from previous geometries...
Number of DMs in history: 1
 DM extrapolation coefficients: 
1   1.00000
New DM after history re-use:
<dSpData2D:SpM extrapolated using coords
  <sparsity:sparsity for geom step 15
    nrows_g=141 nrows=6 sparsity=.8495 nnzs=16888, refcount: 9>
  <dData2D:(temp array for extrapolation) n=16888 m=2, refcount: 1>
refcount: 1>
No. of atoms with KB's overlaping orbs in proc 0. Max # of overlaps:      60    1095

InitMesh: MESH = 32 x 90 x 36 = 103680
InitMesh: Mesh cutoff (required, used) =   300.000   310.465 Ry
New grid distribution [1]: sub = 2
New grid distribution [2]: sub = 2
New grid distribution [3]: sub = 2
Setting up quadratic distribution...

        iscf     Eharris(eV)        E_KS(eV)     FreeEng(eV)     dDmax    Ef(eV) dHmax(eV)
   scf:    1   -18305.543661   -18304.257161   -18304.265107  0.672495 -6.018310  2.342403
     spin moment: {S} , |S| = {        0.0        0.0    3.94619 }     3.94619
   scf:    2   -18145.491578   -18252.360375   -18252.371354  1.461857 -6.010810 40.685484
     spin moment: {S} , |S| = {        0.0        0.0    3.10492 }     3.10492
   scf:    3   -18305.875121   -18304.438232   -18304.446037  1.436462 -6.010625  0.669760
     spin moment: {S} , |S| = {        0.0        0.0    3.93584 }     3.93584
   scf:    4   -18304.460798   -18304.460266   -18304.468051  0.039370 -6.002774  0.180418
     spin moment: {S} , |S| = {        0.0        0.0    3.93308 }     3.93308
   scf:    5   -18304.433301   -18304.451142   -18304.458909  0.034928 -5.993491  0.587430
     spin moment: {S} , |S| = {        0.0        0.0    3.92933 }     3.92933
   scf:    6   -18304.465396   -18304.459366   -18304.467126  0.013111 -5.993423  0.322964
     spin moment: {S} , |S| = {        0.0        0.0    3.92625 }     3.92625
   scf:    7   -18304.453942   -18304.461246   -18304.468978  0.026744 -5.993494  0.244225
     spin moment: {S} , |S| = {        0.0        0.0    3.92041 }     3.92041
   scf:    8   -18304.463790   -18304.462822   -18304.470527  0.010296 -5.993407  0.103356
     spin moment: {S} , |S| = {        0.0        0.0    3.91928 }     3.91928
   scf:    9   -18304.462840   -18304.463120   -18304.470772  0.012432 -5.993870  0.059165
     spin moment: {S} , |S| = {        0.0        0.0    3.91693 }     3.91693
   scf:   10   -18304.463562   -18304.463357   -18304.470917  0.010113 -5.994594  0.030105
     spin moment: {S} , |S| = {        0.0        0.0    3.91195 }     3.91195
   scf:   11   -18304.463472   -18304.463419   -18304.470949  0.003330 -5.994165  0.007802
     spin moment: {S} , |S| = {        0.0        0.0    3.91024 }     3.91024
   scf:   12   -18304.463448   -18304.463433   -18304.470953  0.001164 -5.994128  0.006003
     spin moment: {S} , |S| = {        0.0        0.0    3.90973 }     3.90973
   scf:   13   -18304.463496   -18304.463464   -18304.470959  0.002337 -5.994312  0.003371
     spin moment: {S} , |S| = {        0.0        0.0    3.90862 }     3.90862
   scf:   14   -18304.463530   -18304.463497   -18304.470963  0.002687 -5.994530  0.001183
     spin moment: {S} , |S| = {        0.0        0.0    3.90735 }     3.90735
   scf:   15   -18304.463505   -18304.463501   -18304.470963  0.000374 -5.994565  0.001034
     spin moment: {S} , |S| = {        0.0        0.0    3.90717 }     3.90717

SCF Convergence by DM criterion
max |DM_out - DM_in|         :     0.0003739578
max |H_out - H_in|      (eV) :     0.0010335472
SCF cycle converged after 15 iterations

Using DM_out to compute the final energy and forces
No. of atoms with KB's overlaping orbs in proc 0. Max # of overlaps:      60    1095

siesta: E_KS(eV) =           -18304.4635

siesta: Atomic forces (eV/Ang):
     1   -0.000000   -0.000254    0.000001
     2    0.000001    0.085853   -0.000001
     3    0.000001   -0.085211   -0.000001
     4    0.000001    0.076771    0.000002
     5    0.000000   -0.076614    0.000000
     6    0.000001   -0.000650    0.000000
----------------------------------------
   Tot    0.000004   -0.000105    0.000001
----------------------------------------
   Max    0.085853
   Res    0.038294    sqrt( Sum f_i^2 / 3N )
----------------------------------------
   Max    0.085853    constrained

Stress tensor Voigt[x,y,z,yz,xz,xy] (kbar):        5.07       12.38        5.01       -0.00       -0.00        0.00
(Free)E + p*V (eV/cell)   -18304.8503
Target enthalpy (eV/cell)   -18304.4710

siesta: Stress tensor (static) (eV/Ang**3):
         0.003164    0.000000   -0.000000
         0.000000    0.007729   -0.000000
        -0.000000   -0.000000    0.003124

siesta: Pressure (static):         -7.48612777  kBar

siesta: Stress tensor (total) (eV/Ang**3):
         0.003164    0.000000   -0.000000
         0.000000    0.007729   -0.000000
        -0.000000   -0.000000    0.003124

siesta: Pressure (total):         -7.48612777  kBar

                     ====================================
                        Begin CG opt. move =     16
                     ====================================
k-point displ. along   1 input, could be:     0.00    0.50
k-point displ. along   2 input, could be:     0.00    0.50
k-point displ. along   3 input, could be:     0.00    0.50
 Kpoints in:           32 . Kpoints trimmed:           31

siesta: k-grid: Number of k-points = 31
siesta: k-points from Monkhorst-Pack grid
siesta: k-cutoff (effective) =     6.814 Ang
siesta: k-point supercell and displacements
siesta: k-grid:     6     0     0      0.000
siesta: k-grid:     0     2     0      0.000
siesta: k-grid:     0     0     4      0.000

superc: Internal auxiliary supercell:    11 x     5 x     9  =     495
superc: Number of atoms, orbitals, and projectors:   2970  69795  53460

outcell: Unit cell vectors (Ang):
        2.901170    0.000000   -0.000000
        0.000000    8.171685   -0.000000
       -0.000000   -0.000000    3.406785

outcell: Cell vector modules (Ang)   :    2.901170    8.171685    3.406785
outcell: Cell angles (23,13,12) (deg):     90.0000     90.0000     90.0000
outcell: Cell volume (Ang**3)        :     80.7662
<dSpData1D:S at geom step 16
  <sparsity:sparsity for geom step 16
    nrows_g=141 nrows=6 sparsity=.8552 nnzs=17002, refcount: 7>
  <dData1D:(new from dSpData1D) n=17002, refcount: 1>
refcount: 1>
new_DM -- step:    17
Re-using DM from previous geometries...
Number of DMs in history: 1
 DM extrapolation coefficients: 
1   1.00000
New DM after history re-use:
<dSpData2D:SpM extrapolated using coords
  <sparsity:sparsity for geom step 16
    nrows_g=141 nrows=6 sparsity=.8552 nnzs=17002, refcount: 9>
  <dData2D:(temp array for extrapolation) n=17002 m=2, refcount: 1>
refcount: 1>
No. of atoms with KB's overlaping orbs in proc 0. Max # of overlaps:      61    1101

InitMesh: MESH = 32 x 90 x 36 = 103680
InitMesh: Mesh cutoff (required, used) =   300.000   308.615 Ry
New grid distribution [1]: sub = 2
New grid distribution [2]: sub = 2
New grid distribution [3]: sub = 2
Setting up quadratic distribution...

        iscf     Eharris(eV)        E_KS(eV)     FreeEng(eV)     dDmax    Ef(eV) dHmax(eV)
   scf:    1   -18304.075884   -18304.447075   -18304.454194  0.505463 -6.021757  0.868838
     spin moment: {S} , |S| = {        0.0        0.0    3.91495 }     3.91495
   scf:    2   -18297.067926   -18302.058720   -18302.067969  0.565683 -5.829142 10.215213
     spin moment: {S} , |S| = {        0.0        0.0    3.86007 }     3.86007
   scf:    3   -18304.634563   -18304.465492   -18304.472706  0.523707 -6.006069  0.076216
     spin moment: {S} , |S| = {        0.0        0.0    3.92123 }     3.92123
   scf:    4   -18304.465718   -18304.465715   -18304.472948  0.007038 -6.004531  0.045263
     spin moment: {S} , |S| = {        0.0        0.0    3.92244 }     3.92244
   scf:    5   -18304.465692   -18304.465782   -18304.473010  0.008901 -6.007866  0.059416
     spin moment: {S} , |S| = {        0.0        0.0    3.92351 }     3.92351
   scf:    6   -18304.465867   -18304.465836   -18304.473071  0.001887 -6.007337  0.028057
     spin moment: {S} , |S| = {        0.0        0.0    3.92400 }     3.92400
   scf:    7   -18304.465782   -18304.465830   -18304.473075  0.002504 -6.006271  0.025591
     spin moment: {S} , |S| = {        0.0        0.0    3.92471 }     3.92471
   scf:    8   -18304.465865   -18304.465852   -18304.473093  0.002101 -6.006486  0.005587
     spin moment: {S} , |S| = {        0.0        0.0    3.92532 }     3.92532
   scf:    9   -18304.465856   -18304.465854   -18304.473095  0.000578 -6.006458  0.003561
     spin moment: {S} , |S| = {        0.0        0.0    3.92566 }     3.92566
   scf:   10   -18304.465860   -18304.465857   -18304.473099  0.001337 -6.006426  0.005513
     spin moment: {S} , |S| = {        0.0        0.0    3.92646 }     3.92646
   scf:   11   -18304.465859   -18304.465858   -18304.473101  0.001556 -6.006203  0.001157
     spin moment: {S} , |S| = {        0.0        0.0    3.92741 }     3.92741
   scf:   12   -18304.465858   -18304.465858   -18304.473102  0.000392 -6.006167  0.000911
     spin moment: {S} , |S| = {        0.0        0.0    3.92766 }     3.92766

SCF Convergence by DM criterion
max |DM_out - DM_in|         :     0.0003916784
max |H_out - H_in|      (eV) :     0.0009106049
SCF cycle converged after 12 iterations

Using DM_out to compute the final energy and forces
No. of atoms with KB's overlaping orbs in proc 0. Max # of overlaps:      61    1101

siesta: E_KS(eV) =           -18304.4659

siesta: Atomic forces (eV/Ang):
     1   -0.000000   -0.000243   -0.000000
     2    0.000001    0.060173   -0.000000
     3    0.000001   -0.059625   -0.000000
     4    0.000001    0.037425    0.000003
     5   -0.000001   -0.037285   -0.000001
     6    0.000000   -0.000523    0.000000
----------------------------------------
   Tot    0.000001   -0.000077    0.000002
----------------------------------------
   Max    0.060173
   Res    0.023531    sqrt( Sum f_i^2 / 3N )
----------------------------------------
   Max    0.060173    constrained

Stress tensor Voigt[x,y,z,yz,xz,xy] (kbar):       -0.25        0.73        1.03       -0.00       -0.00        0.00
(Free)E + p*V (eV/cell)   -18304.4984
Target enthalpy (eV/cell)   -18304.4731

siesta: Stress tensor (static) (eV/Ang**3):
        -0.000156    0.000000   -0.000000
         0.000000    0.000454   -0.000000
        -0.000000   -0.000000    0.000643

siesta: Pressure (static):         -0.50201644  kBar

siesta: Stress tensor (total) (eV/Ang**3):
        -0.000156    0.000000   -0.000000
         0.000000    0.000454   -0.000000
        -0.000000   -0.000000    0.000643

siesta: Pressure (total):         -0.50201644  kBar

cgvc: Finished line minimization    4.  Mean atomic displacement =    0.0970

                     ====================================
                        Begin CG opt. move =     17
                     ====================================
k-point displ. along   1 input, could be:     0.00    0.50
k-point displ. along   2 input, could be:     0.00    0.50
k-point displ. along   3 input, could be:     0.00    0.50
 Kpoints in:           32 . Kpoints trimmed:           31

siesta: k-grid: Number of k-points = 31
siesta: k-points from Monkhorst-Pack grid
siesta: k-cutoff (effective) =     6.754 Ang
siesta: k-point supercell and displacements
siesta: k-grid:     6     0     0      0.000
siesta: k-grid:     0     2     0      0.000
siesta: k-grid:     0     0     4      0.000

superc: Internal auxiliary supercell:    11 x     5 x     9  =     495
superc: Number of atoms, orbitals, and projectors:   2970  69795  53460

outcell: Unit cell vectors (Ang):
        2.929641   -0.000000    0.000000
       -0.000000    8.240145   -0.000000
        0.000000   -0.000000    3.376792

outcell: Cell vector modules (Ang)   :    2.929641    8.240145    3.376792
outcell: Cell angles (23,13,12) (deg):     90.0000     90.0000     90.0000
outcell: Cell volume (Ang**3)        :     81.5180
<dSpData1D:S at geom step 17
  <sparsity:sparsity for geom step 17
    nrows_g=141 nrows=6 sparsity=.8496 nnzs=16890, refcount: 7>
  <dData1D:(new from dSpData1D) n=16890, refcount: 1>
refcount: 1>
new_DM -- step:    18
Re-using DM from previous geometries...
Number of DMs in history: 1
 DM extrapolation coefficients: 
1   1.00000
New DM after history re-use:
<dSpData2D:SpM extrapolated using coords
  <sparsity:sparsity for geom step 17
    nrows_g=141 nrows=6 sparsity=.8496 nnzs=16890, refcount: 9>
  <dData2D:(temp array for extrapolation) n=16890 m=2, refcount: 1>
refcount: 1>
No. of atoms with KB's overlaping orbs in proc 0. Max # of overlaps:      60    1095

InitMesh: MESH = 32 x 90 x 36 = 103680
InitMesh: Mesh cutoff (required, used) =   300.000   314.122 Ry
New grid distribution [1]: sub = 2
New grid distribution [2]: sub = 2
New grid distribution [3]: sub = 2
Setting up quadratic distribution...

        iscf     Eharris(eV)        E_KS(eV)     FreeEng(eV)     dDmax    Ef(eV) dHmax(eV)
   scf:    1   -18305.474223   -18304.373184   -18304.379075  0.936013 -6.050427  1.122331
     spin moment: {S} , |S| = {        0.0        0.0    3.88436 }     3.88436
   scf:    2   -18286.436825   -18298.591391   -18298.598168  0.537151 -6.285264 15.318185
     spin moment: {S} , |S| = {        0.0        0.0    3.64007 }     3.64007
   scf:    3   -18304.842897   -18304.432216   -18304.437518  0.495329 -6.062948  0.303161
     spin moment: {S} , |S| = {        0.0        0.0    3.86806 }     3.86806
   scf:    4   -18304.439416   -18304.436317   -18304.441576  0.022575 -6.057723  0.180794
     spin moment: {S} , |S| = {        0.0        0.0    3.86666 }     3.86666
   scf:    5   -18304.440633   -18304.439158   -18304.444384  0.032231 -6.047963  0.091273
     spin moment: {S} , |S| = {        0.0        0.0    3.86456 }     3.86456
   scf:    6   -18304.439560   -18304.439400   -18304.444613  0.008082 -6.045917  0.037163
     spin moment: {S} , |S| = {        0.0        0.0    3.86360 }     3.86360
   scf:    7   -18304.439388   -18304.439551   -18304.444656  0.014187 -6.047024  0.077986
     spin moment: {S} , |S| = {        0.0        0.0    3.85935 }     3.85935
   scf:    8   -18304.439743   -18304.439787   -18304.444841  0.006176 -6.047547  0.033760
     spin moment: {S} , |S| = {        0.0        0.0    3.85788 }     3.85788
   scf:    9   -18304.439802   -18304.439797   -18304.444825  0.001801 -6.047692  0.042230
     spin moment: {S} , |S| = {        0.0        0.0    3.85705 }     3.85705
   scf:   10   -18304.439960   -18304.439899   -18304.444877  0.003510 -6.048115  0.004786
     spin moment: {S} , |S| = {        0.0        0.0    3.85542 }     3.85542
   scf:   11   -18304.439938   -18304.439918   -18304.444879  0.000992 -6.048307  0.003811
     spin moment: {S} , |S| = {        0.0        0.0    3.85493 }     3.85493
   scf:   12   -18304.439962   -18304.439940   -18304.444881  0.000947 -6.048556  0.002755
     spin moment: {S} , |S| = {        0.0        0.0    3.85442 }     3.85442
   scf:   13   -18304.439962   -18304.439951   -18304.444881  0.000465 -6.048685  0.002344
     spin moment: {S} , |S| = {        0.0        0.0    3.85416 }     3.85416

SCF Convergence by DM criterion
max |DM_out - DM_in|         :     0.0004645255
max |H_out - H_in|      (eV) :     0.0023437040
SCF cycle converged after 13 iterations

Using DM_out to compute the final energy and forces
No. of atoms with KB's overlaping orbs in proc 0. Max # of overlaps:      60    1095

siesta: E_KS(eV) =           -18304.4400

siesta: Atomic forces (eV/Ang):
     1    0.000002    0.002617   -0.000001
     2   -0.000001   -0.512340    0.000009
     3   -0.000003    0.499670   -0.000003
     4   -0.000001   -0.015617   -0.000010
     5    0.000005    0.013195    0.000005
     6   -0.000001    0.014801    0.000001
----------------------------------------
   Tot    0.000000    0.002326    0.000001
----------------------------------------
   Max    0.512340
   Res    0.168787    sqrt( Sum f_i^2 / 3N )
----------------------------------------
   Max    0.512340    constrained

Stress tensor Voigt[x,y,z,yz,xz,xy] (kbar):        8.98      -12.16        3.58       -0.00        0.00       -0.00
(Free)E + p*V (eV/cell)   -18304.4518
Target enthalpy (eV/cell)   -18304.4449

siesta: Stress tensor (static) (eV/Ang**3):
         0.005605   -0.000000    0.000000
        -0.000000   -0.007588   -0.000000
         0.000000   -0.000000    0.002236

siesta: Pressure (static):         -0.13528660  kBar

siesta: Stress tensor (total) (eV/Ang**3):
         0.005605   -0.000000    0.000000
        -0.000000   -0.007588   -0.000000
         0.000000   -0.000000    0.002236

siesta: Pressure (total):         -0.13528660  kBar

                     ====================================
                        Begin CG opt. move =     18
                     ====================================
k-point displ. along   1 input, could be:     0.00    0.50
k-point displ. along   2 input, could be:     0.00    0.50
k-point displ. along   3 input, could be:     0.00    0.50
 Kpoints in:           32 . Kpoints trimmed:           31

siesta: k-grid: Number of k-points = 31
siesta: k-points from Monkhorst-Pack grid
siesta: k-cutoff (effective) =     6.805 Ang
siesta: k-point supercell and displacements
siesta: k-grid:     6     0     0      0.000
siesta: k-grid:     0     2     0      0.000
siesta: k-grid:     0     0     4      0.000

superc: Internal auxiliary supercell:    11 x     5 x     9  =     495
superc: Number of atoms, orbitals, and projectors:   2970  69795  53460

outcell: Unit cell vectors (Ang):
        2.905017    0.000000   -0.000000
        0.000000    8.180934   -0.000000
       -0.000000   -0.000000    3.402733

outcell: Cell vector modules (Ang)   :    2.905017    8.180934    3.402733
outcell: Cell angles (23,13,12) (deg):     90.0000     90.0000     90.0000
outcell: Cell volume (Ang**3)        :     80.8685
<dSpData1D:S at geom step 18
  <sparsity:sparsity for geom step 18
    nrows_g=141 nrows=6 sparsity=.8546 nnzs=16990, refcount: 7>
  <dData1D:(new from dSpData1D) n=16990, refcount: 1>
refcount: 1>
new_DM -- step:    19
Re-using DM from previous geometries...
Number of DMs in history: 1
 DM extrapolation coefficients: 
1   1.00000
New DM after history re-use:
<dSpData2D:SpM extrapolated using coords
  <sparsity:sparsity for geom step 18
    nrows_g=141 nrows=6 sparsity=.8546 nnzs=16990, refcount: 9>
  <dData2D:(temp array for extrapolation) n=16990 m=2, refcount: 1>
refcount: 1>
No. of atoms with KB's overlaping orbs in proc 0. Max # of overlaps:      61    1101

InitMesh: MESH = 32 x 90 x 36 = 103680
InitMesh: Mesh cutoff (required, used) =   300.000   309.351 Ry
New grid distribution [1]: sub = 2
New grid distribution [2]: sub = 2
New grid distribution [3]: sub = 2
Setting up quadratic distribution...

        iscf     Eharris(eV)        E_KS(eV)     FreeEng(eV)     dDmax    Ef(eV) dHmax(eV)
   scf:    1   -18302.986504   -18304.126796   -18304.132547  0.808386 -6.110377  2.717090
     spin moment: {S} , |S| = {        0.0        0.0    3.85921 }     3.85921
   scf:    2   -18094.795108   -18235.890530   -18235.901724  3.758906 -5.056436 46.446138
     spin moment: {S} , |S| = {        0.0        0.0    3.27612 }     3.27612
   scf:    3   -18306.262791   -18304.428803   -18304.435323  3.650267 -6.038443  0.961016
     spin moment: {S} , |S| = {        0.0        0.0    3.88116 }     3.88116
   scf:    4   -18304.478419   -18304.460182   -18304.466867  0.039178 -6.018916  0.346709
     spin moment: {S} , |S| = {        0.0        0.0    3.88808 }     3.88808
   scf:    5   -18304.458351   -18304.464640   -18304.471522  0.035573 -6.006184  0.290903
     spin moment: {S} , |S| = {        0.0        0.0    3.89543 }     3.89543
   scf:    6   -18304.460075   -18304.462670   -18304.469620  0.011850 -6.005127  0.396638
     spin moment: {S} , |S| = {        0.0        0.0    3.89824 }     3.89824
   scf:    7   -18304.454755   -18304.464312   -18304.471102  0.040019 -6.023215  0.315937
     spin moment: {S} , |S| = {        0.0        0.0    3.89440 }     3.89440
   scf:    8   -18304.466297   -18304.465377   -18304.472206  0.003154 -6.020799  0.234392
     spin moment: {S} , |S| = {        0.0        0.0    3.89612 }     3.89612
   scf:    9   -18304.467078   -18304.466429   -18304.473333  0.006779 -6.016375  0.102627
     spin moment: {S} , |S| = {        0.0        0.0    3.89957 }     3.89957
   scf:   10   -18304.466587   -18304.466514   -18304.473444  0.001977 -6.015540  0.077574
     spin moment: {S} , |S| = {        0.0        0.0    3.90079 }     3.90079
   scf:   11   -18304.466532   -18304.466587   -18304.473602  0.006660 -6.012677  0.004135
     spin moment: {S} , |S| = {        0.0        0.0    3.90510 }     3.90510
   scf:   12   -18304.466545   -18304.466566   -18304.473605  0.001889 -6.012399  0.002479
     spin moment: {S} , |S| = {        0.0        0.0    3.90647 }     3.90647
   scf:   13   -18304.466551   -18304.466559   -18304.473606  0.000600 -6.012270  0.001852
     spin moment: {S} , |S| = {        0.0        0.0    3.90694 }     3.90694
   scf:   14   -18304.466537   -18304.466548   -18304.473606  0.000871 -6.012084  0.001121
     spin moment: {S} , |S| = {        0.0        0.0    3.90761 }     3.90761
   scf:   15   -18304.466535   -18304.466541   -18304.473607  0.000546 -6.011972  0.000747
     spin moment: {S} , |S| = {        0.0        0.0    3.90802 }     3.90802
   scf:   16   -18304.466538   -18304.466540   -18304.473607  0.000174 -6.011944  0.000640
     spin moment: {S} , |S| = {        0.0        0.0    3.90813 }     3.90813

SCF Convergence by DM criterion
max |DM_out - DM_in|         :     0.0001744244
max |H_out - H_in|      (eV) :     0.0006401575
SCF cycle converged after 16 iterations

Using DM_out to compute the final energy and forces
No. of atoms with KB's overlaping orbs in proc 0. Max # of overlaps:      61    1101

siesta: E_KS(eV) =           -18304.4665

siesta: Atomic forces (eV/Ang):
     1    0.000000    0.000199    0.000000
     2    0.000000   -0.027799    0.000000
     3    0.000000    0.026582   -0.000001
     4   -0.000001    0.021251    0.000001
     5    0.000000   -0.021477    0.000002
     6   -0.000000    0.001455   -0.000000
----------------------------------------
   Tot   -0.000000    0.000211    0.000002
----------------------------------------
   Max    0.027799
   Res    0.011534    sqrt( Sum f_i^2 / 3N )
----------------------------------------
   Max    0.027799    constrained

Stress tensor Voigt[x,y,z,yz,xz,xy] (kbar):        1.54        0.41        2.01       -0.00       -0.00       -0.00
(Free)E + p*V (eV/cell)   -18304.5403
Target enthalpy (eV/cell)   -18304.4736

siesta: Stress tensor (static) (eV/Ang**3):
         0.000963   -0.000000   -0.000000
        -0.000000    0.000255   -0.000000
        -0.000000   -0.000000    0.001257

siesta: Pressure (static):         -1.32173649  kBar

siesta: Stress tensor (total) (eV/Ang**3):
         0.000963   -0.000000   -0.000000
        -0.000000    0.000255   -0.000000
        -0.000000   -0.000000    0.001257

siesta: Pressure (total):         -1.32173649  kBar

outcoor: Relaxed atomic coordinates (fractional):           
    0.00000000   -0.00000135   -0.00000002   1       1  Ga
    0.50000006    0.19746921    0.49999997   1       2  Ga
    0.49999999    0.80253678    0.50000001   1       3  Ga
    0.00000009    0.33718023    0.00000001   2       4  Ni
    0.00000000    0.66282077   -0.00000007   2       5  Ni
    0.50000004    0.49999289    0.49999999   3       6  Mn

outcell: Unit cell vectors (Ang):
        2.905017    0.000000   -0.000000
        0.000000    8.180934   -0.000000
       -0.000000   -0.000000    3.402733

outcell: Cell vector modules (Ang)   :    2.905017    8.180934    3.402733
outcell: Cell angles (23,13,12) (deg):     90.0000     90.0000     90.0000
outcell: Cell volume (Ang**3)        :     80.8685

coxmol: Writing XMOL coordinates into file hea.xyz                                                                                                                                                                                                                             
Writing WFSX for COOP/COHP in hea.fullBZ.WFSX

diag: Algorithm                                     = D&C
diag: Parallel over k                               =   F
diag: Use parallel 2D distribution                  =   T
diag: Parallel block-size                           = 3
diag: Parallel distribution                         =     6 x     6
diag: Used triangular part                          = Lower
diag: Absolute tolerance                            =  0.100E-15
diag: Orthogonalization factor                      =  0.100E-05
diag: Memory factor                                 =  1.0000

diag: Algorithm                                     = D&C
diag: Parallel over k                               =   F
diag: Use parallel 2D distribution                  =   T
diag: Parallel block-size                           = 3
diag: Parallel distribution                         =     6 x     6
diag: Used triangular part                          = Lower
diag: Absolute tolerance                            =  0.100E-15
diag: Orthogonalization factor                      =  0.100E-05
diag: Memory factor                                 =  1.0000

siesta: PDOS info
siesta: E1 -- E2, sigma [eV], nhist:  -20.000 --   20.000    0.100 1000

diag: Algorithm                                     = D&C
diag: Parallel over k                               =   F
diag: Use parallel 2D distribution                  =   T
diag: Parallel block-size                           = 3
diag: Parallel distribution                         =     6 x     6
diag: Used triangular part                          = Lower
diag: Absolute tolerance                            =  0.100E-15
diag: Orthogonalization factor                      =  0.100E-05
diag: Memory factor                                 =  1.0000

siesta: Program's energy decomposition (eV):
siesta: Ebs     =     -2734.567287
siesta: Eions   =     22345.646482
siesta: Ena     =      1372.341212
siesta: Ekin    =     10717.899738
siesta: Enl     =     -4742.485938
siesta: Eso     =         0.000000
siesta: Edftu   =         0.000000
siesta: DEna    =        34.528055
siesta: DUscf   =         0.568416
siesta: DUext   =         0.000000
siesta: Ex      =     -3149.970283
siesta: Ec      =      -191.701257
siesta: Exc     =     -3341.671540
siesta: EbV     =         0.000000
siesta: eta*DQ  =         0.000000
siesta: Emadel  =         0.000000
siesta: Emeta   =         0.000000
siesta: Emolmec =         0.000000
siesta: Ekinion =         0.000000
siesta: Eharris =    -18304.466538
siesta: Etot    =    -18304.466540
siesta: FreeEng =    -18304.473607

siesta: Final energy (eV):
siesta:  Band Struct. =   -2734.567287
siesta:       Kinetic =   10717.899738
siesta:       Hartree =    5471.973664
siesta:         Edftu =       0.000000
siesta:       Eso     =       0.000000
siesta:    Ext. field =       0.000000
siesta:         Exch. =   -3149.970283
siesta:         Corr. =    -191.701257
siesta:     Bulk bias =       0.000000
siesta:   Exch.-corr. =   -3341.671540
siesta:  Ion-electron =  -21656.986189
siesta:       Ion-ion =   -9495.682213
siesta:       Ekinion =       0.000000
siesta: D3 dispersion =       0.000000
siesta:         Total =  -18304.466540
siesta:         Fermi =      -6.011944

siesta: Stress tensor (static) (eV/Ang**3):
siesta:     0.000963   -0.000000   -0.000000
siesta:    -0.000000    0.000255   -0.000000
siesta:    -0.000000   -0.000000    0.001257

siesta: Constrained stress tensor (static) (eV/Ang**3):
siesta:     0.000963   -0.000000   -0.000000
siesta:    -0.000000    0.000255   -0.000000
siesta:    -0.000000   -0.000000    0.001257

siesta: Cell volume =         80.868500 Ang**3

siesta: Pressure (static):
siesta:                Solid            Molecule  Units
siesta:          -0.00000898         -0.00001244  Ry/Bohr**3
siesta:          -0.00082496         -0.00114238  eV/Ang**3
siesta:          -1.32173649         -1.83029362  kBar
(Free)E+ p_basis*V_orbitals  =      -18273.914673
(Free)Eharris+ p_basis*V_orbitals  =      -18273.914671

mulliken: Atomic and Orbital Populations:

mulliken: Spin UP 

Species: Ga                  
Atom  Qatom  Qorb
               4s      4s      4s      4py     4pz     4px     4py     4pz     
               4px     4py     4pz     4px     3dxy    3dyz    3dz2    3dxz    
               3dx2-y2 4dxy    4dyz    4dz2    4dxz    4dx2-y2 
   1  6.538   1.014  -0.396   0.299   0.170  -0.624   0.357   0.232   0.474
              0.283  -0.302   0.094  -0.374   0.998   0.998   0.997   0.998

              0.998   0.091   0.039   0.064   0.080   0.047
   2  6.580   1.140  -0.254   0.031  -0.197  -0.113   0.237   0.255   0.272
              0.193   0.048  -0.073  -0.277   0.999   0.998   0.998   0.998

              0.998   0.076   0.095   0.043   0.097   0.016
   3  6.580   1.139  -0.254   0.031  -0.197  -0.113   0.237   0.255   0.272
              0.193   0.048  -0.073  -0.277   0.999   0.998   0.998   0.998

              0.998   0.076   0.095   0.043   0.097   0.016

Species: Ni                  
Atom  Qatom  Qorb
               3s      4s      4s      4s      3py     3pz     3px     4py     
               4pz     4px     3dxy    3dyz    3dz2    3dxz    3dx2-y2 3dxy    
               3dyz    3dz2    3dxz    3dx2-y2 3dxy    3dyz    3dz2    3dxz    
               3dx2-y2 
   4  8.948   0.980  -0.733   0.050   0.551   0.999   0.999   0.999   0.188
              0.172   0.207   1.176   1.197   1.224   1.221   1.190  -0.075

             -0.074  -0.072  -0.076  -0.064  -0.187  -0.230  -0.217  -0.255

             -0.222
   5  8.948   0.980  -0.733   0.050   0.551   0.999   0.999   0.999   0.188
              0.172   0.207   1.176   1.197   1.224   1.221   1.190  -0.075

             -0.074  -0.072  -0.076  -0.064  -0.187  -0.230  -0.217  -0.255

             -0.222

Species: Mn                  
Atom  Qatom  Qorb
               3s      4s      4s      4s      3py     3pz     3px     4py     
               4pz     4px     3dxy    3dyz    3dz2    3dxz    3dx2-y2 3dxy    
               3dyz    3dz2    3dxz    3dx2-y2 3dxy    3dyz    3dz2    3dxz    
               3dx2-y2 
   6  9.361   0.994  -0.076   0.144   0.076   0.998   0.996   0.998   0.237
              0.189   0.194   1.305   1.323   1.184   1.192   1.287  -0.058

             -0.070  -0.039  -0.046  -0.086  -0.312  -0.346  -0.203  -0.235

             -0.286

mulliken: Qtot =       46.954

mulliken: Spin DOWN 

Species: Ga                  
Atom  Qatom  Qorb
               4s      4s      4s      4py     4pz     4px     4py     4pz     
               4px     4py     4pz     4px     3dxy    3dyz    3dz2    3dxz    
               3dx2-y2 4dxy    4dyz    4dz2    4dxz    4dx2-y2 
   1  6.661   1.027  -0.403   0.297   0.236  -0.624   0.345   0.231   0.465
              0.281  -0.262   0.108  -0.354   0.998   0.998   0.997   0.998

              0.998   0.092   0.027   0.070   0.080   0.058
   2  6.716   1.143  -0.256   0.039  -0.168  -0.073   0.192   0.250   0.259
              0.203   0.071  -0.058  -0.221   0.999   0.998   0.998   0.998

              0.998   0.089   0.114   0.036   0.098   0.009
   3  6.716   1.142  -0.256   0.039  -0.168  -0.073   0.192   0.250   0.259
              0.202   0.071  -0.058  -0.221   0.999   0.998   0.998   0.998

              0.998   0.089   0.114   0.036   0.098   0.009

Species: Ni                  
Atom  Qatom  Qorb
               3s      4s      4s      4s      3py     3pz     3px     4py     
               4pz     4px     3dxy    3dyz    3dz2    3dxz    3dx2-y2 3dxy    
               3dyz    3dz2    3dxz    3dx2-y2 3dxy    3dyz    3dz2    3dxz    
               3dx2-y2 
   4  8.685   0.979  -0.982   0.091   0.683   0.999   0.999   0.999   0.224
              0.186   0.223   1.166   1.174   1.161   1.143   1.121  -0.089

             -0.089  -0.086  -0.087  -0.075  -0.182  -0.220  -0.206  -0.236

             -0.212
   5  8.685   0.979  -0.982   0.091   0.683   0.999   0.999   0.999   0.224
              0.186   0.223   1.166   1.174   1.161   1.143   1.121  -0.089

             -0.089  -0.086  -0.087  -0.075  -0.182  -0.220  -0.206  -0.236

             -0.212

Species: Mn                  
Atom  Qatom  Qorb
               3s      4s      4s      4s      3py     3pz     3px     4py     
               4pz     4px     3dxy    3dyz    3dz2    3dxz    3dx2-y2 3dxy    
               3dyz    3dz2    3dxz    3dx2-y2 3dxy    3dyz    3dz2    3dxz    
               3dx2-y2 
   6  5.583   0.957   0.018   0.178  -0.036   0.995   0.995   0.996   0.167
              0.130   0.135   0.308   0.481   0.128   0.374   0.265  -0.025

             -0.043  -0.028  -0.038  -0.045  -0.078  -0.154   0.010  -0.076

             -0.031

mulliken: Qtot =       43.046

Mulliken Atomic Populations:
Atom #   charge [q] valence [e]      Sz [e]  Species
     1    -0.199062   13.199062   -0.123814  Ga
     2    -0.295992   13.295992   -0.136397  Ga
     3    -0.295921   13.295921   -0.136402  Ga
     4     0.366991   17.633009    0.263399  Ni
     5     0.367008   17.632992    0.263337  Ni
     6     0.056977   14.943023    3.778007  Mn
-------------------------------------------
 Total    -0.000000                3.908131

cite: Please indicate the Siesta version in published work: 5.2.2
cite: This calculation has made use of features in the following articles
cite: which we encourage you to cite in published work.
cite: (Please see "hea.bib" for a BibTeX file.)
        Primary SIESTA paper
          DOI: www.doi.org/10.1088/0953-8984/14/11/302
        PSML pseudopotential format
          DOI: www.doi.org/10.1016/j.cpc.2018.02.011


>> End of run:  19-JUN-2025  18:56:09
Job completed
